id,placeholder1,Lat,Lon,placeholder2
9014,.,0.0003420000139158,29.7339096069336,.
9015,.,-0.105038002133369,30.2642192840576,.
9016,.,1.27609801292419,34.3719062805176,.
9017,.,0.961449027061462,33.5919456481934,.
9018,.,1.31359696388245,33.7401695251465,.
9019,.,-1.40499496459961,29.949390411377,.
9020,.,-0.52835601568222,29.9541797637939,.
9021,.,-0.52835601568222,29.9541797637939,.
9022,.,-0.344247996807098,31.5716667175293,.
9023,.,1.02946805953979,34.2461814880371,.
9024,.,1.02946805953979,34.2461814880371,.
9025,.,0.0716100037097931,32.0928726196289,.
9026,.,0.389081001281738,30.4866619110107,.
9027,.,2.45030403137207,32.4588470458984,.
9028,.,0.551626026630402,33.618896484375,.
9029,.,0.551626026630402,33.618896484375,.
9030,.,1.209233045578,33.047924041748,.
9031,.,1.02946805953979,34.2461814880371,.
9032,.,1.0357780456543,33.3878631591797,.
9033,.,-1.40499496459961,29.949390411377,.
9034,.,1.01852297782898,34.0729484558105,.
9035,.,-0.291444003582001,31.7913436889648,.
9036,.,-0.19768300652504,31.8102912902832,.
9037,.,-0.260062992572784,30.129674911499,.
9038,.,-0.867663025856018,30.3541145324707,.
9039,.,0.0009769999887794,31.7997989654541,.
9040,.,0.811501026153564,32.5159187316895,.
9041,.,0.72658097743988,32.9185066223145,.
9042,.,0.648965001106262,33.1930656433105,.
9043,.,-0.227395996451378,30.4021663665771,.
9044,.,2.3598198890686,30.9178142547607,.
9045,.,2.15202903747559,32.5299224853516,.
9046,.,0.142605006694794,30.495325088501,.
9047,.,1.15165495872498,34.261589050293,.
9048,.,-1.40499496459961,29.949390411377,.
9049,.,0.0716100037097931,32.0928726196289,.
9050,.,-0.779664993286133,29.6530265808105,.
9051,.,1.01656496524811,33.3279762268066,.
9052,.,0.62576299905777,33.2887725830078,.
9053,.,0.303220987319946,32.6197471618652,.
9054,.,1.12054705619812,34.0546684265137,.
9055,.,1.01852297782898,34.0729484558105,.
9056,.,2.31616306304932,32.9403533935547,.
9057,.,0.0003420000139158,29.7339096069336,.
9058,.,0.0003420000139158,29.7339096069336,.
9059,.,1.69431698322296,31.7118549346924,.
9060,.,0.389081001281738,30.4866619110107,.
9061,.,0.419649988412857,31.0364627838135,.
9062,.,2.3648579120636,32.6032752990723,.
9063,.,0.0003420000139158,29.7339096069336,.
9064,.,-0.471199989318848,31.3637866973877,.
9065,.,-1.16621899604797,29.7942943572998,.
9066,.,0.684823989868164,32.8292083740234,.
9067,.,2.35501003265381,30.9007453918457,.
9068,.,2.51362705230713,30.8818950653076,.
9069,.,2.52995300292969,30.7862167358398,.
9070,.,0.640798985958099,30.3012828826904,.
9071,.,0.578552007675171,30.1612014770508,.
9072,.,0.0003420000139158,29.7339096069336,.
9073,.,0.572827994823456,33.4740257263184,.
9074,.,0.551319003105164,33.125862121582,.
9075,.,1.209233045578,33.047924041748,.
9076,.,0.900533974170685,33.1015129089355,.
9077,.,1.21842396259308,34.2704315185547,.
9078,.,1.27609801292419,34.3719062805176,.
9079,.,0.869543015956879,34.3812675476074,.
9080,.,0.961449027061462,33.5919456481934,.
9081,.,1.99999403953552,33.2409324645996,.
9082,.,-1.40499496459961,29.949390411377,.
9083,.,0.447066992521286,30.1652870178223,.
9084,.,-0.98233699798584,30.45973777771,.
9085,.,0.142605006694794,30.495325088501,.
9086,.,0.142605006694794,30.495325088501,.
9087,.,0.857629001140594,34.3664779663086,.
9088,.,0.662384986877441,32.7091407775879,.
9089,.,0.662384986877441,32.7091407775879,.
9090,.,-0.471199989318848,31.3637866973877,.
9091,.,0.446487993001938,31.8257064819336,.
9092,.,0.684432983398438,32.3014259338379,.
9093,.,1.44564294815063,31.3347625732422,.
9094,.,-0.964900970458984,29.9596881866455,.
9095,.,-0.92560201883316,30.7941589355469,.
9096,.,0.71111798286438,34.1736373901367,.
9097,.,2.31616306304932,32.9403533935547,.
9098,.,2.51300311088562,30.8655757904053,.
9099,.,3.24445199966431,31.1587142944336,.
9100,.,3.24445199966431,31.1587142944336,.
9101,.,-0.867663025856018,30.3541145324707,.
9102,.,0.0148299997672439,30.5203266143799,.
9103,.,-0.92560201883316,30.7941589355469,.
9104,.,0.640798985958099,30.3012828826904,.
9105,.,3.20126795768738,30.9642486572266,.
9106,.,0.389081001281738,30.4866619110107,.
9107,.,0.389081001281738,30.4866619110107,.
9108,.,0.145366996526718,31.2310581207275,.
9109,.,2.58457088470459,30.9352512359619,.
9110,.,2.51362705230713,30.8818950653076,.
9111,.,3.28149700164795,31.5641326904297,.
9112,.,3.43934202194214,31.2182464599609,.
9113,.,-0.867663025856018,30.3541145324707,.
9114,.,0.369691014289856,33.1874313354492,.
9115,.,2.52995300292969,30.7862167358398,.
9116,.,3.34775996208191,31.1935329437256,.
9117,.,-1.15059995651245,29.6728382110596,.
9118,.,-0.576781988143921,31.6916370391846,.
9119,.,0.0716100037097931,32.0928726196289,.
9120,.,0.900533974170685,33.1015129089355,.
9121,.,1.054034948349,34.3706207275391,.
9122,.,0.825317025184631,34.2723846435547,.
9123,.,0.31351900100708,33.8706398010254,.
9124,.,0.112060002982616,31.7603454589844,.
9125,.,-0.89675098657608,29.7783241271973,.
9126,.,-1.15059995651245,29.6728382110596,.
9127,.,2.51362705230713,30.8818950653076,.
9128,.,0.447066992521286,30.1652870178223,.
9129,.,0.0804490000009537,29.8522396087646,.
9130,.,0.389081001281738,30.4866619110107,.
9131,.,0.31351900100708,33.8706398010254,.
9132,.,0.674983024597168,33.5198974609375,.
9133,.,0.551319003105164,33.125862121582,.
9134,.,0.551319003105164,33.125862121582,.
9135,.,1.02946805953979,34.2461814880371,.
9136,.,0.657477021217346,34.1587715148926,.
9137,.,1.12054705619812,34.0546684265137,.
9138,.,0.825317025184631,34.2723846435547,.
9139,.,0.961449027061462,33.5919456481934,.
9140,.,2.15202903747559,32.5299224853516,.
9141,.,0.389081001281738,30.4866619110107,.
9142,.,0.401924014091492,32.1020774841309,.
9143,.,-0.0795710012316704,31.6357078552246,.
9144,.,1.44195699691772,31.155403137207,.
9145,.,0.333187997341156,32.5706558227539,.
9146,.,1.14941596984863,33.9205665588379,.
9147,.,1.31359696388245,33.7401695251465,.
9148,.,1.3747730255127,34.3019981384277,.
9149,.,1.19971597194672,34.1584243774414,.
9150,.,3.28149700164795,31.5641326904297,.
9151,.,3.52506995201111,31.7135047912598,.
9152,.,2.3598198890686,30.9178142547607,.
9153,.,3.34775996208191,31.1935329437256,.
9154,.,3.34775996208191,31.1935329437256,.
9155,.,0.0584140010178089,29.9493350982666,.
9156,.,0.0584140010178089,29.9493350982666,.
9157,.,0.914466977119446,31.0712184906006,.
9158,.,-0.640430986881256,29.8059825897217,.
9159,.,0.389081001281738,30.4866619110107,.
9160,.,-0.89675098657608,29.7783241271973,.
9161,.,0.822012007236481,30.7921314239502,.
9162,.,2.52995300292969,30.7862167358398,.
9163,.,0.578552007675171,30.1612014770508,.
9164,.,0.142605006694794,30.495325088501,.
9165,.,0.823249995708466,34.2177963256836,.
9166,.,0.823249995708466,34.2177963256836,.
9167,.,1.3747730255127,34.3019981384277,.
9168,.,-0.964900970458984,29.9596881866455,.
9169,.,0.0584140010178089,29.9493350982666,.
9170,.,0.447066992521286,30.1652870178223,.
9171,.,1.24573802947998,34.2635726928711,.
9172,.,2.58457088470459,30.9352512359619,.
9173,.,0.785143971443176,30.2475070953369,.
9174,.,-0.964900970458984,29.9596881866455,.
9175,.,-0.779664993286133,29.6530265808105,.
9176,.,3.20126795768738,30.9642486572266,.
9177,.,3.52506995201111,31.7135047912598,.
9178,.,-0.227395996451378,30.4021663665771,.
9179,.,1.24573802947998,34.2635726928711,.
9180,.,-1.40499496459961,29.949390411377,.
9181,.,2.43073296546936,32.7466316223145,.
9182,.,2.42460107803345,32.851692199707,.
9183,.,2.3598198890686,30.9178142547607,.
9184,.,2.51362705230713,30.8818950653076,.
9185,.,3.34775996208191,31.1935329437256,.
9186,.,1.99999403953552,33.2409324645996,.
9187,.,-0.964900970458984,29.9596881866455,.
9188,.,1.47465205192566,31.3388938903809,.
9189,.,3.28149700164795,31.5641326904297,.
9190,.,2.41697692871094,30.9864540100098,.
9191,.,0.38901498913765,34.0578117370605,.
9192,.,0.8838210105896,34.3841171264648,.
9193,.,0.808688998222351,34.3362693786621,.
9194,.,-0.987177014350891,30.1298351287842,.
9195,.,-0.576781988143921,31.6916370391846,.
9196,.,0.38901498913765,34.0578117370605,.
9197,.,0.924404978752136,33.1305084228516,.
9198,.,0.900533974170685,33.1015129089355,.
9199,.,0.71111798286438,34.1736373901367,.
9200,.,1.01852297782898,34.0729484558105,.
9201,.,0.869543015956879,34.3812675476074,.
9202,.,1.83483397960663,32.3841743469238,.
9203,.,0.0148299997672439,30.5203266143799,.
9204,.,2.3648579120636,32.6032752990723,.
9205,.,-0.19768300652504,31.8102912902832,.
9206,.,1.27609801292419,34.3719062805176,.
9207,.,0.684432983398438,32.3014259338379,.
9208,.,-0.522386014461517,31.3553428649902,.
9209,.,-0.522386014461517,31.3553428649902,.
9210,.,0.0009769999887794,31.7997989654541,.
9211,.,-0.19768300652504,31.8102912902832,.
9212,.,0.53796797990799,31.368236541748,.
9213,.,-0.503360986709595,31.6160697937012,.
9214,.,-0.503360986709595,31.6160697937012,.
9215,.,0.145366996526718,31.2310581207275,.
9216,.,-0.151019006967545,31.4375495910645,.
9217,.,0.402622997760773,32.0810546875,.
9218,.,0.684432983398438,32.3014259338379,.
9219,.,0.857629001140594,34.3664779663086,.
9220,.,1.69431698322296,31.7118549346924,.
9221,.,-0.92560201883316,30.7941589355469,.
9222,.,0.900533974170685,33.1015129089355,.
9223,.,3.66808891296387,31.7156162261963,.
9224,.,2.58457088470459,30.9352512359619,.
9225,.,2.49448800086975,31.0923099517822,.
9226,.,3.34775996208191,31.1935329437256,.
9227,.,3.34775996208191,31.1935329437256,.
9228,.,3.43934202194214,31.2182464599609,.
9229,.,0.578552007675171,30.1612014770508,.
9230,.,-0.323038011789322,30.5947933197021,.
9231,.,-0.98233699798584,30.45973777771,.
9232,.,0.389081001281738,30.4866619110107,.
9233,.,-0.89675098657608,29.7783241271973,.
9234,.,-0.227395996451378,30.4021663665771,.
9235,.,-0.92560201883316,30.7941589355469,.
9236,.,1.2560830116272,30.8103256225586,.
9237,.,0.112060002982616,31.7603454589844,.
9238,.,1.21842396259308,34.2704315185547,.
9239,.,0.0716100037097931,32.0928726196289,.
9240,.,0.31351900100708,33.8706398010254,.
9241,.,0.62576299905777,33.2887725830078,.
9242,.,0.711597979068756,33.6848335266113,.
9243,.,1.37214004993439,33.9079666137695,.
9244,.,0.657477021217346,34.1587715148926,.
9245,.,0.513224005699158,33.4177093505859,.
9246,.,1.12054705619812,34.0546684265137,.
9247,.,1.054034948349,34.3706207275391,.
9248,.,1.01852297782898,34.0729484558105,.
9249,.,1.01852297782898,34.0729484558105,.
9250,.,2.42946004867554,32.8906021118164,.
9251,.,2.1117799282074,33.1042327880859,.
9252,.,2.3598198890686,30.9178142547607,.
9253,.,2.51362705230713,30.8818950653076,.
9254,.,3.40311789512634,30.9614372253418,.
9255,.,3.24445199966431,31.1587142944336,.
9256,.,0.447066992521286,30.1652870178223,.
9257,.,1.74665200710297,31.6700687408447,.
9258,.,0.389081001281738,30.4866619110107,.
9259,.,0.419649988412857,31.0364627838135,.
9260,.,1.24573802947998,34.2635726928711,.
9261,.,2.49448800086975,31.0923099517822,.
9262,.,2.51362705230713,30.8818950653076,.
9263,.,1.24573802947998,34.2635726928711,.
9264,.,3.28149700164795,31.5641326904297,.
9265,.,3.34775996208191,31.1935329437256,.
9266,.,3.34775996208191,31.1935329437256,.
9267,.,-0.779664993286133,29.6530265808105,.
9268,.,0.376262992620468,33.1910133361816,.
9269,.,0.31351900100708,33.8706398010254,.
9270,.,0.31351900100708,33.8706398010254,.
9271,.,0.103998996317387,33.7830924987793,.
9272,.,0.551626026630402,33.618896484375,.
9273,.,1.01656496524811,33.3279762268066,.
9274,.,0.62576299905777,33.2887725830078,.
9275,.,1.060103058815,33.0102233886719,.
9276,.,1.3821849822998,34.4044532775879,.
9277,.,0.423703014850616,33.6121711730957,.
9278,.,1.21842396259308,34.2704315185547,.
9279,.,1.27609801292419,34.3719062805176,.
9280,.,1.19971597194672,34.1584243774414,.
9281,.,1.01852297782898,34.0729484558105,.
9282,.,1.08883798122406,33.4021606445313,.
9283,.,0.857629001140594,34.3664779663086,.
9284,.,2.20474600791931,33.1740913391113,.
9285,.,-1.40499496459961,29.949390411377,.
9286,.,0.447066992521286,30.1652870178223,.
9287,.,0.447066992521286,30.1652870178223,.
9288,.,0.0584140010178089,29.9493350982666,.
9289,.,1.02071797847748,31.1242141723633,.
9290,.,0.822012007236481,30.7921314239502,.
9291,.,0.289272993803024,32.6159744262695,.
9292,.,0.411417007446289,33.1413688659668,.
9293,.,1.24573802947998,34.2635726928711,.
9294,.,1.3747730255127,34.3019981384277,.
9295,.,-0.98233699798584,30.45973777771,.
9296,.,-0.248542994260788,31.6678161621094,.
9297,.,0.369691014289856,33.1874313354492,.
9298,.,0.827234983444214,32.8440856933594,.
9299,.,0.775407016277313,33.3474769592285,.
9300,.,0.640630006790161,32.9984588623047,.
9301,.,0.0804490000009537,29.8522396087646,.
9302,.,-1.15059995651245,29.6728382110596,.
9303,.,0.389081001281738,30.4866619110107,.
9304,.,3.52506995201111,31.7135047912598,.
9305,.,2.58457088470459,30.9352512359619,.
9306,.,0.578552007675171,30.1612014770508,.
9307,.,-0.151019006967545,31.4375495910645,.
9308,.,0.274722993373871,31.9426536560059,.
9309,.,0.808688998222351,34.3362693786621,.
9310,.,2.52995300292969,30.7862167358398,.
9311,.,3.40311789512634,30.9614372253418,.
9312,.,2.35250091552734,32.2547607421875,.
9313,.,-1.16621899604797,29.7942943572998,.
9314,.,-1.157261967659,30.0624504089355,.
9315,.,0.0584140010178089,29.9493350982666,.
9316,.,0.71111798286438,34.1736373901367,.
9317,.,1.01852297782898,34.0729484558105,.
9318,.,2.41697692871094,30.9864540100098,.
9319,.,2.51362705230713,30.8818950653076,.
9320,.,0.732909977436066,32.9587593078613,.
9321,.,2.31113600730896,32.9849128723145,.
9322,.,3.66808891296387,31.7156162261963,.
9323,.,2.52995300292969,30.7862167358398,.
9324,.,1.47465205192566,31.3388938903809,.
9325,.,-0.323038011789322,30.5947933197021,.
9326,.,3.09759211540222,30.8847064971924,.
9327,.,-0.640430986881256,29.8059825897217,.
9328,.,2.35250091552734,32.2547607421875,.
9329,.,0.196654006838799,32.2552299499512,.
9330,.,0.551626026630402,33.618896484375,.
9331,.,0.365141004323959,32.5970153808594,.
9332,.,0.0009769999887794,31.7997989654541,.
9333,.,0.545563995838165,33.0937652587891,.
9334,.,0.900533974170685,33.1015129089355,.
9335,.,1.24573802947998,34.2635726928711,.
9336,.,2.12212109565735,33.191463470459,.
9337,.,1.8455890417099,34.7231597900391,.
9338,.,-0.779664993286133,29.6530265808105,.
9339,.,0.684823989868164,32.8292083740234,.
9340,.,1.15165495872498,34.261589050293,.
9341,.,2.50530600547791,32.3839073181152,.
9342,.,2.3598198890686,30.9178142547607,.
9343,.,-0.522386014461517,31.3553428649902,.
9344,.,0.270253986120224,31.6484508514404,.
9345,.,0.411417007446289,33.1413688659668,.
9346,.,0.411417007446289,33.1413688659668,.
9347,.,0.924404978752136,33.1305084228516,.
9348,.,0.825317025184631,34.2723846435547,.
9349,.,1.44195699691772,31.155403137207,.
9350,.,1.44195699691772,31.155403137207,.
9351,.,-0.323038011789322,30.5947933197021,.
9352,.,-0.867663025856018,30.3541145324707,.
9353,.,1.43425595760345,33.849781036377,.
9354,.,1.31359696388245,33.7401695251465,.
9355,.,0.696134984493256,34.0029640197754,.
9356,.,1.12054705619812,34.0546684265137,.
9357,.,1.12054705619812,34.0546684265137,.
9358,.,0.808688998222351,34.3362693786621,.
9359,.,0.808688998222351,34.3362693786621,.
9360,.,2.56120610237122,32.9409027099609,.
9361,.,2.81874704360962,32.2802124023438,.
9362,.,2.31616306304932,32.9403533935547,.
9363,.,3.28149700164795,31.5641326904297,.
9364,.,2.47238397598267,31.0622043609619,.
9365,.,2.59279298782349,30.797737121582,.
9366,.,2.52995300292969,30.7862167358398,.
9367,.,3.57426190376282,31.1324863433838,.
9368,.,3.34775996208191,31.1935329437256,.
9369,.,3.44252800941467,30.9456558227539,.
9370,.,3.27729201316834,30.9756202697754,.
9371,.,-0.52835601568222,29.9541797637939,.
9372,.,1.44564294815063,31.3347625732422,.
9373,.,-0.89675098657608,29.7783241271973,.
9374,.,0.419649988412857,31.0364627838135,.
9375,.,0.822012007236481,30.7921314239502,.
9376,.,0.447066992521286,30.1652870178223,.
9377,.,1.2560830116272,30.8103256225586,.
9378,.,0.0148299997672439,30.5203266143799,.
9379,.,1.53158402442932,34.0501136779785,.
9380,.,1.054034948349,34.3706207275391,.
9381,.,0.630704998970032,31.7877235412598,.
9382,.,0.785143971443176,30.2475070953369,.
9383,.,1.02071797847748,31.1242141723633,.
9384,.,0.802708029747009,34.3096466064453,.
9385,.,2.50530600547791,32.3839073181152,.
9386,.,0.0148299997672439,30.5203266143799,.
9387,.,0.696134984493256,34.0029640197754,.
9388,.,0.8838210105896,34.3841171264648,.
9389,.,0.869543015956879,34.3812675476074,.
9390,.,-0.52835601568222,29.9541797637939,.
9391,.,3.34775996208191,31.1935329437256,.
9392,.,0.265680998563766,32.4627532958984,.
9393,.,2.52995300292969,30.7862167358398,.
9394,.,2.3648579120636,32.6032752990723,.
9395,.,0.630704998970032,31.7877235412598,.
9396,.,0.924404978752136,33.1305084228516,.
9397,.,1.3122570514679,33.8341369628906,.
9398,.,0.696134984493256,34.0029640197754,.
9399,.,0.802708029747009,34.3096466064453,.
9400,.,1.77958202362061,33.0395240783691,.
9401,.,1.97871398925781,32.5296211242676,.
9402,.,0.732909977436066,32.9587593078613,.
9403,.,0.684432983398438,32.3014259338379,.
9404,.,2.31113600730896,32.9849128723145,.
9405,.,2.51362705230713,30.8818950653076,.
9406,.,2.52995300292969,30.7862167358398,.
9407,.,3.34775996208191,31.1935329437256,.
9408,.,1.99999403953552,33.2409324645996,.
9409,.,0.447066992521286,30.1652870178223,.
9410,.,0.887235999107361,30.6932125091553,.
9411,.,0.142605006694794,30.495325088501,.
9412,.,2.09265398979187,31.4800834655762,.
9413,.,0.825317025184631,34.2723846435547,.
9414,.,2.35250091552734,32.2547607421875,.
9415,.,2.58457088470459,30.9352512359619,.
9416,.,1.3821849822998,34.4044532775879,.
9417,.,0.808688998222351,34.3362693786621,.
9418,.,2.20474600791931,33.1740913391113,.
9419,.,2.3648579120636,32.6032752990723,.
9420,.,-1.38021397590637,30.0106334686279,.
9421,.,0.447066992521286,30.1652870178223,.
9422,.,-0.964900970458984,29.9596881866455,.
9423,.,-0.779664993286133,29.6530265808105,.
9424,.,0.822012007236481,30.7921314239502,.
9425,.,1.47599601745605,33.9171676635742,.
9426,.,0.47129300236702,32.8645896911621,.
9427,.,2.81874704360962,32.2802124023438,.
9428,.,0.411417007446289,33.1413688659668,.
9429,.,0.775407016277313,33.3474769592285,.
9430,.,1.14941596984863,33.9205665588379,.
9431,.,0.589527010917664,32.6231079101563,.
9432,.,3.00683903694153,30.913631439209,.
9433,.,1.44195699691772,31.155403137207,.
9434,.,1.2560830116272,30.8103256225586,.
9435,.,0.674983024597168,33.5198974609375,.
9436,.,-0.323038011789322,30.5947933197021,.
9437,.,-0.227395996451378,30.4021663665771,.
9438,.,-0.92560201883316,30.7941589355469,.
9439,.,1.43425595760345,33.849781036377,.
9440,.,1.56147396564484,33.3062973022461,.
9441,.,2.74137592315674,30.9613132476807,.
9442,.,2.12212109565735,33.191463470459,.
9443,.,3.52506995201111,31.7135047912598,.
9444,.,3.66808891296387,31.7156162261963,.
9445,.,2.35501003265381,30.9007453918457,.
9446,.,2.50494599342346,31.0968360900879,.
9447,.,2.52995300292969,30.7862167358398,.
9448,.,3.34775996208191,31.1935329437256,.
9449,.,3.27729201316834,30.9756202697754,.
9450,.,2.3648579120636,32.6032752990723,.
9451,.,-0.89675098657608,29.7783241271973,.
9452,.,0.419649988412857,31.0364627838135,.
9453,.,2.09265398979187,31.4800834655762,.
9454,.,0.447066992521286,30.1652870178223,.
9455,.,3.34775996208191,31.1935329437256,.
9456,.,1.24573802947998,34.2635726928711,.
9457,.,0.103998996317387,33.7830924987793,.
9458,.,0.732909977436066,32.9587593078613,.
9459,.,0.869543015956879,34.3812675476074,.
9460,.,-0.89675098657608,29.7783241271973,.
9461,.,-0.779664993286133,29.6530265808105,.
9462,.,0.126304000616074,31.809871673584,.
9463,.,2.51362705230713,30.8818950653076,.
9464,.,3.0916440486908,31.0199394226074,.
9465,.,2.42946004867554,32.8906021118164,.
9466,.,2.74137592315674,30.9613132476807,.
9467,.,2.77324104309082,32.3021507263184,.
9468,.,0.142605006694794,30.495325088501,.
9469,.,-0.760571002960205,30.1790943145752,.
9470,.,3.00683903694153,30.913631439209,.
9471,.,3.34775996208191,31.1935329437256,.
9472,.,0.887243986129761,31.7009468078613,.
9473,.,0.53796797990799,31.368236541748,.
9474,.,0.431405007839203,33.8126411437988,.
9475,.,0.103998996317387,33.7830924987793,.
9476,.,0.775407016277313,33.3474769592285,.
9477,.,0.551319003105164,33.125862121582,.
9478,.,0.551319003105164,33.125862121582,.
9479,.,0.545563995838165,33.0937652587891,.
9480,.,0.924404978752136,33.1305084228516,.
9481,.,1.209233045578,33.047924041748,.
9482,.,0.900533974170685,33.1015129089355,.
9483,.,0.513224005699158,33.4177093505859,.
9484,.,1.12054705619812,34.0546684265137,.
9485,.,0.961449027061462,33.5919456481934,.
9486,.,1.99999403953552,33.2409324645996,.
9487,.,2.297935962677,32.4508323669434,.
9488,.,0.142605006694794,30.495325088501,.
9489,.,-0.292248010635376,31.4787216186523,.
9490,.,1.86747801303864,32.7966499328613,.
9491,.,2.86015605926514,32.4313430786133,.
9492,.,1.77958202362061,33.0395240783691,.
9493,.,-0.151137992739677,30.9488544464111,.
9494,.,-0.0795710012316704,31.6357078552246,.
9495,.,-0.344247996807098,31.5716667175293,.
9496,.,-0.471199989318848,31.3637866973877,.
9497,.,-0.522386014461517,31.3553428649902,.
9498,.,0.0009769999887794,31.7997989654541,.
9499,.,0.435741990804672,32.8037338256836,.
9500,.,-0.292248010635376,31.4787216186523,.
9501,.,-0.151019006967545,31.4375495910645,.
9502,.,0.732909977436066,32.9587593078613,.
9503,.,0.684432983398438,32.3014259338379,.
9504,.,0.103998996317387,33.7830924987793,.
9505,.,0.38901498913765,34.0578117370605,.
9506,.,0.674983024597168,33.5198974609375,.
9507,.,1.01656496524811,33.3279762268066,.
9508,.,0.775407016277313,33.3474769592285,.
9509,.,0.62576299905777,33.2887725830078,.
9510,.,0.551319003105164,33.125862121582,.
9511,.,0.545563995838165,33.0937652587891,.
9512,.,1.3821849822998,34.4044532775879,.
9513,.,1.37214004993439,33.9079666137695,.
9514,.,1.02946805953979,34.2461814880371,.
9515,.,0.819428980350494,34.0940742492676,.
9516,.,0.819428980350494,34.0940742492676,.
9517,.,0.657477021217346,34.1587715148926,.
9518,.,0.657477021217346,34.1587715148926,.
9519,.,0.696241974830627,34.1093864440918,.
9520,.,0.696241974830627,34.1093864440918,.
9521,.,1.24573802947998,34.2635726928711,.
9522,.,1.15165495872498,34.261589050293,.
9523,.,1.27609801292419,34.3719062805176,.
9524,.,1.3747730255127,34.3019981384277,.
9525,.,1.3747730255127,34.3019981384277,.
9526,.,1.12054705619812,34.0546684265137,.
9527,.,1.054034948349,34.3706207275391,.
9528,.,1.01852297782898,34.0729484558105,.
9529,.,1.01852297782898,34.0729484558105,.
9530,.,1.01852297782898,34.0729484558105,.
9531,.,1.0357780456543,33.3878631591797,.
9532,.,0.825317025184631,34.2723846435547,.
9533,.,0.825317025184631,34.2723846435547,.
9534,.,0.8838210105896,34.3841171264648,.
9535,.,0.857629001140594,34.3664779663086,.
9536,.,0.857629001140594,34.3664779663086,.
9537,.,2.42946004867554,32.8906021118164,.
9538,.,-1.25521600246429,30.0568199157715,.
9539,.,0.447066992521286,30.1652870178223,.
9540,.,0.447066992521286,30.1652870178223,.
9541,.,0.887235999107361,30.6932125091553,.
9542,.,-0.98233699798584,30.45973777771,.
9543,.,-0.98233699798584,30.45973777771,.
9544,.,0.389081001281738,30.4866619110107,.
9545,.,-0.89675098657608,29.7783241271973,.
9546,.,0.728757977485657,30.6465892791748,.
9547,.,0.822012007236481,30.7921314239502,.
9548,.,0.0148299997672439,30.5203266143799,.
9549,.,-0.291444003582001,31.7913436889648,.
9550,.,1.76908802986145,34.8571166992188,.
9551,.,0.389081001281738,30.4866619110107,.
9552,.,3.52506995201111,31.7135047912598,.
9553,.,3.57426190376282,31.1324863433838,.
9554,.,-0.344247996807098,31.5716667175293,.
9555,.,-0.291444003582001,31.7913436889648,.
9556,.,-0.105038002133369,30.2642192840576,.
9557,.,1.74095797538757,33.5833396911621,.
9558,.,2.58457088470459,30.9352512359619,.
9559,.,2.51362705230713,30.8818950653076,.
9560,.,3.57426190376282,31.1324863433838,.
9561,.,3.57426190376282,31.1324863433838,.
9562,.,1.14941596984863,33.9205665588379,.
9563,.,0.38901498913765,34.0578117370605,.
9564,.,0.103998996317387,33.7830924987793,.
9565,.,1.14941596984863,33.9205665588379,.
9566,.,0.696241974830627,34.1093864440918,.
9567,.,0.0584140010178089,29.9493350982666,.
9568,.,3.52506995201111,31.7135047912598,.
9569,.,2.51362705230713,30.8818950653076,.
9570,.,2.09265398979187,31.4800834655762,.
9571,.,0.447066992521286,30.1652870178223,.
9572,.,1.02071797847748,31.1242141723633,.
9573,.,0.389081001281738,30.4866619110107,.
9574,.,1.12054705619812,34.0546684265137,.
9575,.,1.86953103542328,33.9480819702148,.
9576,.,-0.964900970458984,29.9596881866455,.
9577,.,-0.34314700961113,31.7253131866455,.
9578,.,0.401924014091492,32.1020774841309,.
9579,.,3.34775996208191,31.1935329437256,.
9580,.,-0.278874009847641,30.8901271820068,.
9581,.,0.0299270004034042,32.0245895385742,.
9582,.,1.37214004993439,33.9079666137695,.
9583,.,0.551319003105164,33.125862121582,.
9584,.,1.21842396259308,34.2704315185547,.
9585,.,1.19971597194672,34.1584243774414,.
9586,.,2.3648579120636,32.6032752990723,.
9587,.,0.142605006694794,30.495325088501,.
9588,.,-0.522386014461517,31.3553428649902,.
9589,.,0.586750984191895,31.7181568145752,.
9590,.,-0.518612027168274,31.1944370269775,.
9591,.,2.5860641002655,32.6980056762695,.
9592,.,1.8455890417099,34.7231597900391,.
9593,.,-0.471199989318848,31.3637866973877,.
9594,.,-0.19768300652504,31.8102912902832,.
9595,.,0.0716100037097931,32.0928726196289,.
9596,.,2.3598198890686,30.9178142547607,.
9597,.,1.77958202362061,33.0395240783691,.
9598,.,0.142605006694794,30.495325088501,.
9599,.,-0.964900970458984,29.9596881866455,.
9600,.,-0.779664993286133,29.6530265808105,.
9601,.,0.802708029747009,34.3096466064453,.
9602,.,2.42946004867554,32.8906021118164,.
9603,.,1.90533494949341,32.371997833252,.
9604,.,1.90533494949341,32.371997833252,.
9605,.,2.74137592315674,30.9613132476807,.
9606,.,2.50530600547791,32.3839073181152,.
9607,.,2.12212109565735,33.191463470459,.
9608,.,3.60344099998474,31.6128997802734,.
9609,.,0.142605006694794,30.495325088501,.
9610,.,-0.779664993286133,29.6530265808105,.
9611,.,0.0148299997672439,30.5203266143799,.
9612,.,-0.471199989318848,31.3637866973877,.
9613,.,0.0716100037097931,32.0928726196289,.
9614,.,2.09265398979187,31.4800834655762,.
9615,.,2.2441840171814,32.8969917297363,.
9616,.,0.145366996526718,31.2310581207275,.
9617,.,0.684823989868164,32.8292083740234,.
9618,.,2.43073296546936,32.7466316223145,.
9619,.,2.42946004867554,32.8906021118164,.
9620,.,2.42460107803345,32.851692199707,.
9621,.,2.15202903747559,32.5299224853516,.
9622,.,0.684823989868164,32.8292083740234,.
9623,.,0.305940985679626,32.5291442871094,.
9624,.,0.696134984493256,34.0029640197754,.
9625,.,3.06571292877197,30.9412212371826,.
9626,.,1.44195699691772,31.155403137207,.
9627,.,1.56147396564484,33.3062973022461,.
9628,.,-0.987177014350891,30.1298351287842,.
9629,.,2.1117799282074,33.1042327880859,.
9630,.,2.31113600730896,32.9849128723145,.
9631,.,3.28149700164795,31.5641326904297,.
9632,.,2.42946004867554,32.8906021118164,.
9633,.,2.3598198890686,30.9178142547607,.
9634,.,0.822012007236481,30.7921314239502,.
9635,.,0.572827994823456,33.4740257263184,.
9636,.,0.572827994823456,33.4740257263184,.
9637,.,0.572827994823456,33.4740257263184,.
9638,.,0.551319003105164,33.125862121582,.
9639,.,0.551319003105164,33.125862121582,.
9640,.,0.545563995838165,33.0937652587891,.
9641,.,0.924404978752136,33.1305084228516,.
9642,.,1.209233045578,33.047924041748,.
9643,.,1.3821849822998,34.4044532775879,.
9644,.,1.29652905464172,34.0078887939453,.
9645,.,1.52577102184296,33.5503845214844,.
9646,.,0.513224005699158,33.4177093505859,.
9647,.,1.0357780456543,33.3878631591797,.
9648,.,1.98235905170441,33.0550918579102,.
9649,.,0.728757977485657,30.6465892791748,.
9650,.,1.37214004993439,33.9079666137695,.
9651,.,2.81874704360962,32.2802124023438,.
9652,.,-0.522386014461517,31.3553428649902,.
9653,.,-0.522386014461517,31.3553428649902,.
9654,.,-0.292248010635376,31.4787216186523,.
9655,.,-0.295331001281738,31.2187824249268,.
9656,.,0.38901498913765,34.0578117370605,.
9657,.,0.775407016277313,33.3474769592285,.
9658,.,0.773993015289307,33.0747528076172,.
9659,.,1.26080000400543,33.7970542907715,.
9660,.,1.26080000400543,33.7970542907715,.
9661,.,0.657477021217346,34.1587715148926,.
9662,.,0.696134984493256,34.0029640197754,.
9663,.,1.3747730255127,34.3019981384277,.
9664,.,0.825317025184631,34.2723846435547,.
9665,.,0.825317025184631,34.2723846435547,.
9666,.,0.802708029747009,34.3096466064453,.
9667,.,0.808688998222351,34.3362693786621,.
9668,.,0.869543015956879,34.3812675476074,.
9669,.,0.869543015956879,34.3812675476074,.
9670,.,0.924404978752136,33.1305084228516,.
9671,.,2.35689806938171,31.4175453186035,.
9672,.,2.51362705230713,30.8818950653076,.
9673,.,3.00683903694153,30.913631439209,.
9674,.,2.74137592315674,30.9613132476807,.
9675,.,2.3598198890686,30.9178142547607,.
9676,.,2.59279298782349,30.797737121582,.
9677,.,1.2560830116272,30.8103256225586,.
9678,.,0.447066992521286,30.1652870178223,.
9679,.,0.728757977485657,30.6465892791748,.
9680,.,1.44564294815063,31.3347625732422,.
9681,.,-0.34314700961113,31.7253131866455,.
9682,.,1.01656496524811,33.3279762268066,.
9683,.,2.31616306304932,32.9403533935547,.
9684,.,2.42946004867554,32.8906021118164,.
9685,.,2.31113600730896,32.9849128723145,.
9686,.,0.914466977119446,31.0712184906006,.
9687,.,3.57426190376282,31.1324863433838,.
9688,.,0.447066992521286,30.1652870178223,.
9689,.,2.31113600730896,32.9849128723145,.
9690,.,0.822012007236481,30.7921314239502,.
9691,.,3.00683903694153,30.913631439209,.
9692,.,0.914466977119446,31.0712184906006,.
9693,.,1.07345402240753,34.1650390625,.
9694,.,0.103998996317387,33.7830924987793,.
9695,.,0.914466977119446,31.0712184906006,.
9696,.,1.74660897254944,32.1670837402344,.
9697,.,2.45030403137207,32.4588470458984,.
9698,.,0.589527010917664,32.6231079101563,.
9699,.,3.27729201316834,30.9756202697754,.
9700,.,1.19971597194672,34.1584243774414,.
9701,.,2.40863704681396,33.0646171569824,.
9702,.,1.98235905170441,33.0550918579102,.
9703,.,-0.779664993286133,29.6530265808105,.
9704,.,2.43073296546936,32.7466316223145,.
9705,.,2.43073296546936,32.7466316223145,.
9706,.,1.36187100410461,31.4513874053955,.
9707,.,2.18861699104309,33.1163444519043,.
9708,.,-0.471199989318848,31.3637866973877,.
9709,.,0.0009769999887794,31.7997989654541,.
9710,.,0.431405007839203,33.8126411437988,.
9711,.,0.551626026630402,33.618896484375,.
9712,.,0.551626026630402,33.618896484375,.
9713,.,0.572827994823456,33.4740257263184,.
9714,.,0.775407016277313,33.3474769592285,.
9715,.,0.775407016277313,33.3474769592285,.
9716,.,0.62576299905777,33.2887725830078,.
9717,.,1.232990026474,33.331226348877,.
9718,.,1.060103058815,33.0102233886719,.
9719,.,0.900533974170685,33.1015129089355,.
9720,.,0.900533974170685,33.1015129089355,.
9721,.,0.773993015289307,33.0747528076172,.
9722,.,1.52577102184296,33.5503845214844,.
9723,.,1.52577102184296,33.5503845214844,.
9724,.,0.657477021217346,34.1587715148926,.
9725,.,0.513224005699158,33.4177093505859,.
9726,.,0.513224005699158,33.4177093505859,.
9727,.,0.513224005699158,33.4177093505859,.
9728,.,1.21842396259308,34.2704315185547,.
9729,.,1.21842396259308,34.2704315185547,.
9730,.,1.0357780456543,33.3878631591797,.
9731,.,2.1117799282074,33.1042327880859,.
9732,.,1.8455890417099,34.7231597900391,.
9733,.,0.305940985679626,32.5291442871094,.
9734,.,-0.34314700961113,31.7253131866455,.
9735,.,-0.0795710012316704,31.6357078552246,.
9736,.,-0.471199989318848,31.3637866973877,.
9737,.,0.0009769999887794,31.7997989654541,.
9738,.,0.39071398973465,32.0738220214844,.
9739,.,0.316350013017654,33.1603584289551,.
9740,.,0.316350013017654,33.1603584289551,.
9741,.,-0.151019006967545,31.4375495910645,.
9742,.,0.827234983444214,32.8440856933594,.
9743,.,0.827234983444214,32.8440856933594,.
9744,.,-0.295331001281738,31.2187824249268,.
9745,.,0.684432983398438,32.3014259338379,.
9746,.,0.490653991699219,34.0917701721191,.
9747,.,0.490653991699219,34.0917701721191,.
9748,.,0.490653991699219,34.0917701721191,.
9749,.,0.490653991699219,34.0917701721191,.
9750,.,0.615904986858368,33.4700546264648,.
9751,.,1.01656496524811,33.3279762268066,.
9752,.,0.545563995838165,33.0937652587891,.
9753,.,0.924404978752136,33.1305084228516,.
9754,.,1.31359696388245,33.7401695251465,.
9755,.,0.657477021217346,34.1587715148926,.
9756,.,1.24573802947998,34.2635726928711,.
9757,.,1.21842396259308,34.2704315185547,.
9758,.,1.15165495872498,34.261589050293,.
9759,.,1.3747730255127,34.3019981384277,.
9760,.,1.33163094520569,34.6608619689941,.
9761,.,1.33163094520569,34.6608619689941,.
9762,.,1.0357780456543,33.3878631591797,.
9763,.,1.08883798122406,33.4021606445313,.
9764,.,0.825317025184631,34.2723846435547,.
9765,.,0.802708029747009,34.3096466064453,.
9766,.,0.8838210105896,34.3841171264648,.
9767,.,0.8838210105896,34.3841171264648,.
9768,.,0.8838210105896,34.3841171264648,.
9769,.,0.808688998222351,34.3362693786621,.
9770,.,0.808688998222351,34.3362693786621,.
9771,.,0.808688998222351,34.3362693786621,.
9772,.,0.808688998222351,34.3362693786621,.
9773,.,0.857629001140594,34.3664779663086,.
9774,.,0.869543015956879,34.3812675476074,.
9775,.,2.42946004867554,32.8906021118164,.
9776,.,2.3648579120636,32.6032752990723,.
9777,.,-0.165047004818916,30.1528797149658,.
9778,.,0.447066992521286,30.1652870178223,.
9779,.,1.02071797847748,31.1242141723633,.
9780,.,1.69431698322296,31.7118549346924,.
9781,.,0.389081001281738,30.4866619110107,.
9782,.,0.389081001281738,30.4866619110107,.
9783,.,0.142605006694794,30.495325088501,.
9784,.,-0.105038002133369,30.2642192840576,.
9785,.,0.0148299997672439,30.5203266143799,.
9786,.,0.389081001281738,30.4866619110107,.
9787,.,2.41697692871094,30.9864540100098,.
9788,.,3.41740703582764,31.1809616088867,.
9789,.,-0.89675098657608,29.7783241271973,.
9790,.,3.44252800941467,30.9456558227539,.
9791,.,0.822012007236481,30.7921314239502,.
9792,.,2.41697692871094,30.9864540100098,.
9793,.,0.389081001281738,30.4866619110107,.
9794,.,1.79521298408508,32.899227142334,.
9795,.,0.924404978752136,33.1305084228516,.
9796,.,2.52995300292969,30.7862167358398,.
9797,.,2.15202903747559,32.5299224853516,.
9798,.,-0.576781988143921,31.6916370391846,.
9799,.,0.586750984191895,31.7181568145752,.
9800,.,3.52506995201111,31.7135047912598,.
9801,.,0.354954987764359,32.9335060119629,.
9802,.,1.56147396564484,33.3062973022461,.
9803,.,0.0584140010178089,29.9493350982666,.
9804,.,2.12083601951599,33.1334571838379,.
9805,.,2.3598198890686,30.9178142547607,.
9806,.,1.19971597194672,34.1584243774414,.
9807,.,1.02071797847748,31.1242141723633,.
9808,.,-0.34314700961113,31.7253131866455,.
9809,.,0.0148299997672439,30.5203266143799,.
9810,.,0.0716100037097931,32.0928726196289,.
9811,.,1.52577102184296,33.5503845214844,.
9812,.,2.42946004867554,32.8906021118164,.
9813,.,2.42460107803345,32.851692199707,.
9814,.,0.142605006694794,30.495325088501,.
9815,.,0.825317025184631,34.2723846435547,.
9816,.,2.42946004867554,32.8906021118164,.
9817,.,-0.105038002133369,30.2642192840576,.
9818,.,0.72658097743988,32.9185066223145,.
9819,.,3.52506995201111,31.7135047912598,.
9820,.,2.18861699104309,33.1163444519043,.
9821,.,2.63730096817017,30.8576393127441,.
9822,.,1.01656496524811,33.3279762268066,.
9823,.,0.423703014850616,33.6121711730957,.
9824,.,2.1117799282074,33.1042327880859,.
9825,.,2.297935962677,32.4508323669434,.
9826,.,0.316350013017654,33.1603584289551,.
9827,.,0.732909977436066,32.9587593078613,.
9828,.,0.38901498913765,34.0578117370605,.
9829,.,1.01656496524811,33.3279762268066,.
9830,.,0.545563995838165,33.0937652587891,.
9831,.,0.657477021217346,34.1587715148926,.
9832,.,1.12054705619812,34.0546684265137,.
9833,.,2.20474600791931,33.1740913391113,.
9834,.,0.914466977119446,31.0712184906006,.
9835,.,0.402622997760773,32.0810546875,.
9836,.,0.31351900100708,33.8706398010254,.
9837,.,2.42946004867554,32.8906021118164,.
9838,.,0.126304000616074,31.809871673584,.
9839,.,0.586750984191895,31.7181568145752,.
9840,.,0.732909977436066,32.9587593078613,.
9841,.,0.586750984191895,31.7181568145752,.
9842,.,2.50530600547791,32.3839073181152,.
9843,.,2.31113600730896,32.9849128723145,.
9844,.,1.98235905170441,33.0550918579102,.
9845,.,3.24445199966431,31.1587142944336,.
9846,.,-0.471199989318848,31.3637866973877,.
9847,.,0.0009769999887794,31.7997989654541,.
9848,.,0.924404978752136,33.1305084228516,.
9849,.,1.060103058815,33.0102233886719,.
9850,.,1.0357780456543,33.3878631591797,.
9851,.,1.0357780456543,33.3878631591797,.
9852,.,0.961449027061462,33.5919456481934,.
9853,.,-0.344247996807098,31.5716667175293,.
9854,.,1.56147396564484,33.3062973022461,.
9855,.,0.662384986877441,32.7091407775879,.
9856,.,0.811501026153564,32.5159187316895,.
9857,.,-0.344247996807098,31.5716667175293,.
9858,.,-0.344247996807098,31.5716667175293,.
9859,.,-0.471199989318848,31.3637866973877,.
9860,.,-0.417683005332947,31.1459484100342,.
9861,.,-0.292248010635376,31.4787216186523,.
9862,.,0.490653991699219,34.0917701721191,.
9863,.,0.38901498913765,34.0578117370605,.
9864,.,0.572827994823456,33.4740257263184,.
9865,.,0.721440970897675,33.069709777832,.
9866,.,1.3821849822998,34.4044532775879,.
9867,.,1.3821849822998,34.4044532775879,.
9868,.,0.819428980350494,34.0940742492676,.
9869,.,1.24573802947998,34.2635726928711,.
9870,.,1.15165495872498,34.261589050293,.
9871,.,1.3747730255127,34.3019981384277,.
9872,.,1.12054705619812,34.0546684265137,.
9873,.,1.0357780456543,33.3878631591797,.
9874,.,1.0357780456543,33.3878631591797,.
9875,.,0.954355001449585,32.7351303100586,.
9876,.,0.802708029747009,34.3096466064453,.
9877,.,0.8838210105896,34.3841171264648,.
9878,.,0.808688998222351,34.3362693786621,.
9879,.,0.808688998222351,34.3362693786621,.
9880,.,0.808688998222351,34.3362693786621,.
9881,.,0.808688998222351,34.3362693786621,.
9882,.,0.857629001140594,34.3664779663086,.
9883,.,0.869543015956879,34.3812675476074,.
9884,.,2.42946004867554,32.8906021118164,.
9885,.,0.389081001281738,30.4866619110107,.
9886,.,0.389081001281738,30.4866619110107,.
9887,.,-0.105038002133369,30.2642192840576,.
9888,.,-0.105038002133369,30.2642192840576,.
9889,.,-0.105038002133369,30.2642192840576,.
9890,.,0.591023981571198,30.4715900421143,.
9891,.,0.369691014289856,33.1874313354492,.
9892,.,3.27729201316834,30.9756202697754,.
9893,.,1.98235905170441,33.0550918579102,.
9894,.,-0.576781988143921,31.6916370391846,.
9895,.,0.619388997554779,32.8121566772461,.
9896,.,1.02071797847748,31.1242141723633,.
9897,.,0.545563995838165,33.0937652587891,.
9898,.,0.490653991699219,34.0917701721191,.
9899,.,-0.471199989318848,31.3637866973877,.
9900,.,2.42946004867554,32.8906021118164,.
9901,.,-0.471199989318848,31.3637866973877,.
9902,.,0.808688998222351,34.3362693786621,.
9903,.,2.31113600730896,32.9849128723145,.
9904,.,0.0009769999887794,31.7997989654541,.
9905,.,0.431405007839203,33.8126411437988,.
9906,.,0.711597979068756,33.6848335266113,.
9907,.,0.551626026630402,33.618896484375,.
9908,.,0.773993015289307,33.0747528076172,.
9909,.,0.513224005699158,33.4177093505859,.
9910,.,0.811501026153564,32.5159187316895,.
9911,.,0.490653991699219,34.0917701721191,.
9912,.,0.8838210105896,34.3841171264648,.
9913,.,1.02071797847748,31.1242141723633,.
9914,.,0.103998996317387,33.7830924987793,.
9915,.,2.5860641002655,32.6980056762695,.
9916,.,2.40863704681396,33.0646171569824,.
9917,.,0.931526005268097,31.4458980560303,.
9918,.,1.83483397960663,32.3841743469238,.
9919,.,0.914466977119446,31.0712184906006,.
9920,.,0.142605006694794,30.495325088501,.
9921,.,0.490653991699219,34.0917701721191,.
9922,.,0.589527010917664,32.6231079101563,.
9923,.,2.12212109565735,33.191463470459,.
9924,.,2.3598198890686,30.9178142547607,.
9925,.,1.19971597194672,34.1584243774414,.
9926,.,2.41697692871094,30.9864540100098,.
9927,.,2.14705204963684,32.6508445739746,.
9928,.,3.57426190376282,31.1324863433838,.
9929,.,0.316350013017654,33.1603584289551,.
9930,.,0.431405007839203,33.8126411437988,.
9931,.,0.572827994823456,33.4740257263184,.
9932,.,0.828697025775909,33.2164840698242,.
9933,.,0.775407016277313,33.3474769592285,.
9934,.,1.232990026474,33.331226348877,.
9935,.,1.060103058815,33.0102233886719,.
9936,.,1.08883798122406,33.4021606445313,.
9937,.,1.79521298408508,32.899227142334,.
9938,.,2.3648579120636,32.6032752990723,.
9939,.,0.589527010917664,32.6231079101563,.
9940,.,0.662384986877441,32.7091407775879,.
9941,.,-0.522386014461517,31.3553428649902,.
9942,.,-0.291444003582001,31.7913436889648,.
9943,.,-0.417683005332947,31.1459484100342,.
9944,.,-0.292248010635376,31.4787216186523,.
9945,.,0.274722993373871,31.9426536560059,.
9946,.,0.543995976448059,32.1898193359375,.
9947,.,0.431405007839203,33.8126411437988,.
9948,.,0.711597979068756,33.6848335266113,.
9949,.,0.38901498913765,34.0578117370605,.
9950,.,0.551626026630402,33.618896484375,.
9951,.,0.674983024597168,33.5198974609375,.
9952,.,1.37214004993439,33.9079666137695,.
9953,.,1.24573802947998,34.2635726928711,.
9954,.,1.24573802947998,34.2635726928711,.
9955,.,1.15165495872498,34.261589050293,.
9956,.,1.33163094520569,34.6608619689941,.
9957,.,1.33163094520569,34.6608619689941,.
9958,.,1.0357780456543,33.3878631591797,.
9959,.,0.802708029747009,34.3096466064453,.
9960,.,0.802708029747009,34.3096466064453,.
9961,.,1.8455890417099,34.7231597900391,.
9962,.,1.36187100410461,31.4513874053955,.
9963,.,0.447066992521286,30.1652870178223,.
9964,.,0.914466977119446,31.0712184906006,.
9965,.,0.0808010026812553,30.4895534515381,.
9966,.,0.775407016277313,33.3474769592285,.
9967,.,3.57426190376282,31.1324863433838,.
9968,.,0.773993015289307,33.0747528076172,.
9969,.,2.43073296546936,32.7466316223145,.
9970,.,-0.85529500246048,30.6595821380615,.
9971,.,2.3648579120636,32.6032752990723,.
9972,.,1.232990026474,33.331226348877,.
9973,.,1.060103058815,33.0102233886719,.
9974,.,2.51362705230713,30.8818950653076,.
9975,.,0.411417007446289,33.1413688659668,.
9976,.,2.35689806938171,31.4175453186035,.
9977,.,0.431405007839203,33.8126411437988,.
9978,.,0.431405007839203,33.8126411437988,.
9979,.,0.431405007839203,33.8126411437988,.
9980,.,0.711597979068756,33.6848335266113,.
9981,.,0.775407016277313,33.3474769592285,.
9982,.,1.232990026474,33.331226348877,.
9983,.,0.900533974170685,33.1015129089355,.
9984,.,1.08883798122406,33.4021606445313,.
9985,.,0.961449027061462,33.5919456481934,.
9986,.,0.630704998970032,31.7877235412598,.
9987,.,0.0009769999887794,31.7997989654541,.
9988,.,0.196654006838799,32.2552299499512,.
9989,.,-0.518612027168274,31.1944370269775,.
9990,.,0.711597979068756,33.6848335266113,.
9991,.,1.01656496524811,33.3279762268066,.
9992,.,0.823249995708466,34.2177963256836,.
9993,.,1.24573802947998,34.2635726928711,.
9994,.,1.21842396259308,34.2704315185547,.
9995,.,1.3747730255127,34.3019981384277,.
9996,.,1.3747730255127,34.3019981384277,.
9997,.,1.3747730255127,34.3019981384277,.
9998,.,1.3747730255127,34.3019981384277,.
9999,.,1.33163094520569,34.6608619689941,.
10000,.,1.0357780456543,33.3878631591797,.
10001,.,0.825317025184631,34.2723846435547,.
10002,.,0.857629001140594,34.3664779663086,.
10003,.,2.76951503753662,32.2951393127441,.
10004,.,1.77958202362061,33.0395240783691,.
10005,.,2.52995300292969,30.7862167358398,.
10006,.,0.589527010917664,32.6231079101563,.
10007,.,0.586750984191895,31.7181568145752,.
10008,.,0.630704998970032,31.7877235412598,.
10009,.,2.3648579120636,32.6032752990723,.
10010,.,1.19971597194672,34.1584243774414,.
10011,.,0.589527010917664,32.6231079101563,.
10012,.,0.732909977436066,32.9587593078613,.
10013,.,0.572827994823456,33.4740257263184,.
10014,.,1.0357780456543,33.3878631591797,.
10015,.,1.08883798122406,33.4021606445313,.
10016,.,2.42460107803345,32.851692199707,.
10017,.,2.18861699104309,33.1163444519043,.
10018,.,1.97871398925781,32.5296211242676,.
10019,.,0.551626026630402,33.618896484375,.
10020,.,0.674983024597168,33.5198974609375,.
10021,.,1.3747730255127,34.3019981384277,.
10022,.,1.0357780456543,33.3878631591797,.
10023,.,0.825317025184631,34.2723846435547,.
10024,.,0.825317025184631,34.2723846435547,.
10025,.,0.808688998222351,34.3362693786621,.
10026,.,0.869543015956879,34.3812675476074,.
10027,.,1.2560830116272,30.8103256225586,.
10028,.,0.914466977119446,31.0712184906006,.
10029,.,1.74665200710297,31.6700687408447,.
10030,.,0.389081001281738,30.4866619110107,.
10031,.,2.31616306304932,32.9403533935547,.
10032,.,0.695658028125763,31.2665195465088,.
10033,.,0.711597979068756,33.6848335266113,.
10034,.,1.21972596645355,33.3827209472656,.
10035,.,0.811501026153564,32.5159187316895,.
10036,.,0.0299270004034042,32.0245895385742,.
10037,.,0.274722993373871,31.9426536560059,.
10038,.,0.431405007839203,33.8126411437988,.
10039,.,0.674983024597168,33.5198974609375,.
10040,.,0.773993015289307,33.0747528076172,.
10041,.,0.423703014850616,33.6121711730957,.
10042,.,1.27609801292419,34.3719062805176,.
10043,.,1.33163094520569,34.6608619689941,.
10044,.,0.586750984191895,31.7181568145752,.
10045,.,0.931526005268097,31.4458980560303,.
10046,.,2.02559494972229,32.7174186706543,.
10047,.,0.827926993370056,31.8434658050537,.
10048,.,0.431405007839203,33.8126411437988,.
10049,.,0.572827994823456,33.4740257263184,.
10050,.,0.775407016277313,33.3474769592285,.
10051,.,0.914466977119446,31.0712184906006,.
10052,.,0.827926993370056,31.8434658050537,.
10053,.,0.887243986129761,31.7009468078613,.
10054,.,-0.518612027168274,31.1944370269775,.
10055,.,0.551626026630402,33.618896484375,.
10056,.,1.31359696388245,33.7401695251465,.
10057,.,0.804886996746063,34.3069801330566,.
10058,.,2.50530600547791,32.3839073181152,.
10059,.,1.77958202362061,33.0395240783691,.
10060,.,3.27729201316834,30.9756202697754,.
10061,.,0.196654006838799,32.2552299499512,.
10062,.,2.50530600547791,32.3839073181152,.
10063,.,-0.151137992739677,30.9488544464111,.
10064,.,2.3598198890686,30.9178142547607,.
10065,.,0.53796797990799,31.368236541748,.
10066,.,0.316350013017654,33.1603584289551,.
10067,.,0.316350013017654,33.1603584289551,.
10068,.,0.630704998970032,31.7877235412598,.
10069,.,0.625140011310577,32.9195823669434,.
10070,.,1.0357780456543,33.3878631591797,.
10071,.,0.728757977485657,30.6465892791748,.
10072,.,1.060103058815,33.0102233886719,.
10073,.,0.586750984191895,31.7181568145752,.
10074,.,0.316350013017654,33.1603584289551,.
10075,.,0.775407016277313,33.3474769592285,.
10076,.,1.060103058815,33.0102233886719,.
10077,.,1.19971597194672,34.1584243774414,.
10078,.,1.08883798122406,33.4021606445313,.
10079,.,0.961449027061462,33.5919456481934,.
10080,.,0.0584140010178089,29.9493350982666,.
10081,.,0.662384986877441,32.7091407775879,.
10082,.,0.827234983444214,32.8440856933594,.
10083,.,1.060103058815,33.0102233886719,.
10084,.,1.3747730255127,34.3019981384277,.
10085,.,1.3747730255127,34.3019981384277,.
10086,.,1.3747730255127,34.3019981384277,.
10087,.,1.3747730255127,34.3019981384277,.
10088,.,1.33163094520569,34.6608619689941,.
10089,.,2.14581203460693,34.2044410705566,.
10090,.,-0.105038002133369,30.2642192840576,.
10091,.,0.586750984191895,31.7181568145752,.
10092,.,0.961449027061462,33.5919456481934,.
10093,.,1.79521298408508,32.899227142334,.
10094,.,1.232990026474,33.331226348877,.
10095,.,1.74665200710297,31.6700687408447,.
10096,.,0.431405007839203,33.8126411437988,.
10097,.,0.177928999066353,30.0738525390625,.
10098,.,-0.151019006967545,31.4375495910645,.
10099,.,0.316350013017654,33.1603584289551,.
10100,.,0.711597979068756,33.6848335266113,.
10101,.,1.3747730255127,34.3019981384277,.
10102,.,1.02071797847748,31.1242141723633,.
10103,.,0.914466977119446,31.0712184906006,.
10104,.,1.24573802947998,34.2635726928711,.
10105,.,-0.105038002133369,30.2642192840576,.
10106,.,0.513224005699158,33.4177093505859,.
10107,.,0.931526005268097,31.4458980560303,.
10108,.,1.02071797847748,31.1242141723633,.
10109,.,1.79521298408508,32.899227142334,.
10110,.,2.63730096817017,30.8576393127441,.
10111,.,0.773993015289307,33.0747528076172,.
10112,.,1.3821849822998,34.4044532775879,.
10113,.,-0.105038002133369,30.2642192840576,.
10114,.,0.822012007236481,30.7921314239502,.
10115,.,0.552686989307404,31.3820266723633,.
10116,.,1.21972596645355,33.3827209472656,.
10117,.,0.196654006838799,32.2552299499512,.
10118,.,0.822012007236481,30.7921314239502,.
10119,.,0.822012007236481,30.7921314239502,.
10120,.,0.274722993373871,31.9426536560059,.
10121,.,0.47129300236702,32.8645896911621,.
10122,.,0.822012007236481,30.7921314239502,.
10123,.,0.827926993370056,31.8434658050537,.
10124,.,1.02071797847748,31.1242141723633,.
10125,.,1.02071797847748,31.1242141723633,.
10126,.,1.33163094520569,34.6608619689941,.
10127,.,1.02071797847748,31.1242141723633,.
10128,.,0.543995976448059,32.1898193359375,.
10129,.,0.552686989307404,31.3820266723633,.
10130,.,-0.122951000928879,31.376802444458,.
10131,.,0.71214497089386,32.5294303894043,.
10132,.,1.02071797847748,31.1242141723633,.
10133,.,0.572827994823456,33.4740257263184,.
27540,.,-9.80998039245605,33.3872985839844,.
27541,.,-9.80998039245605,33.3872985839844,.
27542,.,-9.50446033477783,33.2302017211914,.
27543,.,-9.50446033477783,33.2302017211914,.
27544,.,-9.5946102142334,33.4040985107422,.
27545,.,-9.5946102142334,33.4040985107422,.
27546,.,-9.5946102142334,33.4040985107422,.
27547,.,-9.5946102142334,33.4040985107422,.
27548,.,-9.5946102142334,33.4040985107422,.
27549,.,-9.5946102142334,33.4040985107422,.
27550,.,-9.5946102142334,33.4040985107422,.
27551,.,-9.73456954956055,33.4071998596191,.
27552,.,-9.73456954956055,33.4071998596191,.
27553,.,-9.73456954956055,33.4071998596191,.
27554,.,-9.73456954956055,33.4071998596191,.
27555,.,-9.73456954956055,33.4071998596191,.
27556,.,-9.73456954956055,33.4071998596191,.
27557,.,-9.73456954956055,33.4071998596191,.
27558,.,-9.73456954956055,33.4071998596191,.
27559,.,-9.73456954956055,33.4071998596191,.
27560,.,-9.58701992034912,33.2181015014648,.
27561,.,-9.58701992034912,33.2181015014648,.
27562,.,-9.58701992034912,33.2181015014648,.
27563,.,-9.58701992034912,33.2181015014648,.
27564,.,-9.66271018981934,33.2523994445801,.
27565,.,-9.66271018981934,33.2523994445801,.
27566,.,-9.66271018981934,33.2523994445801,.
27567,.,-9.66271018981934,33.2523994445801,.
27568,.,-9.66271018981934,33.2523994445801,.
27569,.,-9.66271018981934,33.2523994445801,.
27570,.,-9.66271018981934,33.2523994445801,.
27571,.,-9.66271018981934,33.2523994445801,.
27572,.,-9.66271018981934,33.2523994445801,.
27573,.,-9.66271018981934,33.2523994445801,.
27574,.,-9.66271018981934,33.2523994445801,.
27575,.,-9.66271018981934,33.2523994445801,.
27576,.,-9.66271018981934,33.2523994445801,.
27577,.,-9.66271018981934,33.2523994445801,.
27578,.,-9.66271018981934,33.2523994445801,.
27579,.,-9.66271018981934,33.2523994445801,.
27580,.,-9.66271018981934,33.2523994445801,.
27581,.,-9.66271018981934,33.2523994445801,.
27582,.,-9.66271018981934,33.2523994445801,.
27583,.,-9.66271018981934,33.2523994445801,.
27584,.,-9.66792011260986,33.3936996459961,.
27585,.,-9.66792011260986,33.3936996459961,.
27586,.,-9.66792011260986,33.3936996459961,.
27587,.,-9.66792011260986,33.3936996459961,.
27588,.,-9.66792011260986,33.3936996459961,.
27589,.,-9.66792011260986,33.3936996459961,.
27590,.,-9.66792011260986,33.3936996459961,.
27591,.,-9.66792011260986,33.3936996459961,.
27592,.,-9.66792011260986,33.3936996459961,.
27593,.,-9.66792011260986,33.3936996459961,.
27594,.,-9.66792011260986,33.3936996459961,.
27595,.,-9.66792011260986,33.3936996459961,.
27596,.,-9.66792011260986,33.3936996459961,.
27597,.,-9.66792011260986,33.3936996459961,.
27598,.,-9.73770999908447,33.260799407959,.
27599,.,-9.73770999908447,33.260799407959,.
27600,.,-9.73770999908447,33.260799407959,.
27601,.,-9.73770999908447,33.260799407959,.
27602,.,-9.74822998046875,33.5035018920898,.
27603,.,-9.74822998046875,33.5035018920898,.
27604,.,-9.71323013305664,33.4519996643066,.
27605,.,-9.71323013305664,33.4519996643066,.
27606,.,-9.71323013305664,33.4519996643066,.
27607,.,-9.71323013305664,33.4519996643066,.
27608,.,-9.71323013305664,33.4519996643066,.
27609,.,-9.71323013305664,33.4519996643066,.
27610,.,-9.71323013305664,33.4519996643066,.
27611,.,-9.71323013305664,33.4519996643066,.
27612,.,-9.97159957885742,33.3739013671875,.
27613,.,-10.0370998382568,33.4541015625,.
27614,.,-10.0370998382568,33.4541015625,.
27615,.,-10.0370998382568,33.4541015625,.
27616,.,-10.0370998382568,33.4541015625,.
27617,.,-10.2009000778198,33.5987014770508,.
27618,.,-10.2009000778198,33.5987014770508,.
27619,.,-10.2009000778198,33.5987014770508,.
27620,.,-10.2009000778198,33.5987014770508,.
27621,.,-10.2009000778198,33.5987014770508,.
27622,.,-10.2009000778198,33.5987014770508,.
27623,.,-10.2009000778198,33.5987014770508,.
27624,.,-10.1988000869751,33.663501739502,.
27625,.,-10.1988000869751,33.663501739502,.
27626,.,-10.1988000869751,33.663501739502,.
27627,.,-10.1988000869751,33.663501739502,.
27628,.,-10.1988000869751,33.663501739502,.
27629,.,-10.1988000869751,33.663501739502,.
27630,.,-10.1988000869751,33.663501739502,.
27631,.,-10.1988000869751,33.663501739502,.
27632,.,-10.1988000869751,33.663501739502,.
27633,.,-10.2587995529175,33.6116981506348,.
27634,.,-10.2587995529175,33.6116981506348,.
27635,.,-10.2587995529175,33.6116981506348,.
27636,.,-10.2587995529175,33.6116981506348,.
27637,.,-10.2587995529175,33.6116981506348,.
27638,.,-10.4098997116089,33.6377983093262,.
27639,.,-10.4098997116089,33.6377983093262,.
27640,.,-10.4098997116089,33.6377983093262,.
27641,.,-10.4098997116089,33.6377983093262,.
27642,.,-10.4098997116089,33.6377983093262,.
27643,.,-10.4098997116089,33.6377983093262,.
27644,.,-10.4098997116089,33.6377983093262,.
27645,.,-10.4098997116089,33.6377983093262,.
27646,.,-10.4098997116089,33.6377983093262,.
27647,.,-10.4098997116089,33.6377983093262,.
27648,.,-10.4098997116089,33.6377983093262,.
27649,.,-10.4098997116089,33.6377983093262,.
27650,.,-10.4098997116089,33.6377983093262,.
27651,.,-10.4098997116089,33.6377983093262,.
27652,.,-10.4098997116089,33.6377983093262,.
27653,.,-10.4098997116089,33.6377983093262,.
27654,.,-10.4098997116089,33.6377983093262,.
27655,.,-10.4098997116089,33.6377983093262,.
27656,.,-9.40349006652832,32.9793014526367,.
27657,.,-9.40349006652832,32.9793014526367,.
27658,.,-9.40349006652832,32.9793014526367,.
27659,.,-9.40349006652832,32.9793014526367,.
27660,.,-9.40349006652832,32.9793014526367,.
27661,.,-9.40349006652832,32.9793014526367,.
27662,.,-9.5072603225708,33.1186981201172,.
27663,.,-9.5072603225708,33.1186981201172,.
27664,.,-9.5072603225708,33.1186981201172,.
27665,.,-9.5072603225708,33.1186981201172,.
27666,.,-9.5072603225708,33.1186981201172,.
27667,.,-9.5072603225708,33.1186981201172,.
27668,.,-9.5072603225708,33.1186981201172,.
27669,.,-9.5072603225708,33.1186981201172,.
27670,.,-9.5072603225708,33.1186981201172,.
27671,.,-9.5072603225708,33.1186981201172,.
27672,.,-9.5072603225708,33.1186981201172,.
27673,.,-9.5072603225708,33.1186981201172,.
27674,.,-9.5072603225708,33.1186981201172,.
27675,.,-9.5072603225708,33.1186981201172,.
27676,.,-9.5072603225708,33.1186981201172,.
27677,.,-9.5072603225708,33.1186981201172,.
27678,.,-9.5072603225708,33.1186981201172,.
27679,.,-9.70903015136719,33.2831993103027,.
27680,.,-9.70903015136719,33.2831993103027,.
27681,.,-9.70903015136719,33.2831993103027,.
27682,.,-9.70903015136719,33.2831993103027,.
27683,.,-9.70903015136719,33.2831993103027,.
27684,.,-9.69013023376465,33.2899017333984,.
27685,.,-9.76809978485107,33.8950996398926,.
27686,.,-9.76809978485107,33.8950996398926,.
27687,.,-9.76809978485107,33.8950996398926,.
27688,.,-9.78425025939941,33.8302001953125,.
27689,.,-9.78425025939941,33.8302001953125,.
27690,.,-9.78425025939941,33.8302001953125,.
27691,.,-9.78425025939941,33.8302001953125,.
27692,.,-9.78425025939941,33.8302001953125,.
27693,.,-9.78425025939941,33.8302001953125,.
27694,.,-9.78425025939941,33.8302001953125,.
27695,.,-9.79563999176025,33.8455009460449,.
27696,.,-9.79563999176025,33.8455009460449,.
27697,.,-9.79563999176025,33.8455009460449,.
27698,.,-9.79563999176025,33.8455009460449,.
27699,.,-9.84482955932617,33.8736991882324,.
27700,.,-9.84482955932617,33.8736991882324,.
27701,.,-9.84482955932617,33.8736991882324,.
27702,.,-9.84482955932617,33.8736991882324,.
27703,.,-9.84482955932617,33.8736991882324,.
27704,.,-9.84482955932617,33.8736991882324,.
27705,.,-9.84482955932617,33.8736991882324,.
27706,.,-9.84482955932617,33.8736991882324,.
27707,.,-9.84482955932617,33.8736991882324,.
27708,.,-9.84482955932617,33.8736991882324,.
27709,.,-9.6637601852417,33.6730003356934,.
27710,.,-9.6637601852417,33.6730003356934,.
27711,.,-9.6637601852417,33.6730003356934,.
27712,.,-9.6637601852417,33.6730003356934,.
27713,.,-9.6637601852417,33.6730003356934,.
27714,.,-9.6814603805542,33.8498001098633,.
27715,.,-9.6814603805542,33.8498001098633,.
27716,.,-9.6814603805542,33.8498001098633,.
27717,.,-9.6814603805542,33.8498001098633,.
27718,.,-9.6814603805542,33.8498001098633,.
27719,.,-9.6814603805542,33.8498001098633,.
27720,.,-9.6814603805542,33.8498001098633,.
27721,.,-9.6814603805542,33.8498001098633,.
27722,.,-10.0022001266479,33.6684989929199,.
27723,.,-10.0022001266479,33.6684989929199,.
27724,.,-10.0022001266479,33.6684989929199,.
27725,.,-10.0022001266479,33.6684989929199,.
27726,.,-10.0022001266479,33.6684989929199,.
27727,.,-10.0022001266479,33.6684989929199,.
27728,.,-10.0022001266479,33.6684989929199,.
27729,.,-10.0022001266479,33.6684989929199,.
27730,.,-10.0022001266479,33.6684989929199,.
27731,.,-10.0022001266479,33.6684989929199,.
27732,.,-10.0022001266479,33.6684989929199,.
27733,.,-9.91359996795654,33.9174003601074,.
27734,.,-9.91359996795654,33.9174003601074,.
27735,.,-9.91359996795654,33.9174003601074,.
27736,.,-9.91359996795654,33.9174003601074,.
27737,.,-9.87304973602295,33.6206016540527,.
27738,.,-9.93924045562744,33.8608016967773,.
27739,.,-9.93924045562744,33.8608016967773,.
27740,.,-9.93924045562744,33.8608016967773,.
27741,.,-9.93924045562744,33.8608016967773,.
27742,.,-9.93924045562744,33.8608016967773,.
27743,.,-9.93924045562744,33.8608016967773,.
27744,.,-9.93924045562744,33.8608016967773,.
27745,.,-10.1700000762939,33.8033981323242,.
27746,.,-10.1700000762939,33.8033981323242,.
27747,.,-10.1700000762939,33.8033981323242,.
27748,.,-10.0404996871948,33.9086990356445,.
27749,.,-10.0404996871948,33.9086990356445,.
27750,.,-10.0404996871948,33.9086990356445,.
27751,.,-10.0404996871948,33.9086990356445,.
27752,.,-10.0404996871948,33.9086990356445,.
27753,.,-10.0404996871948,33.9086990356445,.
27754,.,-10.0404996871948,33.9086990356445,.
27755,.,-10.0404996871948,33.9086990356445,.
27756,.,-10.0404996871948,33.9086990356445,.
27757,.,-10.4470996856689,34.2148017883301,.
27758,.,-10.4470996856689,34.2148017883301,.
27759,.,-10.4470996856689,34.2148017883301,.
27760,.,-10.4470996856689,34.2148017883301,.
27761,.,-10.4470996856689,34.2148017883301,.
27762,.,-10.4462003707886,34.1193008422852,.
27763,.,-10.4462003707886,34.1193008422852,.
27764,.,-10.4462003707886,34.1193008422852,.
27765,.,-10.4462003707886,34.1193008422852,.
27766,.,-10.4462003707886,34.1193008422852,.
27767,.,-10.4462003707886,34.1193008422852,.
27768,.,-10.4462003707886,34.1193008422852,.
27769,.,-10.4462003707886,34.1193008422852,.
27770,.,-10.4462003707886,34.1193008422852,.
27771,.,-10.3575000762939,34.1277008056641,.
27772,.,-10.3575000762939,34.1277008056641,.
27773,.,-10.3575000762939,34.1277008056641,.
27774,.,-10.3575000762939,34.1277008056641,.
27775,.,-10.3575000762939,34.1277008056641,.
27776,.,-10.3575000762939,34.1277008056641,.
27777,.,-10.3575000762939,34.1277008056641,.
27778,.,-10.4162998199463,34.2318000793457,.
27779,.,-10.4162998199463,34.2318000793457,.
27780,.,-10.4162998199463,34.2318000793457,.
27781,.,-10.4162998199463,34.2318000793457,.
27782,.,-10.4162998199463,34.2318000793457,.
27783,.,-10.4162998199463,34.2318000793457,.
27784,.,-10.4162998199463,34.2318000793457,.
27785,.,-10.4162998199463,34.2318000793457,.
27786,.,-10.4162998199463,34.2318000793457,.
27787,.,-10.4162998199463,34.2318000793457,.
27788,.,-10.4162998199463,34.2318000793457,.
27789,.,-10.4162998199463,34.2318000793457,.
27790,.,-10.4162998199463,34.2318000793457,.
27791,.,-10.556300163269,34.1873016357422,.
27792,.,-10.556300163269,34.1873016357422,.
27793,.,-10.556300163269,34.1873016357422,.
27794,.,-10.556300163269,34.1873016357422,.
27795,.,-10.556300163269,34.1873016357422,.
27796,.,-10.556300163269,34.1873016357422,.
27797,.,-10.556300163269,34.1873016357422,.
27798,.,-10.556300163269,34.1873016357422,.
27799,.,-10.556300163269,34.1873016357422,.
27800,.,-10.556300163269,34.1873016357422,.
27801,.,-10.556300163269,34.1873016357422,.
27802,.,-10.556300163269,34.1873016357422,.
27803,.,-10.556300163269,34.1873016357422,.
27804,.,-10.556300163269,34.1873016357422,.
27805,.,-10.556300163269,34.1873016357422,.
27806,.,-10.556300163269,34.1873016357422,.
27807,.,-10.2562999725342,34.1190986633301,.
27808,.,-10.2562999725342,34.1190986633301,.
27809,.,-10.2562999725342,34.1190986633301,.
27810,.,-10.2562999725342,34.1190986633301,.
27811,.,-10.2562999725342,34.1190986633301,.
27812,.,-10.2562999725342,34.1190986633301,.
27813,.,-10.2562999725342,34.1190986633301,.
27814,.,-10.2562999725342,34.1190986633301,.
27815,.,-10.2562999725342,34.1190986633301,.
27816,.,-10.2562999725342,34.1190986633301,.
27817,.,-10.2562999725342,34.1190986633301,.
27818,.,-10.2562999725342,34.1190986633301,.
27819,.,-10.3122997283936,34.0707015991211,.
27820,.,-10.3122997283936,34.0707015991211,.
27821,.,-10.3122997283936,34.0707015991211,.
27822,.,-10.3122997283936,34.0707015991211,.
27823,.,-10.3122997283936,34.0707015991211,.
27824,.,-9.93589973449707,33.9151992797852,.
27825,.,-9.93589973449707,33.9151992797852,.
27826,.,-9.9753999710083,33.9259986877441,.
27827,.,-9.9753999710083,33.9259986877441,.
27828,.,-9.9753999710083,33.9259986877441,.
27829,.,-9.9753999710083,33.9259986877441,.
27830,.,-9.9753999710083,33.9259986877441,.
27831,.,-9.9753999710083,33.9259986877441,.
27832,.,-9.9753999710083,33.9259986877441,.
27833,.,-9.9753999710083,33.9259986877441,.
27834,.,-9.9753999710083,33.9259986877441,.
27835,.,-9.9753999710083,33.9259986877441,.
27836,.,-9.9753999710083,33.9259986877441,.
27837,.,-9.9753999710083,33.9259986877441,.
27838,.,-9.9753999710083,33.9259986877441,.
27839,.,-9.9753999710083,33.9259986877441,.
27840,.,-9.9753999710083,33.9259986877441,.
27841,.,-9.9753999710083,33.9259986877441,.
27842,.,-9.9753999710083,33.9259986877441,.
27843,.,-9.9753999710083,33.9259986877441,.
27844,.,-9.9753999710083,33.9259986877441,.
27845,.,-9.94851970672607,33.8963012695313,.
27846,.,-9.9312801361084,33.9323997497559,.
27847,.,-9.9312801361084,33.9323997497559,.
27848,.,-9.9312801361084,33.9323997497559,.
27849,.,-11.4949998855591,33.9723014831543,.
27850,.,-11.4949998855591,33.9723014831543,.
27851,.,-11.4949998855591,33.9723014831543,.
27852,.,-11.4949998855591,33.9723014831543,.
27853,.,-11.4949998855591,33.9723014831543,.
27854,.,-11.4949998855591,33.9723014831543,.
27855,.,-11.4949998855591,33.9723014831543,.
27856,.,-11.4949998855591,33.9723014831543,.
27857,.,-11.7131004333496,33.937801361084,.
27858,.,-11.7131004333496,33.937801361084,.
27859,.,-11.7131004333496,33.937801361084,.
27860,.,-11.7131004333496,33.937801361084,.
27861,.,-11.7131004333496,33.937801361084,.
27862,.,-11.7131004333496,33.937801361084,.
27863,.,-11.7131004333496,33.937801361084,.
27864,.,-11.7131004333496,33.937801361084,.
27865,.,-11.7131004333496,33.937801361084,.
27866,.,-11.7131004333496,33.937801361084,.
27867,.,-11.7131004333496,33.937801361084,.
27868,.,-11.7131004333496,33.937801361084,.
27869,.,-11.7131004333496,33.937801361084,.
27870,.,-11.7131004333496,33.937801361084,.
27871,.,-11.7131004333496,33.937801361084,.
27872,.,-11.7131004333496,33.937801361084,.
27873,.,-11.7131004333496,33.937801361084,.
27874,.,-11.6477003097534,34.125,.
27875,.,-11.6477003097534,34.125,.
27876,.,-11.6477003097534,34.125,.
27877,.,-11.6477003097534,34.125,.
27878,.,-11.6477003097534,34.125,.
27879,.,-11.6375999450684,34.0964012145996,.
27880,.,-11.6375999450684,34.0964012145996,.
27881,.,-11.6375999450684,34.0964012145996,.
27882,.,-11.96399974823,34.0768013000488,.
27883,.,-11.96399974823,34.0768013000488,.
27884,.,-11.96399974823,34.0768013000488,.
27885,.,-11.96399974823,34.0768013000488,.
27886,.,-11.96399974823,34.0768013000488,.
27887,.,-11.96399974823,34.0768013000488,.
27888,.,-11.96399974823,34.0768013000488,.
27889,.,-11.8910999298096,34.111499786377,.
27890,.,-11.8910999298096,34.111499786377,.
27891,.,-11.8910999298096,34.111499786377,.
27892,.,-11.8910999298096,34.111499786377,.
27893,.,-11.8910999298096,34.111499786377,.
27894,.,-11.836199760437,34.1621017456055,.
27895,.,-11.836199760437,34.1621017456055,.
27896,.,-11.836199760437,34.1621017456055,.
27897,.,-11.836199760437,34.1621017456055,.
27898,.,-11.836199760437,34.1621017456055,.
27899,.,-11.836199760437,34.1621017456055,.
27900,.,-11.836199760437,34.1621017456055,.
27901,.,-11.836199760437,34.1621017456055,.
27902,.,-11.836199760437,34.1621017456055,.
27903,.,-11.836199760437,34.1621017456055,.
27904,.,-11.836199760437,34.1621017456055,.
27905,.,-11.8374004364014,34.1483001708984,.
27906,.,-11.8374004364014,34.1483001708984,.
27907,.,-11.8374004364014,34.1483001708984,.
27908,.,-11.8374004364014,34.1483001708984,.
27909,.,-11.8374004364014,34.1483001708984,.
27910,.,-11.8374004364014,34.1483001708984,.
27911,.,-11.8374004364014,34.1483001708984,.
27912,.,-11.8374004364014,34.1483001708984,.
27913,.,-11.7659997940063,34.1557998657227,.
27914,.,-11.7659997940063,34.1557998657227,.
27915,.,-11.7659997940063,34.1557998657227,.
27916,.,-11.7659997940063,34.1557998657227,.
27917,.,-11.7659997940063,34.1557998657227,.
27918,.,-11.7659997940063,34.1557998657227,.
27919,.,-11.7659997940063,34.1557998657227,.
27920,.,-11.7659997940063,34.1557998657227,.
27921,.,-11.7659997940063,34.1557998657227,.
27922,.,-11.7659997940063,34.1557998657227,.
27923,.,-11.7659997940063,34.1557998657227,.
27924,.,-12.1525001525879,34.0251007080078,.
27925,.,-12.1525001525879,34.0251007080078,.
27926,.,-12.1525001525879,34.0251007080078,.
27927,.,-12.1525001525879,34.0251007080078,.
27928,.,-12.1525001525879,34.0251007080078,.
27929,.,-12.1525001525879,34.0251007080078,.
27930,.,-12.1525001525879,34.0251007080078,.
27931,.,-11.6674995422363,34.2550010681152,.
27932,.,-11.6674995422363,34.2550010681152,.
27933,.,-11.6674995422363,34.2550010681152,.
27934,.,-11.6674995422363,34.2550010681152,.
27935,.,-11.6583003997803,34.3036003112793,.
27936,.,-11.6583003997803,34.3036003112793,.
27937,.,-11.6583003997803,34.3036003112793,.
27938,.,-11.6583003997803,34.3036003112793,.
27939,.,-11.6583003997803,34.3036003112793,.
27940,.,-11.6583003997803,34.3036003112793,.
27941,.,-11.6583003997803,34.3036003112793,.
27942,.,-11.7643003463745,34.1954002380371,.
27943,.,-11.7643003463745,34.1954002380371,.
27944,.,-11.7643003463745,34.1954002380371,.
27945,.,-11.7643003463745,34.1954002380371,.
27946,.,-11.7643003463745,34.1954002380371,.
27947,.,-11.657600402832,34.2490005493164,.
27948,.,-11.657600402832,34.2490005493164,.
27949,.,-11.657600402832,34.2490005493164,.
27950,.,-11.657600402832,34.2490005493164,.
27951,.,-11.657600402832,34.2490005493164,.
27952,.,-11.5363998413086,34.2779998779297,.
27953,.,-11.5363998413086,34.2779998779297,.
27954,.,-11.5363998413086,34.2779998779297,.
27955,.,-11.5363998413086,34.2779998779297,.
27956,.,-11.5363998413086,34.2779998779297,.
27957,.,-11.5363998413086,34.2779998779297,.
27958,.,-11.5363998413086,34.2779998779297,.
27959,.,-11.5363998413086,34.2779998779297,.
27960,.,-11.2735996246338,34.1397018432617,.
27961,.,-11.2735996246338,34.1397018432617,.
27962,.,-11.2735996246338,34.1397018432617,.
27963,.,-11.2735996246338,34.1397018432617,.
27964,.,-11.305700302124,34.192699432373,.
27965,.,-11.305700302124,34.192699432373,.
27966,.,-11.305700302124,34.192699432373,.
27967,.,-11.305700302124,34.192699432373,.
27968,.,-11.305700302124,34.192699432373,.
27969,.,-11.305700302124,34.192699432373,.
27970,.,-11.3823003768921,34.0550994873047,.
27971,.,-11.3823003768921,34.0550994873047,.
27972,.,-11.3823003768921,34.0550994873047,.
27973,.,-11.3823003768921,34.0550994873047,.
27974,.,-11.3823003768921,34.0550994873047,.
27975,.,-11.3823003768921,34.0550994873047,.
27976,.,-11.3823003768921,34.0550994873047,.
27977,.,-11.3823003768921,34.0550994873047,.
27978,.,-11.3823003768921,34.0550994873047,.
27979,.,-11.3823003768921,34.0550994873047,.
27980,.,-11.3823003768921,34.0550994873047,.
27981,.,-11.3823003768921,34.0550994873047,.
27982,.,-11.3823003768921,34.0550994873047,.
27983,.,-11.3823003768921,34.0550994873047,.
27984,.,-11.3823003768921,34.0550994873047,.
27985,.,-11.3823003768921,34.0550994873047,.
27986,.,-11.3823003768921,34.0550994873047,.
27987,.,-11.5334997177124,34.128101348877,.
27988,.,-11.5334997177124,34.128101348877,.
27989,.,-11.5334997177124,34.128101348877,.
27990,.,-11.5334997177124,34.128101348877,.
27991,.,-11.5334997177124,34.128101348877,.
27992,.,-11.5334997177124,34.128101348877,.
27993,.,-11.5334997177124,34.128101348877,.
27994,.,-11.5334997177124,34.128101348877,.
27995,.,-11.5334997177124,34.128101348877,.
27996,.,-11.6051998138428,34.2014999389648,.
27997,.,-11.6051998138428,34.2014999389648,.
27998,.,-11.6051998138428,34.2014999389648,.
27999,.,-11.6051998138428,34.2014999389648,.
28000,.,-11.6051998138428,34.2014999389648,.
28001,.,-11.6051998138428,34.2014999389648,.
28002,.,-11.6051998138428,34.2014999389648,.
28003,.,-11.6051998138428,34.2014999389648,.
28004,.,-11.6051998138428,34.2014999389648,.
28005,.,-11.472900390625,34.1657981872559,.
28006,.,-11.472900390625,34.1657981872559,.
28007,.,-11.472900390625,34.1657981872559,.
28008,.,-11.6218996047974,34.1769981384277,.
28009,.,-11.6218996047974,34.1769981384277,.
28010,.,-11.6218996047974,34.1769981384277,.
28011,.,-11.6218996047974,34.1769981384277,.
28012,.,-11.6218996047974,34.1769981384277,.
28013,.,-11.6218996047974,34.1769981384277,.
28014,.,-11.6218996047974,34.1769981384277,.
28015,.,-11.6218996047974,34.1769981384277,.
28016,.,-11.6218996047974,34.1769981384277,.
28017,.,-11.6218996047974,34.1769981384277,.
28018,.,-11.6218996047974,34.1769981384277,.
28019,.,-11.6153001785278,34.288200378418,.
28020,.,-10.9995002746582,33.7092018127441,.
28021,.,-10.9995002746582,33.7092018127441,.
28022,.,-10.9995002746582,33.7092018127441,.
28023,.,-10.9995002746582,33.7092018127441,.
28024,.,-10.9995002746582,33.7092018127441,.
28025,.,-10.9995002746582,33.7092018127441,.
28026,.,-10.9995002746582,33.7092018127441,.
28027,.,-10.9995002746582,33.7092018127441,.
28028,.,-10.9995002746582,33.7092018127441,.
28029,.,-10.9995002746582,33.7092018127441,.
28030,.,-10.9995002746582,33.7092018127441,.
28031,.,-10.9995002746582,33.7092018127441,.
28032,.,-10.9995002746582,33.7092018127441,.
28033,.,-10.9995002746582,33.7092018127441,.
28034,.,-10.9995002746582,33.7092018127441,.
28035,.,-10.9995002746582,33.7092018127441,.
28036,.,-10.9995002746582,33.7092018127441,.
28037,.,-10.862099647522,33.7639007568359,.
28038,.,-10.862099647522,33.7639007568359,.
28039,.,-10.862099647522,33.7639007568359,.
28040,.,-10.862099647522,33.7639007568359,.
28041,.,-10.862099647522,33.7639007568359,.
28042,.,-10.862099647522,33.7639007568359,.
28043,.,-10.862099647522,33.7639007568359,.
28044,.,-10.862099647522,33.7639007568359,.
28045,.,-10.862099647522,33.7639007568359,.
28046,.,-10.862099647522,33.7639007568359,.
28047,.,-10.862099647522,33.7639007568359,.
28048,.,-10.862099647522,33.7639007568359,.
28049,.,-10.862099647522,33.7639007568359,.
28050,.,-11.0164003372192,33.7354011535645,.
28051,.,-11.0164003372192,33.7354011535645,.
28052,.,-11.0164003372192,33.7354011535645,.
28053,.,-11.0164003372192,33.7354011535645,.
28054,.,-11.0164003372192,33.7354011535645,.
28055,.,-11.0164003372192,33.7354011535645,.
28056,.,-11.0164003372192,33.7354011535645,.
28057,.,-11.0164003372192,33.7354011535645,.
28058,.,-11.0164003372192,33.7354011535645,.
28059,.,-11.0164003372192,33.7354011535645,.
28060,.,-10.9368000030518,33.9123992919922,.
28061,.,-10.9368000030518,33.9123992919922,.
28062,.,-10.9368000030518,33.9123992919922,.
28063,.,-10.9368000030518,33.9123992919922,.
28064,.,-10.9368000030518,33.9123992919922,.
28065,.,-10.9368000030518,33.9123992919922,.
28066,.,-10.9368000030518,33.9123992919922,.
28067,.,-10.9368000030518,33.9123992919922,.
28068,.,-10.9368000030518,33.9123992919922,.
28069,.,-10.9368000030518,33.9123992919922,.
28070,.,-10.9368000030518,33.9123992919922,.
28071,.,-10.9368000030518,33.9123992919922,.
28072,.,-10.9368000030518,33.9123992919922,.
28073,.,-10.9368000030518,33.9123992919922,.
28074,.,-10.9368000030518,33.9123992919922,.
28075,.,-11.0516996383667,33.6870994567871,.
28076,.,-11.0516996383667,33.6870994567871,.
28077,.,-11.0516996383667,33.6870994567871,.
28078,.,-11.0516996383667,33.6870994567871,.
28079,.,-11.0516996383667,33.6870994567871,.
28080,.,-11.0516996383667,33.6870994567871,.
28081,.,-11.0516996383667,33.6870994567871,.
28082,.,-11.0516996383667,33.6870994567871,.
28083,.,-11.0516996383667,33.6870994567871,.
28084,.,-11.0516996383667,33.6870994567871,.
28085,.,-10.9731998443604,33.6501007080078,.
28086,.,-10.9731998443604,33.6501007080078,.
28087,.,-10.9731998443604,33.6501007080078,.
28088,.,-10.9731998443604,33.6501007080078,.
28089,.,-10.9731998443604,33.6501007080078,.
28090,.,-10.9731998443604,33.6501007080078,.
28091,.,-10.9731998443604,33.6501007080078,.
28092,.,-10.9731998443604,33.6501007080078,.
28093,.,-10.9731998443604,33.6501007080078,.
28094,.,-10.9731998443604,33.6501007080078,.
28095,.,-10.9731998443604,33.6501007080078,.
28096,.,-10.9492998123169,33.55419921875,.
28097,.,-10.9492998123169,33.55419921875,.
28098,.,-10.9492998123169,33.55419921875,.
28099,.,-10.9492998123169,33.55419921875,.
28100,.,-10.9492998123169,33.55419921875,.
28101,.,-10.9492998123169,33.55419921875,.
28102,.,-10.9492998123169,33.55419921875,.
28103,.,-10.9492998123169,33.55419921875,.
28104,.,-10.9492998123169,33.55419921875,.
28105,.,-10.9492998123169,33.55419921875,.
28106,.,-10.9492998123169,33.55419921875,.
28107,.,-10.9492998123169,33.55419921875,.
28108,.,-10.9764995574951,33.7962989807129,.
28109,.,-10.9764995574951,33.7962989807129,.
28110,.,-10.9764995574951,33.7962989807129,.
28111,.,-10.9764995574951,33.7962989807129,.
28112,.,-10.9764995574951,33.7962989807129,.
28113,.,-10.9764995574951,33.7962989807129,.
28114,.,-10.9764995574951,33.7962989807129,.
28115,.,-10.9764995574951,33.7962989807129,.
28116,.,-10.9764995574951,33.7962989807129,.
28117,.,-10.9075002670288,33.6501007080078,.
28118,.,-10.9075002670288,33.6501007080078,.
28119,.,-10.9075002670288,33.6501007080078,.
28120,.,-10.9075002670288,33.6501007080078,.
28121,.,-10.9075002670288,33.6501007080078,.
28122,.,-10.9075002670288,33.6501007080078,.
28123,.,-10.9075002670288,33.6501007080078,.
28124,.,-10.9075002670288,33.6501007080078,.
28125,.,-10.9075002670288,33.6501007080078,.
28126,.,-10.9075002670288,33.6501007080078,.
28127,.,-10.7908000946045,34.1952018737793,.
28128,.,-10.7908000946045,34.1952018737793,.
28129,.,-10.7908000946045,34.1952018737793,.
28130,.,-10.9069995880127,33.9705009460449,.
28131,.,-10.9069995880127,33.9705009460449,.
28132,.,-10.9069995880127,33.9705009460449,.
28133,.,-10.9069995880127,33.9705009460449,.
28134,.,-10.9069995880127,33.9705009460449,.
28135,.,-10.9069995880127,33.9705009460449,.
28136,.,-10.9069995880127,33.9705009460449,.
28137,.,-10.9069995880127,33.9705009460449,.
28138,.,-10.9069995880127,33.9705009460449,.
28139,.,-10.9069995880127,33.9705009460449,.
28140,.,-10.9069995880127,33.9705009460449,.
28141,.,-10.9069995880127,33.9705009460449,.
28142,.,-10.9069995880127,33.9705009460449,.
28143,.,-10.9069995880127,33.9705009460449,.
28144,.,-10.9069995880127,33.9705009460449,.
28145,.,-10.9069995880127,33.9705009460449,.
28146,.,-10.8442001342773,34.0348014831543,.
28147,.,-10.8442001342773,34.0348014831543,.
28148,.,-10.8442001342773,34.0348014831543,.
28149,.,-10.8442001342773,34.0348014831543,.
28150,.,-10.8442001342773,34.0348014831543,.
28151,.,-10.8442001342773,34.0348014831543,.
28152,.,-10.8442001342773,34.0348014831543,.
28153,.,-10.8442001342773,34.0348014831543,.
28154,.,-10.8442001342773,34.0348014831543,.
28155,.,-10.8442001342773,34.0348014831543,.
28156,.,-10.8442001342773,34.0348014831543,.
28157,.,-10.8442001342773,34.0348014831543,.
28158,.,-10.8442001342773,34.0348014831543,.
28159,.,-10.8442001342773,34.0348014831543,.
28160,.,-10.6386995315552,34.1823997497559,.
28161,.,-10.6386995315552,34.1823997497559,.
28162,.,-10.6386995315552,34.1823997497559,.
28163,.,-10.6386995315552,34.1823997497559,.
28164,.,-10.6386995315552,34.1823997497559,.
28165,.,-10.6386995315552,34.1823997497559,.
28166,.,-10.6386995315552,34.1823997497559,.
28167,.,-10.6386995315552,34.1823997497559,.
28168,.,-10.6386995315552,34.1823997497559,.
28169,.,-10.6386995315552,34.1823997497559,.
28170,.,-10.6386995315552,34.1823997497559,.
28171,.,-10.6386995315552,34.1823997497559,.
28172,.,-10.6386995315552,34.1823997497559,.
28173,.,-10.7149000167847,34.1180992126465,.
28174,.,-10.7149000167847,34.1180992126465,.
28175,.,-10.7149000167847,34.1180992126465,.
28176,.,-10.7149000167847,34.1180992126465,.
28177,.,-10.7149000167847,34.1180992126465,.
28178,.,-10.7149000167847,34.1180992126465,.
28179,.,-10.7149000167847,34.1180992126465,.
28180,.,-10.7149000167847,34.1180992126465,.
28181,.,-10.7149000167847,34.1180992126465,.
28182,.,-10.7149000167847,34.1180992126465,.
28183,.,-10.6794004440308,34.0774993896484,.
28184,.,-10.6794004440308,34.0774993896484,.
28185,.,-10.6794004440308,34.0774993896484,.
28186,.,-10.6794004440308,34.0774993896484,.
28187,.,-10.6794004440308,34.0774993896484,.
28188,.,-10.6794004440308,34.0774993896484,.
28189,.,-10.6794004440308,34.0774993896484,.
28190,.,-10.6794004440308,34.0774993896484,.
28191,.,-10.6794004440308,34.0774993896484,.
28192,.,-10.6794004440308,34.0774993896484,.
28193,.,-10.6794004440308,34.0774993896484,.
28194,.,-10.6794004440308,34.0774993896484,.
28195,.,-10.6794004440308,34.0774993896484,.
28196,.,-10.6794004440308,34.0774993896484,.
28197,.,-10.6794004440308,34.0774993896484,.
28198,.,-10.6794004440308,34.0774993896484,.
28199,.,-10.6794004440308,34.0774993896484,.
28200,.,-10.6794004440308,34.0774993896484,.
28201,.,-10.6794004440308,34.0774993896484,.
28202,.,-10.6794004440308,34.0774993896484,.
28203,.,-10.6082000732422,34.1108016967773,.
28204,.,-10.6082000732422,34.1108016967773,.
28205,.,-10.6082000732422,34.1108016967773,.
28206,.,-10.6082000732422,34.1108016967773,.
28207,.,-10.6082000732422,34.1108016967773,.
28208,.,-10.6082000732422,34.1108016967773,.
28209,.,-10.6082000732422,34.1108016967773,.
28210,.,-10.6082000732422,34.1108016967773,.
28211,.,-10.6082000732422,34.1108016967773,.
28212,.,-10.6082000732422,34.1108016967773,.
28213,.,-10.6082000732422,34.1108016967773,.
28214,.,-11.0241003036499,34.0392990112305,.
28215,.,-11.0241003036499,34.0392990112305,.
28216,.,-11.0241003036499,34.0392990112305,.
28217,.,-11.0241003036499,34.0392990112305,.
28218,.,-11.0241003036499,34.0392990112305,.
28219,.,-11.0241003036499,34.0392990112305,.
28220,.,-11.0241003036499,34.0392990112305,.
28221,.,-11.0241003036499,34.0392990112305,.
28222,.,-11.0241003036499,34.0392990112305,.
28223,.,-11.0241003036499,34.0392990112305,.
28224,.,-11.0241003036499,34.0392990112305,.
28225,.,-11.0241003036499,34.0392990112305,.
28226,.,-11.0241003036499,34.0392990112305,.
28227,.,-11.0241003036499,34.0392990112305,.
28228,.,-11.0241003036499,34.0392990112305,.
28229,.,-10.9601001739502,34.0000991821289,.
28230,.,-10.9601001739502,34.0000991821289,.
28231,.,-10.9601001739502,34.0000991821289,.
28232,.,-10.9601001739502,34.0000991821289,.
28233,.,-10.9601001739502,34.0000991821289,.
28234,.,-10.9601001739502,34.0000991821289,.
28235,.,-10.9601001739502,34.0000991821289,.
28236,.,-10.9601001739502,34.0000991821289,.
28237,.,-10.9601001739502,34.0000991821289,.
28238,.,-10.9601001739502,34.0000991821289,.
28239,.,-10.9601001739502,34.0000991821289,.
28240,.,-10.9601001739502,34.0000991821289,.
28241,.,-10.9601001739502,34.0000991821289,.
28242,.,-10.9601001739502,34.0000991821289,.
28243,.,-10.9601001739502,34.0000991821289,.
28244,.,-10.9601001739502,34.0000991821289,.
28245,.,-10.9601001739502,34.0000991821289,.
28246,.,-10.9278001785278,34.0750007629395,.
28247,.,-10.9278001785278,34.0750007629395,.
28248,.,-10.9278001785278,34.0750007629395,.
28249,.,-10.9278001785278,34.0750007629395,.
28250,.,-10.9278001785278,34.0750007629395,.
28251,.,-10.9278001785278,34.0750007629395,.
28252,.,-10.9278001785278,34.0750007629395,.
28253,.,-10.9278001785278,34.0750007629395,.
28254,.,-10.9278001785278,34.0750007629395,.
28255,.,-10.9278001785278,34.0750007629395,.
28256,.,-10.9278001785278,34.0750007629395,.
28257,.,-10.9278001785278,34.0750007629395,.
28258,.,-10.8036003112793,33.5424995422363,.
28259,.,-10.8036003112793,33.5424995422363,.
28260,.,-10.8036003112793,33.5424995422363,.
28261,.,-10.8036003112793,33.5424995422363,.
28262,.,-10.8036003112793,33.5424995422363,.
28263,.,-10.8036003112793,33.5424995422363,.
28264,.,-10.8036003112793,33.5424995422363,.
28265,.,-10.8036003112793,33.5424995422363,.
28266,.,-10.8036003112793,33.5424995422363,.
28267,.,-10.8036003112793,33.5424995422363,.
28268,.,-10.8036003112793,33.5424995422363,.
28269,.,-10.8036003112793,33.5424995422363,.
28270,.,-10.8036003112793,33.5424995422363,.
28271,.,-10.8036003112793,33.5424995422363,.
28272,.,-10.8036003112793,33.5424995422363,.
28273,.,-10.8036003112793,33.5424995422363,.
28274,.,-10.8036003112793,33.5424995422363,.
28275,.,-10.8626003265381,33.5009002685547,.
28276,.,-10.8626003265381,33.5009002685547,.
28277,.,-10.8626003265381,33.5009002685547,.
28278,.,-10.8626003265381,33.5009002685547,.
28279,.,-10.8626003265381,33.5009002685547,.
28280,.,-10.8626003265381,33.5009002685547,.
28281,.,-10.8626003265381,33.5009002685547,.
28282,.,-10.8626003265381,33.5009002685547,.
28283,.,-10.8626003265381,33.5009002685547,.
28284,.,-10.8626003265381,33.5009002685547,.
28285,.,-10.8626003265381,33.5009002685547,.
28286,.,-11.0222997665405,33.8824996948242,.
28287,.,-11.0222997665405,33.8824996948242,.
28288,.,-11.0222997665405,33.8824996948242,.
28289,.,-11.0222997665405,33.8824996948242,.
28290,.,-11.0222997665405,33.8824996948242,.
28291,.,-11.0222997665405,33.8824996948242,.
28292,.,-11.0222997665405,33.8824996948242,.
28293,.,-11.0222997665405,33.8824996948242,.
28294,.,-11.0222997665405,33.8824996948242,.
28295,.,-11.0222997665405,33.8824996948242,.
28296,.,-11.0222997665405,33.8824996948242,.
28297,.,-11.0222997665405,33.8824996948242,.
28298,.,-11.0195999145508,33.8438987731934,.
28299,.,-11.0195999145508,33.8438987731934,.
28300,.,-11.0195999145508,33.8438987731934,.
28301,.,-11.0195999145508,33.8438987731934,.
28302,.,-11.0195999145508,33.8438987731934,.
28303,.,-11.0195999145508,33.8438987731934,.
28304,.,-11.0195999145508,33.8438987731934,.
28305,.,-11.0195999145508,33.8438987731934,.
28306,.,-11.0195999145508,33.8438987731934,.
28307,.,-11.0249996185303,33.8452987670898,.
28308,.,-11.0249996185303,33.8452987670898,.
28309,.,-11.941499710083,33.4580993652344,.
28310,.,-11.941499710083,33.4580993652344,.
28311,.,-11.941499710083,33.4580993652344,.
28312,.,-11.941499710083,33.4580993652344,.
28313,.,-11.941499710083,33.4580993652344,.
28314,.,-11.941499710083,33.4580993652344,.
28315,.,-11.941499710083,33.4580993652344,.
28316,.,-11.941499710083,33.4580993652344,.
28317,.,-11.941499710083,33.4580993652344,.
28318,.,-11.941499710083,33.4580993652344,.
28319,.,-11.941499710083,33.4580993652344,.
28320,.,-11.941499710083,33.4580993652344,.
28321,.,-11.941499710083,33.4580993652344,.
28322,.,-11.941499710083,33.4580993652344,.
28323,.,-11.941499710083,33.4580993652344,.
28324,.,-11.941499710083,33.4580993652344,.
28325,.,-11.941499710083,33.4580993652344,.
28326,.,-11.8392000198364,33.3823013305664,.
28327,.,-11.8392000198364,33.3823013305664,.
28328,.,-11.8392000198364,33.3823013305664,.
28329,.,-11.8392000198364,33.3823013305664,.
28330,.,-11.8392000198364,33.3823013305664,.
28331,.,-11.8392000198364,33.3823013305664,.
28332,.,-11.8392000198364,33.3823013305664,.
28333,.,-11.8392000198364,33.3823013305664,.
28334,.,-11.8392000198364,33.3823013305664,.
28335,.,-11.8392000198364,33.3823013305664,.
28336,.,-11.8392000198364,33.3823013305664,.
28337,.,-11.8392000198364,33.3823013305664,.
28338,.,-11.8392000198364,33.3823013305664,.
28339,.,-11.8392000198364,33.3823013305664,.
28340,.,-11.8392000198364,33.3823013305664,.
28341,.,-11.8392000198364,33.3823013305664,.
28342,.,-11.8392000198364,33.3823013305664,.
28343,.,-11.8392000198364,33.3823013305664,.
28344,.,-11.8392000198364,33.3823013305664,.
28345,.,-12.211199760437,33.3270988464355,.
28346,.,-12.211199760437,33.3270988464355,.
28347,.,-12.211199760437,33.3270988464355,.
28348,.,-12.211199760437,33.3270988464355,.
28349,.,-12.211199760437,33.3270988464355,.
28350,.,-12.211199760437,33.3270988464355,.
28351,.,-12.211199760437,33.3270988464355,.
28352,.,-12.211199760437,33.3270988464355,.
28353,.,-12.211199760437,33.3270988464355,.
28354,.,-12.211199760437,33.3270988464355,.
28355,.,-12.211199760437,33.3270988464355,.
28356,.,-12.211199760437,33.3270988464355,.
28357,.,-12.211199760437,33.3270988464355,.
28358,.,-12.211199760437,33.3270988464355,.
28359,.,-12.211199760437,33.3270988464355,.
28360,.,-12.211199760437,33.3270988464355,.
28361,.,-12.211199760437,33.3270988464355,.
28362,.,-12.211199760437,33.3270988464355,.
28363,.,-12.211199760437,33.3270988464355,.
28364,.,-12.211199760437,33.3270988464355,.
28365,.,-11.9792003631592,33.4991989135742,.
28366,.,-11.9792003631592,33.4991989135742,.
28367,.,-11.9792003631592,33.4991989135742,.
28368,.,-11.9792003631592,33.4991989135742,.
28369,.,-11.9792003631592,33.4991989135742,.
28370,.,-11.9792003631592,33.4991989135742,.
28371,.,-11.9792003631592,33.4991989135742,.
28372,.,-11.9792003631592,33.4991989135742,.
28373,.,-11.9792003631592,33.4991989135742,.
28374,.,-11.9792003631592,33.4991989135742,.
28375,.,-11.9792003631592,33.4991989135742,.
28376,.,-11.9792003631592,33.4991989135742,.
28377,.,-11.9792003631592,33.4991989135742,.
28378,.,-11.9792003631592,33.4991989135742,.
28379,.,-11.9792003631592,33.4991989135742,.
28380,.,-11.9792003631592,33.4991989135742,.
28381,.,-11.9792003631592,33.4991989135742,.
28382,.,-11.9792003631592,33.4991989135742,.
28383,.,-11.9792003631592,33.4991989135742,.
28384,.,-11.9792003631592,33.4991989135742,.
28385,.,-11.9792003631592,33.4991989135742,.
28386,.,-11.9792003631592,33.4991989135742,.
28387,.,-11.9792003631592,33.4991989135742,.
28388,.,-11.9792003631592,33.4991989135742,.
28389,.,-11.9792003631592,33.4991989135742,.
28390,.,-11.0909004211426,33.8821983337402,.
28391,.,-11.0909004211426,33.8821983337402,.
28392,.,-11.0909004211426,33.8821983337402,.
28393,.,-11.0909004211426,33.8821983337402,.
28394,.,-11.0909004211426,33.8821983337402,.
28395,.,-11.0909004211426,33.8821983337402,.
28396,.,-11.0909004211426,33.8821983337402,.
28397,.,-11.0909004211426,33.8821983337402,.
28398,.,-11.0909004211426,33.8821983337402,.
28399,.,-11.0909004211426,33.8821983337402,.
28400,.,-11.0909004211426,33.8821983337402,.
28401,.,-11.0909004211426,33.8821983337402,.
28402,.,-11.0909004211426,33.8821983337402,.
28403,.,-11.0909004211426,33.8821983337402,.
28404,.,-11.0909004211426,33.8821983337402,.
28405,.,-11.2849998474121,33.7784996032715,.
28406,.,-11.2849998474121,33.7784996032715,.
28407,.,-11.2849998474121,33.7784996032715,.
28408,.,-11.2849998474121,33.7784996032715,.
28409,.,-11.2849998474121,33.7784996032715,.
28410,.,-11.2849998474121,33.7784996032715,.
28411,.,-11.2849998474121,33.7784996032715,.
28412,.,-11.2849998474121,33.7784996032715,.
28413,.,-11.2849998474121,33.7784996032715,.
28414,.,-11.2849998474121,33.7784996032715,.
28415,.,-11.2849998474121,33.7784996032715,.
28416,.,-11.2849998474121,33.7784996032715,.
28417,.,-11.2849998474121,33.7784996032715,.
28418,.,-11.2849998474121,33.7784996032715,.
28419,.,-11.2849998474121,33.7784996032715,.
28420,.,-11.2849998474121,33.7784996032715,.
28421,.,-11.2849998474121,33.7784996032715,.
28422,.,-11.2849998474121,33.7784996032715,.
28423,.,-11.2849998474121,33.7784996032715,.
28424,.,-11.5345001220703,33.6711006164551,.
28425,.,-11.5345001220703,33.6711006164551,.
28426,.,-11.5345001220703,33.6711006164551,.
28427,.,-11.5345001220703,33.6711006164551,.
28428,.,-11.5345001220703,33.6711006164551,.
28429,.,-11.5345001220703,33.6711006164551,.
28430,.,-11.5345001220703,33.6711006164551,.
28431,.,-11.5345001220703,33.6711006164551,.
28432,.,-11.5345001220703,33.6711006164551,.
28433,.,-11.5345001220703,33.6711006164551,.
28434,.,-11.5345001220703,33.6711006164551,.
28435,.,-11.5345001220703,33.6711006164551,.
28436,.,-11.5345001220703,33.6711006164551,.
28437,.,-11.5345001220703,33.6711006164551,.
28438,.,-11.5345001220703,33.6711006164551,.
28439,.,-11.5345001220703,33.6711006164551,.
28440,.,-11.5345001220703,33.6711006164551,.
28441,.,-11.5345001220703,33.6711006164551,.
28442,.,-11.3927001953125,33.6487998962402,.
28443,.,-11.3927001953125,33.6487998962402,.
28444,.,-11.3927001953125,33.6487998962402,.
28445,.,-11.3927001953125,33.6487998962402,.
28446,.,-11.3927001953125,33.6487998962402,.
28447,.,-11.3927001953125,33.6487998962402,.
28448,.,-11.3927001953125,33.6487998962402,.
28449,.,-11.3927001953125,33.6487998962402,.
28450,.,-11.3927001953125,33.6487998962402,.
28451,.,-11.3927001953125,33.6487998962402,.
28452,.,-11.3927001953125,33.6487998962402,.
28453,.,-11.3927001953125,33.6487998962402,.
28454,.,-11.3927001953125,33.6487998962402,.
28455,.,-11.3927001953125,33.6487998962402,.
28456,.,-11.3927001953125,33.6487998962402,.
28457,.,-11.3927001953125,33.6487998962402,.
28458,.,-11.1663999557495,33.780101776123,.
28459,.,-11.1663999557495,33.780101776123,.
28460,.,-11.1663999557495,33.780101776123,.
28461,.,-11.1663999557495,33.780101776123,.
28462,.,-11.1663999557495,33.780101776123,.
28463,.,-11.4554004669189,33.7661018371582,.
28464,.,-11.4554004669189,33.7661018371582,.
28465,.,-11.4554004669189,33.7661018371582,.
28466,.,-11.4554004669189,33.7661018371582,.
28467,.,-11.4554004669189,33.7661018371582,.
28468,.,-11.4554004669189,33.7661018371582,.
28469,.,-11.4554004669189,33.7661018371582,.
28470,.,-11.4554004669189,33.7661018371582,.
28471,.,-11.4554004669189,33.7661018371582,.
28472,.,-11.4554004669189,33.7661018371582,.
28473,.,-11.4554004669189,33.7661018371582,.
28474,.,-11.4554004669189,33.7661018371582,.
28475,.,-11.4554004669189,33.7661018371582,.
28476,.,-11.4554004669189,33.7661018371582,.
28477,.,-11.4554004669189,33.7661018371582,.
28478,.,-11.4554004669189,33.7661018371582,.
28479,.,-11.4554004669189,33.7661018371582,.
28480,.,-11.4554004669189,33.7661018371582,.
28481,.,-11.4554004669189,33.7661018371582,.
28482,.,-11.870400428772,33.6791000366211,.
28483,.,-11.870400428772,33.6791000366211,.
28484,.,-11.870400428772,33.6791000366211,.
28485,.,-11.870400428772,33.6791000366211,.
28486,.,-11.870400428772,33.6791000366211,.
28487,.,-11.870400428772,33.6791000366211,.
28488,.,-11.870400428772,33.6791000366211,.
28489,.,-11.870400428772,33.6791000366211,.
28490,.,-11.870400428772,33.6791000366211,.
28491,.,-11.870400428772,33.6791000366211,.
28492,.,-11.870400428772,33.6791000366211,.
28493,.,-11.870400428772,33.6791000366211,.
28494,.,-11.870400428772,33.6791000366211,.
28495,.,-11.870400428772,33.6791000366211,.
28496,.,-11.870400428772,33.6791000366211,.
28497,.,-11.870400428772,33.6791000366211,.
28498,.,-11.870400428772,33.6791000366211,.
28499,.,-11.870400428772,33.6791000366211,.
28500,.,-11.870400428772,33.6791000366211,.
28501,.,-11.870400428772,33.6791000366211,.
28502,.,-11.870400428772,33.6791000366211,.
28503,.,-11.870400428772,33.6791000366211,.
28504,.,-11.870400428772,33.6791000366211,.
28505,.,-11.870400428772,33.6791000366211,.
28506,.,-11.870400428772,33.6791000366211,.
28507,.,-11.870400428772,33.6791000366211,.
28508,.,-11.870400428772,33.6791000366211,.
28509,.,-11.870400428772,33.6791000366211,.
28510,.,-11.870400428772,33.6791000366211,.
28511,.,-11.870400428772,33.6791000366211,.
28512,.,-11.870400428772,33.6791000366211,.
28513,.,-11.870400428772,33.6791000366211,.
28514,.,-11.870400428772,33.6791000366211,.
28515,.,-11.870400428772,33.6791000366211,.
28516,.,-11.7313003540039,33.5341987609863,.
28517,.,-11.7313003540039,33.5341987609863,.
28518,.,-11.7313003540039,33.5341987609863,.
28519,.,-11.7313003540039,33.5341987609863,.
28520,.,-11.7313003540039,33.5341987609863,.
28521,.,-11.7313003540039,33.5341987609863,.
28522,.,-11.7313003540039,33.5341987609863,.
28523,.,-11.7313003540039,33.5341987609863,.
28524,.,-11.7313003540039,33.5341987609863,.
28525,.,-11.7313003540039,33.5341987609863,.
28526,.,-11.7313003540039,33.5341987609863,.
28527,.,-11.7313003540039,33.5341987609863,.
28528,.,-11.7313003540039,33.5341987609863,.
28529,.,-11.7313003540039,33.5341987609863,.
28530,.,-11.7313003540039,33.5341987609863,.
28531,.,-11.7313003540039,33.5341987609863,.
28532,.,-11.7313003540039,33.5341987609863,.
28533,.,-11.7313003540039,33.5341987609863,.
28534,.,-11.7313003540039,33.5341987609863,.
28535,.,-11.7313003540039,33.5341987609863,.
28536,.,-11.7313003540039,33.5341987609863,.
28537,.,-11.7313003540039,33.5341987609863,.
28538,.,-11.7313003540039,33.5341987609863,.
28539,.,-11.7313003540039,33.5341987609863,.
28540,.,-11.7313003540039,33.5341987609863,.
28541,.,-11.5846004486084,33.4720001220703,.
28542,.,-11.5846004486084,33.4720001220703,.
28543,.,-11.5846004486084,33.4720001220703,.
28544,.,-11.5846004486084,33.4720001220703,.
28545,.,-11.5846004486084,33.4720001220703,.
28546,.,-11.5846004486084,33.4720001220703,.
28547,.,-11.5846004486084,33.4720001220703,.
28548,.,-11.5846004486084,33.4720001220703,.
28549,.,-11.5846004486084,33.4720001220703,.
28550,.,-11.5846004486084,33.4720001220703,.
28551,.,-11.5846004486084,33.4720001220703,.
28552,.,-11.5846004486084,33.4720001220703,.
28553,.,-11.5846004486084,33.4720001220703,.
28554,.,-11.5846004486084,33.4720001220703,.
28555,.,-11.4441995620728,33.4104995727539,.
28556,.,-11.4441995620728,33.4104995727539,.
28557,.,-11.4441995620728,33.4104995727539,.
28558,.,-11.4441995620728,33.4104995727539,.
28559,.,-11.4441995620728,33.4104995727539,.
28560,.,-11.4441995620728,33.4104995727539,.
28561,.,-11.4441995620728,33.4104995727539,.
28562,.,-11.4441995620728,33.4104995727539,.
28563,.,-11.4441995620728,33.4104995727539,.
28564,.,-11.4441995620728,33.4104995727539,.
28565,.,-11.4441995620728,33.4104995727539,.
28566,.,-11.4441995620728,33.4104995727539,.
28567,.,-11.4441995620728,33.4104995727539,.
28568,.,-11.4441995620728,33.4104995727539,.
28569,.,-11.4441995620728,33.4104995727539,.
28570,.,-11.4441995620728,33.4104995727539,.
28571,.,-11.3125,33.4799003601074,.
28572,.,-11.3125,33.4799003601074,.
28573,.,-11.3125,33.4799003601074,.
28574,.,-11.3125,33.4799003601074,.
28575,.,-11.3125,33.4799003601074,.
28576,.,-11.3125,33.4799003601074,.
28577,.,-11.3125,33.4799003601074,.
28578,.,-11.3125,33.4799003601074,.
28579,.,-11.3125,33.4799003601074,.
28580,.,-11.3125,33.4799003601074,.
28581,.,-11.3125,33.4799003601074,.
28582,.,-11.3125,33.4799003601074,.
28583,.,-11.3125,33.4799003601074,.
28584,.,-11.3125,33.4799003601074,.
28585,.,-11.3125,33.4799003601074,.
28586,.,-11.3125,33.4799003601074,.
28587,.,-11.7819004058838,33.5,.
28588,.,-11.7819004058838,33.5,.
28589,.,-11.7819004058838,33.5,.
28590,.,-11.7819004058838,33.5,.
28591,.,-11.7819004058838,33.5,.
28592,.,-11.7819004058838,33.5,.
28593,.,-11.7819004058838,33.5,.
28594,.,-11.7819004058838,33.5,.
28595,.,-11.7819004058838,33.5,.
28596,.,-11.7819004058838,33.5,.
28597,.,-11.7819004058838,33.5,.
28598,.,-11.7819004058838,33.5,.
28599,.,-11.7819004058838,33.5,.
28600,.,-11.7819004058838,33.5,.
28601,.,-11.7819004058838,33.5,.
28602,.,-11.7819004058838,33.5,.
28603,.,-11.7819004058838,33.5,.
28604,.,-11.7819004058838,33.5,.
28605,.,-11.7819004058838,33.5,.
28606,.,-12.3555002212524,33.5508995056152,.
28607,.,-12.3555002212524,33.5508995056152,.
28608,.,-12.3555002212524,33.5508995056152,.
28609,.,-12.3555002212524,33.5508995056152,.
28610,.,-12.2002000808716,33.6539001464844,.
28611,.,-12.2002000808716,33.6539001464844,.
28612,.,-12.2002000808716,33.6539001464844,.
28613,.,-12.2002000808716,33.6539001464844,.
28614,.,-12.2002000808716,33.6539001464844,.
28615,.,-12.2002000808716,33.6539001464844,.
28616,.,-12.2002000808716,33.6539001464844,.
28617,.,-12.2002000808716,33.6539001464844,.
28618,.,-12.2002000808716,33.6539001464844,.
28619,.,-12.2002000808716,33.6539001464844,.
28620,.,-12.2002000808716,33.6539001464844,.
28621,.,-12.2002000808716,33.6539001464844,.
28622,.,-12.2002000808716,33.6539001464844,.
28623,.,-12.2002000808716,33.6539001464844,.
28624,.,-12.2002000808716,33.6539001464844,.
28625,.,-12.2002000808716,33.6539001464844,.
28626,.,-12.2002000808716,33.6539001464844,.
28627,.,-12.2002000808716,33.6539001464844,.
28628,.,-12.6591997146606,33.6304016113281,.
28629,.,-12.6591997146606,33.6304016113281,.
28630,.,-12.6591997146606,33.6304016113281,.
28631,.,-12.6591997146606,33.6304016113281,.
28632,.,-12.6591997146606,33.6304016113281,.
28633,.,-12.6591997146606,33.6304016113281,.
28634,.,-12.6591997146606,33.6304016113281,.
28635,.,-12.6591997146606,33.6304016113281,.
28636,.,-12.6591997146606,33.6304016113281,.
28637,.,-12.6591997146606,33.6304016113281,.
28638,.,-12.6591997146606,33.6304016113281,.
28639,.,-12.6591997146606,33.6304016113281,.
28640,.,-12.6591997146606,33.6304016113281,.
28641,.,-12.6591997146606,33.6304016113281,.
28642,.,-12.6591997146606,33.6304016113281,.
28643,.,-12.6591997146606,33.6304016113281,.
28644,.,-12.6591997146606,33.6304016113281,.
28645,.,-12.6591997146606,33.6304016113281,.
28646,.,-12.6591997146606,33.6304016113281,.
28647,.,-12.5305995941162,33.6026992797852,.
28648,.,-12.5305995941162,33.6026992797852,.
28649,.,-12.5305995941162,33.6026992797852,.
28650,.,-12.5305995941162,33.6026992797852,.
28651,.,-12.5305995941162,33.6026992797852,.
28652,.,-12.5305995941162,33.6026992797852,.
28653,.,-12.5305995941162,33.6026992797852,.
28654,.,-12.5305995941162,33.6026992797852,.
28655,.,-12.5305995941162,33.6026992797852,.
28656,.,-12.5305995941162,33.6026992797852,.
28657,.,-12.5305995941162,33.6026992797852,.
28658,.,-12.5305995941162,33.6026992797852,.
28659,.,-12.5305995941162,33.6026992797852,.
28660,.,-12.5305995941162,33.6026992797852,.
28661,.,-12.5305995941162,33.6026992797852,.
28662,.,-12.5305995941162,33.6026992797852,.
28663,.,-12.5305995941162,33.6026992797852,.
28664,.,-12.4919004440308,33.8322982788086,.
28665,.,-12.4919004440308,33.8322982788086,.
28666,.,-12.4919004440308,33.8322982788086,.
28667,.,-12.4919004440308,33.8322982788086,.
28668,.,-12.4919004440308,33.8322982788086,.
28669,.,-12.4919004440308,33.8322982788086,.
28670,.,-12.4919004440308,33.8322982788086,.
28671,.,-12.4919004440308,33.8322982788086,.
28672,.,-12.4919004440308,33.8322982788086,.
28673,.,-12.4919004440308,33.8322982788086,.
28674,.,-12.4919004440308,33.8322982788086,.
28675,.,-12.4919004440308,33.8322982788086,.
28676,.,-12.4919004440308,33.8322982788086,.
28677,.,-12.4919004440308,33.8322982788086,.
28678,.,-12.4919004440308,33.8322982788086,.
28679,.,-11.3432998657227,33.6194000244141,.
28680,.,-11.3432998657227,33.6194000244141,.
28681,.,-11.3432998657227,33.6194000244141,.
28682,.,-11.3432998657227,33.6194000244141,.
28683,.,-11.3432998657227,33.6194000244141,.
28684,.,-11.3432998657227,33.6194000244141,.
28685,.,-11.3432998657227,33.6194000244141,.
28686,.,-11.3432998657227,33.6194000244141,.
28687,.,-11.3432998657227,33.6194000244141,.
28688,.,-11.3432998657227,33.6194000244141,.
28689,.,-11.3432998657227,33.6194000244141,.
28690,.,-11.3432998657227,33.6194000244141,.
28691,.,-11.3432998657227,33.6194000244141,.
28692,.,-11.3432998657227,33.6194000244141,.
28693,.,-11.3432998657227,33.6194000244141,.
28694,.,-11.3432998657227,33.6194000244141,.
28695,.,-11.3432998657227,33.6194000244141,.
28696,.,-11.3432998657227,33.6194000244141,.
28697,.,-11.3432998657227,33.6194000244141,.
28698,.,-11.3432998657227,33.6194000244141,.
28699,.,-11.3432998657227,33.6194000244141,.
28700,.,-11.3432998657227,33.6194000244141,.
28701,.,-11.1618003845215,33.5984992980957,.
28702,.,-11.1618003845215,33.5984992980957,.
28703,.,-11.1618003845215,33.5984992980957,.
28704,.,-11.1618003845215,33.5984992980957,.
28705,.,-11.1618003845215,33.5984992980957,.
28706,.,-11.1618003845215,33.5984992980957,.
28707,.,-11.1618003845215,33.5984992980957,.
28708,.,-11.1618003845215,33.5984992980957,.
28709,.,-11.1618003845215,33.5984992980957,.
28710,.,-11.1618003845215,33.5984992980957,.
28711,.,-11.1618003845215,33.5984992980957,.
28712,.,-11.1618003845215,33.5984992980957,.
28713,.,-11.1618003845215,33.5984992980957,.
28714,.,-11.1618003845215,33.5984992980957,.
28715,.,-11.1618003845215,33.5984992980957,.
28716,.,-11.1618003845215,33.5984992980957,.
28717,.,-11.1618003845215,33.5984992980957,.
28718,.,-12.2419004440308,33.4715995788574,.
28719,.,-12.2419004440308,33.4715995788574,.
28720,.,-12.2419004440308,33.4715995788574,.
28721,.,-12.2419004440308,33.4715995788574,.
28722,.,-12.2419004440308,33.4715995788574,.
28723,.,-12.2419004440308,33.4715995788574,.
28724,.,-12.2419004440308,33.4715995788574,.
28725,.,-12.2419004440308,33.4715995788574,.
28726,.,-12.2419004440308,33.4715995788574,.
28727,.,-12.2419004440308,33.4715995788574,.
28728,.,-12.2419004440308,33.4715995788574,.
28729,.,-12.2419004440308,33.4715995788574,.
28730,.,-12.2419004440308,33.4715995788574,.
28731,.,-12.2419004440308,33.4715995788574,.
28732,.,-12.2419004440308,33.4715995788574,.
28733,.,-12.2419004440308,33.4715995788574,.
28734,.,-12.2419004440308,33.4715995788574,.
28735,.,-12.2419004440308,33.4715995788574,.
28736,.,-12.2419004440308,33.4715995788574,.
28737,.,-12.2419004440308,33.4715995788574,.
28738,.,-12.2419004440308,33.4715995788574,.
28739,.,-12.2419004440308,33.4715995788574,.
28740,.,-12.2419004440308,33.4715995788574,.
28741,.,-11.3894996643066,33.9794998168945,.
28742,.,-11.3894996643066,33.9794998168945,.
28743,.,-11.3894996643066,33.9794998168945,.
28744,.,-11.3894996643066,33.9794998168945,.
28745,.,-11.3894996643066,33.9794998168945,.
28746,.,-11.3894996643066,33.9794998168945,.
28747,.,-11.3894996643066,33.9794998168945,.
28748,.,-11.3894996643066,33.9794998168945,.
28749,.,-11.3894996643066,33.9794998168945,.
28750,.,-11.3894996643066,33.9794998168945,.
28751,.,-11.3894996643066,33.9794998168945,.
28752,.,-11.3894996643066,33.9794998168945,.
28753,.,-11.3894996643066,33.9794998168945,.
28754,.,-11.3894996643066,33.9794998168945,.
28755,.,-11.3894996643066,33.9794998168945,.
28756,.,-11.3894996643066,33.9794998168945,.
28757,.,-11.407600402832,33.9948997497559,.
28758,.,-11.407600402832,33.9948997497559,.
28759,.,-11.407600402832,33.9948997497559,.
28760,.,-11.407600402832,33.9948997497559,.
28761,.,-11.4385004043579,34.0265998840332,.
28762,.,-11.4398002624512,34.0331001281738,.
28763,.,-11.4398002624512,34.0331001281738,.
28764,.,-11.4398002624512,34.0331001281738,.
28765,.,-11.4398002624512,34.0331001281738,.
28766,.,-11.4398002624512,34.0331001281738,.
28767,.,-11.4398002624512,34.0331001281738,.
28768,.,-11.4398002624512,34.0331001281738,.
28769,.,-11.4398002624512,34.0331001281738,.
28770,.,-11.4398002624512,34.0331001281738,.
28771,.,-11.4398002624512,34.0331001281738,.
28772,.,-11.4398002624512,34.0331001281738,.
28773,.,-11.4398002624512,34.0331001281738,.
28774,.,-11.4329996109009,34.0234985351563,.
28775,.,-11.4329996109009,34.0234985351563,.
28776,.,-11.4329996109009,34.0234985351563,.
28777,.,-11.4329996109009,34.0234985351563,.
28778,.,-11.4274997711182,34.0279998779297,.
28779,.,-11.4274997711182,34.0279998779297,.
28780,.,-11.4274997711182,34.0279998779297,.
28781,.,-11.4668998718262,34.0078010559082,.
28782,.,-11.4344997406006,34.0078010559082,.
28783,.,-11.4630002975464,34.002799987793,.
28784,.,-11.4630002975464,34.002799987793,.
28785,.,-11.4630002975464,34.002799987793,.
28786,.,-11.4364995956421,34.0029983520508,.
28787,.,-11.4364995956421,34.0029983520508,.
28788,.,-11.4555997848511,33.9884986877441,.
28789,.,-11.4555997848511,33.9884986877441,.
28790,.,-11.4555997848511,33.9884986877441,.
28791,.,-11.4555997848511,33.9884986877441,.
28792,.,-11.4555997848511,33.9884986877441,.
28793,.,-11.4821996688843,34.0013008117676,.
28794,.,-11.4449996948242,34.0306015014648,.
28795,.,-11.4449996948242,34.0306015014648,.
28796,.,-11.4449996948242,34.0306015014648,.
28797,.,-11.4612998962402,34.0285987854004,.
28798,.,-11.4736003875732,34.0150985717773,.
28799,.,-11.4736003875732,34.0150985717773,.
28800,.,-11.4608001708984,33.9738998413086,.
28801,.,-11.4608001708984,33.9738998413086,.
28802,.,-11.4608001708984,33.9738998413086,.
28803,.,-11.4608001708984,33.9738998413086,.
28804,.,-11.4608001708984,33.9738998413086,.
28805,.,-11.4696998596191,33.9869003295898,.
28806,.,-11.4696998596191,33.9869003295898,.
28807,.,-11.4696998596191,33.9869003295898,.
28808,.,-11.4696998596191,33.9869003295898,.
28809,.,-11.4696998596191,33.9869003295898,.
28810,.,-11.4696998596191,33.9869003295898,.
28811,.,-11.4696998596191,33.9869003295898,.
28812,.,-11.4696998596191,33.9869003295898,.
28813,.,-11.4696998596191,33.9869003295898,.
28814,.,-11.4696998596191,33.9869003295898,.
28815,.,-11.4696998596191,33.9869003295898,.
28816,.,-11.4696998596191,33.9869003295898,.
28817,.,-11.4696998596191,33.9869003295898,.
28818,.,-11.4696998596191,33.9869003295898,.
28819,.,-11.4696998596191,33.9869003295898,.
28820,.,-12.5858001708984,33.4444999694824,.
28821,.,-12.5858001708984,33.4444999694824,.
28822,.,-12.5858001708984,33.4444999694824,.
28823,.,-12.4547996520996,33.5252990722656,.
28824,.,-12.4547996520996,33.5252990722656,.
28825,.,-12.4547996520996,33.5252990722656,.
28826,.,-12.4547996520996,33.5252990722656,.
28827,.,-12.4547996520996,33.5252990722656,.
28828,.,-12.4547996520996,33.5252990722656,.
28829,.,-12.4547996520996,33.5252990722656,.
28830,.,-12.4547996520996,33.5252990722656,.
28831,.,-12.4547996520996,33.5252990722656,.
28832,.,-12.731499671936,33.7024002075195,.
28833,.,-12.731499671936,33.7024002075195,.
28834,.,-12.731499671936,33.7024002075195,.
28835,.,-12.731499671936,33.7024002075195,.
28836,.,-12.6721000671387,33.5395011901855,.
28837,.,-12.6721000671387,33.5395011901855,.
28838,.,-12.6721000671387,33.5395011901855,.
28839,.,-12.6721000671387,33.5395011901855,.
28840,.,-12.6721000671387,33.5395011901855,.
28841,.,-12.6721000671387,33.5395011901855,.
28842,.,-12.6721000671387,33.5395011901855,.
28843,.,-12.9041996002197,33.4281005859375,.
28844,.,-12.9041996002197,33.4281005859375,.
28845,.,-12.9041996002197,33.4281005859375,.
28846,.,-12.9041996002197,33.4281005859375,.
28847,.,-12.9041996002197,33.4281005859375,.
28848,.,-12.9041996002197,33.4281005859375,.
28849,.,-12.9041996002197,33.4281005859375,.
28850,.,-12.9041996002197,33.4281005859375,.
28851,.,-13.0993995666504,33.4589004516602,.
28852,.,-13.0993995666504,33.4589004516602,.
28853,.,-13.0738000869751,33.4720993041992,.
28854,.,-13.0738000869751,33.4720993041992,.
28855,.,-13.0738000869751,33.4720993041992,.
28856,.,-13.0738000869751,33.4720993041992,.
28857,.,-13.0738000869751,33.4720993041992,.
28858,.,-13.2667999267578,33.1526985168457,.
28859,.,-13.2667999267578,33.1526985168457,.
28860,.,-13.3201999664307,33.3348999023438,.
28861,.,-13.3201999664307,33.3348999023438,.
28862,.,-13.3201999664307,33.3348999023438,.
28863,.,-13.3201999664307,33.3348999023438,.
28864,.,-13.3201999664307,33.3348999023438,.
28865,.,-13.3201999664307,33.3348999023438,.
28866,.,-13.1445999145508,33.5780982971191,.
28867,.,-13.1445999145508,33.5780982971191,.
28868,.,-13.1445999145508,33.5780982971191,.
28869,.,-13.1445999145508,33.5780982971191,.
28870,.,-13.1445999145508,33.5780982971191,.
28871,.,-13.1766996383667,33.6623001098633,.
28872,.,-13.1766996383667,33.6623001098633,.
28873,.,-13.0745000839233,33.6771011352539,.
28874,.,-13.0745000839233,33.6771011352539,.
28875,.,-13.0745000839233,33.6771011352539,.
28876,.,-13.0745000839233,33.6771011352539,.
28877,.,-13.0745000839233,33.6771011352539,.
28878,.,-12.683500289917,33.3586006164551,.
28879,.,-12.8936996459961,33.3730010986328,.
28880,.,-12.8936996459961,33.3730010986328,.
28881,.,-12.8936996459961,33.3730010986328,.
28882,.,-13.5244998931885,33.3306007385254,.
28883,.,-13.4696998596191,33.2495002746582,.
28884,.,-13.4696998596191,33.2495002746582,.
28885,.,-13.4696998596191,33.2495002746582,.
28886,.,-13.4696998596191,33.2495002746582,.
28887,.,-13.4696998596191,33.2495002746582,.
28888,.,-13.4696998596191,33.2495002746582,.
28889,.,-13.4696998596191,33.2495002746582,.
28890,.,-13.3487997055054,33.4403991699219,.
28891,.,-13.3487997055054,33.4403991699219,.
28892,.,-13.3487997055054,33.4403991699219,.
28893,.,-13.3487997055054,33.4403991699219,.
28894,.,-13.3487997055054,33.4403991699219,.
28895,.,-13.3487997055054,33.4403991699219,.
28896,.,-13.3487997055054,33.4403991699219,.
28897,.,-13.3487997055054,33.4403991699219,.
28898,.,-13.3487997055054,33.4403991699219,.
28899,.,-13.3487997055054,33.4403991699219,.
28900,.,-13.3487997055054,33.4403991699219,.
28901,.,-13.3487997055054,33.4403991699219,.
28902,.,-12.8852996826172,33.6596984863281,.
28903,.,-12.8852996826172,33.6596984863281,.
28904,.,-12.8852996826172,33.6596984863281,.
28905,.,-12.8852996826172,33.6596984863281,.
28906,.,-13.0994997024536,33.782398223877,.
28907,.,-13.0994997024536,33.782398223877,.
28908,.,-13.0994997024536,33.782398223877,.
28909,.,-13.0994997024536,33.782398223877,.
28910,.,-12.8816003799438,33.7267990112305,.
28911,.,-12.8816003799438,33.7267990112305,.
28912,.,-12.8816003799438,33.7267990112305,.
28913,.,-12.9685001373291,33.8605003356934,.
28914,.,-12.9685001373291,33.8605003356934,.
28915,.,-12.9685001373291,33.8605003356934,.
28916,.,-12.9685001373291,33.8605003356934,.
28917,.,-12.861499786377,33.8932991027832,.
28918,.,-12.861499786377,33.8932991027832,.
28919,.,-12.861499786377,33.8932991027832,.
28920,.,-12.861499786377,33.8932991027832,.
28921,.,-12.861499786377,33.8932991027832,.
28922,.,-12.861499786377,33.8932991027832,.
28923,.,-13.0560998916626,33.394100189209,.
28924,.,-13.0560998916626,33.394100189209,.
28925,.,-13.0560998916626,33.394100189209,.
28926,.,-13.0560998916626,33.394100189209,.
28927,.,-13.0560998916626,33.394100189209,.
28928,.,-13.0520000457764,33.4894981384277,.
28929,.,-13.0520000457764,33.4894981384277,.
28930,.,-13.0520000457764,33.4894981384277,.
28931,.,-13.0520000457764,33.4894981384277,.
28932,.,-13.0520000457764,33.4894981384277,.
28933,.,-13.0520000457764,33.4894981384277,.
28934,.,-13.0520000457764,33.4894981384277,.
28935,.,-13.0520000457764,33.4894981384277,.
28936,.,-13.0520000457764,33.4894981384277,.
28937,.,-13.0520000457764,33.4894981384277,.
28938,.,-12.4573001861572,34.0404014587402,.
28939,.,-12.4573001861572,34.0404014587402,.
28940,.,-12.4573001861572,34.0404014587402,.
28941,.,-12.4573001861572,34.0404014587402,.
28942,.,-12.4573001861572,34.0404014587402,.
28943,.,-12.4573001861572,34.0404014587402,.
28944,.,-12.4573001861572,34.0404014587402,.
28945,.,-12.4573001861572,34.0404014587402,.
28946,.,-12.4573001861572,34.0404014587402,.
28947,.,-12.4573001861572,34.0404014587402,.
28948,.,-12.4573001861572,34.0404014587402,.
28949,.,-12.4573001861572,34.0404014587402,.
28950,.,-12.4573001861572,34.0404014587402,.
28951,.,-12.4573001861572,34.0404014587402,.
28952,.,-12.4573001861572,34.0404014587402,.
28953,.,-12.4573001861572,34.0404014587402,.
28954,.,-12.5705003738403,34.1133995056152,.
28955,.,-12.5705003738403,34.1133995056152,.
28956,.,-12.5705003738403,34.1133995056152,.
28957,.,-12.5705003738403,34.1133995056152,.
28958,.,-12.5705003738403,34.1133995056152,.
28959,.,-12.5705003738403,34.1133995056152,.
28960,.,-12.5705003738403,34.1133995056152,.
28961,.,-12.5705003738403,34.1133995056152,.
28962,.,-12.5705003738403,34.1133995056152,.
28963,.,-12.5705003738403,34.1133995056152,.
28964,.,-12.5705003738403,34.1133995056152,.
28965,.,-12.5705003738403,34.1133995056152,.
28966,.,-12.5705003738403,34.1133995056152,.
28967,.,-12.5705003738403,34.1133995056152,.
28968,.,-12.7355003356934,34.2246017456055,.
28969,.,-12.7355003356934,34.2246017456055,.
28970,.,-12.7355003356934,34.2246017456055,.
28971,.,-12.7355003356934,34.2246017456055,.
28972,.,-12.7355003356934,34.2246017456055,.
28973,.,-12.7355003356934,34.2246017456055,.
28974,.,-12.7355003356934,34.2246017456055,.
28975,.,-12.7355003356934,34.2246017456055,.
28976,.,-12.7355003356934,34.2246017456055,.
28977,.,-12.6598997116089,34.1614990234375,.
28978,.,-12.6598997116089,34.1614990234375,.
28979,.,-12.6598997116089,34.1614990234375,.
28980,.,-12.6598997116089,34.1614990234375,.
28981,.,-12.6598997116089,34.1614990234375,.
28982,.,-12.6598997116089,34.1614990234375,.
28983,.,-12.6598997116089,34.1614990234375,.
28984,.,-12.6598997116089,34.1614990234375,.
28985,.,-12.6598997116089,34.1614990234375,.
28986,.,-12.6598997116089,34.1614990234375,.
28987,.,-12.6598997116089,34.1614990234375,.
28988,.,-12.6598997116089,34.1614990234375,.
28989,.,-12.6598997116089,34.1614990234375,.
28990,.,-12.6598997116089,34.1614990234375,.
28991,.,-12.6598997116089,34.1614990234375,.
28992,.,-12.4928998947144,34.171199798584,.
28993,.,-12.4928998947144,34.171199798584,.
28994,.,-12.4928998947144,34.171199798584,.
28995,.,-12.4928998947144,34.171199798584,.
28996,.,-12.4928998947144,34.171199798584,.
28997,.,-12.4523000717163,34.1018981933594,.
28998,.,-12.4523000717163,34.1018981933594,.
28999,.,-12.4523000717163,34.1018981933594,.
29000,.,-12.4523000717163,34.1018981933594,.
29001,.,-12.4523000717163,34.1018981933594,.
29002,.,-12.4523000717163,34.1018981933594,.
29003,.,-12.4523000717163,34.1018981933594,.
29004,.,-12.4523000717163,34.1018981933594,.
29005,.,-12.6224002838135,34.1651000976563,.
29006,.,-12.6224002838135,34.1651000976563,.
29007,.,-12.6224002838135,34.1651000976563,.
29008,.,-12.6224002838135,34.1651000976563,.
29009,.,-12.6224002838135,34.1651000976563,.
29010,.,-12.6224002838135,34.1651000976563,.
29011,.,-12.6224002838135,34.1651000976563,.
29012,.,-12.6224002838135,34.1651000976563,.
29013,.,-12.6224002838135,34.1651000976563,.
29014,.,-12.6224002838135,34.1651000976563,.
29015,.,-12.6224002838135,34.1651000976563,.
29016,.,-12.3545999526978,34.0208015441895,.
29017,.,-12.3545999526978,34.0208015441895,.
29018,.,-12.3545999526978,34.0208015441895,.
29019,.,-12.3545999526978,34.0208015441895,.
29020,.,-12.3545999526978,34.0208015441895,.
29021,.,-12.3545999526978,34.0208015441895,.
29022,.,-12.3545999526978,34.0208015441895,.
29023,.,-12.3545999526978,34.0208015441895,.
29024,.,-12.3545999526978,34.0208015441895,.
29025,.,-12.3545999526978,34.0208015441895,.
29026,.,-12.3545999526978,34.0208015441895,.
29027,.,-12.3545999526978,34.0208015441895,.
29028,.,-12.9603996276855,34.296501159668,.
29029,.,-12.9603996276855,34.296501159668,.
29030,.,-12.9603996276855,34.296501159668,.
29031,.,-12.9603996276855,34.296501159668,.
29032,.,-12.9603996276855,34.296501159668,.
29033,.,-12.9603996276855,34.296501159668,.
29034,.,-12.9603996276855,34.296501159668,.
29035,.,-12.9603996276855,34.296501159668,.
29036,.,-12.9603996276855,34.296501159668,.
29037,.,-12.9603996276855,34.296501159668,.
29038,.,-12.9603996276855,34.296501159668,.
29039,.,-12.9603996276855,34.296501159668,.
29040,.,-12.9603996276855,34.296501159668,.
29041,.,-12.9089002609253,34.2540016174316,.
29042,.,-12.9089002609253,34.2540016174316,.
29043,.,-12.9089002609253,34.2540016174316,.
29044,.,-12.9089002609253,34.2540016174316,.
29045,.,-12.9089002609253,34.2540016174316,.
29046,.,-12.9089002609253,34.2540016174316,.
29047,.,-12.9089002609253,34.2540016174316,.
29048,.,-12.9089002609253,34.2540016174316,.
29049,.,-12.9089002609253,34.2540016174316,.
29050,.,-12.9089002609253,34.2540016174316,.
29051,.,-12.9089002609253,34.2540016174316,.
29052,.,-12.9089002609253,34.2540016174316,.
29053,.,-12.9089002609253,34.2540016174316,.
29054,.,-13.0081996917725,34.3219985961914,.
29055,.,-13.0081996917725,34.3219985961914,.
29056,.,-13.0081996917725,34.3219985961914,.
29057,.,-13.0081996917725,34.3219985961914,.
29058,.,-13.0081996917725,34.3219985961914,.
29059,.,-13.0081996917725,34.3219985961914,.
29060,.,-13.0081996917725,34.3219985961914,.
29061,.,-13.0081996917725,34.3219985961914,.
29062,.,-13.0081996917725,34.3219985961914,.
29063,.,-13.0081996917725,34.3219985961914,.
29064,.,-13.1017999649048,34.2649002075195,.
29065,.,-13.1017999649048,34.2649002075195,.
29066,.,-13.1017999649048,34.2649002075195,.
29067,.,-13.1017999649048,34.2649002075195,.
29068,.,-13.1017999649048,34.2649002075195,.
29069,.,-13.1017999649048,34.2649002075195,.
29070,.,-13.1017999649048,34.2649002075195,.
29071,.,-13.1017999649048,34.2649002075195,.
29072,.,-13.1017999649048,34.2649002075195,.
29073,.,-13.1017999649048,34.2649002075195,.
29074,.,-13.1017999649048,34.2649002075195,.
29075,.,-13.1017999649048,34.2649002075195,.
29076,.,-13.1017999649048,34.2649002075195,.
29077,.,-13.1017999649048,34.2649002075195,.
29078,.,-13.1017999649048,34.2649002075195,.
29079,.,-12.8111000061035,34.212100982666,.
29080,.,-12.8111000061035,34.212100982666,.
29081,.,-12.8111000061035,34.212100982666,.
29082,.,-12.8111000061035,34.212100982666,.
29083,.,-12.8111000061035,34.212100982666,.
29084,.,-12.8111000061035,34.212100982666,.
29085,.,-12.8111000061035,34.212100982666,.
29086,.,-12.8111000061035,34.212100982666,.
29087,.,-12.8111000061035,34.212100982666,.
29088,.,-12.8111000061035,34.212100982666,.
29089,.,-12.8111000061035,34.212100982666,.
29090,.,-12.8111000061035,34.212100982666,.
29091,.,-12.8111000061035,34.212100982666,.
29092,.,-12.8681001663208,34.2448997497559,.
29093,.,-12.8681001663208,34.2448997497559,.
29094,.,-12.8681001663208,34.2448997497559,.
29095,.,-12.8681001663208,34.2448997497559,.
29096,.,-12.8681001663208,34.2448997497559,.
29097,.,-12.8681001663208,34.2448997497559,.
29098,.,-12.8681001663208,34.2448997497559,.
29099,.,-12.8681001663208,34.2448997497559,.
29100,.,-12.8681001663208,34.2448997497559,.
29101,.,-12.8681001663208,34.2448997497559,.
29102,.,-12.8681001663208,34.2448997497559,.
29103,.,-12.8681001663208,34.2448997497559,.
29104,.,-12.8681001663208,34.2448997497559,.
29105,.,-12.8681001663208,34.2448997497559,.
29106,.,-13.3500003814697,34.2705001831055,.
29107,.,-13.3500003814697,34.2705001831055,.
29108,.,-13.3500003814697,34.2705001831055,.
29109,.,-13.3500003814697,34.2705001831055,.
29110,.,-13.3500003814697,34.2705001831055,.
29111,.,-13.3500003814697,34.2705001831055,.
29112,.,-13.3500003814697,34.2705001831055,.
29113,.,-13.3500003814697,34.2705001831055,.
29114,.,-13.3500003814697,34.2705001831055,.
29115,.,-13.3500003814697,34.2705001831055,.
29116,.,-13.3500003814697,34.2705001831055,.
29117,.,-13.3500003814697,34.2705001831055,.
29118,.,-13.3500003814697,34.2705001831055,.
29119,.,-13.3500003814697,34.2705001831055,.
29120,.,-13.3500003814697,34.2705001831055,.
29121,.,-13.3500003814697,34.2705001831055,.
29122,.,-13.2334995269775,34.2221984863281,.
29123,.,-13.2334995269775,34.2221984863281,.
29124,.,-13.2334995269775,34.2221984863281,.
29125,.,-13.2334995269775,34.2221984863281,.
29126,.,-13.2334995269775,34.2221984863281,.
29127,.,-13.2334995269775,34.2221984863281,.
29128,.,-13.2334995269775,34.2221984863281,.
29129,.,-13.2334995269775,34.2221984863281,.
29130,.,-13.2334995269775,34.2221984863281,.
29131,.,-13.2334995269775,34.2221984863281,.
29132,.,-13.2334995269775,34.2221984863281,.
29133,.,-13.2334995269775,34.2221984863281,.
29134,.,-13.2334995269775,34.2221984863281,.
29135,.,-13.2334995269775,34.2221984863281,.
29136,.,-13.2334995269775,34.2221984863281,.
29137,.,-13.2334995269775,34.2221984863281,.
29138,.,-13.2334995269775,34.2221984863281,.
29139,.,-13.2334995269775,34.2221984863281,.
29140,.,-13.4061002731323,34.3035011291504,.
29141,.,-13.4061002731323,34.3035011291504,.
29142,.,-13.4061002731323,34.3035011291504,.
29143,.,-13.4061002731323,34.3035011291504,.
29144,.,-13.4061002731323,34.3035011291504,.
29145,.,-13.4061002731323,34.3035011291504,.
29146,.,-13.4061002731323,34.3035011291504,.
29147,.,-13.4061002731323,34.3035011291504,.
29148,.,-13.4061002731323,34.3035011291504,.
29149,.,-13.4061002731323,34.3035011291504,.
29150,.,-13.353099822998,34.2652015686035,.
29151,.,-13.353099822998,34.2652015686035,.
29152,.,-13.353099822998,34.2652015686035,.
29153,.,-13.353099822998,34.2652015686035,.
29154,.,-13.353099822998,34.2652015686035,.
29155,.,-13.353099822998,34.2652015686035,.
29156,.,-13.353099822998,34.2652015686035,.
29157,.,-13.353099822998,34.2652015686035,.
29158,.,-13.353099822998,34.2652015686035,.
29159,.,-13.353099822998,34.2652015686035,.
29160,.,-13.353099822998,34.2652015686035,.
29161,.,-13.353099822998,34.2652015686035,.
29162,.,-13.353099822998,34.2652015686035,.
29163,.,-13.353099822998,34.2652015686035,.
29164,.,-13.353099822998,34.2652015686035,.
29165,.,-13.1923999786377,34.3270988464355,.
29166,.,-13.1923999786377,34.3270988464355,.
29167,.,-13.1923999786377,34.3270988464355,.
29168,.,-13.1923999786377,34.3270988464355,.
29169,.,-13.1923999786377,34.3270988464355,.
29170,.,-13.1923999786377,34.3270988464355,.
29171,.,-13.1923999786377,34.3270988464355,.
29172,.,-13.1923999786377,34.3270988464355,.
29173,.,-13.1923999786377,34.3270988464355,.
29174,.,-13.1923999786377,34.3270988464355,.
29175,.,-13.1923999786377,34.3270988464355,.
29176,.,-13.2020998001099,34.3148002624512,.
29177,.,-13.2020998001099,34.3148002624512,.
29178,.,-13.2020998001099,34.3148002624512,.
29179,.,-13.2020998001099,34.3148002624512,.
29180,.,-13.2020998001099,34.3148002624512,.
29181,.,-13.2020998001099,34.3148002624512,.
29182,.,-13.2020998001099,34.3148002624512,.
29183,.,-13.2020998001099,34.3148002624512,.
29184,.,-13.2020998001099,34.3148002624512,.
29185,.,-13.4202995300293,34.1601982116699,.
29186,.,-13.4202995300293,34.1601982116699,.
29187,.,-13.4202995300293,34.1601982116699,.
29188,.,-13.4202995300293,34.1601982116699,.
29189,.,-13.4202995300293,34.1601982116699,.
29190,.,-13.4202995300293,34.1601982116699,.
29191,.,-13.4202995300293,34.1601982116699,.
29192,.,-13.4202995300293,34.1601982116699,.
29193,.,-13.4202995300293,34.1601982116699,.
29194,.,-13.4202995300293,34.1601982116699,.
29195,.,-13.4202995300293,34.1601982116699,.
29196,.,-13.4202995300293,34.1601982116699,.
29197,.,-13.4202995300293,34.1601982116699,.
29198,.,-13.2740001678467,34.1403999328613,.
29199,.,-13.2740001678467,34.1403999328613,.
29200,.,-13.2740001678467,34.1403999328613,.
29201,.,-13.2740001678467,34.1403999328613,.
29202,.,-13.2740001678467,34.1403999328613,.
29203,.,-13.2740001678467,34.1403999328613,.
29204,.,-13.2740001678467,34.1403999328613,.
29205,.,-13.2740001678467,34.1403999328613,.
29206,.,-13.2740001678467,34.1403999328613,.
29207,.,-13.2740001678467,34.1403999328613,.
29208,.,-13.2740001678467,34.1403999328613,.
29209,.,-13.2740001678467,34.1403999328613,.
29210,.,-13.2740001678467,34.1403999328613,.
29211,.,-13.2740001678467,34.1403999328613,.
29212,.,-13.2740001678467,34.1403999328613,.
29213,.,-13.2740001678467,34.1403999328613,.
29214,.,-13.2740001678467,34.1403999328613,.
29215,.,-13.2740001678467,34.1403999328613,.
29216,.,-13.2740001678467,34.1403999328613,.
29217,.,-13.2740001678467,34.1403999328613,.
29218,.,-12.9212999343872,34.2784996032715,.
29219,.,-12.9212999343872,34.2784996032715,.
29220,.,-12.9212999343872,34.2784996032715,.
29221,.,-12.9212999343872,34.2784996032715,.
29222,.,-12.9212999343872,34.2784996032715,.
29223,.,-12.9212999343872,34.2784996032715,.
29224,.,-12.9212999343872,34.2784996032715,.
29225,.,-12.9212999343872,34.2784996032715,.
29226,.,-12.9212999343872,34.2784996032715,.
29227,.,-12.9212999343872,34.2784996032715,.
29228,.,-12.9212999343872,34.2784996032715,.
29229,.,-12.9202995300293,34.2951011657715,.
29230,.,-12.9202995300293,34.2951011657715,.
29231,.,-12.9202995300293,34.2951011657715,.
29232,.,-12.9202995300293,34.2951011657715,.
29233,.,-12.9202995300293,34.2951011657715,.
29234,.,-12.9202995300293,34.2951011657715,.
29235,.,-12.9202995300293,34.2951011657715,.
29236,.,-13.3828001022339,34.0536994934082,.
29237,.,-13.3828001022339,34.0536994934082,.
29238,.,-13.3828001022339,34.0536994934082,.
29239,.,-13.3828001022339,34.0536994934082,.
29240,.,-13.3828001022339,34.0536994934082,.
29241,.,-13.3828001022339,34.0536994934082,.
29242,.,-13.3828001022339,34.0536994934082,.
29243,.,-13.3828001022339,34.0536994934082,.
29244,.,-13.3828001022339,34.0536994934082,.
29245,.,-13.3828001022339,34.0536994934082,.
29246,.,-13.3828001022339,34.0536994934082,.
29247,.,-13.3828001022339,34.0536994934082,.
29248,.,-13.4707002639771,34.0438995361328,.
29249,.,-13.4707002639771,34.0438995361328,.
29250,.,-13.4707002639771,34.0438995361328,.
29251,.,-13.4707002639771,34.0438995361328,.
29252,.,-13.4707002639771,34.0438995361328,.
29253,.,-13.4707002639771,34.0438995361328,.
29254,.,-13.4707002639771,34.0438995361328,.
29255,.,-13.4707002639771,34.0438995361328,.
29256,.,-13.4707002639771,34.0438995361328,.
29257,.,-13.4707002639771,34.0438995361328,.
29258,.,-13.4707002639771,34.0438995361328,.
29259,.,-13.4707002639771,34.0438995361328,.
29260,.,-13.4707002639771,34.0438995361328,.
29261,.,-13.4707002639771,34.0438995361328,.
29262,.,-13.4060001373291,33.9457015991211,.
29263,.,-13.4060001373291,33.9457015991211,.
29264,.,-13.4060001373291,33.9457015991211,.
29265,.,-13.4060001373291,33.9457015991211,.
29266,.,-13.4060001373291,33.9457015991211,.
29267,.,-13.4060001373291,33.9457015991211,.
29268,.,-13.4060001373291,33.9457015991211,.
29269,.,-13.4060001373291,33.9457015991211,.
29270,.,-13.4060001373291,33.9457015991211,.
29271,.,-13.4060001373291,33.9457015991211,.
29272,.,-13.4060001373291,33.9457015991211,.
29273,.,-13.4060001373291,33.9457015991211,.
29274,.,-13.4060001373291,33.9457015991211,.
29275,.,-13.4060001373291,33.9457015991211,.
29276,.,-13.4060001373291,33.9457015991211,.
29277,.,-13.4060001373291,33.9457015991211,.
29278,.,-13.4060001373291,33.9457015991211,.
29279,.,-13.4060001373291,33.9457015991211,.
29280,.,-13.4060001373291,33.9457015991211,.
29281,.,-13.4060001373291,33.9457015991211,.
29282,.,-13.4060001373291,33.9457015991211,.
29283,.,-13.4060001373291,33.9457015991211,.
29284,.,-13.4060001373291,33.9457015991211,.
29285,.,-13.4060001373291,33.9457015991211,.
29286,.,-13.4060001373291,33.9457015991211,.
29287,.,-13.4060001373291,33.9457015991211,.
29288,.,-13.4531002044678,33.9705009460449,.
29289,.,-13.4531002044678,33.9705009460449,.
29290,.,-13.4531002044678,33.9705009460449,.
29291,.,-13.4531002044678,33.9705009460449,.
29292,.,-13.4531002044678,33.9705009460449,.
29293,.,-13.4531002044678,33.9705009460449,.
29294,.,-13.4531002044678,33.9705009460449,.
29295,.,-13.4531002044678,33.9705009460449,.
29296,.,-13.4531002044678,33.9705009460449,.
29297,.,-13.4531002044678,33.9705009460449,.
29298,.,-13.4531002044678,33.9705009460449,.
29299,.,-13.4531002044678,33.9705009460449,.
29300,.,-13.2305002212524,34.0093002319336,.
29301,.,-13.2305002212524,34.0093002319336,.
29302,.,-13.2305002212524,34.0093002319336,.
29303,.,-13.2305002212524,34.0093002319336,.
29304,.,-13.2305002212524,34.0093002319336,.
29305,.,-13.2305002212524,34.0093002319336,.
29306,.,-13.2305002212524,34.0093002319336,.
29307,.,-13.2305002212524,34.0093002319336,.
29308,.,-13.2305002212524,34.0093002319336,.
29309,.,-13.2305002212524,34.0093002319336,.
29310,.,-13.2305002212524,34.0093002319336,.
29311,.,-13.2305002212524,34.0093002319336,.
29312,.,-13.2305002212524,34.0093002319336,.
29313,.,-13.2305002212524,34.0093002319336,.
29314,.,-13.2151002883911,34.0807991027832,.
29315,.,-13.2151002883911,34.0807991027832,.
29316,.,-13.2151002883911,34.0807991027832,.
29317,.,-13.2151002883911,34.0807991027832,.
29318,.,-13.2151002883911,34.0807991027832,.
29319,.,-13.2151002883911,34.0807991027832,.
29320,.,-13.2151002883911,34.0807991027832,.
29321,.,-13.2151002883911,34.0807991027832,.
29322,.,-13.2151002883911,34.0807991027832,.
29323,.,-13.2151002883911,34.0807991027832,.
29324,.,-13.2151002883911,34.0807991027832,.
29325,.,-13.2829999923706,33.9585990905762,.
29326,.,-13.2829999923706,33.9585990905762,.
29327,.,-13.2829999923706,33.9585990905762,.
29328,.,-13.2829999923706,33.9585990905762,.
29329,.,-13.2829999923706,33.9585990905762,.
29330,.,-13.2829999923706,33.9585990905762,.
29331,.,-13.2829999923706,33.9585990905762,.
29332,.,-13.2829999923706,33.9585990905762,.
29333,.,-13.2829999923706,33.9585990905762,.
29334,.,-13.2829999923706,33.9585990905762,.
29335,.,-13.2829999923706,33.9585990905762,.
29336,.,-13.2829999923706,33.9585990905762,.
29337,.,-13.2829999923706,33.9585990905762,.
29338,.,-13.4151000976563,33.913501739502,.
29339,.,-13.4151000976563,33.913501739502,.
29340,.,-13.4233999252319,33.8981018066406,.
29341,.,-13.4233999252319,33.8981018066406,.
29342,.,-13.4233999252319,33.8981018066406,.
29343,.,-13.4233999252319,33.8981018066406,.
29344,.,-13.4233999252319,33.8981018066406,.
29345,.,-13.4233999252319,33.8981018066406,.
29346,.,-13.4233999252319,33.8981018066406,.
29347,.,-13.4233999252319,33.8981018066406,.
29348,.,-13.4233999252319,33.8981018066406,.
29349,.,-13.4233999252319,33.8981018066406,.
29350,.,-13.4233999252319,33.8981018066406,.
29351,.,-13.3930997848511,33.8348007202148,.
29352,.,-13.3930997848511,33.8348007202148,.
29353,.,-13.3930997848511,33.8348007202148,.
29354,.,-13.3930997848511,33.8348007202148,.
29355,.,-13.3930997848511,33.8348007202148,.
29356,.,-13.3930997848511,33.8348007202148,.
29357,.,-13.3930997848511,33.8348007202148,.
29358,.,-13.3930997848511,33.8348007202148,.
29359,.,-13.4477996826172,33.9141006469727,.
29360,.,-13.4477996826172,33.9141006469727,.
29361,.,-13.4477996826172,33.9141006469727,.
29362,.,-13.4477996826172,33.9141006469727,.
29363,.,-13.4477996826172,33.9141006469727,.
29364,.,-13.4477996826172,33.9141006469727,.
29365,.,-13.4477996826172,33.9141006469727,.
29366,.,-13.4477996826172,33.9141006469727,.
29367,.,-13.4378004074097,33.8231010437012,.
29368,.,-13.4378004074097,33.8231010437012,.
29369,.,-13.4378004074097,33.8231010437012,.
29370,.,-13.4378004074097,33.8231010437012,.
29371,.,-13.4378004074097,33.8231010437012,.
29372,.,-13.4378004074097,33.8231010437012,.
29373,.,-13.4378004074097,33.8231010437012,.
29374,.,-13.4378004074097,33.8231010437012,.
29375,.,-13.4378004074097,33.8231010437012,.
29376,.,-13.4378004074097,33.8231010437012,.
29377,.,-13.4378004074097,33.8231010437012,.
29378,.,-13.2407999038696,33.9311981201172,.
29379,.,-13.2407999038696,33.9311981201172,.
29380,.,-13.2407999038696,33.9311981201172,.
29381,.,-13.2407999038696,33.9311981201172,.
29382,.,-13.2407999038696,33.9311981201172,.
29383,.,-13.2407999038696,33.9311981201172,.
29384,.,-13.2407999038696,33.9311981201172,.
29385,.,-13.2407999038696,33.9311981201172,.
29386,.,-13.2407999038696,33.9311981201172,.
29387,.,-13.1836996078491,33.8119010925293,.
29388,.,-13.1836996078491,33.8119010925293,.
29389,.,-13.1836996078491,33.8119010925293,.
29390,.,-13.1836996078491,33.8119010925293,.
29391,.,-13.1836996078491,33.8119010925293,.
29392,.,-13.1836996078491,33.8119010925293,.
29393,.,-13.1836996078491,33.8119010925293,.
29394,.,-13.1836996078491,33.8119010925293,.
29395,.,-13.1836996078491,33.8119010925293,.
29396,.,-13.1836996078491,33.8119010925293,.
29397,.,-13.1836996078491,33.8119010925293,.
29398,.,-13.1836996078491,33.8119010925293,.
29399,.,-13.1836996078491,33.8119010925293,.
29400,.,-13.1836996078491,33.8119010925293,.
29401,.,-13.1174001693726,33.785400390625,.
29402,.,-13.1174001693726,33.785400390625,.
29403,.,-13.1174001693726,33.785400390625,.
29404,.,-13.1174001693726,33.785400390625,.
29405,.,-13.1174001693726,33.785400390625,.
29406,.,-13.1174001693726,33.785400390625,.
29407,.,-13.1174001693726,33.785400390625,.
29408,.,-13.1174001693726,33.785400390625,.
29409,.,-13.1174001693726,33.785400390625,.
29410,.,-13.1174001693726,33.785400390625,.
29411,.,-13.1174001693726,33.785400390625,.
29412,.,-13.1174001693726,33.785400390625,.
29413,.,-13.1174001693726,33.785400390625,.
29414,.,-13.1174001693726,33.785400390625,.
29415,.,-13.1174001693726,33.785400390625,.
29416,.,-13.1174001693726,33.785400390625,.
29417,.,-13.1174001693726,33.785400390625,.
29418,.,-13.1174001693726,33.785400390625,.
29419,.,-13.1174001693726,33.785400390625,.
29420,.,-13.2242002487183,33.8058013916016,.
29421,.,-13.2279996871948,33.7963981628418,.
29422,.,-13.2279996871948,33.7963981628418,.
29423,.,-13.2279996871948,33.7963981628418,.
29424,.,-13.2279996871948,33.7963981628418,.
29425,.,-13.2279996871948,33.7963981628418,.
29426,.,-13.2279996871948,33.7963981628418,.
29427,.,-13.2279996871948,33.7963981628418,.
29428,.,-13.2279996871948,33.7963981628418,.
29429,.,-13.2279996871948,33.7963981628418,.
29430,.,-13.2279996871948,33.7963981628418,.
29431,.,-13.2279996871948,33.7963981628418,.
29432,.,-13.2279996871948,33.7963981628418,.
29433,.,-13.2279996871948,33.7963981628418,.
29434,.,-13.1625995635986,33.9201011657715,.
29435,.,-13.1625995635986,33.9201011657715,.
29436,.,-13.1625995635986,33.9201011657715,.
29437,.,-13.1625995635986,33.9201011657715,.
29438,.,-13.1625995635986,33.9201011657715,.
29439,.,-13.1625995635986,33.9201011657715,.
29440,.,-13.3554000854492,33.9127998352051,.
29441,.,-13.3554000854492,33.9127998352051,.
29442,.,-13.3554000854492,33.9127998352051,.
29443,.,-13.3554000854492,33.9127998352051,.
29444,.,-13.3554000854492,33.9127998352051,.
29445,.,-13.3554000854492,33.9127998352051,.
29446,.,-13.3554000854492,33.9127998352051,.
29447,.,-13.3554000854492,33.9127998352051,.
29448,.,-13.3554000854492,33.9127998352051,.
29449,.,-13.3554000854492,33.9127998352051,.
29450,.,-13.3554000854492,33.9127998352051,.
29451,.,-13.2687997817993,33.7652015686035,.
29452,.,-13.2687997817993,33.7652015686035,.
29453,.,-13.2687997817993,33.7652015686035,.
29454,.,-13.2687997817993,33.7652015686035,.
29455,.,-13.2662000656128,33.7425003051758,.
29456,.,-13.2662000656128,33.7425003051758,.
29457,.,-13.3313999176025,33.8581008911133,.
29458,.,-13.3313999176025,33.8581008911133,.
29459,.,-13.3313999176025,33.8581008911133,.
29460,.,-13.3313999176025,33.8581008911133,.
29461,.,-13.3313999176025,33.8581008911133,.
29462,.,-13.3313999176025,33.8581008911133,.
29463,.,-13.3313999176025,33.8581008911133,.
29464,.,-13.3313999176025,33.8581008911133,.
29465,.,-13.3313999176025,33.8581008911133,.
29466,.,-13.3313999176025,33.8581008911133,.
29467,.,-13.3466997146606,33.9255981445313,.
29468,.,-13.3466997146606,33.9255981445313,.
29469,.,-13.3466997146606,33.9255981445313,.
29470,.,-13.3466997146606,33.9255981445313,.
29471,.,-13.3466997146606,33.9255981445313,.
29472,.,-13.3466997146606,33.9255981445313,.
29473,.,-13.3466997146606,33.9255981445313,.
29474,.,-13.3466997146606,33.9255981445313,.
29475,.,-13.4956998825073,33.7820014953613,.
29476,.,-13.4956998825073,33.7820014953613,.
29477,.,-13.66100025177,33.695499420166,.
29478,.,-13.66100025177,33.695499420166,.
29479,.,-13.5848999023438,33.7018013000488,.
29480,.,-13.5848999023438,33.7018013000488,.
29481,.,-13.5848999023438,33.7018013000488,.
29482,.,-13.5848999023438,33.7018013000488,.
29483,.,-13.3308000564575,33.6283988952637,.
29484,.,-13.3776998519897,33.6249008178711,.
29485,.,-13.3776998519897,33.6249008178711,.
29486,.,-13.3776998519897,33.6249008178711,.
29487,.,-13.3776998519897,33.6249008178711,.
29488,.,-13.3776998519897,33.6249008178711,.
29489,.,-13.3776998519897,33.6249008178711,.
29490,.,-13.3776998519897,33.6249008178711,.
29491,.,-13.3776998519897,33.6249008178711,.
29492,.,-13.2779998779297,33.706600189209,.
29493,.,-13.2779998779297,33.706600189209,.
29494,.,-13.5578002929688,33.5526008605957,.
29495,.,-13.6287002563477,33.576000213623,.
29496,.,-13.6287002563477,33.576000213623,.
29497,.,-13.6287002563477,33.576000213623,.
29498,.,-13.6287002563477,33.576000213623,.
29499,.,-13.7201995849609,33.5233001708984,.
29500,.,-13.7201995849609,33.5233001708984,.
29501,.,-13.7468996047974,34.163200378418,.
29502,.,-13.7468996047974,34.163200378418,.
29503,.,-13.7468996047974,34.163200378418,.
29504,.,-13.7468996047974,34.163200378418,.
29505,.,-13.7468996047974,34.163200378418,.
29506,.,-13.7468996047974,34.163200378418,.
29507,.,-13.6349000930786,34.0004005432129,.
29508,.,-13.6349000930786,34.0004005432129,.
29509,.,-13.6349000930786,34.0004005432129,.
29510,.,-13.6349000930786,34.0004005432129,.
29511,.,-13.6349000930786,34.0004005432129,.
29512,.,-13.6349000930786,34.0004005432129,.
29513,.,-13.7920999526978,34.1601982116699,.
29514,.,-13.7920999526978,34.1601982116699,.
29515,.,-13.7920999526978,34.1601982116699,.
29516,.,-13.7920999526978,34.1601982116699,.
29517,.,-13.7920999526978,34.1601982116699,.
29518,.,-13.7920999526978,34.1601982116699,.
29519,.,-13.7920999526978,34.1601982116699,.
29520,.,-13.7920999526978,34.1601982116699,.
29521,.,-13.7920999526978,34.1601982116699,.
29522,.,-13.7920999526978,34.1601982116699,.
29523,.,-13.646900177002,34.0316009521484,.
29524,.,-13.646900177002,34.0316009521484,.
29525,.,-13.646900177002,34.0316009521484,.
29526,.,-13.646900177002,34.0316009521484,.
29527,.,-13.646900177002,34.0316009521484,.
29528,.,-13.646900177002,34.0316009521484,.
29529,.,-13.646900177002,34.0316009521484,.
29530,.,-13.646900177002,34.0316009521484,.
29531,.,-13.6808996200562,33.8613014221191,.
29532,.,-13.6808996200562,33.8613014221191,.
29533,.,-13.6808996200562,33.8613014221191,.
29534,.,-13.6808996200562,33.8613014221191,.
29535,.,-13.6808996200562,33.8613014221191,.
29536,.,-13.6808996200562,33.8613014221191,.
29537,.,-13.6808996200562,33.8613014221191,.
29538,.,-13.7004995346069,33.7869987487793,.
29539,.,-13.7004995346069,33.7869987487793,.
29540,.,-13.7004995346069,33.7869987487793,.
29541,.,-13.5581998825073,33.757999420166,.
29542,.,-13.5581998825073,33.757999420166,.
29543,.,-13.5581998825073,33.757999420166,.
29544,.,-13.5581998825073,33.757999420166,.
29545,.,-13.5581998825073,33.757999420166,.
29546,.,-13.5581998825073,33.757999420166,.
29547,.,-13.5581998825073,33.757999420166,.
29548,.,-13.6269998550415,33.9297981262207,.
29549,.,-13.6269998550415,33.9297981262207,.
29550,.,-13.6269998550415,33.9297981262207,.
29551,.,-13.6269998550415,33.9297981262207,.
29552,.,-13.6269998550415,33.9297981262207,.
29553,.,-13.6269998550415,33.9297981262207,.
29554,.,-13.6269998550415,33.9297981262207,.
29555,.,-13.6269998550415,33.9297981262207,.
29556,.,-13.6269998550415,33.9297981262207,.
29557,.,-13.6269998550415,33.9297981262207,.
29558,.,-13.5818004608154,33.872501373291,.
29559,.,-13.6361999511719,33.7489013671875,.
29560,.,-13.6361999511719,33.7489013671875,.
29561,.,-13.5076999664307,33.7375984191895,.
29562,.,-13.5076999664307,33.7375984191895,.
29563,.,-13.5076999664307,33.7375984191895,.
29564,.,-13.5076999664307,33.7375984191895,.
29565,.,-13.5076999664307,33.7375984191895,.
29566,.,-13.5535001754761,33.7313995361328,.
29567,.,-13.5535001754761,33.7313995361328,.
29568,.,-13.5535001754761,33.7313995361328,.
29569,.,-13.5535001754761,33.7313995361328,.
29570,.,-13.5535001754761,33.7313995361328,.
29571,.,-13.5535001754761,33.7313995361328,.
29572,.,-13.5535001754761,33.7313995361328,.
29573,.,-13.8468999862671,34.5470008850098,.
29574,.,-13.8468999862671,34.5470008850098,.
29575,.,-13.8468999862671,34.5470008850098,.
29576,.,-13.8468999862671,34.5470008850098,.
29577,.,-13.8468999862671,34.5470008850098,.
29578,.,-13.8468999862671,34.5470008850098,.
29579,.,-13.8468999862671,34.5470008850098,.
29580,.,-13.8468999862671,34.5470008850098,.
29581,.,-13.8468999862671,34.5470008850098,.
29582,.,-13.8468999862671,34.5470008850098,.
29583,.,-13.8468999862671,34.5470008850098,.
29584,.,-13.7643995285034,34.5700988769531,.
29585,.,-13.7643995285034,34.5700988769531,.
29586,.,-13.7643995285034,34.5700988769531,.
29587,.,-13.7643995285034,34.5700988769531,.
29588,.,-13.7643995285034,34.5700988769531,.
29589,.,-13.7643995285034,34.5700988769531,.
29590,.,-13.7643995285034,34.5700988769531,.
29591,.,-13.7643995285034,34.5700988769531,.
29592,.,-13.7643995285034,34.5700988769531,.
29593,.,-13.7643995285034,34.5700988769531,.
29594,.,-13.7643995285034,34.5700988769531,.
29595,.,-13.7643995285034,34.5700988769531,.
29596,.,-13.7643995285034,34.5700988769531,.
29597,.,-13.7643995285034,34.5700988769531,.
29598,.,-13.8348999023438,34.484001159668,.
29599,.,-13.8348999023438,34.484001159668,.
29600,.,-13.8348999023438,34.484001159668,.
29601,.,-13.8348999023438,34.484001159668,.
29602,.,-13.8348999023438,34.484001159668,.
29603,.,-13.8348999023438,34.484001159668,.
29604,.,-13.8348999023438,34.484001159668,.
29605,.,-13.8348999023438,34.484001159668,.
29606,.,-13.8348999023438,34.484001159668,.
29607,.,-13.8348999023438,34.484001159668,.
29608,.,-13.8348999023438,34.484001159668,.
29609,.,-13.8348999023438,34.484001159668,.
29610,.,-13.7531003952026,34.3721008300781,.
29611,.,-13.7531003952026,34.3721008300781,.
29612,.,-13.7531003952026,34.3721008300781,.
29613,.,-13.7531003952026,34.3721008300781,.
29614,.,-13.7531003952026,34.3721008300781,.
29615,.,-13.7531003952026,34.3721008300781,.
29616,.,-13.7531003952026,34.3721008300781,.
29617,.,-13.7531003952026,34.3721008300781,.
29618,.,-13.7531003952026,34.3721008300781,.
29619,.,-13.730299949646,34.2929000854492,.
29620,.,-13.730299949646,34.2929000854492,.
29621,.,-13.730299949646,34.2929000854492,.
29622,.,-13.730299949646,34.2929000854492,.
29623,.,-13.730299949646,34.2929000854492,.
29624,.,-13.730299949646,34.2929000854492,.
29625,.,-13.730299949646,34.2929000854492,.
29626,.,-13.730299949646,34.2929000854492,.
29627,.,-13.730299949646,34.2929000854492,.
29628,.,-13.730299949646,34.2929000854492,.
29629,.,-13.730299949646,34.2929000854492,.
29630,.,-13.730299949646,34.2929000854492,.
29631,.,-13.7189998626709,34.4964981079102,.
29632,.,-13.7189998626709,34.4964981079102,.
29633,.,-13.7189998626709,34.4964981079102,.
29634,.,-13.7189998626709,34.4964981079102,.
29635,.,-13.7189998626709,34.4964981079102,.
29636,.,-13.7189998626709,34.4964981079102,.
29637,.,-13.7189998626709,34.4964981079102,.
29638,.,-13.7189998626709,34.4964981079102,.
29639,.,-13.7189998626709,34.4964981079102,.
29640,.,-13.7189998626709,34.4964981079102,.
29641,.,-13.8168001174927,34.344799041748,.
29642,.,-13.8168001174927,34.344799041748,.
29643,.,-13.8240995407104,34.4667015075684,.
29644,.,-13.8240995407104,34.4667015075684,.
29645,.,-13.8240995407104,34.4667015075684,.
29646,.,-13.8240995407104,34.4667015075684,.
29647,.,-13.8240995407104,34.4667015075684,.
29648,.,-13.8240995407104,34.4667015075684,.
29649,.,-13.8240995407104,34.4667015075684,.
29650,.,-13.8240995407104,34.4667015075684,.
29651,.,-13.8240995407104,34.4667015075684,.
29652,.,-13.8240995407104,34.4667015075684,.
29653,.,-13.8240995407104,34.4667015075684,.
29654,.,-13.815899848938,34.5233993530273,.
29655,.,-13.815899848938,34.5233993530273,.
29656,.,-13.815899848938,34.5233993530273,.
29657,.,-13.815899848938,34.5233993530273,.
29658,.,-13.815899848938,34.5233993530273,.
29659,.,-13.815899848938,34.5233993530273,.
29660,.,-13.815899848938,34.5233993530273,.
29661,.,-13.9106998443604,34.4500007629395,.
29662,.,-13.9106998443604,34.4500007629395,.
29663,.,-13.9106998443604,34.4500007629395,.
29664,.,-13.9106998443604,34.4500007629395,.
29665,.,-13.9106998443604,34.4500007629395,.
29666,.,-13.9106998443604,34.4500007629395,.
29667,.,-13.9106998443604,34.4500007629395,.
29668,.,-13.9106998443604,34.4500007629395,.
29669,.,-13.9106998443604,34.4500007629395,.
29670,.,-13.9106998443604,34.4500007629395,.
29671,.,-13.9106998443604,34.4500007629395,.
29672,.,-13.9106998443604,34.4500007629395,.
29673,.,-13.9106998443604,34.4500007629395,.
29674,.,-13.9106998443604,34.4500007629395,.
29675,.,-13.7999000549316,34.4421005249023,.
29676,.,-13.7999000549316,34.4421005249023,.
29677,.,-13.7999000549316,34.4421005249023,.
29678,.,-13.7999000549316,34.4421005249023,.
29679,.,-13.7999000549316,34.4421005249023,.
29680,.,-13.7999000549316,34.4421005249023,.
29681,.,-13.7999000549316,34.4421005249023,.
29682,.,-13.7999000549316,34.4421005249023,.
29683,.,-13.7999000549316,34.4421005249023,.
29684,.,-13.7999000549316,34.4421005249023,.
29685,.,-13.7999000549316,34.4421005249023,.
29686,.,-13.7999000549316,34.4421005249023,.
29687,.,-13.7999000549316,34.4421005249023,.
29688,.,-13.7999000549316,34.4421005249023,.
29689,.,-13.7999000549316,34.4421005249023,.
29690,.,-14.0178003311157,34.4894981384277,.
29691,.,-14.0178003311157,34.4894981384277,.
29692,.,-14.0178003311157,34.4894981384277,.
29693,.,-14.0178003311157,34.4894981384277,.
29694,.,-14.0178003311157,34.4894981384277,.
29695,.,-14.0178003311157,34.4894981384277,.
29696,.,-14.0178003311157,34.4894981384277,.
29697,.,-14.0178003311157,34.4894981384277,.
29698,.,-14.0178003311157,34.4894981384277,.
29699,.,-14.0178003311157,34.4894981384277,.
29700,.,-14.0178003311157,34.4894981384277,.
29701,.,-14.0178003311157,34.4894981384277,.
29702,.,-14.0178003311157,34.4894981384277,.
29703,.,-14.0178003311157,34.4894981384277,.
29704,.,-13.9059000015259,34.5466995239258,.
29705,.,-13.9059000015259,34.5466995239258,.
29706,.,-13.9059000015259,34.5466995239258,.
29707,.,-13.9059000015259,34.5466995239258,.
29708,.,-13.9059000015259,34.5466995239258,.
29709,.,-13.9059000015259,34.5466995239258,.
29710,.,-13.9059000015259,34.5466995239258,.
29711,.,-13.9059000015259,34.5466995239258,.
29712,.,-14.089599609375,34.5219993591309,.
29713,.,-14.089599609375,34.5219993591309,.
29714,.,-14.089599609375,34.5219993591309,.
29715,.,-14.089599609375,34.5219993591309,.
29716,.,-14.089599609375,34.5219993591309,.
29717,.,-14.089599609375,34.5219993591309,.
29718,.,-14.089599609375,34.5219993591309,.
29719,.,-13.6120004653931,34.3389015197754,.
29720,.,-13.6120004653931,34.3389015197754,.
29721,.,-13.6120004653931,34.3389015197754,.
29722,.,-13.6120004653931,34.3389015197754,.
29723,.,-13.6120004653931,34.3389015197754,.
29724,.,-13.6120004653931,34.3389015197754,.
29725,.,-13.6120004653931,34.3389015197754,.
29726,.,-13.6120004653931,34.3389015197754,.
29727,.,-13.6120004653931,34.3389015197754,.
29728,.,-13.6120004653931,34.3389015197754,.
29729,.,-13.6120004653931,34.3389015197754,.
29730,.,-13.6120004653931,34.3389015197754,.
29731,.,-13.6120004653931,34.3389015197754,.
29732,.,-13.4914999008179,34.2925987243652,.
29733,.,-13.4914999008179,34.2925987243652,.
29734,.,-13.4914999008179,34.2925987243652,.
29735,.,-13.4914999008179,34.2925987243652,.
29736,.,-13.4914999008179,34.2925987243652,.
29737,.,-13.4914999008179,34.2925987243652,.
29738,.,-13.4914999008179,34.2925987243652,.
29739,.,-13.4694004058838,34.2793006896973,.
29740,.,-13.4694004058838,34.2793006896973,.
29741,.,-13.4694004058838,34.2793006896973,.
29742,.,-13.4694004058838,34.2793006896973,.
29743,.,-13.4694004058838,34.2793006896973,.
29744,.,-13.4694004058838,34.2793006896973,.
29745,.,-13.5931997299194,34.2977981567383,.
29746,.,-13.5931997299194,34.2977981567383,.
29747,.,-13.5931997299194,34.2977981567383,.
29748,.,-13.5931997299194,34.2977981567383,.
29749,.,-13.5931997299194,34.2977981567383,.
29750,.,-13.5931997299194,34.2977981567383,.
29751,.,-13.5931997299194,34.2977981567383,.
29752,.,-13.5931997299194,34.2977981567383,.
29753,.,-13.5931997299194,34.2977981567383,.
29754,.,-13.6187000274658,34.309700012207,.
29755,.,-13.6187000274658,34.309700012207,.
29756,.,-13.6187000274658,34.309700012207,.
29757,.,-13.6187000274658,34.309700012207,.
29758,.,-13.6187000274658,34.309700012207,.
29759,.,-13.6187000274658,34.309700012207,.
29760,.,-13.6187000274658,34.309700012207,.
29761,.,-13.6187000274658,34.309700012207,.
29762,.,-13.6187000274658,34.309700012207,.
29763,.,-13.6187000274658,34.309700012207,.
29764,.,-13.6187000274658,34.309700012207,.
29765,.,-13.6187000274658,34.309700012207,.
29766,.,-13.6187000274658,34.309700012207,.
29767,.,-13.4883003234863,34.2613983154297,.
29768,.,-13.4883003234863,34.2613983154297,.
29769,.,-13.4883003234863,34.2613983154297,.
29770,.,-13.4883003234863,34.2613983154297,.
29771,.,-13.4883003234863,34.2613983154297,.
29772,.,-13.4883003234863,34.2613983154297,.
29773,.,-13.4883003234863,34.2613983154297,.
29774,.,-13.4883003234863,34.2613983154297,.
29775,.,-13.4883003234863,34.2613983154297,.
29776,.,-13.4883003234863,34.2613983154297,.
29777,.,-13.4883003234863,34.2613983154297,.
29778,.,-13.4883003234863,34.2613983154297,.
29779,.,-13.4883003234863,34.2613983154297,.
29780,.,-13.4883003234863,34.2613983154297,.
29781,.,-13.5663003921509,34.1629981994629,.
29782,.,-13.5663003921509,34.1629981994629,.
29783,.,-13.5663003921509,34.1629981994629,.
29784,.,-13.5663003921509,34.1629981994629,.
29785,.,-13.5663003921509,34.1629981994629,.
29786,.,-13.5663003921509,34.1629981994629,.
29787,.,-13.5663003921509,34.1629981994629,.
29788,.,-13.5663003921509,34.1629981994629,.
29789,.,-13.4942998886108,34.3541984558105,.
29790,.,-13.4942998886108,34.3541984558105,.
29791,.,-13.4942998886108,34.3541984558105,.
29792,.,-13.4942998886108,34.3541984558105,.
29793,.,-13.4942998886108,34.3541984558105,.
29794,.,-13.4942998886108,34.3541984558105,.
29795,.,-13.4942998886108,34.3541984558105,.
29796,.,-13.4942998886108,34.3541984558105,.
29797,.,-13.4942998886108,34.3541984558105,.
29798,.,-13.4942998886108,34.3541984558105,.
29799,.,-13.4942998886108,34.3541984558105,.
29800,.,-13.4942998886108,34.3541984558105,.
29801,.,-13.4942998886108,34.3541984558105,.
29802,.,-13.4942998886108,34.3541984558105,.
29803,.,-13.4942998886108,34.3541984558105,.
29804,.,-13.7771997451782,34.4576988220215,.
29805,.,-13.7771997451782,34.4576988220215,.
29806,.,-13.7771997451782,34.4576988220215,.
29807,.,-13.7771997451782,34.4576988220215,.
29808,.,-13.7771997451782,34.4576988220215,.
29809,.,-13.7771997451782,34.4576988220215,.
29810,.,-13.7771997451782,34.4576988220215,.
29811,.,-13.7771997451782,34.4576988220215,.
29812,.,-13.7771997451782,34.4576988220215,.
29813,.,-13.7849998474121,34.418399810791,.
29814,.,-13.7849998474121,34.418399810791,.
29815,.,-13.7849998474121,34.418399810791,.
29816,.,-13.7849998474121,34.418399810791,.
29817,.,-13.7849998474121,34.418399810791,.
29818,.,-13.7849998474121,34.418399810791,.
29819,.,-13.7849998474121,34.418399810791,.
29820,.,-13.7849998474121,34.418399810791,.
29821,.,-13.7849998474121,34.418399810791,.
29822,.,-13.7849998474121,34.418399810791,.
29823,.,-14.299599647522,33.9031982421875,.
29824,.,-14.299599647522,33.9031982421875,.
29825,.,-14.299599647522,33.9031982421875,.
29826,.,-14.299599647522,33.9031982421875,.
29827,.,-14.299599647522,33.9031982421875,.
29828,.,-14.299599647522,33.9031982421875,.
29829,.,-14.299599647522,33.9031982421875,.
29830,.,-14.299599647522,33.9031982421875,.
29831,.,-14.299599647522,33.9031982421875,.
29832,.,-14.299599647522,33.9031982421875,.
29833,.,-14.299599647522,33.9031982421875,.
29834,.,-14.299599647522,33.9031982421875,.
29835,.,-14.299599647522,33.9031982421875,.
29836,.,-14.299599647522,33.9031982421875,.
29837,.,-14.299599647522,33.9031982421875,.
29838,.,-14.299599647522,33.9031982421875,.
29839,.,-14.0754995346069,33.9183006286621,.
29840,.,-14.0754995346069,33.9183006286621,.
29841,.,-14.0754995346069,33.9183006286621,.
29842,.,-14.0754995346069,33.9183006286621,.
29843,.,-14.0754995346069,33.9183006286621,.
29844,.,-14.0754995346069,33.9183006286621,.
29845,.,-14.0754995346069,33.9183006286621,.
29846,.,-14.0754995346069,33.9183006286621,.
29847,.,-14.0754995346069,33.9183006286621,.
29848,.,-14.0754995346069,33.9183006286621,.
29849,.,-14.0754995346069,33.9183006286621,.
29850,.,-14.0754995346069,33.9183006286621,.
29851,.,-14.0754995346069,33.9183006286621,.
29852,.,-14.0754995346069,33.9183006286621,.
29853,.,-14.0754995346069,33.9183006286621,.
29854,.,-14.0754995346069,33.9183006286621,.
29855,.,-14.0333995819092,33.8451995849609,.
29856,.,-14.0333995819092,33.8451995849609,.
29857,.,-14.0333995819092,33.8451995849609,.
29858,.,-14.0333995819092,33.8451995849609,.
29859,.,-14.0333995819092,33.8451995849609,.
29860,.,-14.0333995819092,33.8451995849609,.
29861,.,-14.0333995819092,33.8451995849609,.
29862,.,-14.0333995819092,33.8451995849609,.
29863,.,-14.0333995819092,33.8451995849609,.
29864,.,-14.0333995819092,33.8451995849609,.
29865,.,-14.0333995819092,33.8451995849609,.
29866,.,-14.0333995819092,33.8451995849609,.
29867,.,-14.0333995819092,33.8451995849609,.
29868,.,-14.0333995819092,33.8451995849609,.
29869,.,-14.0333995819092,33.8451995849609,.
29870,.,-14.145299911499,33.885799407959,.
29871,.,-14.145299911499,33.885799407959,.
29872,.,-14.145299911499,33.885799407959,.
29873,.,-14.145299911499,33.885799407959,.
29874,.,-14.145299911499,33.885799407959,.
29875,.,-14.145299911499,33.885799407959,.
29876,.,-14.145299911499,33.885799407959,.
29877,.,-14.145299911499,33.885799407959,.
29878,.,-14.145299911499,33.885799407959,.
29879,.,-14.145299911499,33.885799407959,.
29880,.,-14.145299911499,33.885799407959,.
29881,.,-14.145299911499,33.885799407959,.
29882,.,-14.145299911499,33.885799407959,.
29883,.,-14.145299911499,33.885799407959,.
29884,.,-14.145299911499,33.885799407959,.
29885,.,-14.145299911499,33.885799407959,.
29886,.,-14.145299911499,33.885799407959,.
29887,.,-14.0368003845215,33.345100402832,.
29888,.,-14.0368003845215,33.345100402832,.
29889,.,-14.0368003845215,33.345100402832,.
29890,.,-14.0368003845215,33.345100402832,.
29891,.,-14.0368003845215,33.345100402832,.
29892,.,-14.0368003845215,33.345100402832,.
29893,.,-14.0368003845215,33.345100402832,.
29894,.,-14.0368003845215,33.345100402832,.
29895,.,-14.0368003845215,33.345100402832,.
29896,.,-14.0368003845215,33.345100402832,.
29897,.,-14.0368003845215,33.345100402832,.
29898,.,-14.0368003845215,33.345100402832,.
29899,.,-14.0368003845215,33.345100402832,.
29900,.,-14.0368003845215,33.345100402832,.
29901,.,-14.0368003845215,33.345100402832,.
29902,.,-14.0368003845215,33.345100402832,.
29903,.,-14.0368003845215,33.345100402832,.
29904,.,-14.0368003845215,33.345100402832,.
29905,.,-14.102499961853,33.5173988342285,.
29906,.,-14.102499961853,33.5173988342285,.
29907,.,-13.887900352478,33.516300201416,.
29908,.,-13.887900352478,33.516300201416,.
29909,.,-13.887900352478,33.516300201416,.
29910,.,-13.887900352478,33.516300201416,.
29911,.,-13.887900352478,33.516300201416,.
29912,.,-13.887900352478,33.516300201416,.
29913,.,-13.887900352478,33.516300201416,.
29914,.,-13.887900352478,33.516300201416,.
29915,.,-13.887900352478,33.516300201416,.
29916,.,-13.887900352478,33.516300201416,.
29917,.,-13.887900352478,33.516300201416,.
29918,.,-13.887900352478,33.516300201416,.
29919,.,-13.887900352478,33.516300201416,.
29920,.,-13.887900352478,33.516300201416,.
29921,.,-14.0521001815796,33.4943008422852,.
29922,.,-14.0521001815796,33.4943008422852,.
29923,.,-14.0521001815796,33.4943008422852,.
29924,.,-14.0521001815796,33.4943008422852,.
29925,.,-14.0521001815796,33.4943008422852,.
29926,.,-14.0521001815796,33.4943008422852,.
29927,.,-14.0521001815796,33.4943008422852,.
29928,.,-14.0521001815796,33.4943008422852,.
29929,.,-14.0521001815796,33.4943008422852,.
29930,.,-14.0521001815796,33.4943008422852,.
29931,.,-14.0521001815796,33.4943008422852,.
29932,.,-14.0521001815796,33.4943008422852,.
29933,.,-14.0521001815796,33.4943008422852,.
29934,.,-14.0521001815796,33.4943008422852,.
29935,.,-14.0521001815796,33.4943008422852,.
29936,.,-14.0521001815796,33.4943008422852,.
29937,.,-14.2600002288818,33.7983016967773,.
29938,.,-14.2600002288818,33.7983016967773,.
29939,.,-14.2600002288818,33.7983016967773,.
29940,.,-14.2600002288818,33.7983016967773,.
29941,.,-14.2600002288818,33.7983016967773,.
29942,.,-14.2600002288818,33.7983016967773,.
29943,.,-14.2600002288818,33.7983016967773,.
29944,.,-14.2600002288818,33.7983016967773,.
29945,.,-14.2600002288818,33.7983016967773,.
29946,.,-14.2600002288818,33.7983016967773,.
29947,.,-14.2600002288818,33.7983016967773,.
29948,.,-14.2600002288818,33.7983016967773,.
29949,.,-14.2600002288818,33.7983016967773,.
29950,.,-14.2600002288818,33.7983016967773,.
29951,.,-14.2600002288818,33.7983016967773,.
29952,.,-14.2600002288818,33.7983016967773,.
29953,.,-14.2600002288818,33.7983016967773,.
29954,.,-14.2600002288818,33.7983016967773,.
29955,.,-14.2600002288818,33.7983016967773,.
29956,.,-14.2600002288818,33.7983016967773,.
29957,.,-14.2600002288818,33.7983016967773,.
29958,.,-14.2600002288818,33.7983016967773,.
29959,.,-14.1294002532959,33.6874008178711,.
29960,.,-14.1294002532959,33.6874008178711,.
29961,.,-14.1294002532959,33.6874008178711,.
29962,.,-14.1294002532959,33.6874008178711,.
29963,.,-14.1294002532959,33.6874008178711,.
29964,.,-14.1294002532959,33.6874008178711,.
29965,.,-14.1294002532959,33.6874008178711,.
29966,.,-14.1294002532959,33.6874008178711,.
29967,.,-14.1294002532959,33.6874008178711,.
29968,.,-14.1294002532959,33.6874008178711,.
29969,.,-14.1294002532959,33.6874008178711,.
29970,.,-14.1294002532959,33.6874008178711,.
29971,.,-14.1294002532959,33.6874008178711,.
29972,.,-14.1294002532959,33.6874008178711,.
29973,.,-14.1294002532959,33.6874008178711,.
29974,.,-14.1294002532959,33.6874008178711,.
29975,.,-14.262900352478,33.6935997009277,.
29976,.,-14.262900352478,33.6935997009277,.
29977,.,-14.262900352478,33.6935997009277,.
29978,.,-14.262900352478,33.6935997009277,.
29979,.,-14.262900352478,33.6935997009277,.
29980,.,-14.262900352478,33.6935997009277,.
29981,.,-14.262900352478,33.6935997009277,.
29982,.,-14.262900352478,33.6935997009277,.
29983,.,-14.262900352478,33.6935997009277,.
29984,.,-14.262900352478,33.6935997009277,.
29985,.,-14.262900352478,33.6935997009277,.
29986,.,-14.262900352478,33.6935997009277,.
29987,.,-14.262900352478,33.6935997009277,.
29988,.,-14.262900352478,33.6935997009277,.
29989,.,-14.262900352478,33.6935997009277,.
29990,.,-14.262900352478,33.6935997009277,.
29991,.,-14.262900352478,33.6935997009277,.
29992,.,-14.1549997329712,33.7457008361816,.
29993,.,-14.1549997329712,33.7457008361816,.
29994,.,-14.1549997329712,33.7457008361816,.
29995,.,-14.1549997329712,33.7457008361816,.
29996,.,-14.1549997329712,33.7457008361816,.
29997,.,-14.1864995956421,33.5528984069824,.
29998,.,-14.1864995956421,33.5528984069824,.
29999,.,-14.1864995956421,33.5528984069824,.
30000,.,-14.1864995956421,33.5528984069824,.
30001,.,-14.1864995956421,33.5528984069824,.
30002,.,-14.1864995956421,33.5528984069824,.
30003,.,-14.1864995956421,33.5528984069824,.
30004,.,-14.1864995956421,33.5528984069824,.
30005,.,-14.1864995956421,33.5528984069824,.
30006,.,-14.1864995956421,33.5528984069824,.
30007,.,-14.1864995956421,33.5528984069824,.
30008,.,-14.1864995956421,33.5528984069824,.
30009,.,-14.1864995956421,33.5528984069824,.
30010,.,-14.1864995956421,33.5528984069824,.
30011,.,-14.1864995956421,33.5528984069824,.
30012,.,-14.1864995956421,33.5528984069824,.
30013,.,-14.3621997833252,33.714900970459,.
30014,.,-14.3621997833252,33.714900970459,.
30015,.,-14.3621997833252,33.714900970459,.
30016,.,-14.3621997833252,33.714900970459,.
30017,.,-14.3621997833252,33.714900970459,.
30018,.,-14.3621997833252,33.714900970459,.
30019,.,-14.3621997833252,33.714900970459,.
30020,.,-14.3621997833252,33.714900970459,.
30021,.,-14.3621997833252,33.714900970459,.
30022,.,-14.3621997833252,33.714900970459,.
30023,.,-14.3621997833252,33.714900970459,.
30024,.,-14.3621997833252,33.714900970459,.
30025,.,-14.3621997833252,33.714900970459,.
30026,.,-14.2749004364014,33.7597007751465,.
30027,.,-14.2749004364014,33.7597007751465,.
30028,.,-14.2749004364014,33.7597007751465,.
30029,.,-14.2749004364014,33.7597007751465,.
30030,.,-14.2749004364014,33.7597007751465,.
30031,.,-14.2749004364014,33.7597007751465,.
30032,.,-14.2749004364014,33.7597007751465,.
30033,.,-14.2749004364014,33.7597007751465,.
30034,.,-14.2749004364014,33.7597007751465,.
30035,.,-14.0530996322632,33.9597015380859,.
30036,.,-14.0530996322632,33.9597015380859,.
30037,.,-14.0530996322632,33.9597015380859,.
30038,.,-14.0530996322632,33.9597015380859,.
30039,.,-14.0530996322632,33.9597015380859,.
30040,.,-14.0530996322632,33.9597015380859,.
30041,.,-14.0530996322632,33.9597015380859,.
30042,.,-14.0530996322632,33.9597015380859,.
30043,.,-14.0530996322632,33.9597015380859,.
30044,.,-14.0530996322632,33.9597015380859,.
30045,.,-14.0530996322632,33.9597015380859,.
30046,.,-14.0530996322632,33.9597015380859,.
30047,.,-14.0530996322632,33.9597015380859,.
30048,.,-14.0235004425049,34.1137008666992,.
30049,.,-14.0235004425049,34.1137008666992,.
30050,.,-14.0235004425049,34.1137008666992,.
30051,.,-14.0235004425049,34.1137008666992,.
30052,.,-14.0235004425049,34.1137008666992,.
30053,.,-14.0235004425049,34.1137008666992,.
30054,.,-14.0235004425049,34.1137008666992,.
30055,.,-14.0235004425049,34.1137008666992,.
30056,.,-14.0152997970581,34.0638999938965,.
30057,.,-14.0152997970581,34.0638999938965,.
30058,.,-14.0152997970581,34.0638999938965,.
30059,.,-14.0152997970581,34.0638999938965,.
30060,.,-14.0152997970581,34.0638999938965,.
30061,.,-14.0152997970581,34.0638999938965,.
30062,.,-14.0152997970581,34.0638999938965,.
30063,.,-14.0152997970581,34.0638999938965,.
30064,.,-14.0152997970581,34.0638999938965,.
30065,.,-14.0152997970581,34.0638999938965,.
30066,.,-14.0152997970581,34.0638999938965,.
30067,.,-14.0152997970581,34.0638999938965,.
30068,.,-14.0152997970581,34.0638999938965,.
30069,.,-14.0152997970581,34.0638999938965,.
30070,.,-14.0152997970581,34.0638999938965,.
30071,.,-14.0152997970581,34.0638999938965,.
30072,.,-14.0152997970581,34.0638999938965,.
30073,.,-14.0229997634888,34.0862998962402,.
30074,.,-14.0229997634888,34.0862998962402,.
30075,.,-14.0229997634888,34.0862998962402,.
30076,.,-14.0229997634888,34.0862998962402,.
30077,.,-14.0229997634888,34.0862998962402,.
30078,.,-14.0229997634888,34.0862998962402,.
30079,.,-14.0229997634888,34.0862998962402,.
30080,.,-14.0229997634888,34.0862998962402,.
30081,.,-14.0229997634888,34.0862998962402,.
30082,.,-14.0229997634888,34.0862998962402,.
30083,.,-14.0229997634888,34.0862998962402,.
30084,.,-14.0229997634888,34.0862998962402,.
30085,.,-14.0229997634888,34.0862998962402,.
30086,.,-14.0229997634888,34.0862998962402,.
30087,.,-14.0229997634888,34.0862998962402,.
30088,.,-14.0229997634888,34.0862998962402,.
30089,.,-14.0229997634888,34.0862998962402,.
30090,.,-14.0229997634888,34.0862998962402,.
30091,.,-14.0229997634888,34.0862998962402,.
30092,.,-13.6751003265381,33.4471015930176,.
30093,.,-13.6751003265381,33.4471015930176,.
30094,.,-13.6751003265381,33.4471015930176,.
30095,.,-13.6751003265381,33.4471015930176,.
30096,.,-13.6751003265381,33.4471015930176,.
30097,.,-13.6751003265381,33.4471015930176,.
30098,.,-13.6751003265381,33.4471015930176,.
30099,.,-13.6751003265381,33.4471015930176,.
30100,.,-13.6751003265381,33.4471015930176,.
30101,.,-13.6751003265381,33.4471015930176,.
30102,.,-13.6751003265381,33.4471015930176,.
30103,.,-13.6751003265381,33.4471015930176,.
30104,.,-13.6751003265381,33.4471015930176,.
30105,.,-13.6751003265381,33.4471015930176,.
30106,.,-13.7819004058838,33.3633003234863,.
30107,.,-13.7819004058838,33.3633003234863,.
30108,.,-13.7819004058838,33.3633003234863,.
30109,.,-13.7819004058838,33.3633003234863,.
30110,.,-13.7819004058838,33.3633003234863,.
30111,.,-13.7819004058838,33.3633003234863,.
30112,.,-13.7819004058838,33.3633003234863,.
30113,.,-13.7819004058838,33.3633003234863,.
30114,.,-13.7819004058838,33.3633003234863,.
30115,.,-13.7819004058838,33.3633003234863,.
30116,.,-13.7819004058838,33.3633003234863,.
30117,.,-13.7819004058838,33.3633003234863,.
30118,.,-13.7819004058838,33.3633003234863,.
30119,.,-13.7819004058838,33.3633003234863,.
30120,.,-13.7819004058838,33.3633003234863,.
30121,.,-13.7819004058838,33.3633003234863,.
30122,.,-13.7819004058838,33.3633003234863,.
30123,.,-13.8674001693726,33.8280982971191,.
30124,.,-13.8674001693726,33.8280982971191,.
30125,.,-13.8674001693726,33.8280982971191,.
30126,.,-13.8674001693726,33.8280982971191,.
30127,.,-13.8674001693726,33.8280982971191,.
30128,.,-13.8674001693726,33.8280982971191,.
30129,.,-13.8674001693726,33.8280982971191,.
30130,.,-13.8674001693726,33.8280982971191,.
30131,.,-13.8674001693726,33.8280982971191,.
30132,.,-13.8674001693726,33.8280982971191,.
30133,.,-13.8674001693726,33.8280982971191,.
30134,.,-13.8674001693726,33.8280982971191,.
30135,.,-13.8674001693726,33.8280982971191,.
30136,.,-13.8674001693726,33.8280982971191,.
30137,.,-13.7993001937866,33.8588981628418,.
30138,.,-13.7993001937866,33.8588981628418,.
30139,.,-13.7993001937866,33.8588981628418,.
30140,.,-13.7993001937866,33.8588981628418,.
30141,.,-13.7993001937866,33.8588981628418,.
30142,.,-13.7993001937866,33.8588981628418,.
30143,.,-13.7993001937866,33.8588981628418,.
30144,.,-13.7993001937866,33.8588981628418,.
30145,.,-13.7993001937866,33.8588981628418,.
30146,.,-13.7993001937866,33.8588981628418,.
30147,.,-13.7993001937866,33.8588981628418,.
30148,.,-13.7993001937866,33.8588981628418,.
30149,.,-13.7993001937866,33.8588981628418,.
30150,.,-13.7993001937866,33.8588981628418,.
30151,.,-13.7993001937866,33.8588981628418,.
30152,.,-13.7993001937866,33.8588981628418,.
30153,.,-13.7993001937866,33.8588981628418,.
30154,.,-13.7993001937866,33.8588981628418,.
30155,.,-13.7993001937866,33.8588981628418,.
30156,.,-13.7993001937866,33.8588981628418,.
30157,.,-13.7993001937866,33.8588981628418,.
30158,.,-13.7993001937866,33.8588981628418,.
30159,.,-13.7993001937866,33.8588981628418,.
30160,.,-13.7993001937866,33.8588981628418,.
30161,.,-13.7938003540039,33.8372993469238,.
30162,.,-13.7938003540039,33.8372993469238,.
30163,.,-13.7938003540039,33.8372993469238,.
30164,.,-13.7938003540039,33.8372993469238,.
30165,.,-13.7938003540039,33.8372993469238,.
30166,.,-13.7938003540039,33.8372993469238,.
30167,.,-13.7938003540039,33.8372993469238,.
30168,.,-13.7938003540039,33.8372993469238,.
30169,.,-13.7938003540039,33.8372993469238,.
30170,.,-13.7938003540039,33.8372993469238,.
30171,.,-13.7938003540039,33.8372993469238,.
30172,.,-13.7938003540039,33.8372993469238,.
30173,.,-13.7938003540039,33.8372993469238,.
30174,.,-13.7938003540039,33.8372993469238,.
30175,.,-13.7526998519897,33.6626014709473,.
30176,.,-13.7526998519897,33.6626014709473,.
30177,.,-13.7526998519897,33.6626014709473,.
30178,.,-13.7526998519897,33.6626014709473,.
30179,.,-13.7526998519897,33.6626014709473,.
30180,.,-13.7526998519897,33.6626014709473,.
30181,.,-13.7526998519897,33.6626014709473,.
30182,.,-13.7526998519897,33.6626014709473,.
30183,.,-13.7526998519897,33.6626014709473,.
30184,.,-13.7526998519897,33.6626014709473,.
30185,.,-13.7526998519897,33.6626014709473,.
30186,.,-13.7526998519897,33.6626014709473,.
30187,.,-13.7526998519897,33.6626014709473,.
30188,.,-13.7526998519897,33.6626014709473,.
30189,.,-13.7526998519897,33.6626014709473,.
30190,.,-13.7526998519897,33.6626014709473,.
30191,.,-13.7526998519897,33.6626014709473,.
30192,.,-13.7526998519897,33.6626014709473,.
30193,.,-13.7526998519897,33.6626014709473,.
30194,.,-13.7526998519897,33.6626014709473,.
30195,.,-13.7526998519897,33.6626014709473,.
30196,.,-13.7526998519897,33.6626014709473,.
30197,.,-13.7714996337891,33.6813011169434,.
30198,.,-13.7714996337891,33.6813011169434,.
30199,.,-13.7714996337891,33.6813011169434,.
30200,.,-13.7714996337891,33.6813011169434,.
30201,.,-13.7714996337891,33.6813011169434,.
30202,.,-13.7714996337891,33.6813011169434,.
30203,.,-13.7714996337891,33.6813011169434,.
30204,.,-13.7714996337891,33.6813011169434,.
30205,.,-13.7714996337891,33.6813011169434,.
30206,.,-13.7714996337891,33.6813011169434,.
30207,.,-13.7714996337891,33.6813011169434,.
30208,.,-13.7714996337891,33.6813011169434,.
30209,.,-13.7714996337891,33.6813011169434,.
30210,.,-13.7714996337891,33.6813011169434,.
30211,.,-13.7714996337891,33.6813011169434,.
30212,.,-13.7714996337891,33.6813011169434,.
30213,.,-13.7714996337891,33.6813011169434,.
30214,.,-14.1044998168945,34.0018005371094,.
30215,.,-14.1044998168945,34.0018005371094,.
30216,.,-14.1044998168945,34.0018005371094,.
30217,.,-14.1044998168945,34.0018005371094,.
30218,.,-14.1044998168945,34.0018005371094,.
30219,.,-14.1044998168945,34.0018005371094,.
30220,.,-14.1044998168945,34.0018005371094,.
30221,.,-14.1044998168945,34.0018005371094,.
30222,.,-14.1044998168945,34.0018005371094,.
30223,.,-14.1044998168945,34.0018005371094,.
30224,.,-14.1044998168945,34.0018005371094,.
30225,.,-14.1044998168945,34.0018005371094,.
30226,.,-14.1044998168945,34.0018005371094,.
30227,.,-14.1044998168945,34.0018005371094,.
30228,.,-14.1044998168945,34.0018005371094,.
30229,.,-14.1600999832153,34.0345001220703,.
30230,.,-14.1600999832153,34.0345001220703,.
30231,.,-14.1600999832153,34.0345001220703,.
30232,.,-14.1600999832153,34.0345001220703,.
30233,.,-14.1600999832153,34.0345001220703,.
30234,.,-14.1600999832153,34.0345001220703,.
30235,.,-14.1600999832153,34.0345001220703,.
30236,.,-14.1600999832153,34.0345001220703,.
30237,.,-14.1600999832153,34.0345001220703,.
30238,.,-14.1600999832153,34.0345001220703,.
30239,.,-14.1600999832153,34.0345001220703,.
30240,.,-14.1600999832153,34.0345001220703,.
30241,.,-14.1600999832153,34.0345001220703,.
30242,.,-14.1600999832153,34.0345001220703,.
30243,.,-14.1600999832153,34.0345001220703,.
30244,.,-14.1600999832153,34.0345001220703,.
30245,.,-14.1600999832153,34.0345001220703,.
30246,.,-14.1600999832153,34.0345001220703,.
30247,.,-14.1600999832153,34.0345001220703,.
30248,.,-14.1600999832153,34.0345001220703,.
30249,.,-14.1600999832153,34.0345001220703,.
30250,.,-14.1600999832153,34.0345001220703,.
30251,.,-13.9799995422363,33.8624992370605,.
30252,.,-13.9799995422363,33.8624992370605,.
30253,.,-13.9799995422363,33.8624992370605,.
30254,.,-13.9799995422363,33.8624992370605,.
30255,.,-13.9799995422363,33.8624992370605,.
30256,.,-13.9799995422363,33.8624992370605,.
30257,.,-14.061900138855,33.8322982788086,.
30258,.,-14.061900138855,33.8322982788086,.
30259,.,-14.061900138855,33.8322982788086,.
30260,.,-14.061900138855,33.8322982788086,.
30261,.,-14.061900138855,33.8322982788086,.
30262,.,-14.061900138855,33.8322982788086,.
30263,.,-14.061900138855,33.8322982788086,.
30264,.,-14.061900138855,33.8322982788086,.
30265,.,-14.061900138855,33.8322982788086,.
30266,.,-14.061900138855,33.8322982788086,.
30267,.,-14.061900138855,33.8322982788086,.
30268,.,-14.061900138855,33.8322982788086,.
30269,.,-14.061900138855,33.8322982788086,.
30270,.,-14.061900138855,33.8322982788086,.
30271,.,-14.061900138855,33.8322982788086,.
30272,.,-13.9694004058838,33.6318016052246,.
30273,.,-13.9694004058838,33.6318016052246,.
30274,.,-13.9694004058838,33.6318016052246,.
30275,.,-13.9694004058838,33.6318016052246,.
30276,.,-13.9694004058838,33.6318016052246,.
30277,.,-13.9694004058838,33.6318016052246,.
30278,.,-13.9694004058838,33.6318016052246,.
30279,.,-13.9694004058838,33.6318016052246,.
30280,.,-13.9694004058838,33.6318016052246,.
30281,.,-13.9694004058838,33.6318016052246,.
30282,.,-13.9694004058838,33.6318016052246,.
30283,.,-13.9694004058838,33.6318016052246,.
30284,.,-13.9694004058838,33.6318016052246,.
30285,.,-13.9694004058838,33.6318016052246,.
30286,.,-13.9694004058838,33.6318016052246,.
30287,.,-14.0329999923706,33.5158996582031,.
30288,.,-14.0329999923706,33.5158996582031,.
30289,.,-14.0329999923706,33.5158996582031,.
30290,.,-14.0329999923706,33.5158996582031,.
30291,.,-14.0329999923706,33.5158996582031,.
30292,.,-14.0329999923706,33.5158996582031,.
30293,.,-14.0329999923706,33.5158996582031,.
30294,.,-14.0329999923706,33.5158996582031,.
30295,.,-14.0329999923706,33.5158996582031,.
30296,.,-14.0329999923706,33.5158996582031,.
30297,.,-14.0329999923706,33.5158996582031,.
30298,.,-14.0329999923706,33.5158996582031,.
30299,.,-14.0329999923706,33.5158996582031,.
30300,.,-14.0329999923706,33.5158996582031,.
30301,.,-14.0329999923706,33.5158996582031,.
30302,.,-14.0329999923706,33.5158996582031,.
30303,.,-14.061900138855,33.6847991943359,.
30304,.,-14.061900138855,33.6847991943359,.
30305,.,-14.061900138855,33.6847991943359,.
30306,.,-14.061900138855,33.6847991943359,.
30307,.,-14.061900138855,33.6847991943359,.
30308,.,-14.061900138855,33.6847991943359,.
30309,.,-14.061900138855,33.6847991943359,.
30310,.,-14.061900138855,33.6847991943359,.
30311,.,-14.061900138855,33.6847991943359,.
30312,.,-14.061900138855,33.6847991943359,.
30313,.,-14.061900138855,33.6847991943359,.
30314,.,-14.061900138855,33.6847991943359,.
30315,.,-14.061900138855,33.6847991943359,.
30316,.,-14.061900138855,33.6847991943359,.
30317,.,-14.061900138855,33.6847991943359,.
30318,.,-14.061900138855,33.6847991943359,.
30319,.,-14.061900138855,33.6847991943359,.
30320,.,-14.061900138855,33.6847991943359,.
30321,.,-13.8121995925903,33.5004997253418,.
30322,.,-13.8121995925903,33.5004997253418,.
30323,.,-13.8121995925903,33.5004997253418,.
30324,.,-13.8121995925903,33.5004997253418,.
30325,.,-13.8121995925903,33.5004997253418,.
30326,.,-13.8121995925903,33.5004997253418,.
30327,.,-13.8121995925903,33.5004997253418,.
30328,.,-13.8121995925903,33.5004997253418,.
30329,.,-13.8121995925903,33.5004997253418,.
30330,.,-13.8121995925903,33.5004997253418,.
30331,.,-13.8121995925903,33.5004997253418,.
30332,.,-13.8121995925903,33.5004997253418,.
30333,.,-13.8121995925903,33.5004997253418,.
30334,.,-13.8121995925903,33.5004997253418,.
30335,.,-13.8121995925903,33.5004997253418,.
30336,.,-13.8121995925903,33.5004997253418,.
30337,.,-13.8121995925903,33.5004997253418,.
30338,.,-13.934700012207,33.4939994812012,.
30339,.,-13.934700012207,33.4939994812012,.
30340,.,-13.934700012207,33.4939994812012,.
30341,.,-13.934700012207,33.4939994812012,.
30342,.,-13.934700012207,33.4939994812012,.
30343,.,-13.934700012207,33.4939994812012,.
30344,.,-13.934700012207,33.4939994812012,.
30345,.,-13.934700012207,33.4939994812012,.
30346,.,-13.934700012207,33.4939994812012,.
30347,.,-13.934700012207,33.4939994812012,.
30348,.,-13.934700012207,33.4939994812012,.
30349,.,-13.934700012207,33.4939994812012,.
30350,.,-13.934700012207,33.4939994812012,.
30351,.,-13.934700012207,33.4939994812012,.
30352,.,-13.934700012207,33.4939994812012,.
30353,.,-13.934700012207,33.4939994812012,.
30354,.,-13.934700012207,33.4939994812012,.
30355,.,-13.934700012207,33.4939994812012,.
30356,.,-13.7482004165649,33.5601997375488,.
30357,.,-13.7482004165649,33.5601997375488,.
30358,.,-13.7482004165649,33.5601997375488,.
30359,.,-13.7482004165649,33.5601997375488,.
30360,.,-13.7482004165649,33.5601997375488,.
30361,.,-13.7482004165649,33.5601997375488,.
30362,.,-13.7482004165649,33.5601997375488,.
30363,.,-13.7482004165649,33.5601997375488,.
30364,.,-13.7482004165649,33.5601997375488,.
30365,.,-13.7482004165649,33.5601997375488,.
30366,.,-13.7482004165649,33.5601997375488,.
30367,.,-13.7482004165649,33.5601997375488,.
30368,.,-13.7482004165649,33.5601997375488,.
30369,.,-13.7482004165649,33.5601997375488,.
30370,.,-13.7623996734619,32.8174018859863,.
30371,.,-13.7623996734619,32.8174018859863,.
30372,.,-13.7623996734619,32.8174018859863,.
30373,.,-13.7623996734619,32.8174018859863,.
30374,.,-13.7623996734619,32.8174018859863,.
30375,.,-13.7623996734619,32.8174018859863,.
30376,.,-13.7623996734619,32.8174018859863,.
30377,.,-13.7623996734619,32.8174018859863,.
30378,.,-13.7623996734619,32.8174018859863,.
30379,.,-13.7623996734619,32.8174018859863,.
30380,.,-13.7623996734619,32.8174018859863,.
30381,.,-13.9426002502441,33.1929016113281,.
30382,.,-13.9426002502441,33.1929016113281,.
30383,.,-13.9426002502441,33.1929016113281,.
30384,.,-13.995400428772,33.2865982055664,.
30385,.,-13.995400428772,33.2865982055664,.
30386,.,-13.995400428772,33.2865982055664,.
30387,.,-13.995400428772,33.2865982055664,.
30388,.,-13.9649000167847,33.0449981689453,.
30389,.,-13.9649000167847,33.0449981689453,.
30390,.,-13.9649000167847,33.0449981689453,.
30391,.,-14.0593004226685,33.3083992004395,.
30392,.,-14.0593004226685,33.3083992004395,.
30393,.,-14.0593004226685,33.3083992004395,.
30394,.,-13.8666000366211,33.184700012207,.
30395,.,-13.815299987793,32.9355010986328,.
30396,.,-13.815299987793,32.9355010986328,.
30397,.,-13.815299987793,32.9355010986328,.
30398,.,-13.815299987793,32.9355010986328,.
30399,.,-13.815299987793,32.9355010986328,.
30400,.,-13.815299987793,32.9355010986328,.
30401,.,-13.815299987793,32.9355010986328,.
30402,.,-13.8086996078491,33.056999206543,.
30403,.,-13.8086996078491,33.056999206543,.
30404,.,-13.8086996078491,33.056999206543,.
30405,.,-13.8086996078491,33.056999206543,.
30406,.,-13.8086996078491,33.056999206543,.
30407,.,-13.8086996078491,33.056999206543,.
30408,.,-13.8086996078491,33.056999206543,.
30409,.,-13.8086996078491,33.056999206543,.
30410,.,-13.8086996078491,33.056999206543,.
30411,.,-13.8086996078491,33.056999206543,.
30412,.,-13.8086996078491,33.056999206543,.
30413,.,-13.8086996078491,33.056999206543,.
30414,.,-13.8086996078491,33.056999206543,.
30415,.,-13.8086996078491,33.056999206543,.
30416,.,-13.8086996078491,33.056999206543,.
30417,.,-13.8086996078491,33.056999206543,.
30418,.,-13.8086996078491,33.056999206543,.
30419,.,-13.8045997619629,33.214599609375,.
30420,.,-13.8045997619629,33.214599609375,.
30421,.,-13.8045997619629,33.214599609375,.
30422,.,-13.8045997619629,33.214599609375,.
30423,.,-13.8045997619629,33.214599609375,.
30424,.,-13.8045997619629,33.214599609375,.
30425,.,-13.8045997619629,33.214599609375,.
30426,.,-13.8045997619629,33.214599609375,.
30427,.,-13.8045997619629,33.214599609375,.
30428,.,-13.8045997619629,33.214599609375,.
30429,.,-13.8045997619629,33.214599609375,.
30430,.,-13.8045997619629,33.214599609375,.
30431,.,-13.8045997619629,33.214599609375,.
30432,.,-13.8045997619629,33.214599609375,.
30433,.,-13.8045997619629,33.214599609375,.
30434,.,-13.8045997619629,33.214599609375,.
30435,.,-13.8045997619629,33.214599609375,.
30436,.,-13.8045997619629,33.214599609375,.
30437,.,-13.8045997619629,33.214599609375,.
30438,.,-13.8045997619629,33.214599609375,.
30439,.,-13.8045997619629,33.214599609375,.
30440,.,-13.8045997619629,33.214599609375,.
30441,.,-13.9315004348755,33.0802993774414,.
30442,.,-13.9315004348755,33.0802993774414,.
30443,.,-13.9315004348755,33.0802993774414,.
30444,.,-13.799599647522,33.0638999938965,.
30445,.,-13.799599647522,33.0638999938965,.
30446,.,-13.799599647522,33.0638999938965,.
30447,.,-13.799599647522,33.0638999938965,.
30448,.,-13.799599647522,33.0638999938965,.
30449,.,-13.799599647522,33.0638999938965,.
30450,.,-13.799599647522,33.0638999938965,.
30451,.,-13.799599647522,33.0638999938965,.
30452,.,-13.799599647522,33.0638999938965,.
30453,.,-13.799599647522,33.0638999938965,.
30454,.,-13.7495002746582,33.1211013793945,.
30455,.,-13.690899848938,33.2019996643066,.
30456,.,-13.690899848938,33.2019996643066,.
30457,.,-13.6584997177124,32.9775009155273,.
30458,.,-13.6584997177124,32.9775009155273,.
30459,.,-13.6584997177124,32.9775009155273,.
30460,.,-13.6712999343872,33.0260009765625,.
30461,.,-13.6712999343872,33.0260009765625,.
30462,.,-13.6712999343872,33.0260009765625,.
30463,.,-13.6712999343872,33.0260009765625,.
30464,.,-13.3865003585815,33.117000579834,.
30465,.,-13.3865003585815,33.117000579834,.
30466,.,-13.3865003585815,33.117000579834,.
30467,.,-13.3865003585815,33.117000579834,.
30468,.,-13.3865003585815,33.117000579834,.
30469,.,-13.3865003585815,33.117000579834,.
30470,.,-13.3865003585815,33.117000579834,.
30471,.,-13.3865003585815,33.117000579834,.
30472,.,-13.3865003585815,33.117000579834,.
30473,.,-13.3865003585815,33.117000579834,.
30474,.,-13.3865003585815,33.117000579834,.
30475,.,-13.3865003585815,33.117000579834,.
30476,.,-13.3865003585815,33.117000579834,.
30477,.,-13.3865003585815,33.117000579834,.
30478,.,-13.5327997207642,32.9249992370605,.
30479,.,-13.5327997207642,32.9249992370605,.
30480,.,-13.6125001907349,32.8647994995117,.
30481,.,-13.6125001907349,32.8647994995117,.
30482,.,-13.5790004730225,32.9850006103516,.
30483,.,-13.5486001968384,33.1744995117188,.
30484,.,-13.5486001968384,33.1744995117188,.
30485,.,-13.5486001968384,33.1744995117188,.
30486,.,-13.5486001968384,33.1744995117188,.
30487,.,-13.5486001968384,33.1744995117188,.
30488,.,-13.5486001968384,33.1744995117188,.
30489,.,-13.5486001968384,33.1744995117188,.
30490,.,-13.5486001968384,33.1744995117188,.
30491,.,-13.5486001968384,33.1744995117188,.
30492,.,-13.5486001968384,33.1744995117188,.
30493,.,-13.5486001968384,33.1744995117188,.
30494,.,-13.5486001968384,33.1744995117188,.
30495,.,-13.5486001968384,33.1744995117188,.
30496,.,-13.5486001968384,33.1744995117188,.
30497,.,-13.5565996170044,33.1808013916016,.
30498,.,-13.5565996170044,33.1808013916016,.
30499,.,-13.5565996170044,33.1808013916016,.
30500,.,-13.5565996170044,33.1808013916016,.
30501,.,-13.5565996170044,33.1808013916016,.
30502,.,-13.5565996170044,33.1808013916016,.
30503,.,-13.5565996170044,33.1808013916016,.
30504,.,-13.5565996170044,33.1808013916016,.
30505,.,-13.5565996170044,33.1808013916016,.
30506,.,-13.5565996170044,33.1808013916016,.
30507,.,-13.5565996170044,33.1808013916016,.
30508,.,-13.5565996170044,33.1808013916016,.
30509,.,-13.5565996170044,33.1808013916016,.
30510,.,-13.7820997238159,32.8998985290527,.
30511,.,-13.7820997238159,32.8998985290527,.
30512,.,-13.7820997238159,32.8998985290527,.
30513,.,-13.7820997238159,32.8998985290527,.
30514,.,-13.7820997238159,32.8998985290527,.
30515,.,-13.7820997238159,32.8998985290527,.
30516,.,-13.7820997238159,32.8998985290527,.
30517,.,-13.7820997238159,32.8998985290527,.
30518,.,-13.7820997238159,32.8998985290527,.
30519,.,-14.3762998580933,34.0393981933594,.
30520,.,-14.3762998580933,34.0393981933594,.
30521,.,-14.3762998580933,34.0393981933594,.
30522,.,-14.3762998580933,34.0393981933594,.
30523,.,-14.3762998580933,34.0393981933594,.
30524,.,-14.3762998580933,34.0393981933594,.
30525,.,-14.3762998580933,34.0393981933594,.
30526,.,-14.4103002548218,34.0298004150391,.
30527,.,-14.4103002548218,34.0298004150391,.
30528,.,-14.4103002548218,34.0298004150391,.
30529,.,-14.4103002548218,34.0298004150391,.
30530,.,-14.4103002548218,34.0298004150391,.
30531,.,-14.4103002548218,34.0298004150391,.
30532,.,-14.4103002548218,34.0298004150391,.
30533,.,-14.4103002548218,34.0298004150391,.
30534,.,-14.4103002548218,34.0298004150391,.
30535,.,-14.464599609375,34.0724983215332,.
30536,.,-14.464599609375,34.0724983215332,.
30537,.,-14.464599609375,34.0724983215332,.
30538,.,-14.464599609375,34.0724983215332,.
30539,.,-14.464599609375,34.0724983215332,.
30540,.,-14.3717002868652,33.9247016906738,.
30541,.,-14.3717002868652,33.9247016906738,.
30542,.,-14.3717002868652,33.9247016906738,.
30543,.,-14.3717002868652,33.9247016906738,.
30544,.,-14.4088001251221,34.1750984191895,.
30545,.,-14.4088001251221,34.1750984191895,.
30546,.,-14.4088001251221,34.1750984191895,.
30547,.,-14.4088001251221,34.1750984191895,.
30548,.,-14.4088001251221,34.1750984191895,.
30549,.,-14.4088001251221,34.1750984191895,.
30550,.,-14.4088001251221,34.1750984191895,.
30551,.,-14.4088001251221,34.1750984191895,.
30552,.,-14.4088001251221,34.1750984191895,.
30553,.,-14.4088001251221,34.1750984191895,.
30554,.,-14.4088001251221,34.1750984191895,.
30555,.,-14.4088001251221,34.1750984191895,.
30556,.,-14.3353004455566,33.9758987426758,.
30557,.,-14.3353004455566,33.9758987426758,.
30558,.,-14.3353004455566,33.9758987426758,.
30559,.,-14.3353004455566,33.9758987426758,.
30560,.,-14.3353004455566,33.9758987426758,.
30561,.,-14.3353004455566,33.9758987426758,.
30562,.,-14.3353004455566,33.9758987426758,.
30563,.,-14.3353004455566,33.9758987426758,.
30564,.,-14.3353004455566,33.9758987426758,.
30565,.,-14.3353004455566,33.9758987426758,.
30566,.,-14.3353004455566,33.9758987426758,.
30567,.,-14.3353004455566,33.9758987426758,.
30568,.,-14.3353004455566,33.9758987426758,.
30569,.,-14.3353004455566,33.9758987426758,.
30570,.,-14.3353996276855,33.8237991333008,.
30571,.,-14.3353996276855,33.8237991333008,.
30572,.,-14.3353996276855,33.8237991333008,.
30573,.,-14.2413997650146,34.0143013000488,.
30574,.,-14.2413997650146,34.0143013000488,.
30575,.,-14.2413997650146,34.0143013000488,.
30576,.,-14.2413997650146,34.0143013000488,.
30577,.,-14.2413997650146,34.0143013000488,.
30578,.,-14.2413997650146,34.0143013000488,.
30579,.,-14.2201995849609,34.1614990234375,.
30580,.,-14.2201995849609,34.1614990234375,.
30581,.,-14.2201995849609,34.1614990234375,.
30582,.,-14.2201995849609,34.1614990234375,.
30583,.,-14.2201995849609,34.1614990234375,.
30584,.,-14.2992000579834,34.1125984191895,.
30585,.,-14.2992000579834,34.1125984191895,.
30586,.,-14.2992000579834,34.1125984191895,.
30587,.,-14.2992000579834,34.1125984191895,.
30588,.,-14.2992000579834,34.1125984191895,.
30589,.,-14.2992000579834,34.1125984191895,.
30590,.,-14.2992000579834,34.1125984191895,.
30591,.,-14.2992000579834,34.1125984191895,.
30592,.,-14.2992000579834,34.1125984191895,.
30593,.,-14.2992000579834,34.1125984191895,.
30594,.,-14.2992000579834,34.1125984191895,.
30595,.,-14.2992000579834,34.1125984191895,.
30596,.,-14.2992000579834,34.1125984191895,.
30597,.,-14.2041997909546,34.0334014892578,.
30598,.,-14.2041997909546,34.0334014892578,.
30599,.,-14.2041997909546,34.0334014892578,.
30600,.,-14.2041997909546,34.0334014892578,.
30601,.,-14.2041997909546,34.0334014892578,.
30602,.,-14.2041997909546,34.0334014892578,.
30603,.,-14.2041997909546,34.0334014892578,.
30604,.,-14.2041997909546,34.0334014892578,.
30605,.,-14.2041997909546,34.0334014892578,.
30606,.,-14.2041997909546,34.0334014892578,.
30607,.,-14.2041997909546,34.0334014892578,.
30608,.,-14.2041997909546,34.0334014892578,.
30609,.,-14.2041997909546,34.0334014892578,.
30610,.,-14.2041997909546,34.0334014892578,.
30611,.,-14.2041997909546,34.0334014892578,.
30612,.,-14.3353996276855,34.3036994934082,.
30613,.,-14.3353996276855,34.3036994934082,.
30614,.,-14.3353996276855,34.3036994934082,.
30615,.,-14.3353996276855,34.3036994934082,.
30616,.,-14.3353996276855,34.3036994934082,.
30617,.,-14.3353996276855,34.3036994934082,.
30618,.,-14.3353996276855,34.3036994934082,.
30619,.,-14.3353996276855,34.3036994934082,.
30620,.,-14.3353996276855,34.3036994934082,.
30621,.,-14.3353996276855,34.3036994934082,.
30622,.,-14.3353996276855,34.3036994934082,.
30623,.,-14.3353996276855,34.3036994934082,.
30624,.,-14.2395000457764,34.1277008056641,.
30625,.,-14.2395000457764,34.1277008056641,.
30626,.,-14.2395000457764,34.1277008056641,.
30627,.,-14.2395000457764,34.1277008056641,.
30628,.,-14.2395000457764,34.1277008056641,.
30629,.,-14.2395000457764,34.1277008056641,.
30630,.,-14.2395000457764,34.1277008056641,.
30631,.,-14.0261001586914,34.2599983215332,.
30632,.,-14.0261001586914,34.2599983215332,.
30633,.,-14.0261001586914,34.2599983215332,.
30634,.,-14.0261001586914,34.2599983215332,.
30635,.,-14.0261001586914,34.2599983215332,.
30636,.,-14.0261001586914,34.2599983215332,.
30637,.,-14.0261001586914,34.2599983215332,.
30638,.,-14.0261001586914,34.2599983215332,.
30639,.,-14.0261001586914,34.2599983215332,.
30640,.,-14.0261001586914,34.2599983215332,.
30641,.,-14.0261001586914,34.2599983215332,.
30642,.,-14.0261001586914,34.2599983215332,.
30643,.,-14.0261001586914,34.2599983215332,.
30644,.,-14.0261001586914,34.2599983215332,.
30645,.,-14.0261001586914,34.2599983215332,.
30646,.,-14.0261001586914,34.2599983215332,.
30647,.,-14.1077995300293,34.2700996398926,.
30648,.,-14.1077995300293,34.2700996398926,.
30649,.,-14.1077995300293,34.2700996398926,.
30650,.,-14.1077995300293,34.2700996398926,.
30651,.,-14.1077995300293,34.2700996398926,.
30652,.,-14.1077995300293,34.2700996398926,.
30653,.,-14.1077995300293,34.2700996398926,.
30654,.,-14.1077995300293,34.2700996398926,.
30655,.,-14.1077995300293,34.2700996398926,.
30656,.,-14.1077995300293,34.2700996398926,.
30657,.,-14.1077995300293,34.2700996398926,.
30658,.,-14.048999786377,34.2070007324219,.
30659,.,-14.048999786377,34.2070007324219,.
30660,.,-14.048999786377,34.2070007324219,.
30661,.,-14.048999786377,34.2070007324219,.
30662,.,-14.048999786377,34.2070007324219,.
30663,.,-14.048999786377,34.2070007324219,.
30664,.,-14.048999786377,34.2070007324219,.
30665,.,-14.048999786377,34.2070007324219,.
30666,.,-14.2020998001099,34.3656005859375,.
30667,.,-14.2020998001099,34.3656005859375,.
30668,.,-14.2020998001099,34.3656005859375,.
30669,.,-14.2020998001099,34.3656005859375,.
30670,.,-14.2020998001099,34.3656005859375,.
30671,.,-14.2020998001099,34.3656005859375,.
30672,.,-14.2020998001099,34.3656005859375,.
30673,.,-14.2020998001099,34.3656005859375,.
30674,.,-14.2020998001099,34.3656005859375,.
30675,.,-14.2020998001099,34.3656005859375,.
30676,.,-14.2020998001099,34.3656005859375,.
30677,.,-14.2020998001099,34.3656005859375,.
30678,.,-14.2020998001099,34.3656005859375,.
30679,.,-14.2020998001099,34.3656005859375,.
30680,.,-14.2020998001099,34.3656005859375,.
30681,.,-14.2020998001099,34.3656005859375,.
30682,.,-14.2020998001099,34.3656005859375,.
30683,.,-14.2020998001099,34.3656005859375,.
30684,.,-14.2020998001099,34.3656005859375,.
30685,.,-14.2020998001099,34.3656005859375,.
30686,.,-14.2020998001099,34.3656005859375,.
30687,.,-14.3059997558594,34.3582992553711,.
30688,.,-14.3059997558594,34.3582992553711,.
30689,.,-14.3059997558594,34.3582992553711,.
30690,.,-14.3059997558594,34.3582992553711,.
30691,.,-14.3059997558594,34.3582992553711,.
30692,.,-14.3059997558594,34.3582992553711,.
30693,.,-14.3059997558594,34.3582992553711,.
30694,.,-14.3059997558594,34.3582992553711,.
30695,.,-14.3059997558594,34.3582992553711,.
30696,.,-14.3059997558594,34.3582992553711,.
30697,.,-14.3059997558594,34.3582992553711,.
30698,.,-14.3059997558594,34.3582992553711,.
30699,.,-14.3059997558594,34.3582992553711,.
30700,.,-14.3059997558594,34.3582992553711,.
30701,.,-14.3059997558594,34.3582992553711,.
30702,.,-14.1512002944946,34.4014015197754,.
30703,.,-14.1512002944946,34.4014015197754,.
30704,.,-14.1512002944946,34.4014015197754,.
30705,.,-14.1512002944946,34.4014015197754,.
30706,.,-14.1512002944946,34.4014015197754,.
30707,.,-14.1512002944946,34.4014015197754,.
30708,.,-14.1512002944946,34.4014015197754,.
30709,.,-14.1512002944946,34.4014015197754,.
30710,.,-14.1512002944946,34.4014015197754,.
30711,.,-14.1512002944946,34.4014015197754,.
30712,.,-14.2214002609253,34.5349006652832,.
30713,.,-14.2214002609253,34.5349006652832,.
30714,.,-14.2214002609253,34.5349006652832,.
30715,.,-14.2214002609253,34.5349006652832,.
30716,.,-14.2214002609253,34.5349006652832,.
30717,.,-14.2214002609253,34.5349006652832,.
30718,.,-14.2214002609253,34.5349006652832,.
30719,.,-14.2214002609253,34.5349006652832,.
30720,.,-14.3556003570557,34.5792999267578,.
30721,.,-14.3556003570557,34.5792999267578,.
30722,.,-14.3556003570557,34.5792999267578,.
30723,.,-14.3556003570557,34.5792999267578,.
30724,.,-14.3556003570557,34.5792999267578,.
30725,.,-14.3556003570557,34.5792999267578,.
30726,.,-14.2455997467041,34.5868988037109,.
30727,.,-14.2455997467041,34.5868988037109,.
30728,.,-14.2455997467041,34.5868988037109,.
30729,.,-14.2455997467041,34.5868988037109,.
30730,.,-14.2455997467041,34.5868988037109,.
30731,.,-14.3486995697021,34.4039993286133,.
30732,.,-14.3486995697021,34.4039993286133,.
30733,.,-14.3486995697021,34.4039993286133,.
30734,.,-14.3486995697021,34.4039993286133,.
30735,.,-14.3486995697021,34.4039993286133,.
30736,.,-14.3486995697021,34.4039993286133,.
30737,.,-14.3486995697021,34.4039993286133,.
30738,.,-14.3486995697021,34.4039993286133,.
30739,.,-14.3486995697021,34.4039993286133,.
30740,.,-14.3486995697021,34.4039993286133,.
30741,.,-14.3486995697021,34.4039993286133,.
30742,.,-14.3486995697021,34.4039993286133,.
30743,.,-14.3486995697021,34.4039993286133,.
30744,.,-14.3486995697021,34.4039993286133,.
30745,.,-14.3486995697021,34.4039993286133,.
30746,.,-14.3486995697021,34.4039993286133,.
30747,.,-14.3486995697021,34.4039993286133,.
30748,.,-14.3486995697021,34.4039993286133,.
30749,.,-14.3486995697021,34.4039993286133,.
30750,.,-14.3486995697021,34.4039993286133,.
30751,.,-14.3486995697021,34.4039993286133,.
30752,.,-14.3486995697021,34.4039993286133,.
30753,.,-14.3814001083374,34.326301574707,.
30754,.,-14.3814001083374,34.326301574707,.
30755,.,-14.3814001083374,34.326301574707,.
30756,.,-14.3814001083374,34.326301574707,.
30757,.,-14.3814001083374,34.326301574707,.
30758,.,-14.3814001083374,34.326301574707,.
30759,.,-14.3814001083374,34.326301574707,.
30760,.,-14.3814001083374,34.326301574707,.
30761,.,-14.3814001083374,34.326301574707,.
30762,.,-14.3814001083374,34.326301574707,.
30763,.,-14.3814001083374,34.326301574707,.
30764,.,-14.3814001083374,34.326301574707,.
30765,.,-14.3814001083374,34.326301574707,.
30766,.,-14.3814001083374,34.326301574707,.
30767,.,-14.3814001083374,34.326301574707,.
30768,.,-14.9910001754761,34.8605003356934,.
30769,.,-14.9910001754761,34.8605003356934,.
30770,.,-14.9910001754761,34.8605003356934,.
30771,.,-14.9910001754761,34.8605003356934,.
30772,.,-14.9910001754761,34.8605003356934,.
30773,.,-14.9910001754761,34.8605003356934,.
30774,.,-14.9910001754761,34.8605003356934,.
30775,.,-14.9910001754761,34.8605003356934,.
30776,.,-14.9910001754761,34.8605003356934,.
30777,.,-14.9910001754761,34.8605003356934,.
30778,.,-14.9910001754761,34.8605003356934,.
30779,.,-14.9910001754761,34.8605003356934,.
30780,.,-14.9910001754761,34.8605003356934,.
30781,.,-14.9910001754761,34.8605003356934,.
30782,.,-14.9910001754761,34.8605003356934,.
30783,.,-14.9910001754761,34.8605003356934,.
30784,.,-14.9910001754761,34.8605003356934,.
30785,.,-15.0949001312256,34.8546981811523,.
30786,.,-15.0949001312256,34.8546981811523,.
30787,.,-15.0949001312256,34.8546981811523,.
30788,.,-15.0949001312256,34.8546981811523,.
30789,.,-15.0949001312256,34.8546981811523,.
30790,.,-15.0949001312256,34.8546981811523,.
30791,.,-15.0949001312256,34.8546981811523,.
30792,.,-15.0949001312256,34.8546981811523,.
30793,.,-15.0949001312256,34.8546981811523,.
30794,.,-15.0949001312256,34.8546981811523,.
30795,.,-15.0949001312256,34.8546981811523,.
30796,.,-15.0949001312256,34.8546981811523,.
30797,.,-15.0949001312256,34.8546981811523,.
30798,.,-15.0949001312256,34.8546981811523,.
30799,.,-15.0949001312256,34.8546981811523,.
30800,.,-15.0949001312256,34.8546981811523,.
30801,.,-15.1702003479004,34.6124992370605,.
30802,.,-15.1702003479004,34.6124992370605,.
30803,.,-15.1702003479004,34.6124992370605,.
30804,.,-15.1702003479004,34.6124992370605,.
30805,.,-15.1702003479004,34.6124992370605,.
30806,.,-15.1702003479004,34.6124992370605,.
30807,.,-15.1702003479004,34.6124992370605,.
30808,.,-15.1702003479004,34.6124992370605,.
30809,.,-15.1702003479004,34.6124992370605,.
30810,.,-15.1702003479004,34.6124992370605,.
30811,.,-14.8198003768921,34.5765991210938,.
30812,.,-14.8198003768921,34.5765991210938,.
30813,.,-14.8198003768921,34.5765991210938,.
30814,.,-14.8198003768921,34.5765991210938,.
30815,.,-14.8198003768921,34.5765991210938,.
30816,.,-14.8198003768921,34.5765991210938,.
30817,.,-14.8198003768921,34.5765991210938,.
30818,.,-14.8198003768921,34.5765991210938,.
30819,.,-15.0457000732422,34.6165008544922,.
30820,.,-15.0457000732422,34.6165008544922,.
30821,.,-15.0457000732422,34.6165008544922,.
30822,.,-15.0457000732422,34.6165008544922,.
30823,.,-15.0457000732422,34.6165008544922,.
30824,.,-15.0457000732422,34.6165008544922,.
30825,.,-15.0457000732422,34.6165008544922,.
30826,.,-15.0457000732422,34.6165008544922,.
30827,.,-15.0457000732422,34.6165008544922,.
30828,.,-15.0457000732422,34.6165008544922,.
30829,.,-14.819899559021,34.5950012207031,.
30830,.,-14.819899559021,34.5950012207031,.
30831,.,-14.819899559021,34.5950012207031,.
30832,.,-14.819899559021,34.5950012207031,.
30833,.,-14.819899559021,34.5950012207031,.
30834,.,-14.819899559021,34.5950012207031,.
30835,.,-14.819899559021,34.5950012207031,.
30836,.,-14.819899559021,34.5950012207031,.
30837,.,-14.819899559021,34.5950012207031,.
30838,.,-14.819899559021,34.5950012207031,.
30839,.,-14.819899559021,34.5950012207031,.
30840,.,-14.819899559021,34.5950012207031,.
30841,.,-14.819899559021,34.5950012207031,.
30842,.,-14.819899559021,34.5950012207031,.
30843,.,-14.819899559021,34.5950012207031,.
30844,.,-14.819899559021,34.5950012207031,.
30845,.,-14.819899559021,34.5950012207031,.
30846,.,-14.819899559021,34.5950012207031,.
30847,.,-14.8514995574951,34.6402015686035,.
30848,.,-14.8514995574951,34.6402015686035,.
30849,.,-14.8514995574951,34.6402015686035,.
30850,.,-14.8514995574951,34.6402015686035,.
30851,.,-14.8514995574951,34.6402015686035,.
30852,.,-14.8514995574951,34.6402015686035,.
30853,.,-14.8514995574951,34.6402015686035,.
30854,.,-14.8514995574951,34.6402015686035,.
30855,.,-14.8514995574951,34.6402015686035,.
30856,.,-14.8514995574951,34.6402015686035,.
30857,.,-14.8514995574951,34.6402015686035,.
30858,.,-14.8514995574951,34.6402015686035,.
30859,.,-14.8514995574951,34.6402015686035,.
30860,.,-14.8514995574951,34.6402015686035,.
30861,.,-14.8514995574951,34.6402015686035,.
30862,.,-14.8514995574951,34.6402015686035,.
30863,.,-14.8514995574951,34.6402015686035,.
30864,.,-14.8514995574951,34.6402015686035,.
30865,.,-14.733699798584,34.8391990661621,.
30866,.,-14.733699798584,34.8391990661621,.
30867,.,-14.733699798584,34.8391990661621,.
30868,.,-14.733699798584,34.8391990661621,.
30869,.,-14.733699798584,34.8391990661621,.
30870,.,-14.733699798584,34.8391990661621,.
30871,.,-14.733699798584,34.8391990661621,.
30872,.,-14.8656997680664,34.8622016906738,.
30873,.,-14.8656997680664,34.8622016906738,.
30874,.,-14.8656997680664,34.8622016906738,.
30875,.,-14.8656997680664,34.8622016906738,.
30876,.,-14.8656997680664,34.8622016906738,.
30877,.,-14.8656997680664,34.8622016906738,.
30878,.,-14.8656997680664,34.8622016906738,.
30879,.,-14.8656997680664,34.8622016906738,.
30880,.,-14.8656997680664,34.8622016906738,.
30881,.,-14.8656997680664,34.8622016906738,.
30882,.,-14.8656997680664,34.8622016906738,.
30883,.,-14.8656997680664,34.8622016906738,.
30884,.,-14.8656997680664,34.8622016906738,.
30885,.,-14.8656997680664,34.8622016906738,.
30886,.,-14.8656997680664,34.8622016906738,.
30887,.,-14.8656997680664,34.8622016906738,.
30888,.,-14.8656997680664,34.8622016906738,.
30889,.,-14.8656997680664,34.8622016906738,.
30890,.,-14.9319000244141,34.8329010009766,.
30891,.,-14.9319000244141,34.8329010009766,.
30892,.,-14.9319000244141,34.8329010009766,.
30893,.,-14.9319000244141,34.8329010009766,.
30894,.,-14.9319000244141,34.8329010009766,.
30895,.,-14.9319000244141,34.8329010009766,.
30896,.,-14.9319000244141,34.8329010009766,.
30897,.,-14.9319000244141,34.8329010009766,.
30898,.,-14.9319000244141,34.8329010009766,.
30899,.,-14.9319000244141,34.8329010009766,.
30900,.,-14.9319000244141,34.8329010009766,.
30901,.,-14.8041000366211,34.9112014770508,.
30902,.,-14.8041000366211,34.9112014770508,.
30903,.,-14.8041000366211,34.9112014770508,.
30904,.,-14.8041000366211,34.9112014770508,.
30905,.,-14.8041000366211,34.9112014770508,.
30906,.,-14.8041000366211,34.9112014770508,.
30907,.,-14.8041000366211,34.9112014770508,.
30908,.,-14.8041000366211,34.9112014770508,.
30909,.,-14.8041000366211,34.9112014770508,.
30910,.,-14.8041000366211,34.9112014770508,.
30911,.,-14.8346996307373,34.7051010131836,.
30912,.,-14.8346996307373,34.7051010131836,.
30913,.,-14.8346996307373,34.7051010131836,.
30914,.,-14.8346996307373,34.7051010131836,.
30915,.,-14.8346996307373,34.7051010131836,.
30916,.,-14.8346996307373,34.7051010131836,.
30917,.,-14.8346996307373,34.7051010131836,.
30918,.,-14.8346996307373,34.7051010131836,.
30919,.,-14.8346996307373,34.7051010131836,.
30920,.,-14.8346996307373,34.7051010131836,.
30921,.,-14.8346996307373,34.7051010131836,.
30922,.,-14.8346996307373,34.7051010131836,.
30923,.,-14.8346996307373,34.7051010131836,.
30924,.,-14.8346996307373,34.7051010131836,.
30925,.,-14.6584997177124,34.5456008911133,.
30926,.,-14.6584997177124,34.5456008911133,.
30927,.,-14.6584997177124,34.5456008911133,.
30928,.,-14.6584997177124,34.5456008911133,.
30929,.,-14.6584997177124,34.5456008911133,.
30930,.,-14.6584997177124,34.5456008911133,.
30931,.,-14.6584997177124,34.5456008911133,.
30932,.,-14.6584997177124,34.5456008911133,.
30933,.,-14.6584997177124,34.5456008911133,.
30934,.,-14.6584997177124,34.5456008911133,.
30935,.,-14.6584997177124,34.5456008911133,.
30936,.,-14.6584997177124,34.5456008911133,.
30937,.,-14.6584997177124,34.5456008911133,.
30938,.,-14.6584997177124,34.5456008911133,.
30939,.,-14.6584997177124,34.5456008911133,.
30940,.,-14.6584997177124,34.5456008911133,.
30941,.,-14.6584997177124,34.5456008911133,.
30942,.,-14.6584997177124,34.5456008911133,.
30943,.,-14.6584997177124,34.5456008911133,.
30944,.,-14.6584997177124,34.5456008911133,.
30945,.,-14.7688999176025,34.6460990905762,.
30946,.,-14.7688999176025,34.6460990905762,.
30947,.,-14.7688999176025,34.6460990905762,.
30948,.,-14.7688999176025,34.6460990905762,.
30949,.,-14.7688999176025,34.6460990905762,.
30950,.,-14.7688999176025,34.6460990905762,.
30951,.,-14.7688999176025,34.6460990905762,.
30952,.,-14.7688999176025,34.6460990905762,.
30953,.,-14.7688999176025,34.6460990905762,.
30954,.,-14.7688999176025,34.6460990905762,.
30955,.,-14.7688999176025,34.6460990905762,.
30956,.,-14.6513996124268,34.6255989074707,.
30957,.,-14.6513996124268,34.6255989074707,.
30958,.,-14.6513996124268,34.6255989074707,.
30959,.,-14.6513996124268,34.6255989074707,.
30960,.,-14.6513996124268,34.6255989074707,.
30961,.,-14.6513996124268,34.6255989074707,.
30962,.,-14.6513996124268,34.6255989074707,.
30963,.,-14.6513996124268,34.6255989074707,.
30964,.,-14.5073003768921,34.5032997131348,.
30965,.,-14.5073003768921,34.5032997131348,.
30966,.,-14.5073003768921,34.5032997131348,.
30967,.,-14.5073003768921,34.5032997131348,.
30968,.,-14.5073003768921,34.5032997131348,.
30969,.,-14.5073003768921,34.5032997131348,.
30970,.,-14.5073003768921,34.5032997131348,.
30971,.,-14.5073003768921,34.5032997131348,.
30972,.,-14.5073003768921,34.5032997131348,.
30973,.,-14.5073003768921,34.5032997131348,.
30974,.,-14.5073003768921,34.5032997131348,.
30975,.,-14.5073003768921,34.5032997131348,.
30976,.,-14.5073003768921,34.5032997131348,.
30977,.,-14.5073003768921,34.5032997131348,.
30978,.,-14.5073003768921,34.5032997131348,.
30979,.,-14.5073003768921,34.5032997131348,.
30980,.,-14.5073003768921,34.5032997131348,.
30981,.,-14.7177000045776,34.690299987793,.
30982,.,-14.7177000045776,34.690299987793,.
30983,.,-14.7177000045776,34.690299987793,.
30984,.,-14.7177000045776,34.690299987793,.
30985,.,-14.7177000045776,34.690299987793,.
30986,.,-14.7177000045776,34.690299987793,.
30987,.,-14.7177000045776,34.690299987793,.
30988,.,-14.6360998153687,34.7322998046875,.
30989,.,-14.6360998153687,34.7322998046875,.
30990,.,-14.6360998153687,34.7322998046875,.
30991,.,-14.6360998153687,34.7322998046875,.
30992,.,-14.6360998153687,34.7322998046875,.
30993,.,-14.6360998153687,34.7322998046875,.
30994,.,-14.6360998153687,34.7322998046875,.
30995,.,-14.6360998153687,34.7322998046875,.
30996,.,-14.6360998153687,34.7322998046875,.
30997,.,-14.6360998153687,34.7322998046875,.
30998,.,-14.6360998153687,34.7322998046875,.
30999,.,-14.6360998153687,34.7322998046875,.
31000,.,-14.6360998153687,34.7322998046875,.
31001,.,-14.6360998153687,34.7322998046875,.
31002,.,-14.6360998153687,34.7322998046875,.
31003,.,-14.6360998153687,34.7322998046875,.
31004,.,-14.5036001205444,34.6593017578125,.
31005,.,-14.5036001205444,34.6593017578125,.
31006,.,-14.5036001205444,34.6593017578125,.
31007,.,-14.5036001205444,34.6593017578125,.
31008,.,-14.5036001205444,34.6593017578125,.
31009,.,-14.5036001205444,34.6593017578125,.
31010,.,-14.5036001205444,34.6593017578125,.
31011,.,-14.5036001205444,34.6593017578125,.
31012,.,-14.5036001205444,34.6593017578125,.
31013,.,-14.5036001205444,34.6593017578125,.
31014,.,-14.5036001205444,34.6593017578125,.
31015,.,-14.5036001205444,34.6593017578125,.
31016,.,-14.5036001205444,34.6593017578125,.
31017,.,-14.5036001205444,34.6593017578125,.
31018,.,-14.6764001846313,34.7529983520508,.
31019,.,-14.6764001846313,34.7529983520508,.
31020,.,-14.6764001846313,34.7529983520508,.
31021,.,-14.6764001846313,34.7529983520508,.
31022,.,-14.6764001846313,34.7529983520508,.
31023,.,-14.6764001846313,34.7529983520508,.
31024,.,-14.6764001846313,34.7529983520508,.
31025,.,-14.6764001846313,34.7529983520508,.
31026,.,-14.6764001846313,34.7529983520508,.
31027,.,-14.6764001846313,34.7529983520508,.
31028,.,-14.6764001846313,34.7529983520508,.
31029,.,-14.6764001846313,34.7529983520508,.
31030,.,-14.6764001846313,34.7529983520508,.
31031,.,-14.6764001846313,34.7529983520508,.
31032,.,-14.6764001846313,34.7529983520508,.
31033,.,-14.6663999557495,34.6645011901855,.
31034,.,-14.6663999557495,34.6645011901855,.
31035,.,-14.6663999557495,34.6645011901855,.
31036,.,-14.6663999557495,34.6645011901855,.
31037,.,-14.6663999557495,34.6645011901855,.
31038,.,-14.6663999557495,34.6645011901855,.
31039,.,-14.6663999557495,34.6645011901855,.
31040,.,-14.6663999557495,34.6645011901855,.
31041,.,-14.6663999557495,34.6645011901855,.
31042,.,-14.6663999557495,34.6645011901855,.
31043,.,-14.6663999557495,34.6645011901855,.
31044,.,-14.6663999557495,34.6645011901855,.
31045,.,-14.6663999557495,34.6645011901855,.
31046,.,-14.6663999557495,34.6645011901855,.
31047,.,-14.6663999557495,34.6645011901855,.
31048,.,-14.6663999557495,34.6645011901855,.
31049,.,-14.6663999557495,34.6645011901855,.
31050,.,-14.6663999557495,34.6645011901855,.
31051,.,-14.5811996459961,34.5910987854004,.
31052,.,-14.5811996459961,34.5910987854004,.
31053,.,-14.5811996459961,34.5910987854004,.
31054,.,-14.5811996459961,34.5910987854004,.
31055,.,-14.5811996459961,34.5910987854004,.
31056,.,-14.5811996459961,34.5910987854004,.
31057,.,-14.5811996459961,34.5910987854004,.
31058,.,-14.5811996459961,34.5910987854004,.
31059,.,-14.5811996459961,34.5910987854004,.
31060,.,-14.5811996459961,34.5910987854004,.
31061,.,-14.5811996459961,34.5910987854004,.
31062,.,-14.5811996459961,34.5910987854004,.
31063,.,-14.4135999679565,34.6105995178223,.
31064,.,-14.4135999679565,34.6105995178223,.
31065,.,-14.4135999679565,34.6105995178223,.
31066,.,-14.4135999679565,34.6105995178223,.
31067,.,-14.4135999679565,34.6105995178223,.
31068,.,-14.4135999679565,34.6105995178223,.
31069,.,-14.4135999679565,34.6105995178223,.
31070,.,-14.4135999679565,34.6105995178223,.
31071,.,-14.4135999679565,34.6105995178223,.
31072,.,-14.4135999679565,34.6105995178223,.
31073,.,-14.4135999679565,34.6105995178223,.
31074,.,-14.4135999679565,34.6105995178223,.
31075,.,-14.4135999679565,34.6105995178223,.
31076,.,-14.4135999679565,34.6105995178223,.
31077,.,-14.4135999679565,34.6105995178223,.
31078,.,-14.4135999679565,34.6105995178223,.
31079,.,-14.808500289917,34.6183013916016,.
31080,.,-14.808500289917,34.6183013916016,.
31081,.,-14.808500289917,34.6183013916016,.
31082,.,-14.808500289917,34.6183013916016,.
31083,.,-14.808500289917,34.6183013916016,.
31084,.,-14.808500289917,34.6183013916016,.
31085,.,-14.808500289917,34.6183013916016,.
31086,.,-14.808500289917,34.6183013916016,.
31087,.,-14.808500289917,34.6183013916016,.
31088,.,-14.808500289917,34.6183013916016,.
31089,.,-14.808500289917,34.6183013916016,.
31090,.,-14.808500289917,34.6183013916016,.
31091,.,-14.808500289917,34.6183013916016,.
31092,.,-14.808500289917,34.6183013916016,.
31093,.,-14.808500289917,34.6183013916016,.
31094,.,-14.808500289917,34.6183013916016,.
31095,.,-14.808500289917,34.6183013916016,.
31096,.,-14.808500289917,34.6183013916016,.
31097,.,-14.808500289917,34.6183013916016,.
31098,.,-13.9896001815796,33.7771987915039,.
31099,.,-13.9896001815796,33.7771987915039,.
31100,.,-13.9896001815796,33.7771987915039,.
31101,.,-13.9896001815796,33.7771987915039,.
31102,.,-13.9896001815796,33.7771987915039,.
31103,.,-13.9896001815796,33.7771987915039,.
31104,.,-13.9750995635986,33.8054008483887,.
31105,.,-13.9917001724243,33.7789001464844,.
31106,.,-13.9917001724243,33.7789001464844,.
31107,.,-13.9917001724243,33.7789001464844,.
31108,.,-13.9917001724243,33.7789001464844,.
31109,.,-13.9354000091553,33.7827987670898,.
31110,.,-13.9354000091553,33.7827987670898,.
31111,.,-13.9354000091553,33.7827987670898,.
31112,.,-13.9354000091553,33.7827987670898,.
31113,.,-13.9354000091553,33.7827987670898,.
31114,.,-13.9354000091553,33.7827987670898,.
31115,.,-13.9354000091553,33.7827987670898,.
31116,.,-13.9354000091553,33.7827987670898,.
31117,.,-13.9354000091553,33.7827987670898,.
31118,.,-13.9354000091553,33.7827987670898,.
31119,.,-13.9354000091553,33.7827987670898,.
31120,.,-13.9354000091553,33.7827987670898,.
31121,.,-14.0038995742798,33.8081016540527,.
31122,.,-14.0038995742798,33.8081016540527,.
31123,.,-14.0038995742798,33.8081016540527,.
31124,.,-13.9975996017456,33.8050003051758,.
31125,.,-14.0062999725342,33.8022003173828,.
31126,.,-14.0062999725342,33.8022003173828,.
31127,.,-14.0062999725342,33.8022003173828,.
31128,.,-14.0062999725342,33.8022003173828,.
31129,.,-14.0062999725342,33.8022003173828,.
31130,.,-14.0062999725342,33.8022003173828,.
31131,.,-14.0062999725342,33.8022003173828,.
31132,.,-14.0079002380371,33.8051986694336,.
31133,.,-14.0158996582031,33.8269996643066,.
31134,.,-14.0158996582031,33.8269996643066,.
31135,.,-14.0158996582031,33.8269996643066,.
31136,.,-14.0158996582031,33.8269996643066,.
31137,.,-14.0158996582031,33.8269996643066,.
31138,.,-14.0158996582031,33.8269996643066,.
31139,.,-14.0158996582031,33.8269996643066,.
31140,.,-14.0158996582031,33.8269996643066,.
31141,.,-14.0158996582031,33.8269996643066,.
31142,.,-14.0158996582031,33.8269996643066,.
31143,.,-14.0158996582031,33.8269996643066,.
31144,.,-14.0073003768921,33.8244018554688,.
31145,.,-14.0073003768921,33.8244018554688,.
31146,.,-14.0073003768921,33.8244018554688,.
31147,.,-14.0073003768921,33.8244018554688,.
31148,.,-14.0073003768921,33.8244018554688,.
31149,.,-14.0073003768921,33.8244018554688,.
31150,.,-14.0073003768921,33.8244018554688,.
31151,.,-14.0193996429443,33.8171997070313,.
31152,.,-14.0193996429443,33.8171997070313,.
31153,.,-13.8758001327515,33.7598991394043,.
31154,.,-13.8758001327515,33.7598991394043,.
31155,.,-13.8758001327515,33.7598991394043,.
31156,.,-13.8758001327515,33.7598991394043,.
31157,.,-13.8758001327515,33.7598991394043,.
31158,.,-13.8758001327515,33.7598991394043,.
31159,.,-13.8758001327515,33.7598991394043,.
31160,.,-13.8758001327515,33.7598991394043,.
31161,.,-13.8758001327515,33.7598991394043,.
31162,.,-13.8758001327515,33.7598991394043,.
31163,.,-13.8758001327515,33.7598991394043,.
31164,.,-13.8696002960205,33.777099609375,.
31165,.,-13.8696002960205,33.777099609375,.
31166,.,-13.8696002960205,33.777099609375,.
31167,.,-13.8696002960205,33.777099609375,.
31168,.,-13.8696002960205,33.777099609375,.
31169,.,-13.8696002960205,33.777099609375,.
31170,.,-13.8696002960205,33.777099609375,.
31171,.,-13.8583002090454,33.7887001037598,.
31172,.,-14.0239000320435,33.7779998779297,.
31173,.,-14.0239000320435,33.7779998779297,.
31174,.,-14.020899772644,33.774600982666,.
31175,.,-14.020899772644,33.774600982666,.
31176,.,-14.020899772644,33.774600982666,.
31177,.,-14.020899772644,33.774600982666,.
31178,.,-14.020899772644,33.774600982666,.
31179,.,-14.0279998779297,33.8012008666992,.
31180,.,-14.0279998779297,33.8012008666992,.
31181,.,-13.9168996810913,33.8092002868652,.
31182,.,-13.9168996810913,33.8092002868652,.
31183,.,-13.9490995407104,33.8098983764648,.
31184,.,-13.9490995407104,33.8098983764648,.
31185,.,-13.9490995407104,33.8098983764648,.
31186,.,-13.9490995407104,33.8098983764648,.
31187,.,-13.9490995407104,33.8098983764648,.
31188,.,-13.9710998535156,33.7574005126953,.
31189,.,-13.9710998535156,33.7574005126953,.
31190,.,-13.9710998535156,33.7574005126953,.
31191,.,-13.9710998535156,33.7574005126953,.
31192,.,-13.9710998535156,33.7574005126953,.
31193,.,-13.9710998535156,33.7574005126953,.
31194,.,-13.9170999526978,33.7594985961914,.
31195,.,-13.9170999526978,33.7594985961914,.
31196,.,-13.9170999526978,33.7594985961914,.
31197,.,-13.9170999526978,33.7594985961914,.
31198,.,-13.9170999526978,33.7594985961914,.
31199,.,-13.9170999526978,33.7594985961914,.
31200,.,-13.9322996139526,33.7588996887207,.
31201,.,-13.9322996139526,33.7588996887207,.
31202,.,-13.9322996139526,33.7588996887207,.
31203,.,-13.9322996139526,33.7588996887207,.
31204,.,-13.911600112915,33.7901992797852,.
31205,.,-13.911600112915,33.7901992797852,.
31206,.,-13.8938999176025,33.7871017456055,.
31207,.,-13.8938999176025,33.7871017456055,.
31208,.,-13.8938999176025,33.7871017456055,.
31209,.,-13.8938999176025,33.7871017456055,.
31210,.,-13.8938999176025,33.7871017456055,.
31211,.,-13.8938999176025,33.7871017456055,.
31212,.,-13.8938999176025,33.7871017456055,.
31213,.,-13.8938999176025,33.7871017456055,.
31214,.,-13.8938999176025,33.7871017456055,.
31215,.,-13.8938999176025,33.7871017456055,.
31216,.,-13.7890996932983,33.8086013793945,.
31217,.,-13.7890996932983,33.8086013793945,.
31218,.,-13.7890996932983,33.8086013793945,.
31219,.,-13.7890996932983,33.8086013793945,.
31220,.,-13.7890996932983,33.8086013793945,.
31221,.,-13.7890996932983,33.8086013793945,.
31222,.,-13.8456001281738,33.7583999633789,.
31223,.,-13.8456001281738,33.7583999633789,.
31224,.,-13.8456001281738,33.7583999633789,.
31225,.,-13.8456001281738,33.7583999633789,.
31226,.,-13.9530000686646,33.717399597168,.
31227,.,-13.9530000686646,33.717399597168,.
31228,.,-13.9530000686646,33.717399597168,.
31229,.,-13.9530000686646,33.717399597168,.
31230,.,-13.9530000686646,33.717399597168,.
31231,.,-13.9530000686646,33.717399597168,.
31232,.,-13.9530000686646,33.717399597168,.
31233,.,-13.9530000686646,33.717399597168,.
31234,.,-13.9530000686646,33.717399597168,.
31235,.,-13.9530000686646,33.717399597168,.
31236,.,-13.9554004669189,33.7285995483398,.
31237,.,-13.9554004669189,33.7285995483398,.
31238,.,-13.9554004669189,33.7285995483398,.
31239,.,-13.9554004669189,33.7285995483398,.
31240,.,-13.9554004669189,33.7285995483398,.
31241,.,-13.9554004669189,33.7285995483398,.
31242,.,-13.9554004669189,33.7285995483398,.
31243,.,-13.9554004669189,33.7285995483398,.
31244,.,-13.9959001541138,33.7342987060547,.
31245,.,-13.9959001541138,33.7342987060547,.
31246,.,-13.9959001541138,33.7342987060547,.
31247,.,-14.0109996795654,33.728099822998,.
31248,.,-14.0109996795654,33.728099822998,.
31249,.,-14.0109996795654,33.728099822998,.
31250,.,-14.0109996795654,33.728099822998,.
31251,.,-14.0109996795654,33.728099822998,.
31252,.,-14.0109996795654,33.728099822998,.
31253,.,-14.0109996795654,33.728099822998,.
31254,.,-14.0109996795654,33.728099822998,.
31255,.,-14.0131998062134,33.7182998657227,.
31256,.,-14.0131998062134,33.7182998657227,.
31257,.,-14.0131998062134,33.7182998657227,.
31258,.,-14.0548000335693,33.7076988220215,.
31259,.,-14.0548000335693,33.7076988220215,.
31260,.,-14.0548000335693,33.7076988220215,.
31261,.,-14.0548000335693,33.7076988220215,.
31262,.,-14.0548000335693,33.7076988220215,.
31263,.,-14.0548000335693,33.7076988220215,.
31264,.,-14.0548000335693,33.7076988220215,.
31265,.,-14.0548000335693,33.7076988220215,.
31266,.,-14.0548000335693,33.7076988220215,.
31267,.,-14.0548000335693,33.7076988220215,.
31268,.,-14.0548000335693,33.7076988220215,.
31269,.,-14.0548000335693,33.7076988220215,.
31270,.,-14.0548000335693,33.7076988220215,.
31271,.,-14.0548000335693,33.7076988220215,.
31272,.,-14.0548000335693,33.7076988220215,.
31273,.,-14.0548000335693,33.7076988220215,.
31274,.,-14.0548000335693,33.7076988220215,.
31275,.,-14.4265003204346,35.2575988769531,.
31276,.,-14.4265003204346,35.2575988769531,.
31277,.,-14.4265003204346,35.2575988769531,.
31278,.,-14.4265003204346,35.2575988769531,.
31279,.,-14.4265003204346,35.2575988769531,.
31280,.,-14.4265003204346,35.2575988769531,.
31281,.,-14.4265003204346,35.2575988769531,.
31282,.,-14.4265003204346,35.2575988769531,.
31283,.,-14.4265003204346,35.2575988769531,.
31284,.,-14.4265003204346,35.2575988769531,.
31285,.,-14.4265003204346,35.2575988769531,.
31286,.,-14.4265003204346,35.2575988769531,.
31287,.,-14.4265003204346,35.2575988769531,.
31288,.,-14.4265003204346,35.2575988769531,.
31289,.,-14.4265003204346,35.2575988769531,.
31290,.,-14.4265003204346,35.2575988769531,.
31291,.,-14.4265003204346,35.2575988769531,.
31292,.,-14.4265003204346,35.2575988769531,.
31293,.,-14.5243997573853,35.0887985229492,.
31294,.,-14.5243997573853,35.0887985229492,.
31295,.,-14.5243997573853,35.0887985229492,.
31296,.,-14.5243997573853,35.0887985229492,.
31297,.,-14.5243997573853,35.0887985229492,.
31298,.,-14.5243997573853,35.0887985229492,.
31299,.,-14.5243997573853,35.0887985229492,.
31300,.,-14.5243997573853,35.0887985229492,.
31301,.,-14.5243997573853,35.0887985229492,.
31302,.,-14.5243997573853,35.0887985229492,.
31303,.,-14.5243997573853,35.0887985229492,.
31304,.,-14.5243997573853,35.0887985229492,.
31305,.,-14.5243997573853,35.0887985229492,.
31306,.,-14.5243997573853,35.0887985229492,.
31307,.,-14.3191995620728,35.0859985351563,.
31308,.,-14.3191995620728,35.0859985351563,.
31309,.,-14.3191995620728,35.0859985351563,.
31310,.,-14.3191995620728,35.0859985351563,.
31311,.,-14.3191995620728,35.0859985351563,.
31312,.,-14.3191995620728,35.0859985351563,.
31313,.,-14.3191995620728,35.0859985351563,.
31314,.,-14.3191995620728,35.0859985351563,.
31315,.,-14.3191995620728,35.0859985351563,.
31316,.,-14.3191995620728,35.0859985351563,.
31317,.,-14.3191995620728,35.0859985351563,.
31318,.,-14.3191995620728,35.0859985351563,.
31319,.,-14.3191995620728,35.0859985351563,.
31320,.,-14.3191995620728,35.0859985351563,.
31321,.,-14.3191995620728,35.0859985351563,.
31322,.,-14.6300001144409,35.1032981872559,.
31323,.,-14.6300001144409,35.1032981872559,.
31324,.,-14.6300001144409,35.1032981872559,.
31325,.,-14.6300001144409,35.1032981872559,.
31326,.,-14.6300001144409,35.1032981872559,.
31327,.,-14.6300001144409,35.1032981872559,.
31328,.,-14.6300001144409,35.1032981872559,.
31329,.,-14.6300001144409,35.1032981872559,.
31330,.,-14.6300001144409,35.1032981872559,.
31331,.,-14.6300001144409,35.1032981872559,.
31332,.,-14.6300001144409,35.1032981872559,.
31333,.,-14.6300001144409,35.1032981872559,.
31334,.,-14.6300001144409,35.1032981872559,.
31335,.,-14.6300001144409,35.1032981872559,.
31336,.,-14.6300001144409,35.1032981872559,.
31337,.,-14.6300001144409,35.1032981872559,.
31338,.,-14.6300001144409,35.1032981872559,.
31339,.,-14.6300001144409,35.1032981872559,.
31340,.,-14.6300001144409,35.1032981872559,.
31341,.,-14.6300001144409,35.1032981872559,.
31342,.,-14.7687997817993,35.0315017700195,.
31343,.,-14.7687997817993,35.0315017700195,.
31344,.,-14.7687997817993,35.0315017700195,.
31345,.,-14.7687997817993,35.0315017700195,.
31346,.,-14.7687997817993,35.0315017700195,.
31347,.,-14.7687997817993,35.0315017700195,.
31348,.,-14.7687997817993,35.0315017700195,.
31349,.,-14.7687997817993,35.0315017700195,.
31350,.,-14.7687997817993,35.0315017700195,.
31351,.,-14.7687997817993,35.0315017700195,.
31352,.,-14.7687997817993,35.0315017700195,.
31353,.,-14.7687997817993,35.0315017700195,.
31354,.,-14.7687997817993,35.0315017700195,.
31355,.,-14.5043001174927,35.2056007385254,.
31356,.,-14.5043001174927,35.2056007385254,.
31357,.,-14.5043001174927,35.2056007385254,.
31358,.,-14.5043001174927,35.2056007385254,.
31359,.,-14.5043001174927,35.2056007385254,.
31360,.,-14.5043001174927,35.2056007385254,.
31361,.,-14.5043001174927,35.2056007385254,.
31362,.,-14.5043001174927,35.2056007385254,.
31363,.,-14.5043001174927,35.2056007385254,.
31364,.,-14.5043001174927,35.2056007385254,.
31365,.,-14.5043001174927,35.2056007385254,.
31366,.,-14.5043001174927,35.2056007385254,.
31367,.,-14.5043001174927,35.2056007385254,.
31368,.,-14.5043001174927,35.2056007385254,.
31369,.,-14.5043001174927,35.2056007385254,.
31370,.,-14.5375003814697,34.7975006103516,.
31371,.,-14.5375003814697,34.7975006103516,.
31372,.,-14.5375003814697,34.7975006103516,.
31373,.,-14.5375003814697,34.7975006103516,.
31374,.,-14.5375003814697,34.7975006103516,.
31375,.,-14.5375003814697,34.7975006103516,.
31376,.,-14.5375003814697,34.7975006103516,.
31377,.,-14.5375003814697,34.7975006103516,.
31378,.,-14.5375003814697,34.7975006103516,.
31379,.,-14.5375003814697,34.7975006103516,.
31380,.,-14.5375003814697,34.7975006103516,.
31381,.,-14.5375003814697,34.7975006103516,.
31382,.,-14.5375003814697,34.7975006103516,.
31383,.,-14.5375003814697,34.7975006103516,.
31384,.,-14.5375003814697,34.7975006103516,.
31385,.,-14.5375003814697,34.7975006103516,.
31386,.,-14.2793998718262,34.8092994689941,.
31387,.,-14.2793998718262,34.8092994689941,.
31388,.,-14.2793998718262,34.8092994689941,.
31389,.,-14.2793998718262,34.8092994689941,.
31390,.,-14.2793998718262,34.8092994689941,.
31391,.,-14.2793998718262,34.8092994689941,.
31392,.,-14.2793998718262,34.8092994689941,.
31393,.,-14.2793998718262,34.8092994689941,.
31394,.,-14.2793998718262,34.8092994689941,.
31395,.,-14.2793998718262,34.8092994689941,.
31396,.,-14.2793998718262,34.8092994689941,.
31397,.,-14.2793998718262,34.8092994689941,.
31398,.,-14.2793998718262,34.8092994689941,.
31399,.,-14.479100227356,34.8261985778809,.
31400,.,-14.479100227356,34.8261985778809,.
31401,.,-14.479100227356,34.8261985778809,.
31402,.,-14.479100227356,34.8261985778809,.
31403,.,-14.479100227356,34.8261985778809,.
31404,.,-14.479100227356,34.8261985778809,.
31405,.,-14.479100227356,34.8261985778809,.
31406,.,-14.479100227356,34.8261985778809,.
31407,.,-14.479100227356,34.8261985778809,.
31408,.,-14.479100227356,34.8261985778809,.
31409,.,-14.479100227356,34.8261985778809,.
31410,.,-14.479100227356,34.8261985778809,.
31411,.,-14.479100227356,34.8261985778809,.
31412,.,-14.479100227356,34.8261985778809,.
31413,.,-14.479100227356,34.8261985778809,.
31414,.,-14.479100227356,34.8261985778809,.
31415,.,-14.1971998214722,34.8825988769531,.
31416,.,-14.1971998214722,34.8825988769531,.
31417,.,-14.1971998214722,34.8825988769531,.
31418,.,-14.1971998214722,34.8825988769531,.
31419,.,-14.1971998214722,34.8825988769531,.
31420,.,-14.1971998214722,34.8825988769531,.
31421,.,-14.1971998214722,34.8825988769531,.
31422,.,-14.1971998214722,34.8825988769531,.
31423,.,-14.1971998214722,34.8825988769531,.
31424,.,-14.1971998214722,34.8825988769531,.
31425,.,-14.1971998214722,34.8825988769531,.
31426,.,-14.1971998214722,34.8825988769531,.
31427,.,-14.1971998214722,34.8825988769531,.
31428,.,-14.1971998214722,34.8825988769531,.
31429,.,-14.1971998214722,34.8825988769531,.
31430,.,-14.1971998214722,34.8825988769531,.
31431,.,-14.3915996551514,35.4482002258301,.
31432,.,-14.3915996551514,35.4482002258301,.
31433,.,-14.3915996551514,35.4482002258301,.
31434,.,-14.3915996551514,35.4482002258301,.
31435,.,-14.3915996551514,35.4482002258301,.
31436,.,-14.3915996551514,35.4482002258301,.
31437,.,-14.3915996551514,35.4482002258301,.
31438,.,-14.3915996551514,35.4482002258301,.
31439,.,-14.3915996551514,35.4482002258301,.
31440,.,-14.3915996551514,35.4482002258301,.
31441,.,-14.3915996551514,35.4482002258301,.
31442,.,-14.3915996551514,35.4482002258301,.
31443,.,-14.3915996551514,35.4482002258301,.
31444,.,-14.3833999633789,35.5862998962402,.
31445,.,-14.3833999633789,35.5862998962402,.
31446,.,-14.3833999633789,35.5862998962402,.
31447,.,-14.3833999633789,35.5862998962402,.
31448,.,-14.3833999633789,35.5862998962402,.
31449,.,-14.3833999633789,35.5862998962402,.
31450,.,-14.3833999633789,35.5862998962402,.
31451,.,-14.3833999633789,35.5862998962402,.
31452,.,-14.3833999633789,35.5862998962402,.
31453,.,-14.3833999633789,35.5862998962402,.
31454,.,-14.3252000808716,35.4254989624023,.
31455,.,-14.3252000808716,35.4254989624023,.
31456,.,-14.3252000808716,35.4254989624023,.
31457,.,-14.3252000808716,35.4254989624023,.
31458,.,-14.3252000808716,35.4254989624023,.
31459,.,-14.3252000808716,35.4254989624023,.
31460,.,-14.3252000808716,35.4254989624023,.
31461,.,-14.3252000808716,35.4254989624023,.
31462,.,-14.3252000808716,35.4254989624023,.
31463,.,-14.3252000808716,35.4254989624023,.
31464,.,-14.3252000808716,35.4254989624023,.
31465,.,-14.3252000808716,35.4254989624023,.
31466,.,-14.3252000808716,35.4254989624023,.
31467,.,-14.3252000808716,35.4254989624023,.
31468,.,-14.3252000808716,35.4254989624023,.
31469,.,-14.4912004470825,35.6063003540039,.
31470,.,-14.4912004470825,35.6063003540039,.
31471,.,-14.4912004470825,35.6063003540039,.
31472,.,-14.4912004470825,35.6063003540039,.
31473,.,-14.4912004470825,35.6063003540039,.
31474,.,-14.4912004470825,35.6063003540039,.
31475,.,-14.4912004470825,35.6063003540039,.
31476,.,-14.4912004470825,35.6063003540039,.
31477,.,-14.4912004470825,35.6063003540039,.
31478,.,-14.4912004470825,35.6063003540039,.
31479,.,-14.4912004470825,35.6063003540039,.
31480,.,-14.4912004470825,35.6063003540039,.
31481,.,-14.4912004470825,35.6063003540039,.
31482,.,-14.4716997146606,35.6096000671387,.
31483,.,-14.4716997146606,35.6096000671387,.
31484,.,-14.4716997146606,35.6096000671387,.
31485,.,-14.4716997146606,35.6096000671387,.
31486,.,-14.4716997146606,35.6096000671387,.
31487,.,-14.4716997146606,35.6096000671387,.
31488,.,-14.4716997146606,35.6096000671387,.
31489,.,-14.4716997146606,35.6096000671387,.
31490,.,-14.4716997146606,35.6096000671387,.
31491,.,-14.4716997146606,35.6096000671387,.
31492,.,-14.4716997146606,35.6096000671387,.
31493,.,-14.4716997146606,35.6096000671387,.
31494,.,-14.4716997146606,35.6096000671387,.
31495,.,-14.4716997146606,35.6096000671387,.
31496,.,-14.4716997146606,35.6096000671387,.
31497,.,-14.4716997146606,35.6096000671387,.
31498,.,-14.5250997543335,35.3881988525391,.
31499,.,-14.5250997543335,35.3881988525391,.
31500,.,-14.5250997543335,35.3881988525391,.
31501,.,-14.5250997543335,35.3881988525391,.
31502,.,-14.5250997543335,35.3881988525391,.
31503,.,-14.5250997543335,35.3881988525391,.
31504,.,-14.5250997543335,35.3881988525391,.
31505,.,-14.5250997543335,35.3881988525391,.
31506,.,-14.5250997543335,35.3881988525391,.
31507,.,-14.5250997543335,35.3881988525391,.
31508,.,-14.5250997543335,35.3881988525391,.
31509,.,-14.5250997543335,35.3881988525391,.
31510,.,-14.3521995544434,35.3189010620117,.
31511,.,-14.3521995544434,35.3189010620117,.
31512,.,-14.3521995544434,35.3189010620117,.
31513,.,-14.3521995544434,35.3189010620117,.
31514,.,-14.3521995544434,35.3189010620117,.
31515,.,-14.3521995544434,35.3189010620117,.
31516,.,-14.3521995544434,35.3189010620117,.
31517,.,-14.3521995544434,35.3189010620117,.
31518,.,-14.3521995544434,35.3189010620117,.
31519,.,-14.3521995544434,35.3189010620117,.
31520,.,-14.3521995544434,35.3189010620117,.
31521,.,-14.3521995544434,35.3189010620117,.
31522,.,-14.7020998001099,35.4398002624512,.
31523,.,-14.7020998001099,35.4398002624512,.
31524,.,-14.7020998001099,35.4398002624512,.
31525,.,-14.7020998001099,35.4398002624512,.
31526,.,-14.7020998001099,35.4398002624512,.
31527,.,-14.7020998001099,35.4398002624512,.
31528,.,-14.7020998001099,35.4398002624512,.
31529,.,-14.7020998001099,35.4398002624512,.
31530,.,-14.7020998001099,35.4398002624512,.
31531,.,-14.7020998001099,35.4398002624512,.
31532,.,-14.7020998001099,35.4398002624512,.
31533,.,-14.7020998001099,35.4398002624512,.
31534,.,-14.7020998001099,35.4398002624512,.
31535,.,-14.7020998001099,35.4398002624512,.
31536,.,-14.7020998001099,35.4398002624512,.
31537,.,-14.2671003341675,35.4314994812012,.
31538,.,-14.2671003341675,35.4314994812012,.
31539,.,-14.2671003341675,35.4314994812012,.
31540,.,-14.2671003341675,35.4314994812012,.
31541,.,-14.2671003341675,35.4314994812012,.
31542,.,-14.2671003341675,35.4314994812012,.
31543,.,-14.2671003341675,35.4314994812012,.
31544,.,-14.2671003341675,35.4314994812012,.
31545,.,-14.2671003341675,35.4314994812012,.
31546,.,-14.2671003341675,35.4314994812012,.
31547,.,-14.2671003341675,35.4314994812012,.
31548,.,-14.2671003341675,35.4314994812012,.
31549,.,-14.2671003341675,35.4314994812012,.
31550,.,-14.2671003341675,35.4314994812012,.
31551,.,-14.2671003341675,35.4314994812012,.
31552,.,-14.2671003341675,35.4314994812012,.
31553,.,-14.2671003341675,35.4314994812012,.
31554,.,-14.1065998077393,35.4117012023926,.
31555,.,-14.1065998077393,35.4117012023926,.
31556,.,-14.1065998077393,35.4117012023926,.
31557,.,-14.1065998077393,35.4117012023926,.
31558,.,-14.1065998077393,35.4117012023926,.
31559,.,-14.1065998077393,35.4117012023926,.
31560,.,-14.1065998077393,35.4117012023926,.
31561,.,-14.1065998077393,35.4117012023926,.
31562,.,-14.1065998077393,35.4117012023926,.
31563,.,-14.1065998077393,35.4117012023926,.
31564,.,-14.1065998077393,35.4117012023926,.
31565,.,-14.1065998077393,35.4117012023926,.
31566,.,-13.7386999130249,35.0668983459473,.
31567,.,-13.7386999130249,35.0668983459473,.
31568,.,-13.7386999130249,35.0668983459473,.
31569,.,-13.7386999130249,35.0668983459473,.
31570,.,-13.7386999130249,35.0668983459473,.
31571,.,-13.7386999130249,35.0668983459473,.
31572,.,-13.7386999130249,35.0668983459473,.
31573,.,-13.7386999130249,35.0668983459473,.
31574,.,-13.7386999130249,35.0668983459473,.
31575,.,-13.7386999130249,35.0668983459473,.
31576,.,-13.7386999130249,35.0668983459473,.
31577,.,-13.7386999130249,35.0668983459473,.
31578,.,-13.7386999130249,35.0668983459473,.
31579,.,-13.7386999130249,35.0668983459473,.
31580,.,-13.7386999130249,35.0668983459473,.
31581,.,-13.7386999130249,35.0668983459473,.
31582,.,-13.7386999130249,35.0668983459473,.
31583,.,-13.845100402832,35.1064987182617,.
31584,.,-13.845100402832,35.1064987182617,.
31585,.,-13.845100402832,35.1064987182617,.
31586,.,-13.845100402832,35.1064987182617,.
31587,.,-13.845100402832,35.1064987182617,.
31588,.,-13.845100402832,35.1064987182617,.
31589,.,-13.845100402832,35.1064987182617,.
31590,.,-13.845100402832,35.1064987182617,.
31591,.,-13.845100402832,35.1064987182617,.
31592,.,-13.845100402832,35.1064987182617,.
31593,.,-13.845100402832,35.1064987182617,.
31594,.,-13.845100402832,35.1064987182617,.
31595,.,-13.845100402832,35.1064987182617,.
31596,.,-13.845100402832,35.1064987182617,.
31597,.,-13.845100402832,35.1064987182617,.
31598,.,-14.1403999328613,35.2154006958008,.
31599,.,-14.1403999328613,35.2154006958008,.
31600,.,-14.1403999328613,35.2154006958008,.
31601,.,-14.1403999328613,35.2154006958008,.
31602,.,-14.1403999328613,35.2154006958008,.
31603,.,-14.1403999328613,35.2154006958008,.
31604,.,-14.1403999328613,35.2154006958008,.
31605,.,-14.1403999328613,35.2154006958008,.
31606,.,-14.1403999328613,35.2154006958008,.
31607,.,-14.1403999328613,35.2154006958008,.
31608,.,-14.1403999328613,35.2154006958008,.
31609,.,-14.1403999328613,35.2154006958008,.
31610,.,-14.4674997329712,35.2910003662109,.
31611,.,-14.4674997329712,35.2910003662109,.
31612,.,-14.4674997329712,35.2910003662109,.
31613,.,-14.4674997329712,35.2910003662109,.
31614,.,-14.4674997329712,35.2910003662109,.
31615,.,-14.4674997329712,35.2910003662109,.
31616,.,-14.4674997329712,35.2910003662109,.
31617,.,-14.4674997329712,35.2910003662109,.
31618,.,-14.4674997329712,35.2910003662109,.
31619,.,-14.4674997329712,35.2910003662109,.
31620,.,-14.4674997329712,35.2910003662109,.
31621,.,-14.4674997329712,35.2910003662109,.
31622,.,-15.0473003387451,35.2921981811523,.
31623,.,-15.0473003387451,35.2921981811523,.
31624,.,-15.0473003387451,35.2921981811523,.
31625,.,-15.0473003387451,35.2921981811523,.
31626,.,-15.0473003387451,35.2921981811523,.
31627,.,-15.0473003387451,35.2921981811523,.
31628,.,-15.0473003387451,35.2921981811523,.
31629,.,-15.0473003387451,35.2921981811523,.
31630,.,-15.0473003387451,35.2921981811523,.
31631,.,-15.0473003387451,35.2921981811523,.
31632,.,-15.0473003387451,35.2921981811523,.
31633,.,-15.0473003387451,35.2921981811523,.
31634,.,-15.0473003387451,35.2921981811523,.
31635,.,-15.0473003387451,35.2921981811523,.
31636,.,-15.0473003387451,35.2921981811523,.
31637,.,-15.0473003387451,35.2921981811523,.
31638,.,-15.0473003387451,35.2921981811523,.
31639,.,-15.0473003387451,35.2921981811523,.
31640,.,-15.0473003387451,35.2921981811523,.
31641,.,-15.0473003387451,35.2921981811523,.
31642,.,-14.993200302124,35.5127983093262,.
31643,.,-14.993200302124,35.5127983093262,.
31644,.,-14.993200302124,35.5127983093262,.
31645,.,-14.993200302124,35.5127983093262,.
31646,.,-14.993200302124,35.5127983093262,.
31647,.,-14.993200302124,35.5127983093262,.
31648,.,-14.993200302124,35.5127983093262,.
31649,.,-14.993200302124,35.5127983093262,.
31650,.,-14.993200302124,35.5127983093262,.
31651,.,-14.993200302124,35.5127983093262,.
31652,.,-14.993200302124,35.5127983093262,.
31653,.,-14.993200302124,35.5127983093262,.
31654,.,-14.993200302124,35.5127983093262,.
31655,.,-14.993200302124,35.5127983093262,.
31656,.,-14.993200302124,35.5127983093262,.
31657,.,-14.993200302124,35.5127983093262,.
31658,.,-14.993200302124,35.5127983093262,.
31659,.,-14.8219003677368,35.5262985229492,.
31660,.,-14.8219003677368,35.5262985229492,.
31661,.,-14.8219003677368,35.5262985229492,.
31662,.,-14.8219003677368,35.5262985229492,.
31663,.,-14.8219003677368,35.5262985229492,.
31664,.,-14.8219003677368,35.5262985229492,.
31665,.,-14.8219003677368,35.5262985229492,.
31666,.,-14.8219003677368,35.5262985229492,.
31667,.,-14.8219003677368,35.5262985229492,.
31668,.,-14.8219003677368,35.5262985229492,.
31669,.,-14.8219003677368,35.5262985229492,.
31670,.,-14.8219003677368,35.5262985229492,.
31671,.,-14.8219003677368,35.5262985229492,.
31672,.,-14.8219003677368,35.5262985229492,.
31673,.,-14.8219003677368,35.5262985229492,.
31674,.,-14.8219003677368,35.5262985229492,.
31675,.,-14.8219003677368,35.5262985229492,.
31676,.,-14.890700340271,35.4440002441406,.
31677,.,-14.890700340271,35.4440002441406,.
31678,.,-14.890700340271,35.4440002441406,.
31679,.,-14.890700340271,35.4440002441406,.
31680,.,-14.890700340271,35.4440002441406,.
31681,.,-14.890700340271,35.4440002441406,.
31682,.,-14.890700340271,35.4440002441406,.
31683,.,-14.890700340271,35.4440002441406,.
31684,.,-14.890700340271,35.4440002441406,.
31685,.,-14.890700340271,35.4440002441406,.
31686,.,-14.890700340271,35.4440002441406,.
31687,.,-14.890700340271,35.4440002441406,.
31688,.,-14.890700340271,35.4440002441406,.
31689,.,-14.890700340271,35.4440002441406,.
31690,.,-14.890700340271,35.4440002441406,.
31691,.,-14.890700340271,35.4440002441406,.
31692,.,-14.890700340271,35.4440002441406,.
31693,.,-15.1750001907349,35.3381004333496,.
31694,.,-15.1750001907349,35.3381004333496,.
31695,.,-15.1750001907349,35.3381004333496,.
31696,.,-15.1750001907349,35.3381004333496,.
31697,.,-15.1750001907349,35.3381004333496,.
31698,.,-15.1750001907349,35.3381004333496,.
31699,.,-15.1750001907349,35.3381004333496,.
31700,.,-15.1750001907349,35.3381004333496,.
31701,.,-15.1750001907349,35.3381004333496,.
31702,.,-15.1750001907349,35.3381004333496,.
31703,.,-15.1750001907349,35.3381004333496,.
31704,.,-15.1750001907349,35.3381004333496,.
31705,.,-15.1750001907349,35.3381004333496,.
31706,.,-15.1750001907349,35.3381004333496,.
31707,.,-15.1750001907349,35.3381004333496,.
31708,.,-15.1750001907349,35.3381004333496,.
31709,.,-15.1750001907349,35.3381004333496,.
31710,.,-15.1750001907349,35.3381004333496,.
31711,.,-15.1750001907349,35.3381004333496,.
31712,.,-15.1300001144409,35.1898994445801,.
31713,.,-15.1300001144409,35.1898994445801,.
31714,.,-15.1300001144409,35.1898994445801,.
31715,.,-15.1300001144409,35.1898994445801,.
31716,.,-15.1300001144409,35.1898994445801,.
31717,.,-15.1300001144409,35.1898994445801,.
31718,.,-15.1300001144409,35.1898994445801,.
31719,.,-15.1300001144409,35.1898994445801,.
31720,.,-15.1300001144409,35.1898994445801,.
31721,.,-15.1300001144409,35.1898994445801,.
31722,.,-15.1300001144409,35.1898994445801,.
31723,.,-15.1300001144409,35.1898994445801,.
31724,.,-15.1300001144409,35.1898994445801,.
31725,.,-15.1300001144409,35.1898994445801,.
31726,.,-15.1300001144409,35.1898994445801,.
31727,.,-15.1300001144409,35.1898994445801,.
31728,.,-15.1300001144409,35.1898994445801,.
31729,.,-15.1300001144409,35.1898994445801,.
31730,.,-14.8449001312256,35.6371002197266,.
31731,.,-14.8449001312256,35.6371002197266,.
31732,.,-14.8449001312256,35.6371002197266,.
31733,.,-14.8449001312256,35.6371002197266,.
31734,.,-14.8449001312256,35.6371002197266,.
31735,.,-14.8449001312256,35.6371002197266,.
31736,.,-14.8449001312256,35.6371002197266,.
31737,.,-14.8449001312256,35.6371002197266,.
31738,.,-14.8449001312256,35.6371002197266,.
31739,.,-14.8449001312256,35.6371002197266,.
31740,.,-14.8449001312256,35.6371002197266,.
31741,.,-14.8449001312256,35.6371002197266,.
31742,.,-14.8449001312256,35.6371002197266,.
31743,.,-14.8449001312256,35.6371002197266,.
31744,.,-14.8449001312256,35.6371002197266,.
31745,.,-14.8449001312256,35.6371002197266,.
31746,.,-14.7518997192383,35.5797996520996,.
31747,.,-14.7518997192383,35.5797996520996,.
31748,.,-14.7518997192383,35.5797996520996,.
31749,.,-14.7518997192383,35.5797996520996,.
31750,.,-14.7518997192383,35.5797996520996,.
31751,.,-14.7518997192383,35.5797996520996,.
31752,.,-14.7518997192383,35.5797996520996,.
31753,.,-14.7518997192383,35.5797996520996,.
31754,.,-14.7518997192383,35.5797996520996,.
31755,.,-14.7518997192383,35.5797996520996,.
31756,.,-14.7518997192383,35.5797996520996,.
31757,.,-14.7518997192383,35.5797996520996,.
31758,.,-14.7518997192383,35.5797996520996,.
31759,.,-14.7518997192383,35.5797996520996,.
31760,.,-14.7518997192383,35.5797996520996,.
31761,.,-14.7518997192383,35.5797996520996,.
31762,.,-14.7518997192383,35.5797996520996,.
31763,.,-14.7518997192383,35.5797996520996,.
31764,.,-14.8852996826172,35.6353988647461,.
31765,.,-14.8852996826172,35.6353988647461,.
31766,.,-14.8852996826172,35.6353988647461,.
31767,.,-14.8852996826172,35.6353988647461,.
31768,.,-14.8852996826172,35.6353988647461,.
31769,.,-14.8852996826172,35.6353988647461,.
31770,.,-14.8852996826172,35.6353988647461,.
31771,.,-14.8852996826172,35.6353988647461,.
31772,.,-14.8852996826172,35.6353988647461,.
31773,.,-14.8852996826172,35.6353988647461,.
31774,.,-14.8852996826172,35.6353988647461,.
31775,.,-14.8852996826172,35.6353988647461,.
31776,.,-14.8852996826172,35.6353988647461,.
31777,.,-14.8852996826172,35.6353988647461,.
31778,.,-14.8852996826172,35.6353988647461,.
31779,.,-14.8852996826172,35.6353988647461,.
31780,.,-14.8852996826172,35.6353988647461,.
31781,.,-14.8852996826172,35.6353988647461,.
31782,.,-14.8852996826172,35.6353988647461,.
31783,.,-14.8852996826172,35.6353988647461,.
31784,.,-14.8852996826172,35.6353988647461,.
31785,.,-14.8942003250122,35.6795997619629,.
31786,.,-14.8942003250122,35.6795997619629,.
31787,.,-14.8942003250122,35.6795997619629,.
31788,.,-14.8942003250122,35.6795997619629,.
31789,.,-14.8942003250122,35.6795997619629,.
31790,.,-14.8942003250122,35.6795997619629,.
31791,.,-14.8942003250122,35.6795997619629,.
31792,.,-14.8942003250122,35.6795997619629,.
31793,.,-14.8942003250122,35.6795997619629,.
31794,.,-14.8942003250122,35.6795997619629,.
31795,.,-14.8942003250122,35.6795997619629,.
31796,.,-14.8942003250122,35.6795997619629,.
31797,.,-14.9942998886108,35.5973014831543,.
31798,.,-14.9942998886108,35.5973014831543,.
31799,.,-14.9942998886108,35.5973014831543,.
31800,.,-14.9942998886108,35.5973014831543,.
31801,.,-14.9942998886108,35.5973014831543,.
31802,.,-14.9942998886108,35.5973014831543,.
31803,.,-14.9942998886108,35.5973014831543,.
31804,.,-14.9942998886108,35.5973014831543,.
31805,.,-14.9942998886108,35.5973014831543,.
31806,.,-14.9942998886108,35.5973014831543,.
31807,.,-14.9942998886108,35.5973014831543,.
31808,.,-14.9942998886108,35.5973014831543,.
31809,.,-14.9942998886108,35.5973014831543,.
31810,.,-15.2190999984741,35.4275016784668,.
31811,.,-15.2190999984741,35.4275016784668,.
31812,.,-15.2190999984741,35.4275016784668,.
31813,.,-15.2190999984741,35.4275016784668,.
31814,.,-15.2190999984741,35.4275016784668,.
31815,.,-15.2190999984741,35.4275016784668,.
31816,.,-15.2190999984741,35.4275016784668,.
31817,.,-15.2190999984741,35.4275016784668,.
31818,.,-15.2190999984741,35.4275016784668,.
31819,.,-15.2190999984741,35.4275016784668,.
31820,.,-15.2190999984741,35.4275016784668,.
31821,.,-15.2190999984741,35.4275016784668,.
31822,.,-15.2190999984741,35.4275016784668,.
31823,.,-15.2190999984741,35.4275016784668,.
31824,.,-15.2190999984741,35.4275016784668,.
31825,.,-15.2190999984741,35.4275016784668,.
31826,.,-15.1752004623413,35.5007019042969,.
31827,.,-15.1752004623413,35.5007019042969,.
31828,.,-15.1752004623413,35.5007019042969,.
31829,.,-15.1752004623413,35.5007019042969,.
31830,.,-15.1752004623413,35.5007019042969,.
31831,.,-15.1752004623413,35.5007019042969,.
31832,.,-15.1752004623413,35.5007019042969,.
31833,.,-15.1752004623413,35.5007019042969,.
31834,.,-15.1752004623413,35.5007019042969,.
31835,.,-15.1752004623413,35.5007019042969,.
31836,.,-15.1752004623413,35.5007019042969,.
31837,.,-15.1752004623413,35.5007019042969,.
31838,.,-15.1752004623413,35.5007019042969,.
31839,.,-15.1752004623413,35.5007019042969,.
31840,.,-15.1752004623413,35.5007019042969,.
31841,.,-15.0513000488281,35.4604988098145,.
31842,.,-15.0513000488281,35.4604988098145,.
31843,.,-15.0513000488281,35.4604988098145,.
31844,.,-15.0513000488281,35.4604988098145,.
31845,.,-15.0513000488281,35.4604988098145,.
31846,.,-15.0513000488281,35.4604988098145,.
31847,.,-15.0513000488281,35.4604988098145,.
31848,.,-15.0513000488281,35.4604988098145,.
31849,.,-15.0513000488281,35.4604988098145,.
31850,.,-15.0513000488281,35.4604988098145,.
31851,.,-15.0513000488281,35.4604988098145,.
31852,.,-15.0513000488281,35.4604988098145,.
31853,.,-15.0513000488281,35.4604988098145,.
31854,.,-15.0513000488281,35.4604988098145,.
31855,.,-15.0513000488281,35.4604988098145,.
31856,.,-15.0513000488281,35.4604988098145,.
31857,.,-15.0513000488281,35.4604988098145,.
31858,.,-15.0513000488281,35.4604988098145,.
31859,.,-15.0513000488281,35.4604988098145,.
31860,.,-14.9968996047974,35.5521011352539,.
31861,.,-14.9968996047974,35.5521011352539,.
31862,.,-14.9968996047974,35.5521011352539,.
31863,.,-14.9968996047974,35.5521011352539,.
31864,.,-14.9968996047974,35.5521011352539,.
31865,.,-14.9968996047974,35.5521011352539,.
31866,.,-14.9968996047974,35.5521011352539,.
31867,.,-14.9968996047974,35.5521011352539,.
31868,.,-14.9968996047974,35.5521011352539,.
31869,.,-14.9968996047974,35.5521011352539,.
31870,.,-14.9968996047974,35.5521011352539,.
31871,.,-14.9968996047974,35.5521011352539,.
31872,.,-14.9968996047974,35.5521011352539,.
31873,.,-14.9968996047974,35.5521011352539,.
31874,.,-14.9968996047974,35.5521011352539,.
31875,.,-14.9968996047974,35.5521011352539,.
31876,.,-14.9968996047974,35.5521011352539,.
31877,.,-14.7573003768921,35.6748008728027,.
31878,.,-14.7573003768921,35.6748008728027,.
31879,.,-14.7573003768921,35.6748008728027,.
31880,.,-14.7573003768921,35.6748008728027,.
31881,.,-14.7573003768921,35.6748008728027,.
31882,.,-14.7573003768921,35.6748008728027,.
31883,.,-14.7573003768921,35.6748008728027,.
31884,.,-14.7573003768921,35.6748008728027,.
31885,.,-14.7573003768921,35.6748008728027,.
31886,.,-14.7573003768921,35.6748008728027,.
31887,.,-14.7573003768921,35.6748008728027,.
31888,.,-14.7573003768921,35.6748008728027,.
31889,.,-14.7573003768921,35.6748008728027,.
31890,.,-14.7573003768921,35.6748008728027,.
31891,.,-14.7573003768921,35.6748008728027,.
31892,.,-14.7573003768921,35.6748008728027,.
31893,.,-14.7573003768921,35.6748008728027,.
31894,.,-14.8723001480103,35.7462997436523,.
31895,.,-14.8723001480103,35.7462997436523,.
31896,.,-14.8723001480103,35.7462997436523,.
31897,.,-14.8723001480103,35.7462997436523,.
31898,.,-14.8723001480103,35.7462997436523,.
31899,.,-14.8723001480103,35.7462997436523,.
31900,.,-14.8723001480103,35.7462997436523,.
31901,.,-14.8723001480103,35.7462997436523,.
31902,.,-14.8723001480103,35.7462997436523,.
31903,.,-14.8723001480103,35.7462997436523,.
31904,.,-14.8723001480103,35.7462997436523,.
31905,.,-14.8723001480103,35.7462997436523,.
31906,.,-14.8723001480103,35.7462997436523,.
31907,.,-14.8723001480103,35.7462997436523,.
31908,.,-14.8723001480103,35.7462997436523,.
31909,.,-14.8723001480103,35.7462997436523,.
31910,.,-14.7604999542236,35.7029991149902,.
31911,.,-14.7604999542236,35.7029991149902,.
31912,.,-14.7604999542236,35.7029991149902,.
31913,.,-14.7604999542236,35.7029991149902,.
31914,.,-14.7604999542236,35.7029991149902,.
31915,.,-14.7604999542236,35.7029991149902,.
31916,.,-14.7604999542236,35.7029991149902,.
31917,.,-14.7604999542236,35.7029991149902,.
31918,.,-14.7604999542236,35.7029991149902,.
31919,.,-14.7604999542236,35.7029991149902,.
31920,.,-14.7604999542236,35.7029991149902,.
31921,.,-14.7604999542236,35.7029991149902,.
31922,.,-14.7604999542236,35.7029991149902,.
31923,.,-14.7604999542236,35.7029991149902,.
31924,.,-14.7604999542236,35.7029991149902,.
31925,.,-14.7604999542236,35.7029991149902,.
31926,.,-14.7604999542236,35.7029991149902,.
31927,.,-14.7604999542236,35.7029991149902,.
31928,.,-14.7074003219604,35.8067016601563,.
31929,.,-14.7074003219604,35.8067016601563,.
31930,.,-14.7074003219604,35.8067016601563,.
31931,.,-14.7074003219604,35.8067016601563,.
31932,.,-14.7074003219604,35.8067016601563,.
31933,.,-14.7074003219604,35.8067016601563,.
31934,.,-14.7074003219604,35.8067016601563,.
31935,.,-14.7074003219604,35.8067016601563,.
31936,.,-14.7074003219604,35.8067016601563,.
31937,.,-14.7074003219604,35.8067016601563,.
31938,.,-14.7074003219604,35.8067016601563,.
31939,.,-14.7074003219604,35.8067016601563,.
31940,.,-14.7074003219604,35.8067016601563,.
31941,.,-14.7074003219604,35.8067016601563,.
31942,.,-14.7074003219604,35.8067016601563,.
31943,.,-14.7074003219604,35.8067016601563,.
31944,.,-14.7074003219604,35.8067016601563,.
31945,.,-14.7467002868652,35.5680999755859,.
31946,.,-14.7467002868652,35.5680999755859,.
31947,.,-14.7467002868652,35.5680999755859,.
31948,.,-14.7467002868652,35.5680999755859,.
31949,.,-14.7467002868652,35.5680999755859,.
31950,.,-14.7467002868652,35.5680999755859,.
31951,.,-14.7467002868652,35.5680999755859,.
31952,.,-14.7467002868652,35.5680999755859,.
31953,.,-14.7467002868652,35.5680999755859,.
31954,.,-14.7467002868652,35.5680999755859,.
31955,.,-14.7467002868652,35.5680999755859,.
31956,.,-14.7467002868652,35.5680999755859,.
31957,.,-14.5942001342773,35.6516990661621,.
31958,.,-14.5942001342773,35.6516990661621,.
31959,.,-14.5942001342773,35.6516990661621,.
31960,.,-14.5942001342773,35.6516990661621,.
31961,.,-14.5942001342773,35.6516990661621,.
31962,.,-14.5942001342773,35.6516990661621,.
31963,.,-14.5942001342773,35.6516990661621,.
31964,.,-14.5942001342773,35.6516990661621,.
31965,.,-14.5942001342773,35.6516990661621,.
31966,.,-14.5942001342773,35.6516990661621,.
31967,.,-14.5942001342773,35.6516990661621,.
31968,.,-14.5942001342773,35.6516990661621,.
31969,.,-14.5942001342773,35.6516990661621,.
31970,.,-14.5942001342773,35.6516990661621,.
31971,.,-14.5942001342773,35.6516990661621,.
31972,.,-14.6998996734619,35.6080017089844,.
31973,.,-14.6998996734619,35.6080017089844,.
31974,.,-14.6998996734619,35.6080017089844,.
31975,.,-14.6998996734619,35.6080017089844,.
31976,.,-14.6998996734619,35.6080017089844,.
31977,.,-14.6998996734619,35.6080017089844,.
31978,.,-14.6998996734619,35.6080017089844,.
31979,.,-14.6998996734619,35.6080017089844,.
31980,.,-14.6998996734619,35.6080017089844,.
31981,.,-14.6998996734619,35.6080017089844,.
31982,.,-14.6998996734619,35.6080017089844,.
31983,.,-14.6998996734619,35.6080017089844,.
31984,.,-14.6998996734619,35.6080017089844,.
31985,.,-14.6998996734619,35.6080017089844,.
31986,.,-14.6998996734619,35.6080017089844,.
31987,.,-14.6998996734619,35.6080017089844,.
31988,.,-14.6998996734619,35.6080017089844,.
31989,.,-14.7245998382568,35.7083015441895,.
31990,.,-14.7245998382568,35.7083015441895,.
31991,.,-14.7245998382568,35.7083015441895,.
31992,.,-14.7245998382568,35.7083015441895,.
31993,.,-14.7245998382568,35.7083015441895,.
31994,.,-14.7245998382568,35.7083015441895,.
31995,.,-14.7245998382568,35.7083015441895,.
31996,.,-14.7245998382568,35.7083015441895,.
31997,.,-14.7245998382568,35.7083015441895,.
31998,.,-14.7245998382568,35.7083015441895,.
31999,.,-14.7245998382568,35.7083015441895,.
32000,.,-14.7245998382568,35.7083015441895,.
32001,.,-14.7245998382568,35.7083015441895,.
32002,.,-14.7245998382568,35.7083015441895,.
32003,.,-14.7245998382568,35.7083015441895,.
32004,.,-14.7245998382568,35.7083015441895,.
32005,.,-14.7245998382568,35.7083015441895,.
32006,.,-14.7245998382568,35.7083015441895,.
32007,.,-14.7245998382568,35.7083015441895,.
32008,.,-15.0766000747681,35.2300987243652,.
32009,.,-15.0766000747681,35.2300987243652,.
32010,.,-15.0766000747681,35.2300987243652,.
32011,.,-15.0766000747681,35.2300987243652,.
32012,.,-15.0766000747681,35.2300987243652,.
32013,.,-15.0766000747681,35.2300987243652,.
32014,.,-15.0766000747681,35.2300987243652,.
32015,.,-15.0766000747681,35.2300987243652,.
32016,.,-15.0766000747681,35.2300987243652,.
32017,.,-15.0766000747681,35.2300987243652,.
32018,.,-15.0766000747681,35.2300987243652,.
32019,.,-15.0766000747681,35.2300987243652,.
32020,.,-15.3579998016357,35.4216995239258,.
32021,.,-15.3579998016357,35.4216995239258,.
32022,.,-15.3579998016357,35.4216995239258,.
32023,.,-15.3579998016357,35.4216995239258,.
32024,.,-15.3579998016357,35.4216995239258,.
32025,.,-15.3579998016357,35.4216995239258,.
32026,.,-15.3579998016357,35.4216995239258,.
32027,.,-15.3579998016357,35.4216995239258,.
32028,.,-15.3579998016357,35.4216995239258,.
32029,.,-15.3579998016357,35.4216995239258,.
32030,.,-15.3579998016357,35.4216995239258,.
32031,.,-15.3579998016357,35.4216995239258,.
32032,.,-15.3579998016357,35.4216995239258,.
32033,.,-15.3579998016357,35.4216995239258,.
32034,.,-15.3579998016357,35.4216995239258,.
32035,.,-15.2658004760742,35.4682006835938,.
32036,.,-15.2658004760742,35.4682006835938,.
32037,.,-15.2658004760742,35.4682006835938,.
32038,.,-15.2658004760742,35.4682006835938,.
32039,.,-15.2658004760742,35.4682006835938,.
32040,.,-15.2658004760742,35.4682006835938,.
32041,.,-15.2658004760742,35.4682006835938,.
32042,.,-15.2658004760742,35.4682006835938,.
32043,.,-15.2658004760742,35.4682006835938,.
32044,.,-15.2658004760742,35.4682006835938,.
32045,.,-15.2658004760742,35.4682006835938,.
32046,.,-15.2658004760742,35.4682006835938,.
32047,.,-15.2658004760742,35.4682006835938,.
32048,.,-15.2658004760742,35.4682006835938,.
32049,.,-15.2658004760742,35.4682006835938,.
32050,.,-15.2658004760742,35.4682006835938,.
32051,.,-15.2658004760742,35.4682006835938,.
32052,.,-15.2658004760742,35.4682006835938,.
32053,.,-15.2658004760742,35.4682006835938,.
32054,.,-15.2658004760742,35.4682006835938,.
32055,.,-15.2658004760742,35.4682006835938,.
32056,.,-15.2658004760742,35.4682006835938,.
32057,.,-15.2658004760742,35.4682006835938,.
32058,.,-15.2658004760742,35.4682006835938,.
32059,.,-15.3793001174927,35.4827003479004,.
32060,.,-15.3793001174927,35.4827003479004,.
32061,.,-15.3793001174927,35.4827003479004,.
32062,.,-15.3793001174927,35.4827003479004,.
32063,.,-15.3793001174927,35.4827003479004,.
32064,.,-15.3793001174927,35.4827003479004,.
32065,.,-15.3793001174927,35.4827003479004,.
32066,.,-15.3793001174927,35.4827003479004,.
32067,.,-15.3793001174927,35.4827003479004,.
32068,.,-15.3793001174927,35.4827003479004,.
32069,.,-15.3793001174927,35.4827003479004,.
32070,.,-15.3793001174927,35.4827003479004,.
32071,.,-15.3793001174927,35.4827003479004,.
32072,.,-15.3793001174927,35.4827003479004,.
32073,.,-15.3793001174927,35.4827003479004,.
32074,.,-15.3793001174927,35.4827003479004,.
32075,.,-15.3793001174927,35.4827003479004,.
32076,.,-15.3793001174927,35.4827003479004,.
32077,.,-15.3793001174927,35.4827003479004,.
32078,.,-15.3793001174927,35.4827003479004,.
32079,.,-15.3793001174927,35.4827003479004,.
32080,.,-15.3793001174927,35.4827003479004,.
32081,.,-15.3793001174927,35.4827003479004,.
32082,.,-15.3793001174927,35.4827003479004,.
32083,.,-15.3663997650146,35.5802001953125,.
32084,.,-15.3663997650146,35.5802001953125,.
32085,.,-15.3663997650146,35.5802001953125,.
32086,.,-15.3663997650146,35.5802001953125,.
32087,.,-15.3663997650146,35.5802001953125,.
32088,.,-15.3663997650146,35.5802001953125,.
32089,.,-15.3663997650146,35.5802001953125,.
32090,.,-15.3663997650146,35.5802001953125,.
32091,.,-15.3663997650146,35.5802001953125,.
32092,.,-15.3663997650146,35.5802001953125,.
32093,.,-15.3663997650146,35.5802001953125,.
32094,.,-15.3663997650146,35.5802001953125,.
32095,.,-15.3663997650146,35.5802001953125,.
32096,.,-15.3663997650146,35.5802001953125,.
32097,.,-15.3663997650146,35.5802001953125,.
32098,.,-15.3663997650146,35.5802001953125,.
32099,.,-15.3663997650146,35.5802001953125,.
32100,.,-15.5120000839233,35.5861015319824,.
32101,.,-15.5120000839233,35.5861015319824,.
32102,.,-15.5120000839233,35.5861015319824,.
32103,.,-15.5120000839233,35.5861015319824,.
32104,.,-15.5120000839233,35.5861015319824,.
32105,.,-15.5120000839233,35.5861015319824,.
32106,.,-15.5120000839233,35.5861015319824,.
32107,.,-15.5120000839233,35.5861015319824,.
32108,.,-15.5120000839233,35.5861015319824,.
32109,.,-15.5120000839233,35.5861015319824,.
32110,.,-15.5120000839233,35.5861015319824,.
32111,.,-15.5120000839233,35.5861015319824,.
32112,.,-15.5120000839233,35.5861015319824,.
32113,.,-15.5120000839233,35.5861015319824,.
32114,.,-15.5120000839233,35.5861015319824,.
32115,.,-15.5120000839233,35.5861015319824,.
32116,.,-15.5120000839233,35.5861015319824,.
32117,.,-15.5120000839233,35.5861015319824,.
32118,.,-15.5120000839233,35.5861015319824,.
32119,.,-15.5120000839233,35.5861015319824,.
32120,.,-15.5120000839233,35.5861015319824,.
32121,.,-15.5120000839233,35.5861015319824,.
32122,.,-15.5120000839233,35.5861015319824,.
32123,.,-15.5120000839233,35.5861015319824,.
32124,.,-15.5120000839233,35.5861015319824,.
32125,.,-15.4882001876831,35.556999206543,.
32126,.,-15.4882001876831,35.556999206543,.
32127,.,-15.4882001876831,35.556999206543,.
32128,.,-15.4882001876831,35.556999206543,.
32129,.,-15.4882001876831,35.556999206543,.
32130,.,-15.4882001876831,35.556999206543,.
32131,.,-15.4882001876831,35.556999206543,.
32132,.,-15.4882001876831,35.556999206543,.
32133,.,-15.4882001876831,35.556999206543,.
32134,.,-15.4882001876831,35.556999206543,.
32135,.,-15.4882001876831,35.556999206543,.
32136,.,-15.4882001876831,35.556999206543,.
32137,.,-15.4882001876831,35.556999206543,.
32138,.,-15.4882001876831,35.556999206543,.
32139,.,-15.4882001876831,35.556999206543,.
32140,.,-15.4882001876831,35.556999206543,.
32141,.,-15.4882001876831,35.556999206543,.
32142,.,-15.4882001876831,35.556999206543,.
32143,.,-15.4882001876831,35.556999206543,.
32144,.,-15.4882001876831,35.556999206543,.
32145,.,-15.4882001876831,35.556999206543,.
32146,.,-15.4882001876831,35.556999206543,.
32147,.,-15.4882001876831,35.556999206543,.
32148,.,-15.4882001876831,35.556999206543,.
32149,.,-15.4882001876831,35.556999206543,.
32150,.,-15.4882001876831,35.556999206543,.
32151,.,-15.4882001876831,35.556999206543,.
32152,.,-15.4882001876831,35.556999206543,.
32153,.,-15.4882001876831,35.556999206543,.
32154,.,-15.4882001876831,35.556999206543,.
32155,.,-15.4882001876831,35.556999206543,.
32156,.,-15.4316997528076,35.4796981811523,.
32157,.,-15.4316997528076,35.4796981811523,.
32158,.,-15.4316997528076,35.4796981811523,.
32159,.,-15.4316997528076,35.4796981811523,.
32160,.,-15.4316997528076,35.4796981811523,.
32161,.,-15.4316997528076,35.4796981811523,.
32162,.,-15.4316997528076,35.4796981811523,.
32163,.,-15.4316997528076,35.4796981811523,.
32164,.,-15.4316997528076,35.4796981811523,.
32165,.,-15.4316997528076,35.4796981811523,.
32166,.,-15.4316997528076,35.4796981811523,.
32167,.,-15.4316997528076,35.4796981811523,.
32168,.,-15.4316997528076,35.4796981811523,.
32169,.,-15.4316997528076,35.4796981811523,.
32170,.,-15.4316997528076,35.4796981811523,.
32171,.,-15.4316997528076,35.4796981811523,.
32172,.,-15.4316997528076,35.4796981811523,.
32173,.,-15.4316997528076,35.4796981811523,.
32174,.,-15.4316997528076,35.4796981811523,.
32175,.,-15.4316997528076,35.4796981811523,.
32176,.,-15.4316997528076,35.4796981811523,.
32177,.,-15.4316997528076,35.4796981811523,.
32178,.,-15.4141998291016,35.394100189209,.
32179,.,-15.4141998291016,35.394100189209,.
32180,.,-15.4141998291016,35.394100189209,.
32181,.,-15.4141998291016,35.394100189209,.
32182,.,-15.4141998291016,35.394100189209,.
32183,.,-15.4141998291016,35.394100189209,.
32184,.,-15.4141998291016,35.394100189209,.
32185,.,-15.4141998291016,35.394100189209,.
32186,.,-15.4141998291016,35.394100189209,.
32187,.,-15.4141998291016,35.394100189209,.
32188,.,-15.4141998291016,35.394100189209,.
32189,.,-15.4141998291016,35.394100189209,.
32190,.,-15.4141998291016,35.394100189209,.
32191,.,-15.4141998291016,35.394100189209,.
32192,.,-15.4141998291016,35.394100189209,.
32193,.,-15.4141998291016,35.394100189209,.
32194,.,-15.4141998291016,35.394100189209,.
32195,.,-15.4141998291016,35.394100189209,.
32196,.,-15.4141998291016,35.394100189209,.
32197,.,-15.4141998291016,35.394100189209,.
32198,.,-15.4141998291016,35.394100189209,.
32199,.,-15.4141998291016,35.394100189209,.
32200,.,-15.4141998291016,35.394100189209,.
32201,.,-15.4828996658325,35.3577003479004,.
32202,.,-15.4828996658325,35.3577003479004,.
32203,.,-15.4828996658325,35.3577003479004,.
32204,.,-15.4828996658325,35.3577003479004,.
32205,.,-15.4828996658325,35.3577003479004,.
32206,.,-15.4828996658325,35.3577003479004,.
32207,.,-15.4828996658325,35.3577003479004,.
32208,.,-15.4828996658325,35.3577003479004,.
32209,.,-15.4828996658325,35.3577003479004,.
32210,.,-15.4828996658325,35.3577003479004,.
32211,.,-15.4828996658325,35.3577003479004,.
32212,.,-15.4828996658325,35.3577003479004,.
32213,.,-15.4828996658325,35.3577003479004,.
32214,.,-15.4828996658325,35.3577003479004,.
32215,.,-15.4828996658325,35.3577003479004,.
32216,.,-15.4828996658325,35.3577003479004,.
32217,.,-15.4828996658325,35.3577003479004,.
32218,.,-15.4828996658325,35.3577003479004,.
32219,.,-15.4828996658325,35.3577003479004,.
32220,.,-15.4828996658325,35.3577003479004,.
32221,.,-15.4828996658325,35.3577003479004,.
32222,.,-15.4828996658325,35.3577003479004,.
32223,.,-15.4828996658325,35.3577003479004,.
32224,.,-15.4828996658325,35.3577003479004,.
32225,.,-15.4828996658325,35.3577003479004,.
32226,.,-15.4828996658325,35.3577003479004,.
32227,.,-15.4828996658325,35.3577003479004,.
32228,.,-15.4828996658325,35.3577003479004,.
32229,.,-15.4828996658325,35.3577003479004,.
32230,.,-15.4828996658325,35.3577003479004,.
32231,.,-15.4828996658325,35.3577003479004,.
32232,.,-15.4308004379272,35.3782997131348,.
32233,.,-15.4308004379272,35.3782997131348,.
32234,.,-15.4308004379272,35.3782997131348,.
32235,.,-15.4308004379272,35.3782997131348,.
32236,.,-15.4308004379272,35.3782997131348,.
32237,.,-15.4308004379272,35.3782997131348,.
32238,.,-15.4308004379272,35.3782997131348,.
32239,.,-15.4308004379272,35.3782997131348,.
32240,.,-15.4308004379272,35.3782997131348,.
32241,.,-15.4308004379272,35.3782997131348,.
32242,.,-15.4308004379272,35.3782997131348,.
32243,.,-15.4308004379272,35.3782997131348,.
32244,.,-15.4308004379272,35.3782997131348,.
32245,.,-15.4308004379272,35.3782997131348,.
32246,.,-15.4308004379272,35.3782997131348,.
32247,.,-15.4308004379272,35.3782997131348,.
32248,.,-15.4308004379272,35.3782997131348,.
32249,.,-15.4308004379272,35.3782997131348,.
32250,.,-15.4308004379272,35.3782997131348,.
32251,.,-15.4308004379272,35.3782997131348,.
32252,.,-15.4308004379272,35.3782997131348,.
32253,.,-15.4308004379272,35.3782997131348,.
32254,.,-15.4308004379272,35.3782997131348,.
32255,.,-15.4308004379272,35.3782997131348,.
32256,.,-15.4308004379272,35.3782997131348,.
32257,.,-15.4308004379272,35.3782997131348,.
32258,.,-15.4308004379272,35.3782997131348,.
32259,.,-15.4308004379272,35.3782997131348,.
32260,.,-15.5698003768921,35.4255981445313,.
32261,.,-15.5698003768921,35.4255981445313,.
32262,.,-15.5698003768921,35.4255981445313,.
32263,.,-15.5698003768921,35.4255981445313,.
32264,.,-15.5698003768921,35.4255981445313,.
32265,.,-15.5698003768921,35.4255981445313,.
32266,.,-15.5698003768921,35.4255981445313,.
32267,.,-15.5698003768921,35.4255981445313,.
32268,.,-15.5698003768921,35.4255981445313,.
32269,.,-15.5698003768921,35.4255981445313,.
32270,.,-15.5698003768921,35.4255981445313,.
32271,.,-15.5698003768921,35.4255981445313,.
32272,.,-15.5698003768921,35.4255981445313,.
32273,.,-15.5698003768921,35.4255981445313,.
32274,.,-15.5698003768921,35.4255981445313,.
32275,.,-15.5698003768921,35.4255981445313,.
32276,.,-15.5698003768921,35.4255981445313,.
32277,.,-15.5698003768921,35.4255981445313,.
32278,.,-15.5698003768921,35.4255981445313,.
32279,.,-15.5698003768921,35.4255981445313,.
32280,.,-15.5698003768921,35.4255981445313,.
32281,.,-15.5698003768921,35.4255981445313,.
32282,.,-15.5698003768921,35.4255981445313,.
32283,.,-15.5698003768921,35.4255981445313,.
32284,.,-15.5698003768921,35.4255981445313,.
32285,.,-15.5698003768921,35.4255981445313,.
32286,.,-15.5698003768921,35.4255981445313,.
32287,.,-15.5698003768921,35.4255981445313,.
32288,.,-15.5910997390747,35.2585983276367,.
32289,.,-15.5910997390747,35.2585983276367,.
32290,.,-15.5910997390747,35.2585983276367,.
32291,.,-15.5910997390747,35.2585983276367,.
32292,.,-15.5910997390747,35.2585983276367,.
32293,.,-15.5910997390747,35.2585983276367,.
32294,.,-15.5910997390747,35.2585983276367,.
32295,.,-15.5910997390747,35.2585983276367,.
32296,.,-15.5910997390747,35.2585983276367,.
32297,.,-15.5910997390747,35.2585983276367,.
32298,.,-15.5910997390747,35.2585983276367,.
32299,.,-15.5910997390747,35.2585983276367,.
32300,.,-15.5910997390747,35.2585983276367,.
32301,.,-15.5910997390747,35.2585983276367,.
32302,.,-15.5910997390747,35.2585983276367,.
32303,.,-15.5910997390747,35.2585983276367,.
32304,.,-15.5910997390747,35.2585983276367,.
32305,.,-15.5910997390747,35.2585983276367,.
32306,.,-15.5910997390747,35.2585983276367,.
32307,.,-15.5910997390747,35.2585983276367,.
32308,.,-15.5910997390747,35.2585983276367,.
32309,.,-15.5910997390747,35.2585983276367,.
32310,.,-15.5910997390747,35.2585983276367,.
32311,.,-15.5910997390747,35.2585983276367,.
32312,.,-15.5910997390747,35.2585983276367,.
32313,.,-15.5910997390747,35.2585983276367,.
32314,.,-15.5910997390747,35.2585983276367,.
32315,.,-15.5910997390747,35.2585983276367,.
32316,.,-15.5910997390747,35.2585983276367,.
32317,.,-15.5910997390747,35.2585983276367,.
32318,.,-15.5190000534058,35.3176002502441,.
32319,.,-15.5190000534058,35.3176002502441,.
32320,.,-15.5190000534058,35.3176002502441,.
32321,.,-15.5190000534058,35.3176002502441,.
32322,.,-15.5190000534058,35.3176002502441,.
32323,.,-15.5190000534058,35.3176002502441,.
32324,.,-15.5190000534058,35.3176002502441,.
32325,.,-15.5190000534058,35.3176002502441,.
32326,.,-15.5190000534058,35.3176002502441,.
32327,.,-15.5190000534058,35.3176002502441,.
32328,.,-15.5190000534058,35.3176002502441,.
32329,.,-15.5190000534058,35.3176002502441,.
32330,.,-15.5190000534058,35.3176002502441,.
32331,.,-15.5190000534058,35.3176002502441,.
32332,.,-15.5190000534058,35.3176002502441,.
32333,.,-15.5190000534058,35.3176002502441,.
32334,.,-15.5190000534058,35.3176002502441,.
32335,.,-15.5190000534058,35.3176002502441,.
32336,.,-15.5190000534058,35.3176002502441,.
32337,.,-15.5190000534058,35.3176002502441,.
32338,.,-15.5190000534058,35.3176002502441,.
32339,.,-15.5190000534058,35.3176002502441,.
32340,.,-15.5190000534058,35.3176002502441,.
32341,.,-15.5965003967285,35.399299621582,.
32342,.,-15.5965003967285,35.399299621582,.
32343,.,-15.5965003967285,35.399299621582,.
32344,.,-15.5965003967285,35.399299621582,.
32345,.,-15.5965003967285,35.399299621582,.
32346,.,-15.5965003967285,35.399299621582,.
32347,.,-15.5965003967285,35.399299621582,.
32348,.,-15.5965003967285,35.399299621582,.
32349,.,-15.5965003967285,35.399299621582,.
32350,.,-15.5965003967285,35.399299621582,.
32351,.,-15.5965003967285,35.399299621582,.
32352,.,-15.5965003967285,35.399299621582,.
32353,.,-15.5965003967285,35.399299621582,.
32354,.,-15.5965003967285,35.399299621582,.
32355,.,-15.5965003967285,35.399299621582,.
32356,.,-15.5965003967285,35.399299621582,.
32357,.,-15.5965003967285,35.399299621582,.
32358,.,-15.5965003967285,35.399299621582,.
32359,.,-15.5965003967285,35.399299621582,.
32360,.,-15.5965003967285,35.399299621582,.
32361,.,-15.5965003967285,35.399299621582,.
32362,.,-15.5965003967285,35.399299621582,.
32363,.,-15.5648002624512,35.2016983032227,.
32364,.,-15.5648002624512,35.2016983032227,.
32365,.,-15.5648002624512,35.2016983032227,.
32366,.,-15.5648002624512,35.2016983032227,.
32367,.,-15.5648002624512,35.2016983032227,.
32368,.,-15.5648002624512,35.2016983032227,.
32369,.,-15.5648002624512,35.2016983032227,.
32370,.,-15.5648002624512,35.2016983032227,.
32371,.,-15.5648002624512,35.2016983032227,.
32372,.,-15.5648002624512,35.2016983032227,.
32373,.,-15.5648002624512,35.2016983032227,.
32374,.,-15.5648002624512,35.2016983032227,.
32375,.,-15.5648002624512,35.2016983032227,.
32376,.,-15.5648002624512,35.2016983032227,.
32377,.,-15.5648002624512,35.2016983032227,.
32378,.,-15.5648002624512,35.2016983032227,.
32379,.,-15.5648002624512,35.2016983032227,.
32380,.,-15.5648002624512,35.2016983032227,.
32381,.,-15.5648002624512,35.2016983032227,.
32382,.,-15.5648002624512,35.2016983032227,.
32383,.,-15.5648002624512,35.2016983032227,.
32384,.,-15.5648002624512,35.2016983032227,.
32385,.,-15.5648002624512,35.2016983032227,.
32386,.,-15.5648002624512,35.2016983032227,.
32387,.,-15.5648002624512,35.2016983032227,.
32388,.,-15.5648002624512,35.2016983032227,.
32389,.,-15.5648002624512,35.2016983032227,.
32390,.,-15.5648002624512,35.2016983032227,.
32391,.,-15.5648002624512,35.2016983032227,.
32392,.,-15.5648002624512,35.2016983032227,.
32393,.,-15.5648002624512,35.2016983032227,.
32394,.,-15.5648002624512,35.2016983032227,.
32395,.,-15.5648002624512,35.2016983032227,.
32396,.,-15.6473999023438,35.3431015014648,.
32397,.,-15.6473999023438,35.3431015014648,.
32398,.,-15.6473999023438,35.3431015014648,.
32399,.,-15.6473999023438,35.3431015014648,.
32400,.,-15.6473999023438,35.3431015014648,.
32401,.,-15.6473999023438,35.3431015014648,.
32402,.,-15.6473999023438,35.3431015014648,.
32403,.,-15.6473999023438,35.3431015014648,.
32404,.,-15.6473999023438,35.3431015014648,.
32405,.,-15.6473999023438,35.3431015014648,.
32406,.,-15.6473999023438,35.3431015014648,.
32407,.,-15.6473999023438,35.3431015014648,.
32408,.,-15.6473999023438,35.3431015014648,.
32409,.,-15.6473999023438,35.3431015014648,.
32410,.,-15.6473999023438,35.3431015014648,.
32411,.,-15.6473999023438,35.3431015014648,.
32412,.,-15.6473999023438,35.3431015014648,.
32413,.,-15.6473999023438,35.3431015014648,.
32414,.,-15.6473999023438,35.3431015014648,.
32415,.,-15.6473999023438,35.3431015014648,.
32416,.,-15.6473999023438,35.3431015014648,.
32417,.,-15.6473999023438,35.3431015014648,.
32418,.,-15.6473999023438,35.3431015014648,.
32419,.,-15.6473999023438,35.3431015014648,.
32420,.,-15.6473999023438,35.3431015014648,.
32421,.,-15.6473999023438,35.3431015014648,.
32422,.,-15.6473999023438,35.3431015014648,.
32423,.,-15.6473999023438,35.3431015014648,.
32424,.,-15.6473999023438,35.3431015014648,.
32425,.,-15.6473999023438,35.3431015014648,.
32426,.,-15.3929004669189,35.2206993103027,.
32427,.,-15.3929004669189,35.2206993103027,.
32428,.,-15.3929004669189,35.2206993103027,.
32429,.,-15.3929004669189,35.2206993103027,.
32430,.,-15.3929004669189,35.2206993103027,.
32431,.,-15.3929004669189,35.2206993103027,.
32432,.,-15.3929004669189,35.2206993103027,.
32433,.,-15.3929004669189,35.2206993103027,.
32434,.,-15.3929004669189,35.2206993103027,.
32435,.,-15.3929004669189,35.2206993103027,.
32436,.,-15.3929004669189,35.2206993103027,.
32437,.,-15.3929004669189,35.2206993103027,.
32438,.,-15.3929004669189,35.2206993103027,.
32439,.,-15.3929004669189,35.2206993103027,.
32440,.,-15.3929004669189,35.2206993103027,.
32441,.,-15.3929004669189,35.2206993103027,.
32442,.,-15.3929004669189,35.2206993103027,.
32443,.,-15.3929004669189,35.2206993103027,.
32444,.,-15.3929004669189,35.2206993103027,.
32445,.,-15.3929004669189,35.2206993103027,.
32446,.,-15.3929004669189,35.2206993103027,.
32447,.,-15.4279003143311,35.2025985717773,.
32448,.,-15.4279003143311,35.2025985717773,.
32449,.,-15.4279003143311,35.2025985717773,.
32450,.,-15.4279003143311,35.2025985717773,.
32451,.,-15.4279003143311,35.2025985717773,.
32452,.,-15.4279003143311,35.2025985717773,.
32453,.,-15.4279003143311,35.2025985717773,.
32454,.,-15.4279003143311,35.2025985717773,.
32455,.,-15.4279003143311,35.2025985717773,.
32456,.,-15.4279003143311,35.2025985717773,.
32457,.,-15.4279003143311,35.2025985717773,.
32458,.,-15.4279003143311,35.2025985717773,.
32459,.,-15.4279003143311,35.2025985717773,.
32460,.,-15.4279003143311,35.2025985717773,.
32461,.,-15.4279003143311,35.2025985717773,.
32462,.,-15.4279003143311,35.2025985717773,.
32463,.,-15.4279003143311,35.2025985717773,.
32464,.,-15.4279003143311,35.2025985717773,.
32465,.,-15.4279003143311,35.2025985717773,.
32466,.,-15.3170003890991,35.1060981750488,.
32467,.,-15.3170003890991,35.1060981750488,.
32468,.,-15.3170003890991,35.1060981750488,.
32469,.,-15.3170003890991,35.1060981750488,.
32470,.,-15.3170003890991,35.1060981750488,.
32471,.,-15.3170003890991,35.1060981750488,.
32472,.,-15.3170003890991,35.1060981750488,.
32473,.,-15.3170003890991,35.1060981750488,.
32474,.,-15.3170003890991,35.1060981750488,.
32475,.,-15.3170003890991,35.1060981750488,.
32476,.,-15.3170003890991,35.1060981750488,.
32477,.,-15.3170003890991,35.1060981750488,.
32478,.,-15.3170003890991,35.1060981750488,.
32479,.,-15.3170003890991,35.1060981750488,.
32480,.,-15.3170003890991,35.1060981750488,.
32481,.,-15.3170003890991,35.1060981750488,.
32482,.,-15.3170003890991,35.1060981750488,.
32483,.,-15.3170003890991,35.1060981750488,.
32484,.,-15.3170003890991,35.1060981750488,.
32485,.,-15.3170003890991,35.1060981750488,.
32486,.,-15.3170003890991,35.1060981750488,.
32487,.,-15.3030004501343,35.11669921875,.
32488,.,-15.3030004501343,35.11669921875,.
32489,.,-15.3030004501343,35.11669921875,.
32490,.,-15.3030004501343,35.11669921875,.
32491,.,-15.3030004501343,35.11669921875,.
32492,.,-15.3030004501343,35.11669921875,.
32493,.,-15.3030004501343,35.11669921875,.
32494,.,-15.3030004501343,35.11669921875,.
32495,.,-15.3030004501343,35.11669921875,.
32496,.,-15.3030004501343,35.11669921875,.
32497,.,-15.3030004501343,35.11669921875,.
32498,.,-15.3030004501343,35.11669921875,.
32499,.,-15.3030004501343,35.11669921875,.
32500,.,-15.3030004501343,35.11669921875,.
32501,.,-15.3030004501343,35.11669921875,.
32502,.,-15.3030004501343,35.11669921875,.
32503,.,-15.3030004501343,35.11669921875,.
32504,.,-15.4626998901367,35.1595001220703,.
32505,.,-15.4626998901367,35.1595001220703,.
32506,.,-15.4626998901367,35.1595001220703,.
32507,.,-15.4626998901367,35.1595001220703,.
32508,.,-15.4626998901367,35.1595001220703,.
32509,.,-15.4626998901367,35.1595001220703,.
32510,.,-15.4626998901367,35.1595001220703,.
32511,.,-15.4626998901367,35.1595001220703,.
32512,.,-15.4626998901367,35.1595001220703,.
32513,.,-15.4626998901367,35.1595001220703,.
32514,.,-15.4626998901367,35.1595001220703,.
32515,.,-15.4626998901367,35.1595001220703,.
32516,.,-15.4626998901367,35.1595001220703,.
32517,.,-15.4626998901367,35.1595001220703,.
32518,.,-15.4626998901367,35.1595001220703,.
32519,.,-15.4626998901367,35.1595001220703,.
32520,.,-15.4626998901367,35.1595001220703,.
32521,.,-15.4626998901367,35.1595001220703,.
32522,.,-15.4626998901367,35.1595001220703,.
32523,.,-15.4626998901367,35.1595001220703,.
32524,.,-15.4626998901367,35.1595001220703,.
32525,.,-15.4626998901367,35.1595001220703,.
32526,.,-15.4626998901367,35.1595001220703,.
32527,.,-15.4626998901367,35.1595001220703,.
32528,.,-15.4626998901367,35.1595001220703,.
32529,.,-15.4626998901367,35.1595001220703,.
32530,.,-15.4626998901367,35.1595001220703,.
32531,.,-15.4626998901367,35.1595001220703,.
32532,.,-15.2320003509521,35.2051010131836,.
32533,.,-15.2320003509521,35.2051010131836,.
32534,.,-15.2320003509521,35.2051010131836,.
32535,.,-15.2320003509521,35.2051010131836,.
32536,.,-15.2320003509521,35.2051010131836,.
32537,.,-15.2320003509521,35.2051010131836,.
32538,.,-15.2320003509521,35.2051010131836,.
32539,.,-15.2320003509521,35.2051010131836,.
32540,.,-15.2320003509521,35.2051010131836,.
32541,.,-15.2320003509521,35.2051010131836,.
32542,.,-15.2320003509521,35.2051010131836,.
32543,.,-15.2320003509521,35.2051010131836,.
32544,.,-15.2320003509521,35.2051010131836,.
32545,.,-15.2320003509521,35.2051010131836,.
32546,.,-15.2320003509521,35.2051010131836,.
32547,.,-15.2320003509521,35.2051010131836,.
32548,.,-15.2320003509521,35.2051010131836,.
32549,.,-15.2320003509521,35.2051010131836,.
32550,.,-15.2320003509521,35.2051010131836,.
32551,.,-15.3108997344971,35.3566017150879,.
32552,.,-15.3108997344971,35.3566017150879,.
32553,.,-15.3108997344971,35.3566017150879,.
32554,.,-15.3108997344971,35.3566017150879,.
32555,.,-15.3108997344971,35.3566017150879,.
32556,.,-15.3108997344971,35.3566017150879,.
32557,.,-15.3108997344971,35.3566017150879,.
32558,.,-15.3108997344971,35.3566017150879,.
32559,.,-15.3108997344971,35.3566017150879,.
32560,.,-15.3108997344971,35.3566017150879,.
32561,.,-15.3108997344971,35.3566017150879,.
32562,.,-15.3108997344971,35.3566017150879,.
32563,.,-15.3108997344971,35.3566017150879,.
32564,.,-15.3108997344971,35.3566017150879,.
32565,.,-15.3108997344971,35.3566017150879,.
32566,.,-15.3108997344971,35.3566017150879,.
32567,.,-15.3108997344971,35.3566017150879,.
32568,.,-15.2318000793457,35.3223991394043,.
32569,.,-15.2318000793457,35.3223991394043,.
32570,.,-15.2318000793457,35.3223991394043,.
32571,.,-15.2318000793457,35.3223991394043,.
32572,.,-15.2318000793457,35.3223991394043,.
32573,.,-15.2318000793457,35.3223991394043,.
32574,.,-15.2318000793457,35.3223991394043,.
32575,.,-15.2318000793457,35.3223991394043,.
32576,.,-15.2318000793457,35.3223991394043,.
32577,.,-15.2318000793457,35.3223991394043,.
32578,.,-15.2318000793457,35.3223991394043,.
32579,.,-15.2318000793457,35.3223991394043,.
32580,.,-15.2318000793457,35.3223991394043,.
32581,.,-15.2318000793457,35.3223991394043,.
32582,.,-15.2318000793457,35.3223991394043,.
32583,.,-15.2318000793457,35.3223991394043,.
32584,.,-15.2318000793457,35.3223991394043,.
32585,.,-15.2318000793457,35.3223991394043,.
32586,.,-15.7552003860474,35.1456985473633,.
32587,.,-15.7552003860474,35.1456985473633,.
32588,.,-15.7552003860474,35.1456985473633,.
32589,.,-15.7552003860474,35.1456985473633,.
32590,.,-15.7552003860474,35.1456985473633,.
32591,.,-15.7552003860474,35.1456985473633,.
32592,.,-15.7552003860474,35.1456985473633,.
32593,.,-15.7552003860474,35.1456985473633,.
32594,.,-15.7552003860474,35.1456985473633,.
32595,.,-15.7552003860474,35.1456985473633,.
32596,.,-15.7552003860474,35.1456985473633,.
32597,.,-15.7552003860474,35.1456985473633,.
32598,.,-15.7552003860474,35.1456985473633,.
32599,.,-15.7552003860474,35.1456985473633,.
32600,.,-15.7552003860474,35.1456985473633,.
32601,.,-15.7552003860474,35.1456985473633,.
32602,.,-15.7552003860474,35.1456985473633,.
32603,.,-15.7552003860474,35.1456985473633,.
32604,.,-15.7552003860474,35.1456985473633,.
32605,.,-15.7552003860474,35.1456985473633,.
32606,.,-15.7552003860474,35.1456985473633,.
32607,.,-15.7552003860474,35.1456985473633,.
32608,.,-15.7552003860474,35.1456985473633,.
32609,.,-15.7552003860474,35.1456985473633,.
32610,.,-15.7552003860474,35.1456985473633,.
32611,.,-15.7552003860474,35.1456985473633,.
32612,.,-15.7552003860474,35.1456985473633,.
32613,.,-15.7552003860474,35.1456985473633,.
32614,.,-15.7552003860474,35.1456985473633,.
32615,.,-15.6915998458862,35.1357002258301,.
32616,.,-15.6915998458862,35.1357002258301,.
32617,.,-15.6915998458862,35.1357002258301,.
32618,.,-15.6915998458862,35.1357002258301,.
32619,.,-15.6915998458862,35.1357002258301,.
32620,.,-15.6915998458862,35.1357002258301,.
32621,.,-15.6915998458862,35.1357002258301,.
32622,.,-15.6915998458862,35.1357002258301,.
32623,.,-15.6915998458862,35.1357002258301,.
32624,.,-15.6915998458862,35.1357002258301,.
32625,.,-15.6915998458862,35.1357002258301,.
32626,.,-15.6915998458862,35.1357002258301,.
32627,.,-15.6915998458862,35.1357002258301,.
32628,.,-15.6915998458862,35.1357002258301,.
32629,.,-15.6915998458862,35.1357002258301,.
32630,.,-15.6915998458862,35.1357002258301,.
32631,.,-15.6915998458862,35.1357002258301,.
32632,.,-15.6915998458862,35.1357002258301,.
32633,.,-15.6915998458862,35.1357002258301,.
32634,.,-15.6915998458862,35.1357002258301,.
32635,.,-15.6915998458862,35.1357002258301,.
32636,.,-15.6915998458862,35.1357002258301,.
32637,.,-15.6915998458862,35.1357002258301,.
32638,.,-15.6915998458862,35.1357002258301,.
32639,.,-15.6915998458862,35.1357002258301,.
32640,.,-15.722900390625,35.2164001464844,.
32641,.,-15.722900390625,35.2164001464844,.
32642,.,-15.722900390625,35.2164001464844,.
32643,.,-15.722900390625,35.2164001464844,.
32644,.,-15.722900390625,35.2164001464844,.
32645,.,-15.722900390625,35.2164001464844,.
32646,.,-15.722900390625,35.2164001464844,.
32647,.,-15.722900390625,35.2164001464844,.
32648,.,-15.722900390625,35.2164001464844,.
32649,.,-15.722900390625,35.2164001464844,.
32650,.,-15.722900390625,35.2164001464844,.
32651,.,-15.722900390625,35.2164001464844,.
32652,.,-15.722900390625,35.2164001464844,.
32653,.,-15.722900390625,35.2164001464844,.
32654,.,-15.722900390625,35.2164001464844,.
32655,.,-15.722900390625,35.2164001464844,.
32656,.,-15.722900390625,35.2164001464844,.
32657,.,-15.722900390625,35.2164001464844,.
32658,.,-15.722900390625,35.2164001464844,.
32659,.,-15.722900390625,35.2164001464844,.
32660,.,-15.722900390625,35.2164001464844,.
32661,.,-15.722900390625,35.2164001464844,.
32662,.,-15.722900390625,35.2164001464844,.
32663,.,-15.722900390625,35.2164001464844,.
32664,.,-15.722900390625,35.2164001464844,.
32665,.,-15.722900390625,35.2164001464844,.
32666,.,-15.722900390625,35.2164001464844,.
32667,.,-15.722900390625,35.2164001464844,.
32668,.,-15.722900390625,35.2164001464844,.
32669,.,-15.6082000732422,35.1882019042969,.
32670,.,-15.6082000732422,35.1882019042969,.
32671,.,-15.6082000732422,35.1882019042969,.
32672,.,-15.6082000732422,35.1882019042969,.
32673,.,-15.6082000732422,35.1882019042969,.
32674,.,-15.6082000732422,35.1882019042969,.
32675,.,-15.6082000732422,35.1882019042969,.
32676,.,-15.6082000732422,35.1882019042969,.
32677,.,-15.6082000732422,35.1882019042969,.
32678,.,-15.6082000732422,35.1882019042969,.
32679,.,-15.6082000732422,35.1882019042969,.
32680,.,-15.6082000732422,35.1882019042969,.
32681,.,-15.6082000732422,35.1882019042969,.
32682,.,-15.6082000732422,35.1882019042969,.
32683,.,-15.6082000732422,35.1882019042969,.
32684,.,-15.6082000732422,35.1882019042969,.
32685,.,-15.6082000732422,35.1882019042969,.
32686,.,-15.6082000732422,35.1882019042969,.
32687,.,-15.6082000732422,35.1882019042969,.
32688,.,-15.6082000732422,35.1882019042969,.
32689,.,-15.6082000732422,35.1882019042969,.
32690,.,-15.6082000732422,35.1882019042969,.
32691,.,-15.6082000732422,35.1882019042969,.
32692,.,-15.6082000732422,35.1882019042969,.
32693,.,-15.6082000732422,35.1882019042969,.
32694,.,-15.6082000732422,35.1882019042969,.
32695,.,-15.6082000732422,35.1882019042969,.
32696,.,-15.8234996795654,35.1775016784668,.
32697,.,-15.8234996795654,35.1775016784668,.
32698,.,-15.8234996795654,35.1775016784668,.
32699,.,-15.8234996795654,35.1775016784668,.
32700,.,-15.8234996795654,35.1775016784668,.
32701,.,-15.8234996795654,35.1775016784668,.
32702,.,-15.8234996795654,35.1775016784668,.
32703,.,-15.8234996795654,35.1775016784668,.
32704,.,-15.8234996795654,35.1775016784668,.
32705,.,-15.8234996795654,35.1775016784668,.
32706,.,-15.8234996795654,35.1775016784668,.
32707,.,-15.8234996795654,35.1775016784668,.
32708,.,-15.8234996795654,35.1775016784668,.
32709,.,-15.8234996795654,35.1775016784668,.
32710,.,-15.8234996795654,35.1775016784668,.
32711,.,-15.8234996795654,35.1775016784668,.
32712,.,-15.8234996795654,35.1775016784668,.
32713,.,-15.8234996795654,35.1775016784668,.
32714,.,-15.8234996795654,35.1775016784668,.
32715,.,-15.8234996795654,35.1775016784668,.
32716,.,-15.8234996795654,35.1775016784668,.
32717,.,-15.8234996795654,35.1775016784668,.
32718,.,-15.8234996795654,35.1775016784668,.
32719,.,-15.8463001251221,35.1730995178223,.
32720,.,-15.8463001251221,35.1730995178223,.
32721,.,-15.8463001251221,35.1730995178223,.
32722,.,-15.8463001251221,35.1730995178223,.
32723,.,-15.8463001251221,35.1730995178223,.
32724,.,-15.8463001251221,35.1730995178223,.
32725,.,-15.8463001251221,35.1730995178223,.
32726,.,-15.8463001251221,35.1730995178223,.
32727,.,-15.8463001251221,35.1730995178223,.
32728,.,-15.8463001251221,35.1730995178223,.
32729,.,-15.8463001251221,35.1730995178223,.
32730,.,-15.8463001251221,35.1730995178223,.
32731,.,-15.8463001251221,35.1730995178223,.
32732,.,-15.8463001251221,35.1730995178223,.
32733,.,-15.8463001251221,35.1730995178223,.
32734,.,-15.8463001251221,35.1730995178223,.
32735,.,-15.8463001251221,35.1730995178223,.
32736,.,-15.8463001251221,35.1730995178223,.
32737,.,-15.8463001251221,35.1730995178223,.
32738,.,-15.8463001251221,35.1730995178223,.
32739,.,-15.7841997146606,35.1127014160156,.
32740,.,-15.7841997146606,35.1127014160156,.
32741,.,-15.7841997146606,35.1127014160156,.
32742,.,-15.7841997146606,35.1127014160156,.
32743,.,-15.7841997146606,35.1127014160156,.
32744,.,-15.7841997146606,35.1127014160156,.
32745,.,-15.7841997146606,35.1127014160156,.
32746,.,-15.7841997146606,35.1127014160156,.
32747,.,-15.7841997146606,35.1127014160156,.
32748,.,-15.7841997146606,35.1127014160156,.
32749,.,-15.7841997146606,35.1127014160156,.
32750,.,-15.7841997146606,35.1127014160156,.
32751,.,-15.7841997146606,35.1127014160156,.
32752,.,-15.7841997146606,35.1127014160156,.
32753,.,-15.7841997146606,35.1127014160156,.
32754,.,-15.7841997146606,35.1127014160156,.
32755,.,-15.7841997146606,35.1127014160156,.
32756,.,-15.7841997146606,35.1127014160156,.
32757,.,-15.7841997146606,35.1127014160156,.
32758,.,-15.7841997146606,35.1127014160156,.
32759,.,-15.7841997146606,35.1127014160156,.
32760,.,-15.7841997146606,35.1127014160156,.
32761,.,-15.7841997146606,35.1127014160156,.
32762,.,-15.7841997146606,35.1127014160156,.
32763,.,-15.7841997146606,35.1127014160156,.
32764,.,-15.7841997146606,35.1127014160156,.
32765,.,-15.7841997146606,35.1127014160156,.
32766,.,-15.7578001022339,35.1122016906738,.
32767,.,-15.7578001022339,35.1122016906738,.
32768,.,-15.7578001022339,35.1122016906738,.
32769,.,-15.7578001022339,35.1122016906738,.
32770,.,-15.7578001022339,35.1122016906738,.
32771,.,-15.7578001022339,35.1122016906738,.
32772,.,-15.7578001022339,35.1122016906738,.
32773,.,-15.7578001022339,35.1122016906738,.
32774,.,-15.7578001022339,35.1122016906738,.
32775,.,-15.7578001022339,35.1122016906738,.
32776,.,-15.7578001022339,35.1122016906738,.
32777,.,-15.7578001022339,35.1122016906738,.
32778,.,-15.7578001022339,35.1122016906738,.
32779,.,-15.7578001022339,35.1122016906738,.
32780,.,-15.7578001022339,35.1122016906738,.
32781,.,-15.7937002182007,35.1613998413086,.
32782,.,-15.7937002182007,35.1613998413086,.
32783,.,-15.7937002182007,35.1613998413086,.
32784,.,-15.7937002182007,35.1613998413086,.
32785,.,-15.7937002182007,35.1613998413086,.
32786,.,-15.7937002182007,35.1613998413086,.
32787,.,-15.7937002182007,35.1613998413086,.
32788,.,-15.7937002182007,35.1613998413086,.
32789,.,-15.7937002182007,35.1613998413086,.
32790,.,-15.7937002182007,35.1613998413086,.
32791,.,-15.7937002182007,35.1613998413086,.
32792,.,-15.7937002182007,35.1613998413086,.
32793,.,-15.7937002182007,35.1613998413086,.
32794,.,-15.7937002182007,35.1613998413086,.
32795,.,-15.7937002182007,35.1613998413086,.
32796,.,-15.7937002182007,35.1613998413086,.
32797,.,-15.7937002182007,35.1613998413086,.
32798,.,-15.7937002182007,35.1613998413086,.
32799,.,-15.7937002182007,35.1613998413086,.
32800,.,-15.7937002182007,35.1613998413086,.
32801,.,-15.7937002182007,35.1613998413086,.
32802,.,-15.7937002182007,35.1613998413086,.
32803,.,-15.7937002182007,35.1613998413086,.
32804,.,-15.7937002182007,35.1613998413086,.
32805,.,-15.7937002182007,35.1613998413086,.
32806,.,-15.7937002182007,35.1613998413086,.
32807,.,-15.7937002182007,35.1613998413086,.
32808,.,-15.7937002182007,35.1613998413086,.
32809,.,-15.7937002182007,35.1613998413086,.
32810,.,-15.7937002182007,35.1613998413086,.
32811,.,-15.7104997634888,35.2682991027832,.
32812,.,-15.7104997634888,35.2682991027832,.
32813,.,-15.7104997634888,35.2682991027832,.
32814,.,-15.7104997634888,35.2682991027832,.
32815,.,-15.7104997634888,35.2682991027832,.
32816,.,-15.7104997634888,35.2682991027832,.
32817,.,-15.7104997634888,35.2682991027832,.
32818,.,-15.7104997634888,35.2682991027832,.
32819,.,-15.7104997634888,35.2682991027832,.
32820,.,-15.7104997634888,35.2682991027832,.
32821,.,-15.7104997634888,35.2682991027832,.
32822,.,-15.7104997634888,35.2682991027832,.
32823,.,-15.7104997634888,35.2682991027832,.
32824,.,-15.7104997634888,35.2682991027832,.
32825,.,-15.7104997634888,35.2682991027832,.
32826,.,-15.7104997634888,35.2682991027832,.
32827,.,-15.7104997634888,35.2682991027832,.
32828,.,-15.7104997634888,35.2682991027832,.
32829,.,-15.7104997634888,35.2682991027832,.
32830,.,-15.7104997634888,35.2682991027832,.
32831,.,-15.7104997634888,35.2682991027832,.
32832,.,-15.7104997634888,35.2682991027832,.
32833,.,-15.7104997634888,35.2682991027832,.
32834,.,-15.7104997634888,35.2682991027832,.
32835,.,-15.7104997634888,35.2682991027832,.
32836,.,-15.7104997634888,35.2682991027832,.
32837,.,-15.7104997634888,35.2682991027832,.
32838,.,-15.7104997634888,35.2682991027832,.
32839,.,-15.6922998428345,35.1971015930176,.
32840,.,-15.6922998428345,35.1971015930176,.
32841,.,-15.6922998428345,35.1971015930176,.
32842,.,-15.6922998428345,35.1971015930176,.
32843,.,-15.6922998428345,35.1971015930176,.
32844,.,-15.6922998428345,35.1971015930176,.
32845,.,-15.6922998428345,35.1971015930176,.
32846,.,-15.6922998428345,35.1971015930176,.
32847,.,-15.6922998428345,35.1971015930176,.
32848,.,-15.6922998428345,35.1971015930176,.
32849,.,-15.6922998428345,35.1971015930176,.
32850,.,-15.6922998428345,35.1971015930176,.
32851,.,-15.6922998428345,35.1971015930176,.
32852,.,-15.6922998428345,35.1971015930176,.
32853,.,-15.6922998428345,35.1971015930176,.
32854,.,-15.6922998428345,35.1971015930176,.
32855,.,-15.6922998428345,35.1971015930176,.
32856,.,-15.6922998428345,35.1971015930176,.
32857,.,-15.6922998428345,35.1971015930176,.
32858,.,-15.6922998428345,35.1971015930176,.
32859,.,-15.6780004501343,35.1945991516113,.
32860,.,-15.6780004501343,35.1945991516113,.
32861,.,-15.6780004501343,35.1945991516113,.
32862,.,-15.6780004501343,35.1945991516113,.
32863,.,-15.6780004501343,35.1945991516113,.
32864,.,-15.6780004501343,35.1945991516113,.
32865,.,-15.6780004501343,35.1945991516113,.
32866,.,-15.6780004501343,35.1945991516113,.
32867,.,-15.6780004501343,35.1945991516113,.
32868,.,-15.6780004501343,35.1945991516113,.
32869,.,-15.6780004501343,35.1945991516113,.
32870,.,-15.6780004501343,35.1945991516113,.
32871,.,-15.6780004501343,35.1945991516113,.
32872,.,-15.6780004501343,35.1945991516113,.
32873,.,-15.6780004501343,35.1945991516113,.
32874,.,-15.6780004501343,35.1945991516113,.
32875,.,-15.6780004501343,35.1945991516113,.
32876,.,-15.6780004501343,35.1945991516113,.
32877,.,-15.6780004501343,35.1945991516113,.
32878,.,-15.6780004501343,35.1945991516113,.
32879,.,-15.6780004501343,35.1945991516113,.
32880,.,-15.6780004501343,35.1945991516113,.
32881,.,-15.6780004501343,35.1945991516113,.
32882,.,-15.6780004501343,35.1945991516113,.
32883,.,-15.6780004501343,35.1945991516113,.
32884,.,-15.6780004501343,35.1945991516113,.
32885,.,-15.6780004501343,35.1945991516113,.
32886,.,-15.6780004501343,35.1945991516113,.
32887,.,-15.6780004501343,35.1945991516113,.
32888,.,-15.6780004501343,35.1945991516113,.
32889,.,-15.6780004501343,35.1945991516113,.
32890,.,-15.6780004501343,35.1945991516113,.
32891,.,-15.6780004501343,35.1945991516113,.
32892,.,-15.8295001983643,35.2617988586426,.
32893,.,-15.8295001983643,35.2617988586426,.
32894,.,-15.8295001983643,35.2617988586426,.
32895,.,-15.8295001983643,35.2617988586426,.
32896,.,-15.8295001983643,35.2617988586426,.
32897,.,-15.8295001983643,35.2617988586426,.
32898,.,-15.8295001983643,35.2617988586426,.
32899,.,-15.8295001983643,35.2617988586426,.
32900,.,-15.8295001983643,35.2617988586426,.
32901,.,-15.8295001983643,35.2617988586426,.
32902,.,-15.8295001983643,35.2617988586426,.
32903,.,-15.8295001983643,35.2617988586426,.
32904,.,-15.8295001983643,35.2617988586426,.
32905,.,-15.8295001983643,35.2617988586426,.
32906,.,-15.8295001983643,35.2617988586426,.
32907,.,-15.8295001983643,35.2617988586426,.
32908,.,-15.8295001983643,35.2617988586426,.
32909,.,-15.8295001983643,35.2617988586426,.
32910,.,-15.8295001983643,35.2617988586426,.
32911,.,-15.8295001983643,35.2617988586426,.
32912,.,-15.8295001983643,35.2617988586426,.
32913,.,-15.8295001983643,35.2617988586426,.
32914,.,-15.8295001983643,35.2617988586426,.
32915,.,-15.8295001983643,35.2617988586426,.
32916,.,-15.8295001983643,35.2617988586426,.
32917,.,-15.8295001983643,35.2617988586426,.
32918,.,-15.8295001983643,35.2617988586426,.
32919,.,-15.7517004013062,35.2275009155273,.
32920,.,-15.7517004013062,35.2275009155273,.
32921,.,-15.7517004013062,35.2275009155273,.
32922,.,-15.7517004013062,35.2275009155273,.
32923,.,-15.7517004013062,35.2275009155273,.
32924,.,-15.7517004013062,35.2275009155273,.
32925,.,-15.7517004013062,35.2275009155273,.
32926,.,-15.7517004013062,35.2275009155273,.
32927,.,-15.7517004013062,35.2275009155273,.
32928,.,-15.7517004013062,35.2275009155273,.
32929,.,-15.7517004013062,35.2275009155273,.
32930,.,-15.7517004013062,35.2275009155273,.
32931,.,-15.7517004013062,35.2275009155273,.
32932,.,-15.7517004013062,35.2275009155273,.
32933,.,-15.7517004013062,35.2275009155273,.
32934,.,-15.7517004013062,35.2275009155273,.
32935,.,-15.7517004013062,35.2275009155273,.
32936,.,-15.7517004013062,35.2275009155273,.
32937,.,-15.7517004013062,35.2275009155273,.
32938,.,-15.7517004013062,35.2275009155273,.
32939,.,-15.7517004013062,35.2275009155273,.
32940,.,-15.7517004013062,35.2275009155273,.
32941,.,-15.7517004013062,35.2275009155273,.
32942,.,-15.7517004013062,35.2275009155273,.
32943,.,-15.7517004013062,35.2275009155273,.
32944,.,-15.7386999130249,35.2619018554688,.
32945,.,-15.7386999130249,35.2619018554688,.
32946,.,-15.7386999130249,35.2619018554688,.
32947,.,-15.7386999130249,35.2619018554688,.
32948,.,-15.7386999130249,35.2619018554688,.
32949,.,-15.7386999130249,35.2619018554688,.
32950,.,-15.7386999130249,35.2619018554688,.
32951,.,-15.7386999130249,35.2619018554688,.
32952,.,-15.7386999130249,35.2619018554688,.
32953,.,-15.7386999130249,35.2619018554688,.
32954,.,-15.7386999130249,35.2619018554688,.
32955,.,-15.7386999130249,35.2619018554688,.
32956,.,-15.7386999130249,35.2619018554688,.
32957,.,-15.7386999130249,35.2619018554688,.
32958,.,-15.7386999130249,35.2619018554688,.
32959,.,-15.7386999130249,35.2619018554688,.
32960,.,-15.7386999130249,35.2619018554688,.
32961,.,-15.7386999130249,35.2619018554688,.
32962,.,-15.7386999130249,35.2619018554688,.
32963,.,-15.7386999130249,35.2619018554688,.
32964,.,-15.7386999130249,35.2619018554688,.
32965,.,-15.7386999130249,35.2619018554688,.
32966,.,-15.7386999130249,35.2619018554688,.
32967,.,-15.7386999130249,35.2619018554688,.
32968,.,-15.7386999130249,35.2619018554688,.
32969,.,-15.7386999130249,35.2619018554688,.
32970,.,-15.7386999130249,35.2619018554688,.
32971,.,-15.7386999130249,35.2619018554688,.
32972,.,-15.7386999130249,35.2619018554688,.
32973,.,-15.7386999130249,35.2619018554688,.
32974,.,-15.7386999130249,35.2619018554688,.
32975,.,-15.8144998550415,35.2521018981934,.
32976,.,-15.8144998550415,35.2521018981934,.
32977,.,-15.8144998550415,35.2521018981934,.
32978,.,-15.8144998550415,35.2521018981934,.
32979,.,-15.8144998550415,35.2521018981934,.
32980,.,-15.8144998550415,35.2521018981934,.
32981,.,-15.8144998550415,35.2521018981934,.
32982,.,-15.8144998550415,35.2521018981934,.
32983,.,-15.8144998550415,35.2521018981934,.
32984,.,-15.8144998550415,35.2521018981934,.
32985,.,-15.8144998550415,35.2521018981934,.
32986,.,-15.8144998550415,35.2521018981934,.
32987,.,-15.8144998550415,35.2521018981934,.
32988,.,-15.8144998550415,35.2521018981934,.
32989,.,-15.8144998550415,35.2521018981934,.
32990,.,-15.8144998550415,35.2521018981934,.
32991,.,-15.8144998550415,35.2521018981934,.
32992,.,-15.8144998550415,35.2521018981934,.
32993,.,-15.8144998550415,35.2521018981934,.
32994,.,-15.8144998550415,35.2521018981934,.
32995,.,-15.8144998550415,35.2521018981934,.
32996,.,-15.8144998550415,35.2521018981934,.
32997,.,-15.8144998550415,35.2521018981934,.
32998,.,-15.8144998550415,35.2521018981934,.
32999,.,-15.8144998550415,35.2521018981934,.
33000,.,-15.8144998550415,35.2521018981934,.
33001,.,-15.8144998550415,35.2521018981934,.
33002,.,-15.8144998550415,35.2521018981934,.
33003,.,-15.8144998550415,35.2521018981934,.
33004,.,-15.8144998550415,35.2521018981934,.
33005,.,-15.8144998550415,35.2521018981934,.
33006,.,-15.8144998550415,35.2521018981934,.
33007,.,-15.8144998550415,35.2521018981934,.
33008,.,-15.8144998550415,35.2521018981934,.
33009,.,-15.9643001556396,35.3055992126465,.
33010,.,-15.9643001556396,35.3055992126465,.
33011,.,-15.9643001556396,35.3055992126465,.
33012,.,-15.9643001556396,35.3055992126465,.
33013,.,-15.9643001556396,35.3055992126465,.
33014,.,-15.9643001556396,35.3055992126465,.
33015,.,-15.9643001556396,35.3055992126465,.
33016,.,-15.9643001556396,35.3055992126465,.
33017,.,-15.9643001556396,35.3055992126465,.
33018,.,-15.9643001556396,35.3055992126465,.
33019,.,-15.9643001556396,35.3055992126465,.
33020,.,-15.9643001556396,35.3055992126465,.
33021,.,-15.9643001556396,35.3055992126465,.
33022,.,-15.9643001556396,35.3055992126465,.
33023,.,-15.9643001556396,35.3055992126465,.
33024,.,-15.9643001556396,35.3055992126465,.
33025,.,-15.9643001556396,35.3055992126465,.
33026,.,-15.9643001556396,35.3055992126465,.
33027,.,-15.9643001556396,35.3055992126465,.
33028,.,-15.9643001556396,35.3055992126465,.
33029,.,-15.9643001556396,35.3055992126465,.
33030,.,-15.9643001556396,35.3055992126465,.
33031,.,-15.9643001556396,35.3055992126465,.
33032,.,-15.9643001556396,35.3055992126465,.
33033,.,-15.9643001556396,35.3055992126465,.
33034,.,-15.9643001556396,35.3055992126465,.
33035,.,-15.9643001556396,35.3055992126465,.
33036,.,-15.9643001556396,35.3055992126465,.
33037,.,-15.9643001556396,35.3055992126465,.
33038,.,-15.9643001556396,35.3055992126465,.
33039,.,-15.9643001556396,35.3055992126465,.
33040,.,-15.9643001556396,35.3055992126465,.
33041,.,-15.9643001556396,35.3055992126465,.
33042,.,-15.8970003128052,35.312198638916,.
33043,.,-15.8970003128052,35.312198638916,.
33044,.,-15.8970003128052,35.312198638916,.
33045,.,-15.8970003128052,35.312198638916,.
33046,.,-15.8970003128052,35.312198638916,.
33047,.,-15.8970003128052,35.312198638916,.
33048,.,-15.8970003128052,35.312198638916,.
33049,.,-15.8970003128052,35.312198638916,.
33050,.,-15.8970003128052,35.312198638916,.
33051,.,-15.8970003128052,35.312198638916,.
33052,.,-15.8970003128052,35.312198638916,.
33053,.,-15.8970003128052,35.312198638916,.
33054,.,-15.8970003128052,35.312198638916,.
33055,.,-15.8970003128052,35.312198638916,.
33056,.,-15.8970003128052,35.312198638916,.
33057,.,-15.8970003128052,35.312198638916,.
33058,.,-15.8970003128052,35.312198638916,.
33059,.,-15.8970003128052,35.312198638916,.
33060,.,-15.8970003128052,35.312198638916,.
33061,.,-15.8970003128052,35.312198638916,.
33062,.,-15.8970003128052,35.312198638916,.
33063,.,-15.8970003128052,35.312198638916,.
33064,.,-15.8970003128052,35.312198638916,.
33065,.,-15.8970003128052,35.312198638916,.
33066,.,-15.8970003128052,35.312198638916,.
33067,.,-15.8970003128052,35.312198638916,.
33068,.,-15.8970003128052,35.312198638916,.
33069,.,-15.8970003128052,35.312198638916,.
33070,.,-15.8970003128052,35.312198638916,.
33071,.,-15.8970003128052,35.312198638916,.
33072,.,-15.8662004470825,35.2736015319824,.
33073,.,-15.8662004470825,35.2736015319824,.
33074,.,-15.8662004470825,35.2736015319824,.
33075,.,-15.8662004470825,35.2736015319824,.
33076,.,-15.8662004470825,35.2736015319824,.
33077,.,-15.8662004470825,35.2736015319824,.
33078,.,-15.8662004470825,35.2736015319824,.
33079,.,-15.8662004470825,35.2736015319824,.
33080,.,-15.8662004470825,35.2736015319824,.
33081,.,-15.8662004470825,35.2736015319824,.
33082,.,-15.8662004470825,35.2736015319824,.
33083,.,-15.8662004470825,35.2736015319824,.
33084,.,-15.8662004470825,35.2736015319824,.
33085,.,-15.8662004470825,35.2736015319824,.
33086,.,-15.8662004470825,35.2736015319824,.
33087,.,-15.8662004470825,35.2736015319824,.
33088,.,-15.8662004470825,35.2736015319824,.
33089,.,-15.8662004470825,35.2736015319824,.
33090,.,-15.8662004470825,35.2736015319824,.
33091,.,-15.8662004470825,35.2736015319824,.
33092,.,-15.8662004470825,35.2736015319824,.
33093,.,-15.8662004470825,35.2736015319824,.
33094,.,-15.8662004470825,35.2736015319824,.
33095,.,-15.8662004470825,35.2736015319824,.
33096,.,-15.5853004455566,35.1329002380371,.
33097,.,-15.5853004455566,35.1329002380371,.
33098,.,-15.5853004455566,35.1329002380371,.
33099,.,-15.5853004455566,35.1329002380371,.
33100,.,-15.5853004455566,35.1329002380371,.
33101,.,-15.5853004455566,35.1329002380371,.
33102,.,-15.5853004455566,35.1329002380371,.
33103,.,-15.5853004455566,35.1329002380371,.
33104,.,-15.5853004455566,35.1329002380371,.
33105,.,-15.5853004455566,35.1329002380371,.
33106,.,-15.5853004455566,35.1329002380371,.
33107,.,-15.5853004455566,35.1329002380371,.
33108,.,-15.5853004455566,35.1329002380371,.
33109,.,-15.5853004455566,35.1329002380371,.
33110,.,-15.5853004455566,35.1329002380371,.
33111,.,-15.5853004455566,35.1329002380371,.
33112,.,-15.5853004455566,35.1329002380371,.
33113,.,-15.5853004455566,35.1329002380371,.
33114,.,-15.5853004455566,35.1329002380371,.
33115,.,-15.5853004455566,35.1329002380371,.
33116,.,-15.5853004455566,35.1329002380371,.
33117,.,-15.5853004455566,35.1329002380371,.
33118,.,-15.5853004455566,35.1329002380371,.
33119,.,-15.5853004455566,35.1329002380371,.
33120,.,-15.5853004455566,35.1329002380371,.
33121,.,-15.5853004455566,35.1329002380371,.
33122,.,-15.5853004455566,35.1329002380371,.
33123,.,-15.5853004455566,35.1329002380371,.
33124,.,-15.5853004455566,35.1329002380371,.
33125,.,-15.5853004455566,35.1329002380371,.
33126,.,-15.5734996795654,35.1949005126953,.
33127,.,-15.5734996795654,35.1949005126953,.
33128,.,-15.5734996795654,35.1949005126953,.
33129,.,-15.5734996795654,35.1949005126953,.
33130,.,-15.5734996795654,35.1949005126953,.
33131,.,-15.5734996795654,35.1949005126953,.
33132,.,-15.5734996795654,35.1949005126953,.
33133,.,-15.5734996795654,35.1949005126953,.
33134,.,-15.5734996795654,35.1949005126953,.
33135,.,-15.5734996795654,35.1949005126953,.
33136,.,-15.5734996795654,35.1949005126953,.
33137,.,-15.5734996795654,35.1949005126953,.
33138,.,-15.5734996795654,35.1949005126953,.
33139,.,-15.5734996795654,35.1949005126953,.
33140,.,-15.5734996795654,35.1949005126953,.
33141,.,-15.5734996795654,35.1949005126953,.
33142,.,-15.5734996795654,35.1949005126953,.
33143,.,-15.5734996795654,35.1949005126953,.
33144,.,-15.5734996795654,35.1949005126953,.
33145,.,-15.5734996795654,35.1949005126953,.
33146,.,-15.5734996795654,35.1949005126953,.
33147,.,-15.5734996795654,35.1949005126953,.
33148,.,-15.5734996795654,35.1949005126953,.
33149,.,-15.5734996795654,35.1949005126953,.
33150,.,-15.5734996795654,35.1949005126953,.
33151,.,-15.5734996795654,35.1949005126953,.
33152,.,-15.5734996795654,35.1949005126953,.
33153,.,-15.5734996795654,35.1949005126953,.
33154,.,-15.5734996795654,35.1949005126953,.
33155,.,-15.6562995910645,35.2697982788086,.
33156,.,-15.6562995910645,35.2697982788086,.
33157,.,-15.6562995910645,35.2697982788086,.
33158,.,-15.6562995910645,35.2697982788086,.
33159,.,-15.6562995910645,35.2697982788086,.
33160,.,-15.6562995910645,35.2697982788086,.
33161,.,-15.6562995910645,35.2697982788086,.
33162,.,-15.6562995910645,35.2697982788086,.
33163,.,-15.6562995910645,35.2697982788086,.
33164,.,-15.6562995910645,35.2697982788086,.
33165,.,-15.6562995910645,35.2697982788086,.
33166,.,-15.6562995910645,35.2697982788086,.
33167,.,-15.6562995910645,35.2697982788086,.
33168,.,-15.6562995910645,35.2697982788086,.
33169,.,-15.6562995910645,35.2697982788086,.
33170,.,-15.6562995910645,35.2697982788086,.
33171,.,-15.6562995910645,35.2697982788086,.
33172,.,-15.6562995910645,35.2697982788086,.
33173,.,-15.6562995910645,35.2697982788086,.
33174,.,-15.6562995910645,35.2697982788086,.
33175,.,-15.6562995910645,35.2697982788086,.
33176,.,-15.6562995910645,35.2697982788086,.
33177,.,-15.6562995910645,35.2697982788086,.
33178,.,-15.6562995910645,35.2697982788086,.
33179,.,-15.6562995910645,35.2697982788086,.
33180,.,-15.6562995910645,35.2697982788086,.
33181,.,-15.6562995910645,35.2697982788086,.
33182,.,-15.6562995910645,35.2697982788086,.
33183,.,-15.6562995910645,35.2697982788086,.
33184,.,-15.6562995910645,35.2697982788086,.
33185,.,-15.6562995910645,35.2697982788086,.
33186,.,-15.601300239563,35.2403984069824,.
33187,.,-15.601300239563,35.2403984069824,.
33188,.,-15.601300239563,35.2403984069824,.
33189,.,-15.601300239563,35.2403984069824,.
33190,.,-15.601300239563,35.2403984069824,.
33191,.,-15.601300239563,35.2403984069824,.
33192,.,-15.601300239563,35.2403984069824,.
33193,.,-15.601300239563,35.2403984069824,.
33194,.,-15.601300239563,35.2403984069824,.
33195,.,-15.601300239563,35.2403984069824,.
33196,.,-15.601300239563,35.2403984069824,.
33197,.,-15.601300239563,35.2403984069824,.
33198,.,-15.601300239563,35.2403984069824,.
33199,.,-15.601300239563,35.2403984069824,.
33200,.,-15.601300239563,35.2403984069824,.
33201,.,-15.601300239563,35.2403984069824,.
33202,.,-15.601300239563,35.2403984069824,.
33203,.,-15.601300239563,35.2403984069824,.
33204,.,-15.601300239563,35.2403984069824,.
33205,.,-15.601300239563,35.2403984069824,.
33206,.,-15.601300239563,35.2403984069824,.
33207,.,-15.601300239563,35.2403984069824,.
33208,.,-15.601300239563,35.2403984069824,.
33209,.,-15.601300239563,35.2403984069824,.
33210,.,-15.601300239563,35.2403984069824,.
33211,.,-15.601300239563,35.2403984069824,.
33212,.,-15.601300239563,35.2403984069824,.
33213,.,-15.601300239563,35.2403984069824,.
33214,.,-15.601300239563,35.2403984069824,.
33215,.,-15.601300239563,35.2403984069824,.
33216,.,-15.601300239563,35.2403984069824,.
33217,.,-15.706600189209,35.1679992675781,.
33218,.,-15.706600189209,35.1679992675781,.
33219,.,-15.706600189209,35.1679992675781,.
33220,.,-15.706600189209,35.1679992675781,.
33221,.,-15.706600189209,35.1679992675781,.
33222,.,-15.706600189209,35.1679992675781,.
33223,.,-15.706600189209,35.1679992675781,.
33224,.,-15.706600189209,35.1679992675781,.
33225,.,-15.706600189209,35.1679992675781,.
33226,.,-15.706600189209,35.1679992675781,.
33227,.,-15.706600189209,35.1679992675781,.
33228,.,-15.706600189209,35.1679992675781,.
33229,.,-15.706600189209,35.1679992675781,.
33230,.,-15.706600189209,35.1679992675781,.
33231,.,-15.706600189209,35.1679992675781,.
33232,.,-15.706600189209,35.1679992675781,.
33233,.,-15.706600189209,35.1679992675781,.
33234,.,-15.706600189209,35.1679992675781,.
33235,.,-15.706600189209,35.1679992675781,.
33236,.,-15.706600189209,35.1679992675781,.
33237,.,-15.706600189209,35.1679992675781,.
33238,.,-15.706600189209,35.1679992675781,.
33239,.,-15.706600189209,35.1679992675781,.
33240,.,-15.706600189209,35.1679992675781,.
33241,.,-15.6553001403809,35.0192985534668,.
33242,.,-15.6553001403809,35.0192985534668,.
33243,.,-15.6553001403809,35.0192985534668,.
33244,.,-15.6553001403809,35.0192985534668,.
33245,.,-15.6553001403809,35.0192985534668,.
33246,.,-15.6553001403809,35.0192985534668,.
33247,.,-15.6553001403809,35.0192985534668,.
33248,.,-15.6553001403809,35.0192985534668,.
33249,.,-15.6553001403809,35.0192985534668,.
33250,.,-15.6553001403809,35.0192985534668,.
33251,.,-15.6553001403809,35.0192985534668,.
33252,.,-15.6944999694824,35.0522994995117,.
33253,.,-15.6944999694824,35.0522994995117,.
33254,.,-15.6944999694824,35.0522994995117,.
33255,.,-15.6944999694824,35.0522994995117,.
33256,.,-15.6944999694824,35.0522994995117,.
33257,.,-15.6944999694824,35.0522994995117,.
33258,.,-15.6944999694824,35.0522994995117,.
33259,.,-15.6944999694824,35.0522994995117,.
33260,.,-15.6944999694824,35.0522994995117,.
33261,.,-15.6944999694824,35.0522994995117,.
33262,.,-15.6944999694824,35.0522994995117,.
33263,.,-15.6944999694824,35.0522994995117,.
33264,.,-15.6944999694824,35.0522994995117,.
33265,.,-15.6944999694824,35.0522994995117,.
33266,.,-15.6944999694824,35.0522994995117,.
33267,.,-15.6944999694824,35.0522994995117,.
33268,.,-15.6944999694824,35.0522994995117,.
33269,.,-15.6944999694824,35.0522994995117,.
33270,.,-15.6944999694824,35.0522994995117,.
33271,.,-15.6944999694824,35.0522994995117,.
33272,.,-15.6944999694824,35.0522994995117,.
33273,.,-15.6944999694824,35.0522994995117,.
33274,.,-15.6944999694824,35.0522994995117,.
33275,.,-15.6944999694824,35.0522994995117,.
33276,.,-15.5809001922607,35.0765991210938,.
33277,.,-15.5809001922607,35.0765991210938,.
33278,.,-15.5809001922607,35.0765991210938,.
33279,.,-15.5809001922607,35.0765991210938,.
33280,.,-15.5809001922607,35.0765991210938,.
33281,.,-15.5809001922607,35.0765991210938,.
33282,.,-15.5809001922607,35.0765991210938,.
33283,.,-15.5809001922607,35.0765991210938,.
33284,.,-15.5809001922607,35.0765991210938,.
33285,.,-15.5809001922607,35.0765991210938,.
33286,.,-15.5809001922607,35.0765991210938,.
33287,.,-15.5809001922607,35.0765991210938,.
33288,.,-15.5809001922607,35.0765991210938,.
33289,.,-15.5809001922607,35.0765991210938,.
33290,.,-15.5809001922607,35.0765991210938,.
33291,.,-15.5809001922607,35.0765991210938,.
33292,.,-15.5809001922607,35.0765991210938,.
33293,.,-15.5809001922607,35.0765991210938,.
33294,.,-15.5809001922607,35.0765991210938,.
33295,.,-15.6555995941162,35.0183982849121,.
33296,.,-15.6555995941162,35.0183982849121,.
33297,.,-15.6555995941162,35.0183982849121,.
33298,.,-15.6555995941162,35.0183982849121,.
33299,.,-15.6555995941162,35.0183982849121,.
33300,.,-15.6555995941162,35.0183982849121,.
33301,.,-15.6555995941162,35.0183982849121,.
33302,.,-15.6555995941162,35.0183982849121,.
33303,.,-15.6555995941162,35.0183982849121,.
33304,.,-15.6555995941162,35.0183982849121,.
33305,.,-15.6555995941162,35.0183982849121,.
33306,.,-15.6555995941162,35.0183982849121,.
33307,.,-15.6555995941162,35.0183982849121,.
33308,.,-15.6555995941162,35.0183982849121,.
33309,.,-15.6555995941162,35.0183982849121,.
33310,.,-15.6555995941162,35.0183982849121,.
33311,.,-15.6555995941162,35.0183982849121,.
33312,.,-15.6555995941162,35.0183982849121,.
33313,.,-15.6555995941162,35.0183982849121,.
33314,.,-15.6555995941162,35.0183982849121,.
33315,.,-15.6555995941162,35.0183982849121,.
33316,.,-15.6555995941162,35.0183982849121,.
33317,.,-15.5298004150391,35.0069999694824,.
33318,.,-15.5298004150391,35.0069999694824,.
33319,.,-15.5298004150391,35.0069999694824,.
33320,.,-15.5298004150391,35.0069999694824,.
33321,.,-15.5298004150391,35.0069999694824,.
33322,.,-15.5298004150391,35.0069999694824,.
33323,.,-15.5298004150391,35.0069999694824,.
33324,.,-15.5298004150391,35.0069999694824,.
33325,.,-15.5298004150391,35.0069999694824,.
33326,.,-15.5298004150391,35.0069999694824,.
33327,.,-15.5298004150391,35.0069999694824,.
33328,.,-15.5298004150391,35.0069999694824,.
33329,.,-15.5298004150391,35.0069999694824,.
33330,.,-15.5298004150391,35.0069999694824,.
33331,.,-15.5298004150391,35.0069999694824,.
33332,.,-15.5298004150391,35.0069999694824,.
33333,.,-15.5298004150391,35.0069999694824,.
33334,.,-15.5298004150391,35.0069999694824,.
33335,.,-15.5298004150391,35.0069999694824,.
33336,.,-15.5298004150391,35.0069999694824,.
33337,.,-15.5298004150391,35.0069999694824,.
33338,.,-15.5298004150391,35.0069999694824,.
33339,.,-15.5298004150391,35.0069999694824,.
33340,.,-15.5298004150391,35.0069999694824,.
33341,.,-15.5298004150391,35.0069999694824,.
33342,.,-15.5298004150391,35.0069999694824,.
33343,.,-15.5298004150391,35.0069999694824,.
33344,.,-15.5298004150391,35.0069999694824,.
33345,.,-15.5298004150391,35.0069999694824,.
33346,.,-15.5298004150391,35.0069999694824,.
33347,.,-15.3957004547119,35.0320014953613,.
33348,.,-15.3957004547119,35.0320014953613,.
33349,.,-15.3957004547119,35.0320014953613,.
33350,.,-15.3957004547119,35.0320014953613,.
33351,.,-15.3957004547119,35.0320014953613,.
33352,.,-15.3957004547119,35.0320014953613,.
33353,.,-15.3957004547119,35.0320014953613,.
33354,.,-15.3957004547119,35.0320014953613,.
33355,.,-15.3957004547119,35.0320014953613,.
33356,.,-15.3957004547119,35.0320014953613,.
33357,.,-15.3957004547119,35.0320014953613,.
33358,.,-15.3957004547119,35.0320014953613,.
33359,.,-15.3957004547119,35.0320014953613,.
33360,.,-15.3957004547119,35.0320014953613,.
33361,.,-15.3957004547119,35.0320014953613,.
33362,.,-15.3957004547119,35.0320014953613,.
33363,.,-15.3957004547119,35.0320014953613,.
33364,.,-15.3957004547119,35.0320014953613,.
33365,.,-15.3957004547119,35.0320014953613,.
33366,.,-15.3957004547119,35.0320014953613,.
33367,.,-15.3957004547119,35.0320014953613,.
33368,.,-15.3957004547119,35.0320014953613,.
33369,.,-15.3957004547119,35.0320014953613,.
33370,.,-15.3957004547119,35.0320014953613,.
33371,.,-15.5146999359131,35.1046981811523,.
33372,.,-15.5146999359131,35.1046981811523,.
33373,.,-15.5146999359131,35.1046981811523,.
33374,.,-15.5146999359131,35.1046981811523,.
33375,.,-15.5146999359131,35.1046981811523,.
33376,.,-15.5146999359131,35.1046981811523,.
33377,.,-15.5146999359131,35.1046981811523,.
33378,.,-15.5146999359131,35.1046981811523,.
33379,.,-15.5146999359131,35.1046981811523,.
33380,.,-15.5146999359131,35.1046981811523,.
33381,.,-15.5146999359131,35.1046981811523,.
33382,.,-15.5146999359131,35.1046981811523,.
33383,.,-15.5146999359131,35.1046981811523,.
33384,.,-15.5146999359131,35.1046981811523,.
33385,.,-15.5146999359131,35.1046981811523,.
33386,.,-15.5146999359131,35.1046981811523,.
33387,.,-15.5146999359131,35.1046981811523,.
33388,.,-15.5146999359131,35.1046981811523,.
33389,.,-15.5146999359131,35.1046981811523,.
33390,.,-15.5146999359131,35.1046981811523,.
33391,.,-15.5146999359131,35.1046981811523,.
33392,.,-15.5146999359131,35.1046981811523,.
33393,.,-15.5146999359131,35.1046981811523,.
33394,.,-15.5146999359131,35.1046981811523,.
33395,.,-15.5146999359131,35.1046981811523,.
33396,.,-15.5146999359131,35.1046981811523,.
33397,.,-15.5146999359131,35.1046981811523,.
33398,.,-15.5146999359131,35.1046981811523,.
33399,.,-15.5146999359131,35.1046981811523,.
33400,.,-15.5146999359131,35.1046981811523,.
33401,.,-15.5146999359131,35.1046981811523,.
33402,.,-15.5146999359131,35.1046981811523,.
33403,.,-15.5146999359131,35.1046981811523,.
33404,.,-15.5146999359131,35.1046981811523,.
33405,.,-15.4723997116089,34.9869995117188,.
33406,.,-15.4723997116089,34.9869995117188,.
33407,.,-15.4723997116089,34.9869995117188,.
33408,.,-15.4723997116089,34.9869995117188,.
33409,.,-15.4723997116089,34.9869995117188,.
33410,.,-15.4723997116089,34.9869995117188,.
33411,.,-15.4723997116089,34.9869995117188,.
33412,.,-15.4723997116089,34.9869995117188,.
33413,.,-15.4723997116089,34.9869995117188,.
33414,.,-15.4723997116089,34.9869995117188,.
33415,.,-15.4723997116089,34.9869995117188,.
33416,.,-15.4723997116089,34.9869995117188,.
33417,.,-15.4723997116089,34.9869995117188,.
33418,.,-15.4723997116089,34.9869995117188,.
33419,.,-15.4723997116089,34.9869995117188,.
33420,.,-15.4723997116089,34.9869995117188,.
33421,.,-15.4723997116089,34.9869995117188,.
33422,.,-15.4723997116089,34.9869995117188,.
33423,.,-15.4723997116089,34.9869995117188,.
33424,.,-15.4723997116089,34.9869995117188,.
33425,.,-15.4723997116089,34.9869995117188,.
33426,.,-15.4723997116089,34.9869995117188,.
33427,.,-15.4723997116089,34.9869995117188,.
33428,.,-15.4723997116089,34.9869995117188,.
33429,.,-15.4723997116089,34.9869995117188,.
33430,.,-15.4723997116089,34.9869995117188,.
33431,.,-15.4723997116089,34.9869995117188,.
33432,.,-15.4723997116089,34.9869995117188,.
33433,.,-15.4723997116089,34.9869995117188,.
33434,.,-15.4723997116089,34.9869995117188,.
33435,.,-15.4723997116089,34.9869995117188,.
33436,.,-15.4819002151489,34.9225997924805,.
33437,.,-15.4819002151489,34.9225997924805,.
33438,.,-15.4819002151489,34.9225997924805,.
33439,.,-15.4819002151489,34.9225997924805,.
33440,.,-15.4819002151489,34.9225997924805,.
33441,.,-15.4819002151489,34.9225997924805,.
33442,.,-15.4819002151489,34.9225997924805,.
33443,.,-15.4819002151489,34.9225997924805,.
33444,.,-15.4819002151489,34.9225997924805,.
33445,.,-15.4819002151489,34.9225997924805,.
33446,.,-15.4819002151489,34.9225997924805,.
33447,.,-15.4819002151489,34.9225997924805,.
33448,.,-15.4819002151489,34.9225997924805,.
33449,.,-15.4819002151489,34.9225997924805,.
33450,.,-15.4819002151489,34.9225997924805,.
33451,.,-15.4819002151489,34.9225997924805,.
33452,.,-15.4819002151489,34.9225997924805,.
33453,.,-15.4819002151489,34.9225997924805,.
33454,.,-15.4819002151489,34.9225997924805,.
33455,.,-15.4819002151489,34.9225997924805,.
33456,.,-15.4819002151489,34.9225997924805,.
33457,.,-15.4819002151489,34.9225997924805,.
33458,.,-15.4819002151489,34.9225997924805,.
33459,.,-15.4819002151489,34.9225997924805,.
33460,.,-15.4819002151489,34.9225997924805,.
33461,.,-15.4819002151489,34.9225997924805,.
33462,.,-15.4819002151489,34.9225997924805,.
33463,.,-15.4819002151489,34.9225997924805,.
33464,.,-15.4819002151489,34.9225997924805,.
33465,.,-15.4819002151489,34.9225997924805,.
33466,.,-15.4819002151489,34.9225997924805,.
33467,.,-15.4819002151489,34.9225997924805,.
33468,.,-15.4238996505737,34.8991012573242,.
33469,.,-15.4238996505737,34.8991012573242,.
33470,.,-15.4238996505737,34.8991012573242,.
33471,.,-15.4238996505737,34.8991012573242,.
33472,.,-15.4238996505737,34.8991012573242,.
33473,.,-15.4238996505737,34.8991012573242,.
33474,.,-15.4238996505737,34.8991012573242,.
33475,.,-15.4238996505737,34.8991012573242,.
33476,.,-15.4238996505737,34.8991012573242,.
33477,.,-15.4238996505737,34.8991012573242,.
33478,.,-15.4238996505737,34.8991012573242,.
33479,.,-15.4238996505737,34.8991012573242,.
33480,.,-15.4238996505737,34.8991012573242,.
33481,.,-15.4238996505737,34.8991012573242,.
33482,.,-15.4238996505737,34.8991012573242,.
33483,.,-15.4238996505737,34.8991012573242,.
33484,.,-15.4238996505737,34.8991012573242,.
33485,.,-15.4238996505737,34.8991012573242,.
33486,.,-15.4238996505737,34.8991012573242,.
33487,.,-15.4238996505737,34.8991012573242,.
33488,.,-15.4238996505737,34.8991012573242,.
33489,.,-15.4238996505737,34.8991012573242,.
33490,.,-15.4238996505737,34.8991012573242,.
33491,.,-15.4238996505737,34.8991012573242,.
33492,.,-15.4238996505737,34.8991012573242,.
33493,.,-15.4238996505737,34.8991012573242,.
33494,.,-15.4238996505737,34.8991012573242,.
33495,.,-15.4238996505737,34.8991012573242,.
33496,.,-15.4238996505737,34.8991012573242,.
33497,.,-15.4238996505737,34.8991012573242,.
33498,.,-15.4238996505737,34.8991012573242,.
33499,.,-15.4238996505737,34.8991012573242,.
33500,.,-15.4238996505737,34.8991012573242,.
33501,.,-15.4238996505737,34.8991012573242,.
33502,.,-15.4238996505737,34.8991012573242,.
33503,.,-15.4238996505737,34.8991012573242,.
33504,.,-15.4238996505737,34.8991012573242,.
33505,.,-15.4238996505737,34.8991012573242,.
33506,.,-15.4238996505737,34.8991012573242,.
33507,.,-15.4238996505737,34.8991012573242,.
33508,.,-15.4238996505737,34.8991012573242,.
33509,.,-15.647500038147,34.9010009765625,.
33510,.,-15.647500038147,34.9010009765625,.
33511,.,-15.647500038147,34.9010009765625,.
33512,.,-15.647500038147,34.9010009765625,.
33513,.,-15.647500038147,34.9010009765625,.
33514,.,-15.647500038147,34.9010009765625,.
33515,.,-15.647500038147,34.9010009765625,.
33516,.,-15.647500038147,34.9010009765625,.
33517,.,-15.647500038147,34.9010009765625,.
33518,.,-15.647500038147,34.9010009765625,.
33519,.,-15.647500038147,34.9010009765625,.
33520,.,-15.647500038147,34.9010009765625,.
33521,.,-15.647500038147,34.9010009765625,.
33522,.,-15.647500038147,34.9010009765625,.
33523,.,-15.647500038147,34.9010009765625,.
33524,.,-15.647500038147,34.9010009765625,.
33525,.,-15.647500038147,34.9010009765625,.
33526,.,-15.647500038147,34.9010009765625,.
33527,.,-15.647500038147,34.9010009765625,.
33528,.,-15.647500038147,34.9010009765625,.
33529,.,-15.647500038147,34.9010009765625,.
33530,.,-15.647500038147,34.9010009765625,.
33531,.,-15.647500038147,34.9010009765625,.
33532,.,-15.647500038147,34.9010009765625,.
33533,.,-15.647500038147,34.9010009765625,.
33534,.,-15.647500038147,34.9010009765625,.
33535,.,-15.647500038147,34.9010009765625,.
33536,.,-15.647500038147,34.9010009765625,.
33537,.,-15.647500038147,34.9010009765625,.
33538,.,-15.647500038147,34.9010009765625,.
33539,.,-15.647500038147,34.9010009765625,.
33540,.,-15.7088003158569,34.8301010131836,.
33541,.,-15.7088003158569,34.8301010131836,.
33542,.,-15.7088003158569,34.8301010131836,.
33543,.,-15.7088003158569,34.8301010131836,.
33544,.,-15.7088003158569,34.8301010131836,.
33545,.,-15.7088003158569,34.8301010131836,.
33546,.,-15.7088003158569,34.8301010131836,.
33547,.,-15.7088003158569,34.8301010131836,.
33548,.,-15.7088003158569,34.8301010131836,.
33549,.,-15.7088003158569,34.8301010131836,.
33550,.,-15.7088003158569,34.8301010131836,.
33551,.,-15.7088003158569,34.8301010131836,.
33552,.,-15.7088003158569,34.8301010131836,.
33553,.,-15.7088003158569,34.8301010131836,.
33554,.,-15.7088003158569,34.8301010131836,.
33555,.,-15.7088003158569,34.8301010131836,.
33556,.,-15.7088003158569,34.8301010131836,.
33557,.,-15.7088003158569,34.8301010131836,.
33558,.,-15.7088003158569,34.8301010131836,.
33559,.,-15.7088003158569,34.8301010131836,.
33560,.,-15.7088003158569,34.8301010131836,.
33561,.,-15.7088003158569,34.8301010131836,.
33562,.,-15.7088003158569,34.8301010131836,.
33563,.,-15.7088003158569,34.8301010131836,.
33564,.,-15.7088003158569,34.8301010131836,.
33565,.,-15.7088003158569,34.8301010131836,.
33566,.,-15.7088003158569,34.8301010131836,.
33567,.,-15.7088003158569,34.8301010131836,.
33568,.,-15.7088003158569,34.8301010131836,.
33569,.,-15.7088003158569,34.8301010131836,.
33570,.,-15.5640001296997,35.1157989501953,.
33571,.,-15.5640001296997,35.1157989501953,.
33572,.,-15.5640001296997,35.1157989501953,.
33573,.,-15.5640001296997,35.1157989501953,.
33574,.,-15.5640001296997,35.1157989501953,.
33575,.,-15.5640001296997,35.1157989501953,.
33576,.,-15.5640001296997,35.1157989501953,.
33577,.,-15.5640001296997,35.1157989501953,.
33578,.,-15.5640001296997,35.1157989501953,.
33579,.,-15.5640001296997,35.1157989501953,.
33580,.,-15.5640001296997,35.1157989501953,.
33581,.,-15.5640001296997,35.1157989501953,.
33582,.,-15.5640001296997,35.1157989501953,.
33583,.,-15.5640001296997,35.1157989501953,.
33584,.,-15.5640001296997,35.1157989501953,.
33585,.,-15.5640001296997,35.1157989501953,.
33586,.,-15.5640001296997,35.1157989501953,.
33587,.,-15.5640001296997,35.1157989501953,.
33588,.,-15.5640001296997,35.1157989501953,.
33589,.,-15.5640001296997,35.1157989501953,.
33590,.,-15.5640001296997,35.1157989501953,.
33591,.,-15.5640001296997,35.1157989501953,.
33592,.,-15.5640001296997,35.1157989501953,.
33593,.,-15.5640001296997,35.1157989501953,.
33594,.,-15.5640001296997,35.1157989501953,.
33595,.,-15.5640001296997,35.1157989501953,.
33596,.,-15.5640001296997,35.1157989501953,.
33597,.,-15.5640001296997,35.1157989501953,.
33598,.,-15.5640001296997,35.1157989501953,.
33599,.,-15.5640001296997,35.1157989501953,.
33600,.,-15.546199798584,34.8508987426758,.
33601,.,-15.546199798584,34.8508987426758,.
33602,.,-15.546199798584,34.8508987426758,.
33603,.,-15.546199798584,34.8508987426758,.
33604,.,-15.546199798584,34.8508987426758,.
33605,.,-15.546199798584,34.8508987426758,.
33606,.,-15.546199798584,34.8508987426758,.
33607,.,-15.546199798584,34.8508987426758,.
33608,.,-15.546199798584,34.8508987426758,.
33609,.,-15.546199798584,34.8508987426758,.
33610,.,-15.546199798584,34.8508987426758,.
33611,.,-15.546199798584,34.8508987426758,.
33612,.,-15.546199798584,34.8508987426758,.
33613,.,-15.546199798584,34.8508987426758,.
33614,.,-15.546199798584,34.8508987426758,.
33615,.,-15.546199798584,34.8508987426758,.
33616,.,-15.546199798584,34.8508987426758,.
33617,.,-15.546199798584,34.8508987426758,.
33618,.,-15.546199798584,34.8508987426758,.
33619,.,-15.546199798584,34.8508987426758,.
33620,.,-15.546199798584,34.8508987426758,.
33621,.,-15.546199798584,34.8508987426758,.
33622,.,-15.546199798584,34.8508987426758,.
33623,.,-15.546199798584,34.8508987426758,.
33624,.,-15.546199798584,34.8508987426758,.
33625,.,-15.546199798584,34.8508987426758,.
33626,.,-15.546199798584,34.8508987426758,.
33627,.,-15.546199798584,34.8508987426758,.
33628,.,-15.546199798584,34.8508987426758,.
33629,.,-15.546199798584,34.8508987426758,.
33630,.,-15.6487998962402,34.967700958252,.
33631,.,-15.6487998962402,34.967700958252,.
33632,.,-15.6487998962402,34.967700958252,.
33633,.,-15.6487998962402,34.967700958252,.
33634,.,-15.6487998962402,34.967700958252,.
33635,.,-15.6487998962402,34.967700958252,.
33636,.,-15.6487998962402,34.967700958252,.
33637,.,-15.6487998962402,34.967700958252,.
33638,.,-15.6487998962402,34.967700958252,.
33639,.,-15.6487998962402,34.967700958252,.
33640,.,-15.6487998962402,34.967700958252,.
33641,.,-15.6487998962402,34.967700958252,.
33642,.,-15.6487998962402,34.967700958252,.
33643,.,-15.6487998962402,34.967700958252,.
33644,.,-15.6487998962402,34.967700958252,.
33645,.,-15.6487998962402,34.967700958252,.
33646,.,-15.6487998962402,34.967700958252,.
33647,.,-15.6487998962402,34.967700958252,.
33648,.,-15.6487998962402,34.967700958252,.
33649,.,-15.6487998962402,34.967700958252,.
33650,.,-15.6487998962402,34.967700958252,.
33651,.,-15.6487998962402,34.967700958252,.
33652,.,-15.6487998962402,34.967700958252,.
33653,.,-15.6487998962402,34.967700958252,.
33654,.,-15.6487998962402,34.967700958252,.
33655,.,-15.6487998962402,34.967700958252,.
33656,.,-15.6487998962402,34.967700958252,.
33657,.,-15.8127002716064,34.9738006591797,.
33658,.,-15.8127002716064,34.9738006591797,.
33659,.,-15.8127002716064,34.9738006591797,.
33660,.,-15.8127002716064,34.9738006591797,.
33661,.,-15.8127002716064,34.9738006591797,.
33662,.,-15.8127002716064,34.9738006591797,.
33663,.,-15.8127002716064,34.9738006591797,.
33664,.,-15.8127002716064,34.9738006591797,.
33665,.,-15.7789001464844,34.86669921875,.
33666,.,-15.7789001464844,34.86669921875,.
33667,.,-15.7789001464844,34.86669921875,.
33668,.,-15.7789001464844,34.86669921875,.
33669,.,-15.7789001464844,34.86669921875,.
33670,.,-15.7789001464844,34.86669921875,.
33671,.,-15.7789001464844,34.86669921875,.
33672,.,-15.7789001464844,34.86669921875,.
33673,.,-15.7789001464844,34.86669921875,.
33674,.,-15.7789001464844,34.86669921875,.
33675,.,-15.7789001464844,34.86669921875,.
33676,.,-15.7789001464844,34.86669921875,.
33677,.,-15.7789001464844,34.86669921875,.
33678,.,-15.7789001464844,34.86669921875,.
33679,.,-15.7789001464844,34.86669921875,.
33680,.,-15.7789001464844,34.86669921875,.
33681,.,-15.7789001464844,34.86669921875,.
33682,.,-15.7789001464844,34.86669921875,.
33683,.,-15.7789001464844,34.86669921875,.
33684,.,-15.7789001464844,34.86669921875,.
33685,.,-15.7789001464844,34.86669921875,.
33686,.,-15.7789001464844,34.86669921875,.
33687,.,-15.7789001464844,34.86669921875,.
33688,.,-15.7789001464844,34.86669921875,.
33689,.,-15.7789001464844,34.86669921875,.
33690,.,-15.7789001464844,34.86669921875,.
33691,.,-15.7789001464844,34.86669921875,.
33692,.,-15.7789001464844,34.86669921875,.
33693,.,-15.7789001464844,34.86669921875,.
33694,.,-15.7789001464844,34.86669921875,.
33695,.,-15.7789001464844,34.86669921875,.
33696,.,-15.7789001464844,34.86669921875,.
33697,.,-15.7789001464844,34.86669921875,.
33698,.,-15.7789001464844,34.86669921875,.
33699,.,-15.6690998077393,34.9351997375488,.
33700,.,-15.6690998077393,34.9351997375488,.
33701,.,-15.6690998077393,34.9351997375488,.
33702,.,-15.6690998077393,34.9351997375488,.
33703,.,-15.6690998077393,34.9351997375488,.
33704,.,-15.6690998077393,34.9351997375488,.
33705,.,-15.6690998077393,34.9351997375488,.
33706,.,-15.6690998077393,34.9351997375488,.
33707,.,-15.6690998077393,34.9351997375488,.
33708,.,-15.6690998077393,34.9351997375488,.
33709,.,-15.6690998077393,34.9351997375488,.
33710,.,-15.6690998077393,34.9351997375488,.
33711,.,-15.6690998077393,34.9351997375488,.
33712,.,-15.6690998077393,34.9351997375488,.
33713,.,-15.6690998077393,34.9351997375488,.
33714,.,-15.6690998077393,34.9351997375488,.
33715,.,-15.6690998077393,34.9351997375488,.
33716,.,-15.6690998077393,34.9351997375488,.
33717,.,-15.6690998077393,34.9351997375488,.
33718,.,-15.6690998077393,34.9351997375488,.
33719,.,-15.6690998077393,34.9351997375488,.
33720,.,-15.6690998077393,34.9351997375488,.
33721,.,-15.6690998077393,34.9351997375488,.
33722,.,-15.6690998077393,34.9351997375488,.
33723,.,-15.6094999313354,34.9706001281738,.
33724,.,-15.6094999313354,34.9706001281738,.
33725,.,-15.6094999313354,34.9706001281738,.
33726,.,-15.6094999313354,34.9706001281738,.
33727,.,-15.6094999313354,34.9706001281738,.
33728,.,-15.6094999313354,34.9706001281738,.
33729,.,-15.6094999313354,34.9706001281738,.
33730,.,-15.6094999313354,34.9706001281738,.
33731,.,-15.6094999313354,34.9706001281738,.
33732,.,-15.6094999313354,34.9706001281738,.
33733,.,-15.6094999313354,34.9706001281738,.
33734,.,-15.6094999313354,34.9706001281738,.
33735,.,-15.6094999313354,34.9706001281738,.
33736,.,-15.6094999313354,34.9706001281738,.
33737,.,-15.6094999313354,34.9706001281738,.
33738,.,-15.6094999313354,34.9706001281738,.
33739,.,-15.6094999313354,34.9706001281738,.
33740,.,-15.6094999313354,34.9706001281738,.
33741,.,-15.6094999313354,34.9706001281738,.
33742,.,-15.6094999313354,34.9706001281738,.
33743,.,-15.6094999313354,34.9706001281738,.
33744,.,-15.6094999313354,34.9706001281738,.
33745,.,-15.6918001174927,35.0484008789063,.
33746,.,-15.6918001174927,35.0484008789063,.
33747,.,-15.6918001174927,35.0484008789063,.
33748,.,-15.6918001174927,35.0484008789063,.
33749,.,-15.6918001174927,35.0484008789063,.
33750,.,-15.6918001174927,35.0484008789063,.
33751,.,-15.6918001174927,35.0484008789063,.
33752,.,-15.6918001174927,35.0484008789063,.
33753,.,-15.6918001174927,35.0484008789063,.
33754,.,-15.6918001174927,35.0484008789063,.
33755,.,-15.6918001174927,35.0484008789063,.
33756,.,-15.6918001174927,35.0484008789063,.
33757,.,-15.6918001174927,35.0484008789063,.
33758,.,-15.6918001174927,35.0484008789063,.
33759,.,-15.6918001174927,35.0484008789063,.
33760,.,-15.6918001174927,35.0484008789063,.
33761,.,-15.6918001174927,35.0484008789063,.
33762,.,-15.6918001174927,35.0484008789063,.
33763,.,-15.6918001174927,35.0484008789063,.
33764,.,-15.6918001174927,35.0484008789063,.
33765,.,-15.6918001174927,35.0484008789063,.
33766,.,-15.6918001174927,35.0484008789063,.
33767,.,-15.6918001174927,35.0484008789063,.
33768,.,-15.6918001174927,35.0484008789063,.
33769,.,-15.6918001174927,35.0484008789063,.
33770,.,-15.6918001174927,35.0484008789063,.
33771,.,-15.6918001174927,35.0484008789063,.
33772,.,-15.6918001174927,35.0484008789063,.
33773,.,-15.6918001174927,35.0484008789063,.
33774,.,-15.8922004699707,35.0362014770508,.
33775,.,-15.8922004699707,35.0362014770508,.
33776,.,-15.8922004699707,35.0362014770508,.
33777,.,-15.8922004699707,35.0362014770508,.
33778,.,-15.8922004699707,35.0362014770508,.
33779,.,-15.8922004699707,35.0362014770508,.
33780,.,-15.8922004699707,35.0362014770508,.
33781,.,-15.8922004699707,35.0362014770508,.
33782,.,-15.8922004699707,35.0362014770508,.
33783,.,-15.8922004699707,35.0362014770508,.
33784,.,-15.8922004699707,35.0362014770508,.
33785,.,-15.8922004699707,35.0362014770508,.
33786,.,-15.8922004699707,35.0362014770508,.
33787,.,-15.8922004699707,35.0362014770508,.
33788,.,-15.8922004699707,35.0362014770508,.
33789,.,-15.8922004699707,35.0362014770508,.
33790,.,-15.8922004699707,35.0362014770508,.
33791,.,-15.8922004699707,35.0362014770508,.
33792,.,-15.8922004699707,35.0362014770508,.
33793,.,-15.8922004699707,35.0362014770508,.
33794,.,-15.8922004699707,35.0362014770508,.
33795,.,-15.8922004699707,35.0362014770508,.
33796,.,-15.8922004699707,35.0362014770508,.
33797,.,-15.8922004699707,35.0362014770508,.
33798,.,-15.8922004699707,35.0362014770508,.
33799,.,-15.8922004699707,35.0362014770508,.
33800,.,-15.8922004699707,35.0362014770508,.
33801,.,-15.8922004699707,35.0362014770508,.
33802,.,-15.8922004699707,35.0362014770508,.
33803,.,-15.8922004699707,35.0362014770508,.
33804,.,-15.8922004699707,35.0362014770508,.
33805,.,-15.8922004699707,35.0362014770508,.
33806,.,-15.8922004699707,35.0362014770508,.
33807,.,-15.9099998474121,34.8844985961914,.
33808,.,-15.9099998474121,34.8844985961914,.
33809,.,-15.9099998474121,34.8844985961914,.
33810,.,-15.9099998474121,34.8844985961914,.
33811,.,-15.9099998474121,34.8844985961914,.
33812,.,-15.9099998474121,34.8844985961914,.
33813,.,-15.9099998474121,34.8844985961914,.
33814,.,-15.9099998474121,34.8844985961914,.
33815,.,-15.9099998474121,34.8844985961914,.
33816,.,-15.9099998474121,34.8844985961914,.
33817,.,-15.9099998474121,34.8844985961914,.
33818,.,-15.9099998474121,34.8844985961914,.
33819,.,-15.9099998474121,34.8844985961914,.
33820,.,-15.9099998474121,34.8844985961914,.
33821,.,-15.9099998474121,34.8844985961914,.
33822,.,-15.9099998474121,34.8844985961914,.
33823,.,-15.9099998474121,34.8844985961914,.
33824,.,-15.9099998474121,34.8844985961914,.
33825,.,-15.9099998474121,34.8844985961914,.
33826,.,-15.9099998474121,34.8844985961914,.
33827,.,-15.9099998474121,34.8844985961914,.
33828,.,-15.9099998474121,34.8844985961914,.
33829,.,-15.9099998474121,34.8844985961914,.
33830,.,-15.9099998474121,34.8844985961914,.
33831,.,-15.9099998474121,34.8844985961914,.
33832,.,-15.9437999725342,34.8750991821289,.
33833,.,-15.9437999725342,34.8750991821289,.
33834,.,-15.9437999725342,34.8750991821289,.
33835,.,-15.9437999725342,34.8750991821289,.
33836,.,-15.9437999725342,34.8750991821289,.
33837,.,-15.9437999725342,34.8750991821289,.
33838,.,-15.9437999725342,34.8750991821289,.
33839,.,-15.9437999725342,34.8750991821289,.
33840,.,-15.9437999725342,34.8750991821289,.
33841,.,-15.9437999725342,34.8750991821289,.
33842,.,-15.9437999725342,34.8750991821289,.
33843,.,-15.9437999725342,34.8750991821289,.
33844,.,-15.9437999725342,34.8750991821289,.
33845,.,-15.9437999725342,34.8750991821289,.
33846,.,-15.9437999725342,34.8750991821289,.
33847,.,-15.9437999725342,34.8750991821289,.
33848,.,-15.9437999725342,34.8750991821289,.
33849,.,-15.9437999725342,34.8750991821289,.
33850,.,-15.9437999725342,34.8750991821289,.
33851,.,-15.9437999725342,34.8750991821289,.
33852,.,-15.9437999725342,34.8750991821289,.
33853,.,-15.9437999725342,34.8750991821289,.
33854,.,-15.9437999725342,34.8750991821289,.
33855,.,-15.9437999725342,34.8750991821289,.
33856,.,-15.9437999725342,34.8750991821289,.
33857,.,-15.9437999725342,34.8750991821289,.
33858,.,-15.9437999725342,34.8750991821289,.
33859,.,-15.8343000411987,34.9532012939453,.
33860,.,-15.8343000411987,34.9532012939453,.
33861,.,-15.8343000411987,34.9532012939453,.
33862,.,-15.8343000411987,34.9532012939453,.
33863,.,-15.8343000411987,34.9532012939453,.
33864,.,-15.8343000411987,34.9532012939453,.
33865,.,-15.8343000411987,34.9532012939453,.
33866,.,-15.8343000411987,34.9532012939453,.
33867,.,-15.8343000411987,34.9532012939453,.
33868,.,-15.8343000411987,34.9532012939453,.
33869,.,-15.8343000411987,34.9532012939453,.
33870,.,-15.8343000411987,34.9532012939453,.
33871,.,-15.8343000411987,34.9532012939453,.
33872,.,-15.8343000411987,34.9532012939453,.
33873,.,-15.8343000411987,34.9532012939453,.
33874,.,-15.8343000411987,34.9532012939453,.
33875,.,-15.8343000411987,34.9532012939453,.
33876,.,-15.8343000411987,34.9532012939453,.
33877,.,-15.8343000411987,34.9532012939453,.
33878,.,-15.8343000411987,34.9532012939453,.
33879,.,-15.8343000411987,34.9532012939453,.
33880,.,-15.8343000411987,34.9532012939453,.
33881,.,-15.8343000411987,34.9532012939453,.
33882,.,-15.8343000411987,34.9532012939453,.
33883,.,-15.8343000411987,34.9532012939453,.
33884,.,-15.8343000411987,34.9532012939453,.
33885,.,-15.8343000411987,34.9532012939453,.
33886,.,-15.8343000411987,34.9532012939453,.
33887,.,-15.8343000411987,34.9532012939453,.
33888,.,-15.5041999816895,34.507999420166,.
33889,.,-15.5041999816895,34.507999420166,.
33890,.,-15.5041999816895,34.507999420166,.
33891,.,-15.5041999816895,34.507999420166,.
33892,.,-15.5041999816895,34.507999420166,.
33893,.,-15.5041999816895,34.507999420166,.
33894,.,-15.5041999816895,34.507999420166,.
33895,.,-15.5041999816895,34.507999420166,.
33896,.,-15.5041999816895,34.507999420166,.
33897,.,-15.5041999816895,34.507999420166,.
33898,.,-15.5041999816895,34.507999420166,.
33899,.,-15.5041999816895,34.507999420166,.
33900,.,-15.5041999816895,34.507999420166,.
33901,.,-15.5041999816895,34.507999420166,.
33902,.,-15.5041999816895,34.507999420166,.
33903,.,-15.5041999816895,34.507999420166,.
33904,.,-15.5041999816895,34.507999420166,.
33905,.,-15.7592000961304,34.5223007202148,.
33906,.,-15.7592000961304,34.5223007202148,.
33907,.,-15.7592000961304,34.5223007202148,.
33908,.,-15.7592000961304,34.5223007202148,.
33909,.,-15.7592000961304,34.5223007202148,.
33910,.,-15.7592000961304,34.5223007202148,.
33911,.,-15.7592000961304,34.5223007202148,.
33912,.,-15.7592000961304,34.5223007202148,.
33913,.,-15.7592000961304,34.5223007202148,.
33914,.,-15.7592000961304,34.5223007202148,.
33915,.,-15.7592000961304,34.5223007202148,.
33916,.,-15.7592000961304,34.5223007202148,.
33917,.,-15.7592000961304,34.5223007202148,.
33918,.,-15.7592000961304,34.5223007202148,.
33919,.,-15.8009004592896,34.5362014770508,.
33920,.,-15.8009004592896,34.5362014770508,.
33921,.,-15.8009004592896,34.5362014770508,.
33922,.,-15.8009004592896,34.5362014770508,.
33923,.,-15.8009004592896,34.5362014770508,.
33924,.,-15.8009004592896,34.5362014770508,.
33925,.,-15.8009004592896,34.5362014770508,.
33926,.,-15.8009004592896,34.5362014770508,.
33927,.,-15.8009004592896,34.5362014770508,.
33928,.,-15.8009004592896,34.5362014770508,.
33929,.,-15.8009004592896,34.5362014770508,.
33930,.,-15.8009004592896,34.5362014770508,.
33931,.,-15.8009004592896,34.5362014770508,.
33932,.,-15.8009004592896,34.5362014770508,.
33933,.,-15.8009004592896,34.5362014770508,.
33934,.,-15.8009004592896,34.5362014770508,.
33935,.,-15.8009004592896,34.5362014770508,.
33936,.,-15.8009004592896,34.5362014770508,.
33937,.,-15.8009004592896,34.5362014770508,.
33938,.,-15.8009004592896,34.5362014770508,.
33939,.,-15.8009004592896,34.5362014770508,.
33940,.,-15.8009004592896,34.5362014770508,.
33941,.,-15.4337997436523,34.488899230957,.
33942,.,-15.4337997436523,34.488899230957,.
33943,.,-15.4337997436523,34.488899230957,.
33944,.,-15.4337997436523,34.488899230957,.
33945,.,-15.4337997436523,34.488899230957,.
33946,.,-15.4337997436523,34.488899230957,.
33947,.,-15.4337997436523,34.488899230957,.
33948,.,-15.4337997436523,34.488899230957,.
33949,.,-15.4337997436523,34.488899230957,.
33950,.,-15.4337997436523,34.488899230957,.
33951,.,-15.4337997436523,34.488899230957,.
33952,.,-15.4337997436523,34.488899230957,.
33953,.,-15.4337997436523,34.488899230957,.
33954,.,-15.4337997436523,34.488899230957,.
33955,.,-15.4337997436523,34.488899230957,.
33956,.,-15.4337997436523,34.488899230957,.
33957,.,-15.6323003768921,34.548999786377,.
33958,.,-15.6323003768921,34.548999786377,.
33959,.,-15.6323003768921,34.548999786377,.
33960,.,-15.6323003768921,34.548999786377,.
33961,.,-15.6323003768921,34.548999786377,.
33962,.,-15.6323003768921,34.548999786377,.
33963,.,-15.6323003768921,34.548999786377,.
33964,.,-15.6323003768921,34.548999786377,.
33965,.,-15.6323003768921,34.548999786377,.
33966,.,-15.6323003768921,34.548999786377,.
33967,.,-15.6323003768921,34.548999786377,.
33968,.,-15.6323003768921,34.548999786377,.
33969,.,-15.6323003768921,34.548999786377,.
33970,.,-15.6323003768921,34.548999786377,.
33971,.,-15.6323003768921,34.548999786377,.
33972,.,-15.6323003768921,34.548999786377,.
33973,.,-15.6323003768921,34.548999786377,.
33974,.,-15.6323003768921,34.548999786377,.
33975,.,-15.6323003768921,34.548999786377,.
33976,.,-15.5960998535156,34.5629005432129,.
33977,.,-15.5960998535156,34.5629005432129,.
33978,.,-15.5960998535156,34.5629005432129,.
33979,.,-15.5960998535156,34.5629005432129,.
33980,.,-15.5960998535156,34.5629005432129,.
33981,.,-15.5960998535156,34.5629005432129,.
33982,.,-15.5960998535156,34.5629005432129,.
33983,.,-15.5960998535156,34.5629005432129,.
33984,.,-15.5960998535156,34.5629005432129,.
33985,.,-15.5960998535156,34.5629005432129,.
33986,.,-15.5960998535156,34.5629005432129,.
33987,.,-15.5960998535156,34.5629005432129,.
33988,.,-15.5960998535156,34.5629005432129,.
33989,.,-15.5960998535156,34.5629005432129,.
33990,.,-15.5960998535156,34.5629005432129,.
33991,.,-15.5960998535156,34.5629005432129,.
33992,.,-15.5960998535156,34.5629005432129,.
33993,.,-15.5960998535156,34.5629005432129,.
33994,.,-15.6104001998901,34.4972991943359,.
33995,.,-15.6104001998901,34.4972991943359,.
33996,.,-15.6104001998901,34.4972991943359,.
33997,.,-15.6104001998901,34.4972991943359,.
33998,.,-15.6104001998901,34.4972991943359,.
33999,.,-15.6104001998901,34.4972991943359,.
34000,.,-15.6104001998901,34.4972991943359,.
34001,.,-15.6104001998901,34.4972991943359,.
34002,.,-15.6104001998901,34.4972991943359,.
34003,.,-15.6104001998901,34.4972991943359,.
34004,.,-15.6104001998901,34.4972991943359,.
34005,.,-15.6104001998901,34.4972991943359,.
34006,.,-15.6104001998901,34.4972991943359,.
34007,.,-15.6104001998901,34.4972991943359,.
34008,.,-15.6104001998901,34.4972991943359,.
34009,.,-15.6104001998901,34.4972991943359,.
34010,.,-15.720100402832,34.5365982055664,.
34011,.,-15.720100402832,34.5365982055664,.
34012,.,-15.720100402832,34.5365982055664,.
34013,.,-15.720100402832,34.5365982055664,.
34014,.,-15.720100402832,34.5365982055664,.
34015,.,-15.720100402832,34.5365982055664,.
34016,.,-15.720100402832,34.5365982055664,.
34017,.,-15.720100402832,34.5365982055664,.
34018,.,-15.720100402832,34.5365982055664,.
34019,.,-15.720100402832,34.5365982055664,.
34020,.,-15.720100402832,34.5365982055664,.
34021,.,-15.720100402832,34.5365982055664,.
34022,.,-15.720100402832,34.5365982055664,.
34023,.,-15.720100402832,34.5365982055664,.
34024,.,-15.720100402832,34.5365982055664,.
34025,.,-15.4807996749878,34.5093994140625,.
34026,.,-15.4807996749878,34.5093994140625,.
34027,.,-15.4807996749878,34.5093994140625,.
34028,.,-15.4807996749878,34.5093994140625,.
34029,.,-15.4807996749878,34.5093994140625,.
34030,.,-15.4807996749878,34.5093994140625,.
34031,.,-15.4807996749878,34.5093994140625,.
34032,.,-15.4807996749878,34.5093994140625,.
34033,.,-15.4807996749878,34.5093994140625,.
34034,.,-15.4807996749878,34.5093994140625,.
34035,.,-15.4807996749878,34.5093994140625,.
34036,.,-15.4807996749878,34.5093994140625,.
34037,.,-15.4807996749878,34.5093994140625,.
34038,.,-15.4807996749878,34.5093994140625,.
34039,.,-15.4807996749878,34.5093994140625,.
34040,.,-15.6588001251221,34.5229988098145,.
34041,.,-15.6588001251221,34.5229988098145,.
34042,.,-15.6588001251221,34.5229988098145,.
34043,.,-15.6588001251221,34.5229988098145,.
34044,.,-15.6588001251221,34.5229988098145,.
34045,.,-15.6588001251221,34.5229988098145,.
34046,.,-15.6588001251221,34.5229988098145,.
34047,.,-15.6588001251221,34.5229988098145,.
34048,.,-15.6588001251221,34.5229988098145,.
34049,.,-15.6588001251221,34.5229988098145,.
34050,.,-15.6588001251221,34.5229988098145,.
34051,.,-15.6588001251221,34.5229988098145,.
34052,.,-15.6588001251221,34.5229988098145,.
34053,.,-15.6588001251221,34.5229988098145,.
34054,.,-15.6588001251221,34.5229988098145,.
34055,.,-15.6588001251221,34.5229988098145,.
34056,.,-15.6588001251221,34.5229988098145,.
34057,.,-15.6588001251221,34.5229988098145,.
34058,.,-15.6588001251221,34.5229988098145,.
34059,.,-15.6588001251221,34.5229988098145,.
34060,.,-15.6588001251221,34.5229988098145,.
34061,.,-15.584400177002,34.4508018493652,.
34062,.,-15.584400177002,34.4508018493652,.
34063,.,-15.584400177002,34.4508018493652,.
34064,.,-15.584400177002,34.4508018493652,.
34065,.,-15.584400177002,34.4508018493652,.
34066,.,-15.584400177002,34.4508018493652,.
34067,.,-15.584400177002,34.4508018493652,.
34068,.,-15.584400177002,34.4508018493652,.
34069,.,-15.584400177002,34.4508018493652,.
34070,.,-15.584400177002,34.4508018493652,.
34071,.,-15.584400177002,34.4508018493652,.
34072,.,-15.584400177002,34.4508018493652,.
34073,.,-15.584400177002,34.4508018493652,.
34074,.,-15.584400177002,34.4508018493652,.
34075,.,-15.584400177002,34.4508018493652,.
34076,.,-15.584400177002,34.4508018493652,.
34077,.,-15.584400177002,34.4508018493652,.
34078,.,-15.584400177002,34.4508018493652,.
34079,.,-15.584400177002,34.4508018493652,.
34080,.,-15.6483001708984,34.4314994812012,.
34081,.,-15.6483001708984,34.4314994812012,.
34082,.,-15.6483001708984,34.4314994812012,.
34083,.,-15.6483001708984,34.4314994812012,.
34084,.,-15.6483001708984,34.4314994812012,.
34085,.,-15.6483001708984,34.4314994812012,.
34086,.,-15.6483001708984,34.4314994812012,.
34087,.,-15.6483001708984,34.4314994812012,.
34088,.,-15.6483001708984,34.4314994812012,.
34089,.,-15.6483001708984,34.4314994812012,.
34090,.,-15.6483001708984,34.4314994812012,.
34091,.,-15.6483001708984,34.4314994812012,.
34092,.,-15.6483001708984,34.4314994812012,.
34093,.,-15.7370004653931,34.3852005004883,.
34094,.,-15.7370004653931,34.3852005004883,.
34095,.,-15.7370004653931,34.3852005004883,.
34096,.,-15.7370004653931,34.3852005004883,.
34097,.,-15.7370004653931,34.3852005004883,.
34098,.,-15.7370004653931,34.3852005004883,.
34099,.,-15.7370004653931,34.3852005004883,.
34100,.,-15.7370004653931,34.3852005004883,.
34101,.,-15.7370004653931,34.3852005004883,.
34102,.,-15.7370004653931,34.3852005004883,.
34103,.,-15.7370004653931,34.3852005004883,.
34104,.,-15.7370004653931,34.3852005004883,.
34105,.,-15.7370004653931,34.3852005004883,.
34106,.,-15.7370004653931,34.3852005004883,.
34107,.,-15.7370004653931,34.3852005004883,.
34108,.,-15.7370004653931,34.3852005004883,.
34109,.,-15.7370004653931,34.3852005004883,.
34110,.,-15.7370004653931,34.3852005004883,.
34111,.,-15.7370004653931,34.3852005004883,.
34112,.,-15.7370004653931,34.3852005004883,.
34113,.,-15.4893999099731,34.4417991638184,.
34114,.,-15.4893999099731,34.4417991638184,.
34115,.,-15.4893999099731,34.4417991638184,.
34116,.,-15.4893999099731,34.4417991638184,.
34117,.,-15.4893999099731,34.4417991638184,.
34118,.,-15.4893999099731,34.4417991638184,.
34119,.,-15.4893999099731,34.4417991638184,.
34120,.,-15.4893999099731,34.4417991638184,.
34121,.,-15.4893999099731,34.4417991638184,.
34122,.,-15.4893999099731,34.4417991638184,.
34123,.,-15.4893999099731,34.4417991638184,.
34124,.,-15.4893999099731,34.4417991638184,.
34125,.,-15.4893999099731,34.4417991638184,.
34126,.,-15.4893999099731,34.4417991638184,.
34127,.,-15.4893999099731,34.4417991638184,.
34128,.,-15.4893999099731,34.4417991638184,.
34129,.,-15.4893999099731,34.4417991638184,.
34130,.,-15.7435998916626,34.4490013122559,.
34131,.,-15.7435998916626,34.4490013122559,.
34132,.,-15.7435998916626,34.4490013122559,.
34133,.,-15.7435998916626,34.4490013122559,.
34134,.,-15.7435998916626,34.4490013122559,.
34135,.,-15.7435998916626,34.4490013122559,.
34136,.,-15.7435998916626,34.4490013122559,.
34137,.,-15.7435998916626,34.4490013122559,.
34138,.,-15.7435998916626,34.4490013122559,.
34139,.,-15.7435998916626,34.4490013122559,.
34140,.,-15.7435998916626,34.4490013122559,.
34141,.,-15.7435998916626,34.4490013122559,.
34142,.,-15.7435998916626,34.4490013122559,.
34143,.,-15.7435998916626,34.4490013122559,.
34144,.,-15.5677995681763,34.470100402832,.
34145,.,-15.5677995681763,34.470100402832,.
34146,.,-15.5677995681763,34.470100402832,.
34147,.,-15.5677995681763,34.470100402832,.
34148,.,-15.5677995681763,34.470100402832,.
34149,.,-15.5677995681763,34.470100402832,.
34150,.,-15.5677995681763,34.470100402832,.
34151,.,-15.5677995681763,34.470100402832,.
34152,.,-15.5677995681763,34.470100402832,.
34153,.,-15.5677995681763,34.470100402832,.
34154,.,-15.5677995681763,34.470100402832,.
34155,.,-15.5677995681763,34.470100402832,.
34156,.,-15.5677995681763,34.470100402832,.
34157,.,-15.5677995681763,34.470100402832,.
34158,.,-15.5677995681763,34.470100402832,.
34159,.,-15.5677995681763,34.470100402832,.
34160,.,-15.5677995681763,34.470100402832,.
34161,.,-15.5677995681763,34.470100402832,.
34162,.,-15.5677995681763,34.470100402832,.
34163,.,-15.5677995681763,34.470100402832,.
34164,.,-15.5677995681763,34.470100402832,.
34165,.,-15.5988998413086,34.515998840332,.
34166,.,-15.5988998413086,34.515998840332,.
34167,.,-15.5988998413086,34.515998840332,.
34168,.,-15.5988998413086,34.515998840332,.
34169,.,-15.5988998413086,34.515998840332,.
34170,.,-15.5988998413086,34.515998840332,.
34171,.,-15.5988998413086,34.515998840332,.
34172,.,-15.5988998413086,34.515998840332,.
34173,.,-15.5988998413086,34.515998840332,.
34174,.,-15.5988998413086,34.515998840332,.
34175,.,-15.5988998413086,34.515998840332,.
34176,.,-15.5988998413086,34.515998840332,.
34177,.,-15.5988998413086,34.515998840332,.
34178,.,-15.5988998413086,34.515998840332,.
34179,.,-15.5988998413086,34.515998840332,.
34180,.,-15.5988998413086,34.515998840332,.
34181,.,-15.5988998413086,34.515998840332,.
34182,.,-15.5988998413086,34.515998840332,.
34183,.,-15.5988998413086,34.515998840332,.
34184,.,-15.5988998413086,34.515998840332,.
34185,.,-15.5988998413086,34.515998840332,.
34186,.,-15.7130002975464,34.3926010131836,.
34187,.,-15.7130002975464,34.3926010131836,.
34188,.,-15.7130002975464,34.3926010131836,.
34189,.,-15.7130002975464,34.3926010131836,.
34190,.,-15.7130002975464,34.3926010131836,.
34191,.,-15.7130002975464,34.3926010131836,.
34192,.,-15.7130002975464,34.3926010131836,.
34193,.,-15.7130002975464,34.3926010131836,.
34194,.,-15.7130002975464,34.3926010131836,.
34195,.,-15.7130002975464,34.3926010131836,.
34196,.,-15.7130002975464,34.3926010131836,.
34197,.,-15.7130002975464,34.3926010131836,.
34198,.,-15.7130002975464,34.3926010131836,.
34199,.,-15.7130002975464,34.3926010131836,.
34200,.,-15.7130002975464,34.3926010131836,.
34201,.,-15.7130002975464,34.3926010131836,.
34202,.,-15.7130002975464,34.3926010131836,.
34203,.,-15.7130002975464,34.3926010131836,.
34204,.,-15.7130002975464,34.3926010131836,.
34205,.,-15.6827001571655,34.5050010681152,.
34206,.,-15.6827001571655,34.5050010681152,.
34207,.,-15.6827001571655,34.5050010681152,.
34208,.,-15.6827001571655,34.5050010681152,.
34209,.,-15.6827001571655,34.5050010681152,.
34210,.,-15.6827001571655,34.5050010681152,.
34211,.,-15.6827001571655,34.5050010681152,.
34212,.,-15.6827001571655,34.5050010681152,.
34213,.,-15.6827001571655,34.5050010681152,.
34214,.,-15.6827001571655,34.5050010681152,.
34215,.,-15.6827001571655,34.5050010681152,.
34216,.,-15.6827001571655,34.5050010681152,.
34217,.,-15.6827001571655,34.5050010681152,.
34218,.,-15.6827001571655,34.5050010681152,.
34219,.,-15.7656002044678,34.4575004577637,.
34220,.,-15.7656002044678,34.4575004577637,.
34221,.,-15.7656002044678,34.4575004577637,.
34222,.,-15.7656002044678,34.4575004577637,.
34223,.,-15.7656002044678,34.4575004577637,.
34224,.,-15.7656002044678,34.4575004577637,.
34225,.,-15.7656002044678,34.4575004577637,.
34226,.,-15.7656002044678,34.4575004577637,.
34227,.,-15.7656002044678,34.4575004577637,.
34228,.,-15.7656002044678,34.4575004577637,.
34229,.,-15.7656002044678,34.4575004577637,.
34230,.,-15.7656002044678,34.4575004577637,.
34231,.,-15.7656002044678,34.4575004577637,.
34232,.,-15.7656002044678,34.4575004577637,.
34233,.,-15.7656002044678,34.4575004577637,.
34234,.,-15.7656002044678,34.4575004577637,.
34235,.,-15.7656002044678,34.4575004577637,.
34236,.,-15.7656002044678,34.4575004577637,.
34237,.,-15.7656002044678,34.4575004577637,.
34238,.,-15.7656002044678,34.4575004577637,.
34239,.,-15.7656002044678,34.4575004577637,.
34240,.,-15.7656002044678,34.4575004577637,.
34241,.,-15.7656002044678,34.4575004577637,.
34242,.,-15.7656002044678,34.4575004577637,.
34243,.,-15.7656002044678,34.4575004577637,.
34244,.,-15.7656002044678,34.4575004577637,.
34245,.,-15.6070003509521,34.5080986022949,.
34246,.,-15.6070003509521,34.5080986022949,.
34247,.,-15.6070003509521,34.5080986022949,.
34248,.,-15.6070003509521,34.5080986022949,.
34249,.,-15.6070003509521,34.5080986022949,.
34250,.,-15.6070003509521,34.5080986022949,.
34251,.,-15.6070003509521,34.5080986022949,.
34252,.,-15.6070003509521,34.5080986022949,.
34253,.,-15.6070003509521,34.5080986022949,.
34254,.,-15.6070003509521,34.5080986022949,.
34255,.,-15.6070003509521,34.5080986022949,.
34256,.,-15.6057996749878,34.5183982849121,.
34257,.,-15.6057996749878,34.5183982849121,.
34258,.,-15.6057996749878,34.5183982849121,.
34259,.,-15.6057996749878,34.5183982849121,.
34260,.,-15.6057996749878,34.5183982849121,.
34261,.,-15.6068000793457,34.5141983032227,.
34262,.,-15.6068000793457,34.5141983032227,.
34263,.,-15.6068000793457,34.5141983032227,.
34264,.,-15.6068000793457,34.5141983032227,.
34265,.,-15.6068000793457,34.5141983032227,.
34266,.,-15.6068000793457,34.5141983032227,.
34267,.,-15.6146001815796,34.5237007141113,.
34268,.,-15.6146001815796,34.5237007141113,.
34269,.,-15.6146001815796,34.5237007141113,.
34270,.,-15.6146001815796,34.5237007141113,.
34271,.,-15.6146001815796,34.5237007141113,.
34272,.,-15.6146001815796,34.5237007141113,.
34273,.,-15.6146001815796,34.5237007141113,.
34274,.,-15.6146001815796,34.5237007141113,.
34275,.,-15.6146001815796,34.5237007141113,.
34276,.,-15.6146001815796,34.5237007141113,.
34277,.,-15.6146001815796,34.5237007141113,.
34278,.,-15.6146001815796,34.5237007141113,.
34279,.,-15.6146001815796,34.5237007141113,.
34280,.,-16.3029003143311,35.2377014160156,.
34281,.,-16.3029003143311,35.2377014160156,.
34282,.,-16.3029003143311,35.2377014160156,.
34283,.,-16.3029003143311,35.2377014160156,.
34284,.,-16.3029003143311,35.2377014160156,.
34285,.,-16.3029003143311,35.2377014160156,.
34286,.,-16.3029003143311,35.2377014160156,.
34287,.,-16.3029003143311,35.2377014160156,.
34288,.,-16.3029003143311,35.2377014160156,.
34289,.,-16.3029003143311,35.2377014160156,.
34290,.,-16.3029003143311,35.2377014160156,.
34291,.,-16.3029003143311,35.2377014160156,.
34292,.,-16.3029003143311,35.2377014160156,.
34293,.,-16.3029003143311,35.2377014160156,.
34294,.,-16.3029003143311,35.2377014160156,.
34295,.,-16.3029003143311,35.2377014160156,.
34296,.,-16.3514003753662,35.2608985900879,.
34297,.,-16.3514003753662,35.2608985900879,.
34298,.,-16.3514003753662,35.2608985900879,.
34299,.,-16.3514003753662,35.2608985900879,.
34300,.,-16.3514003753662,35.2608985900879,.
34301,.,-16.3514003753662,35.2608985900879,.
34302,.,-16.3514003753662,35.2608985900879,.
34303,.,-16.3514003753662,35.2608985900879,.
34304,.,-16.3514003753662,35.2608985900879,.
34305,.,-16.3514003753662,35.2608985900879,.
34306,.,-16.3514003753662,35.2608985900879,.
34307,.,-16.3514003753662,35.2608985900879,.
34308,.,-16.3514003753662,35.2608985900879,.
34309,.,-16.3514003753662,35.2608985900879,.
34310,.,-16.2455997467041,35.1789016723633,.
34311,.,-16.2455997467041,35.1789016723633,.
34312,.,-16.2455997467041,35.1789016723633,.
34313,.,-16.2455997467041,35.1789016723633,.
34314,.,-16.2455997467041,35.1789016723633,.
34315,.,-16.2455997467041,35.1789016723633,.
34316,.,-16.2455997467041,35.1789016723633,.
34317,.,-16.2455997467041,35.1789016723633,.
34318,.,-16.2455997467041,35.1789016723633,.
34319,.,-16.2455997467041,35.1789016723633,.
34320,.,-16.2455997467041,35.1789016723633,.
34321,.,-16.2455997467041,35.1789016723633,.
34322,.,-16.2455997467041,35.1789016723633,.
34323,.,-16.2455997467041,35.1789016723633,.
34324,.,-16.262300491333,35.13330078125,.
34325,.,-16.262300491333,35.13330078125,.
34326,.,-16.262300491333,35.13330078125,.
34327,.,-16.262300491333,35.13330078125,.
34328,.,-16.262300491333,35.13330078125,.
34329,.,-16.262300491333,35.13330078125,.
34330,.,-16.262300491333,35.13330078125,.
34331,.,-16.262300491333,35.13330078125,.
34332,.,-16.262300491333,35.13330078125,.
34333,.,-16.262300491333,35.13330078125,.
34334,.,-16.262300491333,35.13330078125,.
34335,.,-16.262300491333,35.13330078125,.
34336,.,-16.262300491333,35.13330078125,.
34337,.,-16.262300491333,35.13330078125,.
34338,.,-16.262300491333,35.13330078125,.
34339,.,-16.262300491333,35.13330078125,.
34340,.,-16.262300491333,35.13330078125,.
34341,.,-16.262300491333,35.13330078125,.
34342,.,-16.1982002258301,35.1580009460449,.
34343,.,-16.1982002258301,35.1580009460449,.
34344,.,-16.1982002258301,35.1580009460449,.
34345,.,-16.1982002258301,35.1580009460449,.
34346,.,-16.1982002258301,35.1580009460449,.
34347,.,-16.1982002258301,35.1580009460449,.
34348,.,-16.1982002258301,35.1580009460449,.
34349,.,-16.1982002258301,35.1580009460449,.
34350,.,-16.1982002258301,35.1580009460449,.
34351,.,-16.1982002258301,35.1580009460449,.
34352,.,-16.1982002258301,35.1580009460449,.
34353,.,-16.1982002258301,35.1580009460449,.
34354,.,-16.1982002258301,35.1580009460449,.
34355,.,-16.1982002258301,35.1580009460449,.
34356,.,-16.1982002258301,35.1580009460449,.
34357,.,-16.1982002258301,35.1580009460449,.
34358,.,-16.1982002258301,35.1580009460449,.
34359,.,-16.1982002258301,35.1580009460449,.
34360,.,-16.1982002258301,35.1580009460449,.
34361,.,-16.1982002258301,35.1580009460449,.
34362,.,-16.1982002258301,35.1580009460449,.
34363,.,-16.1982002258301,35.1580009460449,.
34364,.,-16.1982002258301,35.1580009460449,.
34365,.,-16.1982002258301,35.1580009460449,.
34366,.,-16.1982002258301,35.1580009460449,.
34367,.,-16.1982002258301,35.1580009460449,.
34368,.,-16.1982002258301,35.1580009460449,.
34369,.,-16.1982002258301,35.1580009460449,.
34370,.,-16.1982002258301,35.1580009460449,.
34371,.,-16.1982002258301,35.1580009460449,.
34372,.,-16.0930004119873,34.9964981079102,.
34373,.,-16.0930004119873,34.9964981079102,.
34374,.,-16.0930004119873,34.9964981079102,.
34375,.,-16.0930004119873,34.9964981079102,.
34376,.,-16.0930004119873,34.9964981079102,.
34377,.,-16.0930004119873,34.9964981079102,.
34378,.,-16.0930004119873,34.9964981079102,.
34379,.,-16.0930004119873,34.9964981079102,.
34380,.,-16.0930004119873,34.9964981079102,.
34381,.,-16.0930004119873,34.9964981079102,.
34382,.,-16.0930004119873,34.9964981079102,.
34383,.,-16.0930004119873,34.9964981079102,.
34384,.,-16.0930004119873,34.9964981079102,.
34385,.,-16.0930004119873,34.9964981079102,.
34386,.,-16.0930004119873,34.9964981079102,.
34387,.,-16.0930004119873,34.9964981079102,.
34388,.,-16.0930004119873,34.9964981079102,.
34389,.,-16.0930004119873,34.9964981079102,.
34390,.,-16.0930004119873,34.9964981079102,.
34391,.,-16.0930004119873,34.9964981079102,.
34392,.,-16.0930004119873,34.9964981079102,.
34393,.,-16.0930004119873,34.9964981079102,.
34394,.,-16.0879993438721,35.0680999755859,.
34395,.,-16.0879993438721,35.0680999755859,.
34396,.,-16.0879993438721,35.0680999755859,.
34397,.,-16.0879993438721,35.0680999755859,.
34398,.,-16.1550006866455,35.1217994689941,.
34399,.,-16.1550006866455,35.1217994689941,.
34400,.,-16.1550006866455,35.1217994689941,.
34401,.,-16.1550006866455,35.1217994689941,.
34402,.,-16.1550006866455,35.1217994689941,.
34403,.,-16.1550006866455,35.1217994689941,.
34404,.,-16.1550006866455,35.1217994689941,.
34405,.,-16.1550006866455,35.1217994689941,.
34406,.,-16.1550006866455,35.1217994689941,.
34407,.,-16.1550006866455,35.1217994689941,.
34408,.,-16.1550006866455,35.1217994689941,.
34409,.,-16.1550006866455,35.1217994689941,.
34410,.,-16.1550006866455,35.1217994689941,.
34411,.,-16.1550006866455,35.1217994689941,.
34412,.,-16.1550006866455,35.1217994689941,.
34413,.,-16.1550006866455,35.1217994689941,.
34414,.,-16.1550006866455,35.1217994689941,.
34415,.,-16.1550006866455,35.1217994689941,.
34416,.,-16.1550006866455,35.1217994689941,.
34417,.,-16.1550006866455,35.1217994689941,.
34418,.,-16.1550006866455,35.1217994689941,.
34419,.,-16.1550006866455,35.1217994689941,.
34420,.,-16.2045993804932,35.1129989624023,.
34421,.,-16.2045993804932,35.1129989624023,.
34422,.,-16.2045993804932,35.1129989624023,.
34423,.,-16.2045993804932,35.1129989624023,.
34424,.,-16.2045993804932,35.1129989624023,.
34425,.,-16.2045993804932,35.1129989624023,.
34426,.,-16.2045993804932,35.1129989624023,.
34427,.,-16.2045993804932,35.1129989624023,.
34428,.,-16.2045993804932,35.1129989624023,.
34429,.,-16.2045993804932,35.1129989624023,.
34430,.,-16.2045993804932,35.1129989624023,.
34431,.,-16.2045993804932,35.1129989624023,.
34432,.,-16.2045993804932,35.1129989624023,.
34433,.,-16.2045993804932,35.1129989624023,.
34434,.,-16.2045993804932,35.1129989624023,.
34435,.,-16.2045993804932,35.1129989624023,.
34436,.,-16.2045993804932,35.1129989624023,.
34437,.,-16.1149005889893,35.2472991943359,.
34438,.,-16.1149005889893,35.2472991943359,.
34439,.,-16.1149005889893,35.2472991943359,.
34440,.,-16.1149005889893,35.2472991943359,.
34441,.,-16.1149005889893,35.2472991943359,.
34442,.,-16.1149005889893,35.2472991943359,.
34443,.,-16.1149005889893,35.2472991943359,.
34444,.,-16.1149005889893,35.2472991943359,.
34445,.,-16.1149005889893,35.2472991943359,.
34446,.,-16.1149005889893,35.2472991943359,.
34447,.,-16.1149005889893,35.2472991943359,.
34448,.,-16.1149005889893,35.2472991943359,.
34449,.,-16.1149005889893,35.2472991943359,.
34450,.,-16.1149005889893,35.2472991943359,.
34451,.,-16.1149005889893,35.2472991943359,.
34452,.,-16.1149005889893,35.2472991943359,.
34453,.,-16.1149005889893,35.2472991943359,.
34454,.,-16.1149005889893,35.2472991943359,.
34455,.,-16.1149005889893,35.2472991943359,.
34456,.,-16.1149005889893,35.2472991943359,.
34457,.,-16.1149005889893,35.2472991943359,.
34458,.,-16.1149005889893,35.2472991943359,.
34459,.,-16.1149005889893,35.2472991943359,.
34460,.,-16.0916996002197,35.2317008972168,.
34461,.,-16.0916996002197,35.2317008972168,.
34462,.,-16.0916996002197,35.2317008972168,.
34463,.,-16.0916996002197,35.2317008972168,.
34464,.,-16.0916996002197,35.2317008972168,.
34465,.,-16.0916996002197,35.2317008972168,.
34466,.,-16.0916996002197,35.2317008972168,.
34467,.,-16.0916996002197,35.2317008972168,.
34468,.,-16.0916996002197,35.2317008972168,.
34469,.,-16.0916996002197,35.2317008972168,.
34470,.,-16.0916996002197,35.2317008972168,.
34471,.,-16.0916996002197,35.2317008972168,.
34472,.,-16.0916996002197,35.2317008972168,.
34473,.,-16.0916996002197,35.2317008972168,.
34474,.,-16.0916996002197,35.2317008972168,.
34475,.,-16.0916996002197,35.2317008972168,.
34476,.,-16.0916996002197,35.2317008972168,.
34477,.,-16.0916996002197,35.2317008972168,.
34478,.,-16.0916996002197,35.2317008972168,.
34479,.,-16.0849990844727,35.1464004516602,.
34480,.,-16.0849990844727,35.1464004516602,.
34481,.,-16.0849990844727,35.1464004516602,.
34482,.,-16.0849990844727,35.1464004516602,.
34483,.,-16.0849990844727,35.1464004516602,.
34484,.,-16.0849990844727,35.1464004516602,.
34485,.,-16.0849990844727,35.1464004516602,.
34486,.,-16.0849990844727,35.1464004516602,.
34487,.,-16.0849990844727,35.1464004516602,.
34488,.,-16.0849990844727,35.1464004516602,.
34489,.,-16.0849990844727,35.1464004516602,.
34490,.,-16.0849990844727,35.1464004516602,.
34491,.,-16.0849990844727,35.1464004516602,.
34492,.,-16.0849990844727,35.1464004516602,.
34493,.,-16.0849990844727,35.1464004516602,.
34494,.,-16.0849990844727,35.1464004516602,.
34495,.,-16.0849990844727,35.1464004516602,.
34496,.,-16.0849990844727,35.1464004516602,.
34497,.,-16.0849990844727,35.1464004516602,.
34498,.,-16.0849990844727,35.1464004516602,.
34499,.,-16.0849990844727,35.1464004516602,.
34500,.,-16.0849990844727,35.1464004516602,.
34501,.,-16.0849990844727,35.1464004516602,.
34502,.,-16.0849990844727,35.1464004516602,.
34503,.,-16.0849990844727,35.1464004516602,.
34504,.,-16.0849990844727,35.1464004516602,.
34505,.,-16.0849990844727,35.1464004516602,.
34506,.,-16.0578994750977,35.236198425293,.
34507,.,-16.0578994750977,35.236198425293,.
34508,.,-16.0578994750977,35.236198425293,.
34509,.,-16.0578994750977,35.236198425293,.
34510,.,-16.0578994750977,35.236198425293,.
34511,.,-16.0578994750977,35.236198425293,.
34512,.,-16.0578994750977,35.236198425293,.
34513,.,-16.0578994750977,35.236198425293,.
34514,.,-16.0578994750977,35.236198425293,.
34515,.,-16.0578994750977,35.236198425293,.
34516,.,-16.0578994750977,35.236198425293,.
34517,.,-16.0578994750977,35.236198425293,.
34518,.,-16.0578994750977,35.236198425293,.
34519,.,-16.0578994750977,35.236198425293,.
34520,.,-16.0578994750977,35.236198425293,.
34521,.,-16.0578994750977,35.236198425293,.
34522,.,-16.0578994750977,35.236198425293,.
34523,.,-15.9064998626709,35.1571998596191,.
34524,.,-15.9064998626709,35.1571998596191,.
34525,.,-15.9064998626709,35.1571998596191,.
34526,.,-15.9064998626709,35.1571998596191,.
34527,.,-15.9064998626709,35.1571998596191,.
34528,.,-15.9064998626709,35.1571998596191,.
34529,.,-15.9064998626709,35.1571998596191,.
34530,.,-15.9064998626709,35.1571998596191,.
34531,.,-15.9064998626709,35.1571998596191,.
34532,.,-15.9064998626709,35.1571998596191,.
34533,.,-15.9064998626709,35.1571998596191,.
34534,.,-15.9064998626709,35.1571998596191,.
34535,.,-15.9064998626709,35.1571998596191,.
34536,.,-15.9064998626709,35.1571998596191,.
34537,.,-15.9064998626709,35.1571998596191,.
34538,.,-15.9342002868652,35.1660003662109,.
34539,.,-15.9342002868652,35.1660003662109,.
34540,.,-15.9342002868652,35.1660003662109,.
34541,.,-15.9342002868652,35.1660003662109,.
34542,.,-15.9342002868652,35.1660003662109,.
34543,.,-15.9342002868652,35.1660003662109,.
34544,.,-15.9342002868652,35.1660003662109,.
34545,.,-15.9342002868652,35.1660003662109,.
34546,.,-15.9342002868652,35.1660003662109,.
34547,.,-15.9342002868652,35.1660003662109,.
34548,.,-15.9342002868652,35.1660003662109,.
34549,.,-15.9342002868652,35.1660003662109,.
34550,.,-15.9342002868652,35.1660003662109,.
34551,.,-15.9342002868652,35.1660003662109,.
34552,.,-15.9342002868652,35.1660003662109,.
34553,.,-15.9342002868652,35.1660003662109,.
34554,.,-15.9342002868652,35.1660003662109,.
34555,.,-15.9342002868652,35.1660003662109,.
34556,.,-15.9342002868652,35.1660003662109,.
34557,.,-15.9342002868652,35.1660003662109,.
34558,.,-15.9342002868652,35.1660003662109,.
34559,.,-15.9342002868652,35.1660003662109,.
34560,.,-15.9342002868652,35.1660003662109,.
34561,.,-15.9498996734619,35.1136016845703,.
34562,.,-15.9498996734619,35.1136016845703,.
34563,.,-15.9498996734619,35.1136016845703,.
34564,.,-15.9498996734619,35.1136016845703,.
34565,.,-15.9498996734619,35.1136016845703,.
34566,.,-15.9498996734619,35.1136016845703,.
34567,.,-15.9498996734619,35.1136016845703,.
34568,.,-15.9498996734619,35.1136016845703,.
34569,.,-15.9498996734619,35.1136016845703,.
34570,.,-15.9498996734619,35.1136016845703,.
34571,.,-15.9498996734619,35.1136016845703,.
34572,.,-15.9498996734619,35.1136016845703,.
34573,.,-15.9498996734619,35.1136016845703,.
34574,.,-15.9498996734619,35.1136016845703,.
34575,.,-15.9498996734619,35.1136016845703,.
34576,.,-15.9498996734619,35.1136016845703,.
34577,.,-15.9498996734619,35.1136016845703,.
34578,.,-15.9498996734619,35.1136016845703,.
34579,.,-15.9926996231079,35.2280006408691,.
34580,.,-15.9926996231079,35.2280006408691,.
34581,.,-15.9926996231079,35.2280006408691,.
34582,.,-15.9926996231079,35.2280006408691,.
34583,.,-15.9926996231079,35.2280006408691,.
34584,.,-15.9926996231079,35.2280006408691,.
34585,.,-15.9926996231079,35.2280006408691,.
34586,.,-15.9926996231079,35.2280006408691,.
34587,.,-15.9926996231079,35.2280006408691,.
34588,.,-15.9926996231079,35.2280006408691,.
34589,.,-15.9926996231079,35.2280006408691,.
34590,.,-15.9926996231079,35.2280006408691,.
34591,.,-15.9926996231079,35.2280006408691,.
34592,.,-15.9926996231079,35.2280006408691,.
34593,.,-15.9926996231079,35.2280006408691,.
34594,.,-15.9926996231079,35.2280006408691,.
34595,.,-15.9926996231079,35.2280006408691,.
34596,.,-15.9926996231079,35.2280006408691,.
34597,.,-15.9926996231079,35.2280006408691,.
34598,.,-15.9926996231079,35.2280006408691,.
34599,.,-15.9926996231079,35.2280006408691,.
34600,.,-15.9926996231079,35.2280006408691,.
34601,.,-15.9926996231079,35.2280006408691,.
34602,.,-15.9926996231079,35.2280006408691,.
34603,.,-16.0349006652832,35.1623992919922,.
34604,.,-16.0049991607666,35.1012992858887,.
34605,.,-16.0049991607666,35.1012992858887,.
34606,.,-16.0049991607666,35.1012992858887,.
34607,.,-16.0049991607666,35.1012992858887,.
34608,.,-16.0049991607666,35.1012992858887,.
34609,.,-16.0049991607666,35.1012992858887,.
34610,.,-16.0049991607666,35.1012992858887,.
34611,.,-16.0049991607666,35.1012992858887,.
34612,.,-15.8715000152588,35.1460990905762,.
34613,.,-15.8715000152588,35.1460990905762,.
34614,.,-15.8715000152588,35.1460990905762,.
34615,.,-15.8715000152588,35.1460990905762,.
34616,.,-15.8715000152588,35.1460990905762,.
34617,.,-15.8715000152588,35.1460990905762,.
34618,.,-15.8715000152588,35.1460990905762,.
34619,.,-15.8715000152588,35.1460990905762,.
34620,.,-15.8715000152588,35.1460990905762,.
34621,.,-15.8715000152588,35.1460990905762,.
34622,.,-15.8715000152588,35.1460990905762,.
34623,.,-15.8715000152588,35.1460990905762,.
34624,.,-15.8715000152588,35.1460990905762,.
34625,.,-15.8715000152588,35.1460990905762,.
34626,.,-15.8715000152588,35.1460990905762,.
34627,.,-15.8715000152588,35.1460990905762,.
34628,.,-15.8715000152588,35.1460990905762,.
34629,.,-15.8715000152588,35.1460990905762,.
34630,.,-15.8715000152588,35.1460990905762,.
34631,.,-15.8715000152588,35.1460990905762,.
34632,.,-15.9777002334595,34.9794006347656,.
34633,.,-15.9777002334595,34.9794006347656,.
34634,.,-15.9777002334595,34.9794006347656,.
34635,.,-15.9777002334595,34.9794006347656,.
34636,.,-15.9777002334595,34.9794006347656,.
34637,.,-15.9777002334595,34.9794006347656,.
34638,.,-15.9777002334595,34.9794006347656,.
34639,.,-15.9777002334595,34.9794006347656,.
34640,.,-15.9777002334595,34.9794006347656,.
34641,.,-15.9777002334595,34.9794006347656,.
34642,.,-15.9777002334595,34.9794006347656,.
34643,.,-15.9777002334595,34.9794006347656,.
34644,.,-15.9777002334595,34.9794006347656,.
34645,.,-15.9777002334595,34.9794006347656,.
34646,.,-15.9777002334595,34.9794006347656,.
34647,.,-15.9777002334595,34.9794006347656,.
34648,.,-15.9777002334595,34.9794006347656,.
34649,.,-15.9777002334595,34.9794006347656,.
34650,.,-15.9777002334595,34.9794006347656,.
34651,.,-15.9777002334595,34.9794006347656,.
34652,.,-15.9777002334595,34.9794006347656,.
34653,.,-15.9777002334595,34.9794006347656,.
34654,.,-16.012300491333,34.953498840332,.
34655,.,-16.012300491333,34.953498840332,.
34656,.,-16.012300491333,34.953498840332,.
34657,.,-16.012300491333,34.953498840332,.
34658,.,-16.012300491333,34.953498840332,.
34659,.,-16.012300491333,34.953498840332,.
34660,.,-16.012300491333,34.953498840332,.
34661,.,-16.012300491333,34.953498840332,.
34662,.,-16.012300491333,34.953498840332,.
34663,.,-16.012300491333,34.953498840332,.
34664,.,-16.012300491333,34.953498840332,.
34665,.,-16.012300491333,34.953498840332,.
34666,.,-16.012300491333,34.953498840332,.
34667,.,-16.012300491333,34.953498840332,.
34668,.,-16.012300491333,34.953498840332,.
34669,.,-16.012300491333,34.953498840332,.
34670,.,-16.012300491333,34.953498840332,.
34671,.,-16.012300491333,34.953498840332,.
34672,.,-16.012300491333,34.953498840332,.
34673,.,-16.0662002563477,35.1873016357422,.
34674,.,-16.111400604248,35.4481010437012,.
34675,.,-16.111400604248,35.4481010437012,.
34676,.,-16.111400604248,35.4481010437012,.
34677,.,-16.111400604248,35.4481010437012,.
34678,.,-16.111400604248,35.4481010437012,.
34679,.,-16.111400604248,35.4481010437012,.
34680,.,-16.111400604248,35.4481010437012,.
34681,.,-16.111400604248,35.4481010437012,.
34682,.,-16.111400604248,35.4481010437012,.
34683,.,-16.111400604248,35.4481010437012,.
34684,.,-16.111400604248,35.4481010437012,.
34685,.,-16.111400604248,35.4481010437012,.
34686,.,-16.111400604248,35.4481010437012,.
34687,.,-16.111400604248,35.4481010437012,.
34688,.,-16.111400604248,35.4481010437012,.
34689,.,-16.111400604248,35.4481010437012,.
34690,.,-16.111400604248,35.4481010437012,.
34691,.,-16.111400604248,35.4481010437012,.
34692,.,-16.111400604248,35.4481010437012,.
34693,.,-16.111400604248,35.4481010437012,.
34694,.,-16.111400604248,35.4481010437012,.
34695,.,-16.111400604248,35.4481010437012,.
34696,.,-16.111400604248,35.4481010437012,.
34697,.,-16.111400604248,35.4481010437012,.
34698,.,-16.111400604248,35.4481010437012,.
34699,.,-16.111400604248,35.4481010437012,.
34700,.,-16.111400604248,35.4481010437012,.
34701,.,-16.111400604248,35.4481010437012,.
34702,.,-16.111400604248,35.4481010437012,.
34703,.,-16.111400604248,35.4481010437012,.
34704,.,-16.111400604248,35.4481010437012,.
34705,.,-16.111400604248,35.4481010437012,.
34706,.,-16.078800201416,35.606201171875,.
34707,.,-16.078800201416,35.606201171875,.
34708,.,-16.078800201416,35.606201171875,.
34709,.,-16.078800201416,35.606201171875,.
34710,.,-16.078800201416,35.606201171875,.
34711,.,-16.078800201416,35.606201171875,.
34712,.,-16.078800201416,35.606201171875,.
34713,.,-16.078800201416,35.606201171875,.
34714,.,-16.078800201416,35.606201171875,.
34715,.,-16.078800201416,35.606201171875,.
34716,.,-16.078800201416,35.606201171875,.
34717,.,-16.078800201416,35.606201171875,.
34718,.,-16.078800201416,35.606201171875,.
34719,.,-16.078800201416,35.606201171875,.
34720,.,-16.078800201416,35.606201171875,.
34721,.,-16.078800201416,35.606201171875,.
34722,.,-16.078800201416,35.606201171875,.
34723,.,-16.078800201416,35.606201171875,.
34724,.,-16.078800201416,35.606201171875,.
34725,.,-16.078800201416,35.606201171875,.
34726,.,-16.0568008422852,35.5175018310547,.
34727,.,-16.0568008422852,35.5175018310547,.
34728,.,-16.0568008422852,35.5175018310547,.
34729,.,-16.0568008422852,35.5175018310547,.
34730,.,-16.0568008422852,35.5175018310547,.
34731,.,-16.0568008422852,35.5175018310547,.
34732,.,-16.0568008422852,35.5175018310547,.
34733,.,-16.0568008422852,35.5175018310547,.
34734,.,-16.0568008422852,35.5175018310547,.
34735,.,-16.0568008422852,35.5175018310547,.
34736,.,-16.0568008422852,35.5175018310547,.
34737,.,-16.0568008422852,35.5175018310547,.
34738,.,-16.0568008422852,35.5175018310547,.
34739,.,-16.0568008422852,35.5175018310547,.
34740,.,-16.0568008422852,35.5175018310547,.
34741,.,-16.0568008422852,35.5175018310547,.
34742,.,-16.0568008422852,35.5175018310547,.
34743,.,-16.0568008422852,35.5175018310547,.
34744,.,-16.0568008422852,35.5175018310547,.
34745,.,-16.0568008422852,35.5175018310547,.
34746,.,-16.0568008422852,35.5175018310547,.
34747,.,-16.0568008422852,35.5175018310547,.
34748,.,-15.9991998672485,35.6254997253418,.
34749,.,-15.9991998672485,35.6254997253418,.
34750,.,-15.9991998672485,35.6254997253418,.
34751,.,-15.9991998672485,35.6254997253418,.
34752,.,-15.9991998672485,35.6254997253418,.
34753,.,-15.9991998672485,35.6254997253418,.
34754,.,-15.9991998672485,35.6254997253418,.
34755,.,-15.9991998672485,35.6254997253418,.
34756,.,-15.9991998672485,35.6254997253418,.
34757,.,-15.9991998672485,35.6254997253418,.
34758,.,-15.9991998672485,35.6254997253418,.
34759,.,-15.9991998672485,35.6254997253418,.
34760,.,-15.9991998672485,35.6254997253418,.
34761,.,-15.9991998672485,35.6254997253418,.
34762,.,-15.9991998672485,35.6254997253418,.
34763,.,-15.9991998672485,35.6254997253418,.
34764,.,-15.9991998672485,35.6254997253418,.
34765,.,-15.9991998672485,35.6254997253418,.
34766,.,-15.9991998672485,35.6254997253418,.
34767,.,-16.1403999328613,35.5022010803223,.
34768,.,-16.1403999328613,35.5022010803223,.
34769,.,-16.1403999328613,35.5022010803223,.
34770,.,-16.1403999328613,35.5022010803223,.
34771,.,-16.1403999328613,35.5022010803223,.
34772,.,-16.1403999328613,35.5022010803223,.
34773,.,-16.1403999328613,35.5022010803223,.
34774,.,-16.1403999328613,35.5022010803223,.
34775,.,-16.1403999328613,35.5022010803223,.
34776,.,-16.1403999328613,35.5022010803223,.
34777,.,-16.1403999328613,35.5022010803223,.
34778,.,-16.1403999328613,35.5022010803223,.
34779,.,-16.1403999328613,35.5022010803223,.
34780,.,-16.1403999328613,35.5022010803223,.
34781,.,-16.1403999328613,35.5022010803223,.
34782,.,-16.1403999328613,35.5022010803223,.
34783,.,-16.1403999328613,35.5022010803223,.
34784,.,-16.1403999328613,35.5022010803223,.
34785,.,-16.1403999328613,35.5022010803223,.
34786,.,-16.1403999328613,35.5022010803223,.
34787,.,-16.1403999328613,35.5022010803223,.
34788,.,-16.1403999328613,35.5022010803223,.
34789,.,-16.1403999328613,35.5022010803223,.
34790,.,-16.1403999328613,35.5022010803223,.
34791,.,-16.1403999328613,35.5022010803223,.
34792,.,-16.1403999328613,35.5022010803223,.
34793,.,-16.1403999328613,35.5022010803223,.
34794,.,-16.1403999328613,35.5022010803223,.
34795,.,-16.1403999328613,35.5022010803223,.
34796,.,-16.1133995056152,35.4091987609863,.
34797,.,-16.1133995056152,35.4091987609863,.
34798,.,-16.1133995056152,35.4091987609863,.
34799,.,-16.1133995056152,35.4091987609863,.
34800,.,-16.1133995056152,35.4091987609863,.
34801,.,-16.1133995056152,35.4091987609863,.
34802,.,-16.1133995056152,35.4091987609863,.
34803,.,-16.1133995056152,35.4091987609863,.
34804,.,-16.1133995056152,35.4091987609863,.
34805,.,-16.1133995056152,35.4091987609863,.
34806,.,-16.1133995056152,35.4091987609863,.
34807,.,-16.1133995056152,35.4091987609863,.
34808,.,-16.1133995056152,35.4091987609863,.
34809,.,-16.1133995056152,35.4091987609863,.
34810,.,-16.1133995056152,35.4091987609863,.
34811,.,-16.1133995056152,35.4091987609863,.
34812,.,-16.1133995056152,35.4091987609863,.
34813,.,-16.1133995056152,35.4091987609863,.
34814,.,-16.1133995056152,35.4091987609863,.
34815,.,-16.0832004547119,35.5824012756348,.
34816,.,-16.0832004547119,35.5824012756348,.
34817,.,-16.0832004547119,35.5824012756348,.
34818,.,-16.0832004547119,35.5824012756348,.
34819,.,-16.0832004547119,35.5824012756348,.
34820,.,-16.0832004547119,35.5824012756348,.
34821,.,-16.0832004547119,35.5824012756348,.
34822,.,-16.0832004547119,35.5824012756348,.
34823,.,-16.0832004547119,35.5824012756348,.
34824,.,-16.0832004547119,35.5824012756348,.
34825,.,-16.0832004547119,35.5824012756348,.
34826,.,-16.0832004547119,35.5824012756348,.
34827,.,-16.0832004547119,35.5824012756348,.
34828,.,-16.0832004547119,35.5824012756348,.
34829,.,-16.0832004547119,35.5824012756348,.
34830,.,-16.0832004547119,35.5824012756348,.
34831,.,-15.956000328064,35.7616004943848,.
34832,.,-15.956000328064,35.7616004943848,.
34833,.,-15.956000328064,35.7616004943848,.
34834,.,-15.956000328064,35.7616004943848,.
34835,.,-15.956000328064,35.7616004943848,.
34836,.,-15.956000328064,35.7616004943848,.
34837,.,-15.956000328064,35.7616004943848,.
34838,.,-15.956000328064,35.7616004943848,.
34839,.,-15.956000328064,35.7616004943848,.
34840,.,-15.956000328064,35.7616004943848,.
34841,.,-15.956000328064,35.7616004943848,.
34842,.,-15.956000328064,35.7616004943848,.
34843,.,-15.956000328064,35.7616004943848,.
34844,.,-15.956000328064,35.7616004943848,.
34845,.,-15.956000328064,35.7616004943848,.
34846,.,-15.956000328064,35.7616004943848,.
34847,.,-15.956000328064,35.7616004943848,.
34848,.,-15.956000328064,35.7616004943848,.
34849,.,-15.956000328064,35.7616004943848,.
34850,.,-15.956000328064,35.7616004943848,.
34851,.,-15.956000328064,35.7616004943848,.
34852,.,-15.956000328064,35.7616004943848,.
34853,.,-15.956000328064,35.7616004943848,.
34854,.,-16.05299949646,35.7182006835938,.
34855,.,-16.05299949646,35.7182006835938,.
34856,.,-16.05299949646,35.7182006835938,.
34857,.,-16.05299949646,35.7182006835938,.
34858,.,-16.05299949646,35.7182006835938,.
34859,.,-16.05299949646,35.7182006835938,.
34860,.,-16.05299949646,35.7182006835938,.
34861,.,-16.05299949646,35.7182006835938,.
34862,.,-16.05299949646,35.7182006835938,.
34863,.,-16.05299949646,35.7182006835938,.
34864,.,-16.05299949646,35.7182006835938,.
34865,.,-16.05299949646,35.7182006835938,.
34866,.,-16.05299949646,35.7182006835938,.
34867,.,-16.05299949646,35.7182006835938,.
34868,.,-16.05299949646,35.7182006835938,.
34869,.,-16.05299949646,35.7182006835938,.
34870,.,-16.05299949646,35.7182006835938,.
34871,.,-16.05299949646,35.7182006835938,.
34872,.,-16.05299949646,35.7182006835938,.
34873,.,-16.05299949646,35.7182006835938,.
34874,.,-16.05299949646,35.7182006835938,.
34875,.,-16.05299949646,35.7182006835938,.
34876,.,-16.05299949646,35.7182006835938,.
34877,.,-16.05299949646,35.7182006835938,.
34878,.,-16.05299949646,35.7182006835938,.
34879,.,-16.047700881958,35.7652015686035,.
34880,.,-16.047700881958,35.7652015686035,.
34881,.,-16.047700881958,35.7652015686035,.
34882,.,-16.047700881958,35.7652015686035,.
34883,.,-16.047700881958,35.7652015686035,.
34884,.,-16.047700881958,35.7652015686035,.
34885,.,-16.047700881958,35.7652015686035,.
34886,.,-16.047700881958,35.7652015686035,.
34887,.,-16.047700881958,35.7652015686035,.
34888,.,-16.047700881958,35.7652015686035,.
34889,.,-16.047700881958,35.7652015686035,.
34890,.,-16.047700881958,35.7652015686035,.
34891,.,-16.047700881958,35.7652015686035,.
34892,.,-16.047700881958,35.7652015686035,.
34893,.,-16.047700881958,35.7652015686035,.
34894,.,-16.047700881958,35.7652015686035,.
34895,.,-16.047700881958,35.7652015686035,.
34896,.,-16.047700881958,35.7652015686035,.
34897,.,-16.047700881958,35.7652015686035,.
34898,.,-16.047700881958,35.7652015686035,.
34899,.,-16.047700881958,35.7652015686035,.
34900,.,-16.047700881958,35.7652015686035,.
34901,.,-16.047700881958,35.7652015686035,.
34902,.,-16.0375003814697,35.3544998168945,.
34903,.,-16.0375003814697,35.3544998168945,.
34904,.,-16.0375003814697,35.3544998168945,.
34905,.,-16.0375003814697,35.3544998168945,.
34906,.,-16.0375003814697,35.3544998168945,.
34907,.,-16.0375003814697,35.3544998168945,.
34908,.,-16.0375003814697,35.3544998168945,.
34909,.,-16.0375003814697,35.3544998168945,.
34910,.,-16.0375003814697,35.3544998168945,.
34911,.,-16.0375003814697,35.3544998168945,.
34912,.,-16.0375003814697,35.3544998168945,.
34913,.,-16.0375003814697,35.3544998168945,.
34914,.,-16.0375003814697,35.3544998168945,.
34915,.,-16.0375003814697,35.3544998168945,.
34916,.,-16.0375003814697,35.3544998168945,.
34917,.,-16.0375003814697,35.3544998168945,.
34918,.,-16.0375003814697,35.3544998168945,.
34919,.,-16.0375003814697,35.3544998168945,.
34920,.,-16.0375003814697,35.3544998168945,.
34921,.,-16.0375003814697,35.3544998168945,.
34922,.,-15.983099937439,35.437801361084,.
34923,.,-15.983099937439,35.437801361084,.
34924,.,-15.983099937439,35.437801361084,.
34925,.,-15.983099937439,35.437801361084,.
34926,.,-15.983099937439,35.437801361084,.
34927,.,-15.983099937439,35.437801361084,.
34928,.,-15.983099937439,35.437801361084,.
34929,.,-15.983099937439,35.437801361084,.
34930,.,-15.983099937439,35.437801361084,.
34931,.,-15.983099937439,35.437801361084,.
34932,.,-15.983099937439,35.437801361084,.
34933,.,-15.983099937439,35.437801361084,.
34934,.,-15.983099937439,35.437801361084,.
34935,.,-15.983099937439,35.437801361084,.
34936,.,-15.983099937439,35.437801361084,.
34937,.,-15.983099937439,35.437801361084,.
34938,.,-15.983099937439,35.437801361084,.
34939,.,-15.983099937439,35.437801361084,.
34940,.,-15.983099937439,35.437801361084,.
34941,.,-15.983099937439,35.437801361084,.
34942,.,-15.983099937439,35.437801361084,.
34943,.,-15.983099937439,35.437801361084,.
34944,.,-15.983099937439,35.437801361084,.
34945,.,-15.983099937439,35.437801361084,.
34946,.,-15.983099937439,35.437801361084,.
34947,.,-15.983099937439,35.437801361084,.
34948,.,-15.983099937439,35.437801361084,.
34949,.,-16.0932006835938,35.3204002380371,.
34950,.,-16.0932006835938,35.3204002380371,.
34951,.,-16.0932006835938,35.3204002380371,.
34952,.,-16.0932006835938,35.3204002380371,.
34953,.,-16.0932006835938,35.3204002380371,.
34954,.,-16.0932006835938,35.3204002380371,.
34955,.,-16.0932006835938,35.3204002380371,.
34956,.,-16.0932006835938,35.3204002380371,.
34957,.,-16.0932006835938,35.3204002380371,.
34958,.,-16.0932006835938,35.3204002380371,.
34959,.,-16.0932006835938,35.3204002380371,.
34960,.,-16.0932006835938,35.3204002380371,.
34961,.,-16.0932006835938,35.3204002380371,.
34962,.,-16.0932006835938,35.3204002380371,.
34963,.,-16.0932006835938,35.3204002380371,.
34964,.,-16.0932006835938,35.3204002380371,.
34965,.,-16.0932006835938,35.3204002380371,.
34966,.,-16.0932006835938,35.3204002380371,.
34967,.,-16.0932006835938,35.3204002380371,.
34968,.,-16.0932006835938,35.3204002380371,.
34969,.,-16.0932006835938,35.3204002380371,.
34970,.,-16.0932006835938,35.3204002380371,.
34971,.,-16.0932006835938,35.3204002380371,.
34972,.,-16.0284996032715,35.4154014587402,.
34973,.,-16.0284996032715,35.4154014587402,.
34974,.,-16.0284996032715,35.4154014587402,.
34975,.,-16.0284996032715,35.4154014587402,.
34976,.,-16.0284996032715,35.4154014587402,.
34977,.,-16.0284996032715,35.4154014587402,.
34978,.,-16.0284996032715,35.4154014587402,.
34979,.,-16.0284996032715,35.4154014587402,.
34980,.,-16.0284996032715,35.4154014587402,.
34981,.,-16.0284996032715,35.4154014587402,.
34982,.,-16.0284996032715,35.4154014587402,.
34983,.,-16.0284996032715,35.4154014587402,.
34984,.,-16.0284996032715,35.4154014587402,.
34985,.,-16.0284996032715,35.4154014587402,.
34986,.,-16.0284996032715,35.4154014587402,.
34987,.,-16.0284996032715,35.4154014587402,.
34988,.,-16.0284996032715,35.4154014587402,.
34989,.,-16.0284996032715,35.4154014587402,.
34990,.,-16.0284996032715,35.4154014587402,.
34991,.,-16.0284996032715,35.4154014587402,.
34992,.,-16.0284996032715,35.4154014587402,.
34993,.,-16.0284996032715,35.4154014587402,.
34994,.,-16.0065994262695,35.3219985961914,.
34995,.,-16.0065994262695,35.3219985961914,.
34996,.,-16.0065994262695,35.3219985961914,.
34997,.,-16.0065994262695,35.3219985961914,.
34998,.,-16.0065994262695,35.3219985961914,.
34999,.,-16.0065994262695,35.3219985961914,.
35000,.,-16.0065994262695,35.3219985961914,.
35001,.,-16.0065994262695,35.3219985961914,.
35002,.,-16.0065994262695,35.3219985961914,.
35003,.,-16.0065994262695,35.3219985961914,.
35004,.,-16.0065994262695,35.3219985961914,.
35005,.,-16.0065994262695,35.3219985961914,.
35006,.,-16.0065994262695,35.3219985961914,.
35007,.,-16.0065994262695,35.3219985961914,.
35008,.,-16.0065994262695,35.3219985961914,.
35009,.,-16.0065994262695,35.3219985961914,.
35010,.,-16.0065994262695,35.3219985961914,.
35011,.,-16.0065994262695,35.3219985961914,.
35012,.,-16.0065994262695,35.3219985961914,.
35013,.,-16.0065994262695,35.3219985961914,.
35014,.,-16.0065994262695,35.3219985961914,.
35015,.,-16.0065994262695,35.3219985961914,.
35016,.,-16.0065994262695,35.3219985961914,.
35017,.,-16.0065994262695,35.3219985961914,.
35018,.,-16.0065994262695,35.3219985961914,.
35019,.,-16.0065994262695,35.3219985961914,.
35020,.,-16.0065994262695,35.3219985961914,.
35021,.,-16.0830993652344,35.3311996459961,.
35022,.,-16.0830993652344,35.3311996459961,.
35023,.,-16.0830993652344,35.3311996459961,.
35024,.,-16.0830993652344,35.3311996459961,.
35025,.,-16.0830993652344,35.3311996459961,.
35026,.,-16.0830993652344,35.3311996459961,.
35027,.,-16.0830993652344,35.3311996459961,.
35028,.,-16.0830993652344,35.3311996459961,.
35029,.,-16.0830993652344,35.3311996459961,.
35030,.,-16.0830993652344,35.3311996459961,.
35031,.,-16.0830993652344,35.3311996459961,.
35032,.,-16.0830993652344,35.3311996459961,.
35033,.,-16.0830993652344,35.3311996459961,.
35034,.,-16.0830993652344,35.3311996459961,.
35035,.,-16.0830993652344,35.3311996459961,.
35036,.,-16.0830993652344,35.3311996459961,.
35037,.,-16.0830993652344,35.3311996459961,.
35038,.,-16.0830993652344,35.3311996459961,.
35039,.,-16.0830993652344,35.3311996459961,.
35040,.,-16.0830993652344,35.3311996459961,.
35041,.,-15.9650001525879,35.4421005249023,.
35042,.,-15.9650001525879,35.4421005249023,.
35043,.,-15.9650001525879,35.4421005249023,.
35044,.,-15.9650001525879,35.4421005249023,.
35045,.,-15.9650001525879,35.4421005249023,.
35046,.,-15.9650001525879,35.4421005249023,.
35047,.,-15.9650001525879,35.4421005249023,.
35048,.,-15.9650001525879,35.4421005249023,.
35049,.,-15.9650001525879,35.4421005249023,.
35050,.,-15.9650001525879,35.4421005249023,.
35051,.,-15.9650001525879,35.4421005249023,.
35052,.,-15.9650001525879,35.4421005249023,.
35053,.,-15.9650001525879,35.4421005249023,.
35054,.,-15.9650001525879,35.4421005249023,.
35055,.,-15.9650001525879,35.4421005249023,.
35056,.,-15.9650001525879,35.4421005249023,.
35057,.,-15.9650001525879,35.4421005249023,.
35058,.,-15.9650001525879,35.4421005249023,.
35059,.,-15.9650001525879,35.4421005249023,.
35060,.,-15.9650001525879,35.4421005249023,.
35061,.,-15.9650001525879,35.4421005249023,.
35062,.,-15.9650001525879,35.4421005249023,.
35063,.,-15.9650001525879,35.4421005249023,.
35064,.,-15.9650001525879,35.4421005249023,.
35065,.,-15.9650001525879,35.4421005249023,.
35066,.,-15.9650001525879,35.4421005249023,.
35067,.,-15.9650001525879,35.4421005249023,.
35068,.,-15.9650001525879,35.4421005249023,.
35069,.,-15.9650001525879,35.4421005249023,.
35070,.,-15.9650001525879,35.4421005249023,.
35071,.,-15.9650001525879,35.4421005249023,.
35072,.,-15.9650001525879,35.4421005249023,.
35073,.,-15.9650001525879,35.4421005249023,.
35074,.,-15.8086004257202,35.4197006225586,.
35075,.,-15.8086004257202,35.4197006225586,.
35076,.,-15.8086004257202,35.4197006225586,.
35077,.,-15.8086004257202,35.4197006225586,.
35078,.,-15.8086004257202,35.4197006225586,.
35079,.,-15.8086004257202,35.4197006225586,.
35080,.,-15.8086004257202,35.4197006225586,.
35081,.,-15.8086004257202,35.4197006225586,.
35082,.,-15.8086004257202,35.4197006225586,.
35083,.,-15.8086004257202,35.4197006225586,.
35084,.,-15.8086004257202,35.4197006225586,.
35085,.,-15.8086004257202,35.4197006225586,.
35086,.,-15.8086004257202,35.4197006225586,.
35087,.,-15.8086004257202,35.4197006225586,.
35088,.,-15.8086004257202,35.4197006225586,.
35089,.,-15.8086004257202,35.4197006225586,.
35090,.,-15.8086004257202,35.4197006225586,.
35091,.,-15.8086004257202,35.4197006225586,.
35092,.,-15.8086004257202,35.4197006225586,.
35093,.,-15.8086004257202,35.4197006225586,.
35094,.,-15.8086004257202,35.4197006225586,.
35095,.,-15.8086004257202,35.4197006225586,.
35096,.,-15.864800453186,35.5049018859863,.
35097,.,-15.864800453186,35.5049018859863,.
35098,.,-15.864800453186,35.5049018859863,.
35099,.,-15.864800453186,35.5049018859863,.
35100,.,-15.864800453186,35.5049018859863,.
35101,.,-15.864800453186,35.5049018859863,.
35102,.,-15.864800453186,35.5049018859863,.
35103,.,-15.864800453186,35.5049018859863,.
35104,.,-15.864800453186,35.5049018859863,.
35105,.,-15.864800453186,35.5049018859863,.
35106,.,-15.864800453186,35.5049018859863,.
35107,.,-15.864800453186,35.5049018859863,.
35108,.,-15.864800453186,35.5049018859863,.
35109,.,-15.864800453186,35.5049018859863,.
35110,.,-15.864800453186,35.5049018859863,.
35111,.,-15.864800453186,35.5049018859863,.
35112,.,-15.864800453186,35.5049018859863,.
35113,.,-15.864800453186,35.5049018859863,.
35114,.,-15.864800453186,35.5049018859863,.
35115,.,-15.864800453186,35.5049018859863,.
35116,.,-15.864800453186,35.5049018859863,.
35117,.,-15.864800453186,35.5049018859863,.
35118,.,-15.864800453186,35.5049018859863,.
35119,.,-15.864800453186,35.5049018859863,.
35120,.,-15.864800453186,35.5049018859863,.
35121,.,-15.864800453186,35.5049018859863,.
35122,.,-15.864800453186,35.5049018859863,.
35123,.,-15.864800453186,35.5049018859863,.
35124,.,-15.864800453186,35.5049018859863,.
35125,.,-15.864800453186,35.5049018859863,.
35126,.,-15.8667001724243,35.4579010009766,.
35127,.,-15.8667001724243,35.4579010009766,.
35128,.,-15.8667001724243,35.4579010009766,.
35129,.,-15.8667001724243,35.4579010009766,.
35130,.,-15.8667001724243,35.4579010009766,.
35131,.,-15.8667001724243,35.4579010009766,.
35132,.,-15.8667001724243,35.4579010009766,.
35133,.,-15.8667001724243,35.4579010009766,.
35134,.,-15.8667001724243,35.4579010009766,.
35135,.,-15.8667001724243,35.4579010009766,.
35136,.,-15.8667001724243,35.4579010009766,.
35137,.,-15.8667001724243,35.4579010009766,.
35138,.,-15.8667001724243,35.4579010009766,.
35139,.,-15.8667001724243,35.4579010009766,.
35140,.,-15.8667001724243,35.4579010009766,.
35141,.,-15.8667001724243,35.4579010009766,.
35142,.,-15.8667001724243,35.4579010009766,.
35143,.,-15.8667001724243,35.4579010009766,.
35144,.,-15.8667001724243,35.4579010009766,.
35145,.,-15.8667001724243,35.4579010009766,.
35146,.,-15.8667001724243,35.4579010009766,.
35147,.,-15.8667001724243,35.4579010009766,.
35148,.,-15.8667001724243,35.4579010009766,.
35149,.,-15.8667001724243,35.4579010009766,.
35150,.,-15.8667001724243,35.4579010009766,.
35151,.,-15.8667001724243,35.4579010009766,.
35152,.,-15.8667001724243,35.4579010009766,.
35153,.,-15.8667001724243,35.4579010009766,.
35154,.,-15.8667001724243,35.4579010009766,.
35155,.,-15.8667001724243,35.4579010009766,.
35156,.,-15.8667001724243,35.4579010009766,.
35157,.,-15.8667001724243,35.4579010009766,.
35158,.,-15.8667001724243,35.4579010009766,.
35159,.,-15.8667001724243,35.4579010009766,.
35160,.,-15.6930999755859,35.407398223877,.
35161,.,-15.6930999755859,35.407398223877,.
35162,.,-15.6930999755859,35.407398223877,.
35163,.,-15.6930999755859,35.407398223877,.
35164,.,-15.6930999755859,35.407398223877,.
35165,.,-15.6930999755859,35.407398223877,.
35166,.,-15.6930999755859,35.407398223877,.
35167,.,-15.6930999755859,35.407398223877,.
35168,.,-15.6930999755859,35.407398223877,.
35169,.,-15.6930999755859,35.407398223877,.
35170,.,-15.6930999755859,35.407398223877,.
35171,.,-15.6930999755859,35.407398223877,.
35172,.,-15.6930999755859,35.407398223877,.
35173,.,-15.6930999755859,35.407398223877,.
35174,.,-15.6930999755859,35.407398223877,.
35175,.,-15.6930999755859,35.407398223877,.
35176,.,-15.6930999755859,35.407398223877,.
35177,.,-15.6930999755859,35.407398223877,.
35178,.,-15.6930999755859,35.407398223877,.
35179,.,-15.6930999755859,35.407398223877,.
35180,.,-15.6930999755859,35.407398223877,.
35181,.,-15.6930999755859,35.407398223877,.
35182,.,-15.6930999755859,35.407398223877,.
35183,.,-15.6930999755859,35.407398223877,.
35184,.,-15.6930999755859,35.407398223877,.
35185,.,-15.6930999755859,35.407398223877,.
35186,.,-15.6930999755859,35.407398223877,.
35187,.,-15.6930999755859,35.407398223877,.
35188,.,-15.9245004653931,35.3596992492676,.
35189,.,-15.9245004653931,35.3596992492676,.
35190,.,-15.9245004653931,35.3596992492676,.
35191,.,-15.9245004653931,35.3596992492676,.
35192,.,-15.9245004653931,35.3596992492676,.
35193,.,-15.9245004653931,35.3596992492676,.
35194,.,-15.9245004653931,35.3596992492676,.
35195,.,-15.9245004653931,35.3596992492676,.
35196,.,-15.9245004653931,35.3596992492676,.
35197,.,-15.9245004653931,35.3596992492676,.
35198,.,-15.9245004653931,35.3596992492676,.
35199,.,-15.9245004653931,35.3596992492676,.
35200,.,-15.9245004653931,35.3596992492676,.
35201,.,-15.9245004653931,35.3596992492676,.
35202,.,-15.9245004653931,35.3596992492676,.
35203,.,-15.9245004653931,35.3596992492676,.
35204,.,-15.9245004653931,35.3596992492676,.
35205,.,-15.9245004653931,35.3596992492676,.
35206,.,-15.9245004653931,35.3596992492676,.
35207,.,-15.9245004653931,35.3596992492676,.
35208,.,-15.9245004653931,35.3596992492676,.
35209,.,-15.8283996582031,35.353199005127,.
35210,.,-15.8283996582031,35.353199005127,.
35211,.,-15.8283996582031,35.353199005127,.
35212,.,-15.8283996582031,35.353199005127,.
35213,.,-15.8283996582031,35.353199005127,.
35214,.,-15.8283996582031,35.353199005127,.
35215,.,-15.8283996582031,35.353199005127,.
35216,.,-15.8283996582031,35.353199005127,.
35217,.,-15.8283996582031,35.353199005127,.
35218,.,-15.8283996582031,35.353199005127,.
35219,.,-15.8283996582031,35.353199005127,.
35220,.,-15.8283996582031,35.353199005127,.
35221,.,-15.8283996582031,35.353199005127,.
35222,.,-15.8283996582031,35.353199005127,.
35223,.,-15.8283996582031,35.353199005127,.
35224,.,-15.8283996582031,35.353199005127,.
35225,.,-15.8283996582031,35.353199005127,.
35226,.,-15.8283996582031,35.353199005127,.
35227,.,-15.8283996582031,35.353199005127,.
35228,.,-15.8283996582031,35.353199005127,.
35229,.,-15.8283996582031,35.353199005127,.
35230,.,-15.8283996582031,35.353199005127,.
35231,.,-15.8283996582031,35.353199005127,.
35232,.,-15.8283996582031,35.353199005127,.
35233,.,-15.8283996582031,35.353199005127,.
35234,.,-15.8283996582031,35.353199005127,.
35235,.,-15.8283996582031,35.353199005127,.
35236,.,-15.8283996582031,35.353199005127,.
35237,.,-15.8283996582031,35.353199005127,.
35238,.,-15.7058000564575,35.3387985229492,.
35239,.,-15.7058000564575,35.3387985229492,.
35240,.,-15.7058000564575,35.3387985229492,.
35241,.,-15.7058000564575,35.3387985229492,.
35242,.,-15.7058000564575,35.3387985229492,.
35243,.,-15.7058000564575,35.3387985229492,.
35244,.,-15.7058000564575,35.3387985229492,.
35245,.,-15.7058000564575,35.3387985229492,.
35246,.,-15.7058000564575,35.3387985229492,.
35247,.,-15.7058000564575,35.3387985229492,.
35248,.,-15.7058000564575,35.3387985229492,.
35249,.,-15.7058000564575,35.3387985229492,.
35250,.,-15.7058000564575,35.3387985229492,.
35251,.,-15.7058000564575,35.3387985229492,.
35252,.,-15.7058000564575,35.3387985229492,.
35253,.,-15.7058000564575,35.3387985229492,.
35254,.,-15.7058000564575,35.3387985229492,.
35255,.,-15.7058000564575,35.3387985229492,.
35256,.,-15.7058000564575,35.3387985229492,.
35257,.,-15.7058000564575,35.3387985229492,.
35258,.,-15.7058000564575,35.3387985229492,.
35259,.,-15.7058000564575,35.3387985229492,.
35260,.,-15.7058000564575,35.3387985229492,.
35261,.,-15.7058000564575,35.3387985229492,.
35262,.,-15.7058000564575,35.3387985229492,.
35263,.,-15.7058000564575,35.3387985229492,.
35264,.,-15.7058000564575,35.3387985229492,.
35265,.,-15.7058000564575,35.3387985229492,.
35266,.,-15.7058000564575,35.3387985229492,.
35267,.,-15.684100151062,35.6521987915039,.
35268,.,-15.684100151062,35.6521987915039,.
35269,.,-15.684100151062,35.6521987915039,.
35270,.,-15.684100151062,35.6521987915039,.
35271,.,-15.684100151062,35.6521987915039,.
35272,.,-15.684100151062,35.6521987915039,.
35273,.,-15.684100151062,35.6521987915039,.
35274,.,-15.684100151062,35.6521987915039,.
35275,.,-15.684100151062,35.6521987915039,.
35276,.,-15.684100151062,35.6521987915039,.
35277,.,-15.684100151062,35.6521987915039,.
35278,.,-15.684100151062,35.6521987915039,.
35279,.,-15.684100151062,35.6521987915039,.
35280,.,-15.684100151062,35.6521987915039,.
35281,.,-15.684100151062,35.6521987915039,.
35282,.,-15.684100151062,35.6521987915039,.
35283,.,-15.684100151062,35.6521987915039,.
35284,.,-15.684100151062,35.6521987915039,.
35285,.,-15.684100151062,35.6521987915039,.
35286,.,-15.684100151062,35.6521987915039,.
35287,.,-15.684100151062,35.6521987915039,.
35288,.,-15.684100151062,35.6521987915039,.
35289,.,-15.684100151062,35.6521987915039,.
35290,.,-15.684100151062,35.6521987915039,.
35291,.,-15.684100151062,35.6521987915039,.
35292,.,-15.5762996673584,35.5518989562988,.
35293,.,-15.5762996673584,35.5518989562988,.
35294,.,-15.5762996673584,35.5518989562988,.
35295,.,-15.5762996673584,35.5518989562988,.
35296,.,-15.5762996673584,35.5518989562988,.
35297,.,-15.5762996673584,35.5518989562988,.
35298,.,-15.5762996673584,35.5518989562988,.
35299,.,-15.5762996673584,35.5518989562988,.
35300,.,-15.5762996673584,35.5518989562988,.
35301,.,-15.5762996673584,35.5518989562988,.
35302,.,-15.5762996673584,35.5518989562988,.
35303,.,-15.5762996673584,35.5518989562988,.
35304,.,-15.5762996673584,35.5518989562988,.
35305,.,-15.5762996673584,35.5518989562988,.
35306,.,-15.5762996673584,35.5518989562988,.
35307,.,-15.5762996673584,35.5518989562988,.
35308,.,-15.5762996673584,35.5518989562988,.
35309,.,-15.5762996673584,35.5518989562988,.
35310,.,-15.5762996673584,35.5518989562988,.
35311,.,-15.5762996673584,35.5518989562988,.
35312,.,-15.5762996673584,35.5518989562988,.
35313,.,-15.5762996673584,35.5518989562988,.
35314,.,-15.5762996673584,35.5518989562988,.
35315,.,-15.5762996673584,35.5518989562988,.
35316,.,-15.5762996673584,35.5518989562988,.
35317,.,-15.5762996673584,35.5518989562988,.
35318,.,-15.5762996673584,35.5518989562988,.
35319,.,-15.5762996673584,35.5518989562988,.
35320,.,-15.5762996673584,35.5518989562988,.
35321,.,-15.5762996673584,35.5518989562988,.
35322,.,-15.5762996673584,35.5518989562988,.
35323,.,-15.5762996673584,35.5518989562988,.
35324,.,-15.5762996673584,35.5518989562988,.
35325,.,-15.5762996673584,35.5518989562988,.
35326,.,-15.5762996673584,35.5518989562988,.
35327,.,-15.5762996673584,35.5518989562988,.
35328,.,-15.5263004302979,35.6705017089844,.
35329,.,-15.5263004302979,35.6705017089844,.
35330,.,-15.5263004302979,35.6705017089844,.
35331,.,-15.5263004302979,35.6705017089844,.
35332,.,-15.5263004302979,35.6705017089844,.
35333,.,-15.5263004302979,35.6705017089844,.
35334,.,-15.5263004302979,35.6705017089844,.
35335,.,-15.5263004302979,35.6705017089844,.
35336,.,-15.5263004302979,35.6705017089844,.
35337,.,-15.5263004302979,35.6705017089844,.
35338,.,-15.5263004302979,35.6705017089844,.
35339,.,-15.5263004302979,35.6705017089844,.
35340,.,-15.6555995941162,35.6861000061035,.
35341,.,-15.6555995941162,35.6861000061035,.
35342,.,-15.6555995941162,35.6861000061035,.
35343,.,-15.6555995941162,35.6861000061035,.
35344,.,-15.6555995941162,35.6861000061035,.
35345,.,-15.6555995941162,35.6861000061035,.
35346,.,-15.6555995941162,35.6861000061035,.
35347,.,-15.6555995941162,35.6861000061035,.
35348,.,-15.6555995941162,35.6861000061035,.
35349,.,-15.6555995941162,35.6861000061035,.
35350,.,-15.6555995941162,35.6861000061035,.
35351,.,-15.6555995941162,35.6861000061035,.
35352,.,-15.6555995941162,35.6861000061035,.
35353,.,-15.6555995941162,35.6861000061035,.
35354,.,-15.6555995941162,35.6861000061035,.
35355,.,-15.6555995941162,35.6861000061035,.
35356,.,-15.6555995941162,35.6861000061035,.
35357,.,-15.6555995941162,35.6861000061035,.
35358,.,-15.6555995941162,35.6861000061035,.
35359,.,-15.6555995941162,35.6861000061035,.
35360,.,-15.6555995941162,35.6861000061035,.
35361,.,-15.6555995941162,35.6861000061035,.
35362,.,-15.6555995941162,35.6861000061035,.
35363,.,-15.6555995941162,35.6861000061035,.
35364,.,-15.6555995941162,35.6861000061035,.
35365,.,-15.6555995941162,35.6861000061035,.
35366,.,-15.6555995941162,35.6861000061035,.
35367,.,-15.7348003387451,35.6842002868652,.
35368,.,-15.7348003387451,35.6842002868652,.
35369,.,-15.7348003387451,35.6842002868652,.
35370,.,-15.7348003387451,35.6842002868652,.
35371,.,-15.7348003387451,35.6842002868652,.
35372,.,-15.7348003387451,35.6842002868652,.
35373,.,-15.7348003387451,35.6842002868652,.
35374,.,-15.7348003387451,35.6842002868652,.
35375,.,-15.7348003387451,35.6842002868652,.
35376,.,-15.7348003387451,35.6842002868652,.
35377,.,-15.7348003387451,35.6842002868652,.
35378,.,-15.7348003387451,35.6842002868652,.
35379,.,-15.7348003387451,35.6842002868652,.
35380,.,-15.7348003387451,35.6842002868652,.
35381,.,-15.7348003387451,35.6842002868652,.
35382,.,-15.7348003387451,35.6842002868652,.
35383,.,-15.7348003387451,35.6842002868652,.
35384,.,-15.7348003387451,35.6842002868652,.
35385,.,-15.7348003387451,35.6842002868652,.
35386,.,-15.7348003387451,35.6842002868652,.
35387,.,-15.7348003387451,35.6842002868652,.
35388,.,-15.7348003387451,35.6842002868652,.
35389,.,-15.7348003387451,35.6842002868652,.
35390,.,-15.7348003387451,35.6842002868652,.
35391,.,-15.7348003387451,35.6842002868652,.
35392,.,-15.7348003387451,35.6842002868652,.
35393,.,-15.7054996490479,35.6808013916016,.
35394,.,-15.7054996490479,35.6808013916016,.
35395,.,-15.7054996490479,35.6808013916016,.
35396,.,-15.7054996490479,35.6808013916016,.
35397,.,-15.7054996490479,35.6808013916016,.
35398,.,-15.7054996490479,35.6808013916016,.
35399,.,-15.7054996490479,35.6808013916016,.
35400,.,-15.7054996490479,35.6808013916016,.
35401,.,-15.7054996490479,35.6808013916016,.
35402,.,-15.7054996490479,35.6808013916016,.
35403,.,-15.7054996490479,35.6808013916016,.
35404,.,-15.7054996490479,35.6808013916016,.
35405,.,-15.7054996490479,35.6808013916016,.
35406,.,-15.7054996490479,35.6808013916016,.
35407,.,-15.7054996490479,35.6808013916016,.
35408,.,-15.7054996490479,35.6808013916016,.
35409,.,-15.7054996490479,35.6808013916016,.
35410,.,-15.7054996490479,35.6808013916016,.
35411,.,-15.7054996490479,35.6808013916016,.
35412,.,-15.7054996490479,35.6808013916016,.
35413,.,-15.7054996490479,35.6808013916016,.
35414,.,-15.7054996490479,35.6808013916016,.
35415,.,-15.7054996490479,35.6808013916016,.
35416,.,-15.7054996490479,35.6808013916016,.
35417,.,-15.7054996490479,35.6808013916016,.
35418,.,-15.7054996490479,35.6808013916016,.
35419,.,-15.7054996490479,35.6808013916016,.
35420,.,-15.7054996490479,35.6808013916016,.
35421,.,-15.6309995651245,35.6973991394043,.
35422,.,-15.6309995651245,35.6973991394043,.
35423,.,-15.6309995651245,35.6973991394043,.
35424,.,-15.6309995651245,35.6973991394043,.
35425,.,-15.6309995651245,35.6973991394043,.
35426,.,-15.6309995651245,35.6973991394043,.
35427,.,-15.6309995651245,35.6973991394043,.
35428,.,-15.6309995651245,35.6973991394043,.
35429,.,-15.6309995651245,35.6973991394043,.
35430,.,-15.6309995651245,35.6973991394043,.
35431,.,-15.6309995651245,35.6973991394043,.
35432,.,-15.6309995651245,35.6973991394043,.
35433,.,-15.6309995651245,35.6973991394043,.
35434,.,-15.6309995651245,35.6973991394043,.
35435,.,-15.6309995651245,35.6973991394043,.
35436,.,-15.6309995651245,35.6973991394043,.
35437,.,-15.6309995651245,35.6973991394043,.
35438,.,-15.6309995651245,35.6973991394043,.
35439,.,-15.6309995651245,35.6973991394043,.
35440,.,-15.6309995651245,35.6973991394043,.
35441,.,-15.6309995651245,35.6973991394043,.
35442,.,-15.6309995651245,35.6973991394043,.
35443,.,-15.6964998245239,35.5351982116699,.
35444,.,-15.6964998245239,35.5351982116699,.
35445,.,-15.6964998245239,35.5351982116699,.
35446,.,-15.6964998245239,35.5351982116699,.
35447,.,-15.6964998245239,35.5351982116699,.
35448,.,-15.6964998245239,35.5351982116699,.
35449,.,-15.6964998245239,35.5351982116699,.
35450,.,-15.6964998245239,35.5351982116699,.
35451,.,-15.6964998245239,35.5351982116699,.
35452,.,-15.6964998245239,35.5351982116699,.
35453,.,-15.6964998245239,35.5351982116699,.
35454,.,-15.6964998245239,35.5351982116699,.
35455,.,-15.6964998245239,35.5351982116699,.
35456,.,-15.6964998245239,35.5351982116699,.
35457,.,-15.6964998245239,35.5351982116699,.
35458,.,-15.6964998245239,35.5351982116699,.
35459,.,-15.6964998245239,35.5351982116699,.
35460,.,-15.6964998245239,35.5351982116699,.
35461,.,-15.6964998245239,35.5351982116699,.
35462,.,-15.6964998245239,35.5351982116699,.
35463,.,-15.6964998245239,35.5351982116699,.
35464,.,-15.6964998245239,35.5351982116699,.
35465,.,-15.6964998245239,35.5351982116699,.
35466,.,-15.6964998245239,35.5351982116699,.
35467,.,-15.6964998245239,35.5351982116699,.
35468,.,-15.6964998245239,35.5351982116699,.
35469,.,-15.6964998245239,35.5351982116699,.
35470,.,-15.6688995361328,35.5890007019043,.
35471,.,-15.6688995361328,35.5890007019043,.
35472,.,-15.6688995361328,35.5890007019043,.
35473,.,-15.6688995361328,35.5890007019043,.
35474,.,-15.6688995361328,35.5890007019043,.
35475,.,-15.6688995361328,35.5890007019043,.
35476,.,-15.6688995361328,35.5890007019043,.
35477,.,-15.6688995361328,35.5890007019043,.
35478,.,-15.6688995361328,35.5890007019043,.
35479,.,-15.6688995361328,35.5890007019043,.
35480,.,-15.6688995361328,35.5890007019043,.
35481,.,-15.6688995361328,35.5890007019043,.
35482,.,-15.6688995361328,35.5890007019043,.
35483,.,-15.6688995361328,35.5890007019043,.
35484,.,-15.6688995361328,35.5890007019043,.
35485,.,-15.6688995361328,35.5890007019043,.
35486,.,-15.6688995361328,35.5890007019043,.
35487,.,-15.6688995361328,35.5890007019043,.
35488,.,-15.6688995361328,35.5890007019043,.
35489,.,-15.6688995361328,35.5890007019043,.
35490,.,-15.6688995361328,35.5890007019043,.
35491,.,-15.6688995361328,35.5890007019043,.
35492,.,-15.6688995361328,35.5890007019043,.
35493,.,-15.6688995361328,35.5890007019043,.
35494,.,-15.6688995361328,35.5890007019043,.
35495,.,-15.6688995361328,35.5890007019043,.
35496,.,-15.6688995361328,35.5890007019043,.
35497,.,-15.6688995361328,35.5890007019043,.
35498,.,-15.6688995361328,35.5890007019043,.
35499,.,-15.7524995803833,35.5485992431641,.
35500,.,-15.7524995803833,35.5485992431641,.
35501,.,-15.7524995803833,35.5485992431641,.
35502,.,-15.7524995803833,35.5485992431641,.
35503,.,-15.7524995803833,35.5485992431641,.
35504,.,-15.7524995803833,35.5485992431641,.
35505,.,-15.7524995803833,35.5485992431641,.
35506,.,-15.7524995803833,35.5485992431641,.
35507,.,-15.7524995803833,35.5485992431641,.
35508,.,-15.7524995803833,35.5485992431641,.
35509,.,-15.7524995803833,35.5485992431641,.
35510,.,-15.7524995803833,35.5485992431641,.
35511,.,-15.7524995803833,35.5485992431641,.
35512,.,-15.7524995803833,35.5485992431641,.
35513,.,-15.7524995803833,35.5485992431641,.
35514,.,-15.7524995803833,35.5485992431641,.
35515,.,-15.7524995803833,35.5485992431641,.
35516,.,-15.7524995803833,35.5485992431641,.
35517,.,-15.7524995803833,35.5485992431641,.
35518,.,-15.7524995803833,35.5485992431641,.
35519,.,-15.7524995803833,35.5485992431641,.
35520,.,-15.7524995803833,35.5485992431641,.
35521,.,-15.7524995803833,35.5485992431641,.
35522,.,-15.7524995803833,35.5485992431641,.
35523,.,-15.7524995803833,35.5485992431641,.
35524,.,-15.7524995803833,35.5485992431641,.
35525,.,-15.7524995803833,35.5485992431641,.
35526,.,-15.7524995803833,35.5485992431641,.
35527,.,-15.7524995803833,35.5485992431641,.
35528,.,-15.7524995803833,35.5485992431641,.
35529,.,-15.7524995803833,35.5485992431641,.
35530,.,-15.6647996902466,35.7290992736816,.
35531,.,-15.6647996902466,35.7290992736816,.
35532,.,-15.6647996902466,35.7290992736816,.
35533,.,-15.6647996902466,35.7290992736816,.
35534,.,-15.6647996902466,35.7290992736816,.
35535,.,-15.6647996902466,35.7290992736816,.
35536,.,-15.6647996902466,35.7290992736816,.
35537,.,-15.6647996902466,35.7290992736816,.
35538,.,-15.6647996902466,35.7290992736816,.
35539,.,-15.6647996902466,35.7290992736816,.
35540,.,-15.6647996902466,35.7290992736816,.
35541,.,-15.6647996902466,35.7290992736816,.
35542,.,-15.6647996902466,35.7290992736816,.
35543,.,-15.6647996902466,35.7290992736816,.
35544,.,-15.6647996902466,35.7290992736816,.
35545,.,-15.6647996902466,35.7290992736816,.
35546,.,-15.6647996902466,35.7290992736816,.
35547,.,-15.6647996902466,35.7290992736816,.
35548,.,-15.6647996902466,35.7290992736816,.
35549,.,-15.6647996902466,35.7290992736816,.
35550,.,-15.6647996902466,35.7290992736816,.
35551,.,-15.6647996902466,35.7290992736816,.
35552,.,-15.6647996902466,35.7290992736816,.
35553,.,-15.6647996902466,35.7290992736816,.
35554,.,-15.6647996902466,35.7290992736816,.
35555,.,-15.6647996902466,35.7290992736816,.
35556,.,-15.6647996902466,35.7290992736816,.
35557,.,-15.6647996902466,35.7290992736816,.
35558,.,-15.6647996902466,35.7290992736816,.
35559,.,-15.6647996902466,35.7290992736816,.
35560,.,-15.6647996902466,35.7290992736816,.
35561,.,-15.6647996902466,35.7290992736816,.
35562,.,-15.7070999145508,35.6455993652344,.
35563,.,-15.7070999145508,35.6455993652344,.
35564,.,-15.7070999145508,35.6455993652344,.
35565,.,-15.7070999145508,35.6455993652344,.
35566,.,-15.7070999145508,35.6455993652344,.
35567,.,-15.7070999145508,35.6455993652344,.
35568,.,-15.7070999145508,35.6455993652344,.
35569,.,-15.7070999145508,35.6455993652344,.
35570,.,-15.7070999145508,35.6455993652344,.
35571,.,-15.7070999145508,35.6455993652344,.
35572,.,-15.7070999145508,35.6455993652344,.
35573,.,-15.7070999145508,35.6455993652344,.
35574,.,-15.7070999145508,35.6455993652344,.
35575,.,-15.7070999145508,35.6455993652344,.
35576,.,-15.7070999145508,35.6455993652344,.
35577,.,-15.7070999145508,35.6455993652344,.
35578,.,-15.7070999145508,35.6455993652344,.
35579,.,-15.7070999145508,35.6455993652344,.
35580,.,-15.7070999145508,35.6455993652344,.
35581,.,-15.7070999145508,35.6455993652344,.
35582,.,-15.7070999145508,35.6455993652344,.
35583,.,-15.7070999145508,35.6455993652344,.
35584,.,-15.7070999145508,35.6455993652344,.
35585,.,-15.7070999145508,35.6455993652344,.
35586,.,-15.7070999145508,35.6455993652344,.
35587,.,-15.7070999145508,35.6455993652344,.
35588,.,-15.7070999145508,35.6455993652344,.
35589,.,-15.7070999145508,35.6455993652344,.
35590,.,-15.861499786377,35.5960998535156,.
35591,.,-15.861499786377,35.5960998535156,.
35592,.,-15.861499786377,35.5960998535156,.
35593,.,-15.861499786377,35.5960998535156,.
35594,.,-15.861499786377,35.5960998535156,.
35595,.,-15.861499786377,35.5960998535156,.
35596,.,-15.861499786377,35.5960998535156,.
35597,.,-15.861499786377,35.5960998535156,.
35598,.,-15.861499786377,35.5960998535156,.
35599,.,-15.861499786377,35.5960998535156,.
35600,.,-15.861499786377,35.5960998535156,.
35601,.,-15.861499786377,35.5960998535156,.
35602,.,-15.861499786377,35.5960998535156,.
35603,.,-15.861499786377,35.5960998535156,.
35604,.,-15.861499786377,35.5960998535156,.
35605,.,-15.861499786377,35.5960998535156,.
35606,.,-15.861499786377,35.5960998535156,.
35607,.,-15.861499786377,35.5960998535156,.
35608,.,-15.861499786377,35.5960998535156,.
35609,.,-15.861499786377,35.5960998535156,.
35610,.,-15.7496004104614,35.632999420166,.
35611,.,-15.7496004104614,35.632999420166,.
35612,.,-15.7496004104614,35.632999420166,.
35613,.,-15.7496004104614,35.632999420166,.
35614,.,-15.7496004104614,35.632999420166,.
35615,.,-15.7496004104614,35.632999420166,.
35616,.,-15.7496004104614,35.632999420166,.
35617,.,-15.7496004104614,35.632999420166,.
35618,.,-15.7496004104614,35.632999420166,.
35619,.,-15.7496004104614,35.632999420166,.
35620,.,-15.7496004104614,35.632999420166,.
35621,.,-15.7496004104614,35.632999420166,.
35622,.,-15.7496004104614,35.632999420166,.
35623,.,-15.7496004104614,35.632999420166,.
35624,.,-15.7496004104614,35.632999420166,.
35625,.,-15.7496004104614,35.632999420166,.
35626,.,-15.7496004104614,35.632999420166,.
35627,.,-15.7496004104614,35.632999420166,.
35628,.,-15.7496004104614,35.632999420166,.
35629,.,-15.7496004104614,35.632999420166,.
35630,.,-15.7496004104614,35.632999420166,.
35631,.,-15.7496004104614,35.632999420166,.
35632,.,-15.7496004104614,35.632999420166,.
35633,.,-15.7496004104614,35.632999420166,.
35634,.,-15.7496004104614,35.632999420166,.
35635,.,-15.7496004104614,35.632999420166,.
35636,.,-15.7496004104614,35.632999420166,.
35637,.,-15.7496004104614,35.632999420166,.
35638,.,-15.7496004104614,35.632999420166,.
35639,.,-15.78600025177,35.6800994873047,.
35640,.,-15.78600025177,35.6800994873047,.
35641,.,-15.78600025177,35.6800994873047,.
35642,.,-15.78600025177,35.6800994873047,.
35643,.,-15.78600025177,35.6800994873047,.
35644,.,-15.78600025177,35.6800994873047,.
35645,.,-15.78600025177,35.6800994873047,.
35646,.,-15.78600025177,35.6800994873047,.
35647,.,-15.78600025177,35.6800994873047,.
35648,.,-15.78600025177,35.6800994873047,.
35649,.,-15.78600025177,35.6800994873047,.
35650,.,-15.78600025177,35.6800994873047,.
35651,.,-15.78600025177,35.6800994873047,.
35652,.,-15.78600025177,35.6800994873047,.
35653,.,-15.78600025177,35.6800994873047,.
35654,.,-15.78600025177,35.6800994873047,.
35655,.,-15.78600025177,35.6800994873047,.
35656,.,-15.78600025177,35.6800994873047,.
35657,.,-15.78600025177,35.6800994873047,.
35658,.,-15.78600025177,35.6800994873047,.
35659,.,-15.78600025177,35.6800994873047,.
35660,.,-15.78600025177,35.6800994873047,.
35661,.,-15.78600025177,35.6800994873047,.
35662,.,-15.78600025177,35.6800994873047,.
35663,.,-15.78600025177,35.6800994873047,.
35664,.,-15.78600025177,35.6800994873047,.
35665,.,-15.78600025177,35.6800994873047,.
35666,.,-15.78600025177,35.6800994873047,.
35667,.,-15.5961999893188,35.6271018981934,.
35668,.,-15.5961999893188,35.6271018981934,.
35669,.,-15.5961999893188,35.6271018981934,.
35670,.,-15.5961999893188,35.6271018981934,.
35671,.,-15.5961999893188,35.6271018981934,.
35672,.,-15.5961999893188,35.6271018981934,.
35673,.,-15.5961999893188,35.6271018981934,.
35674,.,-15.5961999893188,35.6271018981934,.
35675,.,-15.5961999893188,35.6271018981934,.
35676,.,-15.5961999893188,35.6271018981934,.
35677,.,-15.5961999893188,35.6271018981934,.
35678,.,-15.5961999893188,35.6271018981934,.
35679,.,-15.5961999893188,35.6271018981934,.
35680,.,-15.5961999893188,35.6271018981934,.
35681,.,-15.5961999893188,35.6271018981934,.
35682,.,-15.5961999893188,35.6271018981934,.
35683,.,-15.5961999893188,35.6271018981934,.
35684,.,-15.5961999893188,35.6271018981934,.
35685,.,-15.5961999893188,35.6271018981934,.
35686,.,-15.8131999969482,35.7591018676758,.
35687,.,-15.8131999969482,35.7591018676758,.
35688,.,-15.8131999969482,35.7591018676758,.
35689,.,-15.8131999969482,35.7591018676758,.
35690,.,-15.8131999969482,35.7591018676758,.
35691,.,-15.8131999969482,35.7591018676758,.
35692,.,-15.8131999969482,35.7591018676758,.
35693,.,-15.8131999969482,35.7591018676758,.
35694,.,-15.8131999969482,35.7591018676758,.
35695,.,-15.8131999969482,35.7591018676758,.
35696,.,-15.8131999969482,35.7591018676758,.
35697,.,-15.8131999969482,35.7591018676758,.
35698,.,-15.8131999969482,35.7591018676758,.
35699,.,-15.8131999969482,35.7591018676758,.
35700,.,-15.8131999969482,35.7591018676758,.
35701,.,-15.8131999969482,35.7591018676758,.
35702,.,-15.8131999969482,35.7591018676758,.
35703,.,-15.8131999969482,35.7591018676758,.
35704,.,-15.8131999969482,35.7591018676758,.
35705,.,-15.8131999969482,35.7591018676758,.
35706,.,-15.8131999969482,35.7591018676758,.
35707,.,-15.8131999969482,35.7591018676758,.
35708,.,-15.8131999969482,35.7591018676758,.
35709,.,-15.8131999969482,35.7591018676758,.
35710,.,-15.8131999969482,35.7591018676758,.
35711,.,-15.8131999969482,35.7591018676758,.
35712,.,-15.8131999969482,35.7591018676758,.
35713,.,-15.8131999969482,35.7591018676758,.
35714,.,-15.8131999969482,35.7591018676758,.
35715,.,-15.7489995956421,35.7919998168945,.
35716,.,-15.7489995956421,35.7919998168945,.
35717,.,-15.7489995956421,35.7919998168945,.
35718,.,-15.7489995956421,35.7919998168945,.
35719,.,-15.7489995956421,35.7919998168945,.
35720,.,-15.7489995956421,35.7919998168945,.
35721,.,-15.7489995956421,35.7919998168945,.
35722,.,-15.7489995956421,35.7919998168945,.
35723,.,-15.7489995956421,35.7919998168945,.
35724,.,-15.7489995956421,35.7919998168945,.
35725,.,-15.7489995956421,35.7919998168945,.
35726,.,-15.7489995956421,35.7919998168945,.
35727,.,-15.7489995956421,35.7919998168945,.
35728,.,-15.7489995956421,35.7919998168945,.
35729,.,-15.7489995956421,35.7919998168945,.
35730,.,-15.7489995956421,35.7919998168945,.
35731,.,-15.7489995956421,35.7919998168945,.
35732,.,-15.7489995956421,35.7919998168945,.
35733,.,-15.7489995956421,35.7919998168945,.
35734,.,-15.7489995956421,35.7919998168945,.
35735,.,-15.7489995956421,35.7919998168945,.
35736,.,-15.7489995956421,35.7919998168945,.
35737,.,-15.7489995956421,35.7919998168945,.
35738,.,-15.7489995956421,35.7919998168945,.
35739,.,-15.8868999481201,35.7840995788574,.
35740,.,-15.8868999481201,35.7840995788574,.
35741,.,-15.8868999481201,35.7840995788574,.
35742,.,-15.8868999481201,35.7840995788574,.
35743,.,-15.8868999481201,35.7840995788574,.
35744,.,-15.8868999481201,35.7840995788574,.
35745,.,-15.8868999481201,35.7840995788574,.
35746,.,-15.8868999481201,35.7840995788574,.
35747,.,-15.8868999481201,35.7840995788574,.
35748,.,-15.8868999481201,35.7840995788574,.
35749,.,-15.8868999481201,35.7840995788574,.
35750,.,-15.8868999481201,35.7840995788574,.
35751,.,-15.8868999481201,35.7840995788574,.
35752,.,-15.8868999481201,35.7840995788574,.
35753,.,-15.8868999481201,35.7840995788574,.
35754,.,-15.8868999481201,35.7840995788574,.
35755,.,-15.8868999481201,35.7840995788574,.
35756,.,-15.8868999481201,35.7840995788574,.
35757,.,-15.8868999481201,35.7840995788574,.
35758,.,-15.8868999481201,35.7840995788574,.
35759,.,-15.8868999481201,35.7840995788574,.
35760,.,-15.8868999481201,35.7840995788574,.
35761,.,-15.8868999481201,35.7840995788574,.
35762,.,-15.8868999481201,35.7840995788574,.
35763,.,-15.8868999481201,35.7840995788574,.
35764,.,-15.7538003921509,35.7905006408691,.
35765,.,-15.7538003921509,35.7905006408691,.
35766,.,-15.7538003921509,35.7905006408691,.
35767,.,-15.7538003921509,35.7905006408691,.
35768,.,-15.7538003921509,35.7905006408691,.
35769,.,-15.7538003921509,35.7905006408691,.
35770,.,-15.7538003921509,35.7905006408691,.
35771,.,-15.7538003921509,35.7905006408691,.
35772,.,-15.7538003921509,35.7905006408691,.
35773,.,-15.7538003921509,35.7905006408691,.
35774,.,-15.7538003921509,35.7905006408691,.
35775,.,-15.7538003921509,35.7905006408691,.
35776,.,-15.7538003921509,35.7905006408691,.
35777,.,-15.7538003921509,35.7905006408691,.
35778,.,-15.7538003921509,35.7905006408691,.
35779,.,-15.7538003921509,35.7905006408691,.
35780,.,-15.7538003921509,35.7905006408691,.
35781,.,-15.7538003921509,35.7905006408691,.
35782,.,-15.7538003921509,35.7905006408691,.
35783,.,-15.7538003921509,35.7905006408691,.
35784,.,-15.8646001815796,35.8088989257813,.
35785,.,-15.8646001815796,35.8088989257813,.
35786,.,-15.8646001815796,35.8088989257813,.
35787,.,-15.8646001815796,35.8088989257813,.
35788,.,-15.8646001815796,35.8088989257813,.
35789,.,-15.8646001815796,35.8088989257813,.
35790,.,-15.8646001815796,35.8088989257813,.
35791,.,-15.8646001815796,35.8088989257813,.
35792,.,-15.8646001815796,35.8088989257813,.
35793,.,-15.8646001815796,35.8088989257813,.
35794,.,-15.8646001815796,35.8088989257813,.
35795,.,-15.8646001815796,35.8088989257813,.
35796,.,-15.8646001815796,35.8088989257813,.
35797,.,-15.8646001815796,35.8088989257813,.
35798,.,-15.8646001815796,35.8088989257813,.
35799,.,-15.8646001815796,35.8088989257813,.
35800,.,-15.8646001815796,35.8088989257813,.
35801,.,-15.8646001815796,35.8088989257813,.
35802,.,-15.8646001815796,35.8088989257813,.
35803,.,-15.8646001815796,35.8088989257813,.
35804,.,-15.8646001815796,35.8088989257813,.
35805,.,-15.8646001815796,35.8088989257813,.
35806,.,-15.8646001815796,35.8088989257813,.
35807,.,-15.8646001815796,35.8088989257813,.
35808,.,-15.8646001815796,35.8088989257813,.
35809,.,-15.5548000335693,35.7946014404297,.
35810,.,-15.5548000335693,35.7946014404297,.
35811,.,-15.5548000335693,35.7946014404297,.
35812,.,-15.5548000335693,35.7946014404297,.
35813,.,-15.5548000335693,35.7946014404297,.
35814,.,-15.5548000335693,35.7946014404297,.
35815,.,-15.5548000335693,35.7946014404297,.
35816,.,-15.5548000335693,35.7946014404297,.
35817,.,-15.5548000335693,35.7946014404297,.
35818,.,-15.5548000335693,35.7946014404297,.
35819,.,-15.5548000335693,35.7946014404297,.
35820,.,-15.5548000335693,35.7946014404297,.
35821,.,-15.5548000335693,35.7946014404297,.
35822,.,-15.5548000335693,35.7946014404297,.
35823,.,-15.5548000335693,35.7946014404297,.
35824,.,-15.5548000335693,35.7946014404297,.
35825,.,-15.5548000335693,35.7946014404297,.
35826,.,-15.5548000335693,35.7946014404297,.
35827,.,-15.5548000335693,35.7946014404297,.
35828,.,-15.5548000335693,35.7946014404297,.
35829,.,-15.5548000335693,35.7946014404297,.
35830,.,-15.5548000335693,35.7946014404297,.
35831,.,-15.6297998428345,35.7234001159668,.
35832,.,-15.6297998428345,35.7234001159668,.
35833,.,-15.6297998428345,35.7234001159668,.
35834,.,-15.6297998428345,35.7234001159668,.
35835,.,-15.6297998428345,35.7234001159668,.
35836,.,-15.6297998428345,35.7234001159668,.
35837,.,-15.6297998428345,35.7234001159668,.
35838,.,-15.6297998428345,35.7234001159668,.
35839,.,-15.6297998428345,35.7234001159668,.
35840,.,-15.6297998428345,35.7234001159668,.
35841,.,-15.6297998428345,35.7234001159668,.
35842,.,-15.7988996505737,35.6646003723145,.
35843,.,-15.7988996505737,35.6646003723145,.
35844,.,-15.7988996505737,35.6646003723145,.
35845,.,-15.7988996505737,35.6646003723145,.
35846,.,-15.7988996505737,35.6646003723145,.
35847,.,-15.7988996505737,35.6646003723145,.
35848,.,-15.7988996505737,35.6646003723145,.
35849,.,-15.7988996505737,35.6646003723145,.
35850,.,-15.7988996505737,35.6646003723145,.
35851,.,-15.7988996505737,35.6646003723145,.
35852,.,-15.7988996505737,35.6646003723145,.
35853,.,-15.7988996505737,35.6646003723145,.
35854,.,-15.7988996505737,35.6646003723145,.
35855,.,-15.7988996505737,35.6646003723145,.
35856,.,-15.7988996505737,35.6646003723145,.
35857,.,-15.7988996505737,35.6646003723145,.
35858,.,-16.5188007354736,34.956600189209,.
35859,.,-16.5188007354736,34.956600189209,.
35860,.,-16.5188007354736,34.956600189209,.
35861,.,-16.5188007354736,34.956600189209,.
35862,.,-16.4820003509521,34.7476997375488,.
35863,.,-16.4820003509521,34.7476997375488,.
35864,.,-16.4820003509521,34.7476997375488,.
35865,.,-16.4820003509521,34.7476997375488,.
35866,.,-16.3812999725342,34.9281005859375,.
35867,.,-16.3812999725342,34.9281005859375,.
35868,.,-16.3812999725342,34.9281005859375,.
35869,.,-16.5282001495361,34.842399597168,.
35870,.,-16.5282001495361,34.842399597168,.
35871,.,-16.5282001495361,34.842399597168,.
35872,.,-16.3432006835938,34.7745018005371,.
35873,.,-16.315299987793,34.6916999816895,.
35874,.,-16.315299987793,34.6916999816895,.
35875,.,-16.315299987793,34.6916999816895,.
35876,.,-16.315299987793,34.6916999816895,.
35877,.,-16.4270992279053,34.9630012512207,.
35878,.,-16.4270992279053,34.9630012512207,.
35879,.,-16.4270992279053,34.9630012512207,.
35880,.,-16.2668991088867,34.8951988220215,.
35881,.,-16.2084007263184,34.8672981262207,.
35882,.,-16.2084007263184,34.8672981262207,.
35883,.,-16.2084007263184,34.8672981262207,.
35884,.,-16.2084007263184,34.8672981262207,.
35885,.,-16.2084007263184,34.8672981262207,.
35886,.,-15.9902000427246,34.3745994567871,.
35887,.,-15.9902000427246,34.3745994567871,.
35888,.,-15.9902000427246,34.3745994567871,.
35889,.,-15.9902000427246,34.3745994567871,.
35890,.,-15.9902000427246,34.3745994567871,.
35891,.,-15.8142995834351,34.3452987670898,.
35892,.,-15.8142995834351,34.3452987670898,.
35893,.,-15.8142995834351,34.3452987670898,.
35894,.,-15.8142995834351,34.3452987670898,.
35895,.,-16.0492992401123,34.5415992736816,.
35896,.,-16.0492992401123,34.5415992736816,.
35897,.,-16.0492992401123,34.5415992736816,.
35898,.,-16.0492992401123,34.5415992736816,.
35899,.,-16.0492992401123,34.5415992736816,.
35900,.,-16.0492992401123,34.5415992736816,.
35901,.,-16.0492992401123,34.5415992736816,.
35902,.,-16.1833992004395,34.6083984375,.
35903,.,-16.1833992004395,34.6083984375,.
35904,.,-16.1555995941162,34.905101776123,.
35905,.,-16.1555995941162,34.905101776123,.
35906,.,-16.1555995941162,34.905101776123,.
35907,.,-16.1555995941162,34.905101776123,.
35908,.,-16.1555995941162,34.905101776123,.
35909,.,-16.1555995941162,34.905101776123,.
35910,.,-16.1555995941162,34.905101776123,.
35911,.,-16.1555995941162,34.905101776123,.
35912,.,-16.1555995941162,34.905101776123,.
35913,.,-16.1555995941162,34.905101776123,.
35914,.,-16.1555995941162,34.905101776123,.
35915,.,-16.1555995941162,34.905101776123,.
35916,.,-16.0203990936279,34.9201011657715,.
35917,.,-16.0203990936279,34.9201011657715,.
35918,.,-16.0203990936279,34.9201011657715,.
35919,.,-16.0203990936279,34.9201011657715,.
35920,.,-16.0203990936279,34.9201011657715,.
35921,.,-16.0203990936279,34.9201011657715,.
35922,.,-16.0203990936279,34.9201011657715,.
35923,.,-16.0203990936279,34.9201011657715,.
35924,.,-16.0811996459961,34.8525009155273,.
35925,.,-16.0811996459961,34.8525009155273,.
35926,.,-16.0811996459961,34.8525009155273,.
35927,.,-16.051700592041,34.8112983703613,.
35928,.,-16.051700592041,34.8112983703613,.
35929,.,-16.051700592041,34.8112983703613,.
35930,.,-16.051700592041,34.8112983703613,.
35931,.,-16.051700592041,34.8112983703613,.
35932,.,-15.8247995376587,34.8375015258789,.
35933,.,-15.8247995376587,34.8375015258789,.
35934,.,-15.8247995376587,34.8375015258789,.
35935,.,-15.8247995376587,34.8375015258789,.
35936,.,-15.8247995376587,34.8375015258789,.
35937,.,-15.8247995376587,34.8375015258789,.
35938,.,-15.8247995376587,34.8375015258789,.
35939,.,-15.8247995376587,34.8375015258789,.
35940,.,-15.8247995376587,34.8375015258789,.
35941,.,-15.8247995376587,34.8375015258789,.
35942,.,-15.8247995376587,34.8375015258789,.
35943,.,-15.8247995376587,34.8375015258789,.
35944,.,-15.8247995376587,34.8375015258789,.
35945,.,-15.8247995376587,34.8375015258789,.
35946,.,-16.3024005889893,35.0298004150391,.
35947,.,-16.2544002532959,35.0261993408203,.
35948,.,-16.2544002532959,35.0261993408203,.
35949,.,-16.2544002532959,35.0261993408203,.
35950,.,-16.2544002532959,35.0261993408203,.
35951,.,-16.2544002532959,35.0261993408203,.
35952,.,-16.2544002532959,35.0261993408203,.
35953,.,-16.2544002532959,35.0261993408203,.
35954,.,-16.2544002532959,35.0261993408203,.
35955,.,-16.2544002532959,35.0261993408203,.
35956,.,-16.2544002532959,35.0261993408203,.
35957,.,-16.2544002532959,35.0261993408203,.
35958,.,-16.2544002532959,35.0261993408203,.
35959,.,-16.1345996856689,34.9357986450195,.
35960,.,-16.1345996856689,34.9357986450195,.
35961,.,-16.1345996856689,34.9357986450195,.
35962,.,-16.1345996856689,34.9357986450195,.
35963,.,-16.1345996856689,34.9357986450195,.
35964,.,-16.1345996856689,34.9357986450195,.
35965,.,-16.1345996856689,34.9357986450195,.
35966,.,-16.2082996368408,35.0075988769531,.
35967,.,-16.2082996368408,35.0075988769531,.
35968,.,-16.2082996368408,35.0075988769531,.
35969,.,-16.2082996368408,35.0075988769531,.
35970,.,-16.2082996368408,35.0075988769531,.
35971,.,-16.2082996368408,35.0075988769531,.
35972,.,-16.2082996368408,35.0075988769531,.
35973,.,-16.2082996368408,35.0075988769531,.
35974,.,-16.2082996368408,35.0075988769531,.
35975,.,-16.2082996368408,35.0075988769531,.
35976,.,-16.2082996368408,35.0075988769531,.
35977,.,-16.2082996368408,35.0075988769531,.
35978,.,-16.2082996368408,35.0075988769531,.
35979,.,-17.0718002319336,35.2271995544434,.
35980,.,-17.0718002319336,35.2271995544434,.
35981,.,-17.0718002319336,35.2271995544434,.
35982,.,-17.0718002319336,35.2271995544434,.
35983,.,-17.0718002319336,35.2271995544434,.
35984,.,-17.0718002319336,35.2271995544434,.
35985,.,-17.0718002319336,35.2271995544434,.
35986,.,-17.0133991241455,35.1801986694336,.
35987,.,-17.0133991241455,35.1801986694336,.
35988,.,-17.0133991241455,35.1801986694336,.
35989,.,-17.0133991241455,35.1801986694336,.
35990,.,-17.0133991241455,35.1801986694336,.
35991,.,-17.0133991241455,35.1801986694336,.
35992,.,-17.0133991241455,35.1801986694336,.
35993,.,-17.0499992370605,35.1542015075684,.
35994,.,-17.0499992370605,35.1542015075684,.
35995,.,-16.5088005065918,35.1817016601563,.
35996,.,-16.5088005065918,35.1817016601563,.
35997,.,-16.5088005065918,35.1817016601563,.
35998,.,-16.5088005065918,35.1817016601563,.
35999,.,-16.5088005065918,35.1817016601563,.
36000,.,-16.432300567627,35.2436981201172,.
36001,.,-16.4312992095947,35.1841011047363,.
36002,.,-16.4312992095947,35.1841011047363,.
36003,.,-16.4312992095947,35.1841011047363,.
36004,.,-16.4312992095947,35.1841011047363,.
36005,.,-16.4312992095947,35.1841011047363,.
36006,.,-16.4312992095947,35.1841011047363,.
36007,.,-16.4312992095947,35.1841011047363,.
36008,.,-16.4312992095947,35.1841011047363,.
36009,.,-16.4312992095947,35.1841011047363,.
36010,.,-16.4312992095947,35.1841011047363,.
36011,.,-16.4312992095947,35.1841011047363,.
36012,.,-16.4312992095947,35.1841011047363,.
36013,.,-16.4312992095947,35.1841011047363,.
36014,.,-16.4312992095947,35.1841011047363,.
36015,.,-16.4312992095947,35.1841011047363,.
36016,.,-16.4312992095947,35.1841011047363,.
36017,.,-16.4312992095947,35.1841011047363,.
36018,.,-16.4312992095947,35.1841011047363,.
36019,.,-16.4312992095947,35.1841011047363,.
36020,.,-16.4312992095947,35.1841011047363,.
36021,.,-16.4312992095947,35.1841011047363,.
36022,.,-16.4312992095947,35.1841011047363,.
36023,.,-16.4312992095947,35.1841011047363,.
36024,.,-16.3514003753662,35.1094017028809,.
36025,.,-16.3514003753662,35.1094017028809,.
36026,.,-16.3514003753662,35.1094017028809,.
36027,.,-16.3514003753662,35.1094017028809,.
36028,.,-16.3514003753662,35.1094017028809,.
36029,.,-16.3514003753662,35.1094017028809,.
36030,.,-16.3514003753662,35.1094017028809,.
36031,.,-16.3514003753662,35.1094017028809,.
36032,.,-16.3514003753662,35.1094017028809,.
36033,.,-16.3514003753662,35.1094017028809,.
36034,.,-16.3514003753662,35.1094017028809,.
36035,.,-16.3514003753662,35.1094017028809,.
36036,.,-16.3514003753662,35.1094017028809,.
36037,.,-16.3514003753662,35.1094017028809,.
36038,.,-16.3514003753662,35.1094017028809,.
36039,.,-16.3514003753662,35.1094017028809,.
36040,.,-16.372200012207,35.1525993347168,.
36041,.,-16.372200012207,35.1525993347168,.
36042,.,-16.3481998443604,35.1330986022949,.
36043,.,-16.3481998443604,35.1330986022949,.
36044,.,-16.3481998443604,35.1330986022949,.
36045,.,-16.3481998443604,35.1330986022949,.
36046,.,-16.3481998443604,35.1330986022949,.
36047,.,-16.3481998443604,35.1330986022949,.
36048,.,-16.3481998443604,35.1330986022949,.
36049,.,-16.3481998443604,35.1330986022949,.
36050,.,-16.3481998443604,35.1330986022949,.
36051,.,-16.3481998443604,35.1330986022949,.
36052,.,-16.3481998443604,35.1330986022949,.
36053,.,-16.3481998443604,35.1330986022949,.
36054,.,-16.3481998443604,35.1330986022949,.
36055,.,-16.3481998443604,35.1330986022949,.
36056,.,-16.3481998443604,35.1330986022949,.
36057,.,-16.3481998443604,35.1330986022949,.
36058,.,-16.3481998443604,35.1330986022949,.
36059,.,-16.3481998443604,35.1330986022949,.
36060,.,-16.3481998443604,35.1330986022949,.
36061,.,-16.7325992584229,35.2081985473633,.
36062,.,-16.7325992584229,35.2081985473633,.
36063,.,-16.7325992584229,35.2081985473633,.
36064,.,-16.7325992584229,35.2081985473633,.
36065,.,-16.7122001647949,35.2787017822266,.
36066,.,-16.7122001647949,35.2787017822266,.
36067,.,-16.7122001647949,35.2787017822266,.
36068,.,-16.8115997314453,35.293399810791,.
36069,.,-16.8115997314453,35.293399810791,.
36070,.,-16.8115997314453,35.293399810791,.
36071,.,-16.8115997314453,35.293399810791,.
36072,.,-16.8115997314453,35.293399810791,.
36073,.,-16.8115997314453,35.293399810791,.
36074,.,-16.8115997314453,35.293399810791,.
36075,.,-16.8115997314453,35.293399810791,.
36076,.,-16.6415996551514,35.1260986328125,.
36077,.,-16.6205997467041,35.0924987792969,.
36078,.,-16.5715999603271,35.1054992675781,.
36079,.,-16.5715999603271,35.1054992675781,.
36080,.,-16.5715999603271,35.1054992675781,.
36081,.,-16.5715999603271,35.1054992675781,.
36082,.,-16.5715999603271,35.1054992675781,.
36083,.,-16.5715999603271,35.1054992675781,.
36084,.,-16.5070991516113,35.0553016662598,.
36085,.,-16.5070991516113,35.0553016662598,.
36086,.,-16.5070991516113,35.0553016662598,.
36087,.,-16.9715995788574,35.1912002563477,.
36088,.,-16.9715995788574,35.1912002563477,.
36089,.,-16.9715995788574,35.1912002563477,.
36090,.,-16.9715995788574,35.1912002563477,.
36091,.,-16.9715995788574,35.1912002563477,.
36092,.,-16.9715995788574,35.1912002563477,.
36093,.,-16.9715995788574,35.1912002563477,.
36094,.,-16.9850006103516,35.1421012878418,.
36095,.,-16.9850006103516,35.1421012878418,.
36096,.,-16.9850006103516,35.1421012878418,.
36097,.,-16.9850006103516,35.1421012878418,.
36098,.,-16.9855003356934,35.2499008178711,.
36099,.,-16.9855003356934,35.2499008178711,.
36100,.,-16.9855003356934,35.2499008178711,.
36101,.,-16.9855003356934,35.2499008178711,.
36102,.,-16.7362995147705,35.0559997558594,.
36103,.,-16.7362995147705,35.0559997558594,.
36104,.,-16.7362995147705,35.0559997558594,.
36105,.,-16.9342994689941,35.2535018920898,.
36106,.,-16.9398002624512,35.2494010925293,.
36107,.,-14.9258003234863,35.0164985656738,.
36108,.,-14.9258003234863,35.0164985656738,.
36109,.,-14.9258003234863,35.0164985656738,.
36110,.,-14.9258003234863,35.0164985656738,.
36111,.,-14.9258003234863,35.0164985656738,.
36112,.,-14.9258003234863,35.0164985656738,.
36113,.,-14.9258003234863,35.0164985656738,.
36114,.,-14.9258003234863,35.0164985656738,.
36115,.,-14.9258003234863,35.0164985656738,.
36116,.,-14.9258003234863,35.0164985656738,.
36117,.,-14.9258003234863,35.0164985656738,.
36118,.,-14.9258003234863,35.0164985656738,.
36119,.,-14.9258003234863,35.0164985656738,.
36120,.,-15.2827997207642,34.8442993164063,.
36121,.,-15.2827997207642,34.8442993164063,.
36122,.,-15.2827997207642,34.8442993164063,.
36123,.,-15.2827997207642,34.8442993164063,.
36124,.,-15.2827997207642,34.8442993164063,.
36125,.,-15.2827997207642,34.8442993164063,.
36126,.,-15.2827997207642,34.8442993164063,.
36127,.,-15.2827997207642,34.8442993164063,.
36128,.,-15.2827997207642,34.8442993164063,.
36129,.,-15.2827997207642,34.8442993164063,.
36130,.,-15.2827997207642,34.8442993164063,.
36131,.,-15.2827997207642,34.8442993164063,.
36132,.,-15.2827997207642,34.8442993164063,.
36133,.,-15.2827997207642,34.8442993164063,.
36134,.,-15.2827997207642,34.8442993164063,.
36135,.,-15.2827997207642,34.8442993164063,.
36136,.,-15.0705995559692,35.1703987121582,.
36137,.,-15.0705995559692,35.1703987121582,.
36138,.,-15.0705995559692,35.1703987121582,.
36139,.,-15.0705995559692,35.1703987121582,.
36140,.,-15.0705995559692,35.1703987121582,.
36141,.,-15.0705995559692,35.1703987121582,.
36142,.,-15.0705995559692,35.1703987121582,.
36143,.,-15.0705995559692,35.1703987121582,.
36144,.,-15.0705995559692,35.1703987121582,.
36145,.,-15.0705995559692,35.1703987121582,.
36146,.,-15.0705995559692,35.1703987121582,.
36147,.,-15.0705995559692,35.1703987121582,.
36148,.,-15.0705995559692,35.1703987121582,.
36149,.,-15.0705995559692,35.1703987121582,.
36150,.,-15.0705995559692,35.1703987121582,.
36151,.,-15.0705995559692,35.1703987121582,.
36152,.,-15.0705995559692,35.1703987121582,.
36153,.,-15.0705995559692,35.1703987121582,.
36154,.,-15.0705995559692,35.1703987121582,.
36155,.,-15.0705995559692,35.1703987121582,.
36156,.,-15.0705995559692,35.1703987121582,.
36157,.,-15.0874004364014,35.0901985168457,.
36158,.,-15.0874004364014,35.0901985168457,.
36159,.,-15.0874004364014,35.0901985168457,.
36160,.,-15.0874004364014,35.0901985168457,.
36161,.,-15.0874004364014,35.0901985168457,.
36162,.,-15.0874004364014,35.0901985168457,.
36163,.,-15.0874004364014,35.0901985168457,.
36164,.,-15.0874004364014,35.0901985168457,.
36165,.,-15.0874004364014,35.0901985168457,.
36166,.,-15.0874004364014,35.0901985168457,.
36167,.,-15.0874004364014,35.0901985168457,.
36168,.,-15.0874004364014,35.0901985168457,.
36169,.,-15.0874004364014,35.0901985168457,.
36170,.,-15.0874004364014,35.0901985168457,.
36171,.,-15.0874004364014,35.0901985168457,.
36172,.,-15.2300996780396,35.1343002319336,.
36173,.,-15.2300996780396,35.1343002319336,.
36174,.,-15.2300996780396,35.1343002319336,.
36175,.,-15.2300996780396,35.1343002319336,.
36176,.,-15.2300996780396,35.1343002319336,.
36177,.,-15.2300996780396,35.1343002319336,.
36178,.,-15.2300996780396,35.1343002319336,.
36179,.,-15.2300996780396,35.1343002319336,.
36180,.,-15.2300996780396,35.1343002319336,.
36181,.,-15.2300996780396,35.1343002319336,.
36182,.,-15.2300996780396,35.1343002319336,.
36183,.,-15.1183004379272,34.9319000244141,.
36184,.,-15.1183004379272,34.9319000244141,.
36185,.,-15.1183004379272,34.9319000244141,.
36186,.,-15.1183004379272,34.9319000244141,.
36187,.,-15.1183004379272,34.9319000244141,.
36188,.,-15.1183004379272,34.9319000244141,.
36189,.,-15.1183004379272,34.9319000244141,.
36190,.,-15.1183004379272,34.9319000244141,.
36191,.,-15.1183004379272,34.9319000244141,.
36192,.,-15.1183004379272,34.9319000244141,.
36193,.,-15.1183004379272,34.9319000244141,.
36194,.,-15.1183004379272,34.9319000244141,.
36195,.,-15.1183004379272,34.9319000244141,.
36196,.,-15.1183004379272,34.9319000244141,.
36197,.,-15.1183004379272,34.9319000244141,.
36198,.,-15.1183004379272,34.9319000244141,.
36199,.,-15.2960996627808,35.0699005126953,.
36200,.,-15.2960996627808,35.0699005126953,.
36201,.,-15.2960996627808,35.0699005126953,.
36202,.,-15.2960996627808,35.0699005126953,.
36203,.,-15.2960996627808,35.0699005126953,.
36204,.,-15.2960996627808,35.0699005126953,.
36205,.,-15.2960996627808,35.0699005126953,.
36206,.,-15.2960996627808,35.0699005126953,.
36207,.,-15.2960996627808,35.0699005126953,.
36208,.,-15.2960996627808,35.0699005126953,.
36209,.,-15.2960996627808,35.0699005126953,.
36210,.,-15.2960996627808,35.0699005126953,.
36211,.,-15.2960996627808,35.0699005126953,.
36212,.,-15.2960996627808,35.0699005126953,.
36213,.,-15.2960996627808,35.0699005126953,.
36214,.,-15.2960996627808,35.0699005126953,.
36215,.,-15.2960996627808,35.0699005126953,.
36216,.,-15.2960996627808,35.0699005126953,.
36217,.,-15.0299997329712,34.9682998657227,.
36218,.,-15.0299997329712,34.9682998657227,.
36219,.,-15.0299997329712,34.9682998657227,.
36220,.,-15.0299997329712,34.9682998657227,.
36221,.,-15.0299997329712,34.9682998657227,.
36222,.,-15.0299997329712,34.9682998657227,.
36223,.,-15.0299997329712,34.9682998657227,.
36224,.,-15.0299997329712,34.9682998657227,.
36225,.,-15.0299997329712,34.9682998657227,.
36226,.,-15.0299997329712,34.9682998657227,.
36227,.,-15.0299997329712,34.9682998657227,.
36228,.,-15.0299997329712,34.9682998657227,.
36229,.,-15.0299997329712,34.9682998657227,.
36230,.,-15.0299997329712,34.9682998657227,.
36231,.,-15.0299997329712,34.9682998657227,.
36232,.,-15.0299997329712,34.9682998657227,.
36233,.,-15.0299997329712,34.9682998657227,.
36234,.,-15.0299997329712,34.9682998657227,.
36235,.,-15.0299997329712,34.9682998657227,.
36236,.,-15.0299997329712,34.9682998657227,.
36237,.,-15.0299997329712,34.9682998657227,.
36238,.,-15.0525999069214,34.9193992614746,.
36239,.,-15.0525999069214,34.9193992614746,.
36240,.,-15.0525999069214,34.9193992614746,.
36241,.,-15.0525999069214,34.9193992614746,.
36242,.,-15.0525999069214,34.9193992614746,.
36243,.,-15.0525999069214,34.9193992614746,.
36244,.,-15.0525999069214,34.9193992614746,.
36245,.,-15.0525999069214,34.9193992614746,.
36246,.,-15.0525999069214,34.9193992614746,.
36247,.,-15.0525999069214,34.9193992614746,.
36248,.,-15.0525999069214,34.9193992614746,.
36249,.,-15.0525999069214,34.9193992614746,.
36250,.,-15.0525999069214,34.9193992614746,.
36251,.,-15.0525999069214,34.9193992614746,.
36252,.,-15.0525999069214,34.9193992614746,.
36253,.,-15.0525999069214,34.9193992614746,.
36254,.,-15.0525999069214,34.9193992614746,.
36255,.,-15.0525999069214,34.9193992614746,.
36256,.,-15.0525999069214,34.9193992614746,.
36257,.,-15.0525999069214,34.9193992614746,.
36258,.,-15.0525999069214,34.9193992614746,.
36259,.,-15.0525999069214,34.9193992614746,.
36260,.,-15.0525999069214,34.9193992614746,.
36261,.,-15.0525999069214,34.9193992614746,.
36262,.,-14.9533004760742,34.9544982910156,.
36263,.,-14.9533004760742,34.9544982910156,.
36264,.,-14.9533004760742,34.9544982910156,.
36265,.,-14.9533004760742,34.9544982910156,.
36266,.,-14.9533004760742,34.9544982910156,.
36267,.,-14.9533004760742,34.9544982910156,.
36268,.,-14.9533004760742,34.9544982910156,.
36269,.,-14.9533004760742,34.9544982910156,.
36270,.,-14.9533004760742,34.9544982910156,.
36271,.,-14.9533004760742,34.9544982910156,.
36272,.,-14.9533004760742,34.9544982910156,.
36273,.,-14.9533004760742,34.9544982910156,.
36274,.,-14.9533004760742,34.9544982910156,.
36275,.,-15.0200996398926,35.0774993896484,.
36276,.,-15.0200996398926,35.0774993896484,.
36277,.,-15.0200996398926,35.0774993896484,.
36278,.,-15.0200996398926,35.0774993896484,.
36279,.,-15.0200996398926,35.0774993896484,.
36280,.,-15.0200996398926,35.0774993896484,.
36281,.,-15.0200996398926,35.0774993896484,.
36282,.,-15.0200996398926,35.0774993896484,.
36283,.,-15.0200996398926,35.0774993896484,.
36284,.,-15.0200996398926,35.0774993896484,.
36285,.,-15.0200996398926,35.0774993896484,.
36286,.,-15.0200996398926,35.0774993896484,.
36287,.,-15.0200996398926,35.0774993896484,.
36288,.,-15.019100189209,34.9992980957031,.
36289,.,-15.019100189209,34.9992980957031,.
36290,.,-15.019100189209,34.9992980957031,.
36291,.,-15.019100189209,34.9992980957031,.
36292,.,-15.019100189209,34.9992980957031,.
36293,.,-15.019100189209,34.9992980957031,.
36294,.,-15.019100189209,34.9992980957031,.
36295,.,-15.019100189209,34.9992980957031,.
36296,.,-15.019100189209,34.9992980957031,.
36297,.,-15.019100189209,34.9992980957031,.
36298,.,-15.019100189209,34.9992980957031,.
36299,.,-15.019100189209,34.9992980957031,.
36300,.,-15.019100189209,34.9992980957031,.
36301,.,-15.019100189209,34.9992980957031,.
36302,.,-15.019100189209,34.9992980957031,.
36303,.,-15.019100189209,34.9992980957031,.
36304,.,-15.019100189209,34.9992980957031,.
36305,.,-15.019100189209,34.9992980957031,.
36306,.,-15.019100189209,34.9992980957031,.
36307,.,-15.019100189209,34.9992980957031,.
36308,.,-15.019100189209,34.9992980957031,.
36309,.,-15.019100189209,34.9992980957031,.
36310,.,-15.2147998809814,34.8956985473633,.
36311,.,-15.2147998809814,34.8956985473633,.
36312,.,-15.2147998809814,34.8956985473633,.
36313,.,-15.2147998809814,34.8956985473633,.
36314,.,-15.2147998809814,34.8956985473633,.
36315,.,-15.2147998809814,34.8956985473633,.
36316,.,-15.2147998809814,34.8956985473633,.
36317,.,-15.2147998809814,34.8956985473633,.
36318,.,-15.2147998809814,34.8956985473633,.
36319,.,-15.2147998809814,34.8956985473633,.
36320,.,-15.0073003768921,35.2113990783691,.
36321,.,-15.0073003768921,35.2113990783691,.
36322,.,-15.0073003768921,35.2113990783691,.
36323,.,-15.0073003768921,35.2113990783691,.
36324,.,-15.0073003768921,35.2113990783691,.
36325,.,-15.0073003768921,35.2113990783691,.
36326,.,-15.0073003768921,35.2113990783691,.
36327,.,-15.0073003768921,35.2113990783691,.
36328,.,-15.0073003768921,35.2113990783691,.
36329,.,-15.0073003768921,35.2113990783691,.
36330,.,-15.0073003768921,35.2113990783691,.
36331,.,-15.0073003768921,35.2113990783691,.
36332,.,-15.0073003768921,35.2113990783691,.
36333,.,-15.0073003768921,35.2113990783691,.
36334,.,-15.0073003768921,35.2113990783691,.
36335,.,-15.0073003768921,35.2113990783691,.
36336,.,-14.8031997680664,34.997501373291,.
36337,.,-14.8031997680664,34.997501373291,.
36338,.,-14.8031997680664,34.997501373291,.
36339,.,-14.8031997680664,34.997501373291,.
36340,.,-14.8031997680664,34.997501373291,.
36341,.,-14.8031997680664,34.997501373291,.
36342,.,-14.8031997680664,34.997501373291,.
36343,.,-14.8031997680664,34.997501373291,.
36344,.,-14.8031997680664,34.997501373291,.
36345,.,-14.8031997680664,34.997501373291,.
36346,.,-14.8031997680664,34.997501373291,.
36347,.,-14.8031997680664,34.997501373291,.
36348,.,-14.8031997680664,34.997501373291,.
36349,.,-14.8031997680664,34.997501373291,.
36350,.,-14.8031997680664,34.997501373291,.
36351,.,-14.8031997680664,34.997501373291,.
36352,.,-14.8031997680664,34.997501373291,.
36353,.,-14.8031997680664,34.997501373291,.
36354,.,-14.8031997680664,34.997501373291,.
36355,.,-14.8031997680664,34.997501373291,.
36356,.,-14.8782997131348,35.2434997558594,.
36357,.,-14.8782997131348,35.2434997558594,.
36358,.,-14.8782997131348,35.2434997558594,.
36359,.,-14.8782997131348,35.2434997558594,.
36360,.,-14.8782997131348,35.2434997558594,.
36361,.,-14.8782997131348,35.2434997558594,.
36362,.,-14.8782997131348,35.2434997558594,.
36363,.,-14.8782997131348,35.2434997558594,.
36364,.,-14.8782997131348,35.2434997558594,.
36365,.,-14.8782997131348,35.2434997558594,.
36366,.,-14.8782997131348,35.2434997558594,.
36367,.,-14.8782997131348,35.2434997558594,.
36368,.,-14.8782997131348,35.2434997558594,.
36369,.,-14.8782997131348,35.2434997558594,.
36370,.,-14.8782997131348,35.2434997558594,.
36371,.,-14.8782997131348,35.2434997558594,.
36372,.,-14.8782997131348,35.2434997558594,.
36373,.,-14.8782997131348,35.2434997558594,.
36374,.,-14.8782997131348,35.2434997558594,.
36375,.,-14.8782997131348,35.2434997558594,.
36376,.,-14.8782997131348,35.2434997558594,.
36377,.,-14.8782997131348,35.2434997558594,.
36378,.,-14.8782997131348,35.2434997558594,.
36379,.,-14.9626998901367,35.2006988525391,.
36380,.,-14.9626998901367,35.2006988525391,.
36381,.,-14.9626998901367,35.2006988525391,.
36382,.,-14.9626998901367,35.2006988525391,.
36383,.,-14.9626998901367,35.2006988525391,.
36384,.,-14.9626998901367,35.2006988525391,.
36385,.,-14.9626998901367,35.2006988525391,.
36386,.,-14.9626998901367,35.2006988525391,.
36387,.,-14.9626998901367,35.2006988525391,.
36388,.,-14.9626998901367,35.2006988525391,.
36389,.,-14.9626998901367,35.2006988525391,.
36390,.,-14.9626998901367,35.2006988525391,.
36391,.,-14.9626998901367,35.2006988525391,.
36392,.,-14.8298997879028,35.1235008239746,.
36393,.,-14.8298997879028,35.1235008239746,.
36394,.,-14.8298997879028,35.1235008239746,.
36395,.,-14.8298997879028,35.1235008239746,.
36396,.,-14.8298997879028,35.1235008239746,.
36397,.,-14.8298997879028,35.1235008239746,.
36398,.,-14.8298997879028,35.1235008239746,.
36399,.,-14.8298997879028,35.1235008239746,.
36400,.,-14.8298997879028,35.1235008239746,.
36401,.,-14.8298997879028,35.1235008239746,.
36402,.,-14.8298997879028,35.1235008239746,.
36403,.,-14.8298997879028,35.1235008239746,.
36404,.,-14.8298997879028,35.1235008239746,.
36405,.,-14.8298997879028,35.1235008239746,.
36406,.,-14.7510004043579,35.1789016723633,.
36407,.,-14.7510004043579,35.1789016723633,.
36408,.,-14.7510004043579,35.1789016723633,.
36409,.,-14.7510004043579,35.1789016723633,.
36410,.,-14.7510004043579,35.1789016723633,.
36411,.,-14.7510004043579,35.1789016723633,.
36412,.,-14.7510004043579,35.1789016723633,.
36413,.,-14.7510004043579,35.1789016723633,.
36414,.,-14.7510004043579,35.1789016723633,.
36415,.,-14.7510004043579,35.1789016723633,.
36416,.,-14.7510004043579,35.1789016723633,.
36417,.,-14.7510004043579,35.1789016723633,.
36418,.,-14.7510004043579,35.1789016723633,.
36419,.,-14.7510004043579,35.1789016723633,.
36420,.,-14.7510004043579,35.1789016723633,.
36421,.,-14.7510004043579,35.1789016723633,.
36422,.,-14.7510004043579,35.1789016723633,.
36423,.,-14.8572998046875,35.1355018615723,.
36424,.,-14.8572998046875,35.1355018615723,.
36425,.,-14.8572998046875,35.1355018615723,.
36426,.,-14.8572998046875,35.1355018615723,.
36427,.,-14.8572998046875,35.1355018615723,.
36428,.,-14.8572998046875,35.1355018615723,.
36429,.,-14.8572998046875,35.1355018615723,.
36430,.,-14.8572998046875,35.1355018615723,.
36431,.,-14.8572998046875,35.1355018615723,.
36432,.,-14.8572998046875,35.1355018615723,.
36433,.,-14.8572998046875,35.1355018615723,.
36434,.,-14.8572998046875,35.1355018615723,.
36435,.,-14.8572998046875,35.1355018615723,.
36436,.,-14.8572998046875,35.1355018615723,.
36437,.,-14.8108997344971,35.2514991760254,.
36438,.,-14.8108997344971,35.2514991760254,.
36439,.,-14.8108997344971,35.2514991760254,.
36440,.,-14.8108997344971,35.2514991760254,.
36441,.,-14.8108997344971,35.2514991760254,.
36442,.,-14.8108997344971,35.2514991760254,.
36443,.,-14.8108997344971,35.2514991760254,.
36444,.,-14.8108997344971,35.2514991760254,.
36445,.,-14.8108997344971,35.2514991760254,.
36446,.,-14.8108997344971,35.2514991760254,.
36447,.,-14.8108997344971,35.2514991760254,.
36448,.,-14.8108997344971,35.2514991760254,.
36449,.,-14.8108997344971,35.2514991760254,.
36450,.,-14.8108997344971,35.2514991760254,.
36451,.,-14.8108997344971,35.2514991760254,.
36452,.,-14.8108997344971,35.2514991760254,.
36453,.,-14.8108997344971,35.2514991760254,.
36454,.,-14.8108997344971,35.2514991760254,.
36455,.,-14.8873996734619,35.1157989501953,.
36456,.,-14.8873996734619,35.1157989501953,.
36457,.,-14.8873996734619,35.1157989501953,.
36458,.,-14.8873996734619,35.1157989501953,.
36459,.,-14.8873996734619,35.1157989501953,.
36460,.,-14.8873996734619,35.1157989501953,.
36461,.,-14.8873996734619,35.1157989501953,.
36462,.,-14.8873996734619,35.1157989501953,.
36463,.,-14.8873996734619,35.1157989501953,.
36464,.,-14.8873996734619,35.1157989501953,.
36465,.,-14.8873996734619,35.1157989501953,.
36466,.,-14.8873996734619,35.1157989501953,.
36467,.,-14.8873996734619,35.1157989501953,.
36468,.,-14.8873996734619,35.1157989501953,.
36469,.,-14.8873996734619,35.1157989501953,.
36470,.,-14.8873996734619,35.1157989501953,.
36471,.,-14.8873996734619,35.1157989501953,.
36472,.,-14.8873996734619,35.1157989501953,.
36473,.,-14.8873996734619,35.1157989501953,.
36474,.,-14.9877004623413,34.9598999023438,.
36475,.,-14.9877004623413,34.9598999023438,.
36476,.,-14.9877004623413,34.9598999023438,.
36477,.,-14.9877004623413,34.9598999023438,.
36478,.,-14.9877004623413,34.9598999023438,.
36479,.,-14.9877004623413,34.9598999023438,.
36480,.,-14.9877004623413,34.9598999023438,.
36481,.,-14.9877004623413,34.9598999023438,.
36482,.,-14.9877004623413,34.9598999023438,.
36483,.,-14.9877004623413,34.9598999023438,.
36484,.,-14.9877004623413,34.9598999023438,.
36485,.,-14.9877004623413,34.9598999023438,.
36486,.,-14.9877004623413,34.9598999023438,.
36487,.,-14.9877004623413,34.9598999023438,.
36488,.,-14.981499671936,34.9429016113281,.
36489,.,-14.981499671936,34.9429016113281,.
36490,.,-14.981499671936,34.9429016113281,.
36491,.,-14.981499671936,34.9429016113281,.
36492,.,-14.981499671936,34.9429016113281,.
36493,.,-14.981499671936,34.9429016113281,.
36494,.,-14.981499671936,34.9429016113281,.
36495,.,-14.981499671936,34.9429016113281,.
36496,.,-14.981499671936,34.9429016113281,.
36497,.,-14.981499671936,34.9429016113281,.
36498,.,-14.981499671936,34.9429016113281,.
36499,.,-14.981499671936,34.9429016113281,.
36500,.,-14.981499671936,34.9429016113281,.
36501,.,-14.981499671936,34.9429016113281,.
36502,.,-14.981499671936,34.9429016113281,.
36503,.,-14.981499671936,34.9429016113281,.
36504,.,-15.231499671936,34.6021995544434,.
36505,.,-15.231499671936,34.6021995544434,.
36506,.,-15.231499671936,34.6021995544434,.
36507,.,-15.231499671936,34.6021995544434,.
36508,.,-15.231499671936,34.6021995544434,.
36509,.,-15.231499671936,34.6021995544434,.
36510,.,-15.231499671936,34.6021995544434,.
36511,.,-15.231499671936,34.6021995544434,.
36512,.,-15.231499671936,34.6021995544434,.
36513,.,-15.231499671936,34.6021995544434,.
36514,.,-15.3435001373291,34.5830993652344,.
36515,.,-15.3435001373291,34.5830993652344,.
36516,.,-15.3435001373291,34.5830993652344,.
36517,.,-15.3435001373291,34.5830993652344,.
36518,.,-15.3435001373291,34.5830993652344,.
36519,.,-15.3435001373291,34.5830993652344,.
36520,.,-15.3435001373291,34.5830993652344,.
36521,.,-15.3435001373291,34.5830993652344,.
36522,.,-15.3435001373291,34.5830993652344,.
36523,.,-15.3435001373291,34.5830993652344,.
36524,.,-15.3435001373291,34.5830993652344,.
36525,.,-15.3435001373291,34.5830993652344,.
36526,.,-15.3435001373291,34.5830993652344,.
36527,.,-15.3435001373291,34.5830993652344,.
36528,.,-15.3435001373291,34.5830993652344,.
36529,.,-15.3435001373291,34.5830993652344,.
36530,.,-15.3435001373291,34.5830993652344,.
36531,.,-15.3435001373291,34.5830993652344,.
36532,.,-15.395299911499,34.6506996154785,.
36533,.,-15.395299911499,34.6506996154785,.
36534,.,-15.395299911499,34.6506996154785,.
36535,.,-15.395299911499,34.6506996154785,.
36536,.,-15.395299911499,34.6506996154785,.
36537,.,-15.395299911499,34.6506996154785,.
36538,.,-15.395299911499,34.6506996154785,.
36539,.,-15.395299911499,34.6506996154785,.
36540,.,-15.395299911499,34.6506996154785,.
36541,.,-15.395299911499,34.6506996154785,.
36542,.,-15.395299911499,34.6506996154785,.
36543,.,-15.395299911499,34.6506996154785,.
36544,.,-15.395299911499,34.6506996154785,.
36545,.,-15.395299911499,34.6506996154785,.
36546,.,-15.395299911499,34.6506996154785,.
36547,.,-15.395299911499,34.6506996154785,.
36548,.,-15.395299911499,34.6506996154785,.
36549,.,-15.395299911499,34.6506996154785,.
36550,.,-15.395299911499,34.6506996154785,.
36551,.,-15.395299911499,34.6506996154785,.
36552,.,-15.395299911499,34.6506996154785,.
36553,.,-15.395299911499,34.6506996154785,.
36554,.,-15.395299911499,34.6506996154785,.
36555,.,-15.395299911499,34.6506996154785,.
36556,.,-15.4567003250122,34.5598983764648,.
36557,.,-15.4567003250122,34.5598983764648,.
36558,.,-15.4567003250122,34.5598983764648,.
36559,.,-15.4567003250122,34.5598983764648,.
36560,.,-15.4567003250122,34.5598983764648,.
36561,.,-15.4567003250122,34.5598983764648,.
36562,.,-15.4567003250122,34.5598983764648,.
36563,.,-15.4567003250122,34.5598983764648,.
36564,.,-15.4567003250122,34.5598983764648,.
36565,.,-15.4567003250122,34.5598983764648,.
36566,.,-15.4567003250122,34.5598983764648,.
36567,.,-15.4567003250122,34.5598983764648,.
36568,.,-15.4567003250122,34.5598983764648,.
36569,.,-15.4567003250122,34.5598983764648,.
36570,.,-15.4567003250122,34.5598983764648,.
36571,.,-15.4567003250122,34.5598983764648,.
36572,.,-15.4567003250122,34.5598983764648,.
36573,.,-15.4567003250122,34.5598983764648,.
36574,.,-15.4567003250122,34.5598983764648,.
36575,.,-15.4567003250122,34.5598983764648,.
36576,.,-15.4567003250122,34.5598983764648,.
36577,.,-15.4567003250122,34.5598983764648,.
36578,.,-15.4591999053955,34.5046005249023,.
36579,.,-15.4591999053955,34.5046005249023,.
36580,.,-15.4591999053955,34.5046005249023,.
36581,.,-15.4591999053955,34.5046005249023,.
36582,.,-15.4591999053955,34.5046005249023,.
36583,.,-15.2873001098633,34.5946998596191,.
36584,.,-15.2873001098633,34.5946998596191,.
36585,.,-15.2873001098633,34.5946998596191,.
36586,.,-15.2873001098633,34.5946998596191,.
36587,.,-15.2873001098633,34.5946998596191,.
36588,.,-15.2873001098633,34.5946998596191,.
36589,.,-15.2873001098633,34.5946998596191,.
36590,.,-15.2873001098633,34.5946998596191,.
36591,.,-15.2873001098633,34.5946998596191,.
36592,.,-15.2873001098633,34.5946998596191,.
36593,.,-15.2873001098633,34.5946998596191,.
36594,.,-15.2873001098633,34.5946998596191,.
36595,.,-15.2873001098633,34.5946998596191,.
36596,.,-15.2873001098633,34.5946998596191,.
36597,.,-15.2873001098633,34.5946998596191,.
36598,.,-15.2873001098633,34.5946998596191,.
36599,.,-15.2873001098633,34.5946998596191,.
36600,.,-15.2873001098633,34.5946998596191,.
36601,.,-15.4659004211426,34.6796989440918,.
36602,.,-15.4659004211426,34.6796989440918,.
36603,.,-15.4659004211426,34.6796989440918,.
36604,.,-15.4659004211426,34.6796989440918,.
36605,.,-15.4659004211426,34.6796989440918,.
36606,.,-15.4659004211426,34.6796989440918,.
36607,.,-15.4659004211426,34.6796989440918,.
36608,.,-15.4659004211426,34.6796989440918,.
36609,.,-15.4659004211426,34.6796989440918,.
36610,.,-15.4659004211426,34.6796989440918,.
36611,.,-15.4659004211426,34.6796989440918,.
36612,.,-15.4659004211426,34.6796989440918,.
36613,.,-15.4659004211426,34.6796989440918,.
36614,.,-15.4659004211426,34.6796989440918,.
36615,.,-15.4659004211426,34.6796989440918,.
36616,.,-15.4659004211426,34.6796989440918,.
36617,.,-15.4659004211426,34.6796989440918,.
36618,.,-15.4659004211426,34.6796989440918,.
36619,.,-15.4659004211426,34.6796989440918,.
36620,.,-15.4659004211426,34.6796989440918,.
36621,.,-15.4659004211426,34.6796989440918,.
36622,.,-15.4659004211426,34.6796989440918,.
36623,.,-15.4659004211426,34.6796989440918,.
36624,.,-15.6308002471924,34.644100189209,.
36625,.,-15.6308002471924,34.644100189209,.
36626,.,-15.6308002471924,34.644100189209,.
36627,.,-15.6308002471924,34.644100189209,.
36628,.,-15.6308002471924,34.644100189209,.
36629,.,-15.6308002471924,34.644100189209,.
36630,.,-15.6308002471924,34.644100189209,.
36631,.,-15.6308002471924,34.644100189209,.
36632,.,-15.6308002471924,34.644100189209,.
36633,.,-15.6308002471924,34.644100189209,.
36634,.,-15.6308002471924,34.644100189209,.
36635,.,-15.6308002471924,34.644100189209,.
36636,.,-15.6308002471924,34.644100189209,.
36637,.,-15.6308002471924,34.644100189209,.
36638,.,-15.6308002471924,34.644100189209,.
36639,.,-15.6308002471924,34.644100189209,.
36640,.,-15.6308002471924,34.644100189209,.
36641,.,-15.6308002471924,34.644100189209,.
36642,.,-15.6308002471924,34.644100189209,.
36643,.,-15.6308002471924,34.644100189209,.
36644,.,-15.6308002471924,34.644100189209,.
36645,.,-15.4489002227783,34.5674018859863,.
36646,.,-15.4489002227783,34.5674018859863,.
36647,.,-15.4489002227783,34.5674018859863,.
36648,.,-15.4489002227783,34.5674018859863,.
36649,.,-15.4489002227783,34.5674018859863,.
36650,.,-15.4489002227783,34.5674018859863,.
36651,.,-15.4489002227783,34.5674018859863,.
36652,.,-15.4489002227783,34.5674018859863,.
36653,.,-15.4489002227783,34.5674018859863,.
36654,.,-15.4489002227783,34.5674018859863,.
36655,.,-15.4489002227783,34.5674018859863,.
36656,.,-15.4489002227783,34.5674018859863,.
36657,.,-15.4489002227783,34.5674018859863,.
36658,.,-15.4489002227783,34.5674018859863,.
36659,.,-15.4489002227783,34.5674018859863,.
36660,.,-15.4489002227783,34.5674018859863,.
36661,.,-15.5441999435425,34.6716995239258,.
36662,.,-15.5441999435425,34.6716995239258,.
36663,.,-15.5441999435425,34.6716995239258,.
36664,.,-15.5441999435425,34.6716995239258,.
36665,.,-15.5441999435425,34.6716995239258,.
36666,.,-15.5441999435425,34.6716995239258,.
36667,.,-15.5441999435425,34.6716995239258,.
36668,.,-15.5441999435425,34.6716995239258,.
36669,.,-15.5441999435425,34.6716995239258,.
36670,.,-15.5441999435425,34.6716995239258,.
36671,.,-15.5441999435425,34.6716995239258,.
36672,.,-15.5441999435425,34.6716995239258,.
36673,.,-15.5441999435425,34.6716995239258,.
36674,.,-15.5441999435425,34.6716995239258,.
36675,.,-15.5441999435425,34.6716995239258,.
36676,.,-15.5441999435425,34.6716995239258,.
36677,.,-15.5013999938965,34.5945014953613,.
36678,.,-15.5013999938965,34.5945014953613,.
36679,.,-15.5013999938965,34.5945014953613,.
36680,.,-15.5013999938965,34.5945014953613,.
36681,.,-15.5013999938965,34.5945014953613,.
36682,.,-15.5013999938965,34.5945014953613,.
36683,.,-15.5013999938965,34.5945014953613,.
36684,.,-15.5013999938965,34.5945014953613,.
36685,.,-15.5013999938965,34.5945014953613,.
36686,.,-15.5013999938965,34.5945014953613,.
36687,.,-15.5013999938965,34.5945014953613,.
36688,.,-15.5013999938965,34.5945014953613,.
36689,.,-15.5013999938965,34.5945014953613,.
36690,.,-15.4288997650146,34.7981986999512,.
36691,.,-15.4288997650146,34.7981986999512,.
36692,.,-15.4288997650146,34.7981986999512,.
36693,.,-15.4288997650146,34.7981986999512,.
36694,.,-15.4288997650146,34.7981986999512,.
36695,.,-15.4288997650146,34.7981986999512,.
36696,.,-15.4288997650146,34.7981986999512,.
36697,.,-15.4288997650146,34.7981986999512,.
36698,.,-15.4288997650146,34.7981986999512,.
36699,.,-15.4288997650146,34.7981986999512,.
36700,.,-15.4288997650146,34.7981986999512,.
36701,.,-15.4288997650146,34.7981986999512,.
36702,.,-15.3218002319336,34.9846992492676,.
36703,.,-15.3218002319336,34.9846992492676,.
36704,.,-15.3218002319336,34.9846992492676,.
36705,.,-15.3218002319336,34.9846992492676,.
36706,.,-15.3218002319336,34.9846992492676,.
36707,.,-15.3218002319336,34.9846992492676,.
36708,.,-15.3218002319336,34.9846992492676,.
36709,.,-15.3218002319336,34.9846992492676,.
36710,.,-15.3218002319336,34.9846992492676,.
36711,.,-15.3218002319336,34.9846992492676,.
36712,.,-15.3218002319336,34.9846992492676,.
36713,.,-15.4287996292114,34.8176002502441,.
36714,.,-15.4287996292114,34.8176002502441,.
36715,.,-15.4287996292114,34.8176002502441,.
36716,.,-15.4287996292114,34.8176002502441,.
36717,.,-15.4287996292114,34.8176002502441,.
36718,.,-15.4287996292114,34.8176002502441,.
36719,.,-15.4287996292114,34.8176002502441,.
36720,.,-15.4287996292114,34.8176002502441,.
36721,.,-15.4287996292114,34.8176002502441,.
36722,.,-15.4287996292114,34.8176002502441,.
36723,.,-15.4287996292114,34.8176002502441,.
36724,.,-15.4287996292114,34.8176002502441,.
36725,.,-15.4287996292114,34.8176002502441,.
36726,.,-15.4287996292114,34.8176002502441,.
36727,.,-15.4287996292114,34.8176002502441,.
36728,.,-15.4411001205444,34.7938003540039,.
36729,.,-15.4411001205444,34.7938003540039,.
36730,.,-15.4411001205444,34.7938003540039,.
36731,.,-15.4411001205444,34.7938003540039,.
36732,.,-15.4411001205444,34.7938003540039,.
36733,.,-15.4411001205444,34.7938003540039,.
36734,.,-15.4411001205444,34.7938003540039,.
36735,.,-15.4411001205444,34.7938003540039,.
36736,.,-15.4411001205444,34.7938003540039,.
36737,.,-15.4411001205444,34.7938003540039,.
36738,.,-15.4411001205444,34.7938003540039,.
36739,.,-15.4411001205444,34.7938003540039,.
36740,.,-15.4411001205444,34.7938003540039,.
36741,.,-15.4411001205444,34.7938003540039,.
36742,.,-15.4411001205444,34.7938003540039,.
36743,.,-15.4411001205444,34.7938003540039,.
36744,.,-15.418399810791,34.7535018920898,.
36745,.,-15.418399810791,34.7535018920898,.
36746,.,-15.418399810791,34.7535018920898,.
36747,.,-15.418399810791,34.7535018920898,.
36748,.,-15.418399810791,34.7535018920898,.
36749,.,-15.418399810791,34.7535018920898,.
36750,.,-15.418399810791,34.7535018920898,.
36751,.,-15.418399810791,34.7535018920898,.
36752,.,-15.418399810791,34.7535018920898,.
36753,.,-15.418399810791,34.7535018920898,.
36754,.,-15.418399810791,34.7535018920898,.
36755,.,-15.418399810791,34.7535018920898,.
36756,.,-15.418399810791,34.7535018920898,.
36757,.,-15.3514995574951,34.7985000610352,.
36758,.,-15.3514995574951,34.7985000610352,.
36759,.,-15.3514995574951,34.7985000610352,.
36760,.,-15.3514995574951,34.7985000610352,.
36761,.,-15.3514995574951,34.7985000610352,.
36762,.,-15.3514995574951,34.7985000610352,.
36763,.,-15.3514995574951,34.7985000610352,.
36764,.,-15.3514995574951,34.7985000610352,.
36765,.,-15.3514995574951,34.7985000610352,.
36766,.,-15.3514995574951,34.7985000610352,.
36767,.,-15.3308000564575,34.8908996582031,.
36768,.,-15.3308000564575,34.8908996582031,.
36769,.,-15.3308000564575,34.8908996582031,.
36770,.,-15.3308000564575,34.8908996582031,.
36771,.,-15.3308000564575,34.8908996582031,.
36772,.,-15.3308000564575,34.8908996582031,.
36773,.,-15.3308000564575,34.8908996582031,.
36774,.,-15.3308000564575,34.8908996582031,.
36775,.,-15.3308000564575,34.8908996582031,.
36776,.,-15.3308000564575,34.8908996582031,.
36777,.,-15.3308000564575,34.8908996582031,.
36778,.,-15.5062999725342,34.7785987854004,.
36779,.,-15.5062999725342,34.7785987854004,.
36780,.,-15.5062999725342,34.7785987854004,.
36781,.,-15.5062999725342,34.7785987854004,.
36782,.,-15.5062999725342,34.7785987854004,.
36783,.,-15.5062999725342,34.7785987854004,.
36784,.,-15.5062999725342,34.7785987854004,.
36785,.,-15.5062999725342,34.7785987854004,.
36786,.,-15.5062999725342,34.7785987854004,.
36787,.,-15.5062999725342,34.7785987854004,.
36788,.,-15.5062999725342,34.7785987854004,.
36789,.,-15.3812999725342,34.9114990234375,.
36790,.,-15.3812999725342,34.9114990234375,.
36791,.,-15.3812999725342,34.9114990234375,.
36792,.,-15.3812999725342,34.9114990234375,.
36793,.,-15.3812999725342,34.9114990234375,.
36794,.,-15.3812999725342,34.9114990234375,.
36795,.,-15.3812999725342,34.9114990234375,.
36796,.,-15.3812999725342,34.9114990234375,.
36797,.,-15.3812999725342,34.9114990234375,.
36798,.,-15.3812999725342,34.9114990234375,.
36799,.,-15.3812999725342,34.9114990234375,.
36800,.,-15.3812999725342,34.9114990234375,.
36801,.,-15.3812999725342,34.9114990234375,.
36802,.,-15.3812999725342,34.9114990234375,.
36803,.,-15.3812999725342,34.9114990234375,.
36804,.,-15.3812999725342,34.9114990234375,.
36805,.,-15.3812999725342,34.9114990234375,.
36806,.,-15.3812999725342,34.9114990234375,.
36807,.,-15.3812999725342,34.9114990234375,.
36808,.,-15.3812999725342,34.9114990234375,.
36809,.,-15.3812999725342,34.9114990234375,.
36810,.,-15.3812999725342,34.9114990234375,.
36811,.,-15.3812999725342,34.9114990234375,.
36812,.,-15.2901000976563,34.7135009765625,.
36813,.,-15.2901000976563,34.7135009765625,.
36814,.,-15.2901000976563,34.7135009765625,.
36815,.,-15.2901000976563,34.7135009765625,.
36816,.,-15.2901000976563,34.7135009765625,.
36817,.,-15.2901000976563,34.7135009765625,.
36818,.,-15.2901000976563,34.7135009765625,.
36819,.,-15.2901000976563,34.7135009765625,.
36820,.,-15.2901000976563,34.7135009765625,.
36821,.,-15.2901000976563,34.7135009765625,.
36822,.,-15.2901000976563,34.7135009765625,.
36823,.,-15.2901000976563,34.7135009765625,.
36824,.,-15.2901000976563,34.7135009765625,.
36825,.,-15.2901000976563,34.7135009765625,.
36826,.,-15.2901000976563,34.7135009765625,.
36827,.,-15.2901000976563,34.7135009765625,.
36828,.,-15.2901000976563,34.7135009765625,.
36829,.,-15.2901000976563,34.7135009765625,.
36830,.,-15.3373003005981,34.6857986450195,.
36831,.,-15.3373003005981,34.6857986450195,.
36832,.,-15.3373003005981,34.6857986450195,.
36833,.,-15.3373003005981,34.6857986450195,.
36834,.,-15.3373003005981,34.6857986450195,.
36835,.,-15.3373003005981,34.6857986450195,.
36836,.,-15.3373003005981,34.6857986450195,.
36837,.,-15.3373003005981,34.6857986450195,.
36838,.,-15.3373003005981,34.6857986450195,.
36839,.,-15.3373003005981,34.6857986450195,.
36840,.,-15.3373003005981,34.6857986450195,.
36841,.,-15.3373003005981,34.6857986450195,.
36842,.,-15.3373003005981,34.6857986450195,.
36843,.,-15.3373003005981,34.6857986450195,.
36844,.,-15.3373003005981,34.6857986450195,.
36845,.,-15.3373003005981,34.6857986450195,.
36846,.,-15.3373003005981,34.6857986450195,.
36847,.,-15.3373003005981,34.6857986450195,.
36848,.,-15.3373003005981,34.6857986450195,.
36849,.,-15.3373003005981,34.6857986450195,.
36850,.,-15.3373003005981,34.6857986450195,.
36851,.,-15.3373003005981,34.6857986450195,.
36852,.,-15.3373003005981,34.6857986450195,.
36853,.,-15.3826999664307,34.6797981262207,.
36854,.,-15.3826999664307,34.6797981262207,.
36855,.,-15.3826999664307,34.6797981262207,.
36856,.,-15.3826999664307,34.6797981262207,.
36857,.,-15.3826999664307,34.6797981262207,.
36858,.,-15.3826999664307,34.6797981262207,.
36859,.,-15.3826999664307,34.6797981262207,.
36860,.,-15.3826999664307,34.6797981262207,.
36861,.,-15.3826999664307,34.6797981262207,.
36862,.,-15.3826999664307,34.6797981262207,.
36863,.,-15.3826999664307,34.6797981262207,.
36864,.,-15.3826999664307,34.6797981262207,.
36865,.,-15.3826999664307,34.6797981262207,.
36866,.,-15.3826999664307,34.6797981262207,.
36867,.,-15.3620004653931,34.7046012878418,.
36868,.,-15.3620004653931,34.7046012878418,.
36869,.,-15.3620004653931,34.7046012878418,.
36870,.,-15.3620004653931,34.7046012878418,.
36871,.,-15.3620004653931,34.7046012878418,.
36872,.,-15.3620004653931,34.7046012878418,.
36873,.,-15.3620004653931,34.7046012878418,.
36874,.,-15.3620004653931,34.7046012878418,.
36875,.,-15.3620004653931,34.7046012878418,.
36876,.,-15.3620004653931,34.7046012878418,.
36877,.,-15.3620004653931,34.7046012878418,.
36878,.,-15.3620004653931,34.7046012878418,.
36879,.,-15.3620004653931,34.7046012878418,.
36880,.,-15.3620004653931,34.7046012878418,.
36881,.,-15.3620004653931,34.7046012878418,.
36882,.,-15.3620004653931,34.7046012878418,.
36883,.,-15.3620004653931,34.7046012878418,.
36884,.,-15.3620004653931,34.7046012878418,.
36885,.,-15.3858003616333,35.3092994689941,.
36886,.,-15.3858003616333,35.3092994689941,.
36887,.,-15.3858003616333,35.3092994689941,.
36888,.,-15.3858003616333,35.3092994689941,.
36889,.,-15.3858003616333,35.3092994689941,.
36890,.,-15.3858003616333,35.3092994689941,.
36891,.,-15.3858003616333,35.3092994689941,.
36892,.,-15.3858003616333,35.3092994689941,.
36893,.,-15.3858003616333,35.3092994689941,.
36894,.,-15.3858003616333,35.3092994689941,.
36895,.,-15.3858003616333,35.3092994689941,.
36896,.,-15.3858003616333,35.3092994689941,.
36897,.,-15.3858003616333,35.3092994689941,.
36898,.,-15.3745002746582,35.2980003356934,.
36899,.,-15.3745002746582,35.2980003356934,.
36900,.,-15.3745002746582,35.2980003356934,.
36901,.,-15.3745002746582,35.2980003356934,.
36902,.,-15.3745002746582,35.2980003356934,.
36903,.,-15.3745002746582,35.2980003356934,.
36904,.,-15.3745002746582,35.2980003356934,.
36905,.,-15.3745002746582,35.2980003356934,.
36906,.,-15.3745002746582,35.2980003356934,.
36907,.,-15.3905000686646,35.2943992614746,.
36908,.,-15.3905000686646,35.2943992614746,.
36909,.,-15.3905000686646,35.2943992614746,.
36910,.,-15.3905000686646,35.2943992614746,.
36911,.,-15.3905000686646,35.2943992614746,.
36912,.,-15.3905000686646,35.2943992614746,.
36913,.,-15.3905000686646,35.2943992614746,.
36914,.,-15.3905000686646,35.2943992614746,.
36915,.,-15.3905000686646,35.2943992614746,.
36916,.,-15.3905000686646,35.2943992614746,.
36917,.,-15.3905000686646,35.2943992614746,.
36918,.,-15.3905000686646,35.2943992614746,.
36919,.,-15.3905000686646,35.2943992614746,.
36920,.,-15.3905000686646,35.2943992614746,.
36921,.,-15.3993997573853,35.3126983642578,.
36922,.,-15.3993997573853,35.3126983642578,.
36923,.,-15.3993997573853,35.3126983642578,.
36924,.,-15.3993997573853,35.3126983642578,.
36925,.,-15.3993997573853,35.3126983642578,.
36926,.,-15.3993997573853,35.3126983642578,.
36927,.,-15.3993997573853,35.3126983642578,.
36928,.,-15.3993997573853,35.3126983642578,.
36929,.,-15.3993997573853,35.3126983642578,.
36930,.,-15.3993997573853,35.3126983642578,.
36931,.,-15.3993997573853,35.3126983642578,.
36932,.,-15.378399848938,35.3493003845215,.
36933,.,-15.378399848938,35.3493003845215,.
36934,.,-15.378399848938,35.3493003845215,.
36935,.,-15.378399848938,35.3493003845215,.
36936,.,-15.378399848938,35.3493003845215,.
36937,.,-15.378399848938,35.3493003845215,.
36938,.,-15.378399848938,35.3493003845215,.
36939,.,-15.378399848938,35.3493003845215,.
36940,.,-15.378399848938,35.3493003845215,.
36941,.,-15.378399848938,35.3493003845215,.
36942,.,-15.378399848938,35.3493003845215,.
36943,.,-15.378399848938,35.3493003845215,.
36944,.,-15.378399848938,35.3493003845215,.
36945,.,-15.378399848938,35.3493003845215,.
36946,.,-15.3787002563477,35.342098236084,.
36947,.,-15.3787002563477,35.342098236084,.
36948,.,-15.3787002563477,35.342098236084,.
36949,.,-15.3787002563477,35.342098236084,.
36950,.,-15.3787002563477,35.342098236084,.
36951,.,-15.3787002563477,35.342098236084,.
36952,.,-15.3787002563477,35.342098236084,.
36953,.,-15.3787002563477,35.342098236084,.
36954,.,-15.3787002563477,35.342098236084,.
36955,.,-15.3787002563477,35.342098236084,.
36956,.,-15.3787002563477,35.342098236084,.
36957,.,-15.3787002563477,35.342098236084,.
36958,.,-15.3787002563477,35.342098236084,.
36959,.,-15.3787002563477,35.342098236084,.
36960,.,-15.3787002563477,35.342098236084,.
36961,.,-15.3787002563477,35.342098236084,.
36962,.,-15.3774995803833,35.3721008300781,.
36963,.,-15.3774995803833,35.3721008300781,.
36964,.,-15.3774995803833,35.3721008300781,.
36965,.,-15.3774995803833,35.3721008300781,.
36966,.,-15.3774995803833,35.3721008300781,.
36967,.,-15.3774995803833,35.3721008300781,.
36968,.,-15.3774995803833,35.3721008300781,.
36969,.,-15.3774995803833,35.3721008300781,.
36970,.,-15.3774995803833,35.3721008300781,.
36971,.,-15.3774995803833,35.3721008300781,.
36972,.,-15.3774995803833,35.3721008300781,.
36973,.,-15.3774995803833,35.3721008300781,.
36974,.,-15.3774995803833,35.3721008300781,.
36975,.,-15.3787002563477,35.342700958252,.
36976,.,-15.3787002563477,35.342700958252,.
36977,.,-15.3736000061035,35.3643989562988,.
36978,.,-15.3736000061035,35.3643989562988,.
36979,.,-15.3736000061035,35.3643989562988,.
36980,.,-15.3736000061035,35.3643989562988,.
36981,.,-15.3736000061035,35.3643989562988,.
36982,.,-15.3736000061035,35.3643989562988,.
36983,.,-15.3736000061035,35.3643989562988,.
36984,.,-15.3736000061035,35.3643989562988,.
36985,.,-15.3736000061035,35.3643989562988,.
36986,.,-15.3736000061035,35.3643989562988,.
36987,.,-15.3736000061035,35.3643989562988,.
36988,.,-15.3736000061035,35.3643989562988,.
36989,.,-15.3736000061035,35.3643989562988,.
36990,.,-15.3736000061035,35.3643989562988,.
36991,.,-15.3736000061035,35.3643989562988,.
36992,.,-15.3736000061035,35.3643989562988,.
36993,.,-15.377799987793,35.3540992736816,.
36994,.,-15.377799987793,35.3540992736816,.
36995,.,-15.377799987793,35.3540992736816,.
36996,.,-15.377799987793,35.3540992736816,.
36997,.,-15.377799987793,35.3540992736816,.
36998,.,-15.377799987793,35.3540992736816,.
36999,.,-15.377799987793,35.3540992736816,.
37000,.,-15.377799987793,35.3540992736816,.
37001,.,-15.377799987793,35.3540992736816,.
37002,.,-15.377799987793,35.3540992736816,.
37003,.,-15.377799987793,35.3540992736816,.
37004,.,-15.377799987793,35.3540992736816,.
37005,.,-15.377799987793,35.3540992736816,.
37006,.,-15.377799987793,35.3540992736816,.
37007,.,-15.3887996673584,35.3576011657715,.
37008,.,-15.3887996673584,35.3576011657715,.
37009,.,-15.3887996673584,35.3576011657715,.
37010,.,-15.3887996673584,35.3576011657715,.
37011,.,-15.3887996673584,35.3576011657715,.
37012,.,-15.3887996673584,35.3576011657715,.
37013,.,-15.3887996673584,35.3576011657715,.
37014,.,-15.3887996673584,35.3576011657715,.
37015,.,-15.3887996673584,35.3576011657715,.
37016,.,-15.4104995727539,35.3115005493164,.
37017,.,-15.4104995727539,35.3115005493164,.
37018,.,-15.4104995727539,35.3115005493164,.
37019,.,-15.4104995727539,35.3115005493164,.
37020,.,-15.4104995727539,35.3115005493164,.
37021,.,-15.4104995727539,35.3115005493164,.
37022,.,-15.4104995727539,35.3115005493164,.
37023,.,-15.4104995727539,35.3115005493164,.
37024,.,-15.4104995727539,35.3115005493164,.
37025,.,-15.4104995727539,35.3115005493164,.
37026,.,-15.4104995727539,35.3115005493164,.
37027,.,-15.4104995727539,35.3115005493164,.
37028,.,-15.4104995727539,35.3115005493164,.
37029,.,-15.4104995727539,35.3115005493164,.
37030,.,-15.3870000839233,35.3259010314941,.
37031,.,-15.3870000839233,35.3259010314941,.
37032,.,-15.3870000839233,35.3259010314941,.
37033,.,-15.4034004211426,35.3205986022949,.
37034,.,-15.4034004211426,35.3205986022949,.
37035,.,-15.4034004211426,35.3205986022949,.
37036,.,-15.4034004211426,35.3205986022949,.
37037,.,-15.4034004211426,35.3205986022949,.
37038,.,-15.4034004211426,35.3205986022949,.
37039,.,-15.4034004211426,35.3205986022949,.
37040,.,-15.4034004211426,35.3205986022949,.
37041,.,-15.4034004211426,35.3205986022949,.
37042,.,-15.4001998901367,35.3404998779297,.
37043,.,-15.4001998901367,35.3404998779297,.
37044,.,-15.4001998901367,35.3404998779297,.
37045,.,-15.4001998901367,35.3404998779297,.
37046,.,-15.4001998901367,35.3404998779297,.
37047,.,-15.4001998901367,35.3404998779297,.
37048,.,-15.4001998901367,35.3404998779297,.
37049,.,-15.4001998901367,35.3404998779297,.
37050,.,-15.4001998901367,35.3404998779297,.
37051,.,-15.4001998901367,35.3404998779297,.
37052,.,-15.4001998901367,35.3404998779297,.
37053,.,-15.4001998901367,35.3404998779297,.
37054,.,-15.4001998901367,35.3404998779297,.
37055,.,-15.4001998901367,35.3404998779297,.
37056,.,-15.4001998901367,35.3404998779297,.
37057,.,-15.4001998901367,35.3404998779297,.
37058,.,-15.4001998901367,35.3404998779297,.
37059,.,-15.4001998901367,35.3404998779297,.
37060,.,-15.4001998901367,35.3404998779297,.
37061,.,-15.4001998901367,35.3404998779297,.
37062,.,-15.4001998901367,35.3404998779297,.
37063,.,-15.4001998901367,35.3404998779297,.
37064,.,-15.4001998901367,35.3404998779297,.
37065,.,-15.4001998901367,35.3404998779297,.
37066,.,-15.4001998901367,35.3404998779297,.
37067,.,-15.4001998901367,35.3404998779297,.
37068,.,-15.4001998901367,35.3404998779297,.
37069,.,-15.3992004394531,35.3184013366699,.
37070,.,-15.3992004394531,35.3184013366699,.
37071,.,-15.3992004394531,35.3184013366699,.
37072,.,-15.3992004394531,35.3184013366699,.
37073,.,-15.3992004394531,35.3184013366699,.
37074,.,-15.3992004394531,35.3184013366699,.
37075,.,-15.3992004394531,35.3184013366699,.
37076,.,-15.3992004394531,35.3184013366699,.
37077,.,-15.3992004394531,35.3184013366699,.
37078,.,-15.393500328064,35.3158988952637,.
37079,.,-15.393500328064,35.3158988952637,.
37080,.,-15.393500328064,35.3158988952637,.
37081,.,-15.393500328064,35.3158988952637,.
37082,.,-15.393500328064,35.3158988952637,.
37083,.,-15.393500328064,35.3158988952637,.
37084,.,-15.393500328064,35.3158988952637,.
37085,.,-15.393500328064,35.3158988952637,.
37086,.,-15.393500328064,35.3158988952637,.
37087,.,-15.393500328064,35.3158988952637,.
37088,.,-15.393500328064,35.3158988952637,.
37089,.,-15.393500328064,35.3158988952637,.
37090,.,-15.393500328064,35.3158988952637,.
37091,.,-15.393500328064,35.3158988952637,.
37092,.,-15.3893003463745,35.3166007995605,.
37093,.,-15.3893003463745,35.3166007995605,.
37094,.,-15.3893003463745,35.3166007995605,.
37095,.,-15.3990001678467,35.320499420166,.
37096,.,-15.3990001678467,35.320499420166,.
37097,.,-15.3990001678467,35.320499420166,.
37098,.,-15.3990001678467,35.320499420166,.
37099,.,-15.3990001678467,35.320499420166,.
37100,.,-15.3990001678467,35.320499420166,.
37101,.,-15.3990001678467,35.320499420166,.
37102,.,-15.3990001678467,35.320499420166,.
37103,.,-15.3990001678467,35.320499420166,.
37104,.,-15.4093999862671,35.3087005615234,.
37105,.,-15.4093999862671,35.3087005615234,.
37106,.,-15.4093999862671,35.3087005615234,.
37107,.,-15.4093999862671,35.3087005615234,.
37108,.,-15.4093999862671,35.3087005615234,.
37109,.,-15.4093999862671,35.3087005615234,.
37110,.,-15.4093999862671,35.3087005615234,.
37111,.,-15.4093999862671,35.3087005615234,.
37112,.,-15.4093999862671,35.3087005615234,.
37113,.,-15.4093999862671,35.3087005615234,.
37114,.,-15.4093999862671,35.3087005615234,.
37115,.,-15.4093999862671,35.3087005615234,.
37116,.,-15.4093999862671,35.3087005615234,.
37117,.,-15.4093999862671,35.3087005615234,.
37118,.,-15.4130001068115,35.3114013671875,.
37119,.,-15.4130001068115,35.3114013671875,.
37120,.,-15.4130001068115,35.3114013671875,.
37121,.,-15.4130001068115,35.3114013671875,.
37122,.,-15.4130001068115,35.3114013671875,.
37123,.,-15.4130001068115,35.3114013671875,.
37124,.,-15.4130001068115,35.3114013671875,.
37125,.,-15.4130001068115,35.3114013671875,.
37126,.,-15.4130001068115,35.3114013671875,.
37127,.,-15.4130001068115,35.3114013671875,.
37128,.,-15.4130001068115,35.3114013671875,.
37129,.,-15.4130001068115,35.3114013671875,.
37130,.,-15.4160003662109,35.323600769043,.
37131,.,-15.4160003662109,35.323600769043,.
37132,.,-15.4160003662109,35.323600769043,.
37133,.,-15.4160003662109,35.323600769043,.
37134,.,-15.4160003662109,35.323600769043,.
37135,.,-15.4160003662109,35.323600769043,.
37136,.,-15.4160003662109,35.323600769043,.
37137,.,-15.4160003662109,35.323600769043,.
37138,.,-15.4160003662109,35.323600769043,.
37139,.,-15.4160003662109,35.323600769043,.
37140,.,-15.382399559021,35.3423004150391,.
37141,.,-15.382399559021,35.3423004150391,.
37142,.,-15.382399559021,35.3423004150391,.
37143,.,-15.382399559021,35.3423004150391,.
37144,.,-15.382399559021,35.3423004150391,.
37145,.,-15.382399559021,35.3423004150391,.
37146,.,-15.382399559021,35.3423004150391,.
37147,.,-15.382399559021,35.3423004150391,.
37148,.,-15.382399559021,35.3423004150391,.
37149,.,-15.382399559021,35.3423004150391,.
37150,.,-15.382399559021,35.3423004150391,.
37151,.,-15.4041996002197,35.3314018249512,.
37152,.,-15.4041996002197,35.3314018249512,.
37153,.,-15.4041996002197,35.3314018249512,.
37154,.,-15.4041996002197,35.3314018249512,.
37155,.,-15.4041996002197,35.3314018249512,.
37156,.,-15.4041996002197,35.3314018249512,.
37157,.,-15.4041996002197,35.3314018249512,.
37158,.,-15.4041996002197,35.3314018249512,.
37159,.,-15.4041996002197,35.3314018249512,.
37160,.,-15.4041996002197,35.3314018249512,.
37161,.,-15.4041996002197,35.3314018249512,.
37162,.,-15.4041996002197,35.3314018249512,.
37163,.,-15.4041996002197,35.3314018249512,.
37164,.,-15.7307996749878,35.0713005065918,.
37165,.,-15.7307996749878,35.0713005065918,.
37166,.,-15.7307996749878,35.0713005065918,.
37167,.,-15.7307996749878,35.0713005065918,.
37168,.,-15.7307996749878,35.0713005065918,.
37169,.,-15.7307996749878,35.0713005065918,.
37170,.,-15.7307996749878,35.0713005065918,.
37171,.,-15.7784004211426,35.0349998474121,.
37172,.,-15.7776002883911,35.0401992797852,.
37173,.,-15.7776002883911,35.0401992797852,.
37174,.,-15.7833003997803,35.0270004272461,.
37175,.,-15.7545003890991,35.0446014404297,.
37176,.,-15.8105001449585,35.0913009643555,.
37177,.,-15.8105001449585,35.0913009643555,.
37178,.,-15.8362998962402,35.0668983459473,.
37179,.,-15.8270998001099,35.0484008789063,.
37180,.,-15.8270998001099,35.0484008789063,.
37181,.,-15.8551998138428,35.0736999511719,.
37182,.,-15.8551998138428,35.0736999511719,.
37183,.,-15.8551998138428,35.0736999511719,.
56542,.,-14.933333333333334,34.88333333333333,.
56545,.,-14.933333333333334,34.88333333333333,.
56548,.,-14.933333333333334,34.88333333333333,.
56551,.,-14.966666666666669,34.733333333333334,.
56575,.,-19.8,30.883333333333333,.
56586,.,-19.8,30.883333333333333,.
56589,.,-17.416666666666668,31.433333333333334,.
56595,.,-17.566666666666666,30.98333333333333,.
56598,.,-17.0,31.433333333333334,.
56603,.,-17.0,31.433333333333334,.
56607,.,-17.0,31.433333333333334,.
56614,.,-16.233333333333334,27.416666666666668,.
56618,.,-13.7,32.61666666666667,.
56624,.,-16.233333333333334,27.433333333333334,.
56629,.,-15.166666666666666,35.28333333333333,.
56637,.,-14.966666666666669,34.983333333333334,.
56643,.,-14.783333333333331,35.0,.
56648,.,-14.883333333333333,35.03333333333333,.
56655,.,-13.766666666666667,34.05,.
56659,.,-13.683333333333334,34.233333333333334,.
56664,.,-12.8,34.2,.
56671,.,-13.283333333333331,34.13333333333333,.
56678,.,-13.233333333333333,34.233333333333334,.
56685,.,-13.283333333333331,34.13333333333333,.
56696,.,-13.233333333333333,34.233333333333334,.
56713,.,-0.3833333333333333,37.61666666666667,.
56715,.,-0.3833333333333333,37.61666666666667,.
56717,.,-0.3833333333333333,37.61666666666667,.
56719,.,-0.3833333333333333,37.61666666666667,.
56720,.,-0.3833333333333333,37.61666666666667,.
56721,.,-0.3833333333333333,37.61666666666667,.
56731,.,-14.983333333333333,34.96666666666667,.
56734,.,-14.983333333333333,34.96666666666667,.
56737,.,-14.983333333333333,34.96666666666667,.
56740,.,-14.983333333333333,34.96666666666667,.
56743,.,-14.983333333333333,34.96666666666667,.
56745,.,-13.966666666666669,33.65,.
56747,.,-13.966666666666669,33.65,.
56749,.,-13.966666666666669,33.65,.
56751,.,-13.966666666666669,33.65,.
56753,.,-13.966666666666669,33.65,.
56755,.,-18.116666666666667,33.18333333333333,.
56758,.,-18.116666666666667,33.18333333333333,.
56761,.,-18.116666666666667,33.18333333333333,.
56764,.,-18.116666666666667,33.18333333333333,.
56767,.,-18.116666666666667,33.18333333333333,.
56769,.,-18.366666666666667,31.35,.
56771,.,-18.366666666666667,31.35,.
56773,.,-18.366666666666667,31.35,.
56775,.,-18.366666666666667,31.35,.
56777,.,-18.366666666666667,31.35,.
56779,.,-16.233333333333334,27.433333333333334,.
56781,.,-16.233333333333334,27.433333333333334,.
56783,.,-16.233333333333334,27.433333333333334,.
56785,.,-16.233333333333334,27.433333333333334,.
56787,.,-16.233333333333334,27.433333333333334,.
56838,.,8.4,39.2,.
56841,.,8.4,39.2,.
56859,.,-0.4,37.583333333333336,.
56863,.,-0.3166666666666666,37.7,.
56878,.,9.75,-2.5,.
56880,.,9.75,-2.5,.
56889,.,-18.35,29.916666666666668,.
56891,.,-18.35,29.916666666666668,.
56893,.,-18.35,29.916666666666668,.
56895,.,-18.35,29.916666666666668,.
56901,.,0.1,34.4,.
56905,.,0.1,34.4,.
56913,.,-19.35,34.35,.
56920,.,-18.1,33.2,.
56926,.,-18.366666666666667,33.21666666666667,.
56933,.,-19.0,33.71666666666667,.
56938,.,-14.516666666666667,34.3,.
56949,.,-14.333333333333334,34.3,.
56952,.,-14.333333333333334,34.3,.
56955,.,-14.333333333333334,34.3,.
56958,.,-14.333333333333334,34.3,.
56961,.,-14.333333333333334,34.3,.
56964,.,-13.583333333333334,33.38333333333333,.
56967,.,-13.583333333333334,33.38333333333333,.
56970,.,-13.583333333333334,33.38333333333333,.
56973,.,-13.583333333333334,33.38333333333333,.
56976,.,-13.583333333333334,33.38333333333333,.
56979,.,-13.233333333333333,34.233333333333334,.
56982,.,-13.233333333333333,34.233333333333334,.
56985,.,-13.233333333333333,34.233333333333334,.
56988,.,-13.233333333333333,34.233333333333334,.
56991,.,-13.233333333333333,34.233333333333334,.
57270,.,-14.933333333333334,34.88333333333333,.
57273,.,-14.933333333333334,34.88333333333333,.
57276,.,-14.933333333333334,34.88333333333333,.
57279,.,-14.966666666666669,34.733333333333334,.
57303,.,-19.8,30.883333333333333,.
57314,.,-19.8,30.883333333333333,.
57317,.,-17.416666666666668,31.433333333333334,.
57323,.,-17.566666666666666,30.98333333333333,.
57326,.,-17.0,31.433333333333334,.
57331,.,-17.0,31.433333333333334,.
57335,.,-17.0,31.433333333333334,.
57342,.,-16.233333333333334,27.416666666666668,.
57346,.,-13.7,32.61666666666667,.
57352,.,-16.233333333333334,27.433333333333334,.
57357,.,-15.166666666666666,35.28333333333333,.
57365,.,-14.966666666666669,34.983333333333334,.
57371,.,-14.783333333333331,35.0,.
57376,.,-14.883333333333333,35.03333333333333,.
57383,.,-13.766666666666667,34.05,.
57387,.,-13.683333333333334,34.233333333333334,.
57392,.,-12.8,34.2,.
57399,.,-13.283333333333331,34.13333333333333,.
57406,.,-13.233333333333333,34.233333333333334,.
57413,.,-13.283333333333331,34.13333333333333,.
57424,.,-13.233333333333333,34.233333333333334,.
57441,.,-0.3833333333333333,37.61666666666667,.
57443,.,-0.3833333333333333,37.61666666666667,.
57445,.,-0.3833333333333333,37.61666666666667,.
57447,.,-0.3833333333333333,37.61666666666667,.
57448,.,-0.3833333333333333,37.61666666666667,.
57449,.,-0.3833333333333333,37.61666666666667,.
57459,.,-14.983333333333333,34.96666666666667,.
57462,.,-14.983333333333333,34.96666666666667,.
57465,.,-14.983333333333333,34.96666666666667,.
57468,.,-14.983333333333333,34.96666666666667,.
57471,.,-14.983333333333333,34.96666666666667,.
57473,.,-13.966666666666669,33.65,.
57475,.,-13.966666666666669,33.65,.
57477,.,-13.966666666666669,33.65,.
57479,.,-13.966666666666669,33.65,.
57481,.,-13.966666666666669,33.65,.
57483,.,-18.116666666666667,33.18333333333333,.
57486,.,-18.116666666666667,33.18333333333333,.
57489,.,-18.116666666666667,33.18333333333333,.
57492,.,-18.116666666666667,33.18333333333333,.
57495,.,-18.116666666666667,33.18333333333333,.
57497,.,-18.366666666666667,31.35,.
57499,.,-18.366666666666667,31.35,.
57501,.,-18.366666666666667,31.35,.
57503,.,-18.366666666666667,31.35,.
57505,.,-18.366666666666667,31.35,.
57507,.,-16.233333333333334,27.433333333333334,.
57509,.,-16.233333333333334,27.433333333333334,.
57511,.,-16.233333333333334,27.433333333333334,.
57513,.,-16.233333333333334,27.433333333333334,.
57515,.,-16.233333333333334,27.433333333333334,.
57566,.,8.4,39.2,.
57569,.,8.4,39.2,.
57586,.,-0.4,37.583333333333336,.
57590,.,-0.3166666666666666,37.7,.
57605,.,9.75,-2.5,.
57607,.,9.75,-2.5,.
57616,.,-18.35,29.916666666666668,.
57618,.,-18.35,29.916666666666668,.
57620,.,-18.35,29.916666666666668,.
57622,.,-18.35,29.916666666666668,.
57628,.,0.1,34.4,.
57632,.,0.1,34.4,.
57640,.,-19.35,34.35,.
57647,.,-18.1,33.2,.
57653,.,-18.366666666666667,33.21666666666667,.
57660,.,-19.0,33.71666666666667,.
57665,.,-14.516666666666667,34.3,.
57675,.,-14.333333333333334,34.3,.
57678,.,-14.333333333333334,34.3,.
57681,.,-14.333333333333334,34.3,.
57684,.,-14.333333333333334,34.3,.
57687,.,-14.333333333333334,34.3,.
57690,.,-13.583333333333334,33.38333333333333,.
57693,.,-13.583333333333334,33.38333333333333,.
57696,.,-13.583333333333334,33.38333333333333,.
57699,.,-13.583333333333334,33.38333333333333,.
57702,.,-13.583333333333334,33.38333333333333,.
57705,.,-13.233333333333333,34.233333333333334,.
57708,.,-13.233333333333333,34.233333333333334,.
57711,.,-13.233333333333333,34.233333333333334,.
57714,.,-13.233333333333333,34.233333333333334,.
57717,.,-13.233333333333333,34.233333333333334,.
