,id,placeholder1,Lat,Lon,HarvestYear,placeholder2
0,0,.,5.14203254737,7.37471602851,2011,.
1,1,.,5.31524834074,7.4334346461,2011,.
2,2,.,5.31524834074,7.4334346461,2011,.
3,3,.,5.31524834074,7.4334346461,2011,.
4,4,.,5.31524834074,7.4334346461,2011,.
5,5,.,5.91892832509,7.42249845731,2011,.
6,6,.,5.91892832509,7.42249845731,2011,.
7,7,.,5.91892832509,7.42249845731,2011,.
8,8,.,5.91892832509,7.42249845731,2011,.
9,9,.,5.38520298007,7.5278870437,2011,.
10,10,.,5.38520298007,7.5278870437,2011,.
11,11,.,5.38520298007,7.5278870437,2011,.
12,12,.,5.69861467033,7.51949932817,2011,.
13,13,.,5.69861467033,7.51949932817,2011,.
14,14,.,9.68199592163,11.8269506538,2011,.
15,15,.,6.16779029063,7.00668904073,2011,.
16,16,.,6.29487701088,7.06416881346,2011,.
17,17,.,6.29487701088,7.06416881346,2011,.
18,18,.,6.29487701088,7.06416881346,2011,.
19,19,.,6.31316440344,6.96516116294,2011,.
20,20,.,6.10137761736,7.18988708702,2011,.
21,21,.,6.10137761736,7.18988708702,2011,.
22,22,.,6.10137761736,7.18988708702,2011,.
23,23,.,6.55332176691,7.02906000742,2011,.
24,24,.,6.55332176691,7.02906000742,2011,.
25,25,.,6.24153758762,6.9368284516,2011,.
26,26,.,6.24153758762,6.9368284516,2011,.
27,27,.,7.51514666615,8.10456074405,2011,.
28,28,.,7.51514666615,8.10456074405,2011,.
29,29,.,7.18499237084,9.05983389603,2011,.
30,30,.,7.13253377255,8.89928429772,2011,.
31,31,.,7.13253377255,8.89928429772,2011,.
32,32,.,7.31015034768,9.82258297564,2011,.
33,33,.,7.18153477595,8.12388325776,2011,.
34,34,.,7.18153477595,8.12388325776,2011,.
35,35,.,6.7904710982,8.21331932541,2011,.
36,36,.,7.94794794807,7.84960063268,2011,.
37,37,.,7.024700005,7.85588266464,2011,.
38,38,.,7.024700005,7.85588266464,2011,.
39,39,.,7.024700005,7.85588266464,2011,.
40,40,.,7.024700005,7.85588266464,2011,.
41,41,.,7.11120144337,7.74246020701,2011,.
42,42,.,7.11120144337,7.74246020701,2011,.
43,43,.,7.11120144337,7.74246020701,2011,.
44,44,.,7.11120144337,7.74246020701,2011,.
45,45,.,7.11120144337,7.74246020701,2011,.
46,46,.,7.11120144337,7.74246020701,2011,.
47,47,.,7.11120144337,7.74246020701,2011,.
48,48,.,7.13124337986,7.67714309718,2011,.
49,49,.,6.69323689452,9.22460085821,2011,.
50,50,.,6.69323689452,9.22460085821,2011,.
51,51,.,6.69323689452,9.22460085821,2011,.
52,52,.,6.69323689452,9.22460085821,2011,.
53,53,.,6.50579840795,8.87016201696,2011,.
54,54,.,6.44305604944,6.58324477885,2011,.
55,55,.,6.11554285941,6.17661906842,2011,.
56,56,.,7.46485632748,5.4293907403,2011,.
57,57,.,10.4839449376,11.3966333392,2011,.
58,58,.,9.86015744722,11.1997429657,2011,.
59,59,.,7.91724465814,5.77211251871,2011,.
60,60,.,7.65536420745,7.28227086573,2011,.
61,61,.,7.23891062262,7.23659197226,2011,.
62,62,.,7.48888422073,7.65083462038,2011,.
63,63,.,8.43075126585,4.57397047246,2011,.
64,64,.,10.8857336676,5.862466598,2011,.
65,65,.,10.4307765955,5.55735774683,2011,.
66,66,.,9.63134879803,6.37927524336,2011,.
67,67,.,8.1299959029,4.3959858225,2011,.
68,68,.,8.32841838002,3.56125462387,2011,.
69,69,.,5.01417184373,6.54474998558,2011,.
70,70,.,5.01417184373,6.54474998558,2011,.
71,71,.,5.01417184373,6.54474998558,2011,.
72,72,.,5.14601648677,6.61622345941,2011,.
73,73,.,5.14601648677,6.61622345941,2011,.
74,74,.,5.14601648677,6.61622345941,2011,.
75,75,.,5.25625865911,6.61941404124,2011,.
10134,10134,.,0.551625669002533,33.618896484375,2011,.
10135,10135,.,1.14941644668579,33.9205665588379,2011,.
10136,10136,.,0.857629358768463,34.3664779663086,2011,.
10137,10137,.,1.02946770191193,34.2461814880371,2011,.
10138,10138,.,0.819429337978363,34.0940742492676,2011,.
10139,10139,.,1.2184237241745,34.2704315185547,2011,.
10140,10140,.,1.02946770191193,34.2461814880371,2011,.
10141,10141,.,1.02946770191193,34.2461814880371,2011,.
10142,10142,.,0.657477378845215,34.1587715148926,2011,.
10143,10143,.,0.857629358768463,34.3664779663086,2011,.
10144,10144,.,0.857629358768463,34.3664779663086,2011,.
10145,10145,.,0.0808010026812553,30.4895534515381,2011,.
10146,10146,.,1.03577780723572,33.3878631591797,2011,.
10147,10147,.,0.376263439655304,33.1910133361816,2011,.
10148,10148,.,-0.92032378911972,29.8012294769287,2011,.
10149,10149,.,-0.303979516029358,30.3784961700439,2011,.
10150,10150,.,-0.303979516029358,30.3784961700439,2011,.
10151,10151,.,-0.757246434688568,30.8071994781494,2011,.
10152,10152,.,0.785026848316193,33.3249053955078,2011,.
10153,10153,.,0.289272874593735,32.6159744262695,2011,.
10154,10154,.,-0.343147128820419,31.7253131866455,2011,.
10155,10155,.,-0.471200257539749,31.3637866973877,2011,.
10156,10156,.,-0.576782405376434,31.6916370391846,2011,.
10157,10157,.,0.63070547580719,31.7877235412598,2011,.
10158,10158,.,0.63070547580719,31.7877235412598,2011,.
10159,10159,.,0.487563967704773,31.8009243011475,2011,.
10160,10160,.,0.586751282215118,31.7181549072266,2011,.
10161,10161,.,0.411417484283447,33.1413688659668,2011,.
10162,10162,.,0.359630525112152,33.1372489929199,2011,.
10163,10163,.,0.684824407100677,32.8292083740234,2011,.
10164,10164,.,0.684824407100677,32.8292083740234,2011,.
10165,10165,.,1.58244657516479,32.1892929077148,2011,.
10166,10166,.,1.58244657516479,32.1892929077148,2011,.
10167,10167,.,-0.508830487728119,31.3332862854004,2011,.
10168,10168,.,0.431405365467072,33.8126411437988,2011,.
10169,10169,.,0.431405365467072,33.8126411437988,2011,.
10170,10170,.,0.31351912021637,33.8706359863281,2011,.
10171,10171,.,0.31351912021637,33.8706359863281,2011,.
10172,10172,.,0.31351912021637,33.8706359863281,2011,.
10173,10173,.,0.31351912021637,33.8706359863281,2011,.
10174,10174,.,0.31351912021637,33.8706359863281,2011,.
10175,10175,.,0.31351912021637,33.8706359863281,2011,.
10176,10176,.,0.31351912021637,33.8706359863281,2011,.
10177,10177,.,0.31351912021637,33.8706359863281,2011,.
10178,10178,.,0.31351912021637,33.8706359863281,2011,.
10179,10179,.,0.31351912021637,33.8706359863281,2011,.
10180,10180,.,0.711598098278046,33.6848335266113,2011,.
10181,10181,.,0.711598098278046,33.6848335266113,2011,.
10182,10182,.,0.711598098278046,33.6848335266113,2011,.
10183,10183,.,0.711598098278046,33.6848335266113,2011,.
10184,10184,.,0.711598098278046,33.6848335266113,2011,.
10185,10185,.,0.711598098278046,33.6848335266113,2011,.
10186,10186,.,0.103999450802803,33.7830924987793,2011,.
10187,10187,.,0.103999450802803,33.7830924987793,2011,.
10188,10188,.,0.103999450802803,33.7830924987793,2011,.
10189,10189,.,0.490654230117798,34.0917701721191,2011,.
10190,10190,.,0.389015406370163,34.0578117370605,2011,.
10191,10191,.,0.615904808044434,33.4700546264648,2011,.
10192,10192,.,0.551625669002533,33.618896484375,2011,.
10193,10193,.,0.551625669002533,33.618896484375,2011,.
10194,10194,.,0.551625669002533,33.618896484375,2011,.
10195,10195,.,0.551625669002533,33.618896484375,2011,.
10196,10196,.,0.551625669002533,33.618896484375,2011,.
10197,10197,.,0.551625669002533,33.618896484375,2011,.
10198,10198,.,0.551625669002533,33.618896484375,2011,.
10199,10199,.,0.551625669002533,33.618896484375,2011,.
10200,10200,.,0.551625669002533,33.618896484375,2011,.
10201,10201,.,0.551625669002533,33.618896484375,2011,.
10202,10202,.,0.572827994823456,33.4740257263184,2011,.
10203,10203,.,0.572827994823456,33.4740257263184,2011,.
10204,10204,.,0.572827994823456,33.4740257263184,2011,.
10205,10205,.,0.828696727752686,33.2164840698242,2011,.
10206,10206,.,0.828696727752686,33.2164840698242,2011,.
10207,10207,.,0.828696727752686,33.2164840698242,2011,.
10208,10208,.,0.572827994823456,33.4740257263184,2011,.
10209,10209,.,0.572827994823456,33.4740257263184,2011,.
10210,10210,.,0.572827994823456,33.4740257263184,2011,.
10211,10211,.,0.572827994823456,33.4740257263184,2011,.
10212,10212,.,0.572827994823456,33.4740257263184,2011,.
10213,10213,.,0.572827994823456,33.4740257263184,2011,.
10214,10214,.,0.674982845783234,33.5198974609375,2011,.
10215,10215,.,0.674982845783234,33.5198974609375,2011,.
10216,10216,.,0.674982845783234,33.5198974609375,2011,.
10217,10217,.,0.674982845783234,33.5198974609375,2011,.
10218,10218,.,0.674982845783234,33.5198974609375,2011,.
10219,10219,.,0.674982845783234,33.5198974609375,2011,.
10220,10220,.,1.01656532287598,33.3279800415039,2011,.
10221,10221,.,1.01656532287598,33.3279800415039,2011,.
10222,10222,.,1.01656532287598,33.3279800415039,2011,.
10223,10223,.,1.01656532287598,33.3279800415039,2011,.
10224,10224,.,1.01656532287598,33.3279800415039,2011,.
10225,10225,.,0.775407314300537,33.3474769592285,2011,.
10226,10226,.,0.775407314300537,33.3474769592285,2011,.
10227,10227,.,0.775407314300537,33.3474769592285,2011,.
10228,10228,.,0.775407314300537,33.3474769592285,2011,.
10229,10229,.,0.775407314300537,33.3474769592285,2011,.
10230,10230,.,0.485487937927246,33.2385559082031,2011,.
10231,10231,.,0.625762522220612,33.2887725830078,2011,.
10232,10232,.,0.625762522220612,33.2887725830078,2011,.
10233,10233,.,0.625762522220612,33.2887725830078,2011,.
10234,10234,.,0.551319479942322,33.125862121582,2011,.
10235,10235,.,0.551319479942322,33.125862121582,2011,.
10236,10236,.,0.551319479942322,33.125862121582,2011,.
10237,10237,.,0.551319479942322,33.125862121582,2011,.
10238,10238,.,0.545563697814941,33.0937652587891,2011,.
10239,10239,.,0.545563697814941,33.0937652587891,2011,.
10240,10240,.,0.545563697814941,33.0937652587891,2011,.
10241,10241,.,0.545563697814941,33.0937652587891,2011,.
10242,10242,.,0.545563697814941,33.0937652587891,2011,.
10243,10243,.,0.545563697814941,33.0937652587891,2011,.
10244,10244,.,0.545563697814941,33.0937652587891,2011,.
10245,10245,.,0.924405336380005,33.1305084228516,2011,.
10246,10246,.,0.924405336380005,33.1305084228516,2011,.
10247,10247,.,1.20923256874084,33.047924041748,2011,.
10248,10248,.,1.20923256874084,33.047924041748,2011,.
10249,10249,.,1.20923256874084,33.047924041748,2011,.
10250,10250,.,1.23299014568329,33.331226348877,2011,.
10251,10251,.,1.23299014568329,33.331226348877,2011,.
10252,10252,.,1.23299014568329,33.331226348877,2011,.
10253,10253,.,1.23299014568329,33.331226348877,2011,.
10254,10254,.,1.23299014568329,33.331226348877,2011,.
10255,10255,.,1.23299014568329,33.331226348877,2011,.
10256,10256,.,1.23299014568329,33.331226348877,2011,.
10257,10257,.,1.23299014568329,33.331226348877,2011,.
10258,10258,.,1.06010282039642,33.0102233886719,2011,.
10259,10259,.,1.06010282039642,33.0102233886719,2011,.
10260,10260,.,1.06010282039642,33.0102233886719,2011,.
10261,10261,.,1.06010282039642,33.0102233886719,2011,.
10262,10262,.,1.06010282039642,33.0102233886719,2011,.
10263,10263,.,1.06010282039642,33.0102233886719,2011,.
10264,10264,.,1.06010282039642,33.0102233886719,2011,.
10265,10265,.,0.90053391456604,33.1015129089355,2011,.
10266,10266,.,0.90053391456604,33.1015129089355,2011,.
10267,10267,.,1.05894637107849,33.1644973754883,2011,.
10268,10268,.,1.05894637107849,33.1644973754883,2011,.
10269,10269,.,0.90053391456604,33.1015129089355,2011,.
10270,10270,.,0.90053391456604,33.1015129089355,2011,.
10271,10271,.,0.773993253707886,33.0747528076172,2011,.
10272,10272,.,0.773993253707886,33.0747528076172,2011,.
10273,10273,.,0.773993253707886,33.0747528076172,2011,.
10274,10274,.,0.773993253707886,33.0747528076172,2011,.
10275,10275,.,0.773993253707886,33.0747528076172,2011,.
10276,10276,.,0.773993253707886,33.0747528076172,2011,.
10277,10277,.,0.773993253707886,33.0747528076172,2011,.
10278,10278,.,0.773993253707886,33.0747528076172,2011,.
10279,10279,.,0.773993253707886,33.0747528076172,2011,.
10280,10280,.,1.47599637508392,33.9171676635742,2011,.
10281,10281,.,1.37214016914368,33.9079666137695,2011,.
10282,10282,.,1.5315842628479,34.0501136779785,2011,.
10283,10283,.,1.58896815776825,33.8601341247559,2011,.
10284,10284,.,1.58896815776825,33.8601341247559,2011,.
10285,10285,.,1.02946770191193,34.2461814880371,2011,.
10286,10286,.,1.02946770191193,34.2461814880371,2011,.
10287,10287,.,1.26079976558685,33.7970542907715,2011,.
10288,10288,.,0.732910215854645,32.9587593078613,2011,.
10289,10289,.,1.56147372722626,33.3062973022461,2011,.
10290,10290,.,1.52577114105225,33.5503845214844,2011,.
10291,10291,.,1.52577114105225,33.5503845214844,2011,.
10292,10292,.,0.696134746074677,34.0029640197754,2011,.
10293,10293,.,0.696242272853851,34.1093864440918,2011,.
10294,10294,.,0.513224303722382,33.4177093505859,2011,.
10295,10295,.,0.513224303722382,33.4177093505859,2011,.
10296,10296,.,0.513224303722382,33.4177093505859,2011,.
10297,10297,.,0.513224303722382,33.4177093505859,2011,.
10298,10298,.,0.423703491687775,33.6121711730957,2011,.
10299,10299,.,0.423703491687775,33.6121711730957,2011,.
10300,10300,.,0.423703491687775,33.6121711730957,2011,.
10301,10301,.,0.423703491687775,33.6121711730957,2011,.
10302,10302,.,0.423703491687775,33.6121711730957,2011,.
10303,10303,.,0.423703491687775,33.6121711730957,2011,.
10304,10304,.,0.423703491687775,33.6121711730957,2011,.
10305,10305,.,1.2457377910614,34.2635726928711,2011,.
10306,10306,.,1.2457377910614,34.2635726928711,2011,.
10307,10307,.,1.2457377910614,34.2635726928711,2011,.
10308,10308,.,1.2184237241745,34.2704315185547,2011,.
10309,10309,.,1.27609848976135,34.3719062805176,2011,.
10310,10310,.,1.3747730255127,34.3019981384277,2011,.
10311,10311,.,1.12054681777954,34.0546684265137,2011,.
10312,10312,.,1.19971585273743,34.1584243774414,2011,.
10313,10313,.,1.19971585273743,34.1584243774414,2011,.
10314,10314,.,1.19971585273743,34.1584243774414,2011,.
10315,10315,.,1.01852333545685,34.0729484558105,2011,.
10316,10316,.,1.03577780723572,33.3878631591797,2011,.
10317,10317,.,1.03577780723572,33.3878631591797,2011,.
10318,10318,.,1.03577780723572,33.3878631591797,2011,.
10319,10319,.,1.03577780723572,33.3878631591797,2011,.
10320,10320,.,1.03577780723572,33.3878631591797,2011,.
10321,10321,.,1.03577780723572,33.3878631591797,2011,.
10322,10322,.,1.03577780723572,33.3878631591797,2011,.
10323,10323,.,1.08883786201477,33.4021606445313,2011,.
10324,10324,.,1.08883786201477,33.4021606445313,2011,.
10325,10325,.,1.08883786201477,33.4021606445313,2011,.
10326,10326,.,1.08883786201477,33.4021606445313,2011,.
10327,10327,.,0.802708446979523,34.3096466064453,2011,.
10328,10328,.,0.802708446979523,34.3096466064453,2011,.
10329,10329,.,0.883820950984955,34.3841171264648,2011,.
10330,10330,.,0.808688759803772,34.3362693786621,2011,.
10331,10331,.,0.808688759803772,34.3362693786621,2011,.
10332,10332,.,0.808688759803772,34.3362693786621,2011,.
10333,10333,.,0.857629358768463,34.3664779663086,2011,.
10334,10334,.,0.857629358768463,34.3664779663086,2011,.
10335,10335,.,0.857629358768463,34.3664779663086,2011,.
10336,10336,.,0.961448907852173,33.5919456481934,2011,.
10337,10337,.,0.961448907852173,33.5919456481934,2011,.
10338,10338,.,0.961448907852173,33.5919456481934,2011,.
10339,10339,.,0.961448907852173,33.5919456481934,2011,.
10340,10340,.,0.961448907852173,33.5919456481934,2011,.
10341,10341,.,2.43073320388794,32.7466316223145,2011,.
10342,10342,.,2.42945981025696,32.8906021118164,2011,.
10343,10343,.,2.14705204963684,32.6508445739746,2011,.
10344,10344,.,2.29922199249268,32.7220840454102,2011,.
10345,10345,.,2.29922199249268,32.7220840454102,2011,.
10346,10346,.,1.83483409881592,32.3841743469238,2011,.
10347,10347,.,2.76196455955505,32.3320617675781,2011,.
10348,10348,.,2.50530576705933,32.3839073181152,2011,.
10349,10349,.,2.12212133407593,33.191463470459,2011,.
10350,10350,.,2.18861675262451,33.1163444519043,2011,.
10351,10351,.,2.11178040504456,33.1042327880859,2011,.
10352,10352,.,2.31113576889038,32.9849128723145,2011,.
10353,10353,.,2.31113576889038,32.9849128723145,2011,.
10354,10354,.,1.76908838748932,34.8571166992188,2011,.
10355,10355,.,1.98235940933228,33.0550918579102,2011,.
10356,10356,.,1.98235940933228,33.0550918579102,2011,.
10357,10357,.,1.99999451637268,33.2409324645996,2011,.
10358,10358,.,1.77958250045776,33.0395240783691,2011,.
10359,10359,.,3.69233274459839,33.9645347595215,2011,.
10360,10360,.,3.60678219795227,34.1263580322266,2011,.
10361,10361,.,3.60678219795227,34.1263580322266,2011,.
10362,10362,.,3.60678219795227,34.1263580322266,2011,.
10363,10363,.,3.51759910583496,34.1603584289551,2011,.
10364,10364,.,3.51759910583496,34.1603584289551,2011,.
10365,10365,.,3.51759910583496,34.1603584289551,2011,.
10366,10366,.,3.51759910583496,34.1603584289551,2011,.
10367,10367,.,2.3648579120636,32.6032752990723,2011,.
10368,10368,.,2.15202903747559,32.5299224853516,2011,.
10369,10369,.,2.15202903747559,32.5299224853516,2011,.
10370,10370,.,-1.40499544143677,29.949390411377,2011,.
10371,10371,.,-1.16621911525726,29.7942943572998,2011,.
10372,10372,.,-1.16621911525726,29.7942943572998,2011,.
10373,10373,.,0.447067439556122,30.1652870178223,2011,.
10374,10374,.,-0.867663264274597,30.3541145324707,2011,.
10375,10375,.,-0.96490079164505,29.9596881866455,2011,.
10376,10376,.,-0.896750926971436,29.7783241271973,2011,.
10377,10377,.,-0.855295062065125,30.6595821380615,2011,.
10378,10378,.,0.545563697814941,33.0937652587891,2011,.
10379,10379,.,0.545563697814941,33.0937652587891,2011,.
10380,10380,.,0.825316965579987,34.2723846435547,2011,.
10381,10381,.,1.44564294815063,31.3347625732422,2011,.
10382,10382,.,0.142605289816856,30.495325088501,2011,.
10383,10383,.,0.160929515957832,32.5529327392578,2011,.
10384,10384,.,0.447067439556122,30.1652870178223,2011,.
10385,10385,.,0.578551709651947,30.1612014770508,2011,.
10386,10386,.,0.578551709651947,30.1612014770508,2011,.
10387,10387,.,-0.105038173496723,30.2642192840576,2011,.
10388,10388,.,-0.105038173496723,30.2642192840576,2011,.
10389,10389,.,0.419650048017502,31.0364627838135,2011,.
10390,10390,.,0.728757619857788,30.6465892791748,2011,.
10391,10391,.,0.64079874753952,30.3012828826904,2011,.
10392,10392,.,0.578551709651947,30.1612014770508,2011,.
10393,10393,.,0.389080584049225,30.4866619110107,2011,.
10394,10394,.,0.808688759803772,34.3362693786621,2011,.
10395,10395,.,0.775407314300537,33.3474769592285,2011,.
10396,10396,.,0.543995559215546,32.1898193359375,2011,.
10397,10397,.,0.0716098621487617,32.0928726196289,2011,.
10398,10398,.,0.0804493054747581,29.8522396087646,2011,.
10399,10399,.,0.389080584049225,30.4866619110107,2011,.
10400,10400,.,-0.471200257539749,31.3637866973877,2011,.
10401,10401,.,0.537967622280121,31.368236541748,2011,.
10402,10402,.,0.586751282215118,31.7181549072266,2011,.
10403,10403,.,0.684824407100677,32.8292083740234,2011,.
10404,10404,.,0.419650048017502,31.0364627838135,2011,.
10405,10405,.,-1.40499544143677,29.949390411377,2011,.
10406,10406,.,0.63070547580719,31.7877235412598,2011,.
10407,10407,.,0.401924014091492,32.1020774841309,2011,.
10408,10408,.,-0.508830487728119,31.3332862854004,2011,.
10409,10409,.,0.732910215854645,32.9587593078613,2011,.
10410,10410,.,-0.528355836868286,29.9541797637939,2011,.
10411,10411,.,-0.987176835536957,30.1298351287842,2011,.
10412,10412,.,-0.987176835536957,30.1298351287842,2011,.
10413,10413,.,-0.96490079164505,29.9596881866455,2011,.
10414,10414,.,-0.779665112495422,29.6530265808105,2011,.
10415,10415,.,0.589527010917664,32.6231079101563,2011,.
10416,10416,.,-0.508830487728119,31.3332862854004,2011,.
10417,10417,.,1.44564294815063,31.3347625732422,2011,.
10418,10418,.,1.47465217113495,31.3388938903809,2011,.
10419,10419,.,1.47465217113495,31.3388938903809,2011,.
10420,10420,.,0.914466857910156,31.0712184906006,2011,.
10421,10421,.,-0.471200257539749,31.3637866973877,2011,.
10422,10422,.,0.684824407100677,32.8292083740234,2011,.
10423,10423,.,0.354955315589905,32.9335060119629,2011,.
10424,10424,.,0.435742348432541,32.8037338256836,2011,.
10425,10425,.,1.86953103542328,33.9480819702148,2011,.
10426,10426,.,0.435742348432541,32.8037338256836,2011,.
10427,10427,.,0.435742348432541,32.8037338256836,2011,.
10428,10428,.,0.732910215854645,32.9587593078613,2011,.
10429,10429,.,0.684824407100677,32.8292083740234,2011,.
10430,10430,.,0.808688759803772,34.3362693786621,2011,.
10431,10431,.,2.20474600791931,33.1740913391113,2011,.
10432,10432,.,2.35689759254456,31.4175453186035,2011,.
10433,10433,.,3.20126748085022,30.9642467498779,2011,.
10434,10434,.,0.112059839069843,31.7603454589844,2011,.
10435,10435,.,0.405372023582459,31.4780578613281,2011,.
10436,10436,.,3.39455413818359,31.942964553833,2011,.
10437,10437,.,1.5315842628479,34.0501136779785,2011,.
10438,10438,.,0.112059839069843,31.7603454589844,2011,.
10439,10439,.,1.37214016914368,33.9079666137695,2011,.
10440,10440,.,1.74108505249023,33.6019668579102,2011,.
10441,10441,.,1.72766292095184,33.5183486938477,2011,.
10442,10442,.,1.2184237241745,34.2704315185547,2011,.
10443,10443,.,3.09229350090027,30.889102935791,2011,.
10444,10444,.,2.50530576705933,32.3839073181152,2011,.
10445,10445,.,2.31616306304932,32.9403533935547,2011,.
10446,10446,.,2.18861675262451,33.1163444519043,2011,.
10447,10447,.,1.84558916091919,34.7231597900391,2011,.
10448,10448,.,1.99999451637268,33.2409324645996,2011,.
10449,10449,.,2.35250067710876,32.2547607421875,2011,.
10450,10450,.,2.35250067710876,32.2547607421875,2011,.
10451,10451,.,2.29793643951416,32.4508323669434,2011,.
10452,10452,.,-0.896750926971436,29.7783241271973,2011,.
10453,10453,.,-0.291444003582001,31.7913436889648,2011,.
10454,10454,.,-0.151018559932709,31.4375495910645,2011,.
10455,10455,.,-0.151018559932709,31.4375495910645,2011,.
10456,10456,.,0.572827994823456,33.4740257263184,2011,.
10457,10457,.,-1.16621911525726,29.7942943572998,2011,.
10458,10458,.,-1.15060031414032,29.6728382110596,2011,.
10459,10459,.,-1.15060031414032,29.6728382110596,2011,.
10460,10460,.,-1.15060031414032,29.6728382110596,2011,.
10461,10461,.,-0.896750926971436,29.7783241271973,2011,.
10462,10462,.,-0.92032378911972,29.8012294769287,2011,.
10463,10463,.,-0.92032378911972,29.8012294769287,2011,.
10464,10464,.,0.591023623943329,30.4715900421143,2011,.
10465,10465,.,0.728757619857788,30.6465892791748,2011,.
10466,10466,.,-0.132562950253487,30.4788208007813,2011,.
10467,10467,.,-0.132562950253487,30.4788208007813,2011,.
10468,10468,.,0.0148298358544707,30.5203266143799,2011,.
10469,10469,.,-0.8871248960495,31.711088180542,2011,.
10470,10470,.,0.625762522220612,33.2887725830078,2011,.
10471,10471,.,2.14705204963684,32.6508445739746,2011,.
10472,10472,.,2.83684015274048,32.4078254699707,2011,.
10473,10473,.,2.31113576889038,32.9849128723145,2011,.
10474,10474,.,2.59279322624207,30.797737121582,2011,.
10475,10475,.,2.59279322624207,30.797737121582,2011,.
10476,10476,.,2.52995300292969,30.7862167358398,2011,.
10477,10477,.,1.77958250045776,33.0395240783691,2011,.
10478,10478,.,2.35250067710876,32.2547607421875,2011,.
10479,10479,.,2.29793643951416,32.4508323669434,2011,.
10480,10480,.,1.98235940933228,33.0550918579102,2011,.
10481,10481,.,0.63070547580719,31.7877235412598,2011,.
10482,10482,.,0.487563967704773,31.8009243011475,2011,.
10483,10483,.,0.487563967704773,31.8009243011475,2011,.
10484,10484,.,0.411417484283447,33.1413688659668,2011,.
10485,10485,.,0.435742348432541,32.8037338256836,2011,.
10486,10486,.,0.785143792629242,30.2475070953369,2011,.
10487,10487,.,0.435742348432541,32.8037338256836,2011,.
10488,10488,.,-0.508830487728119,31.3332862854004,2011,.
10489,10489,.,2.35982012748718,30.9178142547607,2011,.
10490,10490,.,1.36187076568604,31.4513874053955,2011,.
10491,10491,.,1.44195747375488,31.155403137207,2011,.
10492,10492,.,1.25608265399933,30.8103256225586,2011,.
10493,10493,.,0.447067439556122,30.1652870178223,2011,.
10494,10494,.,0.447067439556122,30.1652870178223,2011,.
10495,10495,.,0.578551709651947,30.1612014770508,2011,.
10496,10496,.,0.0584137737751007,29.9493350982666,2011,.
10497,10497,.,1.69431710243225,31.7118549346924,2011,.
10498,10498,.,0.389080584049225,30.4866619110107,2011,.
10499,10499,.,-0.105038173496723,30.2642192840576,2011,.
10500,10500,.,0.419650048017502,31.0364627838135,2011,.
10501,10501,.,0.728757619857788,30.6465892791748,2011,.
10502,10502,.,0.728757619857788,30.6465892791748,2011,.
10503,10503,.,2.09265446662903,31.4800834655762,2011,.
10504,10504,.,0.732910215854645,32.9587593078613,2011,.
10505,10505,.,-0.197683021426201,31.8102912902832,2011,.
10506,10506,.,0.625762522220612,33.2887725830078,2011,.
10507,10507,.,1.47599637508392,33.9171676635742,2011,.
10508,10508,.,1.37214016914368,33.9079666137695,2011,.
10509,10509,.,1.37214016914368,33.9079666137695,2011,.
10510,10510,.,1.37214016914368,33.9079666137695,2011,.
10511,10511,.,1.58896815776825,33.8601341247559,2011,.
10512,10512,.,1.02946770191193,34.2461814880371,2011,.
10513,10513,.,1.74108505249023,33.6019668579102,2011,.
10514,10514,.,1.74108505249023,33.6019668579102,2011,.
10515,10515,.,1.52577114105225,33.5503845214844,2011,.
10516,10516,.,1.74095821380615,33.5833396911621,2011,.
10517,10517,.,1.74095821380615,33.5833396911621,2011,.
10518,10518,.,1.15165543556213,34.261589050293,2011,.
10519,10519,.,1.15165543556213,34.261589050293,2011,.
10520,10520,.,1.27609848976135,34.3719062805176,2011,.
10521,10521,.,1.19971585273743,34.1584243774414,2011,.
10522,10522,.,1.19971585273743,34.1584243774414,2011,.
10523,10523,.,1.01852333545685,34.0729484558105,2011,.
10524,10524,.,1.01852333545685,34.0729484558105,2011,.
10525,10525,.,0.869543254375458,34.3812675476074,2011,.
10526,10526,.,0.869543254375458,34.3812675476074,2011,.
10527,10527,.,3.33956956863403,31.8304347991943,2011,.
10528,10528,.,2.43073320388794,32.7466316223145,2011,.
10529,10529,.,2.43073320388794,32.7466316223145,2011,.
10530,10530,.,2.42945981025696,32.8906021118164,2011,.
10531,10531,.,2.29922199249268,32.7220840454102,2011,.
10532,10532,.,1.83483409881592,32.3841743469238,2011,.
10533,10533,.,1.83483409881592,32.3841743469238,2011,.
10534,10534,.,3.00683951377869,30.913631439209,2011,.
10535,10535,.,2.76196455955505,32.3320617675781,2011,.
10536,10536,.,3.03833198547363,34.1470222473145,2011,.
10537,10537,.,3.03545713424683,34.0450592041016,2011,.
10538,10538,.,2.20474600791931,33.1740913391113,2011,.
10539,10539,.,2.11359143257141,33.1176986694336,2011,.
10540,10540,.,2.11359143257141,33.1176986694336,2011,.
10541,10541,.,2.56624221801758,34.6404800415039,2011,.
10542,10542,.,3.52506995201111,31.7135047912598,2011,.
10543,10543,.,3.66808867454529,31.7156181335449,2011,.
10544,10544,.,3.66808867454529,31.7156181335449,2011,.
10545,10545,.,2.41697716712952,30.9864540100098,2011,.
10546,10546,.,2.51362681388855,30.8818950653076,2011,.
10547,10547,.,2.51362681388855,30.8818950653076,2011,.
10548,10548,.,1.84558916091919,34.7231597900391,2011,.
10549,10549,.,1.84558916091919,34.7231597900391,2011,.
10550,10550,.,3.57426166534424,31.1324863433838,2011,.
10551,10551,.,3.34775972366333,31.1935329437256,2011,.
10552,10552,.,3.34775972366333,31.1935329437256,2011,.
10553,10553,.,1.99999451637268,33.2409324645996,2011,.
10554,10554,.,3.49815559387207,34.1300354003906,2011,.
10555,10555,.,3.20126748085022,30.9642467498779,2011,.
10556,10556,.,3.20126748085022,30.9642467498779,2011,.
10557,10557,.,3.20126748085022,30.9642467498779,2011,.
10558,10558,.,3.20126748085022,30.9642467498779,2011,.
10559,10559,.,3.03893709182739,31.1524143218994,2011,.
10560,10560,.,3.24445223808289,31.1587162017822,2011,.
10561,10561,.,3.24445223808289,31.1587162017822,2011,.
10562,10562,.,2.29793643951416,32.4508323669434,2011,.
10563,10563,.,-0.303979516029358,30.3784961700439,2011,.
10564,10564,.,1.44564294815063,31.3347625732422,2011,.
10565,10565,.,1.44564294815063,31.3347625732422,2011,.
10566,10566,.,1.25608265399933,30.8103256225586,2011,.
10567,10567,.,-1.40499544143677,29.949390411377,2011,.
10568,10568,.,-1.15726232528687,30.0624504089355,2011,.
10569,10569,.,0.64079874753952,30.3012828826904,2011,.
10570,10570,.,0.447067439556122,30.1652870178223,2011,.
10571,10571,.,0.447067439556122,30.1652870178223,2011,.
10572,10572,.,0.0003415030078031,29.7339096069336,2011,.
10573,10573,.,0.0003415030078031,29.7339096069336,2011,.
10574,10574,.,0.0804493054747581,29.8522396087646,2011,.
10575,10575,.,0.0804493054747581,29.8522396087646,2011,.
10576,10576,.,1.02071845531464,31.1242160797119,2011,.
10577,10577,.,0.887235939502716,30.6932125091553,2011,.
10578,10578,.,0.887235939502716,30.6932125091553,2011,.
10579,10579,.,1.00910222530365,30.5577793121338,2011,.
10580,10580,.,1.00910222530365,30.5577793121338,2011,.
10581,10581,.,0.914466857910156,31.0712184906006,2011,.
10582,10582,.,-1.15060031414032,29.6728382110596,2011,.
10583,10583,.,-0.608761012554169,30.6722297668457,2011,.
10584,10584,.,-0.860807299613953,30.2692756652832,2011,.
10585,10585,.,0.142605289816856,30.495325088501,2011,.
10586,10586,.,0.591023623943329,30.4715900421143,2011,.
10587,10587,.,0.822011709213257,30.7921314239502,2011,.
10588,10588,.,0.822011709213257,30.7921314239502,2011,.
10589,10589,.,0.822011709213257,30.7921314239502,2011,.
10590,10590,.,0.0148298358544707,30.5203266143799,2011,.
10591,10591,.,0.0148298358544707,30.5203266143799,2011,.
10592,10592,.,-0.925601899623871,30.7941589355469,2011,.
10593,10593,.,-0.925601899623871,30.7941589355469,2011,.
10594,10594,.,0.487563967704773,31.8009243011475,2011,.
10595,10595,.,1.01852333545685,34.0729484558105,2011,.
10596,10596,.,0.112059839069843,31.7603454589844,2011,.
10597,10597,.,3.00683951377869,30.913631439209,2011,.
10598,10598,.,3.28149676322937,31.5641326904297,2011,.
10599,10599,.,3.28149676322937,31.5641326904297,2011,.
10600,10600,.,3.52506995201111,31.7135047912598,2011,.
10601,10601,.,3.52506995201111,31.7135047912598,2011,.
10602,10602,.,3.52506995201111,31.7135047912598,2011,.
10603,10603,.,2.58457088470459,30.9352512359619,2011,.
10604,10604,.,2.58457088470459,30.9352512359619,2011,.
10605,10605,.,2.49448823928833,31.0923099517822,2011,.
10606,10606,.,2.49448823928833,31.0923099517822,2011,.
10607,10607,.,3.25135397911072,31.404354095459,2011,.
10608,10608,.,2.84705948829651,32.124927520752,2011,.
10609,10609,.,3.69233274459839,33.9645347595215,2011,.
10610,10610,.,3.40311789512634,30.9614372253418,2011,.
10611,10611,.,3.40311789512634,30.9614372253418,2011,.
10612,10612,.,3.40311789512634,30.9614372253418,2011,.
10613,10613,.,3.24445223808289,31.1587162017822,2011,.
10614,10614,.,0.0584137737751007,29.9493350982666,2011,.
10615,10615,.,1.56147372722626,33.3062973022461,2011,.
10616,10616,.,2.20474600791931,33.1740913391113,2011,.
10617,10617,.,0.684824407100677,32.8292083740234,2011,.
10618,10618,.,2.43073320388794,32.7466316223145,2011,.
10619,10619,.,2.43073320388794,32.7466316223145,2011,.
10620,10620,.,2.42945981025696,32.8906021118164,2011,.
10621,10621,.,2.42460131645203,32.851692199707,2011,.
10622,10622,.,2.42460131645203,32.851692199707,2011,.
10623,10623,.,2.42460131645203,32.851692199707,2011,.
10624,10624,.,2.42460131645203,32.851692199707,2011,.
10625,10625,.,3.00683951377869,30.913631439209,2011,.
10626,10626,.,2.74137544631958,30.9613151550293,2011,.
10627,10627,.,2.76196455955505,32.3320617675781,2011,.
10628,10628,.,2.81874656677246,32.2802124023438,2011,.
10629,10629,.,2.81874656677246,32.2802124023438,2011,.
10630,10630,.,3.30915713310242,32.8738670349121,2011,.
10631,10631,.,2.2636284828186,32.8983764648438,2011,.
10632,10632,.,2.31616306304932,32.9403533935547,2011,.
10633,10633,.,2.12212133407593,33.191463470459,2011,.
10634,10634,.,2.18861675262451,33.1163444519043,2011,.
10635,10635,.,2.31113576889038,32.9849128723145,2011,.
10636,10636,.,2.31113576889038,32.9849128723145,2011,.
10637,10637,.,2.31113576889038,32.9849128723145,2011,.
10638,10638,.,2.31113576889038,32.9849128723145,2011,.
10639,10639,.,2.35982012748718,30.9178142547607,2011,.
10640,10640,.,2.35982012748718,30.9178142547607,2011,.
10641,10641,.,3.57426166534424,31.1324863433838,2011,.
10642,10642,.,3.57426166534424,31.1324863433838,2011,.
10643,10643,.,1.99999451637268,33.2409324645996,2011,.
10644,10644,.,2.80026865005493,30.921443939209,2011,.
10645,10645,.,2.35250067710876,32.2547607421875,2011,.
10646,10646,.,2.3648579120636,32.6032752990723,2011,.
10647,10647,.,2.29793643951416,32.4508323669434,2011,.
10648,10648,.,2.15202903747559,32.5299224853516,2011,.
10649,10649,.,2.15202903747559,32.5299224853516,2011,.
10650,10650,.,2.15202903747559,32.5299224853516,2011,.
10651,10651,.,2.15202903747559,32.5299224853516,2011,.
10652,10652,.,0.213034510612488,31.0526390075684,2011,.
10653,10653,.,0.684824407100677,32.8292083740234,2011,.
10654,10654,.,0.827926635742188,31.8434658050537,2011,.
10655,10655,.,0.923509061336517,31.5785617828369,2011,.
10656,10656,.,0.811501383781433,32.5159187316895,2011,.
10657,10657,.,0.811501383781433,32.5159187316895,2011,.
10658,10658,.,-0.0795709863305092,31.6357078552246,2011,.
10659,10659,.,-0.0795709863305092,31.6357078552246,2011,.
10660,10660,.,-0.248543187975883,31.6678161621094,2011,.
10661,10661,.,-0.248543187975883,31.6678161621094,2011,.
10662,10662,.,-0.522386312484741,31.3553428649902,2011,.
10663,10663,.,-0.522386312484741,31.3553428649902,2011,.
10664,10664,.,-0.522386312484741,31.3553428649902,2011,.
10665,10665,.,-0.576782405376434,31.6916370391846,2011,.
10666,10666,.,-0.291444003582001,31.7913436889648,2011,.
10667,10667,.,-0.291444003582001,31.7913436889648,2011,.
10668,10668,.,0.0009765960276126,31.7997989654541,2011,.
10669,10669,.,0.112059839069843,31.7603454589844,2011,.
10670,10670,.,0.112059839069843,31.7603454589844,2011,.
10671,10671,.,0.270254284143448,31.6484489440918,2011,.
10672,10672,.,0.270254284143448,31.6484489440918,2011,.
10673,10673,.,0.0716098621487617,32.0928726196289,2011,.
10674,10674,.,0.0716098621487617,32.0928726196289,2011,.
10675,10675,.,0.390713512897491,32.0738220214844,2011,.
10676,10676,.,0.390713512897491,32.0738220214844,2011,.
10677,10677,.,0.213034510612488,31.0526390075684,2011,.
10678,10678,.,0.487563967704773,31.8009243011475,2011,.
10679,10679,.,0.487563967704773,31.8009243011475,2011,.
10680,10680,.,0.401924014091492,32.1020774841309,2011,.
10681,10681,.,0.411417484283447,33.1413688659668,2011,.
10682,10682,.,0.316349565982819,33.1603584289551,2011,.
10683,10683,.,0.376263439655304,33.1910133361816,2011,.
10684,10684,.,0.435742348432541,32.8037338256836,2011,.
10685,10685,.,0.619389116764069,32.8121566772461,2011,.
10686,10686,.,0.625139534473419,32.9195861816406,2011,.
10687,10687,.,-0.518611609935761,31.1944370269775,2011,.
10688,10688,.,-0.508830487728119,31.3332862854004,2011,.
10689,10689,.,-0.503361105918884,31.6160697937012,2011,.
10690,10690,.,-0.503361105918884,31.6160697937012,2011,.
10691,10691,.,0.145366743206978,31.2310600280762,2011,.
10692,10692,.,-0.292247772216797,31.4787216186523,2011,.
10693,10693,.,0.726580560207367,32.9185066223145,2011,.
10694,10694,.,0.82723480463028,32.8440856933594,2011,.
10695,10695,.,0.732910215854645,32.9587593078613,2011,.
10696,10696,.,0.505781412124634,32.329402923584,2011,.
10697,10697,.,-0.29533115029335,31.2187824249268,2011,.
10698,10698,.,0.684433221817017,32.3014259338379,2011,.
10699,10699,.,0.808688759803772,34.3362693786621,2011,.
10700,10700,.,2.42945981025696,32.8906021118164,2011,.
10701,10701,.,2.76196455955505,32.3320617675781,2011,.
10702,10702,.,2.15202903747559,32.5299224853516,2011,.
10703,10703,.,-0.303979516029358,30.3784961700439,2011,.
10704,10704,.,-0.260062783956528,30.129674911499,2011,.
10705,10705,.,-0.260062783956528,30.129674911499,2011,.
10706,10706,.,1.44564294815063,31.3347625732422,2011,.
10707,10707,.,1.44195747375488,31.155403137207,2011,.
10708,10708,.,0.0804493054747581,29.8522396087646,2011,.
10709,10709,.,1.69431710243225,31.7118549346924,2011,.
10710,10710,.,-0.608761012554169,30.6722297668457,2011,.
10711,10711,.,-0.323038339614868,30.5947933197021,2011,.
10712,10712,.,-0.96490079164505,29.9596881866455,2011,.
10713,10713,.,0.142605289816856,30.495325088501,2011,.
10714,10714,.,0.419650048017502,31.0364627838135,2011,.
10715,10715,.,-0.132562950253487,30.4788208007813,2011,.
10716,10716,.,-0.132562950253487,30.4788208007813,2011,.
10717,10717,.,0.389015406370163,34.0578117370605,2011,.
10718,10718,.,1.37214016914368,33.9079666137695,2011,.
10719,10719,.,1.37214016914368,33.9079666137695,2011,.
10720,10720,.,1.37214016914368,33.9079666137695,2011,.
10721,10721,.,1.37214016914368,33.9079666137695,2011,.
10722,10722,.,1.37214016914368,33.9079666137695,2011,.
10723,10723,.,1.37214016914368,33.9079666137695,2011,.
10724,10724,.,1.37214016914368,33.9079666137695,2011,.
10725,10725,.,1.14941644668579,33.9205665588379,2011,.
10726,10726,.,1.14941644668579,33.9205665588379,2011,.
10727,10727,.,1.26079976558685,33.7970542907715,2011,.
10728,10728,.,1.26079976558685,33.7970542907715,2011,.
10729,10729,.,1.74095821380615,33.5833396911621,2011,.
10730,10730,.,1.74095821380615,33.5833396911621,2011,.
10731,10731,.,1.2457377910614,34.2635726928711,2011,.
10732,10732,.,1.2457377910614,34.2635726928711,2011,.
10733,10733,.,1.01852333545685,34.0729484558105,2011,.
10734,10734,.,1.01852333545685,34.0729484558105,2011,.
10735,10735,.,0.825316965579987,34.2723846435547,2011,.
10736,10736,.,0.869543254375458,34.3812675476074,2011,.
10737,10737,.,2.42460131645203,32.851692199707,2011,.
10738,10738,.,2.42460131645203,32.851692199707,2011,.
10739,10739,.,3.00683951377869,30.913631439209,2011,.
10740,10740,.,3.00683951377869,30.913631439209,2011,.
10741,10741,.,2.74137544631958,30.9613151550293,2011,.
10742,10742,.,2.81874656677246,32.2802124023438,2011,.
10743,10743,.,2.81874656677246,32.2802124023438,2011,.
10744,10744,.,2.31616306304932,32.9403533935547,2011,.
10745,10745,.,2.42715930938721,33.0419387817383,2011,.
10746,10746,.,2.13755464553833,33.2075042724609,2011,.
10747,10747,.,2.31113576889038,32.9849128723145,2011,.
10748,10748,.,2.31113576889038,32.9849128723145,2011,.
10749,10749,.,3.28149676322937,31.5641326904297,2011,.
10750,10750,.,3.28149676322937,31.5641326904297,2011,.
10751,10751,.,3.28149676322937,31.5641326904297,2011,.
10752,10752,.,3.52506995201111,31.7135047912598,2011,.
10753,10753,.,3.66808867454529,31.7156181335449,2011,.
10754,10754,.,3.66808867454529,31.7156181335449,2011,.
10755,10755,.,3.52506995201111,31.7135047912598,2011,.
10756,10756,.,2.47238349914551,31.0622043609619,2011,.
10757,10757,.,2.47238349914551,31.0622043609619,2011,.
10758,10758,.,2.35689759254456,31.4175453186035,2011,.
10759,10759,.,2.58457088470459,30.9352512359619,2011,.
10760,10760,.,2.35982012748718,30.9178142547607,2011,.
10761,10761,.,2.35982012748718,30.9178142547607,2011,.
10762,10762,.,2.35982012748718,30.9178142547607,2011,.
10763,10763,.,2.51362681388855,30.8818950653076,2011,.
10764,10764,.,2.51362681388855,30.8818950653076,2011,.
10765,10765,.,2.50494575500488,31.0968360900879,2011,.
10766,10766,.,2.50494575500488,31.0968360900879,2011,.
10767,10767,.,2.52995300292969,30.7862167358398,2011,.
10768,10768,.,2.49448823928833,31.0923099517822,2011,.
10769,10769,.,1.76908838748932,34.8571166992188,2011,.
10770,10770,.,1.76908838748932,34.8571166992188,2011,.
10771,10771,.,3.41740727424622,31.1809616088867,2011,.
10772,10772,.,3.57426166534424,31.1324863433838,2011,.
10773,10773,.,3.34775972366333,31.1935329437256,2011,.
10774,10774,.,3.34775972366333,31.1935329437256,2011,.
10775,10775,.,3.34775972366333,31.1935329437256,2011,.
10776,10776,.,3.34775972366333,31.1935329437256,2011,.
10777,10777,.,3.25135397911072,31.404354095459,2011,.
10778,10778,.,1.99999451637268,33.2409324645996,2011,.
10779,10779,.,3.69233274459839,33.9645347595215,2011,.
10780,10780,.,3.60678219795227,34.1263580322266,2011,.
10781,10781,.,3.40311789512634,30.9614372253418,2011,.
10782,10782,.,3.40311789512634,30.9614372253418,2011,.
10783,10783,.,3.44252777099609,30.9456558227539,2011,.
10784,10784,.,3.44252777099609,30.9456558227539,2011,.
10785,10785,.,3.20126748085022,30.9642467498779,2011,.
10786,10786,.,3.20126748085022,30.9642467498779,2011,.
10787,10787,.,3.20126748085022,30.9642467498779,2011,.
10788,10788,.,3.20126748085022,30.9642467498779,2011,.
10789,10789,.,3.27729225158691,30.9756202697754,2011,.
10790,10790,.,3.09164381027222,31.0199394226074,2011,.
10791,10791,.,3.09164381027222,31.0199394226074,2011,.
10792,10792,.,3.06657600402832,31.0652465820313,2011,.
10793,10793,.,3.03893709182739,31.1524143218994,2011,.
10794,10794,.,3.24445223808289,31.1587162017822,2011,.
10795,10795,.,2.35250067710876,32.2547607421875,2011,.
10796,10796,.,2.29793643951416,32.4508323669434,2011,.
10797,10797,.,2.15202903747559,32.5299224853516,2011,.
10798,10798,.,2.15202903747559,32.5299224853516,2011,.
10799,10799,.,0.785143792629242,30.2475070953369,2011,.
10800,10800,.,-0.528355836868286,29.9541797637939,2011,.
10801,10801,.,0.0804493054747581,29.8522396087646,2011,.
10802,10802,.,0.887235939502716,30.6932125091553,2011,.
10803,10803,.,0.389080584049225,30.4866619110107,2011,.
10804,10804,.,0.142605289816856,30.495325088501,2011,.
10805,10805,.,-0.105038173496723,30.2642192840576,2011,.
10806,10806,.,-0.92032378911972,29.8012294769287,2011,.
10807,10807,.,0.419650048017502,31.0364627838135,2011,.
10808,10808,.,0.419650048017502,31.0364627838135,2011,.
10809,10809,.,0.728757619857788,30.6465892791748,2011,.
10810,10810,.,0.728757619857788,30.6465892791748,2011,.
10811,10811,.,0.822011709213257,30.7921314239502,2011,.
10812,10812,.,0.923509061336517,31.5785617828369,2011,.
10813,10813,.,0.923509061336517,31.5785617828369,2011,.
10814,10814,.,-0.522386312484741,31.3553428649902,2011,.
10815,10815,.,-0.522386312484741,31.3553428649902,2011,.
10816,10816,.,0.390713512897491,32.0738220214844,2011,.
10817,10817,.,-0.229320719838142,31.4010314941406,2011,.
10818,10818,.,-0.151018559932709,31.4375495910645,2011,.
10819,10819,.,0.82723480463028,32.8440856933594,2011,.
10820,10820,.,0.82723480463028,32.8440856933594,2011,.
10821,10821,.,0.27472311258316,31.9426517486572,2011,.
10822,10822,.,0.684433221817017,32.3014259338379,2011,.
10823,10823,.,0.684433221817017,32.3014259338379,2011,.
10824,10824,.,2.14705204963684,32.6508445739746,2011,.
10825,10825,.,2.11178040504456,33.1042327880859,2011,.
10826,10826,.,2.11178040504456,33.1042327880859,2011,.
10827,10827,.,1.79521262645721,32.899227142334,2011,.
10828,10828,.,1.37214016914368,33.9079666137695,2011,.
10829,10829,.,1.37214016914368,33.9079666137695,2011,.
10830,10830,.,1.37214016914368,33.9079666137695,2011,.
10831,10831,.,1.37214016914368,33.9079666137695,2011,.
10832,10832,.,1.37214016914368,33.9079666137695,2011,.
10833,10833,.,3.52506995201111,31.7135047912598,2011,.
10834,10834,.,3.52506995201111,31.7135047912598,2011,.
10835,10835,.,3.52506995201111,31.7135047912598,2011,.
10836,10836,.,2.58457088470459,30.9352512359619,2011,.
10837,10837,.,3.57426166534424,31.1324863433838,2011,.
10838,10838,.,3.57426166534424,31.1324863433838,2011,.
10839,10839,.,3.57426166534424,31.1324863433838,2011,.
10840,10840,.,3.57426166534424,31.1324863433838,2011,.
10841,10841,.,3.40311789512634,30.9614372253418,2011,.
10842,10842,.,2.80026865005493,30.921443939209,2011,.
10843,10843,.,3.24445223808289,31.1587162017822,2011,.
10844,10844,.,0.196654409170151,32.2552299499512,2011,.
10845,10845,.,0.376263439655304,33.1910133361816,2011,.
10846,10846,.,2.49448823928833,31.0923099517822,2011,.
10847,10847,.,2.49448823928833,31.0923099517822,2011,.
10848,10848,.,3.09164381027222,31.0199394226074,2011,.
10849,10849,.,0.537967622280121,31.368236541748,2011,.
10850,10850,.,3.00683951377869,30.913631439209,2011,.
10851,10851,.,3.09229350090027,30.889102935791,2011,.
10852,10852,.,2.74137544631958,30.9613151550293,2011,.
10853,10853,.,2.74137544631958,30.9613151550293,2011,.
10854,10854,.,2.76196455955505,32.3320617675781,2011,.
10855,10855,.,2.13755464553833,33.2075042724609,2011,.
10856,10856,.,3.28149676322937,31.5641326904297,2011,.
10857,10857,.,2.41697716712952,30.9864540100098,2011,.
10858,10858,.,2.41697716712952,30.9864540100098,2011,.
10859,10859,.,2.35982012748718,30.9178142547607,2011,.
10860,10860,.,2.49448823928833,31.0923099517822,2011,.
10861,10861,.,3.27729225158691,30.9756202697754,2011,.
10862,10862,.,1.15165543556213,34.261589050293,2011,.
10863,10863,.,2.74137544631958,30.9613151550293,2011,.
10864,10864,.,0.316349565982819,33.1603584289551,2011,.
10865,10865,.,0.0560901910066605,32.3109283447266,2011,.
10866,10866,.,0.196654409170151,32.2552299499512,2011,.
10867,10867,.,2.52995300292969,30.7862167358398,2011,.
10868,10868,.,3.27729225158691,30.9756202697754,2011,.
10869,10869,.,-0.435466885566711,31.3689880371094,2011,.
10870,10870,.,-0.508830487728119,31.3332862854004,2011,.
10871,10871,.,-1.16621911525726,29.7942943572998,2011,.
10872,10872,.,0.923509061336517,31.5785617828369,2011,.
10873,10873,.,-0.248543187975883,31.6678161621094,2011,.
10874,10874,.,-0.522386312484741,31.3553428649902,2011,.
10875,10875,.,0.0009765960276126,31.7997989654541,2011,.
10876,10876,.,0.196654409170151,32.2552299499512,2011,.
10877,10877,.,0.354955315589905,32.9335060119629,2011,.
10878,10878,.,0.411417484283447,33.1413688659668,2011,.
10879,10879,.,0.684824407100677,32.8292083740234,2011,.
10880,10880,.,-0.508830487728119,31.3332862854004,2011,.
10881,10881,.,-0.292247772216797,31.4787216186523,2011,.
10882,10882,.,0.82723480463028,32.8440856933594,2011,.
10883,10883,.,0.625762522220612,33.2887725830078,2011,.
10884,10884,.,1.86953103542328,33.9480819702148,2011,.
10885,10885,.,0.802708446979523,34.3096466064453,2011,.
10886,10886,.,0.808688759803772,34.3362693786621,2011,.
10887,10887,.,3.03833198547363,34.1470222473145,2011,.
10888,10888,.,3.34775972366333,31.1935329437256,2011,.
10889,10889,.,3.60678219795227,34.1263580322266,2011,.
10890,10890,.,1.44195747375488,31.155403137207,2011,.
10891,10891,.,1.44195747375488,31.155403137207,2011,.
10892,10892,.,0.64079874753952,30.3012828826904,2011,.
10893,10893,.,0.578551709651947,30.1612014770508,2011,.
10894,10894,.,0.0584137737751007,29.9493350982666,2011,.
10895,10895,.,-0.640430748462677,29.8059825897217,2011,.
10896,10896,.,-0.640430748462677,29.8059825897217,2011,.
10897,10897,.,-0.757246434688568,30.8071994781494,2011,.
10898,10898,.,3.34775972366333,31.1935329437256,2011,.
10899,10899,.,-0.8871248960495,31.711088180542,2011,.
10900,10900,.,1.90533483028412,32.3719940185547,2011,.
10901,10901,.,0.389015406370163,34.0578117370605,2011,.
10902,10902,.,2.02890801429749,33.590747833252,2011,.
10903,10903,.,1.08883786201477,33.4021606445313,2011,.
10904,10904,.,2.35689759254456,31.4175453186035,2011,.
10905,10905,.,0.802708446979523,34.3096466064453,2011,.
10906,10906,.,0.33318766951561,32.5706558227539,2011,.
10907,10907,.,3.06571340560913,30.9412231445313,2011,.
10908,10908,.,2.35501027107239,30.9007453918457,2011,.
10909,10909,.,3.27729225158691,30.9756202697754,2011,.
10910,10910,.,1.90533483028412,32.3719940185547,2011,.
10911,10911,.,2.31616306304932,32.9403533935547,2011,.
10912,10912,.,2.31616306304932,32.9403533935547,2011,.
10913,10913,.,2.11178040504456,33.1042327880859,2011,.
10914,10914,.,2.3648579120636,32.6032752990723,2011,.
10915,10915,.,0.289272874593735,32.6159744262695,2011,.
10916,10916,.,0.305940717458725,32.5291442871094,2011,.
10917,10917,.,0.819429337978363,34.0940742492676,2011,.
10918,10918,.,0.696134746074677,34.0029640197754,2011,.
10919,10919,.,-0.96490079164505,29.9596881866455,2011,.
10920,10920,.,0.827926635742188,31.8434658050537,2011,.
10921,10921,.,-0.344247996807098,31.5716648101807,2011,.
10922,10922,.,0.369690954685211,33.1874313354492,2011,.
10923,10923,.,0.625139534473419,32.9195861816406,2011,.
10924,10924,.,-0.151018559932709,31.4375495910645,2011,.
10925,10925,.,0.726580560207367,32.9185066223145,2011,.
10926,10926,.,-0.29533115029335,31.2187824249268,2011,.
10927,10927,.,0.543995559215546,32.1898193359375,2011,.
10928,10928,.,2.02890801429749,33.590747833252,2011,.
10929,10929,.,1.90533483028412,32.3719940185547,2011,.
10930,10930,.,3.60678219795227,34.1263580322266,2011,.
10931,10931,.,3.60678219795227,34.1263580322266,2011,.
10932,10932,.,3.06571340560913,30.9412231445313,2011,.
10933,10933,.,2.41697716712952,30.9864540100098,2011,.
10934,10934,.,3.41740727424622,31.1809616088867,2011,.
10935,10935,.,3.41740727424622,31.1809616088867,2011,.
10936,10936,.,2.41697716712952,30.9864540100098,2011,.
10937,10937,.,2.14705204963684,32.6508445739746,2011,.
10938,10938,.,1.90533483028412,32.3719940185547,2011,.
10939,10939,.,-0.508830487728119,31.3332862854004,2011,.
10940,10940,.,1.76908838748932,34.8571166992188,2011,.
10941,10941,.,0.389080584049225,30.4866619110107,2011,.
10942,10942,.,-0.779665112495422,29.6530265808105,2011,.
10943,10943,.,2.42945981025696,32.8906021118164,2011,.
10944,10944,.,1.83483409881592,32.3841743469238,2011,.
10945,10945,.,2.12212133407593,33.191463470459,2011,.
10946,10946,.,2.31113576889038,32.9849128723145,2011,.
10947,10947,.,2.56624221801758,34.6404800415039,2011,.
10948,10948,.,1.99999451637268,33.2409324645996,2011,.
10949,10949,.,1.99999451637268,33.2409324645996,2011,.
10950,10950,.,1.77958250045776,33.0395240783691,2011,.
10951,10951,.,0.305940717458725,32.5291442871094,2011,.
10952,10952,.,0.71214485168457,32.5294303894043,2011,.
10953,10953,.,0.471293449401855,32.8645896911621,2011,.
10954,10954,.,0.662385106086731,32.7091407775879,2011,.
10955,10955,.,0.811501383781433,32.5159187316895,2011,.
10956,10956,.,0.811501383781433,32.5159187316895,2011,.
10957,10957,.,-0.0795709863305092,31.6357078552246,2011,.
10958,10958,.,-0.205463990569115,31.5668087005615,2011,.
10959,10959,.,-0.248543187975883,31.6678161621094,2011,.
10960,10960,.,-0.344247996807098,31.5716648101807,2011,.
10961,10961,.,-0.344247996807098,31.5716648101807,2011,.
10962,10962,.,-0.522386312484741,31.3553428649902,2011,.
10963,10963,.,-0.576782405376434,31.6916370391846,2011,.
10964,10964,.,0.0009765960276126,31.7997989654541,2011,.
10965,10965,.,0.0009765960276126,31.7997989654541,2011,.
10966,10966,.,0.0009765960276126,31.7997989654541,2011,.
10967,10967,.,0.270254284143448,31.6484489440918,2011,.
10968,10968,.,0.270254284143448,31.6484489440918,2011,.
10969,10969,.,0.390713512897491,32.0738220214844,2011,.
10970,10970,.,0.213034510612488,31.0526390075684,2011,.
10971,10971,.,0.537967622280121,31.368236541748,2011,.
10972,10972,.,0.63070547580719,31.7877235412598,2011,.
10973,10973,.,0.487563967704773,31.8009243011475,2011,.
10974,10974,.,0.487563967704773,31.8009243011475,2011,.
10975,10975,.,0.435742348432541,32.8037338256836,2011,.
10976,10976,.,0.684824407100677,32.8292083740234,2011,.
10977,10977,.,0.625139534473419,32.9195861816406,2011,.
10978,10978,.,0.625139534473419,32.9195861816406,2011,.
10979,10979,.,0.625139534473419,32.9195861816406,2011,.
10980,10980,.,-0.8871248960495,31.711088180542,2011,.
10981,10981,.,-0.518611609935761,31.1944370269775,2011,.
10982,10982,.,-0.508830487728119,31.3332862854004,2011,.
10983,10983,.,-0.503361105918884,31.6160697937012,2011,.
10984,10984,.,-0.292247772216797,31.4787216186523,2011,.
10985,10985,.,-0.229320719838142,31.4010314941406,2011,.
10986,10986,.,-0.292247772216797,31.4787216186523,2011,.
10987,10987,.,-0.292247772216797,31.4787216186523,2011,.
10988,10988,.,-0.151018559932709,31.4375495910645,2011,.
10989,10989,.,-0.151018559932709,31.4375495910645,2011,.
10990,10990,.,-0.151018559932709,31.4375495910645,2011,.
10991,10991,.,-0.151018559932709,31.4375495910645,2011,.
10992,10992,.,-0.151018559932709,31.4375495910645,2011,.
10993,10993,.,0.82723480463028,32.8440856933594,2011,.
10994,10994,.,0.82723480463028,32.8440856933594,2011,.
10995,10995,.,0.82723480463028,32.8440856933594,2011,.
10996,10996,.,0.732910215854645,32.9587593078613,2011,.
10997,10997,.,0.0560901910066605,32.3109283447266,2011,.
10998,10998,.,-0.402727663516998,31.3498954772949,2011,.
10999,10999,.,-0.402727663516998,31.3498954772949,2011,.
11000,11000,.,-0.402727663516998,31.3498954772949,2011,.
11001,11001,.,-0.29533115029335,31.2187824249268,2011,.
11002,11002,.,-0.29533115029335,31.2187824249268,2011,.
11003,11003,.,0.27472311258316,31.9426517486572,2011,.
11004,11004,.,0.27472311258316,31.9426517486572,2011,.
11005,11005,.,0.490654230117798,34.0917701721191,2011,.
11006,11006,.,0.490654230117798,34.0917701721191,2011,.
11007,11007,.,0.490654230117798,34.0917701721191,2011,.
11008,11008,.,0.490654230117798,34.0917701721191,2011,.
11009,11009,.,0.490654230117798,34.0917701721191,2011,.
11010,11010,.,0.490654230117798,34.0917701721191,2011,.
11011,11011,.,0.490654230117798,34.0917701721191,2011,.
11012,11012,.,0.389015406370163,34.0578117370605,2011,.
11013,11013,.,0.389015406370163,34.0578117370605,2011,.
11014,11014,.,0.389015406370163,34.0578117370605,2011,.
11015,11015,.,0.389015406370163,34.0578117370605,2011,.
11016,11016,.,0.389015406370163,34.0578117370605,2011,.
11017,11017,.,0.389015406370163,34.0578117370605,2011,.
11018,11018,.,0.389015406370163,34.0578117370605,2011,.
11019,11019,.,0.572827994823456,33.4740257263184,2011,.
11020,11020,.,1.01656532287598,33.3279800415039,2011,.
11021,11021,.,0.823249995708466,34.2178001403809,2011,.
11022,11022,.,0.823249995708466,34.2178001403809,2011,.
11023,11023,.,0.823249995708466,34.2178001403809,2011,.
11024,11024,.,0.823249995708466,34.2178001403809,2011,.
11025,11025,.,0.90053391456604,33.1015129089355,2011,.
11026,11026,.,0.90053391456604,33.1015129089355,2011,.
11027,11027,.,1.38218474388123,34.4044532775879,2011,.
11028,11028,.,1.38218474388123,34.4044532775879,2011,.
11029,11029,.,1.66368937492371,33.967887878418,2011,.
11030,11030,.,1.66368937492371,33.967887878418,2011,.
11031,11031,.,1.37214016914368,33.9079666137695,2011,.
11032,11032,.,1.07345378398895,34.1650390625,2011,.
11033,11033,.,1.14941644668579,33.9205665588379,2011,.
11034,11034,.,1.14941644668579,33.9205665588379,2011,.
11035,11035,.,1.14941644668579,33.9205665588379,2011,.
11036,11036,.,1.14941644668579,33.9205665588379,2011,.
11037,11037,.,1.26079976558685,33.7970542907715,2011,.
11038,11038,.,0.819429337978363,34.0940742492676,2011,.
11039,11039,.,0.657477378845215,34.1587715148926,2011,.
11040,11040,.,0.696134746074677,34.0029640197754,2011,.
11041,11041,.,0.696242272853851,34.1093864440918,2011,.
11042,11042,.,1.2457377910614,34.2635726928711,2011,.
11043,11043,.,1.2457377910614,34.2635726928711,2011,.
11044,11044,.,1.2457377910614,34.2635726928711,2011,.
11045,11045,.,1.2457377910614,34.2635726928711,2011,.
11046,11046,.,1.2184237241745,34.2704315185547,2011,.
11047,11047,.,1.2184237241745,34.2704315185547,2011,.
11048,11048,.,1.27609848976135,34.3719062805176,2011,.
11049,11049,.,1.3747730255127,34.3019981384277,2011,.
11050,11050,.,1.3747730255127,34.3019981384277,2011,.
11051,11051,.,1.3747730255127,34.3019981384277,2011,.
11052,11052,.,1.3747730255127,34.3019981384277,2011,.
11053,11053,.,1.3747730255127,34.3019981384277,2011,.
11054,11054,.,1.3747730255127,34.3019981384277,2011,.
11055,11055,.,1.3747730255127,34.3019981384277,2011,.
11056,11056,.,1.3747730255127,34.3019981384277,2011,.
11057,11057,.,1.3747730255127,34.3019981384277,2011,.
11058,11058,.,1.12054681777954,34.0546684265137,2011,.
11059,11059,.,1.12054681777954,34.0546684265137,2011,.
11060,11060,.,1.12054681777954,34.0546684265137,2011,.
11061,11061,.,1.12054681777954,34.0546684265137,2011,.
11062,11062,.,1.12054681777954,34.0546684265137,2011,.
11063,11063,.,1.12054681777954,34.0546684265137,2011,.
11064,11064,.,1.12054681777954,34.0546684265137,2011,.
11065,11065,.,1.12054681777954,34.0546684265137,2011,.
11066,11066,.,1.12054681777954,34.0546684265137,2011,.
11067,11067,.,0.657477378845215,34.1587715148926,2011,.
11068,11068,.,1.01852333545685,34.0729484558105,2011,.
11069,11069,.,0.825316965579987,34.2723846435547,2011,.
11070,11070,.,0.825316965579987,34.2723846435547,2011,.
11071,11071,.,0.825316965579987,34.2723846435547,2011,.
11072,11072,.,0.802708446979523,34.3096466064453,2011,.
11073,11073,.,0.802708446979523,34.3096466064453,2011,.
11074,11074,.,0.802708446979523,34.3096466064453,2011,.
11075,11075,.,0.802708446979523,34.3096466064453,2011,.
11076,11076,.,0.883820950984955,34.3841171264648,2011,.
11077,11077,.,0.883820950984955,34.3841171264648,2011,.
11078,11078,.,0.883820950984955,34.3841171264648,2011,.
11079,11079,.,0.808688759803772,34.3362693786621,2011,.
11080,11080,.,0.808688759803772,34.3362693786621,2011,.
11081,11081,.,0.808688759803772,34.3362693786621,2011,.
11082,11082,.,0.808688759803772,34.3362693786621,2011,.
11083,11083,.,0.808688759803772,34.3362693786621,2011,.
11084,11084,.,0.857629358768463,34.3664779663086,2011,.
11085,11085,.,0.857629358768463,34.3664779663086,2011,.
11086,11086,.,0.857629358768463,34.3664779663086,2011,.
11087,11087,.,0.857629358768463,34.3664779663086,2011,.
11088,11088,.,0.857629358768463,34.3664779663086,2011,.
11089,11089,.,0.869543254375458,34.3812675476074,2011,.
11090,11090,.,0.869543254375458,34.3812675476074,2011,.
11091,11091,.,0.869543254375458,34.3812675476074,2011,.
11092,11092,.,0.869543254375458,34.3812675476074,2011,.
11093,11093,.,0.869543254375458,34.3812675476074,2011,.
11094,11094,.,0.961448907852173,33.5919456481934,2011,.
11095,11095,.,2.7695152759552,32.2951393127441,2011,.
11096,11096,.,2.7695152759552,32.2951393127441,2011,.
11097,11097,.,2.95916128158569,32.2330055236816,2011,.
11098,11098,.,2.20474600791931,33.1740913391113,2011,.
11099,11099,.,2.37312650680542,33.0343399047852,2011,.
11100,11100,.,2.14581179618835,34.2044410705566,2011,.
11101,11101,.,1.76908838748932,34.8571166992188,2011,.
11102,11102,.,1.76908838748932,34.8571166992188,2011,.
11103,11103,.,1.98235940933228,33.0550918579102,2011,.
11104,11104,.,1.98235940933228,33.0550918579102,2011,.
11105,11105,.,1.98235940933228,33.0550918579102,2011,.
11106,11106,.,2.32385993003845,33.0019454956055,2011,.
11107,11107,.,1.99999451637268,33.2409324645996,2011,.
11108,11108,.,1.77958250045776,33.0395240783691,2011,.
11109,11109,.,3.69233274459839,33.9645347595215,2011,.
11110,11110,.,3.60678219795227,34.1263580322266,2011,.
11111,11111,.,3.51759910583496,34.1603584289551,2011,.
11112,11112,.,2.15202903747559,32.5299224853516,2011,.
11113,11113,.,2.15202903747559,32.5299224853516,2011,.
11114,11114,.,2.15202903747559,32.5299224853516,2011,.
11115,11115,.,0.785143792629242,30.2475070953369,2011,.
11116,11116,.,-0.303979516029358,30.3784961700439,2011,.
11117,11117,.,-0.303979516029358,30.3784961700439,2011,.
11118,11118,.,-0.303979516029358,30.3784961700439,2011,.
11119,11119,.,-0.528355836868286,29.9541797637939,2011,.
11120,11120,.,1.36187076568604,31.4513874053955,2011,.
11121,11121,.,1.36187076568604,31.4513874053955,2011,.
11122,11122,.,1.36187076568604,31.4513874053955,2011,.
11123,11123,.,1.36187076568604,31.4513874053955,2011,.
11124,11124,.,1.44195747375488,31.155403137207,2011,.
11125,11125,.,1.44195747375488,31.155403137207,2011,.
11126,11126,.,1.44195747375488,31.155403137207,2011,.
11127,11127,.,1.25608265399933,30.8103256225586,2011,.
11128,11128,.,1.25608265399933,30.8103256225586,2011,.
11129,11129,.,1.25608265399933,30.8103256225586,2011,.
11130,11130,.,1.25608265399933,30.8103256225586,2011,.
11131,11131,.,1.25608265399933,30.8103256225586,2011,.
11132,11132,.,1.25608265399933,30.8103256225586,2011,.
11133,11133,.,-1.24142968654633,29.9611663818359,2011,.
11134,11134,.,-1.15726232528687,30.0624504089355,2011,.
11135,11135,.,0.626914322376251,30.2771186828613,2011,.
11136,11136,.,0.626914322376251,30.2771186828613,2011,.
11137,11137,.,0.447067439556122,30.1652870178223,2011,.
11138,11138,.,0.447067439556122,30.1652870178223,2011,.
11139,11139,.,0.447067439556122,30.1652870178223,2011,.
11140,11140,.,0.578551709651947,30.1612014770508,2011,.
11141,11141,.,0.177929356694222,30.0738525390625,2011,.
11142,11142,.,0.0804493054747581,29.8522396087646,2011,.
11143,11143,.,0.0804493054747581,29.8522396087646,2011,.
11144,11144,.,0.0584137737751007,29.9493350982666,2011,.
11145,11145,.,1.02071845531464,31.1242160797119,2011,.
11146,11146,.,1.02071845531464,31.1242160797119,2011,.
11147,11147,.,1.02071845531464,31.1242160797119,2011,.
11148,11148,.,1.02071845531464,31.1242160797119,2011,.
11149,11149,.,0.887235939502716,30.6932125091553,2011,.
11150,11150,.,1.00910222530365,30.5577793121338,2011,.
11151,11151,.,1.00910222530365,30.5577793121338,2011,.
11152,11152,.,1.00910222530365,30.5577793121338,2011,.
11153,11153,.,0.914466857910156,31.0712184906006,2011,.
11154,11154,.,0.914466857910156,31.0712184906006,2011,.
11155,11155,.,0.914466857910156,31.0712184906006,2011,.
11156,11156,.,0.914466857910156,31.0712184906006,2011,.
11157,11157,.,0.914466857910156,31.0712184906006,2011,.
11158,11158,.,0.914466857910156,31.0712184906006,2011,.
11159,11159,.,1.69431710243225,31.7118549346924,2011,.
11160,11160,.,1.74665224552155,31.6700687408447,2011,.
11161,11161,.,1.74665224552155,31.6700687408447,2011,.
11162,11162,.,1.74665224552155,31.6700687408447,2011,.
11163,11163,.,1.74665224552155,31.6700687408447,2011,.
11164,11164,.,1.74665224552155,31.6700687408447,2011,.
11165,11165,.,1.74665224552155,31.6700687408447,2011,.
11166,11166,.,-0.982336580753326,30.45973777771,2011,.
11167,11167,.,-0.640430748462677,29.8059825897217,2011,.
11168,11168,.,-0.640430748462677,29.8059825897217,2011,.
11169,11169,.,0.389080584049225,30.4866619110107,2011,.
11170,11170,.,0.389080584049225,30.4866619110107,2011,.
11171,11171,.,0.389080584049225,30.4866619110107,2011,.
11172,11172,.,0.389080584049225,30.4866619110107,2011,.
11173,11173,.,0.389080584049225,30.4866619110107,2011,.
11174,11174,.,0.389080584049225,30.4866619110107,2011,.
11175,11175,.,0.389080584049225,30.4866619110107,2011,.
11176,11176,.,0.389080584049225,30.4866619110107,2011,.
11177,11177,.,0.142605289816856,30.495325088501,2011,.
11178,11178,.,0.142605289816856,30.495325088501,2011,.
11179,11179,.,0.142605289816856,30.495325088501,2011,.
11180,11180,.,0.142605289816856,30.495325088501,2011,.
11181,11181,.,0.142605289816856,30.495325088501,2011,.
11182,11182,.,0.142605289816856,30.495325088501,2011,.
11183,11183,.,0.142605289816856,30.495325088501,2011,.
11184,11184,.,0.142605289816856,30.495325088501,2011,.
11185,11185,.,-0.105038173496723,30.2642192840576,2011,.
11186,11186,.,-0.105038173496723,30.2642192840576,2011,.
11187,11187,.,-0.105038173496723,30.2642192840576,2011,.
11188,11188,.,-0.779665112495422,29.6530265808105,2011,.
11189,11189,.,0.599728763103485,30.6424827575684,2011,.
11190,11190,.,0.599728763103485,30.6424827575684,2011,.
11191,11191,.,0.419650048017502,31.0364627838135,2011,.
11192,11192,.,0.419650048017502,31.0364627838135,2011,.
11193,11193,.,0.591023623943329,30.4715900421143,2011,.
11194,11194,.,0.591023623943329,30.4715900421143,2011,.
11195,11195,.,0.591023623943329,30.4715900421143,2011,.
11196,11196,.,0.728757619857788,30.6465892791748,2011,.
11197,11197,.,0.728757619857788,30.6465892791748,2011,.
11198,11198,.,0.822011709213257,30.7921314239502,2011,.
11199,11199,.,0.822011709213257,30.7921314239502,2011,.
11200,11200,.,0.0148298358544707,30.5203266143799,2011,.
11201,11201,.,0.0148298358544707,30.5203266143799,2011,.
11202,11202,.,-0.925601899623871,30.7941589355469,2011,.
11203,11203,.,-0.925601899623871,30.7941589355469,2011,.
11204,11204,.,-0.757246434688568,30.8071994781494,2011,.
11205,11205,.,-0.15113827586174,30.9488544464111,2011,.
11206,11206,.,1.76908838748932,34.8571166992188,2011,.
11207,11207,.,3.52506995201111,31.7135047912598,2011,.
11208,11208,.,3.09229350090027,30.889102935791,2011,.
11209,11209,.,1.77958250045776,33.0395240783691,2011,.
11210,11210,.,1.74665224552155,31.6700687408447,2011,.
11211,11211,.,-0.779665112495422,29.6530265808105,2011,.
11212,11212,.,2.42945981025696,32.8906021118164,2011,.
11213,11213,.,2.02559471130371,32.7174186706543,2011,.
11214,11214,.,2.50530576705933,32.3839073181152,2011,.
11215,11215,.,2.31113576889038,32.9849128723145,2011,.
11216,11216,.,2.31113576889038,32.9849128723145,2011,.
11217,11217,.,1.77958250045776,33.0395240783691,2011,.
11218,11218,.,2.15202903747559,32.5299224853516,2011,.
11219,11219,.,-0.197683021426201,31.8102912902832,2011,.
11220,11220,.,0.112059839069843,31.7603454589844,2011,.
11221,11221,.,0.586751282215118,31.7181549072266,2011,.
11222,11222,.,-0.8871248960495,31.711088180542,2011,.
11223,11223,.,2.42460131645203,32.851692199707,2011,.
11224,11224,.,2.02559471130371,32.7174186706543,2011,.
11225,11225,.,2.20474600791931,33.1740913391113,2011,.
11226,11226,.,0.196654409170151,32.2552299499512,2011,.
11227,11227,.,0.196654409170151,32.2552299499512,2011,.
11228,11228,.,0.196654409170151,32.2552299499512,2011,.
11229,11229,.,0.63070547580719,31.7877235412598,2011,.
11230,11230,.,0.63070547580719,31.7877235412598,2011,.
11231,11231,.,0.63070547580719,31.7877235412598,2011,.
11232,11232,.,-0.107999116182327,31.1247825622559,2011,.
11233,11233,.,1.5315842628479,34.0501136779785,2011,.
11234,11234,.,1.5315842628479,34.0501136779785,2011,.
11235,11235,.,2.43073320388794,32.7466316223145,2011,.
11236,11236,.,2.43073320388794,32.7466316223145,2011,.
11237,11237,.,2.42945981025696,32.8906021118164,2011,.
11238,11238,.,2.42945981025696,32.8906021118164,2011,.
11239,11239,.,2.42460131645203,32.851692199707,2011,.
11240,11240,.,1.90533483028412,32.3719940185547,2011,.
11241,11241,.,2.7695152759552,32.2951393127441,2011,.
11242,11242,.,2.76196455955505,32.3320617675781,2011,.
11243,11243,.,2.81874656677246,32.2802124023438,2011,.
11244,11244,.,2.2636284828186,32.8983764648438,2011,.
11245,11245,.,2.12212133407593,33.191463470459,2011,.
11246,11246,.,2.12212133407593,33.191463470459,2011,.
11247,11247,.,2.31113576889038,32.9849128723145,2011,.
11248,11248,.,2.31113576889038,32.9849128723145,2011,.
11249,11249,.,1.79521262645721,32.899227142334,2011,.
11250,11250,.,1.79521262645721,32.899227142334,2011,.
11251,11251,.,1.99999451637268,33.2409324645996,2011,.
11252,11252,.,1.99999451637268,33.2409324645996,2011,.
11253,11253,.,3.60678219795227,34.1263580322266,2011,.
11254,11254,.,2.3648579120636,32.6032752990723,2011,.
11255,11255,.,2.3648579120636,32.6032752990723,2011,.
11256,11256,.,2.3648579120636,32.6032752990723,2011,.
11257,11257,.,2.29793643951416,32.4508323669434,2011,.
11258,11258,.,2.29793643951416,32.4508323669434,2011,.
11259,11259,.,2.15202903747559,32.5299224853516,2011,.
11260,11260,.,0.63070547580719,31.7877235412598,2011,.
11261,11261,.,0.586751282215118,31.7181549072266,2011,.
11262,11262,.,0.586751282215118,31.7181549072266,2011,.
11263,11263,.,1.74095821380615,33.5833396911621,2011,.
11264,11264,.,3.60678219795227,34.1263580322266,2011,.
11265,11265,.,3.60678219795227,34.1263580322266,2011,.
11266,11266,.,-0.435466885566711,31.3689880371094,2011,.
11267,11267,.,2.20474600791931,33.1740913391113,2011,.
11268,11268,.,2.20474600791931,33.1740913391113,2011,.
11269,11269,.,0.63070547580719,31.7877235412598,2011,.
11270,11270,.,2.12212133407593,33.191463470459,2011,.
11271,11271,.,2.3648579120636,32.6032752990723,2011,.
11272,11272,.,2.15202903747559,32.5299224853516,2011,.
11273,11273,.,0.63070547580719,31.7877235412598,2011,.
11274,11274,.,0.63070547580719,31.7877235412598,2011,.
11275,11275,.,0.265680611133575,32.4627571105957,2011,.
11276,11276,.,2.43073320388794,32.7466316223145,2011,.
11277,11277,.,2.43073320388794,32.7466316223145,2011,.
11278,11278,.,2.42945981025696,32.8906021118164,2011,.
11279,11279,.,2.42945981025696,32.8906021118164,2011,.
11280,11280,.,2.76196455955505,32.3320617675781,2011,.
11281,11281,.,2.81874656677246,32.2802124023438,2011,.
11282,11282,.,2.81874656677246,32.2802124023438,2011,.
11283,11283,.,3.30915713310242,32.8738670349121,2011,.
11284,11284,.,0.537967622280121,31.368236541748,2011,.
11285,11285,.,0.487563967704773,31.8009243011475,2011,.
11286,11286,.,0.490654230117798,34.0917701721191,2011,.
11287,11287,.,1.19971585273743,34.1584243774414,2011,.
11288,11288,.,1.19971585273743,34.1584243774414,2011,.
11289,11289,.,0.389080584049225,30.4866619110107,2011,.
11290,11290,.,2.58457088470459,30.9352512359619,2011,.
11291,11291,.,-0.303979516029358,30.3784961700439,2011,.
19108,19108,.,-5.0857506,35.85439,2011,.
19109,19109,.,-6.456619,36.722862,2011,.
19110,19110,.,-6.456619,36.722862,2011,.
19111,19111,.,-6.456619,36.722862,2011,.
19112,19112,.,-6.6140094,36.508663,2011,.
19113,19113,.,-6.375261,35.648247,2011,.
19114,19114,.,-5.9937305,35.851982,2011,.
19115,19115,.,-5.9937305,35.851982,2011,.
19116,19116,.,-3.2043831,35.928204,2011,.
19117,19117,.,-3.3300228,37.38288,2011,.
19118,19118,.,-3.3300228,37.38288,2011,.
19119,19119,.,-3.3100345,37.06694,2011,.
19120,19120,.,-4.7083554,38.645927,2011,.
19121,19121,.,-4.718563,38.28436,2011,.
19122,19122,.,-5.172634,38.471924,2011,.
19123,19123,.,-4.9813113,38.506668,2011,.
19124,19124,.,-5.0773115,38.59898,2011,.
19125,19125,.,-5.0773115,38.59898,2011,.
19126,19126,.,-4.9945297,39.08352,2011,.
19127,19127,.,-4.9945297,39.08352,2011,.
19128,19128,.,-5.5395722,38.861103,2011,.
19129,19129,.,-5.727162,38.18618,2011,.
19130,19130,.,-5.727162,38.18618,2011,.
19131,19131,.,-5.727162,38.18618,2011,.
19132,19132,.,-5.727162,38.18618,2011,.
19133,19133,.,-5.727162,38.18618,2011,.
19134,19134,.,-5.63383,38.401592,2011,.
19135,19135,.,-5.63383,38.401592,2011,.
19136,19136,.,-5.4229813,37.986397,2011,.
19137,19137,.,-5.499773,37.556915,2011,.
19138,19138,.,-5.499773,37.556915,2011,.
19139,19139,.,-5.499773,37.556915,2011,.
19140,19140,.,-6.5433016,37.181698,2011,.
19141,19141,.,-6.3272657,37.00639,2011,.
19142,19142,.,-6.3272657,37.00639,2011,.
19143,19143,.,-8.132152,36.66838,2011,.
19144,19144,.,-8.664189,36.720745,2011,.
19145,19145,.,-6.875414,37.590385,2011,.
19146,19146,.,-6.183981,37.71068,2011,.
19147,19147,.,-5.956403,37.66168,2011,.
19148,19148,.,-6.6309977,38.347927,2011,.
19149,19149,.,-6.6309977,38.347927,2011,.
19150,19150,.,-6.6309977,38.347927,2011,.
19151,19151,.,-7.423965,39.10071,2011,.
19152,19152,.,-8.125424,39.21822,2011,.
19153,19153,.,-6.992933,37.555862,2011,.
19154,19154,.,-6.8205614,39.257504,2011,.
19155,19155,.,-6.863572,39.19025,2011,.
19156,19156,.,-6.8662577,39.26168,2011,.
19157,19157,.,-8.431655,38.96338,2011,.
19158,19158,.,-8.431655,38.96338,2011,.
19159,19159,.,-8.431655,38.96338,2011,.
19160,19160,.,-8.431655,38.96338,2011,.
19161,19161,.,-8.431655,38.96338,2011,.
19162,19162,.,-8.431655,38.96338,2011,.
19163,19163,.,-8.826544,38.878716,2011,.
19164,19164,.,-8.826544,38.878716,2011,.
19165,19165,.,-8.826544,38.878716,2011,.
19166,19166,.,-8.826544,38.878716,2011,.
19167,19167,.,-8.826544,38.878716,2011,.
19168,19168,.,-10.234503,39.281933,2011,.
19169,19169,.,-10.583533,38.027298,2011,.
19170,19170,.,-10.583533,38.027298,2011,.
19171,19171,.,-9.800984,37.89751,2011,.
19172,19172,.,-9.800984,37.89751,2011,.
19173,19173,.,-10.2243185,37.876755,2011,.
19174,19174,.,-9.6888075,37.942947,2011,.
19175,19175,.,-9.803609,37.98105,2011,.
19176,19176,.,-10.025121,38.890163,2011,.
19177,19177,.,-9.993624,39.68323,2011,.
19178,19178,.,-10.298628,39.885136,2011,.
19179,19179,.,-10.348313,39.716835,2011,.
19180,19180,.,-10.930987,39.40372,2011,.
19181,19181,.,-10.727795,39.405415,2011,.
19182,19182,.,-10.727795,39.405415,2011,.
19183,19183,.,-10.727795,39.405415,2011,.
19184,19184,.,-10.833491,39.38815,2011,.
19185,19185,.,-10.833491,39.38815,2011,.
19186,19186,.,-10.833491,39.38815,2011,.
19187,19187,.,-10.722166,38.803875,2011,.
19188,19188,.,-10.778084,38.76734,2011,.
19189,19189,.,-10.778084,38.76734,2011,.
19190,19190,.,-10.778084,38.76734,2011,.
19191,19191,.,-10.567329,38.928123,2011,.
19192,19192,.,-10.567329,38.928123,2011,.
19193,19193,.,-10.920234,38.47628,2011,.
19194,19194,.,-10.920234,38.47628,2011,.
19195,19195,.,-10.783429,39.1128,2011,.
19196,19196,.,-10.831609,39.738884,2011,.
19197,19197,.,-10.831609,39.738884,2011,.
19198,19198,.,-10.796303,39.517002,2011,.
19199,19199,.,-10.796303,39.517002,2011,.
19200,19200,.,-10.796303,39.517002,2011,.
19201,19201,.,-10.285567,40.19746,2011,.
19202,19202,.,-10.334971,40.223984,2011,.
19203,19203,.,-10.334971,40.223984,2011,.
19204,19204,.,-10.311986,40.14696,2011,.
19205,19205,.,-10.111121,39.89242,2011,.
19206,19206,.,-10.271321,40.174137,2011,.
19207,19207,.,-11.026282,37.362473,2011,.
19208,19208,.,-11.026282,37.362473,2011,.
19209,19209,.,-11.062241,37.305176,2011,.
19210,19210,.,-11.062241,37.305176,2011,.
19211,19211,.,-11.062241,37.305176,2011,.
19212,19212,.,-11.072452,37.319252,2011,.
19213,19213,.,-11.072452,37.319252,2011,.
19214,19214,.,-11.011937,37.269108,2011,.
19215,19215,.,-11.011937,37.269108,2011,.
19216,19216,.,-11.011937,37.269108,2011,.
19217,19217,.,-11.011937,37.269108,2011,.
19218,19218,.,-10.569928,35.35346,2011,.
19219,19219,.,-10.569928,35.35346,2011,.
19220,19220,.,-10.569928,35.35346,2011,.
19221,19221,.,-10.605526,35.488983,2011,.
19222,19222,.,-10.792061,35.75554,2011,.
19223,19223,.,-10.792061,35.75554,2011,.
19224,19224,.,-11.17032,34.99647,2011,.
19225,19225,.,-10.987446,34.893387,2011,.
19226,19226,.,-7.9404154,35.06478,2011,.
19227,19227,.,-8.402626,34.745583,2011,.
19228,19228,.,-8.521164,35.350147,2011,.
19229,19229,.,-9.280349,34.718548,2011,.
19230,19230,.,-9.280349,34.718548,2011,.
19231,19231,.,-9.065184,34.79321,2011,.
19232,19232,.,-9.822159,34.453537,2011,.
19233,19233,.,-9.822159,34.453537,2011,.
19234,19234,.,-10.084233,34.579792,2011,.
19235,19235,.,-10.084233,34.579792,2011,.
19236,19236,.,-10.084233,34.579792,2011,.
19237,19237,.,-10.078586,34.658607,2011,.
19238,19238,.,-10.078586,34.658607,2011,.
19239,19239,.,-7.787428,33.40737,2011,.
19240,19240,.,-7.787428,33.40737,2011,.
19241,19241,.,-7.787428,33.40737,2011,.
19242,19242,.,-7.787428,33.40737,2011,.
19243,19243,.,-7.787428,33.40737,2011,.
19244,19244,.,-7.787428,33.40737,2011,.
19245,19245,.,-8.445556,33.146397,2011,.
19246,19246,.,-8.445556,33.146397,2011,.
19247,19247,.,-8.425014,33.02092,2011,.
19248,19248,.,-9.138464,33.337948,2011,.
19249,19249,.,-9.427489,33.9739,2011,.
19250,19250,.,-9.159586,33.83051,2011,.
19251,19251,.,-9.27084,33.60054,2011,.
19252,19252,.,-9.27084,33.60054,2011,.
19253,19253,.,-9.4304085,33.06619,2011,.
19254,19254,.,-8.890516,33.02123,2011,.
19255,19255,.,-9.14704,32.88021,2011,.
19256,19256,.,-4.229229,34.42704,2011,.
19257,19257,.,-4.229229,34.42704,2011,.
19258,19258,.,-4.401281,34.272713,2011,.
19259,19259,.,-5.5666018,34.668007,2011,.
19260,19260,.,-5.5666018,34.668007,2011,.
19261,19261,.,-4.3897204,33.22707,2011,.
19262,19262,.,-4.3897204,33.22707,2011,.
19263,19263,.,-4.144983,33.985115,2011,.
19264,19264,.,-4.144983,33.985115,2011,.
19265,19265,.,-4.208546,33.80453,2011,.
19266,19266,.,-4.0981154,33.930042,2011,.
19267,19267,.,-4.0981154,33.930042,2011,.
19268,19268,.,-4.0981154,33.930042,2011,.
19269,19269,.,-4.5569158,33.438408,2011,.
19270,19270,.,-4.9651947,33.511894,2011,.
19271,19271,.,-4.2581477,32.543663,2011,.
19272,19272,.,-4.2581477,32.543663,2011,.
19273,19273,.,-4.577071,32.155884,2011,.
19274,19274,.,-4.577071,32.155884,2011,.
19275,19275,.,-5.628821,32.900127,2011,.
19276,19276,.,-5.628821,32.900127,2011,.
19277,19277,.,-5.628821,32.900127,2011,.
19278,19278,.,-5.628821,32.900127,2011,.
19279,19279,.,-5.628821,32.900127,2011,.
19280,19280,.,-6.3485885,33.846703,2011,.
19281,19281,.,-6.3485885,33.846703,2011,.
19282,19282,.,-5.360288,32.717735,2011,.
19283,19283,.,-5.360288,32.717735,2011,.
19284,19284,.,-4.962854,32.72328,2011,.
19285,19285,.,-4.962854,32.72328,2011,.
19286,19286,.,-4.962854,32.72328,2011,.
19287,19287,.,-5.119644,32.895863,2011,.
19288,19288,.,-6.3525195,31.290209,2011,.
19289,19289,.,-6.3525195,31.290209,2011,.
19290,19290,.,-6.3525195,31.290209,2011,.
19291,19291,.,-6.3525195,31.290209,2011,.
19292,19292,.,-6.3525195,31.290209,2011,.
19293,19293,.,-5.5377154,30.342384,2011,.
19294,19294,.,-5.5377154,30.342384,2011,.
19295,19295,.,-5.5377154,30.342384,2011,.
19296,19296,.,-6.333276,31.077536,2011,.
19297,19297,.,-8.724432,31.967009,2011,.
19298,19298,.,-7.657281,31.57944,2011,.
19299,19299,.,-7.8178463,31.775589,2011,.
19300,19300,.,-7.8178463,31.775589,2011,.
19301,19301,.,-7.539073,31.118704,2011,.
19302,19302,.,-7.539073,31.118704,2011,.
19303,19303,.,-7.539073,31.118704,2011,.
19304,19304,.,-7.640233,31.015966,2011,.
19305,19305,.,-7.3715096,30.62583,2011,.
19306,19306,.,-3.7513938,30.623672,2011,.
19307,19307,.,-4.0771637,30.260023,2011,.
19308,19308,.,-4.2989526,30.167246,2011,.
19309,19309,.,-4.713203,29.766474,2011,.
19310,19310,.,-4.713203,29.766474,2011,.
19311,19311,.,-3.353803,32.42792,2011,.
19312,19312,.,-3.353803,32.42792,2011,.
19313,19313,.,-3.353803,32.42792,2011,.
19314,19314,.,-3.7766027,32.156136,2011,.
19315,19315,.,-3.7766027,32.156136,2011,.
19316,19316,.,-3.5849116,34.19259,2011,.
19317,19317,.,-3.2015626,34.099293,2011,.
19318,19318,.,-3.5583367,33.416702,2011,.
19319,19319,.,-3.7100635,33.94072,2011,.
19320,19320,.,-3.7100635,33.94072,2011,.
19321,19321,.,-3.8376417,33.700005,2011,.
19322,19322,.,-3.8376417,33.700005,2011,.
19323,19323,.,-3.8376417,33.700005,2011,.
19324,19324,.,-3.8376417,33.700005,2011,.
19325,19325,.,-3.8376417,33.700005,2011,.
19326,19326,.,-1.0587834,30.697008,2011,.
19327,19327,.,-1.0587834,30.697008,2011,.
19328,19328,.,-2.8861547,30.786337,2011,.
19329,19329,.,-2.8861547,30.786337,2011,.
19330,19330,.,-2.8861547,30.786337,2011,.
19331,19331,.,-2.4912074,30.584253,2011,.
19332,19332,.,-2.017008,32.868282,2011,.
19333,19333,.,-2.5753543,33.034218,2011,.
19334,19334,.,-2.62812,33.315376,2011,.
19335,19335,.,-2.7310474,33.615974,2011,.
19336,19336,.,-2.7217164,33.780293,2011,.
19337,19337,.,-3.3197806,32.973545,2011,.
19338,19338,.,-3.3197806,32.973545,2011,.
19339,19339,.,-3.3197806,32.973545,2011,.
19340,19340,.,-2.3713424,32.157936,2011,.
19341,19341,.,-2.90026,32.239574,2011,.
19342,19342,.,-3.1686723,31.948261,2011,.
19343,19343,.,-3.1686723,31.948261,2011,.
19344,19344,.,-2.4277594,32.945408,2011,.
19345,19345,.,-1.7065068,34.259823,2011,.
19346,19346,.,-1.7065068,34.259823,2011,.
19347,19347,.,-1.5640861,34.073765,2011,.
19348,19348,.,-1.9322476,33.8546,2011,.
19349,19349,.,-1.9322476,33.8546,2011,.
19350,19350,.,-1.9322476,33.8546,2011,.
19351,19351,.,-4.2255263,35.324764,2011,.
19352,19352,.,-4.336118,36.952522,2011,.
19353,19353,.,-6.096068,39.295197,2011,.
19354,19354,.,-5.103385,39.634563,2011,.
19355,19355,.,-5.103385,39.634563,2011,.
19356,19356,.,-5.0857506,35.85439,2011,.
19357,19357,.,-6.456619,36.722862,2011,.
19358,19358,.,-6.456619,36.722862,2011,.
19359,19359,.,-6.6140094,36.508663,2011,.
19360,19360,.,-6.177252,36.47575,2011,.
19361,19361,.,-6.2296157,36.413326,2011,.
19362,19362,.,-6.375261,35.648247,2011,.
19363,19363,.,-5.9937305,35.851982,2011,.
19364,19364,.,-5.9478126,35.917458,2011,.
19365,19365,.,-5.9478126,35.917458,2011,.
19366,19366,.,-5.9478126,35.917458,2011,.
19367,19367,.,-5.9478126,35.917458,2011,.
19368,19368,.,-6.0586267,35.522038,2011,.
19369,19369,.,-6.0586267,35.522038,2011,.
19370,19370,.,-3.2043831,35.928204,2011,.
19371,19371,.,-2.9963944,36.013966,2011,.
19372,19372,.,-2.9963944,36.013966,2011,.
19373,19373,.,-2.9963944,36.013966,2011,.
19374,19374,.,-3.480316,36.70207,2011,.
19375,19375,.,-3.480316,36.70207,2011,.
19376,19376,.,-3.372189,35.707214,2011,.
19377,19377,.,-3.372189,35.707214,2011,.
19378,19378,.,-3.372189,35.707214,2011,.
19379,19379,.,-2.1410518,35.74726,2011,.
19380,19380,.,-2.1410518,35.74726,2011,.
19381,19381,.,-3.1966624,37.615383,2011,.
19382,19382,.,-3.111165,37.596443,2011,.
19383,19383,.,-3.0966647,37.63921,2011,.
19384,19384,.,-3.0966647,37.63921,2011,.
19385,19385,.,-3.640011,37.655884,2011,.
19386,19386,.,-3.2631063,37.57699,2011,.
19387,19387,.,-3.3099597,37.473686,2011,.
19388,19388,.,-3.3099597,37.473686,2011,.
19389,19389,.,-3.3100345,37.06694,2011,.
19390,19390,.,-3.3100345,37.06694,2011,.
19391,19391,.,-4.7083554,38.645927,2011,.
19392,19392,.,-4.7083554,38.645927,2011,.
19393,19393,.,-4.7083554,38.645927,2011,.
19394,19394,.,-4.7083554,38.645927,2011,.
19395,19395,.,-4.7083554,38.645927,2011,.
19396,19396,.,-4.7083554,38.645927,2011,.
19397,19397,.,-4.7083554,38.645927,2011,.
19398,19398,.,-5.172634,38.471924,2011,.
19399,19399,.,-5.172634,38.471924,2011,.
19400,19400,.,-4.9813113,38.506668,2011,.
19401,19401,.,-4.9813113,38.506668,2011,.
19402,19402,.,-4.9813113,38.506668,2011,.
19403,19403,.,-5.0773115,38.59898,2011,.
19404,19404,.,-5.0773115,38.59898,2011,.
19405,19405,.,-5.236699,38.699986,2011,.
19406,19406,.,-5.236699,38.699986,2011,.
19407,19407,.,-4.9945297,39.08352,2011,.
19408,19408,.,-4.9945297,39.08352,2011,.
19409,19409,.,-4.9945297,39.08352,2011,.
19410,19410,.,-4.9945297,39.08352,2011,.
19411,19411,.,-5.5395722,38.861103,2011,.
19412,19412,.,-5.5395722,38.861103,2011,.
19413,19413,.,-5.727162,38.18618,2011,.
19414,19414,.,-5.727162,38.18618,2011,.
19415,19415,.,-5.63383,38.401592,2011,.
19416,19416,.,-5.4229813,37.986397,2011,.
19417,19417,.,-5.499773,37.556915,2011,.
19418,19418,.,-5.499773,37.556915,2011,.
19419,19419,.,-5.499773,37.556915,2011,.
19420,19420,.,-5.499773,37.556915,2011,.
19421,19421,.,-6.5433016,37.181698,2011,.
19422,19422,.,-6.5433016,37.181698,2011,.
19423,19423,.,-6.5433016,37.181698,2011,.
19424,19424,.,-6.5433016,37.181698,2011,.
19425,19425,.,-6.3272657,37.00639,2011,.
19426,19426,.,-6.3272657,37.00639,2011,.
19427,19427,.,-6.3272657,37.00639,2011,.
19428,19428,.,-6.3272657,37.00639,2011,.
19429,19429,.,-6.3272657,37.00639,2011,.
19430,19430,.,-6.915551,37.840347,2011,.
19431,19431,.,-6.915551,37.840347,2011,.
19432,19432,.,-6.915551,37.840347,2011,.
19433,19433,.,-8.103665,36.505375,2011,.
19434,19434,.,-8.736484,36.72077,2011,.
19435,19435,.,-8.736484,36.72077,2011,.
19436,19436,.,-6.875414,37.590385,2011,.
19437,19437,.,-6.183981,37.71068,2011,.
19438,19438,.,-6.183981,37.71068,2011,.
19439,19439,.,-5.956403,37.66168,2011,.
19440,19440,.,-7.1854877,37.559807,2011,.
19441,19441,.,-6.6309977,38.347927,2011,.
19442,19442,.,-6.6309977,38.347927,2011,.
19443,19443,.,-6.6309977,38.347927,2011,.
19444,19444,.,-6.9292045,38.726578,2011,.
19445,19445,.,-8.061216,39.151245,2011,.
19446,19446,.,-8.061216,39.151245,2011,.
19447,19447,.,-8.125424,39.21822,2011,.
19448,19448,.,-6.7542796,39.079784,2011,.
19449,19449,.,-6.666451,39.07603,2011,.
19450,19450,.,-6.666451,39.07603,2011,.
19451,19451,.,-10.0958805,34.692196,2011,.
19452,19452,.,-6.764121,39.25102,2011,.
19453,19453,.,-6.797494,39.156704,2011,.
19454,19454,.,-7.7773347,35.588303,2011,.
19455,19455,.,-6.8615537,39.201912,2011,.
19456,19456,.,-6.158595,35.89386,2011,.
19457,19457,.,-6.158595,35.89386,2011,.
19458,19458,.,-6.884315,39.247196,2011,.
19459,19459,.,-8.576158,39.2325,2011,.
19460,19460,.,-8.576158,39.2325,2011,.
19461,19461,.,-8.431655,38.96338,2011,.
19462,19462,.,-8.431655,38.96338,2011,.
19463,19463,.,-8.431655,38.96338,2011,.
19464,19464,.,-8.826544,38.878716,2011,.
19465,19465,.,-8.747233,39.415195,2011,.
19466,19466,.,-8.929191,39.534348,2011,.
19467,19467,.,-10.234503,39.281933,2011,.
19468,19468,.,-10.234503,39.281933,2011,.
19469,19469,.,-10.700698,39.37185,2011,.
19470,19470,.,-10.234503,39.281933,2011,.
19471,19471,.,-10.114319,39.24439,2011,.
19472,19472,.,-9.92298,39.328354,2011,.
19473,19473,.,-10.2243185,37.876755,2011,.
19474,19474,.,-10.2243185,37.876755,2011,.
19475,19475,.,-9.595118,37.403095,2011,.
19476,19476,.,-9.595118,37.403095,2011,.
19477,19477,.,-9.803609,37.98105,2011,.
19478,19478,.,-10.071809,38.93771,2011,.
19479,19479,.,-10.238722,38.922375,2011,.
19480,19480,.,-10.238722,38.922375,2011,.
19481,19481,.,-10.025121,38.890163,2011,.
19482,19482,.,-10.025121,38.890163,2011,.
19483,19483,.,-10.386594,39.988865,2011,.
19484,19484,.,-10.433405,39.779625,2011,.
19485,19485,.,-10.950547,39.277767,2011,.
19486,19486,.,-10.9208765,39.292694,2011,.
19487,19487,.,-10.9208765,39.292694,2011,.
19488,19488,.,-10.930987,39.40372,2011,.
19489,19489,.,-10.930987,39.40372,2011,.
19490,19490,.,-10.727795,39.405415,2011,.
19491,19491,.,-10.727795,39.405415,2011,.
19492,19492,.,-10.57839,39.36464,2011,.
19493,19493,.,-10.833491,39.38815,2011,.
19494,19494,.,-10.722166,38.803875,2011,.
19495,19495,.,-10.722166,38.803875,2011,.
19496,19496,.,-10.778084,38.76734,2011,.
19497,19497,.,-10.778084,38.76734,2011,.
19498,19498,.,-10.778084,38.76734,2011,.
19499,19499,.,-10.778084,38.76734,2011,.
19500,19500,.,-10.567329,38.928123,2011,.
19501,19501,.,-10.567329,38.928123,2011,.
19502,19502,.,-10.567329,38.928123,2011,.
19503,19503,.,-10.457003,39.07662,2011,.
19504,19504,.,-10.783429,39.1128,2011,.
19505,19505,.,-10.783429,39.1128,2011,.
19506,19506,.,-10.796303,39.517002,2011,.
19507,19507,.,-10.785897,39.431282,2011,.
19508,19508,.,-10.785897,39.431282,2011,.
19509,19509,.,-10.311986,40.14696,2011,.
19510,19510,.,-10.271321,40.174137,2011,.
19511,19511,.,-10.971428,37.398846,2011,.
19512,19512,.,-10.971428,37.398846,2011,.
19513,19513,.,-10.971428,37.398846,2011,.
19514,19514,.,-11.062241,37.305176,2011,.
19515,19515,.,-11.011937,37.269108,2011,.
19516,19516,.,-11.011937,37.269108,2011,.
19517,19517,.,-10.569928,35.35346,2011,.
19518,19518,.,-10.569928,35.35346,2011,.
19519,19519,.,-10.569928,35.35346,2011,.
19520,19520,.,-10.569928,35.35346,2011,.
19521,19521,.,-10.605526,35.488983,2011,.
19522,19522,.,-10.605526,35.488983,2011,.
19523,19523,.,-10.605526,35.488983,2011,.
19524,19524,.,-10.792061,35.75554,2011,.
19525,19525,.,-10.792061,35.75554,2011,.
19526,19526,.,-10.792061,35.75554,2011,.
19527,19527,.,-10.792061,35.75554,2011,.
19528,19528,.,-11.3154545,34.786297,2011,.
19529,19529,.,-11.17032,34.99647,2011,.
19530,19530,.,-11.17032,34.99647,2011,.
19531,19531,.,-11.17032,34.99647,2011,.
19532,19532,.,-11.17032,34.99647,2011,.
19533,19533,.,-10.987446,34.893387,2011,.
19534,19534,.,-10.481606,35.688023,2011,.
19535,19535,.,-10.481606,35.688023,2011,.
19536,19536,.,-10.481606,35.688023,2011,.
19537,19537,.,-10.098764,35.902946,2011,.
19538,19538,.,-10.548076,36.32186,2011,.
19539,19539,.,-10.548076,36.32186,2011,.
19540,19540,.,-7.9404154,35.06478,2011,.
19541,19541,.,-8.550924,34.839275,2011,.
19542,19542,.,-8.402626,34.745583,2011,.
19543,19543,.,-8.402626,34.745583,2011,.
19544,19544,.,-8.402626,34.745583,2011,.
19545,19545,.,-8.521164,35.350147,2011,.
19546,19546,.,-8.976871,33.953194,2011,.
19547,19547,.,-9.065184,34.79321,2011,.
19548,19548,.,-9.822159,34.453537,2011,.
19549,19549,.,-9.822159,34.453537,2011,.
19550,19550,.,-9.822159,34.453537,2011,.
19551,19551,.,-9.822159,34.453537,2011,.
19552,19552,.,-9.822159,34.453537,2011,.
19553,19553,.,-10.084233,34.579792,2011,.
19554,19554,.,-10.078586,34.658607,2011,.
19555,19555,.,-10.078586,34.658607,2011,.
19556,19556,.,-10.078586,34.658607,2011,.
19557,19557,.,-10.078586,34.658607,2011,.
19558,19558,.,-7.7897453,35.6726,2011,.
19559,19559,.,-7.5130744,36.44244,2011,.
19560,19560,.,-7.5130744,36.44244,2011,.
19561,19561,.,-7.5130744,36.44244,2011,.
19562,19562,.,-7.5130744,36.44244,2011,.
19563,19563,.,-7.787428,33.40737,2011,.
19564,19564,.,-7.787428,33.40737,2011,.
19565,19565,.,-7.787428,33.40737,2011,.
19566,19566,.,-8.445556,33.146397,2011,.
19567,19567,.,-8.445556,33.146397,2011,.
19568,19568,.,-8.696871,33.288555,2011,.
19569,19569,.,-9.246477,33.35499,2011,.
19570,19570,.,-9.246477,33.35499,2011,.
19571,19571,.,-9.246477,33.35499,2011,.
19572,19572,.,-9.138464,33.337948,2011,.
19573,19573,.,-9.427489,33.9739,2011,.
19574,19574,.,-9.638181,33.960014,2011,.
19575,19575,.,-9.638181,33.960014,2011,.
19576,19576,.,-9.27084,33.60054,2011,.
19577,19577,.,-9.167909,33.543297,2011,.
19578,19578,.,-9.4304085,33.06619,2011,.
19579,19579,.,-9.4304085,33.06619,2011,.
19580,19580,.,-9.4304085,33.06619,2011,.
19581,19581,.,-9.4304085,33.06619,2011,.
19582,19582,.,-8.890516,33.02123,2011,.
19583,19583,.,-8.890516,33.02123,2011,.
19584,19584,.,-8.890516,33.02123,2011,.
19585,19585,.,-8.890516,33.02123,2011,.
19586,19586,.,-8.886628,33.134678,2011,.
19587,19587,.,-8.886628,33.134678,2011,.
19588,19588,.,-8.886628,33.134678,2011,.
19589,19589,.,-8.886628,33.134678,2011,.
19590,19590,.,-8.886628,33.134678,2011,.
19591,19591,.,-8.886628,33.134678,2011,.
19592,19592,.,-9.14704,32.88021,2011,.
19593,19593,.,-9.14704,32.88021,2011,.
19594,19594,.,-9.14704,32.88021,2011,.
19595,19595,.,-8.910502,33.571404,2011,.
19596,19596,.,-4.229229,34.42704,2011,.
19597,19597,.,-4.229229,34.42704,2011,.
19598,19598,.,-4.229229,34.42704,2011,.
19599,19599,.,-4.229229,34.42704,2011,.
19600,19600,.,-4.229229,34.42704,2011,.
19601,19601,.,-5.5666018,34.668007,2011,.
19602,19602,.,-5.5666018,34.668007,2011,.
19603,19603,.,-5.9523354,34.06207,2011,.
19604,19604,.,-5.9523354,34.06207,2011,.
19605,19605,.,-5.9523354,34.06207,2011,.
19606,19606,.,-5.9523354,34.06207,2011,.
19607,19607,.,-5.9523354,34.06207,2011,.
19608,19608,.,-5.9523354,34.06207,2011,.
19609,19609,.,-4.923984,34.70409,2011,.
19610,19610,.,-4.923984,34.70409,2011,.
19611,19611,.,-4.923984,34.70409,2011,.
19612,19612,.,-4.3897204,33.22707,2011,.
19613,19613,.,-4.3897204,33.22707,2011,.
19614,19614,.,-4.3897204,33.22707,2011,.
19615,19615,.,-4.3897204,33.22707,2011,.
19616,19616,.,-4.3897204,33.22707,2011,.
19617,19617,.,-4.144983,33.985115,2011,.
19618,19618,.,-4.144983,33.985115,2011,.
19619,19619,.,-4.144983,33.985115,2011,.
19620,19620,.,-4.144983,33.985115,2011,.
19621,19621,.,-4.208546,33.80453,2011,.
19622,19622,.,-4.208546,33.80453,2011,.
19623,19623,.,-4.208546,33.80453,2011,.
19624,19624,.,-4.208546,33.80453,2011,.
19625,19625,.,-4.208546,33.80453,2011,.
19626,19626,.,-4.208546,33.80453,2011,.
19627,19627,.,-4.0981154,33.930042,2011,.
19628,19628,.,-4.0981154,33.930042,2011,.
19629,19629,.,-4.5569158,33.438408,2011,.
19630,19630,.,-4.9651947,33.511894,2011,.
19631,19631,.,-4.9651947,33.511894,2011,.
19632,19632,.,-4.2581477,32.543663,2011,.
19633,19633,.,-4.2581477,32.543663,2011,.
19634,19634,.,-4.2581477,32.543663,2011,.
19635,19635,.,-3.831558,32.60919,2011,.
19636,19636,.,-4.577071,32.155884,2011,.
19637,19637,.,-4.577071,32.155884,2011,.
19638,19638,.,-4.577071,32.155884,2011,.
19639,19639,.,-4.577071,32.155884,2011,.
19640,19640,.,-5.628821,32.900127,2011,.
19641,19641,.,-5.628821,32.900127,2011,.
19642,19642,.,-6.3485885,33.846703,2011,.
19643,19643,.,-6.3485885,33.846703,2011,.
19644,19644,.,-10.463995,35.783867,2011,.
19645,19645,.,-5.360288,32.717735,2011,.
19646,19646,.,-5.119644,32.895863,2011,.
19647,19647,.,-5.119644,32.895863,2011,.
19648,19648,.,-6.3525195,31.290209,2011,.
19649,19649,.,-5.5377154,30.342384,2011,.
19650,19650,.,-5.5377154,30.342384,2011,.
19651,19651,.,-5.5377154,30.342384,2011,.
19652,19652,.,-6.348277,31.06974,2011,.
19653,19653,.,-8.724432,31.967009,2011,.
19654,19654,.,-8.724432,31.967009,2011,.
19655,19655,.,-8.724432,31.967009,2011,.
19656,19656,.,-8.724432,31.967009,2011,.
19657,19657,.,-8.724432,31.967009,2011,.
19658,19658,.,-7.657281,31.57944,2011,.
19659,19659,.,-7.539073,31.118704,2011,.
19660,19660,.,-7.539073,31.118704,2011,.
19661,19661,.,-7.539073,31.118704,2011,.
19662,19662,.,-7.539073,31.118704,2011,.
19663,19663,.,-7.539073,31.118704,2011,.
19664,19664,.,-7.640233,31.015966,2011,.
19665,19665,.,-7.942198,31.701828,2011,.
19666,19666,.,-3.650416,30.6651,2011,.
19667,19667,.,-3.650416,30.6651,2011,.
19668,19668,.,-3.650416,30.6651,2011,.
19669,19669,.,-3.7513938,30.623672,2011,.
19670,19670,.,-3.780066,30.438396,2011,.
19671,19671,.,-3.780066,30.438396,2011,.
19672,19672,.,-4.2002764,30.503595,2011,.
19673,19673,.,-4.3653784,30.403461,2011,.
19674,19674,.,-4.2989526,30.167246,2011,.
19675,19675,.,-4.713203,29.766474,2011,.
19676,19676,.,-6.015953,29.793224,2011,.
19677,19677,.,-2.897103,34.132286,2011,.
19678,19678,.,-2.897103,34.132286,2011,.
19679,19679,.,-3.0614278,33.754463,2011,.
19680,19680,.,-3.7384362,33.165493,2011,.
19681,19681,.,-3.7384362,33.165493,2011,.
19682,19682,.,-2.85445,34.008564,2011,.
19683,19683,.,-3.353803,32.42792,2011,.
19684,19684,.,-4.0860624,32.237152,2011,.
19685,19685,.,-6.1244936,34.710068,2011,.
19686,19686,.,-3.2015626,34.099293,2011,.
19687,19687,.,-3.2015626,34.099293,2011,.
19688,19688,.,-6.0911894,34.638233,2011,.
19689,19689,.,-3.5583367,33.416702,2011,.
19690,19690,.,-3.5583367,33.416702,2011,.
19691,19691,.,-3.5583367,33.416702,2011,.
19692,19692,.,-3.8376417,33.700005,2011,.
19693,19693,.,-3.8376417,33.700005,2011,.
19694,19694,.,-1.0587834,30.697008,2011,.
19695,19695,.,-1.0587834,30.697008,2011,.
19696,19696,.,-1.2130095,31.463951,2011,.
19697,19697,.,-1.3384997,31.684683,2011,.
19698,19698,.,-2.9682195,32.01065,2011,.
19699,19699,.,-2.8861547,30.786337,2011,.
19700,19700,.,-2.5753543,33.034218,2011,.
19701,19701,.,-2.5753543,33.034218,2011,.
19702,19702,.,-2.62812,33.315376,2011,.
19703,19703,.,-2.7217164,33.780293,2011,.
19704,19704,.,-2.446988,32.623127,2011,.
19705,19705,.,-3.3197806,32.973545,2011,.
19706,19706,.,-2.3713424,32.157936,2011,.
19707,19707,.,-2.6306074,31.969933,2011,.
19708,19708,.,-2.90026,32.239574,2011,.
19709,19709,.,-2.8096282,33.00349,2011,.
19710,19710,.,-2.8096282,33.00349,2011,.
19711,19711,.,-1.3247764,34.354973,2011,.
19712,19712,.,-1.3247764,34.354973,2011,.
19713,19713,.,-1.3247764,34.354973,2011,.
19714,19714,.,-1.3247764,34.354973,2011,.
19715,19715,.,-1.3247764,34.354973,2011,.
19716,19716,.,-1.7065068,34.259823,2011,.
19717,19717,.,-1.5640861,34.073765,2011,.
19718,19718,.,-4.05436,35.254055,2011,.
19719,19719,.,-4.336118,36.952522,2011,.
19720,19720,.,-3.5745718,36.93854,2011,.
19721,19721,.,-3.5745718,36.93854,2011,.
19722,19722,.,-3.5745718,36.93854,2011,.
19723,19723,.,-3.5502446,37.01334,2011,.
19724,19724,.,-3.5898588,36.973724,2011,.
19725,19725,.,-3.5815485,36.967587,2011,.
19726,19726,.,-5.4791493,36.312786,2011,.
19727,19727,.,-5.4791493,36.312786,2011,.
19728,19728,.,-5.4791493,36.312786,2011,.
19729,19729,.,-5.103385,39.634563,2011,.
19730,19730,.,-5.242153,39.82649,2011,.
19731,19731,.,-5.0857506,35.85439,2011,.
19732,19732,.,-5.0857506,35.85439,2011,.
19733,19733,.,-5.9937305,35.851982,2011,.
19734,19734,.,-5.9937305,35.851982,2011,.
19735,19735,.,-5.9937305,35.851982,2011,.
19736,19736,.,-5.9478126,35.917458,2011,.
19737,19737,.,-5.9478126,35.917458,2011,.
19738,19738,.,-5.9478126,35.917458,2011,.
19739,19739,.,-5.9478126,35.917458,2011,.
19740,19740,.,-6.0586267,35.522038,2011,.
19741,19741,.,-3.2043831,35.928204,2011,.
19742,19742,.,-3.3509128,36.890038,2011,.
19743,19743,.,-3.4244013,36.8397,2011,.
19744,19744,.,-3.4244013,36.8397,2011,.
19745,19745,.,-3.7865252,37.711407,2011,.
19746,19746,.,-4.3668933,38.055553,2011,.
19747,19747,.,-3.3100345,37.06694,2011,.
19748,19748,.,-4.7083554,38.645927,2011,.
19749,19749,.,-4.9813113,38.506668,2011,.
19750,19750,.,-5.236699,38.699986,2011,.
19751,19751,.,-5.236699,38.699986,2011,.
19752,19752,.,-5.5395722,38.861103,2011,.
19753,19753,.,-5.5395722,38.861103,2011,.
19754,19754,.,-5.63383,38.401592,2011,.
19755,19755,.,-5.63383,38.401592,2011,.
19756,19756,.,-5.4229813,37.986397,2011,.
19757,19757,.,-5.4229813,37.986397,2011,.
19758,19758,.,-6.3272657,37.00639,2011,.
19759,19759,.,-6.3272657,37.00639,2011,.
19760,19760,.,-6.915551,37.840347,2011,.
19761,19761,.,-6.915551,37.840347,2011,.
19762,19762,.,-8.664189,36.720745,2011,.
19763,19763,.,-8.736484,36.72077,2011,.
19764,19764,.,-6.183981,37.71068,2011,.
19765,19765,.,-6.9292045,38.726578,2011,.
19766,19766,.,-6.8207006,37.64575,2011,.
19767,19767,.,-6.797494,39.156704,2011,.
19768,19768,.,-7.099499,39.43726,2011,.
19769,19769,.,-8.576158,39.2325,2011,.
19770,19770,.,-8.576158,39.2325,2011,.
19771,19771,.,-8.576158,39.2325,2011,.
19772,19772,.,-8.576158,39.2325,2011,.
19773,19773,.,-8.826544,38.878716,2011,.
19774,19774,.,-10.234503,39.281933,2011,.
19775,19775,.,-10.234503,39.281933,2011,.
19776,19776,.,-10.234503,39.281933,2011,.
19777,19777,.,-10.2243185,37.876755,2011,.
19778,19778,.,-10.2243185,37.876755,2011,.
19779,19779,.,-9.803609,37.98105,2011,.
19780,19780,.,-10.025121,38.890163,2011,.
19781,19781,.,-10.025121,38.890163,2011,.
19782,19782,.,-10.433405,39.779625,2011,.
19783,19783,.,-10.130919,39.99642,2011,.
19784,19784,.,-10.950547,39.277767,2011,.
19785,19785,.,-10.9208765,39.292694,2011,.
19786,19786,.,-10.727795,39.405415,2011,.
19787,19787,.,-10.833491,39.38815,2011,.
19788,19788,.,-10.833491,39.38815,2011,.
19789,19789,.,-10.457003,39.07662,2011,.
19790,19790,.,-10.831609,39.738884,2011,.
19791,19791,.,-11.497012,35.607624,2011,.
19792,19792,.,-10.569928,35.35346,2011,.
19793,19793,.,-10.569928,35.35346,2011,.
19794,19794,.,-10.569928,35.35346,2011,.
19795,19795,.,-10.569928,35.35346,2011,.
19796,19796,.,-10.605526,35.488983,2011,.
19797,19797,.,-10.481606,35.688023,2011,.
19798,19798,.,-10.481606,35.688023,2011,.
19799,19799,.,-10.098764,35.902946,2011,.
19800,19800,.,-10.098764,35.902946,2011,.
19801,19801,.,-8.550924,34.839275,2011,.
19802,19802,.,-8.550924,34.839275,2011,.
19803,19803,.,-8.550924,34.839275,2011,.
19804,19804,.,-8.550924,34.839275,2011,.
19805,19805,.,-8.402626,34.745583,2011,.
19806,19806,.,-8.521164,35.350147,2011,.
19807,19807,.,-8.549865,35.339645,2011,.
19808,19808,.,-9.822159,34.453537,2011,.
19809,19809,.,-9.822159,34.453537,2011,.
19810,19810,.,-10.084233,34.579792,2011,.
19811,19811,.,-10.078586,34.658607,2011,.
19812,19812,.,-10.078586,34.658607,2011,.
19813,19813,.,-7.7443466,35.70446,2011,.
19814,19814,.,-8.696871,33.288555,2011,.
19815,19815,.,-8.696871,33.288555,2011,.
19816,19816,.,-9.479176,33.12928,2011,.
19817,19817,.,-9.4304085,33.06619,2011,.
19818,19818,.,-9.4304085,33.06619,2011,.
19819,19819,.,-8.890516,33.02123,2011,.
19820,19820,.,-8.886628,33.134678,2011,.
19821,19821,.,-8.886628,33.134678,2011,.
19822,19822,.,-8.886628,33.134678,2011,.
19823,19823,.,-8.886628,33.134678,2011,.
19824,19824,.,-9.14704,32.88021,2011,.
19825,19825,.,-4.229229,34.42704,2011,.
19826,19826,.,-5.499927,34.972885,2011,.
19827,19827,.,-5.9523354,34.06207,2011,.
19828,19828,.,-4.923984,34.70409,2011,.
19829,19829,.,-4.3897204,33.22707,2011,.
19830,19830,.,-4.208546,33.80453,2011,.
19831,19831,.,-4.9651947,33.511894,2011,.
19832,19832,.,-4.9651947,33.511894,2011,.
19833,19833,.,-3.831558,32.60919,2011,.
19834,19834,.,-4.577071,32.155884,2011,.
19835,19835,.,-6.3485885,33.846703,2011,.
19836,19836,.,-5.040529,32.799595,2011,.
19837,19837,.,-5.5377154,30.342384,2011,.
19838,19838,.,-5.5377154,30.342384,2011,.
19839,19839,.,-5.5377154,30.342384,2011,.
19840,19840,.,-6.348277,31.06974,2011,.
19841,19841,.,-8.724432,31.967009,2011,.
19842,19842,.,-7.657281,31.57944,2011,.
19843,19843,.,-7.657281,31.57944,2011,.
19844,19844,.,-7.657281,31.57944,2011,.
19845,19845,.,-7.657281,31.57944,2011,.
19846,19846,.,-7.8178463,31.775589,2011,.
19847,19847,.,-7.8178463,31.775589,2011,.
19848,19848,.,-7.539073,31.118704,2011,.
19849,19849,.,-7.539073,31.118704,2011,.
19850,19850,.,-7.539073,31.118704,2011,.
19851,19851,.,-7.640233,31.015966,2011,.
19852,19852,.,-7.640233,31.015966,2011,.
19853,19853,.,-7.942198,31.701828,2011,.
19854,19854,.,-3.2850368,32.830578,2011,.
19855,19855,.,-3.353803,32.42792,2011,.
19856,19856,.,-3.353803,32.42792,2011,.
19857,19857,.,-3.610658,33.83102,2011,.
19858,19858,.,-3.8376417,33.700005,2011,.
19859,19859,.,-1.5709051,31.672043,2011,.
19860,19860,.,-2.8861547,30.786337,2011,.
19861,19861,.,-2.7310474,33.615974,2011,.
19862,19862,.,-2.7310474,33.615974,2011,.
19863,19863,.,-2.7217164,33.780293,2011,.
19864,19864,.,-3.3197806,32.973545,2011,.
19865,19865,.,-2.90026,32.239574,2011,.
19866,19866,.,-2.8096282,33.00349,2011,.
19867,19867,.,-2.8096282,33.00349,2011,.
19868,19868,.,-2.8096282,33.00349,2011,.
19869,19869,.,-2.4277594,32.945408,2011,.
19870,19870,.,-1.3247764,34.354973,2011,.
19871,19871,.,-4.5073757,35.23749,2011,.
19872,19872,.,-4.05436,35.254055,2011,.
19873,19873,.,-5.103385,39.634563,2011,.
19874,19874,.,-5.0857506,35.85439,2011,.
19875,19875,.,-5.0857506,35.85439,2011,.
19876,19876,.,-5.0857506,35.85439,2011,.
19877,19877,.,-6.456619,36.722862,2011,.
19878,19878,.,-6.456619,36.722862,2011,.
19879,19879,.,-6.456619,36.722862,2011,.
19880,19880,.,-6.456619,36.722862,2011,.
19881,19881,.,-6.456619,36.722862,2011,.
19882,19882,.,-6.456619,36.722862,2011,.
19883,19883,.,-6.456619,36.722862,2011,.
19884,19884,.,-6.456619,36.722862,2011,.
19885,19885,.,-6.456619,36.722862,2011,.
19886,19886,.,-6.456619,36.722862,2011,.
19887,19887,.,-6.456619,36.722862,2011,.
19888,19888,.,-6.456619,36.722862,2011,.
19889,19889,.,-6.6140094,36.508663,2011,.
19890,19890,.,-6.177252,36.47575,2011,.
19891,19891,.,-6.177252,36.47575,2011,.
19892,19892,.,-6.177252,36.47575,2011,.
19893,19893,.,-6.177252,36.47575,2011,.
19894,19894,.,-6.177252,36.47575,2011,.
19895,19895,.,-6.177252,36.47575,2011,.
19896,19896,.,-6.177252,36.47575,2011,.
19897,19897,.,-6.2296157,36.413326,2011,.
19898,19898,.,-6.2296157,36.413326,2011,.
19899,19899,.,-6.2296157,36.413326,2011,.
19900,19900,.,-6.2296157,36.413326,2011,.
19901,19901,.,-6.3915606,35.89621,2011,.
19902,19902,.,-6.3915606,35.89621,2011,.
19903,19903,.,-6.3915606,35.89621,2011,.
19904,19904,.,-6.3915606,35.89621,2011,.
19905,19905,.,-6.3915606,35.89621,2011,.
19906,19906,.,-6.375261,35.648247,2011,.
19907,19907,.,-6.375261,35.648247,2011,.
19908,19908,.,-6.375261,35.648247,2011,.
19909,19909,.,-6.375261,35.648247,2011,.
19910,19910,.,-5.953279,35.24438,2011,.
19911,19911,.,-5.953279,35.24438,2011,.
19912,19912,.,-5.953279,35.24438,2011,.
19913,19913,.,-5.953279,35.24438,2011,.
19914,19914,.,-5.953279,35.24438,2011,.
19915,19915,.,-5.953279,35.24438,2011,.
19916,19916,.,-5.9937305,35.851982,2011,.
19917,19917,.,-5.9937305,35.851982,2011,.
19918,19918,.,-5.9937305,35.851982,2011,.
19919,19919,.,-5.9937305,35.851982,2011,.
19920,19920,.,-5.9478126,35.917458,2011,.
19921,19921,.,-5.9478126,35.917458,2011,.
19922,19922,.,-5.9478126,35.917458,2011,.
19923,19923,.,-6.0586267,35.522038,2011,.
19924,19924,.,-6.0586267,35.522038,2011,.
19925,19925,.,-3.2043831,35.928204,2011,.
19926,19926,.,-3.2043831,35.928204,2011,.
19927,19927,.,-2.9963944,36.013966,2011,.
19928,19928,.,-2.9963944,36.013966,2011,.
19929,19929,.,-2.9963944,36.013966,2011,.
19930,19930,.,-2.9963944,36.013966,2011,.
19931,19931,.,-2.9963944,36.013966,2011,.
19932,19932,.,-3.3509128,36.890038,2011,.
19933,19933,.,-3.4244013,36.8397,2011,.
19934,19934,.,-3.4244013,36.8397,2011,.
19935,19935,.,-3.4244013,36.8397,2011,.
19936,19936,.,-3.4244013,36.8397,2011,.
19937,19937,.,-3.4244013,36.8397,2011,.
19938,19938,.,-3.4163444,36.641624,2011,.
19939,19939,.,-3.480316,36.70207,2011,.
19940,19940,.,-3.480316,36.70207,2011,.
19941,19941,.,-3.480316,36.70207,2011,.
19942,19942,.,-3.480316,36.70207,2011,.
19943,19943,.,-3.480316,36.70207,2011,.
19944,19944,.,-3.480316,36.70207,2011,.
19945,19945,.,-3.480316,36.70207,2011,.
19946,19946,.,-3.3864174,36.656784,2011,.
19947,19947,.,-3.3641288,35.802536,2011,.
19948,19948,.,-3.3641288,35.802536,2011,.
19949,19949,.,-3.3641288,35.802536,2011,.
19950,19950,.,-3.3643546,35.718506,2011,.
19951,19951,.,-3.3641288,35.802536,2011,.
19952,19952,.,-3.3641288,35.802536,2011,.
19953,19953,.,-3.372189,35.707214,2011,.
19954,19954,.,-3.372189,35.707214,2011,.
19955,19955,.,-3.372189,35.707214,2011,.
19956,19956,.,-3.372189,35.707214,2011,.
19957,19957,.,-3.372189,35.707214,2011,.
19958,19958,.,-3.372189,35.707214,2011,.
19959,19959,.,-3.372189,35.707214,2011,.
19960,19960,.,-3.372189,35.707214,2011,.
19961,19961,.,-3.372189,35.707214,2011,.
19962,19962,.,-3.372189,35.707214,2011,.
19963,19963,.,-3.372189,35.707214,2011,.
19964,19964,.,-2.1410518,35.74726,2011,.
19965,19965,.,-2.1410518,35.74726,2011,.
19966,19966,.,-2.1410518,35.74726,2011,.
19967,19967,.,-2.1410518,35.74726,2011,.
19968,19968,.,-2.1410518,35.74726,2011,.
19969,19969,.,-2.1410518,35.74726,2011,.
19970,19970,.,-2.1410518,35.74726,2011,.
19971,19971,.,-3.1966624,37.615383,2011,.
19972,19972,.,-3.1966624,37.615383,2011,.
19973,19973,.,-3.1966624,37.615383,2011,.
19974,19974,.,-3.1966624,37.615383,2011,.
19975,19975,.,-3.111165,37.596443,2011,.
19976,19976,.,-3.111165,37.596443,2011,.
19977,19977,.,-3.111165,37.596443,2011,.
19978,19978,.,-3.111165,37.596443,2011,.
19979,19979,.,-3.111165,37.596443,2011,.
19980,19980,.,-3.0966647,37.63921,2011,.
19981,19981,.,-3.0966647,37.63921,2011,.
19982,19982,.,-3.0966647,37.63921,2011,.
19983,19983,.,-3.0966647,37.63921,2011,.
19984,19984,.,-3.0966647,37.63921,2011,.
19985,19985,.,-3.640011,37.655884,2011,.
19986,19986,.,-3.640011,37.655884,2011,.
19987,19987,.,-3.7865252,37.711407,2011,.
19988,19988,.,-3.7865252,37.711407,2011,.
19989,19989,.,-3.7865252,37.711407,2011,.
19990,19990,.,-3.7865252,37.711407,2011,.
19991,19991,.,-3.7865252,37.711407,2011,.
19992,19992,.,-4.3668933,38.055553,2011,.
19993,19993,.,-4.3668933,38.055553,2011,.
19994,19994,.,-4.341034,37.84385,2011,.
19995,19995,.,-4.341034,37.84385,2011,.
19996,19996,.,-4.341034,37.84385,2011,.
19997,19997,.,-4.341034,37.84385,2011,.
19998,19998,.,-4.341034,37.84385,2011,.
19999,19999,.,-3.2631063,37.57699,2011,.
20000,20000,.,-3.2631063,37.57699,2011,.
20001,20001,.,-3.2631063,37.57699,2011,.
20002,20002,.,-3.3300228,37.38288,2011,.
20003,20003,.,-3.3300228,37.38288,2011,.
20004,20004,.,-3.3300228,37.38288,2011,.
20005,20005,.,-3.3300228,37.38288,2011,.
20006,20006,.,-3.3300228,37.38288,2011,.
20007,20007,.,-3.3300228,37.38288,2011,.
20008,20008,.,-3.3300228,37.38288,2011,.
20009,20009,.,-3.3300228,37.38288,2011,.
20010,20010,.,-3.3300228,37.38288,2011,.
20011,20011,.,-3.3099597,37.473686,2011,.
20012,20012,.,-3.3099597,37.473686,2011,.
20013,20013,.,-3.3099597,37.473686,2011,.
20014,20014,.,-3.2054088,37.187508,2011,.
20015,20015,.,-3.2054088,37.187508,2011,.
20016,20016,.,-3.2054088,37.187508,2011,.
20017,20017,.,-3.2054088,37.187508,2011,.
20018,20018,.,-3.2054088,37.187508,2011,.
20019,20019,.,-3.2054088,37.187508,2011,.
20020,20020,.,-3.3100345,37.06694,2011,.
20021,20021,.,-3.3100345,37.06694,2011,.
20022,20022,.,-3.3100345,37.06694,2011,.
20023,20023,.,-3.3100345,37.06694,2011,.
20024,20024,.,-3.3100345,37.06694,2011,.
20025,20025,.,-3.3100345,37.06694,2011,.
20026,20026,.,-3.3100345,37.06694,2011,.
20027,20027,.,-3.3254879,37.1601,2011,.
20028,20028,.,-3.3254879,37.1601,2011,.
20029,20029,.,-3.3254879,37.1601,2011,.
20030,20030,.,-3.3254879,37.1601,2011,.
20031,20031,.,-3.3254879,37.1601,2011,.
20032,20032,.,-3.3254879,37.1601,2011,.
20033,20033,.,-3.3254879,37.1601,2011,.
20034,20034,.,-3.3254879,37.1601,2011,.
20035,20035,.,-3.3254879,37.1601,2011,.
20036,20036,.,-4.7083554,38.645927,2011,.
20037,20037,.,-4.7083554,38.645927,2011,.
20038,20038,.,-4.7083554,38.645927,2011,.
20039,20039,.,-4.7083554,38.645927,2011,.
20040,20040,.,-4.718563,38.28436,2011,.
20041,20041,.,-4.718563,38.28436,2011,.
20042,20042,.,-4.1023993,37.72093,2011,.
20043,20043,.,-4.1023993,37.72093,2011,.
20044,20044,.,-5.027844,38.56097,2011,.
20045,20045,.,-5.027844,38.56097,2011,.
20046,20046,.,-5.027844,38.56097,2011,.
20047,20047,.,-5.027844,38.56097,2011,.
20048,20048,.,-5.027844,38.56097,2011,.
20049,20049,.,-5.027844,38.56097,2011,.
20050,20050,.,-5.027844,38.56097,2011,.
20051,20051,.,-5.027844,38.56097,2011,.
20052,20052,.,-5.027844,38.56097,2011,.
20053,20053,.,-5.027844,38.56097,2011,.
20054,20054,.,-5.027844,38.56097,2011,.
20055,20055,.,-5.027844,38.56097,2011,.
20056,20056,.,-5.172634,38.471924,2011,.
20057,20057,.,-5.172634,38.471924,2011,.
20058,20058,.,-5.172634,38.471924,2011,.
20059,20059,.,-5.172634,38.471924,2011,.
20060,20060,.,-5.172634,38.471924,2011,.
20061,20061,.,-5.172634,38.471924,2011,.
20062,20062,.,-5.172634,38.471924,2011,.
20063,20063,.,-5.172634,38.471924,2011,.
20064,20064,.,-5.172634,38.471924,2011,.
20065,20065,.,-4.9813113,38.506668,2011,.
20066,20066,.,-4.9813113,38.506668,2011,.
20067,20067,.,-4.9813113,38.506668,2011,.
20068,20068,.,-4.9813113,38.506668,2011,.
20069,20069,.,-4.9813113,38.506668,2011,.
20070,20070,.,-4.9813113,38.506668,2011,.
20071,20071,.,-4.9813113,38.506668,2011,.
20072,20072,.,-4.9813113,38.506668,2011,.
20073,20073,.,-5.0773115,38.59898,2011,.
20074,20074,.,-5.0773115,38.59898,2011,.
20075,20075,.,-5.0773115,38.59898,2011,.
20076,20076,.,-5.0773115,38.59898,2011,.
20077,20077,.,-5.236699,38.699986,2011,.
20078,20078,.,-5.236699,38.699986,2011,.
20079,20079,.,-5.236699,38.699986,2011,.
20080,20080,.,-4.9945297,39.08352,2011,.
20081,20081,.,-4.9945297,39.08352,2011,.
20082,20082,.,-5.5395722,38.861103,2011,.
20083,20083,.,-5.5395722,38.861103,2011,.
20084,20084,.,-5.5395722,38.861103,2011,.
20085,20085,.,-5.727162,38.18618,2011,.
20086,20086,.,-5.63383,38.401592,2011,.
20087,20087,.,-5.63383,38.401592,2011,.
20088,20088,.,-5.63383,38.401592,2011,.
20089,20089,.,-5.63383,38.401592,2011,.
20090,20090,.,-5.4229813,37.986397,2011,.
20091,20091,.,-5.4229813,37.986397,2011,.
20092,20092,.,-5.4229813,37.986397,2011,.
20093,20093,.,-5.4229813,37.986397,2011,.
20094,20094,.,-5.4229813,37.986397,2011,.
20095,20095,.,-5.499773,37.556915,2011,.
20096,20096,.,-5.499773,37.556915,2011,.
20097,20097,.,-5.499773,37.556915,2011,.
20098,20098,.,-5.499773,37.556915,2011,.
20099,20099,.,-6.5433016,37.181698,2011,.
20100,20100,.,-6.5433016,37.181698,2011,.
20101,20101,.,-6.5433016,37.181698,2011,.
20102,20102,.,-6.5433016,37.181698,2011,.
20103,20103,.,-6.5433016,37.181698,2011,.
20104,20104,.,-6.368981,37.118206,2011,.
20105,20105,.,-6.3272657,37.00639,2011,.
20106,20106,.,-6.3272657,37.00639,2011,.
20107,20107,.,-6.3272657,37.00639,2011,.
20108,20108,.,-6.3272657,37.00639,2011,.
20109,20109,.,-6.3272657,37.00639,2011,.
20110,20110,.,-6.7881374,37.15296,2011,.
20111,20111,.,-6.3272657,37.00639,2011,.
20112,20112,.,-6.3272657,37.00639,2011,.
20113,20113,.,-6.915551,37.840347,2011,.
20114,20114,.,-6.915551,37.840347,2011,.
20115,20115,.,-8.132152,36.66838,2011,.
20116,20116,.,-8.5615,36.73424,2011,.
20117,20117,.,-8.132152,36.66838,2011,.
20118,20118,.,-8.132152,36.66838,2011,.
20119,20119,.,-8.103665,36.505375,2011,.
20120,20120,.,-8.103665,36.505375,2011,.
20121,20121,.,-8.107385,36.676548,2011,.
20122,20122,.,-8.103665,36.505375,2011,.
20123,20123,.,-8.103665,36.505375,2011,.
20124,20124,.,-8.664189,36.720745,2011,.
20125,20125,.,-8.664189,36.720745,2011,.
20126,20126,.,-8.664189,36.720745,2011,.
20127,20127,.,-8.664189,36.720745,2011,.
20128,20128,.,-8.664189,36.720745,2011,.
20129,20129,.,-8.664189,36.720745,2011,.
20130,20130,.,-8.664189,36.720745,2011,.
20131,20131,.,-8.664189,36.720745,2011,.
20132,20132,.,-8.664189,36.720745,2011,.
20133,20133,.,-8.664189,36.720745,2011,.
20134,20134,.,-8.736484,36.72077,2011,.
20135,20135,.,-8.736484,36.72077,2011,.
20136,20136,.,-8.736484,36.72077,2011,.
20137,20137,.,-8.736484,36.72077,2011,.
20138,20138,.,-8.736484,36.72077,2011,.
20139,20139,.,-8.736484,36.72077,2011,.
20140,20140,.,-8.736484,36.72077,2011,.
20141,20141,.,-8.736484,36.72077,2011,.
20142,20142,.,-8.736484,36.72077,2011,.
20143,20143,.,-8.736484,36.72077,2011,.
20144,20144,.,-5.0375686,32.764,2011,.
20145,20145,.,-6.875414,37.590385,2011,.
20146,20146,.,-6.875414,37.590385,2011,.
20147,20147,.,-6.875414,37.590385,2011,.
20148,20148,.,-6.875414,37.590385,2011,.
20149,20149,.,-6.875414,37.590385,2011,.
20150,20150,.,-6.800694,37.64569,2011,.
20151,20151,.,-6.800694,37.64569,2011,.
20152,20152,.,-6.7418337,37.66446,2011,.
20153,20153,.,-6.183981,37.71068,2011,.
20154,20154,.,-6.183981,37.71068,2011,.
20155,20155,.,-6.183981,37.71068,2011,.
20156,20156,.,-6.183981,37.71068,2011,.
20157,20157,.,-5.956403,37.66168,2011,.
20158,20158,.,-5.956403,37.66168,2011,.
20159,20159,.,-5.956403,37.66168,2011,.
20160,20160,.,-5.956403,37.66168,2011,.
20161,20161,.,-5.956403,37.66168,2011,.
20162,20162,.,-5.956403,37.66168,2011,.
20163,20163,.,-5.956403,37.66168,2011,.
20164,20164,.,-7.1854877,37.559807,2011,.
20165,20165,.,-7.1854877,37.559807,2011,.
20166,20166,.,-7.1854877,37.559807,2011,.
20167,20167,.,-7.1854877,37.559807,2011,.
20168,20168,.,-7.1854877,37.559807,2011,.
20169,20169,.,-7.1854877,37.559807,2011,.
20170,20170,.,-7.1854877,37.559807,2011,.
20171,20171,.,-7.1854877,37.559807,2011,.
20172,20172,.,-7.1854877,37.559807,2011,.
20173,20173,.,-7.1854877,37.559807,2011,.
20174,20174,.,-7.1854877,37.559807,2011,.
20175,20175,.,-7.1854877,37.559807,2011,.
20176,20176,.,-7.1854877,37.559807,2011,.
20177,20177,.,-7.1854877,37.559807,2011,.
20178,20178,.,-6.6309977,38.347927,2011,.
20179,20179,.,-6.6309977,38.347927,2011,.
20180,20180,.,-6.6309977,38.347927,2011,.
20181,20181,.,-6.6309977,38.347927,2011,.
20182,20182,.,-6.6309977,38.347927,2011,.
20183,20183,.,-6.9292045,38.726578,2011,.
20184,20184,.,-6.9292045,38.726578,2011,.
20185,20185,.,-8.061216,39.151245,2011,.
20186,20186,.,-8.061216,39.151245,2011,.
20187,20187,.,-8.061216,39.151245,2011,.
20188,20188,.,-8.061216,39.151245,2011,.
20189,20189,.,-8.061216,39.151245,2011,.
20190,20190,.,-8.061216,39.151245,2011,.
20191,20191,.,-8.125424,39.21822,2011,.
20192,20192,.,-6.992933,37.555862,2011,.
20193,20193,.,-6.782992,39.251266,2011,.
20194,20194,.,-6.8063827,39.24568,2011,.
20195,20195,.,-6.7542796,39.079784,2011,.
20196,20196,.,-6.666451,39.07603,2011,.
20197,20197,.,-6.683902,39.10888,2011,.
20198,20198,.,-6.683902,39.10888,2011,.
20199,20199,.,-6.683902,39.10888,2011,.
20200,20200,.,-6.8828044,37.810352,2011,.
20201,20201,.,-6.780368,39.223778,2011,.
20202,20202,.,-5.1286054,38.462505,2011,.
20203,20203,.,-6.8644257,39.128872,2011,.
20204,20204,.,-6.8205614,39.257504,2011,.
20205,20205,.,-6.8350005,39.325844,2011,.
20206,20206,.,-6.8350005,39.325844,2011,.
20207,20207,.,-6.9358816,39.250023,2011,.
20208,20208,.,-8.576158,39.2325,2011,.
20209,20209,.,-8.576158,39.2325,2011,.
20210,20210,.,-8.576158,39.2325,2011,.
20211,20211,.,-8.431655,38.96338,2011,.
20212,20212,.,-8.431655,38.96338,2011,.
20213,20213,.,-8.431655,38.96338,2011,.
20214,20214,.,-8.431655,38.96338,2011,.
20215,20215,.,-8.431655,38.96338,2011,.
20216,20216,.,-8.431655,38.96338,2011,.
20217,20217,.,-8.826544,38.878716,2011,.
20218,20218,.,-8.826544,38.878716,2011,.
20219,20219,.,-8.865396,38.884304,2011,.
20220,20220,.,-8.826544,38.878716,2011,.
20221,20221,.,-8.826544,38.878716,2011,.
20222,20222,.,-8.826544,38.878716,2011,.
20223,20223,.,-8.826544,38.878716,2011,.
20224,20224,.,-10.234503,39.281933,2011,.
20225,20225,.,-10.016259,39.707394,2011,.
20226,20226,.,-10.234503,39.281933,2011,.
20227,20227,.,-10.234503,39.281933,2011,.
20228,20228,.,-10.234503,39.281933,2011,.
20229,20229,.,-10.112506,39.27054,2011,.
20230,20230,.,-10.112506,39.27054,2011,.
20231,20231,.,-10.700698,39.37185,2011,.
20232,20232,.,-10.234503,39.281933,2011,.
20233,20233,.,-10.114319,39.24439,2011,.
20234,20234,.,-10.114319,39.24439,2011,.
20235,20235,.,-10.114319,39.24439,2011,.
20236,20236,.,-10.114319,39.24439,2011,.
20237,20237,.,-10.114319,39.24439,2011,.
20238,20238,.,-10.114319,39.24439,2011,.
20239,20239,.,-10.114319,39.24439,2011,.
20240,20240,.,-10.114319,39.24439,2011,.
20241,20241,.,-9.92298,39.328354,2011,.
20242,20242,.,-9.92298,39.328354,2011,.
20243,20243,.,-9.92298,39.328354,2011,.
20244,20244,.,-9.92298,39.328354,2011,.
20245,20245,.,-9.92298,39.328354,2011,.
20246,20246,.,-9.92298,39.328354,2011,.
20247,20247,.,-9.92298,39.328354,2011,.
20248,20248,.,-10.583533,38.027298,2011,.
20249,20249,.,-10.583533,38.027298,2011,.
20250,20250,.,-10.583533,38.027298,2011,.
20251,20251,.,-10.583533,38.027298,2011,.
20252,20252,.,-9.800984,37.89751,2011,.
20253,20253,.,-9.800984,37.89751,2011,.
20254,20254,.,-9.800984,37.89751,2011,.
20255,20255,.,-9.800984,37.89751,2011,.
20256,20256,.,-9.800984,37.89751,2011,.
20257,20257,.,-9.766091,37.834488,2011,.
20258,20258,.,-10.2243185,37.876755,2011,.
20259,20259,.,-10.2243185,37.876755,2011,.
20260,20260,.,-10.2243185,37.876755,2011,.
20261,20261,.,-9.595118,37.403095,2011,.
20262,20262,.,-9.595118,37.403095,2011,.
20263,20263,.,-9.595118,37.403095,2011,.
20264,20264,.,-9.803609,37.98105,2011,.
20265,20265,.,-9.803609,37.98105,2011,.
20266,20266,.,-9.803609,37.98105,2011,.
20267,20267,.,-10.071809,38.93771,2011,.
20268,20268,.,-10.071809,38.93771,2011,.
20269,20269,.,-10.071809,38.93771,2011,.
20270,20270,.,-10.071809,38.93771,2011,.
20271,20271,.,-10.071809,38.93771,2011,.
20272,20272,.,-10.409389,38.458485,2011,.
20273,20273,.,-10.071809,38.93771,2011,.
20274,20274,.,-10.238722,38.922375,2011,.
20275,20275,.,-10.238722,38.922375,2011,.
20276,20276,.,-10.238722,38.922375,2011,.
20277,20277,.,-10.238722,38.922375,2011,.
20278,20278,.,-10.025121,38.890163,2011,.
20279,20279,.,-10.025121,38.890163,2011,.
20280,20280,.,-10.025121,38.890163,2011,.
20281,20281,.,-10.025121,38.890163,2011,.
20282,20282,.,-10.025121,38.890163,2011,.
20283,20283,.,-10.025121,38.890163,2011,.
20284,20284,.,-10.025121,38.890163,2011,.
20285,20285,.,-10.025121,38.890163,2011,.
20286,20286,.,-10.025121,38.890163,2011,.
20287,20287,.,-10.025121,38.890163,2011,.
20288,20288,.,-9.993624,39.68323,2011,.
20289,20289,.,-9.993624,39.68323,2011,.
20290,20290,.,-9.993624,39.68323,2011,.
20291,20291,.,-10.049443,39.70264,2011,.
20292,20292,.,-10.049443,39.70264,2011,.
20293,20293,.,-9.867949,39.756622,2011,.
20294,20294,.,-10.049443,39.70264,2011,.
20295,20295,.,-10.049443,39.70264,2011,.
20296,20296,.,-10.049443,39.70264,2011,.
20297,20297,.,-10.049443,39.70264,2011,.
20298,20298,.,-10.305001,39.752094,2011,.
20299,20299,.,-10.629853,39.88157,2011,.
20300,20300,.,-10.629853,39.88157,2011,.
20301,20301,.,-10.629853,39.88157,2011,.
20302,20302,.,-10.629853,39.88157,2011,.
20303,20303,.,-10.629853,39.88157,2011,.
20304,20304,.,-10.386594,39.988865,2011,.
20305,20305,.,-10.386594,39.988865,2011,.
20306,20306,.,-10.386594,39.988865,2011,.
20307,20307,.,-10.386594,39.988865,2011,.
20308,20308,.,-10.391112,39.83417,2011,.
20309,20309,.,-10.391112,39.83417,2011,.
20310,20310,.,-10.391112,39.83417,2011,.
20311,20311,.,-10.391112,39.83417,2011,.
20312,20312,.,-10.391112,39.83417,2011,.
20313,20313,.,-10.391112,39.83417,2011,.
20314,20314,.,-10.391112,39.83417,2011,.
20315,20315,.,-10.433405,39.779625,2011,.
20316,20316,.,-10.433405,39.779625,2011,.
20317,20317,.,-10.433405,39.779625,2011,.
20318,20318,.,-10.433405,39.779625,2011,.
20319,20319,.,-10.433405,39.779625,2011,.
20320,20320,.,-10.433405,39.779625,2011,.
20321,20321,.,-10.130919,39.99642,2011,.
20322,20322,.,-10.950547,39.277767,2011,.
20323,20323,.,-10.950547,39.277767,2011,.
20324,20324,.,-10.950547,39.277767,2011,.
20325,20325,.,-10.950547,39.277767,2011,.
20326,20326,.,-10.950547,39.277767,2011,.
20327,20327,.,-10.950547,39.277767,2011,.
20328,20328,.,-10.74662,39.506653,2011,.
20329,20329,.,-10.9208765,39.292694,2011,.
20330,20330,.,-10.9208765,39.292694,2011,.
20331,20331,.,-10.9208765,39.292694,2011,.
20332,20332,.,-10.9208765,39.292694,2011,.
20333,20333,.,-10.930987,39.40372,2011,.
20334,20334,.,-10.930987,39.40372,2011,.
20335,20335,.,-10.930987,39.40372,2011,.
20336,20336,.,-10.930987,39.40372,2011,.
20337,20337,.,-10.930987,39.40372,2011,.
20338,20338,.,-10.930987,39.40372,2011,.
20339,20339,.,-10.930987,39.40372,2011,.
20340,20340,.,-10.727795,39.405415,2011,.
20341,20341,.,-10.727795,39.405415,2011,.
20342,20342,.,-10.727795,39.405415,2011,.
20343,20343,.,-10.727795,39.405415,2011,.
20344,20344,.,-10.727795,39.405415,2011,.
20345,20345,.,-10.727795,39.405415,2011,.
20346,20346,.,-10.727795,39.405415,2011,.
20347,20347,.,-10.727795,39.405415,2011,.
20348,20348,.,-10.727795,39.405415,2011,.
20349,20349,.,-10.727795,39.405415,2011,.
20350,20350,.,-10.727795,39.405415,2011,.
20351,20351,.,-10.57839,39.36464,2011,.
20352,20352,.,-10.57839,39.36464,2011,.
20353,20353,.,-10.57839,39.36464,2011,.
20354,20354,.,-10.57839,39.36464,2011,.
20355,20355,.,-10.57839,39.36464,2011,.
20356,20356,.,-10.57839,39.36464,2011,.
20357,20357,.,-10.57839,39.36464,2011,.
20358,20358,.,-10.57839,39.36464,2011,.
20359,20359,.,-10.57839,39.36464,2011,.
20360,20360,.,-10.57839,39.36464,2011,.
20361,20361,.,-10.57839,39.36464,2011,.
20362,20362,.,-10.57839,39.36464,2011,.
20363,20363,.,-10.57839,39.36464,2011,.
20364,20364,.,-10.833491,39.38815,2011,.
20365,20365,.,-10.833491,39.38815,2011,.
20366,20366,.,-10.833491,39.38815,2011,.
20367,20367,.,-10.833491,39.38815,2011,.
20368,20368,.,-10.833491,39.38815,2011,.
20369,20369,.,-10.833491,39.38815,2011,.
20370,20370,.,-10.833491,39.38815,2011,.
20371,20371,.,-10.833491,39.38815,2011,.
20372,20372,.,-10.833491,39.38815,2011,.
20373,20373,.,-10.833491,39.38815,2011,.
20374,20374,.,-10.833491,39.38815,2011,.
20375,20375,.,-10.833491,39.38815,2011,.
20376,20376,.,-10.833491,39.38815,2011,.
20377,20377,.,-10.833491,39.38815,2011,.
20378,20378,.,-10.722166,38.803875,2011,.
20379,20379,.,-10.722166,38.803875,2011,.
20380,20380,.,-10.722166,38.803875,2011,.
20381,20381,.,-10.778084,38.76734,2011,.
20382,20382,.,-10.778084,38.76734,2011,.
20383,20383,.,-10.778084,38.76734,2011,.
20384,20384,.,-10.778084,38.76734,2011,.
20385,20385,.,-10.778084,38.76734,2011,.
20386,20386,.,-10.778084,38.76734,2011,.
20387,20387,.,-10.778084,38.76734,2011,.
20388,20388,.,-10.567329,38.928123,2011,.
20389,20389,.,-10.567329,38.928123,2011,.
20390,20390,.,-10.567329,38.928123,2011,.
20391,20391,.,-10.567329,38.928123,2011,.
20392,20392,.,-10.567329,38.928123,2011,.
20393,20393,.,-10.567329,38.928123,2011,.
20394,20394,.,-10.567329,38.928123,2011,.
20395,20395,.,-10.567329,38.928123,2011,.
20396,20396,.,-10.567329,38.928123,2011,.
20397,20397,.,-10.567329,38.928123,2011,.
20398,20398,.,-10.457003,39.07662,2011,.
20399,20399,.,-10.457003,39.07662,2011,.
20400,20400,.,-10.457003,39.07662,2011,.
20401,20401,.,-10.457003,39.07662,2011,.
20402,20402,.,-10.457003,39.07662,2011,.
20403,20403,.,-10.457003,39.07662,2011,.
20404,20404,.,-10.457003,39.07662,2011,.
20405,20405,.,-10.457003,39.07662,2011,.
20406,20406,.,-10.920234,38.47628,2011,.
20407,20407,.,-10.920234,38.47628,2011,.
20408,20408,.,-10.920234,38.47628,2011,.
20409,20409,.,-10.920234,38.47628,2011,.
20410,20410,.,-10.920234,38.47628,2011,.
20411,20411,.,-10.920234,38.47628,2011,.
20412,20412,.,-10.920234,38.47628,2011,.
20413,20413,.,-10.920234,38.47628,2011,.
20414,20414,.,-10.920234,38.47628,2011,.
20415,20415,.,-10.783429,39.1128,2011,.
20416,20416,.,-10.783429,39.1128,2011,.
20417,20417,.,-10.796303,39.517002,2011,.
20418,20418,.,-10.796303,39.517002,2011,.
20419,20419,.,-10.796303,39.517002,2011,.
20420,20420,.,-10.796303,39.517002,2011,.
20421,20421,.,-10.796303,39.517002,2011,.
20422,20422,.,-10.796303,39.517002,2011,.
20423,20423,.,-10.796303,39.517002,2011,.
20424,20424,.,-10.796303,39.517002,2011,.
20425,20425,.,-10.591717,39.409645,2011,.
20426,20426,.,-10.591717,39.409645,2011,.
20427,20427,.,-10.785897,39.431282,2011,.
20428,20428,.,-10.311986,40.14696,2011,.
20429,20429,.,-10.311986,40.14696,2011,.
20430,20430,.,-10.311986,40.14696,2011,.
20431,20431,.,-10.57937,38.890137,2011,.
20432,20432,.,-10.971428,37.398846,2011,.
20433,20433,.,-10.971428,37.398846,2011,.
20434,20434,.,-10.971428,37.398846,2011,.
20435,20435,.,-10.971428,37.398846,2011,.
20436,20436,.,-10.971428,37.398846,2011,.
20437,20437,.,-10.971428,37.398846,2011,.
20438,20438,.,-10.971428,37.398846,2011,.
20439,20439,.,-10.971428,37.398846,2011,.
20440,20440,.,-10.971428,37.398846,2011,.
20441,20441,.,-10.971428,37.398846,2011,.
20442,20442,.,-11.026282,37.362473,2011,.
20443,20443,.,-11.026282,37.362473,2011,.
20444,20444,.,-11.026282,37.362473,2011,.
20445,20445,.,-11.026282,37.362473,2011,.
20446,20446,.,-11.062241,37.305176,2011,.
20447,20447,.,-11.062241,37.305176,2011,.
20448,20448,.,-11.062241,37.305176,2011,.
20449,20449,.,-11.072452,37.319252,2011,.
20450,20450,.,-11.072452,37.319252,2011,.
20451,20451,.,-11.072452,37.319252,2011,.
20452,20452,.,-11.072452,37.319252,2011,.
20453,20453,.,-11.072452,37.319252,2011,.
20454,20454,.,-11.072452,37.319252,2011,.
20455,20455,.,-11.011937,37.269108,2011,.
20456,20456,.,-11.011937,37.269108,2011,.
20457,20457,.,-11.011937,37.269108,2011,.
20458,20458,.,-11.011937,37.269108,2011,.
20459,20459,.,-11.497012,35.607624,2011,.
20460,20460,.,-11.497012,35.607624,2011,.
20461,20461,.,-11.497012,35.607624,2011,.
20462,20462,.,-11.497012,35.607624,2011,.
20463,20463,.,-11.497012,35.607624,2011,.
20464,20464,.,-11.497012,35.607624,2011,.
20465,20465,.,-11.497012,35.607624,2011,.
20466,20466,.,-11.497012,35.607624,2011,.
20467,20467,.,-10.569928,35.35346,2011,.
20468,20468,.,-10.569928,35.35346,2011,.
20469,20469,.,-10.569928,35.35346,2011,.
20470,20470,.,-10.569928,35.35346,2011,.
20471,20471,.,-10.569928,35.35346,2011,.
20472,20472,.,-10.569928,35.35346,2011,.
20473,20473,.,-10.605526,35.488983,2011,.
20474,20474,.,-10.605526,35.488983,2011,.
20475,20475,.,-10.605526,35.488983,2011,.
20476,20476,.,-10.605526,35.488983,2011,.
20477,20477,.,-10.605526,35.488983,2011,.
20478,20478,.,-10.605526,35.488983,2011,.
20479,20479,.,-10.605526,35.488983,2011,.
20480,20480,.,-10.605526,35.488983,2011,.
20481,20481,.,-10.605526,35.488983,2011,.
20482,20482,.,-10.605526,35.488983,2011,.
20483,20483,.,-10.605526,35.488983,2011,.
20484,20484,.,-10.605526,35.488983,2011,.
20485,20485,.,-10.605526,35.488983,2011,.
20486,20486,.,-10.605526,35.488983,2011,.
20487,20487,.,-10.605526,35.488983,2011,.
20488,20488,.,-10.605526,35.488983,2011,.
20489,20489,.,-10.605526,35.488983,2011,.
20490,20490,.,-10.605526,35.488983,2011,.
20491,20491,.,-10.792061,35.75554,2011,.
20492,20492,.,-10.792061,35.75554,2011,.
20493,20493,.,-10.792061,35.75554,2011,.
20494,20494,.,-10.792061,35.75554,2011,.
20495,20495,.,-10.792061,35.75554,2011,.
20496,20496,.,-11.3154545,34.786297,2011,.
20497,20497,.,-11.3154545,34.786297,2011,.
20498,20498,.,-11.3154545,34.786297,2011,.
20499,20499,.,-11.17032,34.99647,2011,.
20500,20500,.,-11.17032,34.99647,2011,.
20501,20501,.,-11.17032,34.99647,2011,.
20502,20502,.,-11.17032,34.99647,2011,.
20503,20503,.,-11.17032,34.99647,2011,.
20504,20504,.,-11.17032,34.99647,2011,.
20505,20505,.,-11.17032,34.99647,2011,.
20506,20506,.,-11.17032,34.99647,2011,.
20507,20507,.,-11.17032,34.99647,2011,.
20508,20508,.,-11.17032,34.99647,2011,.
20509,20509,.,-11.17032,34.99647,2011,.
20510,20510,.,-10.987446,34.893387,2011,.
20511,20511,.,-10.987446,34.893387,2011,.
20512,20512,.,-10.987446,34.893387,2011,.
20513,20513,.,-10.987446,34.893387,2011,.
20514,20514,.,-10.987446,34.893387,2011,.
20515,20515,.,-10.987446,34.893387,2011,.
20516,20516,.,-10.987446,34.893387,2011,.
20517,20517,.,-10.987446,34.893387,2011,.
20518,20518,.,-10.987446,34.893387,2011,.
20519,20519,.,-10.987446,34.893387,2011,.
20520,20520,.,-10.987446,34.893387,2011,.
20521,20521,.,-10.987446,34.893387,2011,.
20522,20522,.,-10.987446,34.893387,2011,.
20523,20523,.,-10.566307,34.61723,2011,.
20524,20524,.,-10.566307,34.61723,2011,.
20525,20525,.,-10.566307,34.61723,2011,.
20526,20526,.,-10.566307,34.61723,2011,.
20527,20527,.,-10.566307,34.61723,2011,.
20528,20528,.,-10.566307,34.61723,2011,.
20529,20529,.,-10.566307,34.61723,2011,.
20530,20530,.,-10.566307,34.61723,2011,.
20531,20531,.,-10.566307,34.61723,2011,.
20532,20532,.,-10.566307,34.61723,2011,.
20533,20533,.,-10.566307,34.61723,2011,.
20534,20534,.,-10.566307,34.61723,2011,.
20535,20535,.,-10.481606,35.688023,2011,.
20536,20536,.,-10.481606,35.688023,2011,.
20537,20537,.,-10.481606,35.688023,2011,.
20538,20538,.,-10.481606,35.688023,2011,.
20539,20539,.,-10.481606,35.688023,2011,.
20540,20540,.,-10.481606,35.688023,2011,.
20541,20541,.,-10.481606,35.688023,2011,.
20542,20542,.,-10.481606,35.688023,2011,.
20543,20543,.,-10.098764,35.902946,2011,.
20544,20544,.,-10.098764,35.902946,2011,.
20545,20545,.,-10.623637,35.636456,2011,.
20546,20546,.,-10.098764,35.902946,2011,.
20547,20547,.,-10.098764,35.902946,2011,.
20548,20548,.,-10.548076,36.32186,2011,.
20549,20549,.,-10.548076,36.32186,2011,.
20550,20550,.,-10.548076,36.32186,2011,.
20551,20551,.,-10.548076,36.32186,2011,.
20552,20552,.,-10.548076,36.32186,2011,.
20553,20553,.,-10.548076,36.32186,2011,.
20554,20554,.,-10.548076,36.32186,2011,.
20555,20555,.,-7.676126,35.736305,2011,.
20556,20556,.,-7.676126,35.736305,2011,.
20557,20557,.,-7.676126,35.736305,2011,.
20558,20558,.,-7.676126,35.736305,2011,.
20559,20559,.,-7.676126,35.736305,2011,.
20560,20560,.,-7.676126,35.736305,2011,.
20561,20561,.,-7.676126,35.736305,2011,.
20562,20562,.,-7.676126,35.736305,2011,.
20563,20563,.,-7.676126,35.736305,2011,.
20564,20564,.,-7.676126,35.736305,2011,.
20565,20565,.,-7.676126,35.736305,2011,.
20566,20566,.,-7.676126,35.736305,2011,.
20567,20567,.,-7.676126,35.736305,2011,.
20568,20568,.,-7.676126,35.736305,2011,.
20569,20569,.,-7.676126,35.736305,2011,.
20570,20570,.,-7.676126,35.736305,2011,.
20571,20571,.,-7.676126,35.736305,2011,.
20572,20572,.,-7.676126,35.736305,2011,.
20573,20573,.,-7.676126,35.736305,2011,.
20574,20574,.,-7.9404154,35.06478,2011,.
20575,20575,.,-7.9404154,35.06478,2011,.
20576,20576,.,-7.9404154,35.06478,2011,.
20577,20577,.,-7.9404154,35.06478,2011,.
20578,20578,.,-7.9404154,35.06478,2011,.
20579,20579,.,-7.9404154,35.06478,2011,.
20580,20580,.,-8.550924,34.839275,2011,.
20581,20581,.,-8.550924,34.839275,2011,.
20582,20582,.,-8.550924,34.839275,2011,.
20583,20583,.,-8.550924,34.839275,2011,.
20584,20584,.,-8.550924,34.839275,2011,.
20585,20585,.,-8.550924,34.839275,2011,.
20586,20586,.,-8.550924,34.839275,2011,.
20587,20587,.,-8.550924,34.839275,2011,.
20588,20588,.,-8.550924,34.839275,2011,.
20589,20589,.,-8.550924,34.839275,2011,.
20590,20590,.,-8.550924,34.839275,2011,.
20591,20591,.,-8.550924,34.839275,2011,.
20592,20592,.,-8.550924,34.839275,2011,.
20593,20593,.,-8.402626,34.745583,2011,.
20594,20594,.,-8.402626,34.745583,2011,.
20595,20595,.,-8.402626,34.745583,2011,.
20596,20596,.,-8.402626,34.745583,2011,.
20597,20597,.,-8.402626,34.745583,2011,.
20598,20598,.,-8.402626,34.745583,2011,.
20599,20599,.,-8.402626,34.745583,2011,.
20600,20600,.,-8.402626,34.745583,2011,.
20601,20601,.,-8.402626,34.745583,2011,.
20602,20602,.,-8.402626,34.745583,2011,.
20603,20603,.,-8.521164,35.350147,2011,.
20604,20604,.,-8.521164,35.350147,2011,.
20605,20605,.,-8.521164,35.350147,2011,.
20606,20606,.,-8.521164,35.350147,2011,.
20607,20607,.,-8.521164,35.350147,2011,.
20608,20608,.,-8.521164,35.350147,2011,.
20609,20609,.,-8.521164,35.350147,2011,.
20610,20610,.,-8.521164,35.350147,2011,.
20611,20611,.,-8.521164,35.350147,2011,.
20612,20612,.,-8.521164,35.350147,2011,.
20613,20613,.,-8.521164,35.350147,2011,.
20614,20614,.,-8.521164,35.350147,2011,.
20615,20615,.,-8.549865,35.339645,2011,.
20616,20616,.,-8.549865,35.339645,2011,.
20617,20617,.,-8.549865,35.339645,2011,.
20618,20618,.,-8.549865,35.339645,2011,.
20619,20619,.,-8.549865,35.339645,2011,.
20620,20620,.,-8.549865,35.339645,2011,.
20621,20621,.,-8.549865,35.339645,2011,.
20622,20622,.,-8.549865,35.339645,2011,.
20623,20623,.,-8.549865,35.339645,2011,.
20624,20624,.,-8.549865,35.339645,2011,.
20625,20625,.,-8.549865,35.339645,2011,.
20626,20626,.,-8.549865,35.339645,2011,.
20627,20627,.,-8.549865,35.339645,2011,.
20628,20628,.,-8.549865,35.339645,2011,.
20629,20629,.,-8.549865,35.339645,2011,.
20630,20630,.,-8.976871,33.953194,2011,.
20631,20631,.,-8.976871,33.953194,2011,.
20632,20632,.,-8.976871,33.953194,2011,.
20633,20633,.,-8.976871,33.953194,2011,.
20634,20634,.,-8.976871,33.953194,2011,.
20635,20635,.,-8.976871,33.953194,2011,.
20636,20636,.,-8.976871,33.953194,2011,.
20637,20637,.,-8.871623,33.564487,2011,.
20638,20638,.,-8.976871,33.953194,2011,.
20639,20639,.,-8.976871,33.953194,2011,.
20640,20640,.,-8.976871,33.953194,2011,.
20641,20641,.,-8.976871,33.953194,2011,.
20642,20642,.,-8.976871,33.953194,2011,.
20643,20643,.,-8.976871,33.953194,2011,.
20644,20644,.,-8.976871,33.953194,2011,.
20645,20645,.,-8.976871,33.953194,2011,.
20646,20646,.,-8.976871,33.953194,2011,.
20647,20647,.,-8.976871,33.953194,2011,.
20648,20648,.,-8.976871,33.953194,2011,.
20649,20649,.,-8.976871,33.953194,2011,.
20650,20650,.,-8.976871,33.953194,2011,.
20651,20651,.,-9.280349,34.718548,2011,.
20652,20652,.,-9.280349,34.718548,2011,.
20653,20653,.,-9.280349,34.718548,2011,.
20654,20654,.,-9.280349,34.718548,2011,.
20655,20655,.,-9.280349,34.718548,2011,.
20656,20656,.,-9.280349,34.718548,2011,.
20657,20657,.,-9.280349,34.718548,2011,.
20658,20658,.,-9.280349,34.718548,2011,.
20659,20659,.,-9.280349,34.718548,2011,.
20660,20660,.,-9.280349,34.718548,2011,.
20661,20661,.,-9.065184,34.79321,2011,.
20662,20662,.,-9.065184,34.79321,2011,.
20663,20663,.,-9.065184,34.79321,2011,.
20664,20664,.,-9.065184,34.79321,2011,.
20665,20665,.,-9.065184,34.79321,2011,.
20666,20666,.,-9.065184,34.79321,2011,.
20667,20667,.,-9.065184,34.79321,2011,.
20668,20668,.,-9.065184,34.79321,2011,.
20669,20669,.,-9.065184,34.79321,2011,.
20670,20670,.,-9.065184,34.79321,2011,.
20671,20671,.,-9.065184,34.79321,2011,.
20672,20672,.,-9.822159,34.453537,2011,.
20673,20673,.,-9.822159,34.453537,2011,.
20674,20674,.,-9.822159,34.453537,2011,.
20675,20675,.,-9.822159,34.453537,2011,.
20676,20676,.,-9.822159,34.453537,2011,.
20677,20677,.,-9.822159,34.453537,2011,.
20678,20678,.,-9.822159,34.453537,2011,.
20679,20679,.,-9.822159,34.453537,2011,.
20680,20680,.,-9.822159,34.453537,2011,.
20681,20681,.,-9.822159,34.453537,2011,.
20682,20682,.,-9.822159,34.453537,2011,.
20683,20683,.,-9.822159,34.453537,2011,.
20684,20684,.,-9.822159,34.453537,2011,.
20685,20685,.,-9.822159,34.453537,2011,.
20686,20686,.,-9.822159,34.453537,2011,.
20687,20687,.,-9.822159,34.453537,2011,.
20688,20688,.,-10.084233,34.579792,2011,.
20689,20689,.,-10.084233,34.579792,2011,.
20690,20690,.,-10.084233,34.579792,2011,.
20691,20691,.,-10.084233,34.579792,2011,.
20692,20692,.,-10.078586,34.658607,2011,.
20693,20693,.,-10.078586,34.658607,2011,.
20694,20694,.,-10.078586,34.658607,2011,.
20695,20695,.,-10.078586,34.658607,2011,.
20696,20696,.,-10.078586,34.658607,2011,.
20697,20697,.,-7.7443466,35.70446,2011,.
20698,20698,.,-7.7443466,35.70446,2011,.
20699,20699,.,-7.7443466,35.70446,2011,.
20700,20700,.,-7.7443466,35.70446,2011,.
20701,20701,.,-7.7443466,35.70446,2011,.
20702,20702,.,-7.7443466,35.70446,2011,.
20703,20703,.,-7.741672,35.69744,2011,.
20704,20704,.,-7.741672,35.69744,2011,.
20705,20705,.,-7.741672,35.69744,2011,.
20706,20706,.,-7.741672,35.69744,2011,.
20707,20707,.,-7.741672,35.69744,2011,.
20708,20708,.,-7.741672,35.69744,2011,.
20709,20709,.,-7.741672,35.69744,2011,.
20710,20710,.,-7.7897453,35.6726,2011,.
20711,20711,.,-7.5130744,36.44244,2011,.
20712,20712,.,-7.5130744,36.44244,2011,.
20713,20713,.,-7.5130744,36.44244,2011,.
20714,20714,.,-7.5130744,36.44244,2011,.
20715,20715,.,-7.5130744,36.44244,2011,.
20716,20716,.,-7.5130744,36.44244,2011,.
20717,20717,.,-7.5130744,36.44244,2011,.
20718,20718,.,-7.787428,33.40737,2011,.
20719,20719,.,-8.445556,33.146397,2011,.
20720,20720,.,-8.445556,33.146397,2011,.
20721,20721,.,-8.445556,33.146397,2011,.
20722,20722,.,-8.445556,33.146397,2011,.
20723,20723,.,-8.696871,33.288555,2011,.
20724,20724,.,-8.696871,33.288555,2011,.
20725,20725,.,-8.696871,33.288555,2011,.
20726,20726,.,-8.696871,33.288555,2011,.
20727,20727,.,-8.696871,33.288555,2011,.
20728,20728,.,-8.696871,33.288555,2011,.
20729,20729,.,-8.696871,33.288555,2011,.
20730,20730,.,-8.425014,33.02092,2011,.
20731,20731,.,-8.425014,33.02092,2011,.
20732,20732,.,-8.425014,33.02092,2011,.
20733,20733,.,-8.425014,33.02092,2011,.
20734,20734,.,-8.425014,33.02092,2011,.
20735,20735,.,-8.425014,33.02092,2011,.
20736,20736,.,-8.425014,33.02092,2011,.
20737,20737,.,-8.425014,33.02092,2011,.
20738,20738,.,-9.246477,33.35499,2011,.
20739,20739,.,-9.246477,33.35499,2011,.
20740,20740,.,-9.246477,33.35499,2011,.
20741,20741,.,-9.246477,33.35499,2011,.
20742,20742,.,-9.246477,33.35499,2011,.
20743,20743,.,-9.246477,33.35499,2011,.
20744,20744,.,-9.246477,33.35499,2011,.
20745,20745,.,-9.246477,33.35499,2011,.
20746,20746,.,-9.246477,33.35499,2011,.
20747,20747,.,-9.246477,33.35499,2011,.
20748,20748,.,-9.246477,33.35499,2011,.
20749,20749,.,-9.246477,33.35499,2011,.
20750,20750,.,-9.246477,33.35499,2011,.
20751,20751,.,-9.246477,33.35499,2011,.
20752,20752,.,-9.246477,33.35499,2011,.
20753,20753,.,-9.246477,33.35499,2011,.
20754,20754,.,-9.246477,33.35499,2011,.
20755,20755,.,-9.246477,33.35499,2011,.
20756,20756,.,-9.246477,33.35499,2011,.
20757,20757,.,-9.246477,33.35499,2011,.
20758,20758,.,-9.246477,33.35499,2011,.
20759,20759,.,-9.246477,33.35499,2011,.
20760,20760,.,-9.246477,33.35499,2011,.
20761,20761,.,-9.246477,33.35499,2011,.
20762,20762,.,-9.246477,33.35499,2011,.
20763,20763,.,-9.246477,33.35499,2011,.
20764,20764,.,-9.246477,33.35499,2011,.
20765,20765,.,-9.246477,33.35499,2011,.
20766,20766,.,-9.246477,33.35499,2011,.
20767,20767,.,-9.138464,33.337948,2011,.
20768,20768,.,-9.138464,33.337948,2011,.
20769,20769,.,-9.138464,33.337948,2011,.
20770,20770,.,-9.138464,33.337948,2011,.
20771,20771,.,-9.138464,33.337948,2011,.
20772,20772,.,-9.138464,33.337948,2011,.
20773,20773,.,-9.138464,33.337948,2011,.
20774,20774,.,-9.138464,33.337948,2011,.
20775,20775,.,-9.138464,33.337948,2011,.
20776,20776,.,-9.138464,33.337948,2011,.
20777,20777,.,-9.138464,33.337948,2011,.
20778,20778,.,-9.138464,33.337948,2011,.
20779,20779,.,-9.138464,33.337948,2011,.
20780,20780,.,-9.138464,33.337948,2011,.
20781,20781,.,-9.138464,33.337948,2011,.
20782,20782,.,-9.138464,33.337948,2011,.
20783,20783,.,-9.138464,33.337948,2011,.
20784,20784,.,-9.427489,33.9739,2011,.
20785,20785,.,-9.427489,33.9739,2011,.
20786,20786,.,-9.427489,33.9739,2011,.
20787,20787,.,-9.427489,33.9739,2011,.
20788,20788,.,-9.427489,33.9739,2011,.
20789,20789,.,-9.638181,33.960014,2011,.
20790,20790,.,-9.638181,33.960014,2011,.
20791,20791,.,-9.638181,33.960014,2011,.
20792,20792,.,-9.638181,33.960014,2011,.
20793,20793,.,-9.638181,33.960014,2011,.
20794,20794,.,-9.159586,33.83051,2011,.
20795,20795,.,-9.159586,33.83051,2011,.
20796,20796,.,-9.159586,33.83051,2011,.
20797,20797,.,-9.159586,33.83051,2011,.
20798,20798,.,-9.159586,33.83051,2011,.
20799,20799,.,-9.159586,33.83051,2011,.
20800,20800,.,-9.159586,33.83051,2011,.
20801,20801,.,-9.159586,33.83051,2011,.
20802,20802,.,-9.159586,33.83051,2011,.
20803,20803,.,-9.159586,33.83051,2011,.
20804,20804,.,-9.27084,33.60054,2011,.
20805,20805,.,-9.27084,33.60054,2011,.
20806,20806,.,-9.27084,33.60054,2011,.
20807,20807,.,-9.27084,33.60054,2011,.
20808,20808,.,-9.27084,33.60054,2011,.
20809,20809,.,-9.27084,33.60054,2011,.
20810,20810,.,-9.27084,33.60054,2011,.
20811,20811,.,-9.27084,33.60054,2011,.
20812,20812,.,-9.27084,33.60054,2011,.
20813,20813,.,-9.27084,33.60054,2011,.
20814,20814,.,-9.27084,33.60054,2011,.
20815,20815,.,-9.27084,33.60054,2011,.
20816,20816,.,-9.27084,33.60054,2011,.
20817,20817,.,-9.27084,33.60054,2011,.
20818,20818,.,-9.27084,33.60054,2011,.
20819,20819,.,-8.825695,33.864277,2011,.
20820,20820,.,-9.479176,33.12928,2011,.
20821,20821,.,-9.479176,33.12928,2011,.
20822,20822,.,-9.479176,33.12928,2011,.
20823,20823,.,-9.271478,32.796192,2011,.
20824,20824,.,-9.479176,33.12928,2011,.
20825,20825,.,-9.479176,33.12928,2011,.
20826,20826,.,-9.479176,33.12928,2011,.
20827,20827,.,-9.479176,33.12928,2011,.
20828,20828,.,-9.479176,33.12928,2011,.
20829,20829,.,-9.479176,33.12928,2011,.
20830,20830,.,-9.479176,33.12928,2011,.
20831,20831,.,-9.479176,33.12928,2011,.
20832,20832,.,-9.479176,33.12928,2011,.
20833,20833,.,-9.479176,33.12928,2011,.
20834,20834,.,-9.479176,33.12928,2011,.
20835,20835,.,-9.479176,33.12928,2011,.
20836,20836,.,-9.4304085,33.06619,2011,.
20837,20837,.,-9.4304085,33.06619,2011,.
20838,20838,.,-9.4304085,33.06619,2011,.
20839,20839,.,-9.4304085,33.06619,2011,.
20840,20840,.,-9.4304085,33.06619,2011,.
20841,20841,.,-9.4304085,33.06619,2011,.
20842,20842,.,-9.4304085,33.06619,2011,.
20843,20843,.,-9.4304085,33.06619,2011,.
20844,20844,.,-9.4304085,33.06619,2011,.
20845,20845,.,-9.4304085,33.06619,2011,.
20846,20846,.,-9.4304085,33.06619,2011,.
20847,20847,.,-9.4304085,33.06619,2011,.
20848,20848,.,-9.4304085,33.06619,2011,.
20849,20849,.,-9.4304085,33.06619,2011,.
20850,20850,.,-9.4304085,33.06619,2011,.
20851,20851,.,-8.890516,33.02123,2011,.
20852,20852,.,-8.890516,33.02123,2011,.
20853,20853,.,-8.890516,33.02123,2011,.
20854,20854,.,-8.890516,33.02123,2011,.
20855,20855,.,-8.890516,33.02123,2011,.
20856,20856,.,-8.890516,33.02123,2011,.
20857,20857,.,-8.890516,33.02123,2011,.
20858,20858,.,-8.890516,33.02123,2011,.
20859,20859,.,-8.890516,33.02123,2011,.
20860,20860,.,-8.890516,33.02123,2011,.
20861,20861,.,-8.890516,33.02123,2011,.
20862,20862,.,-8.890516,33.02123,2011,.
20863,20863,.,-8.890516,33.02123,2011,.
20864,20864,.,-8.886628,33.134678,2011,.
20865,20865,.,-8.886628,33.134678,2011,.
20866,20866,.,-8.886628,33.134678,2011,.
20867,20867,.,-8.886628,33.134678,2011,.
20868,20868,.,-8.886628,33.134678,2011,.
20869,20869,.,-8.886628,33.134678,2011,.
20870,20870,.,-8.886628,33.134678,2011,.
20871,20871,.,-9.14704,32.88021,2011,.
20872,20872,.,-9.14704,32.88021,2011,.
20873,20873,.,-9.14704,32.88021,2011,.
20874,20874,.,-9.14704,32.88021,2011,.
20875,20875,.,-9.14704,32.88021,2011,.
20876,20876,.,-9.14704,32.88021,2011,.
20877,20877,.,-9.14704,32.88021,2011,.
20878,20878,.,-9.14704,32.88021,2011,.
20879,20879,.,-9.14704,32.88021,2011,.
20880,20880,.,-9.14704,32.88021,2011,.
20881,20881,.,-8.638754,34.33124,2011,.
20882,20882,.,-8.638754,34.33124,2011,.
20883,20883,.,-8.638754,34.33124,2011,.
20884,20884,.,-8.638754,34.33124,2011,.
20885,20885,.,-8.638754,34.33124,2011,.
20886,20886,.,-8.638754,34.33124,2011,.
20887,20887,.,-8.638754,34.33124,2011,.
20888,20888,.,-8.910502,33.571404,2011,.
20889,20889,.,-8.910502,33.571404,2011,.
20890,20890,.,-8.910502,33.571404,2011,.
20891,20891,.,-8.910502,33.571404,2011,.
20892,20892,.,-8.910502,33.571404,2011,.
20893,20893,.,-8.910502,33.571404,2011,.
20894,20894,.,-8.910502,33.571404,2011,.
20895,20895,.,-8.910502,33.571404,2011,.
20896,20896,.,-8.910502,33.571404,2011,.
20897,20897,.,-8.910502,33.571404,2011,.
20898,20898,.,-8.910502,33.571404,2011,.
20899,20899,.,-8.910502,33.571404,2011,.
20900,20900,.,-8.910502,33.571404,2011,.
20901,20901,.,-8.910502,33.571404,2011,.
20902,20902,.,-8.910502,33.571404,2011,.
20903,20903,.,-8.910502,33.571404,2011,.
20904,20904,.,-8.910502,33.571404,2011,.
20905,20905,.,-8.910502,33.571404,2011,.
20906,20906,.,-8.894963,33.502453,2011,.
20907,20907,.,-4.229229,34.42704,2011,.
20908,20908,.,-4.229229,34.42704,2011,.
20909,20909,.,-4.229229,34.42704,2011,.
20910,20910,.,-4.229229,34.42704,2011,.
20911,20911,.,-4.229229,34.42704,2011,.
20912,20912,.,-4.229229,34.42704,2011,.
20913,20913,.,-4.229229,34.42704,2011,.
20914,20914,.,-4.229229,34.42704,2011,.
20915,20915,.,-4.401281,34.272713,2011,.
20916,20916,.,-4.401281,34.272713,2011,.
20917,20917,.,-4.401281,34.272713,2011,.
20918,20918,.,-4.401281,34.272713,2011,.
20919,20919,.,-4.401281,34.272713,2011,.
20920,20920,.,-4.401281,34.272713,2011,.
20921,20921,.,-4.401281,34.272713,2011,.
20922,20922,.,-4.401281,34.272713,2011,.
20923,20923,.,-4.401281,34.272713,2011,.
20924,20924,.,-5.5666018,34.668007,2011,.
20925,20925,.,-5.5666018,34.668007,2011,.
20926,20926,.,-5.5666018,34.668007,2011,.
20927,20927,.,-5.5666018,34.668007,2011,.
20928,20928,.,-5.771314,34.821728,2011,.
20929,20929,.,-5.499927,34.972885,2011,.
20930,20930,.,-5.499927,34.972885,2011,.
20931,20931,.,-5.499927,34.972885,2011,.
20932,20932,.,-5.499927,34.972885,2011,.
20933,20933,.,-5.499927,34.972885,2011,.
20934,20934,.,-5.499927,34.972885,2011,.
20935,20935,.,-5.499927,34.972885,2011,.
20936,20936,.,-5.499927,34.972885,2011,.
20937,20937,.,-5.499927,34.972885,2011,.
20938,20938,.,-5.499927,34.972885,2011,.
20939,20939,.,-5.9523354,34.06207,2011,.
20940,20940,.,-5.9523354,34.06207,2011,.
20941,20941,.,-5.9523354,34.06207,2011,.
20942,20942,.,-4.923984,34.70409,2011,.
20943,20943,.,-4.234432,33.174606,2011,.
20944,20944,.,-4.234432,33.174606,2011,.
20945,20945,.,-4.234432,33.174606,2011,.
20946,20946,.,-4.234432,33.174606,2011,.
20947,20947,.,-4.234432,33.174606,2011,.
20948,20948,.,-4.234432,33.174606,2011,.
20949,20949,.,-4.234432,33.174606,2011,.
20950,20950,.,-4.3897204,33.22707,2011,.
20951,20951,.,-4.3897204,33.22707,2011,.
20952,20952,.,-4.3897204,33.22707,2011,.
20953,20953,.,-4.3897204,33.22707,2011,.
20954,20954,.,-4.3897204,33.22707,2011,.
20955,20955,.,-4.3897204,33.22707,2011,.
20956,20956,.,-4.3897204,33.22707,2011,.
20957,20957,.,-4.3897204,33.22707,2011,.
20958,20958,.,-4.144983,33.985115,2011,.
20959,20959,.,-6.2269964,33.879063,2011,.
20960,20960,.,-6.2269964,33.879063,2011,.
20961,20961,.,-4.144983,33.985115,2011,.
20962,20962,.,-4.208546,33.80453,2011,.
20963,20963,.,-4.208546,33.80453,2011,.
20964,20964,.,-4.208546,33.80453,2011,.
20965,20965,.,-4.208546,33.80453,2011,.
20966,20966,.,-4.208546,33.80453,2011,.
20967,20967,.,-4.0981154,33.930042,2011,.
20968,20968,.,-4.0981154,33.930042,2011,.
20969,20969,.,-4.0981154,33.930042,2011,.
20970,20970,.,-4.0981154,33.930042,2011,.
20971,20971,.,-4.0981154,33.930042,2011,.
20972,20972,.,-4.0981154,33.930042,2011,.
20973,20973,.,-4.0981154,33.930042,2011,.
20974,20974,.,-4.0981154,33.930042,2011,.
20975,20975,.,-4.5569158,33.438408,2011,.
20976,20976,.,-4.5569158,33.438408,2011,.
20977,20977,.,-4.5569158,33.438408,2011,.
20978,20978,.,-4.5569158,33.438408,2011,.
20979,20979,.,-4.5569158,33.438408,2011,.
20980,20980,.,-4.9651947,33.511894,2011,.
20981,20981,.,-4.9651947,33.511894,2011,.
20982,20982,.,-4.9651947,33.511894,2011,.
20983,20983,.,-4.9651947,33.511894,2011,.
20984,20984,.,-4.9651947,33.511894,2011,.
20985,20985,.,-4.9651947,33.511894,2011,.
20986,20986,.,-4.9651947,33.511894,2011,.
20987,20987,.,-4.2581477,32.543663,2011,.
20988,20988,.,-4.2581477,32.543663,2011,.
20989,20989,.,-4.2581477,32.543663,2011,.
20990,20990,.,-4.2581477,32.543663,2011,.
20991,20991,.,-4.2581477,32.543663,2011,.
20992,20992,.,-3.831558,32.60919,2011,.
20993,20993,.,-3.831558,32.60919,2011,.
20994,20994,.,-4.2581477,32.543663,2011,.
20995,20995,.,-4.2581477,32.543663,2011,.
20996,20996,.,-4.577071,32.155884,2011,.
20997,20997,.,-4.577071,32.155884,2011,.
20998,20998,.,-4.577071,32.155884,2011,.
20999,20999,.,-4.577071,32.155884,2011,.
21000,21000,.,-4.577071,32.155884,2011,.
21001,21001,.,-4.577071,32.155884,2011,.
21002,21002,.,-4.577071,32.155884,2011,.
21003,21003,.,-5.628821,32.900127,2011,.
21004,21004,.,-5.628821,32.900127,2011,.
21005,21005,.,-5.628821,32.900127,2011,.
21006,21006,.,-5.628821,32.900127,2011,.
21007,21007,.,-5.628821,32.900127,2011,.
21008,21008,.,-5.628821,32.900127,2011,.
21009,21009,.,-6.3485885,33.846703,2011,.
21010,21010,.,-6.3485885,33.846703,2011,.
21011,21011,.,-6.3485885,33.846703,2011,.
21012,21012,.,-6.3485885,33.846703,2011,.
21013,21013,.,-6.3485885,33.846703,2011,.
21014,21014,.,-6.3485885,33.846703,2011,.
21015,21015,.,-6.3485885,33.846703,2011,.
21016,21016,.,-5.360288,32.717735,2011,.
21017,21017,.,-5.360288,32.717735,2011,.
21018,21018,.,-5.360288,32.717735,2011,.
21019,21019,.,-5.360288,32.717735,2011,.
21020,21020,.,-4.2183685,33.224957,2011,.
21021,21021,.,-4.2183685,33.224957,2011,.
21022,21022,.,-4.2183685,33.224957,2011,.
21023,21023,.,-4.2183685,33.224957,2011,.
21024,21024,.,-4.2183685,33.224957,2011,.
21025,21025,.,-4.2183685,33.224957,2011,.
21026,21026,.,-5.360288,32.717735,2011,.
21027,21027,.,-5.360288,32.717735,2011,.
21028,21028,.,-5.040529,32.799595,2011,.
21029,21029,.,-5.040529,32.799595,2011,.
21030,21030,.,-5.119644,32.895863,2011,.
21031,21031,.,-5.119644,32.895863,2011,.
21032,21032,.,-5.119644,32.895863,2011,.
21033,21033,.,-5.119644,32.895863,2011,.
21034,21034,.,-5.119644,32.895863,2011,.
21035,21035,.,-5.119644,32.895863,2011,.
21036,21036,.,-6.3525195,31.290209,2011,.
21037,21037,.,-6.3525195,31.290209,2011,.
21038,21038,.,-5.5377154,30.342384,2011,.
21039,21039,.,-5.5377154,30.342384,2011,.
21040,21040,.,-5.5377154,30.342384,2011,.
21041,21041,.,-8.724432,31.967009,2011,.
21042,21042,.,-8.724432,31.967009,2011,.
21043,21043,.,-8.724432,31.967009,2011,.
21044,21044,.,-8.724432,31.967009,2011,.
21045,21045,.,-8.724432,31.967009,2011,.
21046,21046,.,-8.724432,31.967009,2011,.
21047,21047,.,-8.724432,31.967009,2011,.
21048,21048,.,-7.3174233,31.375889,2011,.
21049,21049,.,-7.657281,31.57944,2011,.
21050,21050,.,-7.657281,31.57944,2011,.
21051,21051,.,-7.657281,31.57944,2011,.
21052,21052,.,-7.657281,31.57944,2011,.
21053,21053,.,-7.657281,31.57944,2011,.
21054,21054,.,-7.8178463,31.775589,2011,.
21055,21055,.,-7.8178463,31.775589,2011,.
21056,21056,.,-7.8178463,31.775589,2011,.
21057,21057,.,-7.8178463,31.775589,2011,.
21058,21058,.,-7.8178463,31.775589,2011,.
21059,21059,.,-7.8178463,31.775589,2011,.
21060,21060,.,-7.8178463,31.775589,2011,.
21061,21061,.,-7.539073,31.118704,2011,.
21062,21062,.,-7.539073,31.118704,2011,.
21063,21063,.,-7.539073,31.118704,2011,.
21064,21064,.,-7.539073,31.118704,2011,.
21065,21065,.,-8.048409,31.664118,2011,.
21066,21066,.,-7.640233,31.015966,2011,.
21067,21067,.,-7.640233,31.015966,2011,.
21068,21068,.,-7.640233,31.015966,2011,.
21069,21069,.,-7.640233,31.015966,2011,.
21070,21070,.,-7.640233,31.015966,2011,.
21071,21071,.,-7.640233,31.015966,2011,.
21072,21072,.,-7.640233,31.015966,2011,.
21073,21073,.,-7.640233,31.015966,2011,.
21074,21074,.,-7.9435854,31.614552,2011,.
21075,21075,.,-7.9435854,31.614552,2011,.
21076,21076,.,-7.3715096,30.62583,2011,.
21077,21077,.,-7.3715096,30.62583,2011,.
21078,21078,.,-7.3715096,30.62583,2011,.
21079,21079,.,-7.3715096,30.62583,2011,.
21080,21080,.,-7.3715096,30.62583,2011,.
21081,21081,.,-7.3715096,30.62583,2011,.
21082,21082,.,-7.942198,31.701828,2011,.
21083,21083,.,-7.942198,31.701828,2011,.
21084,21084,.,-7.942198,31.701828,2011,.
21085,21085,.,-7.942198,31.701828,2011,.
21086,21086,.,-7.942198,31.701828,2011,.
21087,21087,.,-7.942198,31.701828,2011,.
21088,21088,.,-7.942198,31.701828,2011,.
21089,21089,.,-7.942198,31.701828,2011,.
21090,21090,.,-7.942198,31.701828,2011,.
21091,21091,.,-7.942198,31.701828,2011,.
21092,21092,.,-7.942198,31.701828,2011,.
21093,21093,.,-7.942198,31.701828,2011,.
21094,21094,.,-7.942198,31.701828,2011,.
21095,21095,.,-7.942198,31.701828,2011,.
21096,21096,.,-7.942198,31.701828,2011,.
21097,21097,.,-7.942198,31.701828,2011,.
21098,21098,.,-3.376584,31.503801,2011,.
21099,21099,.,-3.650416,30.6651,2011,.
21100,21100,.,-3.7513938,30.623672,2011,.
21101,21101,.,-3.7513938,30.623672,2011,.
21102,21102,.,-3.7513938,30.623672,2011,.
21103,21103,.,-3.7513938,30.623672,2011,.
21104,21104,.,-3.780066,30.438396,2011,.
21105,21105,.,-3.780066,30.438396,2011,.
21106,21106,.,-3.780066,30.438396,2011,.
21107,21107,.,-4.0771637,30.260023,2011,.
21108,21108,.,-4.0771637,30.260023,2011,.
21109,21109,.,-4.0771637,30.260023,2011,.
21110,21110,.,-4.0771637,30.260023,2011,.
21111,21111,.,-4.0771637,30.260023,2011,.
21112,21112,.,-4.3653784,30.403461,2011,.
21113,21113,.,-4.6366267,29.839293,2011,.
21114,21114,.,-4.2989526,30.167246,2011,.
21115,21115,.,-4.2989526,30.167246,2011,.
21116,21116,.,-4.2989526,30.167246,2011,.
21117,21117,.,-4.2989526,30.167246,2011,.
21118,21118,.,-4.2989526,30.167246,2011,.
21119,21119,.,-4.2989526,30.167246,2011,.
21120,21120,.,-4.713203,29.766474,2011,.
21121,21121,.,-4.713203,29.766474,2011,.
21122,21122,.,-4.713203,29.766474,2011,.
21123,21123,.,-6.015953,29.793224,2011,.
21124,21124,.,-3.0614278,33.754463,2011,.
21125,21125,.,-3.0614278,33.754463,2011,.
21126,21126,.,-3.0614278,33.754463,2011,.
21127,21127,.,-3.0614278,33.754463,2011,.
21128,21128,.,-3.0614278,33.754463,2011,.
21129,21129,.,-3.0614278,33.754463,2011,.
21130,21130,.,-3.7384362,33.165493,2011,.
21131,21131,.,-3.7384362,33.165493,2011,.
21132,21132,.,-3.7384362,33.165493,2011,.
21133,21133,.,-3.7384362,33.165493,2011,.
21134,21134,.,-3.7384362,33.165493,2011,.
21135,21135,.,-3.7384362,33.165493,2011,.
21136,21136,.,-3.2850368,32.830578,2011,.
21137,21137,.,-3.2850368,32.830578,2011,.
21138,21138,.,-3.2619698,32.438046,2011,.
21139,21139,.,-3.353803,32.42792,2011,.
21140,21140,.,-3.353803,32.42792,2011,.
21141,21141,.,-3.698298,32.098083,2011,.
21142,21142,.,-3.9868839,31.99293,2011,.
21143,21143,.,-3.7766027,32.156136,2011,.
21144,21144,.,-3.7766027,32.156136,2011,.
21145,21145,.,-3.435688,31.838856,2011,.
21146,21146,.,-3.5849116,34.19259,2011,.
21147,21147,.,-6.1244936,34.710068,2011,.
21148,21148,.,-3.5849116,34.19259,2011,.
21149,21149,.,-3.2015626,34.099293,2011,.
21150,21150,.,-3.2015626,34.099293,2011,.
21151,21151,.,-3.2015626,34.099293,2011,.
21152,21152,.,-3.2015626,34.099293,2011,.
21153,21153,.,-3.2015626,34.099293,2011,.
21154,21154,.,-3.2015626,34.099293,2011,.
21155,21155,.,-3.5583367,33.416702,2011,.
21156,21156,.,-3.5583367,33.416702,2011,.
21157,21157,.,-3.7100635,33.94072,2011,.
21158,21158,.,-3.7100635,33.94072,2011,.
21159,21159,.,-3.7100635,33.94072,2011,.
21160,21160,.,-3.8376417,33.700005,2011,.
21161,21161,.,-3.8376417,33.700005,2011,.
21162,21162,.,-3.8376417,33.700005,2011,.
21163,21163,.,-3.8376417,33.700005,2011,.
21164,21164,.,-3.8376417,33.700005,2011,.
21165,21165,.,-3.8376417,33.700005,2011,.
21166,21166,.,-3.8376417,33.700005,2011,.
21167,21167,.,-3.8376417,33.700005,2011,.
21168,21168,.,-3.8376417,33.700005,2011,.
21169,21169,.,-1.4985536,31.076729,2011,.
21170,21170,.,-1.8142321,30.943537,2011,.
21171,21171,.,-1.8142321,30.943537,2011,.
21172,21172,.,-1.0587834,30.697008,2011,.
21173,21173,.,-1.0587834,30.697008,2011,.
21174,21174,.,-1.0587834,30.697008,2011,.
21175,21175,.,-1.5969673,31.133694,2011,.
21176,21176,.,-1.6396686,31.7208,2011,.
21177,21177,.,-2.0579627,31.455103,2011,.
21178,21178,.,-2.0579627,31.455103,2011,.
21179,21179,.,-2.0579627,31.455103,2011,.
21180,21180,.,-3.1514587,31.895754,2011,.
21181,21181,.,-3.1514587,31.895754,2011,.
21182,21182,.,-2.8861547,30.786337,2011,.
21183,21183,.,-2.8861547,30.786337,2011,.
21184,21184,.,-2.8861547,30.786337,2011,.
21185,21185,.,-2.8861547,30.786337,2011,.
21186,21186,.,-2.8861547,30.786337,2011,.
21187,21187,.,-2.8861547,30.786337,2011,.
21188,21188,.,-2.8861547,30.786337,2011,.
21189,21189,.,-2.8861547,30.786337,2011,.
21190,21190,.,-2.8295722,30.460289,2011,.
21191,21191,.,-2.4912074,30.584253,2011,.
21192,21192,.,-2.4912074,30.584253,2011,.
21193,21193,.,-2.4912074,30.584253,2011,.
21194,21194,.,-2.4912074,30.584253,2011,.
21195,21195,.,-1.3356498,31.822935,2011,.
21196,21196,.,-1.3394523,31.78772,2011,.
21197,21197,.,-2.017008,32.868282,2011,.
21198,21198,.,-2.017008,32.868282,2011,.
21199,21199,.,-2.5753543,33.034218,2011,.
21200,21200,.,-2.5753543,33.034218,2011,.
21201,21201,.,-2.62812,33.315376,2011,.
21202,21202,.,-2.5423496,33.048847,2011,.
21203,21203,.,-2.5423496,33.048847,2011,.
21204,21204,.,-2.62812,33.315376,2011,.
21205,21205,.,-2.7310474,33.615974,2011,.
21206,21206,.,-2.7310474,33.615974,2011,.
21207,21207,.,-2.7310474,33.615974,2011,.
21208,21208,.,-2.7217164,33.780293,2011,.
21209,21209,.,-2.578885,33.450165,2011,.
21210,21210,.,-2.578885,33.450165,2011,.
21211,21211,.,-6.857686,39.177525,2011,.
21212,21212,.,-2.446988,32.623127,2011,.
21213,21213,.,-3.3197806,32.973545,2011,.
21214,21214,.,-3.3197806,32.973545,2011,.
21215,21215,.,-3.3197806,32.973545,2011,.
21216,21216,.,-3.3197806,32.973545,2011,.
21217,21217,.,-3.3197806,32.973545,2011,.
21218,21218,.,-3.3197806,32.973545,2011,.
21219,21219,.,-2.3713424,32.157936,2011,.
21220,21220,.,-2.3713424,32.157936,2011,.
21221,21221,.,-2.3713424,32.157936,2011,.
21222,21222,.,-2.3713424,32.157936,2011,.
21223,21223,.,-2.3713424,32.157936,2011,.
21224,21224,.,-2.6306074,31.969933,2011,.
21225,21225,.,-2.6306074,31.969933,2011,.
21226,21226,.,-2.90026,32.239574,2011,.
21227,21227,.,-2.90026,32.239574,2011,.
21228,21228,.,-2.90026,32.239574,2011,.
21229,21229,.,-2.8096282,33.00349,2011,.
21230,21230,.,-2.8096282,33.00349,2011,.
21231,21231,.,-2.8096282,33.00349,2011,.
21232,21232,.,-2.8096282,33.00349,2011,.
21233,21233,.,-2.8096282,33.00349,2011,.
21234,21234,.,-2.4277594,32.945408,2011,.
21235,21235,.,-1.3247764,34.354973,2011,.
21236,21236,.,-1.3247764,34.354973,2011,.
21237,21237,.,-1.3247764,34.354973,2011,.
21238,21238,.,-1.3247764,34.354973,2011,.
21239,21239,.,-1.3247764,34.354973,2011,.
21240,21240,.,-1.3247764,34.354973,2011,.
21241,21241,.,-1.7065068,34.259823,2011,.
21242,21242,.,-1.7065068,34.259823,2011,.
21243,21243,.,-1.7065068,34.259823,2011,.
21244,21244,.,-1.5640861,34.073765,2011,.
21245,21245,.,-1.5640861,34.073765,2011,.
21246,21246,.,-1.8992728,33.401554,2011,.
21247,21247,.,-1.8992728,33.401554,2011,.
21248,21248,.,-1.8992728,33.401554,2011,.
21249,21249,.,-1.8992728,33.401554,2011,.
21250,21250,.,-2.0334156,33.86883,2011,.
21251,21251,.,-1.9322476,33.8546,2011,.
21252,21252,.,-1.9322476,33.8546,2011,.
21253,21253,.,-1.9322476,33.8546,2011,.
21254,21254,.,-1.9322476,33.8546,2011,.
21255,21255,.,-1.9322476,33.8546,2011,.
21256,21256,.,-1.5111719,33.771408,2011,.
21257,21257,.,-4.189873,35.699715,2011,.
21258,21258,.,-4.189873,35.699715,2011,.
21259,21259,.,-4.189873,35.699715,2011,.
21260,21260,.,-4.189873,35.699715,2011,.
21261,21261,.,-4.189873,35.699715,2011,.
21262,21262,.,-4.189873,35.699715,2011,.
21263,21263,.,-4.189873,35.699715,2011,.
21264,21264,.,-4.189873,35.699715,2011,.
21265,21265,.,-4.189873,35.699715,2011,.
21266,21266,.,-4.189873,35.699715,2011,.
21267,21267,.,-4.2255263,35.324764,2011,.
21268,21268,.,-4.2255263,35.324764,2011,.
21269,21269,.,-4.2255263,35.324764,2011,.
21270,21270,.,-4.2255263,35.324764,2011,.
21271,21271,.,-4.0726967,35.391663,2011,.
21272,21272,.,-4.0726967,35.391663,2011,.
21273,21273,.,-4.5073757,35.23749,2011,.
21274,21274,.,-4.5073757,35.23749,2011,.
21275,21275,.,-4.5073757,35.23749,2011,.
21276,21276,.,-4.5073757,35.23749,2011,.
21277,21277,.,-4.5073757,35.23749,2011,.
21278,21278,.,-4.5073757,35.23749,2011,.
21279,21279,.,-4.5073757,35.23749,2011,.
21280,21280,.,-4.5073757,35.23749,2011,.
21281,21281,.,-4.05436,35.254055,2011,.
21282,21282,.,-4.05436,35.254055,2011,.
21283,21283,.,-4.05436,35.254055,2011,.
21284,21284,.,-4.05436,35.254055,2011,.
21285,21285,.,-4.05436,35.254055,2011,.
21286,21286,.,-4.05436,35.254055,2011,.
21287,21287,.,-4.05436,35.254055,2011,.
21288,21288,.,-4.05436,35.254055,2011,.
21289,21289,.,-4.05436,35.254055,2011,.
21290,21290,.,-4.05436,35.254055,2011,.
21291,21291,.,-4.05436,35.254055,2011,.
21292,21292,.,-4.05436,35.254055,2011,.
21293,21293,.,-4.05436,35.254055,2011,.
21294,21294,.,-4.336118,36.952522,2011,.
21295,21295,.,-4.336118,36.952522,2011,.
21296,21296,.,-3.5745718,36.93854,2011,.
21297,21297,.,-3.5502446,37.01334,2011,.
21298,21298,.,-3.5502446,37.01334,2011,.
21299,21299,.,-3.5502446,37.01334,2011,.
21300,21300,.,-3.5502446,37.01334,2011,.
21301,21301,.,-3.5502446,37.01334,2011,.
21302,21302,.,-4.101962,36.447803,2011,.
21303,21303,.,-3.5815485,36.967587,2011,.
21304,21304,.,-3.5815485,36.967587,2011,.
21305,21305,.,-3.5815485,36.967587,2011,.
21306,21306,.,-3.5815485,36.967587,2011,.
21307,21307,.,-5.4791493,36.312786,2011,.
21308,21308,.,-5.4791493,36.312786,2011,.
21309,21309,.,-5.4791493,36.312786,2011,.
21310,21310,.,-5.4791493,36.312786,2011,.
21311,21311,.,-5.4791493,36.312786,2011,.
21312,21312,.,-5.4791493,36.312786,2011,.
21313,21313,.,-5.4791493,36.312786,2011,.
21314,21314,.,-5.4791493,36.312786,2011,.
21315,21315,.,-5.839815,39.286842,2011,.
21316,21316,.,-5.103385,39.634563,2011,.
21317,21317,.,-5.103385,39.634563,2011,.
21318,21318,.,-5.103385,39.634563,2011,.
21319,21319,.,-5.103385,39.634563,2011,.
21320,21320,.,-5.103385,39.634563,2011,.
21321,21321,.,-5.103385,39.634563,2011,.
21322,21322,.,-5.261963,39.790207,2011,.
56543,56543,.,-14.933333333333334,34.88333333333333,2011,.
56546,56546,.,-14.933333333333334,34.88333333333333,2011,.
56549,56549,.,-14.933333333333334,34.88333333333333,2011,.
56552,56552,.,-14.966666666666669,34.733333333333334,2011,.
56576,56576,.,-19.8,30.883333333333333,2011,.
56577,56577,.,-19.8,30.883333333333333,2011,.
56599,56599,.,-17.0,31.433333333333334,2011,.
56604,56604,.,-17.0,31.433333333333334,2011,.
56608,56608,.,-17.0,31.433333333333334,2011,.
56615,56615,.,-16.233333333333334,27.416666666666668,2011,.
56619,56619,.,-13.7,32.61666666666667,2011,.
56625,56625,.,-16.233333333333334,27.433333333333334,2011,.
56630,56630,.,-15.166666666666666,35.28333333333333,2011,.
56638,56638,.,-14.966666666666669,34.983333333333334,2011,.
56644,56644,.,-14.783333333333331,35.0,2011,.
56649,56649,.,-14.883333333333333,35.03333333333333,2011,.
56656,56656,.,-13.766666666666667,34.05,2011,.
56660,56660,.,-13.683333333333334,34.233333333333334,2011,.
56665,56665,.,-12.8,34.2,2011,.
56672,56672,.,-13.283333333333331,34.13333333333333,2011,.
56679,56679,.,-13.233333333333333,34.233333333333334,2011,.
56686,56686,.,-13.283333333333331,34.13333333333333,2011,.
56697,56697,.,-13.233333333333333,34.233333333333334,2011,.
56714,56714,.,-0.3833333333333333,37.61666666666667,2011,.
56716,56716,.,-0.3833333333333333,37.61666666666667,2011,.
56718,56718,.,-0.3833333333333333,37.61666666666667,2011,.
56722,56722,.,-0.3833333333333333,37.61666666666667,2011,.
56723,56723,.,-0.3833333333333333,37.61666666666667,2011,.
56795,56795,.,-0.8833333333333333,37.0,2011,.
56799,56799,.,-0.3333333333333333,37.63333333333333,2011,.
56860,56860,.,-0.4,37.583333333333336,2011,.
56861,56861,.,-0.4,37.583333333333336,2011,.
56864,56864,.,-0.3166666666666666,37.7,2011,.
56865,56865,.,-0.3166666666666666,37.7,2011,.
56882,56882,.,9.75,-2.5,2011,.
56884,56884,.,9.75,-2.5,2011,.
56886,56886,.,9.75,-2.5,2011,.
56902,56902,.,0.1,34.4,2011,.
56906,56906,.,0.1,34.4,2011,.
56908,56908,.,-16.233333333333334,27.433333333333334,2011,.
56914,56914,.,-19.35,34.35,2011,.
56921,56921,.,-18.1,33.2,2011,.
56927,56927,.,-18.366666666666667,33.21666666666667,2011,.
56934,56934,.,-19.0,33.71666666666667,2011,.
56939,56939,.,-14.516666666666667,34.3,2011,.
56950,56950,.,-14.333333333333334,34.3,2011,.
56953,56953,.,-14.333333333333334,34.3,2011,.
56956,56956,.,-14.333333333333334,34.3,2011,.
56959,56959,.,-14.333333333333334,34.3,2011,.
56962,56962,.,-14.333333333333334,34.3,2011,.
56965,56965,.,-13.583333333333334,33.38333333333333,2011,.
56968,56968,.,-13.583333333333334,33.38333333333333,2011,.
56971,56971,.,-13.583333333333334,33.38333333333333,2011,.
56974,56974,.,-13.583333333333334,33.38333333333333,2011,.
56977,56977,.,-13.583333333333334,33.38333333333333,2011,.
56980,56980,.,-13.233333333333333,34.233333333333334,2011,.
56983,56983,.,-13.233333333333333,34.233333333333334,2011,.
56986,56986,.,-13.233333333333333,34.233333333333334,2011,.
56989,56989,.,-13.233333333333333,34.233333333333334,2011,.
56992,56992,.,-13.233333333333333,34.233333333333334,2011,.
56994,56994,.,-14.25,33.8,2011,.
56997,56997,.,-14.25,33.8,2011,.
57000,57000,.,-14.25,33.8,2011,.
57004,57004,.,-13.216666666666669,33.2,2011,.
57008,57008,.,-13.216666666666669,33.2,2011,.
57011,57011,.,-13.216666666666669,33.2,2011,.
57013,57013,.,-12.966666666666669,33.71666666666667,2011,.
57016,57016,.,-12.966666666666669,33.71666666666667,2011,.
57020,57020,.,-15.033333333333331,34.916666666666664,2011,.
57024,57024,.,-15.033333333333331,34.916666666666664,2011,.
57028,57028,.,-15.033333333333331,34.916666666666664,2011,.
57031,57031,.,-14.866666666666667,34.71666666666667,2011,.
57035,57035,.,-14.866666666666667,34.71666666666667,2011,.
57039,57039,.,-13.733333333333333,34.45,2011,.
57042,57042,.,-13.733333333333333,34.45,2011,.
57046,57046,.,-14.616666666666667,34.3,2011,.
57050,57050,.,-14.616666666666667,34.3,2011,.
57054,57054,.,-14.616666666666667,34.3,2011,.
57056,57056,.,-14.55,34.2,2011,.
57060,57060,.,-14.55,34.2,2011,.
57063,57063,.,-14.55,34.2,2011,.
57066,57066,.,-18.53333333333333,33.983333333333334,2011,.
57070,57070,.,-18.53333333333333,33.983333333333334,2011,.
57074,57074,.,-18.53333333333333,33.983333333333334,2011,.
57077,57077,.,-19.45,33.3,2011,.
57081,57081,.,-19.45,33.3,2011,.
57085,57085,.,-19.45,33.3,2011,.
57271,57271,.,-14.933333333333334,34.88333333333333,2011,.
57274,57274,.,-14.933333333333334,34.88333333333333,2011,.
57277,57277,.,-14.933333333333334,34.88333333333333,2011,.
57280,57280,.,-14.966666666666669,34.733333333333334,2011,.
57304,57304,.,-19.8,30.883333333333333,2011,.
57305,57305,.,-19.8,30.883333333333333,2011,.
57327,57327,.,-17.0,31.433333333333334,2011,.
57332,57332,.,-17.0,31.433333333333334,2011,.
57336,57336,.,-17.0,31.433333333333334,2011,.
57343,57343,.,-16.233333333333334,27.416666666666668,2011,.
57347,57347,.,-13.7,32.61666666666667,2011,.
57353,57353,.,-16.233333333333334,27.433333333333334,2011,.
57358,57358,.,-15.166666666666666,35.28333333333333,2011,.
57366,57366,.,-14.966666666666669,34.983333333333334,2011,.
57372,57372,.,-14.783333333333331,35.0,2011,.
57377,57377,.,-14.883333333333333,35.03333333333333,2011,.
57384,57384,.,-13.766666666666667,34.05,2011,.
57388,57388,.,-13.683333333333334,34.233333333333334,2011,.
57393,57393,.,-12.8,34.2,2011,.
57400,57400,.,-13.283333333333331,34.13333333333333,2011,.
57407,57407,.,-13.233333333333333,34.233333333333334,2011,.
57414,57414,.,-13.283333333333331,34.13333333333333,2011,.
57425,57425,.,-13.233333333333333,34.233333333333334,2011,.
57442,57442,.,-0.3833333333333333,37.61666666666667,2011,.
57444,57444,.,-0.3833333333333333,37.61666666666667,2011,.
57446,57446,.,-0.3833333333333333,37.61666666666667,2011,.
57450,57450,.,-0.3833333333333333,37.61666666666667,2011,.
57451,57451,.,-0.3833333333333333,37.61666666666667,2011,.
57523,57523,.,-0.8833333333333333,37.0,2011,.
57527,57527,.,-0.3333333333333333,37.63333333333333,2011,.
57587,57587,.,-0.4,37.583333333333336,2011,.
57588,57588,.,-0.4,37.583333333333336,2011,.
57591,57591,.,-0.3166666666666666,37.7,2011,.
57592,57592,.,-0.3166666666666666,37.7,2011,.
57609,57609,.,9.75,-2.5,2011,.
57611,57611,.,9.75,-2.5,2011,.
57613,57613,.,9.75,-2.5,2011,.
57629,57629,.,0.1,34.4,2011,.
57633,57633,.,0.1,34.4,2011,.
57635,57635,.,-16.233333333333334,27.433333333333334,2011,.
57641,57641,.,-19.35,34.35,2011,.
57648,57648,.,-18.1,33.2,2011,.
57654,57654,.,-18.366666666666667,33.21666666666667,2011,.
57661,57661,.,-19.0,33.71666666666667,2011,.
57666,57666,.,-14.516666666666667,34.3,2011,.
57676,57676,.,-14.333333333333334,34.3,2011,.
57679,57679,.,-14.333333333333334,34.3,2011,.
57682,57682,.,-14.333333333333334,34.3,2011,.
57685,57685,.,-14.333333333333334,34.3,2011,.
57688,57688,.,-14.333333333333334,34.3,2011,.
57691,57691,.,-13.583333333333334,33.38333333333333,2011,.
57694,57694,.,-13.583333333333334,33.38333333333333,2011,.
57697,57697,.,-13.583333333333334,33.38333333333333,2011,.
57700,57700,.,-13.583333333333334,33.38333333333333,2011,.
57703,57703,.,-13.583333333333334,33.38333333333333,2011,.
57706,57706,.,-13.233333333333333,34.233333333333334,2011,.
57709,57709,.,-13.233333333333333,34.233333333333334,2011,.
57712,57712,.,-13.233333333333333,34.233333333333334,2011,.
57715,57715,.,-13.233333333333333,34.233333333333334,2011,.
57718,57718,.,-13.233333333333333,34.233333333333334,2011,.
57720,57720,.,-14.25,33.8,2011,.
57723,57723,.,-14.25,33.8,2011,.
57726,57726,.,-14.25,33.8,2011,.
57730,57730,.,-13.216666666666669,33.2,2011,.
57734,57734,.,-13.216666666666669,33.2,2011,.
57737,57737,.,-13.216666666666669,33.2,2011,.
57739,57739,.,-12.966666666666669,33.71666666666667,2011,.
57742,57742,.,-12.966666666666669,33.71666666666667,2011,.
57746,57746,.,-15.033333333333331,34.916666666666664,2011,.
57750,57750,.,-15.033333333333331,34.916666666666664,2011,.
57754,57754,.,-15.033333333333331,34.916666666666664,2011,.
57757,57757,.,-14.866666666666667,34.71666666666667,2011,.
57761,57761,.,-14.866666666666667,34.71666666666667,2011,.
57765,57765,.,-13.733333333333333,34.45,2011,.
57768,57768,.,-13.733333333333333,34.45,2011,.
57772,57772,.,-14.616666666666667,34.3,2011,.
57776,57776,.,-14.616666666666667,34.3,2011,.
57780,57780,.,-14.616666666666667,34.3,2011,.
57782,57782,.,-14.55,34.2,2011,.
57786,57786,.,-14.55,34.2,2011,.
57789,57789,.,-14.55,34.2,2011,.
57792,57792,.,-18.53333333333333,33.983333333333334,2011,.
57796,57796,.,-18.53333333333333,33.983333333333334,2011,.
57800,57800,.,-18.53333333333333,33.983333333333334,2011,.
57803,57803,.,-19.45,33.3,2011,.
57807,57807,.,-19.45,33.3,2011,.
57811,57811,.,-19.45,33.3,2011,.
