id,placeholder1,Lat,Lon,placeholder2
579,.,5.92433724341,6.99014119434,.
580,.,10.484650388,12.3562981682,.
581,.,10.484650388,12.3562981682,.
582,.,10.484650388,12.3562981682,.
583,.,10.484650388,12.3562981682,.
584,.,10.484650388,12.3562981682,.
585,.,10.2772898378,12.2024280508,.
586,.,10.2772898378,12.2024280508,.
587,.,6.44305604944,6.58324477885,.
588,.,6.44305604944,6.58324477885,.
589,.,6.39885088562,6.56869108498,.
590,.,6.39885088562,6.56869108498,.
591,.,6.13508730788,6.27951537976,.
592,.,6.11554285941,6.17661906842,.
593,.,6.11554285941,6.17661906842,.
594,.,6.12719827759,6.19491690513,.
595,.,9.20953725138,8.47389041737,.
596,.,9.20953725138,8.47389041737,.
597,.,10.3715897296,8.13970747612,.
598,.,10.3715897296,8.13970747612,.
599,.,12.2157681712,8.23884299654,.
600,.,12.2157681712,8.23884299654,.
601,.,12.2157681712,8.23884299654,.
602,.,11.8033644608,7.64538375781,.
603,.,8.08520331136,6.79746807593,.
604,.,8.08520331136,6.79746807593,.
605,.,8.08520331136,6.79746807593,.
606,.,7.45896346014,7.26950147266,.
607,.,7.45896346014,7.26950147266,.
608,.,7.45896346014,7.26950147266,.
609,.,7.45896346014,7.26950147266,.
610,.,7.65536420745,7.28227086573,.
611,.,7.65536420745,7.28227086573,.
612,.,7.23891062262,7.23659197226,.
613,.,7.23891062262,7.23659197226,.
614,.,7.23891062262,7.23659197226,.
615,.,7.23891062262,7.23659197226,.
616,.,7.48888422073,7.65083462038,.
617,.,8.30851254193,9.00809627385,.
618,.,9.63134879803,6.37927524336,.
619,.,9.61002863215,8.87897461467,.
620,.,9.64891389659,8.78061607023,.
621,.,9.64891389659,8.78061607023,.
622,.,9.41770026627,9.07009067276,.
623,.,9.41770026627,9.07009067276,.
624,.,9.41770026627,9.07009067276,.
625,.,9.41770026627,9.07009067276,.
626,.,9.41770026627,9.07009067276,.
627,.,9.41770026627,9.07009067276,.
628,.,9.27522623056,9.80628007393,.
629,.,9.27522623056,9.80628007393,.
630,.,9.27522623056,9.80628007393,.
631,.,9.36755145505,9.96841391353,.
632,.,9.36755145505,9.96841391353,.
633,.,9.36755145505,9.96841391353,.
634,.,9.3886144547,9.45231354926,.
635,.,9.3886144547,9.45231354926,.
636,.,9.08325008923,9.87545223454,.
637,.,9.08325008923,9.87545223454,.
638,.,9.08325008923,9.87545223454,.
639,.,9.08325008923,9.87545223454,.
640,.,9.05460716739,9.62755412848,.
641,.,9.05460716739,9.62755412848,.
642,.,9.12877805025,8.95543491536,.
643,.,9.12877805025,8.95543491536,.
644,.,9.12877805025,8.95543491536,.
645,.,9.12877805025,8.95543491536,.
646,.,9.12877805025,8.95543491536,.
647,.,8.82539956842,11.1790836584,.
648,.,8.28819697301,10.567237298,.
7807,.,9.0093694062,40.7218752036,.
7808,.,9.0093694062,40.7218752036,.
7809,.,7.8891255011,37.5456591429,.
7810,.,9.0093694062,40.7218752036,.
7811,.,9.0093694062,40.7218752036,.
7812,.,9.0093694062,40.7218752036,.
7813,.,10.081237992,34.6831901825,.
7814,.,5.98817082582,37.4387863255,.
7815,.,6.29109687243,37.4818442988,.
7816,.,13.6709932967,37.4064256501,.
7817,.,10.7927763733,37.144541492,.
7818,.,9.0093694062,40.7218752036,.
7819,.,9.55152585441,41.358379098,.
7820,.,5.98817082582,37.4387863255,.
7821,.,10.9551945389,38.2846965084,.
7822,.,10.8293373184,37.064423275,.
7823,.,9.06263842723,41.6874705216,.
7824,.,7.97698683396,37.4779072445,.
7825,.,7.73169598877,37.4985838007,.
7826,.,13.2349577336,39.1634392625,.
7827,.,11.2828210609,36.9596879306,.
7828,.,10.7206898499,39.8860291278,.
7829,.,9.38880972769,35.6143908552,.
7830,.,9.0093694062,40.7218752036,.
7831,.,9.0093694062,40.7218752036,.
7832,.,8.61492078832,34.6514363264,.
7833,.,9.55152585441,41.358379098,.
7834,.,10.4822087828,34.7861778123,.
7835,.,10.081237992,34.6831901825,.
7836,.,7.97698683396,37.4779072445,.
7837,.,7.27442629343,35.2563379766,.
7838,.,13.2349577336,39.1634392625,.
7839,.,13.2349577336,39.1634392625,.
7840,.,9.0093694062,40.7218752036,.
7841,.,9.79007481406,37.5059416726,.
7842,.,13.2349577336,39.1634392625,.
7843,.,9.38880972769,35.6143908552,.
7844,.,9.0093694062,40.7218752036,.
7845,.,9.0093694062,40.7218752036,.
7846,.,9.55152585441,41.358379098,.
7847,.,7.73169598877,37.4985838007,.
7848,.,7.73169598877,37.4985838007,.
7849,.,7.73169598877,37.4985838007,.
7850,.,14.1097608206,38.4738350524,.
7851,.,14.0859773206,38.9755077144,.
7852,.,10.5892768292,37.4615982338,.
7853,.,11.2828210609,36.9596879306,.
7854,.,10.9370696143,36.6547551047,.
7855,.,8.64302754866,37.0632145326,.
7856,.,9.0093694062,40.7218752036,.
7857,.,9.0093694062,40.7218752036,.
7858,.,9.0093694062,40.7218752036,.
7859,.,9.37406026468,41.5884594299,.
7860,.,9.37406026468,41.5884594299,.
7861,.,9.37406026468,41.5884594299,.
7862,.,8.6361010406,38.1519350254,.
7863,.,10.4822087828,34.7861778123,.
7864,.,10.4822087828,34.7861778123,.
7865,.,6.94992604668,37.8864940524,.
7866,.,9.37107710036,42.1031932694,.
7867,.,9.33726350871,42.2004270507,.
7868,.,11.2828210609,36.9596879306,.
7869,.,9.62033298025,34.5342648788,.
7870,.,9.62033298025,34.5342648788,.
7871,.,7.37676330298,37.8935648714,.
7872,.,9.0093694062,40.7218752036,.
7873,.,13.6709932967,37.4064256501,.
7874,.,10.0165864149,38.2492265926,.
7875,.,10.0165864149,38.2492265926,.
7876,.,8.72717898314,39.1876998149,.
7877,.,9.0093694062,40.7218752036,.
7878,.,9.37406026468,41.5884594299,.
7879,.,9.37406026468,41.5884594299,.
7880,.,9.37406026468,41.5884594299,.
7881,.,8.6361010406,38.1519350254,.
7882,.,8.6361010406,38.1519350254,.
7883,.,9.79007481406,37.5059416726,.
7884,.,10.4822087828,34.7861778123,.
7885,.,10.4822087828,34.7861778123,.
7886,.,10.4822087828,34.7861778123,.
7887,.,8.16863199454,38.6464528783,.
7888,.,6.90210116638,37.7348762189,.
7889,.,7.30240486926,35.1983637711,.
7890,.,7.30240486926,35.1983637711,.
7891,.,9.37107710036,42.1031932694,.
7892,.,9.37107710036,42.1031932694,.
7893,.,9.37107710036,42.1031932694,.
7894,.,9.26445855436,42.1477441163,.
7895,.,5.98817082582,37.4387863255,.
7896,.,7.97698683396,37.4779072445,.
7897,.,7.97698683396,37.4779072445,.
7898,.,7.97698683396,37.4779072445,.
7899,.,7.97698683396,37.4779072445,.
7900,.,7.97698683396,37.4779072445,.
7901,.,7.73169598877,37.4985838007,.
7902,.,14.0859773206,38.9755077144,.
7903,.,13.2058110304,37.7876552215,.
7904,.,11.6514708203,37.1032812474,.
7905,.,11.6514708203,37.1032812474,.
7906,.,10.5773759639,37.0449675094,.
7907,.,8.7688653041,35.5671754136,.
7908,.,10.0165864149,38.2492265926,.
7909,.,9.8912342367,38.3744314394,.
7910,.,9.37406026468,41.5884594299,.
7911,.,9.37406026468,41.5884594299,.
7912,.,9.37406026468,41.5884594299,.
7913,.,9.37406026468,41.5884594299,.
7914,.,9.37406026468,41.5884594299,.
7915,.,9.37406026468,41.5884594299,.
7916,.,9.37406026468,41.5884594299,.
7917,.,9.37406026468,41.5884594299,.
7918,.,9.37406026468,41.5884594299,.
7919,.,9.37406026468,41.5884594299,.
7920,.,9.37406026468,41.5884594299,.
7921,.,9.37406026468,41.5884594299,.
7922,.,9.37406026468,41.5884594299,.
7923,.,9.40053953262,42.8585260119,.
7924,.,10.4822087828,34.7861778123,.
7925,.,10.081237992,34.6831901825,.
7926,.,9.73443000378,34.7285555289,.
7927,.,10.1813677297,35.281505142,.
7928,.,9.62033298025,34.5342648788,.
7929,.,9.62033298025,34.5342648788,.
7930,.,9.62033298025,34.5342648788,.
7931,.,9.62033298025,34.5342648788,.
7932,.,8.16863199454,38.6464528783,.
7933,.,7.6926289959,37.7336160957,.
7934,.,7.6926289959,37.7336160957,.
7935,.,7.6926289959,37.7336160957,.
7936,.,6.94992604668,37.8864940524,.
7937,.,9.37107710036,42.1031932694,.
7938,.,9.31507331624,42.1446521473,.
7939,.,10.5892768292,37.4615982338,.
7940,.,11.2828210609,36.9596879306,.
7941,.,8.7688653041,35.5671754136,.
7942,.,9.84708661386,36.3422982077,.
7943,.,8.6536780825,36.6077474888,.
7944,.,8.66161555833,35.6426976235,.
7945,.,7.54783077574,37.0818248622,.
7946,.,8.68349171525,38.8054367657,.
7947,.,9.39557531186,41.9957488101,.
7948,.,7.26850368689,38.6020916798,.
7949,.,7.26850368689,38.6020916798,.
7950,.,9.79007481406,37.5059416726,.
7951,.,10.4822087828,34.7861778123,.
7952,.,10.4822087828,34.7861778123,.
7953,.,9.62033298025,34.5342648788,.
7954,.,7.8891255011,37.5456591429,.
7955,.,7.8891255011,37.5456591429,.
7956,.,5.49534488804,37.5518429316,.
7957,.,6.36391514169,36.5892168406,.
7958,.,9.37107710036,42.1031932694,.
7959,.,9.37107710036,42.1031932694,.
7960,.,9.37107710036,42.1031932694,.
7961,.,9.33726350871,42.2004270507,.
7962,.,9.33726350871,42.2004270507,.
7963,.,9.3102972075,42.1842178725,.
7964,.,9.3102972075,42.1842178725,.
7965,.,9.3102972075,42.1842178725,.
7966,.,9.26445855436,42.1477441163,.
7967,.,9.26445855436,42.1477441163,.
7968,.,9.26445855436,42.1477441163,.
7969,.,9.26445855436,42.1477441163,.
7970,.,13.4774390358,37.121337842,.
7971,.,10.5794319268,37.798498412,.
7972,.,10.0165864149,38.2492265926,.
7973,.,9.0093694062,40.7218752036,.
7974,.,9.0093694062,40.7218752036,.
7975,.,9.37406026468,41.5884594299,.
7976,.,9.37406026468,41.5884594299,.
7977,.,9.37406026468,41.5884594299,.
7978,.,8.6361010406,38.1519350254,.
7979,.,7.26850368689,38.6020916798,.
7980,.,7.26850368689,38.6020916798,.
7981,.,11.3323287202,36.2720183518,.
7982,.,9.62033298025,34.5342648788,.
7983,.,7.37676330298,37.8935648714,.
7984,.,7.442807492,37.8659104876,.
7985,.,6.13878361273,38.2843372409,.
7986,.,6.2600677475,35.2645547968,.
7987,.,9.36029530834,42.0920688567,.
7988,.,9.0093694062,40.7218752036,.
7989,.,9.0093694062,40.7218752036,.
7990,.,7.97698683396,37.4779072445,.
7991,.,7.97698683396,37.4779072445,.
7992,.,14.353816185,37.890876313,.
7993,.,14.353816185,37.890876313,.
7994,.,10.4180717415,38.1697121297,.
7995,.,8.57190296323,40.3175172324,.
7996,.,9.0093694062,40.7218752036,.
7997,.,9.0093694062,40.7218752036,.
7998,.,9.37406026468,41.5884594299,.
7999,.,9.37406026468,41.5884594299,.
8000,.,9.37406026468,41.5884594299,.
8001,.,9.37406026468,41.5884594299,.
8002,.,9.37406026468,41.5884594299,.
8003,.,9.37406026468,41.5884594299,.
8004,.,9.37406026468,41.5884594299,.
8005,.,9.40053953262,42.8585260119,.
8006,.,9.62033298025,34.5342648788,.
8007,.,9.62033298025,34.5342648788,.
8008,.,7.6926289959,37.7336160957,.
8009,.,5.74709706037,37.8508868358,.
8010,.,9.0093694062,40.7218752036,.
8011,.,9.62033298025,34.5342648788,.
8012,.,6.13878361273,38.2843372409,.
8013,.,14.0859773206,38.9755077144,.
8014,.,13.4774390358,37.121337842,.
8015,.,13.4774390358,37.121337842,.
8016,.,13.2058110304,37.7876552215,.
8017,.,13.2058110304,37.7876552215,.
8018,.,13.2058110304,37.7876552215,.
8019,.,9.83705860887,34.9150151529,.
8020,.,9.07702977605,35.6156340346,.
8021,.,9.07702977605,35.6156340346,.
8022,.,8.6536780825,36.6077474888,.
8023,.,8.16979824749,35.6406321333,.
8024,.,7.54783077574,37.0818248622,.
8025,.,9.8912342367,38.3744314394,.
8026,.,9.8912342367,38.3744314394,.
8027,.,9.8912342367,38.3744314394,.
8028,.,9.8912342367,38.3744314394,.
8029,.,9.8912342367,38.3744314394,.
8030,.,9.0093694062,40.7218752036,.
8031,.,9.37406026468,41.5884594299,.
8032,.,9.37406026468,41.5884594299,.
8033,.,9.37406026468,41.5884594299,.
8034,.,8.6361010406,38.1519350254,.
8035,.,8.6361010406,38.1519350254,.
8036,.,8.6361010406,38.1519350254,.
8037,.,7.26850368689,38.6020916798,.
8038,.,8.61492078832,34.6514363264,.
8039,.,9.79007481406,37.5059416726,.
8040,.,9.79007481406,37.5059416726,.
8041,.,9.79007481406,37.5059416726,.
8042,.,11.3323287202,36.2720183518,.
8043,.,10.4822087828,34.7861778123,.
8044,.,10.4822087828,34.7861778123,.
8045,.,10.4822087828,34.7861778123,.
8046,.,9.73443000378,34.7285555289,.
8047,.,9.39137371981,36.2194348147,.
8048,.,9.36663445547,36.2748855694,.
8049,.,9.39137371981,36.2194348147,.
8050,.,9.39137371981,36.2194348147,.
8051,.,9.62033298025,34.5342648788,.
8052,.,9.62033298025,34.5342648788,.
8053,.,9.62033298025,34.5342648788,.
8054,.,9.62033298025,34.5342648788,.
8055,.,9.62033298025,34.5342648788,.
8056,.,7.6926289959,37.7336160957,.
8057,.,7.37676330298,37.8935648714,.
8058,.,7.442807492,37.8659104876,.
8059,.,6.94992604668,37.8864940524,.
8060,.,6.94992604668,37.8864940524,.
8061,.,6.94992604668,37.8864940524,.
8062,.,7.97698683396,37.4779072445,.
8063,.,7.97698683396,37.4779072445,.
8064,.,7.97698683396,37.4779072445,.
8065,.,7.97698683396,37.4779072445,.
8066,.,7.8891255011,37.5456591429,.
8067,.,5.60315524467,37.6030634072,.
8068,.,5.60315524467,37.6030634072,.
8069,.,6.36391514169,36.5892168406,.
8070,.,9.0093694062,40.7218752036,.
8071,.,9.55152585441,41.358379098,.
8072,.,7.8891255011,37.5456591429,.
8073,.,9.55152585441,41.358379098,.
8074,.,9.0093694062,40.7218752036,.
8075,.,9.39137371981,36.2194348147,.
8076,.,9.62033298025,34.5342648788,.
8077,.,9.37406026468,41.5884594299,.
8078,.,9.37406026468,41.5884594299,.
8079,.,8.6361010406,38.1519350254,.
8080,.,8.6361010406,38.1519350254,.
8081,.,10.4822087828,34.7861778123,.
8082,.,7.37676330298,37.8935648714,.
8083,.,7.37676330298,37.8935648714,.
8084,.,9.36029530834,42.0920688567,.
8085,.,9.36029530834,42.0920688567,.
8086,.,9.0093694062,40.7218752036,.
8087,.,9.37406026468,41.5884594299,.
8088,.,9.37406026468,41.5884594299,.
8089,.,9.62033298025,34.5342648788,.
8090,.,9.62033298025,34.5342648788,.
8091,.,14.353816185,37.890876313,.
8092,.,14.2885896726,38.210251919,.
8093,.,14.2885896726,38.210251919,.
8094,.,14.0872350664,37.5015263838,.
8095,.,13.5160575022,37.6273155648,.
8096,.,13.5160575022,37.6273155648,.
8097,.,13.2057013494,37.8511140761,.
8098,.,12.0498233904,37.8003237608,.
8099,.,12.0498233904,37.8003237608,.
8100,.,10.4180717415,38.1697121297,.
8101,.,9.99190626942,37.6925527139,.
8102,.,9.99190626942,37.6925527139,.
8103,.,9.99190626942,37.6925527139,.
8104,.,10.5794319268,37.798498412,.
8105,.,10.5794319268,37.798498412,.
8106,.,10.5794319268,37.798498412,.
8107,.,10.5794319268,37.798498412,.
8108,.,10.5794319268,37.798498412,.
8109,.,10.5794319268,37.798498412,.
8110,.,11.6514708203,37.1032812474,.
8111,.,11.6514708203,37.1032812474,.
8112,.,11.6514708203,37.1032812474,.
8113,.,11.6514708203,37.1032812474,.
8114,.,11.6514708203,37.1032812474,.
8115,.,11.6514708203,37.1032812474,.
8116,.,11.6514708203,37.1032812474,.
8117,.,11.6514708203,37.1032812474,.
8118,.,11.6514708203,37.1032812474,.
8119,.,11.6514708203,37.1032812474,.
8120,.,10.7927763733,37.144541492,.
8121,.,10.7927763733,37.144541492,.
8122,.,10.7927763733,37.144541492,.
8123,.,10.7927763733,37.144541492,.
8124,.,10.5892768292,37.4615982338,.
8125,.,11.2828210609,36.9596879306,.
8126,.,11.2828210609,36.9596879306,.
8127,.,11.2828210609,36.9596879306,.
8128,.,11.2828210609,36.9596879306,.
8129,.,11.1913400617,36.9496969313,.
8130,.,11.1913400617,36.9496969313,.
8131,.,10.8293373184,37.064423275,.
8132,.,10.9370696143,36.6547551047,.
8133,.,10.9370696143,36.6547551047,.
8134,.,10.9370696143,36.6547551047,.
8135,.,11.0636624461,37.0703789795,.
8136,.,11.0636624461,37.0703789795,.
8137,.,11.0636624461,37.0703789795,.
8138,.,11.0636624461,37.0703789795,.
8139,.,11.0636624461,37.0703789795,.
8140,.,11.0636624461,37.0703789795,.
8141,.,11.0636624461,37.0703789795,.
8142,.,11.0636624461,37.0703789795,.
8143,.,11.0636624461,37.0703789795,.
8144,.,11.0636624461,37.0703789795,.
8145,.,11.0636624461,37.0703789795,.
8146,.,11.0636624461,37.0703789795,.
8147,.,9.83705860887,34.9150151529,.
8148,.,9.83705860887,34.9150151529,.
8149,.,9.83705860887,34.9150151529,.
8150,.,9.83705860887,34.9150151529,.
8151,.,9.35810274536,35.5751653852,.
8152,.,9.07702977605,35.6156340346,.
8153,.,9.07702977605,35.6156340346,.
8154,.,9.07702977605,35.6156340346,.
8155,.,9.07702977605,35.6156340346,.
8156,.,9.38880972769,35.6143908552,.
8157,.,9.38880972769,35.6143908552,.
8158,.,8.7688653041,35.5671754136,.
8159,.,9.84708661386,36.3422982077,.
8160,.,9.84708661386,36.3422982077,.
8161,.,9.0308423142,36.4037942076,.
8162,.,9.0308423142,36.4037942076,.
8163,.,8.6536780825,36.6077474888,.
8164,.,8.6536780825,36.6077474888,.
8165,.,8.66161555833,35.6426976235,.
8166,.,8.66161555833,35.6426976235,.
8167,.,8.18930636005,36.4699847397,.
8168,.,8.18930636005,36.4699847397,.
8169,.,8.18930636005,36.4699847397,.
8170,.,8.16979824749,35.6406321333,.
8171,.,8.16979824749,35.6406321333,.
8172,.,8.16979824749,35.6406321333,.
8173,.,8.16979824749,35.6406321333,.
8174,.,8.16979824749,35.6406321333,.
8175,.,8.16979824749,35.6406321333,.
8176,.,8.64302754866,37.0632145326,.
8177,.,8.64302754866,37.0632145326,.
8178,.,8.64302754866,37.0632145326,.
8179,.,8.64302754866,37.0632145326,.
8180,.,8.64302754866,37.0632145326,.
8181,.,7.66912376181,36.92553529,.
8182,.,7.66912376181,36.92553529,.
8183,.,7.54783077574,37.0818248622,.
8184,.,7.54783077574,37.0818248622,.
8185,.,7.47556744642,36.4429756569,.
8186,.,8.46646303095,37.4369214482,.
8187,.,8.46646303095,37.4369214482,.
8188,.,8.73814791477,39.840529416,.
8189,.,8.11332653211,38.7753045688,.
8190,.,8.68349171525,38.8054367657,.
8191,.,8.68349171525,38.8054367657,.
8192,.,8.08842299138,39.0349251986,.
8193,.,8.08842299138,39.0349251986,.
8194,.,8.08842299138,39.0349251986,.
8195,.,8.08842299138,39.0349251986,.
8196,.,8.08842299138,39.0349251986,.
8197,.,8.08842299138,39.0349251986,.
8198,.,7.58861044429,39.7945944298,.
8199,.,8.65230864709,40.6178499401,.
8200,.,8.65230864709,40.6178499401,.
8201,.,8.65230864709,40.6178499401,.
8202,.,8.65230864709,40.6178499401,.
8203,.,8.65230864709,40.6178499401,.
8204,.,8.65230864709,40.6178499401,.
8205,.,9.0093694062,40.7218752036,.
8206,.,9.0093694062,40.7218752036,.
8207,.,9.37406026468,41.5884594299,.
8208,.,9.37406026468,41.5884594299,.
8209,.,9.37406026468,41.5884594299,.
8210,.,9.37406026468,41.5884594299,.
8211,.,9.37406026468,41.5884594299,.
8212,.,9.37406026468,41.5884594299,.
8213,.,8.72042840438,37.9114568164,.
8214,.,8.6361010406,38.1519350254,.
8215,.,6.02435784991,38.3413616597,.
8216,.,6.02435784991,38.3413616597,.
8217,.,7.34918791893,38.8049340076,.
8218,.,7.34918791893,38.8049340076,.
8219,.,7.26850368689,38.6020916798,.
8220,.,7.26850368689,38.6020916798,.
8221,.,7.26850368689,38.6020916798,.
8222,.,7.26850368689,38.6020916798,.
8223,.,7.26850368689,38.6020916798,.
8224,.,7.26850368689,38.6020916798,.
8225,.,7.26850368689,38.6020916798,.
8226,.,7.26850368689,38.6020916798,.
8227,.,8.61492078832,34.6514363264,.
8228,.,8.61492078832,34.6514363264,.
8229,.,8.61492078832,34.6514363264,.
8230,.,9.79007481406,37.5059416726,.
8231,.,9.79007481406,37.5059416726,.
8232,.,11.3323287202,36.2720183518,.
8233,.,10.5023759921,36.0048077152,.
8234,.,10.4822087828,34.7861778123,.
8235,.,10.081237992,34.6831901825,.
8236,.,10.081237992,34.6831901825,.
8237,.,10.081237992,34.6831901825,.
8238,.,10.081237992,34.6831901825,.
8239,.,10.081237992,34.6831901825,.
8240,.,10.081237992,34.6831901825,.
8241,.,10.081237992,34.6831901825,.
8242,.,10.081237992,34.6831901825,.
8243,.,9.73443000378,34.7285555289,.
8244,.,9.74422788621,34.7872968911,.
8245,.,9.74422788621,34.7872968911,.
8246,.,9.74422788621,34.7872968911,.
8247,.,9.74422788621,34.7872968911,.
8248,.,9.74422788621,34.7872968911,.
8249,.,9.74422788621,34.7872968911,.
8250,.,9.74422788621,34.7872968911,.
8251,.,9.74422788621,34.7872968911,.
8252,.,10.1813677297,35.281505142,.
8253,.,9.39137371981,36.2194348147,.
8254,.,9.39137371981,36.2194348147,.
8255,.,9.62033298025,34.5342648788,.
8256,.,9.62033298025,34.5342648788,.
8257,.,9.62033298025,34.5342648788,.
8258,.,9.62033298025,34.5342648788,.
8259,.,9.62033298025,34.5342648788,.
8260,.,9.62033298025,34.5342648788,.
8261,.,9.62033298025,34.5342648788,.
8262,.,9.47651243141,34.4209015528,.
8263,.,9.47651243141,34.4209015528,.
8264,.,9.47651243141,34.4209015528,.
8265,.,9.47651243141,34.4209015528,.
8266,.,8.16863199454,38.6464528783,.
8267,.,8.16863199454,38.6464528783,.
8268,.,8.16863199454,38.6464528783,.
8269,.,8.16863199454,38.6464528783,.
8270,.,8.16863199454,38.6464528783,.
8271,.,8.16863199454,38.6464528783,.
8272,.,8.16863199454,38.6464528783,.
8273,.,8.16863199454,38.6464528783,.
8274,.,7.6926289959,37.7336160957,.
8275,.,7.6926289959,37.7336160957,.
8276,.,7.70538466173,37.6505389613,.
8277,.,7.51326045706,37.6461378355,.
8278,.,7.51326045706,37.6461378355,.
8279,.,7.51326045706,37.6461378355,.
8280,.,7.51326045706,37.6461378355,.
8281,.,7.37676330298,37.8935648714,.
8282,.,7.37676330298,37.8935648714,.
8283,.,7.37676330298,37.8935648714,.
8284,.,7.442807492,37.8659104876,.
8285,.,6.93084850884,38.595896045,.
8286,.,6.93084850884,38.595896045,.
8287,.,6.94992604668,37.8864940524,.
8288,.,5.83633941337,36.6070302097,.
8289,.,7.31318183469,36.5951905108,.
8290,.,7.31318183469,36.5951905108,.
8291,.,7.31318183469,36.5951905108,.
8292,.,7.11090917192,36.4669773812,.
8293,.,7.97698683396,37.4779072445,.
8294,.,7.97698683396,37.4779072445,.
8295,.,7.97698683396,37.4779072445,.
8296,.,7.97698683396,37.4779072445,.
8297,.,7.8891255011,37.5456591429,.
8298,.,5.74709706037,37.8508868358,.
8299,.,5.60315524467,37.6030634072,.
8300,.,5.60315524467,37.6030634072,.
8301,.,5.60315524467,37.6030634072,.
8302,.,7.14637860111,36.8971397399,.
8303,.,7.14637860111,36.8971397399,.
8304,.,7.09924325001,37.128257018,.
8305,.,6.36391514169,36.5892168406,.
8306,.,6.2656349463,36.6109388136,.
8307,.,6.2656349463,36.6109388136,.
8308,.,6.2656349463,36.6109388136,.
8309,.,8.07578959014,38.4395969167,.
8310,.,8.07578959014,38.4395969167,.
8311,.,8.07578959014,38.4395969167,.
8312,.,7.79120996652,38.3295082817,.
8313,.,7.79120996652,38.3295082817,.
8314,.,7.65816033645,38.0946319154,.
8315,.,7.65816033645,38.0946319154,.
8316,.,7.65816033645,38.0946319154,.
8317,.,7.65816033645,38.0946319154,.
8318,.,7.65816033645,38.0946319154,.
8319,.,7.65816033645,38.0946319154,.
8320,.,7.40568344221,38.0810753873,.
8321,.,7.40568344221,38.0810753873,.
8322,.,7.83013692022,34.5080541478,.
8323,.,8.39200458575,33.4683567701,.
8324,.,7.25810515348,35.3135608448,.
8325,.,7.37676330298,37.8935648714,.
8326,.,9.55152585441,41.358379098,.
8327,.,10.0245110384,39.2131652933,.
8328,.,7.58861044429,39.7945944298,.
8329,.,8.61492078832,34.6514363264,.
8330,.,9.73443000378,34.7285555289,.
8331,.,8.66161555833,35.6426976235,.
8332,.,9.36029530834,42.0920688567,.
8333,.,13.5160575022,37.6273155648,.
8334,.,11.2828210609,36.9596879306,.
8335,.,11.2828210609,36.9596879306,.
8336,.,11.2828210609,36.9596879306,.
8337,.,11.2828210609,36.9596879306,.
8338,.,9.83705860887,34.9150151529,.
8339,.,9.83705860887,34.9150151529,.
8340,.,9.07702977605,35.6156340346,.
8341,.,9.07702977605,35.6156340346,.
8342,.,9.07702977605,35.6156340346,.
8343,.,9.07702977605,35.6156340346,.
8344,.,9.84708661386,36.3422982077,.
8345,.,9.84708661386,36.3422982077,.
8346,.,8.16979824749,35.6406321333,.
8347,.,8.16979824749,35.6406321333,.
8348,.,7.54783077574,37.0818248622,.
8349,.,7.54783077574,37.0818248622,.
8350,.,9.37406026468,41.5884594299,.
8351,.,9.37406026468,41.5884594299,.
8352,.,8.6361010406,38.1519350254,.
8353,.,9.39137371981,36.2194348147,.
8354,.,9.62033298025,34.5342648788,.
8355,.,9.62033298025,34.5342648788,.
8356,.,9.62033298025,34.5342648788,.
8357,.,9.62033298025,34.5342648788,.
8358,.,9.47651243141,34.4209015528,.
8359,.,9.47651243141,34.4209015528,.
8360,.,7.51326045706,37.6461378355,.
8361,.,6.90210116638,37.7348762189,.
8362,.,7.31318183469,36.5951905108,.
8363,.,7.73169598877,37.4985838007,.
8364,.,9.0093694062,40.7218752036,.
8365,.,14.2885896726,38.210251919,.
8366,.,14.2885896726,38.210251919,.
8367,.,14.2885896726,38.210251919,.
8368,.,13.8440840301,38.4803250395,.
8369,.,14.0872350664,37.5015263838,.
8370,.,13.5160575022,37.6273155648,.
8371,.,12.0498233904,37.8003237608,.
8372,.,12.0498233904,37.8003237608,.
8373,.,12.0498233904,37.8003237608,.
8374,.,12.0498233904,37.8003237608,.
8375,.,12.0498233904,37.8003237608,.
8376,.,9.99190626942,37.6925527139,.
8377,.,9.99190626942,37.6925527139,.
8378,.,9.99190626942,37.6925527139,.
8379,.,9.99190626942,37.6925527139,.
8380,.,10.5794319268,37.798498412,.
8381,.,10.5794319268,37.798498412,.
8382,.,10.5794319268,37.798498412,.
8383,.,11.6514708203,37.1032812474,.
8384,.,11.6514708203,37.1032812474,.
8385,.,11.6514708203,37.1032812474,.
8386,.,11.6514708203,37.1032812474,.
8387,.,11.3962743181,37.042616257,.
8388,.,10.7927763733,37.144541492,.
8389,.,10.7927763733,37.144541492,.
8390,.,10.7927763733,37.144541492,.
8391,.,10.7927763733,37.144541492,.
8392,.,10.7927763733,37.144541492,.
8393,.,10.7927763733,37.144541492,.
8394,.,10.7927763733,37.144541492,.
8395,.,10.7927763733,37.144541492,.
8396,.,10.7927763733,37.144541492,.
8397,.,10.5892768292,37.4615982338,.
8398,.,10.5892768292,37.4615982338,.
8399,.,10.5892768292,37.4615982338,.
8400,.,10.5773759639,37.0449675094,.
8401,.,11.2828210609,36.9596879306,.
8402,.,11.2828210609,36.9596879306,.
8403,.,11.2828210609,36.9596879306,.
8404,.,11.2828210609,36.9596879306,.
8405,.,11.1913400617,36.9496969313,.
8406,.,10.8293373184,37.064423275,.
8407,.,10.9370696143,36.6547551047,.
8408,.,10.9370696143,36.6547551047,.
8409,.,11.0636624461,37.0703789795,.
8410,.,11.0636624461,37.0703789795,.
8411,.,11.0636624461,37.0703789795,.
8412,.,9.83705860887,34.9150151529,.
8413,.,9.83705860887,34.9150151529,.
8414,.,9.83705860887,34.9150151529,.
8415,.,9.07702977605,35.6156340346,.
8416,.,9.07702977605,35.6156340346,.
8417,.,9.07702977605,35.6156340346,.
8418,.,9.07702977605,35.6156340346,.
8419,.,9.07702977605,35.6156340346,.
8420,.,9.07702977605,35.6156340346,.
8421,.,9.07702977605,35.6156340346,.
8422,.,9.07702977605,35.6156340346,.
8423,.,9.07702977605,35.6156340346,.
8424,.,9.07702977605,35.6156340346,.
8425,.,9.07702977605,35.6156340346,.
8426,.,9.38880972769,35.6143908552,.
8427,.,9.0308423142,36.4037942076,.
8428,.,9.0308423142,36.4037942076,.
8429,.,8.6536780825,36.6077474888,.
8430,.,8.6536780825,36.6077474888,.
8431,.,8.6536780825,36.6077474888,.
8432,.,8.6536780825,36.6077474888,.
8433,.,8.6536780825,36.6077474888,.
8434,.,8.6536780825,36.6077474888,.
8435,.,8.66161555833,35.6426976235,.
8436,.,8.66161555833,35.6426976235,.
8437,.,8.66161555833,35.6426976235,.
8438,.,8.66161555833,35.6426976235,.
8439,.,8.66161555833,35.6426976235,.
8440,.,8.66161555833,35.6426976235,.
8441,.,8.18930636005,36.4699847397,.
8442,.,8.16979824749,35.6406321333,.
8443,.,8.16979824749,35.6406321333,.
8444,.,8.16979824749,35.6406321333,.
8445,.,8.16979824749,35.6406321333,.
8446,.,8.16979824749,35.6406321333,.
8447,.,8.16979824749,35.6406321333,.
8448,.,8.16979824749,35.6406321333,.
8449,.,8.16979824749,35.6406321333,.
8450,.,8.64302754866,37.0632145326,.
8451,.,7.66912376181,36.92553529,.
8452,.,7.66912376181,36.92553529,.
8453,.,7.66912376181,36.92553529,.
8454,.,7.66912376181,36.92553529,.
8455,.,7.66912376181,36.92553529,.
8456,.,7.66912376181,36.92553529,.
8457,.,7.66912376181,36.92553529,.
8458,.,7.66912376181,36.92553529,.
8459,.,7.54783077574,37.0818248622,.
8460,.,7.54783077574,37.0818248622,.
8461,.,7.54783077574,37.0818248622,.
8462,.,7.54783077574,37.0818248622,.
8463,.,8.46646303095,37.4369214482,.
8464,.,8.11332653211,38.7753045688,.
8465,.,8.11332653211,38.7753045688,.
8466,.,8.08842299138,39.0349251986,.
8467,.,8.65230864709,40.6178499401,.
8468,.,8.65230864709,40.6178499401,.
8469,.,8.65230864709,40.6178499401,.
8470,.,8.65230864709,40.6178499401,.
8471,.,8.65230864709,40.6178499401,.
8472,.,8.65230864709,40.6178499401,.
8473,.,8.65230864709,40.6178499401,.
8474,.,8.65230864709,40.6178499401,.
8475,.,8.65230864709,40.6178499401,.
8476,.,8.65230864709,40.6178499401,.
8477,.,9.37406026468,41.5884594299,.
8478,.,9.37406026468,41.5884594299,.
8479,.,9.37406026468,41.5884594299,.
8480,.,9.37406026468,41.5884594299,.
8481,.,8.6361010406,38.1519350254,.
8482,.,6.02435784991,38.3413616597,.
8483,.,7.34918791893,38.8049340076,.
8484,.,7.34918791893,38.8049340076,.
8485,.,7.26850368689,38.6020916798,.
8486,.,7.26850368689,38.6020916798,.
8487,.,8.61492078832,34.6514363264,.
8488,.,8.61492078832,34.6514363264,.
8489,.,8.61492078832,34.6514363264,.
8490,.,8.61492078832,34.6514363264,.
8491,.,8.61492078832,34.6514363264,.
8492,.,8.61492078832,34.6514363264,.
8493,.,8.61492078832,34.6514363264,.
8494,.,8.61492078832,34.6514363264,.
8495,.,8.61492078832,34.6514363264,.
8496,.,9.79007481406,37.5059416726,.
8497,.,9.79007481406,37.5059416726,.
8498,.,11.3323287202,36.2720183518,.
8499,.,11.3323287202,36.2720183518,.
8500,.,11.3323287202,36.2720183518,.
8501,.,11.3323287202,36.2720183518,.
8502,.,11.3323287202,36.2720183518,.
8503,.,11.115608637,36.3763433187,.
8504,.,11.115608637,36.3763433187,.
8505,.,10.081237992,34.6831901825,.
8506,.,10.081237992,34.6831901825,.
8507,.,10.081237992,34.6831901825,.
8508,.,10.081237992,34.6831901825,.
8509,.,10.081237992,34.6831901825,.
8510,.,9.74422788621,34.7872968911,.
8511,.,9.74422788621,34.7872968911,.
8512,.,9.74422788621,34.7872968911,.
8513,.,9.74422788621,34.7872968911,.
8514,.,9.74422788621,34.7872968911,.
8515,.,9.74422788621,34.7872968911,.
8516,.,9.74422788621,34.7872968911,.
8517,.,9.74422788621,34.7872968911,.
8518,.,9.62033298025,34.5342648788,.
8519,.,9.62033298025,34.5342648788,.
8520,.,9.62033298025,34.5342648788,.
8521,.,9.47651243141,34.4209015528,.
8522,.,9.47651243141,34.4209015528,.
8523,.,9.47651243141,34.4209015528,.
8524,.,8.16863199454,38.6464528783,.
8525,.,7.6926289959,37.7336160957,.
8526,.,7.70538466173,37.6505389613,.
8527,.,7.51326045706,37.6461378355,.
8528,.,7.37676330298,37.8935648714,.
8529,.,7.37676330298,37.8935648714,.
8530,.,7.37676330298,37.8935648714,.
8531,.,7.37676330298,37.8935648714,.
8532,.,7.37676330298,37.8935648714,.
8533,.,7.37676330298,37.8935648714,.
8534,.,7.37676330298,37.8935648714,.
8535,.,5.83633941337,36.6070302097,.
8536,.,7.31318183469,36.5951905108,.
8537,.,7.97698683396,37.4779072445,.
8538,.,7.97698683396,37.4779072445,.
8539,.,7.97698683396,37.4779072445,.
8540,.,7.97698683396,37.4779072445,.
8541,.,7.97698683396,37.4779072445,.
8542,.,7.97698683396,37.4779072445,.
8543,.,7.8891255011,37.5456591429,.
8544,.,7.8891255011,37.5456591429,.
8545,.,5.85184911518,37.8832189758,.
8546,.,5.74709706037,37.8508868358,.
8547,.,5.60315524467,37.6030634072,.
8548,.,7.14637860111,36.8971397399,.
8549,.,7.09924325001,37.128257018,.
8550,.,6.36391514169,36.5892168406,.
8551,.,6.36391514169,36.5892168406,.
8552,.,7.15974968202,36.836041539,.
8553,.,8.07578959014,38.4395969167,.
8554,.,8.07578959014,38.4395969167,.
8555,.,8.07578959014,38.4395969167,.
8556,.,8.07578959014,38.4395969167,.
8557,.,8.07578959014,38.4395969167,.
8558,.,8.07578959014,38.4395969167,.
8559,.,8.07578959014,38.4395969167,.
8560,.,8.07578959014,38.4395969167,.
8561,.,7.79120996652,38.3295082817,.
8562,.,7.79120996652,38.3295082817,.
8563,.,7.79120996652,38.3295082817,.
8564,.,7.79120996652,38.3295082817,.
8565,.,7.79120996652,38.3295082817,.
8566,.,7.79120996652,38.3295082817,.
8567,.,7.79120996652,38.3295082817,.
8568,.,7.65816033645,38.0946319154,.
8569,.,7.65816033645,38.0946319154,.
8570,.,7.65816033645,38.0946319154,.
8571,.,7.65816033645,38.0946319154,.
8572,.,7.65816033645,38.0946319154,.
8573,.,7.65816033645,38.0946319154,.
8574,.,7.65816033645,38.0946319154,.
8575,.,7.65816033645,38.0946319154,.
8576,.,7.65816033645,38.0946319154,.
8577,.,7.40568344221,38.0810753873,.
8578,.,7.40568344221,38.0810753873,.
8579,.,7.40568344221,38.0810753873,.
8580,.,7.40568344221,38.0810753873,.
8581,.,7.40568344221,38.0810753873,.
8582,.,7.83013692022,34.5080541478,.
8583,.,7.83013692022,34.5080541478,.
8584,.,7.83013692022,34.5080541478,.
8585,.,7.83013692022,34.5080541478,.
8586,.,7.25810515348,35.3135608448,.
8587,.,9.36029530834,42.0920688567,.
8588,.,9.36029530834,42.0920688567,.
8589,.,9.33809911164,42.0999509753,.
8590,.,7.37676330298,37.8935648714,.
8591,.,7.37676330298,37.8935648714,.
8592,.,9.55152585441,41.358379098,.
8593,.,9.07702977605,35.6156340346,.
8594,.,8.16979824749,35.6406321333,.
8595,.,7.54783077574,37.0818248622,.
8596,.,7.54783077574,37.0818248622,.
8597,.,9.37406026468,41.5884594299,.
8598,.,9.37406026468,41.5884594299,.
8599,.,7.37676330298,37.8935648714,.
8600,.,7.37676330298,37.8935648714,.
8601,.,6.80492958256,35.8646146207,.
8602,.,7.34918791893,38.8049340076,.
8603,.,14.2885896726,38.210251919,.
8604,.,13.8713387734,38.6366907016,.
8605,.,13.4774390358,37.121337842,.
8606,.,9.99190626942,37.6925527139,.
8607,.,9.99190626942,37.6925527139,.
8608,.,11.6514708203,37.1032812474,.
8609,.,11.6514708203,37.1032812474,.
8610,.,11.6514708203,37.1032812474,.
8611,.,10.7927763733,37.144541492,.
8612,.,10.7927763733,37.144541492,.
8613,.,10.7927763733,37.144541492,.
8614,.,10.7927763733,37.144541492,.
8615,.,10.5892768292,37.4615982338,.
8616,.,10.5892768292,37.4615982338,.
8617,.,10.5892768292,37.4615982338,.
8618,.,10.5892768292,37.4615982338,.
8619,.,10.5773759639,37.0449675094,.
8620,.,10.5773759639,37.0449675094,.
8621,.,11.2828210609,36.9596879306,.
8622,.,11.2828210609,36.9596879306,.
8623,.,11.1913400617,36.9496969313,.
8624,.,10.9370696143,36.6547551047,.
8625,.,9.07702977605,35.6156340346,.
8626,.,9.07702977605,35.6156340346,.
8627,.,9.07702977605,35.6156340346,.
8628,.,9.07702977605,35.6156340346,.
8629,.,8.6536780825,36.6077474888,.
8630,.,8.6536780825,36.6077474888,.
8631,.,8.6536780825,36.6077474888,.
8632,.,8.66161555833,35.6426976235,.
8633,.,8.66161555833,35.6426976235,.
8634,.,8.66161555833,35.6426976235,.
8635,.,8.66161555833,35.6426976235,.
8636,.,8.66161555833,35.6426976235,.
8637,.,8.66161555833,35.6426976235,.
8638,.,8.16979824749,35.6406321333,.
8639,.,8.16979824749,35.6406321333,.
8640,.,8.16979824749,35.6406321333,.
8641,.,8.64302754866,37.0632145326,.
8642,.,8.64302754866,37.0632145326,.
8643,.,7.66912376181,36.92553529,.
8644,.,7.66912376181,36.92553529,.
8645,.,7.66912376181,36.92553529,.
8646,.,7.66912376181,36.92553529,.
8647,.,7.66912376181,36.92553529,.
8648,.,7.66912376181,36.92553529,.
8649,.,7.66912376181,36.92553529,.
8650,.,7.54783077574,37.0818248622,.
8651,.,7.54783077574,37.0818248622,.
8652,.,7.47556744642,36.4429756569,.
8653,.,7.47556744642,36.4429756569,.
8654,.,8.46646303095,37.4369214482,.
8655,.,8.11332653211,38.7753045688,.
8656,.,8.11332653211,38.7753045688,.
8657,.,8.11332653211,38.7753045688,.
8658,.,8.08842299138,39.0349251986,.
8659,.,8.65230864709,40.6178499401,.
8660,.,8.65230864709,40.6178499401,.
8661,.,8.65230864709,40.6178499401,.
8662,.,8.65230864709,40.6178499401,.
8663,.,8.65230864709,40.6178499401,.
8664,.,8.65230864709,40.6178499401,.
8665,.,8.65230864709,40.6178499401,.
8666,.,8.65230864709,40.6178499401,.
8667,.,9.37406026468,41.5884594299,.
8668,.,9.37406026468,41.5884594299,.
8669,.,9.37406026468,41.5884594299,.
8670,.,9.37406026468,41.5884594299,.
8671,.,9.37406026468,41.5884594299,.
8672,.,9.37406026468,41.5884594299,.
8673,.,6.02435784991,38.3413616597,.
8674,.,7.26850368689,38.6020916798,.
8675,.,7.26850368689,38.6020916798,.
8676,.,7.26850368689,38.6020916798,.
8677,.,7.26850368689,38.6020916798,.
8678,.,7.26850368689,38.6020916798,.
8679,.,9.01530115929,35.046540828,.
8680,.,10.5023759921,36.0048077152,.
8681,.,10.5023759921,36.0048077152,.
8682,.,9.74422788621,34.7872968911,.
8683,.,9.74422788621,34.7872968911,.
8684,.,9.39137371981,36.2194348147,.
8685,.,9.62033298025,34.5342648788,.
8686,.,9.47651243141,34.4209015528,.
8687,.,7.6926289959,37.7336160957,.
8688,.,7.70538466173,37.6505389613,.
8689,.,7.70538466173,37.6505389613,.
8690,.,7.70538466173,37.6505389613,.
8691,.,7.37676330298,37.8935648714,.
8692,.,7.37676330298,37.8935648714,.
8693,.,7.37676330298,37.8935648714,.
8694,.,7.37676330298,37.8935648714,.
8695,.,5.83633941337,36.6070302097,.
8696,.,5.83633941337,36.6070302097,.
8697,.,5.83633941337,36.6070302097,.
8698,.,5.83633941337,36.6070302097,.
8699,.,7.31318183469,36.5951905108,.
8700,.,6.80492958256,35.8646146207,.
8701,.,7.97698683396,37.4779072445,.
8702,.,7.73169598877,37.4985838007,.
8703,.,7.73169598877,37.4985838007,.
8704,.,5.74709706037,37.8508868358,.
8705,.,5.60315524467,37.6030634072,.
8706,.,5.60315524467,37.6030634072,.
8707,.,5.60315524467,37.6030634072,.
8708,.,7.09924325001,37.128257018,.
8709,.,7.09924325001,37.128257018,.
8710,.,6.36391514169,36.5892168406,.
8711,.,6.36391514169,36.5892168406,.
8712,.,8.07578959014,38.4395969167,.
8713,.,8.07578959014,38.4395969167,.
8714,.,8.07578959014,38.4395969167,.
8715,.,7.79120996652,38.3295082817,.
8716,.,7.79120996652,38.3295082817,.
8717,.,7.65816033645,38.0946319154,.
8718,.,7.65816033645,38.0946319154,.
8719,.,7.65816033645,38.0946319154,.
8720,.,7.65816033645,38.0946319154,.
8721,.,7.65816033645,38.0946319154,.
8722,.,7.65816033645,38.0946319154,.
8723,.,7.40568344221,38.0810753873,.
8724,.,7.40568344221,38.0810753873,.
8725,.,7.40568344221,38.0810753873,.
8726,.,7.40568344221,38.0810753873,.
8727,.,7.40568344221,38.0810753873,.
8728,.,7.40568344221,38.0810753873,.
8729,.,7.66912376181,36.92553529,.
8730,.,7.34918791893,38.8049340076,.
8731,.,14.2885896726,38.210251919,.
8732,.,13.8440840301,38.4803250395,.
8733,.,10.4180717415,38.1697121297,.
8734,.,9.36610452418,37.8682114329,.
8735,.,11.6514708203,37.1032812474,.
8736,.,11.6514708203,37.1032812474,.
8737,.,10.7927763733,37.144541492,.
8738,.,10.5892768292,37.4615982338,.
8739,.,11.2828210609,36.9596879306,.
8740,.,11.2828210609,36.9596879306,.
8741,.,11.1913400617,36.9496969313,.
8742,.,11.1913400617,36.9496969313,.
8743,.,11.1913400617,36.9496969313,.
8744,.,9.83705860887,34.9150151529,.
8745,.,9.07702977605,35.6156340346,.
8746,.,9.07702977605,35.6156340346,.
8747,.,9.07702977605,35.6156340346,.
8748,.,9.84708661386,36.3422982077,.
8749,.,9.0308423142,36.4037942076,.
8750,.,8.6536780825,36.6077474888,.
8751,.,8.6536780825,36.6077474888,.
8752,.,8.6536780825,36.6077474888,.
8753,.,8.6536780825,36.6077474888,.
8754,.,8.6536780825,36.6077474888,.
8755,.,8.66161555833,35.6426976235,.
8756,.,8.18930636005,36.4699847397,.
8757,.,8.18930636005,36.4699847397,.
8758,.,8.64302754866,37.0632145326,.
8759,.,8.64302754866,37.0632145326,.
8760,.,8.64302754866,37.0632145326,.
8761,.,7.66912376181,36.92553529,.
8762,.,7.66912376181,36.92553529,.
8763,.,7.54783077574,37.0818248622,.
8764,.,7.54783077574,37.0818248622,.
8765,.,7.54783077574,37.0818248622,.
8766,.,7.54783077574,37.0818248622,.
8767,.,8.46646303095,37.4369214482,.
8768,.,8.46646303095,37.4369214482,.
8769,.,8.73814791477,39.840529416,.
8770,.,8.73814791477,39.840529416,.
8771,.,7.77573960381,39.8661143537,.
8772,.,8.65230864709,40.6178499401,.
8773,.,8.65230864709,40.6178499401,.
8774,.,8.65230864709,40.6178499401,.
8775,.,8.65230864709,40.6178499401,.
8776,.,8.65230864709,40.6178499401,.
8777,.,8.65230864709,40.6178499401,.
8778,.,8.65230864709,40.6178499401,.
8779,.,8.65230864709,40.6178499401,.
8780,.,9.37406026468,41.5884594299,.
8781,.,9.37406026468,41.5884594299,.
8782,.,9.37406026468,41.5884594299,.
8783,.,9.37406026468,41.5884594299,.
8784,.,6.02435784991,38.3413616597,.
8785,.,6.02435784991,38.3413616597,.
8786,.,7.34918791893,38.8049340076,.
8787,.,9.79007481406,37.5059416726,.
8788,.,11.3323287202,36.2720183518,.
8789,.,9.74422788621,34.7872968911,.
8790,.,9.74422788621,34.7872968911,.
8791,.,9.74422788621,34.7872968911,.
8792,.,9.39137371981,36.2194348147,.
8793,.,9.39137371981,36.2194348147,.
8794,.,9.47651243141,34.4209015528,.
8795,.,8.16863199454,38.6464528783,.
8796,.,7.70538466173,37.6505389613,.
8797,.,7.70538466173,37.6505389613,.
8798,.,5.83633941337,36.6070302097,.
8799,.,5.83633941337,36.6070302097,.
8800,.,5.83633941337,36.6070302097,.
8801,.,5.83633941337,36.6070302097,.
8802,.,5.83633941337,36.6070302097,.
8803,.,7.31318183469,36.5951905108,.
8804,.,7.97698683396,37.4779072445,.
8805,.,5.60315524467,37.6030634072,.
8806,.,6.36391514169,36.5892168406,.
8807,.,7.79120996652,38.3295082817,.
8808,.,7.65816033645,38.0946319154,.
8809,.,7.65816033645,38.0946319154,.
8810,.,7.40568344221,38.0810753873,.
8811,.,7.40568344221,38.0810753873,.
8812,.,8.39200458575,33.4683567701,.
8813,.,8.39200458575,33.4683567701,.
8814,.,9.36029530834,42.0920688567,.
8815,.,9.33809911164,42.0999509753,.
8816,.,7.54783077574,37.0818248622,.
8817,.,9.37406026468,41.5884594299,.
8818,.,7.34918791893,38.8049340076,.
8819,.,7.34918791893,38.8049340076,.
8820,.,13.8440840301,38.4803250395,.
8821,.,10.4216173585,37.5765488785,.
8822,.,11.6514708203,37.1032812474,.
8823,.,11.6514708203,37.1032812474,.
8824,.,10.7927763733,37.144541492,.
8825,.,10.7927763733,37.144541492,.
8826,.,10.7927763733,37.144541492,.
8827,.,10.5892768292,37.4615982338,.
8828,.,10.5892768292,37.4615982338,.
8829,.,10.5892768292,37.4615982338,.
8830,.,10.5892768292,37.4615982338,.
8831,.,10.5892768292,37.4615982338,.
8832,.,10.5892768292,37.4615982338,.
8833,.,10.5773759639,37.0449675094,.
8834,.,10.5773759639,37.0449675094,.
8835,.,11.1913400617,36.9496969313,.
8836,.,11.1913400617,36.9496969313,.
8837,.,11.1913400617,36.9496969313,.
8838,.,11.1913400617,36.9496969313,.
8839,.,9.83705860887,34.9150151529,.
8840,.,9.83705860887,34.9150151529,.
8841,.,9.07702977605,35.6156340346,.
8842,.,8.6536780825,36.6077474888,.
8843,.,8.16979824749,35.6406321333,.
8844,.,8.64302754866,37.0632145326,.
8845,.,7.54783077574,37.0818248622,.
8846,.,7.54783077574,37.0818248622,.
8847,.,7.54783077574,37.0818248622,.
8848,.,7.47556744642,36.4429756569,.
8849,.,9.37406026468,41.5884594299,.
8850,.,7.34918791893,38.8049340076,.
8851,.,7.34918791893,38.8049340076,.
8852,.,7.26850368689,38.6020916798,.
8853,.,9.79007481406,37.5059416726,.
8854,.,9.79007481406,37.5059416726,.
8855,.,9.79007481406,37.5059416726,.
8856,.,9.22079544864,42.4952242973,.
8857,.,11.3323287202,36.2720183518,.
8858,.,10.081237992,34.6831901825,.
8859,.,9.73443000378,34.7285555289,.
8860,.,9.39137371981,36.2194348147,.
8861,.,9.39137371981,36.2194348147,.
8862,.,7.37676330298,37.8935648714,.
8863,.,5.83633941337,36.6070302097,.
8864,.,7.40568344221,38.0810753873,.
8865,.,7.40568344221,38.0810753873,.
8866,.,8.39200458575,33.4683567701,.
8867,.,8.39200458575,33.4683567701,.
8868,.,7.34918791893,38.8049340076,.
8869,.,9.99190626942,37.6925527139,.
8870,.,9.99190626942,37.6925527139,.
8871,.,9.99190626942,37.6925527139,.
8872,.,9.99190626942,37.6925527139,.
8873,.,10.5892768292,37.4615982338,.
8874,.,10.5892768292,37.4615982338,.
8875,.,11.2828210609,36.9596879306,.
8876,.,11.2828210609,36.9596879306,.
8877,.,11.1913400617,36.9496969313,.
8878,.,11.1913400617,36.9496969313,.
8879,.,11.1913400617,36.9496969313,.
8880,.,9.83705860887,34.9150151529,.
8881,.,9.07702977605,35.6156340346,.
8882,.,9.84708661386,36.3422982077,.
8883,.,9.0308423142,36.4037942076,.
8884,.,8.6536780825,36.6077474888,.
8885,.,8.6536780825,36.6077474888,.
8886,.,8.08842299138,39.0349251986,.
8887,.,8.65230864709,40.6178499401,.
8888,.,7.34918791893,38.8049340076,.
8889,.,10.5023759921,36.0048077152,.
8890,.,9.47651243141,34.4209015528,.
8891,.,7.37676330298,37.8935648714,.
8892,.,7.09924325001,37.128257018,.
8893,.,8.07578959014,38.4395969167,.
8894,.,7.79120996652,38.3295082817,.
8895,.,7.79120996652,38.3295082817,.
8896,.,7.79120996652,38.3295082817,.
8897,.,8.39200458575,33.4683567701,.
8898,.,9.33809911164,42.0999509753,.
8899,.,14.2885896726,38.210251919,.
8900,.,11.6514708203,37.1032812474,.
8901,.,10.5892768292,37.4615982338,.
8902,.,10.5892768292,37.4615982338,.
8903,.,10.5892768292,37.4615982338,.
8904,.,10.5892768292,37.4615982338,.
8905,.,11.2828210609,36.9596879306,.
8906,.,9.79007481406,37.5059416726,.
8907,.,11.115608637,36.3763433187,.
8908,.,11.115608637,36.3763433187,.
8909,.,7.97698683396,37.4779072445,.
8910,.,6.36391514169,36.5892168406,.
8911,.,9.36610452418,37.8682114329,.
8912,.,11.6514708203,37.1032812474,.
8913,.,10.5892768292,37.4615982338,.
8914,.,10.5892768292,37.4615982338,.
8915,.,10.5773759639,37.0449675094,.
8916,.,10.5773759639,37.0449675094,.
8917,.,11.1913400617,36.9496969313,.
8918,.,9.07702977605,35.6156340346,.
8919,.,8.6536780825,36.6077474888,.
8920,.,7.54783077574,37.0818248622,.
8921,.,7.54783077574,37.0818248622,.
8922,.,7.54783077574,37.0818248622,.
8923,.,7.54783077574,37.0818248622,.
8924,.,8.65230864709,40.6178499401,.
8925,.,7.34918791893,38.8049340076,.
8926,.,7.26850368689,38.6020916798,.
8927,.,9.7591387282,37.044814049,.
8928,.,11.115608637,36.3763433187,.
8929,.,10.5023759921,36.0048077152,.
8930,.,7.37676330298,37.8935648714,.
8931,.,5.60315524467,37.6030634072,.
8932,.,5.60315524467,37.6030634072,.
8933,.,8.39200458575,33.4683567701,.
8934,.,7.34918791893,38.8049340076,.
8935,.,10.5773759639,37.0449675094,.
8936,.,7.34918791893,38.8049340076,.
8937,.,14.2885896726,38.210251919,.
8938,.,9.36610452418,37.8682114329,.
8939,.,11.3962743181,37.042616257,.
8940,.,10.7927763733,37.144541492,.
8941,.,10.5773759639,37.0449675094,.
8942,.,10.5773759639,37.0449675094,.
8943,.,10.5773759639,37.0449675094,.
8944,.,10.5773759639,37.0449675094,.
8945,.,10.5773759639,37.0449675094,.
8946,.,11.1913400617,36.9496969313,.
8947,.,11.1913400617,36.9496969313,.
8948,.,11.1913400617,36.9496969313,.
8949,.,11.1913400617,36.9496969313,.
8950,.,9.0308423142,36.4037942076,.
8951,.,8.6536780825,36.6077474888,.
8952,.,8.66161555833,35.6426976235,.
8953,.,7.66912376181,36.92553529,.
8954,.,7.54783077574,37.0818248622,.
8955,.,7.54783077574,37.0818248622,.
8956,.,8.46646303095,37.4369214482,.
8957,.,8.65230864709,40.6178499401,.
8958,.,8.65230864709,40.6178499401,.
8959,.,9.79007481406,37.5059416726,.
8960,.,9.79007481406,37.5059416726,.
8961,.,4.76768886663,39.2697492018,.
8962,.,10.5023759921,36.0048077152,.
8963,.,10.5023759921,36.0048077152,.
8964,.,5.83633941337,36.6070302097,.
8965,.,10.5773759639,37.0449675094,.
8966,.,10.5773759639,37.0449675094,.
8967,.,10.5773759639,37.0449675094,.
8968,.,9.83705860887,34.9150151529,.
8969,.,8.65230864709,40.6178499401,.
8970,.,9.39137371981,36.2194348147,.
8971,.,9.99190626942,37.6925527139,.
8972,.,11.3962743181,37.042616257,.
8973,.,7.54783077574,37.0818248622,.
8974,.,7.54783077574,37.0818248622,.
8975,.,8.65230864709,40.6178499401,.
8976,.,6.02435784991,38.3413616597,.
8977,.,11.115608637,36.3763433187,.
8978,.,10.5023759921,36.0048077152,.
8979,.,7.34918791893,38.8049340076,.
8980,.,7.34918791893,38.8049340076,.
8981,.,10.5773759639,37.0449675094,.
8982,.,10.5773759639,37.0449675094,.
8983,.,8.16979824749,35.6406321333,.
8984,.,7.54783077574,37.0818248622,.
8985,.,7.54783077574,37.0818248622,.
8986,.,7.54783077574,37.0818248622,.
8987,.,9.99190626942,37.6925527139,.
8988,.,11.6514708203,37.1032812474,.
8989,.,10.5892768292,37.4615982338,.
8990,.,10.5773759639,37.0449675094,.
8991,.,10.5773759639,37.0449675094,.
8992,.,10.5773759639,37.0449675094,.
8993,.,10.5773759639,37.0449675094,.
8994,.,11.115608637,36.3763433187,.
8995,.,7.73169598877,37.4985838007,.
8996,.,8.66161555833,35.6426976235,.
8997,.,10.5773759639,37.0449675094,.
8998,.,10.5773759639,37.0449675094,.
8999,.,11.115608637,36.3763433187,.
9000,.,10.5773759639,37.0449675094,.
9001,.,10.5773759639,37.0449675094,.
9002,.,7.34918791893,38.8049340076,.
9003,.,8.46646303095,37.4369214482,.
9004,.,10.5773759639,37.0449675094,.
9005,.,8.46646303095,37.4369214482,.
9006,.,8.46646303095,37.4369214482,.
9007,.,8.46646303095,37.4369214482,.
9008,.,8.46646303095,37.4369214482,.
9009,.,5.83633941337,36.6070302097,.
9010,.,11.115608637,36.3763433187,.
9011,.,9.39137371981,36.2194348147,.
9012,.,11.3323287202,36.2720183518,.
9013,.,8.46646303095,37.4369214482,.
37184,.,-14.128157,33.377554,.
37185,.,-15.268513,35.49244,.
37186,.,-15.572013,35.303079,.
37187,.,-15.615004,35.226737,.
37188,.,-15.615004,35.226737,.
37189,.,-15.615004,35.226737,.
37190,.,-15.609782,35.04466,.
37191,.,-15.847348,34.995895,.
37192,.,-15.464192,35.012816,.
37193,.,-15.464192,35.012816,.
37194,.,-15.559279,34.885134,.
37195,.,-15.37754,35.306335,.
37196,.,-14.020513,33.594596,.
37197,.,-14.219633,35.025718,.
37198,.,-13.725164,35.039178,.
37199,.,-15.268513,35.49244,.
37200,.,-15.705208,35.151067,.
37201,.,-15.705208,35.151067,.
37202,.,-15.753062,35.287326,.
37203,.,-15.851081,35.249045,.
37204,.,-16.307387,35.278111,.
37205,.,-16.307387,35.278111,.
37206,.,-16.196075,35.208329,.
37207,.,-16.196075,35.208329,.
37208,.,-15.389475,35.35048,.
37209,.,-15.389475,35.35048,.
37210,.,-9.834715,33.411655,.
37211,.,-9.776848,33.461158,.
37212,.,-9.776848,33.461158,.
37213,.,-10.216961,33.674528,.
37214,.,-10.216961,33.674528,.
37215,.,-9.949785,33.908869,.
37216,.,-11.520091,33.99345,.
37217,.,-11.520091,33.99345,.
37218,.,-12.314757,33.431981,.
37219,.,-11.438511,34.022644,.
37220,.,-12.677904,34.179679,.
37221,.,-13.052256,34.245021,.
37222,.,-14.027634,34.036002,.
37223,.,-15.187795,34.828257,.
37224,.,-14.012712,33.737374,.
37225,.,-14.575176,35.55658,.
37226,.,-13.597231,34.861869,.
37227,.,-15.204413,35.502387,.
37228,.,-15.38839,35.467089,.
37229,.,-15.635692,35.306659,.
37230,.,-15.621626,35.443322,.
37231,.,-15.253792,35.256139,.
37232,.,-15.705208,35.151067,.
37233,.,-15.705208,35.151067,.
37234,.,-15.766709,35.22348,.
37235,.,-15.671589,35.200021,.
37236,.,-15.851081,35.249045,.
37237,.,-15.944962,35.298889,.
37238,.,-15.944962,35.298889,.
37239,.,-15.705021,35.183601,.
37240,.,-15.705021,35.183601,.
37241,.,-15.705021,35.183601,.
37242,.,-15.558742,35.010733,.
37243,.,-15.558742,35.010733,.
37244,.,-15.558742,35.010733,.
37245,.,-15.621164,35.013099,.
37246,.,-15.619836,35.052294,.
37247,.,-15.575781,35.068538,.
37248,.,-15.569237,35.083289,.
37249,.,-15.909287,34.939594,.
37250,.,-16.307387,35.278111,.
37251,.,-16.196075,35.208329,.
37252,.,-16.196075,35.208329,.
37253,.,-16.196075,35.208329,.
37254,.,-16.099412,35.303969,.
37255,.,-16.181382,35.219897,.
37256,.,-15.864042,35.171426,.
37257,.,-16.028134,35.635929,.
37258,.,-16.028134,35.635929,.
37259,.,-16.119842,35.561699,.
37260,.,-16.119842,35.561699,.
37261,.,-15.965693,35.392825,.
37262,.,-15.875918,35.555916,.
37263,.,-15.726059,35.710228,.
37264,.,-15.73134,35.566626,.
37265,.,-15.805679,35.546449,.
37266,.,-15.804177,35.793425,.
37267,.,-15.804177,35.793425,.
37268,.,-15.752852,35.781488,.
37269,.,-15.50833,35.782588,.
37270,.,-15.545205,35.823627,.
37271,.,-16.04697,34.910217,.
37272,.,-9.776848,33.461158,.
37273,.,-9.776848,33.461158,.
37274,.,-9.692803,33.258806,.
37275,.,-9.692803,33.258806,.
37276,.,-10.300082,34.151984,.
37277,.,-10.891467,34.013325,.
37278,.,-10.891467,34.013325,.
37279,.,-10.620806,34.109264,.
37280,.,-10.916977,34.00885,.
37281,.,-13.082668,33.753587,.
37282,.,-12.864215,33.448411,.
37283,.,-14.344464,34.009088,.
37284,.,-14.055466,34.244042,.
37285,.,-14.055466,34.244042,.
37286,.,-14.298119,34.261228,.
37287,.,-14.531922,34.702913,.
37288,.,-14.47413,35.197807,.
37289,.,-14.575176,35.55658,.
37290,.,-14.074178,35.196788,.
37291,.,-14.465717,35.229392,.
37292,.,-14.958294,35.520117,.
37293,.,-14.986768,35.462909,.
37294,.,-15.22401,35.203621,.
37295,.,-14.790041,35.6293,.
37296,.,-14.863595,35.680037,.
37297,.,-14.863595,35.680037,.
37298,.,-15.465583,35.635228,.
37299,.,-15.465583,35.635228,.
37300,.,-15.465583,35.635228,.
37301,.,-15.583395,35.424766,.
37302,.,-15.572013,35.303079,.
37303,.,-15.621626,35.443322,.
37304,.,-15.471926,35.227714,.
37305,.,-15.766141,35.153758,.
37306,.,-15.851081,35.249045,.
37307,.,-15.944962,35.298889,.
37308,.,-15.574928,35.124925,.
37309,.,-15.574928,35.124925,.
37310,.,-15.574928,35.124925,.
37311,.,-15.705021,35.183601,.
37312,.,-15.558742,35.010733,.
37313,.,-15.558742,35.010733,.
37314,.,-15.665454,34.923029,.
37315,.,-15.834733,34.977652,.
37316,.,-15.455463,34.486459,.
37317,.,-15.596914,34.520456,.
37318,.,-15.713111,34.449287,.
37319,.,-15.596167,34.510841,.
37320,.,-16.307387,35.278111,.
37321,.,-16.33911,35.274649,.
37322,.,-16.196075,35.208329,.
37323,.,-16.196075,35.208329,.
37324,.,-16.196075,35.208329,.
37325,.,-16.308801,35.149457,.
37326,.,-16.308801,35.149457,.
37327,.,-16.308801,35.149457,.
37328,.,-16.308801,35.149457,.
37329,.,-16.096666,34.975852,.
37330,.,-16.207909,35.15497,.
37331,.,-16.207909,35.15497,.
37332,.,-16.207909,35.15497,.
37333,.,-16.207909,35.15497,.
37334,.,-16.051462,35.244837,.
37335,.,-16.108243,35.110525,.
37336,.,-15.93632,35.227798,.
37337,.,-16.047835,35.472547,.
37338,.,-16.047835,35.472547,.
37339,.,-16.091054,35.56195,.
37340,.,-16.029948,35.410465,.
37341,.,-15.938183,35.467495,.
37342,.,-15.877739,35.351154,.
37343,.,-15.538003,35.626395,.
37344,.,-15.65929,35.6434,.
37345,.,-15.678937,35.680682,.
37346,.,-15.678937,35.680682,.
37347,.,-15.779582,35.559395,.
37348,.,-15.73134,35.566626,.
37349,.,-15.805679,35.546449,.
37350,.,-15.582173,35.835835,.
37351,.,-15.761763,34.372752,.
37352,.,-16.4184,35.126675,.
37353,.,-16.483227,35.240196,.
37354,.,-16.648067,35.113616,.
37355,.,-14.992631,34.928059,.
37356,.,-15.238564,34.984646,.
37357,.,-15.226151,34.905952,.
37358,.,-15.226151,34.905952,.
37359,.,-14.899499,35.145843,.
37360,.,-14.948131,35.214956,.
37361,.,-15.465189,34.607883,.
37362,.,-15.347351,34.925195,.
37363,.,-15.349341,34.850334,.
37364,.,-15.389475,35.35048,.
37365,.,-9.834715,33.411655,.
37366,.,-9.834715,33.411655,.
37367,.,-9.834715,33.411655,.
37368,.,-9.834715,33.411655,.
37369,.,-9.776848,33.461158,.
37370,.,-9.776848,33.461158,.
37371,.,-9.776848,33.461158,.
37372,.,-9.776848,33.461158,.
37373,.,-9.776848,33.461158,.
37374,.,-10.20714,33.537028,.
37375,.,-9.51923,33.139193,.
37376,.,-9.51923,33.139193,.
37377,.,-9.51923,33.139193,.
37378,.,-9.51923,33.139193,.
37379,.,-9.645417,33.802678,.
37380,.,-9.645417,33.802678,.
37381,.,-9.645417,33.802678,.
37382,.,-9.873128,33.896288,.
37383,.,-10.002351,33.932955,.
37384,.,-10.002351,33.932955,.
37385,.,-10.002351,33.932955,.
37386,.,-10.002351,33.932955,.
37387,.,-10.300082,34.151984,.
37388,.,-10.300082,34.151984,.
37389,.,-10.300082,34.151984,.
37390,.,-10.300082,34.151984,.
37391,.,-9.949785,33.908869,.
37392,.,-11.597419,34.289879,.
37393,.,-10.895534,33.744985,.
37394,.,-10.832742,34.187335,.
37395,.,-10.832742,34.187335,.
37396,.,-10.832742,34.187335,.
37397,.,-10.832742,34.187335,.
37398,.,-10.832742,34.187335,.
37399,.,-10.669118,34.075923,.
37400,.,-10.669118,34.075923,.
37401,.,-10.669118,34.075923,.
37402,.,-10.916977,34.00885,.
37403,.,-11.95341,33.367064,.
37404,.,-12.314757,33.431981,.
37405,.,-11.39583,33.986905,.
37406,.,-12.75019,33.755312,.
37407,.,-13.082668,33.753587,.
37408,.,-13.082668,33.753587,.
37409,.,-12.736754,33.335215,.
37410,.,-13.052256,34.245021,.
37411,.,-13.045424,34.323395,.
37412,.,-12.931315,34.286991,.
37413,.,-13.408561,33.964834,.
37414,.,-13.175196,33.80253,.
37415,.,-13.226167,33.74038,.
37416,.,-13.463495,33.749036,.
37417,.,-13.242061,33.638782,.
37418,.,-13.645875,33.64561,.
37419,.,-13.649155,34.042664,.
37420,.,-13.736363,34.240636,.
37421,.,-13.529607,33.912972,.
37422,.,-13.536814,33.735148,.
37423,.,-13.536814,33.735148,.
37424,.,-13.707395,34.373415,.
37425,.,-13.707395,34.373415,.
37426,.,-13.885676,34.475131,.
37427,.,-13.520882,34.376954,.
37428,.,-14.123186,33.59488,.
37429,.,-13.804444,32.987776,.
37430,.,-13.803408,32.901011,.
37431,.,-14.402079,33.945271,.
37432,.,-14.414164,34.003808,.
37433,.,-14.347362,34.137668,.
37434,.,-14.393188,33.934806,.
37435,.,-14.200352,34.103045,.
37436,.,-14.200352,34.103045,.
37437,.,-14.200352,34.103045,.
37438,.,-14.367123,34.192129,.
37439,.,-14.367123,34.192129,.
37440,.,-14.100208,34.235927,.
37441,.,-14.100208,34.235927,.
37442,.,-14.193944,34.379958,.
37443,.,-14.193944,34.379958,.
37444,.,-14.193944,34.379958,.
37445,.,-14.193944,34.379958,.
37446,.,-14.193944,34.379958,.
37447,.,-14.111488,34.512174,.
37448,.,-14.297704,34.70574,.
37449,.,-14.230789,34.513181,.
37450,.,-14.386206,34.308217,.
37451,.,-14.386206,34.308217,.
37452,.,-14.386206,34.308217,.
37453,.,-14.98695,34.77652,.
37454,.,-14.918698,34.586335,.
37455,.,-14.918698,34.586335,.
37456,.,-15.049572,34.64151,.
37457,.,-15.049572,34.64151,.
37458,.,-15.049572,34.64151,.
37459,.,-15.185392,34.628305,.
37460,.,-15.185392,34.628305,.
37461,.,-15.185392,34.628305,.
37462,.,-15.185392,34.628305,.
37463,.,-15.185392,34.628305,.
37464,.,-14.780085,34.657889,.
37465,.,-14.810918,34.85051,.
37466,.,-14.810918,34.85051,.
37467,.,-14.810918,34.85051,.
37468,.,-14.810918,34.85051,.
37469,.,-14.810918,34.85051,.
37470,.,-14.790572,34.845684,.
37471,.,-14.790572,34.845684,.
37472,.,-14.863205,34.934255,.
37473,.,-14.863205,34.934255,.
37474,.,-14.898374,34.879442,.
37475,.,-14.718437,34.69204,.
37476,.,-14.718437,34.69204,.
37477,.,-14.718437,34.69204,.
37478,.,-14.718437,34.69204,.
37479,.,-14.718437,34.69204,.
37480,.,-14.641939,34.583085,.
37481,.,-14.544524,34.533248,.
37482,.,-14.544524,34.533248,.
37483,.,-14.544524,34.533248,.
37484,.,-14.544524,34.533248,.
37485,.,-14.58168,34.637007,.
37486,.,-14.659798,34.677474,.
37487,.,-14.659798,34.677474,.
37488,.,-14.659798,34.677474,.
37489,.,-14.659798,34.677474,.
37490,.,-14.659798,34.677474,.
37491,.,-14.659798,34.677474,.
37492,.,-14.677658,34.700061,.
37493,.,-14.677658,34.700061,.
37494,.,-14.677658,34.700061,.
37495,.,-14.677658,34.700061,.
37496,.,-14.677658,34.700061,.
37497,.,-14.646637,34.832473,.
37498,.,-14.671041,34.774422,.
37499,.,-14.421902,34.955581,.
37500,.,-14.683761,34.915074,.
37501,.,-14.683761,34.915074,.
37502,.,-14.683761,34.915074,.
37503,.,-14.347177,35.46094,.
37504,.,-14.481431,35.608492,.
37505,.,-14.481431,35.608492,.
37506,.,-14.481431,35.608492,.
37507,.,-14.272959,35.256432,.
37508,.,-14.616051,35.313813,.
37509,.,-14.616051,35.313813,.
37510,.,-14.616051,35.313813,.
37511,.,-14.616051,35.313813,.
37512,.,-14.698152,35.455542,.
37513,.,-14.698152,35.455542,.
37514,.,-14.213324,35.407836,.
37515,.,-14.213324,35.407836,.
37516,.,-13.725164,35.039178,.
37517,.,-14.791922,35.433471,.
37518,.,-14.846169,35.50009,.
37519,.,-14.846169,35.50009,.
37520,.,-14.846169,35.50009,.
37521,.,-14.958294,35.520117,.
37522,.,-14.958294,35.520117,.
37523,.,-14.958294,35.520117,.
37524,.,-14.958294,35.520117,.
37525,.,-14.958294,35.520117,.
37526,.,-14.986768,35.462909,.
37527,.,-14.986768,35.462909,.
37528,.,-14.986768,35.462909,.
37529,.,-14.986768,35.462909,.
37530,.,-14.986768,35.462909,.
37531,.,-14.986768,35.462909,.
37532,.,-15.061575,35.300281,.
37533,.,-15.061575,35.300281,.
37534,.,-15.061575,35.300281,.
37535,.,-14.835844,35.565399,.
37536,.,-14.835844,35.565399,.
37537,.,-14.835844,35.565399,.
37538,.,-14.860188,35.551947,.
37539,.,-14.965719,35.616284,.
37540,.,-14.924294,35.85383,.
37541,.,-14.924294,35.85383,.
37542,.,-14.924294,35.85383,.
37543,.,-14.924294,35.85383,.
37544,.,-14.924294,35.85383,.
37545,.,-14.924294,35.85383,.
37546,.,-14.924294,35.85383,.
37547,.,-14.924294,35.85383,.
37548,.,-14.924294,35.85383,.
37549,.,-15.182804,35.418041,.
37550,.,-15.182804,35.418041,.
37551,.,-15.182804,35.418041,.
37552,.,-15.035595,35.513982,.
37553,.,-15.035595,35.513982,.
37554,.,-15.035595,35.513982,.
37555,.,-15.12574,35.513325,.
37556,.,-15.12574,35.513325,.
37557,.,-14.812365,35.755902,.
37558,.,-14.812365,35.755902,.
37559,.,-14.863595,35.680037,.
37560,.,-14.863595,35.680037,.
37561,.,-14.752119,35.681512,.
37562,.,-14.752119,35.681512,.
37563,.,-14.752119,35.681512,.
37564,.,-14.717821,35.800871,.
37565,.,-14.717821,35.800871,.
37566,.,-14.776339,35.539435,.
37567,.,-14.776339,35.539435,.
37568,.,-14.776339,35.539435,.
37569,.,-14.776339,35.539435,.
37570,.,-14.776339,35.539435,.
37571,.,-14.776339,35.539435,.
37572,.,-14.60574,35.734273,.
37573,.,-14.687752,35.569097,.
37574,.,-14.687752,35.569097,.
37575,.,-14.687752,35.569097,.
37576,.,-14.687752,35.569097,.
37577,.,-15.042153,35.22694,.
37578,.,-15.042153,35.22694,.
37579,.,-15.268513,35.49244,.
37580,.,-15.389976,35.363563,.
37581,.,-15.389976,35.363563,.
37582,.,-15.389976,35.363563,.
37583,.,-15.38839,35.467089,.
37584,.,-15.420275,35.394941,.
37585,.,-15.420275,35.394941,.
37586,.,-15.420275,35.394941,.
37587,.,-15.420275,35.394941,.
37588,.,-15.420275,35.394941,.
37589,.,-15.420275,35.394941,.
37590,.,-15.420275,35.394941,.
37591,.,-15.420275,35.394941,.
37592,.,-15.432665,35.552417,.
37593,.,-15.432665,35.552417,.
37594,.,-15.465583,35.635228,.
37595,.,-15.526099,35.589777,.
37596,.,-15.526099,35.589777,.
37597,.,-15.526099,35.589777,.
37598,.,-15.442607,35.295281,.
37599,.,-15.442607,35.295281,.
37600,.,-15.442607,35.295281,.
37601,.,-15.442607,35.295281,.
37602,.,-15.583395,35.424766,.
37603,.,-15.549261,35.225079,.
37604,.,-15.572013,35.303079,.
37605,.,-15.572013,35.303079,.
37606,.,-15.572013,35.303079,.
37607,.,-15.572013,35.303079,.
37608,.,-15.621626,35.443322,.
37609,.,-15.289466,35.201186,.
37610,.,-15.419415,35.140775,.
37611,.,-15.419415,35.140775,.
37612,.,-15.471926,35.227714,.
37613,.,-15.241005,35.404114,.
37614,.,-15.241005,35.404114,.
37615,.,-15.612678,35.195643,.
37616,.,-15.766141,35.153758,.
37617,.,-15.766709,35.22348,.
37618,.,-15.766709,35.22348,.
37619,.,-15.795731,35.125619,.
37620,.,-15.795731,35.125619,.
37621,.,-15.795731,35.125619,.
37622,.,-15.795731,35.125619,.
37623,.,-15.803291,35.154915,.
37624,.,-15.803291,35.154915,.
37625,.,-15.816606,35.19103,.
37626,.,-15.835268,35.167445,.
37627,.,-15.835268,35.167445,.
37628,.,-15.671589,35.200021,.
37629,.,-15.671589,35.200021,.
37630,.,-15.851081,35.249045,.
37631,.,-15.851081,35.249045,.
37632,.,-15.80194,35.297593,.
37633,.,-15.80194,35.297593,.
37634,.,-15.80194,35.297593,.
37635,.,-15.80194,35.297593,.
37636,.,-15.849466,35.286663,.
37637,.,-15.944962,35.298889,.
37638,.,-15.944962,35.298889,.
37639,.,-15.944962,35.298889,.
37640,.,-15.944962,35.298889,.
37641,.,-15.944962,35.298889,.
37642,.,-15.929301,35.290814,.
37643,.,-15.929301,35.290814,.
37644,.,-15.574928,35.124925,.
37645,.,-15.667329,35.3114,.
37646,.,-15.705021,35.183601,.
37647,.,-15.575781,35.068538,.
37648,.,-15.575781,35.068538,.
37649,.,-15.575781,35.068538,.
37650,.,-15.431764,35.003062,.
37651,.,-15.569237,35.083289,.
37652,.,-15.569237,35.083289,.
37653,.,-15.569237,35.083289,.
37654,.,-15.834733,34.977652,.
37655,.,-15.909287,34.939594,.
37656,.,-15.909287,34.939594,.
37657,.,-15.909287,34.939594,.
37658,.,-15.772282,34.516729,.
37659,.,-15.451516,34.464556,.
37660,.,-15.69187,34.394455,.
37661,.,-16.33911,35.274649,.
37662,.,-16.33911,35.274649,.
37663,.,-16.33911,35.274649,.
37664,.,-16.196075,35.208329,.
37665,.,-16.196075,35.208329,.
37666,.,-16.196075,35.208329,.
37667,.,-16.196075,35.208329,.
37668,.,-16.196075,35.208329,.
37669,.,-16.308801,35.149457,.
37670,.,-16.308801,35.149457,.
37671,.,-16.308801,35.149457,.
37672,.,-16.237141,35.113096,.
37673,.,-16.096666,34.975852,.
37674,.,-16.139062,35.151528,.
37675,.,-16.207909,35.15497,.
37676,.,-16.207909,35.15497,.
37677,.,-16.207909,35.15497,.
37678,.,-16.099412,35.303969,.
37679,.,-16.099412,35.303969,.
37680,.,-16.051462,35.244837,.
37681,.,-16.153,35.198578,.
37682,.,-16.153,35.198578,.
37683,.,-16.153,35.198578,.
37684,.,-15.93632,35.227798,.
37685,.,-16.007173,35.1575,.
37686,.,-16.009724,35.145672,.
37687,.,-16.009724,35.145672,.
37688,.,-15.864042,35.171426,.
37689,.,-15.959665,35.03493,.
37690,.,-15.97529,35.029295,.
37691,.,-16.028134,35.635929,.
37692,.,-16.028134,35.635929,.
37693,.,-16.084998,35.581694,.
37694,.,-16.119842,35.561699,.
37695,.,-16.119842,35.561699,.
37696,.,-16.091054,35.56195,.
37697,.,-16.091054,35.56195,.
37698,.,-16.091054,35.56195,.
37699,.,-16.020639,35.448207,.
37700,.,-16.020639,35.448207,.
37701,.,-15.965693,35.392825,.
37702,.,-15.965693,35.392825,.
37703,.,-15.965693,35.392825,.
37704,.,-15.965693,35.392825,.
37705,.,-15.938183,35.467495,.
37706,.,-15.916279,35.384048,.
37707,.,-15.553168,35.64588,.
37708,.,-15.553168,35.64588,.
37709,.,-15.553168,35.64588,.
37710,.,-15.553168,35.64588,.
37711,.,-15.57871,35.603459,.
37712,.,-15.57871,35.603459,.
37713,.,-15.57871,35.603459,.
37714,.,-15.627924,35.672782,.
37715,.,-15.634718,35.531409,.
37716,.,-15.678937,35.680682,.
37717,.,-15.678937,35.680682,.
37718,.,-15.678937,35.680682,.
37719,.,-15.726059,35.710228,.
37720,.,-15.766915,35.6721,.
37721,.,-15.766915,35.6721,.
37722,.,-15.766915,35.6721,.
37723,.,-15.73134,35.566626,.
37724,.,-15.73134,35.566626,.
37725,.,-15.73134,35.566626,.
37726,.,-15.848325,35.567227,.
37727,.,-15.69251,35.796372,.
37728,.,-15.69251,35.796372,.
37729,.,-15.69251,35.796372,.
37730,.,-15.69251,35.796372,.
37731,.,-15.836067,35.737044,.
37732,.,-15.836067,35.737044,.
37733,.,-15.836067,35.737044,.
37734,.,-15.545205,35.823627,.
37735,.,-15.545205,35.823627,.
37736,.,-15.582173,35.835835,.
37737,.,-15.582173,35.835835,.
37738,.,-16.081528,34.529636,.
37739,.,-16.04697,34.910217,.
37740,.,-15.902223,34.829097,.
37741,.,-16.215058,34.976689,.
37742,.,-16.4184,35.126675,.
37743,.,-16.386542,35.141033,.
37744,.,-14.914055,34.931088,.
37745,.,-14.914055,34.931088,.
37746,.,-14.931677,35.03003,.
37747,.,-14.931677,35.03003,.
37748,.,-14.931677,35.03003,.
37749,.,-14.931677,35.03003,.
37750,.,-14.931677,35.03003,.
37751,.,-14.931677,35.03003,.
37752,.,-14.931677,35.03003,.
37753,.,-14.931677,35.03003,.
37754,.,-14.992631,34.928059,.
37755,.,-15.061635,35.098917,.
37756,.,-15.028036,35.152533,.
37757,.,-15.028036,35.152533,.
37758,.,-15.028036,35.152533,.
37759,.,-15.101544,35.145211,.
37760,.,-15.101544,35.145211,.
37761,.,-15.101544,35.145211,.
37762,.,-15.101544,35.145211,.
37763,.,-15.055065,34.919847,.
37764,.,-15.055065,34.919847,.
37765,.,-15.055065,34.919847,.
37766,.,-15.191919,34.967449,.
37767,.,-15.238564,34.984646,.
37768,.,-15.256486,35.065353,.
37769,.,-15.256486,35.065353,.
37770,.,-15.256486,35.065353,.
37771,.,-14.785029,35.057611,.
37772,.,-14.803485,35.049652,.
37773,.,-14.803485,35.049652,.
37774,.,-14.944016,35.144464,.
37775,.,-14.899499,35.145843,.
37776,.,-15.00473,35.163219,.
37777,.,-15.00473,35.163219,.
37778,.,-15.00473,35.163219,.
37779,.,-14.999638,34.954637,.
37780,.,-14.999638,34.954637,.
37781,.,-15.215737,34.602905,.
37782,.,-15.494491,34.674153,.
37783,.,-15.663807,34.621782,.
37784,.,-15.663807,34.621782,.
37785,.,-15.663807,34.621782,.
37786,.,-15.383488,35.354055,.
37787,.,-15.383488,35.354055,.
37788,.,-15.385744,35.347682,.
37789,.,-9.507538,33.259649,.
37790,.,-9.507538,33.259649,.
37791,.,-9.673118,33.238482,.
37792,.,-9.673118,33.238482,.
37793,.,-9.673118,33.238482,.
37794,.,-9.673118,33.238482,.
37795,.,-9.673118,33.238482,.
37796,.,-9.673118,33.238482,.
37797,.,-9.834715,33.411655,.
37798,.,-9.834715,33.411655,.
37799,.,-9.70643,33.572901,.
37800,.,-9.776848,33.461158,.
37801,.,-9.776848,33.461158,.
37802,.,-9.776848,33.461158,.
37803,.,-9.776848,33.461158,.
37804,.,-9.776848,33.461158,.
37805,.,-9.776848,33.461158,.
37806,.,-9.776848,33.461158,.
37807,.,-10.216961,33.674528,.
37808,.,-10.216961,33.674528,.
37809,.,-9.51923,33.139193,.
37810,.,-9.692803,33.258806,.
37811,.,-9.692803,33.258806,.
37812,.,-9.692803,33.258806,.
37813,.,-9.81436,33.878212,.
37814,.,-9.645417,33.802678,.
37815,.,-9.873128,33.896288,.
37816,.,-9.873128,33.896288,.
37817,.,-10.002351,33.932955,.
37818,.,-10.002351,33.932955,.
37819,.,-10.002351,33.932955,.
37820,.,-10.002351,33.932955,.
37821,.,-10.002351,33.932955,.
37822,.,-10.002351,33.932955,.
37823,.,-10.002351,33.932955,.
37824,.,-10.502489,34.176439,.
37825,.,-10.502489,34.176439,.
37826,.,-10.502489,34.176439,.
37827,.,-10.502489,34.176439,.
37828,.,-10.502489,34.176439,.
37829,.,-10.502489,34.176439,.
37830,.,-9.949785,33.908869,.
37831,.,-9.952077,33.91917,.
37832,.,-11.520091,33.99345,.
37833,.,-11.520091,33.99345,.
37834,.,-11.02323,33.537786,.
37835,.,-10.891467,34.013325,.
37836,.,-11.025597,33.841177,.
37837,.,-11.95341,33.367064,.
37838,.,-11.95341,33.367064,.
37839,.,-11.95341,33.367064,.
37840,.,-11.95341,33.367064,.
37841,.,-11.95341,33.367064,.
37842,.,-11.350481,33.458365,.
37843,.,-11.652508,33.469931,.
37844,.,-11.652508,33.469931,.
37845,.,-11.652508,33.469931,.
37846,.,-11.652508,33.469931,.
37847,.,-12.05268,34.743996,.
37848,.,-11.429687,34.003117,.
37849,.,-12.549529,33.519392,.
37850,.,-12.75019,33.755312,.
37851,.,-13.359734,33.346812,.
37852,.,-12.736754,33.335215,.
37853,.,-12.910544,33.939109,.
37854,.,-12.910544,33.939109,.
37855,.,-13.25146,34.257029,.
37856,.,-13.408561,33.964834,.
37857,.,-13.408561,33.964834,.
37858,.,-13.408561,33.964834,.
37859,.,-13.375275,33.869728,.
37860,.,-13.114606,33.844348,.
37861,.,-13.114606,33.844348,.
37862,.,-13.226167,33.74038,.
37863,.,-13.226167,33.74038,.
37864,.,-13.226167,33.74038,.
37865,.,-13.639242,33.637618,.
37866,.,-13.645875,33.64561,.
37867,.,-13.736363,34.240636,.
37868,.,-13.780298,34.294294,.
37869,.,-13.637108,33.902552,.
37870,.,-14.038697,34.511056,.
37871,.,-13.599289,34.482196,.
37872,.,-14.167398,33.967162,.
37873,.,-14.101096,33.807346,.
37874,.,-14.020513,33.594596,.
37875,.,-14.020513,33.594596,.
37876,.,-13.70606,32.988531,.
37877,.,-14.402079,33.945271,.
37878,.,-14.347362,34.137668,.
37879,.,-14.200352,34.103045,.
37880,.,-14.200352,34.103045,.
37881,.,-14.200352,34.103045,.
37882,.,-14.166801,34.19226,.
37883,.,-14.166801,34.19226,.
37884,.,-14.166801,34.19226,.
37885,.,-14.166801,34.19226,.
37886,.,-14.005091,34.196053,.
37887,.,-14.005091,34.196053,.
37888,.,-14.055466,34.244042,.
37889,.,-14.055466,34.244042,.
37890,.,-14.100208,34.235927,.
37891,.,-14.100208,34.235927,.
37892,.,-14.100208,34.235927,.
37893,.,-14.095697,34.168091,.
37894,.,-14.298119,34.261228,.
37895,.,-14.298119,34.261228,.
37896,.,-14.111488,34.512174,.
37897,.,-14.263875,34.51864,.
37898,.,-14.263875,34.51864,.
37899,.,-14.263875,34.51864,.
37900,.,-14.263875,34.51864,.
37901,.,-14.230789,34.513181,.
37902,.,-14.386206,34.308217,.
37903,.,-14.983696,34.743399,.
37904,.,-14.983696,34.743399,.
37905,.,-14.983696,34.743399,.
37906,.,-14.983696,34.743399,.
37907,.,-14.983696,34.743399,.
37908,.,-14.98695,34.77652,.
37909,.,-15.187795,34.828257,.
37910,.,-14.918698,34.586335,.
37911,.,-14.780085,34.657889,.
37912,.,-14.846656,34.70755,.
37913,.,-14.846656,34.70755,.
37914,.,-14.846656,34.70755,.
37915,.,-14.846656,34.70755,.
37916,.,-14.846656,34.70755,.
37917,.,-14.810918,34.85051,.
37918,.,-14.810918,34.85051,.
37919,.,-14.810918,34.85051,.
37920,.,-14.810918,34.85051,.
37921,.,-14.810918,34.85051,.
37922,.,-14.790572,34.845684,.
37923,.,-14.790572,34.845684,.
37924,.,-14.863205,34.934255,.
37925,.,-14.898374,34.879442,.
37926,.,-14.898374,34.879442,.
37927,.,-14.885393,34.740982,.
37928,.,-14.885393,34.740982,.
37929,.,-14.663388,34.546576,.
37930,.,-14.718437,34.69204,.
37931,.,-14.718437,34.69204,.
37932,.,-14.718437,34.69204,.
37933,.,-14.641939,34.583085,.
37934,.,-14.544524,34.533248,.
37935,.,-14.544524,34.533248,.
37936,.,-14.58168,34.637007,.
37937,.,-14.531922,34.702913,.
37938,.,-14.531922,34.702913,.
37939,.,-14.531922,34.702913,.
37940,.,-14.531922,34.702913,.
37941,.,-14.677658,34.700061,.
37942,.,-14.646637,34.832473,.
37943,.,-14.646637,34.832473,.
37944,.,-14.671041,34.774422,.
37945,.,-14.671041,34.774422,.
37946,.,-14.671041,34.774422,.
37947,.,-14.671041,34.774422,.
37948,.,-14.415021,34.737562,.
37949,.,-14.415021,34.737562,.
37950,.,-14.415021,34.737562,.
37951,.,-13.998383,33.808134,.
37952,.,-13.959151,33.741979,.
37953,.,-13.959151,33.741979,.
37954,.,-14.47413,35.197807,.
37955,.,-14.47413,35.197807,.
37956,.,-14.47413,35.197807,.
37957,.,-14.47413,35.197807,.
37958,.,-14.755818,35.232287,.
37959,.,-14.755818,35.232287,.
37960,.,-14.755818,35.232287,.
37961,.,-14.755818,35.232287,.
37962,.,-14.112681,34.870719,.
37963,.,-14.112681,34.870719,.
37964,.,-14.112681,34.870719,.
37965,.,-14.219633,35.025718,.
37966,.,-14.082816,34.905699,.
37967,.,-14.347177,35.46094,.
37968,.,-14.41125,35.595181,.
37969,.,-14.41125,35.595181,.
37970,.,-14.41125,35.595181,.
37971,.,-14.575176,35.55658,.
37972,.,-14.575176,35.55658,.
37973,.,-14.575176,35.55658,.
37974,.,-14.272959,35.256432,.
37975,.,-14.272959,35.256432,.
37976,.,-14.272959,35.256432,.
37977,.,-14.503987,35.326367,.
37978,.,-14.616051,35.313813,.
37979,.,-14.698152,35.455542,.
37980,.,-14.698152,35.455542,.
37981,.,-14.213324,35.407836,.
37982,.,-13.725164,35.039178,.
37983,.,-14.074178,35.196788,.
37984,.,-14.074178,35.196788,.
37985,.,-14.074178,35.196788,.
37986,.,-14.074178,35.196788,.
37987,.,-14.791922,35.433471,.
37988,.,-14.791922,35.433471,.
37989,.,-14.791922,35.433471,.
37990,.,-14.958294,35.520117,.
37991,.,-14.958294,35.520117,.
37992,.,-15.061575,35.300281,.
37993,.,-15.061575,35.300281,.
37994,.,-14.835844,35.565399,.
37995,.,-14.835844,35.565399,.
37996,.,-14.860188,35.551947,.
37997,.,-14.860188,35.551947,.
37998,.,-14.860188,35.551947,.
37999,.,-15.182804,35.418041,.
38000,.,-15.035595,35.513982,.
38001,.,-15.12574,35.513325,.
38002,.,-15.12574,35.513325,.
38003,.,-15.12574,35.513325,.
38004,.,-15.12574,35.513325,.
38005,.,-14.812365,35.755902,.
38006,.,-14.752119,35.681512,.
38007,.,-14.717821,35.800871,.
38008,.,-15.042153,35.22694,.
38009,.,-15.042153,35.22694,.
38010,.,-15.042153,35.22694,.
38011,.,-15.389976,35.363563,.
38012,.,-15.389976,35.363563,.
38013,.,-15.465583,35.635228,.
38014,.,-15.465583,35.635228,.
38015,.,-15.526099,35.589777,.
38016,.,-15.572013,35.303079,.
38017,.,-15.621626,35.443322,.
38018,.,-15.621626,35.443322,.
38019,.,-15.621626,35.443322,.
38020,.,-15.621626,35.443322,.
38021,.,-15.289466,35.201186,.
38022,.,-15.289466,35.201186,.
38023,.,-15.289466,35.201186,.
38024,.,-15.419415,35.140775,.
38025,.,-15.419415,35.140775,.
38026,.,-15.705208,35.151067,.
38027,.,-15.705208,35.151067,.
38028,.,-15.791752,35.157739,.
38029,.,-15.766944,35.208484,.
38030,.,-15.705208,35.151067,.
38031,.,-15.705208,35.151067,.
38032,.,-15.621164,35.013099,.
38033,.,-15.702464,34.889266,.
38034,.,-15.664213,34.934739,.
38035,.,-15.909287,34.939594,.
38036,.,-15.909287,34.939594,.
38037,.,-15.451516,34.464556,.
38038,.,-15.759848,34.463784,.
38039,.,-15.759848,34.463784,.
38040,.,-15.760952,34.421717,.
38041,.,-16.237141,35.113096,.
38042,.,-15.994161,35.075365,.
38043,.,-16.028134,35.635929,.
38044,.,-16.028134,35.635929,.
38045,.,-16.119842,35.561699,.
38046,.,-15.793053,35.483234,.
38047,.,-15.938183,35.467495,.
38048,.,-15.938183,35.467495,.
38049,.,-15.938183,35.467495,.
38050,.,-15.57871,35.603459,.
38051,.,-15.627924,35.672782,.
38052,.,-15.627924,35.672782,.
38053,.,-15.65929,35.6434,.
38054,.,-15.684889,35.583213,.
38055,.,-15.766915,35.6721,.
38056,.,-15.766915,35.6721,.
38057,.,-15.73134,35.566626,.
38058,.,-15.848325,35.567227,.
38059,.,-15.848325,35.567227,.
38060,.,-15.848325,35.567227,.
38061,.,-15.848325,35.567227,.
38062,.,-15.848325,35.567227,.
38063,.,-15.69251,35.796372,.
38064,.,-15.836067,35.737044,.
38065,.,-15.836067,35.737044,.
38066,.,-15.889826,35.766564,.
38067,.,-15.752852,35.781488,.
38068,.,-16.030033,34.802835,.
38069,.,-16.17673,34.930358,.
38070,.,-16.349154,35.128115,.
38071,.,-14.931677,35.03003,.
38072,.,-14.992631,34.928059,.
38073,.,-14.992769,34.93994,.
38074,.,-15.028036,35.152533,.
38075,.,-15.028036,35.152533,.
38076,.,-15.028036,35.152533,.
38077,.,-15.028036,35.152533,.
38078,.,-15.101544,35.145211,.
38079,.,-15.055065,34.919847,.
38080,.,-15.055065,34.919847,.
38081,.,-15.191919,34.967449,.
38082,.,-15.191919,34.967449,.
38083,.,-15.238564,34.984646,.
38084,.,-15.238564,34.984646,.
38085,.,-15.238564,34.984646,.
38086,.,-15.238564,34.984646,.
38087,.,-15.256486,35.065353,.
38088,.,-14.785029,35.057611,.
38089,.,-14.785029,35.057611,.
38090,.,-14.785029,35.057611,.
38091,.,-14.869095,35.227445,.
38092,.,-14.869095,35.227445,.
38093,.,-14.903672,35.085979,.
38094,.,-14.903672,35.085979,.
38095,.,-14.903672,35.085979,.
38096,.,-14.903672,35.085979,.
38097,.,-14.903672,35.085979,.
38098,.,-14.903672,35.085979,.
38099,.,-14.903672,35.085979,.
38100,.,-14.903672,35.085979,.
38101,.,-14.948131,35.214956,.
38102,.,-14.948131,35.214956,.
38103,.,-14.948131,35.214956,.
38104,.,-14.948131,35.214956,.
38105,.,-14.948131,35.214956,.
38106,.,-14.948131,35.214956,.
38107,.,-14.976762,34.943929,.
38108,.,-14.976762,34.943929,.
38109,.,-15.465189,34.607883,.
38110,.,-15.37754,35.306335,.
38111,.,-15.37754,35.306335,.
38112,.,-15.37754,35.306335,.
38113,.,-15.37754,35.306335,.
38114,.,-15.411171,35.327691,.
38115,.,-15.703406,35.005569,.
38116,.,-10.20714,33.537028,.
38117,.,-10.20714,33.537028,.
38118,.,-10.882429,34.050458,.
38119,.,-12.480156,34.125547,.
38120,.,-12.480156,34.125547,.
38121,.,-12.547721,34.12495,.
38122,.,-12.768201,34.200761,.
38123,.,-12.768201,34.200761,.
38124,.,-12.356494,34.016562,.
38125,.,-12.356494,34.016562,.
38126,.,-12.356494,34.016562,.
38127,.,-13.209255,34.326557,.
38128,.,-13.397418,34.265175,.
38129,.,-13.397418,34.265175,.
38130,.,-13.397418,34.265175,.
38131,.,-13.345048,34.124701,.
38132,.,-13.345048,34.124701,.
38133,.,-12.961161,34.269784,.
38134,.,-13.319855,34.074362,.
38135,.,-13.423027,34.097944,.
38136,.,-13.423027,34.097944,.
38137,.,-13.423027,34.097944,.
38138,.,-13.334414,33.993416,.
38139,.,-13.375275,33.869728,.
38140,.,-13.375275,33.869728,.
38141,.,-13.505623,33.83564,.
38142,.,-13.147556,33.848971,.
38143,.,-13.241522,33.872457,.
38144,.,-13.241522,33.872457,.
38145,.,-13.241522,33.872457,.
38146,.,-13.308778,33.884552,.
38147,.,-13.308778,33.884552,.
38148,.,-14.007835,33.70938,.
38149,.,-15.268513,35.49244,.
38150,.,-15.268513,35.49244,.
38151,.,-15.268513,35.49244,.
38152,.,-15.268513,35.49244,.
38153,.,-15.572013,35.303079,.
38154,.,-15.572013,35.303079,.
38155,.,-15.572013,35.303079,.
38156,.,-15.572013,35.303079,.
38157,.,-15.647325,35.458836,.
38158,.,-15.338709,35.394991,.
38159,.,-15.338709,35.394991,.
38160,.,-15.615004,35.226737,.
38161,.,-15.615004,35.226737,.
38162,.,-15.609782,35.04466,.
38163,.,-15.847348,34.995895,.
38164,.,-15.847348,34.995895,.
38165,.,-15.575781,35.068538,.
38166,.,-15.431764,35.003062,.
38167,.,-15.431764,35.003062,.
38168,.,-15.431764,35.003062,.
38169,.,-15.431764,35.003062,.
38170,.,-15.525747,34.909696,.
38171,.,-15.525747,34.909696,.
38172,.,-15.525747,34.909696,.
38173,.,-15.665454,34.923029,.
38174,.,-15.665454,34.923029,.
38175,.,-15.665454,34.923029,.
38176,.,-15.665454,34.923029,.
38177,.,-15.665454,34.923029,.
38178,.,-15.569237,35.083289,.
38179,.,-15.569237,35.083289,.
38180,.,-15.569237,35.083289,.
38181,.,-15.569237,35.083289,.
38182,.,-15.559279,34.885134,.
38183,.,-15.559279,34.885134,.
38184,.,-15.559279,34.885134,.
38185,.,-15.559279,34.885134,.
38186,.,-15.66464,34.955245,.
38187,.,-15.66464,34.955245,.
38188,.,-15.779108,34.901791,.
38189,.,-15.856066,35.112088,.
38190,.,-15.856066,35.112088,.
38191,.,-15.856066,35.112088,.
38192,.,-15.848941,34.988053,.
38193,.,-15.964919,34.950694,.
38194,.,-15.964919,34.950694,.
38195,.,-15.994161,35.075365,.
38196,.,-16.007173,35.1575,.
38197,.,-16.007173,35.1575,.
38198,.,-15.875918,35.555916,.
38199,.,-15.848325,35.567227,.
38200,.,-16.17673,34.930358,.
38201,.,-15.055065,34.919847,.
38202,.,-15.37754,35.306335,.
38203,.,-15.399591,35.352221,.
38204,.,-15.389475,35.35048,.
38205,.,-15.389475,35.35048,.
38206,.,-15.770367,35.014662,.
38207,.,-15.826781,35.09758,.
38208,.,-15.826831,34.982374,.
38209,.,-11.671303,34.026398,.
38210,.,-10.961302,33.649999,.
38211,.,-10.754226,33.537282,.
38212,.,-12.549529,33.519392,.
38213,.,-13.094518,33.478406,.
38214,.,-12.903751,34.270026,.
38215,.,-12.903751,34.270026,.
38216,.,-13.272203,34.311688,.
38217,.,-13.397418,34.265175,.
38218,.,-13.345048,34.124701,.
38219,.,-13.345048,34.124701,.
38220,.,-12.961161,34.269784,.
38221,.,-12.961161,34.269784,.
38222,.,-13.375275,33.869728,.
38223,.,-13.375275,33.869728,.
38224,.,-13.505623,33.83564,.
38225,.,-13.241522,33.872457,.
38226,.,-13.308778,33.884552,.
38227,.,-13.987618,33.471434,.
38228,.,-14.004444,33.469742,.
38229,.,-13.98172,33.97522,.
38230,.,-14.167398,33.967162,.
38231,.,-13.920888,32.966397,.
38232,.,-13.772572,33.014152,.
38233,.,-13.772572,33.014152,.
38234,.,-13.70606,32.988531,.
38235,.,-13.803408,32.901011,.
38236,.,-14.31495,33.981149,.
38237,.,-14.263875,34.51864,.
38238,.,-13.998383,33.808134,.
38239,.,-14.022649,33.81761,.
38240,.,-14.02546,33.790943,.
38241,.,-14.023146,33.749996,.
38242,.,-14.036065,33.682929,.
38243,.,-14.036065,33.682929,.
38244,.,-14.036065,33.682929,.
38245,.,-14.47413,35.197807,.
38246,.,-14.334623,34.798593,.
38247,.,-14.575176,35.55658,.
38248,.,-14.575176,35.55658,.
38249,.,-15.473915,35.311902,.
38250,.,-15.361921,35.265958,.
38251,.,-15.803291,35.154915,.
38252,.,-15.671589,35.200021,.
38253,.,-15.908184,35.294892,.
38254,.,-15.908184,35.294892,.
38255,.,-15.908184,35.294892,.
38256,.,-15.705021,35.183601,.
38257,.,-15.558742,35.010733,.
38258,.,-15.452825,34.947099,.
38259,.,-15.452825,34.947099,.
38260,.,-15.66464,34.955245,.
38261,.,-15.681641,35.073323,.
38262,.,-15.964919,34.950694,.
38263,.,-16.196075,35.208329,.
38264,.,-16.007173,35.1575,.
38265,.,-15.959665,35.03493,.
38266,.,-15.965693,35.392825,.
38267,.,-15.965693,35.392825,.
38268,.,-15.830196,34.411347,.
38269,.,-15.902223,34.829097,.
38270,.,-17.09515,35.217213,.
38271,.,-16.977243,35.205706,.
38272,.,-14.914055,34.931088,.
38273,.,-15.427582,34.825967,.
38274,.,-15.385096,35.299773,.
38275,.,-9.507538,33.259649,.
38276,.,-9.550397,33.291558,.
38277,.,-9.776431,33.307894,.
38278,.,-10.002974,33.478651,.
38279,.,-10.002974,33.478651,.
38280,.,-10.002974,33.478651,.
38281,.,-10.002974,33.478651,.
38282,.,-9.591378,33.05745,.
38283,.,-9.591378,33.05745,.
38284,.,-9.651637,33.813854,.
38285,.,-10.403841,34.138224,.
38286,.,-10.282045,34.059226,.
38287,.,-10.399822,34.10239,.
38288,.,-11.671303,34.026398,.
38289,.,-11.709117,34.072019,.
38290,.,-11.77845,34.182041,.
38291,.,-11.759265,34.213486,.
38292,.,-11.597419,34.289879,.
38293,.,-10.804108,34.059065,.
38294,.,-12.314757,33.431981,.
38295,.,-11.330067,33.888153,.
38296,.,-11.443987,33.818765,.
38297,.,-11.443987,33.818765,.
38298,.,-11.350481,33.458365,.
38299,.,-11.350481,33.458365,.
38300,.,-11.704716,33.676888,.
38301,.,-11.652508,33.469931,.
38302,.,-12.35673,33.55738,.
38303,.,-12.35673,33.55738,.
38304,.,-12.524268,33.670876,.
38305,.,-12.524268,33.670876,.
38306,.,-11.906333,33.608928,.
38307,.,-11.429687,34.003117,.
38308,.,-11.429687,34.003117,.
38309,.,-11.429687,34.003117,.
38310,.,-11.425324,34.017434,.
38311,.,-11.458178,34.013903,.
38312,.,-11.458178,34.013903,.
38313,.,-11.443483,34.002229,.
38314,.,-11.451314,34.008785,.
38315,.,-11.452838,34.01643,.
38316,.,-11.444414,34.024958,.
38317,.,-12.549529,33.519392,.
38318,.,-12.736754,33.335215,.
38319,.,-12.736754,33.335215,.
38320,.,-12.864382,33.65154,.
38321,.,-13.036576,33.838871,.
38322,.,-12.435457,34.170292,.
38323,.,-12.677904,34.179679,.
38324,.,-13.102273,34.285371,.
38325,.,-13.334414,33.993416,.
38326,.,-13.217199,33.757794,.
38327,.,-13.510144,33.614385,.
38328,.,-13.510144,33.614385,.
38329,.,-13.365946,33.737434,.
38330,.,-13.628619,33.495548,.
38331,.,-13.763297,33.932837,.
38332,.,-13.851904,34.529105,.
38333,.,-13.779716,34.32197,.
38334,.,-13.930634,34.533073,.
38335,.,-13.660567,34.240615,.
38336,.,-14.156098,33.857402,.
38337,.,-14.185037,33.870781,.
38338,.,-14.185037,33.870781,.
38339,.,-14.23632,33.797774,.
38340,.,-14.23632,33.797774,.
38341,.,-14.23632,33.797774,.
38342,.,-13.987618,33.471434,.
38343,.,-14.157104,33.551782,.
38344,.,-14.127521,33.662751,.
38345,.,-14.260532,33.774799,.
38346,.,-14.260532,33.774799,.
38347,.,-14.027634,34.036002,.
38348,.,-14.027634,34.036002,.
38349,.,-14.027634,34.036002,.
38350,.,-14.027634,34.036002,.
38351,.,-13.98172,33.97522,.
38352,.,-13.98172,33.97522,.
38353,.,-13.98172,33.97522,.
38354,.,-13.98172,33.97522,.
38355,.,-14.14077,34.056561,.
38356,.,-14.14077,34.056561,.
38357,.,-13.950627,34.08006,.
38358,.,-14.096687,33.960052,.
38359,.,-14.096687,33.960052,.
38360,.,-14.096687,33.960052,.
38361,.,-14.096687,33.960052,.
38362,.,-14.167398,33.967162,.
38363,.,-13.94947,33.081072,.
38364,.,-13.916922,33.1276,.
38365,.,-13.772572,33.014152,.
38366,.,-14.414164,34.003808,.
38367,.,-14.414164,34.003808,.
38368,.,-14.414164,34.003808,.
38369,.,-14.347362,34.137668,.
38370,.,-14.31495,33.981149,.
38371,.,-14.095697,34.168091,.
38372,.,-14.095697,34.168091,.
38373,.,-14.095697,34.168091,.
38374,.,-14.263875,34.51864,.
38375,.,-15.187795,34.828257,.
38376,.,-14.641939,34.583085,.
38377,.,-13.956563,33.771997,.
38378,.,-13.956563,33.771997,.
38379,.,-13.956563,33.771997,.
38380,.,-13.981185,33.794726,.
38381,.,-13.947389,33.823267,.
38382,.,-14.022649,33.81761,.
38383,.,-14.022649,33.81761,.
38384,.,-14.022649,33.81761,.
38385,.,-13.899852,33.794876,.
38386,.,-13.885932,33.764391,.
38387,.,-13.893669,33.805097,.
38388,.,-13.893669,33.805097,.
38389,.,-13.893669,33.805097,.
38390,.,-14.02546,33.790943,.
38391,.,-14.02546,33.790943,.
38392,.,-14.02546,33.790943,.
38393,.,-14.02546,33.790943,.
38394,.,-14.023146,33.749996,.
38395,.,-14.023146,33.749996,.
38396,.,-13.920552,33.765325,.
38397,.,-13.937334,33.768276,.
38398,.,-13.764306,33.812489,.
38399,.,-13.764306,33.812489,.
38400,.,-13.764306,33.812489,.
38401,.,-13.956877,33.740034,.
38402,.,-14.012712,33.737374,.
38403,.,-14.012712,33.737374,.
38404,.,-14.012712,33.737374,.
38405,.,-14.007835,33.70938,.
38406,.,-14.007835,33.70938,.
38407,.,-14.029786,33.712149,.
38408,.,-14.036065,33.682929,.
38409,.,-14.036065,33.682929,.
38410,.,-14.036065,33.682929,.
38411,.,-14.036065,33.682929,.
38412,.,-14.453137,35.262859,.
38413,.,-14.347177,35.46094,.
38414,.,-14.575176,35.55658,.
38415,.,-14.698152,35.455542,.
38416,.,-14.213324,35.407836,.
38417,.,-14.213324,35.407836,.
38418,.,-14.213324,35.407836,.
38419,.,-14.790041,35.6293,.
38420,.,-14.790041,35.6293,.
38421,.,-14.790041,35.6293,.
38422,.,-15.268513,35.49244,.
38423,.,-15.38839,35.467089,.
38424,.,-15.473915,35.311902,.
38425,.,-15.473915,35.311902,.
38426,.,-15.549261,35.225079,.
38427,.,-15.549261,35.225079,.
38428,.,-15.621626,35.443322,.
38429,.,-15.253792,35.256139,.
38430,.,-15.253792,35.256139,.
38431,.,-15.471926,35.227714,.
38432,.,-15.471926,35.227714,.
38433,.,-15.471926,35.227714,.
38434,.,-15.471926,35.227714,.
38435,.,-15.338709,35.394991,.
38436,.,-15.338709,35.394991,.
38437,.,-15.612678,35.195643,.
38438,.,-15.612678,35.195643,.
38439,.,-15.612678,35.195643,.
38440,.,-15.612678,35.195643,.
38441,.,-15.612678,35.195643,.
38442,.,-15.612678,35.195643,.
38443,.,-15.705208,35.151067,.
38444,.,-15.705208,35.151067,.
38445,.,-15.766141,35.153758,.
38446,.,-15.766141,35.153758,.
38447,.,-15.766709,35.22348,.
38448,.,-15.766709,35.22348,.
38449,.,-15.766709,35.22348,.
38450,.,-15.766709,35.22348,.
38451,.,-15.766709,35.22348,.
38452,.,-15.791752,35.157739,.
38453,.,-15.791752,35.157739,.
38454,.,-15.791752,35.157739,.
38455,.,-15.791752,35.157739,.
38456,.,-15.795731,35.125619,.
38457,.,-15.795731,35.125619,.
38458,.,-15.795731,35.125619,.
38459,.,-15.803291,35.154915,.
38460,.,-15.803291,35.154915,.
38461,.,-15.803291,35.154915,.
38462,.,-15.803291,35.154915,.
38463,.,-15.816606,35.19103,.
38464,.,-15.816606,35.19103,.
38465,.,-15.816606,35.19103,.
38466,.,-15.835268,35.167445,.
38467,.,-15.835268,35.167445,.
38468,.,-15.835268,35.167445,.
38469,.,-15.671589,35.200021,.
38470,.,-15.671589,35.200021,.
38471,.,-15.671589,35.200021,.
38472,.,-15.753062,35.287326,.
38473,.,-15.753062,35.287326,.
38474,.,-15.753062,35.287326,.
38475,.,-15.851081,35.249045,.
38476,.,-15.851081,35.249045,.
38477,.,-15.851081,35.249045,.
38478,.,-15.851081,35.249045,.
38479,.,-15.851081,35.249045,.
38480,.,-15.851081,35.249045,.
38481,.,-15.80194,35.297593,.
38482,.,-15.80194,35.297593,.
38483,.,-15.80194,35.297593,.
38484,.,-15.80194,35.297593,.
38485,.,-15.80194,35.297593,.
38486,.,-15.849466,35.286663,.
38487,.,-15.849466,35.286663,.
38488,.,-15.849466,35.286663,.
38489,.,-15.849466,35.286663,.
38490,.,-15.849466,35.286663,.
38491,.,-15.908184,35.294892,.
38492,.,-15.908184,35.294892,.
38493,.,-15.908184,35.294892,.
38494,.,-15.908184,35.294892,.
38495,.,-15.908184,35.294892,.
38496,.,-15.944962,35.298889,.
38497,.,-15.944962,35.298889,.
38498,.,-15.944962,35.298889,.
38499,.,-15.944962,35.298889,.
38500,.,-15.929301,35.290814,.
38501,.,-15.929301,35.290814,.
38502,.,-15.929301,35.290814,.
38503,.,-15.929301,35.290814,.
38504,.,-15.929301,35.290814,.
38505,.,-15.929301,35.290814,.
38506,.,-15.574928,35.124925,.
38507,.,-15.574928,35.124925,.
38508,.,-15.574928,35.124925,.
38509,.,-15.556942,35.1832,.
38510,.,-15.556942,35.1832,.
38511,.,-15.615004,35.226737,.
38512,.,-15.667329,35.3114,.
38513,.,-15.667329,35.3114,.
38514,.,-15.667329,35.3114,.
38515,.,-15.667329,35.3114,.
38516,.,-15.667329,35.3114,.
38517,.,-15.667329,35.3114,.
38518,.,-15.667329,35.3114,.
38519,.,-15.705021,35.183601,.
38520,.,-15.705021,35.183601,.
38521,.,-15.705021,35.183601,.
38522,.,-15.558742,35.010733,.
38523,.,-15.558742,35.010733,.
38524,.,-15.619836,35.052294,.
38525,.,-15.575781,35.068538,.
38526,.,-15.575781,35.068538,.
38527,.,-15.569237,35.083289,.
38528,.,-15.775837,34.910253,.
38529,.,-15.775837,34.910253,.
38530,.,-15.775837,34.910253,.
38531,.,-15.834733,34.977652,.
38532,.,-15.834733,34.977652,.
38533,.,-15.909287,34.939594,.
38534,.,-15.909287,34.939594,.
38535,.,-15.455463,34.486459,.
38536,.,-15.483505,34.505184,.
38537,.,-15.50056,34.501325,.
38538,.,-15.726054,34.517129,.
38539,.,-15.726054,34.517129,.
38540,.,-15.451516,34.464556,.
38541,.,-15.451516,34.464556,.
38542,.,-15.598949,34.517429,.
38543,.,-15.598949,34.517429,.
38544,.,-15.760952,34.421717,.
38545,.,-15.69187,34.394455,.
38546,.,-15.596167,34.510841,.
38547,.,-16.33911,35.274649,.
38548,.,-16.33911,35.274649,.
38549,.,-16.33911,35.274649,.
38550,.,-16.33911,35.274649,.
38551,.,-16.196075,35.208329,.
38552,.,-16.196075,35.208329,.
38553,.,-16.196075,35.208329,.
38554,.,-16.196075,35.208329,.
38555,.,-16.308801,35.149457,.
38556,.,-16.308801,35.149457,.
38557,.,-16.237141,35.113096,.
38558,.,-16.237141,35.113096,.
38559,.,-16.237141,35.113096,.
38560,.,-16.237141,35.113096,.
38561,.,-16.237141,35.113096,.
38562,.,-16.097034,35.073377,.
38563,.,-16.097034,35.073377,.
38564,.,-16.097034,35.073377,.
38565,.,-16.139062,35.151528,.
38566,.,-16.139062,35.151528,.
38567,.,-16.139062,35.151528,.
38568,.,-16.139062,35.151528,.
38569,.,-16.207909,35.15497,.
38570,.,-16.207909,35.15497,.
38571,.,-16.207909,35.15497,.
38572,.,-16.099412,35.303969,.
38573,.,-16.099412,35.303969,.
38574,.,-16.099412,35.303969,.
38575,.,-16.181382,35.219897,.
38576,.,-16.181382,35.219897,.
38577,.,-16.181382,35.219897,.
38578,.,-16.051462,35.244837,.
38579,.,-16.051462,35.244837,.
38580,.,-16.051462,35.244837,.
38581,.,-16.051462,35.244837,.
38582,.,-16.051462,35.244837,.
38583,.,-16.051462,35.244837,.
38584,.,-16.108243,35.110525,.
38585,.,-16.108243,35.110525,.
38586,.,-16.108243,35.110525,.
38587,.,-16.108243,35.110525,.
38588,.,-16.108243,35.110525,.
38589,.,-16.108243,35.110525,.
38590,.,-16.108243,35.110525,.
38591,.,-16.153,35.198578,.
38592,.,-16.153,35.198578,.
38593,.,-16.153,35.198578,.
38594,.,-15.93632,35.227798,.
38595,.,-15.93632,35.227798,.
38596,.,-15.93632,35.227798,.
38597,.,-15.93632,35.227798,.
38598,.,-15.93632,35.227798,.
38599,.,-15.93632,35.227798,.
38600,.,-16.007173,35.1575,.
38601,.,-16.009724,35.145672,.
38602,.,-16.009724,35.145672,.
38603,.,-16.009724,35.145672,.
38604,.,-16.009724,35.145672,.
38605,.,-15.864042,35.171426,.
38606,.,-15.864042,35.171426,.
38607,.,-15.864042,35.171426,.
38608,.,-15.864042,35.171426,.
38609,.,-15.959665,35.03493,.
38610,.,-15.940622,35.095487,.
38611,.,-15.978893,34.978723,.
38612,.,-15.978893,34.978723,.
38613,.,-15.978893,34.978723,.
38614,.,-15.978893,34.978723,.
38615,.,-16.041099,35.145198,.
38616,.,-16.041099,35.145198,.
38617,.,-16.041099,35.145198,.
38618,.,-16.043878,35.6054,.
38619,.,-16.043878,35.6054,.
38620,.,-16.084998,35.581694,.
38621,.,-16.084998,35.581694,.
38622,.,-16.084998,35.581694,.
38623,.,-16.119842,35.561699,.
38624,.,-16.119842,35.561699,.
38625,.,-16.119842,35.561699,.
38626,.,-16.119842,35.561699,.
38627,.,-16.119842,35.561699,.
38628,.,-16.119842,35.561699,.
38629,.,-16.119842,35.561699,.
38630,.,-16.047835,35.472547,.
38631,.,-16.119289,35.381973,.
38632,.,-16.119289,35.381973,.
38633,.,-16.119289,35.381973,.
38634,.,-16.119289,35.381973,.
38635,.,-16.119289,35.381973,.
38636,.,-16.119289,35.381973,.
38637,.,-16.119289,35.381973,.
38638,.,-16.091054,35.56195,.
38639,.,-16.091054,35.56195,.
38640,.,-16.022744,35.811397,.
38641,.,-16.022744,35.811397,.
38642,.,-16.022744,35.811397,.
38643,.,-16.022744,35.811397,.
38644,.,-16.022744,35.811397,.
38645,.,-16.022744,35.811397,.
38646,.,-16.022744,35.811397,.
38647,.,-16.022744,35.811397,.
38648,.,-16.094797,35.681098,.
38649,.,-16.044566,35.695152,.
38650,.,-16.044566,35.695152,.
38651,.,-16.044566,35.695152,.
38652,.,-16.029948,35.410465,.
38653,.,-16.029948,35.410465,.
38654,.,-16.029948,35.410465,.
38655,.,-16.020639,35.448207,.
38656,.,-16.020639,35.448207,.
38657,.,-15.965693,35.392825,.
38658,.,-15.965693,35.392825,.
38659,.,-15.965693,35.392825,.
38660,.,-15.965693,35.392825,.
38661,.,-15.965693,35.392825,.
38662,.,-16.054833,35.360422,.
38663,.,-16.054833,35.360422,.
38664,.,-16.054833,35.360422,.
38665,.,-15.793053,35.483234,.
38666,.,-15.793053,35.483234,.
38667,.,-15.793053,35.483234,.
38668,.,-15.793053,35.483234,.
38669,.,-15.793053,35.483234,.
38670,.,-15.793053,35.483234,.
38671,.,-15.875918,35.555916,.
38672,.,-15.875918,35.555916,.
38673,.,-15.875918,35.555916,.
38674,.,-15.875918,35.555916,.
38675,.,-15.938183,35.467495,.
38676,.,-15.938183,35.467495,.
38677,.,-15.938183,35.467495,.
38678,.,-15.938183,35.467495,.
38679,.,-15.916279,35.384048,.
38680,.,-15.916279,35.384048,.
38681,.,-15.916279,35.384048,.
38682,.,-15.916279,35.384048,.
38683,.,-15.916279,35.384048,.
38684,.,-15.699825,35.486854,.
38685,.,-15.699825,35.486854,.
38686,.,-15.699825,35.486854,.
38687,.,-15.699825,35.486854,.
38688,.,-15.699825,35.486854,.
38689,.,-15.699825,35.486854,.
38690,.,-15.725627,35.341325,.
38691,.,-15.725627,35.341325,.
38692,.,-15.725627,35.341325,.
38693,.,-15.725627,35.341325,.
38694,.,-15.877739,35.351154,.
38695,.,-15.877739,35.351154,.
38696,.,-15.877739,35.351154,.
38697,.,-15.877739,35.351154,.
38698,.,-16.022487,35.513886,.
38699,.,-16.022487,35.513886,.
38700,.,-16.022487,35.513886,.
38701,.,-16.022487,35.513886,.
38702,.,-15.553168,35.64588,.
38703,.,-15.553168,35.64588,.
38704,.,-15.553168,35.64588,.
38705,.,-15.553168,35.64588,.
38706,.,-15.538003,35.626395,.
38707,.,-15.538003,35.626395,.
38708,.,-15.538003,35.626395,.
38709,.,-15.538003,35.626395,.
38710,.,-15.538003,35.626395,.
38711,.,-15.57871,35.603459,.
38712,.,-15.57871,35.603459,.
38713,.,-15.57871,35.603459,.
38714,.,-15.57871,35.603459,.
38715,.,-15.57871,35.603459,.
38716,.,-15.627924,35.672782,.
38717,.,-15.627924,35.672782,.
38718,.,-15.627924,35.672782,.
38719,.,-15.627924,35.672782,.
38720,.,-15.65929,35.6434,.
38721,.,-15.65929,35.6434,.
38722,.,-15.65929,35.6434,.
38723,.,-15.634718,35.531409,.
38724,.,-15.634718,35.531409,.
38725,.,-15.634718,35.531409,.
38726,.,-15.678937,35.680682,.
38727,.,-15.678937,35.680682,.
38728,.,-15.678937,35.680682,.
38729,.,-15.678937,35.680682,.
38730,.,-15.726059,35.710228,.
38731,.,-15.726059,35.710228,.
38732,.,-15.726059,35.710228,.
38733,.,-15.726059,35.710228,.
38734,.,-15.718445,35.680575,.
38735,.,-15.718445,35.680575,.
38736,.,-15.718445,35.680575,.
38737,.,-15.718445,35.680575,.
38738,.,-15.718445,35.680575,.
38739,.,-15.766915,35.6721,.
38740,.,-15.766915,35.6721,.
38741,.,-15.766915,35.6721,.
38742,.,-15.779582,35.559395,.
38743,.,-15.779582,35.559395,.
38744,.,-15.779582,35.559395,.
38745,.,-15.779582,35.559395,.
38746,.,-15.779582,35.559395,.
38747,.,-15.73134,35.566626,.
38748,.,-15.73134,35.566626,.
38749,.,-15.73134,35.566626,.
38750,.,-15.73134,35.566626,.
38751,.,-15.73134,35.566626,.
38752,.,-15.805679,35.546449,.
38753,.,-15.805679,35.546449,.
38754,.,-15.805679,35.546449,.
38755,.,-15.805679,35.546449,.
38756,.,-15.848325,35.567227,.
38757,.,-15.848325,35.567227,.
38758,.,-15.848325,35.567227,.
38759,.,-15.848325,35.567227,.
38760,.,-15.848325,35.567227,.
38761,.,-15.848325,35.567227,.
38762,.,-15.836097,35.616962,.
38763,.,-15.836097,35.616962,.
38764,.,-15.836097,35.616962,.
38765,.,-15.69251,35.796372,.
38766,.,-15.69251,35.796372,.
38767,.,-15.69251,35.796372,.
38768,.,-15.69251,35.796372,.
38769,.,-15.69251,35.796372,.
38770,.,-15.69251,35.796372,.
38771,.,-15.69251,35.796372,.
38772,.,-15.69251,35.796372,.
38773,.,-15.804177,35.793425,.
38774,.,-15.804177,35.793425,.
38775,.,-15.836067,35.737044,.
38776,.,-15.836067,35.737044,.
38777,.,-15.836067,35.737044,.
38778,.,-15.889826,35.766564,.
38779,.,-15.889826,35.766564,.
38780,.,-15.889826,35.766564,.
38781,.,-15.889826,35.766564,.
38782,.,-15.752852,35.781488,.
38783,.,-15.752852,35.781488,.
38784,.,-15.752852,35.781488,.
38785,.,-15.752852,35.781488,.
38786,.,-15.752852,35.781488,.
38787,.,-15.752852,35.781488,.
38788,.,-15.50833,35.782588,.
38789,.,-15.50833,35.782588,.
38790,.,-15.50833,35.782588,.
38791,.,-15.545205,35.823627,.
38792,.,-15.545205,35.823627,.
38793,.,-15.545205,35.823627,.
38794,.,-15.545205,35.823627,.
38795,.,-15.582173,35.835835,.
38796,.,-15.582173,35.835835,.
38797,.,-15.582173,35.835835,.
38798,.,-16.321642,34.76847,.
38799,.,-16.368803,34.656367,.
38800,.,-16.489865,34.827208,.
38801,.,-15.830196,34.411347,.
38802,.,-15.830196,34.411347,.
38803,.,-15.902223,34.829097,.
38804,.,-15.902223,34.829097,.
38805,.,-15.902223,34.829097,.
38806,.,-15.902223,34.829097,.
38807,.,-16.17673,34.930358,.
38808,.,-17.092351,35.114643,.
38809,.,-17.092351,35.114643,.
38810,.,-16.386542,35.141033,.
38811,.,-16.506757,35.151249,.
38812,.,-16.826165,35.269503,.
38813,.,-16.648067,35.113616,.
38814,.,-16.956385,35.168967,.
38815,.,-16.956385,35.168967,.
38816,.,-16.956385,35.168967,.
38817,.,-17.016698,35.079629,.
38818,.,-14.944016,35.144464,.
38819,.,-14.944016,35.144464,.
38820,.,-14.944016,35.144464,.
38821,.,-15.215737,34.602905,.
38822,.,-15.397163,34.544338,.
38823,.,-15.397163,34.544338,.
38824,.,-15.397163,34.544338,.
38825,.,-15.548224,34.626974,.
38826,.,-15.548224,34.626974,.
38827,.,-15.548224,34.626974,.
38828,.,-15.548224,34.626974,.
38829,.,-15.347351,34.925195,.
38830,.,-15.349341,34.850334,.
38831,.,-15.349341,34.850334,.
38832,.,-15.282556,34.70229,.
38833,.,-15.282556,34.70229,.
38834,.,-15.282556,34.70229,.
38835,.,-15.364113,34.670693,.
38836,.,-15.413797,35.301432,.
38837,.,-15.385096,35.299773,.
38838,.,-15.385096,35.299773,.
38839,.,-15.388311,35.349786,.
38840,.,-15.429797,35.306298,.
38841,.,-15.388281,35.3203,.
38842,.,-15.39032,35.315213,.
38843,.,-15.3991,35.339457,.
38844,.,-15.401425,35.336762,.
38845,.,-9.507538,33.259649,.
38846,.,-9.550397,33.291558,.
38847,.,-9.550397,33.291558,.
38848,.,-9.550397,33.291558,.
38849,.,-9.550397,33.291558,.
38850,.,-9.624898,33.254616,.
38851,.,-9.624898,33.254616,.
38852,.,-9.624898,33.254616,.
38853,.,-9.624898,33.254616,.
38854,.,-9.667378,33.41101,.
38855,.,-9.673118,33.238482,.
38856,.,-9.673118,33.238482,.
38857,.,-9.673118,33.238482,.
38858,.,-9.693834,33.384991,.
38859,.,-9.776431,33.307894,.
38860,.,-9.776431,33.307894,.
38861,.,-9.776431,33.307894,.
38862,.,-9.776431,33.307894,.
38863,.,-9.834715,33.411655,.
38864,.,-9.678125,33.40707,.
38865,.,-9.678125,33.40707,.
38866,.,-9.70643,33.572901,.
38867,.,-9.70643,33.572901,.
38868,.,-9.70643,33.572901,.
38869,.,-9.70643,33.572901,.
38870,.,-9.70643,33.572901,.
38871,.,-9.70643,33.572901,.
38872,.,-9.70643,33.572901,.
38873,.,-9.70643,33.572901,.
38874,.,-9.686698,33.490198,.
38875,.,-9.686698,33.490198,.
38876,.,-9.686698,33.490198,.
38877,.,-9.686698,33.490198,.
38878,.,-10.002974,33.478651,.
38879,.,-10.002974,33.478651,.
38880,.,-10.002974,33.478651,.
38881,.,-10.076443,33.560035,.
38882,.,-10.076443,33.560035,.
38883,.,-10.076443,33.560035,.
38884,.,-10.216961,33.674528,.
38885,.,-10.216961,33.674528,.
38886,.,-10.32619,33.717783,.
38887,.,-10.32619,33.717783,.
38888,.,-10.32619,33.717783,.
38889,.,-10.32619,33.717783,.
38890,.,-10.32619,33.717783,.
38891,.,-10.32619,33.717783,.
38892,.,-10.363741,33.5863,.
38893,.,-10.363741,33.5863,.
38894,.,-10.363741,33.5863,.
38895,.,-10.363741,33.5863,.
38896,.,-10.363741,33.5863,.
38897,.,-10.363741,33.5863,.
38898,.,-10.363741,33.5863,.
38899,.,-9.51923,33.139193,.
38900,.,-9.692803,33.258806,.
38901,.,-9.70895,33.263961,.
38902,.,-9.715316,33.886667,.
38903,.,-9.759542,33.824057,.
38904,.,-9.759542,33.824057,.
38905,.,-9.645417,33.802678,.
38906,.,-9.873128,33.896288,.
38907,.,-9.873128,33.896288,.
38908,.,-9.996945,33.836118,.
38909,.,-9.996945,33.836118,.
38910,.,-10.071092,33.996649,.
38911,.,-10.071092,33.996649,.
38912,.,-10.071092,33.996649,.
38913,.,-10.071092,33.996649,.
38914,.,-10.184441,34.023583,.
38915,.,-10.403841,34.138224,.
38916,.,-10.442679,34.101839,.
38917,.,-10.442679,34.101839,.
38918,.,-10.282045,34.059226,.
38919,.,-10.282045,34.059226,.
38920,.,-10.399822,34.10239,.
38921,.,-9.949785,33.908869,.
38922,.,-11.709117,34.072019,.
38923,.,-11.709117,34.072019,.
38924,.,-11.709117,34.072019,.
38925,.,-11.709117,34.072019,.
38926,.,-11.709117,34.072019,.
38927,.,-11.869863,34.132379,.
38928,.,-12.068157,34.049511,.
38929,.,-11.256585,34.199931,.
38930,.,-11.375006,34.077967,.
38931,.,-11.375006,34.077967,.
38932,.,-11.375006,34.077967,.
38933,.,-11.413241,34.216314,.
38934,.,-10.903221,33.632296,.
38935,.,-10.895534,33.744985,.
38936,.,-10.977621,33.65402,.
38937,.,-10.977621,33.65402,.
38938,.,-10.977621,33.65402,.
38939,.,-10.970504,33.738524,.
38940,.,-10.970504,33.738524,.
38941,.,-10.94494,33.766007,.
38942,.,-10.94494,33.766007,.
38943,.,-10.94494,33.766007,.
38944,.,-10.832742,34.187335,.
38945,.,-10.810424,34.032693,.
38946,.,-10.891467,34.013325,.
38947,.,-10.620806,34.109264,.
38948,.,-10.620806,34.109264,.
38949,.,-10.804108,34.059065,.
38950,.,-10.804108,34.059065,.
38951,.,-10.669118,34.075923,.
38952,.,-10.916977,34.00885,.
38953,.,-10.916977,34.00885,.
38954,.,-10.916977,34.00885,.
38955,.,-10.754226,33.537282,.
38956,.,-10.754226,33.537282,.
38957,.,-10.852595,33.531056,.
38958,.,-11.01095,33.854296,.
38959,.,-11.01095,33.854296,.
38960,.,-11.025932,33.845638,.
38961,.,-11.025932,33.845638,.
38962,.,-11.025597,33.841177,.
38963,.,-12.314757,33.431981,.
38964,.,-12.314757,33.431981,.
38965,.,-12.314757,33.431981,.
38966,.,-11.330067,33.888153,.
38967,.,-11.330067,33.888153,.
38968,.,-11.443987,33.818765,.
38969,.,-11.443987,33.818765,.
38970,.,-11.443987,33.818765,.
38971,.,-11.443987,33.818765,.
38972,.,-11.462884,33.866583,.
38973,.,-11.652508,33.469931,.
38974,.,-11.998786,33.528231,.
38975,.,-12.375627,33.719306,.
38976,.,-12.375627,33.719306,.
38977,.,-12.375627,33.719306,.
38978,.,-12.68101,33.80395,.
38979,.,-12.68101,33.80395,.
38980,.,-12.164785,33.430374,.
38981,.,-12.164785,33.430374,.
38982,.,-11.906333,33.608928,.
38983,.,-12.05268,34.743996,.
38984,.,-11.381057,33.974639,.
38985,.,-11.381057,33.974639,.
38986,.,-11.425324,34.017434,.
38987,.,-12.549529,33.519392,.
38988,.,-12.636775,33.502301,.
38989,.,-12.636775,33.502301,.
38990,.,-12.636775,33.502301,.
38991,.,-12.636775,33.502301,.
38992,.,-12.636775,33.502301,.
38993,.,-12.636775,33.502301,.
38994,.,-12.75019,33.755312,.
38995,.,-12.690471,33.427711,.
38996,.,-13.092839,33.373104,.
38997,.,-13.230821,33.569775,.
38998,.,-13.082668,33.753587,.
38999,.,-13.082668,33.753587,.
39000,.,-12.864215,33.448411,.
39001,.,-12.864215,33.448411,.
39002,.,-12.864215,33.448411,.
39003,.,-12.864215,33.448411,.
39004,.,-12.864382,33.65154,.
39005,.,-13.015882,33.461245,.
39006,.,-12.903751,34.270026,.
39007,.,-13.362015,34.264738,.
39008,.,-13.397418,34.265175,.
39009,.,-13.319855,34.074362,.
39010,.,-13.368588,33.956473,.
39011,.,-13.368588,33.956473,.
39012,.,-13.368588,33.956473,.
39013,.,-13.368588,33.956473,.
39014,.,-13.368588,33.956473,.
39015,.,-13.505623,33.83564,.
39016,.,-13.217199,33.757794,.
39017,.,-13.308778,33.884552,.
39018,.,-13.308778,33.884552,.
39019,.,-13.305415,33.797999,.
39020,.,-13.463495,33.749036,.
39021,.,-13.639242,33.637618,.
39022,.,-13.242061,33.638782,.
39023,.,-13.365946,33.737434,.
39024,.,-13.472007,33.602711,.
39025,.,-13.577768,33.56351,.
39026,.,-13.649155,34.042664,.
39027,.,-13.700251,33.84987,.
39028,.,-13.700251,33.84987,.
39029,.,-13.763297,33.932837,.
39030,.,-13.763297,33.932837,.
39031,.,-13.592628,34.078702,.
39032,.,-13.637108,33.902552,.
39033,.,-13.637108,33.902552,.
39034,.,-13.637108,33.902552,.
39035,.,-13.54501,33.75642,.
39036,.,-13.54501,33.75642,.
39037,.,-13.846168,34.585541,.
39038,.,-13.846168,34.585541,.
39039,.,-13.885676,34.475131,.
39040,.,-14.038697,34.511056,.
39041,.,-13.514585,34.282768,.
39042,.,-13.660567,34.240615,.
39043,.,-13.605708,34.138884,.
39044,.,-14.185037,33.870781,.
39045,.,-14.185037,33.870781,.
39046,.,-14.185037,33.870781,.
39047,.,-14.185037,33.870781,.
39048,.,-14.185037,33.870781,.
39049,.,-14.185037,33.870781,.
39050,.,-14.185037,33.870781,.
39051,.,-14.23632,33.797774,.
39052,.,-13.987618,33.471434,.
39053,.,-13.987618,33.471434,.
39054,.,-14.004444,33.469742,.
39055,.,-14.252291,33.724729,.
39056,.,-14.027634,34.036002,.
39057,.,-14.027634,34.036002,.
39058,.,-13.98172,33.97522,.
39059,.,-13.98172,33.97522,.
39060,.,-13.98172,33.97522,.
39061,.,-13.98172,33.97522,.
39062,.,-13.98172,33.97522,.
39063,.,-13.98172,33.97522,.
39064,.,-13.98172,33.97522,.
39065,.,-13.950627,34.08006,.
39066,.,-13.728265,33.301121,.
39067,.,-14.096687,33.960052,.
39068,.,-14.167398,33.967162,.
39069,.,-14.167398,33.967162,.
39070,.,-14.167398,33.967162,.
39071,.,-14.002539,33.846601,.
39072,.,-14.101096,33.807346,.
39073,.,-14.101096,33.807346,.
39074,.,-14.101096,33.807346,.
39075,.,-14.101096,33.807346,.
39076,.,-14.101096,33.807346,.
39077,.,-13.996385,33.708036,.
39078,.,-14.123186,33.59488,.
39079,.,-13.935473,33.443104,.
39080,.,-13.94947,33.081072,.
39081,.,-13.772572,33.014152,.
39082,.,-13.70606,32.988531,.
39083,.,-13.656155,33.060158,.
39084,.,-13.666854,33.204111,.
39085,.,-13.666854,33.204111,.
39086,.,-13.557205,32.897253,.
39087,.,-13.557205,32.897253,.
39088,.,-13.803408,32.901011,.
39089,.,-14.414164,34.003808,.
39090,.,-14.100208,34.235927,.
39091,.,-14.100208,34.235927,.
39092,.,-14.095697,34.168091,.
39093,.,-14.298119,34.261228,.
39094,.,-14.37646,34.469011,.
39095,.,-14.37646,34.469011,.
39096,.,-15.187795,34.828257,.
39097,.,-15.187795,34.828257,.
39098,.,-14.918698,34.586335,.
39099,.,-14.918698,34.586335,.
39100,.,-14.918698,34.586335,.
39101,.,-14.780085,34.657889,.
39102,.,-14.718437,34.69204,.
39103,.,-14.718437,34.69204,.
39104,.,-14.544524,34.533248,.
39105,.,-13.956563,33.771997,.
39106,.,-13.887295,33.74622,.
39107,.,-13.893669,33.805097,.
39108,.,-13.893669,33.805097,.
39109,.,-14.046295,33.798679,.
39110,.,-13.89782,33.760477,.
39111,.,-13.920552,33.765325,.
39112,.,-13.764306,33.812489,.
39113,.,-13.764306,33.812489,.
39114,.,-14.007835,33.70938,.
39115,.,-14.008755,33.728111,.
39116,.,-14.036065,33.682929,.
39117,.,-14.036065,33.682929,.
39118,.,-14.036065,33.682929,.
39119,.,-14.036065,33.682929,.
39120,.,-14.47413,35.197807,.
39121,.,-14.662478,35.026911,.
39122,.,-14.662478,35.026911,.
39123,.,-14.662478,35.026911,.
39124,.,-14.755818,35.232287,.
39125,.,-14.112681,34.870719,.
39126,.,-14.41125,35.595181,.
39127,.,-14.575176,35.55658,.
39128,.,-14.575176,35.55658,.
39129,.,-14.575176,35.55658,.
39130,.,-14.575176,35.55658,.
39131,.,-14.503987,35.326367,.
39132,.,-14.503987,35.326367,.
39133,.,-14.503987,35.326367,.
39134,.,-14.698152,35.455542,.
39135,.,-14.698152,35.455542,.
39136,.,-14.846169,35.50009,.
39137,.,-14.846169,35.50009,.
39138,.,-14.958294,35.520117,.
39139,.,-14.958294,35.520117,.
39140,.,-14.986768,35.462909,.
39141,.,-14.986768,35.462909,.
39142,.,-14.986768,35.462909,.
39143,.,-14.986768,35.462909,.
39144,.,-14.986768,35.462909,.
39145,.,-15.22401,35.203621,.
39146,.,-15.22401,35.203621,.
39147,.,-15.22401,35.203621,.
39148,.,-15.22401,35.203621,.
39149,.,-15.22401,35.203621,.
39150,.,-15.22401,35.203621,.
39151,.,-14.790041,35.6293,.
39152,.,-14.790041,35.6293,.
39153,.,-14.835844,35.565399,.
39154,.,-14.835844,35.565399,.
39155,.,-14.835844,35.565399,.
39156,.,-14.835844,35.565399,.
39157,.,-14.835844,35.565399,.
39158,.,-14.966727,35.676864,.
39159,.,-14.966727,35.676864,.
39160,.,-14.966727,35.676864,.
39161,.,-14.924294,35.85383,.
39162,.,-15.035595,35.513982,.
39163,.,-14.863595,35.680037,.
39164,.,-14.863595,35.680037,.
39165,.,-14.863595,35.680037,.
39166,.,-14.863595,35.680037,.
39167,.,-14.717821,35.800871,.
39168,.,-14.717821,35.800871,.
39169,.,-15.042153,35.22694,.
39170,.,-15.042153,35.22694,.
39171,.,-15.268513,35.49244,.
39172,.,-15.268513,35.49244,.
39173,.,-15.268513,35.49244,.
39174,.,-15.268513,35.49244,.
39175,.,-15.331859,35.457338,.
39176,.,-15.331859,35.457338,.
39177,.,-15.331859,35.457338,.
39178,.,-15.331859,35.457338,.
39179,.,-15.331859,35.457338,.
39180,.,-15.331859,35.457338,.
39181,.,-15.331859,35.457338,.
39182,.,-15.331859,35.457338,.
39183,.,-15.331859,35.457338,.
39184,.,-15.389976,35.363563,.
39185,.,-15.389976,35.363563,.
39186,.,-15.38839,35.467089,.
39187,.,-15.38839,35.467089,.
39188,.,-15.38839,35.467089,.
39189,.,-15.38839,35.467089,.
39190,.,-15.38839,35.467089,.
39191,.,-15.38839,35.467089,.
39192,.,-15.38839,35.467089,.
39193,.,-15.38839,35.467089,.
39194,.,-15.38839,35.467089,.
39195,.,-15.38839,35.467089,.
39196,.,-15.420275,35.394941,.
39197,.,-15.420275,35.394941,.
39198,.,-15.420275,35.394941,.
39199,.,-15.420275,35.394941,.
39200,.,-15.420275,35.394941,.
39201,.,-15.420275,35.394941,.
39202,.,-15.420275,35.394941,.
39203,.,-15.465583,35.635228,.
39204,.,-15.465583,35.635228,.
39205,.,-15.465583,35.635228,.
39206,.,-15.465583,35.635228,.
39207,.,-15.465583,35.635228,.
39208,.,-15.473915,35.311902,.
39209,.,-15.473915,35.311902,.
39210,.,-15.473915,35.311902,.
39211,.,-15.473915,35.311902,.
39212,.,-15.583395,35.424766,.
39213,.,-15.549261,35.225079,.
39214,.,-15.549261,35.225079,.
39215,.,-15.549261,35.225079,.
39216,.,-15.549261,35.225079,.
39217,.,-15.549261,35.225079,.
39218,.,-15.572013,35.303079,.
39219,.,-15.572013,35.303079,.
39220,.,-15.572013,35.303079,.
39221,.,-15.572013,35.303079,.
39222,.,-15.635692,35.306659,.
39223,.,-15.635692,35.306659,.
39224,.,-15.635692,35.306659,.
39225,.,-15.635692,35.306659,.
39226,.,-15.635692,35.306659,.
39227,.,-15.621626,35.443322,.
39228,.,-15.621626,35.443322,.
39229,.,-15.621626,35.443322,.
39230,.,-15.621626,35.443322,.
39231,.,-15.621626,35.443322,.
39232,.,-15.621626,35.443322,.
39233,.,-15.647325,35.458836,.
39234,.,-15.647325,35.458836,.
39235,.,-15.647325,35.458836,.
39236,.,-15.647325,35.458836,.
39237,.,-15.647325,35.458836,.
39238,.,-15.647325,35.458836,.
39239,.,-15.647325,35.458836,.
39240,.,-15.647325,35.458836,.
39241,.,-15.647325,35.458836,.
39242,.,-15.253792,35.256139,.
39243,.,-15.253792,35.256139,.
39244,.,-15.253792,35.256139,.
39245,.,-15.253792,35.256139,.
39246,.,-15.253792,35.256139,.
39247,.,-15.253792,35.256139,.
39248,.,-15.253792,35.256139,.
39249,.,-15.388404,35.198928,.
39250,.,-15.388404,35.198928,.
39251,.,-15.388404,35.198928,.
39252,.,-15.388404,35.198928,.
39253,.,-15.419415,35.140775,.
39254,.,-15.471926,35.227714,.
39255,.,-15.471926,35.227714,.
39256,.,-15.471926,35.227714,.
39257,.,-15.471926,35.227714,.
39258,.,-15.471926,35.227714,.
39259,.,-15.361921,35.265958,.
39260,.,-15.361921,35.265958,.
39261,.,-15.361921,35.265958,.
39262,.,-15.361921,35.265958,.
39263,.,-15.338709,35.394991,.
39264,.,-15.338709,35.394991,.
39265,.,-15.338709,35.394991,.
39266,.,-15.338709,35.394991,.
39267,.,-15.338709,35.394991,.
39268,.,-15.338709,35.394991,.
39269,.,-15.338709,35.394991,.
39270,.,-15.338709,35.394991,.
39271,.,-15.338709,35.394991,.
39272,.,-15.338709,35.394991,.
39273,.,-15.612678,35.195643,.
39274,.,-15.705208,35.151067,.
39275,.,-15.705208,35.151067,.
39276,.,-15.766141,35.153758,.
39277,.,-15.766141,35.153758,.
39278,.,-15.766141,35.153758,.
39279,.,-15.766141,35.153758,.
39280,.,-15.766709,35.22348,.
39281,.,-15.766709,35.22348,.
39282,.,-15.766709,35.22348,.
39283,.,-15.791752,35.157739,.
39284,.,-15.791752,35.157739,.
39285,.,-15.791752,35.157739,.
39286,.,-15.795731,35.125619,.
39287,.,-15.795731,35.125619,.
39288,.,-15.795731,35.125619,.
39289,.,-15.795731,35.125619,.
39290,.,-15.795731,35.125619,.
39291,.,-15.795731,35.125619,.
39292,.,-15.795731,35.125619,.
39293,.,-15.803291,35.154915,.
39294,.,-15.803291,35.154915,.
39295,.,-15.816606,35.19103,.
39296,.,-15.816606,35.19103,.
39297,.,-15.816606,35.19103,.
39298,.,-15.835268,35.167445,.
39299,.,-15.835268,35.167445,.
39300,.,-15.753062,35.287326,.
39301,.,-15.753062,35.287326,.
39302,.,-15.753062,35.287326,.
39303,.,-15.80194,35.297593,.
39304,.,-15.80194,35.297593,.
39305,.,-15.80194,35.297593,.
39306,.,-15.80194,35.297593,.
39307,.,-15.80194,35.297593,.
39308,.,-15.908184,35.294892,.
39309,.,-15.944962,35.298889,.
39310,.,-15.944962,35.298889,.
39311,.,-15.944962,35.298889,.
39312,.,-15.944962,35.298889,.
39313,.,-15.944962,35.298889,.
39314,.,-15.929301,35.290814,.
39315,.,-15.574928,35.124925,.
39316,.,-15.574928,35.124925,.
39317,.,-15.574928,35.124925,.
39318,.,-15.574928,35.124925,.
39319,.,-15.615004,35.226737,.
39320,.,-15.615004,35.226737,.
39321,.,-15.705021,35.183601,.
39322,.,-15.705021,35.183601,.
39323,.,-15.705021,35.183601,.
39324,.,-15.558742,35.010733,.
39325,.,-15.558742,35.010733,.
39326,.,-15.609782,35.04466,.
39327,.,-15.621164,35.013099,.
39328,.,-15.452825,34.947099,.
39329,.,-15.702464,34.889266,.
39330,.,-15.702464,34.889266,.
39331,.,-15.702464,34.889266,.
39332,.,-15.702464,34.889266,.
39333,.,-15.702464,34.889266,.
39334,.,-15.665454,34.923029,.
39335,.,-15.665454,34.923029,.
39336,.,-15.569237,35.083289,.
39337,.,-15.569237,35.083289,.
39338,.,-15.569237,35.083289,.
39339,.,-15.664213,34.934739,.
39340,.,-15.664213,34.934739,.
39341,.,-15.664213,34.934739,.
39342,.,-15.664213,34.934739,.
39343,.,-15.664213,34.934739,.
39344,.,-15.664213,34.934739,.
39345,.,-15.664213,34.934739,.
39346,.,-15.664213,34.934739,.
39347,.,-15.775837,34.910253,.
39348,.,-15.775837,34.910253,.
39349,.,-15.775837,34.910253,.
39350,.,-15.775837,34.910253,.
39351,.,-15.775837,34.910253,.
39352,.,-15.775837,34.910253,.
39353,.,-15.775837,34.910253,.
39354,.,-15.681641,35.073323,.
39355,.,-15.681641,35.073323,.
39356,.,-15.834733,34.977652,.
39357,.,-15.834733,34.977652,.
39358,.,-15.834733,34.977652,.
39359,.,-15.909287,34.939594,.
39360,.,-15.909287,34.939594,.
39361,.,-15.909287,34.939594,.
39362,.,-15.909287,34.939594,.
39363,.,-15.909287,34.939594,.
39364,.,-15.455463,34.486459,.
39365,.,-15.483505,34.505184,.
39366,.,-15.483505,34.505184,.
39367,.,-15.483505,34.505184,.
39368,.,-15.483505,34.505184,.
39369,.,-15.483505,34.505184,.
39370,.,-15.483505,34.505184,.
39371,.,-15.483505,34.505184,.
39372,.,-15.483505,34.505184,.
39373,.,-15.483505,34.505184,.
39374,.,-15.483505,34.505184,.
39375,.,-15.50056,34.501325,.
39376,.,-15.50056,34.501325,.
39377,.,-15.50056,34.501325,.
39378,.,-15.50056,34.501325,.
39379,.,-15.50056,34.501325,.
39380,.,-15.50056,34.501325,.
39381,.,-15.50056,34.501325,.
39382,.,-15.50056,34.501325,.
39383,.,-15.50056,34.501325,.
39384,.,-15.50056,34.501325,.
39385,.,-15.50056,34.501325,.
39386,.,-15.567784,34.519127,.
39387,.,-15.567784,34.519127,.
39388,.,-15.567784,34.519127,.
39389,.,-15.567784,34.519127,.
39390,.,-15.596914,34.520456,.
39391,.,-15.596914,34.520456,.
39392,.,-15.596914,34.520456,.
39393,.,-15.596914,34.520456,.
39394,.,-15.596914,34.520456,.
39395,.,-15.596914,34.520456,.
39396,.,-15.596914,34.520456,.
39397,.,-15.596914,34.520456,.
39398,.,-15.596914,34.520456,.
39399,.,-15.596914,34.520456,.
39400,.,-15.596914,34.520456,.
39401,.,-15.596914,34.520456,.
39402,.,-15.596914,34.520456,.
39403,.,-15.595224,34.525479,.
39404,.,-15.595224,34.525479,.
39405,.,-15.595224,34.525479,.
39406,.,-15.595224,34.525479,.
39407,.,-15.595224,34.525479,.
39408,.,-15.595224,34.525479,.
39409,.,-15.595224,34.525479,.
39410,.,-15.656258,34.568301,.
39411,.,-15.656258,34.568301,.
39412,.,-15.656258,34.568301,.
39413,.,-15.656258,34.568301,.
39414,.,-15.735286,34.52086,.
39415,.,-15.735286,34.52086,.
39416,.,-15.735286,34.52086,.
39417,.,-15.735286,34.52086,.
39418,.,-15.726054,34.517129,.
39419,.,-15.726054,34.517129,.
39420,.,-15.726054,34.517129,.
39421,.,-15.726054,34.517129,.
39422,.,-15.726054,34.517129,.
39423,.,-15.726054,34.517129,.
39424,.,-15.726054,34.517129,.
39425,.,-15.726054,34.517129,.
39426,.,-15.726054,34.517129,.
39427,.,-15.772282,34.516729,.
39428,.,-15.772282,34.516729,.
39429,.,-15.772282,34.516729,.
39430,.,-15.772282,34.516729,.
39431,.,-15.772282,34.516729,.
39432,.,-15.772282,34.516729,.
39433,.,-15.772282,34.516729,.
39434,.,-15.772282,34.516729,.
39435,.,-15.772282,34.516729,.
39436,.,-15.451516,34.464556,.
39437,.,-15.451516,34.464556,.
39438,.,-15.451516,34.464556,.
39439,.,-15.451516,34.464556,.
39440,.,-15.451516,34.464556,.
39441,.,-15.451516,34.464556,.
39442,.,-15.451516,34.464556,.
39443,.,-15.451516,34.464556,.
39444,.,-15.451516,34.464556,.
39445,.,-15.522797,34.457348,.
39446,.,-15.522797,34.457348,.
39447,.,-15.522797,34.457348,.
39448,.,-15.522797,34.457348,.
39449,.,-15.522797,34.457348,.
39450,.,-15.522797,34.457348,.
39451,.,-15.522797,34.457348,.
39452,.,-15.535664,34.4567,.
39453,.,-15.535664,34.4567,.
39454,.,-15.535664,34.4567,.
39455,.,-15.535664,34.4567,.
39456,.,-15.535664,34.4567,.
39457,.,-15.578415,34.465043,.
39458,.,-15.578415,34.465043,.
39459,.,-15.578415,34.465043,.
39460,.,-15.578415,34.465043,.
39461,.,-15.578415,34.465043,.
39462,.,-15.578415,34.465043,.
39463,.,-15.578415,34.465043,.
39464,.,-15.578415,34.465043,.
39465,.,-15.598949,34.517429,.
39466,.,-15.598949,34.517429,.
39467,.,-15.598949,34.517429,.
39468,.,-15.598949,34.517429,.
39469,.,-15.598949,34.517429,.
39470,.,-15.626989,34.488763,.
39471,.,-15.626989,34.488763,.
39472,.,-15.626989,34.488763,.
39473,.,-15.713111,34.449287,.
39474,.,-15.713111,34.449287,.
39475,.,-15.713111,34.449287,.
39476,.,-15.713111,34.449287,.
39477,.,-15.713111,34.449287,.
39478,.,-15.713111,34.449287,.
39479,.,-15.713111,34.449287,.
39480,.,-15.713111,34.449287,.
39481,.,-15.713111,34.449287,.
39482,.,-15.713111,34.449287,.
39483,.,-15.713111,34.449287,.
39484,.,-15.713111,34.449287,.
39485,.,-15.713111,34.449287,.
39486,.,-15.713111,34.449287,.
39487,.,-15.759848,34.463784,.
39488,.,-15.759848,34.463784,.
39489,.,-15.759848,34.463784,.
39490,.,-15.759848,34.463784,.
39491,.,-15.759848,34.463784,.
39492,.,-15.759848,34.463784,.
39493,.,-15.759848,34.463784,.
39494,.,-15.760952,34.421717,.
39495,.,-15.760952,34.421717,.
39496,.,-15.760952,34.421717,.
39497,.,-15.760952,34.421717,.
39498,.,-15.760952,34.421717,.
39499,.,-15.760952,34.421717,.
39500,.,-15.760952,34.421717,.
39501,.,-15.760952,34.421717,.
39502,.,-15.760952,34.421717,.
39503,.,-15.743748,34.383647,.
39504,.,-15.743748,34.383647,.
39505,.,-15.743748,34.383647,.
39506,.,-15.743748,34.383647,.
39507,.,-15.743748,34.383647,.
39508,.,-15.743748,34.383647,.
39509,.,-15.69187,34.394455,.
39510,.,-15.69187,34.394455,.
39511,.,-15.69187,34.394455,.
39512,.,-15.69187,34.394455,.
39513,.,-15.69187,34.394455,.
39514,.,-15.69187,34.394455,.
39515,.,-15.69187,34.394455,.
39516,.,-15.69187,34.394455,.
39517,.,-15.69187,34.394455,.
39518,.,-15.69187,34.394455,.
39519,.,-15.69187,34.394455,.
39520,.,-15.69187,34.394455,.
39521,.,-15.69187,34.394455,.
39522,.,-15.69187,34.394455,.
39523,.,-15.69187,34.394455,.
39524,.,-15.69187,34.394455,.
39525,.,-15.580107,34.486228,.
39526,.,-15.596167,34.510841,.
39527,.,-15.596167,34.510841,.
39528,.,-15.596167,34.510841,.
39529,.,-15.596167,34.510841,.
39530,.,-15.596167,34.510841,.
39531,.,-15.607846,34.525082,.
39532,.,-16.33911,35.274649,.
39533,.,-16.33911,35.274649,.
39534,.,-16.196075,35.208329,.
39535,.,-16.196075,35.208329,.
39536,.,-16.196075,35.208329,.
39537,.,-16.196075,35.208329,.
39538,.,-16.196075,35.208329,.
39539,.,-16.196075,35.208329,.
39540,.,-16.196075,35.208329,.
39541,.,-16.196075,35.208329,.
39542,.,-16.196075,35.208329,.
39543,.,-16.308801,35.149457,.
39544,.,-16.308801,35.149457,.
39545,.,-16.237141,35.113096,.
39546,.,-16.237141,35.113096,.
39547,.,-16.096666,34.975852,.
39548,.,-16.097034,35.073377,.
39549,.,-16.097034,35.073377,.
39550,.,-16.097034,35.073377,.
39551,.,-16.139062,35.151528,.
39552,.,-16.139062,35.151528,.
39553,.,-16.207909,35.15497,.
39554,.,-16.207909,35.15497,.
39555,.,-16.207909,35.15497,.
39556,.,-16.207909,35.15497,.
39557,.,-16.207909,35.15497,.
39558,.,-16.099412,35.303969,.
39559,.,-16.181382,35.219897,.
39560,.,-16.181382,35.219897,.
39561,.,-16.181382,35.219897,.
39562,.,-16.181382,35.219897,.
39563,.,-16.051462,35.244837,.
39564,.,-16.153,35.198578,.
39565,.,-16.153,35.198578,.
39566,.,-15.93632,35.227798,.
39567,.,-15.93632,35.227798,.
39568,.,-15.93632,35.227798,.
39569,.,-16.009724,35.145672,.
39570,.,-16.009724,35.145672,.
39571,.,-15.864042,35.171426,.
39572,.,-15.864042,35.171426,.
39573,.,-15.864042,35.171426,.
39574,.,-15.864042,35.171426,.
39575,.,-15.959665,35.03493,.
39576,.,-15.959665,35.03493,.
39577,.,-15.959665,35.03493,.
39578,.,-15.97529,35.029295,.
39579,.,-15.97529,35.029295,.
39580,.,-15.97529,35.029295,.
39581,.,-15.97529,35.029295,.
39582,.,-15.97529,35.029295,.
39583,.,-16.041099,35.145198,.
39584,.,-16.041099,35.145198,.
39585,.,-16.041099,35.145198,.
39586,.,-16.119289,35.381973,.
39587,.,-16.119289,35.381973,.
39588,.,-16.119289,35.381973,.
39589,.,-16.091054,35.56195,.
39590,.,-16.091054,35.56195,.
39591,.,-16.091054,35.56195,.
39592,.,-16.044566,35.695152,.
39593,.,-16.029948,35.410465,.
39594,.,-16.020639,35.448207,.
39595,.,-16.054833,35.360422,.
39596,.,-16.054833,35.360422,.
39597,.,-15.875918,35.555916,.
39598,.,-15.875918,35.555916,.
39599,.,-15.938183,35.467495,.
39600,.,-15.938183,35.467495,.
39601,.,-15.938183,35.467495,.
39602,.,-15.916279,35.384048,.
39603,.,-15.916279,35.384048,.
39604,.,-15.916279,35.384048,.
39605,.,-15.699825,35.486854,.
39606,.,-15.725627,35.341325,.
39607,.,-15.790143,35.411892,.
39608,.,-15.790143,35.411892,.
39609,.,-15.790143,35.411892,.
39610,.,-15.553168,35.64588,.
39611,.,-15.538003,35.626395,.
39612,.,-15.538003,35.626395,.
39613,.,-15.538003,35.626395,.
39614,.,-15.538003,35.626395,.
39615,.,-15.57871,35.603459,.
39616,.,-15.627924,35.672782,.
39617,.,-15.65929,35.6434,.
39618,.,-15.65929,35.6434,.
39619,.,-15.65929,35.6434,.
39620,.,-15.65929,35.6434,.
39621,.,-15.634718,35.531409,.
39622,.,-15.684889,35.583213,.
39623,.,-15.684889,35.583213,.
39624,.,-15.684889,35.583213,.
39625,.,-15.684889,35.583213,.
39626,.,-15.678937,35.680682,.
39627,.,-15.766915,35.6721,.
39628,.,-15.766915,35.6721,.
39629,.,-15.805679,35.546449,.
39630,.,-15.805679,35.546449,.
39631,.,-15.805679,35.546449,.
39632,.,-15.805679,35.546449,.
39633,.,-15.805679,35.546449,.
39634,.,-15.848325,35.567227,.
39635,.,-15.848325,35.567227,.
39636,.,-15.848325,35.567227,.
39637,.,-15.836097,35.616962,.
39638,.,-15.836097,35.616962,.
39639,.,-15.804177,35.793425,.
39640,.,-15.889826,35.766564,.
39641,.,-15.545205,35.823627,.
39642,.,-15.545205,35.823627,.
39643,.,-15.830196,34.411347,.
39644,.,-15.830196,34.411347,.
39645,.,-16.081528,34.529636,.
39646,.,-16.028061,34.805825,.
39647,.,-16.028061,34.805825,.
39648,.,-16.030033,34.802835,.
39649,.,-16.977243,35.205706,.
39650,.,-16.349154,35.128115,.
39651,.,-16.826165,35.269503,.
39652,.,-16.648067,35.113616,.
39653,.,-16.956385,35.168967,.
39654,.,-17.016698,35.079629,.
39655,.,-17.016698,35.079629,.
39656,.,-17.016698,35.079629,.
39657,.,-17.016698,35.079629,.
39658,.,-17.016698,35.079629,.
39659,.,-17.016698,35.079629,.
39660,.,-14.914055,34.931088,.
39661,.,-14.914055,34.931088,.
39662,.,-14.914055,34.931088,.
39663,.,-14.914055,34.931088,.
39664,.,-14.931677,35.03003,.
39665,.,-14.931677,35.03003,.
39666,.,-15.061635,35.098917,.
39667,.,-15.061635,35.098917,.
39668,.,-15.101544,35.145211,.
39669,.,-15.238564,34.984646,.
39670,.,-15.238564,34.984646,.
39671,.,-15.226151,34.905952,.
39672,.,-15.226151,34.905952,.
39673,.,-14.869095,35.227445,.
39674,.,-14.903672,35.085979,.
39675,.,-14.976762,34.943929,.
39676,.,-14.976762,34.943929,.
39677,.,-15.215737,34.602905,.
39678,.,-15.215737,34.602905,.
39679,.,-15.215737,34.602905,.
39680,.,-15.215737,34.602905,.
39681,.,-15.215737,34.602905,.
39682,.,-15.215737,34.602905,.
39683,.,-15.215737,34.602905,.
39684,.,-15.215737,34.602905,.
39685,.,-15.215737,34.602905,.
39686,.,-15.276547,34.623749,.
39687,.,-15.276547,34.623749,.
39688,.,-15.276547,34.623749,.
39689,.,-15.397163,34.544338,.
39690,.,-15.397163,34.544338,.
39691,.,-15.397163,34.544338,.
39692,.,-15.397163,34.544338,.
39693,.,-15.397163,34.544338,.
39694,.,-15.397163,34.544338,.
39695,.,-15.397163,34.544338,.
39696,.,-15.397163,34.544338,.
39697,.,-15.397163,34.544338,.
39698,.,-15.397163,34.544338,.
39699,.,-15.403323,34.682855,.
39700,.,-15.403323,34.682855,.
39701,.,-15.403323,34.682855,.
39702,.,-15.403323,34.682855,.
39703,.,-15.403323,34.682855,.
39704,.,-15.403323,34.682855,.
39705,.,-15.403323,34.682855,.
39706,.,-15.463536,34.608811,.
39707,.,-15.463536,34.608811,.
39708,.,-15.463536,34.608811,.
39709,.,-15.463536,34.608811,.
39710,.,-15.463536,34.608811,.
39711,.,-15.463536,34.608811,.
39712,.,-15.463536,34.608811,.
39713,.,-15.463536,34.608811,.
39714,.,-15.463536,34.608811,.
39715,.,-15.463536,34.608811,.
39716,.,-15.463536,34.608811,.
39717,.,-15.465189,34.607883,.
39718,.,-15.465189,34.607883,.
39719,.,-15.465189,34.607883,.
39720,.,-15.465189,34.607883,.
39721,.,-15.465189,34.607883,.
39722,.,-15.465189,34.607883,.
39723,.,-15.465189,34.607883,.
39724,.,-15.465189,34.607883,.
39725,.,-15.465189,34.607883,.
39726,.,-15.465189,34.607883,.
39727,.,-15.494491,34.674153,.
39728,.,-15.494491,34.674153,.
39729,.,-15.494491,34.674153,.
39730,.,-15.494491,34.674153,.
39731,.,-15.494491,34.674153,.
39732,.,-15.494491,34.674153,.
39733,.,-15.494491,34.674153,.
39734,.,-15.494491,34.674153,.
39735,.,-15.494491,34.674153,.
39736,.,-15.548224,34.626974,.
39737,.,-15.548224,34.626974,.
39738,.,-15.548224,34.626974,.
39739,.,-15.548224,34.626974,.
39740,.,-15.548224,34.626974,.
39741,.,-15.548224,34.626974,.
39742,.,-15.663807,34.621782,.
39743,.,-15.663807,34.621782,.
39744,.,-15.663807,34.621782,.
39745,.,-15.663807,34.621782,.
39746,.,-15.663807,34.621782,.
39747,.,-15.663807,34.621782,.
39748,.,-15.663807,34.621782,.
39749,.,-15.663807,34.621782,.
39750,.,-15.663807,34.621782,.
39751,.,-15.663807,34.621782,.
39752,.,-15.663807,34.621782,.
39753,.,-15.35411,34.803532,.
39754,.,-15.35411,34.803532,.
39755,.,-15.35411,34.803532,.
39756,.,-15.35411,34.803532,.
39757,.,-15.35411,34.803532,.
39758,.,-15.347351,34.925195,.
39759,.,-15.347351,34.925195,.
39760,.,-15.347351,34.925195,.
39761,.,-15.347351,34.925195,.
39762,.,-15.333546,34.911879,.
39763,.,-15.333546,34.911879,.
39764,.,-15.349341,34.850334,.
39765,.,-15.349341,34.850334,.
39766,.,-15.349341,34.850334,.
39767,.,-15.349341,34.850334,.
39768,.,-15.397766,34.772403,.
39769,.,-15.397766,34.772403,.
39770,.,-15.427582,34.825967,.
39771,.,-15.427582,34.825967,.
39772,.,-15.427582,34.825967,.
39773,.,-15.427582,34.825967,.
39774,.,-15.481217,34.800231,.
39775,.,-15.481217,34.800231,.
39776,.,-15.481217,34.800231,.
39777,.,-15.481217,34.800231,.
39778,.,-15.481217,34.800231,.
39779,.,-15.481217,34.800231,.
39780,.,-15.481217,34.800231,.
39781,.,-15.481217,34.800231,.
39782,.,-15.481217,34.800231,.
39783,.,-15.543872,34.726405,.
39784,.,-15.543872,34.726405,.
39785,.,-15.543872,34.726405,.
39786,.,-15.543872,34.726405,.
39787,.,-15.543872,34.726405,.
39788,.,-15.282556,34.70229,.
39789,.,-15.282556,34.70229,.
39790,.,-15.282556,34.70229,.
39791,.,-15.282556,34.70229,.
39792,.,-15.282556,34.70229,.
39793,.,-15.282556,34.70229,.
39794,.,-15.282556,34.70229,.
39795,.,-15.332283,34.714505,.
39796,.,-15.332283,34.714505,.
39797,.,-15.364113,34.670693,.
39798,.,-15.364113,34.670693,.
39799,.,-15.364113,34.670693,.
39800,.,-15.364113,34.670693,.
39801,.,-15.364113,34.670693,.
39802,.,-15.364113,34.670693,.
39803,.,-15.364113,34.670693,.
39804,.,-15.364113,34.670693,.
39805,.,-15.364113,34.670693,.
39806,.,-15.364113,34.670693,.
39807,.,-15.364113,34.670693,.
39808,.,-15.364113,34.670693,.
39809,.,-15.364113,34.670693,.
39810,.,-15.395239,34.714624,.
39811,.,-15.395239,34.714624,.
39812,.,-15.395239,34.714624,.
39813,.,-15.395239,34.714624,.
39814,.,-15.403134,35.314459,.
39815,.,-15.403134,35.314459,.
39816,.,-15.403134,35.314459,.
39817,.,-15.413797,35.301432,.
39818,.,-15.413797,35.301432,.
39819,.,-15.37754,35.306335,.
39820,.,-15.385096,35.299773,.
39821,.,-15.385096,35.299773,.
39822,.,-15.385096,35.299773,.
39823,.,-15.385096,35.299773,.
39824,.,-15.385096,35.299773,.
39825,.,-15.363697,35.333184,.
39826,.,-15.363697,35.333184,.
39827,.,-15.388311,35.349786,.
39828,.,-15.388311,35.349786,.
39829,.,-15.388311,35.349786,.
39830,.,-15.399591,35.352221,.
39831,.,-15.399591,35.352221,.
39832,.,-15.399591,35.352221,.
39833,.,-15.385744,35.347682,.
39834,.,-15.385744,35.347682,.
39835,.,-15.389475,35.35048,.
39836,.,-15.40761,35.335927,.
39837,.,-15.388281,35.3203,.
39838,.,-15.409414,35.319507,.
39839,.,-15.409414,35.319507,.
39840,.,-15.409414,35.319507,.
39841,.,-15.409414,35.319507,.
39842,.,-15.411713,35.321174,.
39843,.,-15.411171,35.327691,.
39844,.,-15.401425,35.336762,.
39845,.,-15.401425,35.336762,.
39846,.,-15.401425,35.336762,.
39847,.,-15.401425,35.336762,.
39848,.,-9.507538,33.259649,.
39849,.,-9.507538,33.259649,.
39850,.,-9.550397,33.291558,.
39851,.,-9.550397,33.291558,.
39852,.,-9.550397,33.291558,.
39853,.,-9.624898,33.254616,.
39854,.,-9.624898,33.254616,.
39855,.,-9.624898,33.254616,.
39856,.,-9.673118,33.238482,.
39857,.,-9.673118,33.238482,.
39858,.,-9.673118,33.238482,.
39859,.,-9.673118,33.238482,.
39860,.,-9.673118,33.238482,.
39861,.,-9.673118,33.238482,.
39862,.,-9.693834,33.384991,.
39863,.,-9.693834,33.384991,.
39864,.,-9.693834,33.384991,.
39865,.,-9.693834,33.384991,.
39866,.,-9.776431,33.307894,.
39867,.,-9.776431,33.307894,.
39868,.,-9.821687,33.400393,.
39869,.,-9.834715,33.411655,.
39870,.,-9.834715,33.411655,.
39871,.,-9.834715,33.411655,.
39872,.,-9.834715,33.411655,.
39873,.,-9.70643,33.572901,.
39874,.,-9.70643,33.572901,.
39875,.,-9.686698,33.490198,.
39876,.,-9.776848,33.461158,.
39877,.,-9.776848,33.461158,.
39878,.,-10.002974,33.478651,.
39879,.,-10.076443,33.560035,.
39880,.,-10.076443,33.560035,.
39881,.,-10.076443,33.560035,.
39882,.,-10.076443,33.560035,.
39883,.,-10.076443,33.560035,.
39884,.,-10.076443,33.560035,.
39885,.,-10.076443,33.560035,.
39886,.,-10.076443,33.560035,.
39887,.,-10.20714,33.537028,.
39888,.,-10.20714,33.537028,.
39889,.,-10.20714,33.537028,.
39890,.,-10.20714,33.537028,.
39891,.,-10.20714,33.537028,.
39892,.,-10.20714,33.537028,.
39893,.,-10.20714,33.537028,.
39894,.,-10.216961,33.674528,.
39895,.,-10.216961,33.674528,.
39896,.,-10.216961,33.674528,.
39897,.,-10.216961,33.674528,.
39898,.,-10.216961,33.674528,.
39899,.,-10.216961,33.674528,.
39900,.,-10.216961,33.674528,.
39901,.,-10.216961,33.674528,.
39902,.,-10.216961,33.674528,.
39903,.,-10.32619,33.717783,.
39904,.,-10.32619,33.717783,.
39905,.,-10.32619,33.717783,.
39906,.,-10.32619,33.717783,.
39907,.,-10.363741,33.5863,.
39908,.,-10.363741,33.5863,.
39909,.,-10.363741,33.5863,.
39910,.,-10.363741,33.5863,.
39911,.,-10.363741,33.5863,.
39912,.,-10.363741,33.5863,.
39913,.,-10.363741,33.5863,.
39914,.,-9.51923,33.139193,.
39915,.,-9.51923,33.139193,.
39916,.,-9.51923,33.139193,.
39917,.,-9.51923,33.139193,.
39918,.,-9.51923,33.139193,.
39919,.,-9.692803,33.258806,.
39920,.,-9.759542,33.824057,.
39921,.,-9.759542,33.824057,.
39922,.,-9.759542,33.824057,.
39923,.,-9.759542,33.824057,.
39924,.,-9.759542,33.824057,.
39925,.,-9.81436,33.878212,.
39926,.,-9.81436,33.878212,.
39927,.,-9.792642,33.881055,.
39928,.,-9.748276,33.877764,.
39929,.,-9.651637,33.813854,.
39930,.,-9.645417,33.802678,.
39931,.,-9.904199,33.900847,.
39932,.,-9.904199,33.900847,.
39933,.,-9.873128,33.896288,.
39934,.,-9.873128,33.896288,.
39935,.,-9.873128,33.896288,.
39936,.,-9.873128,33.896288,.
39937,.,-9.996945,33.836118,.
39938,.,-10.002351,33.932955,.
39939,.,-10.002351,33.932955,.
39940,.,-10.002351,33.932955,.
39941,.,-10.002351,33.932955,.
39942,.,-10.071092,33.996649,.
39943,.,-10.071092,33.996649,.
39944,.,-10.071092,33.996649,.
39945,.,-10.071092,33.996649,.
39946,.,-10.071092,33.996649,.
39947,.,-10.071092,33.996649,.
39948,.,-10.071092,33.996649,.
39949,.,-10.184441,34.023583,.
39950,.,-10.184441,34.023583,.
39951,.,-10.184441,34.023583,.
39952,.,-10.184441,34.023583,.
39953,.,-10.184441,34.023583,.
39954,.,-10.184441,34.023583,.
39955,.,-10.403841,34.138224,.
39956,.,-10.403841,34.138224,.
39957,.,-10.403841,34.138224,.
39958,.,-10.502489,34.176439,.
39959,.,-10.502489,34.176439,.
39960,.,-10.502489,34.176439,.
39961,.,-10.523532,34.197454,.
39962,.,-10.523532,34.197454,.
39963,.,-10.523532,34.197454,.
39964,.,-10.442679,34.101839,.
39965,.,-10.442679,34.101839,.
39966,.,-10.442679,34.101839,.
39967,.,-10.282045,34.059226,.
39968,.,-10.282045,34.059226,.
39969,.,-10.282045,34.059226,.
39970,.,-10.300082,34.151984,.
39971,.,-10.399822,34.10239,.
39972,.,-10.399822,34.10239,.
39973,.,-10.399822,34.10239,.
39974,.,-9.949785,33.908869,.
39975,.,-9.949785,33.908869,.
39976,.,-9.949785,33.908869,.
39977,.,-9.919753,33.91935,.
39978,.,-9.952077,33.91917,.
39979,.,-9.952077,33.91917,.
39980,.,-11.671303,34.026398,.
39981,.,-11.671303,34.026398,.
39982,.,-11.671303,34.026398,.
39983,.,-11.671303,34.026398,.
39984,.,-11.671303,34.026398,.
39985,.,-11.671303,34.026398,.
39986,.,-11.671303,34.026398,.
39987,.,-11.709117,34.072019,.
39988,.,-11.709117,34.072019,.
39989,.,-11.709117,34.072019,.
39990,.,-11.709117,34.072019,.
39991,.,-11.766983,34.05228,.
39992,.,-11.766983,34.05228,.
39993,.,-11.766983,34.05228,.
39994,.,-11.766983,34.05228,.
39995,.,-11.766983,34.05228,.
39996,.,-11.869863,34.132379,.
39997,.,-11.869863,34.132379,.
39998,.,-11.77845,34.182041,.
39999,.,-11.77845,34.182041,.
40000,.,-11.77845,34.182041,.
40001,.,-11.77845,34.182041,.
40002,.,-11.77845,34.182041,.
40003,.,-11.77845,34.182041,.
40004,.,-11.77845,34.182041,.
40005,.,-11.77845,34.182041,.
40006,.,-12.068157,34.049511,.
40007,.,-12.068157,34.049511,.
40008,.,-12.068157,34.049511,.
40009,.,-12.213252,34.00483,.
40010,.,-11.687144,34.31454,.
40011,.,-11.687144,34.31454,.
40012,.,-11.687144,34.31454,.
40013,.,-11.744547,34.192356,.
40014,.,-11.759265,34.213486,.
40015,.,-11.569838,34.286378,.
40016,.,-11.569838,34.286378,.
40017,.,-11.158936,34.192383,.
40018,.,-11.375006,34.077967,.
40019,.,-11.375006,34.077967,.
40020,.,-11.375006,34.077967,.
40021,.,-11.375006,34.077967,.
40022,.,-11.375006,34.077967,.
40023,.,-11.413241,34.216314,.
40024,.,-11.506254,34.149293,.
40025,.,-11.506254,34.149293,.
40026,.,-11.506254,34.149293,.
40027,.,-11.506254,34.149293,.
40028,.,-11.585584,34.239631,.
40029,.,-11.632151,34.235546,.
40030,.,-11.632151,34.235546,.
40031,.,-11.632151,34.235546,.
40032,.,-11.632151,34.235546,.
40033,.,-11.597419,34.289879,.
40034,.,-11.597419,34.289879,.
40035,.,-11.597419,34.289879,.
40036,.,-11.597419,34.289879,.
40037,.,-11.597419,34.289879,.
40038,.,-11.614042,34.284334,.
40039,.,-11.614042,34.284334,.
40040,.,-10.903221,33.632296,.
40041,.,-10.895534,33.744985,.
40042,.,-10.895534,33.744985,.
40043,.,-10.895534,33.744985,.
40044,.,-10.895534,33.744985,.
40045,.,-10.895534,33.744985,.
40046,.,-10.895534,33.744985,.
40047,.,-10.895534,33.744985,.
40048,.,-10.895534,33.744985,.
40049,.,-10.961302,33.649999,.
40050,.,-10.961302,33.649999,.
40051,.,-10.961302,33.649999,.
40052,.,-10.961302,33.649999,.
40053,.,-10.961302,33.649999,.
40054,.,-10.977621,33.65402,.
40055,.,-10.977621,33.65402,.
40056,.,-10.977621,33.65402,.
40057,.,-10.970504,33.738524,.
40058,.,-10.970504,33.738524,.
40059,.,-10.970504,33.738524,.
40060,.,-10.970504,33.738524,.
40061,.,-10.970504,33.738524,.
40062,.,-10.970504,33.738524,.
40063,.,-10.998117,33.830001,.
40064,.,-10.998117,33.830001,.
40065,.,-10.998117,33.830001,.
40066,.,-10.998117,33.830001,.
40067,.,-10.94494,33.766007,.
40068,.,-10.94494,33.766007,.
40069,.,-10.94494,33.766007,.
40070,.,-10.94494,33.766007,.
40071,.,-10.94494,33.766007,.
40072,.,-10.94494,33.766007,.
40073,.,-10.94494,33.766007,.
40074,.,-10.94494,33.766007,.
40075,.,-10.832742,34.187335,.
40076,.,-10.810424,34.032693,.
40077,.,-10.810424,34.032693,.
40078,.,-10.810424,34.032693,.
40079,.,-10.810424,34.032693,.
40080,.,-10.891467,34.013325,.
40081,.,-10.891467,34.013325,.
40082,.,-10.891467,34.013325,.
40083,.,-10.620806,34.109264,.
40084,.,-10.620806,34.109264,.
40085,.,-10.620806,34.109264,.
40086,.,-10.620806,34.109264,.
40087,.,-10.620806,34.109264,.
40088,.,-10.620806,34.109264,.
40089,.,-10.620806,34.109264,.
40090,.,-10.620806,34.109264,.
40091,.,-10.804108,34.059065,.
40092,.,-10.716909,34.043547,.
40093,.,-10.716909,34.043547,.
40094,.,-10.716909,34.043547,.
40095,.,-10.716909,34.043547,.
40096,.,-10.716909,34.043547,.
40097,.,-10.716909,34.043547,.
40098,.,-10.716909,34.043547,.
40099,.,-10.716909,34.043547,.
40100,.,-10.716909,34.043547,.
40101,.,-10.716909,34.043547,.
40102,.,-10.716909,34.043547,.
40103,.,-10.716909,34.043547,.
40104,.,-10.716909,34.043547,.
40105,.,-10.716909,34.043547,.
40106,.,-10.716909,34.043547,.
40107,.,-10.669118,34.075923,.
40108,.,-10.669118,34.075923,.
40109,.,-10.669118,34.075923,.
40110,.,-10.669118,34.075923,.
40111,.,-10.882429,34.050458,.
40112,.,-10.882429,34.050458,.
40113,.,-10.882429,34.050458,.
40114,.,-10.882429,34.050458,.
40115,.,-10.882429,34.050458,.
40116,.,-10.882429,34.050458,.
40117,.,-10.916977,34.00885,.
40118,.,-10.916977,34.00885,.
40119,.,-10.916977,34.00885,.
40120,.,-10.916977,34.00885,.
40121,.,-10.959156,34.010848,.
40122,.,-10.959156,34.010848,.
40123,.,-10.959156,34.010848,.
40124,.,-10.959156,34.010848,.
40125,.,-10.959156,34.010848,.
40126,.,-10.959156,34.010848,.
40127,.,-10.959156,34.010848,.
40128,.,-10.959156,34.010848,.
40129,.,-10.959156,34.010848,.
40130,.,-10.959156,34.010848,.
40131,.,-10.754226,33.537282,.
40132,.,-10.852595,33.531056,.
40133,.,-10.852595,33.531056,.
40134,.,-10.852595,33.531056,.
40135,.,-10.852595,33.531056,.
40136,.,-10.852595,33.531056,.
40137,.,-10.852595,33.531056,.
40138,.,-10.852595,33.531056,.
40139,.,-11.01095,33.854296,.
40140,.,-11.01095,33.854296,.
40141,.,-11.01095,33.854296,.
40142,.,-11.025932,33.845638,.
40143,.,-11.843331,33.53769,.
40144,.,-11.843331,33.53769,.
40145,.,-11.843331,33.53769,.
40146,.,-11.843331,33.53769,.
40147,.,-11.843331,33.53769,.
40148,.,-11.843331,33.53769,.
40149,.,-12.024975,33.32538,.
40150,.,-12.024975,33.32538,.
40151,.,-12.024975,33.32538,.
40152,.,-12.024975,33.32538,.
40153,.,-12.024975,33.32538,.
40154,.,-12.024975,33.32538,.
40155,.,-12.314757,33.431981,.
40156,.,-12.314757,33.431981,.
40157,.,-12.314757,33.431981,.
40158,.,-11.196191,33.965921,.
40159,.,-11.196191,33.965921,.
40160,.,-11.196191,33.965921,.
40161,.,-11.196191,33.965921,.
40162,.,-11.330067,33.888153,.
40163,.,-11.330067,33.888153,.
40164,.,-11.443987,33.818765,.
40165,.,-11.443987,33.818765,.
40166,.,-11.443987,33.818765,.
40167,.,-11.443987,33.818765,.
40168,.,-11.443987,33.818765,.
40169,.,-11.443987,33.818765,.
40170,.,-11.443987,33.818765,.
40171,.,-11.443987,33.818765,.
40172,.,-11.443987,33.818765,.
40173,.,-11.443987,33.818765,.
40174,.,-11.462884,33.866583,.
40175,.,-11.462884,33.866583,.
40176,.,-11.462884,33.866583,.
40177,.,-11.462884,33.866583,.
40178,.,-11.462884,33.866583,.
40179,.,-11.462884,33.866583,.
40180,.,-11.462884,33.866583,.
40181,.,-11.462884,33.866583,.
40182,.,-11.462884,33.866583,.
40183,.,-11.462884,33.866583,.
40184,.,-11.462884,33.866583,.
40185,.,-11.462884,33.866583,.
40186,.,-11.350481,33.458365,.
40187,.,-11.350481,33.458365,.
40188,.,-11.350481,33.458365,.
40189,.,-11.350481,33.458365,.
40190,.,-11.350481,33.458365,.
40191,.,-11.058599,33.933521,.
40192,.,-11.499307,33.394599,.
40193,.,-11.499307,33.394599,.
40194,.,-11.499307,33.394599,.
40195,.,-11.499307,33.394599,.
40196,.,-11.499307,33.394599,.
40197,.,-11.499307,33.394599,.
40198,.,-11.499307,33.394599,.
40199,.,-11.499307,33.394599,.
40200,.,-11.641962,33.431836,.
40201,.,-11.641962,33.431836,.
40202,.,-11.641962,33.431836,.
40203,.,-11.641962,33.431836,.
40204,.,-11.641962,33.431836,.
40205,.,-11.641962,33.431836,.
40206,.,-11.641962,33.431836,.
40207,.,-11.641962,33.431836,.
40208,.,-11.998786,33.528231,.
40209,.,-11.998786,33.528231,.
40210,.,-11.998786,33.528231,.
40211,.,-12.255721,33.575487,.
40212,.,-12.255721,33.575487,.
40213,.,-12.255721,33.575487,.
40214,.,-12.255721,33.575487,.
40215,.,-12.255721,33.575487,.
40216,.,-12.524268,33.670876,.
40217,.,-12.524268,33.670876,.
40218,.,-12.524268,33.670876,.
40219,.,-12.524268,33.670876,.
40220,.,-12.524268,33.670876,.
40221,.,-12.524268,33.670876,.
40222,.,-12.375627,33.719306,.
40223,.,-12.375627,33.719306,.
40224,.,-12.375627,33.719306,.
40225,.,-12.375627,33.719306,.
40226,.,-12.375627,33.719306,.
40227,.,-12.375627,33.719306,.
40228,.,-12.375627,33.719306,.
40229,.,-12.375627,33.719306,.
40230,.,-12.375627,33.719306,.
40231,.,-12.375627,33.719306,.
40232,.,-12.375627,33.719306,.
40233,.,-12.68101,33.80395,.
40234,.,-12.68101,33.80395,.
40235,.,-12.68101,33.80395,.
40236,.,-12.68101,33.80395,.
40237,.,-12.68101,33.80395,.
40238,.,-12.68101,33.80395,.
40239,.,-12.164785,33.430374,.
40240,.,-12.164785,33.430374,.
40241,.,-12.164785,33.430374,.
40242,.,-12.164785,33.430374,.
40243,.,-12.164785,33.430374,.
40244,.,-12.164785,33.430374,.
40245,.,-12.164785,33.430374,.
40246,.,-11.906333,33.608928,.
40247,.,-11.906333,33.608928,.
40248,.,-11.906333,33.608928,.
40249,.,-12.018345,34.620035,.
40250,.,-12.018345,34.620035,.
40251,.,-12.020478,34.623074,.
40252,.,-12.020478,34.623074,.
40253,.,-12.020478,34.623074,.
40254,.,-12.048123,34.726956,.
40255,.,-12.095548,34.734085,.
40256,.,-12.095548,34.734085,.
40257,.,-12.095548,34.734085,.
40258,.,-12.095548,34.734085,.
40259,.,-11.381057,33.974639,.
40260,.,-11.381057,33.974639,.
40261,.,-11.381057,33.974639,.
40262,.,-11.381057,33.974639,.
40263,.,-11.381057,33.974639,.
40264,.,-11.381057,33.974639,.
40265,.,-11.381057,33.974639,.
40266,.,-11.381057,33.974639,.
40267,.,-11.381057,33.974639,.
40268,.,-11.381057,33.974639,.
40269,.,-11.381057,33.974639,.
40270,.,-11.39583,33.986905,.
40271,.,-11.39583,33.986905,.
40272,.,-11.39583,33.986905,.
40273,.,-11.429687,34.003117,.
40274,.,-11.415627,34.018966,.
40275,.,-11.415627,34.018966,.
40276,.,-11.439132,34.004179,.
40277,.,-11.458178,34.013903,.
40278,.,-11.451314,34.008785,.
40279,.,-11.452838,34.01643,.
40280,.,-11.452838,34.01643,.
40281,.,-11.452838,34.01643,.
40282,.,-11.45481,34.03332,.
40283,.,-11.45481,34.03332,.
40284,.,-11.482671,34.030325,.
40285,.,-11.482671,34.030325,.
40286,.,-11.482671,34.030325,.
40287,.,-11.482671,34.030325,.
40288,.,-11.428555,33.985418,.
40289,.,-12.549529,33.519392,.
40290,.,-12.549529,33.519392,.
40291,.,-12.549529,33.519392,.
40292,.,-12.636775,33.502301,.
40293,.,-12.636775,33.502301,.
40294,.,-12.636775,33.502301,.
40295,.,-12.636775,33.502301,.
40296,.,-12.636775,33.502301,.
40297,.,-12.75019,33.755312,.
40298,.,-12.75019,33.755312,.
40299,.,-12.75019,33.755312,.
40300,.,-12.75019,33.755312,.
40301,.,-12.75019,33.755312,.
40302,.,-12.75019,33.755312,.
40303,.,-12.690471,33.427711,.
40304,.,-12.690471,33.427711,.
40305,.,-12.690471,33.427711,.
40306,.,-12.690471,33.427711,.
40307,.,-12.690471,33.427711,.
40308,.,-12.690471,33.427711,.
40309,.,-12.690471,33.427711,.
40310,.,-12.690471,33.427711,.
40311,.,-12.690471,33.427711,.
40312,.,-12.690471,33.427711,.
40313,.,-12.934259,33.523125,.
40314,.,-12.934259,33.523125,.
40315,.,-12.934259,33.523125,.
40316,.,-12.934259,33.523125,.
40317,.,-12.934259,33.523125,.
40318,.,-13.094518,33.478406,.
40319,.,-13.094518,33.478406,.
40320,.,-13.094518,33.478406,.
40321,.,-13.094518,33.478406,.
40322,.,-13.094518,33.478406,.
40323,.,-13.094518,33.478406,.
40324,.,-13.094518,33.478406,.
40325,.,-13.094518,33.478406,.
40326,.,-13.094518,33.478406,.
40327,.,-13.094518,33.478406,.
40328,.,-13.092839,33.373104,.
40329,.,-13.092839,33.373104,.
40330,.,-13.092839,33.373104,.
40331,.,-13.328711,33.1627,.
40332,.,-13.328711,33.1627,.
40333,.,-13.328711,33.1627,.
40334,.,-13.328711,33.1627,.
40335,.,-13.328711,33.1627,.
40336,.,-13.328711,33.1627,.
40337,.,-13.230821,33.569775,.
40338,.,-13.230821,33.569775,.
40339,.,-13.230821,33.569775,.
40340,.,-13.230821,33.569775,.
40341,.,-13.230821,33.569775,.
40342,.,-13.230821,33.569775,.
40343,.,-13.230821,33.569775,.
40344,.,-13.230821,33.569775,.
40345,.,-13.082668,33.753587,.
40346,.,-13.082668,33.753587,.
40347,.,-13.082668,33.753587,.
40348,.,-13.082668,33.753587,.
40349,.,-13.082668,33.753587,.
40350,.,-13.082668,33.753587,.
40351,.,-13.082668,33.753587,.
40352,.,-13.082668,33.753587,.
40353,.,-13.082668,33.753587,.
40354,.,-12.553069,33.310314,.
40355,.,-12.553069,33.310314,.
40356,.,-12.553069,33.310314,.
40357,.,-12.553069,33.310314,.
40358,.,-12.553069,33.310314,.
40359,.,-12.553069,33.310314,.
40360,.,-12.553069,33.310314,.
40361,.,-12.736754,33.335215,.
40362,.,-12.736754,33.335215,.
40363,.,-12.736754,33.335215,.
40364,.,-12.736754,33.335215,.
40365,.,-12.736754,33.335215,.
40366,.,-12.736754,33.335215,.
40367,.,-12.736754,33.335215,.
40368,.,-12.864215,33.448411,.
40369,.,-12.864215,33.448411,.
40370,.,-12.864215,33.448411,.
40371,.,-12.864215,33.448411,.
40372,.,-12.864215,33.448411,.
40373,.,-12.864215,33.448411,.
40374,.,-12.864215,33.448411,.
40375,.,-13.405444,33.38039,.
40376,.,-13.405444,33.38039,.
40377,.,-13.405444,33.38039,.
40378,.,-13.405444,33.38039,.
40379,.,-13.405444,33.38039,.
40380,.,-13.405444,33.38039,.
40381,.,-13.405444,33.38039,.
40382,.,-13.405444,33.38039,.
40383,.,-13.405444,33.38039,.
40384,.,-13.405444,33.38039,.
40385,.,-13.405444,33.38039,.
40386,.,-13.405444,33.38039,.
40387,.,-13.405444,33.38039,.
40388,.,-13.445443,33.262719,.
40389,.,-13.445443,33.262719,.
40390,.,-13.445443,33.262719,.
40391,.,-13.445443,33.262719,.
40392,.,-13.445443,33.262719,.
40393,.,-13.445443,33.262719,.
40394,.,-13.445443,33.262719,.
40395,.,-13.445443,33.262719,.
40396,.,-13.564182,33.359249,.
40397,.,-13.564182,33.359249,.
40398,.,-13.564182,33.359249,.
40399,.,-13.564182,33.359249,.
40400,.,-13.564182,33.359249,.
40401,.,-12.864382,33.65154,.
40402,.,-12.864382,33.65154,.
40403,.,-12.864382,33.65154,.
40404,.,-12.864382,33.65154,.
40405,.,-12.864382,33.65154,.
40406,.,-12.864382,33.65154,.
40407,.,-12.864382,33.65154,.
40408,.,-12.864382,33.65154,.
40409,.,-12.933083,33.60355,.
40410,.,-12.933083,33.60355,.
40411,.,-12.933083,33.60355,.
40412,.,-12.933083,33.60355,.
40413,.,-12.933083,33.60355,.
40414,.,-12.933083,33.60355,.
40415,.,-12.933083,33.60355,.
40416,.,-13.02936,33.759258,.
40417,.,-13.02936,33.759258,.
40418,.,-13.02936,33.759258,.
40419,.,-13.02936,33.759258,.
40420,.,-13.02936,33.759258,.
40421,.,-13.02936,33.759258,.
40422,.,-13.02936,33.759258,.
40423,.,-13.02936,33.759258,.
40424,.,-13.02936,33.759258,.
40425,.,-13.02936,33.759258,.
40426,.,-13.036576,33.838871,.
40427,.,-13.036576,33.838871,.
40428,.,-13.036576,33.838871,.
40429,.,-13.036576,33.838871,.
40430,.,-13.036576,33.838871,.
40431,.,-13.036576,33.838871,.
40432,.,-13.036576,33.838871,.
40433,.,-13.036576,33.838871,.
40434,.,-13.036576,33.838871,.
40435,.,-13.036576,33.838871,.
40436,.,-13.036576,33.838871,.
40437,.,-13.015882,33.461245,.
40438,.,-13.015882,33.461245,.
40439,.,-13.015882,33.461245,.
40440,.,-13.015882,33.461245,.
40441,.,-13.015882,33.461245,.
40442,.,-13.015882,33.461245,.
40443,.,-13.015882,33.461245,.
40444,.,-13.015882,33.461245,.
40445,.,-13.039493,33.484268,.
40446,.,-12.480156,34.125547,.
40447,.,-12.480156,34.125547,.
40448,.,-12.480156,34.125547,.
40449,.,-12.480156,34.125547,.
40450,.,-12.480156,34.125547,.
40451,.,-12.497686,34.15169,.
40452,.,-12.547721,34.12495,.
40453,.,-12.547721,34.12495,.
40454,.,-12.547721,34.12495,.
40455,.,-12.547721,34.12495,.
40456,.,-12.677904,34.179679,.
40457,.,-12.768201,34.200761,.
40458,.,-12.768201,34.200761,.
40459,.,-12.768201,34.200761,.
40460,.,-12.768201,34.200761,.
40461,.,-12.768201,34.200761,.
40462,.,-12.768201,34.200761,.
40463,.,-12.356494,34.016562,.
40464,.,-12.356494,34.016562,.
40465,.,-12.356494,34.016562,.
40466,.,-12.356494,34.016562,.
40467,.,-12.953096,34.270535,.
40468,.,-12.903751,34.270026,.
40469,.,-12.903751,34.270026,.
40470,.,-12.903751,34.270026,.
40471,.,-13.052256,34.245021,.
40472,.,-13.052256,34.245021,.
40473,.,-13.052256,34.245021,.
40474,.,-13.052256,34.245021,.
40475,.,-13.052256,34.245021,.
40476,.,-13.052256,34.245021,.
40477,.,-13.045424,34.323395,.
40478,.,-13.045424,34.323395,.
40479,.,-13.045424,34.323395,.
40480,.,-13.045424,34.323395,.
40481,.,-12.832109,34.249029,.
40482,.,-12.832109,34.249029,.
40483,.,-12.832109,34.249029,.
40484,.,-12.832109,34.249029,.
40485,.,-12.832109,34.249029,.
40486,.,-12.832109,34.249029,.
40487,.,-12.832109,34.249029,.
40488,.,-12.832109,34.249029,.
40489,.,-12.915144,34.265595,.
40490,.,-12.915144,34.265595,.
40491,.,-12.915144,34.265595,.
40492,.,-13.209255,34.326557,.
40493,.,-13.25146,34.257029,.
40494,.,-13.272203,34.311688,.
40495,.,-13.272203,34.311688,.
40496,.,-13.272203,34.311688,.
40497,.,-13.272203,34.311688,.
40498,.,-13.362015,34.264738,.
40499,.,-13.362015,34.264738,.
40500,.,-13.362015,34.264738,.
40501,.,-13.362015,34.264738,.
40502,.,-13.362015,34.264738,.
40503,.,-13.362015,34.264738,.
40504,.,-13.362015,34.264738,.
40505,.,-13.397418,34.265175,.
40506,.,-13.397418,34.265175,.
40507,.,-13.345048,34.124701,.
40508,.,-13.345048,34.124701,.
40509,.,-13.345048,34.124701,.
40510,.,-13.345048,34.124701,.
40511,.,-13.345048,34.124701,.
40512,.,-12.961161,34.269784,.
40513,.,-12.961161,34.269784,.
40514,.,-12.961161,34.269784,.
40515,.,-12.961161,34.269784,.
40516,.,-12.961161,34.269784,.
40517,.,-12.961161,34.269784,.
40518,.,-12.961161,34.269784,.
40519,.,-12.961161,34.269784,.
40520,.,-13.319855,34.074362,.
40521,.,-13.319855,34.074362,.
40522,.,-13.319855,34.074362,.
40523,.,-13.319855,34.074362,.
40524,.,-13.319855,34.074362,.
40525,.,-13.319855,34.074362,.
40526,.,-13.408561,33.964834,.
40527,.,-13.408561,33.964834,.
40528,.,-13.408561,33.964834,.
40529,.,-13.423027,34.097944,.
40530,.,-13.423027,34.097944,.
40531,.,-13.423027,34.097944,.
40532,.,-13.423027,34.097944,.
40533,.,-13.423027,34.097944,.
40534,.,-13.423027,34.097944,.
40535,.,-13.423027,34.097944,.
40536,.,-13.444772,34.030135,.
40537,.,-13.444772,34.030135,.
40538,.,-13.242706,34.007169,.
40539,.,-13.242706,34.007169,.
40540,.,-13.242706,34.007169,.
40541,.,-13.242706,34.007169,.
40542,.,-13.242706,34.007169,.
40543,.,-13.242706,34.007169,.
40544,.,-13.242706,34.007169,.
40545,.,-13.242706,34.007169,.
40546,.,-13.217297,33.96869,.
40547,.,-13.334414,33.993416,.
40548,.,-13.334414,33.993416,.
40549,.,-13.334414,33.993416,.
40550,.,-13.334414,33.993416,.
40551,.,-13.368588,33.956473,.
40552,.,-13.368588,33.956473,.
40553,.,-13.368588,33.956473,.
40554,.,-13.368588,33.956473,.
40555,.,-13.375275,33.869728,.
40556,.,-13.375275,33.869728,.
40557,.,-13.375275,33.869728,.
40558,.,-13.423647,33.82757,.
40559,.,-13.423647,33.82757,.
40560,.,-13.423647,33.82757,.
40561,.,-13.423647,33.82757,.
40562,.,-13.47578,33.865843,.
40563,.,-13.47578,33.865843,.
40564,.,-13.47578,33.865843,.
40565,.,-13.47578,33.865843,.
40566,.,-13.47578,33.865843,.
40567,.,-13.47578,33.865843,.
40568,.,-13.47578,33.865843,.
40569,.,-13.505623,33.83564,.
40570,.,-13.505623,33.83564,.
40571,.,-13.505623,33.83564,.
40572,.,-13.505623,33.83564,.
40573,.,-13.114606,33.844348,.
40574,.,-13.114606,33.844348,.
40575,.,-13.147556,33.848971,.
40576,.,-13.147556,33.848971,.
40577,.,-13.147556,33.848971,.
40578,.,-13.147556,33.848971,.
40579,.,-13.147556,33.848971,.
40580,.,-13.147556,33.848971,.
40581,.,-13.147556,33.848971,.
40582,.,-13.175196,33.80253,.
40583,.,-13.175196,33.80253,.
40584,.,-13.175196,33.80253,.
40585,.,-13.175196,33.80253,.
40586,.,-13.222906,33.832923,.
40587,.,-13.222906,33.832923,.
40588,.,-13.222906,33.832923,.
40589,.,-13.222906,33.832923,.
40590,.,-13.222906,33.832923,.
40591,.,-13.222906,33.832923,.
40592,.,-13.222906,33.832923,.
40593,.,-13.222906,33.832923,.
40594,.,-13.222906,33.832923,.
40595,.,-13.222906,33.832923,.
40596,.,-13.217199,33.757794,.
40597,.,-13.241522,33.872457,.
40598,.,-13.241522,33.872457,.
40599,.,-13.241522,33.872457,.
40600,.,-13.241522,33.872457,.
40601,.,-13.241522,33.872457,.
40602,.,-13.226167,33.74038,.
40603,.,-13.226167,33.74038,.
40604,.,-13.226167,33.74038,.
40605,.,-13.308778,33.884552,.
40606,.,-13.308778,33.884552,.
40607,.,-13.308778,33.884552,.
40608,.,-13.305415,33.797999,.
40609,.,-13.31979,33.764741,.
40610,.,-13.31979,33.764741,.
40611,.,-13.31979,33.764741,.
40612,.,-13.352253,33.922143,.
40613,.,-13.352253,33.922143,.
40614,.,-13.463495,33.749036,.
40615,.,-13.463495,33.749036,.
40616,.,-13.463495,33.749036,.
40617,.,-13.463495,33.749036,.
40618,.,-13.463495,33.749036,.
40619,.,-13.510144,33.614385,.
40620,.,-13.510144,33.614385,.
40621,.,-13.639242,33.637618,.
40622,.,-13.639242,33.637618,.
40623,.,-13.639242,33.637618,.
40624,.,-13.639242,33.637618,.
40625,.,-13.639242,33.637618,.
40626,.,-13.639242,33.637618,.
40627,.,-13.639242,33.637618,.
40628,.,-13.639242,33.637618,.
40629,.,-13.639242,33.637618,.
40630,.,-13.639242,33.637618,.
40631,.,-13.639242,33.637618,.
40632,.,-13.242061,33.638782,.
40633,.,-13.242061,33.638782,.
40634,.,-13.242061,33.638782,.
40635,.,-13.242061,33.638782,.
40636,.,-13.242061,33.638782,.
40637,.,-13.360181,33.496079,.
40638,.,-13.360181,33.496079,.
40639,.,-13.360181,33.496079,.
40640,.,-13.360181,33.496079,.
40641,.,-13.360181,33.496079,.
40642,.,-13.360181,33.496079,.
40643,.,-13.365946,33.737434,.
40644,.,-13.421973,33.524336,.
40645,.,-13.421973,33.524336,.
40646,.,-13.472007,33.602711,.
40647,.,-13.472007,33.602711,.
40648,.,-13.472007,33.602711,.
40649,.,-13.48157,33.433947,.
40650,.,-13.48157,33.433947,.
40651,.,-13.48157,33.433947,.
40652,.,-13.48157,33.433947,.
40653,.,-13.577768,33.56351,.
40654,.,-13.577768,33.56351,.
40655,.,-13.577768,33.56351,.
40656,.,-13.628619,33.495548,.
40657,.,-13.628619,33.495548,.
40658,.,-13.628619,33.495548,.
40659,.,-13.628619,33.495548,.
40660,.,-13.628619,33.495548,.
40661,.,-13.628619,33.495548,.
40662,.,-13.628619,33.495548,.
40663,.,-13.628619,33.495548,.
40664,.,-13.628619,33.495548,.
40665,.,-13.628619,33.495548,.
40666,.,-13.628619,33.495548,.
40667,.,-13.628619,33.495548,.
40668,.,-13.645875,33.64561,.
40669,.,-13.645875,33.64561,.
40670,.,-13.645875,33.64561,.
40671,.,-13.649155,34.042664,.
40672,.,-13.649155,34.042664,.
40673,.,-13.649155,34.042664,.
40674,.,-13.649155,34.042664,.
40675,.,-13.649155,34.042664,.
40676,.,-13.649155,34.042664,.
40677,.,-13.649155,34.042664,.
40678,.,-13.681329,34.128822,.
40679,.,-13.681329,34.128822,.
40680,.,-13.681329,34.128822,.
40681,.,-13.681329,34.128822,.
40682,.,-13.681329,34.128822,.
40683,.,-13.681329,34.128822,.
40684,.,-13.736363,34.240636,.
40685,.,-13.736363,34.240636,.
40686,.,-13.736363,34.240636,.
40687,.,-13.736363,34.240636,.
40688,.,-13.736363,34.240636,.
40689,.,-13.736363,34.240636,.
40690,.,-13.780298,34.294294,.
40691,.,-13.780298,34.294294,.
40692,.,-13.780298,34.294294,.
40693,.,-13.780298,34.294294,.
40694,.,-13.780298,34.294294,.
40695,.,-13.780298,34.294294,.
40696,.,-13.780298,34.294294,.
40697,.,-13.700251,33.84987,.
40698,.,-13.700251,33.84987,.
40699,.,-13.700251,33.84987,.
40700,.,-13.700251,33.84987,.
40701,.,-13.700251,33.84987,.
40702,.,-13.763297,33.932837,.
40703,.,-13.763297,33.932837,.
40704,.,-13.763297,33.932837,.
40705,.,-13.763297,33.932837,.
40706,.,-13.763297,33.932837,.
40707,.,-13.763297,33.932837,.
40708,.,-13.77625,34.010906,.
40709,.,-13.77625,34.010906,.
40710,.,-13.77625,34.010906,.
40711,.,-13.77625,34.010906,.
40712,.,-13.77625,34.010906,.
40713,.,-13.77625,34.010906,.
40714,.,-13.77625,34.010906,.
40715,.,-13.77625,34.010906,.
40716,.,-13.77625,34.010906,.
40717,.,-13.77625,34.010906,.
40718,.,-13.77625,34.010906,.
40719,.,-13.77625,34.010906,.
40720,.,-13.529607,33.912972,.
40721,.,-13.529607,33.912972,.
40722,.,-13.529607,33.912972,.
40723,.,-13.529607,33.912972,.
40724,.,-13.529607,33.912972,.
40725,.,-13.529607,33.912972,.
40726,.,-13.529607,33.912972,.
40727,.,-13.592628,34.078702,.
40728,.,-13.592628,34.078702,.
40729,.,-13.592628,34.078702,.
40730,.,-13.592628,34.078702,.
40731,.,-13.592628,34.078702,.
40732,.,-13.592628,34.078702,.
40733,.,-13.592628,34.078702,.
40734,.,-13.592628,34.078702,.
40735,.,-13.592628,34.078702,.
40736,.,-13.592628,34.078702,.
40737,.,-13.637108,33.902552,.
40738,.,-13.637108,33.902552,.
40739,.,-13.637108,33.902552,.
40740,.,-13.637108,33.902552,.
40741,.,-13.637108,33.902552,.
40742,.,-13.54501,33.75642,.
40743,.,-13.54501,33.75642,.
40744,.,-13.54501,33.75642,.
40745,.,-13.54501,33.75642,.
40746,.,-13.54501,33.75642,.
40747,.,-13.54501,33.75642,.
40748,.,-13.54501,33.75642,.
40749,.,-13.54501,33.75642,.
40750,.,-13.54501,33.75642,.
40751,.,-13.54501,33.75642,.
40752,.,-13.536814,33.735148,.
40753,.,-13.536814,33.735148,.
40754,.,-13.536814,33.735148,.
40755,.,-13.851904,34.529105,.
40756,.,-13.851904,34.529105,.
40757,.,-13.846168,34.585541,.
40758,.,-13.846168,34.585541,.
40759,.,-13.846168,34.585541,.
40760,.,-13.846168,34.585541,.
40761,.,-13.707395,34.373415,.
40762,.,-13.707395,34.373415,.
40763,.,-13.707395,34.373415,.
40764,.,-13.707395,34.373415,.
40765,.,-13.707395,34.373415,.
40766,.,-13.707395,34.373415,.
40767,.,-13.707395,34.373415,.
40768,.,-13.776575,34.403131,.
40769,.,-13.776575,34.403131,.
40770,.,-13.776575,34.403131,.
40771,.,-13.779716,34.32197,.
40772,.,-13.779716,34.32197,.
40773,.,-13.779716,34.32197,.
40774,.,-13.779716,34.32197,.
40775,.,-13.779716,34.32197,.
40776,.,-13.895495,34.491033,.
40777,.,-13.895495,34.491033,.
40778,.,-13.895495,34.491033,.
40779,.,-13.895495,34.491033,.
40780,.,-13.830846,34.42995,.
40781,.,-13.830846,34.42995,.
40782,.,-13.830846,34.42995,.
40783,.,-13.830846,34.42995,.
40784,.,-13.885676,34.475131,.
40785,.,-13.885676,34.475131,.
40786,.,-13.885676,34.475131,.
40787,.,-13.885676,34.475131,.
40788,.,-13.930634,34.533073,.
40789,.,-13.930634,34.533073,.
40790,.,-13.930634,34.533073,.
40791,.,-13.930634,34.533073,.
40792,.,-13.930634,34.533073,.
40793,.,-13.930634,34.533073,.
40794,.,-13.930634,34.533073,.
40795,.,-14.038697,34.511056,.
40796,.,-14.038697,34.511056,.
40797,.,-14.038697,34.511056,.
40798,.,-14.079133,34.532966,.
40799,.,-14.079133,34.532966,.
40800,.,-14.079133,34.532966,.
40801,.,-14.079133,34.532966,.
40802,.,-14.079133,34.532966,.
40803,.,-13.514585,34.282768,.
40804,.,-13.514585,34.282768,.
40805,.,-13.514585,34.282768,.
40806,.,-13.514585,34.282768,.
40807,.,-13.520882,34.376954,.
40808,.,-13.520882,34.376954,.
40809,.,-13.520882,34.376954,.
40810,.,-13.660567,34.240615,.
40811,.,-13.660567,34.240615,.
40812,.,-13.660567,34.240615,.
40813,.,-13.660567,34.240615,.
40814,.,-13.59236,34.435331,.
40815,.,-13.59236,34.435331,.
40816,.,-13.59236,34.435331,.
40817,.,-13.59236,34.435331,.
40818,.,-13.59236,34.435331,.
40819,.,-13.605708,34.138884,.
40820,.,-13.605708,34.138884,.
40821,.,-13.605708,34.138884,.
40822,.,-13.605708,34.138884,.
40823,.,-13.605708,34.138884,.
40824,.,-13.781343,34.442408,.
40825,.,-13.787503,34.466146,.
40826,.,-13.787503,34.466146,.
40827,.,-13.989487,34.507137,.
40828,.,-13.989487,34.507137,.
40829,.,-13.989487,34.507137,.
40830,.,-13.989487,34.507137,.
40831,.,-13.989487,34.507137,.
40832,.,-14.156098,33.857402,.
40833,.,-14.156098,33.857402,.
40834,.,-14.156098,33.857402,.
40835,.,-14.156098,33.857402,.
40836,.,-14.185037,33.870781,.
40837,.,-13.943037,33.434141,.
40838,.,-13.943037,33.434141,.
40839,.,-13.943037,33.434141,.
40840,.,-13.943037,33.434141,.
40841,.,-13.943037,33.434141,.
40842,.,-13.943037,33.434141,.
40843,.,-13.943037,33.434141,.
40844,.,-13.943037,33.434141,.
40845,.,-13.943037,33.434141,.
40846,.,-13.943037,33.434141,.
40847,.,-13.943037,33.434141,.
40848,.,-13.943037,33.434141,.
40849,.,-13.943037,33.434141,.
40850,.,-13.943037,33.434141,.
40851,.,-13.943037,33.434141,.
40852,.,-13.987618,33.471434,.
40853,.,-13.987618,33.471434,.
40854,.,-13.987618,33.471434,.
40855,.,-13.987618,33.471434,.
40856,.,-13.987618,33.471434,.
40857,.,-13.987618,33.471434,.
40858,.,-13.987618,33.471434,.
40859,.,-13.987618,33.471434,.
40860,.,-13.987618,33.471434,.
40861,.,-13.987618,33.471434,.
40862,.,-13.987618,33.471434,.
40863,.,-14.004444,33.469742,.
40864,.,-14.004444,33.469742,.
40865,.,-14.004444,33.469742,.
40866,.,-14.004444,33.469742,.
40867,.,-14.157104,33.551782,.
40868,.,-14.157104,33.551782,.
40869,.,-14.157104,33.551782,.
40870,.,-14.157104,33.551782,.
40871,.,-14.157104,33.551782,.
40872,.,-14.127521,33.662751,.
40873,.,-14.127521,33.662751,.
40874,.,-14.127521,33.662751,.
40875,.,-14.142451,33.763861,.
40876,.,-14.142451,33.763861,.
40877,.,-14.142451,33.763861,.
40878,.,-14.142451,33.763861,.
40879,.,-14.142451,33.763861,.
40880,.,-14.142451,33.763861,.
40881,.,-14.142451,33.763861,.
40882,.,-14.142451,33.763861,.
40883,.,-14.142451,33.763861,.
40884,.,-14.260532,33.774799,.
40885,.,-14.252291,33.724729,.
40886,.,-14.252291,33.724729,.
40887,.,-14.252291,33.724729,.
40888,.,-14.252291,33.724729,.
40889,.,-14.252291,33.724729,.
40890,.,-14.252291,33.724729,.
40891,.,-14.252291,33.724729,.
40892,.,-14.309332,33.77418,.
40893,.,-14.309332,33.77418,.
40894,.,-14.309332,33.77418,.
40895,.,-14.265231,33.80856,.
40896,.,-14.027634,34.036002,.
40897,.,-14.027634,34.036002,.
40898,.,-13.98172,33.97522,.
40899,.,-14.14077,34.056561,.
40900,.,-14.14077,34.056561,.
40901,.,-14.14077,34.056561,.
40902,.,-14.14077,34.056561,.
40903,.,-14.14077,34.056561,.
40904,.,-13.950627,34.08006,.
40905,.,-13.950627,34.08006,.
40906,.,-13.950627,34.08006,.
40907,.,-13.950627,34.08006,.
40908,.,-13.950627,34.08006,.
40909,.,-13.950627,34.08006,.
40910,.,-13.728265,33.301121,.
40911,.,-13.728265,33.301121,.
40912,.,-13.728265,33.301121,.
40913,.,-13.728265,33.301121,.
40914,.,-13.728265,33.301121,.
40915,.,-13.728265,33.301121,.
40916,.,-13.728265,33.301121,.
40917,.,-13.728265,33.301121,.
40918,.,-13.728265,33.301121,.
40919,.,-13.870775,33.394422,.
40920,.,-13.870775,33.394422,.
40921,.,-13.870775,33.394422,.
40922,.,-13.870775,33.394422,.
40923,.,-13.870775,33.394422,.
40924,.,-13.870775,33.394422,.
40925,.,-13.870775,33.394422,.
40926,.,-13.870775,33.394422,.
40927,.,-13.870775,33.394422,.
40928,.,-13.870775,33.394422,.
40929,.,-13.870775,33.394422,.
40930,.,-13.870775,33.394422,.
40931,.,-13.811588,33.915943,.
40932,.,-13.811588,33.915943,.
40933,.,-13.811588,33.915943,.
40934,.,-13.811588,33.915943,.
40935,.,-13.811588,33.915943,.
40936,.,-13.811588,33.915943,.
40937,.,-13.811588,33.915943,.
40938,.,-13.811588,33.915943,.
40939,.,-13.811588,33.915943,.
40940,.,-13.811588,33.915943,.
40941,.,-13.811588,33.915943,.
40942,.,-13.835717,33.897107,.
40943,.,-13.835717,33.897107,.
40944,.,-13.835717,33.897107,.
40945,.,-13.714481,33.687636,.
40946,.,-13.714481,33.687636,.
40947,.,-13.714481,33.687636,.
40948,.,-13.76407,33.614923,.
40949,.,-13.76407,33.614923,.
40950,.,-13.76407,33.614923,.
40951,.,-13.76407,33.614923,.
40952,.,-13.76407,33.614923,.
40953,.,-14.096687,33.960052,.
40954,.,-14.096687,33.960052,.
40955,.,-14.096687,33.960052,.
40956,.,-14.096687,33.960052,.
40957,.,-14.096687,33.960052,.
40958,.,-14.167398,33.967162,.
40959,.,-14.167398,33.967162,.
40960,.,-14.167398,33.967162,.
40961,.,-14.002539,33.846601,.
40962,.,-14.101096,33.807346,.
40963,.,-14.101096,33.807346,.
40964,.,-14.101096,33.807346,.
40965,.,-14.101096,33.807346,.
40966,.,-14.101096,33.807346,.
40967,.,-14.101096,33.807346,.
40968,.,-14.101096,33.807346,.
40969,.,-13.996385,33.708036,.
40970,.,-13.996385,33.708036,.
40971,.,-13.996385,33.708036,.
40972,.,-13.996385,33.708036,.
40973,.,-13.996385,33.708036,.
40974,.,-14.123186,33.59488,.
40975,.,-14.123186,33.59488,.
40976,.,-14.123186,33.59488,.
40977,.,-14.123186,33.59488,.
40978,.,-14.123186,33.59488,.
40979,.,-14.123186,33.59488,.
40980,.,-14.123186,33.59488,.
40981,.,-14.123186,33.59488,.
40982,.,-14.123186,33.59488,.
40983,.,-14.123186,33.59488,.
40984,.,-14.123186,33.59488,.
40985,.,-14.123186,33.59488,.
40986,.,-14.123186,33.59488,.
40987,.,-14.123186,33.59488,.
40988,.,-13.713232,33.458309,.
40989,.,-13.713232,33.458309,.
40990,.,-13.713232,33.458309,.
40991,.,-13.80165,33.52983,.
40992,.,-13.80165,33.52983,.
40993,.,-13.80165,33.52983,.
40994,.,-13.80165,33.52983,.
40995,.,-13.80165,33.52983,.
40996,.,-13.80165,33.52983,.
40997,.,-13.80165,33.52983,.
40998,.,-13.80165,33.52983,.
40999,.,-13.80165,33.52983,.
41000,.,-13.852853,33.513603,.
41001,.,-13.852853,33.513603,.
41002,.,-13.852853,33.513603,.
41003,.,-13.852853,33.513603,.
41004,.,-13.852853,33.513603,.
41005,.,-13.785994,32.860543,.
41006,.,-13.785994,32.860543,.
41007,.,-13.785994,32.860543,.
41008,.,-13.785994,32.860543,.
41009,.,-13.785994,32.860543,.
41010,.,-13.785994,32.860543,.
41011,.,-13.785994,32.860543,.
41012,.,-13.785994,32.860543,.
41013,.,-13.785994,32.860543,.
41014,.,-13.785994,32.860543,.
41015,.,-13.785994,32.860543,.
41016,.,-13.785994,32.860543,.
41017,.,-13.785994,32.860543,.
41018,.,-13.94947,33.081072,.
41019,.,-13.94947,33.081072,.
41020,.,-13.94947,33.081072,.
41021,.,-13.94947,33.081072,.
41022,.,-13.94947,33.081072,.
41023,.,-13.94947,33.081072,.
41024,.,-13.94947,33.081072,.
41025,.,-13.94947,33.081072,.
41026,.,-13.94947,33.081072,.
41027,.,-13.94947,33.081072,.
41028,.,-13.871693,33.228082,.
41029,.,-13.871693,33.228082,.
41030,.,-13.871693,33.228082,.
41031,.,-13.871693,33.228082,.
41032,.,-13.871693,33.228082,.
41033,.,-13.871693,33.228082,.
41034,.,-13.871693,33.228082,.
41035,.,-13.871693,33.228082,.
41036,.,-13.871693,33.228082,.
41037,.,-13.871693,33.228082,.
41038,.,-13.871693,33.228082,.
41039,.,-13.871693,33.228082,.
41040,.,-13.871693,33.228082,.
41041,.,-13.871693,33.228082,.
41042,.,-13.871693,33.228082,.
41043,.,-13.871693,33.228082,.
41044,.,-13.871693,33.228082,.
41045,.,-13.946321,33.186604,.
41046,.,-13.946321,33.186604,.
41047,.,-13.946321,33.186604,.
41048,.,-13.946321,33.186604,.
41049,.,-13.946321,33.186604,.
41050,.,-13.946321,33.186604,.
41051,.,-13.946321,33.186604,.
41052,.,-13.946321,33.186604,.
41053,.,-13.946321,33.186604,.
41054,.,-13.946321,33.186604,.
41055,.,-14.087961,33.325564,.
41056,.,-14.087961,33.325564,.
41057,.,-14.087961,33.325564,.
41058,.,-14.087961,33.325564,.
41059,.,-14.087961,33.325564,.
41060,.,-14.087961,33.325564,.
41061,.,-14.087961,33.325564,.
41062,.,-14.087961,33.325564,.
41063,.,-14.087961,33.325564,.
41064,.,-14.087961,33.325564,.
41065,.,-14.087961,33.325564,.
41066,.,-14.087961,33.325564,.
41067,.,-14.087961,33.325564,.
41068,.,-13.804444,32.987776,.
41069,.,-13.804444,32.987776,.
41070,.,-13.804444,32.987776,.
41071,.,-13.804444,32.987776,.
41072,.,-13.804444,32.987776,.
41073,.,-13.804444,32.987776,.
41074,.,-13.804444,32.987776,.
41075,.,-13.804444,32.987776,.
41076,.,-13.804444,32.987776,.
41077,.,-13.804444,32.987776,.
41078,.,-13.804444,32.987776,.
41079,.,-13.804444,32.987776,.
41080,.,-13.804444,32.987776,.
41081,.,-13.804444,32.987776,.
41082,.,-13.804444,32.987776,.
41083,.,-13.804444,32.987776,.
41084,.,-13.79991,33.116582,.
41085,.,-13.79991,33.116582,.
41086,.,-13.79991,33.116582,.
41087,.,-13.79991,33.116582,.
41088,.,-13.79991,33.116582,.
41089,.,-13.79991,33.116582,.
41090,.,-13.79991,33.116582,.
41091,.,-13.79991,33.116582,.
41092,.,-13.79991,33.116582,.
41093,.,-13.79991,33.116582,.
41094,.,-13.819115,33.174092,.
41095,.,-13.819115,33.174092,.
41096,.,-13.819115,33.174092,.
41097,.,-13.819115,33.174092,.
41098,.,-13.819115,33.174092,.
41099,.,-13.819115,33.174092,.
41100,.,-13.819115,33.174092,.
41101,.,-13.819115,33.174092,.
41102,.,-13.819115,33.174092,.
41103,.,-13.819115,33.174092,.
41104,.,-13.772572,33.014152,.
41105,.,-13.772572,33.014152,.
41106,.,-13.772572,33.014152,.
41107,.,-13.772572,33.014152,.
41108,.,-13.70606,32.988531,.
41109,.,-13.70606,32.988531,.
41110,.,-13.70606,32.988531,.
41111,.,-13.70606,32.988531,.
41112,.,-13.70606,32.988531,.
41113,.,-13.70606,32.988531,.
41114,.,-13.70606,32.988531,.
41115,.,-13.70606,32.988531,.
41116,.,-13.73958,33.123693,.
41117,.,-13.73958,33.123693,.
41118,.,-13.73958,33.123693,.
41119,.,-13.73958,33.123693,.
41120,.,-13.73958,33.123693,.
41121,.,-13.73958,33.123693,.
41122,.,-13.73958,33.123693,.
41123,.,-13.73958,33.123693,.
41124,.,-13.73958,33.123693,.
41125,.,-13.73958,33.123693,.
41126,.,-13.73958,33.123693,.
41127,.,-13.73958,33.123693,.
41128,.,-13.73958,33.123693,.
41129,.,-13.73958,33.123693,.
41130,.,-13.666854,33.204111,.
41131,.,-13.666854,33.204111,.
41132,.,-13.666854,33.204111,.
41133,.,-13.666854,33.204111,.
41134,.,-13.666854,33.204111,.
41135,.,-13.666854,33.204111,.
41136,.,-13.666854,33.204111,.
41137,.,-13.666854,33.204111,.
41138,.,-13.666854,33.204111,.
41139,.,-13.395012,33.10138,.
41140,.,-13.395012,33.10138,.
41141,.,-13.395012,33.10138,.
41142,.,-13.395012,33.10138,.
41143,.,-13.395012,33.10138,.
41144,.,-13.395012,33.10138,.
41145,.,-13.395012,33.10138,.
41146,.,-13.395012,33.10138,.
41147,.,-13.395012,33.10138,.
41148,.,-13.395012,33.10138,.
41149,.,-13.572201,32.859582,.
41150,.,-13.572201,32.859582,.
41151,.,-13.572201,32.859582,.
41152,.,-13.572201,32.859582,.
41153,.,-13.572201,32.859582,.
41154,.,-13.572201,32.859582,.
41155,.,-13.572201,32.859582,.
41156,.,-13.572201,32.859582,.
41157,.,-13.572201,32.859582,.
41158,.,-13.572201,32.859582,.
41159,.,-13.572201,32.859582,.
41160,.,-13.572201,32.859582,.
41161,.,-13.572201,32.859582,.
41162,.,-13.572201,32.859582,.
41163,.,-13.557205,32.897253,.
41164,.,-13.557205,32.897253,.
41165,.,-13.557205,32.897253,.
41166,.,-13.557205,32.897253,.
41167,.,-13.557205,32.897253,.
41168,.,-13.557205,32.897253,.
41169,.,-13.557205,32.897253,.
41170,.,-13.557205,32.897253,.
41171,.,-13.557205,32.897253,.
41172,.,-13.557205,32.897253,.
41173,.,-13.557205,32.897253,.
41174,.,-13.557205,32.897253,.
41175,.,-13.543769,32.993232,.
41176,.,-13.579327,33.185907,.
41177,.,-13.579327,33.185907,.
41178,.,-13.579327,33.185907,.
41179,.,-13.579327,33.185907,.
41180,.,-13.579327,33.185907,.
41181,.,-13.579327,33.185907,.
41182,.,-13.579327,33.185907,.
41183,.,-13.579327,33.185907,.
41184,.,-13.579327,33.185907,.
41185,.,-13.803408,32.901011,.
41186,.,-13.803408,32.901011,.
41187,.,-13.803408,32.901011,.
41188,.,-13.803408,32.901011,.
41189,.,-14.402079,33.945271,.
41190,.,-14.402079,33.945271,.
41191,.,-14.402079,33.945271,.
41192,.,-14.402079,33.945271,.
41193,.,-14.402079,33.945271,.
41194,.,-14.402079,33.945271,.
41195,.,-14.344464,34.009088,.
41196,.,-14.344464,34.009088,.
41197,.,-14.344464,34.009088,.
41198,.,-14.344464,34.009088,.
41199,.,-14.344464,34.009088,.
41200,.,-14.344464,34.009088,.
41201,.,-14.344464,34.009088,.
41202,.,-14.414164,34.003808,.
41203,.,-14.414164,34.003808,.
41204,.,-14.414164,34.003808,.
41205,.,-14.414164,34.003808,.
41206,.,-14.414164,34.003808,.
41207,.,-14.414164,34.003808,.
41208,.,-14.414164,34.003808,.
41209,.,-14.414164,34.003808,.
41210,.,-14.347362,34.137668,.
41211,.,-14.347362,34.137668,.
41212,.,-14.410488,34.132618,.
41213,.,-14.410488,34.132618,.
41214,.,-14.410488,34.132618,.
41215,.,-14.410488,34.132618,.
41216,.,-14.410488,34.132618,.
41217,.,-14.410488,34.132618,.
41218,.,-14.410488,34.132618,.
41219,.,-14.410488,34.132618,.
41220,.,-14.410488,34.132618,.
41221,.,-14.410488,34.132618,.
41222,.,-14.31495,33.981149,.
41223,.,-14.393188,33.934806,.
41224,.,-14.393188,33.934806,.
41225,.,-14.393188,33.934806,.
41226,.,-14.393188,33.934806,.
41227,.,-14.147413,34.072092,.
41228,.,-14.147413,34.072092,.
41229,.,-14.147413,34.072092,.
41230,.,-14.147413,34.072092,.
41231,.,-14.147413,34.072092,.
41232,.,-14.147413,34.072092,.
41233,.,-14.147413,34.072092,.
41234,.,-14.147413,34.072092,.
41235,.,-14.147413,34.072092,.
41236,.,-14.147413,34.072092,.
41237,.,-14.147413,34.072092,.
41238,.,-14.200352,34.103045,.
41239,.,-14.200352,34.103045,.
41240,.,-14.200352,34.103045,.
41241,.,-14.200352,34.103045,.
41242,.,-14.299366,34.095169,.
41243,.,-14.367123,34.192129,.
41244,.,-14.367123,34.192129,.
41245,.,-14.367123,34.192129,.
41246,.,-14.367123,34.192129,.
41247,.,-14.367123,34.192129,.
41248,.,-14.367123,34.192129,.
41249,.,-14.166801,34.19226,.
41250,.,-14.166801,34.19226,.
41251,.,-14.166801,34.19226,.
41252,.,-14.005091,34.196053,.
41253,.,-14.005091,34.196053,.
41254,.,-14.005091,34.196053,.
41255,.,-14.055466,34.244042,.
41256,.,-14.055466,34.244042,.
41257,.,-14.055466,34.244042,.
41258,.,-14.055466,34.244042,.
41259,.,-14.100208,34.235927,.
41260,.,-14.100208,34.235927,.
41261,.,-14.100208,34.235927,.
41262,.,-14.100208,34.235927,.
41263,.,-14.100208,34.235927,.
41264,.,-14.100208,34.235927,.
41265,.,-14.100208,34.235927,.
41266,.,-14.095697,34.168091,.
41267,.,-14.095697,34.168091,.
41268,.,-14.095697,34.168091,.
41269,.,-14.095697,34.168091,.
41270,.,-14.095697,34.168091,.
41271,.,-14.095697,34.168091,.
41272,.,-14.095697,34.168091,.
41273,.,-14.095697,34.168091,.
41274,.,-14.095697,34.168091,.
41275,.,-14.193944,34.379958,.
41276,.,-14.193944,34.379958,.
41277,.,-14.298119,34.261228,.
41278,.,-14.298119,34.261228,.
41279,.,-14.298119,34.261228,.
41280,.,-14.111488,34.512174,.
41281,.,-14.111488,34.512174,.
41282,.,-14.263875,34.51864,.
41283,.,-14.263875,34.51864,.
41284,.,-14.263875,34.51864,.
41285,.,-14.263875,34.51864,.
41286,.,-14.230789,34.513181,.
41287,.,-14.230789,34.513181,.
41288,.,-14.230789,34.513181,.
41289,.,-14.37646,34.469011,.
41290,.,-14.37646,34.469011,.
41291,.,-14.37646,34.469011,.
41292,.,-14.37646,34.469011,.
41293,.,-14.37646,34.469011,.
41294,.,-14.37646,34.469011,.
41295,.,-14.37646,34.469011,.
41296,.,-14.37646,34.469011,.
41297,.,-14.37646,34.469011,.
41298,.,-14.37646,34.469011,.
41299,.,-14.37646,34.469011,.
41300,.,-14.37646,34.469011,.
41301,.,-14.37646,34.469011,.
41302,.,-14.37646,34.469011,.
41303,.,-14.386206,34.308217,.
41304,.,-14.386206,34.308217,.
41305,.,-14.386206,34.308217,.
41306,.,-14.386206,34.308217,.
41307,.,-14.386206,34.308217,.
41308,.,-14.386206,34.308217,.
41309,.,-14.386206,34.308217,.
41310,.,-14.983696,34.743399,.
41311,.,-14.983696,34.743399,.
41312,.,-14.98695,34.77652,.
41313,.,-14.98695,34.77652,.
41314,.,-14.98695,34.77652,.
41315,.,-14.98695,34.77652,.
41316,.,-14.98695,34.77652,.
41317,.,-15.187795,34.828257,.
41318,.,-15.187795,34.828257,.
41319,.,-15.187795,34.828257,.
41320,.,-15.187795,34.828257,.
41321,.,-15.187795,34.828257,.
41322,.,-15.187795,34.828257,.
41323,.,-15.187795,34.828257,.
41324,.,-14.918698,34.586335,.
41325,.,-14.918698,34.586335,.
41326,.,-14.918698,34.586335,.
41327,.,-14.918698,34.586335,.
41328,.,-14.918698,34.586335,.
41329,.,-14.918698,34.586335,.
41330,.,-14.918698,34.586335,.
41331,.,-14.918698,34.586335,.
41332,.,-15.049572,34.64151,.
41333,.,-15.049572,34.64151,.
41334,.,-15.049572,34.64151,.
41335,.,-15.185392,34.628305,.
41336,.,-15.185392,34.628305,.
41337,.,-15.185392,34.628305,.
41338,.,-15.185392,34.628305,.
41339,.,-15.185392,34.628305,.
41340,.,-15.185392,34.628305,.
41341,.,-15.185392,34.628305,.
41342,.,-14.780085,34.657889,.
41343,.,-14.780085,34.657889,.
41344,.,-14.780085,34.657889,.
41345,.,-14.780085,34.657889,.
41346,.,-14.780085,34.657889,.
41347,.,-14.780085,34.657889,.
41348,.,-14.780085,34.657889,.
41349,.,-14.846656,34.70755,.
41350,.,-14.846656,34.70755,.
41351,.,-14.846656,34.70755,.
41352,.,-14.846656,34.70755,.
41353,.,-14.846656,34.70755,.
41354,.,-14.846656,34.70755,.
41355,.,-14.846656,34.70755,.
41356,.,-14.846656,34.70755,.
41357,.,-14.846656,34.70755,.
41358,.,-14.846656,34.70755,.
41359,.,-14.846656,34.70755,.
41360,.,-14.810918,34.85051,.
41361,.,-14.790572,34.845684,.
41362,.,-14.863205,34.934255,.
41363,.,-14.863205,34.934255,.
41364,.,-14.863205,34.934255,.
41365,.,-14.863205,34.934255,.
41366,.,-14.898374,34.879442,.
41367,.,-14.898374,34.879442,.
41368,.,-14.898374,34.879442,.
41369,.,-14.898374,34.879442,.
41370,.,-14.898374,34.879442,.
41371,.,-14.898374,34.879442,.
41372,.,-14.898374,34.879442,.
41373,.,-14.898374,34.879442,.
41374,.,-14.898374,34.879442,.
41375,.,-14.885393,34.740982,.
41376,.,-14.885393,34.740982,.
41377,.,-14.885393,34.740982,.
41378,.,-14.885393,34.740982,.
41379,.,-14.885393,34.740982,.
41380,.,-14.885393,34.740982,.
41381,.,-14.663388,34.546576,.
41382,.,-14.663388,34.546576,.
41383,.,-14.663388,34.546576,.
41384,.,-14.663388,34.546576,.
41385,.,-14.663388,34.546576,.
41386,.,-14.663388,34.546576,.
41387,.,-14.663388,34.546576,.
41388,.,-14.663388,34.546576,.
41389,.,-14.663388,34.546576,.
41390,.,-14.663388,34.546576,.
41391,.,-14.718437,34.69204,.
41392,.,-14.718437,34.69204,.
41393,.,-14.718437,34.69204,.
41394,.,-14.718437,34.69204,.
41395,.,-14.641939,34.583085,.
41396,.,-14.641939,34.583085,.
41397,.,-14.641939,34.583085,.
41398,.,-14.641939,34.583085,.
41399,.,-14.641939,34.583085,.
41400,.,-14.641939,34.583085,.
41401,.,-14.641939,34.583085,.
41402,.,-14.641939,34.583085,.
41403,.,-14.544524,34.533248,.
41404,.,-14.544524,34.533248,.
41405,.,-14.544524,34.533248,.
41406,.,-14.544524,34.533248,.
41407,.,-14.544524,34.533248,.
41408,.,-14.58168,34.637007,.
41409,.,-14.58168,34.637007,.
41410,.,-14.58168,34.637007,.
41411,.,-14.58168,34.637007,.
41412,.,-14.58168,34.637007,.
41413,.,-14.58168,34.637007,.
41414,.,-14.58168,34.637007,.
41415,.,-14.531922,34.702913,.
41416,.,-14.531922,34.702913,.
41417,.,-14.659798,34.677474,.
41418,.,-14.659798,34.677474,.
41419,.,-14.659798,34.677474,.
41420,.,-14.659798,34.677474,.
41421,.,-14.659798,34.677474,.
41422,.,-14.659798,34.677474,.
41423,.,-14.659798,34.677474,.
41424,.,-14.659798,34.677474,.
41425,.,-14.659798,34.677474,.
41426,.,-14.677658,34.700061,.
41427,.,-14.677658,34.700061,.
41428,.,-14.677658,34.700061,.
41429,.,-14.646637,34.832473,.
41430,.,-14.646637,34.832473,.
41431,.,-14.646637,34.832473,.
41432,.,-14.646637,34.832473,.
41433,.,-14.671041,34.774422,.
41434,.,-14.415021,34.737562,.
41435,.,-14.415021,34.737562,.
41436,.,-14.005029,33.794591,.
41437,.,-14.003753,33.805576,.
41438,.,-14.022649,33.81761,.
41439,.,-13.899852,33.794876,.
41440,.,-13.885932,33.764391,.
41441,.,-14.046295,33.798679,.
41442,.,-14.046295,33.798679,.
41443,.,-14.046295,33.798679,.
41444,.,-14.046295,33.798679,.
41445,.,-13.764306,33.812489,.
41446,.,-13.764306,33.812489,.
41447,.,-13.825714,33.777982,.
41448,.,-13.825714,33.777982,.
41449,.,-13.825714,33.777982,.
41450,.,-13.825714,33.777982,.
41451,.,-13.825714,33.777982,.
41452,.,-13.825714,33.777982,.
41453,.,-13.825714,33.777982,.
41454,.,-13.825714,33.777982,.
41455,.,-13.825714,33.777982,.
41456,.,-13.825714,33.777982,.
41457,.,-13.825714,33.777982,.
41458,.,-14.029786,33.712149,.
41459,.,-14.029786,33.712149,.
41460,.,-14.029786,33.712149,.
41461,.,-14.029786,33.712149,.
41462,.,-14.029786,33.712149,.
41463,.,-14.036065,33.682929,.
41464,.,-14.036065,33.682929,.
41465,.,-14.036065,33.682929,.
41466,.,-14.036065,33.682929,.
41467,.,-14.453137,35.262859,.
41468,.,-14.453137,35.262859,.
41469,.,-14.453137,35.262859,.
41470,.,-14.453137,35.262859,.
41471,.,-14.453137,35.262859,.
41472,.,-14.453137,35.262859,.
41473,.,-14.47413,35.197807,.
41474,.,-14.421902,34.955581,.
41475,.,-14.421902,34.955581,.
41476,.,-14.421902,34.955581,.
41477,.,-14.421902,34.955581,.
41478,.,-14.421902,34.955581,.
41479,.,-14.421902,34.955581,.
41480,.,-14.421902,34.955581,.
41481,.,-14.421902,34.955581,.
41482,.,-14.662478,35.026911,.
41483,.,-14.662478,35.026911,.
41484,.,-14.683761,34.915074,.
41485,.,-14.683761,34.915074,.
41486,.,-14.683761,34.915074,.
41487,.,-14.683761,34.915074,.
41488,.,-14.683761,34.915074,.
41489,.,-14.755818,35.232287,.
41490,.,-14.755818,35.232287,.
41491,.,-14.755818,35.232287,.
41492,.,-14.755818,35.232287,.
41493,.,-14.112681,34.870719,.
41494,.,-14.112681,34.870719,.
41495,.,-14.219633,35.025718,.
41496,.,-14.334623,34.798593,.
41497,.,-14.334623,34.798593,.
41498,.,-14.334623,34.798593,.
41499,.,-14.334623,34.798593,.
41500,.,-14.334623,34.798593,.
41501,.,-14.347177,35.46094,.
41502,.,-14.347177,35.46094,.
41503,.,-14.347177,35.46094,.
41504,.,-14.347177,35.46094,.
41505,.,-14.347177,35.46094,.
41506,.,-14.347177,35.46094,.
41507,.,-14.347177,35.46094,.
41508,.,-14.41125,35.595181,.
41509,.,-14.41125,35.595181,.
41510,.,-14.481431,35.608492,.
41511,.,-14.481431,35.608492,.
41512,.,-14.481431,35.608492,.
41513,.,-14.481431,35.608492,.
41514,.,-14.481431,35.608492,.
41515,.,-14.575176,35.55658,.
41516,.,-14.575176,35.55658,.
41517,.,-14.575176,35.55658,.
41518,.,-14.272959,35.256432,.
41519,.,-14.272959,35.256432,.
41520,.,-14.272959,35.256432,.
41521,.,-14.272959,35.256432,.
41522,.,-14.503987,35.326367,.
41523,.,-14.503987,35.326367,.
41524,.,-14.503987,35.326367,.
41525,.,-14.503987,35.326367,.
41526,.,-14.503987,35.326367,.
41527,.,-14.503987,35.326367,.
41528,.,-14.503987,35.326367,.
41529,.,-14.616051,35.313813,.
41530,.,-14.616051,35.313813,.
41531,.,-14.616051,35.313813,.
41532,.,-14.616051,35.313813,.
41533,.,-14.616051,35.313813,.
41534,.,-14.616051,35.313813,.
41535,.,-14.616051,35.313813,.
41536,.,-14.616051,35.313813,.
41537,.,-14.698152,35.455542,.
41538,.,-14.698152,35.455542,.
41539,.,-14.213324,35.407836,.
41540,.,-14.213324,35.407836,.
41541,.,-14.213324,35.407836,.
41542,.,-14.213324,35.407836,.
41543,.,-14.213324,35.407836,.
41544,.,-14.213324,35.407836,.
41545,.,-13.597231,34.861869,.
41546,.,-13.597231,34.861869,.
41547,.,-13.597231,34.861869,.
41548,.,-13.597231,34.861869,.
41549,.,-13.725164,35.039178,.
41550,.,-13.725164,35.039178,.
41551,.,-13.725164,35.039178,.
41552,.,-14.074178,35.196788,.
41553,.,-14.074178,35.196788,.
41554,.,-14.465717,35.229392,.
41555,.,-14.100373,34.916601,.
41556,.,-14.100373,34.916601,.
41557,.,-14.100373,34.916601,.
41558,.,-14.791922,35.433471,.
41559,.,-14.791922,35.433471,.
41560,.,-14.791922,35.433471,.
41561,.,-14.791922,35.433471,.
41562,.,-14.791922,35.433471,.
41563,.,-14.791922,35.433471,.
41564,.,-14.791922,35.433471,.
41565,.,-14.791922,35.433471,.
41566,.,-14.791922,35.433471,.
41567,.,-14.846169,35.50009,.
41568,.,-14.846169,35.50009,.
41569,.,-14.846169,35.50009,.
41570,.,-14.846169,35.50009,.
41571,.,-14.846169,35.50009,.
41572,.,-14.846169,35.50009,.
41573,.,-14.846169,35.50009,.
41574,.,-14.846169,35.50009,.
41575,.,-14.846169,35.50009,.
41576,.,-14.846169,35.50009,.
41577,.,-14.846169,35.50009,.
41578,.,-14.846169,35.50009,.
41579,.,-14.958294,35.520117,.
41580,.,-14.958294,35.520117,.
41581,.,-14.958294,35.520117,.
41582,.,-14.958294,35.520117,.
41583,.,-14.958294,35.520117,.
41584,.,-14.958294,35.520117,.
41585,.,-14.958294,35.520117,.
41586,.,-14.986768,35.462909,.
41587,.,-14.986768,35.462909,.
41588,.,-14.986768,35.462909,.
41589,.,-15.061575,35.300281,.
41590,.,-15.061575,35.300281,.
41591,.,-15.061575,35.300281,.
41592,.,-15.061575,35.300281,.
41593,.,-15.061575,35.300281,.
41594,.,-15.061575,35.300281,.
41595,.,-15.061575,35.300281,.
41596,.,-15.061575,35.300281,.
41597,.,-15.061575,35.300281,.
41598,.,-15.061575,35.300281,.
41599,.,-15.22401,35.203621,.
41600,.,-15.22401,35.203621,.
41601,.,-15.22401,35.203621,.
41602,.,-15.22401,35.203621,.
41603,.,-15.22401,35.203621,.
41604,.,-14.790041,35.6293,.
41605,.,-14.790041,35.6293,.
41606,.,-14.790041,35.6293,.
41607,.,-14.790041,35.6293,.
41608,.,-14.790041,35.6293,.
41609,.,-14.790041,35.6293,.
41610,.,-14.790041,35.6293,.
41611,.,-14.835844,35.565399,.
41612,.,-14.835844,35.565399,.
41613,.,-14.835844,35.565399,.
41614,.,-14.835844,35.565399,.
41615,.,-14.835844,35.565399,.
41616,.,-14.835844,35.565399,.
41617,.,-14.860188,35.551947,.
41618,.,-14.860188,35.551947,.
41619,.,-14.860188,35.551947,.
41620,.,-14.860188,35.551947,.
41621,.,-14.860188,35.551947,.
41622,.,-14.860188,35.551947,.
41623,.,-14.860188,35.551947,.
41624,.,-14.860188,35.551947,.
41625,.,-14.860188,35.551947,.
41626,.,-14.860188,35.551947,.
41627,.,-14.860188,35.551947,.
41628,.,-14.860188,35.551947,.
41629,.,-14.860188,35.551947,.
41630,.,-14.965719,35.616284,.
41631,.,-14.965719,35.616284,.
41632,.,-14.965719,35.616284,.
41633,.,-14.965719,35.616284,.
41634,.,-14.965719,35.616284,.
41635,.,-14.965719,35.616284,.
41636,.,-14.965719,35.616284,.
41637,.,-14.965719,35.616284,.
41638,.,-14.965719,35.616284,.
41639,.,-14.965719,35.616284,.
41640,.,-14.965719,35.616284,.
41641,.,-14.966727,35.676864,.
41642,.,-14.966727,35.676864,.
41643,.,-14.966727,35.676864,.
41644,.,-14.966727,35.676864,.
41645,.,-14.966727,35.676864,.
41646,.,-14.966727,35.676864,.
41647,.,-14.924294,35.85383,.
41648,.,-14.924294,35.85383,.
41649,.,-14.924294,35.85383,.
41650,.,-14.924294,35.85383,.
41651,.,-14.924294,35.85383,.
41652,.,-14.924294,35.85383,.
41653,.,-14.924294,35.85383,.
41654,.,-14.924294,35.85383,.
41655,.,-14.924294,35.85383,.
41656,.,-14.924294,35.85383,.
41657,.,-14.924294,35.85383,.
41658,.,-14.924294,35.85383,.
41659,.,-15.182804,35.418041,.
41660,.,-15.182804,35.418041,.
41661,.,-15.182804,35.418041,.
41662,.,-15.182804,35.418041,.
41663,.,-15.182804,35.418041,.
41664,.,-15.182804,35.418041,.
41665,.,-15.182804,35.418041,.
41666,.,-15.182804,35.418041,.
41667,.,-15.182804,35.418041,.
41668,.,-15.182804,35.418041,.
41669,.,-15.182804,35.418041,.
41670,.,-15.182804,35.418041,.
41671,.,-15.204413,35.502387,.
41672,.,-15.204413,35.502387,.
41673,.,-15.035595,35.513982,.
41674,.,-15.035595,35.513982,.
41675,.,-15.035595,35.513982,.
41676,.,-15.035595,35.513982,.
41677,.,-15.035595,35.513982,.
41678,.,-15.035595,35.513982,.
41679,.,-15.035595,35.513982,.
41680,.,-15.035595,35.513982,.
41681,.,-15.035595,35.513982,.
41682,.,-15.035595,35.513982,.
41683,.,-15.035595,35.513982,.
41684,.,-15.035595,35.513982,.
41685,.,-15.12574,35.513325,.
41686,.,-15.12574,35.513325,.
41687,.,-15.12574,35.513325,.
41688,.,-15.12574,35.513325,.
41689,.,-15.12574,35.513325,.
41690,.,-14.812365,35.755902,.
41691,.,-14.812365,35.755902,.
41692,.,-14.812365,35.755902,.
41693,.,-14.812365,35.755902,.
41694,.,-14.812365,35.755902,.
41695,.,-14.812365,35.755902,.
41696,.,-14.812365,35.755902,.
41697,.,-14.812365,35.755902,.
41698,.,-14.812365,35.755902,.
41699,.,-14.812365,35.755902,.
41700,.,-14.812365,35.755902,.
41701,.,-14.812365,35.755902,.
41702,.,-14.863595,35.680037,.
41703,.,-14.863595,35.680037,.
41704,.,-14.863595,35.680037,.
41705,.,-14.863595,35.680037,.
41706,.,-14.863595,35.680037,.
41707,.,-14.752119,35.681512,.
41708,.,-14.752119,35.681512,.
41709,.,-14.752119,35.681512,.
41710,.,-14.752119,35.681512,.
41711,.,-14.752119,35.681512,.
41712,.,-14.752119,35.681512,.
41713,.,-14.752119,35.681512,.
41714,.,-14.752119,35.681512,.
41715,.,-14.717821,35.800871,.
41716,.,-14.717821,35.800871,.
41717,.,-14.717821,35.800871,.
41718,.,-14.717821,35.800871,.
41719,.,-14.717821,35.800871,.
41720,.,-14.776339,35.539435,.
41721,.,-14.776339,35.539435,.
41722,.,-14.776339,35.539435,.
41723,.,-14.776339,35.539435,.
41724,.,-14.776339,35.539435,.
41725,.,-14.776339,35.539435,.
41726,.,-14.776339,35.539435,.
41727,.,-14.776339,35.539435,.
41728,.,-14.776339,35.539435,.
41729,.,-14.776339,35.539435,.
41730,.,-14.776339,35.539435,.
41731,.,-14.60574,35.734273,.
41732,.,-14.60574,35.734273,.
41733,.,-14.60574,35.734273,.
41734,.,-14.60574,35.734273,.
41735,.,-14.60574,35.734273,.
41736,.,-14.60574,35.734273,.
41737,.,-14.60574,35.734273,.
41738,.,-14.60574,35.734273,.
41739,.,-14.60574,35.734273,.
41740,.,-14.60574,35.734273,.
41741,.,-14.60574,35.734273,.
41742,.,-14.60574,35.734273,.
41743,.,-14.60574,35.734273,.
41744,.,-14.60574,35.734273,.
41745,.,-14.687752,35.569097,.
41746,.,-14.687752,35.569097,.
41747,.,-14.687752,35.569097,.
41748,.,-14.687752,35.569097,.
41749,.,-14.687752,35.569097,.
41750,.,-14.687752,35.569097,.
41751,.,-14.687752,35.569097,.
41752,.,-14.687752,35.569097,.
41753,.,-14.687752,35.569097,.
41754,.,-14.687752,35.569097,.
41755,.,-14.687752,35.569097,.
41756,.,-14.687752,35.569097,.
41757,.,-14.687752,35.569097,.
41758,.,-15.042153,35.22694,.
41759,.,-15.042153,35.22694,.
41760,.,-15.042153,35.22694,.
41761,.,-15.042153,35.22694,.
41762,.,-15.042153,35.22694,.
41763,.,-15.042153,35.22694,.
41764,.,-15.042153,35.22694,.
41765,.,-15.042153,35.22694,.
41766,.,-15.268513,35.49244,.
41767,.,-15.268513,35.49244,.
41768,.,-15.268513,35.49244,.
41769,.,-15.268513,35.49244,.
41770,.,-15.268513,35.49244,.
41771,.,-15.268513,35.49244,.
41772,.,-15.331859,35.457338,.
41773,.,-15.331859,35.457338,.
41774,.,-15.331859,35.457338,.
41775,.,-15.331859,35.457338,.
41776,.,-15.331859,35.457338,.
41777,.,-15.331859,35.457338,.
41778,.,-15.331859,35.457338,.
41779,.,-15.389976,35.363563,.
41780,.,-15.389976,35.363563,.
41781,.,-15.389976,35.363563,.
41782,.,-15.389976,35.363563,.
41783,.,-15.389976,35.363563,.
41784,.,-15.389976,35.363563,.
41785,.,-15.389976,35.363563,.
41786,.,-15.389976,35.363563,.
41787,.,-15.389976,35.363563,.
41788,.,-15.38839,35.467089,.
41789,.,-15.38839,35.467089,.
41790,.,-15.38839,35.467089,.
41791,.,-15.38839,35.467089,.
41792,.,-15.38839,35.467089,.
41793,.,-15.38839,35.467089,.
41794,.,-15.38839,35.467089,.
41795,.,-15.420275,35.394941,.
41796,.,-15.420275,35.394941,.
41797,.,-15.420275,35.394941,.
41798,.,-15.420275,35.394941,.
41799,.,-15.420275,35.394941,.
41800,.,-15.420275,35.394941,.
41801,.,-15.420275,35.394941,.
41802,.,-15.432665,35.552417,.
41803,.,-15.432665,35.552417,.
41804,.,-15.432665,35.552417,.
41805,.,-15.432665,35.552417,.
41806,.,-15.432665,35.552417,.
41807,.,-15.432665,35.552417,.
41808,.,-15.465583,35.635228,.
41809,.,-15.465583,35.635228,.
41810,.,-15.465583,35.635228,.
41811,.,-15.465583,35.635228,.
41812,.,-15.465583,35.635228,.
41813,.,-15.465583,35.635228,.
41814,.,-15.465583,35.635228,.
41815,.,-15.465583,35.635228,.
41816,.,-15.465583,35.635228,.
41817,.,-15.465583,35.635228,.
41818,.,-15.465583,35.635228,.
41819,.,-15.465583,35.635228,.
41820,.,-15.526099,35.589777,.
41821,.,-15.526099,35.589777,.
41822,.,-15.526099,35.589777,.
41823,.,-15.526099,35.589777,.
41824,.,-15.526099,35.589777,.
41825,.,-15.526099,35.589777,.
41826,.,-15.526099,35.589777,.
41827,.,-15.526099,35.589777,.
41828,.,-15.526099,35.589777,.
41829,.,-15.526099,35.589777,.
41830,.,-15.526099,35.589777,.
41831,.,-15.526099,35.589777,.
41832,.,-15.442607,35.295281,.
41833,.,-15.442607,35.295281,.
41834,.,-15.442607,35.295281,.
41835,.,-15.442607,35.295281,.
41836,.,-15.442607,35.295281,.
41837,.,-15.442607,35.295281,.
41838,.,-15.442607,35.295281,.
41839,.,-15.442607,35.295281,.
41840,.,-15.442607,35.295281,.
41841,.,-15.442607,35.295281,.
41842,.,-15.442607,35.295281,.
41843,.,-15.442607,35.295281,.
41844,.,-15.442607,35.295281,.
41845,.,-15.473915,35.311902,.
41846,.,-15.473915,35.311902,.
41847,.,-15.473915,35.311902,.
41848,.,-15.473915,35.311902,.
41849,.,-15.473915,35.311902,.
41850,.,-15.473915,35.311902,.
41851,.,-15.473915,35.311902,.
41852,.,-15.473915,35.311902,.
41853,.,-15.473915,35.311902,.
41854,.,-15.473915,35.311902,.
41855,.,-15.473915,35.311902,.
41856,.,-15.583395,35.424766,.
41857,.,-15.583395,35.424766,.
41858,.,-15.583395,35.424766,.
41859,.,-15.583395,35.424766,.
41860,.,-15.583395,35.424766,.
41861,.,-15.583395,35.424766,.
41862,.,-15.583395,35.424766,.
41863,.,-15.583395,35.424766,.
41864,.,-15.583395,35.424766,.
41865,.,-15.583395,35.424766,.
41866,.,-15.583395,35.424766,.
41867,.,-15.583395,35.424766,.
41868,.,-15.583395,35.424766,.
41869,.,-15.583395,35.424766,.
41870,.,-15.549261,35.225079,.
41871,.,-15.549261,35.225079,.
41872,.,-15.549261,35.225079,.
41873,.,-15.549261,35.225079,.
41874,.,-15.549261,35.225079,.
41875,.,-15.549261,35.225079,.
41876,.,-15.549261,35.225079,.
41877,.,-15.549261,35.225079,.
41878,.,-15.549261,35.225079,.
41879,.,-15.572013,35.303079,.
41880,.,-15.572013,35.303079,.
41881,.,-15.572013,35.303079,.
41882,.,-15.572013,35.303079,.
41883,.,-15.572013,35.303079,.
41884,.,-15.635692,35.306659,.
41885,.,-15.635692,35.306659,.
41886,.,-15.635692,35.306659,.
41887,.,-15.635692,35.306659,.
41888,.,-15.635692,35.306659,.
41889,.,-15.635692,35.306659,.
41890,.,-15.635692,35.306659,.
41891,.,-15.635692,35.306659,.
41892,.,-15.635692,35.306659,.
41893,.,-15.635692,35.306659,.
41894,.,-15.635692,35.306659,.
41895,.,-15.635692,35.306659,.
41896,.,-15.635692,35.306659,.
41897,.,-15.635692,35.306659,.
41898,.,-15.635692,35.306659,.
41899,.,-15.635692,35.306659,.
41900,.,-15.635692,35.306659,.
41901,.,-15.621626,35.443322,.
41902,.,-15.621626,35.443322,.
41903,.,-15.621626,35.443322,.
41904,.,-15.621626,35.443322,.
41905,.,-15.621626,35.443322,.
41906,.,-15.621626,35.443322,.
41907,.,-15.621626,35.443322,.
41908,.,-15.621626,35.443322,.
41909,.,-15.621626,35.443322,.
41910,.,-15.621626,35.443322,.
41911,.,-15.647325,35.458836,.
41912,.,-15.647325,35.458836,.
41913,.,-15.647325,35.458836,.
41914,.,-15.647325,35.458836,.
41915,.,-15.647325,35.458836,.
41916,.,-15.647325,35.458836,.
41917,.,-15.647325,35.458836,.
41918,.,-15.647325,35.458836,.
41919,.,-15.253792,35.256139,.
41920,.,-15.253792,35.256139,.
41921,.,-15.253792,35.256139,.
41922,.,-15.253792,35.256139,.
41923,.,-15.253792,35.256139,.
41924,.,-15.253792,35.256139,.
41925,.,-15.253792,35.256139,.
41926,.,-15.289466,35.201186,.
41927,.,-15.289466,35.201186,.
41928,.,-15.289466,35.201186,.
41929,.,-15.289466,35.201186,.
41930,.,-15.289466,35.201186,.
41931,.,-15.289466,35.201186,.
41932,.,-15.289466,35.201186,.
41933,.,-15.289466,35.201186,.
41934,.,-15.289466,35.201186,.
41935,.,-15.289466,35.201186,.
41936,.,-15.388404,35.198928,.
41937,.,-15.388404,35.198928,.
41938,.,-15.388404,35.198928,.
41939,.,-15.388404,35.198928,.
41940,.,-15.388404,35.198928,.
41941,.,-15.388404,35.198928,.
41942,.,-15.388404,35.198928,.
41943,.,-15.388404,35.198928,.
41944,.,-15.388404,35.198928,.
41945,.,-15.419415,35.140775,.
41946,.,-15.419415,35.140775,.
41947,.,-15.419415,35.140775,.
41948,.,-15.419415,35.140775,.
41949,.,-15.471926,35.227714,.
41950,.,-15.471926,35.227714,.
41951,.,-15.471926,35.227714,.
41952,.,-15.471926,35.227714,.
41953,.,-15.471926,35.227714,.
41954,.,-15.471926,35.227714,.
41955,.,-15.471926,35.227714,.
41956,.,-15.471926,35.227714,.
41957,.,-15.471926,35.227714,.
41958,.,-15.471926,35.227714,.
41959,.,-15.361921,35.265958,.
41960,.,-15.361921,35.265958,.
41961,.,-15.361921,35.265958,.
41962,.,-15.361921,35.265958,.
41963,.,-15.361921,35.265958,.
41964,.,-15.361921,35.265958,.
41965,.,-15.361921,35.265958,.
41966,.,-15.361921,35.265958,.
41967,.,-15.361921,35.265958,.
41968,.,-15.361921,35.265958,.
41969,.,-15.361921,35.265958,.
41970,.,-15.361921,35.265958,.
41971,.,-15.361921,35.265958,.
41972,.,-15.361921,35.265958,.
41973,.,-15.361921,35.265958,.
41974,.,-15.361921,35.265958,.
41975,.,-15.361921,35.265958,.
41976,.,-15.241005,35.404114,.
41977,.,-15.241005,35.404114,.
41978,.,-15.241005,35.404114,.
41979,.,-15.241005,35.404114,.
41980,.,-15.241005,35.404114,.
41981,.,-15.241005,35.404114,.
41982,.,-15.241005,35.404114,.
41983,.,-15.241005,35.404114,.
41984,.,-15.241005,35.404114,.
41985,.,-15.241005,35.404114,.
41986,.,-15.241005,35.404114,.
41987,.,-15.241005,35.404114,.
41988,.,-15.241005,35.404114,.
41989,.,-15.338709,35.394991,.
41990,.,-15.338709,35.394991,.
41991,.,-15.338709,35.394991,.
41992,.,-15.338709,35.394991,.
41993,.,-15.338709,35.394991,.
41994,.,-15.612678,35.195643,.
41995,.,-15.612678,35.195643,.
41996,.,-15.612678,35.195643,.
41997,.,-15.612678,35.195643,.
41998,.,-15.612678,35.195643,.
41999,.,-15.612678,35.195643,.
42000,.,-15.612678,35.195643,.
42001,.,-15.612678,35.195643,.
42002,.,-15.612678,35.195643,.
42003,.,-15.612678,35.195643,.
42004,.,-15.705208,35.151067,.
42005,.,-15.705208,35.151067,.
42006,.,-15.705208,35.151067,.
42007,.,-15.705208,35.151067,.
42008,.,-15.766141,35.153758,.
42009,.,-15.766141,35.153758,.
42010,.,-15.766141,35.153758,.
42011,.,-15.766141,35.153758,.
42012,.,-15.766141,35.153758,.
42013,.,-15.766141,35.153758,.
42014,.,-15.766141,35.153758,.
42015,.,-15.766141,35.153758,.
42016,.,-15.766709,35.22348,.
42017,.,-15.766709,35.22348,.
42018,.,-15.766709,35.22348,.
42019,.,-15.766709,35.22348,.
42020,.,-15.766709,35.22348,.
42021,.,-15.766709,35.22348,.
42022,.,-15.766709,35.22348,.
42023,.,-15.766709,35.22348,.
42024,.,-15.766709,35.22348,.
42025,.,-15.791752,35.157739,.
42026,.,-15.791752,35.157739,.
42027,.,-15.791752,35.157739,.
42028,.,-15.791752,35.157739,.
42029,.,-15.791752,35.157739,.
42030,.,-15.791752,35.157739,.
42031,.,-15.791752,35.157739,.
42032,.,-15.791752,35.157739,.
42033,.,-15.791752,35.157739,.
42034,.,-15.791752,35.157739,.
42035,.,-15.795731,35.125619,.
42036,.,-15.795731,35.125619,.
42037,.,-15.795731,35.125619,.
42038,.,-15.795731,35.125619,.
42039,.,-15.803291,35.154915,.
42040,.,-15.803291,35.154915,.
42041,.,-15.803291,35.154915,.
42042,.,-15.803291,35.154915,.
42043,.,-15.803291,35.154915,.
42044,.,-15.803291,35.154915,.
42045,.,-15.803291,35.154915,.
42046,.,-15.803291,35.154915,.
42047,.,-15.803291,35.154915,.
42048,.,-15.803291,35.154915,.
42049,.,-15.803291,35.154915,.
42050,.,-15.816606,35.19103,.
42051,.,-15.816606,35.19103,.
42052,.,-15.816606,35.19103,.
42053,.,-15.816606,35.19103,.
42054,.,-15.816606,35.19103,.
42055,.,-15.816606,35.19103,.
42056,.,-15.816606,35.19103,.
42057,.,-15.816606,35.19103,.
42058,.,-15.816606,35.19103,.
42059,.,-15.816606,35.19103,.
42060,.,-15.835268,35.167445,.
42061,.,-15.835268,35.167445,.
42062,.,-15.835268,35.167445,.
42063,.,-15.835268,35.167445,.
42064,.,-15.835268,35.167445,.
42065,.,-15.835268,35.167445,.
42066,.,-15.835268,35.167445,.
42067,.,-15.835268,35.167445,.
42068,.,-15.835268,35.167445,.
42069,.,-15.671589,35.200021,.
42070,.,-15.671589,35.200021,.
42071,.,-15.671589,35.200021,.
42072,.,-15.671589,35.200021,.
42073,.,-15.671589,35.200021,.
42074,.,-15.671589,35.200021,.
42075,.,-15.671589,35.200021,.
42076,.,-15.671589,35.200021,.
42077,.,-15.671589,35.200021,.
42078,.,-15.671589,35.200021,.
42079,.,-15.671589,35.200021,.
42080,.,-15.671589,35.200021,.
42081,.,-15.671589,35.200021,.
42082,.,-15.671589,35.200021,.
42083,.,-15.671589,35.200021,.
42084,.,-15.671589,35.200021,.
42085,.,-15.698935,35.255373,.
42086,.,-15.698935,35.255373,.
42087,.,-15.698935,35.255373,.
42088,.,-15.698935,35.255373,.
42089,.,-15.698935,35.255373,.
42090,.,-15.698935,35.255373,.
42091,.,-15.698935,35.255373,.
42092,.,-15.698935,35.255373,.
42093,.,-15.698935,35.255373,.
42094,.,-15.698935,35.255373,.
42095,.,-15.698935,35.255373,.
42096,.,-15.698935,35.255373,.
42097,.,-15.698935,35.255373,.
42098,.,-15.698935,35.255373,.
42099,.,-15.698935,35.255373,.
42100,.,-15.698935,35.255373,.
42101,.,-15.753062,35.287326,.
42102,.,-15.753062,35.287326,.
42103,.,-15.753062,35.287326,.
42104,.,-15.753062,35.287326,.
42105,.,-15.753062,35.287326,.
42106,.,-15.753062,35.287326,.
42107,.,-15.753062,35.287326,.
42108,.,-15.753062,35.287326,.
42109,.,-15.753062,35.287326,.
42110,.,-15.766944,35.208484,.
42111,.,-15.766944,35.208484,.
42112,.,-15.766944,35.208484,.
42113,.,-15.766944,35.208484,.
42114,.,-15.766944,35.208484,.
42115,.,-15.766944,35.208484,.
42116,.,-15.766944,35.208484,.
42117,.,-15.766944,35.208484,.
42118,.,-15.766944,35.208484,.
42119,.,-15.766944,35.208484,.
42120,.,-15.766944,35.208484,.
42121,.,-15.766944,35.208484,.
42122,.,-15.766944,35.208484,.
42123,.,-15.766944,35.208484,.
42124,.,-15.766944,35.208484,.
42125,.,-15.766944,35.208484,.
42126,.,-15.766944,35.208484,.
42127,.,-15.766944,35.208484,.
42128,.,-15.766944,35.208484,.
42129,.,-15.766944,35.208484,.
42130,.,-15.766944,35.208484,.
42131,.,-15.851081,35.249045,.
42132,.,-15.851081,35.249045,.
42133,.,-15.851081,35.249045,.
42134,.,-15.851081,35.249045,.
42135,.,-15.851081,35.249045,.
42136,.,-15.851081,35.249045,.
42137,.,-15.80194,35.297593,.
42138,.,-15.80194,35.297593,.
42139,.,-15.80194,35.297593,.
42140,.,-15.80194,35.297593,.
42141,.,-15.80194,35.297593,.
42142,.,-15.80194,35.297593,.
42143,.,-15.80194,35.297593,.
42144,.,-15.80194,35.297593,.
42145,.,-15.80194,35.297593,.
42146,.,-15.80194,35.297593,.
42147,.,-15.849466,35.286663,.
42148,.,-15.849466,35.286663,.
42149,.,-15.849466,35.286663,.
42150,.,-15.849466,35.286663,.
42151,.,-15.849466,35.286663,.
42152,.,-15.849466,35.286663,.
42153,.,-15.849466,35.286663,.
42154,.,-15.849466,35.286663,.
42155,.,-15.849466,35.286663,.
42156,.,-15.849466,35.286663,.
42157,.,-15.849466,35.286663,.
42158,.,-15.849466,35.286663,.
42159,.,-15.849466,35.286663,.
42160,.,-15.908184,35.294892,.
42161,.,-15.908184,35.294892,.
42162,.,-15.908184,35.294892,.
42163,.,-15.908184,35.294892,.
42164,.,-15.908184,35.294892,.
42165,.,-15.908184,35.294892,.
42166,.,-15.791752,35.157739,.
42167,.,-15.791752,35.157739,.
42168,.,-15.908184,35.294892,.
42169,.,-15.908184,35.294892,.
42170,.,-15.944962,35.298889,.
42171,.,-15.944962,35.298889,.
42172,.,-15.944962,35.298889,.
42173,.,-15.944962,35.298889,.
42174,.,-15.944962,35.298889,.
42175,.,-15.944962,35.298889,.
42176,.,-15.944962,35.298889,.
42177,.,-15.944962,35.298889,.
42178,.,-15.944962,35.298889,.
42179,.,-15.944962,35.298889,.
42180,.,-15.944962,35.298889,.
42181,.,-15.944962,35.298889,.
42182,.,-15.929301,35.290814,.
42183,.,-15.929301,35.290814,.
42184,.,-15.929301,35.290814,.
42185,.,-15.929301,35.290814,.
42186,.,-15.929301,35.290814,.
42187,.,-15.929301,35.290814,.
42188,.,-15.929301,35.290814,.
42189,.,-15.929301,35.290814,.
42190,.,-15.929301,35.290814,.
42191,.,-15.574928,35.124925,.
42192,.,-15.574928,35.124925,.
42193,.,-15.574928,35.124925,.
42194,.,-15.574928,35.124925,.
42195,.,-15.574928,35.124925,.
42196,.,-15.574928,35.124925,.
42197,.,-15.574928,35.124925,.
42198,.,-15.556942,35.1832,.
42199,.,-15.556942,35.1832,.
42200,.,-15.556942,35.1832,.
42201,.,-15.556942,35.1832,.
42202,.,-15.556942,35.1832,.
42203,.,-15.556942,35.1832,.
42204,.,-15.556942,35.1832,.
42205,.,-15.556942,35.1832,.
42206,.,-15.556942,35.1832,.
42207,.,-15.615004,35.226737,.
42208,.,-15.615004,35.226737,.
42209,.,-15.615004,35.226737,.
42210,.,-15.615004,35.226737,.
42211,.,-15.615004,35.226737,.
42212,.,-15.615004,35.226737,.
42213,.,-15.615004,35.226737,.
42214,.,-15.667329,35.3114,.
42215,.,-15.667329,35.3114,.
42216,.,-15.667329,35.3114,.
42217,.,-15.667329,35.3114,.
42218,.,-15.667329,35.3114,.
42219,.,-15.667329,35.3114,.
42220,.,-15.667329,35.3114,.
42221,.,-15.667329,35.3114,.
42222,.,-15.667329,35.3114,.
42223,.,-15.667329,35.3114,.
42224,.,-15.667329,35.3114,.
42225,.,-15.667329,35.3114,.
42226,.,-15.667329,35.3114,.
42227,.,-15.667329,35.3114,.
42228,.,-15.705021,35.183601,.
42229,.,-15.705021,35.183601,.
42230,.,-15.705021,35.183601,.
42231,.,-15.705021,35.183601,.
42232,.,-15.705021,35.183601,.
42233,.,-15.705021,35.183601,.
42234,.,-15.705021,35.183601,.
42235,.,-15.705021,35.183601,.
42236,.,-15.705021,35.183601,.
42237,.,-15.705021,35.183601,.
42238,.,-15.705021,35.183601,.
42239,.,-15.705021,35.183601,.
42240,.,-15.558742,35.010733,.
42241,.,-15.558742,35.010733,.
42242,.,-15.558742,35.010733,.
42243,.,-15.558742,35.010733,.
42244,.,-15.558742,35.010733,.
42245,.,-15.558742,35.010733,.
42246,.,-15.558742,35.010733,.
42247,.,-15.558742,35.010733,.
42248,.,-15.558742,35.010733,.
42249,.,-15.609782,35.04466,.
42250,.,-15.609782,35.04466,.
42251,.,-15.609782,35.04466,.
42252,.,-15.609782,35.04466,.
42253,.,-15.609782,35.04466,.
42254,.,-15.609782,35.04466,.
42255,.,-15.609782,35.04466,.
42256,.,-15.609782,35.04466,.
42257,.,-15.609782,35.04466,.
42258,.,-15.609782,35.04466,.
42259,.,-15.621164,35.013099,.
42260,.,-15.621164,35.013099,.
42261,.,-15.621164,35.013099,.
42262,.,-15.621164,35.013099,.
42263,.,-15.621164,35.013099,.
42264,.,-15.847348,34.995895,.
42265,.,-15.847348,34.995895,.
42266,.,-15.847348,34.995895,.
42267,.,-15.847348,34.995895,.
42268,.,-15.847348,34.995895,.
42269,.,-15.619836,35.052294,.
42270,.,-15.464192,35.012816,.
42271,.,-15.464192,35.012816,.
42272,.,-15.464192,35.012816,.
42273,.,-15.464192,35.012816,.
42274,.,-15.464192,35.012816,.
42275,.,-15.464192,35.012816,.
42276,.,-15.464192,35.012816,.
42277,.,-15.464192,35.012816,.
42278,.,-15.464192,35.012816,.
42279,.,-15.464192,35.012816,.
42280,.,-15.464192,35.012816,.
42281,.,-15.464192,35.012816,.
42282,.,-15.464192,35.012816,.
42283,.,-15.464192,35.012816,.
42284,.,-15.464192,35.012816,.
42285,.,-15.464192,35.012816,.
42286,.,-15.575781,35.068538,.
42287,.,-15.575781,35.068538,.
42288,.,-15.575781,35.068538,.
42289,.,-15.575781,35.068538,.
42290,.,-15.575781,35.068538,.
42291,.,-15.575781,35.068538,.
42292,.,-15.575781,35.068538,.
42293,.,-15.575781,35.068538,.
42294,.,-15.431764,35.003062,.
42295,.,-15.431764,35.003062,.
42296,.,-15.431764,35.003062,.
42297,.,-15.431764,35.003062,.
42298,.,-15.431764,35.003062,.
42299,.,-15.431764,35.003062,.
42300,.,-15.431764,35.003062,.
42301,.,-15.431764,35.003062,.
42302,.,-15.431764,35.003062,.
42303,.,-15.452825,34.947099,.
42304,.,-15.452825,34.947099,.
42305,.,-15.452825,34.947099,.
42306,.,-15.452825,34.947099,.
42307,.,-15.452825,34.947099,.
42308,.,-15.525747,34.909696,.
42309,.,-15.525747,34.909696,.
42310,.,-15.525747,34.909696,.
42311,.,-15.525747,34.909696,.
42312,.,-15.525747,34.909696,.
42313,.,-15.525747,34.909696,.
42314,.,-15.525747,34.909696,.
42315,.,-15.525747,34.909696,.
42316,.,-15.525747,34.909696,.
42317,.,-15.525747,34.909696,.
42318,.,-15.525747,34.909696,.
42319,.,-15.525747,34.909696,.
42320,.,-15.702464,34.889266,.
42321,.,-15.702464,34.889266,.
42322,.,-15.702464,34.889266,.
42323,.,-15.702464,34.889266,.
42324,.,-15.702464,34.889266,.
42325,.,-15.702464,34.889266,.
42326,.,-15.702464,34.889266,.
42327,.,-15.702464,34.889266,.
42328,.,-15.702464,34.889266,.
42329,.,-15.702464,34.889266,.
42330,.,-15.702464,34.889266,.
42331,.,-15.665454,34.923029,.
42332,.,-15.665454,34.923029,.
42333,.,-15.665454,34.923029,.
42334,.,-15.665454,34.923029,.
42335,.,-15.665454,34.923029,.
42336,.,-15.665454,34.923029,.
42337,.,-15.665454,34.923029,.
42338,.,-15.665454,34.923029,.
42339,.,-15.569237,35.083289,.
42340,.,-15.569237,35.083289,.
42341,.,-15.569237,35.083289,.
42342,.,-15.569237,35.083289,.
42343,.,-15.559279,34.885134,.
42344,.,-15.559279,34.885134,.
42345,.,-15.559279,34.885134,.
42346,.,-15.559279,34.885134,.
42347,.,-15.559279,34.885134,.
42348,.,-15.559279,34.885134,.
42349,.,-15.559279,34.885134,.
42350,.,-15.559279,34.885134,.
42351,.,-15.559279,34.885134,.
42352,.,-15.559279,34.885134,.
42353,.,-15.559279,34.885134,.
42354,.,-15.559279,34.885134,.
42355,.,-15.664213,34.934739,.
42356,.,-15.664213,34.934739,.
42357,.,-15.66464,34.955245,.
42358,.,-15.66464,34.955245,.
42359,.,-15.66464,34.955245,.
42360,.,-15.66464,34.955245,.
42361,.,-15.66464,34.955245,.
42362,.,-15.66464,34.955245,.
42363,.,-15.66464,34.955245,.
42364,.,-15.66464,34.955245,.
42365,.,-15.66464,34.955245,.
42366,.,-15.775837,34.910253,.
42367,.,-15.775837,34.910253,.
42368,.,-15.775837,34.910253,.
42369,.,-15.775837,34.910253,.
42370,.,-15.775837,34.910253,.
42371,.,-15.775837,34.910253,.
42372,.,-15.775837,34.910253,.
42373,.,-15.775837,34.910253,.
42374,.,-15.775837,34.910253,.
42375,.,-15.779108,34.901791,.
42376,.,-15.779108,34.901791,.
42377,.,-15.779108,34.901791,.
42378,.,-15.779108,34.901791,.
42379,.,-15.779108,34.901791,.
42380,.,-15.779108,34.901791,.
42381,.,-15.779108,34.901791,.
42382,.,-15.779108,34.901791,.
42383,.,-15.779108,34.901791,.
42384,.,-15.779108,34.901791,.
42385,.,-15.779108,34.901791,.
42386,.,-15.681641,35.073323,.
42387,.,-15.681641,35.073323,.
42388,.,-15.681641,35.073323,.
42389,.,-15.681641,35.073323,.
42390,.,-15.681641,35.073323,.
42391,.,-15.681641,35.073323,.
42392,.,-15.681641,35.073323,.
42393,.,-15.681641,35.073323,.
42394,.,-15.681641,35.073323,.
42395,.,-15.681641,35.073323,.
42396,.,-15.681641,35.073323,.
42397,.,-15.856066,35.112088,.
42398,.,-15.856066,35.112088,.
42399,.,-15.856066,35.112088,.
42400,.,-15.856066,35.112088,.
42401,.,-15.856066,35.112088,.
42402,.,-15.856066,35.112088,.
42403,.,-15.856066,35.112088,.
42404,.,-15.856066,35.112088,.
42405,.,-15.856066,35.112088,.
42406,.,-15.856066,35.112088,.
42407,.,-15.834733,34.977652,.
42408,.,-15.834733,34.977652,.
42409,.,-15.834733,34.977652,.
42410,.,-15.834733,34.977652,.
42411,.,-15.834733,34.977652,.
42412,.,-15.834733,34.977652,.
42413,.,-15.834733,34.977652,.
42414,.,-15.834733,34.977652,.
42415,.,-15.848941,34.988053,.
42416,.,-15.848941,34.988053,.
42417,.,-15.848941,34.988053,.
42418,.,-15.848941,34.988053,.
42419,.,-15.848941,34.988053,.
42420,.,-15.848941,34.988053,.
42421,.,-15.909287,34.939594,.
42422,.,-15.909287,34.939594,.
42423,.,-15.909287,34.939594,.
42424,.,-15.909287,34.939594,.
42425,.,-15.909287,34.939594,.
42426,.,-15.909287,34.939594,.
42427,.,-15.909287,34.939594,.
42428,.,-15.909287,34.939594,.
42429,.,-15.964919,34.950694,.
42430,.,-15.964919,34.950694,.
42431,.,-15.964919,34.950694,.
42432,.,-15.964919,34.950694,.
42433,.,-15.964919,34.950694,.
42434,.,-15.964919,34.950694,.
42435,.,-15.964919,34.950694,.
42436,.,-15.964919,34.950694,.
42437,.,-15.964919,34.950694,.
42438,.,-15.964919,34.950694,.
42439,.,-15.964919,34.950694,.
42440,.,-15.964919,34.950694,.
42441,.,-15.964919,34.950694,.
42442,.,-15.455463,34.486459,.
42443,.,-15.455463,34.486459,.
42444,.,-15.455463,34.486459,.
42445,.,-15.455463,34.486459,.
42446,.,-15.455463,34.486459,.
42447,.,-15.455463,34.486459,.
42448,.,-15.455463,34.486459,.
42449,.,-15.455463,34.486459,.
42450,.,-15.483505,34.505184,.
42451,.,-15.483505,34.505184,.
42452,.,-15.483505,34.505184,.
42453,.,-15.483505,34.505184,.
42454,.,-15.483505,34.505184,.
42455,.,-15.483505,34.505184,.
42456,.,-15.483505,34.505184,.
42457,.,-15.50056,34.501325,.
42458,.,-15.50056,34.501325,.
42459,.,-15.50056,34.501325,.
42460,.,-15.50056,34.501325,.
42461,.,-15.50056,34.501325,.
42462,.,-15.50056,34.501325,.
42463,.,-15.50056,34.501325,.
42464,.,-15.50056,34.501325,.
42465,.,-15.50056,34.501325,.
42466,.,-15.50056,34.501325,.
42467,.,-15.50056,34.501325,.
42468,.,-15.50056,34.501325,.
42469,.,-15.50056,34.501325,.
42470,.,-15.567784,34.519127,.
42471,.,-15.567784,34.519127,.
42472,.,-15.567784,34.519127,.
42473,.,-15.567784,34.519127,.
42474,.,-15.567784,34.519127,.
42475,.,-15.567784,34.519127,.
42476,.,-15.567784,34.519127,.
42477,.,-15.567784,34.519127,.
42478,.,-15.567784,34.519127,.
42479,.,-15.596914,34.520456,.
42480,.,-15.596914,34.520456,.
42481,.,-15.596914,34.520456,.
42482,.,-15.596914,34.520456,.
42483,.,-15.596914,34.520456,.
42484,.,-15.596914,34.520456,.
42485,.,-15.596914,34.520456,.
42486,.,-15.596914,34.520456,.
42487,.,-15.596914,34.520456,.
42488,.,-15.596914,34.520456,.
42489,.,-15.595224,34.525479,.
42490,.,-15.595224,34.525479,.
42491,.,-15.595224,34.525479,.
42492,.,-15.595224,34.525479,.
42493,.,-15.595224,34.525479,.
42494,.,-15.595224,34.525479,.
42495,.,-15.595224,34.525479,.
42496,.,-15.595224,34.525479,.
42497,.,-15.595224,34.525479,.
42498,.,-15.656258,34.568301,.
42499,.,-15.656258,34.568301,.
42500,.,-15.656258,34.568301,.
42501,.,-15.656258,34.568301,.
42502,.,-15.656258,34.568301,.
42503,.,-15.656258,34.568301,.
42504,.,-15.656258,34.568301,.
42505,.,-15.735286,34.52086,.
42506,.,-15.735286,34.52086,.
42507,.,-15.735286,34.52086,.
42508,.,-15.735286,34.52086,.
42509,.,-15.735286,34.52086,.
42510,.,-15.735286,34.52086,.
42511,.,-15.735286,34.52086,.
42512,.,-15.735286,34.52086,.
42513,.,-15.735286,34.52086,.
42514,.,-15.726054,34.517129,.
42515,.,-15.726054,34.517129,.
42516,.,-15.726054,34.517129,.
42517,.,-15.726054,34.517129,.
42518,.,-15.726054,34.517129,.
42519,.,-15.726054,34.517129,.
42520,.,-15.726054,34.517129,.
42521,.,-15.726054,34.517129,.
42522,.,-15.726054,34.517129,.
42523,.,-15.726054,34.517129,.
42524,.,-15.726054,34.517129,.
42525,.,-15.726054,34.517129,.
42526,.,-15.726054,34.517129,.
42527,.,-15.772282,34.516729,.
42528,.,-15.772282,34.516729,.
42529,.,-15.772282,34.516729,.
42530,.,-15.772282,34.516729,.
42531,.,-15.772282,34.516729,.
42532,.,-15.772282,34.516729,.
42533,.,-15.772282,34.516729,.
42534,.,-15.772282,34.516729,.
42535,.,-15.772282,34.516729,.
42536,.,-15.451516,34.464556,.
42537,.,-15.451516,34.464556,.
42538,.,-15.451516,34.464556,.
42539,.,-15.522797,34.457348,.
42540,.,-15.522797,34.457348,.
42541,.,-15.522797,34.457348,.
42542,.,-15.522797,34.457348,.
42543,.,-15.522797,34.457348,.
42544,.,-15.522797,34.457348,.
42545,.,-15.535664,34.4567,.
42546,.,-15.535664,34.4567,.
42547,.,-15.578415,34.465043,.
42548,.,-15.578415,34.465043,.
42549,.,-15.578415,34.465043,.
42550,.,-15.578415,34.465043,.
42551,.,-15.578415,34.465043,.
42552,.,-15.578415,34.465043,.
42553,.,-15.578415,34.465043,.
42554,.,-15.578415,34.465043,.
42555,.,-15.578415,34.465043,.
42556,.,-15.598949,34.517429,.
42557,.,-15.598949,34.517429,.
42558,.,-15.598949,34.517429,.
42559,.,-15.598949,34.517429,.
42560,.,-15.598949,34.517429,.
42561,.,-15.598949,34.517429,.
42562,.,-15.598949,34.517429,.
42563,.,-15.598949,34.517429,.
42564,.,-15.598949,34.517429,.
42565,.,-15.598949,34.517429,.
42566,.,-15.598949,34.517429,.
42567,.,-15.598949,34.517429,.
42568,.,-15.598949,34.517429,.
42569,.,-15.626989,34.488763,.
42570,.,-15.626989,34.488763,.
42571,.,-15.626989,34.488763,.
42572,.,-15.626989,34.488763,.
42573,.,-15.626989,34.488763,.
42574,.,-15.626989,34.488763,.
42575,.,-15.626989,34.488763,.
42576,.,-15.626989,34.488763,.
42577,.,-15.626989,34.488763,.
42578,.,-15.626989,34.488763,.
42579,.,-15.759848,34.463784,.
42580,.,-15.759848,34.463784,.
42581,.,-15.759848,34.463784,.
42582,.,-15.759848,34.463784,.
42583,.,-15.759848,34.463784,.
42584,.,-15.759848,34.463784,.
42585,.,-15.759848,34.463784,.
42586,.,-15.759848,34.463784,.
42587,.,-15.759848,34.463784,.
42588,.,-15.759848,34.463784,.
42589,.,-15.759848,34.463784,.
42590,.,-15.760952,34.421717,.
42591,.,-15.760952,34.421717,.
42592,.,-15.760952,34.421717,.
42593,.,-15.760952,34.421717,.
42594,.,-15.760952,34.421717,.
42595,.,-15.760952,34.421717,.
42596,.,-15.760952,34.421717,.
42597,.,-15.760952,34.421717,.
42598,.,-15.760952,34.421717,.
42599,.,-15.760952,34.421717,.
42600,.,-15.760952,34.421717,.
42601,.,-15.743748,34.383647,.
42602,.,-15.743748,34.383647,.
42603,.,-15.743748,34.383647,.
42604,.,-15.743748,34.383647,.
42605,.,-15.743748,34.383647,.
42606,.,-15.743748,34.383647,.
42607,.,-15.743748,34.383647,.
42608,.,-15.743748,34.383647,.
42609,.,-15.743748,34.383647,.
42610,.,-15.69187,34.394455,.
42611,.,-15.69187,34.394455,.
42612,.,-15.69187,34.394455,.
42613,.,-15.69187,34.394455,.
42614,.,-15.69187,34.394455,.
42615,.,-15.580107,34.486228,.
42616,.,-15.580107,34.486228,.
42617,.,-15.596167,34.510841,.
42618,.,-15.596167,34.510841,.
42619,.,-15.596167,34.510841,.
42620,.,-15.607846,34.525082,.
42621,.,-15.607846,34.525082,.
42622,.,-15.607846,34.525082,.
42623,.,-16.307387,35.278111,.
42624,.,-16.307387,35.278111,.
42625,.,-16.307387,35.278111,.
42626,.,-16.33911,35.274649,.
42627,.,-16.33911,35.274649,.
42628,.,-16.33911,35.274649,.
42629,.,-16.33911,35.274649,.
42630,.,-16.33911,35.274649,.
42631,.,-16.33911,35.274649,.
42632,.,-16.308801,35.149457,.
42633,.,-16.308801,35.149457,.
42634,.,-16.308801,35.149457,.
42635,.,-16.308801,35.149457,.
42636,.,-16.308801,35.149457,.
42637,.,-16.308801,35.149457,.
42638,.,-16.308801,35.149457,.
42639,.,-16.308801,35.149457,.
42640,.,-16.308801,35.149457,.
42641,.,-16.308801,35.149457,.
42642,.,-16.308801,35.149457,.
42643,.,-16.237141,35.113096,.
42644,.,-16.237141,35.113096,.
42645,.,-16.237141,35.113096,.
42646,.,-16.237141,35.113096,.
42647,.,-16.237141,35.113096,.
42648,.,-16.237141,35.113096,.
42649,.,-16.237141,35.113096,.
42650,.,-16.237141,35.113096,.
42651,.,-16.237141,35.113096,.
42652,.,-16.237141,35.113096,.
42653,.,-16.237141,35.113096,.
42654,.,-16.237141,35.113096,.
42655,.,-16.237141,35.113096,.
42656,.,-16.237141,35.113096,.
42657,.,-16.237141,35.113096,.
42658,.,-16.237141,35.113096,.
42659,.,-16.237141,35.113096,.
42660,.,-16.096666,34.975852,.
42661,.,-16.096666,34.975852,.
42662,.,-16.096666,34.975852,.
42663,.,-16.096666,34.975852,.
42664,.,-16.096666,34.975852,.
42665,.,-16.096666,34.975852,.
42666,.,-16.097034,35.073377,.
42667,.,-16.097034,35.073377,.
42668,.,-16.097034,35.073377,.
42669,.,-16.097034,35.073377,.
42670,.,-16.097034,35.073377,.
42671,.,-16.097034,35.073377,.
42672,.,-16.097034,35.073377,.
42673,.,-16.139062,35.151528,.
42674,.,-16.139062,35.151528,.
42675,.,-16.139062,35.151528,.
42676,.,-16.139062,35.151528,.
42677,.,-16.139062,35.151528,.
42678,.,-16.139062,35.151528,.
42679,.,-16.139062,35.151528,.
42680,.,-16.139062,35.151528,.
42681,.,-16.139062,35.151528,.
42682,.,-16.139062,35.151528,.
42683,.,-16.139062,35.151528,.
42684,.,-16.139062,35.151528,.
42685,.,-16.207909,35.15497,.
42686,.,-16.207909,35.15497,.
42687,.,-16.207909,35.15497,.
42688,.,-16.207909,35.15497,.
42689,.,-16.207909,35.15497,.
42690,.,-16.207909,35.15497,.
42691,.,-16.207909,35.15497,.
42692,.,-16.207909,35.15497,.
42693,.,-16.207909,35.15497,.
42694,.,-16.207909,35.15497,.
42695,.,-16.207909,35.15497,.
42696,.,-16.099412,35.303969,.
42697,.,-16.099412,35.303969,.
42698,.,-16.099412,35.303969,.
42699,.,-16.099412,35.303969,.
42700,.,-16.099412,35.303969,.
42701,.,-16.099412,35.303969,.
42702,.,-16.099412,35.303969,.
42703,.,-16.099412,35.303969,.
42704,.,-16.099412,35.303969,.
42705,.,-16.099412,35.303969,.
42706,.,-16.099412,35.303969,.
42707,.,-16.099412,35.303969,.
42708,.,-16.181382,35.219897,.
42709,.,-16.181382,35.219897,.
42710,.,-16.181382,35.219897,.
42711,.,-16.181382,35.219897,.
42712,.,-16.051462,35.244837,.
42713,.,-16.051462,35.244837,.
42714,.,-16.051462,35.244837,.
42715,.,-16.051462,35.244837,.
42716,.,-16.051462,35.244837,.
42717,.,-16.051462,35.244837,.
42718,.,-16.051462,35.244837,.
42719,.,-16.051462,35.244837,.
42720,.,-16.051462,35.244837,.
42721,.,-16.051462,35.244837,.
42722,.,-16.051462,35.244837,.
42723,.,-16.051462,35.244837,.
42724,.,-16.108243,35.110525,.
42725,.,-16.108243,35.110525,.
42726,.,-16.108243,35.110525,.
42727,.,-16.108243,35.110525,.
42728,.,-16.108243,35.110525,.
42729,.,-16.108243,35.110525,.
42730,.,-16.108243,35.110525,.
42731,.,-16.108243,35.110525,.
42732,.,-16.108243,35.110525,.
42733,.,-16.108243,35.110525,.
42734,.,-16.153,35.198578,.
42735,.,-16.153,35.198578,.
42736,.,-16.153,35.198578,.
42737,.,-16.153,35.198578,.
42738,.,-16.153,35.198578,.
42739,.,-15.994161,35.075365,.
42740,.,-15.994161,35.075365,.
42741,.,-15.994161,35.075365,.
42742,.,-15.994161,35.075365,.
42743,.,-15.994161,35.075365,.
42744,.,-15.994161,35.075365,.
42745,.,-15.994161,35.075365,.
42746,.,-15.994161,35.075365,.
42747,.,-15.93632,35.227798,.
42748,.,-15.93632,35.227798,.
42749,.,-15.93632,35.227798,.
42750,.,-15.93632,35.227798,.
42751,.,-15.93632,35.227798,.
42752,.,-15.93632,35.227798,.
42753,.,-15.93632,35.227798,.
42754,.,-15.93632,35.227798,.
42755,.,-16.007173,35.1575,.
42756,.,-16.007173,35.1575,.
42757,.,-16.007173,35.1575,.
42758,.,-16.007173,35.1575,.
42759,.,-16.007173,35.1575,.
42760,.,-16.007173,35.1575,.
42761,.,-16.007173,35.1575,.
42762,.,-16.007173,35.1575,.
42763,.,-16.007173,35.1575,.
42764,.,-16.009724,35.145672,.
42765,.,-16.009724,35.145672,.
42766,.,-16.009724,35.145672,.
42767,.,-16.009724,35.145672,.
42768,.,-16.009724,35.145672,.
42769,.,-16.009724,35.145672,.
42770,.,-15.864042,35.171426,.
42771,.,-15.864042,35.171426,.
42772,.,-15.864042,35.171426,.
42773,.,-15.864042,35.171426,.
42774,.,-15.864042,35.171426,.
42775,.,-15.864042,35.171426,.
42776,.,-15.864042,35.171426,.
42777,.,-15.864042,35.171426,.
42778,.,-15.864042,35.171426,.
42779,.,-15.864042,35.171426,.
42780,.,-15.959665,35.03493,.
42781,.,-15.959665,35.03493,.
42782,.,-15.959665,35.03493,.
42783,.,-15.959665,35.03493,.
42784,.,-15.959665,35.03493,.
42785,.,-15.959665,35.03493,.
42786,.,-15.959665,35.03493,.
42787,.,-15.959665,35.03493,.
42788,.,-15.959665,35.03493,.
42789,.,-15.959665,35.03493,.
42790,.,-15.959665,35.03493,.
42791,.,-15.959665,35.03493,.
42792,.,-15.959665,35.03493,.
42793,.,-15.959665,35.03493,.
42794,.,-15.959665,35.03493,.
42795,.,-15.97529,35.029295,.
42796,.,-15.97529,35.029295,.
42797,.,-15.97529,35.029295,.
42798,.,-15.97529,35.029295,.
42799,.,-15.97529,35.029295,.
42800,.,-15.97529,35.029295,.
42801,.,-15.97529,35.029295,.
42802,.,-15.940622,35.095487,.
42803,.,-15.940622,35.095487,.
42804,.,-15.978893,34.978723,.
42805,.,-15.978893,34.978723,.
42806,.,-15.978893,34.978723,.
42807,.,-15.978893,34.978723,.
42808,.,-15.978893,34.978723,.
42809,.,-15.978893,34.978723,.
42810,.,-15.978893,34.978723,.
42811,.,-15.978893,34.978723,.
42812,.,-15.978893,34.978723,.
42813,.,-15.978893,34.978723,.
42814,.,-15.978893,34.978723,.
42815,.,-16.041099,35.145198,.
42816,.,-16.041099,35.145198,.
42817,.,-16.041099,35.145198,.
42818,.,-16.041099,35.145198,.
42819,.,-16.043878,35.6054,.
42820,.,-16.028134,35.635929,.
42821,.,-16.028134,35.635929,.
42822,.,-16.028134,35.635929,.
42823,.,-16.084998,35.581694,.
42824,.,-16.084998,35.581694,.
42825,.,-16.084998,35.581694,.
42826,.,-16.084998,35.581694,.
42827,.,-16.084998,35.581694,.
42828,.,-16.084998,35.581694,.
42829,.,-16.084998,35.581694,.
42830,.,-16.084998,35.581694,.
42831,.,-16.084998,35.581694,.
42832,.,-16.084998,35.581694,.
42833,.,-16.084998,35.581694,.
42834,.,-16.084998,35.581694,.
42835,.,-16.084998,35.581694,.
42836,.,-16.119842,35.561699,.
42837,.,-16.119842,35.561699,.
42838,.,-16.119842,35.561699,.
42839,.,-16.119842,35.561699,.
42840,.,-16.119842,35.561699,.
42841,.,-16.119289,35.381973,.
42842,.,-16.119289,35.381973,.
42843,.,-16.119289,35.381973,.
42844,.,-16.119289,35.381973,.
42845,.,-16.119289,35.381973,.
42846,.,-16.119289,35.381973,.
42847,.,-16.119289,35.381973,.
42848,.,-16.119289,35.381973,.
42849,.,-16.119289,35.381973,.
42850,.,-16.119289,35.381973,.
42851,.,-16.119289,35.381973,.
42852,.,-16.091054,35.56195,.
42853,.,-16.091054,35.56195,.
42854,.,-16.091054,35.56195,.
42855,.,-16.091054,35.56195,.
42856,.,-16.091054,35.56195,.
42857,.,-16.091054,35.56195,.
42858,.,-16.091054,35.56195,.
42859,.,-16.091054,35.56195,.
42860,.,-16.022744,35.811397,.
42861,.,-16.022744,35.811397,.
42862,.,-16.022744,35.811397,.
42863,.,-16.022744,35.811397,.
42864,.,-16.022744,35.811397,.
42865,.,-16.022744,35.811397,.
42866,.,-16.022744,35.811397,.
42867,.,-16.094797,35.681098,.
42868,.,-16.094797,35.681098,.
42869,.,-16.094797,35.681098,.
42870,.,-16.094797,35.681098,.
42871,.,-16.094797,35.681098,.
42872,.,-16.094797,35.681098,.
42873,.,-16.094797,35.681098,.
42874,.,-16.094797,35.681098,.
42875,.,-16.044566,35.695152,.
42876,.,-16.044566,35.695152,.
42877,.,-16.044566,35.695152,.
42878,.,-16.044566,35.695152,.
42879,.,-16.044566,35.695152,.
42880,.,-16.029948,35.410465,.
42881,.,-16.029948,35.410465,.
42882,.,-16.029948,35.410465,.
42883,.,-16.029948,35.410465,.
42884,.,-16.029948,35.410465,.
42885,.,-16.029948,35.410465,.
42886,.,-16.029948,35.410465,.
42887,.,-16.029948,35.410465,.
42888,.,-16.029948,35.410465,.
42889,.,-16.029948,35.410465,.
42890,.,-16.020639,35.448207,.
42891,.,-16.020639,35.448207,.
42892,.,-16.020639,35.448207,.
42893,.,-16.113604,35.346823,.
42894,.,-16.113604,35.346823,.
42895,.,-16.113604,35.346823,.
42896,.,-16.113604,35.346823,.
42897,.,-16.113604,35.346823,.
42898,.,-16.113604,35.346823,.
42899,.,-16.113604,35.346823,.
42900,.,-16.113604,35.346823,.
42901,.,-16.113604,35.346823,.
42902,.,-16.113604,35.346823,.
42903,.,-16.113604,35.346823,.
42904,.,-16.113604,35.346823,.
42905,.,-16.113604,35.346823,.
42906,.,-16.113604,35.346823,.
42907,.,-16.113604,35.346823,.
42908,.,-16.113604,35.346823,.
42909,.,-16.113604,35.346823,.
42910,.,-16.113604,35.346823,.
42911,.,-16.113604,35.346823,.
42912,.,-16.113604,35.346823,.
42913,.,-16.113604,35.346823,.
42914,.,-16.113604,35.346823,.
42915,.,-15.965693,35.392825,.
42916,.,-15.965693,35.392825,.
42917,.,-15.965693,35.392825,.
42918,.,-15.965693,35.392825,.
42919,.,-15.965693,35.392825,.
42920,.,-15.965693,35.392825,.
42921,.,-15.965693,35.392825,.
42922,.,-15.965693,35.392825,.
42923,.,-15.965693,35.392825,.
42924,.,-15.965693,35.392825,.
42925,.,-15.965693,35.392825,.
42926,.,-15.965693,35.392825,.
42927,.,-15.965693,35.392825,.
42928,.,-15.965693,35.392825,.
42929,.,-15.965693,35.392825,.
42930,.,-16.054833,35.360422,.
42931,.,-16.054833,35.360422,.
42932,.,-16.054833,35.360422,.
42933,.,-16.054833,35.360422,.
42934,.,-16.054833,35.360422,.
42935,.,-16.054833,35.360422,.
42936,.,-16.054833,35.360422,.
42937,.,-16.054833,35.360422,.
42938,.,-16.054833,35.360422,.
42939,.,-16.054833,35.360422,.
42940,.,-16.054833,35.360422,.
42941,.,-16.054833,35.360422,.
42942,.,-16.054833,35.360422,.
42943,.,-15.793053,35.483234,.
42944,.,-15.793053,35.483234,.
42945,.,-15.793053,35.483234,.
42946,.,-15.793053,35.483234,.
42947,.,-15.793053,35.483234,.
42948,.,-15.793053,35.483234,.
42949,.,-15.793053,35.483234,.
42950,.,-15.793053,35.483234,.
42951,.,-15.793053,35.483234,.
42952,.,-15.875918,35.555916,.
42953,.,-15.875918,35.555916,.
42954,.,-15.875918,35.555916,.
42955,.,-15.875918,35.555916,.
42956,.,-15.875918,35.555916,.
42957,.,-15.875918,35.555916,.
42958,.,-15.875918,35.555916,.
42959,.,-15.875918,35.555916,.
42960,.,-15.875918,35.555916,.
42961,.,-15.875918,35.555916,.
42962,.,-15.875918,35.555916,.
42963,.,-15.938183,35.467495,.
42964,.,-15.938183,35.467495,.
42965,.,-15.938183,35.467495,.
42966,.,-15.938183,35.467495,.
42967,.,-15.938183,35.467495,.
42968,.,-15.938183,35.467495,.
42969,.,-15.938183,35.467495,.
42970,.,-15.938183,35.467495,.
42971,.,-15.938183,35.467495,.
42972,.,-15.938183,35.467495,.
42973,.,-15.916279,35.384048,.
42974,.,-15.916279,35.384048,.
42975,.,-15.916279,35.384048,.
42976,.,-15.916279,35.384048,.
42977,.,-15.916279,35.384048,.
42978,.,-15.916279,35.384048,.
42979,.,-15.916279,35.384048,.
42980,.,-15.916279,35.384048,.
42981,.,-15.916279,35.384048,.
42982,.,-15.916279,35.384048,.
42983,.,-15.916279,35.384048,.
42984,.,-15.916279,35.384048,.
42985,.,-15.699825,35.486854,.
42986,.,-15.699825,35.486854,.
42987,.,-15.699825,35.486854,.
42988,.,-15.699825,35.486854,.
42989,.,-15.699825,35.486854,.
42990,.,-15.699825,35.486854,.
42991,.,-15.725627,35.341325,.
42992,.,-15.725627,35.341325,.
42993,.,-15.725627,35.341325,.
42994,.,-15.725627,35.341325,.
42995,.,-15.725627,35.341325,.
42996,.,-15.725627,35.341325,.
42997,.,-15.725627,35.341325,.
42998,.,-15.725627,35.341325,.
42999,.,-15.725627,35.341325,.
43000,.,-15.725627,35.341325,.
43001,.,-15.725627,35.341325,.
43002,.,-15.725627,35.341325,.
43003,.,-15.790143,35.411892,.
43004,.,-15.790143,35.411892,.
43005,.,-15.790143,35.411892,.
43006,.,-15.790143,35.411892,.
43007,.,-15.790143,35.411892,.
43008,.,-15.790143,35.411892,.
43009,.,-15.790143,35.411892,.
43010,.,-15.790143,35.411892,.
43011,.,-15.790143,35.411892,.
43012,.,-15.790143,35.411892,.
43013,.,-15.790143,35.411892,.
43014,.,-15.790143,35.411892,.
43015,.,-15.790143,35.411892,.
43016,.,-15.877739,35.351154,.
43017,.,-15.877739,35.351154,.
43018,.,-15.877739,35.351154,.
43019,.,-15.877739,35.351154,.
43020,.,-15.877739,35.351154,.
43021,.,-15.877739,35.351154,.
43022,.,-15.877739,35.351154,.
43023,.,-15.877739,35.351154,.
43024,.,-15.877739,35.351154,.
43025,.,-15.877739,35.351154,.
43026,.,-15.877739,35.351154,.
43027,.,-15.553168,35.64588,.
43028,.,-15.553168,35.64588,.
43029,.,-15.553168,35.64588,.
43030,.,-15.553168,35.64588,.
43031,.,-15.553168,35.64588,.
43032,.,-15.553168,35.64588,.
43033,.,-15.553168,35.64588,.
43034,.,-15.553168,35.64588,.
43035,.,-15.553168,35.64588,.
43036,.,-15.553168,35.64588,.
43037,.,-15.553168,35.64588,.
43038,.,-15.538003,35.626395,.
43039,.,-15.538003,35.626395,.
43040,.,-15.538003,35.626395,.
43041,.,-15.538003,35.626395,.
43042,.,-15.538003,35.626395,.
43043,.,-15.538003,35.626395,.
43044,.,-15.538003,35.626395,.
43045,.,-15.538003,35.626395,.
43046,.,-15.538003,35.626395,.
43047,.,-15.57871,35.603459,.
43048,.,-15.57871,35.603459,.
43049,.,-15.57871,35.603459,.
43050,.,-15.57871,35.603459,.
43051,.,-15.57871,35.603459,.
43052,.,-15.627924,35.672782,.
43053,.,-15.627924,35.672782,.
43054,.,-15.627924,35.672782,.
43055,.,-15.627924,35.672782,.
43056,.,-15.627924,35.672782,.
43057,.,-15.65929,35.6434,.
43058,.,-15.65929,35.6434,.
43059,.,-15.65929,35.6434,.
43060,.,-15.65929,35.6434,.
43061,.,-15.65929,35.6434,.
43062,.,-15.65929,35.6434,.
43063,.,-15.634718,35.531409,.
43064,.,-15.634718,35.531409,.
43065,.,-15.634718,35.531409,.
43066,.,-15.634718,35.531409,.
43067,.,-15.634718,35.531409,.
43068,.,-15.634718,35.531409,.
43069,.,-15.634718,35.531409,.
43070,.,-15.634718,35.531409,.
43071,.,-15.634718,35.531409,.
43072,.,-15.634718,35.531409,.
43073,.,-15.634718,35.531409,.
43074,.,-15.634718,35.531409,.
43075,.,-15.634718,35.531409,.
43076,.,-15.684889,35.583213,.
43077,.,-15.684889,35.583213,.
43078,.,-15.684889,35.583213,.
43079,.,-15.684889,35.583213,.
43080,.,-15.684889,35.583213,.
43081,.,-15.684889,35.583213,.
43082,.,-15.684889,35.583213,.
43083,.,-15.684889,35.583213,.
43084,.,-15.678937,35.680682,.
43085,.,-15.678937,35.680682,.
43086,.,-15.678937,35.680682,.
43087,.,-15.678937,35.680682,.
43088,.,-15.678937,35.680682,.
43089,.,-15.678937,35.680682,.
43090,.,-15.678937,35.680682,.
43091,.,-15.678937,35.680682,.
43092,.,-15.678937,35.680682,.
43093,.,-15.678937,35.680682,.
43094,.,-15.726059,35.710228,.
43095,.,-15.726059,35.710228,.
43096,.,-15.726059,35.710228,.
43097,.,-15.726059,35.710228,.
43098,.,-15.726059,35.710228,.
43099,.,-15.718445,35.680575,.
43100,.,-15.718445,35.680575,.
43101,.,-15.718445,35.680575,.
43102,.,-15.718445,35.680575,.
43103,.,-15.718445,35.680575,.
43104,.,-15.718445,35.680575,.
43105,.,-15.718445,35.680575,.
43106,.,-15.718445,35.680575,.
43107,.,-15.718445,35.680575,.
43108,.,-15.718445,35.680575,.
43109,.,-15.718445,35.680575,.
43110,.,-15.766915,35.6721,.
43111,.,-15.766915,35.6721,.
43112,.,-15.766915,35.6721,.
43113,.,-15.766915,35.6721,.
43114,.,-15.766915,35.6721,.
43115,.,-15.766915,35.6721,.
43116,.,-15.779582,35.559395,.
43117,.,-15.779582,35.559395,.
43118,.,-15.779582,35.559395,.
43119,.,-15.779582,35.559395,.
43120,.,-15.779582,35.559395,.
43121,.,-15.779582,35.559395,.
43122,.,-15.779582,35.559395,.
43123,.,-15.779582,35.559395,.
43124,.,-15.779582,35.559395,.
43125,.,-15.779582,35.559395,.
43126,.,-15.779582,35.559395,.
43127,.,-15.779582,35.559395,.
43128,.,-15.73134,35.566626,.
43129,.,-15.73134,35.566626,.
43130,.,-15.73134,35.566626,.
43131,.,-15.73134,35.566626,.
43132,.,-15.73134,35.566626,.
43133,.,-15.73134,35.566626,.
43134,.,-15.73134,35.566626,.
43135,.,-15.73134,35.566626,.
43136,.,-15.73134,35.566626,.
43137,.,-15.73134,35.566626,.
43138,.,-15.805679,35.546449,.
43139,.,-15.805679,35.546449,.
43140,.,-15.805679,35.546449,.
43141,.,-15.805679,35.546449,.
43142,.,-15.805679,35.546449,.
43143,.,-15.805679,35.546449,.
43144,.,-15.805679,35.546449,.
43145,.,-15.805679,35.546449,.
43146,.,-15.805679,35.546449,.
43147,.,-15.805679,35.546449,.
43148,.,-15.805679,35.546449,.
43149,.,-15.805679,35.546449,.
43150,.,-15.848325,35.567227,.
43151,.,-15.848325,35.567227,.
43152,.,-15.848325,35.567227,.
43153,.,-15.848325,35.567227,.
43154,.,-15.848325,35.567227,.
43155,.,-15.848325,35.567227,.
43156,.,-15.848325,35.567227,.
43157,.,-15.848325,35.567227,.
43158,.,-15.848325,35.567227,.
43159,.,-15.848325,35.567227,.
43160,.,-15.848325,35.567227,.
43161,.,-15.848325,35.567227,.
43162,.,-15.848325,35.567227,.
43163,.,-15.836097,35.616962,.
43164,.,-15.836097,35.616962,.
43165,.,-15.836097,35.616962,.
43166,.,-15.836097,35.616962,.
43167,.,-15.836097,35.616962,.
43168,.,-15.836097,35.616962,.
43169,.,-15.836097,35.616962,.
43170,.,-15.836097,35.616962,.
43171,.,-15.836097,35.616962,.
43172,.,-15.836097,35.616962,.
43173,.,-15.836097,35.616962,.
43174,.,-15.836097,35.616962,.
43175,.,-15.69251,35.796372,.
43176,.,-15.69251,35.796372,.
43177,.,-15.69251,35.796372,.
43178,.,-15.69251,35.796372,.
43179,.,-15.69251,35.796372,.
43180,.,-15.69251,35.796372,.
43181,.,-15.69251,35.796372,.
43182,.,-15.804177,35.793425,.
43183,.,-15.804177,35.793425,.
43184,.,-15.804177,35.793425,.
43185,.,-15.804177,35.793425,.
43186,.,-15.804177,35.793425,.
43187,.,-15.804177,35.793425,.
43188,.,-15.804177,35.793425,.
43189,.,-15.804177,35.793425,.
43190,.,-15.804177,35.793425,.
43191,.,-15.804177,35.793425,.
43192,.,-15.804177,35.793425,.
43193,.,-15.804177,35.793425,.
43194,.,-15.804177,35.793425,.
43195,.,-15.804177,35.793425,.
43196,.,-15.804177,35.793425,.
43197,.,-15.836067,35.737044,.
43198,.,-15.836067,35.737044,.
43199,.,-15.836067,35.737044,.
43200,.,-15.836067,35.737044,.
43201,.,-15.836067,35.737044,.
43202,.,-15.836067,35.737044,.
43203,.,-15.836067,35.737044,.
43204,.,-15.889826,35.766564,.
43205,.,-15.889826,35.766564,.
43206,.,-15.889826,35.766564,.
43207,.,-15.889826,35.766564,.
43208,.,-15.889826,35.766564,.
43209,.,-15.889826,35.766564,.
43210,.,-15.889826,35.766564,.
43211,.,-15.889826,35.766564,.
43212,.,-15.752852,35.781488,.
43213,.,-15.752852,35.781488,.
43214,.,-15.752852,35.781488,.
43215,.,-15.752852,35.781488,.
43216,.,-15.752852,35.781488,.
43217,.,-15.752852,35.781488,.
43218,.,-15.752852,35.781488,.
43219,.,-15.50833,35.782588,.
43220,.,-15.50833,35.782588,.
43221,.,-15.50833,35.782588,.
43222,.,-15.50833,35.782588,.
43223,.,-15.50833,35.782588,.
43224,.,-15.50833,35.782588,.
43225,.,-15.50833,35.782588,.
43226,.,-15.545205,35.823627,.
43227,.,-15.545205,35.823627,.
43228,.,-15.545205,35.823627,.
43229,.,-15.545205,35.823627,.
43230,.,-15.545205,35.823627,.
43231,.,-15.545205,35.823627,.
43232,.,-15.545205,35.823627,.
43233,.,-15.545205,35.823627,.
43234,.,-15.545205,35.823627,.
43235,.,-15.582173,35.835835,.
43236,.,-15.582173,35.835835,.
43237,.,-15.582173,35.835835,.
43238,.,-15.582173,35.835835,.
43239,.,-15.582173,35.835835,.
43240,.,-15.582173,35.835835,.
43241,.,-15.582173,35.835835,.
43242,.,-15.582173,35.835835,.
43243,.,-16.321642,34.76847,.
43244,.,-16.392512,34.890469,.
43245,.,-16.368803,34.656367,.
43246,.,-16.465764,34.828724,.
43247,.,-16.226333,34.824941,.
43248,.,-15.761763,34.372752,.
43249,.,-15.761763,34.372752,.
43250,.,-15.761763,34.372752,.
43251,.,-15.761763,34.372752,.
43252,.,-15.761763,34.372752,.
43253,.,-15.761763,34.372752,.
43254,.,-15.761763,34.372752,.
43255,.,-15.830196,34.411347,.
43256,.,-15.830196,34.411347,.
43257,.,-15.830196,34.411347,.
43258,.,-15.830196,34.411347,.
43259,.,-15.830196,34.411347,.
43260,.,-15.830196,34.411347,.
43261,.,-15.830196,34.411347,.
43262,.,-15.830196,34.411347,.
43263,.,-15.915619,34.404055,.
43264,.,-15.915619,34.404055,.
43265,.,-15.915619,34.404055,.
43266,.,-16.081528,34.529636,.
43267,.,-16.081528,34.529636,.
43268,.,-16.081528,34.529636,.
43269,.,-16.081528,34.529636,.
43270,.,-16.04697,34.910217,.
43271,.,-16.146878,34.855856,.
43272,.,-16.028061,34.805825,.
43273,.,-15.902223,34.829097,.
43274,.,-15.902223,34.829097,.
43275,.,-15.902223,34.829097,.
43276,.,-15.902223,34.829097,.
43277,.,-16.030033,34.802835,.
43278,.,-16.030033,34.802835,.
43279,.,-16.030033,34.802835,.
43280,.,-16.215058,34.976689,.
43281,.,-16.215058,34.976689,.
43282,.,-16.215058,34.976689,.
43283,.,-16.215058,34.976689,.
43284,.,-16.215058,34.976689,.
43285,.,-16.215058,34.976689,.
43286,.,-16.215058,34.976689,.
43287,.,-16.215058,34.976689,.
43288,.,-16.269667,35.048295,.
43289,.,-16.006285,34.799761,.
43290,.,-16.006285,34.799761,.
43291,.,-17.09515,35.217213,.
43292,.,-17.09515,35.217213,.
43293,.,-16.977243,35.205706,.
43294,.,-16.349154,35.128115,.
43295,.,-16.349154,35.128115,.
43296,.,-16.349154,35.128115,.
43297,.,-16.349154,35.128115,.
43298,.,-16.349154,35.128115,.
43299,.,-16.349154,35.128115,.
43300,.,-16.421608,35.189122,.
43301,.,-16.483227,35.240196,.
43302,.,-16.483227,35.240196,.
43303,.,-16.472382,35.132391,.
43304,.,-16.506757,35.151249,.
43305,.,-16.826165,35.269503,.
43306,.,-16.521567,35.042003,.
43307,.,-16.521567,35.042003,.
43308,.,-16.579039,35.102457,.
43309,.,-16.956385,35.168967,.
43310,.,-16.956385,35.168967,.
43311,.,-16.956385,35.168967,.
43312,.,-16.956385,35.168967,.
43313,.,-16.956385,35.168967,.
43314,.,-16.956385,35.168967,.
43315,.,-16.956385,35.168967,.
43316,.,-16.956385,35.168967,.
43317,.,-17.016698,35.079629,.
43318,.,-17.016698,35.079629,.
43319,.,-17.016698,35.079629,.
43320,.,-17.016698,35.079629,.
43321,.,-17.016698,35.079629,.
43322,.,-17.016698,35.079629,.
43323,.,-17.016698,35.079629,.
43324,.,-17.016698,35.079629,.
43325,.,-17.016698,35.079629,.
43326,.,-16.738025,34.927118,.
43327,.,-14.914055,34.931088,.
43328,.,-14.914055,34.931088,.
43329,.,-14.914055,34.931088,.
43330,.,-14.914055,34.931088,.
43331,.,-14.914055,34.931088,.
43332,.,-14.914055,34.931088,.
43333,.,-14.914055,34.931088,.
43334,.,-14.914055,34.931088,.
43335,.,-14.914055,34.931088,.
43336,.,-14.914055,34.931088,.
43337,.,-14.914055,34.931088,.
43338,.,-14.914055,34.931088,.
43339,.,-14.914055,34.931088,.
43340,.,-14.931677,35.03003,.
43341,.,-14.931677,35.03003,.
43342,.,-14.931677,35.03003,.
43343,.,-14.931677,35.03003,.
43344,.,-14.931677,35.03003,.
43345,.,-14.931677,35.03003,.
43346,.,-14.931677,35.03003,.
43347,.,-14.931677,35.03003,.
43348,.,-14.931677,35.03003,.
43349,.,-14.931677,35.03003,.
43350,.,-14.992631,34.928059,.
43351,.,-14.992631,34.928059,.
43352,.,-14.992631,34.928059,.
43353,.,-14.992631,34.928059,.
43354,.,-14.992631,34.928059,.
43355,.,-14.992631,34.928059,.
43356,.,-14.992631,34.928059,.
43357,.,-14.992769,34.93994,.
43358,.,-14.992769,34.93994,.
43359,.,-14.992769,34.93994,.
43360,.,-15.061635,35.098917,.
43361,.,-15.061635,35.098917,.
43362,.,-15.061635,35.098917,.
43363,.,-15.061635,35.098917,.
43364,.,-15.061635,35.098917,.
43365,.,-15.061635,35.098917,.
43366,.,-15.028036,35.152533,.
43367,.,-15.028036,35.152533,.
43368,.,-15.028036,35.152533,.
43369,.,-15.028036,35.152533,.
43370,.,-15.028036,35.152533,.
43371,.,-15.028036,35.152533,.
43372,.,-15.028036,35.152533,.
43373,.,-15.028036,35.152533,.
43374,.,-15.101544,35.145211,.
43375,.,-15.101544,35.145211,.
43376,.,-15.101544,35.145211,.
43377,.,-15.101544,35.145211,.
43378,.,-15.101544,35.145211,.
43379,.,-15.101544,35.145211,.
43380,.,-15.101544,35.145211,.
43381,.,-15.101544,35.145211,.
43382,.,-15.101544,35.145211,.
43383,.,-15.055065,34.919847,.
43384,.,-15.055065,34.919847,.
43385,.,-15.055065,34.919847,.
43386,.,-15.055065,34.919847,.
43387,.,-15.055065,34.919847,.
43388,.,-15.055065,34.919847,.
43389,.,-15.055065,34.919847,.
43390,.,-15.055065,34.919847,.
43391,.,-15.055065,34.919847,.
43392,.,-15.055065,34.919847,.
43393,.,-15.173661,35.031449,.
43394,.,-15.173661,35.031449,.
43395,.,-15.173661,35.031449,.
43396,.,-15.173661,35.031449,.
43397,.,-15.173661,35.031449,.
43398,.,-15.173661,35.031449,.
43399,.,-15.173661,35.031449,.
43400,.,-15.173661,35.031449,.
43401,.,-15.173661,35.031449,.
43402,.,-15.191919,34.967449,.
43403,.,-15.191919,34.967449,.
43404,.,-15.191919,34.967449,.
43405,.,-15.191919,34.967449,.
43406,.,-15.191919,34.967449,.
43407,.,-15.238564,34.984646,.
43408,.,-15.238564,34.984646,.
43409,.,-15.238564,34.984646,.
43410,.,-15.238564,34.984646,.
43411,.,-15.238564,34.984646,.
43412,.,-15.238564,34.984646,.
43413,.,-15.238564,34.984646,.
43414,.,-15.238564,34.984646,.
43415,.,-15.256486,35.065353,.
43416,.,-15.256486,35.065353,.
43417,.,-15.256486,35.065353,.
43418,.,-15.256486,35.065353,.
43419,.,-15.256486,35.065353,.
43420,.,-15.256486,35.065353,.
43421,.,-15.256486,35.065353,.
43422,.,-15.256486,35.065353,.
43423,.,-15.256486,35.065353,.
43424,.,-15.256486,35.065353,.
43425,.,-15.256486,35.065353,.
43426,.,-15.256486,35.065353,.
43427,.,-15.226151,34.905952,.
43428,.,-15.226151,34.905952,.
43429,.,-15.226151,34.905952,.
43430,.,-15.226151,34.905952,.
43431,.,-15.226151,34.905952,.
43432,.,-15.226151,34.905952,.
43433,.,-15.226151,34.905952,.
43434,.,-15.226151,34.905952,.
43435,.,-14.785029,35.057611,.
43436,.,-14.785029,35.057611,.
43437,.,-14.785029,35.057611,.
43438,.,-14.785029,35.057611,.
43439,.,-14.785029,35.057611,.
43440,.,-14.869095,35.227445,.
43441,.,-14.869095,35.227445,.
43442,.,-14.869095,35.227445,.
43443,.,-14.869095,35.227445,.
43444,.,-14.803485,35.049652,.
43445,.,-14.803485,35.049652,.
43446,.,-14.803485,35.049652,.
43447,.,-14.803485,35.049652,.
43448,.,-14.803485,35.049652,.
43449,.,-14.803485,35.049652,.
43450,.,-14.803485,35.049652,.
43451,.,-14.803485,35.049652,.
43452,.,-14.803485,35.049652,.
43453,.,-14.944016,35.144464,.
43454,.,-14.944016,35.144464,.
43455,.,-14.944016,35.144464,.
43456,.,-14.944016,35.144464,.
43457,.,-14.944016,35.144464,.
43458,.,-14.944016,35.144464,.
43459,.,-14.944016,35.144464,.
43460,.,-14.944016,35.144464,.
43461,.,-14.846312,35.23287,.
43462,.,-14.846312,35.23287,.
43463,.,-14.846312,35.23287,.
43464,.,-14.899499,35.145843,.
43465,.,-14.899499,35.145843,.
43466,.,-14.899499,35.145843,.
43467,.,-14.899499,35.145843,.
43468,.,-14.899499,35.145843,.
43469,.,-14.899499,35.145843,.
43470,.,-14.899499,35.145843,.
43471,.,-14.899499,35.145843,.
43472,.,-14.899499,35.145843,.
43473,.,-14.899499,35.145843,.
43474,.,-14.899499,35.145843,.
43475,.,-15.00473,35.163219,.
43476,.,-15.00473,35.163219,.
43477,.,-15.00473,35.163219,.
43478,.,-15.00473,35.163219,.
43479,.,-15.00473,35.163219,.
43480,.,-15.00473,35.163219,.
43481,.,-15.00473,35.163219,.
43482,.,-14.976762,34.943929,.
43483,.,-14.976762,34.943929,.
43484,.,-14.976762,34.943929,.
43485,.,-14.976762,34.943929,.
43486,.,-14.976762,34.943929,.
43487,.,-14.976762,34.943929,.
43488,.,-14.999638,34.954637,.
43489,.,-14.999638,34.954637,.
43490,.,-15.215737,34.602905,.
43491,.,-15.215737,34.602905,.
43492,.,-15.276547,34.623749,.
43493,.,-15.276547,34.623749,.
43494,.,-15.276547,34.623749,.
43495,.,-15.276547,34.623749,.
43496,.,-15.276547,34.623749,.
43497,.,-15.276547,34.623749,.
43498,.,-15.276547,34.623749,.
43499,.,-15.276547,34.623749,.
43500,.,-15.276547,34.623749,.
43501,.,-15.276547,34.623749,.
43502,.,-15.397163,34.544338,.
43503,.,-15.397163,34.544338,.
43504,.,-15.397163,34.544338,.
43505,.,-15.397163,34.544338,.
43506,.,-15.403323,34.682855,.
43507,.,-15.403323,34.682855,.
43508,.,-15.403323,34.682855,.
43509,.,-15.403323,34.682855,.
43510,.,-15.463536,34.608811,.
43511,.,-15.463536,34.608811,.
43512,.,-15.463536,34.608811,.
43513,.,-15.463536,34.608811,.
43514,.,-15.463536,34.608811,.
43515,.,-15.463536,34.608811,.
43516,.,-15.463536,34.608811,.
43517,.,-15.463536,34.608811,.
43518,.,-15.463536,34.608811,.
43519,.,-15.463536,34.608811,.
43520,.,-15.410241,34.51808,.
43521,.,-15.410241,34.51808,.
43522,.,-15.410241,34.51808,.
43523,.,-15.410241,34.51808,.
43524,.,-15.410241,34.51808,.
43525,.,-15.410241,34.51808,.
43526,.,-15.410241,34.51808,.
43527,.,-15.410241,34.51808,.
43528,.,-15.494491,34.674153,.
43529,.,-15.494491,34.674153,.
43530,.,-15.494491,34.674153,.
43531,.,-15.494491,34.674153,.
43532,.,-15.494491,34.674153,.
43533,.,-15.494491,34.674153,.
43534,.,-15.494491,34.674153,.
43535,.,-15.494491,34.674153,.
43536,.,-15.494491,34.674153,.
43537,.,-15.494491,34.674153,.
43538,.,-15.494491,34.674153,.
43539,.,-15.548224,34.626974,.
43540,.,-15.548224,34.626974,.
43541,.,-15.548224,34.626974,.
43542,.,-15.548224,34.626974,.
43543,.,-15.548224,34.626974,.
43544,.,-15.548224,34.626974,.
43545,.,-15.548224,34.626974,.
43546,.,-15.548224,34.626974,.
43547,.,-15.568044,34.692717,.
43548,.,-15.568044,34.692717,.
43549,.,-15.568044,34.692717,.
43550,.,-15.568044,34.692717,.
43551,.,-15.568044,34.692717,.
43552,.,-15.663807,34.621782,.
43553,.,-15.663807,34.621782,.
43554,.,-15.663807,34.621782,.
43555,.,-15.663807,34.621782,.
43556,.,-15.663807,34.621782,.
43557,.,-15.663807,34.621782,.
43558,.,-15.663807,34.621782,.
43559,.,-15.663807,34.621782,.
43560,.,-15.663807,34.621782,.
43561,.,-15.35411,34.803532,.
43562,.,-15.35411,34.803532,.
43563,.,-15.35411,34.803532,.
43564,.,-15.35411,34.803532,.
43565,.,-15.35411,34.803532,.
43566,.,-15.35411,34.803532,.
43567,.,-15.347351,34.925195,.
43568,.,-15.347351,34.925195,.
43569,.,-15.347351,34.925195,.
43570,.,-15.347351,34.925195,.
43571,.,-15.347351,34.925195,.
43572,.,-15.347351,34.925195,.
43573,.,-15.333546,34.911879,.
43574,.,-15.333546,34.911879,.
43575,.,-15.333546,34.911879,.
43576,.,-15.397766,34.772403,.
43577,.,-15.397766,34.772403,.
43578,.,-15.397766,34.772403,.
43579,.,-15.397766,34.772403,.
43580,.,-15.397766,34.772403,.
43581,.,-15.397766,34.772403,.
43582,.,-15.397766,34.772403,.
43583,.,-15.427582,34.825967,.
43584,.,-15.427582,34.825967,.
43585,.,-15.427582,34.825967,.
43586,.,-15.400676,34.777934,.
43587,.,-15.400676,34.777934,.
43588,.,-15.400676,34.777934,.
43589,.,-15.400676,34.777934,.
43590,.,-15.400676,34.777934,.
43591,.,-15.481217,34.800231,.
43592,.,-15.543872,34.726405,.
43593,.,-15.543872,34.726405,.
43594,.,-15.543872,34.726405,.
43595,.,-15.543872,34.726405,.
43596,.,-15.282556,34.70229,.
43597,.,-15.282556,34.70229,.
43598,.,-15.282556,34.70229,.
43599,.,-15.282556,34.70229,.
43600,.,-15.282556,34.70229,.
43601,.,-15.282556,34.70229,.
43602,.,-15.282556,34.70229,.
43603,.,-15.282556,34.70229,.
43604,.,-15.332283,34.714505,.
43605,.,-15.332283,34.714505,.
43606,.,-15.332283,34.714505,.
43607,.,-15.332283,34.714505,.
43608,.,-15.332283,34.714505,.
43609,.,-15.332283,34.714505,.
43610,.,-15.332283,34.714505,.
43611,.,-15.364113,34.670693,.
43612,.,-15.364113,34.670693,.
43613,.,-15.364113,34.670693,.
43614,.,-15.364113,34.670693,.
43615,.,-15.364113,34.670693,.
43616,.,-15.364113,34.670693,.
43617,.,-15.364113,34.670693,.
43618,.,-15.395239,34.714624,.
43619,.,-15.395239,34.714624,.
43620,.,-15.395239,34.714624,.
43621,.,-15.395239,34.714624,.
43622,.,-15.395239,34.714624,.
43623,.,-15.395239,34.714624,.
43624,.,-15.395239,34.714624,.
43625,.,-15.395239,34.714624,.
43626,.,-15.403134,35.314459,.
43627,.,-15.403134,35.314459,.
43628,.,-15.403134,35.314459,.
43629,.,-15.403134,35.314459,.
43630,.,-15.403134,35.314459,.
43631,.,-15.403134,35.314459,.
43632,.,-15.403134,35.314459,.
43633,.,-15.413797,35.301432,.
43634,.,-15.413797,35.301432,.
43635,.,-15.413797,35.301432,.
43636,.,-15.413797,35.301432,.
43637,.,-15.413797,35.301432,.
43638,.,-15.37754,35.306335,.
43639,.,-15.37754,35.306335,.
43640,.,-15.37754,35.306335,.
43641,.,-15.37754,35.306335,.
43642,.,-15.37754,35.306335,.
43643,.,-15.37754,35.306335,.
43644,.,-15.37754,35.306335,.
43645,.,-15.385096,35.299773,.
43646,.,-15.385096,35.299773,.
43647,.,-15.385096,35.299773,.
43648,.,-15.385096,35.299773,.
43649,.,-15.385096,35.299773,.
43650,.,-15.363697,35.333184,.
43651,.,-15.369294,35.346946,.
43652,.,-15.369294,35.346946,.
43653,.,-15.369294,35.346946,.
43654,.,-15.369294,35.346946,.
43655,.,-15.369294,35.346946,.
43656,.,-15.369294,35.346946,.
43657,.,-15.369294,35.346946,.
43658,.,-15.369294,35.346946,.
43659,.,-15.369294,35.346946,.
43660,.,-15.369294,35.346946,.
43661,.,-15.369294,35.346946,.
43662,.,-15.383488,35.354055,.
43663,.,-15.383488,35.354055,.
43664,.,-15.383488,35.354055,.
43665,.,-15.388311,35.349786,.
43666,.,-15.388311,35.349786,.
43667,.,-15.374401,35.365113,.
43668,.,-15.388462,35.344203,.
43669,.,-15.388462,35.344203,.
43670,.,-15.388462,35.344203,.
43671,.,-15.388462,35.344203,.
43672,.,-15.399591,35.352221,.
43673,.,-15.399591,35.352221,.
43674,.,-15.399591,35.352221,.
43675,.,-15.399591,35.352221,.
43676,.,-15.399591,35.352221,.
43677,.,-15.399591,35.352221,.
43678,.,-15.399591,35.352221,.
43679,.,-15.399591,35.352221,.
43680,.,-15.389475,35.35048,.
43681,.,-15.389475,35.35048,.
43682,.,-15.40761,35.335927,.
43683,.,-15.429797,35.306298,.
43684,.,-15.429797,35.306298,.
43685,.,-15.388281,35.3203,.
43686,.,-15.407636,35.318259,.
43687,.,-15.407636,35.318259,.
43688,.,-15.407636,35.318259,.
43689,.,-15.407636,35.318259,.
43690,.,-15.407636,35.318259,.
43691,.,-15.409414,35.319507,.
43692,.,-15.411713,35.321174,.
43693,.,-15.3991,35.339457,.
43694,.,-15.3991,35.339457,.
43695,.,-15.3991,35.339457,.
43696,.,-15.3991,35.339457,.
43697,.,-15.3991,35.339457,.
43698,.,-15.3991,35.339457,.
43699,.,-15.3991,35.339457,.
43700,.,-15.3991,35.339457,.
43701,.,-15.411171,35.327691,.
43702,.,-15.411171,35.327691,.
43703,.,-15.411171,35.327691,.
43704,.,-15.411171,35.327691,.
43705,.,-15.411171,35.327691,.
43706,.,-15.411171,35.327691,.
43707,.,-15.411171,35.327691,.
43708,.,-15.401425,35.336762,.
43709,.,-15.401425,35.336762,.
43710,.,-15.401425,35.336762,.
43711,.,-15.401425,35.336762,.
43712,.,-15.401425,35.336762,.
43713,.,-15.401425,35.336762,.
43714,.,-15.401425,35.336762,.
43715,.,-15.748746,35.021205,.
43716,.,-15.748746,35.021205,.
43717,.,-15.744234,35.098483,.
43718,.,-15.744234,35.098483,.
43719,.,-15.744234,35.098483,.
43720,.,-15.744234,35.098483,.
43721,.,-15.744234,35.098483,.
43722,.,-15.744234,35.098483,.
43723,.,-15.771462,35.034019,.
43724,.,-15.770367,35.014662,.
43725,.,-15.770367,35.014662,.
43726,.,-15.762883,34.974998,.
43727,.,-15.762883,34.974998,.
43728,.,-15.83043,35.09356,.
43729,.,-15.853133,35.080689,.
43730,.,-15.853133,35.080689,.
43731,.,-15.853133,35.080689,.
43732,.,-15.810874,35.027737,.
43733,.,-15.84688,35.05698,.
43734,.,-15.84688,35.05698,.
43735,.,-9.507538,33.259649,.
43736,.,-9.507538,33.259649,.
43737,.,-9.507538,33.259649,.
43738,.,-9.507538,33.259649,.
43739,.,-9.507538,33.259649,.
43740,.,-9.507538,33.259649,.
43741,.,-9.507538,33.259649,.
43742,.,-9.507538,33.259649,.
43743,.,-9.507538,33.259649,.
43744,.,-9.507538,33.259649,.
43745,.,-9.507538,33.259649,.
43746,.,-9.507538,33.259649,.
43747,.,-9.507538,33.259649,.
43748,.,-9.507538,33.259649,.
43749,.,-9.550397,33.291558,.
43750,.,-9.624898,33.254616,.
43751,.,-9.624898,33.254616,.
43752,.,-9.673118,33.238482,.
43753,.,-9.673118,33.238482,.
43754,.,-9.673118,33.238482,.
43755,.,-9.673118,33.238482,.
43756,.,-9.776431,33.307894,.
43757,.,-9.834715,33.411655,.
43758,.,-9.776848,33.461158,.
43759,.,-9.776848,33.461158,.
43760,.,-10.076443,33.560035,.
43761,.,-10.076443,33.560035,.
43762,.,-10.20714,33.537028,.
43763,.,-10.20714,33.537028,.
43764,.,-10.20714,33.537028,.
43765,.,-10.216961,33.674528,.
43766,.,-10.216961,33.674528,.
43767,.,-10.216961,33.674528,.
43768,.,-10.32619,33.717783,.
43769,.,-10.32619,33.717783,.
43770,.,-9.51923,33.139193,.
43771,.,-9.51923,33.139193,.
43772,.,-9.51923,33.139193,.
43773,.,-9.692803,33.258806,.
43774,.,-9.70895,33.263961,.
43775,.,-9.70895,33.263961,.
43776,.,-9.715316,33.886667,.
43777,.,-9.81436,33.878212,.
43778,.,-9.792642,33.881055,.
43779,.,-9.748276,33.877764,.
43780,.,-9.748276,33.877764,.
43781,.,-9.748276,33.877764,.
43782,.,-9.651637,33.813854,.
43783,.,-9.651637,33.813854,.
43784,.,-9.645417,33.802678,.
43785,.,-9.645417,33.802678,.
43786,.,-10.002351,33.932955,.
43787,.,-10.002351,33.932955,.
43788,.,-10.002351,33.932955,.
43789,.,-10.002351,33.932955,.
43790,.,-10.002351,33.932955,.
43791,.,-10.184441,34.023583,.
43792,.,-10.502489,34.176439,.
43793,.,-10.502489,34.176439,.
43794,.,-10.502489,34.176439,.
43795,.,-10.442679,34.101839,.
43796,.,-10.300082,34.151984,.
43797,.,-9.949785,33.908869,.
43798,.,-9.952077,33.91917,.
43799,.,-9.952077,33.91917,.
43800,.,-11.520091,33.99345,.
43801,.,-11.520091,33.99345,.
43802,.,-11.520091,33.99345,.
43803,.,-11.520091,33.99345,.
43804,.,-11.520091,33.99345,.
43805,.,-11.520091,33.99345,.
43806,.,-11.520091,33.99345,.
43807,.,-11.520091,33.99345,.
43808,.,-11.520091,33.99345,.
43809,.,-11.671303,34.026398,.
43810,.,-11.671303,34.026398,.
43811,.,-11.671303,34.026398,.
43812,.,-11.671303,34.026398,.
43813,.,-11.671303,34.026398,.
43814,.,-11.709117,34.072019,.
43815,.,-11.709117,34.072019,.
43816,.,-11.709117,34.072019,.
43817,.,-11.766983,34.05228,.
43818,.,-11.926179,34.136756,.
43819,.,-12.023432,33.985497,.
43820,.,-11.869863,34.132379,.
43821,.,-11.77845,34.182041,.
43822,.,-11.77845,34.182041,.
43823,.,-11.77845,34.182041,.
43824,.,-11.77845,34.182041,.
43825,.,-11.855015,34.118278,.
43826,.,-12.068157,34.049511,.
43827,.,-12.068157,34.049511,.
43828,.,-12.068157,34.049511,.
43829,.,-12.068157,34.049511,.
43830,.,-12.068157,34.049511,.
43831,.,-12.213252,34.00483,.
43832,.,-12.213252,34.00483,.
43833,.,-12.213252,34.00483,.
43834,.,-12.213252,34.00483,.
43835,.,-12.213252,34.00483,.
43836,.,-11.687144,34.31454,.
43837,.,-11.687144,34.31454,.
43838,.,-11.744547,34.192356,.
43839,.,-11.759265,34.213486,.
43840,.,-11.759265,34.213486,.
43841,.,-11.759265,34.213486,.
43842,.,-11.759265,34.213486,.
43843,.,-11.759265,34.213486,.
43844,.,-11.759265,34.213486,.
43845,.,-11.256585,34.199931,.
43846,.,-11.256585,34.199931,.
43847,.,-11.256585,34.199931,.
43848,.,-11.256585,34.199931,.
43849,.,-11.375006,34.077967,.
43850,.,-11.413241,34.216314,.
43851,.,-11.506254,34.149293,.
43852,.,-11.506254,34.149293,.
43853,.,-11.506254,34.149293,.
43854,.,-11.506254,34.149293,.
43855,.,-11.506254,34.149293,.
43856,.,-11.506254,34.149293,.
43857,.,-11.506254,34.149293,.
43858,.,-11.585584,34.239631,.
43859,.,-11.585584,34.239631,.
43860,.,-11.585584,34.239631,.
43861,.,-11.585584,34.239631,.
43862,.,-11.585584,34.239631,.
43863,.,-11.585584,34.239631,.
43864,.,-11.585584,34.239631,.
43865,.,-11.632151,34.235546,.
43866,.,-11.632151,34.235546,.
43867,.,-11.632151,34.235546,.
43868,.,-11.597419,34.289879,.
43869,.,-11.597419,34.289879,.
43870,.,-11.597419,34.289879,.
43871,.,-10.903221,33.632296,.
43872,.,-10.903221,33.632296,.
43873,.,-10.903221,33.632296,.
43874,.,-10.903221,33.632296,.
43875,.,-10.903221,33.632296,.
43876,.,-10.903221,33.632296,.
43877,.,-10.895534,33.744985,.
43878,.,-10.895534,33.744985,.
43879,.,-10.895534,33.744985,.
43880,.,-10.895534,33.744985,.
43881,.,-10.895534,33.744985,.
43882,.,-10.895534,33.744985,.
43883,.,-10.895534,33.744985,.
43884,.,-10.895534,33.744985,.
43885,.,-10.895534,33.744985,.
43886,.,-10.895534,33.744985,.
43887,.,-10.961302,33.649999,.
43888,.,-11.02323,33.537786,.
43889,.,-11.02323,33.537786,.
43890,.,-11.02323,33.537786,.
43891,.,-11.02323,33.537786,.
43892,.,-11.02323,33.537786,.
43893,.,-11.02323,33.537786,.
43894,.,-11.02323,33.537786,.
43895,.,-10.977621,33.65402,.
43896,.,-10.977621,33.65402,.
43897,.,-10.977621,33.65402,.
43898,.,-10.977621,33.65402,.
43899,.,-10.970504,33.738524,.
43900,.,-10.970504,33.738524,.
43901,.,-10.970504,33.738524,.
43902,.,-10.970504,33.738524,.
43903,.,-10.970504,33.738524,.
43904,.,-10.998117,33.830001,.
43905,.,-10.960315,33.92762,.
43906,.,-10.960315,33.92762,.
43907,.,-10.960315,33.92762,.
43908,.,-10.960315,33.92762,.
43909,.,-10.960315,33.92762,.
43910,.,-10.960315,33.92762,.
43911,.,-10.960315,33.92762,.
43912,.,-10.94494,33.766007,.
43913,.,-10.810424,34.032693,.
43914,.,-10.810424,34.032693,.
43915,.,-10.810424,34.032693,.
43916,.,-10.810424,34.032693,.
43917,.,-10.891467,34.013325,.
43918,.,-10.891467,34.013325,.
43919,.,-10.891467,34.013325,.
43920,.,-10.891467,34.013325,.
43921,.,-10.891467,34.013325,.
43922,.,-10.804108,34.059065,.
43923,.,-10.716909,34.043547,.
43924,.,-10.716909,34.043547,.
43925,.,-10.716909,34.043547,.
43926,.,-10.669118,34.075923,.
43927,.,-10.669118,34.075923,.
43928,.,-10.669118,34.075923,.
43929,.,-10.669118,34.075923,.
43930,.,-10.669118,34.075923,.
43931,.,-10.669118,34.075923,.
43932,.,-10.882429,34.050458,.
43933,.,-10.882429,34.050458,.
43934,.,-10.882429,34.050458,.
43935,.,-10.882429,34.050458,.
43936,.,-10.882429,34.050458,.
43937,.,-10.916977,34.00885,.
43938,.,-10.916977,34.00885,.
43939,.,-10.916977,34.00885,.
43940,.,-10.916977,34.00885,.
43941,.,-10.916977,34.00885,.
43942,.,-10.916977,34.00885,.
43943,.,-10.916977,34.00885,.
43944,.,-10.959156,34.010848,.
43945,.,-10.959156,34.010848,.
43946,.,-10.754226,33.537282,.
43947,.,-10.754226,33.537282,.
43948,.,-10.754226,33.537282,.
43949,.,-10.754226,33.537282,.
43950,.,-10.754226,33.537282,.
43951,.,-10.754226,33.537282,.
43952,.,-10.754226,33.537282,.
43953,.,-10.754226,33.537282,.
43954,.,-10.754226,33.537282,.
43955,.,-10.852595,33.531056,.
43956,.,-10.852595,33.531056,.
43957,.,-10.852595,33.531056,.
43958,.,-10.852595,33.531056,.
43959,.,-11.01095,33.854296,.
43960,.,-11.01095,33.854296,.
43961,.,-11.01095,33.854296,.
43962,.,-11.01095,33.854296,.
43963,.,-11.01095,33.854296,.
43964,.,-11.01095,33.854296,.
43965,.,-11.01095,33.854296,.
43966,.,-11.01095,33.854296,.
43967,.,-11.01095,33.854296,.
43968,.,-11.025597,33.841177,.
43969,.,-11.025597,33.841177,.
43970,.,-11.025597,33.841177,.
43971,.,-11.025597,33.841177,.
43972,.,-11.025597,33.841177,.
43973,.,-11.843331,33.53769,.
43974,.,-11.843331,33.53769,.
43975,.,-11.95341,33.367064,.
43976,.,-11.95341,33.367064,.
43977,.,-12.024975,33.32538,.
43978,.,-12.024975,33.32538,.
43979,.,-12.024975,33.32538,.
43980,.,-12.024975,33.32538,.
43981,.,-12.314757,33.431981,.
43982,.,-12.314757,33.431981,.
43983,.,-12.314757,33.431981,.
43984,.,-12.314757,33.431981,.
43985,.,-12.314757,33.431981,.
43986,.,-12.314757,33.431981,.
43987,.,-12.314757,33.431981,.
43988,.,-12.314757,33.431981,.
43989,.,-12.314757,33.431981,.
43990,.,-12.314757,33.431981,.
43991,.,-11.196191,33.965921,.
43992,.,-11.196191,33.965921,.
43993,.,-11.240231,33.864865,.
43994,.,-11.240231,33.864865,.
43995,.,-11.240231,33.864865,.
43996,.,-11.240231,33.864865,.
43997,.,-11.240231,33.864865,.
43998,.,-11.240231,33.864865,.
43999,.,-11.240231,33.864865,.
44000,.,-11.240231,33.864865,.
44001,.,-11.240231,33.864865,.
44002,.,-11.240231,33.864865,.
44003,.,-11.330067,33.888153,.
44004,.,-11.330067,33.888153,.
44005,.,-11.330067,33.888153,.
44006,.,-11.330067,33.888153,.
44007,.,-11.443987,33.818765,.
44008,.,-11.443987,33.818765,.
44009,.,-11.443987,33.818765,.
44010,.,-11.462884,33.866583,.
44011,.,-11.462884,33.866583,.
44012,.,-11.462884,33.866583,.
44013,.,-11.462884,33.866583,.
44014,.,-11.462884,33.866583,.
44015,.,-11.350481,33.458365,.
44016,.,-11.350481,33.458365,.
44017,.,-11.350481,33.458365,.
44018,.,-11.350481,33.458365,.
44019,.,-11.350481,33.458365,.
44020,.,-11.350481,33.458365,.
44021,.,-11.704716,33.676888,.
44022,.,-11.704716,33.676888,.
44023,.,-11.704716,33.676888,.
44024,.,-11.704716,33.676888,.
44025,.,-11.704716,33.676888,.
44026,.,-11.704716,33.676888,.
44027,.,-11.704716,33.676888,.
44028,.,-11.704716,33.676888,.
44029,.,-11.704716,33.676888,.
44030,.,-11.704716,33.676888,.
44031,.,-11.704716,33.676888,.
44032,.,-11.704716,33.676888,.
44033,.,-11.704716,33.676888,.
44034,.,-11.058599,33.933521,.
44035,.,-11.058599,33.933521,.
44036,.,-11.058599,33.933521,.
44037,.,-11.058599,33.933521,.
44038,.,-11.058599,33.933521,.
44039,.,-11.058599,33.933521,.
44040,.,-11.499307,33.394599,.
44041,.,-11.652508,33.469931,.
44042,.,-11.652508,33.469931,.
44043,.,-11.652508,33.469931,.
44044,.,-11.652508,33.469931,.
44045,.,-11.652508,33.469931,.
44046,.,-11.652508,33.469931,.
44047,.,-11.652508,33.469931,.
44048,.,-11.652508,33.469931,.
44049,.,-11.652508,33.469931,.
44050,.,-11.641962,33.431836,.
44051,.,-11.641962,33.431836,.
44052,.,-11.641962,33.431836,.
44053,.,-11.641962,33.431836,.
44054,.,-11.998786,33.528231,.
44055,.,-11.998786,33.528231,.
44056,.,-11.998786,33.528231,.
44057,.,-11.998786,33.528231,.
44058,.,-11.998786,33.528231,.
44059,.,-12.255721,33.575487,.
44060,.,-12.255721,33.575487,.
44061,.,-12.255721,33.575487,.
44062,.,-12.255721,33.575487,.
44063,.,-12.255721,33.575487,.
44064,.,-12.35673,33.55738,.
44065,.,-12.524268,33.670876,.
44066,.,-12.524268,33.670876,.
44067,.,-12.375627,33.719306,.
44068,.,-12.375627,33.719306,.
44069,.,-12.375627,33.719306,.
44070,.,-12.375627,33.719306,.
44071,.,-12.375627,33.719306,.
44072,.,-11.291592,33.453704,.
44073,.,-11.291592,33.453704,.
44074,.,-11.291592,33.453704,.
44075,.,-11.291592,33.453704,.
44076,.,-11.291592,33.453704,.
44077,.,-11.291592,33.453704,.
44078,.,-11.291592,33.453704,.
44079,.,-11.291592,33.453704,.
44080,.,-11.291592,33.453704,.
44081,.,-11.291592,33.453704,.
44082,.,-12.164785,33.430374,.
44083,.,-12.164785,33.430374,.
44084,.,-12.164785,33.430374,.
44085,.,-12.164785,33.430374,.
44086,.,-12.164785,33.430374,.
44087,.,-12.018345,34.620035,.
44088,.,-12.018345,34.620035,.
44089,.,-12.095548,34.734085,.
44090,.,-12.095548,34.734085,.
44091,.,-12.054302,34.742048,.
44092,.,-11.381057,33.974639,.
44093,.,-11.381057,33.974639,.
44094,.,-11.381057,33.974639,.
44095,.,-11.381057,33.974639,.
44096,.,-11.381057,33.974639,.
44097,.,-11.381057,33.974639,.
44098,.,-11.39583,33.986905,.
44099,.,-11.39583,33.986905,.
44100,.,-11.429687,34.003117,.
44101,.,-11.429687,34.003117,.
44102,.,-11.429687,34.003117,.
44103,.,-11.415627,34.018966,.
44104,.,-11.425324,34.017434,.
44105,.,-11.425324,34.017434,.
44106,.,-11.425324,34.017434,.
44107,.,-11.425324,34.017434,.
44108,.,-11.439132,34.004179,.
44109,.,-11.438511,34.022644,.
44110,.,-11.438511,34.022644,.
44111,.,-11.430612,34.025354,.
44112,.,-11.453559,34.015381,.
44113,.,-11.453559,34.015381,.
44114,.,-11.441438,33.997204,.
44115,.,-11.451314,34.008785,.
44116,.,-11.444968,33.98243,.
44117,.,-11.444968,33.98243,.
44118,.,-11.444968,33.98243,.
44119,.,-11.444968,33.98243,.
44120,.,-11.444968,33.98243,.
44121,.,-11.459434,34.009584,.
44122,.,-11.459434,34.009584,.
44123,.,-11.452838,34.01643,.
44124,.,-11.448798,34.022058,.
44125,.,-11.448798,34.022058,.
44126,.,-11.448798,34.022058,.
44127,.,-11.444414,34.024958,.
44128,.,-11.444414,34.024958,.
44129,.,-11.444414,34.024958,.
44130,.,-11.444414,34.024958,.
44131,.,-11.444414,34.024958,.
44132,.,-11.45481,34.03332,.
44133,.,-11.45481,34.03332,.
44134,.,-11.45481,34.03332,.
44135,.,-11.471044,34.014915,.
44136,.,-11.482671,34.030325,.
44137,.,-11.482671,34.030325,.
44138,.,-11.481095,34.032312,.
44139,.,-11.481095,34.032312,.
44140,.,-11.481095,34.032312,.
44141,.,-12.549529,33.519392,.
44142,.,-12.549529,33.519392,.
44143,.,-12.549529,33.519392,.
44144,.,-12.549529,33.519392,.
44145,.,-12.549529,33.519392,.
44146,.,-12.549529,33.519392,.
44147,.,-12.549529,33.519392,.
44148,.,-12.636775,33.502301,.
44149,.,-12.636775,33.502301,.
44150,.,-12.636775,33.502301,.
44151,.,-12.636775,33.502301,.
44152,.,-12.636775,33.502301,.
44153,.,-12.636775,33.502301,.
44154,.,-12.636775,33.502301,.
44155,.,-12.636775,33.502301,.
44156,.,-12.75019,33.755312,.
44157,.,-12.75019,33.755312,.
44158,.,-12.690471,33.427711,.
44159,.,-12.690471,33.427711,.
44160,.,-12.690471,33.427711,.
44161,.,-12.690471,33.427711,.
44162,.,-12.934259,33.523125,.
44163,.,-12.934259,33.523125,.
44164,.,-12.934259,33.523125,.
44165,.,-12.934259,33.523125,.
44166,.,-12.934259,33.523125,.
44167,.,-12.934259,33.523125,.
44168,.,-13.094518,33.478406,.
44169,.,-13.094518,33.478406,.
44170,.,-13.094518,33.478406,.
44171,.,-13.092839,33.373104,.
44172,.,-13.092839,33.373104,.
44173,.,-13.092839,33.373104,.
44174,.,-13.092839,33.373104,.
44175,.,-13.092839,33.373104,.
44176,.,-13.092839,33.373104,.
44177,.,-13.328711,33.1627,.
44178,.,-13.328711,33.1627,.
44179,.,-13.328711,33.1627,.
44180,.,-13.328711,33.1627,.
44181,.,-13.328711,33.1627,.
44182,.,-13.359734,33.346812,.
44183,.,-13.359734,33.346812,.
44184,.,-13.359734,33.346812,.
44185,.,-13.359734,33.346812,.
44186,.,-13.359734,33.346812,.
44187,.,-13.359734,33.346812,.
44188,.,-13.359734,33.346812,.
44189,.,-13.359734,33.346812,.
44190,.,-13.359734,33.346812,.
44191,.,-13.359734,33.346812,.
44192,.,-13.230821,33.569775,.
44193,.,-13.230821,33.569775,.
44194,.,-13.230821,33.569775,.
44195,.,-13.230821,33.569775,.
44196,.,-13.082668,33.753587,.
44197,.,-13.082668,33.753587,.
44198,.,-13.082668,33.753587,.
44199,.,-13.082668,33.753587,.
44200,.,-13.082668,33.753587,.
44201,.,-13.082668,33.753587,.
44202,.,-13.082668,33.753587,.
44203,.,-13.082668,33.753587,.
44204,.,-12.553069,33.310314,.
44205,.,-12.553069,33.310314,.
44206,.,-12.736754,33.335215,.
44207,.,-12.736754,33.335215,.
44208,.,-12.864215,33.448411,.
44209,.,-12.864215,33.448411,.
44210,.,-13.405444,33.38039,.
44211,.,-13.405444,33.38039,.
44212,.,-13.405444,33.38039,.
44213,.,-13.405444,33.38039,.
44214,.,-13.405444,33.38039,.
44215,.,-13.405444,33.38039,.
44216,.,-13.445443,33.262719,.
44217,.,-13.445443,33.262719,.
44218,.,-13.445443,33.262719,.
44219,.,-13.564182,33.359249,.
44220,.,-13.564182,33.359249,.
44221,.,-13.564182,33.359249,.
44222,.,-12.864382,33.65154,.
44223,.,-12.864382,33.65154,.
44224,.,-12.864382,33.65154,.
44225,.,-12.933083,33.60355,.
44226,.,-12.933083,33.60355,.
44227,.,-12.933083,33.60355,.
44228,.,-13.02936,33.759258,.
44229,.,-13.02936,33.759258,.
44230,.,-13.02936,33.759258,.
44231,.,-13.02936,33.759258,.
44232,.,-12.910544,33.939109,.
44233,.,-12.910544,33.939109,.
44234,.,-12.910544,33.939109,.
44235,.,-12.910544,33.939109,.
44236,.,-12.910544,33.939109,.
44237,.,-12.910544,33.939109,.
44238,.,-12.910544,33.939109,.
44239,.,-12.910544,33.939109,.
44240,.,-12.910544,33.939109,.
44241,.,-12.910544,33.939109,.
44242,.,-12.910544,33.939109,.
44243,.,-13.036576,33.838871,.
44244,.,-13.015882,33.461245,.
44245,.,-13.015882,33.461245,.
44246,.,-13.015882,33.461245,.
44247,.,-13.015882,33.461245,.
44248,.,-13.015882,33.461245,.
44249,.,-13.015882,33.461245,.
44250,.,-13.039493,33.484268,.
44251,.,-12.480156,34.125547,.
44252,.,-12.480156,34.125547,.
44253,.,-12.480156,34.125547,.
44254,.,-12.480156,34.125547,.
44255,.,-12.497686,34.15169,.
44256,.,-12.497686,34.15169,.
44257,.,-12.497686,34.15169,.
44258,.,-12.547721,34.12495,.
44259,.,-12.677904,34.179679,.
44260,.,-12.677904,34.179679,.
44261,.,-12.677904,34.179679,.
44262,.,-12.677904,34.179679,.
44263,.,-12.677904,34.179679,.
44264,.,-12.677904,34.179679,.
44265,.,-12.677904,34.179679,.
44266,.,-12.677904,34.179679,.
44267,.,-12.768201,34.200761,.
44268,.,-12.768201,34.200761,.
44269,.,-12.768201,34.200761,.
44270,.,-12.474514,34.069092,.
44271,.,-12.474514,34.069092,.
44272,.,-12.356494,34.016562,.
44273,.,-12.356494,34.016562,.
44274,.,-12.356494,34.016562,.
44275,.,-12.953096,34.270535,.
44276,.,-12.953096,34.270535,.
44277,.,-12.953096,34.270535,.
44278,.,-12.953096,34.270535,.
44279,.,-12.953096,34.270535,.
44280,.,-12.903751,34.270026,.
44281,.,-13.052256,34.245021,.
44282,.,-13.052256,34.245021,.
44283,.,-13.052256,34.245021,.
44284,.,-13.052256,34.245021,.
44285,.,-13.052256,34.245021,.
44286,.,-13.052256,34.245021,.
44287,.,-13.052256,34.245021,.
44288,.,-13.052256,34.245021,.
44289,.,-13.052256,34.245021,.
44290,.,-13.045424,34.323395,.
44291,.,-13.045424,34.323395,.
44292,.,-13.102273,34.285371,.
44293,.,-13.102273,34.285371,.
44294,.,-13.102273,34.285371,.
44295,.,-13.102273,34.285371,.
44296,.,-12.915144,34.265595,.
44297,.,-12.915144,34.265595,.
44298,.,-12.915144,34.265595,.
44299,.,-12.915144,34.265595,.
44300,.,-12.915144,34.265595,.
44301,.,-12.915144,34.265595,.
44302,.,-12.915144,34.265595,.
44303,.,-12.915144,34.265595,.
44304,.,-13.25146,34.257029,.
44305,.,-13.25146,34.257029,.
44306,.,-13.25146,34.257029,.
44307,.,-13.25146,34.257029,.
44308,.,-13.25146,34.257029,.
44309,.,-13.25146,34.257029,.
44310,.,-13.25146,34.257029,.
44311,.,-13.25146,34.257029,.
44312,.,-13.25146,34.257029,.
44313,.,-13.25146,34.257029,.
44314,.,-13.272203,34.311688,.
44315,.,-13.272203,34.311688,.
44316,.,-13.272203,34.311688,.
44317,.,-13.362015,34.264738,.
44318,.,-13.362015,34.264738,.
44319,.,-13.362015,34.264738,.
44320,.,-13.362015,34.264738,.
44321,.,-13.362015,34.264738,.
44322,.,-13.362015,34.264738,.
44323,.,-13.397418,34.265175,.
44324,.,-13.29812,34.107571,.
44325,.,-13.29812,34.107571,.
44326,.,-13.29812,34.107571,.
44327,.,-13.29812,34.107571,.
44328,.,-13.29812,34.107571,.
44329,.,-13.29812,34.107571,.
44330,.,-13.29812,34.107571,.
44331,.,-13.29812,34.107571,.
44332,.,-13.29812,34.107571,.
44333,.,-13.29812,34.107571,.
44334,.,-13.29812,34.107571,.
44335,.,-13.29812,34.107571,.
44336,.,-13.29812,34.107571,.
44337,.,-13.345048,34.124701,.
44338,.,-13.345048,34.124701,.
44339,.,-12.931315,34.286991,.
44340,.,-12.931315,34.286991,.
44341,.,-12.931315,34.286991,.
44342,.,-12.931315,34.286991,.
44343,.,-12.931315,34.286991,.
44344,.,-12.931315,34.286991,.
44345,.,-12.931315,34.286991,.
44346,.,-12.931315,34.286991,.
44347,.,-12.931315,34.286991,.
44348,.,-12.961161,34.269784,.
44349,.,-12.961161,34.269784,.
44350,.,-13.319855,34.074362,.
44351,.,-13.408561,33.964834,.
44352,.,-13.408561,33.964834,.
44353,.,-13.408561,33.964834,.
44354,.,-13.408561,33.964834,.
44355,.,-13.408561,33.964834,.
44356,.,-13.408561,33.964834,.
44357,.,-13.408561,33.964834,.
44358,.,-13.408561,33.964834,.
44359,.,-13.408561,33.964834,.
44360,.,-13.408561,33.964834,.
44361,.,-13.408561,33.964834,.
44362,.,-13.423027,34.097944,.
44363,.,-13.423027,34.097944,.
44364,.,-13.423027,34.097944,.
44365,.,-13.444772,34.030135,.
44366,.,-13.444772,34.030135,.
44367,.,-13.444772,34.030135,.
44368,.,-13.444772,34.030135,.
44369,.,-13.444772,34.030135,.
44370,.,-13.444772,34.030135,.
44371,.,-13.444772,34.030135,.
44372,.,-13.444772,34.030135,.
44373,.,-13.444772,34.030135,.
44374,.,-13.444772,34.030135,.
44375,.,-13.242706,34.007169,.
44376,.,-13.242706,34.007169,.
44377,.,-13.242706,34.007169,.
44378,.,-13.217297,33.96869,.
44379,.,-13.217297,33.96869,.
44380,.,-13.217297,33.96869,.
44381,.,-13.217297,33.96869,.
44382,.,-13.217297,33.96869,.
44383,.,-13.217297,33.96869,.
44384,.,-13.217297,33.96869,.
44385,.,-13.217297,33.96869,.
44386,.,-13.368588,33.956473,.
44387,.,-13.368588,33.956473,.
44388,.,-13.368588,33.956473,.
44389,.,-13.368588,33.956473,.
44390,.,-13.336095,33.755512,.
44391,.,-13.336095,33.755512,.
44392,.,-13.336095,33.755512,.
44393,.,-13.336095,33.755512,.
44394,.,-13.336095,33.755512,.
44395,.,-13.336095,33.755512,.
44396,.,-13.423647,33.82757,.
44397,.,-13.423647,33.82757,.
44398,.,-13.423647,33.82757,.
44399,.,-13.423647,33.82757,.
44400,.,-13.423647,33.82757,.
44401,.,-13.423647,33.82757,.
44402,.,-13.423647,33.82757,.
44403,.,-13.423647,33.82757,.
44404,.,-13.423647,33.82757,.
44405,.,-13.47578,33.865843,.
44406,.,-13.47578,33.865843,.
44407,.,-13.505623,33.83564,.
44408,.,-13.505623,33.83564,.
44409,.,-13.505623,33.83564,.
44410,.,-13.505623,33.83564,.
44411,.,-13.114606,33.844348,.
44412,.,-13.114606,33.844348,.
44413,.,-13.114606,33.844348,.
44414,.,-13.114606,33.844348,.
44415,.,-13.114606,33.844348,.
44416,.,-13.114606,33.844348,.
44417,.,-13.114606,33.844348,.
44418,.,-13.147556,33.848971,.
44419,.,-13.175196,33.80253,.
44420,.,-13.175196,33.80253,.
44421,.,-13.175196,33.80253,.
44422,.,-13.175196,33.80253,.
44423,.,-13.175196,33.80253,.
44424,.,-13.175196,33.80253,.
44425,.,-13.175196,33.80253,.
44426,.,-13.222906,33.832923,.
44427,.,-13.222906,33.832923,.
44428,.,-13.222906,33.832923,.
44429,.,-13.222906,33.832923,.
44430,.,-13.217199,33.757794,.
44431,.,-13.217199,33.757794,.
44432,.,-13.217199,33.757794,.
44433,.,-13.217199,33.757794,.
44434,.,-13.217199,33.757794,.
44435,.,-13.226167,33.74038,.
44436,.,-13.226167,33.74038,.
44437,.,-13.308778,33.884552,.
44438,.,-13.305415,33.797999,.
44439,.,-13.305415,33.797999,.
44440,.,-13.305415,33.797999,.
44441,.,-13.305415,33.797999,.
44442,.,-13.31979,33.764741,.
44443,.,-13.31979,33.764741,.
44444,.,-13.31979,33.764741,.
44445,.,-13.31979,33.764741,.
44446,.,-13.31979,33.764741,.
44447,.,-13.31979,33.764741,.
44448,.,-13.31979,33.764741,.
44449,.,-13.352253,33.922143,.
44450,.,-13.352253,33.922143,.
44451,.,-13.352253,33.922143,.
44452,.,-13.352253,33.922143,.
44453,.,-13.352253,33.922143,.
44454,.,-13.463495,33.749036,.
44455,.,-13.463495,33.749036,.
44456,.,-13.463495,33.749036,.
44457,.,-13.510144,33.614385,.
44458,.,-13.510144,33.614385,.
44459,.,-13.639242,33.637618,.
44460,.,-13.639242,33.637618,.
44461,.,-13.639242,33.637618,.
44462,.,-13.242061,33.638782,.
44463,.,-13.242061,33.638782,.
44464,.,-13.242061,33.638782,.
44465,.,-13.242061,33.638782,.
44466,.,-13.242061,33.638782,.
44467,.,-13.242061,33.638782,.
44468,.,-13.360181,33.496079,.
44469,.,-13.360181,33.496079,.
44470,.,-13.365946,33.737434,.
44471,.,-13.365946,33.737434,.
44472,.,-13.365946,33.737434,.
44473,.,-13.365946,33.737434,.
44474,.,-13.365946,33.737434,.
44475,.,-13.365946,33.737434,.
44476,.,-13.365946,33.737434,.
44477,.,-13.365946,33.737434,.
44478,.,-13.365946,33.737434,.
44479,.,-13.365946,33.737434,.
44480,.,-13.365946,33.737434,.
44481,.,-13.365946,33.737434,.
44482,.,-13.421973,33.524336,.
44483,.,-13.421973,33.524336,.
44484,.,-13.421973,33.524336,.
44485,.,-13.421973,33.524336,.
44486,.,-13.421973,33.524336,.
44487,.,-13.421973,33.524336,.
44488,.,-13.472007,33.602711,.
44489,.,-13.472007,33.602711,.
44490,.,-13.472007,33.602711,.
44491,.,-13.472007,33.602711,.
44492,.,-13.48157,33.433947,.
44493,.,-13.48157,33.433947,.
44494,.,-13.577768,33.56351,.
44495,.,-13.577768,33.56351,.
44496,.,-13.577768,33.56351,.
44497,.,-13.577768,33.56351,.
44498,.,-13.577768,33.56351,.
44499,.,-13.577768,33.56351,.
44500,.,-13.577768,33.56351,.
44501,.,-13.577768,33.56351,.
44502,.,-13.628619,33.495548,.
44503,.,-13.628619,33.495548,.
44504,.,-13.645875,33.64561,.
44505,.,-13.645875,33.64561,.
44506,.,-13.645875,33.64561,.
44507,.,-13.645875,33.64561,.
44508,.,-13.645875,33.64561,.
44509,.,-13.645875,33.64561,.
44510,.,-13.649155,34.042664,.
44511,.,-13.649155,34.042664,.
44512,.,-13.649155,34.042664,.
44513,.,-13.649155,34.042664,.
44514,.,-13.649155,34.042664,.
44515,.,-13.649155,34.042664,.
44516,.,-13.681329,34.128822,.
44517,.,-13.681329,34.128822,.
44518,.,-13.681329,34.128822,.
44519,.,-13.681329,34.128822,.
44520,.,-13.681329,34.128822,.
44521,.,-13.681329,34.128822,.
44522,.,-13.681329,34.128822,.
44523,.,-13.681329,34.128822,.
44524,.,-13.681329,34.128822,.
44525,.,-13.736363,34.240636,.
44526,.,-13.736363,34.240636,.
44527,.,-13.736363,34.240636,.
44528,.,-13.736363,34.240636,.
44529,.,-13.736363,34.240636,.
44530,.,-13.736363,34.240636,.
44531,.,-13.780298,34.294294,.
44532,.,-13.780298,34.294294,.
44533,.,-13.780298,34.294294,.
44534,.,-13.780298,34.294294,.
44535,.,-13.780298,34.294294,.
44536,.,-13.780298,34.294294,.
44537,.,-13.780298,34.294294,.
44538,.,-13.780298,34.294294,.
44539,.,-13.780298,34.294294,.
44540,.,-13.780298,34.294294,.
44541,.,-13.780298,34.294294,.
44542,.,-13.700251,33.84987,.
44543,.,-13.763297,33.932837,.
44544,.,-13.763297,33.932837,.
44545,.,-13.763297,33.932837,.
44546,.,-13.763297,33.932837,.
44547,.,-13.763297,33.932837,.
44548,.,-13.763297,33.932837,.
44549,.,-13.77625,34.010906,.
44550,.,-13.77625,34.010906,.
44551,.,-13.77625,34.010906,.
44552,.,-13.529607,33.912972,.
44553,.,-13.529607,33.912972,.
44554,.,-13.529607,33.912972,.
44555,.,-13.529607,33.912972,.
44556,.,-13.592628,34.078702,.
44557,.,-13.592628,34.078702,.
44558,.,-13.592628,34.078702,.
44559,.,-13.637108,33.902552,.
44560,.,-13.637108,33.902552,.
44561,.,-13.637108,33.902552,.
44562,.,-13.637108,33.902552,.
44563,.,-13.637108,33.902552,.
44564,.,-13.637108,33.902552,.
44565,.,-13.637108,33.902552,.
44566,.,-13.637108,33.902552,.
44567,.,-13.637108,33.902552,.
44568,.,-13.54501,33.75642,.
44569,.,-13.54501,33.75642,.
44570,.,-13.54501,33.75642,.
44571,.,-13.54501,33.75642,.
44572,.,-13.54501,33.75642,.
44573,.,-13.750254,34.58358,.
44574,.,-13.750254,34.58358,.
44575,.,-13.750254,34.58358,.
44576,.,-13.750254,34.58358,.
44577,.,-13.750254,34.58358,.
44578,.,-13.750254,34.58358,.
44579,.,-13.750254,34.58358,.
44580,.,-13.750254,34.58358,.
44581,.,-13.750254,34.58358,.
44582,.,-13.750254,34.58358,.
44583,.,-13.851904,34.529105,.
44584,.,-13.851904,34.529105,.
44585,.,-13.851904,34.529105,.
44586,.,-13.851904,34.529105,.
44587,.,-13.846168,34.585541,.
44588,.,-13.846168,34.585541,.
44589,.,-13.707395,34.373415,.
44590,.,-13.707395,34.373415,.
44591,.,-13.707395,34.373415,.
44592,.,-13.707395,34.373415,.
44593,.,-13.707395,34.373415,.
44594,.,-13.707395,34.373415,.
44595,.,-13.707395,34.373415,.
44596,.,-13.747769,34.455568,.
44597,.,-13.747769,34.455568,.
44598,.,-13.747769,34.455568,.
44599,.,-13.747769,34.455568,.
44600,.,-13.747769,34.455568,.
44601,.,-13.747769,34.455568,.
44602,.,-13.776575,34.403131,.
44603,.,-13.776575,34.403131,.
44604,.,-13.776575,34.403131,.
44605,.,-13.776575,34.403131,.
44606,.,-13.779716,34.32197,.
44607,.,-13.779716,34.32197,.
44608,.,-13.779716,34.32197,.
44609,.,-13.779716,34.32197,.
44610,.,-13.779716,34.32197,.
44611,.,-13.779716,34.32197,.
44612,.,-13.779716,34.32197,.
44613,.,-13.779716,34.32197,.
44614,.,-13.895495,34.491033,.
44615,.,-13.895495,34.491033,.
44616,.,-13.895495,34.491033,.
44617,.,-13.895495,34.491033,.
44618,.,-13.881585,34.356424,.
44619,.,-13.881585,34.356424,.
44620,.,-13.881585,34.356424,.
44621,.,-13.881585,34.356424,.
44622,.,-13.881585,34.356424,.
44623,.,-13.881585,34.356424,.
44624,.,-13.881585,34.356424,.
44625,.,-13.881585,34.356424,.
44626,.,-13.881585,34.356424,.
44627,.,-13.881585,34.356424,.
44628,.,-13.881585,34.356424,.
44629,.,-13.830846,34.42995,.
44630,.,-13.830846,34.42995,.
44631,.,-13.830846,34.42995,.
44632,.,-13.830846,34.42995,.
44633,.,-13.830846,34.42995,.
44634,.,-13.830846,34.42995,.
44635,.,-13.830846,34.42995,.
44636,.,-13.830846,34.42995,.
44637,.,-13.885676,34.475131,.
44638,.,-13.885676,34.475131,.
44639,.,-13.885676,34.475131,.
44640,.,-13.930634,34.533073,.
44641,.,-13.930634,34.533073,.
44642,.,-13.930634,34.533073,.
44643,.,-14.038697,34.511056,.
44644,.,-14.038697,34.511056,.
44645,.,-14.038697,34.511056,.
44646,.,-14.038697,34.511056,.
44647,.,-14.038697,34.511056,.
44648,.,-14.038697,34.511056,.
44649,.,-14.038697,34.511056,.
44650,.,-14.038697,34.511056,.
44651,.,-13.514585,34.282768,.
44652,.,-13.514585,34.282768,.
44653,.,-13.514585,34.282768,.
44654,.,-13.514585,34.282768,.
44655,.,-13.514585,34.282768,.
44656,.,-13.520882,34.376954,.
44657,.,-13.520882,34.376954,.
44658,.,-13.520882,34.376954,.
44659,.,-13.520882,34.376954,.
44660,.,-13.520882,34.376954,.
44661,.,-13.520882,34.376954,.
44662,.,-13.552698,34.315225,.
44663,.,-13.552698,34.315225,.
44664,.,-13.552698,34.315225,.
44665,.,-13.552698,34.315225,.
44666,.,-13.552698,34.315225,.
44667,.,-13.552698,34.315225,.
44668,.,-13.552698,34.315225,.
44669,.,-13.552698,34.315225,.
44670,.,-13.552698,34.315225,.
44671,.,-13.552698,34.315225,.
44672,.,-13.552698,34.315225,.
44673,.,-13.552698,34.315225,.
44674,.,-13.552698,34.315225,.
44675,.,-13.660567,34.240615,.
44676,.,-13.660567,34.240615,.
44677,.,-13.660567,34.240615,.
44678,.,-13.59236,34.435331,.
44679,.,-13.59236,34.435331,.
44680,.,-13.59236,34.435331,.
44681,.,-13.59236,34.435331,.
44682,.,-13.605708,34.138884,.
44683,.,-13.605708,34.138884,.
44684,.,-13.605708,34.138884,.
44685,.,-13.605708,34.138884,.
44686,.,-13.599289,34.482196,.
44687,.,-13.599289,34.482196,.
44688,.,-13.599289,34.482196,.
44689,.,-13.599289,34.482196,.
44690,.,-13.781343,34.442408,.
44691,.,-13.787503,34.466146,.
44692,.,-13.989487,34.507137,.
44693,.,-13.989487,34.507137,.
44694,.,-13.989487,34.507137,.
44695,.,-13.989487,34.507137,.
44696,.,-13.989487,34.507137,.
44697,.,-13.989487,34.507137,.
44698,.,-14.156098,33.857402,.
44699,.,-14.156098,33.857402,.
44700,.,-14.156098,33.857402,.
44701,.,-14.185037,33.870781,.
44702,.,-14.185037,33.870781,.
44703,.,-14.185037,33.870781,.
44704,.,-14.23632,33.797774,.
44705,.,-14.23632,33.797774,.
44706,.,-14.23632,33.797774,.
44707,.,-14.23632,33.797774,.
44708,.,-13.943037,33.434141,.
44709,.,-13.943037,33.434141,.
44710,.,-13.987618,33.471434,.
44711,.,-13.987618,33.471434,.
44712,.,-13.987618,33.471434,.
44713,.,-13.987618,33.471434,.
44714,.,-14.004444,33.469742,.
44715,.,-14.004444,33.469742,.
44716,.,-14.004444,33.469742,.
44717,.,-14.004444,33.469742,.
44718,.,-14.128157,33.377554,.
44719,.,-14.128157,33.377554,.
44720,.,-14.128157,33.377554,.
44721,.,-14.128157,33.377554,.
44722,.,-14.128157,33.377554,.
44723,.,-14.128157,33.377554,.
44724,.,-14.128157,33.377554,.
44725,.,-14.128157,33.377554,.
44726,.,-14.128157,33.377554,.
44727,.,-14.128157,33.377554,.
44728,.,-14.128157,33.377554,.
44729,.,-14.128157,33.377554,.
44730,.,-14.128157,33.377554,.
44731,.,-14.128157,33.377554,.
44732,.,-14.128157,33.377554,.
44733,.,-14.157104,33.551782,.
44734,.,-14.157104,33.551782,.
44735,.,-14.157104,33.551782,.
44736,.,-14.157104,33.551782,.
44737,.,-14.157104,33.551782,.
44738,.,-14.127521,33.662751,.
44739,.,-14.127521,33.662751,.
44740,.,-14.127521,33.662751,.
44741,.,-14.127521,33.662751,.
44742,.,-14.127521,33.662751,.
44743,.,-14.127521,33.662751,.
44744,.,-14.127521,33.662751,.
44745,.,-14.142451,33.763861,.
44746,.,-14.260532,33.774799,.
44747,.,-14.260532,33.774799,.
44748,.,-14.260532,33.774799,.
44749,.,-14.260532,33.774799,.
44750,.,-14.252291,33.724729,.
44751,.,-14.252291,33.724729,.
44752,.,-14.252291,33.724729,.
44753,.,-14.309332,33.77418,.
44754,.,-14.309332,33.77418,.
44755,.,-14.309332,33.77418,.
44756,.,-14.309332,33.77418,.
44757,.,-14.309332,33.77418,.
44758,.,-14.309332,33.77418,.
44759,.,-14.265231,33.80856,.
44760,.,-14.265231,33.80856,.
44761,.,-14.027634,34.036002,.
44762,.,-14.027634,34.036002,.
44763,.,-14.027634,34.036002,.
44764,.,-14.027634,34.036002,.
44765,.,-14.027634,34.036002,.
44766,.,-14.027634,34.036002,.
44767,.,-14.14077,34.056561,.
44768,.,-14.14077,34.056561,.
44769,.,-13.950627,34.08006,.
44770,.,-13.950627,34.08006,.
44771,.,-13.950627,34.08006,.
44772,.,-13.950627,34.08006,.
44773,.,-13.629989,33.414507,.
44774,.,-13.629989,33.414507,.
44775,.,-13.629989,33.414507,.
44776,.,-13.629989,33.414507,.
44777,.,-13.629989,33.414507,.
44778,.,-13.629989,33.414507,.
44779,.,-13.629989,33.414507,.
44780,.,-13.728265,33.301121,.
44781,.,-13.728265,33.301121,.
44782,.,-13.870775,33.394422,.
44783,.,-13.870775,33.394422,.
44784,.,-13.870775,33.394422,.
44785,.,-13.870775,33.394422,.
44786,.,-13.870775,33.394422,.
44787,.,-13.811588,33.915943,.
44788,.,-13.835717,33.897107,.
44789,.,-13.835717,33.897107,.
44790,.,-13.835717,33.897107,.
44791,.,-13.835717,33.897107,.
44792,.,-13.835717,33.897107,.
44793,.,-13.835717,33.897107,.
44794,.,-13.835717,33.897107,.
44795,.,-13.835717,33.897107,.
44796,.,-13.835717,33.897107,.
44797,.,-13.714481,33.687636,.
44798,.,-13.76407,33.614923,.
44799,.,-13.76407,33.614923,.
44800,.,-13.76407,33.614923,.
44801,.,-14.096687,33.960052,.
44802,.,-14.096687,33.960052,.
44803,.,-14.167398,33.967162,.
44804,.,-14.167398,33.967162,.
44805,.,-14.167398,33.967162,.
44806,.,-14.167398,33.967162,.
44807,.,-14.167398,33.967162,.
44808,.,-14.167398,33.967162,.
44809,.,-14.167398,33.967162,.
44810,.,-14.002539,33.846601,.
44811,.,-14.101096,33.807346,.
44812,.,-13.996385,33.708036,.
44813,.,-13.996385,33.708036,.
44814,.,-14.020513,33.594596,.
44815,.,-14.020513,33.594596,.
44816,.,-14.020513,33.594596,.
44817,.,-14.020513,33.594596,.
44818,.,-14.020513,33.594596,.
44819,.,-14.020513,33.594596,.
44820,.,-14.020513,33.594596,.
44821,.,-14.020513,33.594596,.
44822,.,-14.020513,33.594596,.
44823,.,-14.123186,33.59488,.
44824,.,-14.123186,33.59488,.
44825,.,-14.123186,33.59488,.
44826,.,-14.123186,33.59488,.
44827,.,-13.713232,33.458309,.
44828,.,-13.713232,33.458309,.
44829,.,-13.80165,33.52983,.
44830,.,-13.935473,33.443104,.
44831,.,-13.935473,33.443104,.
44832,.,-13.935473,33.443104,.
44833,.,-13.935473,33.443104,.
44834,.,-13.935473,33.443104,.
44835,.,-13.935473,33.443104,.
44836,.,-13.852853,33.513603,.
44837,.,-13.852853,33.513603,.
44838,.,-13.852853,33.513603,.
44839,.,-13.852853,33.513603,.
44840,.,-13.785994,32.860543,.
44841,.,-13.785994,32.860543,.
44842,.,-13.785994,32.860543,.
44843,.,-13.785994,32.860543,.
44844,.,-13.785994,32.860543,.
44845,.,-13.920888,32.966397,.
44846,.,-13.920888,32.966397,.
44847,.,-13.920888,32.966397,.
44848,.,-13.920888,32.966397,.
44849,.,-13.920888,32.966397,.
44850,.,-13.920888,32.966397,.
44851,.,-13.94947,33.081072,.
44852,.,-13.94947,33.081072,.
44853,.,-13.871693,33.228082,.
44854,.,-13.871693,33.228082,.
44855,.,-13.871693,33.228082,.
44856,.,-13.871693,33.228082,.
44857,.,-13.871693,33.228082,.
44858,.,-13.871693,33.228082,.
44859,.,-13.946321,33.186604,.
44860,.,-13.946321,33.186604,.
44861,.,-13.946321,33.186604,.
44862,.,-13.97756,33.263427,.
44863,.,-13.97756,33.263427,.
44864,.,-13.97756,33.263427,.
44865,.,-13.97756,33.263427,.
44866,.,-13.97756,33.263427,.
44867,.,-13.97756,33.263427,.
44868,.,-13.97756,33.263427,.
44869,.,-13.97756,33.263427,.
44870,.,-13.97756,33.263427,.
44871,.,-13.97756,33.263427,.
44872,.,-14.087961,33.325564,.
44873,.,-14.087961,33.325564,.
44874,.,-13.804444,32.987776,.
44875,.,-13.804444,32.987776,.
44876,.,-13.804444,32.987776,.
44877,.,-13.804444,32.987776,.
44878,.,-13.79991,33.116582,.
44879,.,-13.79991,33.116582,.
44880,.,-13.916922,33.1276,.
44881,.,-13.916922,33.1276,.
44882,.,-13.916922,33.1276,.
44883,.,-13.916922,33.1276,.
44884,.,-13.819115,33.174092,.
44885,.,-13.772572,33.014152,.
44886,.,-13.772572,33.014152,.
44887,.,-13.772572,33.014152,.
44888,.,-13.772572,33.014152,.
44889,.,-13.772572,33.014152,.
44890,.,-13.772572,33.014152,.
44891,.,-13.772572,33.014152,.
44892,.,-13.772572,33.014152,.
44893,.,-13.772572,33.014152,.
44894,.,-13.70606,32.988531,.
44895,.,-13.656155,33.060158,.
44896,.,-13.656155,33.060158,.
44897,.,-13.656155,33.060158,.
44898,.,-13.656155,33.060158,.
44899,.,-13.656155,33.060158,.
44900,.,-13.656155,33.060158,.
44901,.,-13.656155,33.060158,.
44902,.,-13.656155,33.060158,.
44903,.,-13.656155,33.060158,.
44904,.,-13.656155,33.060158,.
44905,.,-13.656155,33.060158,.
44906,.,-13.656155,33.060158,.
44907,.,-13.656155,33.060158,.
44908,.,-13.656155,33.060158,.
44909,.,-13.656155,33.060158,.
44910,.,-13.73958,33.123693,.
44911,.,-13.666854,33.204111,.
44912,.,-13.666854,33.204111,.
44913,.,-13.666854,33.204111,.
44914,.,-13.666854,33.204111,.
44915,.,-13.666854,33.204111,.
44916,.,-13.666854,33.204111,.
44917,.,-13.666854,33.204111,.
44918,.,-13.666854,33.204111,.
44919,.,-13.395012,33.10138,.
44920,.,-13.488871,33.054046,.
44921,.,-13.488871,33.054046,.
44922,.,-13.488871,33.054046,.
44923,.,-13.488871,33.054046,.
44924,.,-13.488871,33.054046,.
44925,.,-13.488871,33.054046,.
44926,.,-13.488871,33.054046,.
44927,.,-13.488871,33.054046,.
44928,.,-13.557205,32.897253,.
44929,.,-13.557205,32.897253,.
44930,.,-13.557205,32.897253,.
44931,.,-13.553265,33.192122,.
44932,.,-13.553265,33.192122,.
44933,.,-13.553265,33.192122,.
44934,.,-13.553265,33.192122,.
44935,.,-13.553265,33.192122,.
44936,.,-13.553265,33.192122,.
44937,.,-13.553265,33.192122,.
44938,.,-13.553265,33.192122,.
44939,.,-13.579327,33.185907,.
44940,.,-13.579327,33.185907,.
44941,.,-13.579327,33.185907,.
44942,.,-13.579327,33.185907,.
44943,.,-13.803408,32.901011,.
44944,.,-13.803408,32.901011,.
44945,.,-13.803408,32.901011,.
44946,.,-13.803408,32.901011,.
44947,.,-14.402079,33.945271,.
44948,.,-14.402079,33.945271,.
44949,.,-14.402079,33.945271,.
44950,.,-14.402079,33.945271,.
44951,.,-14.402079,33.945271,.
44952,.,-14.344464,34.009088,.
44953,.,-14.344464,34.009088,.
44954,.,-14.344464,34.009088,.
44955,.,-14.344464,34.009088,.
44956,.,-14.344464,34.009088,.
44957,.,-14.344464,34.009088,.
44958,.,-14.414164,34.003808,.
44959,.,-14.347362,34.137668,.
44960,.,-14.347362,34.137668,.
44961,.,-14.347362,34.137668,.
44962,.,-14.347362,34.137668,.
44963,.,-14.347362,34.137668,.
44964,.,-14.31495,33.981149,.
44965,.,-14.31495,33.981149,.
44966,.,-14.31495,33.981149,.
44967,.,-14.31495,33.981149,.
44968,.,-14.31495,33.981149,.
44969,.,-14.31495,33.981149,.
44970,.,-14.31495,33.981149,.
44971,.,-14.31495,33.981149,.
44972,.,-14.31495,33.981149,.
44973,.,-14.393188,33.934806,.
44974,.,-14.393188,33.934806,.
44975,.,-14.393188,33.934806,.
44976,.,-14.393188,33.934806,.
44977,.,-14.147413,34.072092,.
44978,.,-14.147413,34.072092,.
44979,.,-14.147413,34.072092,.
44980,.,-14.147413,34.072092,.
44981,.,-14.147413,34.072092,.
44982,.,-14.200352,34.103045,.
44983,.,-14.200352,34.103045,.
44984,.,-14.200352,34.103045,.
44985,.,-14.299366,34.095169,.
44986,.,-14.299366,34.095169,.
44987,.,-14.299366,34.095169,.
44988,.,-14.299366,34.095169,.
44989,.,-14.299366,34.095169,.
44990,.,-14.299366,34.095169,.
44991,.,-14.299366,34.095169,.
44992,.,-14.367123,34.192129,.
44993,.,-14.367123,34.192129,.
44994,.,-14.166801,34.19226,.
44995,.,-14.166801,34.19226,.
44996,.,-14.166801,34.19226,.
44997,.,-14.166801,34.19226,.
44998,.,-14.166801,34.19226,.
44999,.,-14.166801,34.19226,.
45000,.,-14.166801,34.19226,.
45001,.,-14.166801,34.19226,.
45002,.,-14.005091,34.196053,.
45003,.,-14.005091,34.196053,.
45004,.,-14.005091,34.196053,.
45005,.,-14.005091,34.196053,.
45006,.,-14.005091,34.196053,.
45007,.,-14.005091,34.196053,.
45008,.,-14.005091,34.196053,.
45009,.,-14.055466,34.244042,.
45010,.,-14.055466,34.244042,.
45011,.,-14.055466,34.244042,.
45012,.,-14.055466,34.244042,.
45013,.,-14.055466,34.244042,.
45014,.,-14.055466,34.244042,.
45015,.,-14.055466,34.244042,.
45016,.,-14.055466,34.244042,.
45017,.,-14.100208,34.235927,.
45018,.,-14.100208,34.235927,.
45019,.,-14.100208,34.235927,.
45020,.,-14.100208,34.235927,.
45021,.,-14.095697,34.168091,.
45022,.,-14.095697,34.168091,.
45023,.,-14.095697,34.168091,.
45024,.,-14.193944,34.379958,.
45025,.,-14.193944,34.379958,.
45026,.,-14.193944,34.379958,.
45027,.,-14.193944,34.379958,.
45028,.,-14.193944,34.379958,.
45029,.,-14.193944,34.379958,.
45030,.,-14.193944,34.379958,.
45031,.,-14.298119,34.261228,.
45032,.,-14.298119,34.261228,.
45033,.,-14.298119,34.261228,.
45034,.,-14.298119,34.261228,.
45035,.,-14.298119,34.261228,.
45036,.,-14.298119,34.261228,.
45037,.,-14.298119,34.261228,.
45038,.,-14.298119,34.261228,.
45039,.,-14.111488,34.512174,.
45040,.,-14.111488,34.512174,.
45041,.,-14.111488,34.512174,.
45042,.,-14.111488,34.512174,.
45043,.,-14.263875,34.51864,.
45044,.,-14.263875,34.51864,.
45045,.,-14.263875,34.51864,.
45046,.,-14.263875,34.51864,.
45047,.,-14.263875,34.51864,.
45048,.,-14.263875,34.51864,.
45049,.,-14.263875,34.51864,.
45050,.,-14.297704,34.70574,.
45051,.,-14.297704,34.70574,.
45052,.,-14.297704,34.70574,.
45053,.,-14.297704,34.70574,.
45054,.,-14.230789,34.513181,.
45055,.,-14.230789,34.513181,.
45056,.,-14.230789,34.513181,.
45057,.,-14.230789,34.513181,.
45058,.,-14.230789,34.513181,.
45059,.,-14.230789,34.513181,.
45060,.,-14.230789,34.513181,.
45061,.,-14.230789,34.513181,.
45062,.,-14.230789,34.513181,.
45063,.,-14.230789,34.513181,.
45064,.,-14.230789,34.513181,.
45065,.,-14.230789,34.513181,.
45066,.,-14.230789,34.513181,.
45067,.,-14.230789,34.513181,.
45068,.,-14.37646,34.469011,.
45069,.,-14.386206,34.308217,.
45070,.,-14.386206,34.308217,.
45071,.,-14.983696,34.743399,.
45072,.,-14.983696,34.743399,.
45073,.,-14.983696,34.743399,.
45074,.,-14.983696,34.743399,.
45075,.,-14.983696,34.743399,.
45076,.,-14.983696,34.743399,.
45077,.,-14.983696,34.743399,.
45078,.,-14.983696,34.743399,.
45079,.,-14.983696,34.743399,.
45080,.,-14.983696,34.743399,.
45081,.,-14.983696,34.743399,.
45082,.,-14.983696,34.743399,.
45083,.,-14.983696,34.743399,.
45084,.,-14.98695,34.77652,.
45085,.,-14.98695,34.77652,.
45086,.,-14.98695,34.77652,.
45087,.,-15.187795,34.828257,.
45088,.,-15.187795,34.828257,.
45089,.,-15.187795,34.828257,.
45090,.,-15.187795,34.828257,.
45091,.,-15.187795,34.828257,.
45092,.,-15.187795,34.828257,.
45093,.,-15.187795,34.828257,.
45094,.,-15.187795,34.828257,.
45095,.,-15.049572,34.64151,.
45096,.,-15.049572,34.64151,.
45097,.,-15.049572,34.64151,.
45098,.,-15.049572,34.64151,.
45099,.,-15.049572,34.64151,.
45100,.,-15.049572,34.64151,.
45101,.,-15.049572,34.64151,.
45102,.,-15.049572,34.64151,.
45103,.,-15.049572,34.64151,.
45104,.,-15.049572,34.64151,.
45105,.,-15.049572,34.64151,.
45106,.,-15.185392,34.628305,.
45107,.,-15.185392,34.628305,.
45108,.,-15.185392,34.628305,.
45109,.,-14.780085,34.657889,.
45110,.,-14.846656,34.70755,.
45111,.,-14.810918,34.85051,.
45112,.,-14.810918,34.85051,.
45113,.,-14.810918,34.85051,.
45114,.,-14.810918,34.85051,.
45115,.,-14.810918,34.85051,.
45116,.,-14.810918,34.85051,.
45117,.,-14.810918,34.85051,.
45118,.,-14.810918,34.85051,.
45119,.,-14.810918,34.85051,.
45120,.,-14.810918,34.85051,.
45121,.,-14.810918,34.85051,.
45122,.,-14.790572,34.845684,.
45123,.,-14.790572,34.845684,.
45124,.,-14.790572,34.845684,.
45125,.,-14.790572,34.845684,.
45126,.,-14.790572,34.845684,.
45127,.,-14.790572,34.845684,.
45128,.,-14.863205,34.934255,.
45129,.,-14.863205,34.934255,.
45130,.,-14.863205,34.934255,.
45131,.,-14.863205,34.934255,.
45132,.,-14.863205,34.934255,.
45133,.,-14.898374,34.879442,.
45134,.,-14.898374,34.879442,.
45135,.,-14.898374,34.879442,.
45136,.,-14.898374,34.879442,.
45137,.,-14.885393,34.740982,.
45138,.,-14.885393,34.740982,.
45139,.,-14.885393,34.740982,.
45140,.,-14.885393,34.740982,.
45141,.,-14.885393,34.740982,.
45142,.,-14.885393,34.740982,.
45143,.,-14.885393,34.740982,.
45144,.,-14.885393,34.740982,.
45145,.,-14.663388,34.546576,.
45146,.,-14.663388,34.546576,.
45147,.,-14.718437,34.69204,.
45148,.,-14.718437,34.69204,.
45149,.,-14.718437,34.69204,.
45150,.,-14.718437,34.69204,.
45151,.,-14.718437,34.69204,.
45152,.,-14.718437,34.69204,.
45153,.,-14.718437,34.69204,.
45154,.,-14.718437,34.69204,.
45155,.,-14.641939,34.583085,.
45156,.,-14.641939,34.583085,.
45157,.,-14.641939,34.583085,.
45158,.,-14.641939,34.583085,.
45159,.,-14.544524,34.533248,.
45160,.,-14.544524,34.533248,.
45161,.,-14.544524,34.533248,.
45162,.,-14.544524,34.533248,.
45163,.,-14.544524,34.533248,.
45164,.,-14.544524,34.533248,.
45165,.,-14.544524,34.533248,.
45166,.,-14.544524,34.533248,.
45167,.,-14.544524,34.533248,.
45168,.,-14.544524,34.533248,.
45169,.,-14.58168,34.637007,.
45170,.,-14.58168,34.637007,.
45171,.,-14.58168,34.637007,.
45172,.,-14.58168,34.637007,.
45173,.,-14.531922,34.702913,.
45174,.,-14.531922,34.702913,.
45175,.,-14.531922,34.702913,.
45176,.,-14.531922,34.702913,.
45177,.,-14.531922,34.702913,.
45178,.,-14.531922,34.702913,.
45179,.,-14.531922,34.702913,.
45180,.,-14.531922,34.702913,.
45181,.,-14.531922,34.702913,.
45182,.,-14.531922,34.702913,.
45183,.,-14.531922,34.702913,.
45184,.,-14.531922,34.702913,.
45185,.,-14.659798,34.677474,.
45186,.,-14.659798,34.677474,.
45187,.,-14.659798,34.677474,.
45188,.,-14.659798,34.677474,.
45189,.,-14.659798,34.677474,.
45190,.,-14.659798,34.677474,.
45191,.,-14.659798,34.677474,.
45192,.,-14.659798,34.677474,.
45193,.,-14.677658,34.700061,.
45194,.,-14.677658,34.700061,.
45195,.,-14.677658,34.700061,.
45196,.,-14.677658,34.700061,.
45197,.,-14.677658,34.700061,.
45198,.,-14.677658,34.700061,.
45199,.,-14.677658,34.700061,.
45200,.,-14.677658,34.700061,.
45201,.,-14.677658,34.700061,.
45202,.,-14.677658,34.700061,.
45203,.,-14.677658,34.700061,.
45204,.,-14.677658,34.700061,.
45205,.,-14.677658,34.700061,.
45206,.,-14.646637,34.832473,.
45207,.,-14.646637,34.832473,.
45208,.,-14.646637,34.832473,.
45209,.,-14.646637,34.832473,.
45210,.,-14.671041,34.774422,.
45211,.,-14.671041,34.774422,.
45212,.,-14.671041,34.774422,.
45213,.,-14.415021,34.737562,.
45214,.,-14.415021,34.737562,.
45215,.,-14.415021,34.737562,.
45216,.,-13.956563,33.771997,.
45217,.,-13.956563,33.771997,.
45218,.,-13.956563,33.771997,.
45219,.,-13.956563,33.771997,.
45220,.,-13.981185,33.794726,.
45221,.,-13.981185,33.794726,.
45222,.,-14.012397,33.802123,.
45223,.,-14.012397,33.802123,.
45224,.,-14.012397,33.802123,.
45225,.,-13.998383,33.808134,.
45226,.,-13.998383,33.808134,.
45227,.,-14.016298,33.806101,.
45228,.,-14.022649,33.81761,.
45229,.,-14.03793,33.805057,.
45230,.,-13.899852,33.794876,.
45231,.,-13.899852,33.794876,.
45232,.,-13.899852,33.794876,.
45233,.,-13.885932,33.764391,.
45234,.,-13.885932,33.764391,.
45235,.,-13.885932,33.764391,.
45236,.,-13.893669,33.805097,.
45237,.,-13.893669,33.805097,.
45238,.,-13.893669,33.805097,.
45239,.,-14.02546,33.790943,.
45240,.,-14.046295,33.798679,.
45241,.,-14.023146,33.749996,.
45242,.,-14.023146,33.749996,.
45243,.,-14.023146,33.749996,.
45244,.,-14.023146,33.749996,.
45245,.,-14.023146,33.749996,.
45246,.,-14.023146,33.749996,.
45247,.,-14.023146,33.749996,.
45248,.,-13.89782,33.760477,.
45249,.,-13.920552,33.765325,.
45250,.,-13.920552,33.765325,.
45251,.,-13.937334,33.768276,.
45252,.,-13.764306,33.812489,.
45253,.,-13.764306,33.812489,.
45254,.,-13.825714,33.777982,.
45255,.,-13.959151,33.741979,.
45256,.,-13.959151,33.741979,.
45257,.,-14.012712,33.737374,.
45258,.,-14.007835,33.70938,.
45259,.,-14.007835,33.70938,.
45260,.,-14.029786,33.712149,.
45261,.,-14.036065,33.682929,.
45262,.,-14.036065,33.682929,.
45263,.,-14.036065,33.682929,.
45264,.,-14.453137,35.262859,.
45265,.,-14.453137,35.262859,.
45266,.,-14.453137,35.262859,.
45267,.,-14.453137,35.262859,.
45268,.,-14.453137,35.262859,.
45269,.,-14.453137,35.262859,.
45270,.,-14.453137,35.262859,.
45271,.,-14.453137,35.262859,.
45272,.,-14.47413,35.197807,.
45273,.,-14.47413,35.197807,.
45274,.,-14.47413,35.197807,.
45275,.,-14.47413,35.197807,.
45276,.,-14.47413,35.197807,.
45277,.,-14.47413,35.197807,.
45278,.,-14.47413,35.197807,.
45279,.,-14.421902,34.955581,.
45280,.,-14.421902,34.955581,.
45281,.,-14.421902,34.955581,.
45282,.,-14.421902,34.955581,.
45283,.,-14.421902,34.955581,.
45284,.,-14.421902,34.955581,.
45285,.,-14.421902,34.955581,.
45286,.,-14.421902,34.955581,.
45287,.,-14.662478,35.026911,.
45288,.,-14.662478,35.026911,.
45289,.,-14.662478,35.026911,.
45290,.,-14.662478,35.026911,.
45291,.,-14.662478,35.026911,.
45292,.,-14.662478,35.026911,.
45293,.,-14.662478,35.026911,.
45294,.,-14.662478,35.026911,.
45295,.,-14.662478,35.026911,.
45296,.,-14.662478,35.026911,.
45297,.,-14.683761,34.915074,.
45298,.,-14.683761,34.915074,.
45299,.,-14.683761,34.915074,.
45300,.,-14.683761,34.915074,.
45301,.,-14.683761,34.915074,.
45302,.,-14.683761,34.915074,.
45303,.,-14.755818,35.232287,.
45304,.,-14.755818,35.232287,.
45305,.,-14.755818,35.232287,.
45306,.,-14.755818,35.232287,.
45307,.,-14.755818,35.232287,.
45308,.,-14.755818,35.232287,.
45309,.,-14.755818,35.232287,.
45310,.,-14.755818,35.232287,.
45311,.,-14.112681,34.870719,.
45312,.,-14.112681,34.870719,.
45313,.,-14.112681,34.870719,.
45314,.,-14.112681,34.870719,.
45315,.,-14.112681,34.870719,.
45316,.,-14.112681,34.870719,.
45317,.,-14.112681,34.870719,.
45318,.,-14.112681,34.870719,.
45319,.,-14.112681,34.870719,.
45320,.,-14.219633,35.025718,.
45321,.,-14.219633,35.025718,.
45322,.,-14.219633,35.025718,.
45323,.,-14.219633,35.025718,.
45324,.,-14.219633,35.025718,.
45325,.,-14.219633,35.025718,.
45326,.,-14.219633,35.025718,.
45327,.,-14.219633,35.025718,.
45328,.,-14.219633,35.025718,.
45329,.,-14.219633,35.025718,.
45330,.,-14.219633,35.025718,.
45331,.,-14.334623,34.798593,.
45332,.,-14.334623,34.798593,.
45333,.,-14.334623,34.798593,.
45334,.,-14.334623,34.798593,.
45335,.,-14.334623,34.798593,.
45336,.,-14.334623,34.798593,.
45337,.,-14.347177,35.46094,.
45338,.,-14.347177,35.46094,.
45339,.,-14.347177,35.46094,.
45340,.,-14.347177,35.46094,.
45341,.,-14.347177,35.46094,.
45342,.,-14.347177,35.46094,.
45343,.,-14.347177,35.46094,.
45344,.,-14.41125,35.595181,.
45345,.,-14.41125,35.595181,.
45346,.,-14.41125,35.595181,.
45347,.,-14.41125,35.595181,.
45348,.,-14.41125,35.595181,.
45349,.,-14.41125,35.595181,.
45350,.,-14.41125,35.595181,.
45351,.,-14.41125,35.595181,.
45352,.,-14.41125,35.595181,.
45353,.,-14.41125,35.595181,.
45354,.,-14.41125,35.595181,.
45355,.,-14.481431,35.608492,.
45356,.,-14.481431,35.608492,.
45357,.,-14.481431,35.608492,.
45358,.,-14.481431,35.608492,.
45359,.,-14.481431,35.608492,.
45360,.,-14.481431,35.608492,.
45361,.,-14.481431,35.608492,.
45362,.,-14.575176,35.55658,.
45363,.,-14.575176,35.55658,.
45364,.,-14.575176,35.55658,.
45365,.,-14.272959,35.256432,.
45366,.,-14.272959,35.256432,.
45367,.,-14.272959,35.256432,.
45368,.,-14.272959,35.256432,.
45369,.,-14.272959,35.256432,.
45370,.,-14.272959,35.256432,.
45371,.,-14.272959,35.256432,.
45372,.,-14.503987,35.326367,.
45373,.,-14.503987,35.326367,.
45374,.,-14.503987,35.326367,.
45375,.,-14.503987,35.326367,.
45376,.,-14.503987,35.326367,.
45377,.,-14.616051,35.313813,.
45378,.,-14.616051,35.313813,.
45379,.,-14.616051,35.313813,.
45380,.,-14.698152,35.455542,.
45381,.,-14.698152,35.455542,.
45382,.,-14.698152,35.455542,.
45383,.,-14.698152,35.455542,.
45384,.,-14.698152,35.455542,.
45385,.,-14.698152,35.455542,.
45386,.,-14.213324,35.407836,.
45387,.,-14.213324,35.407836,.
45388,.,-14.213324,35.407836,.
45389,.,-14.213324,35.407836,.
45390,.,-14.213324,35.407836,.
45391,.,-14.213324,35.407836,.
45392,.,-14.213324,35.407836,.
45393,.,-13.597231,34.861869,.
45394,.,-13.597231,34.861869,.
45395,.,-13.597231,34.861869,.
45396,.,-13.597231,34.861869,.
45397,.,-13.597231,34.861869,.
45398,.,-13.597231,34.861869,.
45399,.,-13.597231,34.861869,.
45400,.,-13.597231,34.861869,.
45401,.,-13.597231,34.861869,.
45402,.,-13.725164,35.039178,.
45403,.,-13.725164,35.039178,.
45404,.,-13.725164,35.039178,.
45405,.,-14.074178,35.196788,.
45406,.,-14.074178,35.196788,.
45407,.,-14.074178,35.196788,.
45408,.,-14.074178,35.196788,.
45409,.,-14.074178,35.196788,.
45410,.,-14.074178,35.196788,.
45411,.,-14.074178,35.196788,.
45412,.,-14.465717,35.229392,.
45413,.,-14.465717,35.229392,.
45414,.,-14.465717,35.229392,.
45415,.,-14.465717,35.229392,.
45416,.,-14.465717,35.229392,.
45417,.,-14.465717,35.229392,.
45418,.,-14.465717,35.229392,.
45419,.,-14.465717,35.229392,.
45420,.,-14.100373,34.916601,.
45421,.,-14.100373,34.916601,.
45422,.,-14.791922,35.433471,.
45423,.,-14.846169,35.50009,.
45424,.,-14.846169,35.50009,.
45425,.,-15.061575,35.300281,.
45426,.,-15.061575,35.300281,.
45427,.,-15.22401,35.203621,.
45428,.,-14.790041,35.6293,.
45429,.,-14.790041,35.6293,.
45430,.,-14.790041,35.6293,.
45431,.,-14.790041,35.6293,.
45432,.,-14.965719,35.616284,.
45433,.,-14.965719,35.616284,.
45434,.,-15.204413,35.502387,.
45435,.,-15.204413,35.502387,.
45436,.,-15.204413,35.502387,.
45437,.,-15.035595,35.513982,.
45438,.,-15.12574,35.513325,.
45439,.,-15.12574,35.513325,.
45440,.,-14.812365,35.755902,.
45441,.,-14.752119,35.681512,.
45442,.,-14.717821,35.800871,.
45443,.,-15.042153,35.22694,.
45444,.,-15.268513,35.49244,.
45445,.,-15.268513,35.49244,.
45446,.,-15.268513,35.49244,.
45447,.,-15.268513,35.49244,.
45448,.,-15.268513,35.49244,.
45449,.,-15.389976,35.363563,.
45450,.,-15.389976,35.363563,.
45451,.,-15.389976,35.363563,.
45452,.,-15.38839,35.467089,.
45453,.,-15.38839,35.467089,.
45454,.,-15.420275,35.394941,.
45455,.,-15.420275,35.394941,.
45456,.,-15.420275,35.394941,.
45457,.,-15.465583,35.635228,.
45458,.,-15.465583,35.635228,.
45459,.,-15.465583,35.635228,.
45460,.,-15.526099,35.589777,.
45461,.,-15.473915,35.311902,.
45462,.,-15.473915,35.311902,.
45463,.,-15.549261,35.225079,.
45464,.,-15.549261,35.225079,.
45465,.,-15.549261,35.225079,.
45466,.,-15.572013,35.303079,.
45467,.,-15.635692,35.306659,.
45468,.,-15.635692,35.306659,.
45469,.,-15.621626,35.443322,.
45470,.,-15.621626,35.443322,.
45471,.,-15.621626,35.443322,.
45472,.,-15.621626,35.443322,.
45473,.,-15.647325,35.458836,.
45474,.,-15.647325,35.458836,.
45475,.,-15.647325,35.458836,.
45476,.,-15.647325,35.458836,.
45477,.,-15.647325,35.458836,.
45478,.,-15.647325,35.458836,.
45479,.,-15.253792,35.256139,.
45480,.,-15.253792,35.256139,.
45481,.,-15.253792,35.256139,.
45482,.,-15.253792,35.256139,.
45483,.,-15.388404,35.198928,.
45484,.,-15.388404,35.198928,.
45485,.,-15.388404,35.198928,.
45486,.,-15.388404,35.198928,.
45487,.,-15.419415,35.140775,.
45488,.,-15.471926,35.227714,.
45489,.,-15.471926,35.227714,.
45490,.,-15.361921,35.265958,.
45491,.,-15.361921,35.265958,.
45492,.,-15.241005,35.404114,.
45493,.,-15.241005,35.404114,.
45494,.,-15.612678,35.195643,.
45495,.,-15.612678,35.195643,.
45496,.,-15.612678,35.195643,.
45497,.,-15.705208,35.151067,.
45498,.,-15.705208,35.151067,.
45499,.,-15.705208,35.151067,.
45500,.,-15.766141,35.153758,.
45501,.,-15.766141,35.153758,.
45502,.,-15.766709,35.22348,.
45503,.,-15.766709,35.22348,.
45504,.,-15.766709,35.22348,.
45505,.,-15.791752,35.157739,.
45506,.,-15.795731,35.125619,.
45507,.,-15.795731,35.125619,.
45508,.,-15.795731,35.125619,.
45509,.,-15.803291,35.154915,.
45510,.,-15.803291,35.154915,.
45511,.,-15.816606,35.19103,.
45512,.,-15.835268,35.167445,.
45513,.,-15.835268,35.167445,.
45514,.,-15.671589,35.200021,.
45515,.,-15.753062,35.287326,.
45516,.,-15.753062,35.287326,.
45517,.,-15.766944,35.208484,.
45518,.,-15.851081,35.249045,.
45519,.,-15.80194,35.297593,.
45520,.,-15.80194,35.297593,.
45521,.,-15.80194,35.297593,.
45522,.,-15.80194,35.297593,.
45523,.,-15.849466,35.286663,.
45524,.,-15.944962,35.298889,.
45525,.,-15.944962,35.298889,.
45526,.,-15.929301,35.290814,.
45527,.,-15.929301,35.290814,.
45528,.,-15.574928,35.124925,.
45529,.,-15.556942,35.1832,.
45530,.,-15.615004,35.226737,.
45531,.,-15.615004,35.226737,.
45532,.,-15.615004,35.226737,.
45533,.,-15.615004,35.226737,.
45534,.,-15.615004,35.226737,.
45535,.,-15.667329,35.3114,.
45536,.,-15.667329,35.3114,.
45537,.,-15.667329,35.3114,.
45538,.,-15.558742,35.010733,.
45539,.,-15.558742,35.010733,.
45540,.,-15.609782,35.04466,.
45541,.,-15.609782,35.04466,.
45542,.,-15.609782,35.04466,.
45543,.,-15.609782,35.04466,.
45544,.,-15.621164,35.013099,.
45545,.,-15.621164,35.013099,.
45546,.,-15.621164,35.013099,.
45547,.,-15.621164,35.013099,.
45548,.,-15.847348,34.995895,.
45549,.,-15.847348,34.995895,.
45550,.,-15.847348,34.995895,.
45551,.,-15.619836,35.052294,.
45552,.,-15.464192,35.012816,.
45553,.,-15.575781,35.068538,.
45554,.,-15.575781,35.068538,.
45555,.,-15.575781,35.068538,.
45556,.,-15.431764,35.003062,.
45557,.,-15.431764,35.003062,.
45558,.,-15.431764,35.003062,.
45559,.,-15.431764,35.003062,.
45560,.,-15.431764,35.003062,.
45561,.,-15.452825,34.947099,.
45562,.,-15.452825,34.947099,.
45563,.,-15.525747,34.909696,.
45564,.,-15.702464,34.889266,.
45565,.,-15.702464,34.889266,.
45566,.,-15.702464,34.889266,.
45567,.,-15.665454,34.923029,.
45568,.,-15.569237,35.083289,.
45569,.,-15.569237,35.083289,.
45570,.,-15.569237,35.083289,.
45571,.,-15.569237,35.083289,.
45572,.,-15.569237,35.083289,.
45573,.,-15.569237,35.083289,.
45574,.,-15.559279,34.885134,.
45575,.,-15.664213,34.934739,.
45576,.,-15.664213,34.934739,.
45577,.,-15.664213,34.934739,.
45578,.,-15.664213,34.934739,.
45579,.,-15.66464,34.955245,.
45580,.,-15.66464,34.955245,.
45581,.,-15.66464,34.955245,.
45582,.,-15.66464,34.955245,.
45583,.,-15.775837,34.910253,.
45584,.,-15.775837,34.910253,.
45585,.,-15.775837,34.910253,.
45586,.,-15.775837,34.910253,.
45587,.,-15.681641,35.073323,.
45588,.,-15.681641,35.073323,.
45589,.,-15.681641,35.073323,.
45590,.,-15.681641,35.073323,.
45591,.,-15.856066,35.112088,.
45592,.,-15.856066,35.112088,.
45593,.,-15.856066,35.112088,.
45594,.,-15.856066,35.112088,.
45595,.,-15.834733,34.977652,.
45596,.,-15.834733,34.977652,.
45597,.,-15.834733,34.977652,.
45598,.,-15.834733,34.977652,.
45599,.,-15.848941,34.988053,.
45600,.,-15.848941,34.988053,.
45601,.,-15.848941,34.988053,.
45602,.,-15.909287,34.939594,.
45603,.,-15.964919,34.950694,.
45604,.,-15.455463,34.486459,.
45605,.,-15.455463,34.486459,.
45606,.,-15.455463,34.486459,.
45607,.,-15.455463,34.486459,.
45608,.,-15.455463,34.486459,.
45609,.,-15.455463,34.486459,.
45610,.,-15.455463,34.486459,.
45611,.,-15.455463,34.486459,.
45612,.,-15.455463,34.486459,.
45613,.,-15.50056,34.501325,.
45614,.,-15.50056,34.501325,.
45615,.,-15.567784,34.519127,.
45616,.,-15.567784,34.519127,.
45617,.,-15.567784,34.519127,.
45618,.,-15.596914,34.520456,.
45619,.,-15.595224,34.525479,.
45620,.,-15.595224,34.525479,.
45621,.,-15.595224,34.525479,.
45622,.,-15.595224,34.525479,.
45623,.,-15.726054,34.517129,.
45624,.,-15.451516,34.464556,.
45625,.,-15.451516,34.464556,.
45626,.,-15.451516,34.464556,.
45627,.,-15.451516,34.464556,.
45628,.,-15.451516,34.464556,.
45629,.,-15.451516,34.464556,.
45630,.,-15.451516,34.464556,.
45631,.,-15.451516,34.464556,.
45632,.,-15.451516,34.464556,.
45633,.,-15.535664,34.4567,.
45634,.,-15.535664,34.4567,.
45635,.,-15.535664,34.4567,.
45636,.,-15.535664,34.4567,.
45637,.,-15.535664,34.4567,.
45638,.,-15.535664,34.4567,.
45639,.,-15.535664,34.4567,.
45640,.,-15.626989,34.488763,.
45641,.,-15.626989,34.488763,.
45642,.,-15.713111,34.449287,.
45643,.,-15.713111,34.449287,.
45644,.,-15.713111,34.449287,.
45645,.,-15.713111,34.449287,.
45646,.,-15.759848,34.463784,.
45647,.,-15.759848,34.463784,.
45648,.,-15.580107,34.486228,.
45649,.,-15.596167,34.510841,.
45650,.,-15.596167,34.510841,.
45651,.,-16.307387,35.278111,.
45652,.,-16.307387,35.278111,.
45653,.,-16.33911,35.274649,.
45654,.,-16.308801,35.149457,.
45655,.,-16.096666,34.975852,.
45656,.,-16.096666,34.975852,.
45657,.,-16.096666,34.975852,.
45658,.,-16.097034,35.073377,.
45659,.,-16.097034,35.073377,.
45660,.,-16.097034,35.073377,.
45661,.,-16.097034,35.073377,.
45662,.,-16.097034,35.073377,.
45663,.,-16.139062,35.151528,.
45664,.,-16.207909,35.15497,.
45665,.,-16.099412,35.303969,.
45666,.,-16.099412,35.303969,.
45667,.,-16.108243,35.110525,.
45668,.,-16.108243,35.110525,.
45669,.,-15.994161,35.075365,.
45670,.,-15.994161,35.075365,.
45671,.,-15.994161,35.075365,.
45672,.,-15.994161,35.075365,.
45673,.,-15.994161,35.075365,.
45674,.,-15.994161,35.075365,.
45675,.,-15.994161,35.075365,.
45676,.,-16.007173,35.1575,.
45677,.,-16.007173,35.1575,.
45678,.,-16.007173,35.1575,.
45679,.,-16.007173,35.1575,.
45680,.,-16.009724,35.145672,.
45681,.,-15.864042,35.171426,.
45682,.,-15.864042,35.171426,.
45683,.,-15.864042,35.171426,.
45684,.,-16.041099,35.145198,.
45685,.,-16.043878,35.6054,.
45686,.,-16.043878,35.6054,.
45687,.,-16.043878,35.6054,.
45688,.,-16.043878,35.6054,.
45689,.,-16.028134,35.635929,.
45690,.,-16.028134,35.635929,.
45691,.,-16.028134,35.635929,.
45692,.,-16.028134,35.635929,.
45693,.,-16.028134,35.635929,.
45694,.,-16.028134,35.635929,.
45695,.,-16.028134,35.635929,.
45696,.,-16.084998,35.581694,.
45697,.,-16.119842,35.561699,.
45698,.,-16.047835,35.472547,.
45699,.,-16.119289,35.381973,.
45700,.,-16.119289,35.381973,.
45701,.,-16.091054,35.56195,.
45702,.,-16.022744,35.811397,.
45703,.,-16.094797,35.681098,.
45704,.,-16.044566,35.695152,.
45705,.,-16.044566,35.695152,.
45706,.,-16.113604,35.346823,.
45707,.,-15.965693,35.392825,.
45708,.,-15.965693,35.392825,.
45709,.,-16.054833,35.360422,.
45710,.,-16.054833,35.360422,.
45711,.,-16.054833,35.360422,.
45712,.,-15.793053,35.483234,.
45713,.,-15.793053,35.483234,.
45714,.,-15.793053,35.483234,.
45715,.,-15.875918,35.555916,.
45716,.,-15.938183,35.467495,.
45717,.,-15.699825,35.486854,.
45718,.,-15.699825,35.486854,.
45719,.,-15.790143,35.411892,.
45720,.,-15.790143,35.411892,.
45721,.,-15.790143,35.411892,.
45722,.,-15.790143,35.411892,.
45723,.,-15.790143,35.411892,.
45724,.,-15.790143,35.411892,.
45725,.,-15.877739,35.351154,.
45726,.,-15.553168,35.64588,.
45727,.,-15.538003,35.626395,.
45728,.,-15.57871,35.603459,.
45729,.,-15.627924,35.672782,.
45730,.,-15.627924,35.672782,.
45731,.,-15.627924,35.672782,.
45732,.,-15.65929,35.6434,.
45733,.,-15.65929,35.6434,.
45734,.,-15.65929,35.6434,.
45735,.,-15.65929,35.6434,.
45736,.,-15.65929,35.6434,.
45737,.,-15.634718,35.531409,.
45738,.,-15.634718,35.531409,.
45739,.,-15.684889,35.583213,.
45740,.,-15.684889,35.583213,.
45741,.,-15.684889,35.583213,.
45742,.,-15.726059,35.710228,.
45743,.,-15.726059,35.710228,.
45744,.,-15.726059,35.710228,.
45745,.,-15.726059,35.710228,.
45746,.,-15.718445,35.680575,.
45747,.,-15.766915,35.6721,.
45748,.,-15.766915,35.6721,.
45749,.,-15.766915,35.6721,.
45750,.,-15.766915,35.6721,.
45751,.,-15.766915,35.6721,.
45752,.,-15.766915,35.6721,.
45753,.,-15.73134,35.566626,.
45754,.,-15.73134,35.566626,.
45755,.,-15.848325,35.567227,.
45756,.,-15.848325,35.567227,.
45757,.,-15.848325,35.567227,.
45758,.,-15.848325,35.567227,.
45759,.,-15.848325,35.567227,.
45760,.,-15.836097,35.616962,.
45761,.,-15.836097,35.616962,.
45762,.,-15.836097,35.616962,.
45763,.,-15.69251,35.796372,.
45764,.,-15.69251,35.796372,.
45765,.,-15.836067,35.737044,.
45766,.,-15.836067,35.737044,.
45767,.,-15.836067,35.737044,.
45768,.,-15.836067,35.737044,.
45769,.,-15.889826,35.766564,.
45770,.,-15.752852,35.781488,.
45771,.,-15.752852,35.781488,.
45772,.,-15.752852,35.781488,.
45773,.,-15.50833,35.782588,.
45774,.,-15.545205,35.823627,.
45775,.,-15.545205,35.823627,.
45776,.,-15.582173,35.835835,.
45777,.,-16.497695,34.947832,.
45778,.,-16.489865,34.827208,.
45779,.,-15.761763,34.372752,.
45780,.,-15.915619,34.404055,.
45781,.,-16.081528,34.529636,.
45782,.,-16.081528,34.529636,.
45783,.,-16.081528,34.529636,.
45784,.,-16.081528,34.529636,.
45785,.,-16.081528,34.529636,.
45786,.,-16.081528,34.529636,.
45787,.,-16.028061,34.805825,.
45788,.,-16.028061,34.805825,.
45789,.,-16.028061,34.805825,.
45790,.,-15.902223,34.829097,.
45791,.,-16.030033,34.802835,.
45792,.,-16.030033,34.802835,.
45793,.,-16.030033,34.802835,.
45794,.,-16.030033,34.802835,.
45795,.,-16.215058,34.976689,.
45796,.,-16.006285,34.799761,.
45797,.,-17.09515,35.217213,.
45798,.,-17.09515,35.217213,.
45799,.,-17.09515,35.217213,.
45800,.,-17.09515,35.217213,.
45801,.,-16.349154,35.128115,.
45802,.,-16.349154,35.128115,.
45803,.,-16.349154,35.128115,.
45804,.,-16.349154,35.128115,.
45805,.,-16.349154,35.128115,.
45806,.,-16.349154,35.128115,.
45807,.,-16.349154,35.128115,.
45808,.,-16.4184,35.126675,.
45809,.,-16.4184,35.126675,.
45810,.,-16.4184,35.126675,.
45811,.,-16.386542,35.141033,.
45812,.,-16.386542,35.141033,.
45813,.,-16.472382,35.132391,.
45814,.,-16.472382,35.132391,.
45815,.,-16.506757,35.151249,.
45816,.,-16.521567,35.042003,.
45817,.,-16.592197,35.129116,.
45818,.,-16.954723,35.215598,.
45819,.,-16.939071,35.24181,.
45820,.,-14.992631,34.928059,.
45821,.,-14.992769,34.93994,.
45822,.,-14.992769,34.93994,.
45823,.,-14.992769,34.93994,.
45824,.,-14.992769,34.93994,.
45825,.,-14.992769,34.93994,.
45826,.,-14.992769,34.93994,.
45827,.,-14.992769,34.93994,.
45828,.,-14.992769,34.93994,.
45829,.,-15.061635,35.098917,.
45830,.,-15.028036,35.152533,.
45831,.,-15.101544,35.145211,.
45832,.,-15.173661,35.031449,.
45833,.,-15.173661,35.031449,.
45834,.,-15.173661,35.031449,.
45835,.,-15.173661,35.031449,.
45836,.,-15.191919,34.967449,.
45837,.,-15.191919,34.967449,.
45838,.,-15.191919,34.967449,.
45839,.,-15.191919,34.967449,.
45840,.,-15.191919,34.967449,.
45841,.,-15.191919,34.967449,.
45842,.,-15.238564,34.984646,.
45843,.,-15.238564,34.984646,.
45844,.,-15.256486,35.065353,.
45845,.,-15.256486,35.065353,.
45846,.,-15.226151,34.905952,.
45847,.,-15.226151,34.905952,.
45848,.,-14.785029,35.057611,.
45849,.,-14.785029,35.057611,.
45850,.,-14.785029,35.057611,.
45851,.,-14.785029,35.057611,.
45852,.,-14.785029,35.057611,.
45853,.,-14.785029,35.057611,.
45854,.,-14.785029,35.057611,.
45855,.,-14.785029,35.057611,.
45856,.,-14.869095,35.227445,.
45857,.,-14.869095,35.227445,.
45858,.,-14.869095,35.227445,.
45859,.,-14.869095,35.227445,.
45860,.,-14.869095,35.227445,.
45861,.,-14.869095,35.227445,.
45862,.,-14.869095,35.227445,.
45863,.,-14.869095,35.227445,.
45864,.,-14.803485,35.049652,.
45865,.,-14.803485,35.049652,.
45866,.,-14.903672,35.085979,.
45867,.,-14.903672,35.085979,.
45868,.,-14.903672,35.085979,.
45869,.,-14.903672,35.085979,.
45870,.,-14.903672,35.085979,.
45871,.,-14.903672,35.085979,.
45872,.,-14.903672,35.085979,.
45873,.,-14.944016,35.144464,.
45874,.,-14.944016,35.144464,.
45875,.,-14.944016,35.144464,.
45876,.,-14.944016,35.144464,.
45877,.,-14.944016,35.144464,.
45878,.,-14.944016,35.144464,.
45879,.,-14.846312,35.23287,.
45880,.,-14.846312,35.23287,.
45881,.,-14.846312,35.23287,.
45882,.,-14.846312,35.23287,.
45883,.,-14.846312,35.23287,.
45884,.,-14.846312,35.23287,.
45885,.,-14.846312,35.23287,.
45886,.,-14.846312,35.23287,.
45887,.,-14.846312,35.23287,.
45888,.,-14.846312,35.23287,.
45889,.,-14.846312,35.23287,.
45890,.,-14.846312,35.23287,.
45891,.,-14.899499,35.145843,.
45892,.,-14.899499,35.145843,.
45893,.,-14.948131,35.214956,.
45894,.,-14.948131,35.214956,.
45895,.,-14.948131,35.214956,.
45896,.,-14.948131,35.214956,.
45897,.,-14.948131,35.214956,.
45898,.,-14.948131,35.214956,.
45899,.,-14.948131,35.214956,.
45900,.,-14.948131,35.214956,.
45901,.,-15.00473,35.163219,.
45902,.,-15.00473,35.163219,.
45903,.,-15.00473,35.163219,.
45904,.,-15.00473,35.163219,.
45905,.,-14.999638,34.954637,.
45906,.,-14.999638,34.954637,.
45907,.,-15.215737,34.602905,.
45908,.,-15.276547,34.623749,.
45909,.,-15.276547,34.623749,.
45910,.,-15.276547,34.623749,.
45911,.,-15.276547,34.623749,.
45912,.,-15.397163,34.544338,.
45913,.,-15.397163,34.544338,.
45914,.,-15.397163,34.544338,.
45915,.,-15.397163,34.544338,.
45916,.,-15.397163,34.544338,.
45917,.,-15.397163,34.544338,.
45918,.,-15.397163,34.544338,.
45919,.,-15.403323,34.682855,.
45920,.,-15.403323,34.682855,.
45921,.,-15.403323,34.682855,.
45922,.,-15.403323,34.682855,.
45923,.,-15.403323,34.682855,.
45924,.,-15.463536,34.608811,.
45925,.,-15.463536,34.608811,.
45926,.,-15.463536,34.608811,.
45927,.,-15.463536,34.608811,.
45928,.,-15.463536,34.608811,.
45929,.,-15.410241,34.51808,.
45930,.,-15.410241,34.51808,.
45931,.,-15.410241,34.51808,.
45932,.,-15.410241,34.51808,.
45933,.,-15.410241,34.51808,.
45934,.,-15.410241,34.51808,.
45935,.,-15.410241,34.51808,.
45936,.,-15.465189,34.607883,.
45937,.,-15.465189,34.607883,.
45938,.,-15.465189,34.607883,.
45939,.,-15.465189,34.607883,.
45940,.,-15.494491,34.674153,.
45941,.,-15.494491,34.674153,.
45942,.,-15.568044,34.692717,.
45943,.,-15.663807,34.621782,.
45944,.,-15.663807,34.621782,.
45945,.,-15.663807,34.621782,.
45946,.,-15.663807,34.621782,.
45947,.,-15.663807,34.621782,.
45948,.,-15.663807,34.621782,.
45949,.,-15.35411,34.803532,.
45950,.,-15.35411,34.803532,.
45951,.,-15.35411,34.803532,.
45952,.,-15.347351,34.925195,.
45953,.,-15.347351,34.925195,.
45954,.,-15.347351,34.925195,.
45955,.,-15.347351,34.925195,.
45956,.,-15.347351,34.925195,.
45957,.,-15.347351,34.925195,.
45958,.,-15.333546,34.911879,.
45959,.,-15.333546,34.911879,.
45960,.,-15.349341,34.850334,.
45961,.,-15.349341,34.850334,.
45962,.,-15.349341,34.850334,.
45963,.,-15.349341,34.850334,.
45964,.,-15.349341,34.850334,.
45965,.,-15.349341,34.850334,.
45966,.,-15.349341,34.850334,.
45967,.,-15.349341,34.850334,.
45968,.,-15.349341,34.850334,.
45969,.,-15.349341,34.850334,.
45970,.,-15.349341,34.850334,.
45971,.,-15.349341,34.850334,.
45972,.,-15.349341,34.850334,.
45973,.,-15.349341,34.850334,.
45974,.,-15.397766,34.772403,.
45975,.,-15.397766,34.772403,.
45976,.,-15.397766,34.772403,.
45977,.,-15.397766,34.772403,.
45978,.,-15.427582,34.825967,.
45979,.,-15.427582,34.825967,.
45980,.,-15.400676,34.777934,.
45981,.,-15.400676,34.777934,.
45982,.,-15.400676,34.777934,.
45983,.,-15.400676,34.777934,.
45984,.,-15.400676,34.777934,.
45985,.,-15.481217,34.800231,.
45986,.,-15.481217,34.800231,.
45987,.,-15.481217,34.800231,.
45988,.,-15.481217,34.800231,.
45989,.,-15.481217,34.800231,.
45990,.,-15.481217,34.800231,.
45991,.,-15.481217,34.800231,.
45992,.,-15.543872,34.726405,.
45993,.,-15.282556,34.70229,.
45994,.,-15.282556,34.70229,.
45995,.,-15.282556,34.70229,.
45996,.,-15.332283,34.714505,.
45997,.,-15.332283,34.714505,.
45998,.,-15.332283,34.714505,.
45999,.,-15.364113,34.670693,.
46000,.,-15.364113,34.670693,.
46001,.,-15.364113,34.670693,.
46002,.,-15.364113,34.670693,.
46003,.,-15.364113,34.670693,.
46004,.,-15.364113,34.670693,.
46005,.,-15.364113,34.670693,.
46006,.,-15.364113,34.670693,.
46007,.,-15.364113,34.670693,.
46008,.,-15.364113,34.670693,.
46009,.,-15.364113,34.670693,.
46010,.,-15.364113,34.670693,.
46011,.,-15.364113,34.670693,.
46012,.,-15.364113,34.670693,.
46013,.,-15.395239,34.714624,.
46014,.,-15.395239,34.714624,.
46015,.,-15.403134,35.314459,.
46016,.,-15.403134,35.314459,.
46017,.,-15.403134,35.314459,.
46018,.,-15.403134,35.314459,.
46019,.,-15.403134,35.314459,.
46020,.,-15.403134,35.314459,.
46021,.,-15.403134,35.314459,.
46022,.,-15.413797,35.301432,.
46023,.,-15.37754,35.306335,.
46024,.,-15.37754,35.306335,.
46025,.,-15.37754,35.306335,.
46026,.,-15.37754,35.306335,.
46027,.,-15.37754,35.306335,.
46028,.,-15.37754,35.306335,.
46029,.,-15.37754,35.306335,.
46030,.,-15.37754,35.306335,.
46031,.,-15.37754,35.306335,.
46032,.,-15.37754,35.306335,.
46033,.,-15.37754,35.306335,.
46034,.,-15.37754,35.306335,.
46035,.,-15.37754,35.306335,.
46036,.,-15.385096,35.299773,.
46037,.,-15.385096,35.299773,.
46038,.,-15.385096,35.299773,.
46039,.,-15.385096,35.299773,.
46040,.,-15.363697,35.333184,.
46041,.,-15.363697,35.333184,.
46042,.,-15.363697,35.333184,.
46043,.,-15.363697,35.333184,.
46044,.,-15.388311,35.349786,.
46045,.,-15.388311,35.349786,.
46046,.,-15.388462,35.344203,.
46047,.,-15.388462,35.344203,.
46048,.,-15.399591,35.352221,.
46049,.,-15.385744,35.347682,.
46050,.,-15.385744,35.347682,.
46051,.,-15.385744,35.347682,.
46052,.,-15.385744,35.347682,.
46053,.,-15.385744,35.347682,.
46054,.,-15.389475,35.35048,.
46055,.,-15.389475,35.35048,.
46056,.,-15.389475,35.35048,.
46057,.,-15.40761,35.335927,.
46058,.,-15.429797,35.306298,.
46059,.,-15.429797,35.306298,.
46060,.,-15.429797,35.306298,.
46061,.,-15.429797,35.306298,.
46062,.,-15.429797,35.306298,.
46063,.,-15.429797,35.306298,.
46064,.,-15.429797,35.306298,.
46065,.,-15.399216,35.333275,.
46066,.,-15.399216,35.333275,.
46067,.,-15.399216,35.333275,.
46068,.,-15.39032,35.315213,.
46069,.,-15.39032,35.315213,.
46070,.,-15.407636,35.318259,.
46071,.,-15.409414,35.319507,.
46072,.,-15.411713,35.321174,.
46073,.,-15.411713,35.321174,.
46074,.,-15.411171,35.327691,.
46075,.,-15.411171,35.327691,.
46076,.,-15.411171,35.327691,.
46077,.,-15.411171,35.327691,.
46078,.,-15.401425,35.336762,.
46079,.,-15.401425,35.336762,.
46080,.,-15.703406,35.005569,.
46081,.,-15.748746,35.021205,.
46082,.,-15.748746,35.021205,.
46083,.,-15.748746,35.021205,.
46084,.,-15.718961,35.070469,.
46085,.,-15.718961,35.070469,.
46086,.,-15.718961,35.070469,.
46087,.,-15.718961,35.070469,.
46088,.,-15.749596,35.018954,.
46089,.,-15.762883,34.974998,.
46090,.,-15.804976,34.994405,.
46091,.,-15.804976,34.994405,.
46092,.,-15.798508,35.05054,.
46093,.,-15.853133,35.080689,.
46094,.,-15.853133,35.080689,.
46095,.,-15.853133,35.080689,.
46096,.,-15.853133,35.080689,.
46097,.,-15.826831,34.982374,.
46098,.,-15.852817,35.043412,.
56792,.,-17.816666666666666,31.566666666666663,.
56794,.,-17.816666666666666,31.566666666666663,.
56812,.,-0.5166666666666667,37.266666666666666,.
56813,.,-0.5166666666666667,37.266666666666666,.
56815,.,-0.5166666666666667,37.266666666666666,.
56816,.,-0.5166666666666667,37.266666666666666,.
56818,.,-0.5166666666666667,37.266666666666666,.
56819,.,-0.5166666666666667,37.266666666666666,.
56821,.,-0.5166666666666667,37.266666666666666,.
56822,.,-0.5166666666666667,37.266666666666666,.
56824,.,-0.5166666666666667,37.266666666666666,.
56825,.,-0.5166666666666667,37.266666666666666,.
56827,.,-0.5166666666666667,37.266666666666666,.
56828,.,-0.5166666666666667,37.266666666666666,.
56830,.,-0.5166666666666667,37.266666666666666,.
56831,.,-0.5166666666666667,37.266666666666666,.
56833,.,-0.5166666666666667,37.266666666666666,.
56834,.,-0.5166666666666667,37.266666666666666,.
56836,.,-0.5166666666666667,37.266666666666666,.
56837,.,-0.5166666666666667,37.266666666666666,.
56871,.,-17.6,31.133333333333333,.
56874,.,-17.6,31.133333333333333,.
56877,.,-17.6,31.133333333333333,.
57096,.,-2.35,30.25,.
57097,.,-2.35,30.25,.
57100,.,-13.966666666666669,33.65,.
57102,.,-13.966666666666669,33.65,.
57104,.,-13.966666666666669,33.65,.
57520,.,-17.816666666666666,31.566666666666663,.
57522,.,-17.816666666666666,31.566666666666663,.
57540,.,-0.5166666666666667,37.266666666666666,.
57541,.,-0.5166666666666667,37.266666666666666,.
57543,.,-0.5166666666666667,37.266666666666666,.
57544,.,-0.5166666666666667,37.266666666666666,.
57546,.,-0.5166666666666667,37.266666666666666,.
57547,.,-0.5166666666666667,37.266666666666666,.
57549,.,-0.5166666666666667,37.266666666666666,.
57550,.,-0.5166666666666667,37.266666666666666,.
57552,.,-0.5166666666666667,37.266666666666666,.
57553,.,-0.5166666666666667,37.266666666666666,.
57555,.,-0.5166666666666667,37.266666666666666,.
57556,.,-0.5166666666666667,37.266666666666666,.
57558,.,-0.5166666666666667,37.266666666666666,.
57559,.,-0.5166666666666667,37.266666666666666,.
57561,.,-0.5166666666666667,37.266666666666666,.
57562,.,-0.5166666666666667,37.266666666666666,.
57564,.,-0.5166666666666667,37.266666666666666,.
57565,.,-0.5166666666666667,37.266666666666666,.
57598,.,-17.6,31.133333333333333,.
57601,.,-17.6,31.133333333333333,.
57604,.,-17.6,31.133333333333333,.
57822,.,-2.35,30.25,.
57823,.,-2.35,30.25,.
57826,.,-13.966666666666669,33.65,.
57828,.,-13.966666666666669,33.65,.
57830,.,-13.966666666666669,33.65,.
57849,.,-1.9102055,30.5046693,.
57850,.,-1.9102055,30.5046693,.
57851,.,-1.9102055,30.5046693,.
57852,.,-1.9102055,30.5046693,.
57853,.,-1.9102055,30.5046693,.
57854,.,-1.9102055,30.5046693,.
57855,.,-1.9102055,30.5046693,.
57856,.,-1.9102055,30.5046693,.
57857,.,-1.9102055,30.5046693,.
57858,.,-1.9102055,30.5046693,.
57859,.,-1.9102055,30.5046693,.
57860,.,-1.9102055,30.5046693,.
57861,.,-1.9102055,30.5046693,.
57862,.,-1.9102055,30.5046693,.
57863,.,-1.9102055,30.5046693,.
57864,.,-1.9102055,30.5046693,.
57865,.,-1.9102055,30.5046693,.
57866,.,-1.9102055,30.5046693,.
57867,.,-1.9102055,30.5046693,.
57868,.,-1.9102055,30.5046693,.
57869,.,-1.9102055,30.5046693,.
57870,.,-1.9102055,30.5046693,.
57871,.,-1.9102055,30.5046693,.
57872,.,-1.9102055,30.5046693,.
57873,.,-1.9102055,30.5046693,.
57874,.,-1.9102055,30.5046693,.
57875,.,-1.9102055,30.5046693,.
57876,.,-1.9102055,30.5046693,.
57877,.,-1.9102055,30.5046693,.
57878,.,-1.9102055,30.5046693,.
57879,.,-1.9102055,30.5046693,.
57880,.,-1.9102055,30.5046693,.
57881,.,-1.9102055,30.5046693,.
57882,.,-1.9102055,30.5046693,.
57883,.,-1.9102055,30.5046693,.
57884,.,-1.9102055,30.5046693,.
57885,.,-1.9102055,30.5046693,.
57886,.,-1.9102055,30.5046693,.
57887,.,-1.9102055,30.5046693,.
57888,.,-1.9102055,30.5046693,.
57889,.,-1.9102055,30.5046693,.
57890,.,-1.9102055,30.5046693,.
57891,.,-2.0597033,29.407312,.
57892,.,-2.0597033,29.407312,.
57893,.,-2.0597033,29.407312,.
57894,.,-2.0597033,29.407312,.
57895,.,-2.0597033,29.407312,.
57896,.,-2.0597033,29.407312,.
57897,.,-2.0597033,29.407312,.
57898,.,-2.0597033,29.407312,.
57899,.,-2.0597033,29.407312,.
57900,.,-2.0597033,29.407312,.
57901,.,-2.0597033,29.407312,.
57902,.,-2.0597033,29.407312,.
57903,.,-2.0597033,29.407312,.
57904,.,-2.0597033,29.407312,.
57905,.,-2.0597033,29.407312,.
57906,.,-2.0597033,29.407312,.
57907,.,-2.0597033,29.407312,.
57908,.,-2.0597033,29.407312,.
57909,.,-2.0597033,29.407312,.
57910,.,-2.0597033,29.407312,.
57911,.,-2.0597033,29.407312,.
57912,.,-2.0597033,29.407312,.
57913,.,-2.0597033,29.407312,.
57914,.,-2.0597033,29.407312,.
57915,.,-2.0597033,29.407312,.
57916,.,-2.0597033,29.407312,.
57917,.,-2.0597033,29.407312,.
57918,.,-2.0597033,29.407312,.
57919,.,-2.0597033,29.407312,.
57920,.,-2.0597033,29.407312,.
57921,.,-2.0597033,29.407312,.
57922,.,-2.0597033,29.407312,.
57923,.,-2.0597033,29.407312,.
57924,.,-2.0597033,29.407312,.
57925,.,-2.0597033,29.407312,.
57926,.,-2.0597033,29.407312,.
57927,.,-2.0597033,29.407312,.
57928,.,-2.0597033,29.407312,.
57929,.,-2.0597033,29.407312,.
57930,.,-2.0597033,29.407312,.
57931,.,-2.0597033,29.407312,.
57932,.,-2.0597033,29.407312,.
57933,.,-2.0597033,29.407312,.
57934,.,-1.9102055,30.5046693,.
57935,.,-1.9102055,30.5046693,.
57936,.,-1.9102055,30.5046693,.
57937,.,-1.9102055,30.5046693,.
57938,.,-1.9102055,30.5046693,.
57939,.,-1.9102055,30.5046693,.
57940,.,-1.9102055,30.5046693,.
57941,.,-1.9102055,30.5046693,.
57942,.,-1.9102055,30.5046693,.
57943,.,-1.9102055,30.5046693,.
57944,.,-1.9102055,30.5046693,.
57945,.,-1.9102055,30.5046693,.
57946,.,-1.9102055,30.5046693,.
57947,.,-2.0597033,29.407312,.
57948,.,-2.0597033,29.407312,.
57949,.,-2.0597033,29.407312,.
57950,.,-2.0597033,29.407312,.
57951,.,-2.0597033,29.407312,.
57952,.,-2.0597033,29.407312,.
57953,.,-2.0597033,29.407312,.
57954,.,-2.0597033,29.407312,.
57955,.,-2.0597033,29.407312,.
57956,.,-2.0597033,29.407312,.
57957,.,-2.0597033,29.407312,.
57958,.,-2.0597033,29.407312,.
60942,.,-2.67237,29.03819,.
60943,.,-2.67237,29.03819,.
60944,.,-2.67237,29.03819,.
60945,.,-2.67237,29.03819,.
60946,.,-2.67237,29.03819,.
60947,.,-2.67237,29.03819,.
60948,.,-2.67237,29.03819,.
60949,.,-2.67237,29.03819,.
60950,.,-2.67237,29.03819,.
60951,.,-2.67237,29.03819,.
60952,.,-2.67237,29.03819,.
60953,.,-2.67237,29.03819,.
60954,.,-2.67237,29.03819,.
60955,.,-2.67237,29.03819,.
60956,.,-2.67237,29.03819,.
60957,.,-2.67237,29.03819,.
60958,.,-2.67237,29.03819,.
60959,.,-2.67237,29.03819,.
60960,.,-2.67237,29.03819,.
60961,.,-2.67237,29.03819,.
60962,.,-2.67237,29.03819,.
60963,.,-2.67237,29.03819,.
60964,.,-2.67237,29.03819,.
60965,.,-2.67237,29.03819,.
60966,.,-2.67237,29.03819,.
60967,.,-2.67237,29.03819,.
60968,.,-2.67237,29.03819,.
60969,.,-2.67237,29.03819,.
60970,.,-2.67237,29.03819,.
60971,.,-2.67237,29.03819,.
60972,.,-2.67237,29.03819,.
60973,.,-2.67237,29.03819,.
60974,.,-2.67237,29.03819,.
60975,.,-2.67237,29.03819,.
60976,.,-2.67237,29.03819,.
60977,.,-2.67237,29.03819,.
60978,.,-2.67237,29.03819,.
60979,.,-2.67237,29.03819,.
60980,.,-2.67237,29.03819,.
60981,.,-2.67237,29.03819,.
60982,.,-2.67237,29.03819,.
60983,.,-2.67237,29.03819,.
60984,.,-2.67237,29.03819,.
60985,.,-2.67237,29.03819,.
60986,.,-2.67237,29.03819,.
60987,.,-2.67237,29.03819,.
60988,.,-2.67237,29.03819,.
60989,.,-2.67237,29.03819,.
60990,.,-2.67237,29.03819,.
60991,.,-2.67237,29.03819,.
60992,.,-2.67237,29.03819,.
60993,.,-2.67237,29.03819,.
60994,.,-2.67237,29.03819,.
60995,.,-2.67237,29.03819,.
60996,.,-2.67237,29.03819,.
60997,.,-2.67237,29.03819,.
60998,.,-2.67237,29.03819,.
60999,.,-2.67237,29.03819,.
61000,.,-2.67237,29.03819,.
61001,.,-2.67237,29.03819,.
61002,.,-2.67237,29.03819,.
61003,.,-2.67237,29.03819,.
61004,.,-2.67237,29.03819,.
61005,.,-2.67237,29.03819,.
61006,.,-2.67237,29.03819,.
61007,.,-2.67237,29.03819,.
61008,.,-2.67237,29.03819,.
61009,.,-2.67237,29.03819,.
61010,.,-2.67237,29.03819,.
61011,.,-2.67237,29.03819,.
61012,.,-2.67237,29.03819,.
61013,.,-2.67237,29.03819,.
61014,.,-2.67237,29.03819,.
61015,.,-2.67237,29.03819,.
61016,.,-2.67237,29.03819,.
61017,.,-2.67237,29.03819,.
61018,.,-2.67237,29.03819,.
61019,.,-2.67237,29.03819,.
61020,.,-2.67237,29.03819,.
61021,.,-2.67237,29.03819,.
61022,.,-2.67237,29.03819,.
61023,.,-2.67237,29.03819,.
61024,.,-2.67237,29.03819,.
61025,.,-2.67237,29.03819,.
61026,.,-2.67237,29.03819,.
61027,.,-2.67237,29.03819,.
61028,.,-2.67237,29.03819,.
61029,.,-2.7214112,29.5830258,.
61030,.,-2.7214112,29.5830258,.
61031,.,-2.7214112,29.5830258,.
61032,.,-2.7214112,29.5830258,.
61033,.,-2.7214112,29.5830258,.
61034,.,-2.7214112,29.5830258,.
61035,.,-2.7214112,29.5830258,.
61036,.,-2.7214112,29.5830258,.
61037,.,-2.7214112,29.5830258,.
61038,.,-2.7214112,29.5830258,.
61039,.,-2.7214112,29.5830258,.
61040,.,-2.7214112,29.5830258,.
61041,.,-2.7214112,29.5830258,.
61042,.,-2.7214112,29.5830258,.
61043,.,-2.7214112,29.5830258,.
61044,.,-2.7214112,29.5830258,.
61045,.,-2.7214112,29.5830258,.
61046,.,-2.7214112,29.5830258,.
61047,.,-2.7214112,29.5830258,.
61048,.,-2.7214112,29.5830258,.
61049,.,-2.7214112,29.5830258,.
61050,.,-2.7214112,29.5830258,.
61051,.,-2.7214112,29.5830258,.
61052,.,-2.7214112,29.5830258,.
61053,.,-2.7214112,29.5830258,.
61054,.,-2.7214112,29.5830258,.
61055,.,-2.7214112,29.5830258,.
61056,.,-2.7214112,29.5830258,.
61057,.,-2.7214112,29.5830258,.
61058,.,-2.7214112,29.5830258,.
61059,.,-2.7214112,29.5830258,.
61060,.,-2.7214112,29.5830258,.
61061,.,-2.7214112,29.5830258,.
61062,.,-2.7214112,29.5830258,.
61063,.,-2.7214112,29.5830258,.
61064,.,-2.7214112,29.5830258,.
61065,.,-2.7214112,29.5830258,.
61066,.,-2.7214112,29.5830258,.
61067,.,-2.7214112,29.5830258,.
61068,.,-2.7214112,29.5830258,.
61069,.,-2.7214112,29.5830258,.
61070,.,-2.7214112,29.5830258,.
61071,.,-2.7214112,29.5830258,.
61072,.,-2.7214112,29.5830258,.
61073,.,-2.7214112,29.5830258,.
61074,.,-2.7214112,29.5830258,.
61075,.,-2.7214112,29.5830258,.
61076,.,-2.7214112,29.5830258,.
61077,.,-2.7214112,29.5830258,.
61078,.,-2.7214112,29.5830258,.
61079,.,-2.7214112,29.5830258,.
61080,.,-2.7214112,29.5830258,.
61081,.,-2.7214112,29.5830258,.
61082,.,-2.7214112,29.5830258,.
61083,.,-2.7214112,29.5830258,.
61084,.,-2.7214112,29.5830258,.
61085,.,-2.7214112,29.5830258,.
61086,.,-2.7214112,29.5830258,.
61087,.,-2.7214112,29.5830258,.
61088,.,-2.7214112,29.5830258,.
61089,.,-2.7214112,29.5830258,.
61090,.,-2.7214112,29.5830258,.
61091,.,-2.7214112,29.5830258,.
61092,.,-2.7214112,29.5830258,.
61093,.,-2.7214112,29.5830258,.
61094,.,-2.7214112,29.5830258,.
61095,.,-2.7214112,29.5830258,.
61096,.,-2.7214112,29.5830258,.
61097,.,-2.7214112,29.5830258,.
61098,.,-2.7214112,29.5830258,.
61099,.,-2.7214112,29.5830258,.
61100,.,-2.7214112,29.5830258,.
61101,.,-2.7214112,29.5830258,.
61102,.,-2.7214112,29.5830258,.
61103,.,-2.7214112,29.5830258,.
61104,.,-2.7214112,29.5830258,.
61105,.,-2.7214112,29.5830258,.
61106,.,-2.7214112,29.5830258,.
61107,.,-2.7214112,29.5830258,.
61108,.,-2.7214112,29.5830258,.
61109,.,-2.7214112,29.5830258,.
61110,.,-2.7214112,29.5830258,.
61111,.,-2.7214112,29.5830258,.
61112,.,-2.7214112,29.5830258,.
61113,.,-2.7214112,29.5830258,.
61114,.,-2.7214112,29.5830258,.
61115,.,-2.7214112,29.5830258,.
61116,.,-2.7214112,29.5830258,.
61117,.,-2.7214112,29.5830258,.
61118,.,-2.7214112,29.5830258,.
61119,.,-2.7214112,29.5830258,.
61120,.,-2.7214112,29.5830258,.
61121,.,-2.7214112,29.5830258,.
61122,.,-2.7214112,29.5830258,.
61123,.,-2.7214112,29.5830258,.
61124,.,-2.7214112,29.5830258,.
61125,.,-2.7214112,29.5830258,.
61126,.,-2.7214112,29.5830258,.
61127,.,-2.7214112,29.5830258,.
61128,.,-2.7214112,29.5830258,.
61129,.,-2.7214112,29.5830258,.
61130,.,-2.7214112,29.5830258,.
61131,.,-2.7214112,29.5830258,.
61132,.,-2.7214112,29.5830258,.
61133,.,-2.7214112,29.5830258,.
61134,.,-2.7214112,29.5830258,.
61135,.,-2.7214112,29.5830258,.
61136,.,-2.7214112,29.5830258,.
61137,.,-2.7214112,29.5830258,.
61138,.,-2.7214112,29.5830258,.
61139,.,-2.7214112,29.5830258,.
61140,.,-2.7214112,29.5830258,.
61141,.,-2.7214112,29.5830258,.
61142,.,-2.7214112,29.5830258,.
61143,.,-2.7214112,29.5830258,.
61144,.,-2.7214112,29.5830258,.
61145,.,-2.7214112,29.5830258,.
61146,.,-2.7214112,29.5830258,.
61147,.,-2.7214112,29.5830258,.
61148,.,-2.34433,29.24482,.
61149,.,-2.34433,29.24482,.
61150,.,-2.34433,29.24482,.
61151,.,-2.34433,29.24482,.
61152,.,-2.34433,29.24482,.
61153,.,-2.34433,29.24482,.
61154,.,-2.34433,29.24482,.
61155,.,-2.34433,29.24482,.
61156,.,-2.1098041,29.4590214,.
61157,.,-2.1098041,29.4590214,.
61158,.,-2.1098041,29.4590214,.
61159,.,-2.1098041,29.4590214,.
61160,.,-2.1098041,29.4590214,.
61161,.,-2.1098041,29.4590214,.
61162,.,-2.34433,29.24482,.
61163,.,-2.34433,29.24482,.
61164,.,-2.34433,29.24482,.
61165,.,-2.34433,29.24482,.
61166,.,-2.34433,29.24482,.
61167,.,-2.34433,29.24482,.
61168,.,-2.34433,29.24482,.
61169,.,-2.34433,29.24482,.
61170,.,-2.34433,29.24482,.
61171,.,-2.34433,29.24482,.
61172,.,-2.34433,29.24482,.
61173,.,-2.34433,29.24482,.
61174,.,-2.34433,29.24482,.
61175,.,-2.34433,29.24482,.
61176,.,-2.34433,29.24482,.
61177,.,-2.34433,29.24482,.
61178,.,-2.1098041,29.4590214,.
61179,.,-2.1098041,29.4590214,.
61180,.,-2.1098041,29.4590214,.
61181,.,-2.1098041,29.4590214,.
61182,.,-2.1098041,29.4590214,.
61183,.,-2.1098041,29.4590214,.
61184,.,-2.34433,29.24482,.
61185,.,-2.34433,29.24482,.
61186,.,-2.34433,29.24482,.
61187,.,-2.34433,29.24482,.
61188,.,-2.34433,29.24482,.
61189,.,-2.34433,29.24482,.
61190,.,-2.34433,29.24482,.
61191,.,-2.1098041,29.4590214,.
61192,.,-2.1098041,29.4590214,.
61193,.,-2.1098041,29.4590214,.
61194,.,-2.1098041,29.4590214,.
61195,.,-2.1098041,29.4590214,.
61196,.,-2.1098041,29.4590214,.
61197,.,-2.34433,29.24482,.
61198,.,-2.34433,29.24482,.
61199,.,-2.34433,29.24482,.
61200,.,-2.34433,29.24482,.
61201,.,-2.34433,29.24482,.
61202,.,-2.34433,29.24482,.
61203,.,-2.34433,29.24482,.
61204,.,-2.34433,29.24482,.
61205,.,-2.34433,29.24482,.
61206,.,-2.34433,29.24482,.
61207,.,-2.1098041,29.4590214,.
61208,.,-2.1098041,29.4590214,.
61209,.,-2.1098041,29.4590214,.
61210,.,-2.1098041,29.4590214,.
61211,.,-2.1098041,29.4590214,.
61212,.,-2.1098041,29.4590214,.
61213,.,-2.1098041,29.4590214,.
61214,.,-2.1098041,29.4590214,.
61215,.,-2.1098041,29.4590214,.
61216,.,-2.1098041,29.4590214,.
61217,.,-2.1098041,29.4590214,.
61218,.,-2.1098041,29.4590214,.
61219,.,-2.1098041,29.4590214,.
61220,.,-2.1098041,29.4590214,.
61221,.,-2.1098041,29.4590214,.
61222,.,-2.1098041,29.4590214,.
61223,.,-2.1098041,29.4590214,.
61224,.,-2.1098041,29.4590214,.
61225,.,-2.1098041,29.4590214,.
61226,.,-2.1098041,29.4590214,.
61227,.,-2.1098041,29.4590214,.
61228,.,-2.1098041,29.4590214,.
61229,.,-2.1098041,29.4590214,.
61230,.,-2.1098041,29.4590214,.
61231,.,-2.1098041,29.4590214,.
61232,.,-2.1098041,29.4590214,.
61233,.,-2.1098041,29.4590214,.
61234,.,-2.1098041,29.4590214,.
61235,.,-2.1098041,29.4590214,.
61236,.,-2.1098041,29.4590214,.
61237,.,-2.1098041,29.4590214,.
61238,.,-2.1098041,29.4590214,.
61239,.,-2.1098041,29.4590214,.
61240,.,-2.34433,29.24482,.
61241,.,-2.34433,29.24482,.
61242,.,-2.34433,29.24482,.
61243,.,-2.34433,29.24482,.
61244,.,-2.34433,29.24482,.
61245,.,-2.34433,29.24482,.
61246,.,-2.1098041,29.4590214,.
61247,.,-2.1098041,29.4590214,.
61248,.,-2.34433,29.24482,.
61249,.,-2.34433,29.24482,.
61250,.,-2.34433,29.24482,.
61251,.,-2.34433,29.24482,.
61252,.,-2.34433,29.24482,.
61253,.,-2.34433,29.24482,.
61254,.,-2.34433,29.24482,.
61255,.,-2.34433,29.24482,.
61256,.,-2.34433,29.24482,.
61257,.,-2.34433,29.24482,.
61258,.,-2.34433,29.24482,.
61259,.,-2.34433,29.24482,.
61260,.,-2.1098041,29.4590214,.
61261,.,-2.1098041,29.4590214,.
61262,.,-2.1098041,29.4590214,.
61263,.,-2.1098041,29.4590214,.
61264,.,-2.1098041,29.4590214,.
61265,.,-2.1098041,29.4590214,.
61266,.,-2.34433,29.24482,.
61267,.,-2.34433,29.24482,.
61268,.,-2.34433,29.24482,.
61269,.,-2.34433,29.24482,.
61270,.,-2.34433,29.24482,.
61271,.,-2.34433,29.24482,.
61272,.,-2.34433,29.24482,.
61273,.,-2.34433,29.24482,.
61274,.,-2.34433,29.24482,.
61275,.,-2.34433,29.24482,.
61276,.,-2.34433,29.24482,.
61277,.,-2.34433,29.24482,.
61278,.,-2.1098041,29.4590214,.
61279,.,-2.1098041,29.4590214,.
61280,.,-2.1098041,29.4590214,.
61281,.,-2.1098041,29.4590214,.
61282,.,-2.1098041,29.4590214,.
61283,.,-2.1098041,29.4590214,.
61284,.,-2.34433,29.24482,.
61285,.,-2.34433,29.24482,.
61286,.,-2.34433,29.24482,.
61287,.,-2.34433,29.24482,.
61288,.,-2.34433,29.24482,.
61289,.,-2.34433,29.24482,.
61290,.,-2.34433,29.24482,.
61291,.,-2.34433,29.24482,.
61292,.,-2.34433,29.24482,.
61293,.,-2.34433,29.24482,.
61294,.,-2.34433,29.24482,.
61295,.,-2.43978,28.94015,.
61296,.,-2.43978,28.94015,.
61297,.,-2.43978,28.94015,.
61298,.,-2.43978,28.94015,.
61299,.,-2.43978,28.94015,.
61300,.,-2.43978,28.94015,.
61301,.,-2.43978,28.94015,.
61302,.,-2.43978,28.94015,.
61303,.,-2.43978,28.94015,.
61304,.,-2.43978,28.94015,.
61305,.,-2.43978,28.94015,.
61306,.,-2.43978,28.94015,.
61307,.,-2.43978,28.94015,.
61308,.,-2.43978,28.94015,.
61309,.,-2.43978,28.94015,.
61310,.,-2.43978,28.94015,.
61311,.,-2.43978,28.94015,.
61312,.,-2.43978,28.94015,.
61313,.,-2.43978,28.94015,.
61314,.,-2.43978,28.94015,.
61315,.,-2.43978,28.94015,.
61316,.,-2.43978,28.94015,.
61317,.,-2.43978,28.94015,.
61318,.,-2.43978,28.94015,.
61319,.,-2.43978,28.94015,.
61320,.,-2.43978,28.94015,.
61321,.,-2.43978,28.94015,.
61322,.,-2.43978,28.94015,.
61323,.,-2.43978,28.94015,.
61324,.,-2.43978,28.94015,.
61325,.,-2.43978,28.94015,.
61326,.,-2.43978,28.94015,.
61327,.,-2.43978,28.94015,.
61328,.,-2.43978,28.94015,.
61329,.,-2.43978,28.94015,.
61330,.,-2.43978,28.94015,.
61331,.,-2.43978,28.94015,.
61332,.,-2.43978,28.94015,.
61333,.,-2.43978,28.94015,.
61334,.,-2.43978,28.94015,.
61335,.,-2.43978,28.94015,.
61336,.,-2.43978,28.94015,.
61337,.,-2.43978,28.94015,.
61338,.,-2.43978,28.94015,.
61339,.,-2.43978,28.94015,.
61340,.,-2.43978,28.94015,.
61341,.,-2.43978,28.94015,.
61342,.,-2.43978,28.94015,.
61343,.,-2.43978,28.94015,.
61344,.,-2.43978,28.94015,.
61345,.,-2.43978,28.94015,.
61346,.,-2.43978,28.94015,.
61347,.,-2.43978,28.94015,.
61348,.,-2.43978,28.94015,.
61349,.,-2.43978,28.94015,.
61350,.,-2.43978,28.94015,.
61351,.,-2.43978,28.94015,.
61352,.,-2.43978,28.94015,.
61353,.,-2.43978,28.94015,.
61354,.,-2.43978,28.94015,.
61355,.,-2.43978,28.94015,.
61356,.,-2.43978,28.94015,.
61357,.,-2.43978,28.94015,.
61358,.,-2.43978,28.94015,.
61359,.,-2.43978,28.94015,.
61360,.,-2.43978,28.94015,.
61361,.,-2.43978,28.94015,.
61362,.,-2.43978,28.94015,.
61363,.,-2.43978,28.94015,.
61364,.,-2.43978,28.94015,.
61365,.,-2.43978,28.94015,.
61366,.,-2.43978,28.94015,.
61367,.,-2.43978,28.94015,.
61368,.,-2.43978,28.94015,.
61369,.,-2.43978,28.94015,.
61370,.,-2.43978,28.94015,.
61371,.,-2.43978,28.94015,.
61372,.,-2.43978,28.94015,.
61373,.,-1.7048161,30.3311475,.
61374,.,-1.7048161,30.3311475,.
61375,.,-1.7048161,30.3311475,.
61376,.,-1.7048161,30.3311475,.
61377,.,-1.7048161,30.3311475,.
61378,.,-1.7048161,30.3311475,.
61379,.,-1.7048161,30.3311475,.
61380,.,-1.7048161,30.3311475,.
61381,.,-1.7048161,30.3311475,.
61382,.,-1.7048161,30.3311475,.
61383,.,-1.7048161,30.3311475,.
61384,.,-1.7048161,30.3311475,.
61385,.,-1.7048161,30.3311475,.
61386,.,-1.7048161,30.3311475,.
61387,.,-1.7048161,30.3311475,.
61388,.,-1.7048161,30.3311475,.
61389,.,-1.7048161,30.3311475,.
61390,.,-1.7048161,30.3311475,.
61391,.,-1.7048161,30.3311475,.
61392,.,-1.7048161,30.3311475,.
61393,.,-1.7048161,30.3311475,.
61394,.,-1.7048161,30.3311475,.
61395,.,-1.7048161,30.3311475,.
61396,.,-1.7048161,30.3311475,.
61397,.,-1.7048161,30.3311475,.
61398,.,-1.7048161,30.3311475,.
61399,.,-1.7048161,30.3311475,.
61400,.,-1.7048161,30.3311475,.
61401,.,-1.7048161,30.3311475,.
61402,.,-1.7048161,30.3311475,.
61403,.,-1.7048161,30.3311475,.
61404,.,-1.7048161,30.3311475,.
61405,.,-1.7048161,30.3311475,.
61406,.,-1.7048161,30.3311475,.
61407,.,-1.7048161,30.3311475,.
61408,.,-1.7048161,30.3311475,.
61409,.,-1.7048161,30.3311475,.
61410,.,-1.7048161,30.3311475,.
61411,.,-1.7048161,30.3311475,.
61412,.,-1.7048161,30.3311475,.
61413,.,-1.7048161,30.3311475,.
61414,.,-1.7048161,30.3311475,.
61415,.,-1.7048161,30.3311475,.
61416,.,-1.7048161,30.3311475,.
61417,.,-1.7048161,30.3311475,.
61418,.,-1.7048161,30.3311475,.
61419,.,-1.7048161,30.3311475,.
61420,.,-1.7048161,30.3311475,.
61421,.,-1.7048161,30.3311475,.
61422,.,-1.7048161,30.3311475,.
61423,.,-1.7048161,30.3311475,.
61424,.,-1.7048161,30.3311475,.
61425,.,-1.7048161,30.3311475,.
61426,.,-1.7048161,30.3311475,.
61427,.,-1.7048161,30.3311475,.
61428,.,-1.7048161,30.3311475,.
61429,.,-1.7048161,30.3311475,.
61430,.,-1.7048161,30.3311475,.
61431,.,-1.7048161,30.3311475,.
61432,.,-1.7048161,30.3311475,.
61433,.,-1.7048161,30.3311475,.
61434,.,-1.7048161,30.3311475,.
61435,.,-1.7048161,30.3311475,.
61436,.,-1.7048161,30.3311475,.
61437,.,-1.7048161,30.3311475,.
61438,.,-1.7048161,30.3311475,.
61439,.,-1.7048161,30.3311475,.
61440,.,-1.7048161,30.3311475,.
61441,.,-1.7048161,30.3311475,.
61442,.,-1.7048161,30.3311475,.
61443,.,-1.7048161,30.3311475,.
61444,.,-1.7048161,30.3311475,.
61445,.,-1.7048161,30.3311475,.
61446,.,-1.7048161,30.3311475,.
61447,.,-1.7048161,30.3311475,.
61448,.,-1.7048161,30.3311475,.
61449,.,-1.7048161,30.3311475,.
61450,.,-1.7048161,30.3311475,.
61451,.,-1.7048161,30.3311475,.
61452,.,-1.7048161,30.3311475,.
61453,.,-1.7048161,30.3311475,.
61454,.,-1.7048161,30.3311475,.
61455,.,-1.7048161,30.3311475,.
61456,.,-1.7048161,30.3311475,.
61457,.,-1.7048161,30.3311475,.
61458,.,-1.6105729,30.3794052,.
61459,.,-1.6105729,30.3794052,.
61460,.,-1.6105729,30.3794052,.
61461,.,-1.6105729,30.3794052,.
61462,.,-1.6105729,30.3794052,.
61463,.,-1.6105729,30.3794052,.
61464,.,-1.6105729,30.3794052,.
61465,.,-1.6105729,30.3794052,.
61466,.,-1.6105729,30.3794052,.
61467,.,-1.6105729,30.3794052,.
61468,.,-1.6105729,30.3794052,.
61469,.,-1.6105729,30.3794052,.
61470,.,-1.6105729,30.3794052,.
61471,.,-1.6105729,30.3794052,.
61472,.,-1.6105729,30.3794052,.
61473,.,-1.6105729,30.3794052,.
61474,.,-1.6105729,30.3794052,.
61475,.,-1.6105729,30.3794052,.
61476,.,-1.6105729,30.3794052,.
61477,.,-1.6105729,30.3794052,.
61478,.,-1.6105729,30.3794052,.
61479,.,-1.6105729,30.3794052,.
61480,.,-1.6105729,30.3794052,.
61481,.,-1.6105729,30.3794052,.
61482,.,-1.6105729,30.3794052,.
61483,.,-1.6105729,30.3794052,.
61484,.,-1.6105729,30.3794052,.
61485,.,-1.6105729,30.3794052,.
61486,.,-1.6105729,30.3794052,.
61487,.,-1.6105729,30.3794052,.
61488,.,-1.6105729,30.3794052,.
61489,.,-1.6105729,30.3794052,.
61490,.,-1.6105729,30.3794052,.
61491,.,-1.6105729,30.3794052,.
61492,.,-1.6105729,30.3794052,.
61493,.,-1.6105729,30.3794052,.
61494,.,-1.6105729,30.3794052,.
61495,.,-1.6105729,30.3794052,.
61496,.,-1.6105729,30.3794052,.
61497,.,-1.6105729,30.3794052,.
61498,.,-1.6105729,30.3794052,.
61499,.,-1.6105729,30.3794052,.
61500,.,-1.6105729,30.3794052,.
61501,.,-1.6105729,30.3794052,.
61502,.,-1.6105729,30.3794052,.
61503,.,-1.6105729,30.3794052,.
61504,.,-1.6105729,30.3794052,.
61505,.,-1.6105729,30.3794052,.
61506,.,-1.6105729,30.3794052,.
61507,.,-1.6105729,30.3794052,.
61508,.,-1.6105729,30.3794052,.
61509,.,-1.6105729,30.3794052,.
61510,.,-1.6105729,30.3794052,.
61511,.,-1.6105729,30.3794052,.
61512,.,-1.6105729,30.3794052,.
61513,.,-1.6105729,30.3794052,.
61514,.,-1.6105729,30.3794052,.
61515,.,-1.6105729,30.3794052,.
61516,.,-1.6105729,30.3794052,.
61517,.,-1.6105729,30.3794052,.
61518,.,-1.6105729,30.3794052,.
61519,.,-1.6105729,30.3794052,.
61520,.,-1.6105729,30.3794052,.
61521,.,-1.6105729,30.3794052,.
61522,.,-1.6105729,30.3794052,.
61523,.,-1.6105729,30.3794052,.
61524,.,-1.6105729,30.3794052,.
61525,.,-1.6105729,30.3794052,.
61526,.,-1.6105729,30.3794052,.
61527,.,-1.6105729,30.3794052,.
61528,.,-1.6105729,30.3794052,.
61529,.,-1.6105729,30.3794052,.
61530,.,-1.6105729,30.3794052,.
61531,.,-1.6105729,30.3794052,.
61532,.,-1.6105729,30.3794052,.
61533,.,-1.6105729,30.3794052,.
61534,.,-1.6105729,30.3794052,.
61535,.,-1.6105729,30.3794052,.
61536,.,-1.6105729,30.3794052,.
61537,.,-1.6105729,30.3794052,.
61538,.,-1.6105729,30.3794052,.
61539,.,-1.6105729,30.3794052,.
61540,.,-1.6105729,30.3794052,.
61541,.,-1.6105729,30.3794052,.
61542,.,-1.6105729,30.3794052,.
61543,.,-1.6105729,30.3794052,.
61544,.,-1.6105729,30.3794052,.
61545,.,-1.6105729,30.3794052,.
61546,.,-1.6105729,30.3794052,.
61547,.,-1.6105729,30.3794052,.
61548,.,-1.6105729,30.3794052,.
61549,.,-1.6105729,30.3794052,.
61550,.,-1.6105729,30.3794052,.
61551,.,-1.6105729,30.3794052,.
61552,.,-1.6105729,30.3794052,.
61553,.,-1.870786,29.3174098,.
61554,.,-1.870786,29.3174098,.
61555,.,-1.870786,29.3174098,.
61556,.,-1.870786,29.3174098,.
61557,.,-1.870786,29.3174098,.
61558,.,-1.870786,29.3174098,.
61559,.,-1.870786,29.3174098,.
61560,.,-1.870786,29.3174098,.
61561,.,-1.870786,29.3174098,.
61562,.,-1.870786,29.3174098,.
61563,.,-1.870786,29.3174098,.
61564,.,-1.870786,29.3174098,.
61565,.,-1.870786,29.3174098,.
61566,.,-1.870786,29.3174098,.
61567,.,-1.870786,29.3174098,.
61568,.,-1.870786,29.3174098,.
61569,.,-1.870786,29.3174098,.
61570,.,-2.35259,29.1608,.
61571,.,-2.35259,29.1608,.
61572,.,-2.35259,29.1608,.
61573,.,-2.35259,29.1608,.
61574,.,-2.35259,29.1608,.
61575,.,-2.35259,29.1608,.
61576,.,-2.35259,29.1608,.
61577,.,-2.35259,29.1608,.
61578,.,-2.35259,29.1608,.
61579,.,-2.35259,29.1608,.
61580,.,-1.870786,29.3174098,.
61581,.,-1.870786,29.3174098,.
61582,.,-1.870786,29.3174098,.
61583,.,-1.870786,29.3174098,.
61584,.,-1.870786,29.3174098,.
61585,.,-1.870786,29.3174098,.
61586,.,-1.870786,29.3174098,.
61587,.,-2.35259,29.1608,.
61588,.,-2.35259,29.1608,.
61589,.,-2.35259,29.1608,.
61590,.,-2.35259,29.1608,.
61591,.,-2.35259,29.1608,.
61592,.,-2.35259,29.1608,.
61593,.,-2.35259,29.1608,.
61594,.,-1.870786,29.3174098,.
61595,.,-1.870786,29.3174098,.
61596,.,-1.870786,29.3174098,.
61597,.,-1.870786,29.3174098,.
61598,.,-1.870786,29.3174098,.
61599,.,-1.870786,29.3174098,.
61600,.,-2.35259,29.1608,.
61601,.,-2.35259,29.1608,.
61602,.,-2.35259,29.1608,.
61603,.,-2.35259,29.1608,.
61604,.,-1.870786,29.3174098,.
61605,.,-1.870786,29.3174098,.
61606,.,-1.870786,29.3174098,.
61607,.,-1.870786,29.3174098,.
61608,.,-1.870786,29.3174098,.
61609,.,-1.870786,29.3174098,.
61610,.,-1.870786,29.3174098,.
61611,.,-1.870786,29.3174098,.
61612,.,-1.870786,29.3174098,.
61613,.,-1.870786,29.3174098,.
61614,.,-1.870786,29.3174098,.
61615,.,-1.870786,29.3174098,.
61616,.,-2.35259,29.1608,.
61617,.,-2.35259,29.1608,.
61618,.,-2.35259,29.1608,.
61619,.,-1.870786,29.3174098,.
61620,.,-1.870786,29.3174098,.
61621,.,-1.870786,29.3174098,.
61622,.,-1.870786,29.3174098,.
61623,.,-1.870786,29.3174098,.
61624,.,-1.870786,29.3174098,.
61625,.,-1.870786,29.3174098,.
61626,.,-1.870786,29.3174098,.
61627,.,-1.870786,29.3174098,.
61628,.,-1.870786,29.3174098,.
61629,.,-1.870786,29.3174098,.
61630,.,-2.35259,29.1608,.
61631,.,-2.35259,29.1608,.
61632,.,-2.35259,29.1608,.
61633,.,-1.870786,29.3174098,.
61634,.,-1.870786,29.3174098,.
61635,.,-1.870786,29.3174098,.
61636,.,-1.870786,29.3174098,.
61637,.,-1.870786,29.3174098,.
61638,.,-1.870786,29.3174098,.
61639,.,-1.870786,29.3174098,.
61640,.,-1.870786,29.3174098,.
61641,.,-2.35259,29.1608,.
61642,.,-2.35259,29.1608,.
61643,.,-2.35259,29.1608,.
61644,.,-1.870786,29.3174098,.
61645,.,-1.870786,29.3174098,.
61646,.,-1.870786,29.3174098,.
61647,.,-1.870786,29.3174098,.
61648,.,-1.870786,29.3174098,.
61649,.,-1.870786,29.3174098,.
61650,.,-1.870786,29.3174098,.
61651,.,-1.870786,29.3174098,.
61652,.,-1.870786,29.3174098,.
61653,.,-1.870786,29.3174098,.
61654,.,-2.35259,29.1608,.
61655,.,-2.35259,29.1608,.
61656,.,-2.35259,29.1608,.
61657,.,-2.35259,29.1608,.
61658,.,-2.35259,29.1608,.
61659,.,-1.870786,29.3174098,.
61660,.,-1.870786,29.3174098,.
61661,.,-1.870786,29.3174098,.
61662,.,-1.870786,29.3174098,.
61663,.,-1.870786,29.3174098,.
61664,.,-1.870786,29.3174098,.
61665,.,-2.35259,29.1608,.
61666,.,-2.35259,29.1608,.
61667,.,-2.35259,29.1608,.
61668,.,-2.35259,29.1608,.
61669,.,-2.35259,29.1608,.
61670,.,-1.870786,29.3174098,.
61671,.,-1.870786,29.3174098,.
61672,.,-1.870786,29.3174098,.
61673,.,-1.870786,29.3174098,.
61674,.,-1.870786,29.3174098,.
61675,.,-1.870786,29.3174098,.
61676,.,-2.35259,29.1608,.
61677,.,-2.35259,29.1608,.
61678,.,-2.35259,29.1608,.
61679,.,-2.35259,29.1608,.
61680,.,-2.35259,29.1608,.
61681,.,-1.870786,29.3174098,.
61682,.,-1.870786,29.3174098,.
61683,.,-1.870786,29.3174098,.
61684,.,-1.870786,29.3174098,.
61685,.,-1.870786,29.3174098,.
61686,.,-1.870786,29.3174098,.
61687,.,-2.35259,29.1608,.
61688,.,-2.35259,29.1608,.
61689,.,-2.35259,29.1608,.
61690,.,-2.35259,29.1608,.
61691,.,-2.35259,29.1608,.
61692,.,-2.35259,29.1608,.
61693,.,-2.35259,29.1608,.
61694,.,-1.870786,29.3174098,.
61695,.,-1.870786,29.3174098,.
61696,.,-1.870786,29.3174098,.
61697,.,-1.870786,29.3174098,.
61698,.,-1.870786,29.3174098,.
61699,.,-1.870786,29.3174098,.
61700,.,-2.35259,29.1608,.
61701,.,-2.5311889,29.8813237,.
61702,.,-2.5311889,29.8813237,.
61703,.,-2.5311889,29.8813237,.
61704,.,-2.5311889,29.8813237,.
61705,.,-2.5311889,29.8813237,.
61706,.,-2.5311889,29.8813237,.
61707,.,-2.5311889,29.8813237,.
61708,.,-2.5311889,29.8813237,.
61709,.,-2.5311889,29.8813237,.
61710,.,-2.5311889,29.8813237,.
61711,.,-2.5311889,29.8813237,.
61712,.,-2.5311889,29.8813237,.
61713,.,-2.5311889,29.8813237,.
61714,.,-2.5311889,29.8813237,.
61715,.,-2.5311889,29.8813237,.
61716,.,-2.5311889,29.8813237,.
61717,.,-2.5311889,29.8813237,.
61718,.,-2.5311889,29.8813237,.
61719,.,-2.5311889,29.8813237,.
61720,.,-2.5311889,29.8813237,.
61721,.,-2.5311889,29.8813237,.
61722,.,-2.5311889,29.8813237,.
61723,.,-2.5311889,29.8813237,.
61724,.,-2.5311889,29.8813237,.
61725,.,-2.5311889,29.8813237,.
61726,.,-2.5311889,29.8813237,.
61727,.,-2.5311889,29.8813237,.
61728,.,-2.5311889,29.8813237,.
61729,.,-2.5311889,29.8813237,.
61730,.,-2.5311889,29.8813237,.
61731,.,-2.5311889,29.8813237,.
61732,.,-2.5311889,29.8813237,.
61733,.,-2.5311889,29.8813237,.
61734,.,-2.5311889,29.8813237,.
61735,.,-2.5311889,29.8813237,.
61736,.,-2.5311889,29.8813237,.
61737,.,-2.5311889,29.8813237,.
61738,.,-2.5311889,29.8813237,.
61739,.,-2.5311889,29.8813237,.
61740,.,-2.5311889,29.8813237,.
61741,.,-2.5311889,29.8813237,.
61742,.,-2.5311889,29.8813237,.
61743,.,-2.5311889,29.8813237,.
61744,.,-2.5311889,29.8813237,.
61745,.,-2.5311889,29.8813237,.
61746,.,-2.5311889,29.8813237,.
61747,.,-2.5311889,29.8813237,.
61748,.,-2.5311889,29.8813237,.
61749,.,-2.5311889,29.8813237,.
61750,.,-2.5311889,29.8813237,.
61751,.,-2.5311889,29.8813237,.
61752,.,-2.5311889,29.8813237,.
61753,.,-2.5311889,29.8813237,.
61754,.,-2.5311889,29.8813237,.
61755,.,-2.5311889,29.8813237,.
61756,.,-2.5311889,29.8813237,.
61757,.,-2.5311889,29.8813237,.
61758,.,-2.5311889,29.8813237,.
61759,.,-2.5311889,29.8813237,.
61760,.,-2.5311889,29.8813237,.
61761,.,-2.5311889,29.8813237,.
61762,.,-2.5311889,29.8813237,.
61763,.,-2.5311889,29.8813237,.
61764,.,-2.5311889,29.8813237,.
61765,.,-2.5311889,29.8813237,.
61766,.,-2.5311889,29.8813237,.
61767,.,-2.5311889,29.8813237,.
61768,.,-2.5311889,29.8813237,.
61769,.,-2.5311889,29.8813237,.
61770,.,-2.5311889,29.8813237,.
61771,.,-2.5311889,29.8813237,.
61772,.,-2.5311889,29.8813237,.
61773,.,-2.5311889,29.8813237,.
61774,.,-2.5311889,29.8813237,.
61775,.,-2.5311889,29.8813237,.
61776,.,-2.5311889,29.8813237,.
61777,.,-2.5311889,29.8813237,.
61778,.,-2.5311889,29.8813237,.
61779,.,-2.5311889,29.8813237,.
61780,.,-2.5311889,29.8813237,.
61781,.,-2.5311889,29.8813237,.
61782,.,-2.5311889,29.8813237,.
61783,.,-2.5311889,29.8813237,.
61784,.,-2.5311889,29.8813237,.
61785,.,-2.5311889,29.8813237,.
61786,.,-2.5311889,29.8813237,.
61787,.,-2.5311889,29.8813237,.
61788,.,-2.5311889,29.8813237,.
61789,.,-2.5311889,29.8813237,.
61790,.,-2.5311889,29.8813237,.
61791,.,-2.5311889,29.8813237,.
61792,.,-2.5311889,29.8813237,.
61793,.,-2.5311889,29.8813237,.
61794,.,-2.5311889,29.8813237,.
61795,.,-2.5311889,29.8813237,.
61796,.,-2.5311889,29.8813237,.
61797,.,-2.5311889,29.8813237,.
61798,.,-2.5311889,29.8813237,.
61799,.,-2.5311889,29.8813237,.
61800,.,-2.5311889,29.8813237,.
61801,.,-2.5311889,29.8813237,.
61802,.,-2.5311889,29.8813237,.
61803,.,-2.5311889,29.8813237,.
61804,.,-2.5311889,29.8813237,.
61805,.,-2.5311889,29.8813237,.
61806,.,-2.5311889,29.8813237,.
61807,.,-2.5311889,29.8813237,.
71868,.,0.135176926851273,34.8034629821777,.
71869,.,0.127123504877091,34.8039474487305,.
71870,.,0.137744799256325,34.8249320983887,.
71871,.,0.125211760401726,34.8153038024902,.
71872,.,0.135209113359451,34.8034744262695,.
71873,.,0.127344623208046,34.8037147521973,.
71874,.,0.133632391691208,34.7875137329102,.
71875,.,0.206929206848145,34.9627647399902,.
71876,.,0.195302650332451,34.9613723754883,.
71877,.,0.169417545199394,34.9570083618164,.
71878,.,0.0020192400552332,34.9560012817383,.
71879,.,0.0318796709179878,34.9042739868164,.
71880,.,0.0020085999276489,34.9561042785645,.
71881,.,0.0020808100234717,34.9561195373535,.
71882,.,0.380215048789978,34.459400177002,.
71883,.,-0.0120155001059175,34.7646789550781,.
71884,.,-0.0120030902326107,34.7646675109863,.
71885,.,-0.0231782700866461,34.7573432922363,.
71886,.,-0.0237323902547359,34.7522277832031,.
71887,.,0.138128027319908,34.9008674621582,.
71888,.,0.141362443566322,34.9132919311523,.
71889,.,0.121504038572311,34.9039726257324,.
71890,.,0.135298922657967,34.9180793762207,.
71891,.,0.141348883509636,34.9136734008789,.
71892,.,0.135802462697029,34.9191474914551,.
71893,.,0.13507267832756,34.8986282348633,.
71894,.,0.13489855825901,34.8986511230469,.
71895,.,0.130491822957993,34.9034614562988,.
71896,.,0.149495512247086,34.9008598327637,.
71897,.,0.0371576100587845,34.8227958679199,.
71898,.,0.0181067995727062,34.7970771789551,.
71899,.,0.022185180336237,34.8073234558105,.
71900,.,0.018293920904398,34.7972984313965,.
71901,.,0.154286697506905,34.8590126037598,.
71902,.,0.173469752073288,34.918773651123,.
71903,.,-0.588563978672028,34.760368347168,.
71904,.,0.134821653366089,34.8940734863281,.
71905,.,0.137827545404434,34.8928489685059,.
71906,.,0.0227269399911165,34.8113861083984,.
71907,.,0.111726619303226,34.3832092285156,.
71908,.,0.102983042597771,34.3754501342773,.
71909,.,0.105842001736164,34.4060859680176,.
71910,.,0.112005107104778,34.3831214904785,.
71911,.,0.113639920949936,34.3851852416992,.
71912,.,0.0994826033711433,34.3719902038574,.
71913,.,0.098624162375927,34.3709526062012,.
71914,.,0.118669003248215,34.4089851379395,.
71915,.,0.0905321091413498,34.3378028869629,.
71916,.,0.09885273873806,34.3754005432129,.
71917,.,0.118488401174545,34.4091491699219,.
71918,.,0.1169693171978,34.4095420837402,.
71919,.,0.105708412826061,34.373893737793,.
71920,.,0.105284713208675,34.3655738830566,.
71921,.,0.0987026989459991,34.3709526062012,.
71922,.,0.106159396469593,34.3744087219238,.
71923,.,0.106468498706818,34.4062385559082,.
71924,.,0.114341050386429,34.4129524230957,.
71925,.,0.114299573004246,34.4128456115723,.
71926,.,0.115321300923824,34.4135360717773,.
71927,.,0.126020103693008,34.1900291442871,.
71928,.,0.109906032681465,34.2019538879395,.
71929,.,0.099964551627636,34.1811408996582,.
71930,.,0.125977739691734,34.1901168823242,.
71931,.,0.0921039134263992,34.1930885314941,.
71932,.,0.0938779935240746,34.185432434082,.
71933,.,0.106080107390881,34.1836242675781,.
71934,.,0.110063523054123,34.2026138305664,.
71935,.,0.110057413578034,34.2015533447266,.
71936,.,0.0970732867717743,34.186580657959,.
71937,.,0.119159266352654,34.2016448974609,.
71938,.,0.0442792102694511,34.2167053222656,.
71939,.,0.098250649869442,34.3509750366211,.
71940,.,0.120111383497715,34.3278694152832,.
71941,.,0.0965768918395042,34.3310012817383,.
71942,.,0.0921902507543564,34.3380584716797,.
71943,.,0.10860601067543,34.3263778686523,.
71944,.,0.115342676639557,34.3490180969238,.
71945,.,0.120562642812729,34.3284873962402,.
71946,.,0.0969191417098045,34.3315353393555,.
71947,.,0.0938438773155212,34.3354454040527,.
71948,.,0.0460814014077187,34.2190895080566,.
71949,.,0.0937344804406166,34.3352165222168,.
71950,.,0.0909257829189301,34.3447875976562,.
71951,.,0.108276389539242,34.348705291748,.
71952,.,0.109199427068234,34.347354888916,.
71953,.,0.114913202822208,34.3360290527344,.
71954,.,0.116007678210735,34.3356628417969,.
71955,.,0.0972474068403244,34.3504066467285,.
71956,.,0.0964750871062279,34.3492050170898,.
71957,.,0.114897862076759,34.3501663208008,.
71958,.,0.114606127142906,34.3490982055664,.
71959,.,0.185184434056282,34.1951560974121,.
71960,.,0.169404834508896,34.1881217956543,.
71961,.,0.173903867602348,34.1879196166992,.
71962,.,0.180722564458847,34.1922454833984,.
71963,.,0.181430995464325,34.1927871704102,.
71964,.,0.180284053087234,34.1893310546875,.
71965,.,0.163168683648109,34.1710662841797,.
71966,.,0.176748335361481,34.1864814758301,.
71967,.,0.18445548415184,34.1922454833984,.
71968,.,0.163124322891235,34.1706123352051,.
71969,.,0.16955840587616,34.1806144714355,.
71970,.,0.172413423657417,34.1884422302246,.
71971,.,0.0858809426426888,34.3945388793945,.
71972,.,0.116897493600845,34.1289978027344,.
71973,.,0.104964509606361,34.1403541564941,.
71974,.,0.115892238914967,34.130786895752,.
71975,.,0.115965329110622,34.1305465698242,.
71976,.,0.111953467130661,34.1296691894531,.
71977,.,0.125715047121048,34.1438140869141,.
71978,.,0.103805303573608,34.1502647399902,.
71979,.,0.110618390142918,34.1297874450684,.
71980,.,0.111960381269455,34.1295547485352,.
71981,.,0.0249843206256628,34.4666519165039,.
71982,.,0.0227599702775478,34.4413070678711,.
71983,.,0.0274094492197037,34.4413032531738,.
71984,.,0.0266917403787375,34.4415130615234,.
71985,.,0.0116814495995641,34.4269714355469,.
71986,.,0.0266400091350079,34.441478729248,.
71987,.,0.0227599702775478,34.4413070678711,.
71988,.,0.0117140300571918,34.426944732666,.
71989,.,0.0236142408102751,34.4616203308105,.
71990,.,0.0244703199714422,34.4672813415527,.
71991,.,0.01405477989465,34.4259986877441,.
71992,.,0.235975787043571,34.1685752868652,.
71993,.,0.240976214408875,34.1738433837891,.
71994,.,0.223618522286415,34.1505241394043,.
71995,.,0.242846056818962,34.1875152587891,.
71996,.,0.242883592844009,34.1874961853027,.
71997,.,0.235982835292816,34.168586730957,.
71998,.,0.237606063485146,34.1672592163086,.
71999,.,0.241483375430107,34.1748046875,.
72000,.,0.232484221458435,34.1740493774414,.
72001,.,0.224832698702812,34.182674407959,.
72002,.,0.245294228196144,34.1810035705566,.
72003,.,0.202941656112671,34.1855430603027,.
72004,.,0.223617807030678,34.1504821777344,.
72005,.,0.245315194129944,34.1827239990234,.
72006,.,0.22540257871151,34.183349609375,.
72007,.,0.245297208428383,34.1827125549316,.
72008,.,0.241191536188126,34.1859283447266,.
72009,.,0.255503863096237,34.1945152282715,.
72010,.,0.254902184009552,34.1982192993164,.
72011,.,0.0404856614768505,34.4138259887695,.
72012,.,0.0354542806744576,34.4157867431641,.
72013,.,0.0352206900715828,34.4165229797363,.
72014,.,0.0447795987129211,34.4149208068848,.
72015,.,0.0294614601880312,34.4224700927734,.
72016,.,0.0498680509626865,34.4251480102539,.
72017,.,0.0293890908360481,34.4214172363281,.
72018,.,0.0455194301903248,34.4152069091797,.
72019,.,0.0207027997821569,34.3913307189941,.
72020,.,0.0255020894110203,34.4221496582031,.
72021,.,0.0199235994368792,34.3939743041992,.
72022,.,0.048503290861845,34.4113311767578,.
72023,.,0.0206249393522739,34.39404296875,.
72024,.,0.0487487092614174,34.4231605529785,.
72025,.,0.0294720903038979,34.4224891662598,.
72026,.,0.0319683402776718,34.4162101745605,.
72027,.,0.0294117294251919,34.4162063598633,.
72028,.,0.0352068692445755,34.4165382385254,.
72029,.,0.0493723712861538,34.4118843078613,.
72030,.,0.032505888491869,34.4338340759277,.
72031,.,0.0293757300823927,34.4215545654297,.
72032,.,0.0326397605240345,34.4159698486328,.
72033,.,0.176229372620583,34.179370880127,.
72034,.,0.20653261244297,34.4366683959961,.
72035,.,0.315936595201492,34.2215309143066,.
72036,.,0.359077215194702,34.2189903259277,.
72037,.,0.315904349088669,34.2215156555176,.
72038,.,0.336149781942368,34.2074508666992,.
72039,.,0.359089076519013,34.2190208435059,.
72040,.,0.581974923610687,34.55859375,.
72041,.,0.361581742763519,34.345287322998,.
72042,.,0.35018664598465,34.3537178039551,.
72043,.,0.362243950366974,34.3444290161133,.
72044,.,0.581974923610687,34.55859375,.
72045,.,0.34815388917923,34.3415794372559,.
72046,.,0.346516668796539,34.3458557128906,.
72047,.,0.299052029848099,34.1837882995605,.
72048,.,0.320248067378998,34.290657043457,.
72049,.,0.323398649692535,34.2909469604492,.
72050,.,0.263809025287628,34.075309753418,.
72051,.,0.28653210401535,34.0810737609863,.
72052,.,0.194828867912293,34.0733375549316,.
72053,.,0.228135541081429,34.0655555725098,.
72054,.,0.252986490726471,34.073184967041,.
72055,.,0.24158076941967,34.0796585083008,.
72056,.,0.210723072290421,34.0653915405273,.
72057,.,0.208423897624016,34.0582389831543,.
72058,.,0.194618210196495,34.0904426574707,.
72059,.,0.228119313716888,34.0880241394043,.
72060,.,0.186936676502228,34.0878372192383,.
72061,.,0.149269312620163,34.0972709655762,.
72062,.,0.370850592851639,34.3739395141602,.
72063,.,0.370448797941208,34.3679161071777,.
72064,.,0.399905562400818,34.3442459106445,.
72065,.,0.397909551858902,34.3428764343262,.
72066,.,0.372915476560593,34.3541488647461,.
72067,.,0.396091431379318,34.3445320129395,.
72068,.,0.369394689798355,34.3713035583496,.
72069,.,0.370422124862671,34.3678932189941,.
72070,.,0.378185480833054,34.3559188842773,.
72071,.,0.381561934947967,34.1876373291016,.
72072,.,0.386833250522614,34.1903228759766,.
72073,.,0.581795275211334,34.5583648681641,.
72074,.,0.419959515333176,34.2052955627441,.
72075,.,0.406493544578552,34.2095642089844,.
72076,.,0.388099819421768,34.170051574707,.
72077,.,0.386066615581513,34.165168762207,.
72078,.,0.402547389268875,34.2069931030273,.
72079,.,0.39080137014389,34.1757431030273,.
72080,.,0.389286249876022,34.1701126098633,.
72081,.,0.386465936899185,34.3291206359863,.
72082,.,0.352250456809998,34.3052177429199,.
72083,.,0.352109432220459,34.3036231994629,.
72084,.,0.353755295276642,34.3077011108398,.
72085,.,0.350379973649979,34.3040542602539,.
72086,.,0.391140848398209,34.3229103088379,.
72087,.,0.388005018234253,34.3262405395508,.
72088,.,0.32612082362175,34.3214950561523,.
72089,.,0.335416704416275,34.3410720825195,.
72090,.,0.322899967432022,34.3237380981445,.
72091,.,0.335319727659226,34.341178894043,.
72092,.,0.581999480724335,34.5583839416504,.
72093,.,0.321237444877625,34.3251266479492,.
72094,.,0.399499386548996,34.3553047180176,.
72095,.,0.58195960521698,34.5584144592285,.
72096,.,0.581971824169159,34.5583953857422,.
72097,.,0.581975102424622,34.5583915710449,.
72098,.,0.581965923309326,34.5583992004395,.
72099,.,0.581960201263428,34.5583953857422,.
72100,.,0.58197432756424,34.5583953857422,.
72101,.,0.58196222782135,34.5583953857422,.
72102,.,0.58196347951889,34.5583915710449,.
72103,.,0.402928054332733,34.3524284362793,.
72104,.,0.396354794502258,34.3641357421875,.
72105,.,0.408475130796432,34.351806640625,.
72106,.,0.581975519657135,34.5583953857422,.
72107,.,0.581847667694092,34.5583724975586,.
72108,.,0.35382941365242,34.4071044921875,.
72109,.,0.42729115486145,34.1459732055664,.
72110,.,0.427115857601166,34.1454734802246,.
72111,.,0.440210729837418,34.1196250915527,.
72112,.,0.347377389669418,34.1780891418457,.
72113,.,0.433687776327133,34.1722183227539,.
72114,.,0.423372000455856,34.1620445251465,.
72115,.,0.347496867179871,34.1781959533691,.
72116,.,0.42353019118309,34.1706123352051,.
72117,.,0.334212064743042,34.2377624511719,.
72118,.,0.326381236314774,34.2334938049316,.
72119,.,0.33489465713501,34.2387771606445,.
72120,.,0.333716601133347,34.2377243041992,.
72121,.,0.350840866565704,34.2214813232422,.
72122,.,0.345199882984161,34.2257194519043,.
72123,.,0.350840866565704,34.2214813232422,.
72124,.,0.366168349981308,34.2297706604004,.
72125,.,0.359106689691544,34.2189750671387,.
72126,.,0.359117567539215,34.2191009521484,.
72127,.,0.359107136726379,34.2189712524414,.
72128,.,0.359083443880081,34.219051361084,.
72129,.,0.299300014972687,34.3052635192871,.
72130,.,0.447601646184921,34.256420135498,.
72131,.,0.420876085758209,34.2692718505859,.
72132,.,0.437654137611389,34.2491836547852,.
72133,.,0.437712550163269,34.2492065429688,.
72134,.,0.413526564836502,34.2617034912109,.
72135,.,0.432920634746552,34.2784194946289,.
72136,.,0.423443347215653,34.270263671875,.
72137,.,0.433158338069916,34.2784729003906,.
72138,.,0.421331524848938,34.268913269043,.
72139,.,0.447578638792038,34.2573089599609,.
72140,.,0.413612753152847,34.2617683410645,.
72141,.,0.425313979387283,34.2490234375,.
72142,.,0.476954936981201,34.1530609130859,.
72143,.,0.477942854166031,34.1601524353027,.
72144,.,0.431328266859055,34.0974998474121,.
72145,.,0.417649179697037,34.1027946472168,.
72146,.,0.431397378444672,34.1033020019531,.
72147,.,0.427728235721588,34.0996475219727,.
72148,.,0.429683744907379,34.0967292785645,.
72149,.,0.431181401014328,34.1025733947754,.
72150,.,0.396993786096573,34.1253890991211,.
72151,.,0.40014910697937,34.1212921142578,.
72152,.,0.400287181138992,34.120662689209,.
72153,.,0.396230161190033,34.1247825622559,.
72154,.,0.400974243879318,34.1198539733887,.
72155,.,0.578096151351929,34.552978515625,.
72156,.,0.581780135631561,34.5583534240723,.
72157,.,0.276418209075928,34.2374153137207,.
72158,.,0.276605159044266,34.2386283874512,.
72159,.,0.276428192853928,34.2374382019043,.
72160,.,0.297651678323746,34.210262298584,.
72161,.,0.26814278960228,34.2345085144043,.
72162,.,0.278207004070282,34.213134765625,.
72163,.,0.303353905677795,34.1590347290039,.
72164,.,0.270525544881821,34.2353706359863,.
72165,.,0.315596163272858,34.1943435668945,.
72166,.,0.297656565904617,34.2102928161621,.
72167,.,0.581854343414307,34.5585098266602,.
72168,.,0.332097202539444,34.2709693908691,.
72169,.,-0.833818376064301,34.6205253601074,.
72170,.,0.290532767772675,34.0898551940918,.
72171,.,0.307880580425263,34.0719909667969,.
72172,.,0.315791249275208,34.0682563781738,.
72173,.,0.581968426704407,34.5583992004395,.
72174,.,0.58197420835495,34.5583915710449,.
72175,.,0.581974387168884,34.5583953857422,.
72176,.,0.581968784332275,34.5583877563477,.
72177,.,0.581973314285278,34.5583915710449,.
72178,.,0.581979393959045,34.5583992004395,.
72179,.,0.58197021484375,34.5583953857422,.
72180,.,0.581977486610413,34.5583953857422,.
72181,.,0.581979811191559,34.5583915710449,.
72182,.,0.58197420835495,34.5583915710449,.
72183,.,0.394358098506927,34.2265548706055,.
72184,.,0.394457161426544,34.2263870239258,.
72185,.,0.440196663141251,34.2040405273438,.
72186,.,0.442714691162109,34.217227935791,.
72187,.,0.450669080018997,34.2147674560547,.
72188,.,0.305665910243988,34.151123046875,.
72189,.,0.306965231895447,34.1501350402832,.
72190,.,0.581966698169708,34.5583763122559,.
72191,.,0.581946015357971,34.5583839416504,.
72192,.,0.581982672214508,34.5583724975586,.
72193,.,0.278431683778763,34.2981643676758,.
72194,.,0.278467118740082,34.2981491088867,.
72195,.,0.381825625896454,34.2535362243652,.
72196,.,0.379204988479614,34.2598152160645,.
72197,.,0.37980118393898,34.2606430053711,.
72198,.,0.381505966186523,34.2538566589355,.
72199,.,0.381505966186523,34.2538566589355,.
72200,.,0.255603551864624,34.1313171386719,.
72201,.,0.259051024913788,34.1324348449707,.
72202,.,0.256305485963821,34.1261024475098,.
72203,.,0.581884443759918,34.5583877563477,.
72204,.,0.581882059574127,34.5583534240723,.
72205,.,0.581847727298737,34.5584831237793,.
72206,.,0.581886947154999,34.558422088623,.
72207,.,0.581800520420074,34.5584182739258,.
72208,.,0.581878125667572,34.5583801269531,.
72209,.,0.58187198638916,34.558349609375,.
72210,.,0.581868231296539,34.5583724975586,.
72211,.,0.581821620464325,34.5583953857422,.
72212,.,0.581853091716766,34.558406829834,.
72213,.,0.581853449344635,34.5583763122559,.
72214,.,0.319835424423218,34.3358688354492,.
72215,.,0.308189570903778,34.3596725463867,.
72216,.,0.293902665376663,34.3485374450684,.
72217,.,0.301687657833099,34.3562278747559,.
72218,.,0.319497436285019,34.3360900878906,.
72219,.,0.321114957332611,34.3353538513184,.
72220,.,0.308009296655655,34.3500785827637,.
72221,.,0.315561413764954,34.3810386657715,.
72222,.,0.330977827310562,34.3446464538574,.
72223,.,0.327633291482925,34.3600082397461,.
72224,.,0.308365553617477,34.3588676452637,.
72225,.,0.348033875226974,34.3808746337891,.
72226,.,0.285203218460083,34.1290016174316,.
72227,.,0.260212570428848,34.1354789733887,.
72228,.,0.274629831314087,34.1357498168945,.
72229,.,0.425252616405487,34.2197952270508,.
72230,.,0.359845221042633,34.2195320129395,.
72231,.,0.359197825193405,34.2189750671387,.
72232,.,0.359161883592606,34.2189788818359,.
72233,.,0.359131306409836,34.2189903259277,.
72234,.,0.359147697687149,34.2189865112305,.
72235,.,0.359118193387985,34.2190170288086,.
72236,.,0.347523182630539,34.1782264709473,.
72237,.,0.452563136816025,34.1873931884766,.
72238,.,0.459824293851852,34.1923789978027,.
72239,.,0.456512808799744,34.1914138793945,.
72240,.,0.418910592794418,34.1648063659668,.
72241,.,0.456512808799744,34.1914138793945,.
72242,.,0.458128839731216,34.1712341308594,.
72243,.,0.435741543769836,34.1856384277344,.
72244,.,0.456807523965836,34.1555213928223,.
72245,.,0.437695890665054,34.1891174316406,.
72246,.,0.437695890665054,34.1891174316406,.
72247,.,0.445407390594482,34.1931343078613,.
72248,.,0.448937207460403,34.1695556640625,.
72249,.,0.437079399824143,34.1893577575684,.
72250,.,0.446954846382141,34.1794586181641,.
72251,.,0.447151988744736,34.1846542358398,.
72252,.,0.447326868772507,34.1872901916504,.
72253,.,0.437079399824143,34.1893577575684,.
72254,.,0.451770514249802,34.1777038574219,.
72255,.,0.447744458913803,34.1899566650391,.
72256,.,0.448937207460403,34.1695556640625,.
72257,.,0.450677841901779,34.1899299621582,.
72258,.,0.453849703073502,34.1884841918945,.
72259,.,0.581871628761292,34.5583877563477,.
72260,.,0.454566091299057,34.1883392333984,.
72261,.,0.453827649354935,34.1884956359863,.
72262,.,0.4500392973423,34.1715087890625,.
72263,.,0.452263593673706,34.1866149902344,.
72264,.,0.445407390594482,34.1931343078613,.
72265,.,0.458756685256958,34.1915435791016,.
72266,.,0.447023451328278,34.1796264648438,.
72267,.,0.447118788957596,34.1905899047852,.
72268,.,0.467098623514175,34.1854476928711,.
72269,.,0.581847190856934,34.5584449768066,.
72270,.,0.347185701131821,34.2076797485352,.
72271,.,0.581847190856934,34.5584449768066,.
72272,.,0.34871643781662,34.3559684753418,.
72273,.,0.36490473151207,34.3762435913086,.
72274,.,0.392255961894989,34.3514938354492,.
72275,.,0.363581836223602,34.3734703063965,.
72276,.,0.357293903827667,34.3841896057129,.
72277,.,0.300387769937515,34.2355155944824,.
72278,.,0.380987495183945,34.1890144348145,.
72279,.,0.3729871,34.1823889,.
72280,.,0.381527096033096,34.1894187927246,.
72281,.,0.383957713842392,34.1647872924805,.
72282,.,0.44759726524353,34.2522392272949,.
72283,.,0.38369745016098,34.1642532348633,.
72284,.,0.40602695941925,34.2061309814453,.
72285,.,0.387426257133484,34.1678352355957,.
72286,.,0.404580265283585,34.218433380127,.
72287,.,0.413437724113464,34.1810646057129,.
72288,.,0.388873279094696,34.1750030517578,.
72289,.,0.391313999891281,34.3309020996094,.
72290,.,0.352933168411255,34.3053741455078,.
72291,.,0.393054858,34.32362782,.
72292,.,0.339592069387436,34.3553123474121,.
72293,.,0.348406165838242,34.3710746765137,.
72294,.,0.343183070421219,34.3670654296875,.
72295,.,0.581956207752228,34.5583992004395,.
72296,.,0.404213100671768,34.348804473877,.
72297,.,0.581950426101685,34.5583801269531,.
72298,.,0.581963896751404,34.5583953857422,.
72299,.,0.399926573038101,34.3567199707031,.
72300,.,0.581822335720062,34.5584678649902,.
72301,.,0.581932127475739,34.5583839416504,.
72302,.,0.413549542427063,34.1654205322266,.
72303,.,0.347414433956146,34.1780586242676,.
72304,.,0.419530779123306,34.1633720397949,.
72305,.,0.430583238601685,34.1742057800293,.
72306,.,0.422508984804153,34.163875579834,.
72307,.,0.418544918298721,34.1656608581543,.
72308,.,0.413559854030609,34.1654052734375,.
72309,.,0.430514752864838,34.176139831543,.
72310,.,0.325401186943054,34.242805480957,.
72311,.,0.326214522123337,34.2421073913574,.
72312,.,0.345810532569885,34.2252731323242,.
72313,.,0.400505274534226,34.2422637939453,.
72314,.,0.403647989034653,34.2410659790039,.
72315,.,0.383825600147247,34.2707099914551,.
72316,.,0.377273291349411,34.267951965332,.
72317,.,0.358951479196549,34.2397766113281,.
72318,.,0.35039210319519,34.2493438720703,.
72319,.,0.350347965955734,34.2494277954102,.
72320,.,0.46311491727829,34.1670303344727,.
72321,.,0.463154286146164,34.1671180725098,.
72322,.,0.456987828016281,34.149227142334,.
72323,.,0.454994380474091,34.1642265319824,.
72324,.,0.451931893825531,34.1639785766602,.
72325,.,0.459641367197037,34.1648712158203,.
72326,.,0.456643491983414,34.1549758911133,.
72327,.,0.450360268354416,34.1541633605957,.
72328,.,0.456566959619522,34.1490783691406,.
72329,.,0.451886415481567,34.1553382873535,.
72330,.,0.450442105531693,34.154125213623,.
72331,.,0.331814408302307,34.3731727600098,.
72332,.,0.348411947488785,34.4061813354492,.
72333,.,0.315846413373947,34.3803825378418,.
72334,.,0.316146969795227,34.3817367553711,.
72335,.,0.332146435976028,34.2702751159668,.
72336,.,0.323326349258423,34.2496910095215,.
72337,.,0.325134187936783,34.2504997253418,.
72338,.,0.331752389669418,34.2699508666992,.
72339,.,0.339159935712814,34.2760314941406,.
72340,.,0.319850593805313,34.2608375549316,.
72341,.,0.339159935712814,34.2760314941406,.
72342,.,0.328115433454514,34.2603454589844,.
72343,.,0.3345958,34.2617388,.
72344,.,0.322467237710953,34.2595024108887,.
72345,.,0.310275882482529,34.2982177734375,.
72346,.,0.360553741455078,34.217945098877,.
72347,.,0.447803556919098,34.2522048950195,.
72348,.,0.354013830423355,34.2018547058105,.
72349,.,0.352397561073303,34.2081146240234,.
72350,.,0.376719266176224,34.287712097168,.
72351,.,0.354013830423355,34.2018547058105,.
72352,.,0.447770714759827,34.2521934509277,.
72353,.,0.354826807975769,34.2102737426758,.
72354,.,0.373302102088928,34.286190032959,.
72355,.,0.352018803358078,34.2079544067383,.
72356,.,0.448232263326645,34.2139472961426,.
72357,.,0.449670225381851,34.2083358764648,.
72358,.,0.450116395950317,34.1999778747559,.
72359,.,0.449334412813187,34.2040939331055,.
72360,.,0.305923134088516,34.1297492980957,.
72361,.,0.581871569156647,34.558422088623,.
72362,.,0.581844210624695,34.5583534240723,.
72363,.,0.581916928291321,34.5583763122559,.
72364,.,0.183781817555428,34.5373992919922,.
72365,.,0.183767229318619,34.5372467041016,.
72366,.,0.183785632252693,34.5373497009277,.
72367,.,0.188791215419769,34.5406913757324,.
72368,.,0.180711567401886,34.5302772521973,.
72369,.,0.195478424429893,34.5333099365234,.
72370,.,0.181241974234581,34.5301895141602,.
72371,.,0.195444196462631,34.5332565307617,.
72372,.,0.189163833856583,34.5372657775879,.
72373,.,0.188785806298256,34.5407066345215,.
72374,.,0.18119403719902,34.5302581787109,.
72375,.,0.189689591526985,34.537036895752,.
72376,.,0.286793261766434,34.4752731323242,.
72377,.,0.284081548452377,34.4867401123047,.
72378,.,0.270399272441864,34.4814300537109,.
72379,.,0.289931982755661,34.4793243408203,.
72380,.,0.275209248065948,34.4810066223145,.
72381,.,0.270766973495483,34.481803894043,.
72382,.,0.298850208520889,34.4281005859375,.
72383,.,0.26634818315506,34.4685325622559,.
72384,.,0.27966034412384,34.4826164245605,.
72385,.,0.279765874147415,34.4789123535156,.
72386,.,0.267646610736847,34.4687347412109,.
72387,.,0.3028504550457,34.4797706604004,.
72388,.,0.283955156803131,34.4850540161133,.
72389,.,0.298001289367676,34.4281044006348,.
72390,.,0.298764407634735,34.427734375,.
72391,.,0.277060955762863,34.482795715332,.
72392,.,0.265767931938171,34.469539642334,.
72393,.,0.221564546227455,34.552619934082,.
72394,.,0.223284676671028,34.5648155212402,.
72395,.,0.222725316882134,34.567066192627,.
72396,.,0.197637364268303,34.4026641845703,.
72397,.,0.198670715093613,34.4026184082031,.
72398,.,0.189263164997101,34.4010353088379,.
72399,.,0.180364474654198,34.389965057373,.
72400,.,0.183215826749802,34.3939476013184,.
72401,.,0.197643220424652,34.4026756286621,.
72402,.,0.197530567646027,34.4027214050293,.
72403,.,0.19878114759922,34.402458190918,.
72404,.,0.187732711434364,34.395938873291,.
72405,.,0.356244564056396,34.6204948425293,.
72406,.,0.368607401847839,34.6274681091309,.
72407,.,0.347929328680039,34.6257591247559,.
72408,.,0.35534992814064,34.6215362548828,.
72409,.,0.354415029287338,34.6274070739746,.
72410,.,0.354474753141403,34.6283798217773,.
72411,.,0.355295538902283,34.6210670471191,.
72412,.,0.343484371900559,34.6253471374512,.
72413,.,0.356021910905838,34.6296043395996,.
72414,.,0.306576758623123,34.4835357666016,.
72415,.,0.311906337738037,34.5391082763672,.
72416,.,0.290616653,34.51084168,.
72417,.,0.299389690160751,34.505298614502,.
72418,.,0.313598483800888,34.4942626953125,.
72419,.,0.290590107440948,34.4970245361328,.
72420,.,0.290616653,34.51084168,.
72421,.,0.295835912227631,34.5403022766113,.
72422,.,0.289427220821381,34.5077133178711,.
72423,.,0.289361119270325,34.5076942443848,.
72424,.,0.306576758623123,34.4835357666016,.
72425,.,0.313589781522751,34.4942398071289,.
72426,.,0.313704401254654,34.5381622314453,.
72427,.,0.31377723813057,34.538387298584,.
72428,.,0.307241022586823,34.4845008850098,.
72429,.,0.285784989595413,34.5252456665039,.
72430,.,0.581321775913239,35.3055381774902,.
72431,.,0.321654200553894,34.5014305114746,.
72432,.,0.321654200553894,34.5014305114746,.
72433,.,0.286147892475128,34.5249366760254,.
72434,.,0.235064938664436,34.5845947265625,.
72435,.,0.256464332342148,34.6092224121094,.
72436,.,0.236309573054314,34.5848808288574,.
72437,.,0.235049843788147,34.5846328735352,.
72438,.,0.228120625019073,34.5961380004883,.
72439,.,0.260974884033203,34.6069488525391,.
72440,.,0.228120625019073,34.5961380004883,.
72441,.,0.256440311670303,34.6094741821289,.
72442,.,0.25645124912262,34.6091384887695,.
72443,.,0.26100617647171,34.6069831848145,.
72444,.,0.227356046438217,34.5964736938477,.
72445,.,0.265741020441055,34.6130027770996,.
72446,.,0.260978221893311,34.6069984436035,.
72447,.,0.256949961185455,34.6099090576172,.
72448,.,0.372255891561508,34.4576301574707,.
72449,.,0.375960886478424,34.453727722168,.
72450,.,0.359900951385498,34.437931060791,.
72451,.,0.366004824638367,34.4477386474609,.
72452,.,0.359206646680832,34.4393844604492,.
72453,.,0.377093374729156,34.4620475769043,.
72454,.,0.376644432544708,34.4615592956543,.
72455,.,0.362503945827484,34.437198638916,.
72456,.,0.380975097417831,34.4587554931641,.
72457,.,0.359941571950912,34.438892364502,.
72458,.,0.382171660661697,34.4498405456543,.
72459,.,0.367288857698441,34.4467391967773,.
72460,.,0.367372125387192,34.4452629089355,.
72461,.,0.378040432929993,34.4649391174316,.
72462,.,0.368545860052109,34.4437294006348,.
72463,.,0.364881366491318,34.4442596435547,.
72464,.,0.214842900633812,34.5320663452148,.
72465,.,0.58197408914566,34.558406829834,.
72466,.,0.214842900633812,34.5320663452148,.
72467,.,0.196782439947128,34.6041564941406,.
72468,.,0.581969618797302,34.5583953857422,.
72469,.,0.581321775913239,35.3055381774902,.
72470,.,0.581969380378723,34.5583953857422,.
72471,.,0.581947386264801,34.558464050293,.
72472,.,0.581321775913239,35.3055381774902,.
72473,.,0.256842881441116,34.5641403198242,.
72474,.,0.31111216545105,34.5421600341797,.
72475,.,0.336817651987076,34.5941162109375,.
72476,.,0.321043372154236,34.5645370483398,.
72477,.,0.35012024641037,34.5680313110352,.
72478,.,0.349858611822128,34.5674324035645,.
72479,.,0.319176554679871,34.5732002258301,.
72480,.,0.3442702293396,34.590202331543,.
72481,.,0.346351653337479,34.5845794677734,.
72482,.,0.321020424365997,34.5645141601562,.
72483,.,0.343908250331879,34.6139335632324,.
72484,.,0.321023553609848,34.5648307800293,.
72485,.,0.197340756654739,34.4878387451172,.
72486,.,0.180714666843414,34.537841796875,.
72487,.,0.185105487704277,34.5477600097656,.
72488,.,0.192715913057327,34.5412902832031,.
72489,.,0.190271258354187,34.545597076416,.
72490,.,0.190271720290184,34.5455856323242,.
72491,.,0.179253503680229,34.5380935668945,.
72492,.,0.192631646990776,34.5413475036621,.
72493,.,0.190273270010948,34.5456352233887,.
72494,.,0.179349213838577,34.5380897521973,.
72495,.,0.581922948360443,34.5585060119629,.
72496,.,0.215157359838486,34.4417686462402,.
72497,.,0.203890576958656,34.4272270202637,.
72498,.,0.230580613017082,34.4323806762695,.
72499,.,0.192334249615669,34.4118919372559,.
72500,.,0.231360718607902,34.432258605957,.
72501,.,0.222654327750206,34.4462738037109,.
72502,.,0.209749415516853,34.4450073242188,.
72503,.,0.230288460850716,34.4342575073242,.
72504,.,0.215031564235687,34.4423141479492,.
72505,.,0.204139590263367,34.4242553710938,.
72506,.,0.21525801718235,34.4425277709961,.
72507,.,0.203773155808449,34.4267997741699,.
72508,.,0.192306622862816,34.4118766784668,.
72509,.,0.264107257127762,34.4511032104492,.
72510,.,0.285096555948258,34.4441070556641,.
72511,.,0.190330892801285,34.5456314086914,.
72512,.,0.190344393253326,34.5456314086914,.
72513,.,0.261771351099014,34.5838165283203,.
72514,.,0.261926174163818,34.5836715698242,.
72515,.,0.264609843492508,34.5884056091309,.
72516,.,0.264786213636398,34.587776184082,.
72517,.,0.247688323259354,34.4509582519531,.
72518,.,0.243953466415405,34.4550666809082,.
72519,.,0.225858762860298,34.4549255371094,.
72520,.,0.233991146087647,34.4665374755859,.
72521,.,0.248171553015709,34.4508171081543,.
72522,.,0.266140133142471,34.4584083557129,.
72523,.,0.247740790247917,34.4511375427246,.
72524,.,0.217160299420357,34.4993629455566,.
72525,.,0.581971228122711,34.5583992004395,.
72526,.,0.581868588924408,34.5584411621094,.
72527,.,0.201540514826775,34.4821357727051,.
72528,.,0.581910192966461,34.5584869384766,.
72529,.,0.199034661054611,34.577709197998,.
72530,.,0.173235788941383,34.5534515380859,.
72531,.,0.226963892579079,34.6001091003418,.
72532,.,0.213507905602455,34.5717391967773,.
72533,.,0.196746274828911,34.5243225097656,.
72534,.,0.185607224702835,34.5655784606934,.
72535,.,0.199125349521637,34.5777130126953,.
72536,.,0.196721166372299,34.5243072509766,.
72537,.,0.223142936825752,34.592098236084,.
72538,.,0.213507562875748,34.5716552734375,.
72539,.,0.223488867282867,34.5923728942871,.
72540,.,0.187934935092926,34.5627365112305,.
72541,.,0.198083356022835,34.5761642456055,.
72542,.,0.226963892579079,34.6001091003418,.
72543,.,0.186249867081642,34.560230255127,.
72544,.,0.176712900400162,34.5493927001953,.
72545,.,0.196506932377815,34.5984916687012,.
72546,.,0.196446120738983,34.5984268188477,.
72547,.,0.173206582665443,34.5044021606445,.
72548,.,0.170940533280373,34.5077667236328,.
72549,.,0.173256874084473,34.5044937133789,.
72550,.,0.184400364756584,34.5073051452637,.
72551,.,0.165432035923004,34.5215606689453,.
72552,.,0.184397503733635,34.5072898864746,.
72553,.,0.170746996998787,34.5077667236328,.
72554,.,0.180871546268463,34.5082588195801,.
72555,.,0.359476208686829,34.5915794372559,.
72556,.,0.344987422227859,34.5976524353027,.
72557,.,0.353818625211716,34.6328811645508,.
72558,.,0.362665385007858,34.6249008178711,.
72559,.,0.367505639791489,34.6269760131836,.
72560,.,0.355173408985138,34.6065788269043,.
72561,.,0.348795294761658,34.6190452575684,.
72562,.,0.357489764690399,34.6042022705078,.
72563,.,0.194282084703445,34.529052734375,.
72564,.,0.194285809993744,34.5296821594238,.
72565,.,0.193635165691376,34.5239715576172,.
72566,.,0.217160299420357,34.4993629455566,.
72567,.,0.581969976425171,34.5583915710449,.
72568,.,0.217160299420357,34.4993629455566,.
72569,.,0.581871747970581,34.5585174560547,.
72570,.,0.20547690987587,34.4992065429688,.
72571,.,0.581810891628265,34.5586204528809,.
72572,.,0.58188134431839,34.5582504272461,.
72573,.,0.222201213240624,34.4429244995117,.
72574,.,0.213508605957031,34.4333419799805,.
72575,.,0.233713656663895,34.441333770752,.
72576,.,0.222846269607544,34.4461860656738,.
72577,.,0.204980850219727,34.436653137207,.
72578,.,0.213508605957031,34.4333419799805,.
72579,.,0.230971321463585,34.4443702697754,.
72580,.,0.228206053376198,34.4257888793945,.
72581,.,0.205700784921646,34.4324722290039,.
72582,.,0.17494535446167,34.407886505127,.
72583,.,0.178618833422661,34.4106140136719,.
72584,.,0.187457203865051,34.4108772277832,.
72585,.,0.166752234101295,34.3994522094727,.
72586,.,0.183561682701111,34.413688659668,.
72587,.,0.179592624306679,34.4116439819336,.
72588,.,0.183707892894745,34.4140625,.
72589,.,0.763372719287872,34.6813125610352,.
72590,.,0.655361413955688,34.6702308654785,.
72591,.,0.757176578044891,34.5724678039551,.
72592,.,0.757176578044891,34.5724678039551,.
72593,.,0.686267375946045,34.5673942565918,.
72594,.,0.680460810661316,34.5766906738281,.
72595,.,0.680462241172791,34.576587677002,.
72596,.,0.679261028766632,34.5853385925293,.
72597,.,0.686267375946045,34.5673942565918,.
72598,.,0.649878263473511,34.5623474121094,.
72599,.,0.667159616947174,34.5577926635742,.
72600,.,0.666958510875702,34.557689666748,.
72601,.,0.667059421539307,34.5573425292969,.
72602,.,0.68562239408493,34.5748748779297,.
72603,.,0.667764544487,34.5583381652832,.
72604,.,0.680453598499298,34.5766067504883,.
72605,.,0.687549591064453,34.5683975219727,.
72606,.,0.604769825935364,34.6012916564941,.
72607,.,0.606721341609955,34.6032524108887,.
72608,.,0.604769825935364,34.6012916564941,.
72609,.,0.596748113632202,34.6128845214844,.
72610,.,0.610362648963928,34.6026039123535,.
72611,.,0.595876514911652,34.6125373840332,.
72612,.,0.612795770168304,34.6015090942383,.
72613,.,0.595699191093445,34.612548828125,.
72614,.,0.595878303050995,34.6125335693359,.
72615,.,0.615457832813263,34.6054458618164,.
72616,.,0.615803718566895,34.5982818603516,.
72617,.,0.665114939212799,34.5313377380371,.
72618,.,0.665335953235626,34.5313720703125,.
72619,.,0.683875381946564,34.5303039550781,.
72620,.,0.653617084026337,34.5230827331543,.
72621,.,0.684006094932556,34.5301971435547,.
72622,.,0.581870436668396,34.5584297180176,.
72623,.,0.581947267055511,34.5585517883301,.
72624,.,0.581926226615906,34.5584754943848,.
72625,.,0.581870973110199,34.5585021972656,.
72626,.,0.5819411277771,34.5584831237793,.
72627,.,0.581881940364838,34.5585670471191,.
72628,.,0.581914484500885,34.5585250854492,.
72629,.,0.581835687160492,34.5584754943848,.
72630,.,0.581839799880981,34.5584907531738,.
72631,.,0.581934154033661,34.5584831237793,.
72632,.,0.58189582824707,34.558521270752,.
72633,.,0.581878781318665,34.5585479736328,.
72634,.,0.618173062801361,34.5143356323242,.
72635,.,0.661361157894135,34.5618591308594,.
72636,.,0.65999048948288,34.5609512329102,.
72637,.,0.661238431930542,34.561840057373,.
72638,.,0.659471333026886,34.5633926391602,.
72639,.,0.599246025085449,34.5959014892578,.
72640,.,0.640150725841522,34.4989967346191,.
72641,.,0.577820658683777,34.5661582946777,.
72642,.,0.581852197647095,34.5583877563477,.
72643,.,0.577925443649292,34.5661888122559,.
72644,.,0.581862986087799,34.5585098266602,.
72645,.,0.581673145294189,34.5585594177246,.
72646,.,0.581796526908875,34.5583763122559,.
72647,.,0.646649181842804,34.5254669189453,.
72648,.,0.65541684627533,34.5190582275391,.
72649,.,0.582905411720276,34.5565338134766,.
72650,.,0.581226944923401,34.5602149963379,.
72651,.,0.581874668598175,34.5584831237793,.
72652,.,0.583759963512421,34.5696563720703,.
72653,.,0.654956221580505,34.5182189941406,.
72654,.,0.660763204097748,34.5397071838379,.
72655,.,0.660860300064087,34.5397491455078,.
72656,.,0.662796914577484,34.537281036377,.
72657,.,0.58181369304657,34.5584945678711,.
72658,.,0.660026669502258,34.5433769226074,.
72659,.,0.66158401966095,34.537784576416,.
72660,.,0.650805354118347,34.5388298034668,.
72661,.,0.581596732139587,34.552074432373,.
72662,.,0.65995055437088,34.5384101867676,.
72663,.,0.66078245639801,34.5471611022949,.
72664,.,0.582267999649048,34.5629501342773,.
72665,.,0.574901282787323,34.5472602844238,.
72666,.,0.60210770368576,34.4799003601074,.
72667,.,0.595460057258606,34.4872817993164,.
72668,.,0.604179501533508,34.4774322509766,.
72669,.,0.604312121868134,34.4777374267578,.
72670,.,0.595460057258606,34.4872817993164,.
72671,.,0.600161552429199,34.4863624572754,.
72672,.,0.599809408187866,34.485897064209,.
72673,.,0.581832051277161,34.5584678649902,.
72674,.,0.578011929988861,34.5662117004395,.
72675,.,0.580627501010895,34.5006675720215,.
72676,.,0.581794381141663,34.5583724975586,.
72677,.,0.583981096744537,34.5092735290527,.
72678,.,0.581746518611908,34.509708404541,.
72679,.,0.600452125072479,34.517650604248,.
72680,.,0.638617336750031,34.5967979431152,.
72681,.,0.620487987995148,34.5923843383789,.
72682,.,0.636844158172607,34.5979995727539,.
72683,.,0.639163315296173,34.5675048828125,.
72684,.,0.620530664920807,34.593391418457,.
72685,.,0.662138879299164,34.5944442749023,.
72686,.,0.637299239635468,34.5679054260254,.
72687,.,0.6394067,34.4917488,.
72688,.,0.655657529830933,34.483341217041,.
72689,.,0.609820067882538,34.5981292724609,.
72690,.,0.614879071712494,34.6108818054199,.
72691,.,0.609285712242126,34.5982437133789,.
72692,.,0.614891588687897,34.6108512878418,.
72693,.,0.644988059997559,34.5443458557129,.
72694,.,0.645543396472931,34.5441818237305,.
72695,.,0.622820854187012,34.568058013916,.
72696,.,0.641901969909668,34.5800094604492,.
72697,.,0.653277635574341,34.5583076477051,.
72698,.,0.621972918510437,34.5678825378418,.
72699,.,0.643437802791595,34.5566864013672,.
72700,.,0.654185354709625,34.5522537231445,.
72701,.,0.645099103450775,34.5801315307617,.
72702,.,0.62774246931076,34.5651473999023,.
72703,.,0.592808663845062,34.5968551635742,.
72704,.,0.5956791639328,34.5995826721191,.
72705,.,0.584435880184174,34.4498252868652,.
72706,.,0.688770353794098,34.5402755737305,.
72707,.,0.665487587451935,34.5366325378418,.
72708,.,0.631030917167664,34.5376739501953,.
72709,.,0.628257572650909,34.5079727172852,.
72710,.,0.628257572650909,34.5079727172852,.
72711,.,0.625591099262238,34.5307159423828,.
72712,.,0.640871405601501,34.5354347229004,.
72713,.,0.57793664932251,34.5662612915039,.
72714,.,0.643045965,34.47729378,.
72715,.,0.640041530132294,34.4644355773926,.
72716,.,0.643045965,34.47729378,.
72717,.,0.639855861663818,34.4655532836914,.
72718,.,0.639888048171997,34.4638366699219,.
72719,.,0.609691023826599,34.4804077148438,.
72720,.,0.596745252609253,34.4886283874512,.
72721,.,0.601098477840424,34.4803695678711,.
72722,.,0.60426253080368,34.4802207946777,.
72723,.,0.596629858016968,34.4887504577637,.
72724,.,0.596766889095306,34.4886360168457,.
72725,.,0.56650984287262,34.5664024353027,.
72726,.,0.600439250469208,34.523120880127,.
72727,.,0.559666991233826,34.5826187133789,.
72728,.,0.601472675800323,34.5275688171387,.
72729,.,0.604908108711243,34.514274597168,.
72730,.,0.59947282075882,34.5205001831055,.
72731,.,0.581708550453186,34.5585823059082,.
72732,.,0.590263068675995,34.4869842529297,.
72733,.,0.580602586269379,34.5606384277344,.
72734,.,0.652386248111725,34.5813293457031,.
72735,.,0.652384698390961,34.5813255310059,.
72736,.,0.653195142745972,34.5806007385254,.
72737,.,0.660008788108826,34.4397087097168,.
72738,.,0.132033184170723,34.5368499755859,.
72739,.,0.132228940725327,34.5368576049805,.
72740,.,0.128224074840546,34.5412101745605,.
72741,.,0.104855500161648,34.3824043273926,.
72742,.,0.115296572446823,34.4040565490723,.
72743,.,0.105061367154121,34.3823585510254,.
72744,.,0.107848532497883,34.389591217041,.
72745,.,0.119918763637543,34.3687019348145,.
72746,.,0.119894079864025,34.3689613342285,.
72747,.,0.119309566915035,34.3669662475586,.
72748,.,0.123833552002907,34.3726768493652,.
72749,.,0.117777019739151,34.3804397583008,.
72750,.,0.10058206319809,34.4137496948242,.
72751,.,0.108711123466492,34.409725189209,.
72752,.,0.103079289197922,34.532543182373,.
72753,.,0.0859567895531654,34.5755958557129,.
72754,.,0.173730239272118,34.5606651306152,.
72755,.,0.173824906349182,34.5606536865234,.
72756,.,0.173730239272118,34.5606651306152,.
72757,.,0.130303606390953,34.5258445739746,.
72758,.,0.173834264278412,34.560604095459,.
72759,.,0.144314080476761,34.5807075500488,.
72760,.,0.152262046933174,34.5002555847168,.
72761,.,0.148496061563492,34.5032196044922,.
72762,.,0.147215813398361,34.5031089782715,.
72763,.,0.158505812287331,34.4995536804199,.
72764,.,0.152236774563789,34.5002555847168,.
72765,.,0.152243733406067,34.5001373291016,.
72766,.,0.159096494317055,34.5000915527344,.
72767,.,0.159096494317055,34.5000915527344,.
72768,.,0.138845965266228,34.6016464233398,.
72769,.,0.140030637383461,34.5952301025391,.
72770,.,0.139798954129219,34.5950622558594,.
72771,.,0.116919569671154,34.5991172790527,.
72772,.,0.114837497472763,34.6105575561523,.
72773,.,0.0806273072957993,34.5853729248047,.
72774,.,0.129273846745491,34.5970573425293,.
72775,.,0.116919569671154,34.5991172790527,.
72776,.,0.127004876732826,34.5829200744629,.
72777,.,0.140736475586891,34.6069145202637,.
72778,.,0.138847410678863,34.6017761230469,.
72779,.,0.131046816706657,34.5934257507324,.
72780,.,0.13378794491291,34.592456817627,.
72781,.,0.114790119230747,34.6105422973633,.
72782,.,0.1228254,34.5983953,.
72783,.,0.140736475586891,34.6069145202637,.
72784,.,0.139261454343796,34.6011047363281,.
72785,.,0.140735194087029,34.601203918457,.
72786,.,0.105064667761326,34.5965423583984,.
72787,.,0.150147557258606,34.5706901550293,.
72788,.,0.154671709,34.58287357,.
72789,.,0.188567459583282,34.3417053222656,.
72790,.,0.165249943733215,34.3293991088867,.
72791,.,0.164683029055595,34.3296546936035,.
72792,.,0.177599102258682,34.3020553588867,.
72793,.,0.170452520251274,34.2980346679688,.
72794,.,0.165906816720962,34.3290214538574,.
72795,.,0.14698152244091,34.454273223877,.
72796,.,0.143455982208252,34.4811325073242,.
72797,.,0.141369357705116,34.4421730041504,.
72798,.,0.145475625991821,34.4511985778809,.
72799,.,0.147765710949898,34.4775390625,.
72800,.,0.143520787358284,34.4805717468262,.
72801,.,0.147334143519402,34.4605255126953,.
72802,.,0.147314086556435,34.4606246948242,.
72803,.,0.143526777625084,34.4666862487793,.
72804,.,0.143130108714104,34.4808311462402,.
72805,.,0.135209068655968,34.4520072937012,.
72806,.,0.146726787090302,34.4679985046387,.
72807,.,0.141226381063461,34.4682731628418,.
72808,.,0.146658703684807,34.454948425293,.
72809,.,0.147530972957611,34.4776725769043,.
72810,.,0.137063667178154,34.4663581848145,.
72811,.,0.15033720433712,34.4760208129883,.
72812,.,0.131533205509186,34.485668182373,.
72813,.,0.149290636181831,34.4754333496094,.
72814,.,0.136455252766609,34.4516983032227,.
72815,.,0.142445683479309,34.4565277099609,.
72816,.,0.141369357705116,34.4421730041504,.
72817,.,0.153412386775017,34.511302947998,.
72818,.,0.153388276696205,34.511287689209,.
72819,.,0.134659975767136,34.5094985961914,.
72820,.,0.153400227427483,34.5112380981445,.
72821,.,0.0489934906363487,34.4449043273926,.
72822,.,0.0580233000218868,34.4637680053711,.
72823,.,0.0459019616246223,34.4600563049316,.
72824,.,0.0561389997601509,34.4467620849609,.
72825,.,0.0545999594032764,34.4714279174805,.
72826,.,0.107603803277016,34.5665740966797,.
72827,.,0.108996480703354,34.4457588195801,.
72828,.,0.205617055296898,34.3796501159668,.
72829,.,0.274950802326202,34.4514312744141,.
72830,.,0.218389317393303,34.3846282958984,.
72831,.,0.28087043762207,34.4459838867188,.
72832,.,0.226143777370453,34.3784713745117,.
72833,.,0.184894815087318,34.3810005187988,.
72834,.,0.126500323414803,34.4666328430176,.
72835,.,0.100377649068832,34.5026550292969,.
72836,.,0.124940097332001,34.4595222473145,.
72837,.,0.126500323414803,34.4666328430176,.
72838,.,0.144314080476761,34.5807075500488,.
72839,.,0.143327534198761,34.6366767883301,.
72840,.,0.141700282692909,34.6368217468262,.
72841,.,0.125551134347916,34.6301193237305,.
72842,.,0.125551134347916,34.6301193237305,.
72843,.,0.141684025526047,34.636833190918,.
72844,.,0.226713642477989,34.3785514831543,.
72845,.,0.142915606498718,34.6372337341309,.
72846,.,0.12507851421833,34.5662612915039,.
72847,.,0.0954223424196243,34.5732383728027,.
72848,.,0.119689971208572,34.5791206359863,.
72849,.,0.115353159606457,34.5771903991699,.
72850,.,0.117175340652466,34.5681381225586,.
72851,.,0.12302090972662,34.5690727233887,.
72852,.,0.0954223424196243,34.5732383728027,.
72853,.,0.0954223424196243,34.5732383728027,.
72854,.,0.12314909696579,34.5684623718262,.
72855,.,0.128553658723831,34.3711891174316,.
72856,.,0.152940526604652,34.4008865356445,.
72857,.,0.153188928961754,34.3974990844727,.
72858,.,0.140038385987282,34.3645858764648,.
72859,.,0.132932588458061,34.3816566467285,.
72860,.,0.127361312508583,34.4011878967285,.
72861,.,0.140159115195274,34.3638648986816,.
72862,.,0.15311835706234,34.3976821899414,.
72863,.,0.13230487704277,34.3805122375488,.
72864,.,0.137957334518433,34.3897857666016,.
72865,.,0.132908195257187,34.3626441955566,.
72866,.,0.0826722830533981,34.4654273986816,.
72867,.,0.0934435203671455,34.4770660400391,.
72868,.,0.0689555034041405,34.50537109375,.
72869,.,0.093329519033432,34.4605255126953,.
72870,.,0.0708392933011055,34.514949798584,.
72871,.,0.0682873725891113,34.5032806396484,.
72872,.,0.0934326574206352,34.4770011901855,.
72873,.,0.157887384295464,34.2105827331543,.
72874,.,0.0824988409876823,34.4645309448242,.
72875,.,0.0679387599229813,34.503360748291,.
72876,.,0.0903888270258904,34.4599113464355,.
72877,.,0.109265759587288,34.5783653259277,.
72878,.,0.152279615402222,34.5002517700195,.
72879,.,0.109927609562874,34.6215515136719,.
72880,.,0.0796286016702652,34.5945205688477,.
72881,.,0.152279615402222,34.5002517700195,.
72882,.,0.107115529477596,34.5762519836426,.
72883,.,0.113037399947643,34.6178016662598,.
72884,.,0.113519549369812,34.617790222168,.
72885,.,0.0790745690464973,34.598087310791,.
72886,.,0.211003616452217,34.3337936401367,.
72887,.,0.212112948298454,34.3353652954102,.
72888,.,0.161682263016701,34.3410415649414,.
72889,.,0.146608904004097,34.3398056030273,.
72890,.,0.143225073814392,34.3366851806641,.
72891,.,0.14093029499054,34.3076057434082,.
72892,.,0.145932823419571,34.336540222168,.
72893,.,0.146958023309708,34.3396377563477,.
72894,.,0.149696081876755,34.344482421875,.
72895,.,0.14447058737278,34.3356895446777,.
72896,.,0.140850454568863,34.3080062866211,.
72897,.,0.181327953934669,34.3606948852539,.
72898,.,0.0959244072437286,34.390007019043,.
72899,.,0.105651691555977,34.3944854736328,.
72900,.,0.0839490368962288,34.4398460388184,.
72901,.,0.0861568003892899,34.433406829834,.
72902,.,0.0687702819705009,34.4409484863281,.
72903,.,0.0692259073257446,34.4488143920898,.
72904,.,0.0693680197000504,34.4478302001953,.
72905,.,0.0815875679254532,34.4445991516113,.
72906,.,0.0687917768955231,34.4409446716309,.
72907,.,0.0760426670312881,34.4458618164062,.
72908,.,0.0809231027960777,34.4449005126953,.
72909,.,0.176245272159576,34.5726127624512,.
72910,.,0.186171755194664,34.5703392028809,.
72911,.,0.173823907971382,34.5606117248535,.
72912,.,0.185017272830009,34.5771751403809,.
72913,.,0.181555211544037,34.5589447021484,.
72914,.,0.186167135834694,34.5703506469727,.
72915,.,0.173823907971382,34.5606117248535,.
72916,.,0.170488864183426,34.5760536193848,.
72917,.,0.170652985572815,34.5759582519531,.
72918,.,0.204075694084168,34.5096092224121,.
72919,.,0.170911625027657,34.5763549804688,.
72920,.,0.197686299681664,34.5741271972656,.
72921,.,0.109224870800972,34.4106788635254,.
72922,.,0.105332046747208,34.4068069458008,.
72923,.,0.109537273645401,34.4107322692871,.
72924,.,0.113956101238728,34.4054107666016,.
72925,.,0.109251670539379,34.3677062988281,.
72926,.,0.109770156443119,34.3676948547363,.
72927,.,0.103873953223228,34.408748626709,.
72928,.,0.114421457052231,34.4044799804688,.
72929,.,0.101756498217583,34.3777732849121,.
72930,.,0.100148782134056,34.4130554199219,.
72931,.,0.115359418094158,34.3838272094727,.
72932,.,0.111414946615696,34.3962326049805,.
72933,.,0.113620318472385,34.397632598877,.
72934,.,0.108094021677971,34.4047164916992,.
72935,.,0.105673290789127,34.4088249206543,.
72936,.,0.112984366714954,34.3909759521484,.
72937,.,0.10580275952816,34.4080047607422,.
72938,.,0.130199119448662,34.5258445739746,.
72939,.,0.1185252815485,34.596851348877,.
72940,.,0.117987386882305,34.6027030944824,.
72941,.,0.1228254,34.5983953,.
72942,.,0.0907702669501305,34.5888977050781,.
72943,.,0.118193857371807,34.5967864990234,.
72944,.,0.1228254,34.5983953,.
72945,.,0.139518812298775,34.5958518981934,.
72946,.,0.138862237334251,34.5967407226562,.
72947,.,0.1185252815485,34.596851348877,.
72948,.,0.120149292051792,34.6072082519531,.
72949,.,0.129268482327461,34.5879783630371,.
72950,.,0.1205133497715,34.6070747375488,.
72951,.,0.122486971318722,34.601692199707,.
72952,.,0.106070466339588,34.6026802062988,.
72953,.,0.115832582116127,34.6132431030273,.
72954,.,0.138737484812737,34.5968170166016,.
72955,.,0.0907761827111244,34.5888938903809,.
72956,.,0.11911129206419,34.6020011901855,.
72957,.,0.129133254289627,34.593936920166,.
72958,.,0.123248219490051,34.5986709594727,.
72959,.,0.128341108560562,34.5977897644043,.
72960,.,0.134627029299736,34.5879096984863,.
72961,.,0.139490023255348,34.5949592590332,.
72962,.,0.129268482327461,34.5879783630371,.
72963,.,0.140329763293266,34.6006050109863,.
72964,.,0.137620434165001,34.4729652404785,.
72965,.,0.146751224994659,34.4486885070801,.
72966,.,0.140155702829361,34.4607429504395,.
72967,.,0.149451822042465,34.457405090332,.
72968,.,0.129498407244682,34.4671058654785,.
72969,.,0.142842635512352,34.4560775756836,.
72970,.,0.142608866095543,34.4674987792969,.
72971,.,0.144531577825546,34.4578552246094,.
72972,.,0.129498407244682,34.4671058654785,.
72973,.,0.135842263698578,34.4683303833008,.
72974,.,0.149570718407631,34.4568748474121,.
72975,.,0.0571878701448441,34.4401016235352,.
72976,.,0.0606042891740799,34.4564971923828,.
72977,.,0.0586867593228817,34.4463691711426,.
72978,.,0.0593325309455395,34.4508171081543,.
72979,.,0.059408150613308,34.4505996704102,.
72980,.,0.0571455396711826,34.4501609802246,.
72981,.,0.0614686384797096,34.444019317627,.
72982,.,0.0556367300450802,34.4431648254395,.
72983,.,0.13774374127388,34.3561668395996,.
72984,.,0.132749184966087,34.3782272338867,.
72985,.,0.0675030574202538,34.4414672851562,.
72986,.,-0.727155268192291,34.6743202209473,.
72987,.,-0.735233187675476,34.6951446533203,.
72988,.,-0.724699735641479,34.6769065856934,.
72989,.,-0.754937708377838,34.6600761413574,.
72990,.,-0.760040402412415,34.6648368835449,.
72991,.,-0.75331723690033,34.6595840454102,.
72992,.,-0.762931764125824,34.6806335449219,.
72993,.,-0.753582775592804,34.6596717834473,.
72994,.,-0.760089218616486,34.6665077209473,.
72995,.,-0.759669125080109,34.6399726867676,.
72996,.,-0.763547837734222,34.6798248291016,.
72997,.,-0.79797488451004,34.6800270080566,.
72998,.,-0.817811787128448,34.6470985412598,.
72999,.,-0.798248291015625,34.6501960754395,.
73000,.,-0.800328433513641,34.6622505187988,.
73001,.,-0.798701703548431,34.6503715515137,.
73002,.,-0.799020111560822,34.6548538208008,.
73003,.,-0.817432820796967,34.6463737487793,.
73004,.,-0.80044811964035,34.6489944458008,.
73005,.,-0.820589601993561,34.6379890441895,.
73006,.,-0.7993323802948,34.655143737793,.
73007,.,-0.816580355167389,34.6509094238281,.
73008,.,-0.770103514194489,34.6722602844238,.
73009,.,-0.816543579101562,34.6508750915527,.
73010,.,-0.800564110279083,34.6646690368652,.
73011,.,-0.799197316169739,34.654125213623,.
73012,.,-0.808515012264252,34.6523551940918,.
73013,.,-0.797893702983856,34.6803855895996,.
73014,.,-0.799883663654327,34.6622886657715,.
73015,.,-0.80158007144928,34.6835174560547,.
73016,.,-0.799284756183624,34.6690902709961,.
73017,.,-0.811997532844543,34.6466865539551,.
73018,.,-0.801101505756378,34.6407890319824,.
73019,.,-0.800747334957123,34.6405487060547,.
73020,.,-0.800338208675385,34.6627540588379,.
73021,.,-0.791956186294556,34.6585426330566,.
73022,.,-0.746162712574005,34.6631355285645,.
73023,.,-0.740616798400879,34.6594352722168,.
73024,.,-0.736697554588318,34.6773681640625,.
73025,.,-0.808783948421478,34.6570320129395,.
73026,.,-0.736784875392914,34.6777763366699,.
73027,.,-0.811127901077271,34.646671295166,.
73028,.,-0.715767741203308,34.8105964660645,.
73029,.,-0.81353771686554,34.8487968444824,.
73030,.,-0.773769795894623,34.6588554382324,.
73031,.,-0.778873383998871,34.6550483703613,.
73032,.,-0.778590857982635,34.6572189331055,.
73033,.,-0.773757338523865,34.6584434509277,.
73034,.,-0.774224281311035,34.6585121154785,.
73035,.,-0.808934986591339,34.652271270752,.
73036,.,-0.809703946113586,34.6526832580566,.
73037,.,0.0943705886602402,34.6983413696289,.
73038,.,-0.727835178375244,34.6539306640625,.
73039,.,-0.726322293281555,34.6509208679199,.
73040,.,-0.727363407611847,34.6471061706543,.
73041,.,-0.727239549160004,34.6469497680664,.
73042,.,-0.728412508964539,34.6536827087402,.
73043,.,-0.727459251880646,34.6463317871094,.
73044,.,-0.738178431987762,34.7984008789062,.
73045,.,-0.769450187683105,34.6473617553711,.
73046,.,-0.772222995758057,34.6372566223145,.
73047,.,-0.772365033626556,34.6374053955078,.
73048,.,-0.770276308059692,34.6476821899414,.
73049,.,-0.835223615169525,34.6173782348633,.
73050,.,-0.760804116725922,34.7019348144531,.
73051,.,-0.761760890483856,34.7013397216797,.
73052,.,-0.75975227355957,34.7011451721191,.
73053,.,-0.734706342220306,34.71923828125,.
73054,.,-0.773056209087372,34.6973304748535,.
73055,.,-0.740645825862885,34.7165603637695,.
73056,.,-0.734572649002075,34.7192497253418,.
73057,.,-0.773138761520386,34.6965522766113,.
73058,.,-0.777007877826691,34.750545501709,.
73059,.,-0.772558748722076,34.7547988891602,.
73060,.,-0.772231698036194,34.7547912597656,.
73061,.,-0.794493198394775,34.7700805664062,.
73062,.,-0.794305920600891,34.7699165344238,.
73063,.,-0.778240442276001,34.7612037658691,.
73064,.,-0.794968128204346,34.7702903747559,.
73065,.,-0.777474224567413,34.7603378295898,.
73066,.,-0.743227005004883,34.6643333435059,.
73067,.,-0.760492622852325,34.6739387512207,.
73068,.,-0.745691955089569,34.6643142700195,.
73069,.,-0.744767175,34.66512647,.
73070,.,-0.744767175,34.66512647,.
73071,.,-0.738982021808624,34.660400390625,.
73072,.,-0.76107782125473,34.6719093322754,.
73073,.,-0.766017317771912,34.6729278564453,.
73074,.,-0.740733563899994,34.662425994873,.
73075,.,-0.788143634796143,34.7050476074219,.
73076,.,-0.732964992523193,34.6668319702148,.
73077,.,-0.737444996833801,34.6683502197266,.
73078,.,-0.75326532125473,34.677059173584,.
73079,.,-0.747252225875854,34.6951484680176,.
73080,.,-0.744243443012238,34.7011489868164,.
73081,.,-0.744330048561096,34.7005081176758,.
73082,.,-0.737209856510162,34.6925926208496,.
73083,.,-0.744474470615387,34.7013854980469,.
73084,.,-0.765986621379852,34.7813873291016,.
73085,.,-0.765014052391052,34.7814064025879,.
73086,.,-0.750165402889252,34.7736930847168,.
73087,.,-0.748107194900513,34.7703514099121,.
73088,.,-0.749490857124329,34.7737731933594,.
73089,.,-0.7578204870224,34.7834053039551,.
73090,.,-0.760053873062134,34.8088989257812,.
73091,.,-0.754892945289612,34.8060035705566,.
73092,.,-0.768730640411377,34.7882270812988,.
73093,.,-0.830845654010773,34.6991806030273,.
73094,.,-0.727415084838867,34.6410179138184,.
73095,.,-0.722501277923584,34.6413917541504,.
73096,.,-0.726347863674164,34.6391830444336,.
73097,.,-0.728769779205322,34.6574363708496,.
73098,.,-0.730814099311829,34.7760925292969,.
73099,.,-0.74696010351181,34.7919769287109,.
73100,.,-0.731054842472076,34.7817268371582,.
73101,.,-0.743165850639343,34.7778968811035,.
73102,.,-0.730296075344086,34.7748413085938,.
73103,.,-0.74651837348938,34.7917137145996,.
73104,.,-0.731031060218811,34.7811584472656,.
73105,.,-0.730631709098816,34.7762641906738,.
73106,.,-0.73903101682663,34.7853698730469,.
73107,.,-0.743281245231628,34.7779502868652,.
73108,.,-0.745249509811401,34.7968673706055,.
73109,.,-0.737717807292938,34.7846336364746,.
73110,.,-0.744413912296295,34.7937889099121,.
73111,.,-0.738445103168488,34.7911071777344,.
73112,.,-0.743798035,34.64054644,.
73113,.,-0.746148288249969,34.6372756958008,.
73114,.,-0.747476100921631,34.6337928771973,.
73115,.,-0.723511755466461,34.765926361084,.
73116,.,-0.699508786201477,34.7795715332031,.
73117,.,-0.47060438990593,34.8985404968262,.
73118,.,-0.470985412597656,34.8981781005859,.
73119,.,-0.470606565475464,34.8991928100586,.
73120,.,-0.470938384532929,34.8986434936523,.
73121,.,-0.384271800518036,34.905948638916,.
73122,.,-0.384385198354721,34.905948638916,.
73123,.,-0.385184794664383,34.9086494445801,.
73124,.,-0.399623066186905,34.922966003418,.
73125,.,-0.398491680622101,34.9259223937988,.
73126,.,-0.390672296285629,34.9288635253906,.
73127,.,-0.40001517534256,34.9224128723145,.
73128,.,-0.402422875165939,34.9205665588379,.
73129,.,-0.389756321907044,34.9253044128418,.
73130,.,-0.40249639749527,34.9205932617188,.
73131,.,-0.382947742938995,34.9072456359863,.
73132,.,-0.397939622402191,34.9297904968262,.
73133,.,-0.390502005815506,34.9259033203125,.
73134,.,-0.382947742938995,34.9072456359863,.
73135,.,-0.392486393451691,34.8969421386719,.
73136,.,-0.390781462192535,34.9008026123047,.
73137,.,-0.399583756923675,34.9229278564453,.
73138,.,-0.390672296285629,34.9288635253906,.
73139,.,-0.390385001897812,34.9259071350098,.
73140,.,-0.39177542924881,34.948429107666,.
73141,.,-0.4030878,34.9417837,.
73142,.,-0.399486780166626,34.9464111328125,.
73143,.,-0.4030878,34.9417837,.
73144,.,-0.400018036365509,34.9463844299316,.
73145,.,-0.4030878,34.9417837,.
73146,.,-0.4030878,34.9417837,.
73147,.,-0.391439616680145,34.9474983215332,.
73148,.,-0.404165506362915,34.8301467895508,.
73149,.,-0.410633474588394,34.8172492980957,.
73150,.,-0.400277376174927,34.8144836425781,.
73151,.,-0.410551071166992,34.8171997070312,.
73152,.,-0.391195118427277,34.8123626708984,.
73153,.,-0.404237896203995,34.830150604248,.
73154,.,-0.406513750553131,34.8704147338867,.
73155,.,-0.422224372625351,34.8592262268066,.
73156,.,-0.408036321401596,34.8709945678711,.
73157,.,-0.40651661157608,34.8704223632812,.
73158,.,-0.420480400323868,34.8574028015137,.
73159,.,-0.422270268201828,34.8592071533203,.
73160,.,-0.500330567359924,34.8404083251953,.
73161,.,-0.50074303150177,34.841194152832,.
73162,.,-0.434383928775787,34.8701095581055,.
73163,.,-0.432247579097748,34.874828338623,.
73164,.,-0.433193802833557,34.8700866699219,.
73165,.,-0.438999533653259,34.8729476928711,.
73166,.,-0.433088034391403,34.8746566772461,.
73167,.,-0.434383928775787,34.8701095581055,.
73168,.,-0.428968459367752,34.8669013977051,.
73169,.,-0.438159644603729,34.8581581115723,.
73170,.,-0.440030604600906,34.8717002868652,.
73171,.,-0.429840058088303,34.8588790893555,.
73172,.,-0.428979635238648,34.8588180541992,.
73173,.,-0.430128008127213,34.8564109802246,.
73174,.,-0.454679816961289,34.9045829772949,.
73175,.,-0.455824434757233,34.9036979675293,.
73176,.,-0.457193225622177,34.9039115905762,.
73177,.,-0.455242931842804,34.90478515625,.
73178,.,-0.42243966460228,34.9878044128418,.
73179,.,-0.410913288593292,34.8585891723633,.
73180,.,-0.398138850927353,34.8691673278809,.
73181,.,-0.399561077356339,34.8523979187012,.
73182,.,-0.400119423866272,34.8559455871582,.
73183,.,-0.399690061807633,34.8523025512695,.
73184,.,-0.40061017870903,34.8681411743164,.
73185,.,-0.40024745464325,34.8685417175293,.
73186,.,-0.395809143781662,34.8564643859863,.
73187,.,-0.428787142038345,34.8586540222168,.
73188,.,-0.418284952640534,34.9434967041016,.
73189,.,-0.413678288459778,34.9367027282715,.
73190,.,-0.426384180784226,34.936393737793,.
73191,.,-0.411678403615951,34.9203491210938,.
73192,.,-0.423913419246674,34.9398574829102,.
73193,.,-0.423879653215408,34.9404411315918,.
73194,.,-0.416251957416534,34.9348258972168,.
73195,.,-0.413670569658279,34.9367332458496,.
73196,.,-0.418593555688858,34.9436569213867,.
73197,.,-0.413248866796493,34.918399810791,.
73198,.,-0.418888956308365,34.9441566467285,.
73199,.,-0.414148390293121,34.9194412231445,.
73200,.,-0.426786750555039,34.9370613098145,.
73201,.,-0.426187604665756,34.9368591308594,.
73202,.,-0.347875863313675,34.9922714233398,.
73203,.,-0.350923329591751,34.9999809265137,.
73204,.,-0.340402126312256,35.0011978149414,.
73205,.,-0.34049990773201,35.0012092590332,.
73206,.,-0.346893340349197,34.9921226501465,.
73207,.,-0.346437275409698,34.9946670532227,.
73208,.,-0.365167617797852,34.997932434082,.
73209,.,-0.346762925386429,34.9941787719727,.
73210,.,-0.345639824867248,35.0043601989746,.
73211,.,-0.454075366258621,34.945686340332,.
73212,.,-0.3882737159729,34.9780921936035,.
73213,.,-0.388252645730972,35.0069046020508,.
73214,.,-0.39671266078949,35.0037536621094,.
73215,.,-0.410465836524963,34.9469871520996,.
73216,.,-0.412839472293854,34.9448051452637,.
73217,.,-0.405962347984314,34.9553451538086,.
73218,.,-0.406117379665375,34.9554023742676,.
73219,.,-0.405161947011948,34.9541397094727,.
73220,.,-0.403968960046768,34.9371452331543,.
73221,.,-0.400098592042923,35.0150947570801,.
73222,.,-0.427418649196625,34.9955177307129,.
73223,.,-0.400029987096786,35.0150604248047,.
73224,.,-0.417488425970078,35.0145797729492,.
73225,.,-0.414122968912125,34.9938468933105,.
73226,.,-0.425169050693512,34.8890953063965,.
73227,.,-0.44203794002533,34.9120178222656,.
73228,.,-0.442982971668243,34.9019393920898,.
73229,.,-0.424658507108688,34.8895263671875,.
73230,.,-0.44217112660408,34.9025344848633,.
73231,.,-0.44617423415184,34.9076499938965,.
73232,.,-0.433958798646927,34.895580291748,.
73233,.,-0.447342932224274,34.9000091552734,.
73234,.,-0.425756186246872,34.8900337219238,.
73235,.,-0.442389905452728,34.9025993347168,.
73236,.,-0.442672789096832,34.8564758300781,.
73237,.,-0.409514844417572,34.8558654785156,.
73238,.,-0.409252196550369,34.8629570007324,.
73239,.,-0.4116354,34.8494647,.
73240,.,-0.409262478351593,34.8629493713379,.
73241,.,-0.409450143575668,34.862174987793,.
73242,.,-0.404874116182327,34.8320693969727,.
73243,.,-0.39639201760292,34.8552017211914,.
73244,.,-0.39789217710495,34.8533020019531,.
73245,.,-0.4116354,34.8494647,.
73246,.,-0.409546822309494,34.8621215820312,.
73247,.,-0.442672789096832,34.8564758300781,.
73248,.,-0.407794922590256,34.864372253418,.
73249,.,-0.399849206209183,34.8494606018066,.
73250,.,-0.409575015306473,34.855785369873,.
73251,.,-0.442672789096832,34.8564758300781,.
73252,.,-0.442672789096832,34.8564758300781,.
73253,.,-0.442672789096832,34.8564758300781,.
73254,.,-0.39985266327858,34.8494148254395,.
73255,.,-0.4186537,34.9320364,.
73256,.,-0.415933698415756,34.9300117492676,.
73257,.,-0.4186537,34.9320364,.
73258,.,-0.434224218130112,34.9261283874512,.
73259,.,-0.433187991380691,34.923282623291,.
73260,.,-0.433198899030685,34.9231948852539,.
73261,.,-0.41305223107338,34.9448852539062,.
73262,.,0.387385100126266,34.9374351501465,.
73263,.,0.387649416923523,34.9366645812988,.
73264,.,0.373294413089752,34.9198417663574,.
73265,.,0.371946603059769,34.9217224121094,.
73266,.,0.380282759666443,34.9192657470703,.
73267,.,0.36216926574707,34.933536529541,.
73268,.,0.387845456600189,34.9366874694824,.
73269,.,0.379593700170517,34.9193153381348,.
73270,.,0.581928074359894,34.5583763122559,.
73271,.,0.581908226013184,34.5583915710449,.
73272,.,0.336363971233368,34.6876831054688,.
73273,.,0.319514960050583,34.6970252990723,.
73274,.,0.331141382455826,34.6884994506836,.
73275,.,0.324171543121338,34.7057189941406,.
73276,.,0.336956173181534,34.6870574951172,.
73277,.,0.331399351358414,34.6891975402832,.
73278,.,0.311660081148148,34.6609764099121,.
73279,.,0.317939400672913,34.6784400939941,.
73280,.,0.26342386007309,34.6946144104004,.
73281,.,0.312519401311874,34.6921005249023,.
73282,.,0.311008542776108,34.6870231628418,.
73283,.,0.311872094869614,34.6926002502441,.
73284,.,0.317939400672913,34.6784400939941,.
73285,.,0.31820547580719,34.6772193908691,.
73286,.,0.311026871204376,34.6869812011719,.
73287,.,0.311586111783981,34.661319732666,.
73288,.,0.415778607130051,34.9478607177734,.
73289,.,0.415801912546158,34.9478721618652,.
73290,.,0.399820506572723,34.9211196899414,.
73291,.,0.411251217126846,34.9364395141602,.
73292,.,0.404052287340164,34.9234161376953,.
73293,.,0.40347558259964,34.920825958252,.
73294,.,0.403533518314362,34.9208297729492,.
73295,.,0.581808507442474,34.5584716796875,.
73296,.,0.581871211528778,34.5585594177246,.
73297,.,0.20152197778225,34.9259605407715,.
73298,.,0.201258420944214,34.9264907836914,.
73299,.,0.204247906804085,34.9218673706055,.
73300,.,0.202711716294289,34.9225158691406,.
73301,.,0.374925255775452,34.9037132263184,.
73302,.,0.370660871267319,34.8986778259277,.
73303,.,0.350346267223358,34.9343872070312,.
73304,.,0.372621297836304,34.9057083129883,.
73305,.,0.375015676021576,34.9034996032715,.
73306,.,0.370595425367355,34.8961334228516,.
73307,.,0.371464520692825,34.9054298400879,.
73308,.,0.350307524204254,34.9345092773438,.
73309,.,0.37559711933136,34.9033737182617,.
73310,.,0.370482593774795,34.8956871032715,.
73311,.,0.581932008266449,34.5583648681641,.
73312,.,0.581946492195129,34.558349609375,.
73313,.,0.328885287046432,34.9170150756836,.
73314,.,0.328928738832474,34.9169464111328,.
73315,.,0.351867526769638,34.9312934875488,.
73316,.,0.352928251028061,34.9309844970703,.
73317,.,0.3265021443367,34.9321670532227,.
73318,.,0.329232007265091,34.9218521118164,.
73319,.,0.315658837556839,34.9350776672363,.
73320,.,0.352780073881149,34.9309425354004,.
73321,.,0.329795658588409,34.9225006103516,.
73322,.,0.315621256828308,34.9377136230469,.
73323,.,0.315870702266693,34.937744140625,.
73324,.,0.330165326595306,34.9215202331543,.
73325,.,0.311177104711533,34.7795677185059,.
73326,.,0.268787324428558,34.8165702819824,.
73327,.,0.275543451309204,34.8258323669434,.
73328,.,0.268790632486343,34.8165626525879,.
73329,.,0.274998426437378,34.8230972290039,.
73330,.,0.275599479675293,34.8257751464844,.
73331,.,0.276697129011154,34.8313102722168,.
73332,.,0.269479781389237,34.8165321350098,.
73333,.,0.3101706802845,34.7217102050781,.
73334,.,0.309395790100098,34.7314872741699,.
73335,.,0.309417992830276,34.7314605712891,.
73336,.,0.399999111890793,34.7013359069824,.
73337,.,0.393830269575119,34.6988296508789,.
73338,.,0.582901775836945,34.5593032836914,.
73339,.,0.339979737997055,34.8218688964844,.
73340,.,0.361348927021027,34.8259315490723,.
73341,.,0.341013461351395,34.8123168945312,.
73342,.,0.340528398752213,34.811653137207,.
73343,.,0.361334979534149,34.8258399963379,.
73344,.,0.357741594314575,34.843132019043,.
73345,.,0.358155995607376,34.8261871337891,.
73346,.,0.339915752410889,34.82177734375,.
73347,.,0.339842200279236,34.821102142334,.
73348,.,0.582901775836945,34.5593032836914,.
73349,.,0.358218431472778,34.8262519836426,.
73350,.,0.314173072576523,34.6400489807129,.
73351,.,0.314185291528702,34.6401214599609,.
73352,.,0.338710486888885,34.6608200073242,.
73353,.,0.339945882558823,34.6608238220215,.
73354,.,0.29875648021698,34.6608238220215,.
73355,.,0.33678212761879,34.664737701416,.
73356,.,0.372285723686218,34.7116432189941,.
73357,.,0.329497337341309,34.6680717468262,.
73358,.,0.329461604356766,34.6670074462891,.
73359,.,0.348941028118133,34.6946334838867,.
73360,.,0.33648419380188,34.6766128540039,.
73361,.,0.338286489248276,34.6948471069336,.
73362,.,0.348858594894409,34.6947784423828,.
73363,.,0.336447507143021,34.676685333252,.
73364,.,0.285399556159973,34.8271789550781,.
73365,.,0.289204210042953,34.8186264038086,.
73366,.,0.28535869717598,34.8271980285645,.
73367,.,0.293208241462708,34.8003768920898,.
73368,.,0.281259655952454,34.7962036132812,.
73369,.,0.285556942224503,34.8269462585449,.
73370,.,0.281290352344513,34.7962265014648,.
73371,.,0.293781131505966,34.7045478820801,.
73372,.,0.264124721288681,34.7143325805664,.
73373,.,0.290860503911972,34.7021179199219,.
73374,.,0.290860503911972,34.7021179199219,.
73375,.,0.279955953359604,34.7097854614258,.
73376,.,0.263232916593552,34.7126274108887,.
73377,.,0.360322505235672,34.7279319763184,.
73378,.,0.35919052362442,34.7285652160645,.
73379,.,0.36110258102417,34.724479675293,.
73380,.,0.360897779464722,34.7248573303223,.
73381,.,0.36046689748764,34.7277870178223,.
73382,.,0.357268214225769,34.7339401245117,.
73383,.,0.359757214784622,34.7204360961914,.
73384,.,0.357246845960617,34.7334365844727,.
73385,.,0.359012544155121,34.7287826538086,.
73386,.,0.387950301170349,34.850944519043,.
73387,.,0.388119488954544,34.8507652282715,.
73388,.,0.250636905431747,34.9517936706543,.
73389,.,0.259815216064453,34.9505081176758,.
73390,.,0.244383305311203,34.948299407959,.
73391,.,0.250718206167221,34.9519309997559,.
73392,.,0.244419515132904,34.9481925964355,.
73393,.,0.265091866254807,34.9221572875977,.
73394,.,0.25499501824379,34.923526763916,.
73395,.,0.255705595016479,34.9450073242188,.
73396,.,0.343634039163589,34.6971778869629,.
73397,.,0.35072386264801,34.7689476013184,.
73398,.,0.230623245239258,34.5235137939453,.
73399,.,0.318083167076111,34.5982704162598,.
73400,.,0.316764414310455,34.6124877929688,.
73401,.,0.387878566980362,34.8769454956055,.
73402,.,0.411971896886826,34.8581733703613,.
73403,.,0.377071350812912,34.8648147583008,.
73404,.,0.410553395748138,34.8575019836426,.
73405,.,0.387861341238022,34.8769264221191,.
73406,.,0.403155088424683,34.8661003112793,.
73407,.,0.403181195259094,34.8660545349121,.
73408,.,0.326231509447098,34.7959136962891,.
73409,.,0.318347632884979,34.7983055114746,.
73410,.,0.320442467927933,34.7961692810059,.
73411,.,0.408795386552811,34.9155769348145,.
73412,.,0.415134936571121,34.866340637207,.
73413,.,0.412193953990936,34.8573570251465,.
73414,.,0.40667137503624,34.8693733215332,.
73415,.,0.409526318311691,34.8705825805664,.
73416,.,0.415122836828232,34.8589897155762,.
73417,.,0.408797144889831,34.9155807495117,.
73418,.,0.411772131919861,34.8577079772949,.
73419,.,0.406747788190842,34.908878326416,.
73420,.,0.310184240341187,34.7756385803223,.
73421,.,0.310102999210358,34.7756156921387,.
73422,.,0.302266269922257,34.7764701843262,.
73423,.,0.272465288639069,34.8128890991211,.
73424,.,0.305649876594544,34.7778930664062,.
73425,.,0.310034662485123,34.5932655334473,.
73426,.,0.268622398376465,34.8189315795898,.
73427,.,0.277607411146164,34.8265991210938,.
73428,.,0.268632918596268,34.8189392089844,.
73429,.,0.270900726318359,34.8049926757812,.
73430,.,0.277577400207519,34.8266487121582,.
73431,.,0.216432332992554,34.6720542907715,.
73432,.,0.217669546604156,34.6616630554199,.
73433,.,0.221847385168076,34.6752586364746,.
73434,.,0.224668234586716,34.6737442016602,.
73435,.,0.221552342176437,34.6753883361816,.
73436,.,0.2229013890028,34.6722793579102,.
73437,.,0.215649783611298,34.6722183227539,.
73438,.,0.235713452100754,34.6433448791504,.
73439,.,0.396268367767334,34.6804008483887,.
73440,.,0.396985948085785,34.6794090270996,.
73441,.,0.394828945398331,34.6824417114258,.
73442,.,0.408982694149017,34.6804618835449,.
73443,.,0.360884726047516,34.8414001464844,.
73444,.,0.360918968915939,34.8442153930664,.
73445,.,0.361016035079956,34.8265151977539,.
73446,.,0.255153208971024,34.7014541625977,.
73447,.,0.253351956605911,34.7081336975098,.
73448,.,0.257460832595825,34.705509185791,.
73449,.,0.249000415205956,34.6891098022461,.
73450,.,0.257557809352875,34.7054557800293,.
73451,.,0.255162835121155,34.7015037536621,.
73452,.,0.253203451633453,34.7026405334473,.
73453,.,0.241380423307419,34.6894493103027,.
73454,.,0.243758097290993,34.6902770996094,.
73455,.,0.333540886640549,34.7314605712891,.
73456,.,0.336387544870377,34.7254028320312,.
73457,.,0.326175570487976,34.7367057800293,.
73458,.,0.318519115447998,34.7353019714355,.
73459,.,0.32305970788002,34.7488822937012,.
73460,.,0.333540886640549,34.7314605712891,.
73461,.,0.337297588586807,34.7243766784668,.
73462,.,0.314249187707901,34.7493629455566,.
73463,.,0.246133714914322,34.7872009277344,.
73464,.,0.277660548686981,34.8256492614746,.
73465,.,0.282682836055756,34.8185119628906,.
73466,.,0.27806282043457,34.8108215332031,.
73467,.,0.282659888267517,34.8184661865234,.
73468,.,0.189586579799652,34.7111892700195,.
73469,.,0.367904275655747,34.6764793395996,.
73470,.,0.388395845890045,34.7191696166992,.
73471,.,0.367652326822281,34.6759262084961,.
73472,.,0.369758814573288,34.6996994018555,.
73473,.,0.370055705308914,34.690258026123,.
73474,.,0.373766779899597,34.6782188415527,.
73475,.,0.369772702455521,34.6996040344238,.
73476,.,0.367969959974289,34.6772422790527,.
73477,.,0.370066523551941,34.6942176818848,.
73478,.,0.370012015104294,34.6902503967285,.
73479,.,0.373390406370163,34.6965179443359,.
73480,.,0.184401616454125,35.0127830505371,.
73481,.,0.0827042609453201,34.7454833984375,.
73482,.,0.0865741819143295,34.7480850219727,.
73483,.,0.161847352981567,34.6613121032715,.
73484,.,0.156740307807922,34.6766548156738,.
73485,.,0.15789495408535,34.656795501709,.
73486,.,0.158812627196312,34.6592063903809,.
73487,.,0.161061808466911,34.6579475402832,.
73488,.,0.152168020606041,34.6665916442871,.
73489,.,0.160228386521339,34.658634185791,.
73490,.,0.161812424659729,34.6614723205566,.
73491,.,0.160897329449654,34.6589775085449,.
73492,.,0.158021688461304,34.6570243835449,.
73493,.,0.151837915182114,34.6370468139648,.
73494,.,0.157454237341881,34.6571426391602,.
73495,.,0.161856114864349,34.6594505310059,.
73496,.,0.157414242625237,34.6588516235352,.
73497,.,0.159702882170677,34.6582832336426,.
73498,.,0.170903548598289,34.8197250366211,.
73499,.,0.183331489562988,34.8266983032227,.
73500,.,0.183502778410912,34.8265724182129,.
73501,.,0.269063889980316,34.7529754638672,.
73502,.,0.231968015432358,34.8147087097168,.
73503,.,0.231853574514389,34.8143692016602,.
73504,.,0.195386588573456,34.8173828125,.
73505,.,0.195431277155876,34.8176727294922,.
73506,.,0.194784641265869,34.8150215148926,.
73507,.,0.184606939554215,34.8108520507812,.
73508,.,0.189534619450569,34.7004547119141,.
73509,.,0.25211039185524,34.8018379211426,.
73510,.,0.251332491636276,34.8020286560059,.
73511,.,0.275721669197083,34.7507629394531,.
73512,.,0.195290461182594,34.7241096496582,.
73513,.,0.135029479861259,34.6689643859863,.
73514,.,0.124267719686031,34.6681747436523,.
73515,.,0.130655497312546,34.6811676025391,.
73516,.,0.140158429741859,34.6760673522949,.
73517,.,0.133011236786842,34.6761856079102,.
73518,.,0.132533758878708,34.6732902526855,.
73519,.,0.144065067172051,34.6803359985352,.
73520,.,0.123525127768516,34.669261932373,.
73521,.,0.128738328814507,34.6800346374512,.
73522,.,0.12505878508091,34.6585388183594,.
73523,.,0.139384090900421,34.6713905334473,.
73524,.,0.132217407226562,34.6759185791016,.
73525,.,0.139571636915207,34.6713409423828,.
73526,.,0.124918788671494,34.6622581481934,.
73527,.,0.132073402404785,34.6758728027344,.
73528,.,0.136476457118988,34.9215774536133,.
73529,.,0.13413779437542,34.9217376708984,.
73530,.,0.135225385427475,34.9200325012207,.
73531,.,0.115385301411152,34.7283668518066,.
73532,.,0.129132151603699,34.9226837158203,.
73533,.,0.199009045958519,34.7440948486328,.
73534,.,0.283833831548691,34.7452812194824,.
73535,.,0.218307986855507,34.7471466064453,.
73536,.,0.199043333530426,34.7441825866699,.
73537,.,0.0886477380990982,34.7012710571289,.
73538,.,0.213566675782204,34.7502326965332,.
73539,.,0.200596034526825,34.6920051574707,.
73540,.,0.197261914610863,34.6704750061035,.
73541,.,0.204264521598816,34.6917686462402,.
73542,.,0.205852642655373,34.6926002502441,.
73543,.,0.195749074220657,34.6931381225586,.
73544,.,0.1632010191679,34.6721076965332,.
73545,.,0.165810436010361,34.6701164245605,.
73546,.,0.194948300719261,34.6704597473145,.
73547,.,0.205088406801224,34.6937484741211,.
73548,.,0.200613141059875,34.6919975280762,.
73549,.,0.16326792538166,34.6721572875977,.
73550,.,0.18407815694809,34.6889877319336,.
73551,.,0.184658885002136,34.6911125183105,.
73552,.,0.152693882584572,34.7472839355469,.
73553,.,0.0841456204652786,34.728946685791,.
73554,.,0.150521799921989,34.7731704711914,.
73555,.,0.0831339135766029,34.7056007385254,.
73556,.,0.0780269578099251,34.6872978210449,.
73557,.,0.0779168680310249,34.6868324279785,.
73558,.,0.151711285114288,34.7731132507324,.
73559,.,0.173429980874062,34.7749366760254,.
73560,.,0.184065461158752,34.663387298584,.
73561,.,0.200275853276253,34.658447265625,.
73562,.,0.203207582235336,34.6610298156738,.
73563,.,0.200440645217896,34.6538352966309,.
73564,.,0.180446714162827,34.6380462646484,.
73565,.,0.180345326662064,34.6378631591797,.
73566,.,0.176995724439621,34.6279220581055,.
73567,.,0.191469445824623,34.6341514587402,.
73568,.,0.161089465022087,34.7200202941895,.
73569,.,0.161064550280571,34.7200355529785,.
73570,.,0.267026752233505,34.7489356994629,.
73571,.,0.161832809448242,34.6960563659668,.
73572,.,0.155885055661202,34.6855392456055,.
73573,.,0.143428146839142,34.7020530700684,.
73574,.,0.153255134820938,34.6843223571777,.
73575,.,0.202098533511162,34.691291809082,.
73576,.,0.156337633728981,34.686279296875,.
73577,.,0.16156667470932,34.7155303955078,.
73578,.,0.134266212582588,34.7258796691895,.
73579,.,0.133662596344948,34.7248573303223,.
73580,.,0.185341775417328,34.8082122802734,.
73581,.,0.157446891069412,34.7287292480469,.
73582,.,0.157980427145958,34.7341537475586,.
73583,.,0.129184886813164,34.7319488525391,.
73584,.,0.133840814232826,34.7242851257324,.
73585,.,0.134257972240448,34.7259063720703,.
73586,.,0.136909827589989,34.7236862182617,.
73587,.,0.128466814756393,34.7175445556641,.
73588,.,0.157983675599098,34.7341156005859,.
73589,.,0.225489392876625,34.8080787658691,.
73590,.,0.225287452340126,34.8085403442383,.
73591,.,0.224259674549103,34.8176498413086,.
73592,.,0.231656342744827,34.780876159668,.
73593,.,0.240008592605591,34.789722442627,.
73594,.,0.224195793271065,34.8176231384277,.
73595,.,0.23409016430378,34.7977256774902,.
73596,.,0.23402726650238,34.7968139648438,.
73597,.,0.234360113739967,34.7976036071777,.
73598,.,0.235357716679573,34.8521728515625,.
73599,.,0.128989353775978,34.7000465393066,.
73600,.,0.130599692463875,34.7045440673828,.
73601,.,0.132192403078079,34.6985130310059,.
73602,.,0.134524524211883,34.696834564209,.
73603,.,0.131306141614914,34.6976585388184,.
73604,.,0.13379180431366,34.722526550293,.
73605,.,0.128817826509476,34.7003479003906,.
73606,.,0.222071647644043,34.7023582458496,.
73607,.,0.221577197313309,34.7017250061035,.
73608,.,0.221493676304817,34.7020721435547,.
73609,.,0.195998013019562,34.730712890625,.
73610,.,0.195957958698273,34.7307052612305,.
73611,.,0.14678418636322,34.7802505493164,.
73612,.,0.135092079639435,34.7410278320312,.
73613,.,0.24896502494812,34.8381080627441,.
73614,.,0.247054800391197,34.8369979858398,.
73615,.,0.248904719948769,34.8383941650391,.
73616,.,0.233698576688767,34.8530883789062,.
73617,.,0.257054358720779,34.8282775878906,.
73618,.,0.227381095290184,34.8249664306641,.
73619,.,0.233657345175743,34.8530006408691,.
73620,.,0.23469777405262,34.8476181030273,.
73621,.,0.234303787350655,34.8538970947266,.
73622,.,0.235742837190628,34.8519821166992,.
73623,.,0.220376953482628,34.782600402832,.
73624,.,0.22218568623066,34.7845153808594,.
73625,.,0.222157686948776,34.7798347473145,.
73626,.,0.145450055599213,34.789608001709,.
73627,.,0.139487206935883,34.7875213623047,.
73628,.,0.139284208416939,34.7872924804688,.
73629,.,0.891615808010101,34.9330062866211,.
73630,.,0.654808402061462,34.6402549743652,.
73631,.,0.672691285610199,34.6360244750977,.
73632,.,0.856964647769928,34.7900009155273,.
73633,.,0.856964647769928,34.7900009155273,.
73634,.,0.818547010421753,34.6963386535645,.
73635,.,0.889622151851654,34.9260330200195,.
73636,.,0.776512444019318,34.599365234375,.
73637,.,0.767685174942017,34.5994033813477,.
73638,.,0.748907446861267,34.6083145141602,.
73639,.,0.766967535018921,34.6003875732422,.
73640,.,0.776362299919128,34.5983581542969,.
73641,.,0.766476690769196,34.5951042175293,.
73642,.,0.76590758562088,34.5966110229492,.
73643,.,0.776494085788727,34.5993194580078,.
73644,.,0.758098244667053,34.5901947021484,.
73645,.,0.764374613761902,34.5967788696289,.
73646,.,0.768273651599884,34.6025695800781,.
73647,.,0.767677068710327,34.5994071960449,.
73648,.,0.624640583992004,34.6606788635254,.
73649,.,0.642041504383087,34.6390571594238,.
73650,.,0.620888352394104,34.6593322753906,.
73651,.,0.659409046173096,34.6459884643555,.
73652,.,0.617814183235168,34.6578598022461,.
73653,.,0.608010411262512,34.6345176696777,.
73654,.,0.623773336410522,34.6415939331055,.
73655,.,0.615381956100464,34.6164894104004,.
73656,.,0.659409046173096,34.6459884643555,.
73657,.,0.615381956100464,34.6164894104004,.
73658,.,0.620963990688324,34.6596450805664,.
73659,.,0.795685827732086,34.6392097473145,.
73660,.,0.789759993553162,34.6351051330566,.
73661,.,0.781521558761597,34.6463928222656,.
73662,.,0.781964898109436,34.6470642089844,.
73663,.,0.796164333820343,34.6406021118164,.
73664,.,0.788031101226807,34.6351318359375,.
73665,.,0.665635108947754,34.6357727050781,.
73666,.,0.633490383625031,34.6340217590332,.
73667,.,0.652572631835938,34.6423454284668,.
73668,.,0.642614901065826,34.6337242126465,.
73669,.,0.650340676307678,34.6394348144531,.
73670,.,0.642369627952576,34.6319541931152,.
73671,.,0.643225312232971,34.6321754455566,.
73672,.,0.637772917747498,34.6385116577148,.
73673,.,0.665648281574249,34.6357917785645,.
73674,.,0.642632186412811,34.6337547302246,.
73675,.,0.642369627952576,34.6319541931152,.
73676,.,0.641999900341034,34.6335716247559,.
73677,.,0.677125632762909,34.6374664306641,.
73678,.,0.834390699863434,34.7851333618164,.
73679,.,1.03437924385071,34.9886894226074,.
73680,.,0.581940293312073,34.5584335327148,.
73681,.,0.826408386230469,34.8028106689453,.
73682,.,0.838061094284058,34.7637672424316,.
73683,.,1.03437924385071,34.9886894226074,.
73684,.,0.838061094284058,34.7637672424316,.
73685,.,0.581940293312073,34.5584335327148,.
73686,.,0.581857621669769,34.5584182739258,.
73687,.,0.815744280815125,34.7918167114258,.
73688,.,0.812974870204926,34.7887420654297,.
73689,.,0.801864087581635,34.8063926696777,.
73690,.,0.578823149204254,34.5549774169922,.
73691,.,0.812974870204926,34.7887420654297,.
73692,.,0.801864087581635,34.8063926696777,.
73693,.,0.804367661476135,34.8080673217773,.
73694,.,0.813871324062347,34.7895431518555,.
73695,.,0.804172039031982,34.8057289123535,.
73696,.,0.641016602516174,34.6151313781738,.
73697,.,0.643002033233643,34.6121940612793,.
73698,.,0.815744280815125,34.7918167114258,.
73699,.,0.581922709941864,34.5584259033203,.
73700,.,0.691885054111481,34.5888824462891,.
73701,.,0.815744280815125,34.7918167114258,.
73702,.,0.691878616809845,34.5897178649902,.
73703,.,0.679185748100281,34.5806198120117,.
73704,.,0.836815237998962,34.7642936706543,.
73705,.,0.791866540908813,34.6505241394043,.
73706,.,0.796129822731018,34.6659202575684,.
73707,.,0.795950531959534,34.6468086242676,.
73708,.,0.615541338920593,34.6153144836426,.
73709,.,0.625928521156311,34.6180572509766,.
73710,.,0.609919428825378,34.6176300048828,.
73711,.,0.615541338920593,34.6151275634766,.
73712,.,0.609842121601105,34.6176681518555,.
73713,.,0.610304474830627,34.6170806884766,.
73714,.,0.631135761737823,34.6280288696289,.
73715,.,0.591804027557373,34.6224822998047,.
73716,.,0.627413749694824,34.6258163452148,.
73717,.,0.606181859970093,34.6242218017578,.
73718,.,0.631320655345917,34.6283149719238,.
73719,.,0.606181859970093,34.6242218017578,.
73720,.,0.719076216220856,34.6283988952637,.
73721,.,0.804432511329651,34.6941833496094,.
73722,.,0.797919929027557,34.6942138671875,.
73723,.,0.804646074771881,34.6907043457031,.
73724,.,0.803516149520874,34.6811065673828,.
73725,.,0.802263021469116,34.652645111084,.
73726,.,0.802287697792053,34.6526832580566,.
73727,.,0.797773403,34.6669588,.
73728,.,0.802717566490173,34.6536064147949,.
73729,.,0.886472105979919,34.9439964294434,.
73730,.,0.805753767490387,34.6641235351562,.
73731,.,0.800662577152252,34.6466064453125,.
73732,.,0.807123243808746,34.6656188964844,.
73733,.,0.797773403,34.6669588,.
73734,.,0.799698293209076,34.6472473144531,.
73735,.,0.864597916603088,34.7141914367676,.
73736,.,0.86272919178009,34.7050743103027,.
73737,.,0.86272919178009,34.7050743103027,.
73738,.,0.868981778621674,34.7322387695312,.
73739,.,0.86871612071991,34.7321395874023,.
73740,.,0.868965268135071,34.7322540283203,.
73741,.,0.891010880470276,34.9310760498047,.
73742,.,0.803168594837189,34.7332305908203,.
73743,.,0.838061094284058,34.7637672424316,.
73744,.,0.581891417503357,34.5584106445312,.
73745,.,0.581911444664001,34.5584144592285,.
73746,.,0.7762051820755,34.6026954650879,.
73747,.,0.841932773590088,34.8671989440918,.
73748,.,0.842051386833191,34.8674736022949,.
73749,.,0.776176571846008,34.6027030944824,.
73750,.,0.778838813304901,34.6046676635742,.
73751,.,0.778759300708771,34.5954170227051,.
73752,.,0.758177829,34.60846018,.
73753,.,0.581984102725983,34.5585594177246,.
73754,.,0.635043263435364,34.6316375732422,.
73755,.,0.627104341983795,34.641674041748,.
73756,.,0.635296702384949,34.6331901550293,.
73757,.,0.633191764354706,34.634147644043,.
73758,.,0.634753525257111,34.6317520141602,.
73759,.,0.656417489051819,34.6371421813965,.
73760,.,0.627182483673096,34.641674041748,.
73761,.,0.656508147716522,34.6371078491211,.
73762,.,0.813385725021362,34.7892723083496,.
73763,.,0.790548324584961,34.783634185791,.
73764,.,0.81874817609787,34.7584075927734,.
73765,.,0.810330152511597,34.7906951904297,.
73766,.,0.584998369216919,34.5561714172363,.
73767,.,0.58191967010498,34.558406829834,.
73768,.,0.813385725021362,34.7892723083496,.
73769,.,0.634745538234711,34.6152000427246,.
73770,.,0.637746155261993,34.6163482666016,.
73771,.,0.628930568695068,34.6159324645996,.
73772,.,0.638638973236084,34.622241973877,.
73773,.,0.638457179069519,34.6234397888184,.
73774,.,0.640604197978973,34.6178131103516,.
73775,.,0.634772717952728,34.6153564453125,.
73776,.,0.641036987304688,34.6180839538574,.
73777,.,0.643929600715637,34.6248817443848,.
73778,.,0.637812495231628,34.6227073669434,.
73779,.,0.643744468688965,34.623607635498,.
73780,.,0.637751638889313,34.6226997375488,.
73781,.,0.773961305618286,34.6861915588379,.
73782,.,0.777618825435638,34.6799468994141,.
73783,.,0.778948068618774,34.6592025756836,.
73784,.,0.915546417236328,34.7975692749023,.
73785,.,0.582034707069397,34.5584869384766,.
73786,.,0.582099139690399,34.5584716796875,.
73787,.,0.581893265247345,34.5583953857422,.
73788,.,0.850063979625702,34.7836418151855,.
73789,.,0.831132531166077,34.765567779541,.
73790,.,0.849779963493347,34.7852897644043,.
73791,.,0.851780831813812,34.7759666442871,.
73792,.,0.824657022953033,34.7933959960938,.
73793,.,0.838061094284058,34.7637672424316,.
73794,.,0.581896841526031,34.5583763122559,.
73795,.,0.581896841526031,34.5583763122559,.
73796,.,0.734321594238281,34.6291885375977,.
73797,.,0.733951508998871,34.6125679016113,.
73798,.,0.706818878650665,34.6326942443848,.
73799,.,0.723138511180878,34.6193466186523,.
73800,.,0.725496351718903,34.6190605163574,.
73801,.,0.709634602069855,34.6339378356934,.
73802,.,0.744527339935303,34.6026344299316,.
73803,.,0.723194420337677,34.6192474365234,.
73804,.,0.740467548370361,34.6141586303711,.
73805,.,0.739032924175262,34.608959197998,.
73806,.,0.744551301002502,34.6024894714355,.
73807,.,0.734337389469147,34.6116676330566,.
73808,.,0.739032924175262,34.608959197998,.
73809,.,0.809938490390778,34.6118659973145,.
73810,.,0.89106148481369,34.9314155578613,.
73811,.,0.828467726707458,34.5979499816895,.
73812,.,0.809943377971649,34.611888885498,.
73813,.,-0.61860603094101,34.6623611450195,.
73814,.,-0.619334280490875,34.6629028320312,.
73815,.,-0.653014779090881,34.662540435791,.
73816,.,-0.5008159,34.8800385,.
73817,.,-0.5008159,34.8800385,.
73818,.,-0.514128506183624,34.8876304626465,.
73819,.,-0.5008159,34.8800385,.
73820,.,-0.5008159,34.8800385,.
73821,.,-0.50900810956955,34.8882446289062,.
73822,.,-0.529237985610962,34.8883171081543,.
73823,.,-0.543775916099548,34.8772315979004,.
73824,.,-0.528958439826965,34.8877105712891,.
73825,.,-0.543526351451874,34.878059387207,.
73826,.,-0.535306632518768,34.8852577209473,.
73827,.,-0.529870808124542,34.8842735290527,.
73828,.,-0.529245376586914,34.8876647949219,.
73829,.,-0.543737947940826,34.8771362304688,.
73830,.,-0.535285353660583,34.885326385498,.
73831,.,-0.53295511007309,34.8852882385254,.
73832,.,-0.529499709606171,34.8835411071777,.
73833,.,-0.602346897125244,34.7572174072266,.
73834,.,-0.602346897125244,34.7572174072266,.
73835,.,-0.596298158168793,34.8106880187988,.
73836,.,-0.596298158168793,34.8106880187988,.
73837,.,-0.54265433549881,34.7804565429688,.
73838,.,-0.538422226905823,34.8340721130371,.
73839,.,-0.54265433549881,34.7804565429688,.
73840,.,-0.552544951438904,34.8454666137695,.
73841,.,-0.614229083061218,34.8301315307617,.
73842,.,0.126865193247795,34.6683921813965,.
73843,.,0.124343976378441,34.6665840148926,.
73844,.,-0.568118095397949,34.8702163696289,.
73845,.,-0.681742608547211,34.7962074279785,.
73846,.,-0.627726495265961,34.8037986755371,.
73847,.,-0.62829852104187,34.7961349487305,.
73848,.,-0.566660284996033,34.8059921264648,.
73849,.,-0.549183011054993,34.8149490356445,.
73850,.,-0.567124247550964,34.805736541748,.
73851,.,-0.543004333972931,34.8174819946289,.
73852,.,-0.543546736240387,34.8780517578125,.
73853,.,-0.599105715751648,34.8481674194336,.
73854,.,-0.582648515701294,34.8624382019043,.
73855,.,-0.60682600736618,34.7847061157227,.
73856,.,-0.617800831794739,34.7696113586426,.
73857,.,-0.618856072425842,34.758171081543,.
73858,.,-0.602130472660065,34.7522277832031,.
73859,.,-0.609035134315491,34.7515907287598,.
73860,.,-0.586012005805969,34.7800788879395,.
73861,.,-0.700225412845612,34.7624588012695,.
73862,.,-0.540737986564636,34.7961730957031,.
73863,.,-0.530024468898773,34.816593170166,.
73864,.,-0.540795505046844,34.7962074279785,.
73865,.,-0.540708780288696,34.7962226867676,.
73866,.,-0.529300034046173,34.8166465759277,.
73867,.,-0.569692492485046,34.8390350341797,.
73868,.,-0.569678843021393,34.8391227722168,.
73869,.,-0.606810450553894,34.8156547546387,.
73870,.,-0.690567374229431,34.7877502441406,.
73871,.,-0.563760995864868,34.7401733398438,.
73872,.,-0.563761651515961,34.7347373962402,.
73873,.,-0.568382024765015,34.7354698181152,.
73874,.,-0.597602546215057,34.8038291931152,.
73875,.,-0.593403279781342,34.8237419128418,.
73876,.,-0.593836724758148,34.7358055114746,.
73877,.,-0.594718396663666,34.7506217956543,.
73878,.,-0.58747786283493,34.7611885070801,.
73879,.,-0.596824944019318,34.7266159057617,.
73880,.,-0.593069791793823,34.759937286377,.
73881,.,-0.597237408161163,34.7220153808594,.
73882,.,-0.597338557243347,34.7478332519531,.
73883,.,-0.5897057056427,34.728141784668,.
73884,.,-0.594342529773712,34.7197074890137,.
73885,.,-0.594663619995117,34.7503395080566,.
73886,.,-0.508553087711334,34.8894004821777,.
73887,.,-0.507040679454803,34.8895416259766,.
73888,.,-0.508553087711334,34.8894004821777,.
73889,.,-0.524299681186676,34.9028587341309,.
73890,.,-0.508342504501343,34.8885841369629,.
73891,.,-0.522090911865234,34.9043960571289,.
73892,.,-0.669966399669647,34.7693901062012,.
73893,.,-0.547651946544647,34.7828559875488,.
73894,.,-0.627178847789764,34.8281326293945,.
73895,.,-0.645715177059174,34.8038673400879,.
73896,.,-0.651739835739136,34.8024482727051,.
73897,.,-0.660126924514771,34.8032913208008,.
73898,.,-0.660900294780731,34.8025131225586,.
73899,.,-0.650900781154633,34.8033103942871,.
73900,.,-0.645976185798645,34.8017654418945,.
73901,.,-0.535167276859283,34.8358612060547,.
73902,.,-0.579965889453888,34.7708511352539,.
73903,.,-0.564730286598206,34.754825592041,.
73904,.,-0.584527194499969,34.7824401855469,.
73905,.,-0.585907995700836,34.7799835205078,.
73906,.,-0.540829300880432,34.795482635498,.
73907,.,-0.540308952331543,34.7964744567871,.
73908,.,-0.531492412090302,34.817310333252,.
73909,.,-0.531492412090302,34.817310333252,.
73910,.,-0.535879909992218,34.8139724731445,.
73911,.,-0.542526185512543,34.7995796203613,.
73912,.,-0.529750108718872,34.8147430419922,.
73913,.,-0.669836640357971,34.769229888916,.
73914,.,-0.583238780498505,34.7442970275879,.
73915,.,-0.575126647949219,34.7347373962402,.
73916,.,-0.669836103916168,34.7693405151367,.
73917,.,-0.600984394550323,34.8247604370117,.
73918,.,-0.601537644863129,34.822437286377,.
73919,.,-0.669735074043274,34.7694473266602,.
73920,.,-0.669877052307129,34.7690696716309,.
73921,.,0.77870762348175,34.986946105957,.
73922,.,0.786909103393555,34.9914207458496,.
73923,.,0.7950969,34.9905788,.
73924,.,0.818406522274017,34.9825744628906,.
73925,.,0.800829350948334,34.9737281799316,.
73926,.,0.785051107406616,34.9770202636719,.
73927,.,0.790493965148926,34.9899139404297,.
73928,.,0.786916971206665,34.9912643432617,.
73929,.,0.818819582462311,34.9812774658203,.
73930,.,0.785051107406616,34.9770202636719,.
73931,.,0.778689861297607,34.9869270324707,.
73932,.,0.7950969,34.9905788,.
73933,.,0.790493965148926,34.9899139404297,.
73934,.,0.913984060287476,35.0937614440918,.
73935,.,0.738757431507111,34.8974075317383,.
73936,.,0.701609373092651,34.8456268310547,.
73937,.,0.701609373092651,34.8456268310547,.
73938,.,0.704122722148895,34.8784141540527,.
73939,.,0.710575520992279,34.8526763916016,.
73940,.,0.731467843055725,34.9070205688477,.
73941,.,0.773860096931458,35.1082153320312,.
73942,.,0.769793152809143,35.0825042724609,.
73943,.,0.769476354122162,35.0825080871582,.
73944,.,0.769698,35.0789425,.
73945,.,0.788568437099457,35.0899124145508,.
73946,.,0.769698,35.0789425,.
73947,.,0.769698,35.0789425,.
73948,.,0.773860096931458,35.1082153320312,.
73949,.,0.773860096931458,35.1082153320312,.
73950,.,0.769793152809143,35.0825042724609,.
73951,.,0.849737882614136,35.134838104248,.
73952,.,0.8414105,35.1358681,.
73953,.,1.0133603811264,35.0063171386719,.
73954,.,0.865048110485077,35.1599884033203,.
73955,.,1.03052139282227,35.0190277099609,.
73956,.,1.03052139282227,35.0190277099609,.
73957,.,0.848205924034119,35.1367568969727,.
73958,.,0.84986811876297,35.1352691650391,.
73959,.,0.866605579853058,35.1600494384766,.
73960,.,0.717450141906738,34.9302597045898,.
73961,.,0.714565455913544,34.9399566650391,.
73962,.,0.718019545078278,34.9284019470215,.
73963,.,0.717450141906738,34.9302597045898,.
73964,.,0.718199789524078,34.9274635314941,.
73965,.,0.714565455913544,34.9399566650391,.
73966,.,0.717417538166046,34.9302864074707,.
73967,.,0.717376351356506,34.930347442627,.
73968,.,0.711167275905609,34.9508285522461,.
73969,.,0.693175435066223,34.9779396057129,.
73970,.,0.711167275905609,34.9508285522461,.
73971,.,0.69392991065979,34.9778671264648,.
73972,.,0.693731486797333,34.9778747558594,.
73973,.,0.711167275905609,34.9508285522461,.
73974,.,0.684656023979187,34.9907379150391,.
73975,.,0.682965517044067,34.9934234619141,.
73976,.,0.689668238162994,34.9783973693848,.
73977,.,1.03036904335022,35.0188789367676,.
73978,.,1.03052139282227,35.0190277099609,.
73979,.,0.82987380027771,35.1022796630859,.
73980,.,0.809884428977966,35.104133605957,.
73981,.,0.8195505,35.1036858,.
73982,.,0.807828605175018,35.1071853637695,.
73983,.,1.03062033653259,35.0188941955566,.
73984,.,1.03059780597687,35.0188980102539,.
73985,.,1.03043735027313,35.0188522338867,.
73986,.,0.904743671417236,35.0943756103516,.
73987,.,0.8121058344841,35.0028495788574,.
73988,.,0.61650288105011,34.9880599975586,.
73989,.,0.61650288105011,34.9880599975586,.
73990,.,0.887323141098022,35.0565567016602,.
73991,.,0.88012307882309,35.0584983825684,.
73992,.,0.872956514358521,35.0431327819824,.
73993,.,0.887409269809723,35.0564994812012,.
73994,.,0.874335587024689,35.0424919128418,.
73995,.,0.830036342144012,35.0899963378906,.
73996,.,0.883379817008972,35.041187286377,.
73997,.,0.742902338504791,35.1206016540527,.
73998,.,0.812074303627014,35.0030860900879,.
73999,.,0.581861734390259,34.5585136413574,.
74000,.,0.775123536586761,35.1228446960449,.
74001,.,0.742264688014984,35.125358581543,.
74002,.,0.739637494087219,35.1416053771973,.
74003,.,0.775123536586761,35.1228446960449,.
74004,.,0.766813397407532,35.1197662353516,.
74005,.,0.766963958740234,35.1206550598145,.
74006,.,0.743306517601013,35.1230010986328,.
74007,.,0.563327789306641,34.5552024841309,.
74008,.,0.7448459,35.1354374,.
74009,.,0.7448459,35.1354374,.
74010,.,0.7914313,35.0052024,.
74011,.,0.733600676059723,34.9080543518066,.
74012,.,0.732869684696198,34.9077301025391,.
74013,.,0.7914313,35.0052024,.
74014,.,0.732774674892426,34.9079132080078,.
74015,.,0.732609212398529,34.9078521728516,.
74016,.,0.733608186244965,34.9080619812012,.
74017,.,0.733058452606201,34.9080963134766,.
74018,.,0.732601821422577,34.9078483581543,.
74019,.,0.73353910446167,34.9081916809082,.
74020,.,0.770388782024384,35.0178108215332,.
74021,.,0.827894508838654,35.0703506469727,.
74022,.,0.803286731243134,35.0549850463867,.
74023,.,0.827894508838654,35.0703506469727,.
74024,.,0.819979548454285,35.0767593383789,.
74025,.,1.03051817417145,35.0189743041992,.
74026,.,0.823890864849091,35.0730819702148,.
74027,.,1.03051817417145,35.0189743041992,.
74028,.,0.904437899589539,35.0945892333984,.
74029,.,0.828568994998932,35.0940818786621,.
74030,.,0.731593787670135,34.9071044921875,.
74031,.,0.731574356555939,34.9070205688477,.
74032,.,0.731593787670135,34.9071044921875,.
74033,.,0.731547296047211,34.9071044921875,.
74034,.,0.736273169517517,34.9822387695312,.
74035,.,0.736026644706726,34.9828643798828,.
74036,.,0.731600403785706,34.9070739746094,.
74037,.,0.812107563018799,35.0030975341797,.
74038,.,0.778249621391296,34.9744873046875,.
74039,.,0.795087695121765,34.9769287109375,.
74040,.,0.778248608112335,34.9745025634766,.
74041,.,0.812107563018799,35.0030975341797,.
74042,.,0.795054256916046,34.9770011901855,.
74043,.,1.03050804138184,35.0190162658691,.
74044,.,1.03043818473816,35.0190162658691,.
74045,.,1.03043818473816,35.0190162658691,.
74046,.,0.59091623,35.03468099,.
74047,.,0.904589712619781,35.0928268432617,.
74048,.,0.702611684799194,34.8769493103027,.
74049,.,0.73188441991806,34.907413482666,.
74050,.,0.717783331871033,34.8798789978027,.
74051,.,0.727168142795563,34.8762321472168,.
74052,.,0.703530311584473,34.8756904602051,.
74053,.,0.733245074748993,34.9030342102051,.
74054,.,0.7122722864151,34.9324569702148,.
74055,.,0.735081553459167,34.8997421264648,.
74056,.,0.711167275905609,34.9508285522461,.
74057,.,0.711167275905609,34.9508285522461,.
74058,.,0.819528937339783,35.1304473876953,.
74059,.,0.581957936286926,34.5583457946777,.
74060,.,0.794002771377563,35.1301574707031,.
74061,.,0.731551706790924,34.907096862793,.
74062,.,0.750020742416382,34.8959655761719,.
74063,.,0.716730892658234,34.8508834838867,.
74064,.,0.71655398607254,34.8508338928223,.
74065,.,0.851503908634186,35.0826530456543,.
74066,.,0.854085624217987,35.0947799682617,.
74067,.,0.844132602214813,35.0961875915527,.
74068,.,1.02839708328247,35.0160751342773,.
74069,.,0.824142634868622,35.0997276306152,.
74070,.,0.847332179546356,35.0840072631836,.
74071,.,0.849478423595428,35.08154296875,.
74072,.,0.89651882648468,34.896110534668,.
74073,.,0.794169485569,35.0110359191895,.
74074,.,0.765152394771576,34.9969100952148,.
74075,.,0.749644219875336,35.0010185241699,.
74076,.,0.765152394771576,34.9969100952148,.
74077,.,0.74980103969574,35.0010986328125,.
74078,.,0.794169485569,35.0110359191895,.
74079,.,0.904438197612762,35.0945892333984,.
74080,.,1.03050804138184,35.0190162658691,.
74081,.,0.822486340999603,35.0541648864746,.
74082,.,-0.692027032375336,34.8849906921387,.
74083,.,-0.826111793518066,34.9583435058594,.
74084,.,-0.826517462730408,34.9581909179688,.
74085,.,-0.831819951534271,34.8851470947266,.
74086,.,-0.854489803314209,34.9621276855469,.
74087,.,-0.840947151184082,34.9579277038574,.
74088,.,-0.84363842010498,34.9671440124512,.
74089,.,-0.896647930145264,34.9135131835938,.
74090,.,-0.891494572162628,34.8957633972168,.
74091,.,-0.844598889350891,34.8801574707031,.
74092,.,-0.874733924865723,34.909294128418,.
74093,.,-0.875069320201874,34.9107666015625,.
74094,.,-0.841873466968536,34.8776512145996,.
74095,.,-0.795115411281586,34.9169921875,.
74096,.,-0.817353367805481,34.8757629394531,.
74097,.,-0.826521277427673,34.8736686706543,.
74098,.,-0.831315279006958,34.8786010742188,.
74099,.,-0.901970624923706,34.920597076416,.
74100,.,-0.85496723651886,34.9282608032227,.
74101,.,-0.847339570522308,34.9146385192871,.
74102,.,-0.799436926841736,34.8768424987793,.
74103,.,-0.801091730594635,34.8724746704102,.
74104,.,-0.884084165096283,34.9627456665039,.
74105,.,-0.885354399681091,34.9439659118652,.
74106,.,-0.88782000541687,34.9647102355957,.
74107,.,-0.886527955532074,34.943473815918,.
74108,.,-0.790156543254852,35.0830383300781,.
74109,.,-0.789710521697998,35.083610534668,.
74110,.,-0.808544278144836,34.8697357177734,.
74111,.,-0.821354925632477,34.881103515625,.
74112,.,-0.803629636764526,34.8928375244141,.
74113,.,-0.8173525,34.8902231,.
74114,.,-0.795703411102295,34.8775749206543,.
74115,.,-0.821177423000336,34.8805732727051,.
74116,.,-0.8173525,34.8902231,.
74117,.,-0.803672790527344,34.8929176330566,.
74118,.,-0.857228815555573,34.8768615722656,.
74119,.,-0.826848387718201,34.8842506408691,.
74120,.,-0.857426881790161,34.9424591064453,.
74121,.,-0.857308149337769,34.9420280456543,.
74122,.,-0.857423484325409,34.9417991638184,.
74123,.,-0.8453845,34.9099515,.
74124,.,-0.841069340705872,34.9094772338867,.
74125,.,-0.793718576431274,34.8862953186035,.
74126,.,-0.800426244735718,34.8705406188965,.
74127,.,-0.747081935405731,34.8638305664062,.
74128,.,-0.748155355453491,34.8630180358887,.
74129,.,-0.74692291021347,34.8635635375977,.
74130,.,-0.749471604824066,34.8486404418945,.
74131,.,-0.748409509658813,34.8668022155762,.
74132,.,-0.749667108058929,34.8323554992676,.
74133,.,-0.74230831861496,34.848560333252,.
74134,.,-0.742765268,34.84369717,.
74135,.,-0.750001072883606,34.8329963684082,.
74136,.,-0.746146559715271,34.8626403808594,.
74137,.,-0.742765268,34.84369717,.
74138,.,-0.745225667953491,34.8638572692871,.
74139,.,-0.824582278728485,34.7202682495117,.
74140,.,-0.898905873298645,34.8965225219727,.
74141,.,-0.760902464389801,35.0316848754883,.
74142,.,-0.884688436985016,35.0071029663086,.
74143,.,-0.884490668773651,35.0068321228027,.
74144,.,-0.756396353244781,34.8879432678223,.
74145,.,-0.778762936592102,34.9180488586426,.
74146,.,-0.738358795642853,34.8891525268555,.
74147,.,-0.872807621955872,34.9797058105469,.
74148,.,-0.8866086602211,34.9971351623535,.
74149,.,-0.870201885700226,34.9125099182129,.
74150,.,-0.869134545326233,34.9134063720703,.
74151,.,-0.868674755096436,34.9107475280762,.
74152,.,-0.861586391925812,34.8834495544434,.
74153,.,-0.836162567138672,34.7907485961914,.
74154,.,-0.835621058940887,34.7914657592773,.
74155,.,-0.80558580160141,34.7896347045898,.
74156,.,-0.829741597175598,34.7820358276367,.
74157,.,-0.886658906936646,34.9281005859375,.
74158,.,-0.803660988807678,34.8592872619629,.
74159,.,-0.854069113731384,34.9319915771484,.
74160,.,-0.891633570194244,34.9525146484375,.
74161,.,-0.881465435028076,34.9603080749512,.
74162,.,-0.881051421165466,34.956859588623,.
74163,.,-0.862336933612823,34.8793449401855,.
74164,.,-0.838631689548492,34.8877944946289,.
74165,.,-0.83209764957428,34.8933448791504,.
74166,.,-0.843819797039032,34.9344291687012,.
74167,.,-0.782706916332245,34.8924255371094,.
74168,.,-0.742765268,34.84369717,.
74169,.,-0.745588004589081,34.8673667907715,.
74170,.,-0.734592914581299,34.8547210693359,.
74171,.,-0.742765268,34.84369717,.
74172,.,-0.75121009349823,34.8670082092285,.
74173,.,-0.746075749397278,34.8685989379883,.
74174,.,-0.750365018844604,34.866886138916,.
74175,.,-0.748982548713684,34.8495407104492,.
74176,.,-0.744527876377106,34.8707542419434,.
74177,.,-0.694727957248688,34.7868576049805,.
74178,.,-0.734777987003326,34.8105087280273,.
74179,.,-0.868813633918762,34.9424591064453,.
74180,.,-0.871202349662781,34.964786529541,.
74181,.,-0.871139645576477,34.964958190918,.
74182,.,-0.740023493766785,34.8100738525391,.
74183,.,-0.739938139915466,34.810001373291,.
74184,.,-0.869629442691803,34.9858283996582,.
74185,.,-0.761472046375275,34.8761749267578,.
74186,.,-0.761522829532623,34.8762130737305,.
74187,.,0.493935406208038,34.7690010070801,.
74188,.,0.500162661075592,34.7661285400391,.
74189,.,0.493943989276886,34.7693557739258,.
74190,.,0.500190019607544,34.7676582336426,.
74191,.,0.500303387641907,34.7665824890137,.
74192,.,0.493932396173477,34.7724533081055,.
74193,.,0.543632566928864,34.8664588928223,.
74194,.,0.548395335674286,34.8669586181641,.
74195,.,0.489400684833527,34.9045562744141,.
74196,.,0.494581818580627,34.8928451538086,.
74197,.,0.494673520326614,34.8931922912598,.
74198,.,0.487040251493454,34.8881645202637,.
74199,.,0.494716018438339,34.893123626709,.
74200,.,0.486844062805176,34.8883018493652,.
74201,.,0.494485944509506,34.8715667724609,.
74202,.,0.484298527240753,34.8878784179688,.
74203,.,0.487125873565674,34.8729476928711,.
74204,.,0.483176022768021,34.8877334594727,.
74205,.,0.490003138780594,34.8680191040039,.
74206,.,0.494153141975403,34.8731155395508,.
74207,.,0.489652544260025,34.9020195007324,.
74208,.,0.487473458051682,34.8717193603516,.
74209,.,0.490898191928864,34.9027824401855,.
74210,.,0.474099636077881,34.4724044799805,.
74211,.,0.60583770275116,34.8940811157227,.
74212,.,0.604454457759857,34.8940238952637,.
74213,.,0.640163779258728,34.8924102783203,.
74214,.,0.64405369758606,34.8911094665527,.
74215,.,0.64333301782608,34.8902740478516,.
74216,.,0.604454457759857,34.8940238952637,.
74217,.,0.604454457759857,34.8940238952637,.
74218,.,0.605808258056641,34.8940811157227,.
74219,.,0.482807844877243,34.7475891113281,.
74220,.,0.49329400062561,34.7334594726562,.
74221,.,0.491858780384064,34.7322654724121,.
74222,.,0.49329400062561,34.7334594726562,.
74223,.,0.482807844877243,34.7475891113281,.
74224,.,0.496965565,34.73832836,.
74225,.,0.496965565,34.73832836,.
74226,.,0.442570298910141,34.9325485229492,.
74227,.,0.624326288700104,34.9727783203125,.
74228,.,0.640584051609039,34.9574317932129,.
74229,.,0.640433132648468,34.9575347900391,.
74230,.,0.597831726074219,34.9816093444824,.
74231,.,0.62402206659317,34.9417343139648,.
74232,.,0.595427215099335,34.9779052734375,.
74233,.,0.640587687492371,34.957389831543,.
74234,.,0.595427215099335,34.9779052734375,.
74235,.,0.629502952098846,34.9562606811523,.
74236,.,0.624323666095734,34.9727783203125,.
74237,.,0.63030606508255,34.956111907959,.
74238,.,0.632271409034729,34.9574279785156,.
74239,.,0.597831726074219,34.9816093444824,.
74240,.,0.621706545352936,34.833381652832,.
74241,.,0.624983608722687,34.8335266113281,.
74242,.,0.61397522687912,34.8332633972168,.
74243,.,0.61397522687912,34.8332633972168,.
74244,.,0.612882196903229,34.8466110229492,.
74245,.,0.613657593727112,34.8326568603516,.
74246,.,0.624943614006042,34.8361206054688,.
74247,.,0.621296942234039,34.8358764648438,.
74248,.,0.612882196903229,34.8466110229492,.
74249,.,0.612882196903229,34.8466110229492,.
74250,.,0.621628522872925,34.833438873291,.
74251,.,0.597652733325958,34.8026504516602,.
74252,.,0.566983699798584,34.839656829834,.
74253,.,0.597684383392334,34.8221549987793,.
74254,.,0.605424761772156,34.8257179260254,.
74255,.,0.603712141513824,34.8340606689453,.
74256,.,0.597652733325958,34.8026504516602,.
74257,.,0.596732914447784,34.8212623596191,.
74258,.,0.596697628498077,34.8212432861328,.
74259,.,0.604923486709595,34.8255844116211,.
74260,.,0.604466259479523,34.8359794616699,.
74261,.,0.601060211658478,34.8213500976562,.
74262,.,0.597743391990662,34.8197555541992,.
74263,.,0.590357661247253,34.8347396850586,.
74264,.,0.566976249217987,34.8396873474121,.
74265,.,0.577493011951447,34.8450889587402,.
74266,.,0.586407363414764,34.8180961608887,.
74267,.,0.597937703132629,34.8193359375,.
74268,.,0.592046737670898,34.8642692565918,.
74269,.,0.57469916343689,34.8565483093262,.
74270,.,0.596100687980652,34.8525581359863,.
74271,.,0.591909646987915,34.8643836975098,.
74272,.,0.55867874622345,34.8720016479492,.
74273,.,0.567297041416168,34.867431640625,.
74274,.,0.55867874622345,34.8720016479492,.
74275,.,0.590080261230469,34.8290328979492,.
74276,.,0.442230135202408,34.8680725097656,.
74277,.,0.443030089139938,34.8666839599609,.
74278,.,0.468276053667068,34.9037551879883,.
74279,.,0.468150675296784,34.9030532836914,.
74280,.,0.426417827606201,34.6493835449219,.
74281,.,0.426541358232498,34.6507263183594,.
74282,.,0.447544157505035,34.8362998962402,.
74283,.,0.433643192052841,34.8323936462402,.
74284,.,0.43333375453949,34.8307456970215,.
74285,.,0.380547702312469,34.7982902526855,.
74286,.,0.417772799730301,34.7188453674316,.
74287,.,0.453897804021835,34.6664276123047,.
74288,.,0.447317242622375,34.7415046691895,.
74289,.,0.406694173812866,34.7519073486328,.
74290,.,0.419821530580521,34.7344245910645,.
74291,.,0.419821530580521,34.7344245910645,.
74292,.,0.42207083106041,34.7355613708496,.
74293,.,0.505760669708252,34.7677154541016,.
74294,.,0.505609631538391,34.767894744873,.
74295,.,0.500729322433472,34.7588310241699,.
74296,.,0.501085519790649,34.759838104248,.
74297,.,0.500532329082489,34.7587356567383,.
74298,.,0.505042672157288,34.7679824829102,.
74299,.,0.596644937992096,34.888801574707,.
74300,.,0.596073925495148,34.8786468505859,.
74301,.,0.595069050788879,34.8897705078125,.
74302,.,0.587025880813599,34.8802337646484,.
74303,.,0.596042931079865,34.8893699645996,.
74304,.,0.440679401159286,34.7231864929199,.
74305,.,0.444819182157516,34.72802734375,.
74306,.,0.454483568668365,34.7328262329102,.
74307,.,0.444070279598236,34.7281532287598,.
74308,.,0.454474449157715,34.7328147888184,.
74309,.,0.464337021112442,34.7382545471191,.
74310,.,0.460616886615753,34.7098999023438,.
74311,.,0.429328322410583,34.8639526367188,.
74312,.,0.420257896184921,34.8887672424316,.
74313,.,0.436079204082489,34.8545989990234,.
74314,.,0.436195492744446,34.8548393249512,.
74315,.,0.425061225891113,34.8739433288574,.
74316,.,0.428696513175964,34.8641128540039,.
74317,.,0.435770332813263,34.8549919128418,.
74318,.,0.42912283539772,34.8636169433594,.
74319,.,0.582758009433746,34.9089660644531,.
74320,.,0.588061273097992,34.5556411743164,.
74321,.,0.567595422267914,34.9159736633301,.
74322,.,0.569949924945831,34.9161109924316,.
74323,.,0.567595422267914,34.9159736633301,.
74324,.,0.537191867828369,34.9184036254883,.
74325,.,0.567531287670135,34.9174194335938,.
74326,.,0.537191867828369,34.9184036254883,.
74327,.,0.539657652378082,34.9214477539062,.
74328,.,0.553830504417419,34.8511047363281,.
74329,.,0.584271490573883,34.8224792480469,.
74330,.,0.584271490573883,34.8224792480469,.
74331,.,0.553873002529144,34.8510780334473,.
74332,.,0.55389940738678,34.8493194580078,.
74333,.,0.583402514457703,34.5588417053223,.
74334,.,0.58006364107132,34.5601959228516,.
74335,.,0.581808507442474,34.5592269897461,.
74336,.,0.509829878807068,34.946964263916,.
74337,.,0.583146214485168,34.559814453125,.
74338,.,0.509829878807068,34.946964263916,.
74339,.,0.584288895130157,34.5580596923828,.
74340,.,0.550335109233856,34.880256652832,.
74341,.,0.550141990184784,34.879711151123,.
74342,.,0.577895760536194,34.806697845459,.
74343,.,0.579078316688538,34.8057327270508,.
74344,.,0.49096006155014,34.7349891662598,.
74345,.,0.500065505504608,34.7412948608398,.
74346,.,0.496029287576675,34.7327194213867,.
74347,.,0.627398729324341,34.9703559875488,.
74348,.,0.634738266468048,34.9467887878418,.
74349,.,0.633895874023438,34.942066192627,.
74350,.,0.624441742897034,34.9415664672852,.
74351,.,0.634591996669769,34.9409484863281,.
74352,.,0.623218595981598,34.9430313110352,.
74353,.,0.634483993053436,34.946475982666,.
74354,.,0.62935072183609,34.970775604248,.
74355,.,0.624441742897034,34.9415664672852,.
74356,.,0.633873462677002,34.9415435791016,.
74357,.,0.577607929706573,34.8446426391602,.
74358,.,0.473627269268036,34.7316665649414,.
74359,.,0.473620533943176,34.7316818237305,.
74360,.,0.491854455,34.70993405,.
74361,.,0.474758327007294,34.7080955505371,.
74362,.,0.50947093963623,34.8280830383301,.
74363,.,0.515005826950073,34.8274917602539,.
74364,.,0.614528715610504,34.851734161377,.
74365,.,0.615110278129578,34.8512191772461,.
74366,.,0.676488876342773,34.8834800720215,.
74367,.,0.672825336456299,34.8669242858887,.
74368,.,0.672783195972443,34.8669013977051,.
74369,.,0.441313862800598,34.8675117492676,.
74370,.,0.449264526367188,34.9114456176758,.
74371,.,0.449087798595429,34.8836364746094,.
74372,.,0.441492557525635,34.867073059082,.
74373,.,0.449325114488602,34.9116058349609,.
74374,.,0.460877120494842,34.6769065856934,.
74375,.,0.460909932851791,34.6769790649414,.
74376,.,0.460883229970932,34.6768951416016,.
74377,.,0.460909932851791,34.6769790649414,.
74378,.,0.55867874622345,34.8720016479492,.
74379,.,0.550382137298584,34.9015197753906,.
74380,.,0.552047312259674,34.9050369262695,.
74381,.,0.552047312259674,34.9050369262695,.
74382,.,0.55867874622345,34.8720016479492,.
74383,.,0.49330547451973,34.7549209594727,.
74384,.,0.492986649274826,34.7550888061523,.
74385,.,0.448424160480499,34.734260559082,.
74386,.,0.448492288589477,34.7342872619629,.
74387,.,-1.01781058311462,34.5327644348145,.
74388,.,-1.0112270116806,34.5184173583984,.
74389,.,-1.01810765266419,34.5331611633301,.
74390,.,-1.01116251945496,34.4294204711914,.
74391,.,-1.01918685436249,34.4325561523438,.
74392,.,-1.01632642745972,34.4461135864258,.
74393,.,-1.00919282436371,34.4314918518066,.
74394,.,-1.02771055698395,34.4387054443359,.
74395,.,-1.02642405033112,34.4396896362305,.
74396,.,-1.02159333229065,34.4322814941406,.
74397,.,-1.0263911485672,34.4400596618652,.
74398,.,-1.01119697093964,34.4294242858887,.
74399,.,-1.01918745040894,34.432559967041,.
74400,.,-1.0030677318573,34.4185981750488,.
74401,.,-1.01519656181335,34.4466400146484,.
74402,.,-1.01517868041992,34.446647644043,.
74403,.,-1.00213885307312,34.4185638427734,.
74404,.,-1.0030677318573,34.4185981750488,.
74405,.,-1.0607602596283,34.5860862731934,.
74406,.,-1.06073415279388,34.5860977172852,.
74407,.,-1.00540256500244,34.5259437561035,.
74408,.,-0.966572165489197,34.4790420532227,.
74409,.,-1.00506973266602,34.5252380371094,.
74410,.,-1.00192260742188,34.533878326416,.
74411,.,-0.966409146785736,34.4785690307617,.
74412,.,-1.00192260742188,34.533878326416,.
74413,.,-0.976627707481384,34.5271415710449,.
74414,.,-0.982871532440186,34.536205291748,.
74415,.,-1.00031733512878,34.5310516357422,.
74416,.,-1.00164532661438,34.4621391296387,.
74417,.,-1.00428819656372,34.5003318786621,.
74418,.,-1.00844085216522,34.5081787109375,.
74419,.,-0.976113736629486,34.5283393859863,.
74420,.,-1.00769424438477,34.5067443847656,.
74421,.,-0.976176857948303,34.5285301208496,.
74422,.,-0.985956370830536,34.537410736084,.
74423,.,-1.00191855430603,34.5076904296875,.
74424,.,-0.995059490203857,34.4570541381836,.
74425,.,-1.00191855430603,34.5076904296875,.
74426,.,-1.01572024822235,34.496753692627,.
74427,.,-0.964291036128998,34.3576354980469,.
74428,.,-0.964291036128998,34.3576354980469,.
74429,.,-0.923453986644745,34.3782691955566,.
74430,.,-0.964155197143555,34.3577575683594,.
74431,.,-0.920466482639313,34.3747215270996,.
74432,.,-1.028117579,34.48154845,.
74433,.,-0.993283569812775,34.4824562072754,.
74434,.,-0.998286068439484,34.4746894836426,.
74435,.,-0.997552573680878,34.4545783996582,.
74436,.,-0.996314644813538,34.4755821228027,.
74437,.,-0.995249807834625,34.4831466674805,.
74438,.,-0.966140449047089,34.4845428466797,.
74439,.,-1.01106190681457,34.4841003417969,.
74440,.,-0.997297883033752,34.4543838500977,.
74441,.,-0.998185932636261,34.4748191833496,.
74442,.,-0.966143608093262,34.4845809936523,.
74443,.,-1.01099514961243,34.4840507507324,.
74444,.,-1.0107057094574,34.4841957092285,.
74445,.,-0.995250105857849,34.4832496643066,.
74446,.,-0.997535884380341,34.4545822143555,.
74447,.,-1.05811619758606,34.5445747375488,.
74448,.,-1.05812323093414,34.5445709228516,.
74449,.,-1.04320585727692,34.5210418701172,.
74450,.,-1.05934655666351,34.5505714416504,.
74451,.,-1.12146973609924,34.4870185852051,.
74452,.,-1.12293899059296,34.4674797058105,.
74453,.,-1.12145912647247,34.4870109558105,.
74454,.,-1.12024796009064,34.4842567443848,.
74455,.,-1.12579214572906,34.4668159484863,.
74456,.,-1.07650804519653,34.4381866455078,.
74457,.,-1.07326054573059,34.4386940002441,.
74458,.,-1.07326054573059,34.4386940002441,.
74459,.,-1.04651308059692,34.4295501708984,.
74460,.,-1.05415713787079,34.4919395446777,.
74461,.,-1.04640996456146,34.5096168518066,.
74462,.,-1.05658006668091,34.4956436157227,.
74463,.,-1.07400226593018,34.5710182189941,.
74464,.,-1.08280861377716,34.5529556274414,.
74465,.,-1.0725531578064,34.5119934082031,.
74466,.,-1.07250893115997,34.5120048522949,.
74467,.,-1.08276915550232,34.5334968566895,.
74468,.,-1.08254468441009,34.552978515625,.
74469,.,-1.07267200946808,34.4966773986816,.
74470,.,-1.0730938911438,34.5119171142578,.
74471,.,-1.08370387554169,34.5525093078613,.
74472,.,-1.07271432876587,34.4965209960938,.
74473,.,-1.07265245914459,34.5634078979492,.
74474,.,-1.07591617107391,34.5392532348633,.
74475,.,-1.0627965927124,34.5314407348633,.
74476,.,-1.072230219841,34.567024230957,.
74477,.,-1.03904449939728,34.5928535461426,.
74478,.,-1.04055917263031,34.5915412902832,.
74479,.,-1.01151871681213,34.5707206726074,.
74480,.,-1.02576005458832,34.5787887573242,.
74481,.,-1.02572464942932,34.5787963867188,.
74482,.,-1.04058694839477,34.591495513916,.
74483,.,-1.00200748443603,34.5624771118164,.
74484,.,-1.00569427013397,34.5693168640137,.
74485,.,-1.0057235956192,34.5692901611328,.
74486,.,-1.03715097904205,34.5893745422363,.
74487,.,-1.00551426410675,34.5797004699707,.
74488,.,-1.11058878898621,34.4345550537109,.
74489,.,-1.11056733131409,34.4346046447754,.
74490,.,-1.09255135059357,34.4044303894043,.
74491,.,-1.12523579597473,34.4304313659668,.
74492,.,-1.11074137687683,34.4354515075684,.
74493,.,-1.12599754333496,34.4299430847168,.
74494,.,-1.02853345870972,34.5780143737793,.
74495,.,-1.04176688194275,34.5630187988281,.
74496,.,-1.01139783859253,34.5596504211426,.
74497,.,-1.04180538654327,34.5631332397461,.
74498,.,-1.0072968006134,34.5646896362305,.
74499,.,-1.01137864589691,34.5596466064453,.
74500,.,-1.03361248970032,34.5934715270996,.
74501,.,-1.02834677696228,34.5845108032227,.
74502,.,-1.02834677696228,34.5845108032227,.
74503,.,-1.0284229516983,34.5846748352051,.
74504,.,-1.04339790344238,34.5273323059082,.
74505,.,-1.05323016643524,34.522144317627,.
74506,.,-1.04271268844604,34.5247535705566,.
74507,.,-1.06082129478455,34.526294708252,.
74508,.,-1.05461931228638,34.5290107727051,.
74509,.,-1.05460143089294,34.5290107727051,.
74510,.,-1.06082129478455,34.526294708252,.
74511,.,-1.05510675907135,34.523006439209,.
74512,.,-1.05721175670624,34.5192260742188,.
74513,.,-1.05514335632324,34.5229415893555,.
74514,.,-1.0509682893753,34.5302581787109,.
74515,.,-1.05841982364654,34.5195960998535,.
74516,.,-1.05334186553955,34.5277519226074,.
74517,.,-1.05721175670624,34.5192260742188,.
74518,.,-1.01167404651642,34.4942016601562,.
74519,.,-1.01181626319885,34.4942207336426,.
74520,.,-1.01187169551849,34.4943389892578,.
74521,.,-1.0649334192276,34.5377388000488,.
74522,.,-1.06364750862122,34.5380249023438,.
74523,.,0.864963591098785,34.8439979553223,.
74524,.,0.892455697059631,34.875560760498,.
74525,.,0.86496114730835,34.8440055847168,.
74526,.,0.86209237575531,34.8253860473633,.
74527,.,0.862101793289185,34.825382232666,.
74528,.,0.87599790096283,34.8672256469727,.
74529,.,0.875988721847534,34.8737945556641,.
74530,.,0.867168605327606,34.8329811096191,.
74531,.,0.839803695678711,34.9290962219238,.
74532,.,0.839803695678711,34.9290962219238,.
74533,.,0.840032756328583,34.9307594299316,.
74534,.,0.838906168937683,34.9296989440918,.
74535,.,0.853709101676941,34.9404182434082,.
74536,.,0.970828831195831,34.8079299926758,.
74537,.,0.87985497713089,35.0176391601562,.
74538,.,0.826516151428223,34.9439239501953,.
74539,.,0.879910469055176,35.0176086425781,.
74540,.,0.971799969673157,34.9020309448242,.
74541,.,0.953154385089874,34.913272857666,.
74542,.,0.903020143508911,34.8286781311035,.
74543,.,0.902903497219086,34.8287658691406,.
74544,.,0.903055608272552,34.8286895751953,.
74545,.,0.961675226688385,35.0719184875488,.
74546,.,0.962077677249908,35.0733222961426,.
74547,.,0.982144713401794,35.0331535339355,.
74548,.,0.923093438148499,35.0168724060059,.
74549,.,0.886133313179016,34.9989204406738,.
74550,.,0.913082957267761,35.012825012207,.
74551,.,0.869129657745361,35.0100631713867,.
74552,.,0.8687384724617,35.010124206543,.
74553,.,0.879390478134155,35.0003967285156,.
74554,.,0.886144757270813,34.9989356994629,.
74555,.,0.912507891654968,35.0139350891113,.
74556,.,0.86916172504425,35.010009765625,.
74557,.,0.765874922275543,34.90185546875,.
74558,.,0.765874922275543,34.90185546875,.
74559,.,0.819171547889709,34.9028244018555,.
74560,.,0.826595604419708,34.9001846313477,.
74561,.,0.830427765846252,34.9167976379395,.
74562,.,0.819105803966522,34.9037857055664,.
74563,.,0.84334123134613,34.9056968688965,.
74564,.,0.828346312046051,34.9006690979004,.
74565,.,0.839646279811859,34.909309387207,.
74566,.,0.819644689559937,34.9026565551758,.
74567,.,0.843616425991058,34.9062309265137,.
74568,.,0.817519783973694,34.9056701660156,.
74569,.,0.830724120140076,34.9179191589355,.
74570,.,0.842429876327515,34.908088684082,.
74571,.,0.826080143451691,34.9001235961914,.
74572,.,0.828249871730804,34.9140396118164,.
74573,.,0.8266069,34.8904947,.
74574,.,0.825544893741608,34.8999404907227,.
74575,.,0.827654004096985,34.9009628295898,.
74576,.,0.8264000415802,34.898853302002,.
74577,.,0.84540069103241,34.9058532714844,.
74578,.,0.879022121429443,34.8802452087402,.
74579,.,0.843820869922638,34.8979454040527,.
74580,.,0.882688403129578,34.882396697998,.
74581,.,0.876946270465851,34.8903770446777,.
74582,.,0.882771492004395,34.8781700134277,.
74583,.,0.85944789648056,34.8966178894043,.
74584,.,0.838229060173035,34.8813438415527,.
74585,.,0.838497221469879,34.8829345703125,.
74586,.,0.843513965606689,34.8980941772461,.
74587,.,0.85897022485733,34.902229309082,.
74588,.,0.851498961448669,34.8925552368164,.
74589,.,0.839386999607086,34.8831405639648,.
74590,.,0.834395051002502,34.9070701599121,.
74591,.,0.926798522472382,34.8446044921875,.
74592,.,0.960231781005859,35.0684394836426,.
74593,.,0.960337579250336,35.0680274963379,.
74594,.,0.960410177707672,35.0684013366699,.
74595,.,0.82906585931778,34.9277687072754,.
74596,.,0.829554915428162,34.935962677002,.
74597,.,0.827712059020996,34.9381523132324,.
74598,.,0.828350722789764,34.927677154541,.
74599,.,0.939410150051117,35.0273704528809,.
74600,.,0.930632352828979,35.0447311401367,.
74601,.,0.939617693424225,35.0284233093262,.
74602,.,0.934164822101593,35.0381546020508,.
74603,.,0.943268537521362,35.0271987915039,.
74604,.,0.922331869602203,35.0580253601074,.
74605,.,0.921350836753845,35.0398445129395,.
74606,.,0.929251074790955,35.0606727600098,.
74607,.,0.976287007331848,34.9154357910156,.
74608,.,0.97606635093689,34.9151878356934,.
74609,.,0.954504787921906,34.9130325317383,.
74610,.,0.922061324119568,34.937671661377,.
74611,.,0.95268589258194,35.1803894042969,.
74612,.,0.581979334354401,34.5585823059082,.
74613,.,0.98579216003418,35.0381126403809,.
74614,.,1.0040819644928,35.1551628112793,.
74615,.,1.00761783123016,35.1623115539551,.
74616,.,1.00201761722565,35.158447265625,.
74617,.,0.999840497970581,35.1785774230957,.
74618,.,0.99928480386734,35.1541633605957,.
74619,.,1.00745117664337,35.1620788574219,.
74620,.,1.00842714309692,35.1624908447266,.
74621,.,0.999751806259155,35.1785087585449,.
74622,.,1.00745117664337,35.1620788574219,.
74623,.,1.00761783123016,35.1623115539551,.
74624,.,0.999313235282898,35.1779823303223,.
74625,.,1.00702679157257,35.1608848571777,.
74626,.,-0.586643636226654,35.0067672729492,.
74627,.,-0.528360426425934,34.9849052429199,.
74628,.,-0.529141366481781,34.9845428466797,.
74629,.,-0.529537558555603,34.9851112365723,.
74630,.,-0.586196839809418,35.0061492919922,.
74631,.,-0.524131834506989,35.0074882507324,.
74632,.,-0.523831903934479,35.0071144104004,.
74633,.,-0.52318263053894,35.0025253295898,.
74634,.,-0.522139966487885,35.0055885314941,.
74635,.,-0.513128936290741,35.0120735168457,.
74636,.,-0.522188782691956,35.0053672790527,.
74637,.,-0.523368716239929,35.0021781921387,.
74638,.,-0.503924310207367,35.0188827514648,.
74639,.,-0.456880211830139,34.9798126220703,.
74640,.,-0.466071009635925,34.9861221313477,.
74641,.,-0.464561432600021,34.9841575622559,.
74642,.,-0.466257095336914,35.0188636779785,.
74643,.,-0.471404552459717,34.9832420349121,.
74644,.,-0.475824981927872,35.0005950927734,.
74645,.,-0.472822606563568,34.9872283935547,.
74646,.,-0.468700647354126,34.9921607971191,.
74647,.,-0.475654184818268,35.0007553100586,.
74648,.,-0.462616920471191,35.018726348877,.
74649,.,-0.462594956159592,35.0192184448242,.
74650,.,-0.669374883174896,34.8295593261719,.
74651,.,-0.644634187221527,34.8164939880371,.
74652,.,-0.652487695217133,34.8243026733398,.
74653,.,-0.653403103351593,34.8251647949219,.
74654,.,-0.641762375831604,34.8173522949219,.
74655,.,-0.630408227443695,34.8096542358398,.
74656,.,-0.639213800430298,34.8074111938477,.
74657,.,-0.658052742481232,34.8223419189453,.
74658,.,-0.398098558187485,35.0248107910156,.
74659,.,-0.410088181495667,35.0329284667969,.
74660,.,-0.3843092918396,35.0217628479004,.
74661,.,-0.408566325902939,35.0330200195312,.
74662,.,-0.611468315124512,34.8400726318359,.
74663,.,-0.611473381519318,34.8398857116699,.
74664,.,-0.611559927463531,34.8469848632812,.
74665,.,-0.61140501499176,34.8392028808594,.
74666,.,-0.612080335617065,34.8461570739746,.
74667,.,-0.612085580825806,34.8459587097168,.
74668,.,-0.688274204730988,34.8388481140137,.
74669,.,-0.501161396503448,34.9490165710449,.
74670,.,-0.516470551490784,34.9629745483398,.
74671,.,-0.505228042602539,34.9554328918457,.
74672,.,-0.516379654407501,34.9616813659668,.
74673,.,-0.518915057182312,34.938663482666,.
74674,.,-0.514446258544922,34.9434928894043,.
74675,.,-0.501998066902161,34.9492340087891,.
74676,.,-0.511319637298584,34.9533195495605,.
74677,.,-0.512476205825806,34.9541664123535,.
74678,.,-0.459788143634796,34.9761009216309,.
74679,.,-0.459262698888779,34.9768104553223,.
74680,.,-0.579999506473541,34.9963989257812,.
74681,.,-0.580082893371582,34.9961891174316,.
74682,.,-0.517327308654785,34.9281692504883,.
74683,.,-0.521214009,34.92579571,.
74684,.,-0.51895946264267,34.9271926879883,.
74685,.,-0.518993973731995,34.9271278381348,.
74686,.,-0.521214009,34.92579571,.
74687,.,-0.520164847373962,34.9256896972656,.
74688,.,-0.573350131511688,34.9206008911133,.
74689,.,-0.572124838829041,34.9173278808594,.
74690,.,-0.572478711605072,34.9187393188477,.
74691,.,-0.495365470647812,35.0317268371582,.
74692,.,-0.472195714712143,35.0294342041016,.
74693,.,-0.478692501783371,35.0347061157227,.
74694,.,-0.406490921974182,35.0298652648926,.
74695,.,-0.525146484375,35.0259819030762,.
74696,.,-0.44241988658905,35.0393981933594,.
74697,.,-0.478431493043899,35.034595489502,.
74698,.,-0.401555120944977,35.0294456481934,.
74699,.,-0.442293375730515,35.0397186279297,.
74700,.,-0.416502058506012,35.0330924987793,.
74701,.,-0.696522533893585,34.8360824584961,.
74702,.,-0.70459645986557,34.83935546875,.
74703,.,-0.695889711380005,34.8363151550293,.
74704,.,-0.698826789855957,34.8286590576172,.
74705,.,-0.505171597003937,34.9552803039551,.
74706,.,-0.512061059474945,34.9544410705566,.
74707,.,-0.5054652094841,34.9545097351074,.
74708,.,-0.515700101852417,34.9582099914551,.
74709,.,-0.517071068286896,34.9596366882324,.
74710,.,-0.512242138385773,34.9541702270508,.
74711,.,-0.505161643028259,34.9553413391113,.
74712,.,-0.457712113857269,34.9819412231445,.
74713,.,-0.457984656095505,34.981746673584,.
74714,.,-0.454828143119812,34.9697456359863,.
74715,.,-0.458176761865616,34.9818077087402,.
74716,.,-0.453411549329758,34.9667205810547,.
74717,.,-0.485180407762528,34.9523086547852,.
74718,.,-0.498675912618637,34.9585227966309,.
74719,.,-0.487215310335159,34.9274101257324,.
74720,.,-0.485596865415573,34.9265213012695,.
74721,.,-0.486934065818787,34.9390563964844,.
74722,.,-0.488537311553955,34.9450302124023,.
74723,.,-0.495606452226639,34.957893371582,.
74724,.,-0.493998110294342,34.9564971923828,.
74725,.,-0.460879772901535,34.9812622070312,.
74726,.,-0.512217402458191,34.8036994934082,.
74727,.,-0.485249072313309,34.8040504455566,.
74728,.,-0.51710319519043,34.7379837036133,.
74729,.,-0.510566651821136,34.7910690307617,.
74730,.,-0.483634799718857,34.8045921325684,.
74731,.,-0.510392427444458,34.7923812866211,.
74732,.,-0.512217462062836,34.8036994934082,.
74733,.,-0.506753265857697,34.7932052612305,.
74734,.,-0.504339635372162,34.7980995178223,.
74735,.,-0.485466420650482,34.7775115966797,.
74736,.,-0.486041963100433,34.770637512207,.
74737,.,-0.486430197954178,34.8516540527344,.
74738,.,-0.484363555908203,34.846492767334,.
74739,.,-0.487149894237518,34.8500099182129,.
74740,.,-0.485842823982239,34.8477058410645,.
74741,.,-0.495590001344681,34.8559303283691,.
74742,.,-0.485769957304001,34.8477516174316,.
74743,.,-0.484471827745438,34.8464393615723,.
74744,.,-0.495608896017075,34.8545837402344,.
74745,.,-0.486215174198151,34.8476409912109,.
74746,.,-0.487075537443161,34.8500785827637,.
74747,.,-0.48704919219017,34.8517379760742,.
74748,.,-0.487836956977844,34.8487319946289,.
74749,.,-0.561636030673981,34.7245712280273,.
74750,.,-0.552869081497192,34.7509689331055,.
74751,.,-0.552408576011658,34.7494773864746,.
74752,.,-0.548206031322479,34.7503967285156,.
74753,.,-0.695484757423401,34.7788467407227,.
74754,.,-0.550821542739868,34.7519607543945,.
74755,.,-0.548206031322479,34.7503967285156,.
74756,.,-0.695156097412109,34.7788543701172,.
74757,.,-0.552869081497192,34.7509689331055,.
74758,.,-0.550667464733124,34.7553558349609,.
74759,.,-0.550774455070496,34.7520332336426,.
74760,.,-0.561636030673981,34.7245712280273,.
74761,.,-0.692931294441223,34.7718811035156,.
74762,.,-0.551659286022186,34.7500953674316,.
74763,.,-0.686574637889862,34.7758941650391,.
74764,.,-0.556703209877014,34.7400550842285,.
74765,.,-0.692931294441223,34.7718811035156,.
74766,.,-0.551478683948517,34.7517890930176,.
74767,.,-0.555769383907318,34.7394523620605,.
74768,.,-0.548060655593872,34.7445068359375,.
74769,.,-0.523506820201874,34.7562370300293,.
74770,.,-0.358027070760727,34.7671890258789,.
74771,.,-0.354578912258148,34.7652740478516,.
74772,.,-0.358059197664261,34.7669143676758,.
74773,.,-0.358099788427353,34.7671432495117,.
74774,.,-0.3477383852005,34.774658203125,.
74775,.,-0.354631870985031,34.7652778625488,.
74776,.,-0.692931294441223,34.7718811035156,.
74777,.,-0.555223286151886,34.7048797607422,.
74778,.,-0.543692708015442,34.7089805603027,.
74779,.,-0.686573207378387,34.7759284973145,.
74780,.,-0.686573207378387,34.7759284973145,.
74781,.,-0.686573207378387,34.7759284973145,.
74782,.,-0.686573207378387,34.7759284973145,.
74783,.,-0.686573207378387,34.7759284973145,.
74784,.,-0.686573207378387,34.7759284973145,.
74785,.,-0.686549425125122,34.7759094238281,.
74786,.,-0.686573207378387,34.7759284973145,.
74787,.,-0.686573207378387,34.7759284973145,.
74788,.,-0.686573207378387,34.7759284973145,.
74789,.,-0.686573207378387,34.7759284973145,.
74790,.,-0.68657374382019,34.7759437561035,.
74791,.,-0.686573207378387,34.7759284973145,.
74792,.,-0.686573207378387,34.7759284973145,.
74793,.,-0.686573207378387,34.7759284973145,.
74794,.,-0.686549425125122,34.7759094238281,.
74795,.,-0.504603266716003,34.7600593566895,.
74796,.,-0.494891464710236,34.7550239562988,.
74797,.,-0.507714331150055,34.7436904907227,.
74798,.,-0.504649639129639,34.7601509094238,.
74799,.,-0.515466868877411,34.7542724609375,.
74800,.,-0.505697011947632,34.7378082275391,.
74801,.,-0.489656865596771,34.755729675293,.
74802,.,-0.489669531583786,34.7556953430176,.
74803,.,-0.506020784378052,34.7603645324707,.
74804,.,-0.494892507791519,34.7550048828125,.
74805,.,-0.489415585994721,34.7561073303223,.
74806,.,-0.470666587352753,34.8728332519531,.
74807,.,-0.470676898956299,34.8729095458984,.
74808,.,-0.473826676607132,34.8501892089844,.
74809,.,-0.697329580783844,34.7796592712402,.
74810,.,-0.686512172222137,34.7758369445801,.
74811,.,-0.686515092849731,34.7758636474609,.
74812,.,-0.68651682138443,34.7758483886719,.
74813,.,-0.487271130084992,34.8261451721191,.
74814,.,-0.487288564443588,34.8261642456055,.
74815,.,-0.686515092849731,34.7758636474609,.
74816,.,-0.695156097412109,34.7788543701172,.
74817,.,-0.695574104785919,34.7790870666504,.
74818,.,-0.484781533479691,34.8045425415039,.
74819,.,-0.48066970705986,34.8014335632324,.
74820,.,-0.484858810901642,34.8045654296875,.
74821,.,-0.483837217092514,34.8047142028809,.
74822,.,-0.480758607387543,34.8012962341309,.
74823,.,-0.510724425315857,34.8000297546387,.
74824,.,-0.483870655298233,34.8047981262207,.
74825,.,-0.5169797539711,34.7380905151367,.
74826,.,-0.481569141149521,34.8013381958008,.
74827,.,-0.506258249282837,34.7918014526367,.
74828,.,-0.510733664035797,34.8000526428223,.
74829,.,-0.483097106218338,34.8475112915039,.
74830,.,-0.48358017206192,34.8470916748047,.
74831,.,-0.494193315505982,34.845630645752,.
74832,.,-0.494218587875366,34.8456192016602,.
74833,.,-0.494168549776077,34.8455390930176,.
74834,.,-0.494760096073151,34.8405303955078,.
74835,.,-0.492363691329956,34.8412780761719,.
74836,.,-0.492766439914703,34.8412170410156,.
74837,.,-0.483777970075607,34.846923828125,.
74838,.,-0.483731895685196,34.846996307373,.
74839,.,-0.686787664890289,34.7771224975586,.
74840,.,-0.686789691448212,34.7771301269531,.
74841,.,-0.695552945137024,34.7788429260254,.
74842,.,-0.695552945137024,34.7788429260254,.
74843,.,-0.505697011947632,34.7378082275391,.
74844,.,-0.686356484889984,34.7759628295898,.
74845,.,-0.686573207378387,34.7759284973145,.
74846,.,-0.686573207378387,34.7759284973145,.
74847,.,-0.686574637889862,34.7758941650391,.
74848,.,-0.686356484889984,34.7759628295898,.
74849,.,-0.686573207378387,34.7759284973145,.
74850,.,-0.686573207378387,34.7759284973145,.
74851,.,-0.686573207378387,34.7759284973145,.
74852,.,-0.686573207378387,34.7759284973145,.
74853,.,-0.686573207378387,34.7759284973145,.
74854,.,-0.686573207378387,34.7759284973145,.
74855,.,-0.510371506214142,34.7356452941895,.
74856,.,-0.348199665546417,34.7741165161133,.
74857,.,-0.347790002822876,34.7745742797852,.
74858,.,-0.483557730913162,34.6413612365723,.
74859,.,-0.482062816619873,34.6393203735352,.
74860,.,-0.483510196208954,34.6411514282227,.
74861,.,-0.482093751430511,34.6393814086914,.
74862,.,-0.526621758937836,34.7472267150879,.
74863,.,-0.515329957008362,34.734806060791,.
74864,.,-0.528282880783081,34.746696472168,.
74865,.,-0.526653170585632,34.7472610473633,.
74866,.,-0.538986504077911,34.7476272583008,.
74867,.,-0.538766086101532,34.7477989196777,.
74868,.,-0.528194487094879,34.7459030151367,.
74869,.,-0.515334069728851,34.7348175048828,.
74870,.,-0.528271317481995,34.7460250854492,.
74871,.,-0.524303078651428,34.7394714355469,.
74872,.,-0.524587631225586,34.7396278381348,.
74873,.,-0.686573207378387,34.7759284973145,.
74874,.,-0.686573207378387,34.7759284973145,.
74875,.,-0.686573207378387,34.7759284973145,.
74876,.,-0.687468826770782,34.7738151550293,.
74877,.,-0.686573207378387,34.7759284973145,.
74878,.,-0.686573207378387,34.7759284973145,.
74879,.,-0.686573207378387,34.7759284973145,.
74880,.,-0.686573207378387,34.7759284973145,.
74881,.,-0.692931294441223,34.7718811035156,.
74882,.,-0.686573207378387,34.7759284973145,.
74883,.,-0.686573207378387,34.7759284973145,.
74884,.,-0.686573207378387,34.7759284973145,.
74885,.,-0.686573207378387,34.7759284973145,.
74886,.,-0.50621885061264,34.7463035583496,.
74887,.,-0.506223678588867,34.7462501525879,.
74888,.,-0.505697011947632,34.7378082275391,.
74889,.,-0.686543405056,34.77587890625,.
74890,.,-0.686559200286865,34.7759056091309,.
74891,.,-0.686559200286865,34.7759056091309,.
74892,.,-0.686559796333313,34.7758750915527,.
74893,.,-0.565255701541901,34.6291961669922,.
74894,.,-0.670601844787598,34.6207847595215,.
74895,.,-0.884063601493835,34.5802612304688,.
74896,.,-0.746004104614258,34.559871673584,.
74897,.,-0.88418972492218,34.5804748535156,.
74898,.,-0.883431375026703,34.5816307067871,.
74899,.,-0.882775783538818,34.5813903808594,.
74900,.,-0.745128989219666,34.5597991943359,.
74901,.,-0.883481383323669,34.5801734924316,.
74902,.,-0.799909055233002,34.5777587890625,.
74903,.,-0.796441972255707,34.5841598510742,.
74904,.,-0.782414775,34.57397717,.
74905,.,-0.797546803951263,34.5813217163086,.
74906,.,-0.840287208557129,34.5783462524414,.
74907,.,-0.830331265926361,34.5832901000977,.
74908,.,-0.782414775,34.57397717,.
74909,.,-0.830509841442108,34.5845794677734,.
74910,.,-0.799904644489288,34.5778770446777,.
74911,.,-0.779258847236633,34.5734214782715,.
74912,.,-0.7875657081604,34.5937728881836,.
74913,.,-0.802120625972748,34.5787925720215,.
74914,.,-0.755466818809509,34.6026802062988,.
74915,.,-0.888932645320892,34.5086097717285,.
74916,.,-0.79842871427536,34.5296516418457,.
74917,.,-0.879871010780334,34.5049095153809,.
74918,.,-0.806250989437103,34.5336265563965,.
74919,.,-0.892166495323181,34.502857208252,.
74920,.,-0.804952502250671,34.5332069396973,.
74921,.,-0.89164924621582,34.5032386779785,.
74922,.,-0.807114601135254,34.5336952209473,.
74923,.,-0.797097563743591,34.5295028686523,.
74924,.,-0.880541920661926,34.5047645568848,.
74925,.,-0.76163637638092,34.605541229248,.
74926,.,-0.634649038314819,34.5181999206543,.
74927,.,-0.635528743267059,34.5186080932617,.
74928,.,-0.653483986854553,34.534797668457,.
74929,.,-0.653769135475159,34.5348167419434,.
74930,.,-0.545766830444336,34.4877624511719,.
74931,.,-0.544905185699463,34.4874229431152,.
74932,.,-0.653811037540436,34.533763885498,.
74933,.,-0.638719737529755,34.518009185791,.
74934,.,-0.77049845457077,34.6125183105469,.
74935,.,-0.767263948917389,34.6171875,.
74936,.,-0.787048280239105,34.6159362792969,.
74937,.,-0.764092326164246,34.6210708618164,.
74938,.,-0.505001902580261,34.6173820495605,.
74939,.,-0.677766442298889,34.5104331970215,.
74940,.,-0.679449677467346,34.5211486816406,.
74941,.,-0.694717466831207,34.5479469299316,.
74942,.,-0.678672611713409,34.5216789245605,.
74943,.,-0.664881110191345,34.5430564880371,.
74944,.,-0.680958986282349,34.5193977355957,.
74945,.,-0.844618082046509,34.5726928710938,.
74946,.,-0.675804615020752,34.5046882629395,.
74947,.,-0.67971271276474,34.5353317260742,.
74948,.,-0.662824749946594,34.5457992553711,.
74949,.,-0.673278450965881,34.5055961608887,.
74950,.,-0.678732573986053,34.5444946289062,.
74951,.,-0.685128509998322,34.4547119140625,.
74952,.,-0.645353738,34.5371265,.
74953,.,-0.645353738,34.5371265,.
74954,.,-0.613759875297546,34.5277862548828,.
74955,.,-0.586933553218842,34.5047264099121,.
74956,.,-0.645353738,34.5371265,.
74957,.,-0.645353738,34.5371265,.
74958,.,-0.586933553218842,34.5047264099121,.
74959,.,-0.617052793502808,34.5241012573242,.
74960,.,-0.645353738,34.5371265,.
74961,.,-0.617536127567291,34.5238761901855,.
74962,.,-0.655189573764801,34.5421943664551,.
74963,.,-0.587936818599701,34.503978729248,.
74964,.,-0.798553884029388,34.5805931091309,.
74965,.,-0.708293676376343,34.6107635498047,.
74966,.,-0.649100363254547,34.6309509277344,.
74967,.,-0.647258341312408,34.6313514709473,.
74968,.,-0.645921409130096,34.6276435852051,.
74969,.,-0.623521373,34.62610727,.
74970,.,-0.609590411186218,34.6465110778809,.
74971,.,-0.820024490356445,34.5863456726074,.
74972,.,-0.818475306034088,34.5879821777344,.
74973,.,-0.800864160060883,34.554931640625,.
74974,.,-0.813780128955841,34.5989456176758,.
74975,.,-0.818224489688873,34.587947845459,.
74976,.,-0.805031895637512,34.5820960998535,.
74977,.,-0.81978040933609,34.5865097045898,.
74978,.,-0.861017763614655,34.4794502258301,.
74979,.,-0.858179092407227,34.4847564697266,.
74980,.,-0.856421768665314,34.4843330383301,.
74981,.,-0.840676188468933,34.4810028076172,.
74982,.,-0.841170370578766,34.4813041687012,.
74983,.,-0.859823942184448,34.4792976379395,.
74984,.,-0.842245817184448,34.4857788085938,.
74985,.,-0.840114831924438,34.4851722717285,.
74986,.,-0.859655141830444,34.4823913574219,.
74987,.,-0.842183947563171,34.4852333068848,.
74988,.,-0.849697947502136,34.4737243652344,.
74989,.,-0.851078927516937,34.4728584289551,.
74990,.,-0.851391971111298,34.4714813232422,.
74991,.,-0.671562314033508,34.6081886291504,.
74992,.,-0.671562314033508,34.6081886291504,.
74993,.,-0.679228186607361,34.6178550720215,.
74994,.,-0.671981394290924,34.6184234619141,.
74995,.,-0.655666053295135,34.6149024963379,.
74996,.,-0.674342393875122,34.6295356750488,.
74997,.,-0.673632383346558,34.6314582824707,.
74998,.,-0.679265856742859,34.617359161377,.
74999,.,-0.6665860414505,34.6087188720703,.
75000,.,-0.670997858047485,34.6175270080566,.
75001,.,-0.664044857025146,34.6149787902832,.
75002,.,-0.674343645572662,34.629524230957,.
75003,.,-0.666797161102295,34.6328811645508,.
75004,.,-0.672011852264404,34.6068229675293,.
75005,.,-0.667013645172119,34.6222229003906,.
75006,.,-0.670658588409424,34.6175498962402,.
75007,.,-0.801882743835449,34.5760154724121,.
75008,.,-0.845215022563934,34.5695114135742,.
75009,.,-0.842462539672852,34.5679206848145,.
75010,.,-0.825473546981812,34.569694519043,.
75011,.,-0.840278267860413,34.5705642700195,.
75012,.,-0.844532191753387,34.5709381103516,.
75013,.,-0.514860093593597,34.7367286682129,.
75014,.,0.68923956155777,34.4597244262695,.
75015,.,0.680846214294434,34.4620971679688,.
75016,.,0.680846214294434,34.4620971679688,.
75017,.,0.681417524814606,34.4627952575684,.
75018,.,0.689715981483459,34.4604949951172,.
75019,.,0.718648076057434,34.466796875,.
75020,.,0.718648076057434,34.466796875,.
75021,.,0.722312033176422,34.4660797119141,.
75022,.,0.82810652256012,34.4577827453613,.
75023,.,0.845536530017853,34.4660339355469,.
75024,.,0.839120626449585,34.4655151367188,.
75025,.,0.827999711036682,34.4579124450684,.
75026,.,0.841084659099579,34.4670295715332,.
75027,.,0.834280490875244,34.4654579162598,.
75028,.,0.745405733585358,34.3290328979492,.
75029,.,0.773343324661255,34.3793029785156,.
75030,.,0.773497402667999,34.3791999816895,.
75031,.,0.564390420913696,34.5525245666504,.
75032,.,0.757921099662781,34.3383255004883,.
75033,.,0.745600402355194,34.329158782959,.
75034,.,0.764759659767151,34.367057800293,.
75035,.,0.778314173221588,34.3769683837891,.
75036,.,0.77907258272171,34.376537322998,.
75037,.,0.745090901851654,34.3293037414551,.
75038,.,0.760838985443115,34.3615951538086,.
75039,.,0.65267425775528,34.5172233581543,.
75040,.,0.661527633666992,34.5137634277344,.
75041,.,0.661565183,34.51192364,.
75042,.,0.661565183,34.51192364,.
75043,.,0.661565183,34.51192364,.
75044,.,0.564292192459106,34.5526847839355,.
75045,.,0.770684123039246,34.5261535644531,.
75046,.,0.675202965736389,34.4262771606445,.
75047,.,0.581876933574677,34.5585136413574,.
75048,.,0.582058906555176,34.5580749511719,.
75049,.,0.668055772781372,34.4523582458496,.
75050,.,0.581876933574677,34.5585136413574,.
75051,.,0.668132722377777,34.452278137207,.
75052,.,0.669438481330872,34.4346923828125,.
75053,.,0.581887304782867,34.5584106445312,.
75054,.,0.581917226314545,34.5583724975586,.
75055,.,0.7665057,34.4812938,.
75056,.,0.7665057,34.4812938,.
75057,.,0.766757071018219,34.476734161377,.
75058,.,0.761157512664795,34.4867782592773,.
75059,.,0.775309145450592,34.4929504394531,.
75060,.,0.766075193881989,34.4765281677246,.
75061,.,0.773387134075165,34.4886131286621,.
75062,.,0.741074979305267,34.4708251953125,.
75063,.,0.741074979305267,34.4708251953125,.
75064,.,0.745093107223511,34.4595031738281,.
75065,.,0.750160336494446,34.4610404968262,.
75066,.,0.742885828018188,34.4694328308105,.
75067,.,0.750160336494446,34.4610404968262,.
75068,.,0.742897987365723,34.4693794250488,.
75069,.,0.760143637657166,34.4744300842285,.
75070,.,0.760143637657166,34.4744300842285,.
75071,.,0.756441056728363,34.4718475341797,.
75072,.,0.760387122631073,34.4733543395996,.
75073,.,0.749164879322052,34.4721832275391,.
75074,.,0.756436228752136,34.4718627929688,.
75075,.,0.749386012554169,34.4720153808594,.
75076,.,0.581845760345459,34.5584907531738,.
75077,.,0.810580790042877,34.4270858764648,.
75078,.,0.819972157478333,34.4364128112793,.
75079,.,0.819604098796844,34.4358177185059,.
75080,.,0.810580790042877,34.4270858764648,.
75081,.,0.764840543270111,34.5321235656738,.
75082,.,0.74847286939621,34.5415992736816,.
75083,.,0.748490154743195,34.541576385498,.
75084,.,0.764824330806732,34.5321197509766,.
75085,.,0.76486349105835,34.5320854187012,.
75086,.,0.759269118309021,34.528923034668,.
75087,.,0.77082771062851,34.4123115539551,.
75088,.,0.769164383411407,34.4198188781738,.
75089,.,0.799745857715607,34.5694732666016,.
75090,.,0.763770759105682,34.571346282959,.
75091,.,0.560811519622803,34.5531120300293,.
75092,.,0.824179649353027,34.4720573425293,.
75093,.,0.827251315116882,34.4714317321777,.
75094,.,0.766470372676849,34.3695755004883,.
75095,.,0.671599864959717,34.439769744873,.
75096,.,0.581884384155273,34.5584106445312,.
75097,.,0.581220507621765,34.5597267150879,.
75098,.,0.553332328796387,34.553897857666,.
75099,.,0.677664577960968,34.4531135559082,.
75100,.,0.581880867481232,34.5584945678711,.
75101,.,0.581166088581085,34.5597152709961,.
75102,.,0.770789206027985,34.4971122741699,.
75103,.,0.677664577960968,34.4531135559082,.
75104,.,0.770663857460022,34.4960784912109,.
75105,.,0.553095757961273,34.5540771484375,.
75106,.,0.581882774829865,34.5584602355957,.
75107,.,0.671234726905823,34.4385414123535,.
75108,.,0.675251960754395,34.4262962341309,.
75109,.,0.81823867559433,34.4247512817383,.
75110,.,0.824313402175903,34.4263496398926,.
75111,.,0.81818413734436,34.4253730773926,.
75112,.,0.818243563175201,34.4247207641602,.
75113,.,0.824313402175903,34.4263496398926,.
75114,.,0.55267596244812,34.5541114807129,.
75115,.,0.758541166782379,34.5076675415039,.
75116,.,0.741666674613953,34.4688606262207,.
75117,.,0.758618831634521,34.5077095031738,.
75118,.,0.741667032241821,34.4688720703125,.
75119,.,0.741380512714386,34.4696884155273,.
75120,.,0.742291152477264,34.5210990905762,.
75121,.,0.741380512714386,34.4696884155273,.
75122,.,0.739100635051727,34.4541625976562,.
75123,.,0.738426506519318,34.4538269042969,.
75124,.,0.581849575042725,34.5584754943848,.
75125,.,0.581849575042725,34.5584754943848,.
75126,.,0.818601667881012,34.4614601135254,.
75127,.,0.823515474796295,34.4575500488281,.
75128,.,0.771849572658539,34.5334663391113,.
75129,.,0.729786455631256,34.5181617736816,.
75130,.,0.727079510688782,34.5212211608887,.
75131,.,0.729282200336456,34.5192070007324,.
75132,.,0.7253222,34.5162619,.
75133,.,0.727079510688782,34.5212211608887,.
75134,.,0.564394652843475,34.5526084899902,.
75135,.,0.7253222,34.5162619,.
75136,.,0.727846801280975,34.4976654052734,.
75137,.,0.564394652843475,34.5526084899902,.
75138,.,0.756234347820282,34.5370597839355,.
75139,.,0.757208347320557,34.5288467407227,.
75140,.,0.767836213111877,34.5481452941895,.
75141,.,0.767939448356628,34.5483741760254,.
75142,.,0.756234347820282,34.5370597839355,.
75143,.,0.56324428319931,34.552661895752,.
75144,.,0.773095905780792,34.4309616088867,.
75145,.,0.77301961183548,34.4336891174316,.
75146,.,0.775763154029846,34.420467376709,.
75147,.,0.776693224906921,34.4220275878906,.
75148,.,-0.629712343215942,34.6932487487793,.
75149,.,-0.704872488975525,34.769401550293,.
75150,.,-0.701562345027924,34.740852355957,.
75151,.,-0.706313669681549,34.7285385131836,.
75152,.,-0.706378161907196,34.7285766601562,.
75153,.,-0.705014526844025,34.7270088195801,.
75154,.,-0.672480463981628,34.7269325256348,.
75155,.,-0.703777670860291,34.7399635314941,.
75156,.,-0.612754166126251,34.6912574768066,.
75157,.,-0.621190130710602,34.682544708252,.
75158,.,-0.625702142715454,34.6769638061523,.
75159,.,-0.613069832324982,34.6910972595215,.
75160,.,-0.618209004402161,34.6818923950195,.
75161,.,-0.609995007514954,34.7361946105957,.
75162,.,-0.700501143932343,34.7806816101074,.
75163,.,-0.611518527,34.73456887,.
75164,.,-0.609500050544739,34.7403678894043,.
75165,.,-0.617859363555908,34.7437515258789,.
75166,.,-0.610029399394989,34.7361793518066,.
75167,.,-0.611518527,34.73456887,.
75168,.,-0.612537086009979,34.7353096008301,.
75169,.,-0.715432643890381,34.7212562561035,.
75170,.,-0.700655460357666,34.7805786132812,.
75171,.,-0.710909247398376,34.7141227722168,.
75172,.,-0.713390111923218,34.742057800293,.
75173,.,-0.716288506984711,34.7209663391113,.
75174,.,-0.700487494468689,34.7804794311523,.
75175,.,-0.700734972953796,34.7805099487305,.
75176,.,-0.673604607582092,34.6554794311523,.
75177,.,-0.67361581325531,34.6555137634277,.
75178,.,-0.700512290000916,34.7805061340332,.
75179,.,-0.700486361980438,34.7804832458496,.
75180,.,-0.676188548,34.65786531,.
75181,.,-0.700668275356293,34.7805328369141,.
75182,.,-0.700632810592651,34.7805252075195,.
75183,.,-0.698013365268707,34.7842140197754,.
75184,.,-0.700632810592651,34.7805252075195,.
75185,.,0.558439493179321,34.2491798400879,.
75186,.,0.558403968811035,34.2491569519043,.
75187,.,0.490574032068253,34.1485786437988,.
75188,.,0.490471094846726,34.1482696533203,.
75189,.,0.467503994703293,34.1379051208496,.
75190,.,0.482915192842484,34.152702331543,.
75191,.,0.533703863620758,34.3727760314941,.
75192,.,0.502551674842834,34.3676872253418,.
75193,.,0.505489766597748,34.3673706054688,.
75194,.,0.495744824409485,34.3790092468262,.
75195,.,0.497496366500854,34.3742599487305,.
75196,.,0.621517598628998,34.3727073669434,.
75197,.,0.625885307788849,34.3738784790039,.
75198,.,0.631065130233765,34.380126953125,.
75199,.,0.621511280536652,34.372745513916,.
75200,.,0.640966057777405,34.3820114135742,.
75201,.,0.622695624828339,34.3714828491211,.
75202,.,0.621827602386475,34.372974395752,.
75203,.,0.630714237689972,34.3800010681152,.
75204,.,0.631428182125092,34.3808784484863,.
75205,.,0.621569514274597,34.3727760314941,.
75206,.,0.64097660779953,34.3819694519043,.
75207,.,0.521147012710571,34.3540992736816,.
75208,.,0.530348777770996,34.3729476928711,.
75209,.,0.529149889945984,34.3735466003418,.
75210,.,0.576478004455566,34.3946723937988,.
75211,.,0.533140480518341,34.3724784851074,.
75212,.,0.518287122249603,34.355655670166,.
75213,.,0.535246133804321,34.3713073730469,.
75214,.,0.541972279548645,34.3668441772461,.
75215,.,0.517091274261475,34.3556632995605,.
75216,.,0.618876159191132,34.2909660339355,.
75217,.,0.473603308200836,34.5232048034668,.
75218,.,0.615806519985199,34.2837142944336,.
75219,.,0.618614315986633,34.3083763122559,.
75220,.,0.464126497507095,34.2905654907227,.
75221,.,0.44881471991539,34.308162689209,.
75222,.,0.457335948944092,34.2672424316406,.
75223,.,0.460149884223938,34.2858543395996,.
75224,.,0.447032392024994,34.3097190856934,.
75225,.,0.460200071334839,34.2859153747559,.
75226,.,0.464007943868637,34.2903823852539,.
75227,.,0.464704245328903,34.3043823242188,.
75228,.,0.621501505374908,34.2923431396484,.
75229,.,0.627602458000183,34.291316986084,.
75230,.,0.626459419727325,34.2982406616211,.
75231,.,0.621450841426849,34.2923965454102,.
75232,.,0.627602458000183,34.291316986084,.
75233,.,0.473468363285065,34.5231971740723,.
75234,.,0.707975914,34.39734392,.
75235,.,0.707975914,34.39734392,.
75236,.,0.706721901893616,34.4116516113281,.
75237,.,0.573778927326202,34.2909507751465,.
75238,.,0.573618054389954,34.2908973693848,.
75239,.,0.582442283630371,34.2671508789062,.
75240,.,0.589755713939667,34.3619804382324,.
75241,.,0.589755713939667,34.3619804382324,.
75242,.,0.590166211128235,34.3624649047852,.
75243,.,0.748901426792145,34.4452438354492,.
75244,.,0.44090810418129,34.4347953796387,.
75245,.,0.440816789865494,34.4354820251465,.
75246,.,0.473592787981033,34.5233459472656,.
75247,.,0.448460519313812,34.4128532409668,.
75248,.,0.539969861507416,34.3779258728027,.
75249,.,0.559731006622314,34.4219512939453,.
75250,.,0.551973938941956,34.3859214782715,.
75251,.,0.539979577064514,34.3779144287109,.
75252,.,0.552245438098907,34.3859672546387,.
75253,.,0.552694141864777,34.3863372802734,.
75254,.,0.559732973575592,34.4221534729004,.
75255,.,0.438712149858475,34.3846817016602,.
75256,.,0.428090035915375,34.3736534118652,.
75257,.,0.453062534332275,34.3790435791016,.
75258,.,0.428227990865707,34.3733825683594,.
75259,.,0.446923643350601,34.3773727416992,.
75260,.,0.437033087015152,34.3858451843262,.
75261,.,0.565584897994995,34.557861328125,.
75262,.,0.453046709299088,34.379077911377,.
75263,.,0.473611533641815,34.5234146118164,.
75264,.,0.423129141330719,34.3579025268555,.
75265,.,0.452116906642914,34.378978729248,.
75266,.,0.438712149858475,34.3846817016602,.
75267,.,0.423129141330719,34.3579025268555,.
75268,.,0.542504727840424,34.4231834411621,.
75269,.,0.586286008358002,34.5548934936523,.
75270,.,0.535821437835693,34.4050941467285,.
75271,.,0.579643547534943,34.4064788818359,.
75272,.,0.594741940498352,34.421516418457,.
75273,.,0.542483747005463,34.423412322998,.
75274,.,0.578948378562927,34.4079742431641,.
75275,.,0.544217884540558,34.4226837158203,.
75276,.,0.532643675804138,34.3972930908203,.
75277,.,0.574774444103241,34.4076957702637,.
75278,.,0.586235463619232,34.555118560791,.
75279,.,0.532642185688019,34.3972778320312,.
75280,.,0.579643547534943,34.4064788818359,.
75281,.,0.586259722709656,34.5550918579102,.
75282,.,0.578976333141327,34.4072418212891,.
75283,.,0.682066857814789,34.3994140625,.
75284,.,0.474133908748627,34.235408782959,.
75285,.,0.682066857814789,34.3994140625,.
75286,.,0.498014360666275,34.219123840332,.
75287,.,0.490023702383041,34.2299728393555,.
75288,.,0.491484135389328,34.2285346984863,.
75289,.,0.491484135389328,34.2285346984863,.
75290,.,0.497900545597076,34.2190208435059,.
75291,.,0.470636993646622,34.2298889160156,.
75292,.,0.581876397132874,34.5585136413574,.
75293,.,0.498395353555679,34.2182998657227,.
75294,.,0.581876397132874,34.5585136413574,.
75295,.,0.610791504383087,34.2486038208008,.
75296,.,0.585535287857056,34.5566902160645,.
75297,.,0.591965317726135,34.2486763000488,.
75298,.,0.584788084030151,34.5575942993164,.
75299,.,0.586317479610443,34.5548820495605,.
75300,.,0.586317479610443,34.5548820495605,.
75301,.,0.684186458587646,34.3946685791016,.
75302,.,0.681569457054138,34.3993988037109,.
75303,.,0.588987171649933,34.5571975708008,.
75304,.,0.688004553318024,34.3864898681641,.
75305,.,0.685866236686707,34.371509552002,.
75306,.,0.588987171649933,34.5571975708008,.
75307,.,0.452474147081375,34.3803253173828,.
75308,.,0.685866236686707,34.371509552002,.
75309,.,0.684019505977631,34.39453125,.
75310,.,0.586103141307831,34.5549964904785,.
75311,.,0.586556971073151,34.5549545288086,.
75312,.,0.661073207855225,34.4122161865234,.
75313,.,0.558178901672363,34.2239189147949,.
75314,.,0.558194577693939,34.2238960266113,.
75315,.,0.544597923755646,34.2623138427734,.
75316,.,0.55919748544693,34.2234115600586,.
75317,.,0.572273194789886,34.2382011413574,.
75318,.,0.661863684654236,34.38623046875,.
75319,.,0.661863684654236,34.38623046875,.
75320,.,0.520072817802429,34.1342163085938,.
75321,.,0.522557735443115,34.1363716125488,.
75322,.,0.520165681838989,34.1342735290527,.
75323,.,0.517001628875732,34.1401596069336,.
75324,.,0.52279394865036,34.1358871459961,.
75325,.,0.521785736083984,34.1363868713379,.
75326,.,0.740927696228027,34.4224166870117,.
75327,.,0.740569293498993,34.4221611022949,.
75328,.,0.739155411720276,34.4217987060547,.
75329,.,0.581878066062927,34.5584754943848,.
75330,.,0.740034759044647,34.4216575622559,.
75331,.,0.740666329860687,34.4228515625,.
75332,.,0.761128008365631,34.4124984741211,.
75333,.,0.739102303981781,34.4218406677246,.
75334,.,0.74060469865799,34.4214744567871,.
75335,.,0.586251437664032,34.5549430847168,.
75336,.,0.700475633144379,34.4141807556152,.
75337,.,0.707975914,34.39734392,.
75338,.,0.700475633144379,34.4141807556152,.
75339,.,0.756269693374634,34.4455909729004,.
75340,.,0.753895878791809,34.4452590942383,.
75341,.,0.749214341,34.44402066,.
75342,.,0.758132755756378,34.4432487487793,.
75343,.,0.756046712398529,34.4469833374023,.
75344,.,0.75631046295166,34.4455795288086,.
75345,.,0.582000374794006,34.5583801269531,.
75346,.,0.601057887077332,34.424919128418,.
75347,.,0.601057887077332,34.424919128418,.
75348,.,0.532095968723297,34.4154205322266,.
75349,.,0.530972123146057,34.4006271362305,.
75350,.,0.587573230266571,34.4140472412109,.
75351,.,0.591351389884949,34.4186630249023,.
75352,.,0.530614256858826,34.4008903503418,.
75353,.,0.532095968723297,34.4154205322266,.
75354,.,0.589823186397552,34.4166526794434,.
75355,.,0.634369909763336,34.421215057373,.
75356,.,0.635012567043304,34.4197425842285,.
75357,.,0.635309517383575,34.4230651855469,.
75358,.,0.634980380535126,34.4198226928711,.
75359,.,0.635639309883118,34.4229125976562,.
75360,.,0.606559097766876,34.427360534668,.
75361,.,0.524734258651733,34.2131958007812,.
75362,.,0.512025058269501,34.221809387207,.
75363,.,0.512025058269501,34.221809387207,.
75364,.,0.523894011974335,34.2130165100098,.
75365,.,0.547535538673401,34.1956901550293,.
75366,.,0.489733427762985,34.2295532226562,.
75367,.,0.535124123096466,34.1764144897461,.
75368,.,0.535069704055786,34.1763458251953,.
75369,.,0.455190777778625,34.2868881225586,.
75370,.,0.499818801879883,34.1870155334473,.
75371,.,0.455631196498871,34.2875328063965,.
75372,.,0.582419216632843,34.5549507141113,.
75373,.,0.592267692089081,34.2486801147461,.
75374,.,0.58511346578598,34.5571441650391,.
75375,.,0.592110574245453,34.2486801147461,.
75376,.,0.476973742246628,34.3807334899902,.
75377,.,0.476973742246628,34.3807334899902,.
75378,.,0.4716035,34.371472,.
75379,.,-0.0670806169509888,35.2591361999512,.
75380,.,-0.0686446502804756,35.2565612792969,.
75381,.,0.0117564797401428,35.328784942627,.
75382,.,-0.0821090266108513,35.2767677307129,.
75383,.,-0.0771471410989761,35.2599296569824,.
75384,.,-0.0832891687750816,35.2742576599121,.
75385,.,-0.0668827295303345,35.2561149597168,.
75386,.,-0.0907158926129341,35.2367362976074,.
75387,.,-0.0701506435871124,35.2868957519531,.
75388,.,-0.0773577988147736,35.2595710754395,.
75389,.,0.0212014392018318,35.3426551818848,.
75390,.,0.0255305003374815,35.3451042175293,.
75391,.,0.0212014392018318,35.3426551818848,.
75392,.,-0.0777563825249672,35.2623291015625,.
75393,.,0.0244130808860064,35.3456039428711,.
75394,.,-0.0670120120048523,35.2884864807129,.
75395,.,0.0211837403476238,35.3426284790039,.
75396,.,-0.0836000517010689,35.2873573303223,.
75397,.,0.0213044006377459,35.3425903320312,.
75398,.,-0.067301981151104,35.2587203979492,.
75399,.,-0.0672528669238091,35.2561531066895,.
75400,.,-0.0669515430927277,35.2592506408691,.
75401,.,0.0058286101557314,35.3077545166016,.
75402,.,-0.0827731713652611,35.2734603881836,.
75403,.,-0.0687885209918022,35.2875595092773,.
75404,.,-0.0667905583977699,35.2605094909668,.
75405,.,-0.0674659833312035,35.2883071899414,.
75406,.,0.021250220015645,35.3424301147461,.
75407,.,-0.0038860200438648,35.3341674804688,.
75408,.,0.0207462795078754,35.3419494628906,.
75409,.,0.0051544802263379,35.3066940307617,.
75410,.,0.0022738000843674,35.3375091552734,.
75411,.,0.0148102203384042,35.3355598449707,.
75412,.,0.0168849695473909,35.3454170227051,.
75413,.,0.003956510219723,35.3935852050781,.
75414,.,-0.0047178799286485,35.334529876709,.
75415,.,0.015050689689815,35.3354797363281,.
75416,.,0.0067393099889159,35.3083038330078,.
75417,.,0.021211689338088,35.3426895141602,.
75418,.,0.0211732108145952,35.3426132202148,.
75419,.,0.0150906499475241,35.3358764648438,.
75420,.,0.0127917602658272,35.4311904907227,.
75421,.,0.0148401502519846,35.3354682922363,.
75422,.,0.0154462996870279,35.3357810974121,.
75423,.,0.0150234503671527,35.3358840942383,.
75424,.,0.0150619195774198,35.3359642028809,.
75425,.,0.0040566399693489,35.3936042785645,.
75426,.,0.021177290007472,35.3426055908203,.
75427,.,-0.0036544299218804,35.3421478271484,.
75428,.,-0.004852990154177,35.3332633972168,.
75429,.,0.0123044699430466,35.4316253662109,.
75430,.,0.0032237500417978,35.3385925292969,.
75431,.,0.117705181241036,34.6447982788086,.
75432,.,0.113944478332996,34.6465682983398,.
75433,.,0.114803612232208,34.6476402282715,.
75434,.,0.117859236896038,34.6449775695801,.
75435,.,0.113770261406898,34.653507232666,.
75436,.,0.0589087009429932,34.6823348999023,.
75437,.,0.0493264012038708,34.6125259399414,.
75438,.,0.071774497628212,34.5697059631348,.
75439,.,0.0662239864468575,34.5830345153809,.
75440,.,0.0493264012038708,34.6125259399414,.
75441,.,0.0656427666544914,34.5756759643555,.
75442,.,0.0658181011676788,34.5758895874023,.
75443,.,0.0618545301258564,34.5814323425293,.
75444,.,0.0747255980968475,34.5700988769531,.
75445,.,0.0743688121438026,34.5731468200684,.
75446,.,0.018471110612154,34.5611228942871,.
75447,.,0.121056966483593,34.6670379638672,.
75448,.,0.0918792113661766,34.6536254882812,.
75449,.,0.101832263171673,34.6624870300293,.
75450,.,0.0938099473714828,34.6526412963867,.
75451,.,0.121213316917419,34.6671676635742,.
75452,.,0.128661796450615,34.6694221496582,.
75453,.,0.117071859538555,34.6689224243164,.
75454,.,0.0807871893048286,34.6121063232422,.
75455,.,0.0671873688697815,34.6074867248535,.
75456,.,0.0959876924753189,34.612361907959,.
75457,.,0.0811555832624435,34.6121444702148,.
75458,.,0.0993426069617271,34.6058006286621,.
75459,.,0.0630637630820274,34.6034698486328,.
75460,.,0.0986640304327011,34.6079864501953,.
75461,.,0.080936573445797,34.6112937927246,.
75462,.,0.0311790201812983,34.5724220275879,.
75463,.,0.0333692915737629,34.568115234375,.
75464,.,0.0205112304538488,34.5530738830566,.
75465,.,0.0229755993932486,34.5500411987305,.
75466,.,0.0212166998535395,34.5516891479492,.
75467,.,0.0227100402116776,34.5501365661621,.
75468,.,0.0304735098034143,34.5728149414062,.
75469,.,0.0342464782297611,34.5700187683105,.
75470,.,0.0244678799062967,34.5481452941895,.
75471,.,0.074372299015522,34.7179985046387,.
75472,.,0.0486256182193756,34.7389488220215,.
75473,.,0.0807814374566078,34.7336692810059,.
75474,.,0.0740995407104492,34.717945098877,.
75475,.,0.0778655633330345,34.7292976379395,.
75476,.,0.0238781906664371,34.7089614868164,.
75477,.,0.0166659597307444,34.701416015625,.
75478,.,0.0164867397397757,34.7015151977539,.
75479,.,0.0237259697169065,34.7094535827637,.
75480,.,0.139437645673752,34.6714057922363,.
75481,.,0.139425203204155,34.6714019775391,.
75482,.,-0.5338254570961,34.8068618774414,.
75483,.,0.0185765400528908,34.700855255127,.
75484,.,0.0185671504586935,34.7008743286133,.
75485,.,0.0265167206525803,34.7054023742676,.
75486,.,0.0229231808334589,34.7037887573242,.
75487,.,0.0225153397768736,34.7042121887207,.
75488,.,0.0214001592248678,34.705394744873,.
75489,.,0.0217039007693529,34.7053146362305,.
75490,.,0.748939990997314,34.7057838439941,.
75491,.,0.703493058681488,34.7014961242676,.
75492,.,0.703433632850647,34.7014961242676,.
75493,.,0.697212159633636,34.7026100158691,.
75494,.,0.697207093238831,34.7026290893555,.
75495,.,0.691783428192139,34.7120399475098,.
75496,.,0.692018449306488,34.7117462158203,.
75497,.,0.700564980506897,34.7262725830078,.
75498,.,0.581885695457458,34.5585517883301,.
75499,.,0.581893801689148,34.5585517883301,.
75500,.,0.670097291469574,34.6787910461426,.
75501,.,0.685795605182648,34.7010879516602,.
75502,.,0.658503711223602,34.6816940307617,.
75503,.,0.667592704296112,34.6753692626953,.
75504,.,0.669088780879974,34.6774291992188,.
75505,.,0.667577028274536,34.6723899841309,.
75506,.,0.684385478496552,34.7047538757324,.
75507,.,0.754892528057098,34.7588958740234,.
75508,.,0.754924833774567,34.7587356567383,.
75509,.,0.758126941,34.73244465,.
75510,.,0.757223606109619,34.6855583190918,.
75511,.,0.741240501403809,34.6881523132324,.
75512,.,0.784131646156311,34.7529754638672,.
75513,.,0.695999324321747,34.7656898498535,.
75514,.,0.691643357276917,34.7467765808105,.
75515,.,0.697262227535248,34.7664566040039,.
75516,.,0.672682285308838,34.7739219665527,.
75517,.,0.691150009632111,34.7473030090332,.
75518,.,0.686979174613953,34.7507972717285,.
75519,.,0.685889065265656,34.7757949829102,.
75520,.,0.672850251197815,34.7739944458008,.
75521,.,0.69893205165863,34.7701721191406,.
75522,.,0.581964373588562,34.558422088623,.
75523,.,0.698496758937836,34.7700614929199,.
75524,.,0.581939041614532,34.5584487915039,.
75525,.,0.676381945610046,34.7727012634277,.
75526,.,0.683158338069916,34.7572364807129,.
75527,.,0.695696353912354,34.7654342651367,.
75528,.,0.691894471645355,34.7463722229004,.
75529,.,0.687863171100616,34.827278137207,.
75530,.,0.687850832939148,34.8272666931152,.
75531,.,0.688782691955566,34.8129920959473,.
75532,.,0.691016137599945,34.8282852172852,.
75533,.,0.690983891487122,34.828311920166,.
75534,.,0.697221338748932,34.831241607666,.
75535,.,0.697237133979797,34.8313636779785,.
75536,.,0.692734360694885,34.8142204284668,.
75537,.,0.814280867576599,34.7918434143066,.
75538,.,0.800938665866852,34.796199798584,.
75539,.,0.800925612449646,34.7962455749512,.
75540,.,0.814280927181244,34.7918472290039,.
75541,.,0.795215725898743,34.8002319335938,.
75542,.,0.571351110935211,34.7719650268555,.
75543,.,0.717261731624603,34.7587928771973,.
75544,.,0.723077356815338,34.7546043395996,.
75545,.,0.717393696308136,34.7588310241699,.
75546,.,0.72960764169693,34.7476844787598,.
75547,.,0.717232048511505,34.7584457397461,.
75548,.,0.726252734661102,34.7502288818359,.
75549,.,0.581953585147858,34.5583457946777,.
75550,.,0.581947028636932,34.5583419799805,.
75551,.,0.58196097612381,34.5583915710449,.
75552,.,0.723760962486267,34.7537803649902,.
75553,.,0.729664504528046,34.7476501464844,.
75554,.,0.723876059055328,34.7538375854492,.
75555,.,0.729556620121002,34.7283630371094,.
75556,.,0.737334489822388,34.7444152832031,.
75557,.,0.58194762468338,34.5583801269531,.
75558,.,0.736871123313904,34.7447814941406,.
75559,.,0.737360715866089,34.7597160339355,.
75560,.,0.737360715866089,34.7597160339355,.
75561,.,0.581824719905853,34.5584945678711,.
75562,.,0.733507037162781,34.7527389526367,.
75563,.,0.716104447841644,34.7439765930176,.
75564,.,0.722582340240479,34.7193183898926,.
75565,.,0.716082692146301,34.7441444396973,.
75566,.,0.722735464572906,34.7203178405762,.
75567,.,0.733510255813599,34.7527389526367,.
75568,.,0.736612677574158,34.7444114685059,.
75569,.,0.741933703422546,34.7528114318848,.
75570,.,0.666374087333679,34.6903343200684,.
75571,.,0.65582263469696,34.6949462890625,.
75572,.,0.672300219535828,34.7084541320801,.
75573,.,0.656359493732452,34.6936950683594,.
75574,.,0.656359493732452,34.6936950683594,.
75575,.,0.679282903671265,34.6882820129395,.
75576,.,0.679240047931671,34.6882247924805,.
75577,.,0.668100595474243,34.6908531188965,.
75578,.,0.674734115600586,34.7099647521973,.
75579,.,0.674896836280823,34.7099723815918,.
75580,.,0.66820502281189,34.6908721923828,.
75581,.,0.632715344429016,34.7727737426758,.
75582,.,0.595476627349854,34.7979736328125,.
75583,.,0.63298112154007,34.7695236206055,.
75584,.,0.64071261882782,34.7812232971191,.
75585,.,0.547872602939606,34.7270278930664,.
75586,.,0.549022793769836,34.7296752929688,.
75587,.,0.559010326862335,34.7473030090332,.
75588,.,0.547419309616089,34.7281455993652,.
75589,.,0.548011243343353,34.726978302002,.
75590,.,0.55005556344986,34.7301368713379,.
75591,.,0.558935344219208,34.7473068237305,.
75592,.,0.549106955528259,34.729076385498,.
75593,.,0.550000369548798,34.7301025390625,.
75594,.,0.550743579864502,34.7294960021973,.
75595,.,0.580171823501587,34.5577125549316,.
75596,.,0.702081859111786,34.8419609069824,.
75597,.,0.703462779521942,34.8408088684082,.
75598,.,0.503037691116333,34.6133079528809,.
75599,.,0.508539736270905,34.6885986328125,.
75600,.,0.503130376338959,34.6131629943848,.
75601,.,0.523582279682159,34.6994934082031,.
75602,.,0.519511222839355,34.7148780822754,.
75603,.,0.517971575260162,34.7144622802734,.
75604,.,0.508539736270905,34.6885986328125,.
75605,.,0.701446890830994,34.6927337646484,.
75606,.,0.609720945358276,34.7726173400879,.
75607,.,0.759058594703674,34.8079032897949,.
75608,.,0.75901585817337,34.8079605102539,.
75609,.,0.768172740936279,34.7425956726074,.
75610,.,0.786267757415771,34.7604446411133,.
75611,.,0.769241511821747,34.7413902282715,.
75612,.,0.786415934562683,34.7603645324707,.
75613,.,0.758863687515259,34.7684516906738,.
75614,.,0.768613338470459,34.7425231933594,.
75615,.,0.693211853504181,34.8011703491211,.
75616,.,0.70601761341095,34.7746162414551,.
75617,.,0.697315752506256,34.8092384338379,.
75618,.,0.697334825992584,34.8092842102051,.
75619,.,0.692996561527252,34.8010139465332,.
75620,.,0.706035792827606,34.7745933532715,.
75621,.,0.726118683815002,34.6852607727051,.
75622,.,0.725061416625977,34.7051963806152,.
75623,.,0.724806368350983,34.6832084655762,.
75624,.,0.725131034851074,34.7049751281738,.
75625,.,0.726784646511078,34.6885566711426,.
75626,.,0.71390974521637,34.678466796875,.
75627,.,0.717901527881622,34.6859359741211,.
75628,.,0.725467026233673,34.7057838439941,.
75629,.,0.563778936862946,34.557861328125,.
75630,.,0.678913652896881,34.6550521850586,.
75631,.,0.678913652896881,34.6550521850586,.
75632,.,0.70812201499939,34.641975402832,.
75633,.,0.694916605949402,34.6563873291016,.
75634,.,0.563778936862946,34.557861328125,.
75635,.,0.698396623134613,34.6510124206543,.
75636,.,0.581837296485901,34.5584983825684,.
75637,.,0.698941230773926,34.700309753418,.
75638,.,0.688859701156616,34.6823501586914,.
75639,.,0.688408315181732,34.7024345397949,.
75640,.,0.581826686859131,34.5584869384766,.
75641,.,0.563828110694885,34.5578308105469,.
75642,.,0.581826686859131,34.5584869384766,.
75643,.,0.688251614570618,34.7025947570801,.
75644,.,0.563746750354767,34.5577659606934,.
75645,.,0.67774373292923,34.7531814575195,.
75646,.,0.680708467960358,34.7821044921875,.
75647,.,0.721148192882538,34.7966575622559,.
75648,.,0.711179435253143,34.7695617675781,.
75649,.,0.713827550411224,34.7649803161621,.
75650,.,0.719770610332489,34.7845993041992,.
75651,.,0.713074266910553,34.7648544311523,.
75652,.,0.721008837223053,34.7943840026855,.
75653,.,0.623378932476044,34.7581748962402,.
75654,.,0.641182243824005,34.7519340515137,.
75655,.,0.674232840538025,34.8060264587402,.
75656,.,0.723912000656128,34.7551536560059,.
75657,.,0.643390595912933,34.787109375,.
75658,.,0.625848233699799,34.7977027893066,.
75659,.,0.594452500343323,34.7953338623047,.
75660,.,0.643201410770416,34.7869682312012,.
75661,.,0.639802694320679,34.7911224365234,.
75662,.,0.629743993282318,34.6689567565918,.
75663,.,0.615181446075439,34.7561416625977,.
75664,.,0.523035526275635,34.7162895202637,.
75665,.,0.486614793539047,34.6794319152832,.
97795,.,-8.2282136,35.8849314,.
97796,.,-8.2282136,35.8849314,.
97797,.,-8.2282136,35.8849314,.
97798,.,-8.2282136,35.8849314,.
97799,.,-8.2282136,35.8849314,.
97800,.,-8.2282136,35.8849314,.
97801,.,-8.2282136,35.8849314,.
97802,.,-8.2282136,35.8849314,.
97803,.,-8.2282136,35.8849314,.
97804,.,-8.2282136,35.8849314,.
97805,.,-8.2282136,35.8849314,.
97806,.,-8.2282136,35.8849314,.
97807,.,-8.2282136,35.8849314,.
97808,.,-8.2282136,35.8849314,.
97809,.,-8.2282136,35.8849314,.
97810,.,-8.2282136,35.8849314,.
97811,.,-8.2282136,35.8849314,.
97812,.,-8.2282136,35.8849314,.
97813,.,-8.2282136,35.8849314,.
97814,.,-8.2282136,35.8849314,.
97815,.,-8.2282136,35.8849314,.
97816,.,-8.2282136,35.8849314,.
97817,.,-8.2282136,35.8849314,.
97818,.,-8.2282136,35.8849314,.
97819,.,-8.2282136,35.8849314,.
97820,.,-8.2282136,35.8849314,.
97821,.,-8.2282136,35.8849314,.
97822,.,-8.2282136,35.8849314,.
97823,.,-8.2282136,35.8849314,.
97824,.,-8.2282136,35.8849314,.
97825,.,-8.2282136,35.8849314,.
97826,.,-8.2282136,35.8849314,.
97827,.,-8.2282136,35.8849314,.
97828,.,-8.2282136,35.8849314,.
97829,.,-8.2282136,35.8849314,.
97830,.,-8.2282136,35.8849314,.
97831,.,-8.2282136,35.8849314,.
97832,.,-8.2282136,35.8849314,.
97833,.,-8.2282136,35.8849314,.
97834,.,-8.2282136,35.8849314,.
97835,.,-8.2282136,35.8849314,.
97836,.,-8.03482,35.542271,.
97837,.,-8.03482,35.542271,.
97838,.,-8.03482,35.542271,.
97839,.,-8.03482,35.542271,.
97840,.,-8.03482,35.542271,.
97841,.,-8.03482,35.542271,.
97842,.,-8.03482,35.542271,.
97843,.,-8.03482,35.542271,.
97844,.,-8.03482,35.542271,.
97845,.,-8.03482,35.542271,.
97846,.,-8.03482,35.542271,.
97847,.,-8.03482,35.542271,.
97848,.,-8.03482,35.542271,.
97849,.,-8.03482,35.542271,.
97850,.,-8.03482,35.542271,.
97851,.,-8.03482,35.542271,.
97852,.,-8.03482,35.542271,.
97853,.,-8.03482,35.542271,.
97854,.,-8.03482,35.542271,.
97855,.,-8.03482,35.542271,.
97856,.,-8.03482,35.542271,.
97857,.,-8.03482,35.542271,.
97858,.,-8.03482,35.542271,.
97859,.,-8.03482,35.542271,.
97860,.,-8.03482,35.542271,.
97861,.,-8.03482,35.542271,.
97862,.,-8.03482,35.542271,.
97863,.,-8.03482,35.542271,.
97864,.,-8.03482,35.542271,.
97865,.,-8.03482,35.542271,.
97866,.,-8.03482,35.542271,.
97867,.,-7.915823333,35.8154183,.
97868,.,-7.915823333,35.8154183,.
97869,.,-7.915823333,35.8154183,.
97870,.,-7.915823333,35.8154183,.
97871,.,-7.915823333,35.8154183,.
97872,.,-7.915823333,35.8154183,.
97873,.,-7.915823333,35.8154183,.
97874,.,-7.915823333,35.8154183,.
97875,.,-7.915823333,35.8154183,.
97876,.,-7.915823333,35.8154183,.
97877,.,-7.915823333,35.8154183,.
97878,.,-7.915823333,35.8154183,.
97879,.,-7.915823333,35.8154183,.
97880,.,-7.915823333,35.8154183,.
97881,.,-7.915823333,35.8154183,.
97882,.,-7.915823333,35.8154183,.
97883,.,-7.915823333,35.8154183,.
97884,.,-7.915823333,35.8154183,.
97885,.,-7.915823333,35.8154183,.
97886,.,-7.915823333,35.8154183,.
97887,.,-7.915823333,35.8154183,.
97888,.,-7.915823333,35.8154183,.
97889,.,-7.915823333,35.8154183,.
97890,.,-7.915823333,35.8154183,.
97891,.,-7.915823333,35.8154183,.
97892,.,-7.915823333,35.8154183,.
97893,.,-7.915823333,35.8154183,.
97894,.,-7.915823333,35.8154183,.
97895,.,-7.915823333,35.8154183,.
97896,.,-7.915823333,35.8154183,.
97897,.,-7.915823333,35.8154183,.
97898,.,-7.915823333,35.8154183,.
97899,.,-7.915823333,35.8154183,.
97900,.,-7.915823333,35.8154183,.
97901,.,-7.915823333,35.8154183,.
97902,.,-7.915823333,35.8154183,.
97903,.,-7.915823333,35.8154183,.
97904,.,-7.915823333,35.8154183,.
97905,.,-7.915823333,35.8154183,.
97906,.,-7.915823333,35.8154183,.
97907,.,-7.915823333,35.8154183,.
97908,.,-7.915823333,35.8154183,.
97909,.,-7.5025377,36.0179701,.
97910,.,-7.5025377,36.0179701,.
97911,.,-7.5025377,36.0179701,.
97912,.,-7.5025377,36.0179701,.
97913,.,-7.5025377,36.0179701,.
97914,.,-7.5025377,36.0179701,.
97915,.,-7.5025377,36.0179701,.
97916,.,-7.5025377,36.0179701,.
97917,.,-7.5025377,36.0179701,.
97918,.,-7.5025377,36.0179701,.
97919,.,-7.5025377,36.0179701,.
97920,.,-7.5025377,36.0179701,.
97921,.,-7.5025377,36.0179701,.
97922,.,-7.5025377,36.0179701,.
97923,.,-7.5025377,36.0179701,.
97924,.,-7.5025377,36.0179701,.
97925,.,-7.5025377,36.0179701,.
97926,.,-7.5025377,36.0179701,.
97927,.,-7.5025377,36.0179701,.
97928,.,-7.5025377,36.0179701,.
97929,.,-7.5025377,36.0179701,.
97930,.,-7.5025377,36.0179701,.
97931,.,-7.5025377,36.0179701,.
97932,.,-7.5025377,36.0179701,.
97933,.,-7.5025377,36.0179701,.
97934,.,-7.5025377,36.0179701,.
97935,.,-7.5025377,36.0179701,.
97936,.,-7.5025377,36.0179701,.
97937,.,-7.5025377,36.0179701,.
97938,.,-7.5025377,36.0179701,.
97939,.,-7.5025377,36.0179701,.
97940,.,-7.5025377,36.0179701,.
97941,.,-7.5025377,36.0179701,.
97942,.,-7.8855842,35.683488,.
97943,.,-7.8855842,35.683488,.
97944,.,-7.8855842,35.683488,.
97945,.,-7.8855842,35.683488,.
97946,.,-7.8855842,35.683488,.
97947,.,-7.8855842,35.683488,.
97948,.,-7.8855842,35.683488,.
97949,.,-7.8855842,35.683488,.
97950,.,-7.8855842,35.683488,.
97951,.,-7.8855842,35.683488,.
97952,.,-7.8855842,35.683488,.
97953,.,-7.8855842,35.683488,.
97954,.,-7.8855842,35.683488,.
97955,.,-7.8855842,35.683488,.
97956,.,-7.8855842,35.683488,.
97957,.,-7.8855842,35.683488,.
97958,.,-7.8855842,35.683488,.
97959,.,-7.8855842,35.683488,.
97960,.,-7.8855842,35.683488,.
97961,.,-7.8855842,35.683488,.
97962,.,-7.8855842,35.683488,.
97963,.,-7.8855842,35.683488,.
97964,.,-7.8855842,35.683488,.
97965,.,-7.8855842,35.683488,.
97966,.,-7.8855842,35.683488,.
97967,.,-7.8855842,35.683488,.
97968,.,-7.8855842,35.683488,.
97969,.,-7.8855842,35.683488,.
97970,.,-7.8855842,35.683488,.
97971,.,-7.8855842,35.683488,.
97972,.,-7.8855842,35.683488,.
97973,.,-7.8855842,35.683488,.
97974,.,-7.8855842,35.683488,.
97975,.,-7.8855842,35.683488,.
97976,.,-7.8855842,35.683488,.
97977,.,-7.8855842,35.683488,.
97978,.,-7.8855842,35.683488,.
97979,.,-7.8855842,35.683488,.
97980,.,-7.8855842,35.683488,.
97981,.,-7.8855842,35.683488,.
97982,.,-7.8855842,35.683488,.
97983,.,-7.8855842,35.683488,.
97984,.,-7.914361667,35.894145,.
97985,.,-7.914361667,35.894145,.
97986,.,-7.914361667,35.894145,.
97987,.,-7.914361667,35.894145,.
97988,.,-7.914361667,35.894145,.
97989,.,-7.914361667,35.894145,.
97990,.,-7.914361667,35.894145,.
97991,.,-7.914361667,35.894145,.
97992,.,-7.914361667,35.894145,.
97993,.,-7.914361667,35.894145,.
97994,.,-7.914361667,35.894145,.
97995,.,-7.914361667,35.894145,.
97996,.,-7.914361667,35.894145,.
97997,.,-7.914361667,35.894145,.
97998,.,-7.914361667,35.894145,.
97999,.,-7.914361667,35.894145,.
98000,.,-7.914361667,35.894145,.
98001,.,-7.914361667,35.894145,.
98002,.,-7.914361667,35.894145,.
98003,.,-7.914361667,35.894145,.
98004,.,-7.914361667,35.894145,.
98005,.,-7.914361667,35.894145,.
98006,.,-7.914361667,35.894145,.
98007,.,-7.914361667,35.894145,.
98008,.,-7.914361667,35.894145,.
98009,.,-7.914361667,35.894145,.
98010,.,-7.914361667,35.894145,.
98011,.,-7.914361667,35.894145,.
98012,.,-7.914361667,35.894145,.
98013,.,-7.914361667,35.894145,.
98014,.,-7.914361667,35.894145,.
98015,.,-7.914361667,35.894145,.
98016,.,-7.914361667,35.894145,.
98017,.,-7.914361667,35.894145,.
98018,.,-7.914361667,35.894145,.
98019,.,-7.914361667,35.894145,.
98020,.,-7.914361667,35.894145,.
98021,.,-7.914361667,35.894145,.
98022,.,-7.914361667,35.894145,.
98023,.,-7.914361667,35.894145,.
98024,.,-7.4940405,36.1147303,.
98025,.,-7.4940405,36.1147303,.
98026,.,-7.4940405,36.1147303,.
98027,.,-7.4940405,36.1147303,.
98028,.,-7.4940405,36.1147303,.
98029,.,-7.4940405,36.1147303,.
98030,.,-7.4940405,36.1147303,.
98031,.,-7.4940405,36.1147303,.
98032,.,-7.4940405,36.1147303,.
98033,.,-7.4940405,36.1147303,.
98034,.,-7.4940405,36.1147303,.
98035,.,-7.4940405,36.1147303,.
98036,.,-7.4940405,36.1147303,.
98037,.,-7.4940405,36.1147303,.
98038,.,-7.4940405,36.1147303,.
98039,.,-7.4940405,36.1147303,.
98040,.,-7.4940405,36.1147303,.
98041,.,-7.4940405,36.1147303,.
98042,.,-7.4940405,36.1147303,.
98043,.,-7.4940405,36.1147303,.
98044,.,-7.4940405,36.1147303,.
98045,.,-7.4940405,36.1147303,.
98046,.,-7.4940405,36.1147303,.
98047,.,-7.4940405,36.1147303,.
98048,.,-7.4940405,36.1147303,.
98049,.,-7.4940405,36.1147303,.
98050,.,-7.4940405,36.1147303,.
98051,.,-7.4940405,36.1147303,.
98052,.,-7.4940405,36.1147303,.
98053,.,-7.4940405,36.1147303,.
98054,.,-7.4940405,36.1147303,.
98055,.,-7.4940405,36.1147303,.
98056,.,-7.4940405,36.1147303,.
98057,.,-7.4940405,36.1147303,.
98058,.,-7.4940405,36.1147303,.
98059,.,-7.4940405,36.1147303,.
98060,.,-7.4940405,36.1147303,.
98061,.,-7.4940405,36.1147303,.
98062,.,-7.4940405,36.1147303,.
98063,.,-7.4940405,36.1147303,.
98064,.,-7.4940405,36.1147303,.
98065,.,-7.4940405,36.1147303,.
98066,.,-7.4940405,36.1147303,.
98067,.,-7.4940405,36.1147303,.
98068,.,-7.4940405,36.1147303,.
98069,.,-7.4940405,36.1147303,.
98070,.,-7.885113,35.6833024,.
98071,.,-7.885113,35.6833024,.
98072,.,-7.885113,35.6833024,.
98073,.,-7.885113,35.6833024,.
98074,.,-7.885113,35.6833024,.
98075,.,-7.885113,35.6833024,.
98076,.,-7.885113,35.6833024,.
98077,.,-7.885113,35.6833024,.
98078,.,-7.885113,35.6833024,.
98079,.,-7.885113,35.6833024,.
98080,.,-7.885113,35.6833024,.
98081,.,-7.885113,35.6833024,.
98082,.,-7.885113,35.6833024,.
98083,.,-7.885113,35.6833024,.
98084,.,-7.885113,35.6833024,.
98085,.,-7.885113,35.6833024,.
98086,.,-7.885113,35.6833024,.
98087,.,-7.885113,35.6833024,.
98088,.,-7.885113,35.6833024,.
98089,.,-7.885113,35.6833024,.
98090,.,-7.885113,35.6833024,.
98091,.,-7.885113,35.6833024,.
98092,.,-7.885113,35.6833024,.
98093,.,-7.885113,35.6833024,.
98094,.,-7.885113,35.6833024,.
98095,.,-7.885113,35.6833024,.
98096,.,-7.885113,35.6833024,.
98097,.,-7.885113,35.6833024,.
98098,.,-7.885113,35.6833024,.
98099,.,-7.885113,35.6833024,.
98100,.,-7.885113,35.6833024,.
98101,.,-7.885113,35.6833024,.
98102,.,-7.885113,35.6833024,.
98103,.,-7.885113,35.6833024,.
98104,.,-7.885113,35.6833024,.
98105,.,-7.885113,35.6833024,.
98106,.,-7.885113,35.6833024,.
98107,.,-7.885113,35.6833024,.
98108,.,-7.885113,35.6833024,.
98109,.,-7.885113,35.6833024,.
98110,.,-7.885113,35.6833024,.
98111,.,-7.885113,35.6833024,.
98112,.,-7.885113,35.6833024,.
98113,.,-8.0467542,35.7473958,.
98114,.,-8.0467542,35.7473958,.
98115,.,-8.0467542,35.7473958,.
98116,.,-8.0467542,35.7473958,.
98117,.,-8.0467542,35.7473958,.
98118,.,-8.0467542,35.7473958,.
98119,.,-8.0467542,35.7473958,.
98120,.,-8.0467542,35.7473958,.
98121,.,-8.0467542,35.7473958,.
98122,.,-8.0467542,35.7473958,.
98123,.,-8.0467542,35.7473958,.
98124,.,-8.0467542,35.7473958,.
98125,.,-8.0467542,35.7473958,.
98126,.,-8.0467542,35.7473958,.
98127,.,-8.0467542,35.7473958,.
98128,.,-8.0467542,35.7473958,.
98129,.,-8.0467542,35.7473958,.
98130,.,-8.0467542,35.7473958,.
98131,.,-8.0467542,35.7473958,.
98132,.,-8.0467542,35.7473958,.
98133,.,-8.0467542,35.7473958,.
98134,.,-8.0467542,35.7473958,.
98135,.,-8.0467542,35.7473958,.
98136,.,-8.0467542,35.7473958,.
98137,.,-8.0467542,35.7473958,.
98138,.,-8.0467542,35.7473958,.
98139,.,-8.0467542,35.7473958,.
98140,.,-8.0467542,35.7473958,.
98141,.,-8.0467542,35.7473958,.
98142,.,-8.0467542,35.7473958,.
98143,.,-8.0467542,35.7473958,.
98144,.,-8.0467542,35.7473958,.
98145,.,-8.0467542,35.7473958,.
98146,.,-8.0467542,35.7473958,.
98147,.,-8.0467542,35.7473958,.
98148,.,-8.0467542,35.7473958,.
98149,.,-8.0467542,35.7473958,.
98150,.,-8.0467542,35.7473958,.
98151,.,-8.0467542,35.7473958,.
98152,.,-8.0467542,35.7473958,.
98153,.,-8.0467542,35.7473958,.
98154,.,-7.7235689,35.84571,.
98155,.,-7.7235689,35.84571,.
98156,.,-7.7235689,35.84571,.
98157,.,-7.7235689,35.84571,.
98158,.,-7.7235689,35.84571,.
98159,.,-7.7235689,35.84571,.
98160,.,-7.7235689,35.84571,.
98161,.,-7.7235689,35.84571,.
98162,.,-7.7235689,35.84571,.
98163,.,-7.7235689,35.84571,.
98164,.,-7.7235689,35.84571,.
98165,.,-7.7235689,35.84571,.
98166,.,-7.7235689,35.84571,.
98167,.,-7.7235689,35.84571,.
98168,.,-7.7235689,35.84571,.
98169,.,-7.7235689,35.84571,.
98170,.,-7.7235689,35.84571,.
98171,.,-7.7235689,35.84571,.
98172,.,-7.7235689,35.84571,.
98173,.,-7.7235689,35.84571,.
98174,.,-7.7235689,35.84571,.
98175,.,-7.7235689,35.84571,.
98176,.,-7.7235689,35.84571,.
98177,.,-7.7235689,35.84571,.
98178,.,-7.7235689,35.84571,.
98179,.,-7.7235689,35.84571,.
98180,.,-7.7235689,35.84571,.
98181,.,-7.7235689,35.84571,.
98182,.,-7.7235689,35.84571,.
98183,.,-7.7235689,35.84571,.
98184,.,-7.7235689,35.84571,.
98185,.,-7.7235689,35.84571,.
98186,.,-7.7235689,35.84571,.
98187,.,-7.7235689,35.84571,.
98188,.,-7.7541528,35.86288,.
98189,.,-7.7541528,35.86288,.
98190,.,-7.7541528,35.86288,.
98191,.,-7.7541528,35.86288,.
98192,.,-7.7541528,35.86288,.
98193,.,-7.7541528,35.86288,.
98194,.,-7.7541528,35.86288,.
98195,.,-7.7541528,35.86288,.
98196,.,-7.7541528,35.86288,.
98197,.,-7.7541528,35.86288,.
98198,.,-7.7541528,35.86288,.
98199,.,-7.7541528,35.86288,.
98200,.,-7.7541528,35.86288,.
98201,.,-7.7541528,35.86288,.
98202,.,-7.7541528,35.86288,.
98203,.,-7.7541528,35.86288,.
98204,.,-7.7541528,35.86288,.
98205,.,-7.7541528,35.86288,.
98206,.,-7.7541528,35.86288,.
98207,.,-7.7541528,35.86288,.
98208,.,-7.7541528,35.86288,.
98209,.,-7.7541528,35.86288,.
98210,.,-7.7541528,35.86288,.
98211,.,-7.7541528,35.86288,.
98212,.,-7.7541528,35.86288,.
98213,.,-7.7541528,35.86288,.
98214,.,-7.7541528,35.86288,.
98215,.,-7.7541528,35.86288,.
98216,.,-7.7541528,35.86288,.
98217,.,-7.7541528,35.86288,.
98218,.,-7.7541528,35.86288,.
98219,.,-7.7541528,35.86288,.
98220,.,-7.7541528,35.86288,.
98221,.,-7.7541528,35.86288,.
98222,.,-7.7541528,35.86288,.
98223,.,-7.7541528,35.86288,.
98224,.,-7.7541528,35.86288,.
98225,.,-7.7541528,35.86288,.
98226,.,-7.7541528,35.86288,.
98227,.,-7.7541528,35.86288,.
98228,.,-7.7541528,35.86288,.
98229,.,-7.7541528,35.86288,.
98230,.,-7.9590041,35.7409363,.
98231,.,-7.9590041,35.7409363,.
98232,.,-7.9590041,35.7409363,.
98233,.,-7.9590041,35.7409363,.
98234,.,-7.9590041,35.7409363,.
98235,.,-7.9590041,35.7409363,.
98236,.,-7.9590041,35.7409363,.
98237,.,-7.9590041,35.7409363,.
98238,.,-7.9590041,35.7409363,.
98239,.,-7.9590041,35.7409363,.
98240,.,-7.9590041,35.7409363,.
98241,.,-7.9590041,35.7409363,.
98242,.,-7.9590041,35.7409363,.
98243,.,-7.9590041,35.7409363,.
98244,.,-7.9590041,35.7409363,.
98245,.,-7.9590041,35.7409363,.
98246,.,-7.9590041,35.7409363,.
98247,.,-7.9590041,35.7409363,.
98248,.,-7.9590041,35.7409363,.
98249,.,-7.9590041,35.7409363,.
98250,.,-7.9590041,35.7409363,.
98251,.,-7.9590041,35.7409363,.
98252,.,-7.9590041,35.7409363,.
98253,.,-7.9590041,35.7409363,.
98254,.,-7.9590041,35.7409363,.
98255,.,-7.9590041,35.7409363,.
98256,.,-7.9590041,35.7409363,.
98257,.,-7.9590041,35.7409363,.
98258,.,-7.9590041,35.7409363,.
98259,.,-7.9590041,35.7409363,.
98260,.,-7.9590041,35.7409363,.
98261,.,-7.9590041,35.7409363,.
98262,.,-7.9590041,35.7409363,.
98263,.,-7.9590041,35.7409363,.
98264,.,-7.9590041,35.7409363,.
98265,.,-7.9590041,35.7409363,.
98266,.,-7.9590041,35.7409363,.
98267,.,-7.9590041,35.7409363,.
98268,.,-7.9590041,35.7409363,.
98269,.,-7.9150899,35.7423274,.
98270,.,-7.9150899,35.7423274,.
98271,.,-7.9150899,35.7423274,.
98272,.,-7.9150899,35.7423274,.
98273,.,-7.9150899,35.7423274,.
98274,.,-7.9150899,35.7423274,.
98275,.,-7.9150899,35.7423274,.
98276,.,-7.9150899,35.7423274,.
98277,.,-7.9150899,35.7423274,.
98278,.,-7.9150899,35.7423274,.
98279,.,-7.9150899,35.7423274,.
98280,.,-7.9150899,35.7423274,.
98281,.,-7.9150899,35.7423274,.
98282,.,-7.9150899,35.7423274,.
98283,.,-7.9150899,35.7423274,.
98284,.,-7.9150899,35.7423274,.
98285,.,-7.9150899,35.7423274,.
98286,.,-7.9150899,35.7423274,.
98287,.,-7.9150899,35.7423274,.
98288,.,-7.9150899,35.7423274,.
98289,.,-7.9150899,35.7423274,.
98290,.,-7.9150899,35.7423274,.
98291,.,-7.9150899,35.7423274,.
98292,.,-7.9150899,35.7423274,.
98293,.,-7.9150899,35.7423274,.
98294,.,-7.9150899,35.7423274,.
98295,.,-7.9150899,35.7423274,.
98296,.,-7.9150899,35.7423274,.
98297,.,-7.9150899,35.7423274,.
98298,.,-7.9150899,35.7423274,.
98299,.,-7.9150899,35.7423274,.
98300,.,-7.9150899,35.7423274,.
98301,.,-7.9150899,35.7423274,.
98302,.,-7.9150899,35.7423274,.
98303,.,-7.9150899,35.7423274,.
98304,.,-7.9150899,35.7423274,.
98305,.,-7.9150899,35.7423274,.
98306,.,-7.9150899,35.7423274,.
98307,.,-7.9150899,35.7423274,.
98308,.,-7.9150899,35.7423274,.
98309,.,-7.9150899,35.7423274,.
98310,.,-7.9150899,35.7423274,.
98311,.,-7.9532528,35.6758363,.
98312,.,-7.9532528,35.6758363,.
98313,.,-7.9532528,35.6758363,.
98314,.,-7.9532528,35.6758363,.
98315,.,-7.9532528,35.6758363,.
98316,.,-7.9532528,35.6758363,.
98317,.,-7.9532528,35.6758363,.
98318,.,-7.9532528,35.6758363,.
98319,.,-7.9532528,35.6758363,.
98320,.,-7.9532528,35.6758363,.
98321,.,-7.9532528,35.6758363,.
98322,.,-7.9532528,35.6758363,.
98323,.,-7.9532528,35.6758363,.
98324,.,-7.9532528,35.6758363,.
98325,.,-7.9532528,35.6758363,.
98326,.,-7.9532528,35.6758363,.
98327,.,-7.9532528,35.6758363,.
98328,.,-7.9532528,35.6758363,.
98329,.,-7.9532528,35.6758363,.
98330,.,-7.9532528,35.6758363,.
98331,.,-7.9532528,35.6758363,.
98332,.,-7.9532528,35.6758363,.
98333,.,-7.9532528,35.6758363,.
98334,.,-7.9532528,35.6758363,.
98335,.,-7.9532528,35.6758363,.
98336,.,-7.9532528,35.6758363,.
98337,.,-7.9532528,35.6758363,.
98338,.,-7.9532528,35.6758363,.
98339,.,-7.9532528,35.6758363,.
98340,.,-7.9532528,35.6758363,.
98341,.,-7.9532528,35.6758363,.
98342,.,-7.9532528,35.6758363,.
98343,.,-7.9532528,35.6758363,.
98344,.,-7.9532528,35.6758363,.
98345,.,-7.9532528,35.6758363,.
98346,.,-7.9532528,35.6758363,.
98347,.,-7.9532528,35.6758363,.
98348,.,-7.9532528,35.6758363,.
98349,.,-7.9532528,35.6758363,.
98350,.,-7.9532528,35.6758363,.
98351,.,-7.9532528,35.6758363,.
98352,.,-7.9532528,35.6758363,.
98353,.,-7.9532528,35.6758363,.
98354,.,-7.9532528,35.6758363,.
98355,.,-7.9532528,35.6758363,.
98356,.,-7.8364879,35.7476981,.
98357,.,-7.8364879,35.7476981,.
98358,.,-7.8364879,35.7476981,.
98359,.,-7.8364879,35.7476981,.
98360,.,-7.8364879,35.7476981,.
98361,.,-7.8364879,35.7476981,.
98362,.,-7.8364879,35.7476981,.
98363,.,-7.8364879,35.7476981,.
98364,.,-7.8364879,35.7476981,.
98365,.,-7.8364879,35.7476981,.
98366,.,-7.8364879,35.7476981,.
98367,.,-7.8364879,35.7476981,.
98368,.,-7.8364879,35.7476981,.
98369,.,-7.8364879,35.7476981,.
98370,.,-7.8364879,35.7476981,.
98371,.,-7.8364879,35.7476981,.
98372,.,-7.8364879,35.7476981,.
98373,.,-7.8364879,35.7476981,.
98374,.,-7.8364879,35.7476981,.
98375,.,-7.8364879,35.7476981,.
98376,.,-7.8364879,35.7476981,.
98377,.,-7.8364879,35.7476981,.
98378,.,-7.8364879,35.7476981,.
98379,.,-7.8364879,35.7476981,.
98380,.,-7.8364879,35.7476981,.
98381,.,-7.8364879,35.7476981,.
98382,.,-7.8364879,35.7476981,.
98383,.,-7.8364879,35.7476981,.
98384,.,-7.8364879,35.7476981,.
98385,.,-7.8364879,35.7476981,.
98386,.,-7.8364879,35.7476981,.
98387,.,-7.8364879,35.7476981,.
98388,.,-7.8364879,35.7476981,.
98389,.,-7.8364879,35.7476981,.
98390,.,-7.8364879,35.7476981,.
98391,.,-7.8364879,35.7476981,.
98392,.,-7.8364879,35.7476981,.
98393,.,-7.8364879,35.7476981,.
98394,.,-7.8364879,35.7476981,.
98395,.,-7.8364879,35.7476981,.
98396,.,-7.8364879,35.7476981,.
98397,.,-7.8639351,35.6233948,.
98398,.,-7.8639351,35.6233948,.
98399,.,-7.8639351,35.6233948,.
98400,.,-7.8639351,35.6233948,.
98401,.,-7.8639351,35.6233948,.
98402,.,-7.8639351,35.6233948,.
98403,.,-7.8639351,35.6233948,.
98404,.,-7.8639351,35.6233948,.
98405,.,-7.8639351,35.6233948,.
98406,.,-7.8639351,35.6233948,.
98407,.,-7.8639351,35.6233948,.
98408,.,-7.8639351,35.6233948,.
98409,.,-7.8639351,35.6233948,.
98410,.,-7.8639351,35.6233948,.
98411,.,-7.8639351,35.6233948,.
98412,.,-7.8639351,35.6233948,.
98413,.,-7.8639351,35.6233948,.
98414,.,-7.8639351,35.6233948,.
98415,.,-7.8639351,35.6233948,.
98416,.,-7.8639351,35.6233948,.
98417,.,-7.8639351,35.6233948,.
98418,.,-7.8639351,35.6233948,.
98419,.,-7.8639351,35.6233948,.
98420,.,-7.8639351,35.6233948,.
98421,.,-7.8639351,35.6233948,.
98422,.,-7.8639351,35.6233948,.
98423,.,-7.8639351,35.6233948,.
98424,.,-7.8639351,35.6233948,.
98425,.,-7.8639351,35.6233948,.
98426,.,-7.8639351,35.6233948,.
98427,.,-7.8639351,35.6233948,.
98428,.,-7.8639351,35.6233948,.
98429,.,-7.8639351,35.6233948,.
98430,.,-7.8639351,35.6233948,.
98431,.,-7.8639351,35.6233948,.
98432,.,-7.8639351,35.6233948,.
98433,.,-7.8639351,35.6233948,.
98434,.,-7.8639351,35.6233948,.
98435,.,-7.8639351,35.6233948,.
98436,.,-7.8639351,35.6233948,.
98437,.,-7.8639351,35.6233948,.
98438,.,-7.8639351,35.6233948,.
98439,.,-7.8639351,35.6233948,.
98440,.,-7.56685,36.1084968,.
98441,.,-7.56685,36.1084968,.
98442,.,-7.56685,36.1084968,.
98443,.,-7.56685,36.1084968,.
98444,.,-7.56685,36.1084968,.
98445,.,-7.56685,36.1084968,.
98446,.,-7.56685,36.1084968,.
98447,.,-7.56685,36.1084968,.
98448,.,-7.56685,36.1084968,.
98449,.,-7.56685,36.1084968,.
98450,.,-7.56685,36.1084968,.
98451,.,-7.56685,36.1084968,.
98452,.,-7.56685,36.1084968,.
98453,.,-7.56685,36.1084968,.
98454,.,-7.56685,36.1084968,.
98455,.,-7.56685,36.1084968,.
98456,.,-7.56685,36.1084968,.
98457,.,-7.56685,36.1084968,.
98458,.,-7.56685,36.1084968,.
98459,.,-7.56685,36.1084968,.
98460,.,-7.56685,36.1084968,.
98461,.,-7.56685,36.1084968,.
98462,.,-7.56685,36.1084968,.
98463,.,-7.56685,36.1084968,.
98464,.,-7.56685,36.1084968,.
98465,.,-7.56685,36.1084968,.
98466,.,-7.56685,36.1084968,.
98467,.,-7.56685,36.1084968,.
98468,.,-7.56685,36.1084968,.
98469,.,-7.56685,36.1084968,.
98470,.,-7.56685,36.1084968,.
98471,.,-7.56685,36.1084968,.
98472,.,-7.56685,36.1084968,.
98473,.,-7.56685,36.1084968,.
98474,.,-7.56685,36.1084968,.
98475,.,-7.56685,36.1084968,.
98476,.,-7.56685,36.1084968,.
98477,.,-7.56685,36.1084968,.
98478,.,-7.56685,36.1084968,.
98479,.,-7.56685,36.1084968,.
98480,.,-7.56685,36.1084968,.
98481,.,-7.56685,36.1084968,.
98482,.,-7.56685,36.1084968,.
98483,.,-7.56685,36.1084968,.
98484,.,-7.56685,36.1084968,.
98485,.,-7.821246667,35.7949583,.
98486,.,-7.821246667,35.7949583,.
98487,.,-7.821246667,35.7949583,.
98488,.,-7.821246667,35.7949583,.
98489,.,-7.821246667,35.7949583,.
98490,.,-7.821246667,35.7949583,.
98491,.,-7.821246667,35.7949583,.
98492,.,-7.821246667,35.7949583,.
98493,.,-7.821246667,35.7949583,.
98494,.,-7.821246667,35.7949583,.
98495,.,-7.821246667,35.7949583,.
98496,.,-7.821246667,35.7949583,.
98497,.,-7.821246667,35.7949583,.
98498,.,-7.821246667,35.7949583,.
98499,.,-7.821246667,35.7949583,.
98500,.,-7.821246667,35.7949583,.
98501,.,-7.821246667,35.7949583,.
98502,.,-7.821246667,35.7949583,.
98503,.,-7.821246667,35.7949583,.
98504,.,-7.821246667,35.7949583,.
98505,.,-7.821246667,35.7949583,.
98506,.,-7.821246667,35.7949583,.
98507,.,-7.821246667,35.7949583,.
98700,.,-1.926739132,29.41033562,.
98701,.,-1.79145566571825,29.3068799686367,.
98702,.,-2.618487139,29.85774128,.
98703,.,-2.28327897947424,29.2223196770698,.
98704,.,-2.32777328474985,29.235400783775,.
98705,.,-2.41140760778744,29.0901419078055,.
98706,.,-2.465943361,29.46623985,.
98707,.,-2.587469036,29.90751037,.
98708,.,-2.05229668,29.42553615,.
98709,.,-2.330657227,29.22309731,.
98710,.,-2.172679707,29.33849058,.
98711,.,-2.08681044401397,29.4876714004386,.
98712,.,-2.05229668,29.42553615,.
98713,.,-2.504332493,29.37287859,.
98714,.,-2.1690328874119,29.3591753283814,.
98715,.,-2.587469036,29.90751037,.
98716,.,-2.628193458,29.87139335,.
98717,.,-1.74872167995175,29.3408894178812,.
98718,.,-1.95823765334249,29.3357548741869,.
98719,.,-2.504332493,29.37287859,.
98720,.,-2.417651875,28.94091638,.
98721,.,-2.653233188,29.90789168,.
98722,.,-1.751044538,29.4095106,.
98723,.,-1.926739132,29.41033562,.
98724,.,-2.077320361,29.51775817,.
98725,.,-1.89207565368862,29.2890295555313,.
98726,.,-2.15513487943314,29.3496994565247,.
98727,.,-2.22814327651988,29.4324486090484,.
98728,.,-2.13185151387417,29.2584093209237,.
98729,.,-2.504332493,29.37287859,.
98730,.,-2.13956740421397,29.3644677560486,.
98731,.,-2.172679707,29.33849058,.
98732,.,-2.64237241799662,29.8684914246241,.
98733,.,-2.10105088538441,29.5061695753012,.
98734,.,-2.16603743311275,29.355259654181,.
98735,.,-2.05229668,29.42553615,.
98736,.,-2.172679707,29.33849058,.
98737,.,-2.350856872,29.10788297,.
98738,.,-2.17215591308122,29.3543275843365,.
98739,.,-2.425576449,29.16766537,.
98740,.,-2.172679707,29.33849058,.
98741,.,-2.598355335,29.79997862,.
98742,.,-2.657574894,29.87726534,.
98743,.,-2.30847565286298,29.1951132534419,.
98744,.,-2.34600756730551,29.106166579189,.
98745,.,-1.59666778245892,30.3588140550068,.
98746,.,-1.886816947,29.40446685,.
98747,.,-2.23268670172269,29.4351676225428,.
98748,.,-2.34120019314925,29.8195122386332,.
98749,.,-1.59773539503678,30.3600727861782,.
98750,.,-1.5702989601217,30.352070300246,.
98751,.,-2.22188356227212,29.21238578726,.
98752,.,-2.317129828,29.91135279,.
98753,.,-2.172679707,29.33849058,.
98754,.,-2.17593687573477,29.3650087732533,.
98755,.,-2.5172600898267,29.025636235135,.
98756,.,-2.086459307,29.40271998,.
98757,.,-1.7970956764418,29.3108146468251,.
98758,.,-2.16860782338164,29.3571548906306,.
98759,.,-2.417651875,28.94091638,.
98760,.,-1.81685339708383,30.4153098899124,.
98761,.,-1.926739132,29.41033562,.
98762,.,-2.55549361026953,28.9358967767863,.
98763,.,-1.56723223967325,30.3509499133882,.
98764,.,-1.9920769929063,29.3634026521168,.
98765,.,-2.53221666193007,29.058537565945,.
98766,.,-1.82450910816814,30.4083620998602,.
98767,.,-2.423341388,28.97822051,.
98768,.,-2.51706423805604,29.0371093397749,.
98769,.,-2.543142275,29.49215278,.
98770,.,-2.077320361,29.51775817,.
98771,.,-2.2830897843095,29.2185882676521,.
98772,.,-2.32707177560664,29.9236148163559,.
98773,.,-2.1472977703433,29.3600882408856,.
98774,.,-2.35521842859228,29.1463788793441,.
98775,.,-1.91208257351273,29.4008302910238,.
98776,.,-1.80726808229667,30.3770417686521,.
98777,.,-2.628193458,29.87139335,.
98778,.,-1.74338834761125,29.3735172968966,.
98779,.,-2.395520028,29.87000829,.
98780,.,-2.50716842,29.08315831,.
98781,.,-2.134196262,29.36152029,.
98782,.,-2.316991046,29.41718006,.
98783,.,-2.14046788262801,29.3605095539294,.
98784,.,-2.218747329,29.4641897,.
98785,.,-2.551010805,28.93457517,.
98786,.,-1.777088497,30.35378991,.
98787,.,-2.077320361,29.51775817,.
98788,.,-2.504332493,29.37287859,.
98789,.,-1.75014389258195,29.3410879330226,.
98790,.,-2.395520028,29.87000829,.
98791,.,-2.27534441190541,29.2292313300927,.
98792,.,-2.53691095623571,29.8746683447476,.
98793,.,-1.886816947,29.40446685,.
98794,.,-1.69821597,30.44429062,.
98795,.,-2.28878471,29.9333249,.
98796,.,-1.74314687847219,29.3732202853407,.
98797,.,-2.111171718,29.49330647,.
98798,.,-1.99791111163841,29.3491651016423,.
98799,.,-2.32880239838321,29.9221558058457,.
98800,.,-2.27592402993085,29.2279293217652,.
98801,.,-2.34871592859173,29.8347622995165,.
98802,.,-2.33300311,29.2043981,.
98803,.,-2.72545148259173,29.565922917587,.
98804,.,-2.62625851752182,29.8746037833325,.
98805,.,-1.69821597,30.44429062,.
98806,.,-2.306567127,29.15631517,.
98807,.,-2.2047820443279,29.5177306256158,.
98808,.,-2.24202284969076,29.3913268408939,.
98809,.,-2.34679742697477,29.8362628085923,.
98810,.,-2.15674189551476,29.3497347650893,.
98811,.,-2.598355335,29.79997862,.
98812,.,-2.56171430457134,28.940769984659,.
98813,.,-2.077320361,29.51775817,.
98814,.,-2.75239411350388,29.6146310222954,.
98815,.,-2.29325619467847,29.4040689151817,.
98816,.,-2.18121560949652,29.2623509935727,.
98817,.,-2.17140692741021,29.3587830577795,.
98818,.,-2.28878471,29.9333249,.
98819,.,-1.98139817868439,29.3799675454002,.
98820,.,-1.805319005,30.32797981,.
98821,.,-2.653233188,29.90789168,.
98822,.,-2.180645924,29.40998268,.
98823,.,-1.59691673725633,30.3585213023,.
98824,.,-1.74433451101292,29.3781229011531,.
98825,.,-2.06472225487232,29.5016415975988,.
98826,.,-2.40928865864182,29.0906666546703,.
98827,.,-2.560385056,29.46641626,.
98828,.,-1.886816947,29.40446685,.
98829,.,-1.777088497,30.35378991,.
98830,.,-2.30816936074181,29.2590556225688,.
98831,.,-2.16346843647732,29.2856499606184,.
98832,.,-2.1024549649751,29.4975262769442,.
98833,.,-1.56791120766836,30.3513259629232,.
98834,.,-2.543142275,29.49215278,.
98835,.,-2.48291281,28.9576112,.
98836,.,-2.147061848,29.58048217,.
98837,.,-2.34858419479439,29.8145111718662,.
98838,.,-2.130149327,29.2642612,.
98839,.,-1.77741404818803,29.3178379189859,.
98840,.,-1.74875448684708,29.3402636217026,.
98841,.,-1.805319005,30.32797981,.
98842,.,-1.58649035668051,30.3541273999147,.
98843,.,-1.98149311861238,29.3835872912363,.
98844,.,-2.19240796907992,29.3696866748119,.
98845,.,-1.91576455447421,29.2939015117015,.
98846,.,-2.63211006361981,29.8454077530262,.
98847,.,-1.943520636,29.39039033,.
98848,.,-1.90282249972608,29.3036292269761,.
98849,.,-2.13039900099514,29.2647805905297,.
98850,.,-1.90178521296038,29.2963442270948,.
98851,.,-2.445730777,28.9589336,.
98852,.,-2.083402693,29.57632458,.
98853,.,-2.14405564548658,29.3626114607566,.
98854,.,-2.28815763623731,29.4086998184766,.
98855,.,-2.504332493,29.37287859,.
98856,.,-1.59226318619331,30.3525601827188,.
98857,.,-2.235322914,29.377697,.
98858,.,-2.05675898000459,29.4005461827204,.
98859,.,-1.99670141761813,29.366793373158,.
98860,.,-2.31040432068237,29.2181489154147,.
98861,.,-1.93223859533251,29.3863174886303,.
98862,.,-2.00983497196147,29.3496402897708,.
98863,.,-2.533622856,29.46548746,.
98864,.,-1.69821597,30.44429062,.
98865,.,-2.64000017929983,29.8766933249359,.
98866,.,-2.15325521902638,29.3695118869159,.
98867,.,-2.219725286,29.29203227,.
98868,.,-2.077320361,29.51775817,.
98869,.,-2.183046423,29.56894094,.
98870,.,-2.598355335,29.79997862,.
98871,.,-2.28660698794484,29.8373959689169,.
98872,.,-2.172679707,29.33849058,.
98873,.,-2.51748917043384,29.0253489486277,.
98874,.,-1.88547747859866,29.3511706050997,.
98875,.,-2.05229668,29.42553615,.
98876,.,-2.086459307,29.40271998,.
98877,.,-1.89895880691422,29.3025315875336,.
98878,.,-2.23855383997072,29.3897600506343,.
98879,.,-2.14441137144944,29.3642435392845,.
98880,.,-2.30814176223372,29.2131749755326,.
98881,.,-1.69821597,30.44429062,.
98882,.,-2.28809026351169,29.7347280761083,.
98883,.,-1.94892941989311,29.3426624465011,.
98884,.,-2.08520607557148,29.4062790926546,.
98885,.,-2.51737360219909,29.0376548041821,.
98886,.,-2.11900079571308,29.3526069329191,.
98887,.,-2.077320361,29.51775817,.
98888,.,-2.598355335,29.79997862,.
98889,.,-1.85169097,30.34569596,.
98890,.,-2.077320361,29.51775817,.
98891,.,-2.1720701917971,29.4667334003775,.
98892,.,-2.22315207982938,29.3974519769747,.
98893,.,-2.14507471668493,29.2709348747039,.
98894,.,-2.598355335,29.79997862,.
98895,.,-1.96824252891111,29.4404207355772,.
98896,.,-2.15021341235819,29.3557829706414,.
98897,.,-2.52828585058548,29.051689017028,.
98898,.,-2.560385056,29.46641626,.
98899,.,-2.551010805,28.93457517,.
98900,.,-2.087454283,29.33556387,.
98901,.,-2.172679707,29.33849058,.
98902,.,-2.653233188,29.90789168,.
98903,.,-2.653233188,29.90789168,.
98904,.,-2.242459201,29.47367293,.
98905,.,-2.23855508232268,29.4331234729952,.
98906,.,-1.58550898865129,30.3784161431982,.
98907,.,-2.19184109,29.36660463,.
98908,.,-2.56533415117674,28.9400168541107,.
98909,.,-2.48291281,28.9576112,.
98910,.,-2.083402693,29.57632458,.
98911,.,-2.53921555136319,28.9382783529174,.
98912,.,-1.9028056894769,29.4099067545138,.
98913,.,-2.22824238969058,29.4318525874519,.
98914,.,-2.2354713309143,29.394049919091,.
98915,.,-2.134196262,29.36152029,.
98916,.,-2.29182015604794,29.2013177670301,.
98917,.,-1.90348798257888,29.3043463301212,.
98918,.,-2.55087927584617,29.0154741943495,.
98919,.,-2.12501813362608,29.2586743640948,.
98920,.,-2.17420023384035,29.3672135997278,.
98921,.,-2.5123274,29.01383305,.
98922,.,-2.56232457972526,28.9411475843851,.
98923,.,-2.130149327,29.2642612,.
98924,.,-2.526456938,29.03131826,.
98925,.,-2.1706112850513,29.3616121941282,.
98926,.,-2.32678498758716,29.9084194085263,.
98927,.,-2.543142275,29.49215278,.
98928,.,-2.077320361,29.51775817,.
98929,.,-2.37407529601466,29.1347671655458,.
98930,.,-2.077320361,29.51775817,.
98931,.,-2.17205295377307,29.3629226970529,.
98932,.,-2.283983901,29.4204887,.
98933,.,-2.42630689957925,29.0448889483074,.
98934,.,-2.657574894,29.87726534,.
98935,.,-2.077320361,29.51775817,.
98936,.,-2.087454283,29.33556387,.
98937,.,-2.323711603,29.03154952,.
98938,.,-1.96013475382178,29.3344967126963,.
98939,.,-2.116296897,29.57705735,.
98940,.,-2.66191471402378,28.9813690778416,.
98941,.,-2.509012495,29.70212933,.
98942,.,-2.57532792164477,29.8705321809008,.
98943,.,-2.509012495,29.70212933,.
98944,.,-2.6224967332929,29.8839982306045,.
98945,.,-2.20489505641799,29.5177716875626,.
98946,.,-2.54315633412294,29.8847039955009,.
98947,.,-2.626225164,29.72388766,.
98948,.,-1.79524211906876,29.3159901640448,.
98949,.,-1.79041887858661,29.3067417523664,.
98950,.,-1.95986266464107,29.3312564207282,.
98951,.,-1.926739132,29.41033562,.
98952,.,-1.777088497,30.35378991,.
98953,.,-2.0900011305443,29.4968931668678,.
98954,.,-1.76026626249227,29.3197349457331,.
98955,.,-1.78342674676312,29.3202584061919,.
98956,.,-1.6208934583359,30.3122335413175,.
98957,.,-2.752355594,29.61980767,.
98958,.,-2.46172310625381,29.5176013406261,.
98959,.,-1.815439538,29.30165132,.
98960,.,-1.79426930442031,29.3088662015493,.
98961,.,-1.75976677427281,29.3179421456389,.
98962,.,-2.242459201,29.47367293,.
98963,.,-2.67169564233419,28.9952912879928,.
98964,.,-1.775762608,29.30080718,.
98965,.,-1.926739132,29.41033562,.
98966,.,-1.926739132,29.41033562,.
98967,.,-1.89178549478361,29.3369801928677,.
98968,.,-1.79459936343593,29.3154673298011,.
98969,.,-1.60224053060868,30.3610500028275,.
98970,.,-1.81798965922095,29.3135553967994,.
98971,.,-1.82550774860154,29.3218640787346,.
98972,.,-1.86451275539851,29.3490974601313,.
98973,.,-1.839839867,30.38184471,.
98974,.,-2.477539593,29.80185348,.
98975,.,-1.97305390047177,29.4186469134974,.
98976,.,-2.697059115,29.60362743,.
98977,.,-2.3748900714044,29.8844884321839,.
98978,.,-2.306242803,29.73229581,.
98979,.,-1.87407736478466,29.3679821750264,.
98980,.,-1.800088416,30.39389211,.
98981,.,-1.77893850663589,29.3173960248061,.
98982,.,-2.6374970814371,29.8603941255507,.
98983,.,-1.775762608,29.30080718,.
98984,.,-1.69056121789611,30.3027070701584,.
98985,.,-1.76079662878109,29.3171869270633,.
98986,.,-1.87430730249374,29.3664209067922,.
98987,.,-1.65216227,30.38320829,.
98988,.,-1.78063435677976,29.3104316889337,.
98989,.,-1.800088416,30.39389211,.
98990,.,-2.28793417889344,29.9515987595463,.
98991,.,-1.65216227,30.38320829,.
98992,.,-2.480604045,29.86643331,.
98993,.,-1.90358510961283,29.3902402999098,.
98994,.,-1.75702161121262,29.312562258631,.
98995,.,-1.904936165,29.40466305,.
98996,.,-1.79030478463262,29.3068930099033,.
98997,.,-1.800088416,30.39389211,.
98998,.,-1.79138280215425,29.3023998083105,.
98999,.,-2.111171718,29.49330647,.
99000,.,-1.62492741743212,30.3666455937426,.
99001,.,-1.86134478244343,29.3554608620786,.
99002,.,-1.82141156798367,29.3089059947239,.
99003,.,-2.44014071600682,29.032720028814,.
99004,.,-2.319246617,29.84984753,.
99005,.,-2.261444663,29.73052615,.
99006,.,-1.782221949,29.32134879,.
99007,.,-1.89585769648611,29.3973938148412,.
99008,.,-1.90654217270707,29.3907251883956,.
99009,.,-2.62615055813077,29.8684756023081,.
99010,.,-1.87125989584692,29.358597001946,.
99011,.,-1.874146311,29.37650541,.
99012,.,-2.486905713,29.60682494,.
99013,.,-1.800088416,30.39389211,.
99014,.,-2.42661115770631,29.0465085345703,.
99015,.,-1.7500810185186,29.3290881435851,.
99016,.,-2.283983901,29.4204887,.
99017,.,-1.96282724345099,29.4187515473816,.
99018,.,-2.319246617,29.84984753,.
99019,.,-2.46223803682837,29.5279555795035,.
99020,.,-1.69402524114294,30.3046334235826,.
99021,.,-2.620151016,29.05183807,.
99022,.,-1.87537589733229,29.3521783588375,.
99023,.,-1.800088416,30.39389211,.
99024,.,-2.752355594,29.61980767,.
99025,.,-2.752355594,29.61980767,.
99026,.,-1.815439538,29.30165132,.
99027,.,-2.283983901,29.4204887,.
99028,.,-1.87310718525741,29.3587593647449,.
99029,.,-1.78248670078897,29.3176708696545,.
99030,.,-1.96386402667198,29.4210164586256,.
99031,.,-1.86082361875718,29.3542429473092,.
99032,.,-2.752355594,29.61980767,.
99033,.,-1.926739132,29.41033562,.
99034,.,-1.79462587846799,29.3151357872904,.
99035,.,-1.7611063629475,29.3169146853572,.
99036,.,-2.283983901,29.4204887,.
99037,.,-1.795746491,29.30016205,.
99038,.,-2.477539593,29.80185348,.
99039,.,-1.82308399263274,29.3237179547847,.
99040,.,-1.78819411966153,29.3423420972048,.
99041,.,-1.77214299144372,29.3227911447165,.
99042,.,-1.65216227,30.38320829,.
99043,.,-1.886816947,29.40446685,.
99044,.,-1.7911285220604,29.3038052785437,.
99045,.,-1.97552847726913,29.442222596915,.
99046,.,-2.111171718,29.49330647,.
99047,.,-1.65216227,30.38320829,.
99048,.,-1.904936165,29.40466305,.
99049,.,-1.87008810381086,29.3464485813084,.
99050,.,-2.703446616,29.64032732,.
99051,.,-2.64186536654857,29.0489363971608,.
99052,.,-2.217800836,29.44739345,.
99053,.,-1.76565090440873,29.3219158283355,.
99054,.,-1.80393416421008,29.3183557645276,.
99055,.,-2.22241491182524,29.4987166829594,.
99056,.,-1.81472211363727,29.316296209133,.
99057,.,-2.37397307958482,29.887963535263,.
99058,.,-1.82544715136295,29.3219378207123,.
99059,.,-2.319246617,29.84984753,.
99060,.,-1.76698790138521,29.3220813701089,.
99061,.,-1.874146311,29.37650541,.
99062,.,-2.306242803,29.73229581,.
99063,.,-1.76816925599409,29.3198981246585,.
99064,.,-2.217800836,29.44739345,.
99065,.,-1.926739132,29.41033562,.
99066,.,-1.90653486021282,29.3907091865626,.
99067,.,-1.904936165,29.40466305,.
99068,.,-2.356720031,29.81091476,.
99069,.,-1.876084646623,29.3531102754208,.
99070,.,-2.3804735496918,29.8894968061019,.
99071,.,-1.874146311,29.37650541,.
99072,.,-1.94559888433519,29.4337582562575,.
99073,.,-1.76810992682904,29.3604003416424,.
99074,.,-2.697059115,29.60362743,.
99075,.,-1.94926943908149,29.4451097884838,.
99076,.,-1.800088416,30.39389211,.
99077,.,-1.775762608,29.30080718,.
99078,.,-1.90675514550306,29.3838278929905,.
99079,.,-1.78237286691295,29.3101871092567,.
99080,.,-1.95892625324408,29.4377815407567,.
99081,.,-1.90519405020898,29.3908390691993,.
99082,.,-1.75721198527585,29.313456566272,.
99083,.,-1.800088416,30.39389211,.
99084,.,-2.36765187,29.91127151,.
99085,.,-2.477539593,29.80185348,.
99086,.,-2.242459201,29.47367293,.
99087,.,-1.775762608,29.30080718,.
99088,.,-1.76677364666899,29.3245291877385,.
99089,.,-1.78526516559674,30.3522693220897,.
99090,.,-2.319246617,29.84984753,.
99091,.,-1.95138346994196,29.4419231322001,.
99092,.,-1.79148883887764,29.3071000226371,.
99093,.,-1.75004410924253,29.3290609001172,.
99094,.,-1.77974751348541,29.3189224790581,.
99095,.,-1.79141150213716,29.3024994904665,.
99096,.,-2.395520028,29.87000829,.
99097,.,-1.77981043005953,29.3189625210593,.
99098,.,-1.86441498814423,29.3493968778424,.
99099,.,-1.79437944447667,29.3151467594971,.
99100,.,-2.217800836,29.44739345,.
99101,.,-1.7807374053164,29.3020756881347,.
99102,.,-1.89073721512527,29.3369606335217,.
99103,.,-1.75826972569808,29.3168752635826,.
99104,.,-2.697059115,29.60362743,.
99105,.,-1.82187161828882,30.4154825871019,.
100630,.,-2.319246617,29.84984753,.
100631,.,-2.051091193,29.45029976,.
100632,.,-2.0516734499938,30.2805561448058,.
100633,.,-2.051091193,29.45029976,.
100634,.,-2.299080137457,29.4057276078187,.
100635,.,-2.275903032,29.37320877,.
100636,.,-2.215218905,29.32477171,.
100637,.,-2.051091193,29.45029976,.
100638,.,-2.028486935,29.45139137,.
100639,.,-2.215218905,29.32477171,.
100640,.,-2.21655785662123,29.375334219713,.
100641,.,-2.417651875,28.94091638,.
100642,.,-2.215218905,29.32477171,.
100643,.,-2.417651875,28.94091638,.
100644,.,-2.028486935,29.45139137,.
100645,.,-2.21198710425272,29.3680165313081,.
100646,.,-2.22187740454862,29.3531616814807,.
100647,.,-2.403211659,29.13774965,.
100648,.,-2.028486935,29.45139137,.
100649,.,-2.05317796345784,30.6608932190095,.
100650,.,-2.026216138,30.33033325,.
100651,.,-2.21099976048854,29.3528336110504,.
100652,.,-2.28804342987005,29.3604597090977,.
100653,.,-1.93270552636475,29.3505227885547,.
100654,.,-1.993151165,29.49112718,.
100655,.,-2.02532722171359,30.6361249537594,.
100656,.,-1.993151165,29.49112718,.
100657,.,-1.98238349050982,30.3410916979176,.
100658,.,-2.051091193,29.45029976,.
100659,.,-2.215218905,29.32477171,.
100660,.,-2.03542985344108,29.5130502207088,.
100661,.,-2.0901956854481,30.6145546739536,.
100662,.,-2.03823298462934,29.5112570859258,.
100663,.,-1.98338712523677,30.342320220039,.
100664,.,-1.7486476391966,29.3531345580365,.
100665,.,-1.60344630935136,30.2498806933441,.
100666,.,-2.215218905,29.32477171,.
100667,.,-2.39103511413806,29.208418640553,.
100668,.,-1.59842289837075,30.2389900928576,.
100669,.,-2.028486935,29.45139137,.
100670,.,-1.76482177827037,29.3625687875013,.
100671,.,-2.05002810408532,30.6591533345848,.
100672,.,-2.1327081720066,29.3031344268503,.
100673,.,-2.43256698060572,28.9284616846246,.
100674,.,-2.13287198668034,29.3305300423119,.
100675,.,-2.028486935,29.45139137,.
100676,.,-2.029986891,29.52760121,.
100677,.,-2.323711603,29.03154952,.
100678,.,-1.993151165,29.49112718,.
100679,.,-2.028486935,29.45139137,.
100680,.,-2.15009192,29.30726377,.
100681,.,-2.25179719163855,29.3293011391055,.
100682,.,-2.21178347788551,29.328449893624,.
100683,.,-2.05465996677382,30.3612062259336,.
100684,.,-2.05972943950263,30.2940351230463,.
100685,.,-2.05012685746661,29.5210440569567,.
100686,.,-2.028486935,29.45139137,.
100687,.,-2.028486935,29.45139137,.
100688,.,-2.05712840283488,30.6271790280571,.
100689,.,-2.051091193,29.45029976,.
100690,.,-2.31762255882881,29.2027141285081,.
100691,.,-1.96065249155937,30.3357459750257,.
100692,.,-2.051091193,29.45029976,.
100693,.,-2.275903032,29.37320877,.
100694,.,-2.15009192,29.30726377,.
100695,.,-2.04178057217801,30.3464190415311,.
100696,.,-1.89849503558979,29.3442340419631,.
100697,.,-1.81416581989588,30.3529086838139,.
100698,.,-2.14001971754876,29.3083006202558,.
100699,.,-2.29566493658999,29.4024403884697,.
100700,.,-2.028486935,29.45139137,.
100701,.,-2.05673900353636,30.6268901911926,.
100702,.,-2.028486935,29.45139137,.
100703,.,-2.02192223906031,30.2929127090725,.
100704,.,-1.80080247235795,30.4062844088299,.
100705,.,-1.9832101214646,30.3173263658114,.
100706,.,-2.215218905,29.32477171,.
100707,.,-2.26209146620259,29.4188687169658,.
100708,.,-2.06218406137168,30.6547695193578,.
100709,.,-2.417651875,28.94091638,.
100710,.,-2.480929097,28.99887421,.
100711,.,-1.61433269624943,30.3021657911342,.
100712,.,-1.98766894115012,30.3209490893296,.
100713,.,-2.06131523322058,30.6306769421272,.
100714,.,-2.216666277,29.36337866,.
100715,.,-2.31892376,29.37722973,.
100716,.,-2.300887087,29.3850064,.
100717,.,-2.316367672,29.67848057,.
100718,.,-1.74866198659118,29.3531492929877,.
100719,.,-2.323711603,29.03154952,.
100720,.,-2.08068863391863,30.6295672075444,.
100721,.,-2.53891990768784,28.9642732222179,.
100722,.,-2.20328161051644,29.331005387308,.
100723,.,-1.691894738,30.42576515,.
100724,.,-1.60347993048578,30.2463344662755,.
100725,.,-1.6014124287763,30.268689426173,.
100726,.,-2.417651875,28.94091638,.
100727,.,-2.13631044423811,29.3075064846696,.
100728,.,-2.28689278794957,29.2790799449451,.
100729,.,-1.677807511,30.2753715,.
100730,.,-2.04190514619442,29.5109482532617,.
100731,.,-2.425515893,29.00632922,.
100732,.,-2.417651875,28.94091638,.
100733,.,-2.01170574644671,30.2848081953634,.
100734,.,-1.98891415299179,30.2926152773002,.
100735,.,-1.59915645142625,30.2551786819601,.
100736,.,-1.60562333559648,30.2651645931186,.
100737,.,-2.02545115471229,30.3276885124715,.
100738,.,-1.60355023610537,30.2533853333667,.
100739,.,-2.07680671871807,30.3447043983097,.
100740,.,-2.13709333495557,29.3041202104836,.
100741,.,-2.05457304161557,30.3277487484666,.
100742,.,-2.39506419785141,29.0667685973602,.
100743,.,-2.05499285608306,30.3219064226637,.
100744,.,-2.216666277,29.36337866,.
100745,.,-2.19139564443772,29.2846825374518,.
100746,.,-2.05793406544829,30.3190852846261,.
100747,.,-2.395520028,29.87000829,.
100748,.,-2.06711707751684,30.3409340842815,.
100749,.,-1.60367259617784,30.3052813546032,.
100750,.,-1.60515222084153,30.2691150242503,.
100751,.,-2.028486935,29.45139137,.
100752,.,-1.59349320313182,30.282690130746,.
100753,.,-2.028486935,29.45139137,.
100754,.,-1.5993313546869,30.2370841261877,.
100755,.,-2.1228128252551,29.4342937599868,.
100756,.,-2.02545463215505,30.6359855544106,.
100757,.,-2.06207746542507,30.6243703013656,.
100758,.,-2.13075653373138,29.3298661696378,.
100759,.,-1.60394146201475,30.2485363868082,.
100760,.,-2.235322914,29.377697,.
100761,.,-1.993151165,29.49112718,.
100762,.,-2.215218905,29.32477171,.
100763,.,-2.01320541152998,30.2806963209652,.
100764,.,-2.06045504760643,30.3250197160092,.
100765,.,-2.41114796444554,29.2139128833836,.
100766,.,-2.00937630792956,30.2889533817521,.
100767,.,-2.55032927023356,28.9615003219581,.
100768,.,-2.04803763911489,29.5263481623319,.
100769,.,-2.13064559428681,29.3274949946501,.
100770,.,-2.68107503,29.57355944,.
100771,.,-2.02133333222571,30.2785169619547,.
100772,.,-2.28286819238509,29.3658643589971,.
100773,.,-2.07543752961223,30.6237327660636,.
100774,.,-2.029986891,29.52760121,.
100775,.,-2.22086273333694,29.3484860255055,.
100776,.,-2.01895919272571,30.6489405925358,.
100777,.,-1.62046041307997,30.2836759249292,.
100778,.,-2.35410454,29.16567003,.
100779,.,-1.60341066418505,30.2497864869355,.
100780,.,-1.76928603692294,29.3561318707799,.
100781,.,-2.435506919,28.92359205,.
100782,.,-1.81113082784938,30.3605261734224,.
100783,.,-1.6127250026702,30.3013904500551,.
100784,.,-2.0823959083017,30.6305871113092,.
100785,.,-1.993151165,29.49112718,.
100786,.,-2.29224254460912,29.2070249801548,.
100787,.,-2.119589312,29.3344913,.
100788,.,-1.60540765885028,30.2723496115685,.
100789,.,-2.02595397102629,30.2797343354437,.
100790,.,-1.98330787675689,30.3114104883097,.
100791,.,-2.17260417306553,29.2429550624818,.
100792,.,-2.119589312,29.3344913,.
100793,.,-1.91159841925487,29.352466784756,.
100794,.,-1.60433642435452,30.2783994514088,.
100795,.,-1.97994299577665,30.3218960170329,.
100796,.,-2.22274703763812,29.3574789906217,.
100797,.,-2.05740013167188,30.3212521617481,.
100798,.,-2.051091193,29.45029976,.
100799,.,-1.627895423,30.40328964,.
100800,.,-2.28726533870699,29.4148479245582,.
100801,.,-2.05344893601805,30.2982097436184,.
100802,.,-1.60530257261756,30.2757391881515,.
100803,.,-2.12461629116886,29.3311006450205,.
100804,.,-2.15372949806644,29.3127794701702,.
100805,.,-1.62928276686253,30.2605922343265,.
100806,.,-2.60281943794856,28.9294500871965,.
100807,.,-2.06971476785839,29.486472196877,.
100808,.,-1.59645412778463,30.2843660096009,.
100809,.,-1.59948486843434,30.2390197185976,.
100810,.,-1.993151165,29.49112718,.
100811,.,-2.44705100064129,28.9170708612448,.
100812,.,-2.302539605,30.44471795,.
100813,.,-2.215218905,29.32477171,.
100814,.,-2.55551577187796,28.963333582975,.
100815,.,-2.19902272278035,29.2786412700203,.
100816,.,-2.75476992435113,29.6116011819751,.
100817,.,-2.04229075298935,29.5115938616621,.
100818,.,-2.435506919,28.92359205,.
100819,.,-2.30084335966199,29.0291918871517,.
100820,.,-1.62132609684641,30.2620046508107,.
100821,.,-1.7841156721669,30.4000889184864,.
100822,.,-1.59983927729409,30.239148196687,.
100823,.,-1.9495623740278,30.2980609902353,.
100824,.,-2.54051668,29.39153583,.
100825,.,-2.028486935,29.45139137,.
100826,.,-1.691894738,30.42576515,.
100827,.,-2.30573430095418,29.4021416664806,.
100828,.,-2.01835863272029,30.304040657612,.
100829,.,-2.39505028510237,29.1434423471872,.
100830,.,-2.35410454,29.16567003,.
100831,.,-2.485854084044,29.0298315395231,.
100832,.,-1.60173811850935,30.298735691008,.
100833,.,-2.323711603,29.03154952,.
100834,.,-1.993151165,29.49112718,.
100835,.,-2.215218905,29.32477171,.
100836,.,-1.61089682564055,30.3032189150806,.
100837,.,-2.389113488478,29.0215088662501,.
100838,.,-2.215218905,29.32477171,.
100839,.,-2.14916930964817,29.3001442112581,.
100840,.,-1.627895423,30.40328964,.
100841,.,-2.40869061320619,29.1965143218894,.
100842,.,-2.02350040801158,30.3090021610822,.
100843,.,-2.09014460574692,30.6145916770084,.
100844,.,-1.60396109022374,30.2515411297841,.
100845,.,-2.44437670580632,28.9277484809561,.
100846,.,-1.60622754203974,30.2709755943648,.
100847,.,-2.20394507330245,29.286161003904,.
100848,.,-1.993151165,29.49112718,.
100849,.,-2.02145812052498,30.2788804739421,.
100850,.,-1.9554917738648,30.3182031926597,.
100851,.,-2.29048776419943,29.3782000564195,.
100852,.,-2.051091193,29.45029976,.
100853,.,-1.59838686564763,30.2739178619857,.
100854,.,-2.21314285734019,29.358526718927,.
100855,.,-1.60555614212474,30.3009674362928,.
100856,.,-2.215218905,29.32477171,.
100857,.,-2.29234314500879,29.3955649153877,.
100858,.,-1.691894738,30.42576515,.
100859,.,-2.54051668,29.39153583,.
100860,.,-2.576347653,28.9784575,.
100861,.,-2.435506919,28.92359205,.
100862,.,-2.324967626,29.62180195,.
100863,.,-2.09411574206889,30.2951882091312,.
100864,.,-2.42247254516002,29.1748157939261,.
100865,.,-1.8208019382422,30.3584740886957,.
100866,.,-1.76573286749935,29.3584340231784,.
100867,.,-2.324967626,29.62180195,.
100868,.,-2.415219251,29.68805339,.
100869,.,-2.33438380307543,29.7208431552233,.
100870,.,-2.09326515986759,30.2949735652628,.
100871,.,-2.324967626,29.62180195,.
100872,.,-2.18440752233786,29.4777915858536,.
100873,.,-2.00921753655371,30.2977560032004,.
100874,.,-1.677807511,30.2753715,.
100875,.,-2.17979898799425,29.477166102426,.
100876,.,-2.43944116429746,28.9255721386913,.
100877,.,-1.839839867,30.38184471,.
100878,.,-1.82076893781907,30.3585303928021,.
100879,.,-2.41852462792443,29.2037221512846,.
100880,.,-2.40812219732295,29.2101945122784,.
100881,.,-2.1782814229979,29.4796313610122,.
100882,.,-1.85169097,30.34569596,.
100883,.,-1.582143667,30.46541296,.
100884,.,-2.31792388750597,29.6577515183431,.
100885,.,-2.31717377147886,29.662736798321,.
100886,.,-2.11352606749536,29.5880362435624,.
100887,.,-2.05303409482685,29.4428917937778,.
100888,.,-2.273777369,29.40272893,.
100889,.,-2.19895277637988,29.5682084932923,.
100890,.,-2.323711603,29.03154952,.
100891,.,-1.90003401283885,29.3473633045254,.
100892,.,-2.32569425148361,29.7181810870648,.
100893,.,-2.323711603,29.03154952,.
100894,.,-2.11404856950656,29.5883184209927,.
100895,.,-2.4469523686971,28.9279408697157,.
100896,.,-2.38310506734994,29.1564098170821,.
100897,.,-1.76660210408285,29.3629721214438,.
100898,.,-2.17883609391751,29.4790233371666,.
100899,.,-2.11080395075644,29.5832334221737,.
100900,.,-2.33535646912964,29.7200176670171,.
100901,.,-2.415219251,29.68805339,.
100902,.,-2.39010537499101,29.6860146652066,.
100903,.,-2.3362121426249,29.7244533259434,.
100904,.,-1.966104434,30.35695383,.
100905,.,-2.16564802491859,29.4991253858333,.
100906,.,-2.469311204,28.96978273,.
100907,.,-1.69821597,30.44429062,.
100908,.,-2.30726199154806,29.6514498769641,.
100909,.,-2.083016092,30.31307805,.
100910,.,-1.807904559,30.35284142,.
100911,.,-2.40712607403474,29.2031915099128,.
100912,.,-2.4437239456834,28.9181673025743,.
100913,.,-2.11015657640871,29.5766554151065,.
100914,.,-2.41228386978951,29.1887721753003,.
100915,.,-2.05090943380037,30.2661508809928,.
100916,.,-2.313176951,29.65678532,.
100917,.,-1.839839867,30.38184471,.
100918,.,-2.2448659159438,29.3320407837835,.
100919,.,-2.11167844110986,29.5879506960821,.
100920,.,-1.7580593250521,29.3682221874993,.
100921,.,-2.415219251,29.68805339,.
100922,.,-1.89261260564983,29.3298928244409,.
100923,.,-1.677807511,30.2753715,.
100924,.,-2.40211847,29.27797418,.
100925,.,-1.839839867,30.38184471,.
100926,.,-2.324967626,29.62180195,.
100927,.,-2.13894337881357,29.5693539641798,.
100928,.,-2.526456938,29.03131826,.
100929,.,-2.40153583427206,29.0818248731357,.
100930,.,-1.839839867,30.38184471,.
100931,.,-2.241956304,29.20320328,.
100932,.,-2.33366041629736,29.7221267539977,.
100933,.,-1.82214183673748,30.3619190093404,.
100934,.,-2.48704733005736,29.0405205350972,.
100935,.,-1.76513791766087,29.3631712488935,.
100936,.,-1.85169097,30.34569596,.
100937,.,-1.76818733315247,29.3612495621093,.
100938,.,-2.18341521359395,29.4781703431285,.
100939,.,-2.36765187,29.91127151,.
100940,.,-2.41534308090492,29.1887399623979,.
100941,.,-2.03649940986648,30.2735658862517,.
100942,.,-2.16261519868935,29.4868041461219,.
100943,.,-2.42192538137324,29.177006878949,.
100944,.,-1.75488498032172,29.3710643890692,.
100945,.,-2.38553705042452,29.1541110209973,.
100946,.,-2.415219251,29.68805339,.
100947,.,-1.800088416,30.39389211,.
100948,.,-2.36765187,29.91127151,.
100949,.,-2.137592046,30.52144902,.
100950,.,-2.399466323,29.15593669,.
100951,.,-2.35477504009124,29.7097885972515,.
100952,.,-2.64715933390766,29.0441359842827,.
100953,.,-1.691894738,30.42576515,.
100954,.,-1.81442096137153,30.3546651520253,.
100955,.,-1.76906298806846,29.3578343209003,.
100956,.,-2.49609065468042,29.0326864198713,.
100957,.,-2.43570058472922,28.9249642790206,.
100958,.,-2.241956304,29.20320328,.
105826,.,-3.325937,29.741723,.
105827,.,-3.323196,29.627308,.
105828,.,-3.323196,29.627308,.
105829,.,-3.071005,29.593537,.
105830,.,-3.228746,29.717134,.
105831,.,-3.228746,29.717134,.
105832,.,-3.323196,29.627308,.
105833,.,-3.345783,29.601292,.
105834,.,-3.266797,29.717223,.
105835,.,-3.325937,29.741723,.
105836,.,-3.280434,29.699084,.
105837,.,-3.280434,29.699084,.
105838,.,-3.229366,29.691696,.
105839,.,-3.280434,29.699084,.
105840,.,-3.337977,29.628271,.
105841,.,-3.229366,29.691696,.
105842,.,-3.323196,29.627308,.
105843,.,-3.323196,29.627308,.
105844,.,-3.341281,29.686391,.
105845,.,-3.341281,29.686391,.
105846,.,-3.228746,29.717134,.
105847,.,-3.341281,29.686391,.
105848,.,-3.323196,29.627308,.
105849,.,-3.228746,29.717134,.
105850,.,-3.505477,29.742396,.
105851,.,-3.325937,29.741723,.
105852,.,-3.323196,29.627308,.
105853,.,-3.280434,29.699084,.
105854,.,-3.489555,29.677465,.
105855,.,-3.341281,29.686391,.
105856,.,-3.341281,29.686391,.
105857,.,-3.071005,29.593537,.
105858,.,-3.249151,29.67431,.
105859,.,-3.337977,29.628271,.
105860,.,-3.341281,29.686391,.
105861,.,-3.328398,29.981723,.
105862,.,-3.266797,29.717223,.
105863,.,-3.345783,29.601292,.
105864,.,-3.280434,29.699084,.
105865,.,-3.266712,29.70303,.
105866,.,-3.071005,29.593537,.
105867,.,-3.280434,29.699084,.
105868,.,-3.341281,29.686391,.
105869,.,-3.071005,29.593537,.
105870,.,-3.449671,29.732436,.
105871,.,-3.263124,29.86067,.
105872,.,-3.345783,29.601292,.
105873,.,-3.345783,29.601292,.
105874,.,-3.229366,29.691696,.
105875,.,-3.280434,29.699084,.
105876,.,-3.323196,29.627308,.
105877,.,-3.328398,29.981723,.
105878,.,-3.229366,29.691696,.
105879,.,-3.228746,29.717134,.
105880,.,-3.071005,29.593537,.
105881,.,-3.228746,29.717134,.
105882,.,-3.228746,29.717134,.
105883,.,-3.266797,29.717223,.
105884,.,-3.071005,29.593537,.
105885,.,-3.280434,29.699084,.
105886,.,-3.280434,29.699084,.
105887,.,-3.280434,29.699084,.
105888,.,-3.071005,29.593537,.
105889,.,-3.280434,29.699084,.
105890,.,-3.266797,29.717223,.
105891,.,-3.280434,29.699084,.
105892,.,-3.280434,29.699084,.
105893,.,-3.228746,29.717134,.
105894,.,-3.232855,29.754494,.
105895,.,-3.337977,29.628271,.
105896,.,-3.505477,29.742396,.
105897,.,-3.325937,29.741723,.
105898,.,-3.228746,29.717134,.
105899,.,-3.345783,29.601292,.
105900,.,-3.232855,29.754494,.
105901,.,-3.345783,29.601292,.
105902,.,-3.323196,29.627308,.
105903,.,-3.345783,29.601292,.
105904,.,-3.232855,29.754494,.
105905,.,-3.232855,29.754494,.
105906,.,-3.228746,29.717134,.
105907,.,-3.449671,29.732436,.
105908,.,-3.266712,29.70303,.
105909,.,-3.228746,29.717134,.
105910,.,-3.337977,29.628271,.
105911,.,-3.345783,29.601292,.
105912,.,-3.323196,29.627308,.
105913,.,-3.341281,29.686391,.
105914,.,-3.280434,29.699084,.
105915,.,-3.345783,29.601292,.
105916,.,-3.071005,29.593537,.
105917,.,-3.228746,29.717134,.
105918,.,-3.505477,29.742396,.
105919,.,-3.341281,29.686391,.
105920,.,-3.337977,29.628271,.
105921,.,-3.337977,29.628271,.
105922,.,-3.345783,29.601292,.
105923,.,-3.323196,29.627308,.
105924,.,-3.341281,29.686391,.
105925,.,-3.341281,29.686391,.
105926,.,-3.341281,29.686391,.
105927,.,-3.328398,29.981723,.
105928,.,-3.228746,29.717134,.
105929,.,-3.489555,29.677465,.
105930,.,-3.337977,29.628271,.
105931,.,-3.325937,29.741723,.
105932,.,-3.280434,29.699084,.
105933,.,-3.505477,29.742396,.
105934,.,-3.341281,29.686391,.
105935,.,-3.341281,29.686391,.
105936,.,-3.341281,29.686391,.
105937,.,-3.341281,29.686391,.
105938,.,-3.266797,29.717223,.
105939,.,-3.345783,29.601292,.
105940,.,-3.505477,29.742396,.
105941,.,-3.266797,29.717223,.
105942,.,-3.449671,29.732436,.
105943,.,-3.341281,29.686391,.
105944,.,-3.341281,29.686391,.
105945,.,-3.489555,29.677465,.
105946,.,-3.280434,29.699084,.
105947,.,-3.341281,29.686391,.
105948,.,-3.071005,29.593537,.
105949,.,-3.341281,29.686391,.
105950,.,-3.325937,29.741723,.
105951,.,-3.266712,29.70303,.
105952,.,-3.232855,29.754494,.
105953,.,-3.071005,29.593537,.
105954,.,-3.505477,29.742396,.
105955,.,-3.244248,29.693026,.
105956,.,-3.071005,29.593537,.
105957,.,-3.071005,29.593537,.
105958,.,-3.229366,29.691696,.
105959,.,-3.244248,29.693026,.
105960,.,-3.071005,29.593537,.
105961,.,-3.489555,29.677465,.
105962,.,-3.341281,29.686391,.
105963,.,-3.249151,29.67431,.
105964,.,-3.323196,29.627308,.
105965,.,-3.071005,29.593537,.
105966,.,-3.323196,29.627308,.
105967,.,-3.232855,29.754494,.
105968,.,-3.280434,29.699084,.
105969,.,-3.228746,29.717134,.
105970,.,-3.266797,29.717223,.
105971,.,-3.449671,29.732436,.
105972,.,-3.280434,29.699084,.
105973,.,-3.229366,29.691696,.
105974,.,-3.228746,29.717134,.
105975,.,-3.505477,29.742396,.
105976,.,-3.229366,29.691696,.
105977,.,-3.345783,29.601292,.
105978,.,-3.266712,29.70303,.
105979,.,-3.345783,29.601292,.
105980,.,-3.249151,29.67431,.
105981,.,-3.341281,29.686391,.
105982,.,-3.325937,29.741723,.
105983,.,-3.337977,29.628271,.
105984,.,-3.228746,29.717134,.
105985,.,-3.337977,29.628271,.
105986,.,-3.280434,29.699084,.
105987,.,-3.280434,29.699084,.
105988,.,-3.337977,29.628271,.
105989,.,-3.505477,29.742396,.
105990,.,-3.505477,29.742396,.
105991,.,-3.505477,29.742396,.
105992,.,-3.337977,29.628271,.
105993,.,-3.228746,29.717134,.
105994,.,-3.345783,29.601292,.
105995,.,-3.337977,29.628271,.
105996,.,-3.325937,29.741723,.
105997,.,-3.323196,29.627308,.
105998,.,-3.337977,29.628271,.
105999,.,-3.280434,29.699084,.
106000,.,-3.071005,29.593537,.
106001,.,-3.232855,29.754494,.
106002,.,-3.229366,29.691696,.
106003,.,-3.345783,29.601292,.
106004,.,-3.328398,29.981723,.
106005,.,-3.229366,29.691696,.
106006,.,-3.449671,29.732436,.
106007,.,-3.071005,29.593537,.
106008,.,-3.228746,29.717134,.
106009,.,-3.345783,29.601292,.
106010,.,-3.337977,29.628271,.
106011,.,-3.280434,29.699084,.
106012,.,-3.228746,29.717134,.
106013,.,-3.266797,29.717223,.
106014,.,-3.228746,29.717134,.
106015,.,-3.266712,29.70303,.
106016,.,-3.345783,29.601292,.
106017,.,-3.325937,29.741723,.
106018,.,-3.266797,29.717223,.
106019,.,-3.341281,29.686391,.
106020,.,-3.489555,29.677465,.
106021,.,-3.345783,29.601292,.
106022,.,-3.266712,29.70303,.
106023,.,-3.266712,29.70303,.
106024,.,-3.280434,29.699084,.
106025,.,-3.337977,29.628271,.
106026,.,-3.228746,29.717134,.
106027,.,-3.323196,29.627308,.
106028,.,-3.505477,29.742396,.
106029,.,-3.345783,29.601292,.
106030,.,-3.228746,29.717134,.
106031,.,-3.328398,29.981723,.
106032,.,-3.071005,29.593537,.
106033,.,-3.449671,29.732436,.
106034,.,-3.249151,29.67431,.
106035,.,-3.229366,29.691696,.
106036,.,-3.280434,29.699084,.
106037,.,-3.071005,29.593537,.
106038,.,-3.229366,29.691696,.
106039,.,-3.337977,29.628271,.
106040,.,-3.228746,29.717134,.
106041,.,-3.328398,29.981723,.
106042,.,-3.323196,29.627308,.
106043,.,-3.232855,29.754494,.
106044,.,-3.266712,29.70303,.
106045,.,-3.232855,29.754494,.
106046,.,-3.323196,29.627308,.
106047,.,-3.249151,29.67431,.
106048,.,-3.337977,29.628271,.
106049,.,-3.345783,29.601292,.
106050,.,-3.337977,29.628271,.
106051,.,-3.328398,29.981723,.
106052,.,-3.325937,29.741723,.
106053,.,-3.249151,29.67431,.
106054,.,-3.228746,29.717134,.
106055,.,-3.266797,29.717223,.
106056,.,-3.505477,29.742396,.
106057,.,-3.266712,29.70303,.
106058,.,-3.280434,29.699084,.
106059,.,-3.323196,29.627308,.
106060,.,-3.244248,29.693026,.
106061,.,-3.449671,29.732436,.
106062,.,-3.325937,29.741723,.
106063,.,-3.449671,29.732436,.
106064,.,-3.071005,29.593537,.
106065,.,-3.489555,29.677465,.
106066,.,-3.345783,29.601292,.
106067,.,-3.280434,29.699084,.
106068,.,-3.345783,29.601292,.
106069,.,-3.229366,29.691696,.
106070,.,-3.228746,29.717134,.
106071,.,-3.280434,29.699084,.
106072,.,-3.071005,29.593537,.
106073,.,-3.280434,29.699084,.
106074,.,-3.341281,29.686391,.
106075,.,-3.071005,29.593537,.
106076,.,-3.341281,29.686391,.
106077,.,-3.337977,29.628271,.
106078,.,-3.325937,29.741723,.
106079,.,-3.280434,29.699084,.
106080,.,-3.328398,29.981723,.
106081,.,-3.345783,29.601292,.
106082,.,-3.228746,29.717134,.
106083,.,-3.337977,29.628271,.
106084,.,-3.266712,29.70303,.
106085,.,-3.266712,29.70303,.
106086,.,-3.345783,29.601292,.
106087,.,-3.263124,29.86067,.
106088,.,-3.266797,29.717223,.
106089,.,-3.232855,29.754494,.
106090,.,-3.328398,29.981723,.
106091,.,-3.280434,29.699084,.
106092,.,-3.489555,29.677465,.
106093,.,-3.280434,29.699084,.
106094,.,-3.266712,29.70303,.
106095,.,-3.266797,29.717223,.
106096,.,-3.232855,29.754494,.
106097,.,-3.228746,29.717134,.
106098,.,-3.325937,29.741723,.
106099,.,-3.345783,29.601292,.
106100,.,-3.341281,29.686391,.
106101,.,-3.505477,29.742396,.
106102,.,-3.341281,29.686391,.
106103,.,-3.323196,29.627308,.
106104,.,-3.071005,29.593537,.
106105,.,-3.229366,29.691696,.
106106,.,-3.249151,29.67431,.
106107,.,-3.228746,29.717134,.
106108,.,-3.489555,29.677465,.
106109,.,-3.489555,29.677465,.
106110,.,-3.266712,29.70303,.
106111,.,-3.325937,29.741723,.
106112,.,-3.325937,29.741723,.
106113,.,-3.505477,29.742396,.
106114,.,-3.229366,29.691696,.
106115,.,-3.325937,29.741723,.
106116,.,-3.345783,29.601292,.
106117,.,-3.341281,29.686391,.
106118,.,-3.337977,29.628271,.
106119,.,-3.280434,29.699084,.
106120,.,-3.280434,29.699084,.
106121,.,-3.449671,29.732436,.
106122,.,-3.229366,29.691696,.
106123,.,-3.489555,29.677465,.
106124,.,-3.323196,29.627308,.
106125,.,-3.228746,29.717134,.
106126,.,-3.228746,29.717134,.
106127,.,-3.345783,29.601292,.
106128,.,-3.280434,29.699084,.
106129,.,-3.229366,29.691696,.
106130,.,-3.071005,29.593537,.
106131,.,-3.323196,29.627308,.
106132,.,-3.505477,29.742396,.
106133,.,-3.505477,29.742396,.
106134,.,-3.249151,29.67431,.
106135,.,-3.325937,29.741723,.
106136,.,-3.229366,29.691696,.
106137,.,-3.266712,29.70303,.
106138,.,-3.325937,29.741723,.
106139,.,-3.229366,29.691696,.
106140,.,-3.280434,29.699084,.
106141,.,-3.280434,29.699084,.
106142,.,-3.337977,29.628271,.
106143,.,-3.325937,29.741723,.
106144,.,-3.345783,29.601292,.
106145,.,-3.228746,29.717134,.
106146,.,-3.071005,29.593537,.
106147,.,-3.505477,29.742396,.
106148,.,-3.244248,29.693026,.
106149,.,-3.328398,29.981723,.
106150,.,-3.345783,29.601292,.
106151,.,-3.266712,29.70303,.
106152,.,-3.280434,29.699084,.
106153,.,-3.341281,29.686391,.
106154,.,-3.228746,29.717134,.
106155,.,-3.337977,29.628271,.
106156,.,-3.232855,29.754494,.
106157,.,-3.071005,29.593537,.
106158,.,-3.228746,29.717134,.
106159,.,-3.266712,29.70303,.
106160,.,-3.280434,29.699084,.
106161,.,-3.325937,29.741723,.
106162,.,-3.266712,29.70303,.
109901,.,14.353816185,37.890876313,.
109902,.,14.353816185,37.890876313,.
109903,.,14.353816185,37.890876313,.
109904,.,14.353816185,37.890876313,.
109905,.,14.353816185,37.890876313,.
109906,.,14.353816185,37.890876313,.
109907,.,14.2885896726,38.210251919,.
109908,.,14.2885896726,38.210251919,.
109909,.,14.2885896726,38.210251919,.
109910,.,14.2885896726,38.210251919,.
109911,.,13.8440840301,38.4803250395,.
109912,.,13.8440840301,38.4803250395,.
109913,.,13.8440840301,38.4803250395,.
109914,.,13.8440840301,38.4803250395,.
109915,.,13.8440840301,38.4803250395,.
109916,.,14.0862760222,37.9831865445,.
109917,.,13.642517176,38.1191822345,.
109918,.,13.642517176,38.1191822345,.
109919,.,14.2834679193,38.5730157222,.
109920,.,14.2834679193,38.5730157222,.
109921,.,14.2834679193,38.5730157222,.
109922,.,14.3007959467,39.0594892637,.
109923,.,14.3007959467,39.0594892637,.
109924,.,14.3007959467,39.0594892637,.
109925,.,14.3007959467,39.0594892637,.
109926,.,14.3007959467,39.0594892637,.
109927,.,14.1583566438,39.2258474475,.
109928,.,14.1583566438,39.2258474475,.
109929,.,14.1583566438,39.2258474475,.
109930,.,14.1583566438,39.2258474475,.
109931,.,14.1583566438,39.2258474475,.
109932,.,13.985946938,38.6492990176,.
109933,.,13.985946938,38.6492990176,.
109934,.,13.985946938,38.6492990176,.
109935,.,13.985946938,38.6492990176,.
109936,.,13.985946938,38.6492990176,.
109937,.,13.781326561,38.9865118422,.
109938,.,13.781326561,38.9865118422,.
109939,.,13.781326561,38.9865118422,.
109940,.,13.781326561,38.9865118422,.
109941,.,14.2527065254,39.6508902034,.
109942,.,14.2527065254,39.6508902034,.
109943,.,14.2527065254,39.6508902034,.
109944,.,14.2527065254,39.6508902034,.
109945,.,14.3192174691,39.2715992602,.
109946,.,14.3192174691,39.2715992602,.
109947,.,14.3192174691,39.2715992602,.
109948,.,13.9843705066,39.5331294187,.
109949,.,13.9843705066,39.5331294187,.
109950,.,13.9843705066,39.5331294187,.
109951,.,13.9843705066,39.5331294187,.
109952,.,13.895387614,39.7873002106,.
109953,.,13.895387614,39.7873002106,.
109954,.,13.895387614,39.7873002106,.
109955,.,13.895387614,39.7873002106,.
109956,.,13.2349577336,39.1634392625,.
109957,.,13.2349577336,39.1634392625,.
109958,.,13.2349577336,39.1634392625,.
109959,.,13.2820240216,39.4405203839,.
109960,.,13.01685124,39.3671636164,.
109961,.,13.01685124,39.3671636164,.
109962,.,13.01685124,39.3671636164,.
109963,.,12.7826268158,39.3068867968,.
109964,.,12.7826268158,39.3068867968,.
109965,.,12.7826268158,39.3068867968,.
109966,.,12.7826268158,39.3068867968,.
109967,.,12.7826268158,39.3068867968,.
109968,.,12.7826268158,39.3068867968,.
109969,.,14.0872350664,37.5015263838,.
109970,.,14.0872350664,37.5015263838,.
109971,.,14.0872350664,37.5015263838,.
109972,.,14.0872350664,37.5015263838,.
109973,.,13.6709932967,37.4064256501,.
109974,.,13.6709932967,37.4064256501,.
109975,.,13.6709932967,37.4064256501,.
109976,.,13.6709932967,37.4064256501,.
109977,.,13.731570436,37.3672533162,.
109978,.,13.4774390358,37.121337842,.
109979,.,13.4774390358,37.121337842,.
109980,.,13.4774390358,37.121337842,.
109981,.,13.5160575022,37.6273155648,.
109982,.,13.5160575022,37.6273155648,.
109983,.,13.5160575022,37.6273155648,.
109984,.,13.5160575022,37.6273155648,.
109985,.,13.5160575022,37.6273155648,.
109986,.,11.5278035382,41.5207097044,.
109987,.,11.6741945611,40.0955328755,.
109988,.,11.6741945611,40.0955328755,.
109989,.,13.3722274393,37.7898736298,.
109990,.,13.3722274393,37.7898736298,.
109991,.,13.2058110304,37.7876552215,.
109992,.,12.805251571,37.4183801156,.
109993,.,12.805251571,37.4183801156,.
109994,.,12.805251571,37.4183801156,.
109995,.,12.805251571,37.4183801156,.
109996,.,12.805251571,37.4183801156,.
109997,.,12.805251571,37.4183801156,.
109998,.,12.805251571,37.4183801156,.
109999,.,12.3384962559,37.6750209615,.
110000,.,12.3384962559,37.6750209615,.
110001,.,12.3384962559,37.6750209615,.
110002,.,12.8017155321,36.93031443,.
110003,.,12.3910703535,35.9335894324,.
110004,.,12.3910703535,35.9335894324,.
110005,.,12.3910703535,35.9335894324,.
110006,.,12.3910703535,35.9335894324,.
110007,.,12.3059878852,37.8380133833,.
110008,.,12.3059878852,37.8380133833,.
110009,.,12.3059878852,37.8380133833,.
110010,.,12.3562967332,38.4524416164,.
110011,.,12.3562967332,38.4524416164,.
110012,.,12.3562967332,38.4524416164,.
110013,.,12.3562967332,38.4524416164,.
110014,.,12.3562967332,38.4524416164,.
110015,.,12.3562967332,38.4524416164,.
110016,.,12.0498233904,37.8003237608,.
110017,.,12.0498233904,37.8003237608,.
110018,.,12.0498233904,37.8003237608,.
110019,.,12.0498233904,37.8003237608,.
110020,.,11.2385732357,38.311340877,.
110021,.,11.2385732357,38.311340877,.
110022,.,11.2385732357,38.311340877,.
110023,.,11.6890721348,37.6074550557,.
110024,.,11.6890721348,37.6074550557,.
110025,.,11.6890721348,37.6074550557,.
110026,.,11.6890721348,37.6074550557,.
110027,.,12.2543903131,38.6525748751,.
110028,.,12.2543903131,38.6525748751,.
110029,.,12.2543903131,38.6525748751,.
110030,.,12.2543903131,38.6525748751,.
110031,.,12.2543903131,38.6525748751,.
110032,.,12.2543903131,38.6525748751,.
110033,.,12.2543903131,38.6525748751,.
110034,.,11.9048460332,39.4494717129,.
110035,.,11.9048460332,39.4494717129,.
110036,.,11.3563674371,39.4349241782,.
110037,.,11.3563674371,39.4349241782,.
110038,.,11.3563674371,39.4349241782,.
110039,.,11.4159600258,39.8485705676,.
110040,.,11.4159600258,39.8485705676,.
110041,.,11.4159600258,39.8485705676,.
110042,.,11.4159600258,39.8485705676,.
110043,.,11.0874300942,39.7843913054,.
110044,.,11.0874300942,39.7843913054,.
110045,.,11.0268833144,38.9229352692,.
110046,.,11.0268833144,38.9229352692,.
110047,.,10.5792188385,38.6062533111,.
110048,.,10.5792188385,38.6062533111,.
110049,.,10.5792188385,38.6062533111,.
110050,.,10.5792188385,38.6062533111,.
110051,.,10.0245110384,39.2131652933,.
110052,.,10.0245110384,39.2131652933,.
110053,.,10.0245110384,39.2131652933,.
110054,.,10.5281537836,39.8131068222,.
110055,.,10.5281537836,39.8131068222,.
110056,.,9.61257094668,39.7830434463,.
110057,.,9.61257094668,39.7830434463,.
110058,.,9.61257094668,39.7830434463,.
110059,.,10.9070459818,38.0365174999,.
110060,.,10.9070459818,38.0365174999,.
110061,.,10.9070459818,38.0365174999,.
110062,.,10.9551945389,38.2846965084,.
110063,.,10.9551945389,38.2846965084,.
110064,.,10.9551945389,38.2846965084,.
110065,.,10.9551945389,38.2846965084,.
110066,.,10.9551945389,38.2846965084,.
110067,.,10.4180717415,38.1697121297,.
110068,.,10.4180717415,38.1697121297,.
110069,.,10.4180717415,38.1697121297,.
110070,.,10.4180717415,38.1697121297,.
110071,.,10.4180717415,38.1697121297,.
110072,.,10.4180717415,38.1697121297,.
110073,.,9.36610452418,37.8682114329,.
110074,.,9.36610452418,37.8682114329,.
110075,.,10.4216173585,37.5765488785,.
110076,.,10.4216173585,37.5765488785,.
110077,.,9.99190626942,37.6925527139,.
110078,.,9.99190626942,37.6925527139,.
110079,.,9.99190626942,37.6925527139,.
110080,.,9.99190626942,37.6925527139,.
110081,.,9.99190626942,37.6925527139,.
110082,.,10.5794319268,37.798498412,.
110083,.,10.5794319268,37.798498412,.
110084,.,10.5794319268,37.798498412,.
110085,.,10.5794319268,37.798498412,.
110086,.,10.5794319268,37.798498412,.
110087,.,10.5794319268,37.798498412,.
110088,.,10.5794319268,37.798498412,.
110089,.,11.6514708203,37.1032812474,.
110090,.,11.6514708203,37.1032812474,.
110091,.,11.6514708203,37.1032812474,.
110092,.,11.6514708203,37.1032812474,.
110093,.,11.6514708203,37.1032812474,.
110094,.,11.6514708203,37.1032812474,.
110095,.,11.3744751246,37.4523245003,.
110096,.,11.3744751246,37.4523245003,.
110097,.,11.3744751246,37.4523245003,.
110098,.,11.3744751246,37.4523245003,.
110099,.,11.3744751246,37.4523245003,.
110100,.,11.3962743181,37.042616257,.
110101,.,11.3962743181,37.042616257,.
110102,.,11.3962743181,37.042616257,.
110103,.,11.3962743181,37.042616257,.
110104,.,11.3962743181,37.042616257,.
110105,.,11.3962743181,37.042616257,.
110106,.,10.7927763733,37.144541492,.
110107,.,10.7927763733,37.144541492,.
110108,.,10.7927763733,37.144541492,.
110109,.,10.7927763733,37.144541492,.
110110,.,10.7927763733,37.144541492,.
110111,.,10.5892768292,37.4615982338,.
110112,.,10.5892768292,37.4615982338,.
110113,.,10.5892768292,37.4615982338,.
110114,.,10.5892768292,37.4615982338,.
110115,.,10.5892768292,37.4615982338,.
110116,.,10.5892768292,37.4615982338,.
110117,.,10.5892768292,37.4615982338,.
110118,.,10.5892768292,37.4615982338,.
110119,.,10.5773759639,37.0449675094,.
110120,.,10.5773759639,37.0449675094,.
110121,.,10.5773759639,37.0449675094,.
110122,.,10.5773759639,37.0449675094,.
110123,.,10.5773759639,37.0449675094,.
110124,.,10.5773759639,37.0449675094,.
110125,.,11.2828210609,36.9596879306,.
110126,.,11.2828210609,36.9596879306,.
110127,.,11.2828210609,36.9596879306,.
110128,.,11.2828210609,36.9596879306,.
110129,.,12.6021218327,39.0322667898,.
110130,.,12.7580639926,38.9938699775,.
110131,.,12.7580639926,38.9938699775,.
110132,.,12.7580639926,38.9938699775,.
110133,.,12.7580639926,38.9938699775,.
110134,.,12.5144435035,38.8249840847,.
110135,.,12.5144435035,38.8249840847,.
110136,.,12.5144435035,38.8249840847,.
110137,.,12.5144435035,38.8249840847,.
110138,.,11.1913400617,36.9496969313,.
110139,.,11.1913400617,36.9496969313,.
110140,.,11.1913400617,36.9496969313,.
110141,.,11.1913400617,36.9496969313,.
110142,.,11.1913400617,36.9496969313,.
110143,.,11.1913400617,36.9496969313,.
110144,.,10.9346269955,37.0039728964,.
110145,.,10.9346269955,37.0039728964,.
110146,.,10.9346269955,37.0039728964,.
110147,.,10.9346269955,37.0039728964,.
110148,.,10.9346269955,37.0039728964,.
110149,.,10.9346269955,37.0039728964,.
110150,.,10.9346269955,37.0039728964,.
110151,.,10.8293373184,37.064423275,.
110152,.,10.8293373184,37.064423275,.
110153,.,10.8293373184,37.064423275,.
110154,.,10.8293373184,37.064423275,.
110155,.,10.9370696143,36.6547551047,.
110156,.,10.9370696143,36.6547551047,.
110157,.,10.9370696143,36.6547551047,.
110158,.,10.9370696143,36.6547551047,.
110159,.,10.9370696143,36.6547551047,.
110160,.,11.0636624461,37.0703789795,.
110161,.,11.0636624461,37.0703789795,.
110162,.,11.0636624461,37.0703789795,.
110163,.,10.5883521237,39.9074958295,.
110164,.,11.003906691,39.9387898351,.
110165,.,11.003906691,39.9387898351,.
110166,.,10.9878391908,39.9234074653,.
110167,.,10.9878391908,39.9234074653,.
110168,.,10.9878391908,39.9234074653,.
110169,.,10.9878391908,39.9234074653,.
110170,.,10.9878391908,39.9234074653,.
110171,.,10.9878391908,39.9234074653,.
110172,.,10.9436292122,40.0054371148,.
110173,.,9.83705860887,34.9150151529,.
110174,.,9.83705860887,34.9150151529,.
110175,.,9.83705860887,34.9150151529,.
110176,.,9.83705860887,34.9150151529,.
110177,.,9.35810274536,35.5751653852,.
110178,.,9.35810274536,35.5751653852,.
110179,.,9.35810274536,35.5751653852,.
110180,.,9.35810274536,35.5751653852,.
110181,.,9.35810274536,35.5751653852,.
110182,.,9.07702977605,35.6156340346,.
110183,.,9.07702977605,35.6156340346,.
110184,.,8.7688653041,35.5671754136,.
110185,.,8.7688653041,35.5671754136,.
110186,.,8.7688653041,35.5671754136,.
110187,.,9.0308423142,36.4037942076,.
110188,.,9.0308423142,36.4037942076,.
110189,.,9.0308423142,36.4037942076,.
110190,.,8.6536780825,36.6077474888,.
110191,.,8.6536780825,36.6077474888,.
110192,.,8.6536780825,36.6077474888,.
110193,.,8.6536780825,36.6077474888,.
110194,.,8.6536780825,36.6077474888,.
110195,.,8.66161555833,35.6426976235,.
110196,.,8.66161555833,35.6426976235,.
110197,.,8.66161555833,35.6426976235,.
110198,.,8.66161555833,35.6426976235,.
110199,.,8.66161555833,35.6426976235,.
110200,.,8.66161555833,35.6426976235,.
110201,.,8.66161555833,35.6426976235,.
110202,.,8.18930636005,36.4699847397,.
110203,.,8.18930636005,36.4699847397,.
110204,.,8.18930636005,36.4699847397,.
110205,.,8.18930636005,36.4699847397,.
110206,.,8.18930636005,36.4699847397,.
110207,.,8.18930636005,36.4699847397,.
110208,.,8.16979824749,35.6406321333,.
110209,.,8.16979824749,35.6406321333,.
110210,.,8.16979824749,35.6406321333,.
110211,.,8.16979824749,35.6406321333,.
110212,.,8.16979824749,35.6406321333,.
110213,.,8.16979824749,35.6406321333,.
110214,.,7.66912376181,36.92553529,.
110215,.,7.66912376181,36.92553529,.
110216,.,7.66912376181,36.92553529,.
110217,.,7.66912376181,36.92553529,.
110218,.,7.66912376181,36.92553529,.
110219,.,7.66912376181,36.92553529,.
110220,.,7.54783077574,37.0818248622,.
110221,.,7.54783077574,37.0818248622,.
110222,.,7.54783077574,37.0818248622,.
110223,.,7.54783077574,37.0818248622,.
110224,.,7.54783077574,37.0818248622,.
110225,.,7.54783077574,37.0818248622,.
110226,.,7.54783077574,37.0818248622,.
110227,.,7.47556744642,36.4429756569,.
110228,.,7.47556744642,36.4429756569,.
110229,.,7.47556744642,36.4429756569,.
110230,.,7.47556744642,36.4429756569,.
110231,.,7.47556744642,36.4429756569,.
110232,.,8.84115434604,37.9135797978,.
110233,.,8.46646303095,37.4369214482,.
110234,.,8.46646303095,37.4369214482,.
110235,.,8.46646303095,37.4369214482,.
110236,.,8.46646303095,37.4369214482,.
110237,.,8.46646303095,37.4369214482,.
110238,.,9.3723549327,38.3223627848,.
110239,.,9.3723549327,38.3223627848,.
110240,.,10.0165864149,38.2492265926,.
110241,.,10.0165864149,38.2492265926,.
110242,.,9.8912342367,38.3744314394,.
110243,.,9.8912342367,38.3744314394,.
110244,.,9.8912342367,38.3744314394,.
110245,.,9.8912342367,38.3744314394,.
110246,.,9.8912342367,38.3744314394,.
110247,.,9.8912342367,38.3744314394,.
110248,.,8.73814791477,39.840529416,.
110249,.,8.73814791477,39.840529416,.
110250,.,8.72717898314,39.1876998149,.
110251,.,8.72717898314,39.1876998149,.
110252,.,8.72717898314,39.1876998149,.
110253,.,8.72717898314,39.1876998149,.
110254,.,8.72717898314,39.1876998149,.
110255,.,8.72717898314,39.1876998149,.
110256,.,8.72717898314,39.1876998149,.
110257,.,8.72717898314,39.1876998149,.
110258,.,8.11332653211,38.7753045688,.
110259,.,8.68349171525,38.8054367657,.
110260,.,8.68349171525,38.8054367657,.
110261,.,8.08842299138,39.0349251986,.
110262,.,8.08842299138,39.0349251986,.
110263,.,8.08842299138,39.0349251986,.
110264,.,8.08842299138,39.0349251986,.
110265,.,8.08842299138,39.0349251986,.
110266,.,7.77573960381,39.8661143537,.
110267,.,7.77573960381,39.8661143537,.
110268,.,7.58861044429,39.7945944298,.
110269,.,7.58861044429,39.7945944298,.
110270,.,7.58861044429,39.7945944298,.
110271,.,8.93900132215,40.4714489125,.
110272,.,8.93900132215,40.4714489125,.
110273,.,8.93900132215,40.4714489125,.
110274,.,8.57190296323,40.3175172324,.
110275,.,8.57190296323,40.3175172324,.
110276,.,8.65230864709,40.6178499401,.
110277,.,8.65230864709,40.6178499401,.
110278,.,8.65230864709,40.6178499401,.
110279,.,8.65230864709,40.6178499401,.
110280,.,8.65230864709,40.6178499401,.
110281,.,8.65230864709,40.6178499401,.
110282,.,8.65230864709,40.6178499401,.
110283,.,9.0093694062,40.7218752036,.
110284,.,9.0093694062,40.7218752036,.
110285,.,9.0093694062,40.7218752036,.
110286,.,9.0093694062,40.7218752036,.
110287,.,9.18318556596,42.0206883252,.
110288,.,9.18318556596,42.0206883252,.
110289,.,9.18318556596,42.0206883252,.
110290,.,9.18318556596,42.0206883252,.
110291,.,9.18318556596,42.0206883252,.
110292,.,9.37406026468,41.5884594299,.
110293,.,9.37406026468,41.5884594299,.
110294,.,9.37406026468,41.5884594299,.
110295,.,9.37406026468,41.5884594299,.
110296,.,9.37406026468,41.5884594299,.
110297,.,9.37406026468,41.5884594299,.
110298,.,9.37406026468,41.5884594299,.
110299,.,9.37406026468,41.5884594299,.
110300,.,9.37406026468,41.5884594299,.
110301,.,9.06263842723,41.6874705216,.
110302,.,9.15085019484,41.8440556364,.
110303,.,6.45050353832,39.8802730059,.
110304,.,6.45050353832,39.8802730059,.
110305,.,6.45050353832,39.8802730059,.
110306,.,6.45050353832,39.8802730059,.
110307,.,6.45050353832,39.8802730059,.
110308,.,6.45050353832,39.8802730059,.
110309,.,8.72042840438,37.9114568164,.
110310,.,8.6361010406,38.1519350254,.
110311,.,8.6361010406,38.1519350254,.
110312,.,8.6361010406,38.1519350254,.
110313,.,8.6361010406,38.1519350254,.
110314,.,8.6361010406,38.1519350254,.
110315,.,6.37589338272,38.7269447069,.
110316,.,6.37589338272,38.7269447069,.
110317,.,6.37589338272,38.7269447069,.
110318,.,6.37589338272,38.7269447069,.
110319,.,6.37589338272,38.7269447069,.
110320,.,6.37589338272,38.7269447069,.
110321,.,6.37589338272,38.7269447069,.
110322,.,5.52570615347,38.7620666963,.
110323,.,5.52570615347,38.7620666963,.
110324,.,5.52570615347,38.7620666963,.
110325,.,5.52570615347,38.7620666963,.
110326,.,5.52570615347,38.7620666963,.
110327,.,6.02435784991,38.3413616597,.
110328,.,6.02435784991,38.3413616597,.
110329,.,6.02435784991,38.3413616597,.
110330,.,7.34918791893,38.8049340076,.
110331,.,7.34918791893,38.8049340076,.
110332,.,7.34918791893,38.8049340076,.
110333,.,7.34918791893,38.8049340076,.
110334,.,7.34918791893,38.8049340076,.
110335,.,7.34918791893,38.8049340076,.
110336,.,7.34918791893,38.8049340076,.
110337,.,7.26850368689,38.6020916798,.
110338,.,7.26850368689,38.6020916798,.
110339,.,7.26850368689,38.6020916798,.
110340,.,7.26850368689,38.6020916798,.
110341,.,7.26850368689,38.6020916798,.
110342,.,7.26850368689,38.6020916798,.
110343,.,9.01530115929,35.046540828,.
110344,.,9.01530115929,35.046540828,.
110345,.,9.01530115929,35.046540828,.
110346,.,9.01530115929,35.046540828,.
110347,.,9.01530115929,35.046540828,.
110348,.,8.61492078832,34.6514363264,.
110349,.,8.61492078832,34.6514363264,.
110350,.,8.61492078832,34.6514363264,.
110351,.,8.61492078832,34.6514363264,.
110352,.,9.7591387282,37.044814049,.
110353,.,9.7591387282,37.044814049,.
110354,.,9.7591387282,37.044814049,.
110355,.,9.7591387282,37.044814049,.
110356,.,9.79007481406,37.5059416726,.
110357,.,9.79007481406,37.5059416726,.
110358,.,9.79007481406,37.5059416726,.
110359,.,9.8440806253,37.1271346597,.
110360,.,9.8440806253,37.1271346597,.
110361,.,9.8440806253,37.1271346597,.
110362,.,9.8440806253,37.1271346597,.
110363,.,9.8440806253,37.1271346597,.
110364,.,9.91264985014,42.4725493546,.
110365,.,9.91264985014,42.4725493546,.
110366,.,9.91264985014,42.4725493546,.
110367,.,9.55152585441,41.358379098,.
110368,.,9.55152585441,41.358379098,.
110369,.,9.55152585441,41.358379098,.
110370,.,9.55152585441,41.358379098,.
110371,.,9.55152585441,41.358379098,.
110372,.,9.55152585441,41.358379098,.
110373,.,9.23975778401,42.4419432943,.
110374,.,9.23975778401,42.4419432943,.
110375,.,9.23975778401,42.4419432943,.
110376,.,9.23975778401,42.4419432943,.
110377,.,9.23975778401,42.4419432943,.
110378,.,9.40053953262,42.8585260119,.
110379,.,9.40053953262,42.8585260119,.
110380,.,9.30185627536,42.5964917162,.
110381,.,9.30185627536,42.5964917162,.
110382,.,9.30185627536,42.5964917162,.
110383,.,9.30185627536,42.5964917162,.
110384,.,9.30185627536,42.5964917162,.
110385,.,5.21350249941,40.0351534251,.
110386,.,4.87905466671,39.1953787271,.
110387,.,4.87905466671,39.1953787271,.
110388,.,4.87905466671,39.1953787271,.
110389,.,4.87905466671,39.1953787271,.
110390,.,11.3323287202,36.2720183518,.
110391,.,11.3323287202,36.2720183518,.
110392,.,11.3323287202,36.2720183518,.
110393,.,11.3323287202,36.2720183518,.
110394,.,11.115608637,36.3763433187,.
110395,.,11.115608637,36.3763433187,.
110396,.,11.115608637,36.3763433187,.
110397,.,10.5023759921,36.0048077152,.
110398,.,10.5023759921,36.0048077152,.
110399,.,10.5023759921,36.0048077152,.
110400,.,10.5023759921,36.0048077152,.
110401,.,10.4822087828,34.7861778123,.
110402,.,10.4822087828,34.7861778123,.
110403,.,10.081237992,34.6831901825,.
110404,.,10.081237992,34.6831901825,.
110405,.,10.081237992,34.6831901825,.
110406,.,10.081237992,34.6831901825,.
110407,.,10.081237992,34.6831901825,.
110408,.,10.081237992,34.6831901825,.
110409,.,9.74422788621,34.7872968911,.
110410,.,9.74422788621,34.7872968911,.
110411,.,9.74422788621,34.7872968911,.
110412,.,9.74422788621,34.7872968911,.
110413,.,9.74422788621,34.7872968911,.
110414,.,9.74422788621,34.7872968911,.
110415,.,9.74422788621,34.7872968911,.
110416,.,10.1813677297,35.281505142,.
110417,.,10.1813677297,35.281505142,.
110418,.,10.1813677297,35.281505142,.
110419,.,10.1813677297,35.281505142,.
110420,.,10.1813677297,35.281505142,.
110421,.,10.1813677297,35.281505142,.
110422,.,9.39137371981,36.2194348147,.
110423,.,9.39137371981,36.2194348147,.
110424,.,9.62033298025,34.5342648788,.
110425,.,9.62033298025,34.5342648788,.
110426,.,9.62033298025,34.5342648788,.
110427,.,9.62033298025,34.5342648788,.
110428,.,9.62033298025,34.5342648788,.
110429,.,9.62033298025,34.5342648788,.
110430,.,9.47651243141,34.4209015528,.
110431,.,9.47651243141,34.4209015528,.
110432,.,9.47651243141,34.4209015528,.
110433,.,9.47651243141,34.4209015528,.
110434,.,9.47651243141,34.4209015528,.
110435,.,8.17949664228,37.9272178152,.
110436,.,8.16863199454,38.6464528783,.
110437,.,8.16863199454,38.6464528783,.
110438,.,8.16863199454,38.6464528783,.
110439,.,8.16863199454,38.6464528783,.
110440,.,8.16863199454,38.6464528783,.
110441,.,8.11835892139,37.711581489,.
110442,.,8.11835892139,37.711581489,.
110443,.,8.11835892139,37.711581489,.
110444,.,8.11835892139,37.711581489,.
110445,.,8.11835892139,37.711581489,.
110446,.,7.70538466173,37.6505389613,.
110447,.,7.70538466173,37.6505389613,.
110448,.,7.70538466173,37.6505389613,.
110449,.,7.70538466173,37.6505389613,.
110450,.,7.51326045706,37.6461378355,.
110451,.,7.51326045706,37.6461378355,.
110452,.,7.51326045706,37.6461378355,.
110453,.,7.51326045706,37.6461378355,.
110454,.,7.51326045706,37.6461378355,.
110455,.,7.51326045706,37.6461378355,.
110456,.,7.51326045706,37.6461378355,.
110457,.,7.37676330298,37.8935648714,.
110458,.,7.37676330298,37.8935648714,.
110459,.,7.37676330298,37.8935648714,.
110460,.,7.37676330298,37.8935648714,.
110461,.,7.37676330298,37.8935648714,.
110462,.,7.37676330298,37.8935648714,.
110463,.,7.37676330298,37.8935648714,.
110464,.,7.442807492,37.8659104876,.
110465,.,7.442807492,37.8659104876,.
110466,.,7.442807492,37.8659104876,.
110467,.,7.442807492,37.8659104876,.
110468,.,7.442807492,37.8659104876,.
110469,.,6.91156800008,38.4817078008,.
110470,.,6.91156800008,38.4817078008,.
110471,.,6.91156800008,38.4817078008,.
110472,.,6.91156800008,38.4817078008,.
110473,.,6.91156800008,38.4817078008,.
110474,.,6.80310210938,38.5126355838,.
110475,.,6.80310210938,38.5126355838,.
110476,.,6.93084850884,38.595896045,.
110477,.,6.93084850884,38.595896045,.
110478,.,6.93084850884,38.595896045,.
110479,.,6.93084850884,38.595896045,.
110480,.,6.93084850884,38.595896045,.
110481,.,6.93084850884,38.595896045,.
110482,.,6.93084850884,38.595896045,.
110483,.,6.93084850884,38.595896045,.
110484,.,6.93084850884,38.595896045,.
110485,.,6.13878361273,38.2843372409,.
110486,.,6.13878361273,38.2843372409,.
110487,.,6.94992604668,37.8864940524,.
110488,.,6.94992604668,37.8864940524,.
110489,.,6.94992604668,37.8864940524,.
110490,.,6.94992604668,37.8864940524,.
110491,.,6.94992604668,37.8864940524,.
110492,.,6.94992604668,37.8864940524,.
110493,.,6.90210116638,37.7348762189,.
110494,.,6.90210116638,37.7348762189,.
110495,.,6.90210116638,37.7348762189,.
110496,.,6.90210116638,37.7348762189,.
110497,.,6.78301858962,37.5509812536,.
110498,.,5.83633941337,36.6070302097,.
110499,.,5.83633941337,36.6070302097,.
110500,.,5.83633941337,36.6070302097,.
110501,.,5.83633941337,36.6070302097,.
110502,.,5.83633941337,36.6070302097,.
110503,.,5.83633941337,36.6070302097,.
110504,.,5.83633941337,36.6070302097,.
110505,.,5.83633941337,36.6070302097,.
110506,.,7.31318183469,36.5951905108,.
110507,.,7.31318183469,36.5951905108,.
110508,.,7.31318183469,36.5951905108,.
110509,.,7.44867719122,35.868074501,.
110510,.,7.44867719122,35.868074501,.
110511,.,7.44867719122,35.868074501,.
110512,.,7.44867719122,35.868074501,.
110513,.,7.44867719122,35.868074501,.
110514,.,7.44867719122,35.868074501,.
110515,.,7.44867719122,35.868074501,.
110516,.,6.61699649052,37.4846255397,.
110517,.,6.61699649052,37.4846255397,.
110518,.,6.61699649052,37.4846255397,.
110519,.,5.98817082582,37.4387863255,.
110520,.,5.98817082582,37.4387863255,.
110521,.,5.98817082582,37.4387863255,.
110522,.,5.94989088571,37.1552324163,.
110523,.,5.94989088571,37.1552324163,.
110524,.,5.94989088571,37.1552324163,.
110525,.,5.94989088571,37.1552324163,.
110526,.,5.94989088571,37.1552324163,.
110527,.,5.94989088571,37.1552324163,.
110528,.,6.91411343602,35.6303215499,.
110529,.,6.91411343602,35.6303215499,.
110530,.,6.91411343602,35.6303215499,.
110531,.,6.91411343602,35.6303215499,.
110532,.,6.80492958256,35.8646146207,.
110533,.,6.80492958256,35.8646146207,.
110534,.,6.80492958256,35.8646146207,.
110535,.,6.2600677475,35.2645547968,.
110536,.,6.2600677475,35.2645547968,.
110537,.,6.2600677475,35.2645547968,.
110538,.,7.97698683396,37.4779072445,.
110539,.,7.97698683396,37.4779072445,.
110540,.,7.8891255011,37.5456591429,.
110541,.,7.8891255011,37.5456591429,.
110542,.,7.8891255011,37.5456591429,.
110543,.,7.8891255011,37.5456591429,.
110544,.,7.8891255011,37.5456591429,.
110545,.,7.8891255011,37.5456591429,.
110546,.,7.8891255011,37.5456591429,.
110547,.,7.73169598877,37.4985838007,.
110548,.,7.73169598877,37.4985838007,.
110549,.,7.73169598877,37.4985838007,.
110550,.,7.73169598877,37.4985838007,.
110551,.,7.73169598877,37.4985838007,.
110552,.,7.73169598877,37.4985838007,.
110553,.,5.85184911518,37.8832189758,.
110554,.,5.85184911518,37.8832189758,.
110555,.,5.85184911518,37.8832189758,.
110556,.,5.74709706037,37.8508868358,.
110557,.,5.74709706037,37.8508868358,.
110558,.,5.74709706037,37.8508868358,.
110559,.,5.74709706037,37.8508868358,.
110560,.,5.60315524467,37.6030634072,.
110561,.,5.60315524467,37.6030634072,.
110562,.,5.60315524467,37.6030634072,.
110563,.,5.60315524467,37.6030634072,.
110564,.,5.60315524467,37.6030634072,.
110565,.,5.49534488804,37.5518429316,.
110566,.,5.49534488804,37.5518429316,.
110567,.,5.49534488804,37.5518429316,.
110568,.,5.49534488804,37.5518429316,.
110569,.,5.49534488804,37.5518429316,.
110570,.,5.49534488804,37.5518429316,.
110571,.,5.49534488804,37.5518429316,.
110572,.,5.29947726643,37.4826182904,.
110573,.,5.29947726643,37.4826182904,.
110574,.,5.29947726643,37.4826182904,.
110575,.,5.29947726643,37.4826182904,.
110576,.,5.25295513188,37.4271768268,.
110577,.,5.25295513188,37.4271768268,.
110578,.,5.25295513188,37.4271768268,.
110579,.,5.25295513188,37.4271768268,.
110580,.,5.25295513188,37.4271768268,.
110581,.,5.25295513188,37.4271768268,.
110582,.,5.64655886803,37.3818910811,.
110583,.,5.64655886803,37.3818910811,.
110584,.,5.64655886803,37.3818910811,.
110585,.,5.64655886803,37.3818910811,.
110586,.,5.64655886803,37.3818910811,.
110587,.,5.63928393085,37.3823169626,.
110588,.,5.63928393085,37.3823169626,.
110589,.,5.63928393085,37.3823169626,.
110590,.,5.63928393085,37.3823169626,.
110591,.,7.14637860111,36.8971397399,.
110592,.,7.14637860111,36.8971397399,.
110593,.,7.09924325001,37.128257018,.
110594,.,7.09924325001,37.128257018,.
110595,.,7.09924325001,37.128257018,.
110596,.,7.09924325001,37.128257018,.
110597,.,7.09924325001,37.128257018,.
110598,.,7.09924325001,37.128257018,.
110599,.,7.09924325001,37.128257018,.
110600,.,6.94302150261,37.2950167052,.
110601,.,6.94302150261,37.2950167052,.
110602,.,6.94302150261,37.2950167052,.
110603,.,6.94302150261,37.2950167052,.
110604,.,6.94302150261,37.2950167052,.
110605,.,6.94302150261,37.2950167052,.
110606,.,6.94302150261,37.2950167052,.
110607,.,7.03607701317,37.3092790736,.
110608,.,7.03607701317,37.3092790736,.
110609,.,7.03607701317,37.3092790736,.
110610,.,7.03607701317,37.3092790736,.
110611,.,7.03607701317,37.3092790736,.
110612,.,7.03607701317,37.3092790736,.
110613,.,6.36391514169,36.5892168406,.
110614,.,6.36391514169,36.5892168406,.
110615,.,6.36391514169,36.5892168406,.
110616,.,6.36391514169,36.5892168406,.
110617,.,6.33301035552,36.6032685349,.
110618,.,6.33301035552,36.6032685349,.
110619,.,6.33301035552,36.6032685349,.
110620,.,6.33301035552,36.6032685349,.
110621,.,6.33301035552,36.6032685349,.
110622,.,6.33301035552,36.6032685349,.
110623,.,6.2656349463,36.6109388136,.
110624,.,6.2656349463,36.6109388136,.
110625,.,6.2656349463,36.6109388136,.
110626,.,6.2656349463,36.6109388136,.
110627,.,6.2656349463,36.6109388136,.
110628,.,6.2656349463,36.6109388136,.
110629,.,6.2656349463,36.6109388136,.
110630,.,7.15974968202,36.836041539,.
110631,.,7.15974968202,36.836041539,.
110632,.,7.15974968202,36.836041539,.
110633,.,7.15974968202,36.836041539,.
110634,.,7.15974968202,36.836041539,.
110635,.,7.15974968202,36.836041539,.
110636,.,8.07578959014,38.4395969167,.
110637,.,8.07578959014,38.4395969167,.
110638,.,8.07578959014,38.4395969167,.
110639,.,8.07578959014,38.4395969167,.
110640,.,8.07578959014,38.4395969167,.
110641,.,8.07578959014,38.4395969167,.
110642,.,7.79120996652,38.3295082817,.
110643,.,7.79120996652,38.3295082817,.
110644,.,7.79120996652,38.3295082817,.
110645,.,7.79120996652,38.3295082817,.
110646,.,7.79120996652,38.3295082817,.
110647,.,7.65816033645,38.0946319154,.
110648,.,7.65816033645,38.0946319154,.
110649,.,7.65816033645,38.0946319154,.
110650,.,7.65816033645,38.0946319154,.
110651,.,7.65816033645,38.0946319154,.
110652,.,7.65816033645,38.0946319154,.
110653,.,7.65816033645,38.0946319154,.
110654,.,7.65816033645,38.0946319154,.
110655,.,7.40568344221,38.0810753873,.
110656,.,7.27673837537,38.1157382755,.
110657,.,7.27673837537,38.1157382755,.
110658,.,7.27673837537,38.1157382755,.
110659,.,7.27673837537,38.1157382755,.
110660,.,7.27673837537,38.1157382755,.
110661,.,8.40007079517,33.938508848,.
110662,.,8.27575877219,33.980758515,.
110663,.,8.19726994714,34.2016617219,.
110664,.,8.19726994714,34.2016617219,.
110665,.,8.19726994714,34.2016617219,.
110666,.,9.36029530834,42.0920688567,.
110667,.,9.36029530834,42.0920688567,.
110668,.,9.36029530834,42.0920688567,.
110669,.,9.36029530834,42.0920688567,.
110670,.,9.36029530834,42.0920688567,.
110671,.,9.36029530834,42.0920688567,.
110672,.,9.36029530834,42.0920688567,.
110673,.,9.36029530834,42.0920688567,.
110674,.,9.36029530834,42.0920688567,.
110675,.,9.33809911164,42.0999509753,.
110676,.,9.33809911164,42.0999509753,.
110677,.,9.33809911164,42.0999509753,.
110678,.,9.33809911164,42.0999509753,.
110679,.,9.33809911164,42.0999509753,.
110680,.,9.33809911164,42.0999509753,.
110681,.,9.33809911164,42.0999509753,.
110682,.,9.37107710036,42.1031932694,.
110683,.,9.37107710036,42.1031932694,.
110684,.,9.37107710036,42.1031932694,.
110685,.,9.37107710036,42.1031932694,.
110686,.,9.37107710036,42.1031932694,.
110687,.,9.37107710036,42.1031932694,.
110688,.,9.37107710036,42.1031932694,.
110689,.,9.33726350871,42.2004270507,.
110690,.,9.33726350871,42.2004270507,.
110691,.,9.33726350871,42.2004270507,.
110692,.,9.33726350871,42.2004270507,.
110693,.,9.33726350871,42.2004270507,.
110694,.,9.33726350871,42.2004270507,.
110695,.,9.33726350871,42.2004270507,.
110696,.,9.33257557657,42.2485029939,.
110697,.,9.33257557657,42.2485029939,.
110698,.,9.33257557657,42.2485029939,.
110699,.,9.33257557657,42.2485029939,.
110700,.,9.33257557657,42.2485029939,.
110701,.,9.33257557657,42.2485029939,.
110702,.,9.33257557657,42.2485029939,.
110703,.,9.27305633369,42.132216294,.
110704,.,9.27305633369,42.132216294,.
110705,.,9.27305633369,42.132216294,.
110706,.,9.27305633369,42.132216294,.
110707,.,9.26445855436,42.1477441163,.
110708,.,9.26445855436,42.1477441163,.
110709,.,9.2463064163,42.2173944859,.
110710,.,9.2463064163,42.2173944859,.
