id,placeholder1,Lat,Lon,HarvestYear,placeholder2
12481,.,10.0222564,0.8141444,2018,.
12482,.,9.6738983,0.5746704,2018,.
12483,.,6.4972546,1.6154585,2018,.
12484,.,6.1303606,1.2139622,2018,.
12485,.,9.7641664,0.8164678,2018,.
12486,.,6.2601388,1.0935278,2018,.
12487,.,6.5535156,1.6648663,2018,.
12488,.,6.4451514,1.573156,2018,.
12489,.,10.8748048,0.1977154,2018,.
12490,.,6.9458214,1.1334407,2018,.
12491,.,7.1233427,1.3597328,2018,.
12492,.,9.7779765,0.7006481,2018,.
12493,.,10.5040627,0.353768,2018,.
12494,.,9.41674,1.2590364,2018,.
12495,.,9.41674,1.2590364,2018,.
12496,.,10.3542962,0.4657786,2018,.
12497,.,10.3542962,0.4657786,2018,.
12498,.,10.9455696,0.1033151,2018,.
12499,.,10.751058,0.4111387,2018,.
12500,.,10.2673023,0.3987691,2018,.
12501,.,10.2673023,0.3987691,2018,.
12502,.,9.659845,0.5020881,2018,.
12503,.,8.0098792,1.3265737,2018,.
12504,.,10.5731376,0.3974985,2018,.
12505,.,10.3542962,0.4657786,2018,.
12506,.,10.3542962,0.4657786,2018,.
12507,.,7.6413612,0.8855539,2018,.
12508,.,10.751058,0.4111387,2018,.
12509,.,10.751058,0.4111387,2018,.
12510,.,8.2513483,1.5512246,2018,.
12511,.,8.761525,1.6172224,2018,.
12512,.,8.761525,1.6172224,2018,.
12513,.,7.3479809,1.0742752,2018,.
12514,.,10.6905431,0.2277447,2018,.
12515,.,10.6905431,0.2277447,2018,.
12516,.,6.2822384,1.6227592,2018,.
12517,.,6.2822384,1.6227592,2018,.
12518,.,6.2822384,1.6227592,2018,.
12519,.,8.8123188,1.6014496,2018,.
12520,.,10.5193679,0.2057057,2018,.
12521,.,7.0043416,0.7135993,2018,.
12522,.,10.5955358,0.1821311,2018,.
12523,.,8.1748874,1.012264,2018,.
12524,.,10.8609768,0.882305,2018,.
12525,.,10.6294431,0.1831459,2018,.
12526,.,9.2658566,0.7922197,2018,.
12527,.,7.2354323,0.6610182,2018,.
12528,.,9.9364078,0.8884293,2018,.
12529,.,9.9471207,1.0447627,2018,.
12530,.,10.8609768,0.882305,2018,.
12531,.,6.341736,1.4920578,2018,.
12532,.,6.341736,1.4920578,2018,.
12533,.,6.341736,1.4920578,2018,.
12534,.,10.1379925,0.5324541,2018,.
12535,.,6.6055383,1.6071807,2018,.
12536,.,10.7933562,0.1449868,2018,.
12537,.,9.929807,0.4849671,2018,.
12538,.,10.0222564,0.8141444,2018,.
12539,.,7.7841795,1.2433109,2018,.
12540,.,9.9829385,0.5429758,2018,.
12541,.,7.6413612,0.8855539,2018,.
12542,.,7.3057,1.6281115,2018,.
12543,.,9.7543706,1.1096908,2018,.
12544,.,6.7953578,1.1016211,2018,.
12545,.,9.7395522,0.5642621,2018,.
12546,.,9.7395522,0.5642621,2018,.
12547,.,9.2115877,0.5868106,2018,.
12548,.,10.8609768,0.882305,2018,.
12549,.,6.4913326,1.5216964,2018,.
12550,.,10.9449922,0.7888667,2018,.
12551,.,6.75055,0.7596843,2018,.
12552,.,10.7000818,0.3910898,2018,.
12553,.,8.352161,1.0096373,2018,.
12554,.,9.9433085,0.9446002,2018,.
12555,.,6.1303606,1.2139622,2018,.
12556,.,8.1929678,0.8081095,2018,.
12557,.,10.7933562,0.1449868,2018,.
12558,.,9.7641664,0.8164678,2018,.
12559,.,9.7641664,0.8164678,2018,.
12560,.,10.4089025,0.7269541,2018,.
12561,.,9.9147923,1.2918806,2018,.
12562,.,10.8459818,0.2040019,2018,.
12563,.,6.9959389,1.3353962,2018,.
12564,.,10.7295546,0.7353791,2018,.
12565,.,8.2274447,1.5807019,2018,.
12566,.,10.9868689,0.2989785,2018,.
12567,.,6.7784227,1.5339259,2018,.
12568,.,6.7784227,1.5339259,2018,.
12569,.,6.7784227,1.5339259,2018,.
12570,.,6.9396044,1.5290608,2018,.
12571,.,9.6536463,0.5248509,2018,.
12572,.,7.2127736,1.3326752,2018,.
12573,.,9.6874626,0.6088245,2018,.
12574,.,11.1070691,0.016637,2018,.
12575,.,9.6694618,1.2477992,2018,.
12576,.,9.929807,0.4849671,2018,.
12577,.,9.929807,0.4849671,2018,.
12578,.,7.2354323,0.6610182,2018,.
12579,.,10.4089025,0.7269541,2018,.
12580,.,10.7314379,0.4923618,2018,.
12581,.,11.0347724,0.1955223,2018,.
12582,.,10.5955358,0.1821311,2018,.
12583,.,10.7878534,0.3490042,2018,.
12584,.,8.0098792,1.3265737,2018,.
12585,.,8.0098792,1.3265737,2018,.
12586,.,6.9715912,1.169596,2018,.
12587,.,6.9715912,1.169596,2018,.
12588,.,6.7733925,1.2934725,2018,.
12589,.,10.6294431,0.1831459,2018,.
12590,.,9.7652651,1.1034838,2018,.
12591,.,10.8276686,0.0449902,2018,.
12592,.,9.659845,0.5020881,2018,.
12593,.,7.4145468,1.0352184,2018,.
12594,.,7.8513331,0.8526367,2018,.
12595,.,11.11991,-0.0349474,2018,.
12596,.,6.9959389,1.3353962,2018,.
12597,.,6.9959389,1.3353962,2018,.
12598,.,6.3656402,1.6143448,2018,.
12599,.,6.3656402,1.6143448,2018,.
12600,.,6.3656402,1.6143448,2018,.
12601,.,6.3656402,1.6143448,2018,.
12602,.,6.3656402,1.6143448,2018,.
12603,.,6.3656402,1.6143448,2018,.
12604,.,7.9502462,1.0348296,2018,.
12605,.,10.8809442,0.4030732,2018,.
12606,.,10.8834568,0.2213557,2018,.
12607,.,10.4282247,0.208138,2018,.
12608,.,10.4282247,0.208138,2018,.
12609,.,7.0043416,0.7135993,2018,.
12610,.,7.0043416,0.7135993,2018,.
12611,.,8.3437618,1.0093352,2018,.
12612,.,9.6688599,0.6152718,2018,.
12613,.,10.5001511,0.152351,2018,.
12614,.,6.8217801,0.8852746,2018,.
12615,.,9.5256026,1.1739778,2018,.
12616,.,9.8231285,1.2033709,2018,.
12617,.,9.8231285,1.2033709,2018,.
12618,.,10.1379925,0.5324541,2018,.
12619,.,10.1379925,0.5324541,2018,.
12620,.,7.4145468,1.0352184,2018,.
12621,.,10.8791359,0.1974863,2018,.
12622,.,9.7641664,0.8164678,2018,.
12623,.,7.8126849,1.2540928,2018,.
12624,.,11.0608241,0.2240527,2018,.
12625,.,7.9477014,1.5880113,2018,.
12626,.,8.2274447,1.5807019,2018,.
12627,.,7.8513331,0.8526367,2018,.
12628,.,9.8231285,1.2033709,2018,.
12629,.,8.0334909,0.6839973,2018,.
12630,.,9.2115877,0.5868106,2018,.
12631,.,10.5491182,0.1390624,2018,.
12632,.,10.5491182,0.1390624,2018,.
12633,.,9.7520855,1.3281402,2018,.
12634,.,7.7242746,1.2724895,2018,.
12635,.,10.6842553,0.3586044,2018,.
12636,.,10.6842553,0.3586044,2018,.
12637,.,6.4426537,0.9200787,2018,.
12638,.,9.2115877,0.5868106,2018,.
12639,.,6.4924956,1.5568334,2018,.
12640,.,10.8783447,0.1655856,2018,.
12641,.,6.8710956,0.605027,2018,.
12642,.,10.6842553,0.3586044,2018,.
12643,.,10.371459,0.7071692,2018,.
12644,.,6.9351466,1.1051984,2018,.
12645,.,10.6905431,0.2277447,2018,.
12646,.,6.6771891,1.5647407,2018,.
12647,.,6.6771891,1.5647407,2018,.
12648,.,6.6771891,1.5647407,2018,.
12649,.,6.6771891,1.5647407,2018,.
12650,.,6.6771891,1.5647407,2018,.
12651,.,7.6340062,0.6914147,2018,.
12652,.,11.11991,-0.0349474,2018,.
12653,.,8.3141045,1.1500379,2018,.
12654,.,11.1054683,0.0394259,2018,.
12655,.,11.1054683,0.0394259,2018,.
12656,.,9.3575194,1.3517858,2018,.
12657,.,10.5731376,0.3974985,2018,.
12658,.,10.751058,0.4111387,2018,.
12659,.,10.7878534,0.3490042,2018,.
12660,.,11.0608241,0.2240527,2018,.
12661,.,6.7733925,1.2934725,2018,.
12662,.,10.5040627,0.353768,2018,.
12663,.,7.7358659,1.4343201,2018,.
12664,.,8.3212736,0.9806074,2018,.
12665,.,10.6045459,0.3485435,2018,.
12666,.,10.6045459,0.3485435,2018,.
12667,.,7.313866,1.1673285,2018,.
12668,.,10.0222564,0.8141444,2018,.
12669,.,9.5427153,1.1613285,2018,.
12670,.,10.6045459,0.3485435,2018,.
12671,.,10.6045459,0.3485435,2018,.
12672,.,6.6238288,1.3774827,2018,.
12673,.,6.6238288,1.3774827,2018,.
12674,.,9.5158973,1.2773121,2018,.
12675,.,9.5158973,1.2773121,2018,.
12676,.,10.5955358,0.1821311,2018,.
12677,.,10.6045459,0.3485435,2018,.
12678,.,10.6045459,0.3485435,2018,.
12679,.,8.2251437,1.2214018,2018,.
12680,.,6.9492198,1.1670599,2018,.
12681,.,10.8609768,0.882305,2018,.
12682,.,10.5731376,0.3974985,2018,.
12683,.,9.7395522,0.5642621,2018,.
12684,.,10.5001511,0.152351,2018,.
12685,.,7.8513331,0.8526367,2018,.
12686,.,9.0542345,1.5175842,2018,.
12687,.,8.2418648,1.270027,2018,.
12688,.,10.7878534,0.3490042,2018,.
12689,.,9.4313549,0.9408417,2018,.
12690,.,7.2354323,0.6610182,2018,.
12691,.,8.2513483,1.5512246,2018,.
12692,.,10.7479267,0.3167473,2018,.
12693,.,10.8783447,0.1655856,2018,.
12694,.,10.8783447,0.1655856,2018,.
12695,.,10.8783447,0.1655856,2018,.
12696,.,8.0098792,1.3265737,2018,.
12697,.,9.6521638,1.2458639,2018,.
12698,.,9.6521638,1.2458639,2018,.
12699,.,8.0098792,1.3265737,2018,.
12700,.,6.7406899,1.1897515,2018,.
12701,.,10.6045459,0.3485435,2018,.
12702,.,10.6045459,0.3485435,2018,.
12703,.,10.8459818,0.2040019,2018,.
12704,.,6.4331683,1.2703777,2018,.
12705,.,9.9633282,1.0239642,2018,.
12706,.,7.7586613,1.1909428,2018,.
12707,.,9.2115877,0.5868106,2018,.
12708,.,9.2115877,0.5868106,2018,.
12709,.,6.6055383,1.6071807,2018,.
12710,.,6.6055383,1.6071807,2018,.
12711,.,6.75055,0.7596843,2018,.
12712,.,10.5001511,0.152351,2018,.
12713,.,6.8607141,1.2157069,2018,.
12714,.,10.7479267,0.3167473,2018,.
12715,.,7.0075555,1.6122201,2018,.
12716,.,7.0075555,1.6122201,2018,.
12717,.,10.9455696,0.1033151,2018,.
12718,.,10.8495139,0.8196636,2018,.
12719,.,10.3952497,0.6542095,2018,.
12720,.,10.9455696,0.1033151,2018,.
12721,.,10.9455696,0.1033151,2018,.
12722,.,10.9449922,0.7888667,2018,.
12723,.,6.7406899,1.1897515,2018,.
12724,.,6.9396044,1.5290608,2018,.
12725,.,10.5040627,0.353768,2018,.
12726,.,10.5731376,0.3974985,2018,.
12727,.,10.5731376,0.3974985,2018,.
12728,.,10.6737213,0.4073797,2018,.
12729,.,10.6905431,0.2277447,2018,.
12730,.,6.9458214,1.1334407,2018,.
12731,.,6.9458214,1.1334407,2018,.
12732,.,10.7349325,0.0484087,2018,.
12733,.,8.9513854,1.1735857,2018,.
12734,.,9.7132156,0.4748023,2018,.
12735,.,9.5572526,1.2157666,2018,.
12736,.,7.1968117,1.0451055,2018,.
12737,.,9.7779765,0.7006481,2018,.
12738,.,10.0222564,0.8141444,2018,.
12739,.,10.0222564,0.8141444,2018,.
12740,.,9.0682457,0.6300123,2018,.
12741,.,7.4725097,1.3234103,2018,.
12742,.,9.3575194,1.3517858,2018,.
12743,.,9.4313549,0.9408417,2018,.
12744,.,7.6266952,1.2496973,2018,.
12745,.,8.352161,1.0096373,2018,.
12746,.,8.2513483,1.5512246,2018,.
12747,.,10.1784739,0.4444963,2018,.
12748,.,9.9433085,0.9446002,2018,.
12749,.,10.7479267,0.3167473,2018,.
12750,.,10.7479267,0.3167473,2018,.
12751,.,9.7660705,1.1108769,2018,.
12752,.,10.4089025,0.7269541,2018,.
12753,.,10.4089025,0.7269541,2018,.
12754,.,9.7132156,0.4748023,2018,.
12755,.,9.7132156,0.4748023,2018,.
12756,.,10.7000818,0.3910898,2018,.
12757,.,10.7479267,0.3167473,2018,.
12758,.,10.7479267,0.3167473,2018,.
12759,.,6.4773638,1.0657464,2018,.
12760,.,10.1379925,0.5324541,2018,.
12761,.,10.1379925,0.5324541,2018,.
12762,.,10.1379925,0.5324541,2018,.
12763,.,10.8755196,0.2121041,2018,.
12764,.,6.7660933,0.986502,2018,.
12765,.,7.1233427,1.3597328,2018,.
12766,.,7.0075555,1.6122201,2018,.
12767,.,9.2115877,0.5868106,2018,.
12768,.,10.5040627,0.353768,2018,.
12769,.,10.7295546,0.7353791,2018,.
12770,.,6.4193901,1.6626574,2018,.
12771,.,9.9556866,1.275511,2018,.
12772,.,8.7333719,1.0484885,2018,.
12773,.,8.1950714,1.2236764,2018,.
12774,.,10.5193679,0.2057057,2018,.
12775,.,7.0003165,0.8619155,2018,.
12776,.,6.7953578,1.1016211,2018,.
12777,.,6.7953578,1.1016211,2018,.
12778,.,10.9868689,0.2989785,2018,.
12779,.,7.7358659,1.4343201,2018,.
12780,.,6.8227591,0.608449,2018,.
12781,.,9.8305887,1.1324815,2018,.
12782,.,6.8607141,1.2157069,2018,.
12783,.,10.7878534,0.3490042,2018,.
12784,.,10.8609768,0.882305,2018,.
12785,.,6.6330431,0.9116921,2018,.
12786,.,9.929807,0.4849671,2018,.
12787,.,6.7733925,1.2934725,2018,.
12788,.,9.1067048,1.3219334,2018,.
12789,.,6.2317884,1.4752334,2018,.
12790,.,10.4282247,0.208138,2018,.
12791,.,8.7443074,0.985365,2018,.
12792,.,6.75055,0.7596843,2018,.
12793,.,8.2418648,1.270027,2018,.
12794,.,8.6808569,0.9366368,2018,.
12795,.,6.9351466,1.1051984,2018,.
12796,.,6.9351466,1.1051984,2018,.
12797,.,7.1233427,1.3597328,2018,.
12798,.,7.1233427,1.3597328,2018,.
12799,.,8.0070061,0.6570084,2018,.
12800,.,10.6294431,0.1831459,2018,.
12801,.,7.1048517,1.5973574,2018,.
12802,.,8.0098792,1.3265737,2018,.
12803,.,8.0098792,1.3265737,2018,.
12804,.,10.6045459,0.3485435,2018,.
12805,.,10.7790145,-0.0494468,2018,.
12806,.,9.9548497,1.2713441,2018,.
12807,.,6.7784227,1.5339259,2018,.
12808,.,6.7784227,1.5339259,2018,.
12809,.,10.3507734,0.5467744,2018,.
12810,.,9.5711837,1.2238761,2018,.
12811,.,10.1273389,1.0838812,2018,.
12812,.,10.1273389,1.0838812,2018,.
12813,.,10.8495139,0.8196636,2018,.
12814,.,9.9298546,0.6594812,2018,.
12815,.,9.9298546,0.6594812,2018,.
12816,.,10.9014519,0.3204537,2018,.
12817,.,7.8513331,0.8526367,2018,.
12818,.,6.2411554,1.2022179,2018,.
12819,.,10.7295546,0.7353791,2018,.
12820,.,10.6737213,0.4073797,2018,.
12821,.,10.6737213,0.4073797,2018,.
12822,.,7.9477014,1.5880113,2018,.
12823,.,7.9477014,1.5880113,2018,.
12824,.,6.4913326,1.5216964,2018,.
12825,.,6.4913326,1.5216964,2018,.
12826,.,6.4913326,1.5216964,2018,.
12827,.,7.5540485,1.1399406,2018,.
12828,.,10.751058,0.4111387,2018,.
12829,.,9.7555935,0.5613053,2018,.
12830,.,9.6688599,0.6152718,2018,.
12831,.,6.6330431,0.9116921,2018,.
12832,.,10.9552409,0.4378713,2018,.
12833,.,10.7349325,0.0484087,2018,.
12834,.,9.5711837,1.2238761,2018,.
12835,.,10.2673023,0.3987691,2018,.
12836,.,10.2673023,0.3987691,2018,.
12837,.,10.1137401,0.6176779,2018,.
12838,.,9.9433085,0.9446002,2018,.
12839,.,8.8123188,1.6014496,2018,.
12840,.,11.1054683,0.0394259,2018,.
12841,.,9.7132156,0.4748023,2018,.
12842,.,11.1051347,0.0273711,2018,.
12843,.,11.1051347,0.0273711,2018,.
12844,.,10.9878324,0.1415139,2018,.
12845,.,10.9878324,0.1415139,2018,.
12846,.,10.9878324,0.1415139,2018,.
12847,.,10.9878324,0.1415139,2018,.
12848,.,10.9878324,0.1415139,2018,.
12849,.,7.0043416,0.7135993,2018,.
12850,.,7.0043416,0.7135993,2018,.
12851,.,7.8755469,1.6273711,2018,.
12852,.,6.9492198,1.1670599,2018,.
12853,.,6.9492198,1.1670599,2018,.
12854,.,10.7314379,0.4923618,2018,.
12855,.,6.8607141,1.2157069,2018,.
12856,.,6.8607141,1.2157069,2018,.
12857,.,6.8607141,1.2157069,2018,.
12858,.,9.9829385,0.5429758,2018,.
12859,.,10.5731376,0.3974985,2018,.
12860,.,10.8834568,0.2213557,2018,.
12861,.,7.9502462,1.0348296,2018,.
12862,.,11.0608241,0.2240527,2018,.
12863,.,7.3057,1.6281115,2018,.
12864,.,7.3057,1.6281115,2018,.
12865,.,6.7406899,1.1897515,2018,.
12866,.,9.254757,0.5497211,2018,.
12867,.,6.3656402,1.6143448,2018,.
12868,.,7.5836151,1.0580687,2018,.
12869,.,6.7733925,1.2934725,2018,.
12870,.,10.6737213,0.4073797,2018,.
12871,.,11.0347724,0.1955223,2018,.
12872,.,6.5396302,1.3597938,2018,.
12873,.,6.3089068,1.6362195,2018,.
12874,.,9.658015,1.3163263,2018,.
12875,.,10.2775114,0.7720474,2018,.
12876,.,8.3212736,0.9806074,2018,.
12877,.,7.0043416,0.7135993,2018,.
12878,.,10.8665988,0.2056663,2018,.
12879,.,10.5193679,0.2057057,2018,.
12880,.,10.371459,0.7071692,2018,.
12881,.,6.8657716,0.7364323,2018,.
12882,.,8.2251437,1.2214018,2018,.
12883,.,10.6905431,0.2277447,2018,.
12884,.,10.6905431,0.2277447,2018,.
12885,.,7.7242746,1.2724895,2018,.
12886,.,11.0608241,0.2240527,2018,.
12887,.,10.6045459,0.3485435,2018,.
12888,.,10.6045459,0.3485435,2018,.
12889,.,10.6045459,0.3485435,2018,.
12890,.,10.4282247,0.208138,2018,.
12891,.,6.8640437,0.6016293,2018,.
12892,.,10.3952497,0.6542095,2018,.
12893,.,8.2513483,1.5512246,2018,.
12894,.,9.5868799,1.3531997,2018,.
12895,.,10.8390802,0.176294,2018,.
12896,.,10.8390802,0.176294,2018,.
12897,.,10.8809442,0.4030732,2018,.
12898,.,11.0916751,0.078573,2018,.
12899,.,10.4282247,0.208138,2018,.
12900,.,10.9455696,0.1033151,2018,.
12901,.,10.9455696,0.1033151,2018,.
12902,.,10.8609768,0.882305,2018,.
12903,.,7.0003165,0.8619155,2018,.
12904,.,8.0098792,1.3265737,2018,.
12905,.,7.9502462,1.0348296,2018,.
12906,.,10.2673023,0.3987691,2018,.
12907,.,10.9309787,0.4567936,2018,.
12908,.,9.7555935,0.5613053,2018,.
12909,.,10.5955358,0.1821311,2018,.
12910,.,10.5955358,0.1821311,2018,.
12911,.,7.0043416,0.7135993,2018,.
12912,.,10.371459,0.7071692,2018,.
12913,.,11.1051347,0.0273711,2018,.
12914,.,11.1051347,0.0273711,2018,.
12915,.,9.9364078,0.8884293,2018,.
12916,.,9.0682457,0.6300123,2018,.
12917,.,7.2127736,1.3326752,2018,.
12918,.,8.8358746,1.5142739,2018,.
12919,.,7.2354323,0.6610182,2018,.
12920,.,9.929807,0.4849671,2018,.
12921,.,9.929807,0.4849671,2018,.
12922,.,6.4924956,1.5568334,2018,.
12923,.,6.4924956,1.5568334,2018,.
12924,.,6.4924956,1.5568334,2018,.
12925,.,6.4924956,1.5568334,2018,.
12926,.,9.929807,0.4849671,2018,.
12927,.,9.929807,0.4849671,2018,.
12928,.,9.7395522,0.5642621,2018,.
12929,.,9.7395522,0.5642621,2018,.
12930,.,6.6771891,1.5647407,2018,.
12931,.,10.5491182,0.1390624,2018,.
12932,.,6.9351466,1.1051984,2018,.
12933,.,6.9351466,1.1051984,2018,.
12934,.,8.0098792,1.3265737,2018,.
12935,.,8.0098792,1.3265737,2018,.
12936,.,10.5491182,0.1390624,2018,.
12937,.,7.22898,0.7443095,2018,.
12938,.,10.5040627,0.353768,2018,.
12939,.,8.308171,0.9280359,2018,.
12940,.,9.7132156,0.4748023,2018,.
12941,.,9.6329703,1.0187739,2018,.
12942,.,7.0043416,0.7135993,2018,.
12943,.,10.5491182,0.1390624,2018,.
12944,.,7.8755469,1.6273711,2018,.
12945,.,10.2775114,0.7720474,2018,.
12946,.,7.6413612,0.8855539,2018,.
12947,.,10.5491182,0.1390624,2018,.
12948,.,10.5491182,0.1390624,2018,.
12949,.,10.9449922,0.7888667,2018,.
12950,.,10.5040627,0.353768,2018,.
12951,.,10.6294431,0.1831459,2018,.
12952,.,9.6536463,0.5248509,2018,.
12953,.,10.6728004,0.3898189,2018,.
12954,.,10.6728004,0.3898189,2018,.
12955,.,10.6728004,0.3898189,2018,.
12956,.,6.6055383,1.6071807,2018,.
12957,.,6.6055383,1.6071807,2018,.
12958,.,9.0213919,1.123986,2018,.
12959,.,10.6294431,0.1831459,2018,.
12960,.,8.8123188,1.6014496,2018,.
12961,.,7.9477014,1.5880113,2018,.
12962,.,10.7349325,0.0484087,2018,.
12963,.,10.371459,0.7071692,2018,.
12964,.,9.4833917,0.9333874,2018,.
12965,.,10.5193679,0.2057057,2018,.
12966,.,10.8390802,0.176294,2018,.
12967,.,10.3507734,0.5467744,2018,.
12968,.,6.4913326,1.5216964,2018,.
12969,.,6.4913326,1.5216964,2018,.
12970,.,6.4913326,1.5216964,2018,.
12971,.,10.2673023,0.3987691,2018,.
12972,.,10.5001511,0.152351,2018,.
12973,.,8.3623571,0.9497201,2018,.
12974,.,9.5868799,1.3531997,2018,.
12975,.,9.8866289,0.5308141,2018,.
12976,.,10.8519291,0.8130148,2018,.
12977,.,7.7841795,1.2433109,2018,.
12978,.,6.4331683,1.2703777,2018,.
12979,.,9.7395522,0.5642621,2018,.
12980,.,9.7395522,0.5642621,2018,.
12981,.,9.0542345,1.5175842,2018,.
12982,.,10.5001511,0.152351,2018,.
12983,.,8.2274447,1.5807019,2018,.
12984,.,6.9458214,1.1334407,2018,.
12985,.,10.7933562,0.1449868,2018,.
12986,.,10.3542962,0.4657786,2018,.
12987,.,10.5955358,0.1821311,2018,.
12988,.,10.4282247,0.208138,2018,.
12989,.,9.6738983,0.5746704,2018,.
12990,.,6.6397309,0.8131113,2018,.
12991,.,7.2127736,1.3326752,2018,.
12992,.,10.2775114,0.7720474,2018,.
12993,.,9.7132156,0.4748023,2018,.
12994,.,7.0489728,0.6348812,2018,.
12995,.,7.3021896,1.5735796,2018,.
12996,.,9.254757,0.5497211,2018,.
12997,.,10.6294431,0.1831459,2018,.
12998,.,6.75055,0.7596843,2018,.
12999,.,7.7358659,1.4343201,2018,.
13000,.,7.7358659,1.4343201,2018,.
13001,.,10.7000818,0.3910898,2018,.
13002,.,9.7754476,1.030473,2018,.
13003,.,8.8652715,1.611616,2018,.
13004,.,8.8652715,1.611616,2018,.
13005,.,10.9173204,0.2391947,2018,.
13006,.,10.9173204,0.2391947,2018,.
13007,.,10.7295546,0.7353791,2018,.
13008,.,11.0916751,0.078573,2018,.
13009,.,11.0916751,0.078573,2018,.
13010,.,10.6045459,0.3485435,2018,.
13011,.,7.3057,1.6281115,2018,.
13012,.,8.2274447,1.5807019,2018,.
13013,.,10.0222564,0.8141444,2018,.
13014,.,8.2274447,1.5807019,2018,.
13015,.,10.1137401,0.6176779,2018,.
13016,.,6.8607141,1.2157069,2018,.
13017,.,6.8607141,1.2157069,2018,.
13018,.,8.0334909,0.6839973,2018,.
13019,.,8.0334909,0.6839973,2018,.
13020,.,8.1950714,1.2236764,2018,.
13021,.,9.254757,0.5497211,2018,.
13022,.,10.3507734,0.5467744,2018,.
13023,.,7.6340062,0.6914147,2018,.
13024,.,7.6340062,0.6914147,2018,.
13025,.,7.6340062,0.6914147,2018,.
13026,.,7.2516686,1.012406,2018,.
13027,.,7.0075555,1.6122201,2018,.
13028,.,7.0075555,1.6122201,2018,.
13029,.,9.9049213,0.6667662,2018,.
13030,.,7.7841795,1.2433109,2018,.
13031,.,10.0530838,1.1949323,2018,.
13032,.,8.4267481,1.1484194,2018,.
13033,.,10.5731376,0.3974985,2018,.
13034,.,7.0075555,1.6122201,2018,.
13035,.,7.0075555,1.6122201,2018,.
13036,.,9.0296276,1.4226127,2018,.
13037,.,7.1233427,1.3597328,2018,.
13038,.,9.9364078,0.8884293,2018,.
13039,.,6.4913326,1.5216964,2018,.
13040,.,8.352161,1.0096373,2018,.
13041,.,6.4879299,0.735097,2018,.
13042,.,9.556211,1.1624997,2018,.
13043,.,10.5001511,0.152351,2018,.
13044,.,10.2673023,0.3987691,2018,.
13045,.,10.2673023,0.3987691,2018,.
13046,.,10.2673023,0.3987691,2018,.
13047,.,10.2673023,0.3987691,2018,.
13048,.,10.5955358,0.1821311,2018,.
13049,.,8.8391404,1.2763913,2018,.
13050,.,10.9552409,0.4378713,2018,.
13051,.,8.8652715,1.611616,2018,.
13052,.,10.6728004,0.3898189,2018,.
13053,.,10.6728004,0.3898189,2018,.
13054,.,9.7555935,0.5613053,2018,.
13055,.,9.6738983,0.5746704,2018,.
13056,.,9.6738983,0.5746704,2018,.
13057,.,10.9526258,0.2979539,2018,.
13058,.,7.9477014,1.5880113,2018,.
13059,.,9.7532929,1.3264543,2018,.
13060,.,9.9829385,0.5429758,2018,.
13061,.,7.6770312,1.360959,2018,.
13062,.,8.0098792,1.3265737,2018,.
13063,.,9.41674,1.2590364,2018,.
13064,.,9.41674,1.2590364,2018,.
13065,.,9.41674,1.2590364,2018,.
13066,.,9.5837986,1.1788882,2018,.
13067,.,6.9492198,1.1670599,2018,.
13068,.,10.751058,0.4111387,2018,.
13069,.,10.751058,0.4111387,2018,.
13070,.,6.8237326,0.7083589,2018,.
13071,.,6.6055383,1.6071807,2018,.
13072,.,6.8217801,0.8852746,2018,.
13073,.,6.1303606,1.2139622,2018,.
13074,.,9.659845,0.5020881,2018,.
13075,.,6.2822384,1.6227592,2018,.
13076,.,6.2822384,1.6227592,2018,.
13077,.,6.2822384,1.6227592,2018,.
13078,.,10.7314379,0.4923618,2018,.
13079,.,10.7314379,0.4923618,2018,.
13080,.,7.8513331,0.8526367,2018,.
13081,.,10.3952497,0.6542095,2018,.
13082,.,10.751058,0.4111387,2018,.
13083,.,10.751058,0.4111387,2018,.
13084,.,10.751058,0.4111387,2018,.
13085,.,10.5001511,0.152351,2018,.
13086,.,10.7790145,-0.0494468,2018,.
13087,.,10.9526258,0.2979539,2018,.
13088,.,9.9049213,0.6667662,2018,.
13089,.,10.2560916,0.8711422,2018,.
13090,.,11.1054683,0.0394259,2018,.
13091,.,8.4149578,1.3649508,2018,.
13092,.,6.2822384,1.6227592,2018,.
13093,.,6.3656402,1.6143448,2018,.
13094,.,6.3656402,1.6143448,2018,.
13095,.,8.3141045,1.1500379,2018,.
13096,.,6.9504857,1.1721386,2018,.
13097,.,7.4813578,0.923717,2018,.
13098,.,7.4813578,0.923717,2018,.
13099,.,10.1379925,0.5324541,2018,.
13100,.,10.4089025,0.7269541,2018,.
13101,.,10.4089025,0.7269541,2018,.
13102,.,8.0070061,0.6570084,2018,.
13103,.,9.6738983,0.5746704,2018,.
13104,.,6.9458214,1.1334407,2018,.
13105,.,6.9458214,1.1334407,2018,.
13106,.,6.9458214,1.1334407,2018,.
13107,.,10.4089025,0.7269541,2018,.
13108,.,8.308171,0.9280359,2018,.
13109,.,8.308171,0.9280359,2018,.
13110,.,10.6737213,0.4073797,2018,.
13111,.,10.6737213,0.4073797,2018,.
13112,.,9.2658566,0.7922197,2018,.
13113,.,10.5491182,0.1390624,2018,.
13114,.,6.3859161,1.4418973,2018,.
13115,.,9.9556927,0.5568451,2018,.
13116,.,9.7641664,0.8164678,2018,.
13117,.,10.2775114,0.7720474,2018,.
13118,.,6.9492198,1.1670599,2018,.
13119,.,7.9477014,1.5880113,2018,.
13120,.,8.9849108,1.1631332,2018,.
13121,.,7.1048517,1.5973574,2018,.
13122,.,10.2560916,0.8711422,2018,.
13123,.,9.2115877,0.5868106,2018,.
13124,.,8.3437618,1.0093352,2018,.
13125,.,10.2673023,0.3987691,2018,.
13126,.,10.2673023,0.3987691,2018,.
13127,.,10.2673023,0.3987691,2018,.
13128,.,10.0530838,1.1949323,2018,.
13129,.,7.8755469,1.6273711,2018,.
13130,.,10.5491182,0.1390624,2018,.
13131,.,10.5491182,0.1390624,2018,.
13132,.,10.5491182,0.1390624,2018,.
13133,.,9.3575194,1.3517858,2018,.
13134,.,10.8390802,0.176294,2018,.
13135,.,10.8390802,0.176294,2018,.
13136,.,6.7943327,1.242573,2018,.
13137,.,6.7943327,1.242573,2018,.
13138,.,6.7943327,1.242573,2018,.
13139,.,6.7943327,1.242573,2018,.
13140,.,10.1137401,0.6176779,2018,.
13141,.,9.9433085,0.9446002,2018,.
13142,.,7.6770312,1.360959,2018,.
13143,.,7.6770312,1.360959,2018,.
13144,.,7.6770312,1.360959,2018,.
13145,.,9.9147923,1.2918806,2018,.
13146,.,6.6771891,1.5647407,2018,.
13147,.,6.6771891,1.5647407,2018,.
13148,.,9.4931058,1.3193043,2018,.
13149,.,10.2673023,0.3987691,2018,.
13150,.,9.3575194,1.3517858,2018,.
13151,.,10.7813908,0.2554059,2018,.
13152,.,10.9878324,0.1415139,2018,.
13153,.,10.9878324,0.1415139,2018,.
13154,.,10.5491182,0.1390624,2018,.
13155,.,7.4725097,1.3234103,2018,.
13156,.,6.9959389,1.3353962,2018,.
13157,.,6.9959389,1.3353962,2018,.
13158,.,6.7714853,1.1360491,2018,.
13159,.,8.0098792,1.3265737,2018,.
13160,.,8.0098792,1.3265737,2018,.
13161,.,6.9351466,1.1051984,2018,.
13162,.,10.5491182,0.1390624,2018,.
13163,.,9.6536463,0.5248509,2018,.
13164,.,8.3437618,1.0093352,2018,.
13165,.,11.0916751,0.078573,2018,.
13166,.,6.9492198,1.1670599,2018,.
13167,.,10.8809442,0.4030732,2018,.
13168,.,10.8809442,0.4030732,2018,.
13169,.,8.8391404,1.2763913,2018,.
13170,.,9.732381,1.2477593,2018,.
13171,.,10.5001511,0.152351,2018,.
13172,.,10.5001511,0.152351,2018,.
13173,.,9.5744545,0.6702977,2018,.
13174,.,10.6905431,0.2277447,2018,.
13175,.,6.9492198,1.1670599,2018,.
13176,.,11.0608241,0.2240527,2018,.
13177,.,11.0608241,0.2240527,2018,.
13178,.,10.9173204,0.2391947,2018,.
13179,.,10.1137401,0.6176779,2018,.
13180,.,9.7395522,0.5642621,2018,.
13181,.,6.7953578,1.1016211,2018,.
13182,.,9.4313549,0.9408417,2018,.
13183,.,10.3507734,0.5467744,2018,.
13184,.,10.2560916,0.8711422,2018,.
13185,.,9.9556866,1.275511,2018,.
13186,.,10.1273389,1.0838812,2018,.
13187,.,10.0530838,1.1949323,2018,.
13188,.,9.6329703,1.0187739,2018,.
13189,.,8.9854603,1.1464008,2018,.
13190,.,7.0003165,0.8619155,2018,.
13191,.,7.0003165,0.8619155,2018,.
13192,.,7.0003165,0.8619155,2018,.
13193,.,7.6837837,1.4149746,2018,.
13194,.,9.9556927,0.5568451,2018,.
13195,.,7.2127736,1.3326752,2018,.
13196,.,9.0542345,1.5175842,2018,.
13197,.,7.0162888,1.0100981,2018,.
13198,.,7.0162888,1.0100981,2018,.
13199,.,8.0997515,1.3511567,2018,.
13200,.,8.0997515,1.3511567,2018,.
13201,.,6.3444314,1.1104565,2018,.
13202,.,7.6837837,1.4149746,2018,.
13203,.,7.6837837,1.4149746,2018,.
13204,.,7.8755469,1.6273711,2018,.
13205,.,9.7641664,0.8164678,2018,.
13206,.,9.6536463,0.5248509,2018,.
13207,.,11.11991,-0.0349474,2018,.
13208,.,7.0003165,0.8619155,2018,.
13209,.,8.3437618,1.0093352,2018,.
13210,.,10.7933562,0.1449868,2018,.
13211,.,10.7933562,0.1449868,2018,.
13212,.,7.8755469,1.6273711,2018,.
13213,.,6.6397309,0.8131113,2018,.
13214,.,11.11991,-0.0349474,2018,.
13215,.,6.8227591,0.608449,2018,.
13216,.,10.371459,0.7071692,2018,.
13217,.,10.8809442,0.4030732,2018,.
13218,.,10.5159431,0.1568788,2018,.
13219,.,8.2274447,1.5807019,2018,.
13220,.,8.7333719,1.0484885,2018,.
13221,.,9.7754476,1.030473,2018,.
13222,.,8.2418648,1.270027,2018,.
13223,.,9.658015,1.3163263,2018,.
13224,.,7.8126849,1.2540928,2018,.
13225,.,8.9956585,1.1558599,2018,.
13226,.,9.8866289,0.5308141,2018,.
13227,.,9.7543706,1.1096908,2018,.
13228,.,9.7543706,1.1096908,2018,.
13229,.,10.3952497,0.6542095,2018,.
13230,.,6.9351466,1.1051984,2018,.
13231,.,10.9173204,0.2391947,2018,.
13232,.,7.7554746,1.2004626,2018,.
13233,.,10.7314379,0.4923618,2018,.
13234,.,10.7790145,-0.0494468,2018,.
13235,.,10.7790145,-0.0494468,2018,.
13236,.,9.0682457,0.6300123,2018,.
13237,.,9.9049213,0.6667662,2018,.
13238,.,10.7349325,0.0484087,2018,.
13239,.,10.4282247,0.208138,2018,.
13240,.,9.6550226,1.1421102,2018,.
13241,.,9.6738983,0.5746704,2018,.
13242,.,8.2418648,1.270027,2018,.
13243,.,6.3160771,1.635626,2018,.
13244,.,6.3160771,1.635626,2018,.
13245,.,9.6537949,1.1921393,2018,.
13246,.,9.7132156,0.4748023,2018,.
13247,.,7.3479809,1.0742752,2018,.
13248,.,6.6792727,1.1656817,2018,.
13249,.,10.9526258,0.2979539,2018,.
13250,.,9.5868799,1.3531997,2018,.
13251,.,9.7972213,1.0958797,2018,.
13252,.,10.5193679,0.2057057,2018,.
13253,.,9.6062502,1.2525558,2018,.
13254,.,9.9556927,0.5568451,2018,.
13255,.,10.7000818,0.3910898,2018,.
13256,.,8.2418648,1.270027,2018,.
13257,.,8.0924612,0.685813,2018,.
13258,.,9.9556927,0.5568451,2018,.
13259,.,6.4913326,1.5216964,2018,.
13260,.,6.4913326,1.5216964,2018,.
13261,.,6.4913326,1.5216964,2018,.
13262,.,8.352161,1.0096373,2018,.
13263,.,10.7479267,0.3167473,2018,.
13264,.,6.6055383,1.6071807,2018,.
13265,.,6.6055383,1.6071807,2018,.
13266,.,10.5040627,0.353768,2018,.
13267,.,8.5597277,0.9763029,2018,.
13268,.,10.1273389,1.0838812,2018,.
13269,.,10.1273389,1.0838812,2018,.
13270,.,9.732381,1.2477593,2018,.
13271,.,9.732381,1.2477593,2018,.
13272,.,9.7532929,1.3264543,2018,.
13273,.,10.1273389,1.0838812,2018,.
13274,.,7.5031206,0.5291882,2018,.
13275,.,10.8791359,0.1974863,2018,.
13276,.,7.3021896,1.5735796,2018,.
13277,.,7.3021896,1.5735796,2018,.
13278,.,7.4813578,0.923717,2018,.
13279,.,10.5159431,0.1568788,2018,.
13280,.,10.5159431,0.1568788,2018,.
13281,.,10.7933562,0.1449868,2018,.
13282,.,7.5362576,1.1468998,2018,.
13283,.,11.0608241,0.2240527,2018,.
13284,.,8.1950714,1.2236764,2018,.
13285,.,10.9455696,0.1033151,2018,.
13286,.,7.0043416,0.7135993,2018,.
13287,.,6.6771891,1.5647407,2018,.
13288,.,6.6771891,1.5647407,2018,.
13289,.,6.6771891,1.5647407,2018,.
13290,.,10.8495139,0.8196636,2018,.
13291,.,7.0489728,0.6348812,2018,.
13292,.,6.4253129,1.5336742,2018,.
13293,.,6.4253129,1.5336742,2018,.
13294,.,11.11991,-0.0349474,2018,.
13295,.,7.0075555,1.6122201,2018,.
13296,.,7.4145468,1.0352184,2018,.
13297,.,7.313866,1.1673285,2018,.
13298,.,7.6340062,0.6914147,2018,.
13299,.,10.3952497,0.6542095,2018,.
13300,.,8.7443074,0.985365,2018,.
13301,.,7.7841795,1.2433109,2018,.
13302,.,8.4149578,1.3649508,2018,.
13303,.,10.371459,0.7071692,2018,.
13304,.,9.6688599,0.6152718,2018,.
13305,.,9.0682457,0.6300123,2018,.
13306,.,6.7953578,1.1016211,2018,.
13307,.,6.7953578,1.1016211,2018,.
13308,.,7.7586613,1.1909428,2018,.
13309,.,8.8391404,1.2763913,2018,.
13310,.,9.6688599,0.6152718,2018,.
13311,.,9.6688599,0.6152718,2018,.
13312,.,10.9173204,0.2391947,2018,.
13313,.,9.41674,1.2590364,2018,.
13314,.,8.2513483,1.5512246,2018,.
13315,.,10.5193679,0.2057057,2018,.
13316,.,8.7443074,0.985365,2018,.
13317,.,10.0222564,0.8141444,2018,.
13318,.,8.5511641,0.9877262,2018,.
13319,.,10.2560916,0.8711422,2018,.
13320,.,10.6905431,0.2277447,2018,.
13321,.,6.6397309,0.8131113,2018,.
13322,.,10.9449922,0.7888667,2018,.
13323,.,9.7972213,1.0958797,2018,.
13324,.,9.7972213,1.0958797,2018,.
13325,.,7.2354323,0.6610182,2018,.
13326,.,10.7878534,0.3490042,2018,.
13327,.,7.6770312,1.360959,2018,.
13328,.,7.6770312,1.360959,2018,.
13329,.,10.9552409,0.4378713,2018,.
13330,.,8.3437618,1.0093352,2018,.
13331,.,10.6294431,0.1831459,2018,.
13332,.,10.3542962,0.4657786,2018,.
13333,.,9.6835751,1.2407069,2018,.
13334,.,8.0098792,1.3265737,2018,.
13335,.,7.1509217,1.5902514,2018,.
13336,.,9.9147923,1.2918806,2018,.
13337,.,10.7878534,0.3490042,2018,.
13338,.,6.6330431,0.9116921,2018,.
13339,.,6.4253129,1.5336742,2018,.
13340,.,10.9455696,0.1033151,2018,.
13341,.,6.7714853,1.1360491,2018,.
13342,.,9.0542345,1.5175842,2018,.
13343,.,8.761525,1.6172224,2018,.
13344,.,6.7953578,1.1016211,2018,.
13345,.,10.0222564,0.8141444,2018,.
13346,.,10.6905431,0.2277447,2018,.
13347,.,7.7586613,1.1909428,2018,.
13348,.,7.0489728,0.6348812,2018,.
13349,.,7.0162888,1.0100981,2018,.
13350,.,7.0162888,1.0100981,2018,.
13351,.,9.6694618,1.2477992,2018,.
13352,.,9.7395522,0.5642621,2018,.
13353,.,9.6410534,1.1432822,2018,.
13354,.,10.8105179,0.2477228,2018,.
13355,.,10.8105179,0.2477228,2018,.
13356,.,10.6294431,0.1831459,2018,.
13357,.,11.0916751,0.078573,2018,.
13358,.,8.0334909,0.6839973,2018,.
13359,.,8.0334909,0.6839973,2018,.
13360,.,9.9829385,0.5429758,2018,.
13361,.,6.9396044,1.5290608,2018,.
13362,.,10.1784739,0.4444963,2018,.
13363,.,6.7406899,1.1897515,2018,.
13364,.,7.6770312,1.360959,2018,.
13365,.,7.0108625,0.676262,2018,.
13366,.,6.6771891,1.5647407,2018,.
13367,.,9.4286076,1.2245002,2018,.
13368,.,7.8755469,1.6273711,2018,.
13369,.,9.7543706,1.1096908,2018,.
13370,.,7.0003165,0.8619155,2018,.
13371,.,9.9049213,0.6667662,2018,.
13372,.,8.761525,1.6172224,2018,.
13373,.,7.5031206,0.5291882,2018,.
13374,.,7.1509217,1.5902514,2018,.
13375,.,9.929807,0.4849671,2018,.
13376,.,9.929807,0.4849671,2018,.
13377,.,10.9449922,0.7888667,2018,.
13378,.,10.1273389,1.0838812,2018,.
13379,.,10.5731376,0.3974985,2018,.
13380,.,10.8519291,0.8130148,2018,.
13381,.,10.6045459,0.3485435,2018,.
13382,.,9.6694618,1.2477992,2018,.
13383,.,7.6413612,0.8855539,2018,.
13384,.,10.7933562,0.1449868,2018,.
13385,.,10.751058,0.4111387,2018,.
13386,.,9.6329703,1.0187739,2018,.
13387,.,10.7295546,0.7353791,2018,.
13388,.,9.9829385,0.5429758,2018,.
13389,.,6.7953578,1.1016211,2018,.
13390,.,10.4089025,0.7269541,2018,.
13391,.,9.7555935,0.5613053,2018,.
13392,.,10.7000818,0.3910898,2018,.
13393,.,7.7242746,1.2724895,2018,.
13394,.,7.7242746,1.2724895,2018,.
13395,.,7.6837837,1.4149746,2018,.
13396,.,10.3507734,0.5467744,2018,.
13397,.,10.3507734,0.5467744,2018,.
13398,.,10.4282247,0.208138,2018,.
13399,.,7.5717192,0.6775728,2018,.
13400,.,7.5717192,0.6775728,2018,.
13401,.,10.9878324,0.1415139,2018,.
13402,.,10.9878324,0.1415139,2018,.
13403,.,10.9878324,0.1415139,2018,.
13404,.,10.9878324,0.1415139,2018,.
13405,.,6.7784227,1.5339259,2018,.
13406,.,7.9477014,1.5880113,2018,.
13407,.,7.9477014,1.5880113,2018,.
13408,.,9.6577618,1.2179761,2018,.
13409,.,7.4725097,1.3234103,2018,.
13410,.,6.4328315,1.2218829,2018,.
13411,.,7.8755469,1.6273711,2018,.
13412,.,9.7641664,0.8164678,2018,.
13413,.,11.11991,-0.0349474,2018,.
13414,.,6.2317884,1.4752334,2018,.
13415,.,9.7672671,1.1021848,2018,.
13416,.,8.3623571,0.9497201,2018,.
13417,.,8.3623571,0.9497201,2018,.
13418,.,6.4446585,1.550929,2018,.
13419,.,7.3479809,1.0742752,2018,.
13420,.,7.3479809,1.0742752,2018,.
13421,.,10.8755196,0.2121041,2018,.
13422,.,8.3437618,1.0093352,2018,.
13423,.,8.7333719,1.0484885,2018,.
13424,.,7.4725097,1.3234103,2018,.
13425,.,11.0347724,0.1955223,2018,.
13426,.,10.7813908,0.2554059,2018,.
13427,.,8.2513483,1.5512246,2018,.
13428,.,7.3021896,1.5735796,2018,.
13429,.,7.3021896,1.5735796,2018,.
13430,.,9.6424091,1.2583971,2018,.
13431,.,7.7586613,1.1909428,2018,.
13432,.,10.5040627,0.353768,2018,.
13433,.,9.6410534,1.1432822,2018,.
13434,.,7.4813578,0.923717,2018,.
13435,.,9.7532929,1.3264543,2018,.
13436,.,6.9396044,1.5290608,2018,.
13437,.,7.0489728,0.6348812,2018,.
13438,.,10.2673023,0.3987691,2018,.
13439,.,10.2673023,0.3987691,2018,.
13440,.,10.3952497,0.6542095,2018,.
13441,.,6.4773638,1.0657464,2018,.
13442,.,9.4833917,0.9333874,2018,.
13443,.,6.4879299,0.735097,2018,.
13444,.,10.7295546,0.7353791,2018,.
13445,.,9.5744545,0.6702977,2018,.
13446,.,10.3952497,0.6542095,2018,.
13447,.,10.7349325,0.0484087,2018,.
13448,.,7.0043416,0.7135993,2018,.
13449,.,6.2822384,1.6227592,2018,.
13450,.,7.4725097,1.3234103,2018,.
13451,.,7.9477014,1.5880113,2018,.
13452,.,7.0043416,0.7135993,2018,.
13453,.,10.5955358,0.1821311,2018,.
13454,.,7.5836151,1.0580687,2018,.
13455,.,10.9309787,0.4567936,2018,.
13456,.,7.1048517,1.5973574,2018,.
13457,.,7.1048517,1.5973574,2018,.
13458,.,7.1048517,1.5973574,2018,.
13459,.,7.1048517,1.5973574,2018,.
13460,.,9.6329703,1.0187739,2018,.
13461,.,9.5744545,0.6702977,2018,.
13462,.,7.1509217,1.5902514,2018,.
13463,.,8.7431036,1.5900939,2018,.
13464,.,8.2418648,1.270027,2018,.
13465,.,8.8391404,1.2763913,2018,.
13466,.,7.0043416,0.7135993,2018,.
13467,.,7.0043416,0.7135993,2018,.
13468,.,7.6413612,0.8855539,2018,.
13469,.,7.6413612,0.8855539,2018,.
13470,.,8.1748874,1.012264,2018,.
13471,.,6.4253129,1.5336742,2018,.
13472,.,10.3507734,0.5467744,2018,.
13473,.,10.6905431,0.2277447,2018,.
13474,.,6.7784227,1.5339259,2018,.
13475,.,10.5040627,0.353768,2018,.
13476,.,10.7933562,0.1449868,2018,.
13477,.,6.2317884,1.4752334,2018,.
13478,.,10.8105179,0.2477228,2018,.
13479,.,10.8809442,0.4030732,2018,.
13480,.,6.3367302,1.708445,2018,.
13481,.,6.3367302,1.708445,2018,.
13482,.,6.3367302,1.708445,2018,.
13483,.,6.3367302,1.708445,2018,.
13484,.,10.7790145,-0.0494468,2018,.
13485,.,10.7790145,-0.0494468,2018,.
13486,.,11.11991,-0.0349474,2018,.
13487,.,10.8809442,0.4030732,2018,.
13488,.,8.6630287,1.0159995,2018,.
13489,.,7.5540485,1.1399406,2018,.
13490,.,9.8866289,0.5308141,2018,.
13491,.,9.8866289,0.5308141,2018,.
13492,.,9.8866289,0.5308141,2018,.
13493,.,9.2591651,0.7729949,2018,.
13494,.,9.0542345,1.5175842,2018,.
13495,.,8.2251437,1.2214018,2018,.
13496,.,7.3479809,1.0742752,2018,.
13497,.,6.9351466,1.1051984,2018,.
13498,.,6.8217801,0.8852746,2018,.
13499,.,6.8217801,0.8852746,2018,.
13500,.,9.7779765,0.7006481,2018,.
13501,.,9.9715683,1.0312479,2018,.
13502,.,10.7314379,0.4923618,2018,.
13503,.,10.8809442,0.4030732,2018,.
13504,.,7.7358659,1.4343201,2018,.
13505,.,10.1379925,0.5324541,2018,.
13506,.,10.7295546,0.7353791,2018,.
13507,.,7.0003165,0.8619155,2018,.
13508,.,8.3437618,1.0093352,2018,.
13509,.,7.9502462,1.0348296,2018,.
13510,.,10.5040627,0.353768,2018,.
13511,.,7.2354323,0.6610182,2018,.
13512,.,10.2775114,0.7720474,2018,.
13513,.,6.7660933,0.986502,2018,.
13514,.,7.7358659,1.4343201,2018,.
13515,.,11.1051347,0.0273711,2018,.
13516,.,7.1233427,1.3597328,2018,.
13517,.,9.5427153,1.1613285,2018,.
13518,.,9.254757,0.5497211,2018,.
13519,.,10.8834568,0.2213557,2018,.
13520,.,6.75055,0.7596843,2018,.
13521,.,6.75055,0.7596843,2018,.
13522,.,6.75055,0.7596843,2018,.
13523,.,6.75055,0.7596843,2018,.
13524,.,7.3093058,1.3136206,2018,.
13525,.,7.6413612,0.8855539,2018,.
13526,.,6.9351466,1.1051984,2018,.
13527,.,10.1784739,0.4444963,2018,.
13528,.,10.1784739,0.4444963,2018,.
13529,.,6.4927382,1.6176206,2018,.
13530,.,6.4927382,1.6176206,2018,.
13531,.,7.9477014,1.5880113,2018,.
13532,.,10.7878534,0.3490042,2018,.
13533,.,8.3437618,1.0093352,2018,.
13534,.,10.9878324,0.1415139,2018,.
13535,.,7.8755469,1.6273711,2018,.
13536,.,9.7395522,0.5642621,2018,.
13537,.,9.4931058,1.3193043,2018,.
13538,.,8.9854603,1.1464008,2018,.
13539,.,7.9477014,1.5880113,2018,.
13540,.,6.1303632,1.2139645,2018,.
13541,.,10.7295546,0.7353791,2018,.
13542,.,9.9049213,0.6667662,2018,.
13543,.,6.9959389,1.3353962,2018,.
13544,.,9.9829385,0.5429758,2018,.
13545,.,8.1950714,1.2236764,2018,.
13546,.,6.8640437,0.6016293,2018,.
13547,.,10.8105179,0.2477228,2018,.
13548,.,10.8105179,0.2477228,2018,.
13549,.,10.8105179,0.2477228,2018,.
13550,.,11.11991,-0.0349474,2018,.
13551,.,10.8609768,0.882305,2018,.
13552,.,10.8105179,0.2477228,2018,.
13553,.,10.4282247,0.208138,2018,.
13554,.,6.4773638,1.0657464,2018,.
13555,.,9.7555935,0.5613053,2018,.
13556,.,7.3057,1.6281115,2018,.
13557,.,7.3057,1.6281115,2018,.
13558,.,8.4267481,1.1484194,2018,.
13559,.,10.7813908,0.2554059,2018,.
13560,.,8.8123188,1.6014496,2018,.
13561,.,9.5837986,1.1788882,2018,.
13562,.,8.0098792,1.3265737,2018,.
13563,.,8.7467178,1.5943072,2018,.
13564,.,8.7467178,1.5943072,2018,.
13565,.,8.7467178,1.5943072,2018,.
13566,.,9.9556927,0.5568451,2018,.
13567,.,9.9556927,0.5568451,2018,.
13568,.,8.3623571,0.9497201,2018,.
13569,.,9.0682457,0.6300123,2018,.
13570,.,10.7349325,0.0484087,2018,.
13571,.,10.7813908,0.2554059,2018,.
13572,.,10.7813908,0.2554059,2018,.
13573,.,6.7733925,1.2934725,2018,.
13574,.,7.0108625,0.676262,2018,.
13575,.,10.5001511,0.152351,2018,.
13576,.,10.5001511,0.152351,2018,.
13577,.,10.8609768,0.882305,2018,.
13578,.,7.6340062,0.6914147,2018,.
13579,.,7.6340062,0.6914147,2018,.
13580,.,8.8652715,1.611616,2018,.
13581,.,10.5001511,0.152351,2018,.
13582,.,9.9298546,0.6594812,2018,.
13583,.,9.6536463,0.5248509,2018,.
13584,.,8.0070061,0.6570084,2018,.
13585,.,11.0916751,0.078573,2018,.
13586,.,8.3141045,1.1500379,2018,.
13587,.,9.9364078,0.8884293,2018,.
13588,.,7.1968117,1.0451055,2018,.
13589,.,9.929807,0.4849671,2018,.
13590,.,7.8755469,1.6273711,2018,.
13591,.,9.9556927,0.5568451,2018,.
13592,.,6.4193901,1.6626574,2018,.
13593,.,9.9556927,0.5568451,2018,.
13594,.,10.1379925,0.5324541,2018,.
13595,.,9.6537949,1.1921393,2018,.
13596,.,9.6537949,1.1921393,2018,.
13597,.,8.7443074,0.985365,2018,.
13598,.,6.75055,0.7596843,2018,.
13599,.,7.0043416,0.7135993,2018,.
13600,.,9.2581844,0.7784978,2018,.
13601,.,11.0347724,0.1955223,2018,.
13602,.,10.6294431,0.1831459,2018,.
13603,.,9.9548497,1.2713441,2018,.
13604,.,9.4931058,1.3193043,2018,.
13605,.,6.2822384,1.6227592,2018,.
13606,.,6.4927382,1.6176206,2018,.
13607,.,6.3859161,1.4418973,2018,.
13608,.,6.7406899,1.1897515,2018,.
13609,.,6.8227591,0.608449,2018,.
13610,.,6.3444314,1.1104565,2018,.
13611,.,6.1584251,1.2178271,2018,.
13612,.,6.4253129,1.5336742,2018,.
13613,.,9.1067048,1.3219334,2018,.
13614,.,7.5031206,0.5291882,2018,.
13615,.,9.6424091,1.2583971,2018,.
13616,.,7.7554746,1.2004626,2018,.
13617,.,6.2822384,1.6227592,2018,.
13618,.,7.0384525,1.203543,2018,.
13619,.,9.5425692,1.1611959,2018,.
13620,.,6.2317884,1.4752334,2018,.
13621,.,6.2317884,1.4752334,2018,.
13622,.,9.1067048,1.3219334,2018,.
13623,.,9.5711837,1.2238761,2018,.
13624,.,7.6770312,1.360959,2018,.
13625,.,7.3093058,1.3136206,2018,.
13626,.,9.4833917,0.9333874,2018,.
13627,.,7.7554746,1.2004626,2018,.
13628,.,6.8227591,0.608449,2018,.
13629,.,9.6537949,1.1921393,2018,.
13630,.,7.7841795,1.2433109,2018,.
13631,.,6.7660933,0.986502,2018,.
13632,.,9.2115877,0.5868106,2018,.
13633,.,8.5597277,0.9763029,2018,.
13634,.,9.4931058,1.3193043,2018,.
13635,.,9.6380176,1.2546557,2018,.
13636,.,9.6380176,1.2546557,2018,.
13637,.,6.8710956,0.605027,2018,.
13638,.,6.4924956,1.5568334,2018,.
13639,.,9.6181851,1.1612182,2018,.
13640,.,6.9492198,1.1670599,2018,.
13641,.,8.1900637,0.8089854,2018,.
13642,.,6.6238288,1.3774827,2018,.
13643,.,9.5158973,1.2773121,2018,.
13644,.,9.41674,1.2590364,2018,.
13645,.,9.41674,1.2590364,2018,.
13646,.,9.470458,1.3484826,2018,.
13647,.,9.1067048,1.3219334,2018,.
13648,.,7.7358659,1.4343201,2018,.
13649,.,10.8495139,0.8196636,2018,.
13650,.,9.0367155,1.1157391,2018,.
13651,.,6.4401615,1.6208482,2018,.
13652,.,10.2673023,0.3987691,2018,.
13653,.,6.8227591,0.608449,2018,.
13654,.,6.8237326,0.7083589,2018,.
13655,.,8.143785,0.7936126,2018,.
13656,.,9.2591651,0.7729949,2018,.
13657,.,9.4286076,1.2245002,2018,.
13658,.,9.4286076,1.2245002,2018,.
13659,.,8.2251437,1.2214018,2018,.
13660,.,7.6837837,1.4149746,2018,.
13661,.,9.4034936,0.9017465,2018,.
13662,.,9.4034936,0.9017465,2018,.
13663,.,7.5784077,0.6045383,2018,.
13664,.,7.61583,0.6084094,2018,.
13665,.,9.5476118,1.1985026,2018,.
13666,.,7.7358659,1.4343201,2018,.
13667,.,9.6062502,1.2525558,2018,.
13668,.,8.2251437,1.2214018,2018,.
13669,.,8.1888843,0.8086746,2018,.
13670,.,7.7358659,1.4343201,2018,.
13671,.,11.0916751,0.078573,2018,.
13672,.,6.7714853,1.1360491,2018,.
13673,.,8.126247,0.7705242,2018,.
13674,.,6.4501854,1.5988196,2018,.
13675,.,9.6550226,1.1421102,2018,.
13676,.,9.4931058,1.3193043,2018,.
13677,.,6.4924956,1.5568334,2018,.
13678,.,8.5578181,0.9721054,2018,.
13679,.,6.5535156,1.6648663,2018,.
13680,.,7.7242746,1.2724895,2018,.
13681,.,8.5511641,0.9877262,2018,.
13682,.,7.8513331,0.8526367,2018,.
13683,.,8.1888843,0.8086746,2018,.
13684,.,8.1900637,0.8089854,2018,.
13685,.,7.0384525,1.203543,2018,.
13686,.,7.8755469,1.6273711,2018,.
13687,.,9.6835751,1.2407069,2018,.
13688,.,7.22898,0.7443095,2018,.
13689,.,10.2673023,0.3987691,2018,.
13690,.,8.6748488,1.0227451,2018,.
13691,.,6.4577219,1.7072942,2018,.
13692,.,6.3089068,1.6362195,2018,.
13693,.,7.1785463,0.7515804,2018,.
13694,.,7.0075555,1.6122201,2018,.
13695,.,7.7358659,1.4343201,2018,.
13696,.,7.7358659,1.4343201,2018,.
13697,.,9.5868799,1.3531997,2018,.
13698,.,6.7660933,0.986502,2018,.
13699,.,7.7233757,0.6311234,2018,.
13700,.,9.5158973,1.2773121,2018,.
13701,.,6.8607141,1.2157069,2018,.
13702,.,9.438279,0.6962843,2018,.
13703,.,8.1929678,0.8081095,2018,.
13704,.,7.170556,1.5416937,2018,.
13705,.,7.170556,1.5416937,2018,.
13706,.,9.0367155,1.1157391,2018,.
13707,.,9.4931058,1.3193043,2018,.
13708,.,6.7714853,1.1360491,2018,.
13709,.,8.6808569,0.9366368,2018,.
13710,.,6.4419366,1.2114394,2018,.
13711,.,6.9366165,0.6343555,2018,.
13712,.,9.5158973,1.2773121,2018,.
13713,.,9.4034936,0.9017465,2018,.
13714,.,6.6397309,0.8131113,2018,.
13715,.,6.3502886,1.5404155,2018,.
13716,.,6.3502886,1.5404155,2018,.
13717,.,6.8227591,0.608449,2018,.
13718,.,8.126247,0.7705242,2018,.
13719,.,10.5955358,0.1821311,2018,.
13720,.,7.9477014,1.5880113,2018,.
13721,.,8.5578181,0.9721054,2018,.
13722,.,6.4401615,1.6208482,2018,.
13723,.,6.4401615,1.6208482,2018,.
13724,.,9.0071705,1.135923,2018,.
13725,.,6.8237326,0.7083589,2018,.
13726,.,7.61583,0.6084094,2018,.
13727,.,9.5158973,1.2773121,2018,.
13728,.,6.8217801,0.8852746,2018,.
13729,.,9.4809713,1.1339974,2018,.
13730,.,9.8866289,0.5308141,2018,.
13731,.,9.8866289,0.5308141,2018,.
13732,.,6.3398294,1.7120156,2018,.
13733,.,8.2251437,1.2214018,2018,.
13734,.,6.3656402,1.6143448,2018,.
13735,.,6.6330431,0.9116921,2018,.
13736,.,9.6380176,1.2546557,2018,.
13737,.,6.8227591,0.608449,2018,.
13738,.,9.4034936,0.9017465,2018,.
13739,.,7.61583,0.6084094,2018,.
13740,.,7.2354323,0.6610182,2018,.
13741,.,6.9071856,0.6367251,2018,.
13742,.,6.4446585,1.550929,2018,.
13743,.,10.1273389,1.0838812,2018,.
13744,.,6.75055,0.7596843,2018,.
13745,.,8.1888843,0.8086746,2018,.
13746,.,8.0924612,0.685813,2018,.
13747,.,6.7406899,1.1897515,2018,.
13748,.,9.470458,1.3484826,2018,.
13749,.,9.470458,1.3484826,2018,.
13750,.,9.6835751,1.2407069,2018,.
13751,.,6.6330431,0.9116921,2018,.
13752,.,9.6424091,1.2583971,2018,.
13753,.,9.6550226,1.1421102,2018,.
13754,.,9.6537949,1.1921393,2018,.
13755,.,6.4913326,1.5216964,2018,.
13756,.,6.4913326,1.5216964,2018,.
13757,.,6.4913326,1.5216964,2018,.
13758,.,6.7406899,1.1897515,2018,.
13759,.,9.5868799,1.3531997,2018,.
13760,.,9.6738983,0.5746704,2018,.
13761,.,7.61583,0.6084094,2018,.
13762,.,7.7586613,1.1909428,2018,.
13763,.,8.5597277,0.9763029,2018,.
13764,.,6.6397309,0.8131113,2018,.
13765,.,6.9351466,1.1051984,2018,.
13766,.,9.6694618,1.2477992,2018,.
13767,.,9.6694618,1.2477992,2018,.
13768,.,9.5256026,1.1739778,2018,.
13769,.,7.9477014,1.5880113,2018,.
13770,.,6.4972546,1.6154585,2018,.
13771,.,9.5837986,1.1788882,2018,.
13772,.,8.1900637,0.8089854,2018,.
13773,.,7.0489728,0.6348812,2018,.
13774,.,7.8513331,0.8526367,2018,.
13775,.,9.4034936,0.9017465,2018,.
13776,.,6.4253129,1.5336742,2018,.
13777,.,9.4833917,0.9333874,2018,.
13778,.,9.7972213,1.0958797,2018,.
13779,.,6.6397309,0.8131113,2018,.
13780,.,6.3160771,1.635626,2018,.
13781,.,9.7543706,1.1096908,2018,.
13782,.,6.8237326,0.7083589,2018,.
13783,.,9.7520855,1.3281402,2018,.
13784,.,7.6770312,1.360959,2018,.
13785,.,6.4577219,1.7072942,2018,.
13786,.,9.0367155,1.1157391,2018,.
13787,.,7.8513331,0.8526367,2018,.
13788,.,7.4813578,0.923717,2018,.
13789,.,10.1784739,0.4444963,2018,.
13790,.,6.3502886,1.5404155,2018,.
13791,.,8.143785,0.7936126,2018,.
13792,.,10.6728004,0.3898189,2018,.
13793,.,7.8513331,0.8526367,2018,.
13794,.,9.5158973,1.2773121,2018,.
13795,.,9.4809713,1.1339974,2018,.
13796,.,8.143785,0.7936126,2018,.
13797,.,7.5882648,0.5527967,2018,.
13798,.,9.4809713,1.1339974,2018,.
13799,.,7.1233427,1.3597328,2018,.
13800,.,7.5362576,1.1468998,2018,.
13801,.,7.3093058,1.3136206,2018,.
13802,.,10.6728004,0.3898189,2018,.
13803,.,7.61583,0.6084094,2018,.
13804,.,7.6837837,1.4149746,2018,.
13805,.,6.2317884,1.4752334,2018,.
13806,.,7.6837837,1.4149746,2018,.
13807,.,9.6694618,1.2477992,2018,.
13808,.,6.6397309,0.8131113,2018,.
13809,.,8.4292307,1.0394139,2018,.
13810,.,6.8607141,1.2157069,2018,.
13811,.,9.6577618,1.2179761,2018,.
13812,.,9.6577618,1.2179761,2018,.
13813,.,9.4931058,1.3193043,2018,.
13814,.,9.6380176,1.2546557,2018,.
13815,.,9.5711837,1.2238761,2018,.
13816,.,9.5711837,1.2238761,2018,.
13817,.,7.3093058,1.3136206,2018,.
13818,.,7.9477014,1.5880113,2018,.
13819,.,7.0108625,0.676262,2018,.
25576,.,13.0102098,-13.9996301,2018,.
25577,.,13.9504311,-15.7488766,2018,.
25578,.,13.6333183,-13.5352024,2018,.
25579,.,13.7286623,-16.2212995,2018,.
25580,.,13.6333183,-13.5352024,2018,.
25581,.,13.79251139,-15.47537065,2018,.
25582,.,12.94104401,-14.17080073,2018,.
25583,.,12.94699294,-13.93882438,2018,.
25584,.,13.81773085,-13.91783888,2018,.
25585,.,13.9858149,-16.2562793,2018,.
25586,.,12.79926633,-13.66090867,2018,.
25587,.,13.61617687,-13.95474451,2018,.
25588,.,12.70731831,-14.47740078,2018,.
25589,.,13.0407014,-14.4585138,2018,.
25590,.,13.93427358,-15.20878768,2018,.
25591,.,13.9504311,-15.7488766,2018,.
25592,.,12.7939151,-14.8475167,2018,.
25593,.,12.7939151,-14.8475167,2018,.
25594,.,14.4381636,-14.7745642,2018,.
25595,.,14.0051219,-14.7243575,2018,.
25596,.,14.0321987,-15.72573744,2018,.
25597,.,14.1389984,-16.0781366,2018,.
25598,.,12.9052279,-14.4667865,2018,.
25599,.,13.8303679,-15.4076653,2018,.
25600,.,12.8641536,-14.2890067,2018,.
25601,.,13.749039,-15.53420993,2018,.
25602,.,13.14666738,-14.11453926,2018,.
25603,.,13.93427358,-15.20878768,2018,.
25604,.,12.7858986,-14.7958222,2018,.
25605,.,14.7244254,-12.3394244,2018,.
25606,.,13.27263088,-15.78779322,2018,.
25607,.,13.9504311,-15.7488766,2018,.
25608,.,13.2668865,-14.5460588,2018,.
25609,.,14.1096506,-15.5498495,2018,.
25610,.,14.098649,-15.5500176,2018,.
25611,.,13.87408171,-14.08195627,2018,.
25612,.,13.749039,-15.53420993,2018,.
25613,.,13.14603758,-15.53756973,2018,.
25614,.,14.4381636,-14.7745642,2018,.
25615,.,14.5375431,-16.4761656,2018,.
25616,.,14.0051219,-14.7243575,2018,.
25617,.,13.7425427,-15.7778487,2018,.
25618,.,13.7966706,-15.8596192,2018,.
25619,.,13.7286623,-16.2212995,2018,.
25620,.,13.87010649,-15.80808136,2018,.
25621,.,12.6975231,-13.7452108,2018,.
25622,.,13.7425427,-15.7778487,2018,.
25623,.,13.1463767,-13.7671119,2018,.
25624,.,13.7286623,-16.2212995,2018,.
25625,.,13.70502846,-15.8097208,2018,.
25626,.,13.9162518,-15.6703297,2018,.
25627,.,12.8641536,-14.2890067,2018,.
25628,.,12.87101448,-15.60548323,2018,.
25629,.,15.1214378,-12.7425628,2018,.
25630,.,13.0407014,-14.4585138,2018,.
25631,.,13.9858149,-16.2562793,2018,.
25632,.,15.1214378,-12.7425628,2018,.
25633,.,12.9052279,-14.4667865,2018,.
25634,.,13.749039,-15.53420993,2018,.
25635,.,13.749039,-15.53420993,2018,.
25636,.,14.8643169,-16.1441715,2018,.
25637,.,14.0321987,-15.72573744,2018,.
25638,.,12.5423902,-12.2191362,2018,.
25639,.,14.9072764,-12.4565745,2018,.
25640,.,13.0407014,-14.4585138,2018,.
25641,.,14.3804947,-16.328893,2018,.
25642,.,13.1463767,-13.7671119,2018,.
25643,.,14.005099,-15.4394767,2018,.
25644,.,14.1399248,-16.0782198,2018,.
25645,.,12.6975231,-13.7452108,2018,.
25646,.,14.1399248,-16.0782198,2018,.
25647,.,14.0051219,-14.7243575,2018,.
25648,.,13.86500992,-16.24152516,2018,.
25649,.,16.51613043,-14.50108602,2018,.
25650,.,13.7966706,-15.8596192,2018,.
25651,.,13.27598958,-15.09881438,2018,.
25652,.,14.005099,-15.4394767,2018,.
25653,.,14.2729153,-15.9459991,2018,.
25654,.,14.1399248,-16.0782198,2018,.
25655,.,13.8303679,-15.4076653,2018,.
25656,.,14.3013558,-14.4350638,2018,.
25657,.,13.93427358,-15.20878768,2018,.
25658,.,13.79251139,-15.47537065,2018,.
25659,.,13.7165313,-16.1267116,2018,.
25660,.,12.70713974,-15.55800589,2018,.
25661,.,13.1463767,-13.7671119,2018,.
25662,.,13.14603758,-15.53756973,2018,.
25663,.,13.6333183,-13.5352024,2018,.
25664,.,14.2729153,-15.9459991,2018,.
25665,.,14.1389984,-16.0781366,2018,.
25666,.,13.0102098,-13.9996301,2018,.
25667,.,14.9072764,-12.4565745,2018,.
25668,.,13.8606068,-15.3207968,2018,.
25669,.,13.6573608,-14.2550942,2018,.
25670,.,14.39998973,-15.98574771,2018,.
25671,.,12.73554602,-14.20123103,2018,.
25672,.,12.7939151,-14.8475167,2018,.
25673,.,12.9137257,-14.1324281,2018,.
25674,.,13.828321,-15.9949061,2018,.
25675,.,12.8641536,-14.2890067,2018,.
25676,.,12.7939151,-14.8475167,2018,.
25677,.,12.9052279,-14.4667865,2018,.
25678,.,13.70502846,-15.8097208,2018,.
25679,.,13.2668865,-14.5460588,2018,.
25680,.,13.81357868,-15.40492583,2018,.
25681,.,14.0955608,-15.5518991,2018,.
25682,.,13.93031842,-16.33525744,2018,.
25683,.,14.02940644,-15.90763244,2018,.
25684,.,13.3515496,-13.344654,2018,.
25685,.,13.44530267,-15.13293807,2018,.
25686,.,13.8170328,-14.4385933,2018,.
25687,.,13.6333183,-13.5352024,2018,.
25688,.,13.86500992,-16.24152516,2018,.
25689,.,12.7939151,-14.8475167,2018,.
25690,.,13.86500992,-16.24152516,2018,.
25691,.,13.6573608,-14.2550942,2018,.
25692,.,13.9504311,-15.7488766,2018,.
25693,.,13.7966706,-15.8596192,2018,.
25694,.,13.0407014,-14.4585138,2018,.
25695,.,14.8643169,-16.1441715,2018,.
25696,.,14.53206326,-14.60025993,2018,.
25697,.,13.79507854,-16.16608365,2018,.
25698,.,14.08846018,-16.05955093,2018,.
25699,.,13.0615589,-15.63560471,2018,.
25700,.,12.9052279,-14.4667865,2018,.
25701,.,13.87010649,-15.80808136,2018,.
25702,.,14.1748756,-15.4965241,2018,.
25703,.,12.80486405,-14.03326308,2018,.
25704,.,14.1042917,-15.5458999,2018,.
25705,.,13.0407014,-14.4585138,2018,.
25706,.,13.9858149,-16.2562793,2018,.
25707,.,13.9858149,-16.2562793,2018,.
25708,.,15.1214378,-12.7425628,2018,.
25709,.,12.7858986,-14.7958222,2018,.
25710,.,14.005099,-15.4394767,2018,.
25711,.,13.6573608,-14.2550942,2018,.
25712,.,13.6698979,-15.9388521,2018,.
25713,.,13.91704762,-14.8664711,2018,.
25714,.,13.44530267,-15.13293807,2018,.
25715,.,13.6698979,-15.9388521,2018,.
25716,.,13.93031842,-16.33525744,2018,.
25717,.,12.8811606,-14.9399391,2018,.
25718,.,13.86500992,-16.24152516,2018,.
25719,.,16.10176936,-13.69893977,2018,.
25720,.,13.7966706,-15.8596192,2018,.
25721,.,14.9072764,-12.4565745,2018,.
25722,.,13.7720519,-13.7087932,2018,.
25723,.,14.3013558,-14.4350638,2018,.
25724,.,13.749039,-15.53420993,2018,.
25725,.,13.81357868,-15.40492583,2018,.
25726,.,12.8641536,-14.2890067,2018,.
25727,.,13.70502846,-15.8097208,2018,.
25728,.,13.7966706,-15.8596192,2018,.
25729,.,14.2729153,-15.9459991,2018,.
25730,.,13.19500605,-15.64007765,2018,.
25731,.,13.6333183,-13.5352024,2018,.
25732,.,13.9504311,-15.7488766,2018,.
25733,.,16.10176936,-13.69893977,2018,.
25734,.,13.8170328,-14.4385933,2018,.
25735,.,13.79507854,-16.16608365,2018,.
25736,.,12.8641536,-14.2890067,2018,.
25737,.,14.02940644,-15.90763244,2018,.
25738,.,14.02940644,-15.90763244,2018,.
25739,.,13.9162518,-15.6703297,2018,.
25740,.,13.93031842,-16.33525744,2018,.
26793,.,13.2482721,-10.51174536,2018,.
26794,.,13.26397963,-9.27823211,2018,.
26795,.,13.26397963,-9.27823211,2018,.
26796,.,12.94678001,-11.2024171,2018,.
26797,.,12.94678001,-11.2024171,2018,.
26798,.,12.94678001,-11.2024171,2018,.
26799,.,12.94678001,-11.2024171,2018,.
26800,.,12.82564748,-8.88820996,2018,.
26801,.,12.82564748,-8.88820996,2018,.
26802,.,12.35151863,-10.1165315,2018,.
26803,.,12.35151863,-10.1165315,2018,.
26804,.,12.35151863,-10.1165315,2018,.
26805,.,12.61824649,-8.92071824,2018,.
26806,.,12.61824649,-8.92071824,2018,.
26807,.,12.61824649,-8.92071824,2018,.
26808,.,13.23142232,-9.8678322,2018,.
26809,.,13.23142232,-9.8678322,2018,.
26810,.,13.23142232,-9.8678322,2018,.
26811,.,13.01083737,-8.21521364,2018,.
26812,.,12.6579132,-7.9714146,2018,.
26813,.,11.75625309,-5.3015688,2018,.
26814,.,11.36759626,-5.59634642,2018,.
26815,.,11.36759626,-5.59634642,2018,.
26816,.,11.42137794,-7.49031172,2018,.
26817,.,12.44862417,-5.04108356,2018,.
26818,.,12.11885563,-5.39393679,2018,.
26819,.,12.39130033,-5.30262293,2018,.
26820,.,12.54743021,-4.79062954,2018,.
26821,.,12.69444061,-4.61058056,2018,.
26822,.,12.95204966,-5.9200016,2018,.
26823,.,12.64680931,-8.0240637,2018,.
26824,.,14.30856954,-10.01444928,2018,.
26825,.,14.20102068,-10.43389618,2018,.
26826,.,14.20102068,-10.43389618,2018,.
26827,.,14.20102068,-10.43389618,2018,.
26828,.,14.20102068,-10.43389618,2018,.
26829,.,12.30205054,-7.56700375,2018,.
26830,.,12.75022107,-8.09015892,2018,.
26831,.,12.75802693,-8.06092162,2018,.
26832,.,12.75802693,-8.06092162,2018,.
26833,.,13.60353946,-7.95799818,2018,.
26834,.,11.56252106,-6.31403079,2018,.
26835,.,11.56252106,-6.31403079,2018,.
26836,.,11.56252106,-6.31403079,2018,.
26837,.,11.68758811,-5.66614889,2018,.
26838,.,11.68758811,-5.66614889,2018,.
26839,.,11.68758811,-5.66614889,2018,.
26840,.,11.38547239,-5.67275243,2018,.
26841,.,11.38547239,-5.67275243,2018,.
26842,.,11.38547239,-5.67275243,2018,.
26843,.,12.87530122,-5.98306717,2018,.
26844,.,12.87530122,-5.98306717,2018,.
26845,.,13.91036194,-4.65319039,2018,.
26846,.,10.55537208,-5.7663104,2018,.
26847,.,14.52906023,-11.14887695,2018,.
26848,.,14.5436389,-10.88869406,2018,.
26849,.,13.7589192,-4.81399816,2018,.
26850,.,14.66235019,-12.16478568,2018,.
26851,.,14.66235019,-12.16478568,2018,.
26852,.,14.55865326,-11.29923523,2018,.
26853,.,14.54641044,-11.60685428,2018,.
26854,.,14.54641044,-11.60685428,2018,.
26855,.,14.54641044,-11.60685428,2018,.
26856,.,14.54641044,-11.60685428,2018,.
26857,.,14.54641044,-11.60685428,2018,.
26858,.,14.54641044,-11.60685428,2018,.
26859,.,14.56713765,-11.05191224,2018,.
26860,.,14.99263237,-11.7948005,2018,.
26861,.,14.63164285,-11.91898789,2018,.
26862,.,14.992619,-11.79474903,2018,.
26863,.,14.992619,-11.79474903,2018,.
26864,.,14.992619,-11.79474903,2018,.
26865,.,14.992619,-11.79474903,2018,.
26866,.,13.2482721,-10.51174536,2018,.
26867,.,13.2482721,-10.51174536,2018,.
26868,.,13.75393272,-10.84879868,2018,.
26869,.,13.75393272,-10.84879868,2018,.
26870,.,13.69545419,-10.3680794,2018,.
26871,.,13.69545419,-10.3680794,2018,.
26872,.,13.69545419,-10.3680794,2018,.
26873,.,14.94021689,-9.12212798,2018,.
26874,.,14.60033623,-10.34492405,2018,.
26875,.,12.94678001,-11.2024171,2018,.
26876,.,12.82564748,-8.88820996,2018,.
26877,.,12.56500135,-7.91209663,2018,.
26878,.,10.9030942,-5.85935434,2018,.
26879,.,11.0235716,-7.11460777,2018,.
26880,.,11.42137794,-7.49031172,2018,.
26881,.,12.39130033,-5.30262293,2018,.
26882,.,11.09563186,-6.89688911,2018,.
26883,.,12.10077674,-4.88714632,2018,.
26884,.,12.84607965,-6.60611678,2018,.
26885,.,12.96564418,-5.54705059,2018,.
26886,.,12.88658206,-5.03015452,2018,.
26887,.,12.63559357,-8.03816451,2018,.
26888,.,12.63559357,-8.03816451,2018,.
26889,.,14.51153159,-12.21360203,2018,.
26890,.,14.51153159,-12.21360203,2018,.
26891,.,14.39444332,-11.54922007,2018,.
26892,.,14.52906023,-11.14887695,2018,.
26893,.,14.52906023,-11.14887695,2018,.
26894,.,14.52906023,-11.14887695,2018,.
26895,.,14.5436389,-10.88869406,2018,.
26896,.,14.5436389,-10.88869406,2018,.
26897,.,14.5436389,-10.88869406,2018,.
26898,.,14.5436389,-10.88869406,2018,.
26899,.,14.5436389,-10.88869406,2018,.
26900,.,14.22720637,-11.24426819,2018,.
26901,.,13.32989304,-10.78132054,2018,.
26902,.,13.32989304,-10.78132054,2018,.
26903,.,13.32989304,-10.78132054,2018,.
26904,.,14.30856954,-10.01444928,2018,.
26905,.,14.30856954,-10.01444928,2018,.
26906,.,14.20102068,-10.43389618,2018,.
26907,.,14.20102068,-10.43389618,2018,.
26908,.,14.20102068,-10.43389618,2018,.
26909,.,14.20102068,-10.43389618,2018,.
26910,.,12.946822,-11.20247565,2018,.
26911,.,12.82812883,-11.06426405,2018,.
26912,.,15.12691811,-10.72590069,2018,.
26913,.,13.29865543,-7.50605843,2018,.
26914,.,13.29865543,-7.50605843,2018,.
26915,.,12.72065494,-8.06131685,2018,.
26916,.,13.62120786,-8.39270657,2018,.
26917,.,13.62120786,-8.39270657,2018,.
26918,.,13.62120786,-8.39270657,2018,.
26919,.,13.62120786,-8.39270657,2018,.
26920,.,13.60353946,-7.95799818,2018,.
26921,.,11.78708586,-7.55203883,2018,.
26922,.,12.13656862,-4.62692939,2018,.
26923,.,12.13656862,-4.62692939,2018,.
26924,.,13.23578474,-6.58537356,2018,.
26925,.,13.17256703,-6.25888585,2018,.
26926,.,12.62245774,-7.95249502,2018,.
26927,.,15.91640045,2.40323863,2018,.
26928,.,14.66235019,-12.16478568,2018,.
26929,.,14.66235019,-12.16478568,2018,.
26930,.,14.66235019,-12.16478568,2018,.
26931,.,14.55865326,-11.29923523,2018,.
26932,.,14.55865326,-11.29923523,2018,.
26933,.,14.55865326,-11.29923523,2018,.
26934,.,14.55865326,-11.29923523,2018,.
26935,.,14.55865326,-11.29923523,2018,.
26936,.,14.54641044,-11.60685428,2018,.
26937,.,14.56713765,-11.05191224,2018,.
26938,.,14.56713765,-11.05191224,2018,.
26939,.,14.63164285,-11.91898789,2018,.
26940,.,14.63164285,-11.91898789,2018,.
26941,.,14.63164285,-11.91898789,2018,.
26942,.,14.63164285,-11.91898789,2018,.
26943,.,14.63164285,-11.91898789,2018,.
26944,.,14.63164285,-11.91898789,2018,.
26945,.,14.59706805,-8.87165177,2018,.
26946,.,14.59706805,-8.87165177,2018,.
26947,.,14.94021689,-9.12212798,2018,.
26948,.,14.60033623,-10.34492405,2018,.
26949,.,13.26397963,-9.27823211,2018,.
26950,.,13.26397963,-9.27823211,2018,.
26951,.,13.26397963,-9.27823211,2018,.
26952,.,13.26397963,-9.27823211,2018,.
26953,.,12.82564748,-8.88820996,2018,.
26954,.,12.82564748,-8.88820996,2018,.
26955,.,12.82564748,-8.88820996,2018,.
26956,.,12.82564748,-8.88820996,2018,.
26957,.,12.35151863,-10.1165315,2018,.
26958,.,12.35151863,-10.1165315,2018,.
26959,.,12.35151863,-10.1165315,2018,.
26960,.,12.35151863,-10.1165315,2018,.
26961,.,12.35151863,-10.1165315,2018,.
26962,.,12.35151863,-10.1165315,2018,.
26963,.,12.35151863,-10.1165315,2018,.
26964,.,12.61824649,-8.92071824,2018,.
26965,.,12.61824649,-8.92071824,2018,.
26966,.,12.61824649,-8.92071824,2018,.
26967,.,12.61824649,-8.92071824,2018,.
26968,.,12.61824649,-8.92071824,2018,.
26969,.,12.61824649,-8.92071824,2018,.
26970,.,13.23142232,-9.8678322,2018,.
26971,.,13.23142232,-9.8678322,2018,.
26972,.,13.23142232,-9.8678322,2018,.
26973,.,13.23142232,-9.8678322,2018,.
26974,.,13.23142232,-9.8678322,2018,.
26975,.,13.04348536,-9.47494539,2018,.
26976,.,13.04348536,-9.47494539,2018,.
26977,.,15.21830631,-9.88881624,2018,.
26978,.,15.21830631,-9.88881624,2018,.
26979,.,14.97978064,-9.0560663,2018,.
26980,.,14.97978064,-9.0560663,2018,.
26981,.,14.97978064,-9.0560663,2018,.
26982,.,14.97978064,-9.0560663,2018,.
26983,.,15.02910317,-10.89263872,2018,.
26984,.,15.02910317,-10.89263872,2018,.
26985,.,15.02910317,-10.89263872,2018,.
26986,.,15.02910317,-10.89263872,2018,.
26987,.,13.0338391,-7.17128336,2018,.
26988,.,13.19159298,-7.31010925,2018,.
26989,.,13.19159298,-7.31010925,2018,.
26990,.,13.19159298,-7.31010925,2018,.
26991,.,11.90946847,-8.5647725,2018,.
26992,.,11.90946847,-8.5647725,2018,.
26993,.,11.90946847,-8.5647725,2018,.
26994,.,11.90946847,-8.5647725,2018,.
26995,.,11.90946847,-8.5647725,2018,.
26996,.,11.90946847,-8.5647725,2018,.
26997,.,11.90946847,-8.5647725,2018,.
26998,.,11.90946847,-8.5647725,2018,.
26999,.,11.90946847,-8.5647725,2018,.
27000,.,11.90946847,-8.5647725,2018,.
27001,.,11.90946847,-8.5647725,2018,.
27002,.,11.90946847,-8.5647725,2018,.
27003,.,11.7225435,-6.52228222,2018,.
27004,.,11.7225435,-6.52228222,2018,.
27005,.,11.7225435,-6.52228222,2018,.
27006,.,11.7225435,-6.52228222,2018,.
27007,.,11.7225435,-6.52228222,2018,.
27008,.,11.7225435,-6.52228222,2018,.
27009,.,11.7225435,-6.52228222,2018,.
27010,.,11.7225435,-6.52228222,2018,.
27011,.,11.7225435,-6.52228222,2018,.
27012,.,12.17583999,-6.7150926,2018,.
27013,.,12.17583999,-6.7150926,2018,.
27014,.,12.17583999,-6.7150926,2018,.
27015,.,12.17583999,-6.7150926,2018,.
27016,.,12.17583999,-6.7150926,2018,.
27017,.,12.17583999,-6.7150926,2018,.
27018,.,12.81896669,-7.06507505,2018,.
27019,.,12.81896669,-7.06507505,2018,.
27020,.,12.81896669,-7.06507505,2018,.
27021,.,12.81896669,-7.06507505,2018,.
27022,.,12.81896669,-7.06507505,2018,.
27023,.,12.81896669,-7.06507505,2018,.
27024,.,12.95863896,-8.06877012,2018,.
27025,.,12.95863896,-8.06877012,2018,.
27026,.,12.95863896,-8.06877012,2018,.
27027,.,12.95863896,-8.06877012,2018,.
27028,.,13.01083737,-8.21521364,2018,.
27029,.,13.01083737,-8.21521364,2018,.
27030,.,13.01083737,-8.21521364,2018,.
27031,.,13.01083737,-8.21521364,2018,.
27032,.,13.01083737,-8.21521364,2018,.
27033,.,12.61172783,-7.77524382,2018,.
27034,.,12.21518111,-7.98565713,2018,.
27035,.,12.21518111,-7.98565713,2018,.
27036,.,12.21518111,-7.98565713,2018,.
27037,.,12.21518111,-7.98565713,2018,.
27038,.,12.21518111,-7.98565713,2018,.
27039,.,12.21518111,-7.98565713,2018,.
27040,.,12.21518111,-7.98565713,2018,.
27041,.,12.21518111,-7.98565713,2018,.
27042,.,12.21518111,-7.98565713,2018,.
27043,.,13.29141986,-7.95106625,2018,.
27044,.,11.75625309,-5.3015688,2018,.
27045,.,11.79727385,-5.7771611,2018,.
27046,.,11.79727385,-5.7771611,2018,.
27047,.,11.79727385,-5.7771611,2018,.
27048,.,11.79727385,-5.7771611,2018,.
27049,.,11.79727385,-5.7771611,2018,.
27050,.,11.11018166,-6.3011384,2018,.
27051,.,11.50644737,-5.56800569,2018,.
27052,.,11.50644737,-5.56800569,2018,.
27053,.,11.50644737,-5.56800569,2018,.
27054,.,11.50644737,-5.56800569,2018,.
27055,.,11.50644737,-5.56800569,2018,.
27056,.,11.50644737,-5.56800569,2018,.
27057,.,10.9030942,-5.85935434,2018,.
27058,.,11.38833832,-5.65552955,2018,.
27059,.,11.38833832,-5.65552955,2018,.
27060,.,11.36759626,-5.59634642,2018,.
27061,.,11.36759626,-5.59634642,2018,.
27062,.,11.36759626,-5.59634642,2018,.
27063,.,11.36759626,-5.59634642,2018,.
27064,.,11.32283369,-5.69401543,2018,.
27065,.,11.94303625,-7.4932635,2018,.
27066,.,11.52251536,-7.61707947,2018,.
27067,.,11.52251536,-7.61707947,2018,.
27068,.,11.0235716,-7.11460777,2018,.
27069,.,11.0235716,-7.11460777,2018,.
27070,.,11.0235716,-7.11460777,2018,.
27071,.,11.0235716,-7.11460777,2018,.
27072,.,11.0235716,-7.11460777,2018,.
27073,.,11.0235716,-7.11460777,2018,.
27074,.,11.0235716,-7.11460777,2018,.
27075,.,11.0235716,-7.11460777,2018,.
27076,.,11.0235716,-7.11460777,2018,.
27077,.,11.0235716,-7.11460777,2018,.
27078,.,11.0235716,-7.11460777,2018,.
27079,.,11.13861648,-7.39108245,2018,.
27080,.,11.79907854,-7.69904319,2018,.
27081,.,10.55537208,-5.7663104,2018,.
27082,.,10.55537208,-5.7663104,2018,.
27083,.,11.42137794,-7.49031172,2018,.
27084,.,11.42137794,-7.49031172,2018,.
27085,.,12.44862417,-5.04108356,2018,.
27086,.,12.44862417,-5.04108356,2018,.
27087,.,12.11885563,-5.39393679,2018,.
27088,.,12.11885563,-5.39393679,2018,.
27089,.,12.11885563,-5.39393679,2018,.
27090,.,12.11885563,-5.39393679,2018,.
27091,.,12.11885563,-5.39393679,2018,.
27092,.,12.11885563,-5.39393679,2018,.
27093,.,12.11885563,-5.39393679,2018,.
27094,.,12.11885563,-5.39393679,2018,.
27095,.,12.39130033,-5.30262293,2018,.
27096,.,12.39130033,-5.30262293,2018,.
27097,.,12.39130033,-5.30262293,2018,.
27098,.,12.39130033,-5.30262293,2018,.
27099,.,11.08880889,-6.89254009,2018,.
27100,.,11.09563186,-6.89688911,2018,.
27101,.,12.39094867,-5.46843487,2018,.
27102,.,12.39094867,-5.46843487,2018,.
27103,.,12.54743021,-4.79062954,2018,.
27104,.,12.54743021,-4.79062954,2018,.
27105,.,11.18169887,-8.15408364,2018,.
27106,.,12.22151275,-4.96362681,2018,.
27107,.,12.10077674,-4.88714632,2018,.
27108,.,12.10077674,-4.88714632,2018,.
27109,.,12.10077674,-4.88714632,2018,.
27110,.,12.10077674,-4.88714632,2018,.
27111,.,12.10810088,-5.01843333,2018,.
27112,.,12.10810088,-5.01843333,2018,.
27113,.,12.10810088,-5.01843333,2018,.
27114,.,12.10810088,-5.01843333,2018,.
27115,.,13.39984763,-5.726269,2018,.
27116,.,13.49577039,-5.80326942,2018,.
27117,.,12.95204966,-5.9200016,2018,.
27118,.,12.95204966,-5.9200016,2018,.
27119,.,12.95204966,-5.9200016,2018,.
27120,.,12.95204966,-5.9200016,2018,.
27121,.,12.95204966,-5.9200016,2018,.
27122,.,12.95204966,-5.9200016,2018,.
27123,.,12.95204966,-5.9200016,2018,.
27124,.,12.95204966,-5.9200016,2018,.
27125,.,12.95204966,-5.9200016,2018,.
27126,.,12.84607965,-6.60611678,2018,.
27127,.,12.84607965,-6.60611678,2018,.
27128,.,12.84607965,-6.60611678,2018,.
27129,.,12.84607965,-6.60611678,2018,.
27130,.,12.84607965,-6.60611678,2018,.
27131,.,12.84607965,-6.60611678,2018,.
27132,.,12.84607965,-6.60611678,2018,.
27133,.,12.84607965,-6.60611678,2018,.
27134,.,12.96564418,-5.54705059,2018,.
27135,.,12.96564418,-5.54705059,2018,.
27136,.,12.96564418,-5.54705059,2018,.
27137,.,13.07322168,-5.89319615,2018,.
27138,.,13.07322168,-5.89319615,2018,.
27139,.,13.07322168,-5.89319615,2018,.
27140,.,13.07322168,-5.89319615,2018,.
27141,.,13.07322168,-5.89319615,2018,.
27142,.,13.07322168,-5.89319615,2018,.
27143,.,13.07322168,-5.89319615,2018,.
27144,.,12.9569796,-5.75960552,2018,.
27145,.,13.0219515,-5.35335502,2018,.
27146,.,13.0219515,-5.35335502,2018,.
27147,.,13.0219515,-5.35335502,2018,.
27148,.,13.0219515,-5.35335502,2018,.
27149,.,13.0219515,-5.35335502,2018,.
27150,.,13.0219515,-5.35335502,2018,.
27151,.,13.0633579,-5.41538535,2018,.
27152,.,13.0633579,-5.41538535,2018,.
27153,.,13.0633579,-5.41538535,2018,.
27154,.,13.0633579,-5.41538535,2018,.
27155,.,13.0633579,-5.41538535,2018,.
27156,.,13.0633579,-5.41538535,2018,.
27157,.,13.0633579,-5.41538535,2018,.
27158,.,13.0633579,-5.41538535,2018,.
27159,.,13.04830961,-5.11320204,2018,.
27160,.,13.30765808,-4.89883673,2018,.
27161,.,12.64985273,-8.01575851,2018,.
27162,.,12.64985273,-8.01575851,2018,.
27163,.,12.62151642,-7.95724909,2018,.
27164,.,14.51153159,-12.21360203,2018,.
27165,.,14.51153159,-12.21360203,2018,.
27166,.,14.51153159,-12.21360203,2018,.
27167,.,15.10548313,-11.82999374,2018,.
27168,.,15.10548313,-11.82999374,2018,.
27169,.,14.52906023,-11.14887695,2018,.
27170,.,14.52906023,-11.14887695,2018,.
27171,.,14.52906023,-11.14887695,2018,.
27172,.,14.22720637,-11.24426819,2018,.
27173,.,13.78174352,-10.76993113,2018,.
27174,.,13.78174352,-10.76993113,2018,.
27175,.,13.78174352,-10.76993113,2018,.
27176,.,13.78174352,-10.76993113,2018,.
27177,.,13.78174352,-10.76993113,2018,.
27178,.,13.78174352,-10.76993113,2018,.
27179,.,13.78174352,-10.76993113,2018,.
27180,.,13.78174352,-10.76993113,2018,.
27181,.,13.78174352,-10.76993113,2018,.
27182,.,13.78174352,-10.76993113,2018,.
27183,.,14.30856954,-10.01444928,2018,.
27184,.,14.20102068,-10.43389618,2018,.
27185,.,14.20102068,-10.43389618,2018,.
27186,.,14.20102068,-10.43389618,2018,.
27187,.,14.32578541,-9.53240508,2018,.
27188,.,12.946822,-11.20247565,2018,.
27189,.,12.946822,-11.20247565,2018,.
27190,.,12.82812883,-11.06426405,2018,.
27191,.,12.82812883,-11.06426405,2018,.
27192,.,12.77701771,-9.67202763,2018,.
27193,.,12.77701771,-9.67202763,2018,.
27194,.,12.77701771,-9.67202763,2018,.
27195,.,12.77701771,-9.67202763,2018,.
27196,.,12.77701771,-9.67202763,2018,.
27197,.,12.77701771,-9.67202763,2018,.
27198,.,12.77701771,-9.67202763,2018,.
27199,.,12.77701771,-9.67202763,2018,.
27200,.,13.45439696,-8.76047558,2018,.
27201,.,13.45439696,-8.76047558,2018,.
27202,.,13.45439696,-8.76047558,2018,.
27203,.,13.45439696,-8.76047558,2018,.
27204,.,13.45439696,-8.76047558,2018,.
27205,.,13.45439696,-8.76047558,2018,.
27206,.,13.45439696,-8.76047558,2018,.
27207,.,13.45439696,-8.76047558,2018,.
27208,.,13.45439696,-8.76047558,2018,.
27209,.,13.86330008,-9.57509693,2018,.
27210,.,13.86330008,-9.57509693,2018,.
27211,.,13.86330008,-9.57509693,2018,.
27212,.,13.86330008,-9.57509693,2018,.
27213,.,13.86330008,-9.57509693,2018,.
27214,.,13.86330008,-9.57509693,2018,.
27215,.,13.11619966,-10.04493143,2018,.
27216,.,13.11619966,-10.04493143,2018,.
27217,.,13.11619966,-10.04493143,2018,.
27218,.,13.11619966,-10.04493143,2018,.
27219,.,13.11619966,-10.04493143,2018,.
27220,.,13.11619966,-10.04493143,2018,.
27221,.,13.11619966,-10.04493143,2018,.
27222,.,12.51201308,-9.1219873,2018,.
27223,.,12.51201308,-9.1219873,2018,.
27224,.,12.51201308,-9.1219873,2018,.
27225,.,12.51201308,-9.1219873,2018,.
27226,.,12.51201308,-9.1219873,2018,.
27227,.,15.12691811,-10.72590069,2018,.
27228,.,15.12691811,-10.72590069,2018,.
27229,.,15.12691811,-10.72590069,2018,.
27230,.,15.12691811,-10.72590069,2018,.
27231,.,15.12691811,-10.72590069,2018,.
27232,.,12.96693058,-7.60704438,2018,.
27233,.,12.96693058,-7.60704438,2018,.
27234,.,12.96693058,-7.60704438,2018,.
27235,.,12.96693058,-7.60704438,2018,.
27236,.,12.96693058,-7.60704438,2018,.
27237,.,13.37719101,-7.60302836,2018,.
27238,.,13.37719101,-7.60302836,2018,.
27239,.,14.09942057,-7.66988587,2018,.
27240,.,12.77274237,-6.96738381,2018,.
27241,.,12.77274237,-6.96738381,2018,.
27242,.,12.77274237,-6.96738381,2018,.
27243,.,12.48699128,-6.80301243,2018,.
27244,.,12.48699128,-6.80301243,2018,.
27245,.,12.48699128,-6.80301243,2018,.
27246,.,12.80431598,-7.23526928,2018,.
27247,.,12.80431598,-7.23526928,2018,.
27248,.,12.80431598,-7.23526928,2018,.
27249,.,12.80431598,-7.23526928,2018,.
27250,.,12.80431598,-7.23526928,2018,.
27251,.,12.80431598,-7.23526928,2018,.
27252,.,12.80431598,-7.23526928,2018,.
27253,.,12.30514576,-6.85115232,2018,.
27254,.,12.30514576,-6.85115232,2018,.
27255,.,12.30514576,-6.85115232,2018,.
27256,.,12.30514576,-6.85115232,2018,.
27257,.,12.30514576,-6.85115232,2018,.
27258,.,12.20362807,-8.70592003,2018,.
27259,.,12.20362807,-8.70592003,2018,.
27260,.,12.20362807,-8.70592003,2018,.
27261,.,12.20362807,-8.70592003,2018,.
27262,.,12.20362807,-8.70592003,2018,.
27263,.,12.20362807,-8.70592003,2018,.
27264,.,12.20362807,-8.70592003,2018,.
27265,.,12.20362807,-8.70592003,2018,.
27266,.,12.20362807,-8.70592003,2018,.
27267,.,11.83369312,-8.55519981,2018,.
27268,.,11.83369312,-8.55519981,2018,.
27269,.,11.83369312,-8.55519981,2018,.
27270,.,11.83369312,-8.55519981,2018,.
27271,.,11.83369312,-8.55519981,2018,.
27272,.,11.83369312,-8.55519981,2018,.
27273,.,11.83369312,-8.55519981,2018,.
27274,.,12.70162468,-8.10780682,2018,.
27275,.,12.70162468,-8.10780682,2018,.
27276,.,12.70162468,-8.10780682,2018,.
27277,.,12.70162468,-8.10780682,2018,.
27278,.,12.70162468,-8.10780682,2018,.
27279,.,12.70162468,-8.10780682,2018,.
27280,.,12.70162468,-8.10780682,2018,.
27281,.,12.70162468,-8.10780682,2018,.
27282,.,12.70162468,-8.10780682,2018,.
27283,.,12.70162468,-8.10780682,2018,.
27284,.,12.64803642,-7.85080509,2018,.
27285,.,12.30205054,-7.56700375,2018,.
27286,.,13.62120786,-8.39270657,2018,.
27287,.,13.62120786,-8.39270657,2018,.
27288,.,13.03601847,-7.8595492,2018,.
27289,.,13.03601847,-7.8595492,2018,.
27290,.,13.60353946,-7.95799818,2018,.
27291,.,13.60353946,-7.95799818,2018,.
27292,.,11.1963814,-5.69481474,2018,.
27293,.,11.1963814,-5.69481474,2018,.
27294,.,11.1963814,-5.69481474,2018,.
27295,.,11.1963814,-5.69481474,2018,.
27296,.,12.01867021,-6.00728886,2018,.
27297,.,12.01867021,-6.00728886,2018,.
27298,.,11.56252106,-6.31403079,2018,.
27299,.,11.56252106,-6.31403079,2018,.
27300,.,11.56252106,-6.31403079,2018,.
27301,.,11.68758811,-5.66614889,2018,.
27302,.,11.68758811,-5.66614889,2018,.
27303,.,11.68758811,-5.66614889,2018,.
27304,.,11.68758811,-5.66614889,2018,.
27305,.,11.31680595,-6.45583114,2018,.
27306,.,11.31680595,-6.45583114,2018,.
27307,.,11.31680595,-6.45583114,2018,.
27308,.,11.31680595,-6.45583114,2018,.
27309,.,11.31680595,-6.45583114,2018,.
27310,.,11.31680595,-6.45583114,2018,.
27311,.,11.34533003,-5.6622029,2018,.
27312,.,11.27175004,-5.64199802,2018,.
27313,.,11.27175004,-5.64199802,2018,.
27314,.,11.27175004,-5.64199802,2018,.
27315,.,11.78708586,-7.55203883,2018,.
27316,.,11.78708586,-7.55203883,2018,.
27317,.,11.78708586,-7.55203883,2018,.
27318,.,11.78708586,-7.55203883,2018,.
27319,.,11.78708586,-7.55203883,2018,.
27320,.,11.78708586,-7.55203883,2018,.
27321,.,11.78708586,-7.55203883,2018,.
27322,.,11.78708586,-7.55203883,2018,.
27323,.,11.78708586,-7.55203883,2018,.
27324,.,11.78708586,-7.55203883,2018,.
27325,.,11.78708586,-7.55203883,2018,.
27326,.,11.36578472,-7.58191495,2018,.
27327,.,11.36578472,-7.58191495,2018,.
27328,.,11.36578472,-7.58191495,2018,.
27329,.,11.36578472,-7.58191495,2018,.
27330,.,11.36578472,-7.58191495,2018,.
27331,.,11.36578472,-7.58191495,2018,.
27332,.,11.36578472,-7.58191495,2018,.
27333,.,11.36578472,-7.58191495,2018,.
27334,.,11.36578472,-7.58191495,2018,.
27335,.,11.36578472,-7.58191495,2018,.
27336,.,11.36578472,-7.58191495,2018,.
27337,.,11.36578472,-7.58191495,2018,.
27338,.,11.36578472,-7.58191495,2018,.
27339,.,11.08874277,-7.33091947,2018,.
27340,.,11.08874277,-7.33091947,2018,.
27341,.,11.08874277,-7.33091947,2018,.
27342,.,11.08874277,-7.33091947,2018,.
27343,.,11.08874277,-7.33091947,2018,.
27344,.,11.08874277,-7.33091947,2018,.
27345,.,11.08874277,-7.33091947,2018,.
27346,.,11.08874277,-7.33091947,2018,.
27347,.,11.08874277,-7.33091947,2018,.
27348,.,11.08874277,-7.33091947,2018,.
27349,.,11.08874277,-7.33091947,2018,.
27350,.,11.08874277,-7.33091947,2018,.
27351,.,11.38547239,-5.67275243,2018,.
27352,.,11.41947164,-7.48421272,2018,.
27353,.,11.88073808,-7.3653976,2018,.
27354,.,11.88073808,-7.3653976,2018,.
27355,.,11.88073808,-7.3653976,2018,.
27356,.,11.88073808,-7.3653976,2018,.
27357,.,11.88073808,-7.3653976,2018,.
27358,.,11.88073808,-7.3653976,2018,.
27359,.,11.88073808,-7.3653976,2018,.
27360,.,11.88073808,-7.3653976,2018,.
27361,.,11.88073808,-7.3653976,2018,.
27362,.,11.88073808,-7.3653976,2018,.
27363,.,11.88073808,-7.3653976,2018,.
27364,.,11.88073808,-7.3653976,2018,.
27365,.,11.88073808,-7.3653976,2018,.
27366,.,11.88073808,-7.3653976,2018,.
27367,.,10.55734832,-5.75777052,2018,.
27368,.,11.79476879,-7.81597465,2018,.
27369,.,11.79476879,-7.81597465,2018,.
27370,.,11.79476879,-7.81597465,2018,.
27371,.,11.79476879,-7.81597465,2018,.
27372,.,11.79476879,-7.81597465,2018,.
27373,.,11.79476879,-7.81597465,2018,.
27374,.,11.79476879,-7.81597465,2018,.
27375,.,11.79476879,-7.81597465,2018,.
27376,.,11.79476879,-7.81597465,2018,.
27377,.,11.79476879,-7.81597465,2018,.
27378,.,10.78845567,-5.68300028,2018,.
27379,.,10.4584498,-7.44767706,2018,.
27380,.,10.4584498,-7.44767706,2018,.
27381,.,10.4584498,-7.44767706,2018,.
27382,.,10.4584498,-7.44767706,2018,.
27383,.,10.4584498,-7.44767706,2018,.
27384,.,10.4584498,-7.44767706,2018,.
27385,.,10.4584498,-7.44767706,2018,.
27386,.,10.4584498,-7.44767706,2018,.
27387,.,10.4584498,-7.44767706,2018,.
27388,.,11.1338711,-6.84111551,2018,.
27389,.,11.1338711,-6.84111551,2018,.
27390,.,11.1338711,-6.84111551,2018,.
27391,.,11.1338711,-6.84111551,2018,.
27392,.,11.1338711,-6.84111551,2018,.
27393,.,11.1338711,-6.84111551,2018,.
27394,.,11.1338711,-6.84111551,2018,.
27395,.,11.1338711,-6.84111551,2018,.
27396,.,10.58814493,-6.73513843,2018,.
27397,.,10.58814493,-6.73513843,2018,.
27398,.,10.58814493,-6.73513843,2018,.
27399,.,10.58814493,-6.73513843,2018,.
27400,.,10.58814493,-6.73513843,2018,.
27401,.,10.58814493,-6.73513843,2018,.
27402,.,10.58814493,-6.73513843,2018,.
27403,.,10.58814493,-6.73513843,2018,.
27404,.,12.30885287,-5.15783212,2018,.
27405,.,12.30885287,-5.15783212,2018,.
27406,.,12.30885287,-5.15783212,2018,.
27407,.,12.30885287,-5.15783212,2018,.
27408,.,11.34750188,-7.03870388,2018,.
27409,.,11.34750188,-7.03870388,2018,.
27410,.,11.34750188,-7.03870388,2018,.
27411,.,11.34750188,-7.03870388,2018,.
27412,.,11.34750188,-7.03870388,2018,.
27413,.,11.34750188,-7.03870388,2018,.
27414,.,11.34750188,-7.03870388,2018,.
27415,.,11.34750188,-7.03870388,2018,.
27416,.,11.34750188,-7.03870388,2018,.
27417,.,11.34750188,-7.03870388,2018,.
27418,.,11.13044383,-7.95199906,2018,.
27419,.,11.13044383,-7.95199906,2018,.
27420,.,11.13044383,-7.95199906,2018,.
27421,.,11.13044383,-7.95199906,2018,.
27422,.,11.13044383,-7.95199906,2018,.
27423,.,11.13044383,-7.95199906,2018,.
27424,.,11.13044383,-7.95199906,2018,.
27425,.,11.13044383,-7.95199906,2018,.
27426,.,11.13044383,-7.95199906,2018,.
27427,.,11.13044383,-7.95199906,2018,.
27428,.,11.13044383,-7.95199906,2018,.
27429,.,11.13044383,-7.95199906,2018,.
27430,.,12.48698652,-5.39935801,2018,.
27431,.,12.48698652,-5.39935801,2018,.
27432,.,12.48698652,-5.39935801,2018,.
27433,.,12.48698652,-5.39935801,2018,.
27434,.,11.2695239,-8.29132221,2018,.
27435,.,11.2695239,-8.29132221,2018,.
27436,.,11.2695239,-8.29132221,2018,.
27437,.,11.2695239,-8.29132221,2018,.
27438,.,11.2695239,-8.29132221,2018,.
27439,.,11.2695239,-8.29132221,2018,.
27440,.,11.2695239,-8.29132221,2018,.
27441,.,11.2695239,-8.29132221,2018,.
27442,.,11.2695239,-8.29132221,2018,.
27443,.,11.2695239,-8.29132221,2018,.
27444,.,11.2695239,-8.29132221,2018,.
27445,.,11.2695239,-8.29132221,2018,.
27446,.,11.2695239,-8.29132221,2018,.
27447,.,11.2695239,-8.29132221,2018,.
27448,.,11.17742095,-8.15421692,2018,.
27449,.,11.17742095,-8.15421692,2018,.
27450,.,12.6844669,-4.59348745,2018,.
27451,.,12.62667507,-5.57479485,2018,.
27452,.,12.62667507,-5.57479485,2018,.
27453,.,12.62667507,-5.57479485,2018,.
27454,.,12.62667507,-5.57479485,2018,.
27455,.,12.62667507,-5.57479485,2018,.
27456,.,12.60705649,-4.87150041,2018,.
27457,.,12.60705649,-4.87150041,2018,.
27458,.,12.02768713,-4.88486275,2018,.
27459,.,12.22924259,-4.87180736,2018,.
27460,.,12.22924259,-4.87180736,2018,.
27461,.,12.22924259,-4.87180736,2018,.
27462,.,12.22924259,-4.87180736,2018,.
27463,.,12.22924259,-4.87180736,2018,.
27464,.,12.22924259,-4.87180736,2018,.
27465,.,13.23578474,-6.58537356,2018,.
27466,.,13.38233847,-5.51593644,2018,.
27467,.,13.38233847,-5.51593644,2018,.
27468,.,13.57079363,-6.4965793,2018,.
27469,.,13.17256703,-6.25888585,2018,.
27470,.,13.17256703,-6.25888585,2018,.
27471,.,12.87530122,-5.98306717,2018,.
27472,.,12.87530122,-5.98306717,2018,.
27473,.,12.87530122,-5.98306717,2018,.
27474,.,12.87530122,-5.98306717,2018,.
27475,.,12.87530122,-5.98306717,2018,.
27476,.,12.87530122,-5.98306717,2018,.
27477,.,13.01751041,-6.92549882,2018,.
27478,.,13.01751041,-6.92549882,2018,.
27479,.,13.01751041,-6.92549882,2018,.
27480,.,13.01751041,-6.92549882,2018,.
27481,.,13.01751041,-6.92549882,2018,.
27482,.,13.01751041,-6.92549882,2018,.
27483,.,12.85511975,-5.4984863,2018,.
27484,.,12.85511975,-5.4984863,2018,.
27485,.,12.85511975,-5.4984863,2018,.
27486,.,12.85511975,-5.4984863,2018,.
27487,.,12.85511975,-5.4984863,2018,.
27488,.,12.85511975,-5.4984863,2018,.
27489,.,13.02195141,-5.35349145,2018,.
27490,.,13.02195141,-5.35349145,2018,.
27491,.,13.02195141,-5.35349145,2018,.
27492,.,13.02195141,-5.35349145,2018,.
27493,.,13.02195141,-5.35349145,2018,.
27494,.,13.02195141,-5.35349145,2018,.
27495,.,13.02195141,-5.35349145,2018,.
27496,.,13.02195141,-5.35349145,2018,.
27497,.,13.02195141,-5.35349145,2018,.
27498,.,13.02195141,-5.35349145,2018,.
27499,.,13.02195141,-5.35349145,2018,.
27500,.,12.99110019,-5.4500865,2018,.
27501,.,12.99110019,-5.4500865,2018,.
27502,.,12.99110019,-5.4500865,2018,.
27503,.,12.99110019,-5.4500865,2018,.
27504,.,12.99110019,-5.4500865,2018,.
27505,.,12.99110019,-5.4500865,2018,.
27506,.,13.15609783,-5.28875503,2018,.
27507,.,12.82220706,-4.93224425,2018,.
27508,.,12.82220706,-4.93224425,2018,.
27509,.,12.82220706,-4.93224425,2018,.
27510,.,13.06436458,-5.09870223,2018,.
27511,.,13.84879308,-4.24636115,2018,.
27512,.,13.91036194,-4.65319039,2018,.
27513,.,13.91036194,-4.65319039,2018,.
27514,.,13.80486906,-4.61079839,2018,.
27515,.,13.80486906,-4.61079839,2018,.
27516,.,13.80486906,-4.61079839,2018,.
27517,.,13.91800697,-4.45590475,2018,.
27518,.,13.7589192,-4.81399816,2018,.
27519,.,13.77306847,-4.4201331,2018,.
27520,.,13.77306847,-4.4201331,2018,.
27521,.,12.64687131,-8.0239839,2018,.
55866,.,12.20023524,-1.55570581,2018,.
55867,.,11.80410858,-0.36109314,2018,.
55868,.,11.21386018,-4.30261467,2018,.
55869,.,12.95886018,-2.2642019,2018,.
55870,.,11.83612826,-0.51476053,2018,.
55871,.,9.91,-2.94,2018,.
55872,.,9.91,-2.94,2018,.
55873,.,10.75476083,-4.72497319,2018,.
55874,.,12.19407628,-1.59086582,2018,.
55875,.,11.83612826,-0.51476053,2018,.
55876,.,12.19407628,-1.59086582,2018,.
55877,.,11.83612826,-0.51476053,2018,.
55878,.,10.13634729,-3.44817048,2018,.
55879,.,11.83612826,-0.51476053,2018,.
55880,.,11.83612826,-0.51476053,2018,.
55881,.,10.99213655,-3.29756852,2018,.
55882,.,10.63224685,-3.05517328,2018,.
55883,.,12.00939491,-0.28329668,2018,.
55884,.,12.36333972,-1.41425788,2018,.
55885,.,10.57709076,-4.73153166,2018,.
55886,.,12.43108294,-1.38026138,2018,.
55887,.,12.19407628,-1.59086582,2018,.
55888,.,12.19407628,-1.59086582,2018,.
55889,.,11.11281782,0.0250893,2018,.
55890,.,10.43711002,-3.18356314,2018,.
55891,.,10.75476083,-4.72497319,2018,.
55892,.,11.49749995,-0.35312235,2018,.
55893,.,11.49749995,-0.35312235,2018,.
55894,.,12.00939491,-0.28329668,2018,.
55895,.,12.00939491,-0.28329668,2018,.
55896,.,12.43108294,-1.38026138,2018,.
55897,.,12.19407628,-1.59086582,2018,.
55898,.,11.96052698,0.53292104,2018,.
55899,.,12.89635773,-0.91321584,2018,.
55900,.,12.1936699,-0.4733364,2018,.
55901,.,11.49749995,-0.35312235,2018,.
55902,.,11.69673923,-0.36990209,2018,.
55903,.,11.69673923,-0.36990209,2018,.
55904,.,11.69673923,-0.36990209,2018,.
55905,.,11.83612826,-0.51476053,2018,.
55906,.,11.64565857,-0.04558123,2018,.
55907,.,11.23960766,0.39539161,2018,.
55908,.,11.23960766,0.39539161,2018,.
55909,.,12.00939491,-0.28329668,2018,.
55910,.,12.27288913,-1.73821353,2018,.
55911,.,10.63813023,-5.09333057,2018,.
55912,.,11.83612826,-0.51476053,2018,.
55913,.,10.57709076,-4.73153166,2018,.
55914,.,11.49749995,-0.35312235,2018,.
55915,.,11.69673923,-0.36990209,2018,.
55916,.,11.83612826,-0.51476053,2018,.
55917,.,11.83612826,-0.51476053,2018,.
55918,.,11.83612826,-0.51476053,2018,.
55919,.,12.00939491,-0.28329668,2018,.
55920,.,11.17639605,-0.18263635,2018,.
55921,.,11.17639605,-0.18263635,2018,.
55922,.,11.83612826,-0.51476053,2018,.
55923,.,11.64565857,-0.04558123,2018,.
55924,.,11.23960766,0.39539161,2018,.
55925,.,12.00939491,-0.28329668,2018,.
55926,.,12.00939491,-0.28329668,2018,.
55927,.,12.00939491,-0.28329668,2018,.
55928,.,10.23,-3.61,2018,.
55929,.,13.07468441,-3.05871229,2018,.
55930,.,11.64565857,-0.04558123,2018,.
55931,.,11.23960766,0.39539161,2018,.
55932,.,10.57709076,-4.73153166,2018,.
55933,.,11.32447054,-0.31214809,2018,.
55934,.,11.17639605,-0.18263635,2018,.
55935,.,11.11281782,0.0250893,2018,.
55936,.,11.11281782,0.0250893,2018,.
55937,.,11.23960766,0.39539161,2018,.
55938,.,11.23960766,0.39539161,2018,.
55939,.,10.13634729,-3.44817048,2018,.
55940,.,11.49749995,-0.35312235,2018,.
55941,.,11.69673923,-0.36990209,2018,.
55942,.,11.69673923,-0.36990209,2018,.
55943,.,11.69673923,-0.36990209,2018,.
55944,.,11.69673923,-0.36990209,2018,.
55945,.,11.23960766,0.39539161,2018,.
55946,.,11.19480024,0.25922698,2018,.
55947,.,10.63459668,-4.75457342,2018,.
55948,.,11.49749995,-0.35312235,2018,.
55949,.,11.49749995,-0.35312235,2018,.
55950,.,11.32447054,-0.31214809,2018,.
55951,.,11.23960766,0.39539161,2018,.
55952,.,11.19480024,0.25922698,2018,.
55953,.,10.34547621,-4.8401169,2018,.
55954,.,12.13179103,-3.22417149,2018,.
55955,.,12.07489738,-2.32396182,2018,.
55956,.,11.19480024,0.25922698,2018,.
55957,.,11.49749995,-0.35312235,2018,.
55958,.,11.49749995,-0.35312235,2018,.
55959,.,11.17639605,-0.18263635,2018,.
55960,.,11.17639605,-0.18263635,2018,.
55961,.,11.17639605,-0.18263635,2018,.
55962,.,11.17639605,-0.18263635,2018,.
55963,.,11.17639605,-0.18263635,2018,.
55964,.,11.19480024,0.25922698,2018,.
55965,.,11.19480024,0.25922698,2018,.
55966,.,12.00939491,-0.28329668,2018,.
55967,.,10.29485962,-4.92498357,2018,.
55968,.,13.07468441,-3.05871229,2018,.
55969,.,12.08387234,-2.61517086,2018,.
55970,.,10.13634729,-3.44817048,2018,.
55971,.,11.49749995,-0.35312235,2018,.
55972,.,11.17639605,-0.18263635,2018,.
55973,.,11.11281782,0.0250893,2018,.
55974,.,11.11281782,0.0250893,2018,.
55975,.,11.48526805,-3.5238772,2018,.
55976,.,11.49749995,-0.35312235,2018,.
55977,.,12.73173289,-3.86421623,2018,.
55978,.,11.83612826,-0.51476053,2018,.
55979,.,11.64565857,-0.04558123,2018,.
55980,.,11.64565857,-0.04558123,2018,.
55981,.,11.11281782,0.0250893,2018,.
55982,.,11.19480024,0.25922698,2018,.
55983,.,10.67130953,-4.1195181,2018,.
55984,.,11.17639605,-0.18263635,2018,.
55985,.,11.64565857,-0.04558123,2018,.
55986,.,11.64565857,-0.04558123,2018,.
55987,.,11.48526805,-3.5238772,2018,.
55988,.,9.90505257,-2.93625373,2018,.
55989,.,11.32447054,-0.31214809,2018,.
55990,.,11.19480024,0.25922698,2018,.
55991,.,13.14229046,-3.41253581,2018,.
55992,.,11.32447054,-0.31214809,2018,.
55993,.,11.32447054,-0.31214809,2018,.
55994,.,11.32447054,-0.31214809,2018,.
55995,.,11.64565857,-0.04558123,2018,.
55996,.,11.23960766,0.39539161,2018,.
55997,.,11.19480024,0.25922698,2018,.
55998,.,10.34547621,-4.8401169,2018,.
55999,.,13.09089754,-3.42059359,2018,.
56000,.,11.32447054,-0.31214809,2018,.
56001,.,11.64565857,-0.04558123,2018,.
56002,.,11.64565857,-0.04558123,2018,.
56003,.,10.5615393,-4.69671844,2018,.
56004,.,11.32447054,-0.31214809,2018,.
56005,.,11.17639605,-0.18263635,2018,.
56006,.,11.23960766,0.39539161,2018,.
56007,.,11.19480024,0.25922698,2018,.
56008,.,11.19480024,0.25922698,2018,.
56009,.,11.418513,-3.56232577,2018,.
56010,.,10.67130953,-4.1195181,2018,.
56011,.,12.13179103,-3.22417149,2018,.
56012,.,12.13179103,-3.22417149,2018,.
56013,.,13.09089754,-3.42059359,2018,.
56014,.,13.14229046,-3.41253581,2018,.
56015,.,11.48526805,-3.5238772,2018,.
56016,.,11.418513,-3.56232577,2018,.
56017,.,10.34547621,-4.8401169,2018,.
56018,.,10.1069366,-4.78080712,2018,.
56019,.,13.14229046,-3.41253581,2018,.
56020,.,13.14229046,-3.41253581,2018,.
56021,.,11.64565857,-0.04558123,2018,.
56022,.,11.32447054,-0.31214809,2018,.
56023,.,11.19480024,0.25922698,2018,.
56024,.,10.64759127,-4.77286262,2018,.
56025,.,10.13634729,-3.44817048,2018,.
56026,.,11.10425087,-2.927217,2018,.
56027,.,11.49749995,-0.35312235,2018,.
56028,.,10.5615393,-4.69671844,2018,.
56029,.,10.1069366,-4.78080712,2018,.
56030,.,11.32447054,-0.31214809,2018,.
56031,.,11.19480024,0.25922698,2018,.
56032,.,10.1069366,-4.78080712,2018,.
56033,.,11.32447054,-0.31214809,2018,.
56034,.,10.67130953,-4.1195181,2018,.
56035,.,11.32447054,-0.31214809,2018,.
56036,.,10.1069366,-4.78080712,2018,.
56037,.,10.26984047,-4.9290345,2018,.
56374,.,12.18683244,-14.95388395,2018,.
56375,.,11.36051756,-14.95943239,2018,.
56376,.,11.73888292,-14.08492558,2018,.
56377,.,11.73888292,-14.08492558,2018,.
56378,.,12.59249236,-15.2080509,2018,.
56379,.,11.52288435,-15.13753513,2018,.
56380,.,11.84175677,-15.71590515,2018,.
56381,.,12.01741212,-14.70783661,2018,.
56382,.,12.44730129,-15.54507211,2018,.
56383,.,11.73888292,-14.08492558,2018,.
56384,.,11.73888292,-14.08492558,2018,.
56385,.,11.73888292,-14.08492558,2018,.
56386,.,11.73888292,-14.08492558,2018,.
56387,.,12.44258951,-15.341312,2018,.
56388,.,11.73741713,-15.10069889,2018,.
56389,.,11.72593357,-15.42373692,2018,.
56390,.,11.27955533,-14.86279705,2018,.
56391,.,11.28544893,-15.25365156,2018,.
56392,.,12.49553968,-14.81910291,2018,.
56393,.,12.29746548,-15.17219096,2018,.
56394,.,11.27955533,-14.86279705,2018,.
58166,.,-2.003245,29.46263,2018,.
58167,.,-2.003245,29.46263,2018,.
58168,.,-2.003245,29.46263,2018,.
58169,.,-2.003245,29.46263,2018,.
58170,.,-2.003245,29.46263,2018,.
58171,.,-2.003245,29.46263,2018,.
58172,.,-2.003245,29.46263,2018,.
58173,.,-2.003245,29.46263,2018,.
58174,.,-2.003245,29.46263,2018,.
58175,.,-2.003245,29.46263,2018,.
58176,.,-2.003245,29.46263,2018,.
58177,.,-2.003245,29.46263,2018,.
58178,.,-2.003245,29.46263,2018,.
58179,.,-2.003245,29.46263,2018,.
58180,.,-2.003245,29.46263,2018,.
58181,.,-2.003245,29.46263,2018,.
58182,.,-2.003245,29.46263,2018,.
58183,.,-2.003245,29.46263,2018,.
58184,.,-2.003245,29.46263,2018,.
58185,.,-2.003245,29.46263,2018,.
58186,.,-2.003245,29.46263,2018,.
58187,.,-2.003245,29.46263,2018,.
58188,.,-2.003245,29.46263,2018,.
58189,.,-2.003245,29.46263,2018,.
58190,.,-2.003245,29.46263,2018,.
58191,.,-2.003245,29.46263,2018,.
58192,.,-2.003245,29.46263,2018,.
58193,.,-2.003245,29.46263,2018,.
58194,.,-2.003245,29.46263,2018,.
58195,.,-2.003245,29.46263,2018,.
58196,.,-2.003245,29.46263,2018,.
58197,.,-2.003245,29.46263,2018,.
58198,.,-2.003245,29.46263,2018,.
58199,.,-2.003245,29.46263,2018,.
58200,.,-2.003245,29.46263,2018,.
58201,.,-2.003245,29.46263,2018,.
58202,.,-2.003245,29.46263,2018,.
58203,.,-2.003245,29.46263,2018,.
58204,.,-2.003245,29.46263,2018,.
58205,.,-2.003245,29.46263,2018,.
58206,.,-2.003245,29.46263,2018,.
58207,.,-2.003245,29.46263,2018,.
58208,.,-2.003245,29.46263,2018,.
58209,.,-2.003245,29.46263,2018,.
58210,.,-2.003245,29.46263,2018,.
58211,.,-2.003245,29.46263,2018,.
58212,.,-2.003245,29.46263,2018,.
58213,.,-2.003245,29.46263,2018,.
58214,.,-2.003245,29.46263,2018,.
58215,.,-2.003245,29.46263,2018,.
58216,.,-2.003245,29.46263,2018,.
58217,.,-2.003245,29.46263,2018,.
58218,.,-2.003245,29.46263,2018,.
58219,.,-2.003245,29.46263,2018,.
58220,.,-2.003245,29.46263,2018,.
58221,.,-2.003245,29.46263,2018,.
58222,.,-1.9102055,30.5046693,2018,.
58223,.,-1.9102055,30.5046693,2018,.
58224,.,-1.9102055,30.5046693,2018,.
58225,.,-1.9102055,30.5046693,2018,.
58226,.,-1.9102055,30.5046693,2018,.
58227,.,-1.9102055,30.5046693,2018,.
58228,.,-1.9102055,30.5046693,2018,.
58229,.,-1.9102055,30.5046693,2018,.
58230,.,-1.9102055,30.5046693,2018,.
58231,.,-1.9102055,30.5046693,2018,.
58232,.,-1.9102055,30.5046693,2018,.
58233,.,-1.9102055,30.5046693,2018,.
58234,.,-1.9102055,30.5046693,2018,.
58235,.,-1.9102055,30.5046693,2018,.
58236,.,-1.9102055,30.5046693,2018,.
58237,.,-1.9102055,30.5046693,2018,.
58238,.,-1.9102055,30.5046693,2018,.
58239,.,-1.9102055,30.5046693,2018,.
58240,.,-1.9102055,30.5046693,2018,.
58241,.,-1.9102055,30.5046693,2018,.
58242,.,-1.9102055,30.5046693,2018,.
58243,.,-1.9102055,30.5046693,2018,.
58244,.,-1.9102055,30.5046693,2018,.
58245,.,-1.9102055,30.5046693,2018,.
58246,.,-1.9102055,30.5046693,2018,.
58247,.,-1.9102055,30.5046693,2018,.
58248,.,-1.9102055,30.5046693,2018,.
58249,.,-1.9102055,30.5046693,2018,.
58250,.,-1.9102055,30.5046693,2018,.
58251,.,-1.9102055,30.5046693,2018,.
58252,.,-1.9102055,30.5046693,2018,.
58253,.,-1.9102055,30.5046693,2018,.
58254,.,-1.9102055,30.5046693,2018,.
58255,.,-1.9102055,30.5046693,2018,.
58256,.,-1.9102055,30.5046693,2018,.
58257,.,-1.9102055,30.5046693,2018,.
58258,.,-1.9102055,30.5046693,2018,.
58259,.,-1.9102055,30.5046693,2018,.
58260,.,-1.9102055,30.5046693,2018,.
58261,.,-1.9102055,30.5046693,2018,.
58262,.,-1.9102055,30.5046693,2018,.
58263,.,-1.9102055,30.5046693,2018,.
58264,.,-1.9102055,30.5046693,2018,.
58265,.,-1.9102055,30.5046693,2018,.
58266,.,-1.9102055,30.5046693,2018,.
58267,.,-1.9102055,30.5046693,2018,.
58268,.,-1.9102055,30.5046693,2018,.
58269,.,-1.9102055,30.5046693,2018,.
58270,.,-1.9102055,30.5046693,2018,.
58271,.,-1.9102055,30.5046693,2018,.
58272,.,-1.9102055,30.5046693,2018,.
58273,.,-1.9102055,30.5046693,2018,.
58274,.,-1.9102055,30.5046693,2018,.
58275,.,-1.9102055,30.5046693,2018,.
58276,.,-1.9102055,30.5046693,2018,.
58277,.,-1.9102055,30.5046693,2018,.
58278,.,-1.9102055,30.5046693,2018,.
58279,.,-1.9102055,30.5046693,2018,.
58280,.,-1.9102055,30.5046693,2018,.
58281,.,-1.9102055,30.5046693,2018,.
58282,.,-1.9102055,30.5046693,2018,.
58283,.,-1.9102055,30.5046693,2018,.
58284,.,-1.9102055,30.5046693,2018,.
58285,.,-1.9102055,30.5046693,2018,.
58286,.,-1.9102055,30.5046693,2018,.
58287,.,-1.9102055,30.5046693,2018,.
58288,.,-1.9102055,30.5046693,2018,.
58289,.,-1.9102055,30.5046693,2018,.
58290,.,-1.9102055,30.5046693,2018,.
58291,.,-1.9102055,30.5046693,2018,.
58292,.,-1.9102055,30.5046693,2018,.
58293,.,-1.9102055,30.5046693,2018,.
58294,.,-1.9102055,30.5046693,2018,.
58295,.,-2.003245,29.46263,2018,.
58296,.,-2.003245,29.46263,2018,.
58297,.,-2.003245,29.46263,2018,.
58298,.,-2.003245,29.46263,2018,.
58299,.,-2.003245,29.46263,2018,.
58300,.,-2.003245,29.46263,2018,.
58301,.,-2.003245,29.46263,2018,.
58302,.,-2.003245,29.46263,2018,.
58303,.,-2.003245,29.46263,2018,.
58304,.,-2.003245,29.46263,2018,.
58305,.,-2.003245,29.46263,2018,.
58306,.,-2.003245,29.46263,2018,.
58307,.,-2.003245,29.46263,2018,.
58308,.,-2.003245,29.46263,2018,.
58309,.,-2.003245,29.46263,2018,.
58310,.,-2.003245,29.46263,2018,.
58311,.,-2.003245,29.46263,2018,.
58312,.,-2.003245,29.46263,2018,.
58313,.,-2.003245,29.46263,2018,.
58314,.,-2.003245,29.46263,2018,.
58315,.,-2.003245,29.46263,2018,.
58316,.,-2.003245,29.46263,2018,.
58317,.,-2.003245,29.46263,2018,.
58318,.,-2.003245,29.46263,2018,.
58319,.,-2.003245,29.46263,2018,.
58320,.,-2.003245,29.46263,2018,.
58321,.,-2.003245,29.46263,2018,.
58322,.,-2.003245,29.46263,2018,.
58323,.,-2.003245,29.46263,2018,.
58324,.,-2.003245,29.46263,2018,.
58325,.,-2.003245,29.46263,2018,.
58326,.,-2.003245,29.46263,2018,.
58327,.,-2.003245,29.46263,2018,.
58328,.,-2.003245,29.46263,2018,.
58329,.,-2.003245,29.46263,2018,.
58330,.,-2.003245,29.46263,2018,.
58331,.,-2.003245,29.46263,2018,.
58332,.,-2.003245,29.46263,2018,.
58333,.,-2.003245,29.46263,2018,.
58334,.,-2.003245,29.46263,2018,.
58335,.,-2.003245,29.46263,2018,.
58336,.,-2.003245,29.46263,2018,.
58337,.,-2.003245,29.46263,2018,.
58338,.,-2.003245,29.46263,2018,.
58339,.,-2.003245,29.46263,2018,.
58340,.,-2.003245,29.46263,2018,.
58341,.,-2.003245,29.46263,2018,.
58342,.,-2.003245,29.46263,2018,.
58343,.,-1.9102055,30.5046693,2018,.
58344,.,-1.9102055,30.5046693,2018,.
58345,.,-1.9102055,30.5046693,2018,.
58346,.,-1.9102055,30.5046693,2018,.
58347,.,-1.9102055,30.5046693,2018,.
58348,.,-1.9102055,30.5046693,2018,.
58349,.,-1.9102055,30.5046693,2018,.
58350,.,-1.9102055,30.5046693,2018,.
58351,.,-1.9102055,30.5046693,2018,.
58352,.,-1.9102055,30.5046693,2018,.
58353,.,-1.9102055,30.5046693,2018,.
58354,.,-1.9102055,30.5046693,2018,.
58355,.,-1.9102055,30.5046693,2018,.
58356,.,-1.9102055,30.5046693,2018,.
58357,.,-1.9102055,30.5046693,2018,.
58358,.,-1.9102055,30.5046693,2018,.
58359,.,-1.9102055,30.5046693,2018,.
58360,.,-1.9102055,30.5046693,2018,.
58361,.,-1.9102055,30.5046693,2018,.
58362,.,-1.9102055,30.5046693,2018,.
58363,.,-1.9102055,30.5046693,2018,.
58364,.,-1.9102055,30.5046693,2018,.
58365,.,-1.9102055,30.5046693,2018,.
58366,.,-1.9102055,30.5046693,2018,.
58367,.,-1.9102055,30.5046693,2018,.
58368,.,-1.9102055,30.5046693,2018,.
58369,.,-1.9102055,30.5046693,2018,.
58370,.,-1.9102055,30.5046693,2018,.
58371,.,-1.9102055,30.5046693,2018,.
58372,.,-1.9102055,30.5046693,2018,.
58373,.,-1.9102055,30.5046693,2018,.
58374,.,-1.9102055,30.5046693,2018,.
58375,.,-1.9102055,30.5046693,2018,.
58376,.,-1.9102055,30.5046693,2018,.
58377,.,-1.9102055,30.5046693,2018,.
58378,.,-1.9102055,30.5046693,2018,.
58379,.,-1.9102055,30.5046693,2018,.
58380,.,-1.9102055,30.5046693,2018,.
58381,.,-1.9102055,30.5046693,2018,.
58382,.,-1.9102055,30.5046693,2018,.
58383,.,-1.9102055,30.5046693,2018,.
58384,.,-1.9102055,30.5046693,2018,.
58385,.,-1.9102055,30.5046693,2018,.
58386,.,-1.9102055,30.5046693,2018,.
58387,.,-1.9102055,30.5046693,2018,.
58388,.,-1.9102055,30.5046693,2018,.
58389,.,-1.9102055,30.5046693,2018,.
58390,.,-1.9102055,30.5046693,2018,.
58391,.,-1.9102055,30.5046693,2018,.
58392,.,-1.9102055,30.5046693,2018,.
58393,.,-1.9102055,30.5046693,2018,.
58394,.,-1.9102055,30.5046693,2018,.
58395,.,-1.9102055,30.5046693,2018,.
58396,.,-1.9102055,30.5046693,2018,.
58397,.,-1.9102055,30.5046693,2018,.
58398,.,-1.9102055,30.5046693,2018,.
58399,.,-1.9102055,30.5046693,2018,.
58400,.,-1.9102055,30.5046693,2018,.
58401,.,-1.9102055,30.5046693,2018,.
58402,.,-1.9102055,30.5046693,2018,.
58403,.,-2.0597033,29.407312,2018,.
58404,.,-2.0597033,29.407312,2018,.
58405,.,-2.0597033,29.407312,2018,.
58406,.,-2.0597033,29.407312,2018,.
58407,.,-2.0597033,29.407312,2018,.
58408,.,-2.0597033,29.407312,2018,.
58409,.,-2.0597033,29.407312,2018,.
58410,.,-2.0597033,29.407312,2018,.
58411,.,-2.0597033,29.407312,2018,.
58412,.,-2.0597033,29.407312,2018,.
58413,.,-2.0597033,29.407312,2018,.
58414,.,-2.0597033,29.407312,2018,.
58415,.,-2.0597033,29.407312,2018,.
58416,.,-2.0597033,29.407312,2018,.
58417,.,-2.0597033,29.407312,2018,.
58418,.,-2.0597033,29.407312,2018,.
58419,.,-2.0597033,29.407312,2018,.
58420,.,-2.0597033,29.407312,2018,.
58421,.,-2.0597033,29.407312,2018,.
58422,.,-2.0597033,29.407312,2018,.
58423,.,-2.0597033,29.407312,2018,.
58424,.,-2.0597033,29.407312,2018,.
58425,.,-2.0597033,29.407312,2018,.
58426,.,-2.0597033,29.407312,2018,.
58427,.,-2.0597033,29.407312,2018,.
58428,.,-2.0597033,29.407312,2018,.
58429,.,-2.0597033,29.407312,2018,.
58430,.,-2.0597033,29.407312,2018,.
58431,.,-2.0597033,29.407312,2018,.
58432,.,-2.0597033,29.407312,2018,.
58433,.,-2.0597033,29.407312,2018,.
58434,.,-2.0597033,29.407312,2018,.
58435,.,-2.0597033,29.407312,2018,.
58436,.,-2.0597033,29.407312,2018,.
58437,.,-2.0597033,29.407312,2018,.
58438,.,-2.0597033,29.407312,2018,.
58439,.,-2.0597033,29.407312,2018,.
58440,.,-2.0597033,29.407312,2018,.
58441,.,-2.0597033,29.407312,2018,.
58442,.,-2.0597033,29.407312,2018,.
58443,.,-2.0597033,29.407312,2018,.
58444,.,-2.0597033,29.407312,2018,.
58445,.,-2.0597033,29.407312,2018,.
58446,.,-2.0597033,29.407312,2018,.
58447,.,-2.0597033,29.407312,2018,.
58448,.,-2.0597033,29.407312,2018,.
58449,.,-2.0597033,29.407312,2018,.
58450,.,-2.0597033,29.407312,2018,.
58451,.,-2.0597033,29.407312,2018,.
58452,.,-2.0597033,29.407312,2018,.
58453,.,-2.0597033,29.407312,2018,.
58454,.,-2.0597033,29.407312,2018,.
58455,.,-2.0597033,29.407312,2018,.
58456,.,-2.0597033,29.407312,2018,.
58457,.,-2.0597033,29.407312,2018,.
58458,.,-2.0597033,29.407312,2018,.
58459,.,-2.0597033,29.407312,2018,.
58460,.,-2.0597033,29.407312,2018,.
58461,.,-2.0597033,29.407312,2018,.
58462,.,-2.0597033,29.407312,2018,.
62310,.,-1.51155,29.7911,2018,.
62311,.,-1.51155,29.7911,2018,.
62312,.,-1.51155,29.7911,2018,.
62313,.,-1.51155,29.7911,2018,.
62314,.,-1.51155,29.7911,2018,.
62315,.,-1.51155,29.7911,2018,.
62316,.,-1.51155,29.7911,2018,.
62317,.,-1.51155,29.7911,2018,.
62318,.,-1.51155,29.7911,2018,.
62319,.,-1.51155,29.7911,2018,.
62320,.,-1.51155,29.7911,2018,.
62321,.,-1.51155,29.7911,2018,.
62322,.,-1.51155,29.7911,2018,.
62323,.,-1.51155,29.7911,2018,.
62324,.,-1.51155,29.7911,2018,.
62325,.,-1.51155,29.7911,2018,.
62326,.,-1.51155,29.7911,2018,.
62327,.,-1.51155,29.7911,2018,.
62328,.,-1.51155,29.7911,2018,.
62329,.,-1.51155,29.7911,2018,.
62330,.,-1.51155,29.7911,2018,.
62331,.,-1.51155,29.7911,2018,.
62332,.,-1.51155,29.7911,2018,.
62333,.,-2.6438028,29.0120597,2018,.
62334,.,-2.6438028,29.0120597,2018,.
62335,.,-2.6438028,29.0120597,2018,.
62336,.,-2.6438028,29.0120597,2018,.
62337,.,-2.6438028,29.0120597,2018,.
62338,.,-2.6438028,29.0120597,2018,.
62339,.,-2.6438028,29.0120597,2018,.
62340,.,-2.6438028,29.0120597,2018,.
62341,.,-2.6438028,29.0120597,2018,.
62342,.,-2.6438028,29.0120597,2018,.
62343,.,-2.6438028,29.0120597,2018,.
62344,.,-2.6438028,29.0120597,2018,.
62345,.,-2.6438028,29.0120597,2018,.
62346,.,-2.6438028,29.0120597,2018,.
62347,.,-2.6438028,29.0120597,2018,.
62348,.,-2.6438028,29.0120597,2018,.
62349,.,-2.6438028,29.0120597,2018,.
62350,.,-2.6438028,29.0120597,2018,.
62351,.,-2.6438028,29.0120597,2018,.
62352,.,-2.6438028,29.0120597,2018,.
62353,.,-2.6438028,29.0120597,2018,.
62354,.,-2.6438028,29.0120597,2018,.
62355,.,-2.6438028,29.0120597,2018,.
62356,.,-2.6438028,29.0120597,2018,.
62357,.,-2.6438028,29.0120597,2018,.
62358,.,-2.6438028,29.0120597,2018,.
62359,.,-2.6438028,29.0120597,2018,.
62360,.,-2.6438028,29.0120597,2018,.
62361,.,-2.6438028,29.0120597,2018,.
62362,.,-2.6438028,29.0120597,2018,.
62363,.,-2.6438028,29.0120597,2018,.
62364,.,-2.6438028,29.0120597,2018,.
62365,.,-2.6438028,29.0120597,2018,.
62366,.,-2.6438028,29.0120597,2018,.
62367,.,-2.6438028,29.0120597,2018,.
62368,.,-2.6438028,29.0120597,2018,.
62369,.,-2.6438028,29.0120597,2018,.
62370,.,-2.7214112,29.5830258,2018,.
62371,.,-2.7214112,29.5830258,2018,.
62372,.,-2.7214112,29.5830258,2018,.
62373,.,-2.7214112,29.5830258,2018,.
62374,.,-2.7214112,29.5830258,2018,.
62375,.,-2.7214112,29.5830258,2018,.
62376,.,-2.5535355,29.7622633,2018,.
62377,.,-2.5535355,29.7622633,2018,.
62378,.,-2.5535355,29.7622633,2018,.
62379,.,-2.7214112,29.5830258,2018,.
62380,.,-2.7214112,29.5830258,2018,.
62381,.,-2.7214112,29.5830258,2018,.
62382,.,-2.5535355,29.7622633,2018,.
62383,.,-2.5535355,29.7622633,2018,.
62384,.,-2.5535355,29.7622633,2018,.
62385,.,-2.5535355,29.7622633,2018,.
62386,.,-2.5535355,29.7622633,2018,.
62387,.,-2.5535355,29.7622633,2018,.
62388,.,-2.7214112,29.5830258,2018,.
62389,.,-2.7214112,29.5830258,2018,.
62390,.,-2.7214112,29.5830258,2018,.
62391,.,-2.5535355,29.7622633,2018,.
62392,.,-2.5535355,29.7622633,2018,.
62393,.,-2.5535355,29.7622633,2018,.
62394,.,-2.7214112,29.5830258,2018,.
62395,.,-2.7214112,29.5830258,2018,.
62396,.,-2.7214112,29.5830258,2018,.
62397,.,-2.5535355,29.7622633,2018,.
62398,.,-2.5535355,29.7622633,2018,.
62399,.,-2.5535355,29.7622633,2018,.
62400,.,-2.5535355,29.7622633,2018,.
62401,.,-2.5535355,29.7622633,2018,.
62402,.,-2.7214112,29.5830258,2018,.
62403,.,-2.7214112,29.5830258,2018,.
62404,.,-2.7214112,29.5830258,2018,.
62405,.,-2.5535355,29.7622633,2018,.
62406,.,-2.5535355,29.7622633,2018,.
62407,.,-2.5535355,29.7622633,2018,.
62408,.,-2.7214112,29.5830258,2018,.
62409,.,-2.7214112,29.5830258,2018,.
62410,.,-2.7214112,29.5830258,2018,.
62411,.,-2.5535355,29.7622633,2018,.
62412,.,-2.5535355,29.7622633,2018,.
62413,.,-2.5535355,29.7622633,2018,.
62414,.,-2.5535355,29.7622633,2018,.
62415,.,-2.5535355,29.7622633,2018,.
62416,.,-2.5535355,29.7622633,2018,.
62417,.,-2.7214112,29.5830258,2018,.
62418,.,-2.7214112,29.5830258,2018,.
62419,.,-2.7214112,29.5830258,2018,.
62420,.,-2.7214112,29.5830258,2018,.
62421,.,-2.7214112,29.5830258,2018,.
62422,.,-2.7214112,29.5830258,2018,.
62423,.,-2.7214112,29.5830258,2018,.
62424,.,-2.7214112,29.5830258,2018,.
62425,.,-2.7214112,29.5830258,2018,.
62426,.,-2.5535355,29.7622633,2018,.
62427,.,-2.5535355,29.7622633,2018,.
62428,.,-2.5535355,29.7622633,2018,.
62429,.,-2.7214112,29.5830258,2018,.
62430,.,-2.7214112,29.5830258,2018,.
62431,.,-2.7214112,29.5830258,2018,.
62432,.,-2.5535355,29.7622633,2018,.
62433,.,-2.5535355,29.7622633,2018,.
62434,.,-2.5535355,29.7622633,2018,.
62435,.,-2.5535355,29.7622633,2018,.
62436,.,-2.5535355,29.7622633,2018,.
62437,.,-2.5535355,29.7622633,2018,.
62438,.,-2.7214112,29.5830258,2018,.
62439,.,-2.7214112,29.5830258,2018,.
62440,.,-2.7214112,29.5830258,2018,.
62441,.,-2.7214112,29.5830258,2018,.
62442,.,-2.7214112,29.5830258,2018,.
62443,.,-2.7214112,29.5830258,2018,.
62444,.,-2.5535355,29.7622633,2018,.
62445,.,-2.5535355,29.7622633,2018,.
62446,.,-2.5535355,29.7622633,2018,.
62447,.,-2.5535355,29.7622633,2018,.
62448,.,-2.5535355,29.7622633,2018,.
62449,.,-2.5535355,29.7622633,2018,.
62450,.,-2.5535355,29.7622633,2018,.
62451,.,-2.5535355,29.7622633,2018,.
62452,.,-2.7214112,29.5830258,2018,.
62453,.,-2.7214112,29.5830258,2018,.
62454,.,-2.7214112,29.5830258,2018,.
62455,.,-2.7214112,29.5830258,2018,.
62456,.,-2.7214112,29.5830258,2018,.
62457,.,-2.7214112,29.5830258,2018,.
62458,.,-2.1168204,29.4787686,2018,.
62459,.,-2.1168204,29.4787686,2018,.
62460,.,-2.1168204,29.4787686,2018,.
62461,.,-2.070336,29.5416459,2018,.
62462,.,-2.070336,29.5416459,2018,.
62463,.,-2.070336,29.5416459,2018,.
62464,.,-2.1168204,29.4787686,2018,.
62465,.,-2.1168204,29.4787686,2018,.
62466,.,-2.1168204,29.4787686,2018,.
62467,.,-2.1168204,29.4787686,2018,.
62468,.,-2.1168204,29.4787686,2018,.
62469,.,-2.1168204,29.4787686,2018,.
62470,.,-2.44814,29.48625,2018,.
62471,.,-2.44814,29.48625,2018,.
62472,.,-2.070336,29.5416459,2018,.
62473,.,-2.070336,29.5416459,2018,.
62474,.,-2.070336,29.5416459,2018,.
62475,.,-2.1168204,29.4787686,2018,.
62476,.,-2.1168204,29.4787686,2018,.
62477,.,-2.1168204,29.4787686,2018,.
62478,.,-2.070336,29.5416459,2018,.
62479,.,-2.070336,29.5416459,2018,.
62480,.,-2.070336,29.5416459,2018,.
62481,.,-2.0356,29.52913,2018,.
62482,.,-2.0356,29.52913,2018,.
62483,.,-2.070336,29.5416459,2018,.
62484,.,-2.070336,29.5416459,2018,.
62485,.,-2.070336,29.5416459,2018,.
62486,.,-2.0356,29.52913,2018,.
62487,.,-2.0356,29.52913,2018,.
62488,.,-2.0356,29.52913,2018,.
62489,.,-2.1168204,29.4787686,2018,.
62490,.,-2.1168204,29.4787686,2018,.
62491,.,-2.1168204,29.4787686,2018,.
62492,.,-2.1168204,29.4787686,2018,.
62493,.,-2.070336,29.5416459,2018,.
62494,.,-2.070336,29.5416459,2018,.
62495,.,-2.070336,29.5416459,2018,.
62496,.,-2.44814,29.48625,2018,.
62497,.,-2.44814,29.48625,2018,.
62498,.,-2.0356,29.52913,2018,.
62499,.,-2.0356,29.52913,2018,.
62500,.,-2.070336,29.5416459,2018,.
62501,.,-2.070336,29.5416459,2018,.
62502,.,-2.070336,29.5416459,2018,.
62503,.,-2.44814,29.48625,2018,.
62504,.,-2.44814,29.48625,2018,.
62505,.,-2.44814,29.48625,2018,.
62506,.,-2.44814,29.48625,2018,.
62507,.,-2.44814,29.48625,2018,.
62508,.,-2.44814,29.48625,2018,.
62509,.,-2.0356,29.52913,2018,.
62510,.,-2.0356,29.52913,2018,.
62511,.,-2.44814,29.48625,2018,.
62512,.,-2.44814,29.48625,2018,.
62513,.,-2.44814,29.48625,2018,.
62514,.,-2.1168204,29.4787686,2018,.
62515,.,-2.1168204,29.4787686,2018,.
62516,.,-2.1168204,29.4787686,2018,.
62517,.,-2.070336,29.5416459,2018,.
62518,.,-2.070336,29.5416459,2018,.
62519,.,-2.070336,29.5416459,2018,.
62520,.,-2.0356,29.52913,2018,.
62521,.,-2.0356,29.52913,2018,.
62522,.,-2.0356,29.52913,2018,.
62523,.,-2.44814,29.48625,2018,.
62524,.,-2.44814,29.48625,2018,.
62525,.,-2.44814,29.48625,2018,.
62526,.,-2.44814,29.48625,2018,.
62527,.,-2.44814,29.48625,2018,.
62528,.,-2.1168204,29.4787686,2018,.
62529,.,-2.1168204,29.4787686,2018,.
62530,.,-2.1168204,29.4787686,2018,.
62531,.,-2.44814,29.48625,2018,.
62532,.,-2.44814,29.48625,2018,.
62533,.,-2.44814,29.48625,2018,.
62534,.,-2.44814,29.48625,2018,.
62535,.,-2.44814,29.48625,2018,.
62536,.,-2.44814,29.48625,2018,.
62537,.,-2.44814,29.48625,2018,.
62538,.,-2.44814,29.48625,2018,.
62539,.,-2.44814,29.48625,2018,.
62540,.,-2.0356,29.52913,2018,.
62541,.,-2.0356,29.52913,2018,.
62542,.,-2.0356,29.52913,2018,.
62543,.,-2.1168204,29.4787686,2018,.
62544,.,-2.1168204,29.4787686,2018,.
62545,.,-2.1168204,29.4787686,2018,.
62546,.,-2.070336,29.5416459,2018,.
62547,.,-2.070336,29.5416459,2018,.
62548,.,-2.0356,29.52913,2018,.
62549,.,-2.0356,29.52913,2018,.
62550,.,-2.0356,29.52913,2018,.
62551,.,-2.070336,29.5416459,2018,.
62552,.,-2.070336,29.5416459,2018,.
62553,.,-2.070336,29.5416459,2018,.
62554,.,-2.44814,29.48625,2018,.
62555,.,-2.44814,29.48625,2018,.
62556,.,-2.1168204,29.4787686,2018,.
62557,.,-2.1168204,29.4787686,2018,.
62558,.,-2.1168204,29.4787686,2018,.
62559,.,-2.1168204,29.4787686,2018,.
62560,.,-2.1168204,29.4787686,2018,.
62561,.,-2.070336,29.5416459,2018,.
62562,.,-2.070336,29.5416459,2018,.
62563,.,-2.070336,29.5416459,2018,.
62564,.,-2.44814,29.48625,2018,.
62565,.,-2.44814,29.48625,2018,.
62566,.,-2.44814,29.48625,2018,.
62567,.,-2.44814,29.48625,2018,.
62568,.,-2.44814,29.48625,2018,.
62569,.,-2.1168204,29.4787686,2018,.
62570,.,-2.1168204,29.4787686,2018,.
62571,.,-2.44814,29.48625,2018,.
62572,.,-2.44814,29.48625,2018,.
62573,.,-2.1168204,29.4787686,2018,.
62574,.,-2.1168204,29.4787686,2018,.
62575,.,-2.1168204,29.4787686,2018,.
62576,.,-2.44814,29.48625,2018,.
62577,.,-2.44814,29.48625,2018,.
62578,.,-2.44814,29.48625,2018,.
62579,.,-2.0356,29.52913,2018,.
62580,.,-2.0356,29.52913,2018,.
62581,.,-2.0356,29.52913,2018,.
62582,.,-2.070336,29.5416459,2018,.
62583,.,-2.070336,29.5416459,2018,.
62584,.,-2.070336,29.5416459,2018,.
62585,.,-2.0356,29.52913,2018,.
62586,.,-2.0356,29.52913,2018,.
62587,.,-2.0356,29.52913,2018,.
62588,.,-2.4751837,28.967994,2018,.
62589,.,-2.4751837,28.967994,2018,.
62590,.,-2.3045,29.23159,2018,.
62591,.,-2.3045,29.23159,2018,.
62592,.,-2.44802,29.00722,2018,.
62593,.,-2.44802,29.00722,2018,.
62594,.,-2.44802,29.00722,2018,.
62595,.,-2.44802,29.00722,2018,.
62596,.,-2.4751837,28.967994,2018,.
62597,.,-2.4751837,28.967994,2018,.
62598,.,-2.44802,29.00722,2018,.
62599,.,-2.4751837,28.967994,2018,.
62600,.,-2.4751837,28.967994,2018,.
62601,.,-2.3045,29.23159,2018,.
62602,.,-2.3045,29.23159,2018,.
62603,.,-2.3045,29.23159,2018,.
62604,.,-2.4751837,28.967994,2018,.
62605,.,-2.4751837,28.967994,2018,.
62606,.,-2.4751837,28.967994,2018,.
62607,.,-2.4751837,28.967994,2018,.
62608,.,-2.4751837,28.967994,2018,.
62609,.,-2.4751837,28.967994,2018,.
62610,.,-2.3045,29.23159,2018,.
62611,.,-2.3045,29.23159,2018,.
62612,.,-2.3045,29.23159,2018,.
62613,.,-2.3045,29.23159,2018,.
62614,.,-2.3045,29.23159,2018,.
62615,.,-2.4751837,28.967994,2018,.
62616,.,-2.4751837,28.967994,2018,.
62617,.,-2.3045,29.23159,2018,.
62618,.,-2.3045,29.23159,2018,.
62619,.,-2.3045,29.23159,2018,.
62620,.,-2.3045,29.23159,2018,.
62621,.,-2.3045,29.23159,2018,.
62622,.,-2.44802,29.00722,2018,.
62623,.,-2.44802,29.00722,2018,.
62624,.,-2.44802,29.00722,2018,.
62625,.,-2.44802,29.00722,2018,.
62626,.,-2.44802,29.00722,2018,.
62627,.,-2.4751837,28.967994,2018,.
62628,.,-2.4751837,28.967994,2018,.
62629,.,-2.3045,29.23159,2018,.
62630,.,-2.3045,29.23159,2018,.
62631,.,-2.3045,29.23159,2018,.
62632,.,-2.3045,29.23159,2018,.
62633,.,-2.3045,29.23159,2018,.
62634,.,-2.3045,29.23159,2018,.
62635,.,-2.3045,29.23159,2018,.
62636,.,-2.3045,29.23159,2018,.
62637,.,-2.3045,29.23159,2018,.
62638,.,-2.44802,29.00722,2018,.
62639,.,-2.44802,29.00722,2018,.
62640,.,-2.3045,29.23159,2018,.
62641,.,-2.3045,29.23159,2018,.
62642,.,-2.3045,29.23159,2018,.
62643,.,-2.4751837,28.967994,2018,.
62644,.,-2.4751837,28.967994,2018,.
62645,.,-2.44802,29.00722,2018,.
62646,.,-2.44802,29.00722,2018,.
62647,.,-2.44802,29.00722,2018,.
62648,.,-2.44802,29.00722,2018,.
62649,.,-2.4751837,28.967994,2018,.
62650,.,-2.4751837,28.967994,2018,.
62651,.,-2.44802,29.00722,2018,.
62652,.,-2.44802,29.00722,2018,.
62653,.,-2.4751837,28.967994,2018,.
62654,.,-2.4751837,28.967994,2018,.
62655,.,-2.4751837,28.967994,2018,.
62656,.,-2.4751837,28.967994,2018,.
62657,.,-2.44802,29.00722,2018,.
62658,.,-2.44802,29.00722,2018,.
62659,.,-2.44802,29.00722,2018,.
62660,.,-2.44802,29.00722,2018,.
62661,.,-2.44802,29.00722,2018,.
62662,.,-2.0680107,30.4510079,2018,.
62663,.,-2.0374761,30.2662363,2018,.
62664,.,-2.0374761,30.2662363,2018,.
62665,.,-2.0374761,30.2662363,2018,.
62666,.,-2.0680107,30.4510079,2018,.
62667,.,-2.0680107,30.4510079,2018,.
62668,.,-2.0680107,30.4510079,2018,.
62669,.,-2.0680107,30.4510079,2018,.
62670,.,-1.7204812,30.5041393,2018,.
62671,.,-1.7204812,30.5041393,2018,.
62672,.,-2.0374761,30.2662363,2018,.
62673,.,-2.0680107,30.4510079,2018,.
62674,.,-2.0680107,30.4510079,2018,.
62675,.,-1.7204812,30.5041393,2018,.
62676,.,-1.7204812,30.5041393,2018,.
62677,.,-1.7204812,30.5041393,2018,.
62678,.,-1.7204812,30.5041393,2018,.
62679,.,-2.0374761,30.2662363,2018,.
62680,.,-2.0374761,30.2662363,2018,.
62681,.,-2.0374761,30.2662363,2018,.
62682,.,-2.0374761,30.2662363,2018,.
62683,.,-2.0374761,30.2662363,2018,.
62684,.,-2.0374761,30.2662363,2018,.
62685,.,-1.7204812,30.5041393,2018,.
62686,.,-1.7204812,30.5041393,2018,.
62687,.,-1.7204812,30.5041393,2018,.
62688,.,-1.7204812,30.5041393,2018,.
62689,.,-1.7204812,30.5041393,2018,.
62690,.,-2.0374761,30.2662363,2018,.
62691,.,-2.0374761,30.2662363,2018,.
62692,.,-2.0374761,30.2662363,2018,.
62693,.,-2.0374761,30.2662363,2018,.
62694,.,-2.0374761,30.2662363,2018,.
62695,.,-1.7204812,30.5041393,2018,.
62696,.,-1.7204812,30.5041393,2018,.
62697,.,-1.7204812,30.5041393,2018,.
62698,.,-2.0374761,30.2662363,2018,.
62699,.,-2.0374761,30.2662363,2018,.
62700,.,-2.0374761,30.2662363,2018,.
62701,.,-1.7204812,30.5041393,2018,.
62702,.,-1.7204812,30.5041393,2018,.
62703,.,-1.7204812,30.5041393,2018,.
62704,.,-1.7204812,30.5041393,2018,.
62705,.,-1.7204812,30.5041393,2018,.
62706,.,-1.7204812,30.5041393,2018,.
62707,.,-2.0680107,30.4510079,2018,.
62708,.,-2.0680107,30.4510079,2018,.
62709,.,-2.0374761,30.2662363,2018,.
62710,.,-2.0374761,30.2662363,2018,.
62711,.,-2.0680107,30.4510079,2018,.
62712,.,-2.0680107,30.4510079,2018,.
62713,.,-2.0680107,30.4510079,2018,.
62714,.,-2.0680107,30.4510079,2018,.
62715,.,-2.0680107,30.4510079,2018,.
62716,.,-2.0680107,30.4510079,2018,.
62717,.,-2.0680107,30.4510079,2018,.
62718,.,-2.0680107,30.4510079,2018,.
62719,.,-2.0680107,30.4510079,2018,.
62720,.,-2.0374761,30.2662363,2018,.
62721,.,-2.0374761,30.2662363,2018,.
62722,.,-1.7204812,30.5041393,2018,.
62723,.,-1.7204812,30.5041393,2018,.
62724,.,-1.7204812,30.5041393,2018,.
62725,.,-1.7204812,30.5041393,2018,.
62726,.,-1.7204812,30.5041393,2018,.
62727,.,-1.38276,30.26685,2018,.
62728,.,-1.38276,30.26685,2018,.
62729,.,-1.38276,30.26685,2018,.
62730,.,-1.38276,30.26685,2018,.
62731,.,-1.38276,30.26685,2018,.
62732,.,-1.38276,30.26685,2018,.
62733,.,-1.5744657,30.3837215,2018,.
62734,.,-1.5744657,30.3837215,2018,.
62735,.,-1.5744657,30.3837215,2018,.
62736,.,-1.5744657,30.3837215,2018,.
62737,.,-1.5744657,30.3837215,2018,.
62738,.,-1.5744657,30.3837215,2018,.
62739,.,-1.5744657,30.3837215,2018,.
62740,.,-1.5744657,30.3837215,2018,.
62741,.,-1.5744657,30.3837215,2018,.
62742,.,-1.5744657,30.3837215,2018,.
62743,.,-1.5744657,30.3837215,2018,.
62744,.,-1.5744657,30.3837215,2018,.
62745,.,-1.5744657,30.3837215,2018,.
62746,.,-1.5744657,30.3837215,2018,.
62747,.,-1.5744657,30.3837215,2018,.
62748,.,-1.5744657,30.3837215,2018,.
62749,.,-1.5744657,30.3837215,2018,.
62750,.,-1.5744657,30.3837215,2018,.
62751,.,-1.5744657,30.3837215,2018,.
62752,.,-1.5744657,30.3837215,2018,.
62753,.,-1.5744657,30.3837215,2018,.
62754,.,-1.5744657,30.3837215,2018,.
62755,.,-1.38276,30.26685,2018,.
62756,.,-1.38276,30.26685,2018,.
62757,.,-1.5744657,30.3837215,2018,.
62758,.,-1.5744657,30.3837215,2018,.
62759,.,-1.5744657,30.3837215,2018,.
62760,.,-1.38276,30.26685,2018,.
62761,.,-1.38276,30.26685,2018,.
62762,.,-1.38276,30.26685,2018,.
62763,.,-1.5744657,30.3837215,2018,.
62764,.,-1.5744657,30.3837215,2018,.
62765,.,-1.5744657,30.3837215,2018,.
62766,.,-1.5744657,30.3837215,2018,.
62767,.,-1.5744657,30.3837215,2018,.
62768,.,-1.38276,30.26685,2018,.
62769,.,-1.38276,30.26685,2018,.
62770,.,-1.38276,30.26685,2018,.
62771,.,-1.4206,30.28615,2018,.
62772,.,-1.4206,30.28615,2018,.
62773,.,-1.5744657,30.3837215,2018,.
62774,.,-1.5744657,30.3837215,2018,.
62775,.,-1.5744657,30.3837215,2018,.
62776,.,-1.5744657,30.3837215,2018,.
62777,.,-1.5744657,30.3837215,2018,.
62778,.,-1.5744657,30.3837215,2018,.
62779,.,-1.5744657,30.3837215,2018,.
62780,.,-1.5744657,30.3837215,2018,.
62781,.,-1.4206,30.28615,2018,.
62782,.,-1.5744657,30.3837215,2018,.
62783,.,-1.5744657,30.3837215,2018,.
62784,.,-1.5744657,30.3837215,2018,.
62785,.,-2.0062282,29.3936957,2018,.
62786,.,-2.0062282,29.3936957,2018,.
62787,.,-2.0062282,29.3936957,2018,.
62788,.,-2.37077,29.10831,2018,.
62789,.,-2.37077,29.10831,2018,.
62790,.,-2.37077,29.10831,2018,.
62791,.,-2.37077,29.10831,2018,.
62792,.,-2.1210072,29.3240582,2018,.
62793,.,-2.1210072,29.3240582,2018,.
62794,.,-2.1210072,29.3240582,2018,.
62795,.,-2.1210072,29.3240582,2018,.
62796,.,-2.1210072,29.3240582,2018,.
62797,.,-2.1210072,29.3240582,2018,.
62798,.,-2.1210072,29.3240582,2018,.
62799,.,-2.37077,29.10831,2018,.
62800,.,-2.37077,29.10831,2018,.
62801,.,-2.37077,29.10831,2018,.
62802,.,-2.37077,29.10831,2018,.
62803,.,-2.37077,29.10831,2018,.
62804,.,-2.37077,29.10831,2018,.
62805,.,-2.37077,29.10831,2018,.
62806,.,-2.37077,29.10831,2018,.
62807,.,-2.37077,29.10831,2018,.
62808,.,-2.37077,29.10831,2018,.
62809,.,-2.37077,29.10831,2018,.
62810,.,-2.37077,29.10831,2018,.
62811,.,-2.37077,29.10831,2018,.
62812,.,-2.37077,29.10831,2018,.
62813,.,-2.37077,29.10831,2018,.
62814,.,-2.37077,29.10831,2018,.
62815,.,-2.37077,29.10831,2018,.
62816,.,-2.37077,29.10831,2018,.
62817,.,-2.37077,29.10831,2018,.
62818,.,-2.1210072,29.3240582,2018,.
62819,.,-2.1210072,29.3240582,2018,.
62820,.,-2.1210072,29.3240582,2018,.
62821,.,-2.1210072,29.3240582,2018,.
62822,.,-2.1210072,29.3240582,2018,.
62823,.,-2.0062282,29.3936957,2018,.
62824,.,-2.0062282,29.3936957,2018,.
62825,.,-2.0062282,29.3936957,2018,.
62826,.,-1.9513177,29.3811237,2018,.
62827,.,-2.1210072,29.3240582,2018,.
62828,.,-2.1210072,29.3240582,2018,.
62829,.,-2.1210072,29.3240582,2018,.
62830,.,-2.37077,29.10831,2018,.
62831,.,-2.37077,29.10831,2018,.
62832,.,-2.37077,29.10831,2018,.
62833,.,-1.9513177,29.3811237,2018,.
62834,.,-1.9513177,29.3811237,2018,.
62835,.,-2.37077,29.10831,2018,.
62836,.,-2.37077,29.10831,2018,.
62837,.,-2.37077,29.10831,2018,.
62838,.,-2.37077,29.10831,2018,.
62839,.,-2.37077,29.10831,2018,.
62840,.,-2.0062282,29.3936957,2018,.
62841,.,-2.0062282,29.3936957,2018,.
62842,.,-2.0062282,29.3936957,2018,.
62843,.,-2.0062282,29.3936957,2018,.
62844,.,-2.0062282,29.3936957,2018,.
62845,.,-1.9513177,29.3811237,2018,.
62846,.,-1.9513177,29.3811237,2018,.
62847,.,-1.9513177,29.3811237,2018,.
62848,.,-2.1210072,29.3240582,2018,.
62849,.,-2.1210072,29.3240582,2018,.
62850,.,-2.1210072,29.3240582,2018,.
62851,.,-1.9513177,29.3811237,2018,.
62852,.,-1.9513177,29.3811237,2018,.
62853,.,-2.0062282,29.3936957,2018,.
62854,.,-2.0062282,29.3936957,2018,.
62855,.,-2.37077,29.10831,2018,.
62856,.,-2.0062282,29.3936957,2018,.
62857,.,-2.37077,29.10831,2018,.
62858,.,-2.37077,29.10831,2018,.
62859,.,-2.37077,29.10831,2018,.
62860,.,-2.37077,29.10831,2018,.
62861,.,-2.37077,29.10831,2018,.
62862,.,-2.37077,29.10831,2018,.
62863,.,-2.37077,29.10831,2018,.
62864,.,-2.37077,29.10831,2018,.
62865,.,-2.37077,29.10831,2018,.
62866,.,-2.37077,29.10831,2018,.
62867,.,-2.37077,29.10831,2018,.
62868,.,-2.37077,29.10831,2018,.
62869,.,-2.37077,29.10831,2018,.
62870,.,-2.37077,29.10831,2018,.
62871,.,-2.1210072,29.3240582,2018,.
62872,.,-2.1210072,29.3240582,2018,.
62873,.,-2.1210072,29.3240582,2018,.
62874,.,-2.1210072,29.3240582,2018,.
62875,.,-2.1210072,29.3240582,2018,.
62876,.,-2.37077,29.10831,2018,.
62877,.,-2.37077,29.10831,2018,.
62878,.,-2.0062282,29.3936957,2018,.
62879,.,-2.0062282,29.3936957,2018,.
62880,.,-2.0062282,29.3936957,2018,.
62881,.,-2.37077,29.10831,2018,.
62882,.,-2.37077,29.10831,2018,.
62883,.,-2.0062282,29.3936957,2018,.
62884,.,-2.0062282,29.3936957,2018,.
62885,.,-2.0062282,29.3936957,2018,.
62886,.,-2.0062282,29.3936957,2018,.
62887,.,-2.0062282,29.3936957,2018,.
62888,.,-2.0062282,29.3936957,2018,.
62889,.,-1.9513177,29.3811237,2018,.
62890,.,-1.9513177,29.3811237,2018,.
62891,.,-1.9513177,29.3811237,2018,.
62892,.,-1.9513177,29.3811237,2018,.
62893,.,-1.9513177,29.3811237,2018,.
62894,.,-1.9513177,29.3811237,2018,.
62895,.,-2.1210072,29.3240582,2018,.
62896,.,-2.1210072,29.3240582,2018,.
62897,.,-2.1210072,29.3240582,2018,.
62898,.,-2.1210072,29.3240582,2018,.
62899,.,-2.1210072,29.3240582,2018,.
62900,.,-1.9513177,29.3811237,2018,.
62901,.,-2.0062282,29.3936957,2018,.
62902,.,-2.0062282,29.3936957,2018,.
62903,.,-2.0062282,29.3936957,2018,.
62904,.,-1.9513177,29.3811237,2018,.
62905,.,-1.9513177,29.3811237,2018,.
62906,.,-2.0062282,29.3936957,2018,.
62907,.,-2.0062282,29.3936957,2018,.
62908,.,-2.0062282,29.3936957,2018,.
62909,.,-2.1210072,29.3240582,2018,.
62910,.,-2.1210072,29.3240582,2018,.
62911,.,-2.1210072,29.3240582,2018,.
62912,.,-2.1210072,29.3240582,2018,.
62913,.,-2.1210072,29.3240582,2018,.
62914,.,-2.1210072,29.3240582,2018,.
62915,.,-2.37077,29.10831,2018,.
62916,.,-2.37077,29.10831,2018,.
62917,.,-1.9513177,29.3811237,2018,.
62918,.,-1.9513177,29.3811237,2018,.
62919,.,-1.9513177,29.3811237,2018,.
62920,.,-2.37077,29.10831,2018,.
62921,.,-2.37077,29.10831,2018,.
62922,.,-2.37077,29.10831,2018,.
62923,.,-2.37077,29.10831,2018,.
62924,.,-2.37077,29.10831,2018,.
62925,.,-2.37077,29.10831,2018,.
62926,.,-2.37077,29.10831,2018,.
62927,.,-2.37077,29.10831,2018,.
62928,.,-2.37077,29.10831,2018,.
62929,.,-2.37077,29.10831,2018,.
62930,.,-2.4053933,29.7876984,2018,.
62931,.,-2.4053933,29.7876984,2018,.
62932,.,-2.4053933,29.7876984,2018,.
62933,.,-2.4053933,29.7876984,2018,.
62934,.,-2.4053933,29.7876984,2018,.
62935,.,-2.4053933,29.7876984,2018,.
62936,.,-2.4053933,29.7876984,2018,.
62937,.,-2.4053933,29.7876984,2018,.
62938,.,-2.4053933,29.7876984,2018,.
62939,.,-2.4053933,29.7876984,2018,.
62940,.,-2.4053933,29.7876984,2018,.
62941,.,-2.4053933,29.7876984,2018,.
62942,.,-2.4053933,29.7876984,2018,.
62943,.,-2.4053933,29.7876984,2018,.
62944,.,-2.4053933,29.7876984,2018,.
62945,.,-2.4053933,29.7876984,2018,.
62946,.,-2.4053933,29.7876984,2018,.
62947,.,-2.4053933,29.7876984,2018,.
62948,.,-2.4053933,29.7876984,2018,.
62949,.,-2.4053933,29.7876984,2018,.
62950,.,-2.4053933,29.7876984,2018,.
62951,.,-2.4053933,29.7876984,2018,.
62952,.,-2.4053933,29.7876984,2018,.
62953,.,-2.4053933,29.7876984,2018,.
62954,.,-2.4053933,29.7876984,2018,.
62955,.,-2.4053933,29.7876984,2018,.
62956,.,-2.4053933,29.7876984,2018,.
62957,.,-2.4053933,29.7876984,2018,.
62958,.,-2.4053933,29.7876984,2018,.
62959,.,-2.4053933,29.7876984,2018,.
62960,.,-2.4053933,29.7876984,2018,.
62961,.,-2.4053933,29.7876984,2018,.
62962,.,-2.4053933,29.7876984,2018,.
62963,.,-2.4053933,29.7876984,2018,.
62964,.,-2.4053933,29.7876984,2018,.
62965,.,-2.4053933,29.7876984,2018,.
62966,.,-2.4053933,29.7876984,2018,.
62967,.,-2.4053933,29.7876984,2018,.
62968,.,-2.4053933,29.7876984,2018,.
62969,.,-2.4053933,29.7876984,2018,.
62970,.,-2.4053933,29.7876984,2018,.
62971,.,-2.4053933,29.7876984,2018,.
62972,.,-2.4053933,29.7876984,2018,.
62973,.,-2.4053933,29.7876984,2018,.
62974,.,-2.4053933,29.7876984,2018,.
62975,.,-2.4053933,29.7876984,2018,.
62976,.,-2.4053933,29.7876984,2018,.
62977,.,-2.4053933,29.7876984,2018,.
62978,.,-2.4053933,29.7876984,2018,.
62979,.,-2.4053933,29.7876984,2018,.
62980,.,-2.4053933,29.7876984,2018,.
62981,.,-2.4053933,29.7876984,2018,.
62982,.,-2.4053933,29.7876984,2018,.
62983,.,-2.4053933,29.7876984,2018,.
62984,.,-2.4053933,29.7876984,2018,.
62985,.,-2.4053933,29.7876984,2018,.
62986,.,-2.4053933,29.7876984,2018,.
62987,.,-2.4053933,29.7876984,2018,.
62988,.,-2.4053933,29.7876984,2018,.
62989,.,-2.4053933,29.7876984,2018,.
62990,.,-2.4053933,29.7876984,2018,.
62991,.,-2.4053933,29.7876984,2018,.
62992,.,-2.4053933,29.7876984,2018,.
62993,.,-2.4053933,29.7876984,2018,.
62994,.,-1.4296702,29.7175909,2018,.
62995,.,-1.4296702,29.7175909,2018,.
62996,.,-1.4296702,29.7175909,2018,.
62997,.,-1.4296702,29.7175909,2018,.
62998,.,-1.4296702,29.7175909,2018,.
62999,.,-1.4296702,29.7175909,2018,.
63000,.,-1.4296702,29.7175909,2018,.
63001,.,-1.4296702,29.7175909,2018,.
63002,.,-1.4296702,29.7175909,2018,.
63003,.,-1.4296702,29.7175909,2018,.
63004,.,-1.4296702,29.7175909,2018,.
63005,.,-1.4296702,29.7175909,2018,.
63006,.,-1.4296702,29.7175909,2018,.
63007,.,-1.4296702,29.7175909,2018,.
63008,.,-1.4296702,29.7175909,2018,.
63009,.,-1.4296702,29.7175909,2018,.
63010,.,-1.4296702,29.7175909,2018,.
63011,.,-1.4296702,29.7175909,2018,.
63012,.,-1.50220104,29.76650483087,2018,.
63013,.,-1.504905806,29.7625387087941,2018,.
63014,.,-1.504905806,29.7625387087941,2018,.
63015,.,-1.502209364,29.7665483563309,2018,.
63016,.,-1.502209364,29.7665483563309,2018,.
63017,.,-1.502209364,29.7665483563309,2018,.
63018,.,-1.502688068,29.766278305161,2018,.
63019,.,-1.502688068,29.766278305161,2018,.
63020,.,-1.502688068,29.766278305161,2018,.
63021,.,-1.502863558,29.7663906451135,2018,.
63022,.,-1.502863558,29.7663906451135,2018,.
63023,.,-1.502863558,29.7663906451135,2018,.
63024,.,-1.502697517,29.7661932696682,2018,.
63025,.,-1.502697517,29.7661932696682,2018,.
63026,.,-1.502697517,29.7661932696682,2018,.
63027,.,-1.502492142,29.7690188403119,2018,.
63028,.,-1.502437486,29.7665493585859,2018,.
63029,.,-1.502437486,29.7665493585859,2018,.
63030,.,-1.502437486,29.7665493585859,2018,.
63031,.,-1.502647048,29.7662198118684,2018,.
63032,.,-1.502647048,29.7662198118684,2018,.
63033,.,-1.502484175,29.7665271378613,2018,.
63034,.,-1.502405052,29.7686894251029,2018,.
63035,.,-1.502405052,29.7686894251029,2018,.
63036,.,-1.502405052,29.7686894251029,2018,.
63037,.,-1.502445704,29.766088758393,2018,.
63038,.,-1.502445704,29.766088758393,2018,.
63039,.,-1.502445704,29.766088758393,2018,.
63040,.,-2.4361977,29.7752252,2018,.
63041,.,-2.476215942,29.7991700313443,2018,.
63042,.,-2.476215942,29.7991700313443,2018,.
63043,.,-2.476215942,29.7991700313443,2018,.
63044,.,-2.476215942,29.7991700313443,2018,.
63045,.,-2.476215942,29.7991700313443,2018,.
63046,.,-2.470058495,29.8064161152116,2018,.
63047,.,-2.470058495,29.8064161152116,2018,.
63048,.,-2.470058495,29.8064161152116,2018,.
63049,.,-2.470058495,29.8064161152116,2018,.
63050,.,-2.470058495,29.8064161152116,2018,.
63051,.,-2.4860046,29.8230908,2018,.
63052,.,-2.475385255,29.8056619278577,2018,.
63053,.,-2.475385255,29.8056619278577,2018,.
63054,.,-2.475385255,29.8056619278577,2018,.
63055,.,-2.475385255,29.8056619278577,2018,.
63056,.,-2.475385255,29.8056619278577,2018,.
63057,.,-2.32073325,29.8683273787714,2018,.
63058,.,-2.32073325,29.8683273787714,2018,.
63059,.,-2.32073325,29.8683273787714,2018,.
63060,.,-2.32073325,29.8683273787714,2018,.
63061,.,-2.32073325,29.8683273787714,2018,.
63062,.,-2.320276356,29.8686815630921,2018,.
63063,.,-2.320276356,29.8686815630921,2018,.
63064,.,-2.320276356,29.8686815630921,2018,.
63065,.,-2.320276356,29.8686815630921,2018,.
63066,.,-2.320276356,29.8686815630921,2018,.
63067,.,-2.4985943,29.7864277,2018,.
63068,.,-2.4985943,29.7864277,2018,.
63069,.,-2.4985943,29.7864277,2018,.
63070,.,-2.4985943,29.7864277,2018,.
63071,.,-2.4985943,29.7864277,2018,.
63072,.,-2.475320819,29.7994847043893,2018,.
63073,.,-2.475320819,29.7994847043893,2018,.
63074,.,-2.475320819,29.7994847043893,2018,.
63075,.,-2.475320819,29.7994847043893,2018,.
63076,.,-2.475320819,29.7994847043893,2018,.
63077,.,-2.321894774,29.8622161886078,2018,.
63078,.,-2.321894774,29.8622161886078,2018,.
63079,.,-2.321894774,29.8622161886078,2018,.
63080,.,-2.321894774,29.8622161886078,2018,.
63081,.,-2.321894774,29.8622161886078,2018,.
63082,.,-2.319394287,29.8684566360337,2018,.
63083,.,-2.319394287,29.8684566360337,2018,.
63084,.,-2.319394287,29.8684566360337,2018,.
63085,.,-2.319394287,29.8684566360337,2018,.
63086,.,-2.319394287,29.8684566360337,2018,.
63087,.,-2.718316667,29.5954466666666,2018,.
63088,.,-2.718316667,29.5954466666666,2018,.
63089,.,-2.319475841,29.8686695336712,2018,.
63090,.,-2.319475841,29.8686695336712,2018,.
63091,.,-2.319475841,29.8686695336712,2018,.
63092,.,-2.319475841,29.8686695336712,2018,.
63093,.,-2.319475841,29.8686695336712,2018,.
63094,.,-2.321972687,29.8622667509268,2018,.
63095,.,-2.321972687,29.8622667509268,2018,.
63096,.,-2.321972687,29.8622667509268,2018,.
63097,.,-2.321972687,29.8622667509268,2018,.
63098,.,-2.321972687,29.8622667509268,2018,.
63099,.,-2.320699065,29.8683590151258,2018,.
63100,.,-2.320699065,29.8683590151258,2018,.
63101,.,-2.320699065,29.8683590151258,2018,.
63102,.,-2.320699065,29.8683590151258,2018,.
63103,.,-2.320699065,29.8683590151258,2018,.
63104,.,-2.320447384,29.8685530322599,2018,.
63105,.,-2.320447384,29.8685530322599,2018,.
63106,.,-2.320447384,29.8685530322599,2018,.
63107,.,-2.320447384,29.8685530322599,2018,.
63108,.,-2.320447384,29.8685530322599,2018,.
63109,.,-2.722425,29.5935566666666,2018,.
63110,.,-2.475502051,29.8056098572739,2018,.
63111,.,-2.475502051,29.8056098572739,2018,.
63112,.,-2.475502051,29.8056098572739,2018,.
63113,.,-2.717731667,29.5936633333333,2018,.
63114,.,-2.717731667,29.5936633333333,2018,.
63115,.,-2.4859927,29.8233939,2018,.
63116,.,-2.4859927,29.8233939,2018,.
63117,.,-2.4859927,29.8233939,2018,.
63118,.,-2.4859927,29.8233939,2018,.
63119,.,-2.4859927,29.8233939,2018,.
63120,.,-2.474605242,29.7995625584046,2018,.
63121,.,-2.474605242,29.7995625584046,2018,.
63122,.,-2.474605242,29.7995625584046,2018,.
63123,.,-2.474605242,29.7995625584046,2018,.
63124,.,-2.474605242,29.7995625584046,2018,.
63125,.,-2.718293333,29.595415,2018,.
63126,.,-2.718293333,29.595415,2018,.
63127,.,-2.718351667,29.5954083333333,2018,.
63128,.,-2.718351667,29.5954083333333,2018,.
63129,.,-2.321600733,29.862249427869,2018,.
63130,.,-2.321600733,29.862249427869,2018,.
63131,.,-2.321600733,29.862249427869,2018,.
63132,.,-2.321600733,29.862249427869,2018,.
63133,.,-2.321600733,29.862249427869,2018,.
63134,.,-2.473906115,29.7998599954227,2018,.
63135,.,-2.473906115,29.7998599954227,2018,.
63136,.,-2.473906115,29.7998599954227,2018,.
63137,.,-2.473906115,29.7998599954227,2018,.
63138,.,-2.473906115,29.7998599954227,2018,.
63139,.,-2.322508381,29.8615692237509,2018,.
63140,.,-2.322508381,29.8615692237509,2018,.
63141,.,-2.322508381,29.8615692237509,2018,.
63142,.,-2.322508381,29.8615692237509,2018,.
63143,.,-2.322508381,29.8615692237509,2018,.
63144,.,-2.475504498,29.8055659581232,2018,.
63145,.,-2.475504498,29.8055659581232,2018,.
63146,.,-2.475504498,29.8055659581232,2018,.
63147,.,-2.475504498,29.8055659581232,2018,.
63148,.,-2.475504498,29.8055659581232,2018,.
63149,.,-2.720201667,29.5924633333333,2018,.
63150,.,-2.720201667,29.5924633333333,2018,.
63151,.,-2.32190082,29.8622866541657,2018,.
63152,.,-2.32190082,29.8622866541657,2018,.
63153,.,-2.32190082,29.8622866541657,2018,.
63154,.,-2.32190082,29.8622866541657,2018,.
63155,.,-2.32190082,29.8622866541657,2018,.
63156,.,-2.475388871,29.805703527692,2018,.
63157,.,-2.475388871,29.805703527692,2018,.
63158,.,-2.475388871,29.805703527692,2018,.
63159,.,-2.475388871,29.805703527692,2018,.
63160,.,-2.475388871,29.805703527692,2018,.
63161,.,-2.4822471,29.8517807,2018,.
63162,.,-2.4822471,29.8517807,2018,.
63163,.,-2.4822471,29.8517807,2018,.
63164,.,-2.4822471,29.8517807,2018,.
63165,.,-2.4822471,29.8517807,2018,.
63166,.,-2.32029901,29.8686810866486,2018,.
63167,.,-2.32029901,29.8686810866486,2018,.
63168,.,-2.32029901,29.8686810866486,2018,.
63169,.,-2.32029901,29.8686810866486,2018,.
63170,.,-2.32029901,29.8686810866486,2018,.
63171,.,-2.722676667,29.5933566666666,2018,.
63172,.,-2.473863327,29.7998772972076,2018,.
63173,.,-2.473863327,29.7998772972076,2018,.
63174,.,-2.473863327,29.7998772972076,2018,.
63175,.,-2.473863327,29.7998772972076,2018,.
63176,.,-2.473863327,29.7998772972076,2018,.
63177,.,-2.319386135,29.8684918268202,2018,.
63178,.,-2.319386135,29.8684918268202,2018,.
63179,.,-2.319386135,29.8684918268202,2018,.
63180,.,-2.319386135,29.8684918268202,2018,.
63181,.,-2.319386135,29.8684918268202,2018,.
63182,.,-2.475433236,29.8056254880157,2018,.
63183,.,-2.475433236,29.8056254880157,2018,.
63184,.,-2.475433236,29.8056254880157,2018,.
63185,.,-2.475433236,29.8056254880157,2018,.
63186,.,-2.475433236,29.8056254880157,2018,.
63187,.,-2.71829,29.59544,2018,.
63188,.,-2.71829,29.59544,2018,.
63189,.,-2.71829,29.59544,2018,.
63190,.,-2.320393788,29.8686181452431,2018,.
63191,.,-2.320393788,29.8686181452431,2018,.
63192,.,-2.320393788,29.8686181452431,2018,.
63193,.,-2.320393788,29.8686181452431,2018,.
63194,.,-2.320393788,29.8686181452431,2018,.
63195,.,-2.4709162,29.766738,2018,.
63196,.,-2.4709162,29.766738,2018,.
63197,.,-2.4709162,29.766738,2018,.
63198,.,-2.4709162,29.766738,2018,.
63199,.,-2.718273333,29.5954083333333,2018,.
63200,.,-2.717743333,29.5936483333333,2018,.
63201,.,-2.0578737,29.4858709,2018,.
63202,.,-2.0578737,29.4858709,2018,.
63203,.,-2.0578737,29.4858709,2018,.
63204,.,-2.0578737,29.4858709,2018,.
63205,.,-2.114219852,29.4749781325653,2018,.
63206,.,-2.114219852,29.4749781325653,2018,.
63207,.,-2.114219852,29.4749781325653,2018,.
63208,.,-2.416321745,29.211229378083,2018,.
63209,.,-2.416321745,29.211229378083,2018,.
63210,.,-2.118010848,29.4748063066781,2018,.
63211,.,-2.118010848,29.4748063066781,2018,.
63212,.,-2.406527576,29.2014182997944,2018,.
63213,.,-2.406527576,29.2014182997944,2018,.
63214,.,-2.406527576,29.2014182997944,2018,.
63215,.,-2.395679751,29.2053134524647,2018,.
63216,.,-2.395679751,29.2053134524647,2018,.
63217,.,-2.395679751,29.2053134524647,2018,.
63218,.,-2.416324616,29.211762333389,2018,.
63219,.,-2.416324616,29.211762333389,2018,.
63220,.,-2.416324616,29.211762333389,2018,.
63221,.,-2.0656915,29.5431745,2018,.
63222,.,-2.0656915,29.5431745,2018,.
63223,.,-2.0656915,29.5431745,2018,.
63224,.,-2.438002712,29.1955242408174,2018,.
63225,.,-2.438002712,29.1955242408174,2018,.
63226,.,-2.438002712,29.1955242408174,2018,.
63227,.,-2.130491754,29.4785336700561,2018,.
63228,.,-2.130491754,29.4785336700561,2018,.
63229,.,-2.130491754,29.4785336700561,2018,.
63230,.,-2.416328807,29.2112846421898,2018,.
63231,.,-2.416328807,29.2112846421898,2018,.
63232,.,-2.416328807,29.2112846421898,2018,.
63233,.,-2.416225137,29.2117162762866,2018,.
63234,.,-2.416225137,29.2117162762866,2018,.
63235,.,-2.416225137,29.2117162762866,2018,.
63236,.,-2.129338964,29.4784814015799,2018,.
63237,.,-2.129338964,29.4784814015799,2018,.
63238,.,-2.129338964,29.4784814015799,2018,.
63239,.,-2.412633322,29.2139653760645,2018,.
63240,.,-2.412633322,29.2139653760645,2018,.
63241,.,-2.412633322,29.2139653760645,2018,.
63242,.,-2.414433891,29.1959898686318,2018,.
63243,.,-2.414433891,29.1959898686318,2018,.
63244,.,-2.414433891,29.1959898686318,2018,.
63245,.,-2.0616161,29.5010162,2018,.
63246,.,-2.406558172,29.2015270712084,2018,.
63247,.,-2.406558172,29.2015270712084,2018,.
63248,.,-2.406558172,29.2015270712084,2018,.
63249,.,-2.133657608,29.4813811412048,2018,.
63250,.,-2.133657608,29.4813811412048,2018,.
63251,.,-2.133657608,29.4813811412048,2018,.
63252,.,-2.408218411,29.2118151401188,2018,.
63253,.,-2.408218411,29.2118151401188,2018,.
63254,.,-2.408218411,29.2118151401188,2018,.
63255,.,-2.0996449,29.4839545,2018,.
63256,.,-2.0996449,29.4839545,2018,.
63257,.,-2.1126661,29.492585,2018,.
63258,.,-2.1126661,29.492585,2018,.
63259,.,-2.1126661,29.492585,2018,.
63260,.,-2.407012986,29.2024753309026,2018,.
63261,.,-2.407012986,29.2024753309026,2018,.
63262,.,-2.407012986,29.2024753309026,2018,.
63263,.,-2.118119549,29.477581549342,2018,.
63264,.,-2.398480252,29.1992776131559,2018,.
63265,.,-2.398480252,29.1992776131559,2018,.
63266,.,-2.398480252,29.1992776131559,2018,.
63267,.,-2.399238129,29.1976475161258,2018,.
63268,.,-2.399238129,29.1976475161258,2018,.
63269,.,-2.399238129,29.1976475161258,2018,.
63270,.,-2.416250679,29.2117370793129,2018,.
63271,.,-2.416250679,29.2117370793129,2018,.
63272,.,-2.416250679,29.2117370793129,2018,.
63273,.,-2.4585392,28.9792444,2018,.
63274,.,-2.4585392,28.9792444,2018,.
63275,.,-2.4585392,28.9792444,2018,.
63276,.,-2.4585392,28.9792444,2018,.
63277,.,-2.4585392,28.9792444,2018,.
63278,.,-2.461064829,28.9706870123046,2018,.
63279,.,-2.461064829,28.9706870123046,2018,.
63280,.,-2.461064829,28.9706870123046,2018,.
63281,.,-2.461064829,28.9706870123046,2018,.
63282,.,-2.461064829,28.9706870123046,2018,.
63283,.,-2.46855,28.96139,2018,.
63284,.,-2.46855,28.96139,2018,.
63285,.,-2.46855,28.96139,2018,.
63286,.,-2.46855,28.96139,2018,.
63287,.,-2.46855,28.96139,2018,.
63288,.,-2.4585392,28.9792444,2018,.
63289,.,-2.4585392,28.9792444,2018,.
63290,.,-2.4585392,28.9792444,2018,.
63291,.,-2.459433627,28.971496316097,2018,.
63292,.,-2.459433627,28.971496316097,2018,.
63293,.,-2.459433627,28.971496316097,2018,.
63294,.,-2.459433627,28.971496316097,2018,.
63295,.,-2.459433627,28.971496316097,2018,.
63296,.,-2.4571592,28.979972,2018,.
63297,.,-2.4571592,28.979972,2018,.
63298,.,-2.4571592,28.979972,2018,.
63299,.,-2.4571592,28.979972,2018,.
63300,.,-2.4571592,28.979972,2018,.
63301,.,-2.459879794,28.9708017789932,2018,.
63302,.,-2.459879794,28.9708017789932,2018,.
63303,.,-2.459879794,28.9708017789932,2018,.
63304,.,-2.459879794,28.9708017789932,2018,.
63305,.,-2.459879794,28.9708017789932,2018,.
63306,.,-2.46258226,28.9706717713317,2018,.
63307,.,-2.46258226,28.9706717713317,2018,.
63308,.,-2.46258226,28.9706717713317,2018,.
63309,.,-2.46258226,28.9706717713317,2018,.
63310,.,-2.46258226,28.9706717713317,2018,.
63311,.,-2.461020415,28.9706717958007,2018,.
63312,.,-2.461020415,28.9706717958007,2018,.
63313,.,-2.461020415,28.9706717958007,2018,.
63314,.,-2.461020415,28.9706717958007,2018,.
63315,.,-2.461020415,28.9706717958007,2018,.
63316,.,-2.07382494277425,30.3383468407202,2018,.
63317,.,-2.07382494277425,30.3383468407202,2018,.
63318,.,-2.0768354,30.2925604,2018,.
63319,.,-2.07636229016525,30.3439750371644,2018,.
63320,.,-2.07636229016525,30.3439750371644,2018,.
63321,.,-2.0768354,30.2925604,2018,.
63322,.,-2.0768354,30.2925604,2018,.
63323,.,-2.0768354,30.2925604,2018,.
63324,.,-2.0768354,30.2925604,2018,.
63325,.,-2.0768354,30.2925604,2018,.
63326,.,-1.74414384424822,30.4940761254454,2018,.
63327,.,-1.74414384424822,30.4940761254454,2018,.
63328,.,-1.74262790562084,30.4966774893948,2018,.
63329,.,-1.74262790562084,30.4966774893948,2018,.
63330,.,-1.74262790562084,30.4966774893948,2018,.
63331,.,-1.74262790562084,30.4966774893948,2018,.
63332,.,-2.07636035132642,30.3439377323537,2018,.
63333,.,-1.74916562160446,30.4992182907015,2018,.
63334,.,-1.74916562160446,30.4992182907015,2018,.
63335,.,-1.74916562160446,30.4992182907015,2018,.
63336,.,-1.74582391284929,30.4958977455222,2018,.
63337,.,-1.74582391284929,30.4958977455222,2018,.
63338,.,-1.74582391284929,30.4958977455222,2018,.
63339,.,-1.74582391284929,30.4958977455222,2018,.
63340,.,-1.74582391284929,30.4958977455222,2018,.
63341,.,-2.07227140634949,30.3447444,2018,.
63342,.,-2.07227140634949,30.3447444,2018,.
63343,.,-2.07227140634949,30.3447444,2018,.
63344,.,-2.07227140634949,30.3447444,2018,.
63345,.,-2.07227140634949,30.3447444,2018,.
63346,.,-2.07166274252103,30.3447444,2018,.
63347,.,-2.07166274252103,30.3447444,2018,.
63348,.,-2.07166274252103,30.3447444,2018,.
63349,.,-2.07166274252103,30.3447444,2018,.
63350,.,-2.07000536925098,30.3447444,2018,.
63351,.,-2.07000536925098,30.3447444,2018,.
63352,.,-2.07000536925098,30.3447444,2018,.
63353,.,-2.07000536925098,30.3447444,2018,.
63354,.,-1.74633748473999,30.4929206921963,2018,.
63355,.,-1.74709745770136,30.4944378622256,2018,.
63356,.,-1.74709745770136,30.4944378622256,2018,.
63357,.,-1.74709745770136,30.4944378622256,2018,.
63358,.,-1.74709745770136,30.4944378622256,2018,.
63359,.,-2.07352376017713,30.3417004236345,2018,.
63360,.,-2.07352376017713,30.3417004236345,2018,.
63361,.,-2.07352376017713,30.3417004236345,2018,.
63362,.,-1.74273332007382,30.4979798903774,2018,.
63363,.,-1.74273332007382,30.4979798903774,2018,.
63364,.,-1.3830033875187,30.2579723526844,2018,.
63365,.,-1.38300220975093,30.26685,2018,.
63366,.,-1.38300220975093,30.26685,2018,.
63367,.,-1.38300220975093,30.26685,2018,.
63368,.,-1.3803561,30.26685,2018,.
63369,.,-1.3797827467776,30.2570665274215,2018,.
63370,.,-1.3797827467776,30.2570665274215,2018,.
63371,.,-1.3797827467776,30.2570665274215,2018,.
63372,.,-1.3797827467776,30.2570665274215,2018,.
63373,.,-1.3797827467776,30.2570665274215,2018,.
63374,.,-1.3803561,30.26685,2018,.
63375,.,-1.3803561,30.26685,2018,.
63376,.,-1.3803561,30.26685,2018,.
63377,.,-1.3803561,30.26685,2018,.
63378,.,-1.3803561,30.26685,2018,.
63379,.,-1.3803561,30.26685,2018,.
63380,.,-1.2973236,30.323911,2018,.
63381,.,-1.2973236,30.323911,2018,.
63382,.,-1.3759964125579,30.26685,2018,.
63383,.,-1.3759964125579,30.26685,2018,.
63384,.,-1.3759964125579,30.26685,2018,.
63385,.,-1.38386102578355,30.26685,2018,.
63386,.,-1.3803561,30.26685,2018,.
63387,.,-1.3803561,30.26685,2018,.
63388,.,-1.3803561,30.26685,2018,.
63389,.,-1.3803561,30.26685,2018,.
63390,.,-1.94251156,29.3933051738764,2018,.
63391,.,-1.94251156,29.3933051738764,2018,.
63392,.,-1.94251156,29.3933051738764,2018,.
63393,.,-1.941664811,29.3948964846416,2018,.
63394,.,-1.941664811,29.3948964846416,2018,.
63395,.,-1.941664811,29.3948964846416,2018,.
63396,.,-2.115516827,29.3182064170501,2018,.
63397,.,-2.115516827,29.3182064170501,2018,.
63398,.,-2.115516827,29.3182064170501,2018,.
63399,.,-2.115516827,29.3182064170501,2018,.
63400,.,-1.942511417,29.3933401280094,2018,.
63401,.,-1.942511417,29.3933401280094,2018,.
63402,.,-1.942511417,29.3933401280094,2018,.
63403,.,-1.942417124,29.3932243049673,2018,.
63404,.,-1.942417124,29.3932243049673,2018,.
63405,.,-1.942417124,29.3932243049673,2018,.
63406,.,-1.942463007,29.3932767233082,2018,.
63407,.,-1.942463007,29.3932767233082,2018,.
63408,.,-1.942463007,29.3932767233082,2018,.
63409,.,-2.361233795,29.0840992992035,2018,.
63410,.,-2.361233795,29.0840992992035,2018,.
63411,.,-2.361233795,29.0840992992035,2018,.
63412,.,-2.117963236,29.3168246214962,2018,.
63413,.,-2.117963236,29.3168246214962,2018,.
63414,.,-2.117963236,29.3168246214962,2018,.
63415,.,-2.117963236,29.3168246214962,2018,.
63416,.,-2.117963236,29.3168246214962,2018,.
63417,.,-2.1040409,29.332183,2018,.
63418,.,-2.1040409,29.332183,2018,.
63419,.,-2.1040409,29.332183,2018,.
63420,.,-2.1040409,29.332183,2018,.
63421,.,-2.1040409,29.332183,2018,.
63422,.,-1.942442879,29.3932900534022,2018,.
63423,.,-1.942442879,29.3932900534022,2018,.
63424,.,-1.942442879,29.3932900534022,2018,.
63425,.,-1.942482884,29.3933059756189,2018,.
63426,.,-1.942482884,29.3933059756189,2018,.
63427,.,-1.942482884,29.3933059756189,2018,.
63428,.,-1.941459477,29.3935784413428,2018,.
63429,.,-1.941459477,29.3935784413428,2018,.
63430,.,-1.941459477,29.3935784413428,2018,.
63431,.,-2.137298958,29.3389953879398,2018,.
63432,.,-2.137298958,29.3389953879398,2018,.
63433,.,-2.137298958,29.3389953879398,2018,.
63434,.,-2.137298958,29.3389953879398,2018,.
63435,.,-2.1334839,29.3432201,2018,.
63436,.,-2.1334839,29.3432201,2018,.
63437,.,-2.109670129,29.3151836561019,2018,.
63438,.,-1.947224976,29.3934828730714,2018,.
63439,.,-1.947224976,29.3934828730714,2018,.
63440,.,-1.947224976,29.3934828730714,2018,.
63441,.,-2.112845684,29.3151061840753,2018,.
63442,.,-2.112845684,29.3151061840753,2018,.
63443,.,-2.112845684,29.3151061840753,2018,.
63444,.,-2.362746033,29.0920806419616,2018,.
63445,.,-2.362746033,29.0920806419616,2018,.
63446,.,-2.362746033,29.0920806419616,2018,.
63447,.,-2.362746033,29.0920806419616,2018,.
63448,.,-1.942442935,29.3932901987973,2018,.
63449,.,-1.942442935,29.3932901987973,2018,.
63450,.,-1.942442935,29.3932901987973,2018,.
63451,.,-2.105766641,29.3157977998972,2018,.
63452,.,-2.105766641,29.3157977998972,2018,.
63453,.,-2.105766641,29.3157977998972,2018,.
63454,.,-2.105766641,29.3157977998972,2018,.
63455,.,-2.105766641,29.3157977998972,2018,.
63456,.,-1.941242804,29.3937758177538,2018,.
63457,.,-2.53596,29.85302,2018,.
63458,.,-2.53596,29.85302,2018,.
63459,.,-2.53596,29.85302,2018,.
63460,.,-2.53596,29.85302,2018,.
63461,.,-2.53596,29.85302,2018,.
63462,.,-2.53596,29.85302,2018,.
63463,.,-2.53596,29.85302,2018,.
63464,.,-2.53596,29.85302,2018,.
63465,.,-2.53596,29.85302,2018,.
63466,.,-2.53596,29.85302,2018,.
63467,.,-2.53596,29.85302,2018,.
63468,.,-2.53596,29.85302,2018,.
63469,.,-2.53596,29.85302,2018,.
63470,.,-2.53596,29.85302,2018,.
63471,.,-2.53596,29.85302,2018,.
63472,.,-2.53596,29.85302,2018,.
63473,.,-2.53596,29.85302,2018,.
63474,.,-2.53596,29.85302,2018,.
63475,.,-2.53596,29.85302,2018,.
63476,.,-2.53596,29.85302,2018,.
63477,.,-2.53596,29.85302,2018,.
63478,.,-2.53596,29.85302,2018,.
63479,.,-2.53596,29.85302,2018,.
63480,.,-2.53596,29.85302,2018,.
63481,.,-2.53596,29.85302,2018,.
79607,.,0.1066074,34.4081412,2018,.
79608,.,0.1014131,34.384829,2018,.
79609,.,0.1012095,34.3848015,2018,.
79610,.,0.1055866,34.4074254,2018,.
79611,.,0.1180277,34.4093544,2018,.
79612,.,0.1000328,34.3811907,2018,.
79613,.,0.1073661,34.4049371,2018,.
79614,.,-0.1013563,34.2754663,2018,.
79615,.,0.1183486,34.4088567,2018,.
79616,.,0.1074102,34.4089264,2018,.
79617,.,0.1066125,34.4081818,2018,.
79618,.,0.107574,34.4088709,2018,.
79619,.,0.0542705999261692,34.2898458313324,2018,.
79620,.,0.0152286675968726,34.3353099738372,2018,.
79621,.,0.0196389,34.2252834,2018,.
79622,.,0.0136955342634936,34.3355026013018,2018,.
79623,.,0.0047531,34.2224781,2018,.
79624,.,0.0094108354779289,34.320923395097,2018,.
79625,.,0.0097960581732103,34.2972146125783,2018,.
79626,.,0.006514,34.2244613,2018,.
79627,.,0.0087289458756607,34.3198858459618,2018,.
79628,.,0.0464267594384347,34.240019684297,2018,.
79629,.,-0.0158525255446669,34.2483061784969,2018,.
79630,.,0.0209986709161072,34.3199889163385,2018,.
79631,.,0.0078962469731464,34.2649876182088,2018,.
79632,.,0.0539491819517995,34.2529684070819,2018,.
79633,.,0.0319133253260002,34.3175128287887,2018,.
79634,.,0.0145294708458277,34.3334493464454,2018,.
79635,.,0.009778829252744,34.2951681148839,2018,.
79636,.,0.0105219785282085,34.3232774265579,2018,.
79637,.,0.0145527105915257,34.3334720499643,2018,.
79638,.,0.0072664508633937,34.3215885392409,2018,.
79639,.,0.0539894778705302,34.2529811387834,2018,.
79640,.,0.0204902,34.2252737,2018,.
79641,.,0.0201559406393103,34.3200795447014,2018,.
79642,.,0.0105694128247833,34.3233450057568,2018,.
79643,.,0.0542128065589041,34.2899015190104,2018,.
79644,.,0.0204651,34.2252289,2018,.
79645,.,0.0065324,34.2245437,2018,.
79646,.,0.052815964890194,34.2573839551575,2018,.
79647,.,0.0096190222580945,34.2965082836794,2018,.
79648,.,0.0389110659019911,34.2638658334107,2018,.
79649,.,0.0049034,34.1282179,2018,.
79650,.,-0.0355138,34.0916543,2018,.
79651,.,-0.0352916,34.0873628,2018,.
79652,.,-0.0071905895599283,34.1128829139102,2018,.
79653,.,-0.0293055,34.0969948,2018,.
79654,.,-0.0355724,34.0916422,2018,.
79655,.,-0.0111307127030067,34.1744282775255,2018,.
79656,.,0.005097143518132,34.1254630792891,2018,.
79657,.,-0.0016349363323841,34.1219054446861,2018,.
79658,.,0.0070742,34.1292739,2018,.
79659,.,0.0048003,34.1282902,2018,.
79660,.,0.0075033,34.1273651,2018,.
79661,.,0.015943654712177,34.1060076891472,2018,.
79662,.,-0.0363714,34.0931516,2018,.
79663,.,0.0045719,34.1284035,2018,.
79664,.,0.0071648,34.1292179,2018,.
79665,.,0.0126685623503009,34.1161317808294,2018,.
79666,.,-0.0309903,34.0884024,2018,.
79667,.,-0.029247,34.0968598,2018,.
79668,.,-0.0352728,34.0873974,2018,.
79669,.,0.008276,34.1269851,2018,.
79670,.,0.008344677249266,34.1270361867036,2018,.
79671,.,-0.030462,34.0870723,2018,.
79672,.,-0.0357281,34.0881416,2018,.
79673,.,0.0049124584654201,34.1255807140536,2018,.
79674,.,-0.007141936989306,34.1129061118391,2018,.
79675,.,-0.0310443,34.088443,2018,.
79676,.,-0.0063908836789558,34.1121578083903,2018,.
79677,.,0.1111717,34.1710101,2018,.
79678,.,0.0924434824862418,34.2141623138132,2018,.
79679,.,0.0904562506394642,34.2060266474583,2018,.
79680,.,0.0557160662665625,34.2283727639259,2018,.
79681,.,0.0850121987687553,34.1999515064115,2018,.
79682,.,0.0502300026415624,34.2267224792945,2018,.
79683,.,0.1133152,34.1715849,2018,.
79684,.,0.0908920081140212,34.2087007934468,2018,.
79685,.,0.1112503,34.170915,2018,.
79686,.,0.0776236,34.2073691,2018,.
79687,.,0.0772115,34.2076966,2018,.
79688,.,0.0776285,34.2074028,2018,.
79689,.,0.0841603737611437,34.3017932490194,2018,.
79690,.,0.0942321139795845,34.3002737004155,2018,.
79691,.,0.121487228418514,34.3223714838414,2018,.
79692,.,0.124358551698478,34.3243077860537,2018,.
79693,.,0.121781252503907,34.3172963257997,2018,.
79694,.,0.0953906869474858,34.3081839190864,2018,.
79695,.,0.0956163250956909,34.3083806589537,2018,.
79696,.,0.0940102108407553,34.3001414624644,2018,.
79697,.,0.124432372239184,34.3243991545472,2018,.
79698,.,0.122049548493952,34.3157525453266,2018,.
79699,.,0.0853089536977044,34.259251237995,2018,.
79700,.,0.121623499861869,34.2996307818083,2018,.
79701,.,0.117548779502834,34.3070429509273,2018,.
79702,.,0.121691663297681,34.2994097933921,2018,.
79703,.,0.122722079693673,34.3034775726436,2018,.
79704,.,0.0781196876666433,34.2611117294039,2018,.
79705,.,0.10453511230735,34.291629895026,2018,.
79706,.,0.108579879754283,34.2917009919459,2018,.
79707,.,0.121184796510917,34.301792841209,2018,.
79708,.,0.0524243077083905,34.3570536819847,2018,.
79709,.,0.0401940850562518,34.3372064036991,2018,.
79710,.,0.120350429123119,34.3047919318313,2018,.
79711,.,0.0589165722312369,34.339291297275,2018,.
79712,.,0.0533316008741052,34.3521903868793,2018,.
79713,.,0.0400684790962836,34.3379485590254,2018,.
79714,.,0.0533316008741052,34.3521903868793,2018,.
79715,.,0.0488429323753246,34.3552975018028,2018,.
79716,.,0.0320175851442483,34.3648220063955,2018,.
79717,.,0.0292071284626505,34.3646330344414,2018,.
79718,.,0.0588962379924946,34.3392126132462,2018,.
79719,.,0.118438241079241,34.3075958733831,2018,.
79720,.,0.0904338,34.3373002,2018,.
79721,.,0.1010402,34.3592867,2018,.
79722,.,0.0905553,34.337001,2018,.
79723,.,0.1204012,34.3516155,2018,.
79724,.,0.1207359,34.3513242,2018,.
79725,.,0.1025714,34.333995,2018,.
79726,.,0.0903726,34.3372346,2018,.
79727,.,0.1052622,34.3329475,2018,.
79728,.,0.1025727,34.3340249,2018,.
79729,.,0.1206617,34.3513511,2018,.
79730,.,0.1013907,34.3626339,2018,.
79731,.,-0.0150197,34.5217838,2018,.
79732,.,0.006501,34.5135574,2018,.
79733,.,-0.0146998,34.519121,2018,.
79734,.,-0.0156638,34.5219102,2018,.
79735,.,-0.0145193,34.5198701,2018,.
79736,.,-0.0146606,34.5191005,2018,.
79737,.,0.0094089,34.5116677,2018,.
79738,.,0.0113197,34.5142059,2018,.
79739,.,-0.0149893,34.5219619,2018,.
79740,.,0.0056167,34.5140913,2018,.
79741,.,-0.0155051,34.5213025,2018,.
79742,.,0.0831324227481668,34.3377604173131,2018,.
79743,.,0.077390495239421,34.3398076568875,2018,.
79744,.,0.0773797138935374,34.3398079556042,2018,.
79745,.,0.0913974948511039,34.3510915491465,2018,.
79746,.,0.0831212553128102,34.3377790777236,2018,.
79747,.,0.0777388399527291,34.3391597245429,2018,.
79748,.,0.092668798439297,34.3541689191234,2018,.
79749,.,0.101238172907227,34.349958011105,2018,.
79750,.,0.095104700794441,34.3571304683611,2018,.
79751,.,0.0913044729983796,34.3510889139448,2018,.
79752,.,0.0831310016597424,34.3360354706952,2018,.
79753,.,0.176936,34.2664742,2018,.
79754,.,0.2138758,34.2639171,2018,.
79755,.,0.1919808,34.2766123,2018,.
79756,.,0.2148165,34.2644701,2018,.
79757,.,0.17391,34.2655052,2018,.
79758,.,0.1925571,34.2743996,2018,.
79759,.,0.1769329,34.2664704,2018,.
79760,.,0.1922943,34.2763412,2018,.
79761,.,0.1851705,34.2572793,2018,.
79762,.,0.1852669,34.2573155,2018,.
79763,.,0.2138676,34.2638609,2018,.
79764,.,-0.351015985202744,35.0696689566539,2018,.
79765,.,-0.357847999749995,35.0719195609232,2018,.
79766,.,-0.364074855747304,35.0709627104154,2018,.
79767,.,-0.351028580900184,35.0696725793745,2018,.
79768,.,-0.363927626197433,35.0711038213437,2018,.
79769,.,-0.358427597300162,35.0711336331712,2018,.
79770,.,-0.356830054488277,35.0732104613159,2018,.
79771,.,-0.356830054488277,35.0732104613159,2018,.
79772,.,-0.349510732650786,35.0687553023499,2018,.
79773,.,-0.364024838855742,35.0980951365571,2018,.
79774,.,-0.375926653319659,35.0905125272475,2018,.
79775,.,-0.375905876141586,35.090525668567,2018,.
79776,.,-0.363809544431575,35.0974991879629,2018,.
79777,.,-0.358552572205161,35.0783674244174,2018,.
79778,.,-0.375861836824476,35.0900207283654,2018,.
79779,.,-0.357126054038209,35.0792302608071,2018,.
79780,.,-0.358848825407065,35.0781092397785,2018,.
79781,.,-0.357648454695106,35.1067237557989,2018,.
79782,.,-0.303759604698182,35.1240202819797,2018,.
79783,.,-0.304348568369479,35.1320260169957,2018,.
79784,.,-0.312272474881291,35.1268011300217,2018,.
79785,.,-0.312374067722547,35.126812819115,2018,.
79786,.,-0.311128137280422,35.1307587101565,2018,.
79787,.,-0.303707829969083,35.124937611114,2018,.
79788,.,-0.304246320522412,35.1321285128286,2018,.
79789,.,-0.282905117120507,35.0937719340824,2018,.
79790,.,-0.317078131533289,35.1313450963702,2018,.
79791,.,-0.282905117120507,35.0937719340824,2018,.
79792,.,-0.509137097269161,35.1345682130765,2018,.
79793,.,-0.507079139263086,35.1447165100941,2018,.
79794,.,-0.505236062506892,35.1450524710218,2018,.
79795,.,-0.526949254088572,35.1525136167961,2018,.
79796,.,-0.526920128233191,35.1524534752074,2018,.
79797,.,-0.511905499946312,35.1332253578717,2018,.
79798,.,-0.509904614922624,35.144562365613,2018,.
79799,.,-0.507997691806681,35.1452523874037,2018,.
79800,.,-0.507091992268629,35.1461962571303,2018,.
79801,.,-0.50926539491612,35.1344146123911,2018,.
79802,.,-0.346800241053387,35.1861674609428,2018,.
79803,.,-0.362598951839577,35.1979228978628,2018,.
79804,.,-0.347311525133951,35.1859159336393,2018,.
79805,.,-0.338374221152835,35.1983880361576,2018,.
79806,.,-0.322324014258984,35.195920702094,2018,.
79807,.,-0.338444112140198,35.1984166587788,2018,.
79808,.,-0.361962467187663,35.1980139966774,2018,.
79809,.,-0.323421931852819,35.1948553381986,2018,.
79810,.,-0.323196809276983,35.1948691181001,2018,.
79811,.,-0.322325807614967,35.1959259254762,2018,.
79812,.,-0.325096531182181,35.2582633177241,2018,.
79813,.,-0.324748247932914,35.2713841594042,2018,.
79814,.,-0.320019713636899,35.2895841373103,2018,.
79815,.,-0.325156772485802,35.2727676522266,2018,.
79816,.,-0.325895257152095,35.2601849219334,2018,.
79817,.,-0.325156772485802,35.2727676522266,2018,.
79818,.,-0.307373380306775,35.2794575459562,2018,.
79819,.,-0.319930399180082,35.2888878225174,2018,.
79820,.,-0.307641622981633,35.2794740803914,2018,.
79821,.,-0.305607397876491,35.278378546967,2018,.
79822,.,-0.325096531182181,35.2582633177241,2018,.
79823,.,-0.282558002143205,35.2966742207511,2018,.
79824,.,-0.270085439052938,35.2614382134848,2018,.
79825,.,-0.284490180156502,35.2847191553702,2018,.
79826,.,-0.284428961488699,35.28470860868,2018,.
79827,.,-0.28260730811237,35.2967134626944,2018,.
79828,.,-0.270747336091251,35.2777525320305,2018,.
79829,.,-0.283442766692993,35.2962823230865,2018,.
79830,.,-0.270486867781999,35.277447206958,2018,.
79831,.,-0.270530617722972,35.2620728318089,2018,.
79832,.,-0.602601807039376,35.2028757016066,2018,.
79833,.,-0.597259365991601,35.2004449192608,2018,.
79834,.,-0.592477957756468,35.2077411873398,2018,.
79835,.,-0.591926237589615,35.2077993127873,2018,.
79836,.,-0.596062023739682,35.2069698395204,2018,.
79837,.,-0.603369897616393,35.2046882124445,2018,.
79838,.,-0.594908208583465,35.2071247614436,2018,.
79839,.,-0.597509964795486,35.2006475845313,2018,.
79840,.,-0.451341091783691,35.1929925319513,2018,.
79841,.,-0.449130031552987,35.1932052417176,2018,.
79842,.,-0.448915779868366,35.1934385156727,2018,.
79843,.,-0.441632928431463,35.1886566648533,2018,.
79844,.,-0.442420264900619,35.1889831422351,2018,.
79845,.,-0.450640458432458,35.1923035393475,2018,.
79846,.,-0.45234627881813,35.2004600425469,2018,.
79847,.,-0.45099456221801,35.1976169159249,2018,.
79848,.,-0.929919434711337,34.6667956374586,2018,.
79849,.,-0.92943315859884,34.6690674684942,2018,.
79850,.,-0.917442636564374,34.6735212765634,2018,.
79851,.,-0.9327577566728,34.674635482952,2018,.
79852,.,-0.934952599927783,34.6733117289841,2018,.
79853,.,-0.917124249972403,34.6743246819824,2018,.
79854,.,-0.917597743682563,34.6735382080078,2018,.
79855,.,-0.8497953,34.8737992,2018,.
79856,.,-0.8529489,34.872945,2018,.
79857,.,-0.8507225,34.8722445,2018,.
79858,.,-0.8482768,34.8748853,2018,.
79859,.,-0.852904,34.8729377,2018,.
79860,.,-0.8483054,34.8749714,2018,.
79861,.,-0.917876064777374,34.8154388833791,2018,.
79862,.,-0.914307259954512,34.8065486177802,2018,.
79863,.,-0.935863922350109,34.8200601618737,2018,.
79864,.,-0.918345912359655,34.7994142770767,2018,.
79865,.,-0.916181202046573,34.8055426217616,2018,.
79866,.,-0.936953821219504,34.8190499749035,2018,.
79867,.,-0.935822809115052,34.8200738243759,2018,.
79868,.,-0.913648316636682,34.8146148584783,2018,.
79869,.,-0.8551772,34.6750579,2018,.
79870,.,-0.8545414,34.6875427,2018,.
79871,.,-0.8557121,34.6876519,2018,.
79872,.,-0.8552067,34.6750395,2018,.
79873,.,-0.849807,34.6787056,2018,.
79874,.,-0.8496233,34.6800521,2018,.
79875,.,-0.8559337,34.6799532,2018,.
79876,.,-0.940099381841719,34.7123917657882,2018,.
79877,.,-0.931177390739322,34.7178636398166,2018,.
79878,.,-0.939454394392669,34.7124099545181,2018,.
79879,.,-0.926967998966575,34.7183247283101,2018,.
79880,.,-0.953623163513839,34.7066889703274,2018,.
79881,.,-0.95320934895426,34.7073576785624,2018,.
79882,.,-0.939579159021378,34.7119255643338,2018,.
79883,.,-0.922409878112376,34.6985075622797,2018,.
79884,.,-0.901445690542459,34.7083296440542,2018,.
79885,.,-0.902402233332396,34.6999533567578,2018,.
79886,.,-0.901459520682693,34.7058525402099,2018,.
79887,.,-0.901547446846962,34.7057138197124,2018,.
79888,.,-0.90215815231204,34.7002754732966,2018,.
79889,.,-0.92248803935945,34.6984820812941,2018,.
79890,.,-0.923322206363082,34.6993325091898,2018,.
79891,.,-0.9718029,34.6747733,2018,.
79892,.,-0.9619168,34.6877206,2018,.
79893,.,-0.9634679,34.6875891,2018,.
79894,.,-0.9710102,34.675153,2018,.
79895,.,-0.9695045,34.6936967,2018,.
79896,.,-0.968688,34.6948344,2018,.
79897,.,-0.95560921356082,34.6437224373221,2018,.
79898,.,-0.947198853828013,34.6441101003438,2018,.
79899,.,-0.95506418030709,34.6427534893155,2018,.
79900,.,-0.927505781874061,34.6958690229803,2018,.
79901,.,-0.951368557289243,34.6384599432349,2018,.
79902,.,-0.955438264645636,34.6437286399305,2018,.
79903,.,-0.94621829688549,34.6426133438945,2018,.
79904,.,-0.946043701842427,34.6428477857262,2018,.
79905,.,-0.880054109729826,34.79059567675,2018,.
79906,.,-0.87924265768379,34.791420456022,2018,.
79907,.,-0.8655076,34.769688,2018,.
79908,.,-0.883792941458523,34.8113825451583,2018,.
79909,.,-0.875682444311678,34.7855175845325,2018,.
79910,.,-0.889842202886939,34.8195144161582,2018,.
79911,.,-0.8852938,34.7896342,2018,.
79912,.,-0.8845674,34.7897637,2018,.
79913,.,-0.8155462,34.7106185,2018,.
79914,.,-0.8354469,34.7208899,2018,.
79915,.,-0.7898538,34.7052786,2018,.
79916,.,-0.8853744,34.7896608,2018,.
79917,.,-0.871901661157608,34.8284752573818,2018,.
79918,.,-0.885316478088498,34.8393941950053,2018,.
79919,.,-0.871884603984654,34.8284845612943,2018,.
79920,.,-0.869669769890606,34.8226396925747,2018,.
79921,.,-0.884670233353972,34.8392377048731,2018,.
79922,.,-0.870649069547653,34.827117305249,2018,.
79923,.,-0.867948546074331,34.8240472655743,2018,.
79924,.,-0.91237585991621,34.6496160048991,2018,.
79925,.,-0.949974437244236,34.6560159232467,2018,.
79926,.,-0.950948749668896,34.655456347391,2018,.
79927,.,-0.950664184056222,34.6561202779412,2018,.
79928,.,-0.912842564284801,34.6511522401124,2018,.
79929,.,-0.911422334611416,34.6502543706447,2018,.
79930,.,-0.924061238765717,34.6607004851103,2018,.
79931,.,-0.923902485519648,34.658929137513,2018,.
79932,.,-0.8608788,34.6457318,2018,.
79933,.,-0.8677058,34.6605413,2018,.
79934,.,-0.8675525,34.6606129,2018,.
79935,.,-0.8597277,34.6525551,2018,.
79936,.,-0.8632881,34.6532544,2018,.
79937,.,-0.8541154,34.8372997,2018,.
79938,.,-0.854111,34.8373991,2018,.
79939,.,-0.8628272,34.8320179,2018,.
79940,.,-0.8659349,34.8306228,2018,.
79941,.,-0.8559932,34.8310172,2018,.
79942,.,-0.865918,34.8305768,2018,.
79943,.,-0.8558711,34.8314618,2018,.
79944,.,-0.8867511,34.7005156,2018,.
79945,.,-0.8861709,34.7025238,2018,.
79946,.,-0.8867252,34.7006198,2018,.
79947,.,-0.8861916,34.7025803,2018,.
79948,.,-0.8906037,34.7031637,2018,.
79949,.,-0.8894714,34.6890168,2018,.
79950,.,-0.888664,34.7011904,2018,.
79951,.,-0.8812063,34.8138678,2018,.
79952,.,-0.8701643,34.8165458,2018,.
79953,.,-0.8778416,34.8078514,2018,.
79954,.,-0.8812292,34.813919,2018,.
79955,.,-0.8703364,34.8155626,2018,.
79956,.,-0.8701639,34.8150484,2018,.
79957,.,-0.818905653432012,34.7556281369179,2018,.
79958,.,-0.826523420400918,34.7646176442504,2018,.
79959,.,-0.818103798665106,34.7555977106094,2018,.
79960,.,-0.8150574,34.7624944,2018,.
79961,.,-0.82654990721494,34.7646690253168,2018,.
79962,.,-0.8150656,34.7625299,2018,.
79963,.,-0.830484707839787,34.7648380883038,2018,.
79964,.,-0.8175042,34.7781969,2018,.
79965,.,0.4415635,34.5551447,2018,.
79966,.,0.427741,34.5524143,2018,.
79967,.,0.4422193,34.5551763,2018,.
79968,.,0.4280062,34.5521589,2018,.
79969,.,0.4329751,34.5446384,2018,.
79970,.,0.4415416,34.5551569,2018,.
79971,.,0.4320084,34.5481284,2018,.
79972,.,0.4334361,34.5438005,2018,.
79973,.,0.552324,34.6494398,2018,.
79974,.,0.5454524,34.6364096,2018,.
79975,.,0.5592501,34.6505576,2018,.
79976,.,0.5454506,34.6363769,2018,.
79977,.,0.5454236,34.6356839,2018,.
79978,.,0.5579942,34.6513592,2018,.
79979,.,0.5331189,34.6189808,2018,.
79980,.,0.5339817,34.6184197,2018,.
79981,.,0.5331724,34.6387074,2018,.
79982,.,0.5142483,34.6235918,2018,.
79983,.,0.5332151,34.638698,2018,.
79984,.,0.5345643,34.6375228,2018,.
79985,.,0.4916513,34.6444893,2018,.
79986,.,0.4923518,34.6397609,2018,.
79987,.,0.4949236,34.6441293,2018,.
79988,.,0.4903165,34.6422437,2018,.
79989,.,0.4898725,34.6412684,2018,.
79990,.,0.4907796,34.6418477,2018,.
79991,.,0.4923674,34.6398433,2018,.
79992,.,0.4936822,34.6446086,2018,.
79993,.,0.4728398,34.6456977,2018,.
79994,.,0.4900527,34.6115883,2018,.
79995,.,0.4718443,34.6432354,2018,.
79996,.,0.471809,34.643497,2018,.
79997,.,0.4996495,34.6134969,2018,.
79998,.,0.4996225,34.6134417,2018,.
79999,.,0.4727919,34.6456338,2018,.
80000,.,0.4743676,34.645693,2018,.
80001,.,0.4709263,34.6436083,2018,.
80002,.,0.5300382,34.5246424,2018,.
80003,.,0.5301831,34.5402277,2018,.
80004,.,0.5222004,34.53838,2018,.
80005,.,0.5300382,34.5246424,2018,.
80006,.,0.5215626,34.5372602,2018,.
80007,.,0.5181555,34.5199812,2018,.
80008,.,0.5222199,34.5382837,2018,.
80009,.,0.5179417,34.5198168,2018,.
80010,.,0.5162767,34.5198027,2018,.
80011,.,0.5751126,34.5343631,2018,.
80012,.,0.5737312,34.5343453,2018,.
80013,.,0.5513919,34.5468398,2018,.
80014,.,0.5511288,34.5451638,2018,.
80015,.,0.5514204,34.546981,2018,.
80016,.,0.5607596,34.5280498,2018,.
80017,.,0.4635396,34.54,2018,.
80018,.,0.4630297,34.5417768,2018,.
80019,.,0.4779253,34.5497775,2018,.
80020,.,0.4898698,34.5352665,2018,.
80021,.,0.4635096,34.5399689,2018,.
80022,.,0.4781798,34.5509394,2018,.
80023,.,0.4898345,34.535264,2018,.
80024,.,0.489966,34.5364308,2018,.
80025,.,0.4778835,34.5497148,2018,.
80026,.,0.4684169,34.50864,2018,.
80027,.,0.4566799,34.5292427,2018,.
80028,.,0.4438284,34.5298158,2018,.
80029,.,0.4693524,34.5083058,2018,.
80030,.,0.4438953,34.5297612,2018,.
80031,.,0.4446441,34.5303384,2018,.
80032,.,0.4437298,34.5296232,2018,.
80033,.,0.4567284,34.5285912,2018,.
80034,.,0.2573558,34.1928183,2018,.
80035,.,0.2856927,34.1849016,2018,.
80036,.,0.3030598,34.1845971,2018,.
80037,.,0.2856942,34.1848836,2018,.
80038,.,0.2788215,34.1808963,2018,.
80039,.,0.2842398,34.1855625,2018,.
80040,.,0.2698286,34.1714258,2018,.
80041,.,0.2790181,34.1777505,2018,.
80042,.,0.2793036,34.1757062,2018,.
80043,.,0.263559,34.1922455,2018,.
80044,.,0.2899606,34.2157528,2018,.
80045,.,0.290819,34.2246184,2018,.
80046,.,0.2899607,34.2156171,2018,.
80047,.,0.3290545,34.2056558,2018,.
80048,.,0.3040166,34.1918556,2018,.
80049,.,0.3058126,34.1906601,2018,.
80050,.,0.3040166,34.1918556,2018,.
80051,.,0.330617,34.2001685,2018,.
80052,.,0.3355165,34.4078689,2018,.
80053,.,0.3354633,34.4083614,2018,.
80054,.,0.3261466,34.3997449,2018,.
80055,.,0.3273746,34.3984427,2018,.
80056,.,0.3276334,34.3993451,2018,.
80057,.,0.3354431,34.4083225,2018,.
80058,.,0.3596829,34.402512,2018,.
80059,.,0.0842207096926361,34.0169064430331,2018,.
80060,.,0.134024420036556,34.0151742276554,2018,.
80061,.,0.134024420036556,34.0151742276554,2018,.
80062,.,0.170278652878996,34.0409480784221,2018,.
80063,.,0.188085658285839,34.0686430357335,2018,.
80064,.,0.150822542786482,34.0303526301494,2018,.
80065,.,0.190553287094492,34.0420932917588,2018,.
80066,.,0.190577733309368,34.0421244532037,2018,.
80067,.,0.210225933252851,34.0734705695124,2018,.
80068,.,0.191461827208744,34.0680737955186,2018,.
80069,.,0.188007857899948,34.0686815044551,2018,.
80070,.,0.0842740721365974,34.0171935885926,2018,.
80071,.,0.174859920119878,34.0426046262847,2018,.
80072,.,0.168930936888623,34.0408733637048,2018,.
80073,.,0.188940314103997,34.0696295706661,2018,.
80074,.,0.210144378212116,34.0734671297572,2018,.
80075,.,0.18171905048383,34.0499024121609,2018,.
80076,.,0.190340221907224,34.069057820946,2018,.
80077,.,0.127097076105405,33.9985096512666,2018,.
80078,.,0.190379357903213,34.0423947027839,2018,.
80079,.,0.0811829674714808,34.0428558567306,2018,.
80080,.,0.0821130717023956,34.0430546967934,2018,.
80081,.,0.144809322392765,34.0368169974135,2018,.
80082,.,0.188258710538704,34.068303068108,2018,.
80083,.,0.179084309287488,34.0511242541722,2018,.
80084,.,0.15069309584545,34.0301018260513,2018,.
80085,.,0.170279466487993,34.0409230125479,2018,.
80086,.,0.181695737826334,34.0498761457918,2018,.
80087,.,0.190796239014637,34.0682598171797,2018,.
80088,.,0.170994844898555,34.0394050943056,2018,.
80089,.,0.124427821081861,34.0002398873355,2018,.
80090,.,0.19081608456364,34.0724021560497,2018,.
80091,.,0.0790698588988121,34.004722050962,2018,.
80092,.,0.306686740171047,34.1638210145142,2018,.
80093,.,0.314754987565099,34.1633115424472,2018,.
80094,.,0.312648961302608,34.164871245835,2018,.
80095,.,0.310436226595369,34.1709197746438,2018,.
80096,.,0.304922207743439,34.1613578111858,2018,.
80097,.,0.306510921016094,34.1637645671808,2018,.
80098,.,0.304891873617223,34.1613969615519,2018,.
80099,.,0.307687166889286,34.1731790124418,2018,.
80100,.,0.307074320148407,34.1652269469996,2018,.
80101,.,0.313975110441784,34.1639205811711,2018,.
80102,.,0.307653939419538,34.1732785624509,2018,.
80103,.,0.304894540283853,34.1614943136033,2018,.
80104,.,0.303290885164997,34.114664200826,2018,.
80105,.,0.299062,34.1122252,2018,.
80106,.,0.3075522,34.0926721,2018,.
80107,.,0.3093223,34.1189548,2018,.
80108,.,0.297178081373649,34.1125946060482,2018,.
80109,.,0.3062046,34.116163,2018,.
80110,.,0.3075168,34.0926186,2018,.
80111,.,0.3067432,34.1044929,2018,.
80112,.,0.3378441,34.207985,2018,.
80113,.,0.3311848,34.1724369,2018,.
80114,.,0.3669608,34.1791531,2018,.
80115,.,0.3311905,34.1724223,2018,.
80116,.,0.3313848,34.1728937,2018,.
80117,.,0.3668528,34.1813256,2018,.
80118,.,0.1516134,34.1108478,2018,.
80119,.,0.1528651,34.1097967,2018,.
80120,.,0.1511645,34.1084204,2018,.
80121,.,0.1510852,34.1084681,2018,.
80122,.,0.1195285,34.088282,2018,.
80123,.,0.1542628,34.1102883,2018,.
80124,.,0.1553912,34.1069162,2018,.
80125,.,0.1518121,34.11046,2018,.
80126,.,0.1303157,34.0929205,2018,.
80127,.,0.296153332010764,34.1458523527278,2018,.
80128,.,0.267008896838385,34.1935730018156,2018,.
80129,.,0.287191,34.1414703,2018,.
80130,.,0.287367680202321,34.1434321877185,2018,.
80131,.,0.287697558662497,34.1444347480763,2018,.
80132,.,0.329702910079075,34.4909346063259,2018,.
80133,.,0.287164,34.1422683,2018,.
80134,.,0.287507586497616,34.1564983019084,2018,.
80135,.,0.266256444290915,34.1818538271748,2018,.
80136,.,0.207037,34.0916288,2018,.
80137,.,0.2064755,34.1047611,2018,.
80138,.,0.1997837,34.0844323,2018,.
80139,.,0.2070768,34.0916852,2018,.
80140,.,0.2052613,34.1040747,2018,.
80141,.,0.2123998,34.0925755,2018,.
80142,.,0.2217035,34.0980692,2018,.
80143,.,0.1997683,34.0843568,2018,.
80144,.,0.226016,34.1113553,2018,.
80145,.,0.2038997,34.0967217,2018,.
80146,.,0.2005726,34.0852225,2018,.
80147,.,0.2049135,34.1038731,2018,.
80148,.,0.367302,34.2685961,2018,.
80149,.,0.3812706,34.2629611,2018,.
80150,.,0.3589825,34.2696633,2018,.
80151,.,0.3672905,34.2685864,2018,.
80152,.,0.3625935,34.2667241,2018,.
80153,.,0.3813115,34.2625209,2018,.
80154,.,0.3809004,34.2641094,2018,.
80155,.,0.3585029,34.2690597,2018,.
80156,.,0.2756326,34.1214937,2018,.
80157,.,0.2599105,34.1299896,2018,.
80158,.,0.2830526,34.1342998,2018,.
80159,.,0.2756527,34.1215401,2018,.
80160,.,0.2596238,34.127403,2018,.
80161,.,0.2727713,34.1195452,2018,.
80162,.,0.279702500194219,34.1347612322486,2018,.
80163,.,0.2722639,34.1413559,2018,.
80164,.,0.2541833,34.1278938,2018,.
80165,.,0.295555124846023,34.4225852220728,2018,.
80166,.,0.289029387855332,34.4437610728583,2018,.
80167,.,0.295587330458777,34.4225151002638,2018,.
80168,.,0.306916031485264,34.4394704297791,2018,.
80169,.,0.3069834,34.4404778,2018,.
80170,.,0.2958193,34.4240345,2018,.
80171,.,0.288522044806869,34.4422079027752,2018,.
80172,.,0.3070708,34.44053,2018,.
80173,.,0.258355,34.4250982,2018,.
80174,.,0.2583735,34.4250273,2018,.
80175,.,0.2735998,34.4510282,2018,.
80176,.,0.2576333,34.4211822,2018,.
80177,.,0.2516402,34.4512708,2018,.
80178,.,0.2581822,34.4186758,2018,.
80179,.,0.2639555,34.4735993,2018,.
80180,.,0.263659,34.4735124,2018,.
80181,.,0.2459413,34.442469,2018,.
80182,.,0.2201884,34.4003579,2018,.
80183,.,0.2200122,34.3839651,2018,.
80184,.,0.2202306,34.4003452,2018,.
80185,.,0.237784515727628,34.4086792762212,2018,.
80186,.,0.2221617,34.4005407,2018,.
80187,.,0.279740523920517,34.4496939383123,2018,.
80188,.,0.2927388,34.4640616,2018,.
80189,.,0.281567011805359,34.4512773752943,2018,.
80190,.,0.3346426,34.4892686,2018,.
80191,.,0.279717439465617,34.450307791772,2018,.
80192,.,0.307438907114805,34.461955927839,2018,.
80193,.,0.30874141898895,34.4606144306678,2018,.
80194,.,0.1742162,34.4633982,2018,.
80195,.,0.17545,34.463965,2018,.
80196,.,0.1720458,34.4481937,2018,.
80197,.,0.1720317,34.4484843,2018,.
80198,.,0.1788977,34.4643735,2018,.
80199,.,0.1788977,34.4643735,2018,.
80200,.,0.1734894,34.4670742,2018,.
80201,.,0.1724316,34.4464823,2018,.
80202,.,0.2949839,34.5529968,2018,.
80203,.,0.2589902,34.5579104,2018,.
80204,.,0.2923825,34.5409699,2018,.
80205,.,0.2941042,34.5402741,2018,.
80206,.,0.2593463,34.5558592,2018,.
80207,.,0.293795,34.540111,2018,.
80208,.,0.2528531,34.4755244,2018,.
80209,.,0.2720077,34.4834332,2018,.
80210,.,0.2595859,34.4756561,2018,.
80211,.,0.2614469,34.4737923,2018,.
80212,.,0.2003412,34.6094557,2018,.
80213,.,0.1935989,34.6112205,2018,.
80214,.,0.1929225,34.6069977,2018,.
80215,.,0.1927085,34.5415708,2018,.
80216,.,0.1939833,34.6113413,2018,.
80217,.,0.1976903,34.6081138,2018,.
80218,.,0.2553318,34.5679022,2018,.
80219,.,0.265989077207623,34.5654500063633,2018,.
80220,.,0.266987058681803,34.5614565507921,2018,.
80221,.,0.2558909,34.5679642,2018,.
80222,.,0.2559322,34.5681155,2018,.
80223,.,0.243093953749085,34.5759539999135,2018,.
80224,.,0.267918463445323,34.5649052049311,2018,.
80225,.,0.241014121340479,34.5771783573957,2018,.
80226,.,0.2408705,34.3807163,2018,.
80227,.,0.2447694,34.3981361,2018,.
80228,.,0.2466626,34.3886615,2018,.
80229,.,0.2474338,34.3881652,2018,.
80230,.,0.2592306,34.4132848,2018,.
80231,.,0.2277271,34.4210728,2018,.
80232,.,0.227024,34.450171,2018,.
80233,.,0.2403639,34.4319844,2018,.
80234,.,0.2386138,34.4319612,2018,.
80235,.,0.226276,34.4492583,2018,.
80236,.,0.2357228,34.4271669,2018,.
80237,.,0.2329234,34.4260479,2018,.
80238,.,0.2262566,34.4492531,2018,.
80239,.,0.2052249,34.5297921,2018,.
80240,.,0.2045236,34.5295145,2018,.
80241,.,0.1924769,34.5318969,2018,.
80242,.,0.1922771,34.5212548,2018,.
80243,.,0.1968198,34.499478,2018,.
80244,.,0.1965261,34.5295159,2018,.
80245,.,0.2170223,34.4036546,2018,.
80246,.,0.214964,34.4043629,2018,.
80247,.,0.2185784,34.4046713,2018,.
80248,.,0.230433434139005,34.4177906577189,2018,.
80249,.,0.2149185,34.4043305,2018,.
80250,.,0.2185107,34.4048371,2018,.
80251,.,0.1980543,34.4901386,2018,.
80252,.,0.1892632,34.4840557,2018,.
80253,.,0.19924,34.4898695,2018,.
80254,.,0.1880634,34.4835098,2018,.
80255,.,0.1902571,34.4826697,2018,.
80256,.,0.197945,34.4905054,2018,.
80257,.,0.2073635,34.5011326,2018,.
80258,.,0.207187,34.5017891,2018,.
80259,.,0.2220808,34.5089154,2018,.
80260,.,0.207743622326337,34.5079427650723,2018,.
80261,.,0.2082695,34.5070198,2018,.
80262,.,0.207743622326337,34.5079427650723,2018,.
80263,.,0.221276,34.5089119,2018,.
80264,.,0.2694935,34.3918876,2018,.
80265,.,0.2679432,34.3861661,2018,.
80266,.,0.2689887,34.3895854,2018,.
80267,.,0.2702652,34.3917464,2018,.
80268,.,0.268843,34.3896056,2018,.
80269,.,0.2679317,34.3863061,2018,.
80270,.,0.2688421,34.3923147,2018,.
80271,.,0.2518626,34.4061515,2018,.
80272,.,0.266474,34.3878504,2018,.
80273,.,0.2584859,34.3694862,2018,.
80274,.,0.2457812,34.3616418,2018,.
80275,.,0.2594738,34.3674208,2018,.
80276,.,0.2458255,34.3621441,2018,.
80277,.,0.2587233,34.3797429,2018,.
80278,.,0.2594339,34.3675446,2018,.
80279,.,1.02765218760191,35.168246945199,2018,.
80280,.,1.07694082362167,35.2614362178379,2018,.
80281,.,1.05200860896108,35.1999516388799,2018,.
80282,.,1.04895715258799,35.1605736449836,2018,.
80283,.,1.05107434065639,35.2005039213566,2018,.
80284,.,1.05068097047139,35.1683789923071,2018,.
80285,.,1.05198087022941,35.1939128921658,2018,.
80286,.,1.07653208924166,35.2615314417064,2018,.
80287,.,1.04798623924772,35.2021530144401,2018,.
80288,.,1.05189772219035,35.1998169046698,2018,.
80289,.,1.0401955,35.0991081,2018,.
80290,.,1.0400316,35.0959709,2018,.
80291,.,1.0395138,35.0983269,2018,.
80292,.,1.0400794,35.0959801,2018,.
80293,.,1.0165805,35.0752355,2018,.
80294,.,1.0160304,35.0751666,2018,.
80295,.,1.0304327,35.018934,2018,.
80296,.,1.0154706,35.0743629,2018,.
80297,.,1.0405937,35.0973797,2018,.
80298,.,1.0261929210071,35.28210181076,2018,.
80299,.,1.02120973464311,35.2784866139349,2018,.
80300,.,1.02524509765062,35.2835806809216,2018,.
80301,.,1.01034382581833,35.2907199672656,2018,.
80302,.,1.04185421606568,35.2801690925598,2018,.
80303,.,1.02216340988264,35.277673733026,2018,.
80304,.,1.00970970238146,35.2906303074554,2018,.
80305,.,1.04287371723226,35.2795584077697,2018,.
80306,.,1.02512635150269,35.2842654097,2018,.
80307,.,1.00970970238146,35.2906303074554,2018,.
80308,.,1.1421071,35.1635366,2018,.
80309,.,1.1352813,35.1509667,2018,.
80310,.,1.1344809,35.1613444,2018,.
80311,.,1.1354895,35.1507595,2018,.
80312,.,1.1593034,35.1533397,2018,.
80313,.,1.1420641,35.1633827,2018,.
80314,.,1.1345717,35.1614516,2018,.
80315,.,1.1359842,35.1504482,2018,.
80316,.,1.1311001,35.1669697,2018,.
80317,.,1.1353256,35.1732216,2018,.
80318,.,1.1366201,35.1732672,2018,.
80319,.,1.0883231,35.1905677,2018,.
80320,.,1.1189102,35.1818247,2018,.
80321,.,1.1054175,35.200265,2018,.
80322,.,1.1322497,35.1656893,2018,.
80323,.,1.1591518,35.1551771,2018,.
80324,.,1.0954289,35.1913313,2018,.
80325,.,1.1054343,35.200148,2018,.
80326,.,1.107649,35.1992895,2018,.
80327,.,1.1185042,35.1819668,2018,.
80328,.,1.1353995,35.1732639,2018,.
80329,.,1.1360984,35.1504019,2018,.
80330,.,1.1255604,35.1618381,2018,.
80331,.,1.1314465,35.1672802,2018,.
80332,.,1.1350897,35.1607734,2018,.
80333,.,1.0889987,35.1921992,2018,.
80334,.,1.2201586,35.0303808,2018,.
80335,.,1.142106,35.1641216,2018,.
80336,.,1.1253913,35.1617629,2018,.
80337,.,1.159188,35.1547986,2018,.
80338,.,1.118536,35.1820658,2018,.
80339,.,0.943973966228558,35.335778518431,2018,.
80340,.,0.941093505797695,35.3218787935592,2018,.
80341,.,0.949081770398492,35.3260078200805,2018,.
80342,.,0.943681812476793,35.322387866083,2018,.
80343,.,0.928441709293555,35.3266949418498,2018,.
80344,.,0.929390817838601,35.3259011319846,2018,.
80345,.,0.968692319019734,35.3165494416433,2018,.
80346,.,0.943681812476793,35.322387866083,2018,.
80347,.,0.941093505797695,35.3218787935592,2018,.
80348,.,0.943059653969454,35.323048419462,2018,.
80349,.,0.948701013114744,35.3263670289373,2018,.
80350,.,0.95669163646985,35.3290181341042,2018,.
80351,.,0.960946275780409,35.3095935412139,2018,.
80352,.,0.946086726802618,35.3206720170465,2018,.
80353,.,0.95669163646985,35.3290181341042,2018,.
80354,.,0.945073003081549,35.3294721428986,2018,.
80355,.,0.941093505797695,35.3218787935592,2018,.
80356,.,0.960397908086541,35.3100212473934,2018,.
80357,.,0.970899605244295,35.3163766739783,2018,.
80358,.,0.960946275780409,35.3095935412139,2018,.
80359,.,0.968692319019734,35.3165494416433,2018,.
80360,.,0.945073003081549,35.3294721428986,2018,.
80361,.,0.926779269200433,35.3283327014015,2018,.
80362,.,0.945683386384602,35.3202785072128,2018,.
80363,.,0.947635587152048,35.3268202075937,2018,.
80364,.,0.945498255223367,35.3301223091404,2018,.
80365,.,0.945765247557616,35.3359444607216,2018,.
80366,.,0.926779269200433,35.3283327014015,2018,.
80367,.,0.970732516453065,35.3144817645549,2018,.
80368,.,0.954789110225742,35.3132431219236,2018,.
80369,.,0.943616516853644,35.3356607425287,2018,.
80370,.,1.07509804412664,35.2297382027077,2018,.
80371,.,1.0336801,35.1935508,2018,.
80372,.,1.08650913581677,35.2410494869381,2018,.
80373,.,1.07509804412664,35.2297382027077,2018,.
80374,.,1.0780456,35.2109609,2018,.
80375,.,1.08207945466363,35.2147615575379,2018,.
80376,.,1.02613560252675,35.1670610653984,2018,.
80377,.,1.0780158,35.2109021,2018,.
80378,.,1.0337391,35.1936488,2018,.
80379,.,1.1063559,35.2405529,2018,.
80380,.,1.078073,35.2109658,2018,.
80381,.,1.09584939851559,35.2209831320006,2018,.
80382,.,1.10119,35.2376155,2018,.
80383,.,1.08650913581677,35.2410494869381,2018,.
80384,.,1.0744409708441,35.2127746402234,2018,.
80385,.,1.08358130220768,35.221465545538,2018,.
80386,.,1.0806825899102,35.2216952800254,2018,.
80387,.,1.0780714,35.2109029,2018,.
80388,.,1.08068618884632,35.2216990223016,2018,.
80389,.,1.1101614,35.240465,2018,.
80390,.,1.09895109651309,35.2546979254267,2018,.
80391,.,1.09584939851559,35.2209831320006,2018,.
80392,.,1.07873217386627,35.2156891548226,2018,.
80393,.,1.1012391,35.2385694,2018,.
80394,.,1.0336959,35.1936954,2018,.
80395,.,1.1057954,35.2399197,2018,.
80396,.,1.08176634710276,35.2156554755871,2018,.
80397,.,1.0811177,35.2166268,2018,.
80398,.,1.08351359095759,35.2213657367706,2018,.
80399,.,1.0814085,35.2099491,2018,.
80400,.,1.0995873460692,35.2555483752433,2018,.
80401,.,1.1060297,35.2406388,2018,.
80402,.,1.1063103,35.240489,2018,.
80403,.,1.07512839631272,35.2297395403417,2018,.
80404,.,1.0739708,35.2110292,2018,.
80405,.,0.9085867,35.0778924,2018,.
80406,.,1.066003,35.0163863,2018,.
80407,.,0.9105612,35.0758087,2018,.
80408,.,1.0647108,35.0143118,2018,.
80409,.,0.9103907,35.0745299,2018,.
80410,.,0.9086576,35.0782622,2018,.
80411,.,1.0659897,35.0157195,2018,.
80412,.,1.1996062,35.0300044,2018,.
80413,.,1.2201756,35.0303037,2018,.
80414,.,1.2233135,35.0248119,2018,.
80415,.,1.2275077,34.9931491,2018,.
80416,.,1.1990949,35.0301521,2018,.
80417,.,1.2201054,35.0301751,2018,.
80418,.,1.2217612,35.0275585,2018,.
80419,.,1.2226635,35.0256884,2018,.
80420,.,1.2173236,35.0280559,2018,.
80421,.,1.2221736,35.0245159,2018,.
80422,.,1.01663850051351,35.0393949514738,2018,.
80423,.,1.01571917816028,35.0416275947209,2018,.
80424,.,1.12419797640704,35.1359748430036,2018,.
80425,.,1.12491696722213,35.1365252770151,2018,.
80426,.,1.014516827635,35.0419069443865,2018,.
80427,.,1.014516827635,35.0419069443865,2018,.
80428,.,1.03275343105938,35.0378205250024,2018,.
80429,.,1.03646916270501,35.0380277013335,2018,.
80430,.,1.02548499855592,35.0391942000154,2018,.
80431,.,1.12416277362025,35.1359781685225,2018,.
80432,.,1.02542808690833,35.0384593165501,2018,.
80433,.,0.987059530653059,35.06525938794,2018,.
80434,.,0.997513291246765,35.0633772665317,2018,.
80435,.,0.997711154485142,35.0635664829291,2018,.
80436,.,0.98705378266701,35.0644709604017,2018,.
80437,.,0.981938646143112,35.0433751595275,2018,.
80438,.,1.00862667427443,35.077630021484,2018,.
80439,.,0.994966970443972,35.0659057534943,2018,.
80440,.,0.994966970443972,35.0659057534943,2018,.
80441,.,0.997759938541605,35.0634221044862,2018,.
80442,.,0.969280470367862,35.058068815901,2018,.
80443,.,1.00091119662895,35.1676520435614,2018,.
80444,.,1.01177329865087,35.1538572074022,2018,.
80445,.,1.00368093265064,35.1635678082785,2018,.
80446,.,0.999860449865685,35.1689189186465,2018,.
80447,.,1.01265490995389,35.1555887909222,2018,.
80448,.,1.00368093265064,35.1635678082785,2018,.
80449,.,1.01292355919357,35.1715886025986,2018,.
80450,.,1.01254194613822,35.1706911929962,2018,.
80451,.,1.0127811909054,35.1715207270895,2018,.
80452,.,1.01177329865087,35.1538572074022,2018,.
80453,.,1.00407866890877,35.1626743269776,2018,.
80454,.,1.01166013760076,35.1697414304789,2018,.
80455,.,1.0724136,35.0517877,2018,.
80456,.,1.0682432,35.0847249,2018,.
80457,.,1.0727573,35.0518756,2018,.
80458,.,1.0737788,35.0783561,2018,.
80459,.,1.020334,35.0022619,2018,.
80460,.,1.0682988,35.085381,2018,.
80461,.,1.0757344,35.0786015,2018,.
80462,.,1.0746055,35.0789436,2018,.
80463,.,1.0049439,35.3406573,2018,.
80464,.,1.0046943,35.3400084,2018,.
80465,.,1.0047235,35.3407979,2018,.
80466,.,1.0188913,35.3411744,2018,.
80467,.,1.0188903,35.3493678,2018,.
80468,.,1.0188625,35.3493827,2018,.
80469,.,1.0129978,35.3506468,2018,.
80470,.,1.0184306,35.3411251,2018,.
80471,.,1.0177083,35.3405004,2018,.
80472,.,0.6364008,34.4683307,2018,.
80473,.,0.6386555,34.4725845,2018,.
80474,.,0.6388429,34.4728506,2018,.
80475,.,0.626356,34.4566469,2018,.
80476,.,0.626294,34.4567317,2018,.
80477,.,0.6272914,34.4574226,2018,.
80478,.,0.6383024,34.454537,2018,.
80479,.,0.646935,34.5165569,2018,.
80480,.,0.6399621,34.4548056,2018,.
80481,.,0.6309384,34.5198855,2018,.
80482,.,0.6288722,34.536331,2018,.
80483,.,0.6484535,34.5163138,2018,.
80484,.,0.6177675,34.5321685,2018,.
80485,.,0.6235028,34.5339394,2018,.
80486,.,0.6235093,34.534837,2018,.
80487,.,0.62357,34.5339057,2018,.
80488,.,0.611904237039561,34.4962369412514,2018,.
80489,.,0.600525288365909,34.4992858459391,2018,.
80490,.,0.600605009230852,34.4975640083699,2018,.
80491,.,0.600561753285013,34.4992001480316,2018,.
80492,.,0.601163357506508,34.4917190921265,2018,.
80493,.,0.611909752299009,34.4962260729825,2018,.
80494,.,0.600605009230852,34.4975640083699,2018,.
80495,.,0.601163357506508,34.4917190921265,2018,.
80496,.,0.612182126228808,34.496650116137,2018,.
80497,.,0.6635522,34.5183434,2018,.
80498,.,0.6637786,34.5183211,2018,.
80499,.,0.6779251,34.5046479,2018,.
80500,.,0.6637686,34.5182517,2018,.
80501,.,0.6628757,34.5157966,2018,.
80502,.,0.6743007,34.5139909,2018,.
80503,.,0.6629062,34.5158068,2018,.
80504,.,0.6761139,34.5129553,2018,.
80505,.,0.6743282,34.5138969,2018,.
80506,.,0.6484019,34.51636,2018,.
80507,.,0.651503,34.4556629,2018,.
80508,.,0.6521045,34.4574964,2018,.
80509,.,0.6651574,34.4556742,2018,.
80510,.,0.6591342,34.4668228,2018,.
80511,.,0.6609525,34.465668,2018,.
80512,.,0.6660031,34.4538379,2018,.
80513,.,0.6601606,34.4650794,2018,.
80514,.,0.578120653619976,34.4709358495801,2018,.
80515,.,0.5739945,34.4524012,2018,.
80516,.,0.580634414068287,34.4710881210834,2018,.
80517,.,0.578124334233604,34.4710011724081,2018,.
80518,.,0.5739343,34.4525499,2018,.
80519,.,0.5739373,34.4539906,2018,.
80520,.,0.5855149,34.4648377,2018,.
80521,.,0.582690910803877,34.4833093099153,2018,.
80522,.,0.582362587846247,34.4824806129794,2018,.
80523,.,0.585097972823893,34.4893528396419,2018,.
80524,.,0.582648952855936,34.4833444836168,2018,.
80525,.,0.592785917175108,34.4907173617632,2018,.
80526,.,0.585097972823893,34.4893528396419,2018,.
80527,.,0.5816385535141,34.4799108231012,2018,.
80528,.,0.584896970822855,34.4889421857901,2018,.
80529,.,0.582647777442623,34.4833228897203,2018,.
80530,.,0.581343144547339,34.48210230612,2018,.
80531,.,0.637214,34.529672,2018,.
80532,.,0.6482842,34.5164111,2018,.
80533,.,0.6432746,34.5409356,2018,.
80534,.,0.6483393,34.5164216,2018,.
80535,.,0.6347829,34.523841,2018,.
80536,.,0.634092,34.5261101,2018,.
80537,.,0.6273473,34.5181914,2018,.
80538,.,0.6484468,34.5163319,2018,.
80539,.,0.6334527,34.5266908,2018,.
80540,.,0.6534813,34.5508898,2018,.
80541,.,0.661991,34.5417315,2018,.
80542,.,0.6579717,34.5375924,2018,.
80543,.,0.6620739,34.5417335,2018,.
80544,.,0.6581441,34.5381296,2018,.
80545,.,0.6549191,34.5517416,2018,.
80546,.,0.6577271,34.5491631,2018,.
80547,.,0.6630484,34.5433519,2018,.
80548,.,0.59116729865221,34.5081154460417,2018,.
80549,.,0.588211310589337,34.5069879472612,2018,.
80550,.,0.587579208946364,34.5068103825486,2018,.
80551,.,0.590088100383933,34.5080203946469,2018,.
80552,.,0.591160102387395,34.5081215766872,2018,.
80553,.,0.574165095974529,34.4992483171308,2018,.
80554,.,0.592409081872524,34.5089893866597,2018,.
80555,.,0.588559537615215,34.5076562855312,2018,.
80556,.,0.6616649,34.4229174,2018,.
80557,.,0.6658006,34.4351756,2018,.
80558,.,0.665765,34.4351981,2018,.
80559,.,0.6763308,34.456931,2018,.
80560,.,0.6661108,34.435584,2018,.
80561,.,0.661363,34.4235395,2018,.
80562,.,0.6614132,34.422516,2018,.
80563,.,0.6762772,34.4568332,2018,.
80564,.,0.6761242,34.4589512,2018,.
80565,.,0.630852,34.5947431,2018,.
80566,.,0.6337275,34.590052,2018,.
80567,.,0.6309115,34.5946657,2018,.
80568,.,0.6336,34.5894813,2018,.
80569,.,0.631167,34.5959575,2018,.
80570,.,0.6483376,34.5163947,2018,.
80571,.,0.6353249,34.601592,2018,.
80572,.,0.64826,34.5165386,2018,.
80573,.,0.5836312,34.5172263,2018,.
80574,.,0.582061451807115,34.5185644749768,2018,.
80575,.,0.5831496,34.5172661,2018,.
80576,.,0.596922515596909,34.5261160827987,2018,.
80577,.,0.596919325305747,34.5261143557206,2018,.
80578,.,0.581682642507157,34.5184452689391,2018,.
80579,.,0.5830175,34.5172762,2018,.
80580,.,0.582061451807115,34.5185644749768,2018,.
80581,.,0.596731149362695,34.5260541713082,2018,.
80582,.,0.5831424,34.5171807,2018,.
80583,.,0.122321382252713,34.5428368816484,2018,.
80584,.,0.122774,34.5424029,2018,.
80585,.,0.109331444782521,34.5345012600048,2018,.
80586,.,0.109331444782521,34.5345012600048,2018,.
80587,.,0.108051561520046,34.5355005587233,2018,.
80588,.,0.1227827,34.5423201,2018,.
80589,.,0.108483189566675,34.5336205548327,2018,.
80590,.,0.122018070526758,34.5428894762856,2018,.
80591,.,0.0568579,34.6139059,2018,.
80592,.,0.0617212,34.6125007,2018,.
80593,.,0.0665925,34.6122647,2018,.
80594,.,0.0568394,34.6140043,2018,.
80595,.,0.0519817,34.6128996,2018,.
80596,.,0.0615948,34.6120765,2018,.
80597,.,0.0518766,34.6131421,2018,.
80598,.,0.0614837,34.6119549,2018,.
80599,.,0.0669832,34.6128903,2018,.
80600,.,0.144501472814084,34.5612517221284,2018,.
80601,.,0.150952786391676,34.55623804103,2018,.
80602,.,0.14390068071724,34.5574009091166,2018,.
80603,.,0.143852461931914,34.55736853808,2018,.
80604,.,0.144501977108604,34.5612523825971,2018,.
80605,.,0.146065741081159,34.5554764465873,2018,.
80606,.,0.146856950699102,34.5553489148512,2018,.
80607,.,0.093069,34.5893494,2018,.
80608,.,0.1006228,34.5957136,2018,.
80609,.,0.1007551,34.5956277,2018,.
80610,.,0.0706437,34.591499,2018,.
80611,.,0.0706849,34.5912368,2018,.
80612,.,0.0927907,34.5890447,2018,.
80613,.,0.1732206,34.5983838,2018,.
80614,.,0.1818065,34.5761167,2018,.
80615,.,0.5677261,34.5633706,2018,.
80616,.,0.1801577,34.6056953,2018,.
80617,.,0.15950427122254,34.547291562218,2018,.
80618,.,0.159553775430218,34.5472249609165,2018,.
80619,.,0.1498709,34.4996809,2018,.
80620,.,0.1579098,34.4946483,2018,.
80621,.,0.1608044,34.4935791,2018,.
80622,.,0.1607351,34.4935231,2018,.
80623,.,0.1510678,34.4997438,2018,.
80624,.,0.1091722,34.5559681,2018,.
80625,.,0.1500038,34.5017249,2018,.
80626,.,0.1510096,34.4997687,2018,.
80627,.,0.1340369,34.5958229,2018,.
80628,.,0.1350109,34.5958989,2018,.
80629,.,0.5675649,34.563056,2018,.
80630,.,0.1303125,34.5923016,2018,.
80631,.,0.1322375,34.5951656,2018,.
80632,.,0.13041,34.5918243,2018,.
80633,.,0.1312728,34.5914523,2018,.
80634,.,0.0464852,34.5745425,2018,.
80635,.,0.046508,34.5746142,2018,.
80636,.,0.1704207,34.4785625,2018,.
80637,.,0.141999974005578,34.4559265130511,2018,.
80638,.,0.142833434777791,34.4529156123786,2018,.
80639,.,0.139117478563774,34.4508094604884,2018,.
80640,.,0.140586353106232,34.4467374670085,2018,.
80641,.,0.139528761946588,34.4513404472276,2018,.
80642,.,0.14812426554014,34.4607121494902,2018,.
80643,.,0.110155780003877,34.4403746850143,2018,.
80644,.,0.101651879847939,34.4471233257729,2018,.
80645,.,0.110261544943723,34.4407989358301,2018,.
80646,.,0.113027242509214,34.4252614192885,2018,.
80647,.,0.113026463108439,34.4252242506256,2018,.
80648,.,0.111891699290491,34.4362933406168,2018,.
80649,.,0.0950735154325276,34.4446389113776,2018,.
80650,.,0.110375216931207,34.4366669475364,2018,.
80651,.,0.110856031931505,34.4389129991749,2018,.
80652,.,0.112769386017363,34.4349901627389,2018,.
80653,.,0.0951092909899812,34.4446267254984,2018,.
80654,.,0.111265950537047,34.435501104099,2018,.
80655,.,0.113146398613023,34.4242668989508,2018,.
80656,.,0.204716142204773,34.3897535162219,2018,.
80657,.,0.183193076087442,34.3747981375762,2018,.
80658,.,0.182755910545419,34.3762840597416,2018,.
80659,.,0.183587544364059,34.3745915002731,2018,.
80660,.,0.208676301137065,34.3768605388332,2018,.
80661,.,0.206326359229415,34.3870358086948,2018,.
80662,.,0.203770601945846,34.3877473179392,2018,.
80663,.,0.208828892215845,34.3767682075289,2018,.
80664,.,0.208541431751669,34.3791105753484,2018,.
80665,.,0.0392672,34.4890312,2018,.
80666,.,0.0585972825513394,34.4500931851465,2018,.
80667,.,0.058582400631401,34.4501307204697,2018,.
80668,.,0.0566564,34.5106515,2018,.
80669,.,0.0410043,34.4884199,2018,.
80670,.,0.0395178,34.4891735,2018,.
80671,.,0.0594213953176892,34.4511055890702,2018,.
80672,.,0.0551127,34.5272741,2018,.
80673,.,0.0566646,34.5090658,2018,.
80674,.,0.0546248,34.5269946,2018,.
80675,.,0.0551401,34.5272861,2018,.
80676,.,0.130014419347157,34.424310820645,2018,.
80677,.,0.127795423997474,34.4254944779983,2018,.
80678,.,0.140928808446077,34.4282804389755,2018,.
80679,.,0.132178548061673,34.4293287597745,2018,.
80680,.,0.140964012327115,34.4283164065268,2018,.
80681,.,0.131731937511601,34.4272541861218,2018,.
80682,.,0.126646676146499,34.4254873299047,2018,.
80683,.,0.116617241640232,34.4437120241493,2018,.
80684,.,0.131878570042465,34.429493630725,2018,.
80685,.,0.141049851388457,34.4363494166473,2018,.
80686,.,0.0934063071686642,34.449764060736,2018,.
80687,.,0.114452208402434,34.4504344585419,2018,.
80688,.,0.0974835961007906,34.4513440570943,2018,.
80689,.,0.0933189410874262,34.4495851179106,2018,.
80690,.,0.111766942792229,34.4664389515915,2018,.
80691,.,0.102776045433843,34.4549446515227,2018,.
80692,.,0.0930263508189286,34.4507798456595,2018,.
80693,.,0.102127877452076,34.4547854929245,2018,.
80694,.,0.113886973388473,34.4514729257653,2018,.
80695,.,0.112316309076894,34.4664396709099,2018,.
80696,.,0.1380705,34.5545651,2018,.
80697,.,0.1374892,34.5501543,2018,.
80698,.,0.1314822,34.5627589,2018,.
80699,.,0.1319936,34.5610204,2018,.
80700,.,0.0954906,34.4944839,2018,.
80701,.,0.0890163,34.4791367,2018,.
80702,.,0.0956072,34.4947346,2018,.
80703,.,0.0951063,34.4955296,2018,.
80704,.,0.0894460848692196,34.45940462634,2018,.
80705,.,0.0894080513031926,34.4592113341454,2018,.
80706,.,0.1008876,34.5757926,2018,.
80707,.,0.1008738,34.5758222,2018,.
80708,.,0.1009932,34.5764796,2018,.
80709,.,0.0078952,34.609268,2018,.
80710,.,0.196989567852166,34.3180190214418,2018,.
80711,.,0.204976441426587,34.2924939860269,2018,.
80712,.,0.199156261370912,34.3297752557894,2018,.
80713,.,0.210618763303167,34.2933216474584,2018,.
80714,.,0.203527067525562,34.3187687563379,2018,.
80715,.,0.199681706374871,34.3350593010129,2018,.
80716,.,0.203306963587416,34.3199990984083,2018,.
80717,.,0.189204154058867,34.3517971616801,2018,.
80718,.,0.189308115537865,34.3516848936476,2018,.
80719,.,0.233484384095672,34.3465828328743,2018,.
80720,.,0.190080600038679,34.3515691603985,2018,.
80721,.,0.208365551195066,34.3151779645351,2018,.
80722,.,0.228960489143742,34.3520570336713,2018,.
80723,.,0.1061175,34.5166028,2018,.
80724,.,0.1079905,34.5162474,2018,.
80725,.,0.1147009,34.5100032,2018,.
80726,.,0.113209,34.5099634,2018,.
80727,.,0.1094391,34.5077069,2018,.
80728,.,0.1147808,34.510097,2018,.
80729,.,0.1089441,34.5065978,2018,.
80730,.,0.157025933762791,34.2587716141664,2018,.
80731,.,0.161254597491353,34.2361739897848,2018,.
80732,.,0.158748775675013,34.2551988544899,2018,.
80733,.,0.156218844454941,34.2328282248828,2018,.
80734,.,0.157422767571427,34.2548326524634,2018,.
80735,.,0.160728017777963,34.2366395954081,2018,.
80736,.,0.155842354994864,34.2328111003401,2018,.
80737,.,0.5675494,34.5635835,2018,.
80738,.,0.1776886,34.5619958,2018,.
80739,.,0.1783038,34.5625513,2018,.
80740,.,0.170168968540197,34.5750703357211,2018,.
80741,.,0.181476647399537,34.5689852889757,2018,.
80742,.,0.170175716612735,34.5749714480582,2018,.
80743,.,-0.876963960535578,34.7339437910432,2018,.
80744,.,-0.878792789244031,34.7461559085023,2018,.
80745,.,-0.878998067636564,34.7456455237896,2018,.
80746,.,-0.878779952411806,34.7458352569997,2018,.
80747,.,-0.875647045355743,34.7344669913773,2018,.
80748,.,-0.875999683654903,34.745789756306,2018,.
80749,.,-0.876934313347429,34.7339291026522,2018,.
80750,.,-0.7543952,34.6737168,2018,.
80751,.,-0.7402335,34.6745173,2018,.
80752,.,-0.7544843,34.6729171,2018,.
80753,.,-0.7454702,34.6723128,2018,.
80754,.,-0.7449205,34.6706691,2018,.
80755,.,-0.7404826,34.6734122,2018,.
80756,.,-0.739894904784107,34.7661426334804,2018,.
80757,.,-0.743432316293455,34.7482220244969,2018,.
80758,.,-0.738015045871888,34.741896882862,2018,.
80759,.,-0.740666377420601,34.7415509131369,2018,.
80760,.,-0.744325340693468,34.7502680130079,2018,.
80761,.,-0.739063968524808,34.7654795574186,2018,.
80762,.,-0.743350187657082,34.7526136369369,2018,.
80763,.,-0.744413249414486,34.7515411212661,2018,.
80764,.,-0.7773103,34.7078029,2018,.
80765,.,-0.7771673,34.7077224,2018,.
80766,.,-0.7831215,34.7028779,2018,.
80767,.,-0.7778175,34.7059869,2018,.
80768,.,-0.7836668,34.7020696,2018,.
80769,.,-0.778448,34.7067756,2018,.
80770,.,-0.7762804,34.7081377,2018,.
80771,.,-0.7551003,34.8320879,2018,.
80772,.,-0.7745875,34.8430904,2018,.
80773,.,-0.7552171,34.8321102,2018,.
80774,.,-0.7716807,34.8448845,2018,.
80775,.,-0.7716469,34.844928,2018,.
80776,.,-0.7467497,34.8242204,2018,.
80777,.,-0.7497207,34.8213975,2018,.
80778,.,-0.7552235,34.832078,2018,.
80779,.,-0.8083032,34.7191189,2018,.
80780,.,-0.8066471,34.705363,2018,.
80781,.,-0.8092534,34.7203536,2018,.
80782,.,-0.8092671,34.7063651,2018,.
80783,.,-0.8113868,34.7138904,2018,.
80784,.,-0.8046504,34.7036799,2018,.
80785,.,-0.8096989,34.7141006,2018,.
80786,.,-0.718952,34.7565357,2018,.
80787,.,-0.7062056,34.756997,2018,.
80788,.,-0.7070661,34.7577657,2018,.
80789,.,-0.6996598,34.7418322,2018,.
80790,.,-0.7180154,34.7561242,2018,.
80791,.,-0.7008258,34.7412518,2018,.
80792,.,-0.7038249,34.7601679,2018,.
80793,.,-0.6848116,34.7514285,2018,.
80794,.,-0.6884258,34.752751,2018,.
80795,.,-0.7042342,34.7597514,2018,.
80796,.,-0.6855167,34.7519198,2018,.
80797,.,-0.6890197,34.7530816,2018,.
80798,.,-0.8062505,34.6721915,2018,.
80799,.,-0.8068733,34.6729668,2018,.
80800,.,-0.8856018,34.7971069,2018,.
80801,.,-0.80688,34.6730541,2018,.
80802,.,-0.8888224,34.8005036,2018,.
80803,.,-0.8864048,34.8005799,2018,.
80804,.,-0.885519,34.7967595,2018,.
80805,.,-0.8085549,34.6723152,2018,.
80806,.,-0.7347135,34.7846348,2018,.
80807,.,-0.7342518,34.7843459,2018,.
80808,.,-0.7350688,34.7850056,2018,.
80809,.,-0.7356259,34.7913819,2018,.
80810,.,-0.7353665,34.7914365,2018,.
80811,.,-0.7454715,34.7960578,2018,.
80812,.,-0.7450069,34.7953838,2018,.
80813,.,-0.7354086,34.7915088,2018,.
80814,.,-0.833200544566927,34.6751864761937,2018,.
80815,.,-0.832268613769936,34.677011965443,2018,.
80816,.,-0.833981735353216,34.6706135833793,2018,.
80817,.,-0.832878896267862,34.6754538814002,2018,.
80818,.,-0.832304753497818,34.6770360943182,2018,.
80819,.,-0.832308326313354,34.6770021610424,2018,.
80820,.,-0.833787241955339,34.6739716344889,2018,.
80821,.,-0.8338259719494,34.6711937396409,2018,.
80822,.,-0.841654603807662,34.7512288717582,2018,.
80823,.,-0.804478113837577,34.732497077598,2018,.
80824,.,-0.84124005210015,34.7521769690418,2018,.
80825,.,-0.841624850725619,34.7512214608509,2018,.
80826,.,-0.841394809412004,34.752324525001,2018,.
80827,.,-0.871050206244888,34.7745643731734,2018,.
80828,.,-0.804589768669595,34.7320672979451,2018,.
80829,.,-0.850036248597222,34.7515758795734,2018,.
80830,.,-0.763393091969875,34.6839678190627,2018,.
80831,.,-0.733192098120664,34.6835180971471,2018,.
80832,.,-0.761386741534164,34.6833921869996,2018,.
80833,.,-0.737738262079405,34.6854534130313,2018,.
80834,.,-0.80537854922455,34.6713773136385,2018,.
80835,.,-0.805899102676991,34.6727672411447,2018,.
80836,.,-0.740047418127341,34.8094492860113,2018,.
80837,.,-0.739946367936157,34.8095593053878,2018,.
80838,.,-0.733833367171266,34.8016430106108,2018,.
80839,.,-0.739907921396863,34.8097232118129,2018,.
80840,.,-0.708818796123018,34.7727664551992,2018,.
80841,.,-0.704224653253752,34.7745987232107,2018,.
80842,.,-0.712624300250837,34.7712044933942,2018,.
80843,.,0.148928,34.8041779,2018,.
80844,.,0.1587948,34.8006847,2018,.
80845,.,0.1484299,34.8034539,2018,.
80846,.,0.1593147,34.7980047,2018,.
80847,.,0.1452793,34.8162053,2018,.
80848,.,0.1475417,34.8171059,2018,.
80849,.,-0.0231273,34.738978,2018,.
80850,.,-0.0170896,34.7380254,2018,.
80851,.,-0.0184888,34.7372637,2018,.
80852,.,-0.0238382,34.737476,2018,.
80853,.,-0.0195944,34.7370919,2018,.
80854,.,-0.015907,34.7409017,2018,.
80855,.,0.0960878,34.8079202,2018,.
80856,.,0.1004107,34.813989,2018,.
80857,.,0.101499,34.8158741,2018,.
80858,.,0.101571,34.8070126,2018,.
80859,.,0.1015907,34.8067335,2018,.
80860,.,0.100209,34.8148824,2018,.
80861,.,0.048871603054112,34.8687013241207,2018,.
80862,.,0.0380412689394692,34.861475638005,2018,.
80863,.,0.0488453973712332,34.8685101986547,2018,.
80864,.,0.0489344120340999,34.8690926260801,2018,.
80865,.,0.0400049298227886,34.8578193013432,2018,.
80866,.,0.048938857687418,34.8696282163771,2018,.
80867,.,0.0400104420608097,34.857775916255,2018,.
80868,.,0.0379364048174541,34.8612619753251,2018,.
80869,.,0.0389508376929056,34.8547522245494,2018,.
80870,.,0.038497056776734,34.8616650152323,2018,.
80871,.,0.0738864749250428,34.8494079736916,2018,.
80872,.,0.0743289599400446,34.8496580090768,2018,.
80873,.,0.0640738152725103,34.8593516700227,2018,.
80874,.,0.1027916,34.9123696,2018,.
80875,.,0.1070315,34.8914495,2018,.
80876,.,0.090349,34.8813793,2018,.
80877,.,0.1028135,34.9124177,2018,.
80878,.,0.1081218,34.8919713,2018,.
80879,.,0.0890891,34.883052,2018,.
80880,.,0.1093376,34.9054056,2018,.
80881,.,0.1482965,34.8618496,2018,.
80882,.,0.1481823,34.861944,2018,.
80883,.,0.1392874,34.8680847,2018,.
80884,.,0.1397649,34.867751,2018,.
80885,.,0.1775592,34.8360466,2018,.
80886,.,0.1321597,34.8755323,2018,.
80887,.,0.1478776,34.8620902,2018,.
80888,.,0.1363949,34.8995887,2018,.
80889,.,0.125393,34.8979115,2018,.
80890,.,0.1256156,34.9298114,2018,.
80891,.,0.1252593,34.9309371,2018,.
80892,.,0.1369728,34.8994921,2018,.
80893,.,0.1703069,34.835739,2018,.
80894,.,0.1660127,34.85185,2018,.
80895,.,0.1695668,34.8317615,2018,.
80896,.,0.1782748,34.8344243,2018,.
80897,.,0.1671454,34.8540738,2018,.
80898,.,0.1804343,34.8366811,2018,.
80899,.,0.0165728,34.8127176,2018,.
80900,.,0.0182636,34.7872178,2018,.
80901,.,0.0171493,34.8128501,2018,.
80902,.,0.0163253,34.8127379,2018,.
80903,.,0.0270028,34.8007769,2018,.
80904,.,0.0048933,34.7997922,2018,.
80905,.,0.0186443,34.78713,2018,.
80906,.,0.005441,34.800179,2018,.
80907,.,0.0180905,34.7866656,2018,.
80908,.,0.0809141,34.8322012,2018,.
80909,.,0.0955362,34.8244031,2018,.
80910,.,0.0956125,34.8240497,2018,.
80911,.,0.0970328,34.8252651,2018,.
80912,.,0.0808352,34.8322017,2018,.
80913,.,0.0892116,34.8501721,2018,.
80914,.,0.3871322,35.1842595,2018,.
80915,.,0.3915109,35.1927001,2018,.
80916,.,0.4032616,35.1808038,2018,.
80917,.,0.4038805,35.1817272,2018,.
80918,.,0.376696,35.1614072,2018,.
80919,.,0.3964383,35.1785145,2018,.
80920,.,0.3881641,35.1823981,2018,.
80921,.,0.4030838,35.1823247,2018,.
80922,.,0.3905095,35.1774095,2018,.
80923,.,0.3768915,35.1613356,2018,.
80924,.,0.3937615,35.1795816,2018,.
80925,.,0.387569,35.1833084,2018,.
80926,.,0.3949105,35.1744076,2018,.
80927,.,0.3882422,35.1810364,2018,.
80928,.,0.391524,35.1926723,2018,.
80929,.,0.398157,35.1743314,2018,.
80930,.,0.3982489,35.1744034,2018,.
80931,.,0.4728984,35.3036555,2018,.
80932,.,0.3905095,35.1774095,2018,.
80933,.,0.37660603,35.1235373,2018,.
80934,.,0.3754596,35.1219994,2018,.
80935,.,0.3973727,35.1161209,2018,.
80936,.,0.3958553,35.12956,2018,.
80937,.,0.3994724,35.1332046,2018,.
80938,.,0.37118,35.1046173,2018,.
80939,.,0.3925957,35.1116075,2018,.
80940,.,0.3711831,35.1043783,2018,.
80941,.,0.3957656,35.1293613,2018,.
80942,.,0.379561,35.1220878,2018,.
80943,.,0.3796044,35.1221351,2018,.
80944,.,0.3926171,35.1116411,2018,.
80945,.,0.3994741,35.1332038,2018,.
80946,.,0.3795186,35.122047,2018,.
80947,.,0.3932612,35.1309802,2018,.
80948,.,0.4379274,35.2852465,2018,.
80949,.,0.4066836,35.2962078,2018,.
80950,.,0.4319072,35.2644342,2018,.
80951,.,0.4348465,35.2610863,2018,.
80952,.,0.4145715,35.2976236,2018,.
80953,.,0.4350287,35.2611843,2018,.
80954,.,0.4112245,35.3038367,2018,.
80955,.,0.4385553,35.2944717,2018,.
80956,.,0.4068601,35.2961617,2018,.
80957,.,0.4319202,35.2644292,2018,.
80958,.,0.432985,35.2673226,2018,.
80959,.,0.4329439,35.2682329,2018,.
80960,.,0.4058836,35.2955482,2018,.
80961,.,0.413684,35.2977599,2018,.
80962,.,0.39382,35.2936009,2018,.
80963,.,0.4324906,35.26459,2018,.
80964,.,0.4384788,35.2946364,2018,.
80965,.,0.4380552,35.2831414,2018,.
80966,.,0.4380713,35.285124,2018,.
80967,.,0.3940026,35.2919241,2018,.
80968,.,0.386144,35.0814497,2018,.
80969,.,0.354295,35.1063777,2018,.
80970,.,0.3818883,35.0852881,2018,.
80971,.,0.373228,35.0964627,2018,.
80972,.,0.3866794,35.0817189,2018,.
80973,.,0.3604136,35.1056636,2018,.
80974,.,0.3542392,35.1064051,2018,.
80975,.,0.3813478,35.0980707,2018,.
80976,.,0.3605376,35.1039133,2018,.
80977,.,0.3833109,35.0985935,2018,.
80978,.,0.3584667,35.1024995,2018,.
80979,.,0.3809155,35.0982126,2018,.
80980,.,0.245077,35.2399424,2018,.
80981,.,0.2571768,35.2458166,2018,.
80982,.,0.2442361,35.2272343,2018,.
80983,.,0.279817,35.2289057,2018,.
80984,.,0.2481503,35.2349389,2018,.
80985,.,0.2475505,35.2346293,2018,.
80986,.,0.2542924,35.2479051,2018,.
80987,.,0.2449258,35.2503032,2018,.
80988,.,0.2463533,35.2413559,2018,.
80989,.,0.2450987,35.2399621,2018,.
80990,.,0.2481953,35.2388901,2018,.
80991,.,0.2463893,35.2412742,2018,.
80992,.,0.2451689,35.2494281,2018,.
80993,.,0.2463522,35.2413569,2018,.
80994,.,0.2481517,35.2313339,2018,.
80995,.,0.2571871,35.2458337,2018,.
80996,.,0.2539091,35.2464756,2018,.
80997,.,0.2795995,35.2262423,2018,.
80998,.,0.2489478,35.2306141,2018,.
80999,.,0.2798672,35.2289242,2018,.
81000,.,0.3294809,35.1231123,2018,.
81001,.,0.3294307,35.1227683,2018,.
81002,.,0.3114001,35.1292835,2018,.
81003,.,0.3400285,35.1370956,2018,.
81004,.,0.343025,35.1387544,2018,.
81005,.,0.3375469,35.1287567,2018,.
81006,.,0.2704438,35.0089751,2018,.
81007,.,0.2793175,35.0028338,2018,.
81008,.,0.2655242,35.036972,2018,.
81009,.,0.2802562,35.003501,2018,.
81010,.,0.2704644,35.0088689,2018,.
81011,.,0.2754615,35.0035699,2018,.
81012,.,0.280267,35.0034966,2018,.
81013,.,0.2772287,35.0058614,2018,.
81014,.,0.2772755,35.0059326,2018,.
81015,.,0.2779437,35.0072095,2018,.
81016,.,0.3429487,35.1909364,2018,.
81017,.,0.3783296,35.1905759,2018,.
81018,.,0.3777523,35.1905764,2018,.
81019,.,0.350556,35.2288316,2018,.
81020,.,0.3818151,35.1771142,2018,.
81021,.,0.34202,35.2163092,2018,.
81022,.,0.378385,35.1767341,2018,.
81023,.,0.3777222,35.1908185,2018,.
81024,.,0.3431146,35.2165659,2018,.
81025,.,0.3463616,35.2209673,2018,.
81026,.,0.3769869,35.1833926,2018,.
81027,.,0.3760742,35.1832394,2018,.
81028,.,0.3424028,35.2176182,2018,.
81029,.,0.3472762,35.2022672,2018,.
81030,.,0.3430307,35.1908955,2018,.
81031,.,0.3804646,35.1771638,2018,.
81032,.,0.3472473,35.2022396,2018,.
81033,.,0.3815569,35.1767618,2018,.
81034,.,0.3804668,35.1771605,2018,.
81035,.,0.3766166,35.1833089,2018,.
81036,.,0.3799376,35.1764142,2018,.
81037,.,0.3473219,35.2032886,2018,.
81038,.,0.3812223,35.1558934,2018,.
81039,.,0.4069339,35.162794,2018,.
81040,.,0.3716748,35.1618246,2018,.
81041,.,0.3868424,35.1347145,2018,.
81042,.,0.3696023,35.161959,2018,.
81043,.,0.3694436,35.1615843,2018,.
81044,.,0.393991,35.1554441,2018,.
81045,.,0.3868715,35.1350196,2018,.
81046,.,0.3876196,35.1791965,2018,.
81047,.,0.3953489,35.1615395,2018,.
81048,.,0.401556,35.1470314,2018,.
81049,.,0.3811192,35.1559754,2018,.
81050,.,0.4012872,35.1447589,2018,.
81051,.,0.406989,35.1633053,2018,.
81052,.,0.4012945,35.1447535,2018,.
81053,.,0.3938708,35.1520441,2018,.
81054,.,0.3683436,35.1297815,2018,.
81055,.,0.3934657,35.1526561,2018,.
81056,.,0.387796,35.1356211,2018,.
81057,.,0.3716724,35.1304743,2018,.
81058,.,0.4096316,35.153322,2018,.
81059,.,0.3937264,35.1520524,2018,.
81060,.,0.4107254,35.1529018,2018,.
81061,.,0.3772164,35.1460671,2018,.
81062,.,0.4094015,35.1543914,2018,.
81063,.,-0.327777859622932,34.860460707705,2018,.
81064,.,-0.346989578758944,34.8440342374763,2018,.
81065,.,-0.329922101132968,34.8715971746769,2018,.
81066,.,-0.346948296597262,34.8440023598318,2018,.
81067,.,-0.345810907049966,34.8334066807598,2018,.
81068,.,-0.342954034281617,34.8360453097816,2018,.
81069,.,-0.348692400129154,34.8254206932317,2018,.
81070,.,-0.355804551925736,34.8501787229427,2018,.
81071,.,-0.361805682186217,34.8518813302718,2018,.
81072,.,-0.348004747770587,34.8250315585701,2018,.
81073,.,-0.346313488952687,34.833649240006,2018,.
81074,.,-0.472452018842424,34.9155890145544,2018,.
81075,.,-0.465863450586406,34.9007059167507,2018,.
81076,.,-0.464027555840821,34.9118064750501,2018,.
81077,.,-0.489694637482154,34.9199082447495,2018,.
81078,.,-0.472419961031697,34.9153088554697,2018,.
81079,.,-0.489599907126703,34.9198118662417,2018,.
81080,.,-0.494361069493648,34.9181116678656,2018,.
81081,.,-0.489690476944026,34.9198891035246,2018,.
81082,.,-0.47382923665563,34.9186794806716,2018,.
81083,.,-0.475893974863725,34.9046581310072,2018,.
81084,.,-0.471978724086196,34.8981993869286,2018,.
81085,.,-0.476092516252017,34.905371268134,2018,.
81086,.,-0.25831929191726,34.9474883431813,2018,.
81087,.,-0.237366729160596,34.9515263297469,2018,.
81088,.,-0.237648610165901,34.9581207441026,2018,.
81089,.,-0.239283779054414,34.956862870197,2018,.
81090,.,-0.251041572226325,34.9763663615909,2018,.
81091,.,-0.255589286739109,34.9776529983152,2018,.
81092,.,-0.257228332090081,34.9731877704295,2018,.
81093,.,-0.237241117331674,34.9579751803693,2018,.
81094,.,-0.23708274432391,34.9585880404631,2018,.
81095,.,-0.255589286739109,34.9776529983152,2018,.
81096,.,-0.421472639500234,34.9488005681711,2018,.
81097,.,-0.437296528941412,34.9458322295849,2018,.
81098,.,-0.421446156035091,34.9487699959298,2018,.
81099,.,-0.437425521426618,34.9372444129422,2018,.
81100,.,-0.437410008393631,34.9459505720833,2018,.
81101,.,-0.432358697064093,34.9409792978323,2018,.
81102,.,-0.436404372506486,34.9380876620657,2018,.
81103,.,-0.432324374422918,34.944159400674,2018,.
81104,.,-0.435980284043804,34.9359826114296,2018,.
81105,.,-0.340613726228594,34.9678934883516,2018,.
81106,.,-0.333196199882047,34.9828258122031,2018,.
81107,.,-0.336603633663267,34.9974138521562,2018,.
81108,.,-0.341169411269166,34.9690088323388,2018,.
81109,.,-0.339506524390582,34.9819750012971,2018,.
81110,.,-0.340113588519856,34.9687326956477,2018,.
81111,.,-0.336609754910825,34.9974067883416,2018,.
81112,.,-0.336460541479382,34.9975992550556,2018,.
81113,.,-0.334413844369017,34.9974865590842,2018,.
81114,.,-0.333167465893233,34.9821364807084,2018,.
81115,.,-0.335511809209208,34.9827086285373,2018,.
81116,.,-0.439288210215912,34.8898115424561,2018,.
81117,.,-0.446153550234752,34.8887380061235,2018,.
81118,.,-0.437044466269444,34.8613570362473,2018,.
81119,.,-0.426374677565682,34.8618618375039,2018,.
81120,.,-0.439425698881973,34.8902064769346,2018,.
81121,.,-0.430214443892084,34.8620562654115,2018,.
81122,.,-0.435226119458057,34.8618094757728,2018,.
81123,.,-0.427314666817496,34.8614573494152,2018,.
81124,.,-0.43901034836949,34.8890931576478,2018,.
81125,.,-0.436642200096642,34.8617849658073,2018,.
81126,.,-0.439172280555671,34.889803716954,2018,.
81127,.,-0.353077960710048,34.9562181104736,2018,.
81128,.,-0.35211296772223,34.9627104683008,2018,.
81129,.,-0.353037245361527,34.9626881293653,2018,.
81130,.,-0.356287637563498,34.9565228879072,2018,.
81131,.,-0.35818864612108,34.9548583288097,2018,.
81132,.,-0.359908594502206,34.9539023109205,2018,.
81133,.,-0.351351787873629,34.9619755448804,2018,.
81134,.,-0.354216368428739,34.9541026947444,2018,.
81135,.,-0.344353348768356,34.9466217287583,2018,.
81136,.,-0.346190711435485,34.9570063890107,2018,.
81137,.,-0.344348959721664,34.9466146465484,2018,.
81138,.,-0.33116402066394,34.9590453530799,2018,.
81139,.,-0.329795179666538,34.958446141029,2018,.
81140,.,-0.342958146231027,34.9483038208863,2018,.
81141,.,-0.343953059190937,34.9474767534961,2018,.
81142,.,-0.331163311965366,34.9590356788274,2018,.
81143,.,-0.346838513159336,34.9576057605756,2018,.
81144,.,-0.347538362632426,34.9560766763104,2018,.
81145,.,-0.566134642848044,34.8494834541782,2018,.
81146,.,-0.39661866128504,34.902672734202,2018,.
81147,.,-0.396355136307691,34.8966013518944,2018,.
81148,.,-0.404083500694048,34.9015433657842,2018,.
81149,.,-0.403604369907518,34.9015176257364,2018,.
81150,.,-0.396919393870127,34.895842602894,2018,.
81151,.,-0.408918076912012,34.8958798603863,2018,.
81152,.,-0.397010724037701,34.903076176544,2018,.
81153,.,-0.40923254606672,34.8962358554326,2018,.
81154,.,-0.407855028926009,34.9167454631213,2018,.
81155,.,-0.416682316960035,34.9299793060368,2018,.
81156,.,-0.408015188272837,34.9165880649572,2018,.
81157,.,-0.406166536224675,34.9149333929541,2018,.
81158,.,-0.404208972967369,34.9098427932195,2018,.
81159,.,-0.404241174424431,34.9092940631325,2018,.
81160,.,-0.416814166413329,34.9299711850543,2018,.
81161,.,-0.404635023270818,34.9101369266614,2018,.
81162,.,-0.404612957105514,34.9101356059007,2018,.
81163,.,-0.407596494190183,34.9133548584855,2018,.
81164,.,-0.409181199395421,34.9173644613543,2018,.
81165,.,-0.323962564286536,34.9155933558563,2018,.
81166,.,-0.323673444125432,34.9156424731074,2018,.
81167,.,-0.346109730852267,34.9297634953452,2018,.
81168,.,-0.337669225684657,34.8898763623907,2018,.
81169,.,-0.337836852945135,34.8890532761764,2018,.
81170,.,-0.350161875823362,34.9288693836997,2018,.
81171,.,-0.349999260478988,34.9285330075917,2018,.
81172,.,-0.341455255812838,34.9228788974258,2018,.
81173,.,-0.324958057392121,34.9158775409516,2018,.
81174,.,-0.338173210780684,34.8885851079032,2018,.
81175,.,-0.346929039553121,34.9300868094765,2018,.
81176,.,-0.334540917200195,34.9187469875558,2018,.
81177,.,-0.346857926947786,34.9298069554681,2018,.
81178,.,-0.431324081943193,34.9938803180739,2018,.
81179,.,-0.427514477567157,34.981867322656,2018,.
81180,.,-0.430375549991174,34.9949783419654,2018,.
81181,.,-0.431314234115467,34.9938406110614,2018,.
81182,.,-0.432567882418861,34.9868649529317,2018,.
81183,.,-0.432461361930766,34.9782824832429,2018,.
81184,.,-0.43261634958897,34.9868496287553,2018,.
81185,.,-0.427508644114149,34.9819591791454,2018,.
81186,.,-0.427062333005879,34.9821892515058,2018,.
81187,.,-0.393528126884992,35.0069120162427,2018,.
81188,.,-0.425334,34.9849363,2018,.
81189,.,-0.405015926289423,34.9869542713171,2018,.
81190,.,-0.404964978265704,34.9868698055942,2018,.
81191,.,-0.408967048503312,34.9843181785626,2018,.
81192,.,-0.410226748643087,34.9850269047105,2018,.
81193,.,-0.403846733149759,34.9894049275092,2018,.
81194,.,-0.403941354650166,34.9885216651487,2018,.
81195,.,-0.39389843942193,35.0000347378085,2018,.
81196,.,-0.406125138094765,34.9847238776509,2018,.
81197,.,0.0987857345781685,34.7639311994123,2018,.
81198,.,0.10255958245999,34.7629507082901,2018,.
81199,.,0.104682912894268,34.7585043342828,2018,.
81200,.,0.0998980167520621,34.765129425846,2018,.
81201,.,0.104682912894268,34.7585043342828,2018,.
81202,.,0.0988562668538314,34.7638627484431,2018,.
81203,.,0.154415765413647,34.664536406647,2018,.
81204,.,0.157855020100957,34.6640431797352,2018,.
81205,.,0.1578237,34.6640294,2018,.
81206,.,0.150601281798955,34.6563634054084,2018,.
81207,.,0.16022912035454,34.6554003570837,2018,.
81208,.,0.19289206991954,34.7990453056965,2018,.
81209,.,0.2005442,34.7973512,2018,.
81210,.,0.193201611006965,34.8001209167895,2018,.
81211,.,0.207598,34.7755762,2018,.
81212,.,0.201318719873368,34.7969073093663,2018,.
81213,.,0.193372686603859,34.8211791581608,2018,.
81214,.,0.2004571,34.7971241,2018,.
81215,.,0.192901841699255,34.7990742870552,2018,.
81216,.,0.204959761983934,34.6133067420049,2018,.
81217,.,0.200417133529977,34.6259742154507,2018,.
81218,.,0.20043104921023,34.6259208133764,2018,.
81219,.,0.205445466883659,34.6149104837903,2018,.
81220,.,0.238743321137954,34.7299769649264,2018,.
81221,.,0.234706144408627,34.7475848875873,2018,.
81222,.,0.238738589442677,34.7299837705643,2018,.
81223,.,0.227203389352371,34.749877717825,2018,.
81224,.,0.249200592290628,34.7363390754554,2018,.
81225,.,0.238683457705326,34.7299953372599,2018,.
81226,.,0.24928903593498,34.7362989294276,2018,.
81227,.,0.233625315827513,34.7372644223096,2018,.
81228,.,0.164783880645428,34.6712687157535,2018,.
81229,.,0.19955614888564,34.6929339751171,2018,.
81230,.,0.163091321217869,34.6722108415714,2018,.
81231,.,0.164370074062748,34.6675813241459,2018,.
81232,.,0.1974475,34.6941175,2018,.
81233,.,0.180020677347376,34.6808698149023,2018,.
81234,.,0.199560441738629,34.6929271344241,2018,.
81235,.,0.158325392835164,34.6200937463581,2018,.
81236,.,0.162810578233515,34.6299110357928,2018,.
81237,.,0.1504013967037,34.6226384836446,2018,.
81238,.,0.157602428863027,34.6210239041098,2018,.
81239,.,0.163124816108783,34.6305517192234,2018,.
81240,.,0.16266666444176,34.6306624676582,2018,.
81241,.,0.188866750780485,34.659524829092,2018,.
81242,.,0.2109464,34.6577681,2018,.
81243,.,0.188880399818706,34.6595368216791,2018,.
81244,.,0.206538142291341,34.6608823838978,2018,.
81245,.,0.186131150849716,34.6508194751137,2018,.
81246,.,0.184925719330303,34.6524614978584,2018,.
81247,.,0.1707099,34.6110571,2018,.
81248,.,0.149749089818544,34.5938675575847,2018,.
81249,.,0.149749089818544,34.5938675575847,2018,.
81250,.,0.1571354,34.5962639,2018,.
81251,.,0.153103653421483,34.6006659491949,2018,.
81252,.,0.1707099,34.6110571,2018,.
81253,.,0.1572194,34.5962299,2018,.
81254,.,0.173708673061713,34.6522708357897,2018,.
81255,.,0.1607228,34.6363585,2018,.
81256,.,0.175830233593856,34.6507830784334,2018,.
81257,.,0.191468998363521,34.6373729158948,2018,.
81258,.,0.190594062127854,34.6366102061383,2018,.
81259,.,0.192080138646237,34.6387397457115,2018,.
81260,.,0.19784832824057,34.6372598892859,2018,.
81261,.,0.161309768943942,34.6956468623202,2018,.
81262,.,0.148692913629257,34.6888882211297,2018,.
81263,.,0.1597253,34.6928346,2018,.
81264,.,0.1597253,34.6928346,2018,.
81265,.,0.1480483201962,34.6888344118091,2018,.
81266,.,0.2082978,34.7904123,2018,.
81267,.,0.216113004005107,34.8201388878912,2018,.
81268,.,0.211142865474949,34.8206091149604,2018,.
81269,.,0.2083183,34.7904661,2018,.
81270,.,0.211142865474949,34.8206091149604,2018,.
81271,.,0.2082564,34.7904122,2018,.
81272,.,0.2082967,34.7904626,2018,.
81273,.,0.2083016,34.7904469,2018,.
81274,.,0.215052997968776,34.8184782408942,2018,.
81275,.,0.23084129676007,34.8074018299138,2018,.
81276,.,0.212037187845332,34.7877969385643,2018,.
81277,.,0.211788783554784,34.7876015129186,2018,.
81278,.,0.231275848715834,34.7911222917762,2018,.
81279,.,0.23084129676007,34.8074018299138,2018,.
81280,.,0.18243566351753,34.7313801164126,2018,.
81281,.,0.1923392,34.7406047,2018,.
81282,.,0.182290310958587,34.7314782936532,2018,.
81283,.,0.1923253,34.7404475,2018,.
81284,.,0.178756789205926,34.7096744655751,2018,.
81285,.,0.175652336109582,34.7193469278623,2018,.
81286,.,0.1792703,34.7089421,2018,.
81287,.,0.175858730921991,34.7211437040324,2018,.
81288,.,0.1795007,34.7090005,2018,.
81289,.,0.1684484,34.7227552,2018,.
81290,.,0.175779601828886,34.7213377781012,2018,.
81291,.,0.1815707,34.731034,2018,.
81292,.,0.2302018,34.7190383,2018,.
81293,.,0.1920384,34.740185,2018,.
81294,.,0.1763597,34.7195295,2018,.
81295,.,0.1790516,34.7211881,2018,.
81296,.,0.199191174614558,34.716181989471,2018,.
81297,.,0.2016751,34.7150006,2018,.
81298,.,0.211289262414848,34.7123675312399,2018,.
81299,.,0.1891656,34.7037457,2018,.
81300,.,0.2074855,34.7135697,2018,.
81301,.,0.189137,34.7036755,2018,.
81302,.,0.2017188,34.714884,2018,.
81303,.,0.264921474675721,34.755698116201,2018,.
81304,.,0.372679479057467,34.925582054324,2018,.
81305,.,0.361051149322372,34.9476119845006,2018,.
81306,.,0.384747882036416,34.9314885212575,2018,.
81307,.,0.361278229266798,34.9480594595032,2018,.
81308,.,0.366701464055388,34.9400175667199,2018,.
81309,.,0.372653072461943,34.9255939592814,2018,.
81310,.,0.370880013776604,34.9311487136781,2018,.
81311,.,0.36133752524387,34.9478262089826,2018,.
81312,.,0.385578059469122,34.9308167602644,2018,.
81313,.,0.366363100451952,34.939242215727,2018,.
81314,.,0.2525743,34.9322058,2018,.
81315,.,0.263255054393674,34.9226051192639,2018,.
81316,.,0.247769728230791,34.9580329621053,2018,.
81317,.,0.245522805593467,34.9473402444842,2018,.
81318,.,0.248234764413333,34.9573061293502,2018,.
81319,.,0.2543806,34.9335212,2018,.
81320,.,0.254246,34.9331664,2018,.
81321,.,0.245249046356858,34.9463348207992,2018,.
81322,.,0.248318258787261,34.9573247189977,2018,.
81323,.,0.265890968052972,34.9225827562736,2018,.
81324,.,0.263203873016205,34.9224730010846,2018,.
81325,.,0.270238760421322,34.659998843394,2018,.
81326,.,0.257605112395124,34.6501806302883,2018,.
81327,.,0.261100464066011,34.6771938583353,2018,.
81328,.,0.267795877601559,34.6680376813653,2018,.
81329,.,0.258431992456673,34.6745835980298,2018,.
81330,.,0.258600558496862,34.6749818929372,2018,.
81331,.,0.266830174707062,34.6683098663313,2018,.
81332,.,0.257144882050517,34.649396459318,2018,.
81333,.,0.2276748,34.9635034,2018,.
81334,.,0.2256781,34.9619729,2018,.
81335,.,0.2200019,34.9664408,2018,.
81336,.,0.2257436,34.9620472,2018,.
81337,.,0.2223473,34.9722597,2018,.
81338,.,0.2241626,34.9581062,2018,.
81339,.,0.2266333,34.9633415,2018,.
81340,.,0.2276378,34.963267,2018,.
81341,.,0.2270929,34.9627818,2018,.
81342,.,0.2224357,34.972208,2018,.
81343,.,0.3703101,35.0599564,2018,.
81344,.,0.3722022,35.0546397,2018,.
81345,.,0.3870667,35.0310193,2018,.
81346,.,0.3874312,35.0487859,2018,.
81347,.,0.3878757,35.0490698,2018,.
81348,.,0.3867321,35.0323391,2018,.
81349,.,0.3533994,35.0615197,2018,.
81350,.,0.352157,35.0609185,2018,.
81351,.,0.38704,35.0091231,2018,.
81352,.,0.3534225,35.0615743,2018,.
81353,.,0.3858137,35.0132546,2018,.
81354,.,0.4196185,34.7546789,2018,.
81355,.,0.4196464,34.7545521,2018,.
81356,.,0.3929335,34.7712581,2018,.
81357,.,0.3928182,34.7706194,2018,.
81358,.,0.3848093,34.7648715,2018,.
81359,.,0.4194783,34.7547528,2018,.
81360,.,0.382704,34.7654663,2018,.
81361,.,0.282117769882518,34.9516928398911,2018,.
81362,.,0.255744306641605,34.9629827558491,2018,.
81363,.,0.246378156579475,34.9638204704725,2018,.
81364,.,0.255713633596813,34.9630345723923,2018,.
81365,.,0.280996280070052,34.9482467804382,2018,.
81366,.,0.282675635206412,34.9480753459037,2018,.
81367,.,0.25486101044518,34.9635445835031,2018,.
81368,.,0.282141748405534,34.9516327466495,2018,.
81369,.,0.282396940726367,34.9475617408781,2018,.
81370,.,0.279514902071237,34.9495408187962,2018,.
81371,.,0.24635965411504,34.9638447861301,2018,.
81372,.,0.238609370702643,34.9627483650863,2018,.
81373,.,0.409289991454528,34.9030806866659,2018,.
81374,.,0.406447655526719,34.9163552352062,2018,.
81375,.,0.411907779254939,34.9133450237431,2018,.
81376,.,0.406401380344312,34.8896296080571,2018,.
81377,.,0.41106961309708,34.9043867915432,2018,.
81378,.,0.411555409489987,34.9039817006768,2018,.
81379,.,0.403734338542497,34.9054235292463,2018,.
81380,.,0.407087804368424,34.8907611157624,2018,.
81381,.,0.406920310381174,34.8905036085259,2018,.
81382,.,0.403434760637434,34.9062565624684,2018,.
81383,.,0.406385326361681,34.9165400110405,2018,.
81384,.,0.411845445158202,34.9136542233818,2018,.
81385,.,0.410268964038911,34.903906193491,2018,.
81386,.,0.410289502601288,34.9111223201311,2018,.
81387,.,0.404189581561185,34.9041255505801,2018,.
81388,.,0.2627761,34.694249,2018,.
81389,.,0.2627761,34.694249,2018,.
81390,.,0.2367994,34.6759706,2018,.
81391,.,0.2367994,34.6759706,2018,.
81392,.,0.2441558,34.6788632,2018,.
81393,.,0.2627761,34.694249,2018,.
81394,.,0.2408898,34.6751838,2018,.
81395,.,0.2919771,34.719869,2018,.
81396,.,0.3009476,34.7228473,2018,.
81397,.,0.2950813,34.7238014,2018,.
81398,.,0.3037313,34.7424607,2018,.
81399,.,0.2913108,34.7174672,2018,.
81400,.,0.3062461,34.7421323,2018,.
81401,.,0.3962621,34.8180715,2018,.
81402,.,0.3717797,34.8055793,2018,.
81403,.,0.3892993,34.8079583,2018,.
81404,.,0.394232,34.8181721,2018,.
81405,.,0.3871169,34.8082839,2018,.
81406,.,0.26112788694773,34.7191332832299,2018,.
81407,.,0.254790082128862,34.726305465501,2018,.
81408,.,0.253986036483455,34.7262385292155,2018,.
81409,.,0.256498727192639,34.73380899154,2018,.
81410,.,0.262608527679669,34.7197856685423,2018,.
81411,.,0.262482261916487,34.7306321293113,2018,.
81412,.,0.262933798690406,34.7200186253578,2018,.
81413,.,0.3222169,35.0054954,2018,.
81414,.,0.3530396,35.0238739,2018,.
81415,.,0.3081481,35.0184887,2018,.
81416,.,0.307963,35.0189439,2018,.
81417,.,0.3530837,35.0238117,2018,.
81418,.,0.3541733,35.0262215,2018,.
81419,.,0.3222641,35.0059367,2018,.
81420,.,0.3189657,35.0107034,2018,.
81421,.,0.3535827,35.0258409,2018,.
81422,.,0.3152386,35.0077094,2018,.
81423,.,0.270320507534239,34.637583588894,2018,.
81424,.,0.290686427597443,34.6415562865569,2018,.
81425,.,0.278738858437517,34.6272108949813,2018,.
81426,.,0.290376727350472,34.6412560038551,2018,.
81427,.,0.278849475626452,34.6271947783495,2018,.
81428,.,0.269943137805945,34.6368880160737,2018,.
81429,.,0.271286277547858,34.6342013400757,2018,.
81430,.,0.3844716,34.8408195,2018,.
81431,.,0.3857791,34.8412142,2018,.
81432,.,0.3846398,34.8367746,2018,.
81433,.,0.3844633,34.8362979,2018,.
81434,.,0.3859883,34.8414536,2018,.
81435,.,0.253214371397363,34.7887481129666,2018,.
81436,.,0.24718632114568,34.7951468549316,2018,.
81437,.,0.253375916125355,34.7884071793079,2018,.
81438,.,0.246282704797602,34.7953385955926,2018,.
81439,.,0.260754557581663,34.8058635782931,2018,.
81440,.,0.260800667668134,34.8057975624445,2018,.
81441,.,0.253178350230096,34.7886626084969,2018,.
81442,.,0.246972834136211,34.7949902014614,2018,.
81443,.,0.283216023565069,34.8182311839424,2018,.
81444,.,0.288847033264019,34.8174162742908,2018,.
81445,.,0.284417059434219,34.8178004734633,2018,.
81446,.,0.283955058901381,34.7916309710479,2018,.
81447,.,0.288736081748719,34.8188017912376,2018,.
81448,.,0.304021866734976,34.7798856826971,2018,.
81449,.,0.284373195813706,34.817741048628,2018,.
81450,.,0.288169442408567,34.8192704612568,2018,.
81451,.,0.28777655994438,34.8067554222266,2018,.
81452,.,0.289120653298047,34.809520186744,2018,.
81453,.,0.288590601630347,34.8189580529825,2018,.
81454,.,-0.008657405003154,34.8646551378517,2018,.
81455,.,0.0075103605375931,34.8626888610241,2018,.
81456,.,0.0045516763524658,34.9151367791333,2018,.
81457,.,-0.0084311443303994,34.8665089911805,2018,.
81458,.,-0.0065339011010856,34.8689948725519,2018,.
81459,.,0.0116903953817239,34.9604374621388,2018,.
81460,.,0.0141123618879039,34.9622235955956,2018,.
81461,.,0.004932706077147,34.9131610579231,2018,.
81462,.,0.0089006507971134,34.9464014120466,2018,.
81463,.,0.0056816286284275,34.8706910008537,2018,.
81464,.,0.0118103805159547,34.9604314155315,2018,.
81465,.,0.0055946361887186,34.8708352233347,2018,.
81466,.,0.197208106317796,35.2135132198254,2018,.
81467,.,0.177622703794864,35.2003876129199,2018,.
81468,.,0.183479384648383,35.1953925585517,2018,.
81469,.,0.197221947364854,35.2134502138132,2018,.
81470,.,0.177030358108694,35.1986963499212,2018,.
81471,.,0.187268243883688,35.1947876523799,2018,.
81472,.,0.199213833628649,35.2088325889861,2018,.
81473,.,0.187263831145764,35.1947755392563,2018,.
81474,.,0.176474765442437,35.1983949437686,2018,.
81475,.,0.193277912601288,35.2045927078487,2018,.
81476,.,0.199525924513007,35.2082378878825,2018,.
81477,.,0.199682739988665,35.2082638582051,2018,.
81478,.,0.197235517434744,35.2134527378945,2018,.
81479,.,0.197188326043207,35.2133887325526,2018,.
81480,.,0.325803787675237,34.4916452069104,2018,.
81481,.,0.0373918770900687,34.9087827597444,2018,.
81482,.,0.0333217264610964,34.9348983055097,2018,.
81483,.,0.0309019645300882,34.9282891767186,2018,.
81484,.,0.0333562700230816,34.9349710333263,2018,.
81485,.,0.0308131996297011,34.9283931776063,2018,.
81486,.,0.145069469559016,35.2315600467151,2018,.
81487,.,0.145093720860127,35.2315995330074,2018,.
81488,.,0.14964026972516,35.2309632235752,2018,.
81489,.,0.149958036822209,35.2307374318498,2018,.
81490,.,0.144610326858221,35.2305998757464,2018,.
81491,.,0.149620712097298,35.2309101556651,2018,.
81492,.,0.142558789885549,35.2191117514031,2018,.
81493,.,0.162750903208197,35.2276118757175,2018,.
81494,.,0.149631627230061,35.2309666270767,2018,.
81495,.,0.149590619675747,35.2308507348588,2018,.
81496,.,0.201485428188865,35.1200944615842,2018,.
81497,.,-0.0012382670044682,35.0119188243157,2018,.
81498,.,0.0083368902184687,35.0124991592377,2018,.
81499,.,0.0051715885261105,34.992681245212,2018,.
81500,.,0.0052382029888095,35.0279463141513,2018,.
81501,.,-0.0008879099978156,35.0121124436215,2018,.
81502,.,0.0050804154749997,34.9929496876373,2018,.
81503,.,0.0052778060159944,35.0279831517207,2018,.
81504,.,0.0058588278670696,34.9986393161809,2018,.
81505,.,0.0058563502344653,34.99864108297,2018,.
81506,.,0.0078162009144143,35.0094623683129,2018,.
81507,.,0.0058563502344653,34.99864108297,2018,.
81508,.,0.20793746987276,35.0726977566691,2018,.
81509,.,0.201920652442131,35.099252150659,2018,.
81510,.,0.0318035194060501,34.9043220081644,2018,.
81511,.,0.0498171498712223,35.0823039220976,2018,.
81512,.,0.0234672910899407,35.0855871724969,2018,.
81513,.,0.0504628095455681,35.0799873589708,2018,.
81514,.,0.0497940300488611,35.0823563382681,2018,.
81515,.,0.0340094126589947,35.075720233025,2018,.
81516,.,0.0518748885328554,35.0782848225263,2018,.
81517,.,0.0227211959347868,35.085708314787,2018,.
81518,.,0.0586513048296046,35.0762196882701,2018,.
81519,.,0.0305640722390074,35.0711741171523,2018,.
81520,.,0.0579357812084803,35.0770727414816,2018,.
81521,.,0.0586344296101266,35.0762291180973,2018,.
81522,.,0.056387021433207,34.9892490567705,2018,.
81523,.,0.0415276095809826,35.0076407278953,2018,.
81524,.,0.0622772859164778,35.0076826731044,2018,.
81525,.,0.0554848887235215,34.9891925878917,2018,.
81526,.,0.0561793066160425,34.9893161991168,2018,.
81527,.,0.0616351473733474,35.0078076840081,2018,.
81528,.,0.0422194396141765,35.0030878892588,2018,.
81529,.,0.0439697787298152,34.9956994438701,2018,.
81530,.,0.0594644946048696,34.9761554682185,2018,.
81531,.,0.0415555951662428,35.0076828010157,2018,.
81532,.,0.207654637893644,35.2292930107038,2018,.
81533,.,0.210729330388075,35.2130034696531,2018,.
81534,.,0.211271686141403,35.2123062306628,2018,.
81535,.,0.204657711608539,35.2265856136075,2018,.
81536,.,0.0096253639582645,34.9562255838493,2018,.
81537,.,0.215577935202414,35.2370246571673,2018,.
81538,.,0.2241961,35.1436932,2018,.
81539,.,0.226834332522943,35.2446668311132,2018,.
81540,.,0.228589611817804,35.2248131398679,2018,.
81541,.,0.22820587195092,35.2452241237894,2018,.
81542,.,0.227866004463203,35.2256083897363,2018,.
81543,.,0.215549884964201,35.2369970224726,2018,.
81544,.,0.217825563789853,35.2372123264482,2018,.
81545,.,0.215564979110183,35.2369585835635,2018,.
81546,.,0.0271516992017226,35.0588593259904,2018,.
81547,.,0.044448026810318,35.0556095507842,2018,.
81548,.,0.0478328665290624,35.0617885271084,2018,.
81549,.,0.04935416164913,35.0626164236943,2018,.
81550,.,0.0271301036152752,35.0376243619165,2018,.
81551,.,0.0438289268420334,35.0566124141595,2018,.
81552,.,0.027204140988572,35.0588769094071,2018,.
81553,.,0.0175031353673889,35.0422218004492,2018,.
81554,.,0.0523994059052668,35.0228762231315,2018,.
81555,.,0.0247808081176066,35.0549342634606,2018,.
81556,.,0.024340864450732,35.0267940708498,2018,.
81557,.,0.052422463060489,35.0228658977602,2018,.
81558,.,0.0524098692532611,35.0228950606252,2018,.
81559,.,0.0175635428803696,35.0422362419875,2018,.
81560,.,0.0079065098613938,35.0557636295094,2018,.
81561,.,0.0032404785953661,35.0462619957336,2018,.
81562,.,0.0083062055641833,35.0575843312786,2018,.
81563,.,0.0176228453699335,35.0419921728429,2018,.
81564,.,0.0013040649325855,35.0536144206529,2018,.
81565,.,0.0087167673334938,35.0576511856787,2018,.
81566,.,0.7314316,34.7230654,2018,.
81567,.,0.7454406,34.7423847,2018,.
81568,.,0.7313764,34.7230386,2018,.
81569,.,0.7439661,34.741871,2018,.
81570,.,0.7724383,34.7858381,2018,.
81571,.,0.7832086,34.7198293,2018,.
81572,.,0.7456919,34.7427611,2018,.
81573,.,0.8210446,34.7191133,2018,.
81574,.,0.8088037,34.7150897,2018,.
81575,.,0.8216251,34.7187049,2018,.
81576,.,0.785396,34.7185283,2018,.
81577,.,0.7502893,34.6121396,2018,.
81578,.,0.7613015,34.5871377,2018,.
81579,.,0.7681484,34.5974968,2018,.
81580,.,0.7862607,34.594681,2018,.
81581,.,0.7862855,34.5946718,2018,.
81582,.,0.7611298,34.5873953,2018,.
81583,.,0.7632483,34.5862501,2018,.
81584,.,0.7620511,34.5875221,2018,.
81585,.,0.7681287,34.5974621,2018,.
81586,.,0.586336,34.554761,2018,.
81587,.,0.7444958,34.6709612,2018,.
81588,.,0.735436,34.6866916,2018,.
81589,.,0.7435457,34.6715532,2018,.
81590,.,0.7225511,34.6683698,2018,.
81591,.,0.7225598,34.66842,2018,.
81592,.,0.7225178,34.6684325,2018,.
81593,.,0.7949626,34.7457456,2018,.
81594,.,0.7945132,34.7387085,2018,.
81595,.,0.7943825,34.7360105,2018,.
81596,.,0.7949636,34.7457425,2018,.
81597,.,0.7927402,34.7517471,2018,.
81598,.,0.7945123,34.7506229,2018,.
81599,.,0.7919685,34.6224461,2018,.
81600,.,0.792108,34.6225402,2018,.
81601,.,0.7920678,34.6224384,2018,.
81602,.,0.7961123,34.6150797,2018,.
81603,.,0.7921287,34.6225171,2018,.
81604,.,0.7901313,34.6318215,2018,.
81605,.,0.7965778,34.6132842,2018,.
81606,.,0.7964326,34.6132984,2018,.
81607,.,0.7888432,34.6308185,2018,.
81608,.,0.7889553,34.6308609,2018,.
81609,.,0.8363515,34.7376484,2018,.
81610,.,0.836477,34.7376513,2018,.
81611,.,0.8347186,34.7482874,2018,.
81612,.,0.8372859,34.7370379,2018,.
81613,.,0.8331912,34.7497736,2018,.
81614,.,0.8378899,34.7470257,2018,.
81615,.,0.8384103,34.7484665,2018,.
81616,.,0.8042799,34.7271103,2018,.
81617,.,0.7835721,34.7196383,2018,.
81618,.,0.7697457,34.7153664,2018,.
81619,.,0.7611532,34.7281032,2018,.
81620,.,0.7436546,34.7327465,2018,.
81621,.,0.754069,34.7312442,2018,.
81622,.,0.7611156,34.7285117,2018,.
81623,.,0.7610905,34.7284907,2018,.
81624,.,0.7436546,34.7327465,2018,.
81625,.,0.7658162,34.7141775,2018,.
81626,.,0.7824585,34.7056731,2018,.
81627,.,0.7820942,34.6969674,2018,.
81628,.,0.7702507,34.7140856,2018,.
81629,.,0.7900905,34.7170871,2018,.
81630,.,0.7821886,34.6969171,2018,.
81631,.,0.7822789,34.6969504,2018,.
81632,.,0.744332813950976,34.7062964721176,2018,.
81633,.,0.752093158745788,34.7143831268419,2018,.
81634,.,0.745364176269535,34.7044655540895,2018,.
81635,.,0.744332813950976,34.7062964721176,2018,.
81636,.,0.745310613398259,34.7044479751793,2018,.
81637,.,0.7469435,34.7121169,2018,.
81638,.,0.745063693132966,34.7069663223151,2018,.
81639,.,0.792532108209003,34.7659110619569,2018,.
81640,.,0.791823488321882,34.7644829542471,2018,.
81641,.,0.798463258049162,34.7453733323365,2018,.
81642,.,0.791762696615127,34.7644893428604,2018,.
81643,.,0.7795975,34.7536182,2018,.
81644,.,0.788175212765938,34.7596191713146,2018,.
81645,.,0.798384394642467,34.7453214319831,2018,.
81646,.,0.801586718145177,34.7462316920856,2018,.
81647,.,0.749167597371558,34.5864427482391,2018,.
81648,.,0.751080135220467,34.564030431541,2018,.
81649,.,0.7498198,34.5524336,2018,.
81650,.,0.7498126,34.5525802,2018,.
81651,.,0.749429641071205,34.585554660997,2018,.
81652,.,0.752040652303875,34.5648114620422,2018,.
81653,.,0.7442695,34.7533413,2018,.
81654,.,0.7545219,34.7623509,2018,.
81655,.,0.7585154,34.7417522,2018,.
81656,.,0.7443096,34.7533655,2018,.
81657,.,0.7527892,34.7618916,2018,.
81658,.,0.7527108,34.7618535,2018,.
81659,.,0.7394917,34.7520769,2018,.
81660,.,0.7575216,34.7421151,2018,.
81661,.,0.7641876,34.7875001,2018,.
81662,.,0.7807132,34.799103,2018,.
81663,.,0.7805125,34.7997038,2018,.
81664,.,0.7814281,34.799193,2018,.
81665,.,0.7600985,34.7937289,2018,.
81666,.,0.7633196,34.7872476,2018,.
81667,.,0.781431,34.7991987,2018,.
81668,.,0.7597647,34.7942281,2018,.
81669,.,0.79489466630071,34.6990862208252,2018,.
81670,.,0.794930852927698,34.6988265559158,2018,.
81671,.,0.7791224,34.6630077,2018,.
81672,.,0.79420020979256,34.6330590668663,2018,.
81673,.,0.788132655072212,34.7065217512232,2018,.
81674,.,0.776272027994379,34.6292221501396,2018,.
81675,.,0.779970188797243,34.6646350369893,2018,.
81676,.,0.779979733373719,34.6646350258279,2018,.
81677,.,0.8478938,34.7675328,2018,.
81678,.,0.8478479,34.7674015,2018,.
81679,.,0.838579,34.7593449,2018,.
81680,.,0.8477657,34.7675182,2018,.
81681,.,0.8480136,34.7683454,2018,.
81682,.,0.8391845,34.7597745,2018,.
81683,.,0.7844182,34.7187081,2018,.
81684,.,0.802876629088262,34.6518294649673,2018,.
81685,.,0.800319671772827,34.6508495958342,2018,.
81686,.,0.798337002736433,34.6516739788154,2018,.
81687,.,0.805226217691034,34.6456542141988,2018,.
81688,.,0.798281325803936,34.6515819744563,2018,.
81689,.,0.805743095333618,34.6467032430815,2018,.
81690,.,0.802520901766465,34.652056360004,2018,.
81691,.,0.802220154386033,34.652330765513,2018,.
81692,.,0.828748449328958,34.6480517715407,2018,.
81693,.,0.807918651592031,34.6392149378335,2018,.
81694,.,0.807800665671109,34.6393864552757,2018,.
81695,.,0.783244107563163,34.7197364984424,2018,.
81696,.,0.8429291,34.6511548,2018,.
81697,.,0.828757064849818,34.6480116720258,2018,.
81698,.,0.842882,34.6514455,2018,.
81699,.,0.82874249892887,34.6480501804064,2018,.
81700,.,0.8429163,34.6511103,2018,.
81701,.,-0.600574230278579,34.7386068760408,2018,.
81702,.,-0.59567306009669,34.7674358100837,2018,.
81703,.,-0.598867816318115,34.7394343313097,2018,.
81704,.,-0.589042532141808,34.7604812752688,2018,.
81705,.,-0.601250909468988,34.7385236771757,2018,.
81706,.,-0.6125292,34.7531352,2018,.
81707,.,-0.51970767697284,34.899330139273,2018,.
81708,.,-0.508807940131012,34.8881167600808,2018,.
81709,.,-0.519791,34.9002642,2018,.
81710,.,-0.534705,34.9108513,2018,.
81711,.,-0.678229613467044,34.7835955493006,2018,.
81712,.,-0.5595062,34.7789296,2018,.
81713,.,-0.5505749,34.7704722,2018,.
81714,.,-0.5497786,34.7767313,2018,.
81715,.,-0.559024,34.7780553,2018,.
81716,.,-0.5505435,34.7704861,2018,.
81717,.,-0.605738506481715,34.8114356792348,2018,.
81718,.,-0.6164910721621,34.8081808828543,2018,.
81719,.,-0.67821845051893,34.7835672358685,2018,.
81720,.,-0.669604996144489,34.7673157052818,2018,.
81721,.,-0.618866520511481,34.8143347987323,2018,.
81722,.,-0.616139540442411,34.8234314776659,2018,.
81723,.,-0.568309337623697,34.8098773390678,2018,.
81724,.,-0.577186148684729,34.8036894226183,2018,.
81725,.,-0.570668012554622,34.8210376948809,2018,.
81726,.,-0.577403355163625,34.8030612122459,2018,.
81727,.,-0.571066214165592,34.8189736193685,2018,.
81728,.,-0.546830380290707,34.8062702066541,2018,.
81729,.,-0.546855900595108,34.8062516135637,2018,.
81730,.,-0.551537665563002,34.8200569672871,2018,.
81731,.,-0.551661990822779,34.8199488504952,2018,.
81732,.,-0.552673127031814,34.8221846634599,2018,.
81733,.,-0.59369254469385,34.7735345891469,2018,.
81734,.,-0.594747794985403,34.772991046333,2018,.
81735,.,-0.594307429729313,34.7643154891376,2018,.
81736,.,-0.595007449196503,34.7728660251141,2018,.
81737,.,-0.593601165082533,34.7615970823198,2018,.
81738,.,-0.593089317025196,34.7738052969067,2018,.
81739,.,-0.540381803416343,34.7964715965828,2018,.
81740,.,-0.559021270350218,34.7891594412479,2018,.
81741,.,-0.540827820176954,34.7953008719223,2018,.
81742,.,-0.529125896974202,34.7941637965715,2018,.
81743,.,-0.530135542499134,34.7931374968976,2018,.
81744,.,-0.559290340401797,34.7890829243148,2018,.
81745,.,-0.540393404158428,34.7964669598117,2018,.
81746,.,-0.64988726853133,34.9114668214042,2018,.
81747,.,-0.650060474141616,34.9108304396052,2018,.
81748,.,-0.6493909740982,34.9111568917173,2018,.
81749,.,-0.572790890912332,34.7467147697542,2018,.
81750,.,-0.670185337192589,34.7676920268989,2018,.
81751,.,-0.565866907228627,34.7458196206334,2018,.
81752,.,-0.5933055,34.8193839,2018,.
81753,.,-0.6000773,34.8231509,2018,.
81754,.,-0.6013564,34.8230725,2018,.
81755,.,-0.604748,34.8228788,2018,.
81756,.,-0.6039419,34.8218491,2018,.
81757,.,-0.6016233,34.8231366,2018,.
81758,.,0.8070876,34.9860316,2018,.
81759,.,0.7988418,34.9887385,2018,.
81760,.,0.8016952,34.9860406,2018,.
81761,.,0.8072392,34.984748,2018,.
81762,.,0.8071764,34.9846525,2018,.
81763,.,0.7998584,34.983053,2018,.
81764,.,0.8017627,34.986065,2018,.
81765,.,0.7998227,34.9831443,2018,.
81766,.,0.7997093,34.9830569,2018,.
81767,.,0.8004273,34.9865213,2018,.
81768,.,0.7982762,34.9837759,2018,.
81769,.,0.5778916,35.0685988,2018,.
81770,.,0.5753907,35.0689112,2018,.
81771,.,0.5647963,35.067816,2018,.
81772,.,0.554756,35.0909696,2018,.
81773,.,0.55457,35.0909217,2018,.
81774,.,0.5825352,35.0565423,2018,.
81775,.,0.5649016,35.0677674,2018,.
81776,.,0.5778761,35.0686822,2018,.
81777,.,0.5832723,35.0546967,2018,.
81778,.,0.5759461,35.0691224,2018,.
81779,.,0.7205272,35.0627893,2018,.
81780,.,0.7205296,35.0625541,2018,.
81781,.,0.7207113,35.0630309,2018,.
81782,.,0.703699,35.0742608,2018,.
81783,.,0.7033379,35.0728743,2018,.
81784,.,0.7220009,35.0551597,2018,.
81785,.,0.703365,35.0728885,2018,.
81786,.,0.7187814,35.0742721,2018,.
81787,.,0.7595902,35.0653061,2018,.
81788,.,0.7611923,35.0669336,2018,.
81789,.,0.703353,35.0728575,2018,.
81790,.,0.7187709,35.0742356,2018,.
81791,.,0.7816122,35.0252323,2018,.
81792,.,0.7215841,35.0591439,2018,.
81793,.,0.7113302,35.1516026,2018,.
81794,.,0.7310988,35.1481818,2018,.
81795,.,0.7219488,35.1298472,2018,.
81796,.,0.7156586,35.1207591,2018,.
81797,.,0.7117181,35.1517368,2018,.
81798,.,0.7217354,35.1567013,2018,.
81799,.,0.7120454,35.1375397,2018,.
81800,.,0.7164962,35.1386237,2018,.
81801,.,0.7211066,35.1311531,2018,.
81802,.,0.7147925,35.1195705,2018,.
81803,.,0.7210071,35.1555857,2018,.
81804,.,0.7170736,35.1386849,2018,.
81805,.,0.7129642,35.1352692,2018,.
81806,.,0.7104741,35.1493644,2018,.
81807,.,0.7213934,35.128459,2018,.
81808,.,0.7164968,35.1357047,2018,.
81809,.,0.730809,35.1477505,2018,.
81810,.,0.7207483,35.1278418,2018,.
81811,.,0.7178331,35.1212747,2018,.
81812,.,0.7153584,35.1520204,2018,.
81813,.,0.7065703,35.1381903,2018,.
81814,.,0.796189,34.9674231,2018,.
81815,.,0.7962851,34.9674871,2018,.
81816,.,0.8068011,34.9695722,2018,.
81817,.,0.815841,34.9644503,2018,.
81818,.,0.8158015,34.9646041,2018,.
81819,.,0.7963493,34.967352,2018,.
81820,.,0.8067861,34.9695077,2018,.
81821,.,0.7958925,34.9624789,2018,.
81822,.,0.815807,34.964576,2018,.
81823,.,0.8053143,34.9707657,2018,.
81824,.,0.7959365,34.9623993,2018,.
81825,.,0.7920847,34.9633593,2018,.
81826,.,0.792305,34.9617985,2018,.
81827,.,0.7687301,35.1032801,2018,.
81828,.,0.7885694,35.0895974,2018,.
81829,.,0.7777877,35.0984764,2018,.
81830,.,0.7790169,35.0988915,2018,.
81831,.,0.7873573,35.089974,2018,.
81832,.,0.7873593,35.0902291,2018,.
81833,.,0.7770959,35.0986591,2018,.
81834,.,0.7770151,35.0985811,2018,.
81835,.,0.7676974,35.1026209,2018,.
81836,.,0.7118399,35.1274428,2018,.
81837,.,0.7010284,35.1090371,2018,.
81838,.,0.6920644,35.1102621,2018,.
81839,.,0.7234615,35.0774671,2018,.
81840,.,0.714484,35.0876155,2018,.
81841,.,0.6990921,35.104478,2018,.
81842,.,0.7137512,35.1142983,2018,.
81843,.,0.7120152,35.1275514,2018,.
81844,.,0.7008548,35.1087279,2018,.
81845,.,0.7087275,35.1154887,2018,.
81846,.,0.7238801,35.076342,2018,.
81847,.,0.7028303,35.1124007,2018,.
81848,.,0.7027126,35.0984056,2018,.
81849,.,0.7123569,35.1243311,2018,.
81850,.,0.7115927,35.0985399,2018,.
81851,.,0.712721,35.127333,2018,.
81852,.,0.7092965,35.1159741,2018,.
81853,.,0.7138915,35.0872289,2018,.
81854,.,0.7070842,35.1144724,2018,.
81855,.,0.7126075,35.1272762,2018,.
81856,.,0.7027548,35.1125197,2018,.
81857,.,0.6928855,35.1092678,2018,.
81858,.,0.7801418,35.0597708,2018,.
81859,.,0.7778886,35.0621081,2018,.
81860,.,0.7765228,35.0517055,2018,.
81861,.,0.8021717,35.0328249,2018,.
81862,.,0.7778309,35.0621173,2018,.
81863,.,0.7782982,35.0607862,2018,.
81864,.,0.7772573,35.0545824,2018,.
81865,.,0.7781967,35.0549651,2018,.
81866,.,0.8021315,35.0328487,2018,.
81867,.,0.6355951,35.0499885,2018,.
81868,.,0.6428727,35.0155114,2018,.
81869,.,0.6211639,35.0252864,2018,.
81870,.,0.6222821,35.0253463,2018,.
81871,.,0.6359264,35.0491271,2018,.
81872,.,0.6342956,35.0486043,2018,.
81873,.,0.6226423,35.0245583,2018,.
81874,.,0.6343555,35.0488174,2018,.
81875,.,0.8453144,35.0928147,2018,.
81876,.,0.8529167,35.0779414,2018,.
81877,.,0.8529816,35.091047,2018,.
81878,.,0.8522652,35.0927953,2018,.
81879,.,0.8517655,35.0912753,2018,.
81880,.,0.8524899,35.0915138,2018,.
81881,.,0.8504031,35.0923343,2018,.
81882,.,0.8475463,35.0935094,2018,.
81883,.,0.8533017,35.0797582,2018,.
81884,.,0.8441977,35.0923788,2018,.
81885,.,0.8441748,35.0923313,2018,.
81886,.,0.7707237,35.0354377,2018,.
81887,.,0.7709647,35.0356187,2018,.
81888,.,0.7784501,35.0310396,2018,.
81889,.,0.7530437,35.0341682,2018,.
81890,.,0.7527461,35.0328839,2018,.
81891,.,0.7530633,35.0342605,2018,.
81892,.,0.7786163,35.0307223,2018,.
81893,.,0.7874129,35.0087165,2018,.
81894,.,0.7871765,35.0089425,2018,.
81895,.,0.7263799,34.9742174,2018,.
81896,.,0.7232016,34.9816901,2018,.
81897,.,0.6889307,34.9949439,2018,.
81898,.,0.7134615,34.9790757,2018,.
81899,.,0.7264824,34.9743845,2018,.
81900,.,0.7133003,34.9789732,2018,.
81901,.,0.7189172,34.9649039,2018,.
81902,.,0.7193183,34.9629572,2018,.
81903,.,0.7233734,34.9704504,2018,.
81904,.,0.7251629,34.9729794,2018,.
81905,.,0.7233298,34.9816516,2018,.
81906,.,0.6544394,35.0917671,2018,.
81907,.,0.6373211,35.076259,2018,.
81908,.,0.6498583,35.0868932,2018,.
81909,.,0.6373187,35.0762622,2018,.
81910,.,0.646083,35.0901078,2018,.
81911,.,0.6311381,35.08703,2018,.
81912,.,0.6351979,35.0774732,2018,.
81913,.,0.659287,35.0948271,2018,.
81914,.,0.6461022,35.0841469,2018,.
81915,.,0.6542325,35.0929849,2018,.
81916,.,0.6461022,35.0841469,2018,.
81917,.,0.6458668,35.0901809,2018,.
81918,.,0.6662283,35.0850613,2018,.
81919,.,0.6545058,35.0920886,2018,.
81920,.,0.6341265,35.0899018,2018,.
81921,.,0.638808,35.0841756,2018,.
81922,.,0.6351459,35.0773648,2018,.
81923,.,0.630825,35.0839773,2018,.
81924,.,0.6592639,35.0945591,2018,.
81925,.,0.6387829,35.0848332,2018,.
81926,.,0.6546125,35.0923091,2018,.
81927,.,0.6310857,35.086727,2018,.
81928,.,0.6348627,35.0771965,2018,.
81929,.,0.6495457,35.0866727,2018,.
81930,.,0.6459935,35.0892592,2018,.
81931,.,0.6725473,35.1960929,2018,.
81932,.,0.6720967,35.1968595,2018,.
81933,.,0.6746701,35.1969625,2018,.
81934,.,0.6742545,35.197499,2018,.
81935,.,0.6703639,35.1983284,2018,.
81936,.,0.6743789,35.1960788,2018,.
81937,.,0.6708611,35.1984571,2018,.
81938,.,0.6751211,35.2035401,2018,.
81939,.,0.6734014,35.1961613,2018,.
81940,.,0.6724818,35.1961511,2018,.
81941,.,0.6771846,35.2016397,2018,.
81942,.,0.6744219,35.196142,2018,.
81943,.,0.674254,35.1975067,2018,.
81944,.,0.6712594,35.1978868,2018,.
81945,.,0.6743737,35.2023167,2018,.
81946,.,0.7069069,35.1903869,2018,.
81947,.,0.6762838,35.2024722,2018,.
81948,.,0.6319575,35.2233322,2018,.
81949,.,0.6295318,35.2238132,2018,.
81950,.,0.6761346,35.203375,2018,.
81951,.,0.7056558,35.1950548,2018,.
81952,.,0.6760496,35.2032911,2018,.
81953,.,0.6294554,35.2237784,2018,.
81954,.,0.6815212,35.1903753,2018,.
81955,.,0.6777673,35.1809615,2018,.
81956,.,-0.845249402434783,35.000757226608,2018,.
81957,.,-0.87542565072976,34.9879636107141,2018,.
81958,.,-0.841660800428524,35.0000079393714,2018,.
81959,.,-0.874993408326615,34.9875262548839,2018,.
81960,.,-0.871223509518705,34.989734263291,2018,.
81961,.,-0.831509967781089,35.0151018777183,2018,.
81962,.,-0.841688806196728,34.9999983050084,2018,.
81963,.,-0.877496530211295,34.9959815276594,2018,.
81964,.,-0.875317060819348,34.9877728880018,2018,.
81965,.,-0.836935642183691,35.0116000226016,2018,.
81966,.,-0.874552942445892,34.9849887415179,2018,.
81967,.,-0.830815069738303,35.015164337868,2018,.
81968,.,-0.893580662779118,34.9001516866612,2018,.
81969,.,-0.893223385746201,34.9004937971772,2018,.
81970,.,-0.903957548700988,34.911479040502,2018,.
81971,.,-0.890700997955611,34.9141694362437,2018,.
81972,.,-0.890068096334192,34.913747906562,2018,.
81973,.,-0.908473250616209,34.9105261458054,2018,.
81974,.,-0.908473250616209,34.9105261458054,2018,.
81975,.,-0.909137077939978,34.9107610152316,2018,.
81976,.,-0.902612338045528,34.9113857571764,2018,.
81977,.,-0.902463088262934,34.9051526991649,2018,.
81978,.,-0.831779760276872,34.9731488374291,2018,.
81979,.,-0.825187655021366,34.9681963166002,2018,.
81980,.,-0.831779760276872,34.9731488374291,2018,.
81981,.,-0.789696417016806,34.9500194981664,2018,.
81982,.,-0.822809996688099,34.9685590249495,2018,.
81983,.,-0.826562600291833,34.9685919028384,2018,.
81984,.,-0.823489635539893,34.968310841348,2018,.
81985,.,-0.874913120212176,34.9324028841565,2018,.
81986,.,-0.872593077630131,34.9322727428646,2018,.
81987,.,-0.874906997351399,34.9324233383066,2018,.
81988,.,-0.870322230915415,34.9212818220029,2018,.
81989,.,-0.876079055976093,34.9332484055624,2018,.
81990,.,-0.887728097518875,34.927655459997,2018,.
81991,.,-0.875058043028245,34.932048216215,2018,.
81992,.,-0.766225108424122,35.0505455828714,2018,.
81993,.,-0.774986000875137,35.0544720562431,2018,.
81994,.,-0.765975467167385,35.050322191113,2018,.
81995,.,-0.76571122098013,35.0477747476319,2018,.
81996,.,-0.766265315552105,35.0507676723747,2018,.
81997,.,-0.776138099535161,35.053255477969,2018,.
81998,.,-0.774206313517386,35.0519010981594,2018,.
81999,.,-0.765701379264848,35.0480567346777,2018,.
82000,.,-0.774299374848573,35.0493969363018,2018,.
82001,.,-0.759631291117524,35.0150924416854,2018,.
82002,.,-0.774594502718602,35.0505644557032,2018,.
82003,.,-0.822181847385528,35.0096048100614,2018,.
82004,.,-0.821632798798124,35.0083849408866,2018,.
82005,.,-0.815979616691693,35.0408261922308,2018,.
82006,.,-0.824054235856036,35.0073184494914,2018,.
82007,.,-0.824045013620428,35.0072582879927,2018,.
82008,.,-0.820824042259597,35.0040835965901,2018,.
82009,.,-0.823119055436159,35.0052922159139,2018,.
82010,.,-0.819517958619057,35.0153814538579,2018,.
82011,.,-0.822527742738302,35.0039947881746,2018,.
82012,.,-0.817223084425045,35.0397079355242,2018,.
82013,.,-0.890443465625181,34.9420057703914,2018,.
82014,.,-0.885702723030299,34.9451762491936,2018,.
82015,.,-0.893231200007184,34.9462037226644,2018,.
82016,.,-0.889159100376895,34.9683950596272,2018,.
82017,.,-0.893185351370623,34.9462466165083,2018,.
82018,.,-0.889489541421138,34.9680556417788,2018,.
82019,.,-0.898565187436178,34.9435639579223,2018,.
82020,.,-0.886606996394255,34.9489085149672,2018,.
82021,.,-0.88545664526489,34.9452962046716,2018,.
82022,.,-0.900822316884607,34.944233388517,2018,.
82023,.,-0.898715871185468,34.9712748214109,2018,.
82024,.,-0.844275333853659,34.8888799708801,2018,.
82025,.,-0.832218848704952,34.9062399967455,2018,.
82026,.,-0.844495210094639,34.8896491094214,2018,.
82027,.,-0.844000452559834,34.8883467450125,2018,.
82028,.,-0.83336997558938,34.902742698027,2018,.
82029,.,-0.83379616024608,34.9047097166873,2018,.
82030,.,-0.8346617,34.9020574,2018,.
82031,.,-0.905019518765256,34.8676285455609,2018,.
82032,.,-0.907708418608078,34.873235001145,2018,.
82033,.,-0.899431840900963,34.9363016045252,2018,.
82034,.,-0.906515222635572,34.9434647769997,2018,.
82035,.,-0.899929270735058,34.9350209463308,2018,.
82036,.,-0.904775563025926,34.8652939312713,2018,.
82037,.,-0.905428349175266,34.9412628143715,2018,.
82038,.,-0.904922533896508,34.9519407364413,2018,.
82039,.,-0.898637272028601,34.9466075542574,2018,.
82040,.,-0.904630092659747,34.9513360756561,2018,.
82041,.,-0.705854492768645,34.9357375946846,2018,.
82042,.,-0.704167221963176,34.9379700152033,2018,.
82043,.,-0.687689750788782,34.9684851483681,2018,.
82044,.,-0.686239172331728,34.9710432721356,2018,.
82045,.,-0.687452321527835,34.968466246689,2018,.
82046,.,-0.884954988841373,34.9875245525158,2018,.
82047,.,-0.883181267906188,34.9879777981592,2018,.
82048,.,-0.884732155050079,34.9904171962365,2018,.
82049,.,-0.884259737447292,34.9864541033938,2018,.
82050,.,-0.885456808156652,34.9914132565758,2018,.
82051,.,-0.886745961059503,34.9890355521903,2018,.
82052,.,-0.885015156034607,34.9875845758201,2018,.
82053,.,-0.886730764601652,34.9880076419702,2018,.
82054,.,-0.884678991873537,34.9903758804017,2018,.
82055,.,-0.882883647496256,34.9883397273536,2018,.
82056,.,-0.887663440941616,34.9868290785279,2018,.
82057,.,0.446048,34.7694149,2018,.
82058,.,0.4460742,34.7693887,2018,.
82059,.,0.437857615008143,34.7759270978716,2018,.
82060,.,0.4422501,34.7629414,2018,.
82061,.,0.4456779,34.7695388,2018,.
82062,.,0.442642873705038,34.762235211542,2018,.
82063,.,0.436700542523536,34.7781350623579,2018,.
82064,.,0.468741817402904,34.8613954485932,2018,.
82065,.,0.467192073043479,34.8400721650145,2018,.
82066,.,0.466065019165836,34.8404914611705,2018,.
82067,.,0.466078585067285,34.8405020281724,2018,.
82068,.,0.470578338849689,34.8142707960266,2018,.
82069,.,0.471272807007342,34.8140997905333,2018,.
82070,.,0.4858056,34.8440554,2018,.
82071,.,0.468955004348511,34.8611716267264,2018,.
82072,.,0.600803244730745,34.773268173595,2018,.
82073,.,0.468727951551258,34.8614341393782,2018,.
82074,.,0.4912305,34.7682713,2018,.
82075,.,0.467333712307757,34.9001870694107,2018,.
82076,.,0.468196888379353,34.8089593302883,2018,.
82077,.,0.4907243,34.7678872,2018,.
82078,.,0.486662970375276,34.798902954743,2018,.
82079,.,0.5315966,34.8403693,2018,.
82080,.,0.6422085,34.9027415,2018,.
82081,.,0.6059585,34.9008735,2018,.
82082,.,0.6422623,34.9027793,2018,.
82083,.,0.636091,34.8958008,2018,.
82084,.,0.6059841,34.9010075,2018,.
82085,.,0.6354286,34.8945584,2018,.
82086,.,0.6356801,34.8951036,2018,.
82087,.,0.5477823,34.8961563,2018,.
82088,.,0.5323808,34.9191076,2018,.
82089,.,0.5483572,34.8968814,2018,.
82090,.,0.5384547,34.9047884,2018,.
82091,.,0.5414688,34.9054324,2018,.
82092,.,0.532591128668464,34.9154387759666,2018,.
82093,.,0.55624920933795,34.8557070887921,2018,.
82094,.,0.5371158,34.877013,2018,.
82095,.,0.5349099,34.8709761,2018,.
82096,.,0.555557196500021,34.8563900965061,2018,.
82097,.,0.525423628355986,34.870995054369,2018,.
82098,.,0.5376746,34.8723475,2018,.
82099,.,0.5158002,35.2775775,2018,.
82100,.,0.4390746,34.958158,2018,.
82101,.,0.439845,34.9553427,2018,.
82102,.,0.4625976,34.9660813,2018,.
82103,.,0.4370946,34.9590091,2018,.
82104,.,0.4730737,35.3037031,2018,.
82105,.,0.5158002,35.2775775,2018,.
82106,.,0.43541,34.9612649,2018,.
82107,.,0.4629912,34.9663716,2018,.
82108,.,0.5697783,34.7882823,2018,.
82109,.,0.5700543,34.7882831,2018,.
82110,.,0.5683422,34.8160907,2018,.
82111,.,0.5670838,34.815849,2018,.
82112,.,0.5682174,34.8159982,2018,.
82113,.,0.5697752,34.7882757,2018,.
82114,.,0.5650036,34.8005594,2018,.
82115,.,0.5650271,34.8005808,2018,.
82116,.,0.462267541136308,35.0017308242137,2018,.
82117,.,0.481063696702698,34.9872583487511,2018,.
82118,.,0.442029579548146,34.982471185449,2018,.
82119,.,0.445611300135683,34.9825718008183,2018,.
82120,.,0.445611300135683,34.9825718008183,2018,.
82121,.,0.446317436778561,34.9798615229481,2018,.
82122,.,0.459442931142934,34.9990122826994,2018,.
82123,.,0.445611300135683,34.9825718008183,2018,.
82124,.,0.650140301366494,34.9772645327158,2018,.
82125,.,0.675207647215518,34.9687423915606,2018,.
82126,.,0.664120810725138,34.9580203953947,2018,.
82127,.,0.667502153481089,34.9587477184131,2018,.
82128,.,0.650720914869928,34.976534862576,2018,.
82129,.,0.6666589,34.9633833,2018,.
82130,.,0.650140301366494,34.9772645327158,2018,.
82131,.,0.675207449169088,34.9686784762407,2018,.
82132,.,0.667922,34.9622089,2018,.
82133,.,0.667462011433623,34.9620242700588,2018,.
82134,.,0.6208742,34.8382537,2018,.
82135,.,0.6207775,34.838348,2018,.
82136,.,0.6144298,34.8465326,2018,.
82137,.,0.6139365,34.8447768,2018,.
82138,.,0.6144114,34.8464543,2018,.
82139,.,0.6145675,34.8466533,2018,.
82140,.,0.6211125,34.8390878,2018,.
82141,.,0.6127296,34.8460219,2018,.
82142,.,0.6135403,34.8449026,2018,.
82143,.,0.4899613,34.7026117,2018,.
82144,.,0.4903194,34.7022621,2018,.
82145,.,0.482683246373252,34.7304384283571,2018,.
82146,.,0.4782466,34.7404857,2018,.
82147,.,0.4817746,34.7303102,2018,.
82148,.,0.470529498058278,34.8968167213702,2018,.
82149,.,0.470529498058278,34.8968167213702,2018,.
82150,.,0.519409550854873,34.820517959306,2018,.
82151,.,0.515523920651342,34.8308337788184,2018,.
82152,.,0.52065831631956,34.8290078203384,2018,.
82153,.,0.518782427530703,34.8209174448494,2018,.
82154,.,0.521364394827039,34.8302556721472,2018,.
82155,.,0.519381673844018,34.8205242171062,2018,.
82156,.,0.52065831631956,34.8290078203384,2018,.
82157,.,0.467025428936492,34.9011671247347,2018,.
82158,.,0.516030513390502,34.8324542783623,2018,.
82159,.,0.5970671,34.8792877,2018,.
82160,.,0.470065831458784,34.8998921191591,2018,.
82161,.,0.597750716126921,34.880455309727,2018,.
82162,.,0.6007303,34.8431547,2018,.
82163,.,0.597756736842051,34.8804269371311,2018,.
82164,.,0.6014111,34.8460196,2018,.
82165,.,0.597621690549373,34.8804539588405,2018,.
82166,.,0.6078047,34.9449477,2018,.
82167,.,0.6073648,34.9333786,2018,.
82168,.,0.6252691,34.8724557,2018,.
82169,.,0.6071342,34.9334491,2018,.
82170,.,0.6079084,34.9443482,2018,.
82171,.,0.6111774,34.9174618,2018,.
82172,.,0.6111697,34.9175008,2018,.
82173,.,0.6060028,34.934917,2018,.
82174,.,0.6078539,34.9443291,2018,.
82175,.,0.5315771,34.8403844,2018,.
82176,.,0.512992689200852,34.848133842745,2018,.
82177,.,0.507243026164513,34.847429884465,2018,.
82178,.,0.5316216,34.8403562,2018,.
82179,.,0.512040247932839,34.8481388778695,2018,.
82180,.,0.507177669134326,34.8473596203557,2018,.
82181,.,0.5130076,34.8480603,2018,.
82182,.,0.5297202,34.8500446,2018,.
82183,.,0.467252506947154,34.9000713465135,2018,.
82184,.,0.5333803,34.8403896,2018,.
82185,.,0.437670034753986,34.7572715021166,2018,.
82186,.,0.439474013120851,34.7457933839764,2018,.
82187,.,0.444836233649166,34.766446811477,2018,.
82188,.,0.444451139867047,34.7662322752398,2018,.
82189,.,0.444836233649166,34.766446811477,2018,.
82190,.,0.439474013120851,34.7457933839764,2018,.
82191,.,0.439474013120851,34.7457933839764,2018,.
82192,.,0.439180121,34.73788413,2018,.
82193,.,0.443842162273,34.6836714519417,2018,.
82194,.,0.445083462486036,34.6802118786398,2018,.
82195,.,0.450675241159906,34.6734445899315,2018,.
82196,.,0.418669067840364,34.7116930005258,2018,.
82197,.,0.450494943529394,34.6721985577706,2018,.
82198,.,0.419623011639583,34.7119995398597,2018,.
82199,.,0.419833584703529,34.7118646418773,2018,.
82200,.,0.595400426095669,34.9357613772407,2018,.
82201,.,0.596650105397158,34.9355791563091,2018,.
82202,.,0.598286567323512,34.9568443048614,2018,.
82203,.,0.5979611,34.9573544,2018,.
82204,.,0.5836366,34.9244534,2018,.
82205,.,0.582603,34.9247582,2018,.
82206,.,0.596650105397158,34.9355791563091,2018,.
82207,.,0.600163105608839,34.9593224635494,2018,.
82208,.,0.600439735305914,34.9598397098883,2018,.
82209,.,0.470506874948719,34.8970083894433,2018,.
82210,.,0.475325652953452,34.7535505983846,2018,.
82211,.,0.462973932784074,34.7703769563869,2018,.
82212,.,0.462310858211438,34.7710355729477,2018,.
82213,.,0.475503262152076,34.7537442602343,2018,.
82214,.,0.453089214161856,34.7668659603815,2018,.
82215,.,0.462309766056385,34.7710551920004,2018,.
82216,.,0.470506874948719,34.8970083894433,2018,.
82217,.,0.42367261565521,34.8571045325097,2018,.
82218,.,0.420006107748663,34.8571926038992,2018,.
82219,.,0.4279248,34.8672481,2018,.
82220,.,0.4414288,34.8634973,2018,.
82221,.,0.4409324,34.8635396,2018,.
82222,.,0.4281715,34.8674239,2018,.
82223,.,-1.05871411541834,34.5750351132916,2018,.
82224,.,-1.05169480894346,34.5679228195612,2018,.
82225,.,-1.04629913940435,34.563030456362,2018,.
82226,.,-1.03274994984477,34.5678898099575,2018,.
82227,.,-1.04636341253089,34.5640634074358,2018,.
82228,.,-1.04761274859431,34.5672615539838,2018,.
82229,.,-1.04748612905008,34.5673811440425,2018,.
82230,.,-1.05072231077449,34.5664811901419,2018,.
82231,.,-1.04912059213815,34.5662799150888,2018,.
82232,.,-1.04630454747489,34.5629757636231,2018,.
82233,.,-0.923669007606804,34.4548791646957,2018,.
82234,.,-0.923679107800126,34.4556346256286,2018,.
82235,.,-0.924470694735646,34.4505834393203,2018,.
82236,.,-0.9197377,34.4756113,2018,.
82237,.,-0.923258545808494,34.4507297035307,2018,.
82238,.,-0.928587927483022,34.461545040831,2018,.
82239,.,-0.92429521959275,34.4625020865351,2018,.
82240,.,-0.9277619,34.4612567,2018,.
82241,.,-0.8490782,34.5333349,2018,.
82242,.,-0.8495785,34.533537,2018,.
82243,.,-0.8745115,34.5120865,2018,.
82244,.,-0.848548,34.532928,2018,.
82245,.,-0.8619566,34.5293514,2018,.
82246,.,-0.8751027,34.5115555,2018,.
82247,.,-0.8623313,34.5299242,2018,.
82248,.,-0.9936806,34.4961185,2018,.
82249,.,-0.9715178,34.470681,2018,.
82250,.,-0.9941133,34.4968392,2018,.
82251,.,-0.9937271,34.4962108,2018,.
82252,.,-0.9714875,34.4710546,2018,.
82253,.,-0.9823719,34.4925598,2018,.
82254,.,-0.9714825,34.4711715,2018,.
82255,.,-0.9804272,34.4916409,2018,.
82256,.,-0.9755283,34.4750563,2018,.
82257,.,-0.9815359,34.4922533,2018,.
82258,.,-0.9756594,34.4750625,2018,.
82259,.,-1.0489965,34.3330855,2018,.
82260,.,-1.0329693,34.3482123,2018,.
82261,.,-1.0812042,34.3523039,2018,.
82262,.,-1.0858643,34.3589528,2018,.
82263,.,-1.0809944,34.3527953,2018,.
82264,.,-1.0458242,34.3429036,2018,.
82265,.,-1.0490875,34.3349856,2018,.
82266,.,-1.0497337,34.3360824,2018,.
82267,.,-1.0830697,34.3547514,2018,.
82268,.,-1.086279,34.3609593,2018,.
82269,.,-1.0852336,34.3569009,2018,.
82270,.,-1.00757936454033,34.4865799495171,2018,.
82271,.,-0.981300676253637,34.3905542354764,2018,.
82272,.,-0.989674844242679,34.4299966340891,2018,.
82273,.,-0.989673834405803,34.4299350309583,2018,.
82274,.,-1.00759009579293,34.4866903450122,2018,.
82275,.,-0.988054481295594,34.4301490411973,2018,.
82276,.,-1.00762695941878,34.4866766617245,2018,.
82277,.,-0.989121367053731,34.4301251965207,2018,.
82278,.,-0.988894210772794,34.4290748150714,2018,.
82279,.,-0.98022050986975,34.4947340514818,2018,.
82280,.,-0.98777966506523,34.4294450829816,2018,.
82281,.,-1.1150128852645,34.5052741702615,2018,.
82282,.,-1.08790687527301,34.495131158368,2018,.
82283,.,-1.11498112047773,34.5053140313265,2018,.
82284,.,-1.08762177351253,34.4985809673969,2018,.
82285,.,-1.06323091548655,34.4734732469323,2018,.
82286,.,-1.09110719190025,34.507534596995,2018,.
82287,.,-1.04921783474026,34.5662242345144,2018,.
82288,.,-1.11497856885973,34.5053070159319,2018,.
82289,.,-1.02097583038502,34.5614529169628,2018,.
82290,.,-1.06311523149479,34.4734778405098,2018,.
82291,.,-1.0368946,34.48858,2018,.
82292,.,-1.0433943,34.4907399,2018,.
82293,.,-1.0366702,34.4851563,2018,.
82294,.,-1.046171,34.4913699,2018,.
82295,.,-1.0441257,34.4927576,2018,.
82296,.,-1.0498085,34.4992483,2018,.
82297,.,-1.0364805,34.4884506,2018,.
82298,.,-1.0430175,34.4911939,2018,.
82299,.,-1.0443902,34.4934308,2018,.
82300,.,-1.0496769,34.4992206,2018,.
82301,.,-1.0495971,34.4969944,2018,.
82302,.,-1.0422751,34.4942524,2018,.
82303,.,-1.00701068993658,34.3660665303469,2018,.
82304,.,-1.00444959942251,34.377975622192,2018,.
82305,.,-0.997561644762754,34.3468424677849,2018,.
82306,.,-0.994281554594636,34.3622606433928,2018,.
82307,.,-1.00431402213872,34.3780148494989,2018,.
82308,.,-0.994228203780949,34.3622104357928,2018,.
82309,.,-1.00685076322407,34.3659863993526,2018,.
82310,.,-1.00135064218193,34.378784224391,2018,.
82311,.,-0.997566129080951,34.346847999841,2018,.
82312,.,-0.994392028078437,34.363061953336,2018,.
82313,.,-1.0060373833403,34.3666999507695,2018,.
82314,.,-1.1022966,34.5241566,2018,.
82315,.,-1.1015217,34.52865,2018,.
82316,.,-1.1015203,34.5283946,2018,.
82317,.,-1.089279,34.5276113,2018,.
82318,.,-1.0818346,34.5315603,2018,.
82319,.,-1.0831238,34.531778,2018,.
82320,.,-1.0867365,34.528835,2018,.
82321,.,-1.1022922,34.5242764,2018,.
82322,.,-1.1017538,34.5260345,2018,.
82323,.,-1.102588,34.5247212,2018,.
82324,.,-1.0852762,34.5323754,2018,.
82325,.,-0.980122188453774,34.4184193675381,2018,.
82326,.,-1.00717710549435,34.4863196966911,2018,.
82327,.,-1.0896857175976,34.4674301426858,2018,.
82328,.,-1.00021401812887,34.4949111962899,2018,.
82329,.,-1.08979975339025,34.467359399423,2018,.
82330,.,-1.08975080307573,34.4673839583993,2018,.
82331,.,-1.08976475894451,34.4673691224307,2018,.
82332,.,-0.980108874868192,34.4183944288486,2018,.
82333,.,-0.981269519308823,34.3901120667525,2018,.
82334,.,-1.08978630043566,34.4674049969763,2018,.
82335,.,-0.981287462214409,34.3905681881583,2018,.
82336,.,-1.01669070494014,34.5909747484661,2018,.
82337,.,-1.02276678412692,34.5883075833985,2018,.
82338,.,-1.02275475590784,34.5882526421542,2018,.
82339,.,-1.01672565687342,34.5909355331526,2018,.
82340,.,-1.02276937192827,34.5880936848922,2018,.
82341,.,-1.01962980939102,34.5661799377562,2018,.
82342,.,-1.06318036936563,34.4734537899206,2018,.
82343,.,-1.01654169620955,34.5907921024088,2018,.
82344,.,-1.09216282144189,34.4484510831535,2018,.
82345,.,-1.0934503,34.4472574,2018,.
82346,.,-1.08787635806948,34.4169147592038,2018,.
82347,.,-1.10919183120131,34.3846740201116,2018,.
82348,.,-1.08812370803207,34.4168117456138,2018,.
82349,.,-1.11948153935373,34.3877634219825,2018,.
82350,.,-1.1194344330579,34.3877712171525,2018,.
82351,.,-1.09833651222289,34.2615072336048,2018,.
82352,.,-1.10022700857371,34.2620226368308,2018,.
82353,.,-1.09213524498045,34.4485129415989,2018,.
82354,.,-1.09845892991871,34.261476220563,2018,.
82355,.,-1.0898551158607,34.4674859661609,2018,.
82356,.,-0.946393562480807,34.3385893944651,2018,.
82357,.,-0.974971493706107,34.3693130929023,2018,.
82358,.,-1.08963584527373,34.4674975331873,2018,.
82359,.,-1.08966363128275,34.4674454815686,2018,.
82360,.,-0.964034995995462,34.3663699552417,2018,.
82361,.,-0.964087801985443,34.3663514312357,2018,.
82362,.,-0.964135243557394,34.3668243382126,2018,.
82363,.,-0.947125134989619,34.3387737125158,2018,.
82364,.,-0.947039304301143,34.3388240039349,2018,.
82365,.,-0.969488094560802,34.370393268764,2018,.
82366,.,-1.00440593148059,34.5704887401655,2018,.
82367,.,-1.0152869252,34.5669073981301,2018,.
82368,.,-1.11459360677579,34.5049281732544,2018,.
82369,.,-1.01804084012563,34.5660473004348,2018,.
82370,.,-1.01997257743775,34.5650027718778,2018,.
82371,.,-1.01961874933781,34.5667183349072,2018,.
82372,.,-1.02206382906328,34.5615288928634,2018,.
82373,.,-1.01829638567411,34.5656711999176,2018,.
82374,.,-1.02002160839521,34.5650270935898,2018,.
82375,.,-1.01560023160078,34.5670148668172,2018,.
82376,.,-1.01666392985085,34.5908415210478,2018,.
82377,.,-1.02136781264307,34.5693482092183,2018,.
82378,.,-1.02138938999725,34.5613541320831,2018,.
82379,.,-1.05256817769259,34.525132002309,2018,.
82380,.,-1.05256817769259,34.525132002309,2018,.
82381,.,-1.06259004212916,34.5371474605054,2018,.
82382,.,-1.07049539219588,34.4685639627278,2018,.
82383,.,-1.05138641316444,34.528953647241,2018,.
82384,.,-1.0511497920379,34.5284137688577,2018,.
82385,.,-1.05273267254233,34.5252929348499,2018,.
82386,.,-1.06588819529861,34.5349785592407,2018,.
82387,.,-1.05264474637806,34.52527474612,2018,.
82388,.,-0.9252015,34.5696528,2018,.
82389,.,-0.9244276,34.5696335,2018,.
82390,.,-0.8863332,34.5520839,2018,.
82391,.,-0.8689671,34.5603128,2018,.
82392,.,-0.8871789,34.5533913,2018,.
82393,.,-0.9232773,34.5691661,2018,.
82394,.,-0.8689299,34.5602464,2018,.
82395,.,-0.8863629,34.552188,2018,.
82396,.,-1.10396093688905,34.3061903212219,2018,.
82397,.,-1.10396093688905,34.3061903212219,2018,.
82398,.,-1.08964498154819,34.4674078468233,2018,.
82399,.,-1.09829606954008,34.3386198207736,2018,.
82400,.,-1.08965788967907,34.4674060866237,2018,.
82401,.,-1.08969682361931,34.2859642859548,2018,.
82402,.,-1.09631467144936,34.3394124973565,2018,.
82403,.,-1.09003272838891,34.2861583270132,2018,.
82404,.,-1.10365269239992,34.3061963561922,2018,.
82405,.,-1.08836175408214,34.4666497036815,2018,.
82406,.,-1.08972528018057,34.4674137141556,2018,.
82407,.,-1.09634660650045,34.3393754493445,2018,.
82408,.,-1.09298592433333,34.2773478571325,2018,.
82409,.,0.38530841684782,34.6386558828208,2018,.
82410,.,0.393271199405255,34.624946602108,2018,.
82411,.,0.392303968701776,34.6261886435416,2018,.
82412,.,0.3850586,34.6385698,2018,.
82413,.,0.38530841684782,34.6386558828208,2018,.
82414,.,0.386316050257907,34.6389488704521,2018,.
82415,.,0.3595161,34.4934086,2018,.
82416,.,0.368819820891155,34.4393874892236,2018,.
82417,.,0.371006730118571,34.4354595622002,2018,.
82418,.,0.370078176014671,34.4368960119493,2018,.
82419,.,0.356509596455057,34.4432090478751,2018,.
82420,.,0.368899807082079,34.4394530718503,2018,.
82421,.,0.370117275798207,34.4368398165655,2018,.
82422,.,0.3406625,34.4925085,2018,.
82423,.,0.329224420458824,34.6081603732887,2018,.
82424,.,0.319458431087272,34.5990850756835,2018,.
82425,.,0.316212797001431,34.6044077596524,2018,.
82426,.,0.316626644858592,34.6049970442527,2018,.
82427,.,0.369890502129443,34.5773055486092,2018,.
82428,.,0.369890502129443,34.5773055486092,2018,.
82429,.,0.381410484587917,34.5724860271034,2018,.
82430,.,0.37898018735209,34.5825553076309,2018,.
82431,.,0.3811204,34.5727863,2018,.
82432,.,0.370336720849185,34.5764396141463,2018,.
82433,.,0.3719149,34.5799024,2018,.
82434,.,0.383148141963055,34.5845783717688,2018,.
82435,.,0.333104019287966,34.6599188409715,2018,.
82436,.,0.339560781855878,34.662571047983,2018,.
82437,.,0.33657114391622,34.6598035801026,2018,.
82438,.,0.336219347937326,34.6616786627449,2018,.
82439,.,0.330785099325422,34.6646370714609,2018,.
82440,.,0.32573373071391,34.6671089305528,2018,.
82441,.,0.337552391165912,34.6542411633507,2018,.
82442,.,0.371111848325778,34.6370525002307,2018,.
82443,.,0.372857663260567,34.6470797271099,2018,.
82444,.,0.359118260358416,34.6452706201918,2018,.
82445,.,0.375522404901194,34.636955930379,2018,.
82446,.,0.359492058602559,34.643277614854,2018,.
82447,.,0.301452184038574,34.5966456465106,2018,.
82448,.,0.285575253037563,34.6251049689829,2018,.
82449,.,0.301449606258256,34.5966074972812,2018,.
82450,.,0.304884937131139,34.5938739686788,2018,.
82451,.,0.28259557807301,34.6245989503014,2018,.
82452,.,0.304884828088134,34.5939409036209,2018,.
82453,.,0.302282588948165,34.592012206389,2018,.
82454,.,0.306380020032767,34.4211131109575,2018,.
82455,.,0.3474801,34.4902916,2018,.
82456,.,0.325049815770399,34.5825895589633,2018,.
82457,.,0.3117524,34.4206603,2018,.
82458,.,0.311712,34.4201561,2018,.
82459,.,0.3524851,34.4785668,2018,.
82460,.,0.379933,34.4820738,2018,.
82461,.,0.3522838,34.4778146,2018,.
82462,.,0.352919,34.4892971,2018,.
82463,.,0.3810885,34.4832701,2018,.
82464,.,0.350041679597458,34.4551453287886,2018,.
82465,.,0.332997240008349,34.5469948207629,2018,.
82466,.,0.332332228930808,34.5459690253128,2018,.
82467,.,0.3627531,34.4628322,2018,.
82468,.,0.3627721,34.4628647,2018,.
82469,.,0.361129073047273,34.4615755011805,2018,.
82470,.,0.3495846,34.4563465,2018,.
82471,.,0.3232711,34.5307151,2018,.
82472,.,0.3069664,34.5129607,2018,.
82473,.,0.30828478885532,34.5151337479908,2018,.
82474,.,0.3267033,34.535173,2018,.
82475,.,0.3362719,34.504385,2018,.
82476,.,0.3357277,34.5234406,2018,.
82477,.,0.337857258024055,34.5039211929419,2018,.
82478,.,0.337794484364048,34.5038801522142,2018,.
82479,.,0.3347611,34.4988442,2018,.
82480,.,0.3356476,34.5233941,2018,.
82481,.,0.33715342689654,34.5244572376919,2018,.
82482,.,0.490845,34.1229978,2018,.
82483,.,0.4756583,34.1319802,2018,.
82484,.,0.488678,34.1378136,2018,.
82485,.,0.4880599,34.1403342,2018,.
82486,.,0.4906831,34.1229806,2018,.
82487,.,0.4767114,34.1316607,2018,.
82488,.,0.4908238,34.1229771,2018,.
82489,.,0.4077643,34.2113546,2018,.
82490,.,0.3998557,34.1752646,2018,.
82491,.,0.4077363,34.2114491,2018,.
82492,.,0.4154116,34.2092932,2018,.
82493,.,0.3992412,34.1755245,2018,.
82494,.,0.4165752,34.2081453,2018,.
82495,.,0.4077374,34.2113757,2018,.
82496,.,0.4163224,34.2085647,2018,.
82497,.,0.4105985,34.3290845,2018,.
82498,.,0.4120606,34.3359025,2018,.
82499,.,0.4039603,34.339239,2018,.
82500,.,0.4432946,34.2745038,2018,.
82501,.,0.4116214,34.33505,2018,.
82502,.,0.4432702,34.2745119,2018,.
82503,.,0.4115364,34.3349835,2018,.
82504,.,0.4235943,34.3375017,2018,.
82505,.,0.3619549,34.3212903,2018,.
82506,.,0.3608614,34.322523,2018,.
82507,.,0.3718919,34.3357554,2018,.
82508,.,0.3611287,34.3212199,2018,.
82509,.,0.3677252,34.3465798,2018,.
82510,.,0.3689972,34.3489719,2018,.
82511,.,0.367638,34.348255,2018,.
82512,.,0.4293602,34.1217078,2018,.
82513,.,0.4386913,34.1558959,2018,.
82514,.,0.4391471,34.1580401,2018,.
82515,.,0.4388556,34.1561829,2018,.
82516,.,0.4415569,34.1467834,2018,.
82517,.,0.4292921,34.1217772,2018,.
82518,.,0.3965421,34.1716517,2018,.
82519,.,0.3941147,34.154157,2018,.
82520,.,0.3985098,34.1713581,2018,.
82521,.,0.3933532,34.1542393,2018,.
82522,.,0.3939982,34.1543945,2018,.
82523,.,0.3981171,34.1713861,2018,.
82524,.,0.4104021,34.1686278,2018,.
82525,.,0.4091058,34.1684186,2018,.
82526,.,0.4091336,34.1687081,2018,.
82527,.,0.4623083,34.1753475,2018,.
82528,.,0.4428723,34.1707014,2018,.
82529,.,0.4510608,34.1444292,2018,.
82530,.,0.4623477,34.1756767,2018,.
82531,.,0.4428149,34.1704501,2018,.
82532,.,0.4623558,34.1753281,2018,.
82533,.,0.4424809,34.1704519,2018,.
82534,.,0.408526,34.3074705,2018,.
82535,.,0.4085812,34.3078103,2018,.
82536,.,0.394679,34.2968705,2018,.
82537,.,0.3928695,34.2909177,2018,.
82538,.,0.4080129,34.3087376,2018,.
82539,.,0.3928859,34.2908127,2018,.
82540,.,0.4083003,34.3084397,2018,.
82541,.,0.3945354,34.2970263,2018,.
82542,.,0.3932536,34.2890186,2018,.
82543,.,0.4398138,34.4472851,2018,.
82544,.,0.436008,34.451062,2018,.
82545,.,0.4358252,34.4509434,2018,.
82546,.,0.4443987,34.4503669,2018,.
82547,.,0.4414251,34.4465751,2018,.
82548,.,0.4400927,34.447177,2018,.
82549,.,0.4358847,34.4508842,2018,.
82550,.,0.4460789,34.4482416,2018,.
82551,.,0.5133623,34.2115847,2018,.
82552,.,0.5131022,34.2119736,2018,.
82553,.,0.5131471,34.2119351,2018,.
82554,.,0.5147076,34.2186262,2018,.
82555,.,0.5076532,34.216511,2018,.
82556,.,0.5136993,34.2183657,2018,.
82557,.,0.5066833,34.207541,2018,.
82558,.,0.4891941,34.1977805,2018,.
82559,.,0.4957877,34.1544929,2018,.
82560,.,0.4958333,34.1543283,2018,.
82561,.,0.4900406,34.198764,2018,.
82562,.,0.4849285,34.157969,2018,.
82563,.,0.4844924,34.1577592,2018,.
82564,.,0.4956734,34.1539021,2018,.
82565,.,0.4695418,34.2397519,2018,.
82566,.,0.4709978,34.2376831,2018,.
82567,.,0.4701796,34.2385281,2018,.
82568,.,0.4887788,34.2341538,2018,.
82569,.,0.4776126,34.2222591,2018,.
82570,.,0.4776126,34.2222591,2018,.
82571,.,0.489646,34.2363242,2018,.
82572,.,0.4662498,34.2275126,2018,.
82573,.,0.4701733,34.2384417,2018,.
82574,.,0.9815006,34.974345,2018,.
82575,.,0.9851206,34.9545692,2018,.
82576,.,0.9850106,34.9545307,2018,.
82577,.,0.991849,34.9619578,2018,.
82578,.,0.9833324,34.9581032,2018,.
82579,.,0.9901108,34.9511064,2018,.
82580,.,0.9892497,34.9539422,2018,.
82581,.,0.9793618,34.9835918,2018,.
82582,.,0.9793254,34.9836304,2018,.
82583,.,0.9419773,34.9123215,2018,.
82584,.,0.9433545,34.9169141,2018,.
82585,.,0.9500166,34.9202456,2018,.
82586,.,0.9490068,34.9177358,2018,.
82587,.,0.945125,34.9156088,2018,.
82588,.,0.9499179,34.9201152,2018,.
82589,.,0.9504154,34.9198806,2018,.
82590,.,0.9478987,34.9180183,2018,.
82591,.,0.9419735,34.9123309,2018,.
82592,.,0.8445041,34.9279468,2018,.
82593,.,0.8444105,34.9268705,2018,.
82594,.,0.844267,34.9560353,2018,.
82595,.,0.8438639,34.9565211,2018,.
82596,.,0.8514325,34.9413483,2018,.
82597,.,0.8518854,34.9419794,2018,.
82598,.,0.8248352,34.9213699,2018,.
82599,.,0.8444821,34.9280099,2018,.
82600,.,0.8251366,34.9224825,2018,.
82601,.,0.8513564,34.9412765,2018,.
82602,.,0.843851,34.956445,2018,.
82603,.,1.0105082,34.7857012,2018,.
82604,.,1.0134753,34.8122133,2018,.
82605,.,1.0082766,34.8066056,2018,.
82606,.,1.0136983,34.8126354,2018,.
82607,.,1.0105164,34.7856939,2018,.
82608,.,1.0107126,34.7887923,2018,.
82609,.,1.0137234,34.8126255,2018,.
82610,.,1.0103374,34.7856148,2018,.
82611,.,1.0098942,34.7883255,2018,.
82612,.,1.0078298,34.8065015,2018,.
82613,.,1.0237335,34.8120865,2018,.
82614,.,1.0102842,34.8237004,2018,.
82615,.,1.0099151,34.823999,2018,.
82616,.,1.0303284,34.8027068,2018,.
82617,.,1.0297787,34.8024629,2018,.
82618,.,1.0237218,34.8119536,2018,.
82619,.,1.0224523,34.8121368,2018,.
82620,.,1.0330089,34.8028591,2018,.
82621,.,1.1233145,34.9197623,2018,.
82622,.,1.0733406,34.9232484,2018,.
82623,.,1.0720949,34.9240379,2018,.
82624,.,1.0778056,34.9243619,2018,.
82625,.,1.0762138,34.9237008,2018,.
82626,.,1.07508983564538,34.9235763727005,2018,.
82627,.,1.0777711,34.9243847,2018,.
82628,.,1.0720826,34.9240331,2018,.
82629,.,1.0738464,34.9286268,2018,.
82630,.,1.0707761,34.9257419,2018,.
82631,.,1.11140748434203,34.9269951687557,2018,.
82632,.,1.1233487,34.9198457,2018,.
82633,.,0.9459668,35.0066118,2018,.
82634,.,0.9534038,35.0031415,2018,.
82635,.,0.9554747,34.9876984,2018,.
82636,.,0.9461019,35.0066107,2018,.
82637,.,0.9546215,35.0042565,2018,.
82638,.,0.9503353,34.9779625,2018,.
82639,.,0.9377369,35.008658,2018,.
82640,.,0.9387664,35.0080069,2018,.
82641,.,0.9376617,35.0086875,2018,.
82642,.,0.8110663,34.9459183,2018,.
82643,.,0.7889779,34.9292752,2018,.
82644,.,0.8034637,34.9467645,2018,.
82645,.,0.7889293,34.9292875,2018,.
82646,.,0.8078273,34.9611446,2018,.
82647,.,0.817212,34.9576345,2018,.
82648,.,0.8185782,34.9577683,2018,.
82649,.,0.8185534,34.9578013,2018,.
82650,.,0.8077996,34.962546,2018,.
82651,.,0.7887214,34.9280258,2018,.
82652,.,0.9785776,34.8641112,2018,.
82653,.,0.9785693,34.8641118,2018,.
82654,.,0.9813803,34.9044213,2018,.
82655,.,0.9778326,34.8708807,2018,.
82656,.,0.9809942,34.8880628,2018,.
82657,.,0.9777904,34.8642633,2018,.
82658,.,0.9776754,34.8631181,2018,.
82659,.,0.9821086,34.9047145,2018,.
82660,.,0.9809576,34.8880853,2018,.
82661,.,0.9803288,34.8863807,2018,.
82662,.,1.1428536,34.8597597,2018,.
82663,.,1.1364089,34.7784459,2018,.
82664,.,1.1424205,34.8545738,2018,.
82665,.,1.1308782,34.8680902,2018,.
82666,.,1.1440367,34.7819931,2018,.
82667,.,1.1308706,34.8680362,2018,.
82668,.,1.1472708,34.7817938,2018,.
82669,.,1.1348121,34.7816333,2018,.
82670,.,1.1309285,34.8660331,2018,.
82671,.,0.9544981,34.9153483,2018,.
82672,.,0.9681863,34.915317,2018,.
82673,.,0.9778445,34.9085096,2018,.
82674,.,0.9761222,34.9151446,2018,.
82675,.,0.9778349,34.9084857,2018,.
82676,.,0.9759216,34.9164797,2018,.
82677,.,0.9563051,34.9147933,2018,.
82678,.,0.9765929,34.9092216,2018,.
82679,.,0.9685705,34.9154804,2018,.
82680,.,0.9870433,34.8735119,2018,.
82681,.,0.9733324,34.8803961,2018,.
82682,.,0.9803288,34.8863807,2018,.
82683,.,0.9726757,34.868927,2018,.
82684,.,0.9809751,34.8880542,2018,.
82685,.,0.979941,34.8718625,2018,.
82686,.,0.987049,34.8735701,2018,.
82687,.,0.9805249,34.8739604,2018,.
82688,.,0.971707,34.8693349,2018,.
82689,.,0.9793999,34.873343,2018,.
82690,.,0.9717373,34.8693299,2018,.
82691,.,0.949847,34.9425485,2018,.
82692,.,0.954079,34.935243,2018,.
82693,.,0.9519303,34.9357888,2018,.
82694,.,0.9493304,34.9441079,2018,.
82695,.,0.9393375,34.9463707,2018,.
82696,.,0.8878544,34.8784804,2018,.
82697,.,0.8779493,34.8875664,2018,.
82698,.,0.8783368,34.8883123,2018,.
82699,.,0.8715246,34.8798175,2018,.
82700,.,0.8878075,34.8785106,2018,.
82701,.,0.8761001,34.8889725,2018,.
82702,.,0.8760657,34.888972,2018,.
82703,.,0.8905784,34.9323334,2018,.
82704,.,0.8884621,34.8801491,2018,.
82705,.,0.8779287,34.8876448,2018,.
82706,.,1.1201271,34.784616,2018,.
82707,.,1.1201133,34.7846086,2018,.
82708,.,1.1181711,34.8008606,2018,.
82709,.,1.08948974181252,34.764286909969,2018,.
82710,.,1.1217330344139,34.7739171452126,2018,.
82711,.,0.8378052,34.8664423,2018,.
82712,.,1.1210726,34.7848445,2018,.
82713,.,1.1217330344139,34.7739171452126,2018,.
82714,.,0.8996155,34.8845163,2018,.
82715,.,0.8998998,34.8845569,2018,.
82716,.,0.900265,34.8839193,2018,.
82717,.,0.899633,34.8845035,2018,.
82718,.,0.8877125,34.8984562,2018,.
82719,.,0.887703,34.8984293,2018,.
82720,.,0.8874629,34.8985215,2018,.
82721,.,0.8861461,34.8967659,2018,.
82722,.,0.8909297,34.8698286,2018,.
82723,.,0.8907593,34.8714792,2018,.
82724,.,0.8859052,34.8975048,2018,.
82725,.,0.887173,34.8972757,2018,.
82726,.,0.8907469,34.8702099,2018,.
82727,.,0.8972245,34.9971052,2018,.
82728,.,0.9224321,35.0072793,2018,.
82729,.,0.9228464,35.0070898,2018,.
82730,.,0.9228842,35.0072088,2018,.
82731,.,0.8981348,34.9970952,2018,.
82732,.,0.9233512,35.0068883,2018,.
82733,.,0.8935853,35.0066528,2018,.
82734,.,0.8917829,34.9324412,2018,.
82735,.,0.9024447,35.0119314,2018,.
82736,.,0.9005774,35.0123764,2018,.
82737,.,0.9014891,34.9454425,2018,.
82738,.,0.904115,34.9548341,2018,.
82739,.,0.9019658,34.9457731,2018,.
82740,.,0.8997643,34.9593008,2018,.
82741,.,0.8979287,34.9462005,2018,.
82742,.,0.9073948,34.9727191,2018,.
82743,.,0.9072094,34.9679367,2018,.
82744,.,0.9000503,34.9593905,2018,.
82745,.,0.9073286,34.9726753,2018,.
82746,.,0.9011836,34.9598001,2018,.
82747,.,0.9040586,34.9549275,2018,.
82748,.,0.9044302,34.9540799,2018,.
82749,.,0.8499716,34.8919466,2018,.
82750,.,0.8518932,34.8919989,2018,.
82751,.,0.8520627,34.8920901,2018,.
82752,.,0.8500423,34.8926455,2018,.
82753,.,0.8487929,34.8433221,2018,.
82754,.,0.8491895,34.8443199,2018,.
82755,.,0.8500665,34.8919358,2018,.
82756,.,0.8434451,34.9051485,2018,.
82757,.,0.8910293,34.9323048,2018,.
82758,.,0.804181,34.8849713,2018,.
82759,.,0.7954202,34.888436,2018,.
82760,.,0.8219061,34.8837781,2018,.
82761,.,0.8047706,34.898505,2018,.
82762,.,0.7956953,34.8880913,2018,.
82763,.,0.8040138,34.8848495,2018,.
82764,.,0.8219326,34.8837413,2018,.
82765,.,0.8188473,34.8844079,2018,.
82766,.,0.8809088,34.9063061,2018,.
82767,.,0.989348440963893,34.9723034170974,2018,.
82768,.,0.981833349589168,34.9746552602758,2018,.
82769,.,1.08309577879308,34.8182114697381,2018,.
82770,.,0.987324807116601,34.973197005201,2018,.
82771,.,0.8794839,34.9034408,2018,.
82772,.,0.981999121156217,34.9745993362217,2018,.
82773,.,1.1677165,34.7788528,2018,.
82774,.,0.987920128958182,34.9735518473543,2018,.
82775,.,0.8754455,34.8941344,2018,.
82776,.,1.1665114,34.7765796,2018,.
82777,.,-0.678042149178016,34.78357721852,2018,.
82778,.,-0.651051269864589,34.9234574666721,2018,.
82779,.,-0.651192037185399,34.9234008173525,2018,.
82780,.,-0.678257963394645,34.7835961953375,2018,.
82781,.,-0.650764940218367,34.9250009152522,2018,.
82782,.,-0.650873200932154,34.9222706356521,2018,.
82783,.,-0.646614233866964,34.8536785057815,2018,.
82784,.,-0.669777425323788,34.7672452923426,2018,.
82785,.,-0.678222214430402,34.7835732101581,2018,.
82786,.,-0.670245197501719,34.7678394716837,2018,.
82787,.,-0.646483238657598,34.854827113906,2018,.
82788,.,-0.670230340301921,34.7678676949785,2018,.
82789,.,-0.651435910913804,34.9235480628539,2018,.
82790,.,-0.448419281800319,35.010691369619,2018,.
82791,.,-0.444946062803631,35.0090002800096,2018,.
82792,.,-0.448661445140239,35.010569148182,2018,.
82793,.,-0.678244774629554,34.7835131505057,2018,.
82794,.,-0.678288217154843,34.7835977795892,2018,.
82795,.,-0.443877891085421,35.0094850356097,2018,.
82796,.,-0.678211521614482,34.7833786696896,2018,.
82797,.,-0.440951284696647,35.0153751744782,2018,.
82798,.,-0.444135688989305,35.0103734956371,2018,.
82799,.,-0.507590770074328,34.9043689672355,2018,.
82800,.,-0.485529871655908,34.9055453764978,2018,.
82801,.,-0.485761177738907,34.9057238014873,2018,.
82802,.,-0.501516915801296,34.9013957078431,2018,.
82803,.,-0.488344010197143,34.9024472834989,2018,.
82804,.,-0.6722728,34.7517558,2018,.
82805,.,-0.670328759030502,34.7678534517876,2018,.
82806,.,-0.681413347224972,34.7855177564901,2018,.
82807,.,-0.670172376692945,34.7678269380617,2018,.
82808,.,-0.678305015090163,34.7836254231152,2018,.
82809,.,-0.677720987705123,34.7758539589794,2018,.
82810,.,-0.669981680125935,34.7678812397598,2018,.
82811,.,-0.540401633597108,35.0309369240246,2018,.
82812,.,-0.678227852858964,34.7835753929082,2018,.
82813,.,-0.541422173789817,35.0295595366757,2018,.
82814,.,-0.541031034128474,35.0303523093346,2018,.
82815,.,-0.670664628733867,34.7672756180538,2018,.
82816,.,-0.542073200376776,35.0292754810389,2018,.
82817,.,-0.51479414362288,35.0017389726557,2018,.
82818,.,-0.54004112343586,35.030282297404,2018,.
82819,.,-0.540358736647404,35.0302332665429,2018,.
82820,.,-0.480321903291707,34.9762846501652,2018,.
82821,.,-0.617619973968087,35.03624526976,2018,.
82822,.,-0.61804921060508,35.036258474763,2018,.
82823,.,-0.618054384188467,35.0362829751349,2018,.
82824,.,-0.670364563286737,34.7679418480302,2018,.
82825,.,-0.620621052010651,35.0334830684054,2018,.
82826,.,-0.678240693483318,34.783769712296,2018,.
82827,.,-0.484819804164004,34.8027310915904,2018,.
82828,.,-0.669875826717387,34.7679859943725,2018,.
82829,.,-0.670153478764547,34.7675770090579,2018,.
82830,.,-0.451149452457719,35.0280573828382,2018,.
82831,.,-0.446587036450337,35.0314648445738,2018,.
82832,.,-0.448222706677293,35.0368761055523,2018,.
82833,.,-0.67370010976656,34.7704410054527,2018,.
82834,.,-0.67014479765447,34.7677921247498,2018,.
82835,.,-0.451111689800546,35.02808590256,2018,.
82836,.,-0.444851330709529,35.0412287335133,2018,.
82837,.,-0.673641855762947,34.7705267422149,2018,.
82838,.,-0.630678294619907,35.0303364549349,2018,.
82839,.,-0.615233903115443,35.0329468507632,2018,.
82840,.,-0.611837113854308,35.0218798559954,2018,.
82841,.,-0.638975206648873,35.0042938353627,2018,.
82842,.,-0.611693486075553,35.0209701207648,2018,.
82843,.,-0.615332108927435,35.0325159307467,2018,.
82844,.,-0.616108319508308,35.0326124083409,2018,.
82845,.,-0.630266499037629,35.02781063547,2018,.
82846,.,-0.638352946056626,35.0052191916246,2018,.
82847,.,-0.670289851571623,34.7678923331914,2018,.
82848,.,-0.678217949174814,34.783606762278,2018,.
82849,.,-0.690929451499785,35.0684284516435,2018,.
82850,.,-0.678222609143079,34.7836257617899,2018,.
82851,.,-0.673778071423214,34.7706579502292,2018,.
82852,.,-0.683270329997317,35.0689713194327,2018,.
82853,.,-0.673522179969361,34.7706351757423,2018,.
82854,.,-0.689601997180013,35.0686351629087,2018,.
82855,.,-0.69001881398568,35.0679455997646,2018,.
82856,.,-0.684147314238122,35.0680605308662,2018,.
82857,.,-0.689752857254239,35.0683301993559,2018,.
82858,.,-0.674785795352975,34.9181664254354,2018,.
82859,.,-0.656574470851398,34.8951614983645,2018,.
82860,.,-0.674063715004073,34.9163926669727,2018,.
82861,.,-0.48328215332121,34.9759985293081,2018,.
82862,.,-0.678243235593296,34.7835060323856,2018,.
82863,.,-0.48755821748093,34.974365764151,2018,.
82864,.,-0.482253563971659,34.9764727247907,2018,.
82865,.,-0.483678228305788,34.9753093682007,2018,.
82866,.,-0.46594589382306,34.931672117787,2018,.
82867,.,-0.678306209052352,34.7836900182467,2018,.
82868,.,-0.678194209973607,34.7836008069861,2018,.
82869,.,-0.482780521878939,34.9761877447556,2018,.
82870,.,-0.529949780419104,34.9886221581295,2018,.
82871,.,-0.510976834915987,35.007913794725,2018,.
82872,.,-0.672206727190708,34.7517846334148,2018,.
82873,.,-0.507130586256439,34.9995299878287,2018,.
82874,.,-0.50588099216531,34.9993715189153,2018,.
82875,.,-0.507169636384812,34.996718481262,2018,.
82876,.,-0.505759781740489,35.0130155347986,2018,.
82877,.,-0.506254054261217,34.9988438586397,2018,.
82878,.,-0.580199262538312,34.9942684667411,2018,.
82879,.,-0.590488984568036,34.9757988504393,2018,.
82880,.,-0.580810400432573,34.9948907786812,2018,.
82881,.,-0.566651271044772,34.9686033082748,2018,.
82882,.,-0.6722728,34.7517558,2018,.
82883,.,-0.590613324552381,34.9759079741959,2018,.
82884,.,-0.503137640302378,34.8073476397427,2018,.
82885,.,-0.51454763630614,34.8096993986521,2018,.
82886,.,-0.515343528722124,34.8098231135888,2018,.
82887,.,-0.503122417866957,34.8074095299472,2018,.
82888,.,-0.515249844397769,34.8098305197095,2018,.
82889,.,-0.500275216241284,34.8111172424279,2018,.
82890,.,-0.499846431839665,34.81430857439,2018,.
82891,.,-0.509452925017999,34.764555793439,2018,.
82892,.,-0.506414209250584,34.7673679360458,2018,.
82893,.,-0.51063875883572,34.7628992236383,2018,.
82894,.,-0.506782608083368,34.7640652967989,2018,.
82895,.,-0.506414209250584,34.7673679360458,2018,.
82896,.,-0.509440169070456,34.7651927072079,2018,.
82897,.,-0.506762246671725,34.7641056126303,2018,.
82898,.,-0.562161374208711,34.6883977766687,2018,.
82899,.,-0.557645967733358,34.6885521372767,2018,.
82900,.,-0.569371598892719,34.6946756548811,2018,.
82901,.,-0.524713165966885,34.7381130418332,2018,.
82902,.,-0.522824382747007,34.7372268563439,2018,.
82903,.,-0.561500273834623,34.6896085024407,2018,.
82904,.,-0.560106576947152,34.686008627028,2018,.
82905,.,-0.549737384032708,34.7423883629079,2018,.
82906,.,-0.542351287609743,34.7385959142586,2018,.
82907,.,-0.558680029756741,34.7379602440101,2018,.
82908,.,-0.549484915977056,34.7415728548078,2018,.
82909,.,-0.559114201679383,34.7366570683303,2018,.
82910,.,-0.545431486730906,34.7424218397446,2018,.
82911,.,-0.558832413896294,34.7359601066122,2018,.
82912,.,-0.542096019333023,34.7286066123584,2018,.
82913,.,-0.5278821382225,34.7542959268943,2018,.
82914,.,-0.521095263260854,34.7581692215791,2018,.
82915,.,-0.527915073179206,34.7543750895358,2018,.
82916,.,-0.545446313613616,34.7383616995469,2018,.
82917,.,-0.543537902170005,34.7354707058076,2018,.
82918,.,-0.521501385709194,34.736571000134,2018,.
82919,.,-0.528441150088059,34.7541835273184,2018,.
82920,.,-0.520943254177161,34.755941515705,2018,.
82921,.,-0.420006962493574,34.7373449618264,2018,.
82922,.,-0.450501066518206,34.735894697885,2018,.
82923,.,-0.453295328892537,34.7382963980027,2018,.
82924,.,-0.420001792721117,34.7373435435787,2018,.
82925,.,-0.450648338132388,34.7374235768359,2018,.
82926,.,-0.425574335762309,34.7295195111643,2018,.
82927,.,-0.451806718261835,34.7348966591116,2018,.
82928,.,-0.425576409410611,34.7295348514247,2018,.
82929,.,-0.453243978203471,34.7383021982243,2018,.
82930,.,-0.420127331878993,34.7378564107158,2018,.
82931,.,-0.447959004626029,34.7369652812625,2018,.
82932,.,-0.456449822539748,34.7384950870143,2018,.
82933,.,-0.448872786212678,34.7372021631903,2018,.
82934,.,-0.4325442901232,34.7069968683616,2018,.
82935,.,-0.432388060571792,34.7079928592674,2018,.
82936,.,-0.4457359876323,34.7096690224654,2018,.
82937,.,-0.431822404368391,34.7087159827965,2018,.
82938,.,-0.427255729513793,34.7079964254257,2018,.
82939,.,-0.432386510928212,34.7070257043185,2018,.
82940,.,-0.431416208418309,34.7074239951853,2018,.
82941,.,-0.446098090260023,34.7101791757266,2018,.
82942,.,-0.426991530248383,34.7087578922862,2018,.
82943,.,-0.432552016050156,34.7069833488849,2018,.
82944,.,-0.45616555288374,34.6528937552245,2018,.
82945,.,-0.45544941831088,34.6531429210015,2018,.
82946,.,-0.455997996821749,34.6528304192941,2018,.
82947,.,-0.485649994869802,34.6800114183915,2018,.
82948,.,-0.441670592113575,34.6372241696346,2018,.
82949,.,-0.460423971877841,34.6606245303972,2018,.
82950,.,-0.488316103603683,34.681382246885,2018,.
82951,.,-0.441610769238929,34.6372417574566,2018,.
82952,.,-0.441512465721126,34.6351697354661,2018,.
82953,.,-0.460370812661526,34.6606911148667,2018,.
82954,.,-0.485558097477616,34.6837031291996,2018,.
82955,.,-0.519766289197068,34.74908478004,2018,.
82956,.,-0.521025223160416,34.7477597418285,2018,.
82957,.,-0.519805730717645,34.7490774234166,2018,.
82958,.,-0.519155839365756,34.7494710872644,2018,.
82959,.,-0.516429435583364,34.7440459648459,2018,.
82960,.,-0.540916492189725,34.7459291689134,2018,.
82961,.,-0.524398078808404,34.7390606428195,2018,.
82962,.,-0.516757719072571,34.7444665880198,2018,.
82963,.,-0.520990806917782,34.7478035630316,2018,.
82964,.,-0.434652169189698,34.8173945814113,2018,.
82965,.,-0.449693615154109,34.8487366122862,2018,.
82966,.,-0.447763420326949,34.8336068666922,2018,.
82967,.,-0.43455534694068,34.8169153949816,2018,.
82968,.,-0.434423187835273,34.8177221415795,2018,.
82969,.,-0.447763420326949,34.8336068666922,2018,.
82970,.,-0.434823901710874,34.8174162852597,2018,.
82971,.,-0.446494563376909,34.8319222029217,2018,.
82972,.,-0.446480173492054,34.8319201718082,2018,.
82973,.,-0.449580776767466,34.8487801628649,2018,.
82974,.,-0.448698309589952,34.8486277290005,2018,.
82975,.,-0.503927200546282,34.8438350067013,2018,.
82976,.,-0.509586854121414,34.8418909107116,2018,.
82977,.,-0.503939592687841,34.8446679277155,2018,.
82978,.,-0.503953073290746,34.8438372126113,2018,.
82979,.,-0.502425431041518,34.8450452912937,2018,.
82980,.,-0.503179428465345,34.8428115836884,2018,.
82981,.,-0.507191738842571,34.8418225410113,2018,.
82982,.,-0.502422444267696,34.8450662674336,2018,.
82983,.,-0.489828252216949,34.8438193597773,2018,.
82984,.,-0.507191738842571,34.8418225410113,2018,.
82985,.,-0.467208280254012,34.8660461705843,2018,.
82986,.,-0.491387404429194,34.8715174246635,2018,.
82987,.,-0.474357958945862,34.8420889718514,2018,.
82988,.,-0.490043368496423,34.8713944505464,2018,.
82989,.,-0.490017137774206,34.8713993103454,2018,.
82990,.,-0.468445365170581,34.8652069794319,2018,.
82991,.,-0.48611209500855,34.8668438406357,2018,.
82992,.,-0.467094170202725,34.8660560690231,2018,.
82993,.,-0.487190044171429,34.8672200417315,2018,.
82994,.,-0.473808632597132,34.8432767060966,2018,.
82995,.,-0.573866347,34.64290957,2018,.
82996,.,-0.586346965059874,34.6523727661663,2018,.
82997,.,-0.576216752296988,34.6395746422237,2018,.
82998,.,-0.577468472974268,34.6403439331018,2018,.
82999,.,-0.573866347,34.64290957,2018,.
83000,.,-0.550483594413035,34.6224213987245,2018,.
83001,.,-0.585590415640526,34.6536034094102,2018,.
83002,.,-0.57971596056938,34.6462858781101,2018,.
83003,.,-0.842151107004685,34.5689647553238,2018,.
83004,.,-0.749636079022218,34.617019533031,2018,.
83005,.,-0.728952824993965,34.6142373186718,2018,.
83006,.,-0.749636079022218,34.617019533031,2018,.
83007,.,-0.731218027029592,34.6138485304252,2018,.
83008,.,-0.749636079022218,34.617019533031,2018,.
83009,.,-0.728860502141761,34.6142476993093,2018,.
83010,.,-0.867485839185941,34.5755741269668,2018,.
83011,.,-0.749807780483892,34.6157225916221,2018,.
83012,.,-0.479280989387984,34.8012658170274,2018,.
83013,.,-0.62817591411399,34.5772470747257,2018,.
83014,.,-0.643425650991586,34.5918398623893,2018,.
83015,.,-0.648288636140312,34.594288541093,2018,.
83016,.,-0.628189457003056,34.5772568871806,2018,.
83017,.,-0.842724704729122,34.5689722690506,2018,.
83018,.,-0.844052097634736,34.5691879307292,2018,.
83019,.,-0.842775263761638,34.5690314373324,2018,.
83020,.,-0.844497244271879,34.5725013151665,2018,.
83021,.,-0.843710842202285,34.5713570664053,2018,.
83022,.,-0.804698807981789,34.5499055292783,2018,.
83023,.,-0.804690335911548,34.5499331116194,2018,.
83024,.,-0.804699320682744,34.5499157502635,2018,.
83025,.,-0.738035557479232,34.518649084756,2018,.
83026,.,-0.732705311761995,34.5070505322671,2018,.
83027,.,-0.738035557479232,34.518649084756,2018,.
83028,.,-0.732705311761995,34.5070505322671,2018,.
83029,.,-0.739580095868933,34.5179571278058,2018,.
83030,.,-0.732465273725589,34.507765102352,2018,.
83031,.,-0.694735047272805,34.3110722434521,2018,.
83032,.,-0.690382534902361,34.3134135418224,2018,.
83033,.,-0.740067812208466,34.3664026808526,2018,.
83034,.,-0.740260739526059,34.3669111803728,2018,.
83035,.,-0.700071203544428,34.3488827556452,2018,.
83036,.,-0.70078430843902,34.3263073889049,2018,.
83037,.,-0.694492741322138,34.3127204234323,2018,.
83038,.,-0.740067812208466,34.3664026808526,2018,.
83039,.,-0.694735047272805,34.3110722434521,2018,.
83040,.,-0.700794332181716,34.3487228832576,2018,.
83041,.,-0.69432184593448,34.3114698917064,2018,.
83042,.,-0.690382534902361,34.3134135418224,2018,.
83043,.,-0.776643778481467,34.4428460913291,2018,.
83044,.,-0.777470660140321,34.4627582250055,2018,.
83045,.,-0.777513650851927,34.4627225108313,2018,.
83046,.,-0.776669605715367,34.4428270461915,2018,.
83047,.,-0.781363642158245,34.4820746177233,2018,.
83048,.,-0.778354195785026,34.4612469225931,2018,.
83049,.,-0.778833677586873,34.485957720009,2018,.
83050,.,-0.618833807819955,34.5012396744939,2018,.
83051,.,-0.640890569952294,34.5068243634494,2018,.
83052,.,-0.616388222415619,34.4739833462236,2018,.
83053,.,-0.640834031070777,34.5068103044877,2018,.
83054,.,-0.64083868218013,34.5068138084038,2018,.
83055,.,-0.618822172572071,34.5012487697715,2018,.
83056,.,-0.616421524825449,34.4740691882501,2018,.
83057,.,-0.618870833688205,34.5012327460316,2018,.
83058,.,-0.622535547496584,34.4688119506785,2018,.
83059,.,-0.650132886357085,34.5102315325685,2018,.
83060,.,-0.819228436725479,34.411876335112,2018,.
83061,.,-0.810081220216954,34.4234431842893,2018,.
83062,.,-0.798760857605553,34.4069713026767,2018,.
83063,.,-0.837255665646611,34.4340181178169,2018,.
83064,.,-0.817478232433635,34.4126740768505,2018,.
83065,.,-0.812289649973127,34.4236038761679,2018,.
83066,.,-0.837674231238747,34.4337555723922,2018,.
83067,.,-0.722506298762407,34.5165423350267,2018,.
83068,.,-0.711478481625269,34.4937349470669,2018,.
83069,.,-0.724494414444572,34.5225962748644,2018,.
83070,.,-0.711307872923826,34.4937118606074,2018,.
83071,.,-0.722939323332786,34.517461832353,2018,.
83072,.,-0.722410400788704,34.5231385214798,2018,.
83073,.,-0.682411040691543,34.5911061015844,2018,.
83074,.,-0.701962559007693,34.5872775395809,2018,.
83075,.,-0.704508035208192,34.5837104689233,2018,.
83076,.,-0.69937027760958,34.5894861227913,2018,.
83077,.,-0.681926186033918,34.5908843745531,2018,.
83078,.,-0.683670127406489,34.591231460573,2018,.
83079,.,-0.704817043793951,34.5833094154062,2018,.
83080,.,-0.705757752597611,34.5845023469966,2018,.
83081,.,-0.707634256181612,34.5731878363762,2018,.
83082,.,-0.700837923512697,34.5471114234813,2018,.
83083,.,-0.694353543169503,34.556589615522,2018,.
83084,.,-0.694040693904391,34.5566868940348,2018,.
83085,.,-0.701429849604271,34.5463365793477,2018,.
83086,.,-0.707651194962251,34.5732070542569,2018,.
83087,.,-0.686036317909434,34.4787930468289,2018,.
83088,.,-0.651231725114384,34.4406268384074,2018,.
83089,.,-0.686971052740433,34.4789361062056,2018,.
83090,.,-0.686971052740433,34.4789361062056,2018,.
83091,.,-0.687027943122626,34.4789784466052,2018,.
83092,.,-0.652043883180896,34.4424556425356,2018,.
83093,.,-0.645082034832667,34.4507484385384,2018,.
83094,.,-0.739685492098439,34.5182094765506,2018,.
83095,.,-0.746374800635794,34.5062554533428,2018,.
83096,.,-0.751564678550606,34.4841354385494,2018,.
83097,.,-0.747101208203854,34.5063705712086,2018,.
83098,.,-0.754453488962956,34.4829938423916,2018,.
83099,.,-0.754460061597055,34.4829931299017,2018,.
83100,.,-0.699581513131706,34.3248922955851,2018,.
83101,.,-0.733433266721616,34.5825071701749,2018,.
83102,.,-0.730624337637009,34.5688516323595,2018,.
83103,.,-0.711766813128091,34.5936299636428,2018,.
83104,.,-0.71185202701079,34.5935996418148,2018,.
83105,.,-0.733622045572567,34.5824168379135,2018,.
83106,.,-0.855225068241401,34.6018909315476,2018,.
83107,.,-0.855225068241401,34.6018909315476,2018,.
83108,.,-0.876814139106317,34.6100177173809,2018,.
83109,.,-0.876814139106317,34.6100177173809,2018,.
83110,.,-0.872409303579922,34.6088732358865,2018,.
83111,.,-0.856122207787442,34.6027490021028,2018,.
83112,.,-0.872409303579922,34.6088732358865,2018,.
83113,.,-0.873454822430724,34.6086407201031,2018,.
83114,.,-0.622432233314493,34.4253246172449,2018,.
83115,.,-0.622905799825097,34.4257272145453,2018,.
83116,.,-0.59986006869121,34.3803677187215,2018,.
83117,.,-0.611429616761922,34.4166052169123,2018,.
83118,.,-0.617975718966473,34.4149561804689,2018,.
83119,.,-0.598436671857199,34.3802788271023,2018,.
83120,.,-0.59842976318546,34.3803425831273,2018,.
83121,.,-0.618363372131075,34.4161370627232,2018,.
83122,.,-0.622590473987913,34.4245233354885,2018,.
83123,.,-0.618353020889813,34.4161410806486,2018,.
83124,.,-0.61158727770078,34.4164982937851,2018,.
83125,.,-0.611308002891408,34.4166167884379,2018,.
83126,.,0.9167248,34.8096035,2018,.
83127,.,0.9090615,34.815364,2018,.
83128,.,0.8909348,34.8080578,2018,.
83129,.,0.2855534,34.7233219,2018,.
83130,.,0.9203115,34.7815017,2018,.
83131,.,0.9050439,34.8134355,2018,.
83132,.,0.8902524,34.8095198,2018,.
83133,.,0.9078892,34.8173908,2018,.
83134,.,0.9150586,34.8097279,2018,.
83135,.,0.8415837,34.8371096,2018,.
83136,.,0.8414355,34.8362741,2018,.
83137,.,0.8976164,34.8517153,2018,.
83138,.,0.859940425026685,34.8322296713448,2018,.
83139,.,0.8503194,34.8455666,2018,.
83140,.,0.8919857,34.8518514,2018,.
83141,.,0.8503902,34.8445921,2018,.
83142,.,0.851483,34.8539999,2018,.
83143,.,0.860065179080448,34.8326571067289,2018,.
83144,.,0.911733007533826,34.7941902621902,2018,.
83145,.,0.8892943,34.7863392,2018,.
83146,.,0.904389816205322,34.7965590411612,2018,.
83147,.,0.898673914031222,34.7851326207903,2018,.
83148,.,0.904389816205322,34.7965590411612,2018,.
83149,.,0.8898703,34.7861407,2018,.
83150,.,0.8986786,34.7851378,2018,.
83151,.,0.911588553233185,34.7939677566676,2018,.
83152,.,0.898673914031222,34.7851326207903,2018,.
83153,.,0.9023879,34.7962519,2018,.
83154,.,0.889238872674451,34.7867527331094,2018,.
83155,.,0.914377222199211,34.7936081515739,2018,.
83156,.,0.9563112,34.8179864,2018,.
83157,.,0.9518428,34.8180303,2018,.
83158,.,0.2859822,34.7230174,2018,.
83159,.,0.9545629,34.8263883,2018,.
83160,.,0.9580761,34.8200259,2018,.
83161,.,0.9521207,34.8182552,2018,.
83162,.,0.9427639,34.8341765,2018,.
83163,.,0.7218669,34.8581585,2018,.
83164,.,0.7284375,34.8476244,2018,.
83165,.,0.7226181,34.8576413,2018,.
83166,.,0.7208741,34.8374352,2018,.
83167,.,0.7254328,34.8483798,2018,.
83168,.,0.7230994,34.8595808,2018,.
83169,.,0.7219044,34.8374731,2018,.
83170,.,0.7208901,34.8374562,2018,.
83171,.,0.700433,34.8699202,2018,.
83172,.,0.7286716,34.869769,2018,.
83173,.,0.7001688,34.8617175,2018,.
83174,.,0.7004089,34.8698491,2018,.
83175,.,0.7291335,34.8683236,2018,.
83176,.,0.6995942,34.8622586,2018,.
83177,.,0.699045,34.8694208,2018,.
83178,.,0.7290399,34.8683161,2018,.
83179,.,0.6989312,34.8694135,2018,.
83180,.,0.9027063,34.8637486,2018,.
83181,.,0.9151773,34.8666314,2018,.
83182,.,0.9265444,34.8634347,2018,.
83183,.,0.9131402,34.8653526,2018,.
83184,.,0.9177064,34.8614254,2018,.
83185,.,0.9117565,34.8646057,2018,.
83186,.,0.9131974,34.865444,2018,.
83187,.,0.9254259,34.8627668,2018,.
83188,.,0.9132363,34.8653414,2018,.
83189,.,0.9151134,34.8666401,2018,.
83190,.,0.9105525,34.829381,2018,.
83191,.,0.9103659,34.8291723,2018,.
83192,.,0.9079078,34.8393303,2018,.
83193,.,0.908819,34.8258596,2018,.
83194,.,0.9080325,34.837679,2018,.
83195,.,0.9118765,34.8305385,2018,.
83196,.,0.9081406,34.8377745,2018,.
83197,.,0.9117836,34.8305576,2018,.
83198,.,0.6988299,34.8342388,2018,.
83199,.,0.7008713,34.858901,2018,.
83200,.,0.6989963,34.8341954,2018,.
83201,.,0.7006398,34.8567006,2018,.
83202,.,0.7003406,34.8591177,2018,.
83203,.,0.7130598,34.8551597,2018,.
83204,.,0.7024973,34.8458673,2018,.
83205,.,0.7129698,34.8544228,2018,.
83206,.,0.7131707,34.8552146,2018,.
83207,.,0.7854254,34.7184791,2018,.
83208,.,0.7032151,34.8453682,2018,.
83209,.,0.7078299,34.8329561,2018,.
83210,.,0.705518154,34.84449778,2018,.
83211,.,0.7427985,34.8823788,2018,.
83212,.,1.0304226,35.0186342,2018,.
83213,.,0.7412689,34.8727977,2018,.
83214,.,0.7455159,34.8722048,2018,.
83215,.,0.7456966,34.8717494,2018,.
83216,.,0.741591,34.8769449,2018,.
83217,.,0.7415743,34.8768728,2018,.
83218,.,0.7452411,34.8726087,2018,.
83219,.,0.7405676,34.8754887,2018,.
83220,.,0.7413046,34.8745927,2018,.
83221,.,0.845193814609718,34.8397857479404,2018,.
83222,.,0.8447894,34.8402766,2018,.
83223,.,0.8695586,34.8598509,2018,.
83224,.,0.8277756,34.868369,2018,.
83225,.,0.8238283,34.8648896,2018,.
83226,.,0.982967731149422,34.9713883949079,2018,.
83227,.,0.8254482,34.8682009,2018,.
83228,.,0.8256599,34.8683062,2018,.
83229,.,0.7019254,34.515321,2018,.
83230,.,0.6909044,34.4945952,2018,.
83231,.,0.6909063,34.4946378,2018,.
83232,.,0.7018792,34.515373,2018,.
83233,.,0.6965485,34.5204871,2018,.
83234,.,0.689768846111992,34.5268031548191,2018,.
83235,.,0.689493384164278,34.5278226712634,2018,.
83236,.,0.689685014999833,34.5269012267128,2018,.
83237,.,0.755106115241899,34.3997957553281,2018,.
83238,.,0.754179987575688,34.4010299878767,2018,.
83239,.,0.762074267006153,34.404213481018,2018,.
83240,.,0.756667887228087,34.4007335484355,2018,.
83241,.,0.756665826539833,34.4007794208337,2018,.
83242,.,0.761127960020359,34.4030990933385,2018,.
83243,.,0.755988658736704,34.4005571192091,2018,.
83244,.,0.755087192361365,34.3997736455732,2018,.
83245,.,0.811247126767738,34.472341093275,2018,.
83246,.,0.800340645937014,34.4429989006779,2018,.
83247,.,0.792444965179551,34.4378520179444,2018,.
83248,.,0.808264286620047,34.4728948049596,2018,.
83249,.,0.793283681927303,34.4368457750405,2018,.
83250,.,0.80060553087449,34.4429699043294,2018,.
83251,.,0.788164497661039,34.5734931755167,2018,.
83252,.,0.788229038169622,34.5733690150371,2018,.
83253,.,0.7993871,34.5643068,2018,.
83254,.,0.799341,34.5642935,2018,.
83255,.,0.791183449973529,34.5725208088574,2018,.
83256,.,0.791412694420871,34.5721786257946,2018,.
83257,.,0.786144375726449,34.5730629426858,2018,.
83258,.,0.743448202155892,34.442891389362,2018,.
83259,.,0.760064963598157,34.4542827832455,2018,.
83260,.,0.749898100795639,34.452803966187,2018,.
83261,.,0.749924607621654,34.4528036550751,2018,.
83262,.,0.749499127736806,34.4520180842241,2018,.
83263,.,0.743442662412139,34.4428890268609,2018,.
83264,.,0.741481214738902,34.4434945688866,2018,.
83265,.,0.781415704650808,34.517930146522,2018,.
83266,.,0.770406123049546,34.5162592301094,2018,.
83267,.,0.781329053468005,34.5180428594398,2018,.
83268,.,0.77041893648734,34.5161350701056,2018,.
83269,.,0.7740146,34.4966201,2018,.
83270,.,0.6825574,34.4591331,2018,.
83271,.,0.6815853,34.4378154,2018,.
83272,.,0.6840424,34.456792,2018,.
83273,.,0.6825653,34.4590771,2018,.
83274,.,0.684545,34.4398261,2018,.
83275,.,0.6796000855768,34.4170380637279,2018,.
83276,.,0.6815599,34.4378667,2018,.
83277,.,0.678713825032944,34.4171169353769,2018,.
83278,.,0.679575203260358,34.4170160694124,2018,.
83279,.,0.6816221,34.4194691,2018,.
83280,.,0.770959838479258,34.4764731921539,2018,.
83281,.,0.777041871893957,34.4884780813045,2018,.
83282,.,0.774887750734494,34.4893364054907,2018,.
83283,.,0.770961624091228,34.4764737341486,2018,.
83284,.,0.79691667714714,34.4814384113372,2018,.
83285,.,0.795637291848217,34.4825727297131,2018,.
83286,.,0.7361571,34.4579234,2018,.
83287,.,0.738226035536879,34.4835959312209,2018,.
83288,.,0.7361243,34.4579643,2018,.
83289,.,0.739655401076557,34.4845297914571,2018,.
83290,.,0.738182854884092,34.482669655628,2018,.
83291,.,0.736225672046353,34.4577425672687,2018,.
83292,.,0.7376628,34.4562608,2018,.
83293,.,0.739744971706499,34.4845404361719,2018,.
83294,.,0.735111513233363,34.4595727170044,2018,.
83295,.,0.739904023412585,34.4846951881028,2018,.
83296,.,0.733131246843211,34.4578788752652,2018,.
83297,.,0.733324717709705,34.4579169399665,2018,.
83298,.,0.74470787764612,34.4597821028164,2018,.
83299,.,0.740971847349706,34.4889555423424,2018,.
83300,.,0.740916284991356,34.4889139215581,2018,.
83301,.,0.741719947883992,34.4889425552898,2018,.
83302,.,0.6943426,34.4475428,2018,.
83303,.,0.7092921,34.4388038,2018,.
83304,.,0.7077791,34.4364655,2018,.
83305,.,0.6943442,34.4475848,2018,.
83306,.,0.6927827,34.4417115,2018,.
83307,.,0.7021919,34.4504601,2018,.
83308,.,0.7001473,34.450822,2018,.
83309,.,0.7120479,34.4382807,2018,.
83310,.,0.798830726565501,34.4397859907492,2018,.
83311,.,0.8099215,34.4322522,2018,.
83312,.,0.815598350662733,34.4373593578696,2018,.
83313,.,0.810320051868071,34.4335726208421,2018,.
83314,.,0.816508051672522,34.438242677167,2018,.
83315,.,0.81561991330382,34.4373398731182,2018,.
83316,.,0.8098379,34.4321451,2018,.
83317,.,0.758957,34.5573343,2018,.
83318,.,0.7599253,34.5575184,2018,.
83319,.,0.761970167520994,34.5579433302215,2018,.
83320,.,0.759690397792258,34.5598858954993,2018,.
83321,.,0.7604753,34.557327,2018,.
83322,.,0.760047873603742,34.5598056496296,2018,.
83323,.,0.761964668664766,34.5579297381507,2018,.
83324,.,0.780912811380241,34.4598354861768,2018,.
83325,.,0.7737738,34.4679219,2018,.
83326,.,0.781388145502647,34.4601930452272,2018,.
83327,.,0.792515872286412,34.4686733409256,2018,.
83328,.,0.7745536,34.4680431,2018,.
83329,.,0.792880470768206,34.4675877870488,2018,.
83330,.,0.780878227332626,34.4599092832392,2018,.
83331,.,0.773842,34.4679287,2018,.
83332,.,0.792553987510821,34.4686829185043,2018,.
83333,.,-0.6566429009267,34.7037815767465,2018,.
83334,.,-0.655718279554107,34.7032572760323,2018,.
83335,.,-0.625702845071545,34.7076670928695,2018,.
83336,.,-0.624045692917146,34.707414686169,2018,.
83337,.,-0.622010621384323,34.7004862556451,2018,.
83338,.,-0.700595381815164,34.7400263731463,2018,.
83339,.,-0.706509636884725,34.7384433758625,2018,.
83340,.,-0.700350224069969,34.7397951461612,2018,.
83341,.,-0.705922431666077,34.7376356493016,2018,.
83342,.,-0.693503062898789,34.6923624672655,2018,.
83343,.,-0.692626981508586,34.6977846352604,2018,.
83344,.,-0.694377102925417,34.7106716365218,2018,.
83345,.,-0.694229324315225,34.7108813767514,2018,.
83346,.,-0.698887780638662,34.7136432410099,2018,.
83347,.,-0.716670505085848,34.7112023237775,2018,.
83348,.,-0.716670505085848,34.7112023237775,2018,.
83349,.,-0.699095024982271,34.7172989955912,2018,.
83350,.,-0.698901732772702,34.7173451537629,2018,.
83351,.,-0.694229324315225,34.7108813767514,2018,.
83352,.,-0.727862961069701,34.7171009646674,2018,.
83353,.,-0.739383587830996,34.7224044033114,2018,.
83354,.,-0.734987722173292,34.7155364311131,2018,.
83355,.,-0.730762074716737,34.7189126377427,2018,.
83356,.,-0.738452931941266,34.7257609467934,2018,.
83357,.,-0.7260732146763,34.7255091517535,2018,.
83358,.,-0.727336002418634,34.7272214563997,2018,.
83359,.,-0.607980551053599,34.6787214277312,2018,.
83360,.,-0.609909175037488,34.6681442592281,2018,.
83361,.,-0.612129619567715,34.6842608255485,2018,.
83362,.,-0.608582405357364,34.6791480662963,2018,.
83363,.,-0.609548157465568,34.6691107624371,2018,.
83364,.,-0.609909495525177,34.6681821721774,2018,.
83365,.,-0.612185840713431,34.6843218034591,2018,.
83366,.,-0.611029124836806,34.6819691684564,2018,.
83367,.,-0.607980551053599,34.6787214277312,2018,.
83368,.,-0.609060043723069,34.6791313773184,2018,.
83369,.,-0.610140019995816,34.6675441505488,2018,.
83370,.,-0.572973358513345,34.7318530065356,2018,.
83371,.,-0.568457382784845,34.7242710776824,2018,.
83372,.,-0.572973358513345,34.7318530065356,2018,.
83373,.,-0.576709538565434,34.7072935745597,2018,.
83374,.,-0.565132022968635,34.7220049388993,2018,.
83375,.,-0.66492304187901,34.6873627213802,2018,.
83376,.,-0.66492304187901,34.6873627213802,2018,.
83377,.,-0.663512546760273,34.7484308501381,2018,.
83378,.,-0.66492304187901,34.6873627213802,2018,.
83379,.,-0.58823058566973,34.7036301166848,2018,.
83380,.,-0.567839567693154,34.7138318252875,2018,.
83381,.,-0.56674335373133,34.7122156562529,2018,.
83382,.,-0.58823058566973,34.7036301166848,2018,.
83383,.,-0.568090812614921,34.7126763172701,2018,.
83384,.,-0.56930830447213,34.7129732624081,2018,.
83385,.,-0.659513094249091,34.648747235543,2018,.
83386,.,-0.658637113673163,34.6501359824812,2018,.
83387,.,-0.64814875031151,34.6394957208725,2018,.
83388,.,-0.667960906346686,34.6507650711128,2018,.
83389,.,-0.667965382881655,34.6507398169919,2018,.
83390,.,-0.659504492529004,34.6487499262766,2018,.
83391,.,-0.668503801632486,34.6494297169754,2018,.
83392,.,-0.644979309307497,34.6376060384585,2018,.
83393,.,-0.648546223225425,34.6388242416742,2018,.
83394,.,-0.664924842449154,34.6873038632168,2018,.
83395,.,-0.66248305208913,34.6717711764142,2018,.
83396,.,-0.664786825820185,34.6805995156961,2018,.
83397,.,-0.662572419207344,34.6716295012254,2018,.
83398,.,-0.665162743877,34.6774956987501,2018,.
83399,.,-0.665162743877,34.6774956987501,2018,.
83400,.,-0.663925251771226,34.684382846404,2018,.
83401,.,-0.664211736701653,34.6728719454837,2018,.
83402,.,0.506093,34.2903711,2018,.
83403,.,0.4878181,34.2827441,2018,.
83404,.,0.4848964,34.2826705,2018,.
83405,.,0.506077,34.2903957,2018,.
83406,.,0.4715013,34.3146738,2018,.
83407,.,0.5068802,34.3002737,2018,.
83408,.,0.4877802,34.2827497,2018,.
83409,.,0.5059275,34.2902466,2018,.
83410,.,0.6761005,34.3810286,2018,.
83411,.,0.6786617,34.3867665,2018,.
83412,.,0.6796792,34.3843972,2018,.
83413,.,0.6760706,34.3810441,2018,.
83414,.,0.675838,34.3813787,2018,.
83415,.,0.6796192,34.3844284,2018,.
83416,.,0.6739362,34.3823392,2018,.
83417,.,0.6741267,34.3821934,2018,.
83418,.,0.592701152615822,34.1986538002871,2018,.
83419,.,0.592701152615822,34.1986538002871,2018,.
83420,.,0.638271073454481,34.2806367051691,2018,.
83421,.,0.638344602084873,34.2805656050794,2018,.
83422,.,0.587423577636815,34.2070821590909,2018,.
83423,.,0.580793438130903,34.1900467247667,2018,.
83424,.,0.580406378048556,34.190304343822,2018,.
83425,.,0.586712915396949,34.2076426148745,2018,.
83426,.,0.580406378048556,34.190304343822,2018,.
83427,.,0.539139687447949,34.2207919291328,2018,.
83428,.,0.539139687447949,34.2207919291328,2018,.
83429,.,0.539139687447949,34.2207919291328,2018,.
83430,.,0.539205298572341,34.2207292889094,2018,.
83431,.,0.539802900560225,34.2203881101746,2018,.
83432,.,0.550943438513124,34.2550991244283,2018,.
83433,.,0.550943438513124,34.2550991244283,2018,.
83434,.,0.539139687447949,34.2207919291328,2018,.
83435,.,0.7386253,34.3573283,2018,.
83436,.,0.7554759,34.366095,2018,.
83437,.,0.7553958,34.3661345,2018,.
83438,.,0.7554715,34.366167,2018,.
83439,.,0.75201,34.3636833,2018,.
83440,.,0.7515837,34.3620779,2018,.
83441,.,0.7385899,34.3572985,2018,.
83442,.,0.7556881,34.367049,2018,.
83443,.,0.7508267,34.36223,2018,.
83444,.,0.7077272,34.3738154,2018,.
83445,.,0.6985628,34.3718629,2018,.
83446,.,0.7070888,34.3739472,2018,.
83447,.,0.7005841,34.3721828,2018,.
83448,.,0.7006507,34.3720726,2018,.
83449,.,0.6980284,34.3646304,2018,.
83450,.,0.6979507,34.3646135,2018,.
83451,.,0.695223,34.3668454,2018,.
83452,.,0.6352502,34.3073683,2018,.
83453,.,0.6250996,34.2895626,2018,.
83454,.,0.6226297,34.2835277,2018,.
83455,.,0.6269904,34.3061566,2018,.
83456,.,0.6281873,34.3059974,2018,.
83457,.,0.6226866,34.2837117,2018,.
83458,.,0.635192,34.307317,2018,.
83459,.,0.6246985,34.3079069,2018,.
83460,.,0.6336938,34.2663939,2018,.
83461,.,0.6217467,34.2811178,2018,.
83462,.,0.628619,34.272386,2018,.
83463,.,0.6352313,34.2652457,2018,.
83464,.,0.6286879,34.2721037,2018,.
83465,.,0.6352393,34.2652852,2018,.
83466,.,0.6295698,34.2702814,2018,.
83467,.,0.6220958,34.2826518,2018,.
83468,.,0.6021156,34.3229781,2018,.
83469,.,0.5842424,34.3684772,2018,.
83470,.,0.6019743,34.3235493,2018,.
83471,.,0.6011608,34.3259748,2018,.
83472,.,0.585412,34.3667812,2018,.
83473,.,0.601427,34.3263104,2018,.
83474,.,0.6005175,34.3269192,2018,.
83475,.,0.5136824,34.3543025,2018,.
83476,.,0.5145374,34.355063,2018,.
83477,.,0.5283278,34.3571446,2018,.
83478,.,0.5290479,34.3561173,2018,.
83479,.,0.5404609,34.3772815,2018,.
83480,.,0.5395723,34.3778557,2018,.
83481,.,0.5136998,34.3543568,2018,.
83482,.,0.5396082,34.3778727,2018,.
83483,.,0.7156068,34.4004144,2018,.
83484,.,0.7181328,34.4129348,2018,.
83485,.,0.7179663,34.4118291,2018,.
83486,.,0.7101427,34.3882817,2018,.
83487,.,0.7104601,34.3883568,2018,.
83488,.,0.7155931,34.4004708,2018,.
83489,.,0.7134412,34.3991426,2018,.
83490,.,0.645002,34.2827928,2018,.
83491,.,0.624341,34.2856359,2018,.
83492,.,0.6453558,34.2811809,2018,.
83493,.,0.645359,34.2810893,2018,.
83494,.,0.6398058,34.2913083,2018,.
83495,.,0.6291667,34.2761495,2018,.
83496,.,0.5260663,34.3240973,2018,.
83497,.,0.5267384,34.3240207,2018,.
83498,.,0.4433245,34.2744823,2018,.
83499,.,0.5479636,34.3282548,2018,.
83500,.,0.5145823,34.3079041,2018,.
83501,.,0.5267758,34.3239756,2018,.
83502,.,0.5142607,34.3084858,2018,.
83503,.,0.549252,34.3250555,2018,.
83504,.,0.5876486,34.3647717,2018,.
83505,.,0.5613606,34.3493672,2018,.
83506,.,0.5635744,34.3634589,2018,.
83507,.,0.561728,34.3636809,2018,.
83508,.,0.5859477,34.3653859,2018,.
83509,.,0.5620978,34.3470138,2018,.
83510,.,0.5894269,34.3646821,2018,.
83511,.,0.564422,34.363001,2018,.
83512,.,0.5636978,34.3633284,2018,.
83513,.,0.585668187196313,34.3915801458275,2018,.
83514,.,0.547788501994431,34.3771623117695,2018,.
83515,.,0.585668187196313,34.3915801458275,2018,.
83516,.,0.56212332097526,34.4219704862847,2018,.
83517,.,0.560863550331706,34.4213694702087,2018,.
83518,.,0.561401349721378,34.3879082454113,2018,.
83519,.,0.56212332097526,34.4219704862847,2018,.
83520,.,0.585925610858457,34.3930436387272,2018,.
83521,.,0.547788501994431,34.3771623117695,2018,.
83522,.,0.58619792398965,34.3927479479467,2018,.
83523,.,0.4937288,34.3162875,2018,.
83524,.,0.4773885,34.3145417,2018,.
83525,.,0.475827,34.3158594,2018,.
83526,.,0.4784155,34.3156322,2018,.
83527,.,0.4347342,34.3348348,2018,.
83528,.,0.4360918,34.3363131,2018,.
83529,.,0.4338909,34.3363417,2018,.
83530,.,0.478466,34.3155941,2018,.
83531,.,0.4784687,34.3155944,2018,.
83532,.,0.5980684000000001,34.4238368,2018,.
83533,.,0.5947239,34.422448,2018,.
83534,.,0.5946013,34.4225889,2018,.
83535,.,0.602273,34.4287372,2018,.
83536,.,0.5979182,34.4246298,2018,.
83537,.,0.6023661,34.4287285,2018,.
83538,.,0.6022265,34.4289501,2018,.
83539,.,0.5877152,34.4194857,2018,.
83540,.,0.598217,34.4238707,2018,.
83541,.,0.474752742385833,34.4383457439094,2018,.
83542,.,0.638287101107265,34.280544117159,2018,.
83543,.,0.469982270990039,34.4379515107985,2018,.
83544,.,0.467287626028422,34.4371714848561,2018,.
83545,.,0.638393689035968,34.2805903972412,2018,.
83546,.,0.474742458369025,34.4392565849744,2018,.
83547,.,0.638330594285178,34.2805358799551,2018,.
83548,.,0.470648650981933,34.4485809254422,2018,.
83549,.,0.46885722788794,34.4477699169923,2018,.
83550,.,0.469265717679267,34.4475475726996,2018,.
83551,.,0.468814549680134,34.4476847758002,2018,.
83552,.,0.6091022,34.4309202,2018,.
83553,.,0.6365108,34.4255218,2018,.
83554,.,0.6093928,34.4308521,2018,.
83555,.,0.6362051,34.4264848,2018,.
83556,.,0.6310783,34.4301526,2018,.
83557,.,0.6317379,34.4325657,2018,.
83558,.,0.6080588,34.4312783,2018,.
83559,.,0.6365108,34.4255218,2018,.
83560,.,0.6289601,34.432524,2018,.
83561,.,0.4432407,34.2745267,2018,.
83562,.,0.4579353,34.3603292,2018,.
83563,.,0.4720203,34.3801968,2018,.
83564,.,0.4729234,34.3810638,2018,.
83565,.,0.4716493,34.3805155,2018,.
83566,.,0.4433155,34.2745214,2018,.
83567,.,0.4595405,34.3593139,2018,.
83568,.,0.4579065,34.3604663,2018,.
83569,.,0.585461753885245,34.3788632710953,2018,.
83570,.,0.5972753432878,34.3992054571421,2018,.
83571,.,0.638401159481903,34.2805292923523,2018,.
83572,.,0.63080533806742,34.2888411430437,2018,.
83573,.,0.5972753432878,34.3992054571421,2018,.
83574,.,0.585461753885245,34.3788632710953,2018,.
83575,.,0.584913343096117,34.3772700908888,2018,.
83576,.,0.584910084508882,34.3772848451825,2018,.
83577,.,0.5972753432878,34.3992054571421,2018,.
83578,.,0.638388208815978,34.2805527628932,2018,.
83579,.,-0.0178982,35.2832944,2018,.
83580,.,0.005005,35.2874717,2018,.
83581,.,-0.0052067,35.2372434,2018,.
83582,.,-0.0182364,35.2828474,2018,.
83583,.,-0.0174603,35.2834024,2018,.
83584,.,-0.0004164,35.2407157,2018,.
83585,.,0.0049803,35.2875794,2018,.
83586,.,-0.0003843,35.2406634,2018,.
83587,.,-0.0053775,35.2364576,2018,.
83588,.,0.0140482,35.3381957,2018,.
83589,.,0.0024367,35.2855333,2018,.
83590,.,0.0048736,35.2873378,2018,.
83591,.,-0.0051212,35.2369068,2018,.
83592,.,0.0331695,35.2050164,2018,.
83593,.,0.0303062,35.2169178,2018,.
83594,.,0.0580615,35.1999328,2018,.
83595,.,0.0300995,35.2163151,2018,.
83596,.,0.0395384,35.2171712,2018,.
83597,.,0.0396094,35.2193133,2018,.
83598,.,0.0395856,35.219327,2018,.
83599,.,0.0332051,35.2052282,2018,.
83600,.,0.0449346,35.2237643,2018,.
83601,.,0.0447937,35.2239079,2018,.
83602,.,0.0302658,35.2169034,2018,.
83603,.,0.0311576,35.2064611,2018,.
83604,.,0.0379967,35.2182702,2018,.
83605,.,0.0081458,35.3554474,2018,.
83606,.,0.0322179,35.3620585,2018,.
83607,.,0.0334403,35.3513133,2018,.
83608,.,0.0077122,35.3567141,2018,.
83609,.,0.0077318,35.3567231,2018,.
83610,.,0.028835,35.3401618,2018,.
83611,.,0.0314376,35.3613046,2018,.
83612,.,0.0107789,35.3433659,2018,.
83613,.,0.0128148,35.3424805,2018,.
83614,.,0.0266856,35.3420656,2018,.
83615,.,0.032091,35.362147,2018,.
83616,.,0.0682868170965163,34.7373043616538,2018,.
83617,.,0.0589499857735533,34.7245476996015,2018,.
83618,.,0.0581168771940244,34.7247624112706,2018,.
83619,.,0.0636645845165218,34.7224506734751,2018,.
83620,.,0.0581892422431798,34.7298771890439,2018,.
83621,.,0.0547360049639485,34.7251015304671,2018,.
83622,.,0.0683333972864595,34.7374755012516,2018,.
83623,.,0.0574887115578129,34.7250003053998,2018,.
83624,.,0.0662860819313146,34.6276453912775,2018,.
83625,.,0.0614246,34.6269717,2018,.
83626,.,0.0539975387671165,34.6201841114947,2018,.
83627,.,0.0544595,34.6212733,2018,.
83628,.,0.0572503876113533,34.6214480103252,2018,.
83629,.,0.1097433,34.6569943,2018,.
83630,.,0.10412930747109,34.6545360646257,2018,.
83631,.,0.1305238,34.6353247,2018,.
83632,.,0.1322339,34.6328718,2018,.
83633,.,0.0331889986148369,34.6060669455758,2018,.
83634,.,0.0336633843531967,34.6063658039654,2018,.
83635,.,0.034774182676034,34.6053063861052,2018,.
83636,.,0.0558805632594842,34.6148759124982,2018,.
83637,.,0.0425192,34.6178767,2018,.
83638,.,0.0843714,34.6662754,2018,.
83639,.,0.084392,34.6661246,2018,.
83640,.,0.0816626,34.6596662,2018,.
83641,.,0.0820846,34.6626052,2018,.
83642,.,0.0613009832874174,34.5815437476004,2018,.
83643,.,0.0611814927061335,34.581522075287,2018,.
83644,.,0.0718744,34.5758979,2018,.
83645,.,0.0620736,34.5842909,2018,.
83646,.,0.0996238,34.596846,2018,.
83647,.,0.0718744,34.5758979,2018,.
83648,.,0.0970777,34.5979765,2018,.
83649,.,0.0631355,34.583169,2018,.
83650,.,0.0742913,34.6658438,2018,.
83651,.,0.0654215,34.6468546,2018,.
83652,.,0.0757992,34.6624973,2018,.
83653,.,0.0764394,34.645094,2018,.
83654,.,0.0655409,34.646807,2018,.
83655,.,0.0765669,34.6451791,2018,.
83656,.,0.0771335599368483,34.6631157861854,2018,.
83657,.,0.0761606,34.6442662,2018,.
83658,.,0.0745024,34.666966,2018,.
83659,.,0.0654737,34.6470201,2018,.
83660,.,0.0742248,34.6665503,2018,.
83661,.,0.0733778923908519,34.6181109131361,2018,.
83662,.,0.0670023700428198,34.6163406864674,2018,.
83663,.,0.067278176768813,34.6187329206084,2018,.
83664,.,0.0692153974973982,34.6160718407919,2018,.
83665,.,0.0654955548102718,34.615528566165,2018,.
83666,.,0.0816393758870262,34.6262664507818,2018,.
83667,.,0.0669748369212758,34.6166125901454,2018,.
83668,.,0.0347740313522233,34.6116684187304,2018,.
83669,.,0.0224656846732889,34.6423819065839,2018,.
83670,.,0.0280178580012808,34.6300146767917,2018,.
83671,.,0.0373474643042997,34.589870170748,2018,.
83672,.,0.0288655588893037,34.6281967670999,2018,.
83673,.,0.0216733984331991,34.619189347064,2018,.
83674,.,0.0248558484856507,34.58649160827,2018,.
83675,.,0.0223029601567999,34.643190895806,2018,.
83676,.,0.0223029601567999,34.643190895806,2018,.
83677,.,0.0333238192737882,34.5913196688565,2018,.
83678,.,0.1189883,34.6274174,2018,.
83679,.,0.1186153,34.6270568,2018,.
83680,.,0.1173669,34.6263744,2018,.
83681,.,0.1178288,34.6262034,2018,.
83682,.,0.114908411679141,34.6339777216727,2018,.
83683,.,0.0519209,34.6503498,2018,.
83684,.,0.0537236864351987,34.6490746307119,2018,.
83685,.,0.0494262,34.6406526,2018,.
83686,.,0.0492471,34.6433488,2018,.
83687,.,0.0521888,34.6333819,2018,.
83688,.,0.0520011,34.6504457,2018,.
83689,.,0.0534491821011014,34.63500078968,2018,.
83690,.,0.052301,34.63339,2018,.
83691,.,0.0510739288442875,34.6319446858005,2018,.
83692,.,0.0507317,34.6385957,2018,.
83693,.,0.0952615,34.6455432,2018,.
83694,.,0.0950258,34.6428629,2018,.
83695,.,0.116829276165116,34.6566020669275,2018,.
83696,.,0.116831215323778,34.6566131297575,2018,.
83697,.,0.0918712641153826,34.6406484429386,2018,.
83698,.,0.0950004696585908,34.6408653738357,2018,.
83699,.,0.0526441,34.6386023,2018,.
83700,.,0.067306755,34.63894921,2018,.
83701,.,0.0700046,34.643475,2018,.
83702,.,0.0722527,34.6427084,2018,.
83703,.,0.0644801,34.6401337,2018,.
83704,.,0.0648134268731943,34.63979474848,2018,.
83705,.,0.0692443030121485,34.6414034495564,2018,.
83706,.,0.0083080469041003,34.7043038424985,2018,.
83707,.,0.0088429939247911,34.7024723805905,2018,.
83708,.,-0.0081103294198916,34.6666693694006,2018,.
83709,.,-0.0120036573487534,34.6703866065656,2018,.
83710,.,-0.0118999383855299,34.6641864058776,2018,.
83711,.,-0.0077817801821154,34.6745429744233,2018,.
83712,.,-0.0117362629055828,34.6728798212185,2018,.
83713,.,0.0371342430234475,34.7010697781367,2018,.
83714,.,0.0457731442317943,34.7202143144607,2018,.
83715,.,0.0463359603201724,34.7014850909052,2018,.
83716,.,0.0308203,34.7005048,2018,.
83717,.,0.044976167579462,34.701281678779,2018,.
83718,.,0.0357373374089942,34.699483799008,2018,.
83719,.,0.0356571283145757,34.7004882666539,2018,.
83720,.,0.0360262,34.7000349,2018,.
83721,.,0.0021109192469698,34.7156041390868,2018,.
83722,.,0.006398392351002,34.7359375986155,2018,.
83723,.,0.0117764784414999,34.742210430679,2018,.
83724,.,0.0083064209454926,34.7402247125196,2018,.
83725,.,0.0023162656425142,34.7156039599561,2018,.
83726,.,0.0039054212393447,34.7411746515902,2018,.
83727,.,0.0951021,34.6550968,2018,.
83728,.,0.0938123,34.6684866,2018,.
83729,.,0.0936014,34.6688412,2018,.
83730,.,0.0957685,34.639827,2018,.
83731,.,0.0940247,34.6569115,2018,.
83732,.,0.6949531,34.7272092,2018,.
83733,.,0.698025,34.7014439,2018,.
83734,.,0.696118,34.7038601,2018,.
83735,.,0.7000107,34.7010243,2018,.
83736,.,0.6951565,34.7266607,2018,.
83737,.,0.6980536,34.7014723,2018,.
83738,.,0.696858,34.703697,2018,.
83739,.,0.695555,34.7268882,2018,.
83740,.,0.6968748,34.7037448,2018,.
83741,.,0.6949499,34.7271713,2018,.
83742,.,0.6341053,34.7358785,2018,.
83743,.,0.6361919,34.7197825,2018,.
83744,.,0.6339571,34.7373217,2018,.
83745,.,0.6360205,34.721016,2018,.
83746,.,0.636487,34.7237491,2018,.
83747,.,0.6337564,34.7366371,2018,.
83748,.,0.6366471,34.7234087,2018,.
83749,.,0.6337685,34.7366052,2018,.
83750,.,0.467311306966327,34.6610364059935,2018,.
83751,.,0.4367629,34.7068822,2018,.
83752,.,0.46858455324988,34.6617262842885,2018,.
83753,.,0.4367629,34.7068822,2018,.
83754,.,0.467311306966327,34.6610364059935,2018,.
83755,.,0.466299507125606,34.6463040981861,2018,.
83756,.,0.474337045907217,34.6496368448905,2018,.
83757,.,0.466299507125606,34.6463040981861,2018,.
83758,.,0.467702565570714,34.6588512222031,2018,.
83759,.,0.638614543772725,34.7587536686048,2018,.
83760,.,0.63701154861257,34.7587609010619,2018,.
83761,.,0.638614543772725,34.7587536686048,2018,.
83762,.,0.672497437134833,34.7528287996755,2018,.
83763,.,0.674350805114173,34.7519693365251,2018,.
83764,.,0.672253768803916,34.7661068713794,2018,.
83765,.,0.67034407913899,34.7651113343204,2018,.
83766,.,0.672497437134833,34.7528287996755,2018,.
83767,.,0.672235674387907,34.76607004044,2018,.
83768,.,0.6434187,34.7448908,2018,.
83769,.,0.6512856,34.7410806,2018,.
83770,.,0.6499875,34.7395836,2018,.
83771,.,0.6434099,34.7448816,2018,.
83772,.,0.6499858,34.7395851,2018,.
83773,.,0.6434187,34.7448911,2018,.
83774,.,0.6459487,34.7364116,2018,.
83775,.,0.6486679,34.7416376,2018,.
83776,.,0.522036404471576,34.6532450630065,2018,.
83777,.,0.52916331299624,34.706520870896,2018,.
83778,.,0.530597212562618,34.7055700046894,2018,.
83779,.,0.530597212562618,34.7055700046894,2018,.
83780,.,0.534201061945669,34.7028757227437,2018,.
83781,.,0.523825406502321,34.6543677081026,2018,.
83782,.,0.529724132326703,34.6973499171434,2018,.
83783,.,0.534201061945669,34.7028757227437,2018,.
83784,.,0.572866301994459,34.7572531088327,2018,.
83785,.,0.576814266474935,34.764889867606,2018,.
83786,.,0.582976592941558,34.7574780029189,2018,.
83787,.,0.578835146736445,34.7658695548371,2018,.
83788,.,0.573465978263142,34.7655807121695,2018,.
83789,.,0.575588468224867,34.765462954232,2018,.
83790,.,0.578870697419729,34.7658573051647,2018,.
83791,.,0.572871228125768,34.757261287533,2018,.
83792,.,0.582976592941558,34.7574780029189,2018,.
83793,.,0.58455286584123,34.5356334398278,2018,.
83794,.,0.571824993478082,34.7566625084741,2018,.
83795,.,0.750125237585357,34.8178267183839,2018,.
83796,.,0.743258796268887,34.8247585583352,2018,.
83797,.,0.743251410207739,34.8247400280205,2018,.
83798,.,0.757440127697488,34.8026474384175,2018,.
83799,.,0.757440127697488,34.8026474384175,2018,.
83800,.,0.7571543,34.8016208,2018,.
83801,.,0.750125237585357,34.8178267183839,2018,.
83802,.,0.7446678,34.8243693,2018,.
83803,.,0.700930793817707,34.810953140064,2018,.
83804,.,0.700932415093782,34.8088065685552,2018,.
83805,.,0.7047296,34.7972265,2018,.
83806,.,0.6849586,34.7848745,2018,.
83807,.,0.700930793817707,34.810953140064,2018,.
83808,.,0.6855587,34.7867805,2018,.
83809,.,0.6849551,34.7849587,2018,.
83810,.,0.703671231910802,34.7957066650471,2018,.
83811,.,0.7047484,34.7971914,2018,.
83812,.,0.656017987984806,34.7632037932354,2018,.
83813,.,0.635721749360182,34.7613756877147,2018,.
83814,.,0.653537399638286,34.7632942122895,2018,.
83815,.,0.653537399638286,34.7632942122895,2018,.
83816,.,0.635721749360182,34.7613756877147,2018,.
83817,.,0.654511310672654,34.7626851712033,2018,.
83818,.,0.5900265,34.7997411,2018,.
83819,.,0.5900265,34.7997411,2018,.
83820,.,0.5923963,34.7928833,2018,.
83821,.,0.4854627,34.6823659,2018,.
83822,.,0.473017524294311,34.6569901367343,2018,.
83823,.,0.4809775,34.6850279,2018,.
83824,.,0.484481703660612,34.6652128749855,2018,.
83825,.,0.473866037433586,34.6698059972198,2018,.
83826,.,0.473733957613518,34.6695776867842,2018,.
83827,.,0.482203134257316,34.6642084126613,2018,.
83828,.,0.473866037433586,34.6698059972198,2018,.
83829,.,0.47188295049152,34.657698296634,2018,.
97004,.,-7.8169098,35.7372095,2018,.
97005,.,-7.8746141,35.7933531,2018,.
97006,.,-8.1076178,35.9069113,2018,.
97007,.,-7.91498,35.7390087,2018,.
97008,.,-8.1056417,35.9015518,2018,.
97009,.,-7.8310906,35.746937,2018,.
97010,.,-7.9592906,35.5534504,2018,.
97011,.,-7.9592906,35.5534504,2018,.
97012,.,-8.1020363,35.4387601,2018,.
97013,.,-7.8364879,35.7476981,2018,.
97014,.,-7.7541528,35.86288,2018,.
97015,.,-7.7541528,35.86288,2018,.
97016,.,-7.8731265,35.6988815,2018,.
97017,.,-7.9508482,35.7478929,2018,.
97018,.,-8.1153336,35.4168296,2018,.
97019,.,-7.9156495,35.7411395,2018,.
97020,.,-7.8022341,35.6012988,2018,.
97021,.,-7.7770886,35.5756978,2018,.
97022,.,-7.7522119,35.7176059,2018,.
97023,.,-8.9841787,33.3190878,2018,.
97024,.,-8.7893786,33.2215385,2018,.
97025,.,-8.1145087,35.4180096,2018,.
97026,.,-8.1052863,35.9017341,2018,.
97027,.,-7.7307404,35.5487578,2018,.
97028,.,-7.7307404,35.5487578,2018,.
97029,.,-7.8219735,35.7340756,2018,.
97030,.,-7.9201414,35.7371448,2018,.
97031,.,-7.8238246,35.7968532,2018,.
97032,.,-7.8238246,35.7968532,2018,.
97033,.,-7.7523812,35.7176544,2018,.
97034,.,-8.7896167,33.2198512,2018,.
97035,.,-8.1116727,35.4291826,2018,.
97036,.,-8.1116727,35.4291826,2018,.
97037,.,-7.831015,35.7468071,2018,.
97038,.,-7.831015,35.7468071,2018,.
97039,.,-7.9584407,35.7185662,2018,.
97040,.,-7.8711002,35.6980985,2018,.
97041,.,-7.7305608,35.5496718,2018,.
97042,.,-8.0110727,35.8257846,2018,.
97043,.,-7.8342109,35.7461321,2018,.
97044,.,-7.916025,35.7409063,2018,.
97045,.,-8.1116727,35.4291826,2018,.
97046,.,-7.9160224,35.7408767,2018,.
97047,.,-7.948309,35.7357582,2018,.
97048,.,-7.8021189,35.6011231,2018,.
97049,.,-8.1052248,35.9017622,2018,.
97050,.,-7.8733604,35.6985966,2018,.
97051,.,-7.9580376,35.7190658,2018,.
97052,.,-7.9596356,35.7373272,2018,.
97053,.,-7.7308084,35.5487363,2018,.
97054,.,-8.9508979,33.4388595,2018,.
97055,.,-7.9156653,35.7410226,2018,.
97056,.,-7.7644187,35.5690157,2018,.
97057,.,-7.7644187,35.5690157,2018,.
97058,.,-7.7854959,35.8164269,2018,.
97059,.,-7.882684,35.6840003,2018,.
97060,.,-7.8010715,35.7838947,2018,.
97061,.,-7.9203912,35.7374273,2018,.
97062,.,-8.1074908,35.9063668,2018,.
97063,.,-7.7972806,35.6142937,2018,.
97064,.,-7.8364879,35.7476981,2018,.
97065,.,-7.8364879,35.7476981,2018,.
97066,.,-7.8364879,35.7476981,2018,.
97067,.,-7.8310861,35.7464585,2018,.
97068,.,-8.0978005,35.4443174,2018,.
97069,.,-8.0276752,35.8282577,2018,.
97070,.,-7.8262732,35.7488455,2018,.
97071,.,-7.7306059,35.549637,2018,.
97072,.,-8.1158203,35.4165979,2018,.
97073,.,-7.9133268,35.736199,2018,.
97074,.,-7.9133268,35.736199,2018,.
97075,.,-7.9203758,35.7374124,2018,.
97076,.,-8.1116727,35.4291826,2018,.
97077,.,-8.1116727,35.4291826,2018,.
97078,.,-7.7491442,35.8649598,2018,.
97079,.,-7.8313637,35.7459333,2018,.
97080,.,-7.8299917,35.7522092,2018,.
97081,.,-7.821246667,35.7949583,2018,.
97082,.,-7.7854959,35.8164269,2018,.
97083,.,-7.7854959,35.8164269,2018,.
97084,.,-7.7306639,35.5470322,2018,.
97085,.,-7.7541528,35.86288,2018,.
97086,.,-7.7541528,35.86288,2018,.
97087,.,-8.1075404,35.9044707,2018,.
97088,.,-8.9275236,33.2829225,2018,.
97089,.,-8.9941464,33.411863,2018,.
97090,.,-8.9150386,33.3322923,2018,.
97091,.,-8.9577715,33.4594724,2018,.
97092,.,-7.9458295,35.7401469,2018,.
97093,.,-7.9756901,35.7387145,2018,.
97094,.,-8.1051227,35.9016938,2018,.
97095,.,-7.8914285,35.6004422,2018,.
97096,.,-7.7632957,35.5580141,2018,.
97097,.,-7.7306269,35.5470138,2018,.
97098,.,-7.9866468,35.7190548,2018,.
97099,.,-8.1083012,35.9027979,2018,.
97100,.,-8.107574,35.9068972,2018,.
97101,.,-8.1083809,35.9028124,2018,.
97102,.,-7.98669,35.7190565,2018,.
97103,.,-8.1112093,35.4322589,2018,.
97104,.,-8.1076451,35.9069833,2018,.
97105,.,-7.76616,35.5614593,2018,.
97106,.,-7.8259686,35.5325663,2018,.
97107,.,-7.8259686,35.5325663,2018,.
97108,.,-8.1052481,35.9016525,2018,.
97109,.,-7.8519395,35.7807546,2018,.
97110,.,-8.9128921,33.3320699,2018,.
97111,.,-7.7433864,35.871365,2018,.
97112,.,-7.9155587,35.7410877,2018,.
97113,.,-8.9827959,33.3180695,2018,.
97114,.,-8.9827959,33.3180695,2018,.
97115,.,-7.7541528,35.86288,2018,.
97116,.,-8.9120444,33.3402895,2018,.
97117,.,-7.861896,35.7927505,2018,.
97118,.,-8.1191282,35.4370924,2018,.
97119,.,-7.9150899,35.7423274,2018,.
97120,.,-7.9535096,35.7410417,2018,.
97121,.,-7.9135082,35.7417845,2018,.
97122,.,-7.936015,35.7505946,2018,.
97123,.,-7.936015,35.7505946,2018,.
97124,.,-7.7972736,35.6143894,2018,.
97125,.,-7.9156893,35.7411401,2018,.
97126,.,-7.9615344,35.7423862,2018,.
97127,.,-8.1052501,35.9016236,2018,.
97128,.,-7.9582694,35.5548126,2018,.
97129,.,-8.9536308,33.4588633,2018,.
97130,.,-7.9469269,35.7378112,2018,.
97131,.,-7.835728,35.5341905,2018,.
97132,.,-7.835728,35.5341905,2018,.
97133,.,-7.8259686,35.5325663,2018,.
97134,.,-7.93146,35.7659667,2018,.
97135,.,-7.8026894,35.6011385,2018,.
97136,.,-8.1075983,35.9069236,2018,.
97137,.,-7.9235524,35.7352192,2018,.
97138,.,-8.1110027,35.4402089,2018,.
97139,.,-7.8451642,35.6372844,2018,.
97140,.,-7.8639351,35.6233948,2018,.
97141,.,-7.960516,35.729661,2018,.
97142,.,-7.7854959,35.8164269,2018,.
97143,.,-7.8316377,35.7462667,2018,.
97144,.,-7.8306279,35.7471726,2018,.
97145,.,-8.0704193,35.8837906,2018,.
97146,.,-7.8297743,35.7497268,2018,.
97147,.,-7.8309352,35.7463597,2018,.
97148,.,-7.7493377,35.5585838,2018,.
97149,.,-7.9178758,35.7395266,2018,.
97150,.,-7.7990244,35.7744389,2018,.
97151,.,-7.7990244,35.7744389,2018,.
97152,.,-8.8115928,33.2254003,2018,.
97153,.,-7.8259686,35.5325663,2018,.
97154,.,-7.8259686,35.5325663,2018,.
97155,.,-7.9469354,35.5604128,2018,.
97156,.,-7.8401214,35.7470832,2018,.
97157,.,-7.8401214,35.7470832,2018,.
97158,.,-8.0210711,35.8443826,2018,.
97159,.,-7.7668569,35.5683526,2018,.
97160,.,-7.7484879,35.5567552,2018,.
97161,.,-8.1007001,35.4423211,2018,.
97162,.,-7.8307466,35.7701733,2018,.
97163,.,-7.8609826,35.7915246,2018,.
97164,.,-7.9562749,35.7262955,2018,.
97165,.,-7.7523425,35.7175269,2018,.
97166,.,-7.8262331,35.7372939,2018,.
97167,.,-7.9230305,35.7321851,2018,.
97168,.,-8.1052557,35.9016414,2018,.
97169,.,-7.8287107,35.7474274,2018,.
97170,.,-7.9133309,35.7430044,2018,.
97171,.,-7.9133309,35.7430044,2018,.
97172,.,-8.9387852,33.1868564,2018,.
97173,.,-7.9157417,35.7410011,2018,.
97174,.,-8.9593169,33.2599258,2018,.
97175,.,-7.8315549,35.7502007,2018,.
97176,.,-8.1053833,35.9018767,2018,.
97177,.,-8.1052397,35.9017192,2018,.
97178,.,-7.9799348,35.7376196,2018,.
97179,.,-8.985071,33.3132361,2018,.
97180,.,-7.8745573,35.6972716,2018,.
97181,.,-7.9130357,35.7431045,2018,.
97182,.,-7.9907528,35.8482288,2018,.
97183,.,-7.9621728,35.7413407,2018,.
97184,.,-8.1053945,35.9038252,2018,.
97185,.,-7.8361171,35.5321612,2018,.
97186,.,-8.8370448,33.2432555,2018,.
97187,.,-7.9236942,35.732567,2018,.
97188,.,-7.7524702,35.7177495,2018,.
97189,.,-7.9576281,35.7435292,2018,.
97190,.,-7.9797596,35.7377192,2018,.
97191,.,-8.9477462,33.460061,2018,.
97192,.,-7.9213963,35.7357714,2018,.
97193,.,-8.8416886,33.2464747,2018,.
97194,.,-7.8636354,35.7903107,2018,.
97195,.,-7.8306983,35.7703137,2018,.
97196,.,-7.883742,35.6850944,2018,.
97197,.,-7.9857438,35.8464392,2018,.
97198,.,-7.9212298,35.7360341,2018,.
97199,.,-7.7979637,35.612687,2018,.
97200,.,-7.9403359,35.7535297,2018,.
97201,.,-7.8722616,35.7000418,2018,.
97202,.,-7.8392464,35.7403153,2018,.
97203,.,-8.1089935,35.4317082,2018,.
97204,.,-7.8637056,35.7902338,2018,.
97205,.,-7.8855842,35.683488,2018,.
97206,.,-8.1076003,35.9068954,2018,.
97207,.,-8.1052688,35.9016488,2018,.
97208,.,-8.9938618,33.3168345,2018,.
97209,.,-7.861894,35.636345,2018,.
97210,.,-7.861894,35.636345,2018,.
97211,.,-8.0704193,35.8837906,2018,.
97212,.,-8.1123333,35.4350032,2018,.
97213,.,-8.103884,35.4377787,2018,.
97214,.,-8.9144774,33.3310659,2018,.
97215,.,-7.8622551,35.7937306,2018,.
97216,.,-7.7522463,35.7176327,2018,.
97217,.,-7.9256162,35.7317572,2018,.
97218,.,-8.9593285,33.2600097,2018,.
97219,.,-8.9593285,33.2600097,2018,.
97220,.,-7.9584772,35.7185499,2018,.
97221,.,-8.1116727,35.4291826,2018,.
97222,.,-7.9403037,35.7533898,2018,.
97223,.,-8.1056542,35.9016194,2018,.
97224,.,-8.1049725,35.9029472,2018,.
97225,.,-8.907793,33.3378051,2018,.
97226,.,-7.756408,35.5625099,2018,.
97227,.,-7.9457926,35.7401682,2018,.
97228,.,-7.9249339,35.732039,2018,.
97229,.,-8.1146712,35.4175955,2018,.
97230,.,-8.1051595,35.9017863,2018,.
97231,.,-7.8259686,35.5325663,2018,.
97232,.,-7.8259686,35.5325663,2018,.
97233,.,-7.9156016,35.7410836,2018,.
97234,.,-7.9777406,35.7376655,2018,.
97235,.,-7.8723079,35.699977,2018,.
97236,.,-7.752389,35.7176653,2018,.
97237,.,-8.1116727,35.4291826,2018,.
97238,.,-8.7975974,33.2228576,2018,.
97239,.,-7.8361876,35.5322409,2018,.
97240,.,-7.9604124,35.7372598,2018,.
97241,.,-7.7973538,35.6143494,2018,.
97242,.,-8.1054107,35.9013742,2018,.
97243,.,-8.1038676,35.9064556,2018,.
97244,.,-7.8259686,35.5325663,2018,.
97245,.,-8.1054123,35.9015269,2018,.
97246,.,-7.9476731,35.5658971,2018,.
97247,.,-7.8631757,35.7884957,2018,.
97248,.,-7.802228,35.6010978,2018,.
97249,.,-7.9255245,35.7309581,2018,.
97250,.,-8.9618567,33.265397,2018,.
97251,.,-7.8020765,35.600991,2018,.
97252,.,-7.8315232,35.7460986,2018,.
97253,.,-8.1116727,35.4291826,2018,.
97254,.,-8.119661,35.4366111,2018,.
97255,.,-7.7415282,35.8737045,2018,.
97256,.,-7.7523752,35.7176431,2018,.
97257,.,-7.9134181,35.7421479,2018,.
97258,.,-7.9157184,35.7410182,2018,.
97259,.,-7.8312539,35.7485183,2018,.
97260,.,-7.8021891,35.6009997,2018,.
97261,.,-7.8911599,35.600617,2018,.
97262,.,-7.7714049,35.5585486,2018,.
97263,.,-7.7714049,35.5585486,2018,.
97264,.,-7.9756662,35.7387108,2018,.
97265,.,-7.8169098,35.7372095,2018,.
97266,.,-8.0037081,35.8441328,2018,.
97267,.,-8.1180366,35.4323312,2018,.
97268,.,-7.7307073,35.5487178,2018,.
97269,.,-7.7652401,35.5679271,2018,.
97270,.,-8.1180335,35.4332875,2018,.
97271,.,-7.8316466,35.7501991,2018,.
97272,.,-7.83071,35.746254,2018,.
97273,.,-7.7811111,35.5780752,2018,.
97274,.,-8.1055319,35.9016643,2018,.
97275,.,-8.8476394,33.2506762,2018,.
97276,.,-7.8313562,35.74587,2018,.
97277,.,-7.8321059,35.7464455,2018,.
97278,.,-7.8321059,35.7464455,2018,.
97279,.,-7.8899525,35.6014739,2018,.
97280,.,-7.9156988,35.7411076,2018,.
97281,.,-7.9247413,35.732232,2018,.
97282,.,-8.0704193,35.8837906,2018,.
97283,.,-7.8259686,35.5325663,2018,.
97284,.,-7.8259686,35.5325663,2018,.
97285,.,-7.9246846,35.7322072,2018,.
97286,.,-8.1052342,35.9016368,2018,.
97287,.,-7.879754,35.6944417,2018,.
97288,.,-8.1053099,35.9018581,2018,.
97289,.,-7.8731158,35.6989181,2018,.
97290,.,-8.1001761,35.4441347,2018,.
97291,.,-7.9866402,35.7190898,2018,.
97292,.,-8.9972424,33.4105869,2018,.
97293,.,-8.103933,35.9058896,2018,.
97294,.,-7.956264,35.726279,2018,.
97295,.,-7.821246667,35.7949583,2018,.
97296,.,-7.8548862,35.7526772,2018,.
97297,.,-8.0999761,35.4454144,2018,.
97298,.,-7.7855757,35.7713785,2018,.
97299,.,-7.802273,35.602442,2018,.
97300,.,-8.0704193,35.8837906,2018,.
97301,.,-8.0704193,35.8837906,2018,.
97302,.,-7.7484238,35.5567204,2018,.
97303,.,-7.82197,35.7339004,2018,.
97304,.,-7.82197,35.7339004,2018,.
97305,.,-7.8319451,35.7464289,2018,.
97306,.,-7.7713055,35.5584446,2018,.
97307,.,-7.8315725,35.7459379,2018,.
97308,.,-7.98264,35.7151083,2018,.
97309,.,-7.9254686,35.7345779,2018,.
97310,.,-7.8315919,35.7502221,2018,.
97311,.,-8.118076,35.4325708,2018,.
97312,.,-7.9593787,35.5533152,2018,.
97313,.,-7.9593787,35.5533152,2018,.
97314,.,-7.7306364,35.5486962,2018,.
97315,.,-8.1049965,35.9020345,2018,.
97316,.,-7.7713493,35.5584678,2018,.
97317,.,-7.7713493,35.5584678,2018,.
97318,.,-7.8208524,35.7350638,2018,.
97319,.,-7.8208524,35.7350638,2018,.
97320,.,-8.1038994,35.9061942,2018,.
97321,.,-7.7972756,35.6143729,2018,.
97322,.,-7.9866419,35.7190097,2018,.
97323,.,-8.1054094,35.9015188,2018,.
97324,.,-7.9612418,35.7418054,2018,.
97325,.,-8.9480758,33.4556938,2018,.
97326,.,-8.1048319,35.9021954,2018,.
97327,.,-8.119027,35.436847,2018,.
97328,.,-7.8021661,35.6010051,2018,.
97329,.,-8.1068688,35.9061329,2018,.
97330,.,-7.8015599,35.60975,2018,.
97331,.,-7.8015599,35.60975,2018,.
97332,.,-7.9256773,35.7335178,2018,.
97333,.,-7.8430669,35.7672149,2018,.
97334,.,-8.1052996,35.9017086,2018,.
97335,.,-7.9562341,35.7263549,2018,.
97336,.,-7.830787,35.7461976,2018,.
97337,.,-8.8383616,33.2408805,2018,.
97338,.,-7.873485,35.6983913,2018,.
97339,.,-8.9539604,33.4472592,2018,.
97340,.,-7.7375983,35.7114807,2018,.
97341,.,-7.802273,35.602442,2018,.
97342,.,-7.8259686,35.5325663,2018,.
97343,.,-7.7367387,35.7112955,2018,.
97344,.,-7.8022493,35.6009726,2018,.
97345,.,-7.8313962,35.7460101,2018,.
97346,.,-7.8292886,35.7467438,2018,.
97347,.,-7.842987,35.7672531,2018,.
97348,.,-7.7541528,35.86288,2018,.
97349,.,-7.7541528,35.86288,2018,.
97350,.,-7.8622858,35.7936649,2018,.
97351,.,-7.875261,35.7949168,2018,.
97352,.,-7.7523641,35.717684,2018,.
97353,.,-8.1116727,35.4291826,2018,.
97354,.,-7.90714,35.7416863,2018,.
97355,.,-7.8364879,35.7476981,2018,.
97356,.,-7.926399,35.7305868,2018,.
97357,.,-7.8413775,35.6399658,2018,.
97358,.,-8.1076247,35.9069344,2018,.
97359,.,-7.9123369,35.7459327,2018,.
97360,.,-7.9534912,35.7410303,2018,.
97361,.,-7.7306298,35.5495089,2018,.
97362,.,-8.8021277,33.2295847,2018,.
97363,.,-7.8620429,35.7929844,2018,.
97364,.,-7.8797742,35.6944146,2018,.
97365,.,-7.9457826,35.7405191,2018,.
97366,.,-8.1088149,35.8947255,2018,.
97367,.,-8.9857035,33.3116761,2018,.
97368,.,-7.885113,35.6833024,2018,.
97369,.,-8.1053954,35.9016376,2018,.
97370,.,-7.8288003,35.745206,2018,.
97371,.,-7.8259686,35.5325663,2018,.
97372,.,-8.0704193,35.8837906,2018,.
97373,.,-7.8364879,35.7476981,2018,.
97374,.,-7.8253755,35.7488357,2018,.
97375,.,-8.9817185,33.2945556,2018,.
97376,.,-7.8746189,35.7933233,2018,.
97377,.,-8.1052354,35.901717,2018,.
97378,.,-7.8305001,35.7471862,2018,.
97379,.,-7.8305001,35.7471862,2018,.
97380,.,-7.8295994,35.7460894,2018,.
97381,.,-7.7371099,35.7112804,2018,.
97382,.,-7.8368077,35.7424551,2018,.
97383,.,-7.8259686,35.5325663,2018,.
97384,.,-7.8259686,35.5325663,2018,.
97385,.,-7.7699641,35.5664209,2018,.
97386,.,-7.7699641,35.5664209,2018,.
97387,.,-7.9605374,35.7206301,2018,.
97388,.,-7.7854959,35.8164269,2018,.
97389,.,-8.1004611,35.4367491,2018,.
97390,.,-8.1004611,35.4367491,2018,.
97391,.,-7.8613036,35.6299029,2018,.
97392,.,-7.8613036,35.6299029,2018,.
97393,.,-7.9123985,35.7310997,2018,.
97394,.,-7.8254268,35.8000319,2018,.
97395,.,-7.8793241,35.6940694,2018,.
97396,.,-8.0998268,35.4380743,2018,.
97397,.,-7.7370817,35.7112584,2018,.
97398,.,-8.1056553,35.9015295,2018,.
97399,.,-8.1056553,35.9015295,2018,.
97400,.,-8.104432,35.9032169,2018,.
97401,.,-7.749233,35.864667,2018,.
97402,.,-7.802273,35.602442,2018,.
97403,.,-7.8297938,35.749739,2018,.
97404,.,-7.7854959,35.8164269,2018,.
97405,.,-8.0998226,35.4380847,2018,.
97406,.,-7.8316006,35.7501712,2018,.
97407,.,-7.8869271,35.6051786,2018,.
97408,.,-7.7306227,35.5486291,2018,.
97409,.,-7.7523749,35.7175678,2018,.
97410,.,-7.8310128,35.7476548,2018,.
97411,.,-8.1056534,35.9014961,2018,.
97412,.,-7.8622007,35.6262276,2018,.
97413,.,-7.8607735,35.7520103,2018,.
97414,.,-8.1041916,35.9056695,2018,.
97415,.,-8.8399895,33.2410943,2018,.
97416,.,-8.1054398,35.9015749,2018,.
97417,.,-8.7957692,33.2211995,2018,.
97418,.,-7.8315781,35.746424,2018,.
97419,.,-7.7307759,35.5486897,2018,.
97420,.,-8.1116727,35.4291826,2018,.
97421,.,-7.9086474,35.7428553,2018,.
97422,.,-7.8404209,35.5303378,2018,.
97423,.,-7.8904141,35.6011338,2018,.
97424,.,-7.8904141,35.6011338,2018,.
97425,.,-7.8312325,35.7480327,2018,.
97426,.,-7.9778058,35.7376151,2018,.
97427,.,-8.1051686,35.9015674,2018,.
97428,.,-8.9624345,33.4644313,2018,.
97429,.,-8.9624345,33.4644313,2018,.
97430,.,-8.1116727,35.4291826,2018,.
97431,.,-7.8039574,35.6020409,2018,.
97432,.,-8.1066373,35.4328793,2018,.
97433,.,-7.9409115,35.7558065,2018,.
97434,.,-8.9815322,33.2945919,2018,.
97435,.,-8.0993658,35.4423559,2018,.
97436,.,-7.8722978,35.6999253,2018,.
97437,.,-7.8798593,35.6944362,2018,.
97438,.,-8.9847149,33.3132026,2018,.
97439,.,-7.960334,35.7371712,2018,.
97440,.,-8.0278859,35.8463545,2018,.
97441,.,-7.9587569,35.7400143,2018,.
97442,.,-7.9606051,35.7200114,2018,.
97443,.,-8.9097048,33.3427405,2018,.
97444,.,-7.7941971,35.7866309,2018,.
97445,.,-8.1051677,35.901768,2018,.
97446,.,-7.8905351,35.6010722,2018,.
97447,.,-7.9153313,35.7401674,2018,.
97448,.,-8.1055542,35.9016241,2018,.
97449,.,-7.9155177,35.7411884,2018,.
97450,.,-8.1022762,35.4384825,2018,.
97451,.,-8.1022762,35.4384825,2018,.
97452,.,-7.82514,35.7317184,2018,.
97453,.,-7.82514,35.7317184,2018,.
97454,.,-7.8008459,35.6016952,2018,.
97455,.,-7.8316525,35.7501691,2018,.
97456,.,-8.9851598,33.3202925,2018,.
97457,.,-7.8364879,35.7476981,2018,.
97458,.,-7.8364879,35.7476981,2018,.
97459,.,-7.802276,35.6011995,2018,.
97460,.,-7.8869399,35.6051078,2018,.
97461,.,-7.9619648,35.7395755,2018,.
97462,.,-7.9158542,35.7408307,2018,.
97463,.,-8.1133331,35.4337317,2018,.
97464,.,-7.8364879,35.7476981,2018,.
97465,.,-7.9351089,35.7487101,2018,.
97466,.,-7.9129816,35.7429871,2018,.
97467,.,-7.7658897,35.5657145,2018,.
97468,.,-7.8905425,35.6010268,2018,.
97469,.,-8.8401301,33.2400508,2018,.
97470,.,-8.0997982,35.4431581,2018,.
97471,.,-7.7632856,35.5609113,2018,.
97472,.,-7.8019143,35.6014816,2018,.
97473,.,-7.9580429,35.7190481,2018,.
97474,.,-7.8525728,35.6347424,2018,.
97475,.,-7.7854959,35.8164269,2018,.
97476,.,-7.8583789,35.6327977,2018,.
97477,.,-7.8583789,35.6327977,2018,.
97478,.,-7.9991804,35.4541489,2018,.
97479,.,-8.9121751,33.3335563,2018,.
97480,.,-7.9405347,35.7532042,2018,.
97481,.,-7.9398632,35.7536242,2018,.
97482,.,-7.9602574,35.7371673,2018,.
97483,.,-8.1116727,35.4291826,2018,.
97484,.,-8.1116727,35.4291826,2018,.
97485,.,-7.9156275,35.741016,2018,.
97486,.,-7.7933503,35.7862354,2018,.
97487,.,-7.9615464,35.7423138,2018,.
97488,.,-7.8869158,35.6052011,2018,.
97489,.,-8.1116727,35.4291826,2018,.
97490,.,-7.839007,35.746868,2018,.
97491,.,-7.836294,35.7505635,2018,.
97492,.,-8.0998624,35.4380468,2018,.
97493,.,-7.9291586,35.7540334,2018,.
97494,.,-7.9133233,35.7306692,2018,.
97495,.,-8.107278,35.4391326,2018,.
97496,.,-7.737079,35.7112519,2018,.
97497,.,-8.8019637,33.2300686,2018,.
97498,.,-7.830692,35.7462246,2018,.
97499,.,-7.9207654,35.7366494,2018,.
97500,.,-7.9150899,35.7423274,2018,.
97501,.,-7.7523394,35.7175989,2018,.
97502,.,-7.7523394,35.7175989,2018,.
97503,.,-7.8022645,35.6010473,2018,.
97504,.,-7.9157207,35.7410445,2018,.
97505,.,-8.1053362,35.9016869,2018,.
97506,.,-7.7661034,35.56142,2018,.
97507,.,-7.7661034,35.56142,2018,.
97508,.,-8.1076269,35.9066914,2018,.
97509,.,-7.9476731,35.5658971,2018,.
97510,.,-7.8549182,35.7525866,2018,.
97511,.,-7.8298767,35.7508582,2018,.
97512,.,-7.8298767,35.7508582,2018,.
97513,.,-7.8756825,35.7949368,2018,.
97514,.,-7.8039523,35.6020463,2018,.
97515,.,-7.9229066,35.7329384,2018,.
97516,.,-8.1053765,35.9017103,2018,.
97517,.,-7.8742449,35.7944369,2018,.
97518,.,-7.8316243,35.7501239,2018,.
97519,.,-7.9602792,35.7371562,2018,.
97520,.,-8.1053402,35.9017191,2018,.
97521,.,-7.958271,35.5549202,2018,.
97522,.,-7.8393551,35.7424086,2018,.
97523,.,-7.8312525,35.7468988,2018,.
97524,.,-8.1056081,35.9015907,2018,.
97525,.,-7.8287406,35.7452647,2018,.
97526,.,-7.8364879,35.7476981,2018,.
97527,.,-8.9544711,33.4474134,2018,.
97528,.,-8.1039158,35.9064051,2018,.
97529,.,-7.9476731,35.5658971,2018,.
97530,.,-7.9612913,35.7422414,2018,.
97531,.,-7.7541528,35.86288,2018,.
97532,.,-7.8265139,35.5356074,2018,.
97533,.,-7.8265139,35.5356074,2018,.
97534,.,-7.9867162,35.71911,2018,.
97535,.,-7.8021895,35.6010078,2018,.
97536,.,-8.0054748,35.8487688,2018,.
97537,.,-7.830536,35.7471873,2018,.
97538,.,-7.830536,35.7471873,2018,.
97539,.,-7.8308076,35.7461108,2018,.
97540,.,-8.1109942,35.4322801,2018,.
97541,.,-7.730416,35.5485827,2018,.
97542,.,-8.9974723,33.3280932,2018,.
97543,.,-8.9974723,33.3280932,2018,.
97544,.,-8.8433065,33.2438552,2018,.
97545,.,-8.1072482,35.9061593,2018,.
97546,.,-7.8309367,35.7690854,2018,.
97547,.,-8.0704193,35.8837906,2018,.
97548,.,-7.7632666,35.5580354,2018,.
97549,.,-7.7632666,35.5580354,2018,.
97550,.,-8.0037081,35.8441328,2018,.
97551,.,-8.1052658,35.9016812,2018,.
97552,.,-8.1208875,35.4359096,2018,.
97553,.,-8.1208875,35.4359096,2018,.
97554,.,-7.9266866,35.7332795,2018,.
97555,.,-7.9266866,35.7332795,2018,.
97556,.,-7.9613843,35.7422449,2018,.
97557,.,-7.9190157,35.7378043,2018,.
97558,.,-7.8730825,35.6988644,2018,.
97559,.,-7.9771618,35.7396773,2018,.
97560,.,-7.9622633,35.7376169,2018,.
97561,.,-7.7229189,35.5305335,2018,.
97562,.,-8.0996181,35.4457815,2018,.
97563,.,-7.8293836,35.5363682,2018,.
97564,.,-7.8293836,35.5363682,2018,.
97565,.,-8.9851155,33.3202002,2018,.
97566,.,-8.1052206,35.9016444,2018,.
97567,.,-7.9150899,35.7423274,2018,.
97568,.,-7.8383843,35.7443118,2018,.
97569,.,-7.9156046,35.7411309,2018,.
97570,.,-7.9229855,35.7325339,2018,.
97571,.,-8.1116727,35.4291826,2018,.
97572,.,-7.7417726,35.8735895,2018,.
97573,.,-7.802273,35.602442,2018,.
97574,.,-7.8317408,35.7459547,2018,.
97575,.,-7.836227,35.5321443,2018,.
97576,.,-8.1143839,35.4334434,2018,.
97577,.,-7.802273,35.602442,2018,.
97578,.,-7.8259686,35.5325663,2018,.
97579,.,-7.9583615,35.743066,2018,.
97580,.,-7.8318792,35.7464052,2018,.
97581,.,-7.7974455,35.6142369,2018,.
97582,.,-7.7974455,35.6142369,2018,.
97583,.,-8.1039189,35.9060187,2018,.
97584,.,-7.7371406,35.7113869,2018,.
97585,.,-7.7434164,35.8712083,2018,.
97586,.,-7.7632829,35.5578953,2018,.
97587,.,-7.7632829,35.5578953,2018,.
97588,.,-8.7957599,33.2212098,2018,.
97589,.,-7.7306975,35.5495694,2018,.
97590,.,-7.7854959,35.8164269,2018,.
97591,.,-7.7854959,35.8164269,2018,.
97592,.,-8.1050443,35.9019595,2018,.
97593,.,-7.8247009,35.7326051,2018,.
97594,.,-7.8247009,35.7326051,2018,.
97595,.,-8.9784812,33.2885428,2018,.
97596,.,-7.8017134,35.6121919,2018,.
97597,.,-7.9571374,35.7247755,2018,.
97598,.,-7.8315865,35.7462749,2018,.
97599,.,-7.821246667,35.7949583,2018,.
97600,.,-8.1195139,35.433528,2018,.
97601,.,-7.830946,35.7464051,2018,.
97602,.,-7.8310585,35.7466748,2018,.
97603,.,-7.9252685,35.7315347,2018,.
97604,.,-7.9468987,35.7377987,2018,.
97605,.,-7.9866242,35.7190671,2018,.
97606,.,-7.8547801,35.6340888,2018,.
97607,.,-7.8914092,35.6004168,2018,.
97608,.,-7.9128187,35.7321602,2018,.
97609,.,-7.8315709,35.7502085,2018,.
97610,.,-8.1049896,35.9030921,2018,.
97611,.,-8.1049896,35.9030921,2018,.
97612,.,-7.9605184,35.7371323,2018,.
97613,.,-7.8364879,35.7476981,2018,.
97614,.,-7.8731631,35.6988529,2018,.
97615,.,-8.1079762,35.4379087,2018,.
97616,.,-7.7492066,35.8649525,2018,.
97617,.,-7.737185,35.7112727,2018,.
97618,.,-8.8475949,33.2493182,2018,.
97619,.,-8.9125059,33.339786,2018,.
97620,.,-7.7370565,35.7113026,2018,.
97621,.,-7.9619274,35.7385037,2018,.
97622,.,-7.8310033,35.7470296,2018,.
97623,.,-8.1052598,35.9017629,2018,.
97624,.,-7.7980486,35.6148344,2018,.
97625,.,-7.8306895,35.7471477,2018,.
97626,.,-7.9160006,35.7408551,2018,.
97627,.,-7.9711155,35.7274105,2018,.
97628,.,-8.9275236,33.2829225,2018,.
97629,.,-8.9275236,33.2829225,2018,.
97630,.,-8.1051716,35.9017612,2018,.
97631,.,-8.105261,35.90176,2018,.
97632,.,-7.9178856,35.7395046,2018,.
97633,.,-8.1072349,35.4358844,2018,.
97634,.,-7.8797375,35.6943785,2018,.
97635,.,-7.7369966,35.71126,2018,.
97636,.,-8.9911666,33.4129777,2018,.
97637,.,-7.7302732,35.5480818,2018,.
97638,.,-7.8310058,35.7469839,2018,.
97639,.,-8.946797,33.4602136,2018,.
97640,.,-8.0116758,35.8246928,2018,.
97641,.,-7.8259686,35.5325663,2018,.
97642,.,-7.7307239,35.5486638,2018,.
97643,.,-7.7307239,35.5486638,2018,.
97644,.,-7.8022175,35.6010735,2018,.
97645,.,-8.1206604,35.4333832,2018,.
97646,.,-7.830841,35.7461095,2018,.
97647,.,-8.1055124,35.9017526,2018,.
97648,.,-8.9826134,33.3191331,2018,.
97649,.,-7.8022421,35.6011464,2018,.
97650,.,-7.9597249,35.5527122,2018,.
97651,.,-7.7483613,35.5566757,2018,.
97652,.,-7.7541528,35.86288,2018,.
97653,.,-7.9595338,35.5526872,2018,.
97654,.,-7.9826779,35.7151424,2018,.
97655,.,-7.821246667,35.7949583,2018,.
97656,.,-7.821246667,35.7949583,2018,.
97657,.,-8.1000236,35.4450168,2018,.
97658,.,-7.7302893,35.5478694,2018,.
97659,.,-7.7302893,35.5478694,2018,.
97660,.,-7.8023827,35.601109,2018,.
97661,.,-8.9867828,33.4138731,2018,.
97662,.,-7.915834,35.7412108,2018,.
97663,.,-8.0459056,35.8375413,2018,.
97664,.,-7.8639351,35.6233948,2018,.
97665,.,-7.9156666,35.7411316,2018,.
97666,.,-7.8731009,35.6989033,2018,.
97667,.,-7.9244441,35.7323906,2018,.
97668,.,-7.8347365,35.7437303,2018,.
97669,.,-7.8347365,35.7437303,2018,.
97670,.,-8.1077308,35.9043859,2018,.
97671,.,-7.8259686,35.5325663,2018,.
97672,.,-7.8297892,35.7496369,2018,.
97673,.,-8.1164342,35.4165657,2018,.
97674,.,-7.7308947,35.548766,2018,.
97675,.,-8.105299,35.9036456,2018,.
97676,.,-7.8362278,35.5321191,2018,.
97677,.,-7.7941687,35.7865999,2018,.
97678,.,-7.8311188,35.746412,2018,.
97679,.,-7.8311188,35.746412,2018,.
97680,.,-8.9798404,33.2912887,2018,.
97681,.,-8.1051492,35.9016189,2018,.
97682,.,-7.770682,35.5721703,2018,.
97683,.,-7.7419867,35.873246,2018,.
97684,.,-7.8364879,35.7476981,2018,.
97685,.,-7.9358744,35.7505727,2018,.
97686,.,-7.8723369,35.6999427,2018,.
97687,.,-7.73073,35.5494477,2018,.
97688,.,-7.7378725,35.7111707,2018,.
97689,.,-7.7378725,35.7111707,2018,.
97690,.,-7.7652935,35.5679209,2018,.
97691,.,-7.7652935,35.5679209,2018,.
97692,.,-7.8356356,35.7439437,2018,.
97693,.,-7.8356356,35.7439437,2018,.
97694,.,-7.8021117,35.6010317,2018,.
97695,.,-7.7936825,35.7860279,2018,.
97696,.,-7.9096707,35.743878,2018,.
97697,.,-7.7305915,35.5495854,2018,.
97698,.,-7.7307356,35.5486366,2018,.
97699,.,-8.1200587,35.4334076,2018,.
97700,.,-8.1054225,35.9015514,2018,.
97701,.,-7.8315703,35.7501278,2018,.
97702,.,-7.7668826,35.5665933,2018,.
97703,.,-7.7668826,35.5665933,2018,.
97704,.,-8.9142646,33.3357815,2018,.
97705,.,-7.8309226,35.7694595,2018,.
97706,.,-8.1199589,35.4364547,2018,.
97707,.,-7.7305985,35.5496768,2018,.
97708,.,-8.8391711,33.2384312,2018,.
97709,.,-8.1181845,35.4328394,2018,.
97710,.,-7.8314736,35.7459344,2018,.
97711,.,-7.8740828,35.7938952,2018,.
97712,.,-7.919855,35.7372163,2018,.
97713,.,-8.9941464,33.411863,2018,.
97714,.,-8.1051919,35.9016867,2018,.
97715,.,-7.8313698,35.7461764,2018,.
97716,.,-7.8797804,35.6943852,2018,.
97717,.,-8.8014994,33.2310505,2018,.
97718,.,-7.802273,35.602442,2018,.
97719,.,-7.8417637,35.7426572,2018,.
97720,.,-7.8731685,35.6988349,2018,.
97721,.,-8.0086056,35.8309288,2018,.
97722,.,-7.7371916,35.7113815,2018,.
97723,.,-8.1052694,35.9017219,2018,.
97724,.,-7.8032834,35.7354176,2018,.
97725,.,-7.9156488,35.7410717,2018,.
97726,.,-7.9323425,35.7530287,2018,.
97727,.,-7.9155247,35.740917,2018,.
97728,.,-7.9204045,35.7373231,2018,.
97729,.,-7.8316542,35.7459904,2018,.
97730,.,-7.8315882,35.7501314,2018,.
97731,.,-7.9203643,35.7373786,2018,.
97732,.,-7.9614968,35.742326,2018,.
97733,.,-7.87169,35.7008262,2018,.
97734,.,-8.1052432,35.9016556,2018,.
97735,.,-7.7997236,35.7733363,2018,.
97736,.,-7.9265709,35.7306232,2018,.
97737,.,-7.763294,35.5579605,2018,.
97738,.,-7.9771398,35.7396254,2018,.
97739,.,-7.9589568,35.7383456,2018,.
97740,.,-7.9771108,35.7396178,2018,.
97741,.,-7.7513927,35.5593443,2018,.
97742,.,-7.7513927,35.5593443,2018,.
97743,.,-7.8027784,35.6010535,2018,.
97744,.,-7.7408104,35.8755697,2018,.
97745,.,-8.1054795,35.9014913,2018,.
97746,.,-7.7294012,35.5459748,2018,.
97747,.,-7.7294012,35.5459748,2018,.
97748,.,-7.8317447,35.7501663,2018,.
97749,.,-7.8008806,35.6135332,2018,.
97750,.,-8.7895904,33.2215113,2018,.
97751,.,-7.8022466,35.6012594,2018,.
97752,.,-8.1052033,35.9017334,2018,.
97753,.,-7.8342864,35.7461998,2018,.
97754,.,-7.9613356,35.7380661,2018,.
97755,.,-8.9740747,33.2981112,2018,.
97756,.,-7.9604993,35.7296402,2018,.
97757,.,-8.8479094,33.2656027,2018,.
97758,.,-8.1194177,35.4340991,2018,.
97759,.,-7.8021757,35.6010535,2018,.
97760,.,-8.9568047,33.2615973,2018,.
97761,.,-7.9129776,35.7420364,2018,.
97762,.,-7.802099,35.6010391,2018,.
97763,.,-7.798164,35.7706912,2018,.
97764,.,-7.798164,35.7706912,2018,.
97765,.,-8.1116727,35.4291826,2018,.
97766,.,-8.1116727,35.4291826,2018,.
97767,.,-7.8314918,35.7469974,2018,.
97768,.,-7.8314918,35.7469974,2018,.
97769,.,-7.8314659,35.7459608,2018,.
97770,.,-8.1075518,35.9045042,2018,.
97771,.,-7.9612592,35.7417533,2018,.
97772,.,-8.1051982,35.9017721,2018,.
97773,.,-7.7636213,35.5608198,2018,.
97774,.,-7.9222774,35.7354474,2018,.
97775,.,-7.875643,35.7949078,2018,.
97776,.,-8.1053112,35.9018672,2018,.
97777,.,-7.7670441,35.5665771,2018,.
97778,.,-7.9203925,35.7369724,2018,.
97779,.,-7.792615,35.7868973,2018,.
97780,.,-7.9458187,35.7404764,2018,.
97781,.,-8.105231,35.9016763,2018,.
97782,.,-7.8169098,35.7372095,2018,.
97783,.,-7.8259686,35.5325663,2018,.
97784,.,-7.9454468,35.7399558,2018,.
97785,.,-7.8025896,35.6011894,2018,.
97786,.,-7.8374155,35.5318909,2018,.
97787,.,-7.8374155,35.5318909,2018,.
97788,.,-7.7302843,35.5477703,2018,.
97789,.,-7.9140053,35.7417692,2018,.
97790,.,-7.9798764,35.7375706,2018,.
97791,.,-7.9130495,35.7341469,2018,.
97792,.,-7.9130495,35.7341469,2018,.
97793,.,-7.7523823,35.7176947,2018,.
97794,.,-7.8316352,35.7500895,2018,.
99508,.,-2.2350565,30.39919555,2018,.
99509,.,-2.385800875,29.77976505,2018,.
99510,.,-2.010202126,30.60604414,2018,.
99511,.,-1.923414728,29.38767115,2018,.
99512,.,-2.385800875,29.77976505,2018,.
99513,.,-2.407391554,29.23127868,2018,.
99514,.,-1.603148003,30.30353692,2018,.
99515,.,-1.667631857,30.34736377,2018,.
99516,.,-2.449437904,29.03730357,2018,.
99517,.,-1.581869882,30.3192755,2018,.
99518,.,-1.39042636,30.30261424,2018,.
99519,.,-1.691894738,30.42576515,2018,.
99520,.,-2.424939184,29.21490141,2018,.
99521,.,-2.007000017,30.54947609,2018,.
99522,.,-2.424939184,29.21490141,2018,.
99523,.,-2.423584783,29.92269861,2018,.
99524,.,-2.651200818,29.53485409,2018,.
99525,.,-2.461858254,29.71315977,2018,.
99526,.,-2.575611123,29.77103524,2018,.
99527,.,-2.423584783,29.92269861,2018,.
99528,.,-1.795746491,29.30016205,2018,.
99529,.,-1.268796782,30.35876754,2018,.
99530,.,-2.775763156,29.68036261,2018,.
99531,.,-2.155328449,30.58821713,2018,.
99532,.,-1.624752392,30.32433888,2018,.
99533,.,-2.331969021,29.15412931,2018,.
99534,.,-2.36765187,29.91127151,2018,.
99535,.,-2.477539593,29.80185348,2018,.
99536,.,-1.769759482,30.39488724,2018,.
99537,.,-2.14300808,29.43119781,2018,.
99538,.,-2.535969433,29.00087208,2018,.
99539,.,-1.782221949,29.32134879,2018,.
99540,.,-1.268348373,30.39323538,2018,.
99541,.,-2.219680277,30.51814668,2018,.
99542,.,-1.698562193,30.32616614,2018,.
99543,.,-2.331969021,29.15412931,2018,.
99544,.,-2.306567127,29.15631517,2018,.
99545,.,-2.034434819,30.56144337,2018,.
99546,.,-2.455110287,29.10786367,2018,.
99547,.,-2.407391554,29.23127868,2018,.
99548,.,-1.886816947,29.40446685,2018,.
99549,.,-2.007000017,30.54947609,2018,.
99550,.,-1.230314376,30.31666589,2018,.
99551,.,-1.667631857,30.34736377,2018,.
99552,.,-2.528927441,29.86093387,2018,.
99553,.,-1.421029478,30.29396467,2018,.
99554,.,-1.581869882,30.3192755,2018,.
99555,.,-2.775763156,29.68036261,2018,.
99556,.,-1.667631857,30.34736377,2018,.
99557,.,-2.449437904,29.03730357,2018,.
99558,.,-2.403688092,29.80663191,2018,.
99559,.,-1.667631857,30.34736377,2018,.
99560,.,-1.959747777,29.37108807,2018,.
99561,.,-2.231602518,30.56355297,2018,.
99562,.,-1.820034443,30.44957108,2018,.
99563,.,-2.455110287,29.10786367,2018,.
99564,.,-1.805319005,30.32797981,2018,.
99565,.,-2.432990013,29.675456,2018,.
99566,.,-2.056744061,30.60027422,2018,.
99567,.,-2.555984027,29.81211515,2018,.
99568,.,-2.54051668,29.39153583,2018,.
99569,.,-1.603148003,30.30353692,2018,.
99570,.,-2.016288013,29.40696269,2018,.
99571,.,-2.424939184,29.21490141,2018,.
99572,.,-2.691337783,29.89400447,2018,.
99573,.,-1.581869882,30.3192755,2018,.
99574,.,-1.959747777,29.37108807,2018,.
99575,.,-2.535969433,29.00087208,2018,.
99576,.,-2.407391554,29.23127868,2018,.
99577,.,-2.391938403,29.92246647,2018,.
99578,.,-2.395520028,29.87000829,2018,.
99579,.,-2.752355594,29.61980767,2018,.
99580,.,-2.423584783,29.92269861,2018,.
99581,.,-1.905528119,29.31336412,2018,.
99582,.,-2.302656553,30.36846349,2018,.
99583,.,-2.231602518,30.56355297,2018,.
99584,.,-2.528927441,29.86093387,2018,.
99585,.,-2.034434819,30.56144337,2018,.
99586,.,-1.70024475,30.30105916,2018,.
99587,.,-1.820034443,30.44957108,2018,.
99588,.,-1.769759482,30.39488724,2018,.
99589,.,-1.697283829,30.36124351,2018,.
99590,.,-2.775763156,29.68036261,2018,.
99591,.,-2.095417868,29.35623958,2018,.
99592,.,-2.155328449,30.58821713,2018,.
99593,.,-1.268796782,30.35876754,2018,.
99594,.,-1.421029478,30.29396467,2018,.
99595,.,-2.219680277,30.51814668,2018,.
99596,.,-2.140967046,29.4737905,2018,.
99597,.,-2.465943361,29.46623985,2018,.
99598,.,-2.105642383,29.4671504,2018,.
99599,.,-1.581869882,30.3192755,2018,.
99600,.,-2.302656553,30.36846349,2018,.
99601,.,-1.581869882,30.3192755,2018,.
99602,.,-2.407391554,29.23127868,2018,.
99603,.,-1.681768825,30.38271799,2018,.
99604,.,-1.905528119,29.31336412,2018,.
99605,.,-2.207434762,30.57732797,2018,.
99606,.,-2.36765187,29.91127151,2018,.
99607,.,-2.477539593,29.80185348,2018,.
99608,.,-1.581869882,30.3192755,2018,.
99609,.,-1.228522111,30.43061934,2018,.
99610,.,-2.535969433,29.00087208,2018,.
99611,.,-2.207434762,30.57732797,2018,.
99612,.,-1.917940197,29.33272816,2018,.
99613,.,-1.691894738,30.42576515,2018,.
99614,.,-1.230314376,30.31666589,2018,.
99615,.,-2.455110287,29.10786367,2018,.
99616,.,-1.268796782,30.35876754,2018,.
99617,.,-1.421029478,30.29396467,2018,.
99618,.,-1.603148003,30.30353692,2018,.
99619,.,-1.698562193,30.32616614,2018,.
99620,.,-2.438502229,29.45355039,2018,.
99621,.,-1.805319005,30.32797981,2018,.
99622,.,-2.231602518,30.56355297,2018,.
99623,.,-1.228522111,30.43061934,2018,.
99624,.,-2.335437591,29.75547153,2018,.
99625,.,-1.581869882,30.3192755,2018,.
99626,.,-2.2350565,30.39919555,2018,.
99627,.,-1.820034443,30.44957108,2018,.
99628,.,-1.943520636,29.39039033,2018,.
99629,.,-1.805319005,30.32797981,2018,.
99630,.,-1.421029478,30.29396467,2018,.
99631,.,-1.581869882,30.3192755,2018,.
99632,.,-2.433917135,29.94485423,2018,.
99633,.,-1.698562193,30.32616614,2018,.
99634,.,-2.010202126,30.60604414,2018,.
99635,.,-1.790119615,29.28107563,2018,.
99636,.,-1.803506457,30.43167027,2018,.
99637,.,-1.230314376,30.31666589,2018,.
99638,.,-1.624752392,30.32433888,2018,.
99639,.,-2.36765187,29.91127151,2018,.
99640,.,-2.465943361,29.46623985,2018,.
99641,.,-2.407565393,29.48414162,2018,.
99642,.,-2.335437591,29.75547153,2018,.
99643,.,-1.893361983,29.35612552,2018,.
99644,.,-1.801274029,29.36916349,2018,.
99645,.,-1.681768825,30.38271799,2018,.
99646,.,-1.421029478,30.29396467,2018,.
99647,.,-1.268796782,30.35876754,2018,.
99648,.,-2.789083354,29.6227857,2018,.
99649,.,-1.917940197,29.33272816,2018,.
99650,.,-2.221475957,29.3946513,2018,.
99651,.,-1.961760274,30.52697081,2018,.
99652,.,-1.667631857,30.34736377,2018,.
99653,.,-1.65216227,30.38320829,2018,.
99654,.,-2.528927441,29.86093387,2018,.
99655,.,-1.230314376,30.31666589,2018,.
99656,.,-1.805319005,30.32797981,2018,.
99657,.,-2.011686372,29.36707665,2018,.
99658,.,-2.407391554,29.23127868,2018,.
99659,.,-2.482612972,29.67456604,2018,.
99660,.,-2.219680277,30.51814668,2018,.
99661,.,-1.917940197,29.33272816,2018,.
99662,.,-1.681768825,30.38271799,2018,.
99663,.,-1.698562193,30.32616614,2018,.
99664,.,-1.805319005,30.32797981,2018,.
99665,.,-1.681768825,30.38271799,2018,.
99666,.,-1.782221949,29.32134879,2018,.
99667,.,-1.691894738,30.42576515,2018,.
99668,.,-2.385800875,29.77976505,2018,.
99669,.,-1.71613792,30.49926023,2018,.
99670,.,-2.482612972,29.67456604,2018,.
99671,.,-2.403688092,29.80663191,2018,.
99672,.,-1.959747777,29.37108807,2018,.
99673,.,-2.345489808,29.08747797,2018,.
99674,.,-2.575611123,29.77103524,2018,.
99675,.,-1.777088497,30.35378991,2018,.
99676,.,-2.575611123,29.77103524,2018,.
99677,.,-2.231602518,30.56355297,2018,.
99678,.,-2.789083354,29.6227857,2018,.
99679,.,-2.391938403,29.92246647,2018,.
99680,.,-1.922671302,29.35578202,2018,.
99681,.,-1.698562193,30.32616614,2018,.
99682,.,-1.421029478,30.29396467,2018,.
99683,.,-2.28945809,29.80130451,2018,.
99684,.,-1.681768825,30.38271799,2018,.
99685,.,-1.777088497,30.35378991,2018,.
99686,.,-2.302656553,30.36846349,2018,.
99687,.,-2.535969433,29.00087208,2018,.
99688,.,-2.095417868,29.35623958,2018,.
99689,.,-2.362625602,29.19114196,2018,.
99690,.,-2.423584783,29.92269861,2018,.
99691,.,-1.581869882,30.3192755,2018,.
99692,.,-2.056744061,30.60027422,2018,.
99693,.,-2.105642383,29.4671504,2018,.
99694,.,-2.691337783,29.89400447,2018,.
99695,.,-2.477539593,29.80185348,2018,.
99696,.,-2.585496826,29.53140003,2018,.
99697,.,-1.698562193,30.32616614,2018,.
99698,.,-2.140967046,29.4737905,2018,.
99699,.,-2.579630319,29.45578086,2018,.
99700,.,-1.70024475,30.30105916,2018,.
99701,.,-1.854842885,30.53126642,2018,.
99702,.,-2.219680277,30.51814668,2018,.
99703,.,-2.407391554,29.23127868,2018,.
99704,.,-1.691894738,30.42576515,2018,.
99705,.,-1.361508332,30.31402208,2018,.
99706,.,-2.010202126,30.60604414,2018,.
99707,.,-1.228522111,30.43061934,2018,.
99708,.,-1.268796782,30.35876754,2018,.
99709,.,-2.385800875,29.77976505,2018,.
99710,.,-1.71613792,30.49926023,2018,.
99711,.,-2.528927441,29.86093387,2018,.
99712,.,-2.752355594,29.61980767,2018,.
99713,.,-2.465943361,29.46623985,2018,.
99714,.,-2.786177704,29.60085544,2018,.
99715,.,-1.382472537,30.27198359,2018,.
99716,.,-1.805319005,30.32797981,2018,.
99717,.,-1.681768825,30.38271799,2018,.
99718,.,-1.77239809,29.33734603,2018,.
99719,.,-2.36765187,29.91127151,2018,.
99720,.,-1.581869882,30.3192755,2018,.
99721,.,-1.268348373,30.39323538,2018,.
99722,.,-2.626225164,29.72388766,2018,.
99723,.,-2.423584783,29.92269861,2018,.
99724,.,-1.603148003,30.30353692,2018,.
99725,.,-1.961760274,30.52697081,2018,.
99726,.,-1.382472537,30.27198359,2018,.
99727,.,-2.016288013,29.40696269,2018,.
99728,.,-1.854842885,30.53126642,2018,.
99729,.,-2.335437591,29.75547153,2018,.
99730,.,-2.395520028,29.87000829,2018,.
99731,.,-2.786177704,29.60085544,2018,.
99732,.,-1.65216227,30.38320829,2018,.
99733,.,-1.961760274,30.52697081,2018,.
99734,.,-1.801274029,29.36916349,2018,.
99735,.,-2.2350565,30.39919555,2018,.
99736,.,-1.268796782,30.35876754,2018,.
99737,.,-1.624752392,30.32433888,2018,.
99738,.,-2.36765187,29.91127151,2018,.
99739,.,-2.743834662,29.65995338,2018,.
99740,.,-2.71910995,29.66309479,2018,.
99741,.,-2.482612972,29.67456604,2018,.
99742,.,-2.194469709,29.49565315,2018,.
99743,.,-2.306242803,29.73229581,2018,.
99744,.,-2.225199295,29.48821849,2018,.
99745,.,-2.212604853,29.50584138,2018,.
99746,.,-2.373033813,29.60823922,2018,.
99747,.,-2.306946165,29.70164386,2018,.
99748,.,-2.306946165,29.70164386,2018,.
99749,.,-2.373033813,29.60823922,2018,.
99750,.,-2.463237536,29.66375096,2018,.
99751,.,-2.373033813,29.60823922,2018,.
99752,.,-2.482612972,29.67456604,2018,.
99753,.,-2.225199295,29.48821849,2018,.
99754,.,-2.271328878,29.700701,2018,.
99755,.,-2.271328878,29.700701,2018,.
99756,.,-2.482555927,29.71544197,2018,.
99757,.,-2.271328878,29.700701,2018,.
99758,.,-2.271328878,29.700701,2018,.
99759,.,-2.306946165,29.70164386,2018,.
99760,.,-2.306946165,29.70164386,2018,.
99761,.,-2.306946165,29.70164386,2018,.
99762,.,-2.306946165,29.70164386,2018,.
99763,.,-2.292918408,29.87203642,2018,.
99764,.,-2.71910995,29.66309479,2018,.
99765,.,-2.257969374,29.51681637,2018,.
99766,.,-2.225199295,29.48821849,2018,.
99767,.,-2.212604853,29.50584138,2018,.
99768,.,-2.252654829,29.96062506,2018,.
99769,.,-2.271328878,29.700701,2018,.
99770,.,-2.271328878,29.700701,2018,.
99771,.,-2.317710505,29.77860826,2018,.
99772,.,-2.317129828,29.91135279,2018,.
99773,.,-2.252654829,29.96062506,2018,.
99774,.,-2.317710505,29.77860826,2018,.
99775,.,-2.403688092,29.80663191,2018,.
99776,.,-2.254760415,29.93260914,2018,.
99777,.,-2.411830886,29.57091954,2018,.
99778,.,-2.252654829,29.96062506,2018,.
99779,.,-2.254760415,29.93260914,2018,.
99780,.,-2.252654829,29.96062506,2018,.
99781,.,-2.254760415,29.93260914,2018,.
99782,.,-2.403688092,29.80663191,2018,.
99783,.,-2.254760415,29.93260914,2018,.
99784,.,-2.257969374,29.51681637,2018,.
99785,.,-2.252654829,29.96062506,2018,.
99786,.,-2.292918408,29.87203642,2018,.
99787,.,-2.386180887,29.20169833,2018,.
99788,.,-1.755245308,29.33884802,2018,.
99789,.,-2.386180887,29.20169833,2018,.
99790,.,-2.386180887,29.20169833,2018,.
99791,.,-2.424939184,29.21490141,2018,.
99792,.,-2.424939184,29.21490141,2018,.
99793,.,-1.871330923,29.36349867,2018,.
99794,.,-1.83707421,29.38269892,2018,.
99795,.,-1.83707421,29.38269892,2018,.
99796,.,-2.442474386,29.5394073,2018,.
99797,.,-1.83707421,29.38269892,2018,.
99798,.,-1.831311586,29.41465601,2018,.
99799,.,-1.83707421,29.38269892,2018,.
99800,.,-1.871330923,29.36349867,2018,.
99801,.,-2.442474386,29.5394073,2018,.
99802,.,-2.442474386,29.5394073,2018,.
99803,.,-1.871330923,29.36349867,2018,.
99804,.,-1.83707421,29.38269892,2018,.
99805,.,-2.651200818,29.53485409,2018,.
99806,.,-1.83707421,29.38269892,2018,.
99807,.,-1.83707421,29.38269892,2018,.
99808,.,-2.386180887,29.20169833,2018,.
99809,.,-1.755245308,29.33884802,2018,.
99810,.,-1.871330923,29.36349867,2018,.
99811,.,-1.871330923,29.36349867,2018,.
99812,.,-1.871330923,29.36349867,2018,.
99813,.,-1.83707421,29.38269892,2018,.
99814,.,-2.442474386,29.5394073,2018,.
99815,.,-1.83707421,29.38269892,2018,.
99816,.,-1.83707421,29.38269892,2018,.
99817,.,-1.751044538,29.4095106,2018,.
99818,.,-2.651200818,29.53485409,2018,.
99819,.,-1.83707421,29.38269892,2018,.
99820,.,-2.386180887,29.20169833,2018,.
99821,.,-2.386180887,29.20169833,2018,.
99822,.,-1.871330923,29.36349867,2018,.
99823,.,-1.871330923,29.36349867,2018,.
99824,.,-2.424939184,29.21490141,2018,.
99825,.,-2.218747329,29.4641897,2018,.
99826,.,-2.424939184,29.21490141,2018,.
99827,.,-2.380569621,29.51858435,2018,.
99828,.,-2.424939184,29.21490141,2018,.
99829,.,-2.380569621,29.51858435,2018,.
99830,.,-1.755245308,29.33884802,2018,.
99831,.,-2.386180887,29.20169833,2018,.
99832,.,-2.362625602,29.19114196,2018,.
99833,.,-2.424939184,29.21490141,2018,.
99834,.,-2.424939184,29.21490141,2018,.
99835,.,-2.408950511,29.06992961,2018,.
99836,.,-1.624752392,30.32433888,2018,.
99837,.,-1.667631857,30.34736377,2018,.
99838,.,-1.83099755,30.41494981,2018,.
99839,.,-1.657900292,30.24560253,2018,.
99840,.,-2.026880561,30.62444575,2018,.
99841,.,-1.667631857,30.34736377,2018,.
99842,.,-2.056744061,30.60027422,2018,.
99843,.,-2.026880561,30.62444575,2018,.
99844,.,-2.056744061,30.60027422,2018,.
99845,.,-1.83099755,30.41494981,2018,.
99846,.,-1.624752392,30.32433888,2018,.
99847,.,-1.667631857,30.34736377,2018,.
99848,.,-2.056744061,30.60027422,2018,.
99849,.,-2.056744061,30.60027422,2018,.
99850,.,-1.961760274,30.52697081,2018,.
99851,.,-1.83099755,30.41494981,2018,.
99852,.,-2.056744061,30.60027422,2018,.
99853,.,-1.985503262,30.5489292,2018,.
99854,.,-1.624752392,30.32433888,2018,.
99855,.,-1.985503262,30.5489292,2018,.
99856,.,-1.624752392,30.32433888,2018,.
99857,.,-2.056744061,30.60027422,2018,.
99858,.,-1.961760274,30.52697081,2018,.
99859,.,-1.807904559,30.35284142,2018,.
99860,.,-1.961760274,30.52697081,2018,.
99861,.,-1.83723502,30.50905442,2018,.
99862,.,-1.83099755,30.41494981,2018,.
99863,.,-1.771381362,30.46845835,2018,.
99864,.,-1.985503262,30.5489292,2018,.
99865,.,-2.056744061,30.60027422,2018,.
99866,.,-1.961760274,30.52697081,2018,.
99867,.,-1.961760274,30.52697081,2018,.
99868,.,-1.985503262,30.5489292,2018,.
99869,.,-1.951314077,30.56213796,2018,.
99870,.,-2.056744061,30.60027422,2018,.
99871,.,-1.951314077,30.56213796,2018,.
99872,.,-1.961760274,30.52697081,2018,.
99873,.,-1.83723502,30.50905442,2018,.
99874,.,-1.807904559,30.35284142,2018,.
99875,.,-1.951314077,30.56213796,2018,.
99876,.,-1.771381362,30.46845835,2018,.
99877,.,-1.961760274,30.52697081,2018,.
99878,.,-1.951314077,30.56213796,2018,.
99879,.,-1.961760274,30.52697081,2018,.
99880,.,-1.985503262,30.5489292,2018,.
99881,.,-2.056744061,30.60027422,2018,.
99882,.,-2.056744061,30.60027422,2018,.
99883,.,-1.807904559,30.35284142,2018,.
99884,.,-1.83099755,30.41494981,2018,.
99885,.,-2.056744061,30.60027422,2018,.
99886,.,-2.026880561,30.62444575,2018,.
99887,.,-2.026880561,30.62444575,2018,.
99888,.,-1.83723502,30.50905442,2018,.
99889,.,-1.361508332,30.31402208,2018,.
99890,.,-1.421029478,30.29396467,2018,.
99891,.,-1.681768825,30.38271799,2018,.
99892,.,-1.568330039,30.50475452,2018,.
99893,.,-1.65216227,30.38320829,2018,.
99894,.,-1.39042636,30.30261424,2018,.
99895,.,-1.421029478,30.29396467,2018,.
99896,.,-1.681768825,30.38271799,2018,.
99897,.,-1.65216227,30.38320829,2018,.
99898,.,-1.421029478,30.29396467,2018,.
99899,.,-1.382472537,30.27198359,2018,.
99900,.,-1.37475602,30.24839042,2018,.
99901,.,-1.37475602,30.24839042,2018,.
99902,.,-1.382472537,30.27198359,2018,.
99903,.,-1.65216227,30.38320829,2018,.
99904,.,-1.659416199,30.41228243,2018,.
99905,.,-1.39042636,30.30261424,2018,.
99906,.,-1.252552875,30.31656026,2018,.
99907,.,-1.421029478,30.29396467,2018,.
99908,.,-1.421029478,30.29396467,2018,.
99909,.,-1.252552875,30.31656026,2018,.
99910,.,-1.347578258,30.25153735,2018,.
99911,.,-1.37475602,30.24839042,2018,.
99912,.,-1.421029478,30.29396467,2018,.
99913,.,-1.252552875,30.31656026,2018,.
99914,.,-1.659416199,30.41228243,2018,.
99915,.,-1.421029478,30.29396467,2018,.
99916,.,-1.37475602,30.24839042,2018,.
99917,.,-1.594008309,30.35578009,2018,.
99918,.,-1.382472537,30.27198359,2018,.
99919,.,-1.421029478,30.29396467,2018,.
99920,.,-1.347578258,30.25153735,2018,.
99921,.,-1.347578258,30.25153735,2018,.
99922,.,-1.382472537,30.27198359,2018,.
99923,.,-1.268796782,30.35876754,2018,.
99924,.,-1.681768825,30.38271799,2018,.
99925,.,-1.268796782,30.35876754,2018,.
99926,.,-1.581869882,30.3192755,2018,.
99927,.,-1.228522111,30.43061934,2018,.
99928,.,-1.347578258,30.25153735,2018,.
99929,.,-1.594008309,30.35578009,2018,.
99930,.,-1.71613792,30.49926023,2018,.
99931,.,-1.268796782,30.35876754,2018,.
99932,.,-1.347578258,30.25153735,2018,.
99933,.,-1.37475602,30.24839042,2018,.
99934,.,-1.347578258,30.25153735,2018,.
99935,.,-1.382472537,30.27198359,2018,.
99936,.,-1.347578258,30.25153735,2018,.
99937,.,-1.65216227,30.38320829,2018,.
99938,.,-1.39042636,30.30261424,2018,.
99939,.,-1.681768825,30.38271799,2018,.
99940,.,-1.681768825,30.38271799,2018,.
99941,.,-1.228522111,30.43061934,2018,.
99942,.,-1.37475602,30.24839042,2018,.
99943,.,-1.382472537,30.27198359,2018,.
99944,.,-1.37475602,30.24839042,2018,.
99945,.,-1.37475602,30.24839042,2018,.
99946,.,-1.421029478,30.29396467,2018,.
99947,.,-1.37475602,30.24839042,2018,.
99948,.,-1.742614509,30.39695034,2018,.
99949,.,-1.421029478,30.29396467,2018,.
99950,.,-1.421029478,30.29396467,2018,.
99951,.,-1.252552875,30.31656026,2018,.
99952,.,-1.361508332,30.31402208,2018,.
99953,.,-1.594008309,30.35578009,2018,.
99954,.,-1.581869882,30.3192755,2018,.
99955,.,-1.39042636,30.30261424,2018,.
99956,.,-1.581869882,30.3192755,2018,.
99957,.,-1.65216227,30.38320829,2018,.
99958,.,-1.581869882,30.3192755,2018,.
99959,.,-1.581869882,30.3192755,2018,.
99960,.,-1.659416199,30.41228243,2018,.
99961,.,-1.228522111,30.43061934,2018,.
99962,.,-1.361508332,30.31402208,2018,.
99963,.,-1.361508332,30.31402208,2018,.
99964,.,-1.659416199,30.41228243,2018,.
99965,.,-1.594008309,30.35578009,2018,.
99966,.,-1.568330039,30.50475452,2018,.
99967,.,-1.252552875,30.31656026,2018,.
99968,.,-1.581869882,30.3192755,2018,.
99969,.,-1.659416199,30.41228243,2018,.
99970,.,-1.594008309,30.35578009,2018,.
99971,.,-1.421029478,30.29396467,2018,.
99972,.,-1.421029478,30.29396467,2018,.
99973,.,-1.71613792,30.49926023,2018,.
99974,.,-1.742614509,30.39695034,2018,.
99975,.,-1.361508332,30.31402208,2018,.
99976,.,-1.659416199,30.41228243,2018,.
99977,.,-1.39042636,30.30261424,2018,.
99978,.,-1.742614509,30.39695034,2018,.
99979,.,-1.421029478,30.29396467,2018,.
99980,.,-1.39042636,30.30261424,2018,.
99981,.,-1.421029478,30.29396467,2018,.
99982,.,-1.581869882,30.3192755,2018,.
99983,.,-1.568330039,30.50475452,2018,.
99984,.,-1.39042636,30.30261424,2018,.
99985,.,-1.659416199,30.41228243,2018,.
99986,.,-1.71613792,30.49926023,2018,.
99987,.,-1.568330039,30.50475452,2018,.
99988,.,-1.268348373,30.39323538,2018,.
99989,.,-1.382472537,30.27198359,2018,.
99990,.,-1.750474027,30.44414175,2018,.
99991,.,-1.750474027,30.44414175,2018,.
99992,.,-1.742614509,30.39695034,2018,.
99993,.,-1.568330039,30.50475452,2018,.
99994,.,-1.228522111,30.43061934,2018,.
99995,.,-1.922671302,29.35578202,2018,.
99996,.,-1.922671302,29.35578202,2018,.
99997,.,-1.795746491,29.30016205,2018,.
99998,.,-1.967237544,29.38414068,2018,.
99999,.,-1.967237544,29.38414068,2018,.
100000,.,-1.854262724,29.32277242,2018,.
100001,.,-1.762952001,29.3173918,2018,.
100002,.,-1.762952001,29.3173918,2018,.
100003,.,-1.795746491,29.30016205,2018,.
100004,.,-1.854262724,29.32277242,2018,.
100005,.,-1.795746491,29.30016205,2018,.
100006,.,-1.795746491,29.30016205,2018,.
100007,.,-1.762952001,29.3173918,2018,.
100008,.,-1.795746491,29.30016205,2018,.
100009,.,-1.917940197,29.33272816,2018,.
100010,.,-1.795746491,29.30016205,2018,.
100011,.,-1.795746491,29.30016205,2018,.
100012,.,-1.795746491,29.30016205,2018,.
100013,.,-1.752003224,29.30724386,2018,.
100014,.,-1.752003224,29.30724386,2018,.
100015,.,-1.762952001,29.3173918,2018,.
100016,.,-1.854262724,29.32277242,2018,.
100017,.,-2.35410454,29.16567003,2018,.
100018,.,-1.795746491,29.30016205,2018,.
100019,.,-1.795746491,29.30016205,2018,.
100020,.,-1.795746491,29.30016205,2018,.
100021,.,-1.795746491,29.30016205,2018,.
100022,.,-1.795746491,29.30016205,2018,.
100023,.,-1.795746491,29.30016205,2018,.
100024,.,-1.795746491,29.30016205,2018,.
100025,.,-1.922671302,29.35578202,2018,.
100026,.,-1.854262724,29.32277242,2018,.
100027,.,-1.967237544,29.38414068,2018,.
100028,.,-1.854262724,29.32277242,2018,.
100029,.,-1.762952001,29.3173918,2018,.
100030,.,-1.795746491,29.30016205,2018,.
100031,.,-1.795746491,29.30016205,2018,.
100032,.,-1.795746491,29.30016205,2018,.
100033,.,-1.854262724,29.32277242,2018,.
100034,.,-1.795746491,29.30016205,2018,.
100035,.,-1.795746491,29.30016205,2018,.
100036,.,-1.795746491,29.30016205,2018,.
100037,.,-1.795746491,29.30016205,2018,.
100038,.,-1.854262724,29.32277242,2018,.
100039,.,-1.854262724,29.32277242,2018,.
100040,.,-1.854262724,29.32277242,2018,.
100041,.,-1.854262724,29.32277242,2018,.
100042,.,-1.854262724,29.32277242,2018,.
100043,.,-1.854262724,29.32277242,2018,.
100044,.,-1.752003224,29.30724386,2018,.
100045,.,-1.854262724,29.32277242,2018,.
100046,.,-2.423584783,29.92269861,2018,.
100047,.,-2.423584783,29.92269861,2018,.
100048,.,-2.423584783,29.92269861,2018,.
100049,.,-2.423584783,29.92269861,2018,.
100050,.,-2.423584783,29.92269861,2018,.
100051,.,-2.423584783,29.92269861,2018,.
100052,.,-2.423584783,29.92269861,2018,.
100053,.,-2.423584783,29.92269861,2018,.
100054,.,-2.423584783,29.92269861,2018,.
100055,.,-2.423584783,29.92269861,2018,.
100056,.,-2.657574894,29.87726534,2018,.
100057,.,-2.528927441,29.86093387,2018,.
100058,.,-2.423584783,29.92269861,2018,.
100059,.,-2.423584783,29.92269861,2018,.
100060,.,-2.252654829,29.96062506,2018,.
100061,.,-2.423584783,29.92269861,2018,.
100062,.,-2.423584783,29.92269861,2018,.
100063,.,-2.433917135,29.94485423,2018,.
100064,.,-2.423584783,29.92269861,2018,.
100065,.,-2.252654829,29.96062506,2018,.
100066,.,-2.52430913,29.91241666,2018,.
100067,.,-2.423584783,29.92269861,2018,.
100068,.,-2.423584783,29.92269861,2018,.
100069,.,-2.505899543,29.85420493,2018,.
100070,.,-2.252654829,29.96062506,2018,.
100071,.,-2.52430913,29.91241666,2018,.
100072,.,-2.470990493,29.92141435,2018,.
100073,.,-2.252654829,29.96062506,2018,.
100074,.,-2.500502825,29.91231332,2018,.
100075,.,-2.252654829,29.96062506,2018,.
101116,.,-2.672339805,28.99162457,2018,.
101117,.,-2.672339805,28.99162457,2018,.
101118,.,-2.646165977,28.99633522,2018,.
101119,.,-2.692191423,29.00994363,2018,.
101120,.,-2.620151016,29.05183807,2018,.
101121,.,-2.646165977,28.99633522,2018,.
101122,.,-2.575044945,29.04337599,2018,.
101123,.,-2.692191423,29.00994363,2018,.
101124,.,-2.646165977,28.99633522,2018,.
101125,.,-2.660126824,29.03834925,2018,.
101126,.,-2.593989622,29.04294744,2018,.
101127,.,-2.585235227,29.02152427,2018,.
101128,.,-2.575044945,29.04337599,2018,.
101129,.,-2.660126824,29.03834925,2018,.
101130,.,-2.692191423,29.00994363,2018,.
101131,.,-2.646165977,28.99633522,2018,.
101132,.,-2.593989622,29.04294744,2018,.
101133,.,-2.692191423,29.00994363,2018,.
101134,.,-2.692191423,29.00994363,2018,.
101135,.,-2.181158714,29.54756503,2018,.
101136,.,-2.086816463,29.6035236,2018,.
101137,.,-2.68107503,29.57355944,2018,.
101138,.,-2.415219251,29.68805339,2018,.
101139,.,-2.356678909,29.65339191,2018,.
101140,.,-2.356678909,29.65339191,2018,.
101141,.,-2.428221172,29.88772445,2018,.
101142,.,-2.181158714,29.54756503,2018,.
101143,.,-2.376127495,29.64626782,2018,.
101144,.,-2.376127495,29.64626782,2018,.
101145,.,-2.428221172,29.88772445,2018,.
101146,.,-2.356678909,29.65339191,2018,.
101147,.,-2.356678909,29.65339191,2018,.
101148,.,-2.086816463,29.6035236,2018,.
101149,.,-2.415219251,29.68805339,2018,.
101150,.,-2.083402693,29.57632458,2018,.
101151,.,-2.68107503,29.57355944,2018,.
101152,.,-2.376127495,29.64626782,2018,.
101153,.,-2.376127495,29.64626782,2018,.
101154,.,-2.428221172,29.88772445,2018,.
101155,.,-2.415219251,29.68805339,2018,.
101156,.,-2.086816463,29.6035236,2018,.
101157,.,-2.428221172,29.88772445,2018,.
101158,.,-2.68107503,29.57355944,2018,.
101159,.,-2.376127495,29.64626782,2018,.
101160,.,-2.376127495,29.64626782,2018,.
101161,.,-2.356678909,29.65339191,2018,.
101162,.,-2.330657227,29.22309731,2018,.
101163,.,-2.376127495,29.64626782,2018,.
101164,.,-2.68107503,29.57355944,2018,.
101165,.,-2.376127495,29.64626782,2018,.
101166,.,-2.428221172,29.88772445,2018,.
101167,.,-2.428221172,29.88772445,2018,.
101168,.,-2.68107503,29.57355944,2018,.
101169,.,-2.330657227,29.22309731,2018,.
101170,.,-2.083402693,29.57632458,2018,.
101171,.,-2.417651875,28.94091638,2018,.
101172,.,-2.425576449,29.16766537,2018,.
101173,.,-2.425576449,29.16766537,2018,.
101174,.,-2.425576449,29.16766537,2018,.
101175,.,-2.417651875,28.94091638,2018,.
101176,.,-2.425576449,29.16766537,2018,.
101177,.,-2.417651875,28.94091638,2018,.
101178,.,-2.417651875,28.94091638,2018,.
101179,.,-2.417651875,28.94091638,2018,.
101180,.,-2.399466323,29.15593669,2018,.
101181,.,-2.283983901,29.4204887,2018,.
101182,.,-2.399466323,29.15593669,2018,.
101183,.,-2.417651875,28.94091638,2018,.
101184,.,-2.399466323,29.15593669,2018,.
101185,.,-2.417651875,28.94091638,2018,.
101186,.,-2.425576449,29.16766537,2018,.
101187,.,-2.417651875,28.94091638,2018,.
101188,.,-2.399466323,29.15593669,2018,.
101189,.,-2.417651875,28.94091638,2018,.
101190,.,-2.526456938,29.03131826,2018,.
101191,.,-2.068663667,30.5005648,2018,.
101192,.,-2.369912782,29.04464876,2018,.
101193,.,-1.677807511,30.2753715,2018,.
101194,.,-1.677807511,30.2753715,2018,.
101195,.,-1.677807511,30.2753715,2018,.
101196,.,-1.677807511,30.2753715,2018,.
101197,.,-2.083016092,30.31307805,2018,.
101198,.,-2.083016092,30.31307805,2018,.
101199,.,-1.594008309,30.35578009,2018,.
101200,.,-1.594008309,30.35578009,2018,.
101201,.,-2.180645924,29.40998268,2018,.
101202,.,-1.986564951,30.6626961,2018,.
101203,.,-2.180645924,29.40998268,2018,.
101204,.,-1.594008309,30.35578009,2018,.
101205,.,-2.180645924,29.40998268,2018,.
101206,.,-1.986564951,30.6626961,2018,.
101207,.,-1.986564951,30.6626961,2018,.
101208,.,-1.594008309,30.35578009,2018,.
101209,.,-2.180645924,29.40998268,2018,.
101210,.,-1.986564951,30.6626961,2018,.
101211,.,-2.180645924,29.40998268,2018,.
101212,.,-2.203447811,29.23649132,2018,.
101213,.,-1.627895423,30.40328964,2018,.
102758,.,-14.7198783333333,28.662575,2018,.
102759,.,-14.703,28.74034,2018,.
102760,.,-14.703,28.74034,2018,.
102761,.,-13.8498766666666,28.8998033333333,2018,.
102762,.,-14.602195439359,28.7922765473956,2018,.
102763,.,-14.602195439359,28.7922765473956,2018,.
102764,.,-14.7345116666666,28.743285,2018,.
102765,.,-14.6727672326351,28.6643248942717,2018,.
102766,.,-14.6727672326351,28.6643248942717,2018,.
102767,.,-13.87896,28.9081616666666,2018,.
102768,.,-13.8811083333333,28.9695833333333,2018,.
102769,.,-13.782005,28.7503366666666,2018,.
102770,.,-13.7291466666666,28.8831583333333,2018,.
102771,.,-14.8854,27.88203,2018,.
102772,.,-13.9316516666666,29.1296883333333,2018,.
102773,.,-14.7023,28.76019,2018,.
102774,.,-14.7023,28.76019,2018,.
102775,.,-14.4245716119563,28.6373546813795,2018,.
102776,.,-14.90806,27.8606616666666,2018,.
102777,.,-14.703,28.74034,2018,.
102778,.,-14.7187,28.70311,2018,.
102779,.,-14.7187,28.70311,2018,.
102780,.,-14.9026,27.77869,2018,.
102781,.,-14.9026,27.77869,2018,.
102782,.,-14.5952466666666,28.7013366666666,2018,.
102783,.,-13.9608599999999,29.0757183333333,2018,.
102784,.,-14.8854,27.88203,2018,.
102785,.,-14.4101,28.62908,2018,.
102786,.,-14.4101,28.62908,2018,.
102787,.,-14.7187,28.70311,2018,.
102788,.,-13.9329583333333,29.1293466666666,2018,.
102789,.,-13.879715,28.8321383333333,2018,.
102790,.,-13.879715,28.8321383333333,2018,.
102791,.,-13.8788,28.97154,2018,.
102792,.,-14.5651366666666,28.7331916666666,2018,.
102793,.,-14.5651366666666,28.7331916666666,2018,.
102794,.,-13.8183283333333,28.9533683333333,2018,.
102795,.,-14.4101,28.62908,2018,.
102796,.,-14.5858,28.51583,2018,.
102797,.,-14.7187,28.70311,2018,.
102798,.,-14.3902691614312,28.6036670473,2018,.
102799,.,-14.3607598888126,28.5553340850282,2018,.
102800,.,-13.7884183333333,28.732115,2018,.
102801,.,-14.5279583333333,28.4853766666666,2018,.
102802,.,-14.5279583333333,28.4853766666666,2018,.
102803,.,-13.7862,28.74626,2018,.
102804,.,-13.7862,28.74626,2018,.
102805,.,-13.9324,29.06556,2018,.
102806,.,-14.9066,27.82639,2018,.
102807,.,-13.87974,28.905535,2018,.
102808,.,-13.8863666666666,28.8406816666666,2018,.
102809,.,-13.9353,29.114715,2018,.
102810,.,-13.8275566666666,28.94742,2018,.
102811,.,-13.9092,28.84326,2018,.
102812,.,-13.9092,28.84326,2018,.
102813,.,-13.8960866666666,28.863575,2018,.
102814,.,-13.8776283333333,28.9002049999999,2018,.
102815,.,-14.44361,28.4442116666666,2018,.
102816,.,-14.44361,28.4442116666666,2018,.
102817,.,-13.87092,28.9214483333333,2018,.
102818,.,-14.7023,28.76019,2018,.
102819,.,-14.6689279838277,28.6552461080316,2018,.
102820,.,-14.6689279838277,28.6552461080316,2018,.
102821,.,-14.5858,28.51583,2018,.
102822,.,-13.8814166666666,28.8590766666666,2018,.
102823,.,-14.5642583333333,28.65188,2018,.
102824,.,-14.5642583333333,28.65188,2018,.
102825,.,-14.3154749553214,28.7277031766528,2018,.
102826,.,-14.3154749553214,28.7277031766528,2018,.
102827,.,-13.8255133333333,28.9465233333333,2018,.
102828,.,-14.690905,28.7046366666666,2018,.
102829,.,-14.424875383295,28.6377617878506,2018,.
102830,.,-13.8792033333333,28.9070666666666,2018,.
102831,.,-14.730355,28.7416766666666,2018,.
102832,.,-14.730355,28.7416766666666,2018,.
102833,.,-13.830755,29.03314,2018,.
102834,.,-14.6243701952138,28.7427100016695,2018,.
102835,.,-14.6243701952138,28.7427100016695,2018,.
102836,.,-14.5634666666666,28.7237833333333,2018,.
102837,.,-14.5634666666666,28.7237833333333,2018,.
102838,.,-14.7023,28.76019,2018,.
102839,.,-14.5981773458131,28.7756307958863,2018,.
102840,.,-14.5981773458131,28.7756307958863,2018,.
102841,.,-14.8854,27.88203,2018,.
102842,.,-13.8782983333333,28.9761749999999,2018,.
102843,.,-14.7401483333333,28.7050533333333,2018,.
102844,.,-14.7401483333333,28.7050533333333,2018,.
102845,.,-13.8765133333333,29.0036616666666,2018,.
102846,.,-14.5999166666666,28.4966666666666,2018,.
102847,.,-14.9097,27.86889,2018,.
102848,.,-14.9097,27.86889,2018,.
102849,.,-13.8679,28.971805,2018,.
102850,.,-14.4101,28.62908,2018,.
102851,.,-14.4101,28.62908,2018,.
102852,.,-14.5548433333333,28.6634349999999,2018,.
102853,.,-14.7388433333333,28.7004833333333,2018,.
102854,.,-14.5858,28.51583,2018,.
102855,.,-14.5858,28.51583,2018,.
102856,.,-13.8057833333333,28.73719,2018,.
102857,.,-14.9026,27.77869,2018,.
102858,.,-14.9026,27.77869,2018,.
102859,.,-14.2961744225707,28.7150406270824,2018,.
102860,.,-14.9026,27.77869,2018,.
102861,.,-13.836365,28.95757,2018,.
102862,.,-14.7323433333333,28.6866866666666,2018,.
102863,.,-13.8385116666666,29.0149066666666,2018,.
102864,.,-13.878515,28.9056066666666,2018,.
102865,.,-14.7362766666666,28.670835,2018,.
102866,.,-13.7526483333333,28.8555983333333,2018,.
102867,.,-14.4073,28.59657,2018,.
102868,.,-14.9026,27.77869,2018,.
102869,.,-14.9026,27.77869,2018,.
102870,.,-14.5858,28.51583,2018,.
102871,.,-14.5858,28.51583,2018,.
102872,.,-14.7023,28.76019,2018,.
102873,.,-14.7023,28.76019,2018,.
102874,.,-14.5805816666666,28.6890816666666,2018,.
102875,.,-14.3190762627872,28.6675406505816,2018,.
102876,.,-14.7106633333333,28.6674883333333,2018,.
102877,.,-14.6065366666666,28.678855,2018,.
102878,.,-14.6065366666666,28.678855,2018,.
102879,.,-14.3810281375489,28.5792388678493,2018,.
102880,.,-14.3810281375489,28.5792388678493,2018,.
102881,.,-14.9066,27.82639,2018,.
102882,.,-14.9066,27.82639,2018,.
102883,.,-14.7023,28.76019,2018,.
102884,.,-14.7023,28.76019,2018,.
102885,.,-14.5517516666666,28.6780516666666,2018,.
102886,.,-13.9104083333333,28.8303783333333,2018,.
102887,.,-13.8418549999999,28.9356983333333,2018,.
102888,.,-13.87909,28.9058399999999,2018,.
102889,.,-13.9358233333333,29.1114433333333,2018,.
102890,.,-14.9097,27.86889,2018,.
102891,.,-13.7886183333333,28.7329833333333,2018,.
102892,.,-14.73160677,28.68792582,2018,.
102893,.,-14.7120716666666,28.66774,2018,.
102894,.,-14.7120716666666,28.66774,2018,.
102895,.,-13.793085,28.7486866666666,2018,.
102896,.,-14.9026,27.77869,2018,.
102897,.,-14.9026,27.77869,2018,.
102898,.,-14.6379934073615,28.7148832767317,2018,.
102899,.,-14.9026,27.77869,2018,.
102900,.,-14.9026,27.77869,2018,.
102901,.,-13.9324,29.06556,2018,.
102902,.,-14.4073,28.59657,2018,.
102903,.,-14.6219633333333,28.5313766666666,2018,.
102904,.,-14.7187,28.70311,2018,.
102905,.,-14.3086484475855,28.7061154133389,2018,.
102906,.,-14.3086484475855,28.7061154133389,2018,.
102907,.,-13.8792599999999,28.9071099999999,2018,.
102908,.,-13.8093733333333,28.9455883333333,2018,.
102909,.,-14.9026,27.77869,2018,.
102910,.,-14.9026,27.77869,2018,.
102911,.,-14.9097,27.86889,2018,.
102912,.,-13.8791033333333,28.9069866666666,2018,.
102913,.,-14.5858,28.51583,2018,.
102914,.,-13.895745,28.8066516666666,2018,.
102915,.,-13.9376,29.12592,2018,.
102916,.,-13.9376,29.12592,2018,.
102917,.,-14.5499283333333,28.5012649999999,2018,.
102918,.,-14.5499283333333,28.5012649999999,2018,.
102919,.,-13.8785,28.90422,2018,.
102920,.,-13.8785,28.90422,2018,.
102921,.,-14.4073,28.59657,2018,.
102922,.,-14.4073,28.59657,2018,.
102923,.,-14.6429409673564,28.7074260033381,2018,.
102924,.,-14.6429409673564,28.7074260033381,2018,.
102925,.,-14.5366340495033,28.5930229600349,2018,.
102926,.,-14.3958789082231,28.5946435702062,2018,.
102927,.,-13.9376,29.12592,2018,.
102928,.,-13.73275,28.87741,2018,.
102929,.,-14.9066,27.82639,2018,.
102930,.,-14.9066,27.82639,2018,.
102931,.,-14.4101,28.62908,2018,.
102932,.,-13.8778333333333,28.842905,2018,.
102933,.,-14.645829858198,28.7036090096164,2018,.
102934,.,-13.9319066666666,29.1108583333333,2018,.
102935,.,-13.8389783333333,28.9642983333333,2018,.
102936,.,-13.8507783333333,29.0030366666666,2018,.
102937,.,-14.7152399999999,28.7318483333333,2018,.
102938,.,-14.7152399999999,28.7318483333333,2018,.
102939,.,-14.2971164137234,28.7165900456689,2018,.
102940,.,-14.7369566666666,28.801505,2018,.
102941,.,-14.5997033333333,28.496995,2018,.
102942,.,-14.7245933333333,28.7119399999999,2018,.
102943,.,-14.7187,28.70311,2018,.
102944,.,-14.7187,28.70311,2018,.
102945,.,-13.8139883333333,28.9390933333333,2018,.
102946,.,-14.9026,27.77869,2018,.
102947,.,-14.4642633333333,28.4743616666666,2018,.
102948,.,-14.7343333333333,28.6747549999999,2018,.
102949,.,-14.7343333333333,28.6747549999999,2018,.
102950,.,-14.9026,27.77869,2018,.
102951,.,-14.9026,27.77869,2018,.
102952,.,-14.9026,27.77869,2018,.
102953,.,-14.9026,27.77869,2018,.
102954,.,-14.5638383333333,28.7401916666666,2018,.
102955,.,-13.7976283333333,28.97935,2018,.
102956,.,-14.3735005315072,28.5588227875565,2018,.
102957,.,-14.8854,27.88203,2018,.
102958,.,-14.8854,27.88203,2018,.
102959,.,-14.6804780542074,28.6654138239749,2018,.
102960,.,-14.6804780542074,28.6654138239749,2018,.
102961,.,-14.6230916666666,28.5377533333333,2018,.
102962,.,-14.5854566666666,28.51834,2018,.
102963,.,-13.7505116666666,28.8286533333333,2018,.
102964,.,-14.7115733333333,28.759155,2018,.
102965,.,-14.9097,27.86889,2018,.
102966,.,-14.5880033333333,28.5197533333333,2018,.
102967,.,-14.5880033333333,28.5197533333333,2018,.
102968,.,-13.6778866666666,28.8543749999999,2018,.
102969,.,-14.6273416666666,28.53776,2018,.
102970,.,-13.7845683333333,28.8651383333333,2018,.
102971,.,-14.9026,27.77869,2018,.
102972,.,-14.73182,28.6832316666666,2018,.
102973,.,-14.73182,28.6832316666666,2018,.
102974,.,-13.7771966666666,28.9620666666666,2018,.
102975,.,-13.8794533333333,28.9057533333333,2018,.
102976,.,-13.8794533333333,28.9057533333333,2018,.
102977,.,-14.5441944303926,28.602062896872,2018,.
102978,.,-13.9029933333333,28.8055383333333,2018,.
102979,.,-14.644313846896,28.6781590778027,2018,.
102980,.,-14.644313846896,28.6781590778027,2018,.
102981,.,-13.8256366666666,28.94643,2018,.
102982,.,-14.73160677,28.68792582,2018,.
102983,.,-14.5379975036158,28.591582632789,2018,.
102984,.,-14.5379975036158,28.591582632789,2018,.
102985,.,-13.8344416666666,28.938535,2018,.
102986,.,-14.907955,27.8982833333333,2018,.
102987,.,-14.5791416666666,28.729175,2018,.
102988,.,-14.5791416666666,28.729175,2018,.
102989,.,-14.8854,27.88203,2018,.
102990,.,-13.8722249999999,28.807225,2018,.
102991,.,-14.7023,28.76019,2018,.
102992,.,-14.2971219066224,28.7168282518978,2018,.
102993,.,-14.2978013631767,28.7092552415712,2018,.
102994,.,-14.297071313646,28.7165678260307,2018,.
102995,.,-14.3005333677505,28.7269618632824,2018,.
102996,.,-14.2950455308542,28.7126400582402,2018,.
102997,.,-13.879635,28.9045916666666,2018,.
102998,.,-13.8794366666666,28.8413166666666,2018,.
102999,.,-13.8798883333333,28.906795,2018,.
103000,.,-13.9441499999999,28.8227566666666,2018,.
103001,.,-13.9043133333333,28.7873866666666,2018,.
103002,.,-13.9092,28.84326,2018,.
103003,.,-13.88226,28.85808,2018,.
103004,.,-13.9092,28.84326,2018,.
103005,.,-14.5858,28.51583,2018,.
103006,.,-14.5908616666666,28.5778533333333,2018,.
103007,.,-14.5967266666666,28.5611283333333,2018,.
103008,.,-14.598715,28.5694199999999,2018,.
103009,.,-14.6143916666666,28.5464066666666,2018,.
103010,.,-14.5447033333333,28.5012133333333,2018,.
103011,.,-14.5858,28.51583,2018,.
103012,.,-14.5994599999999,28.5644166666666,2018,.
103013,.,-14.5858,28.51583,2018,.
103014,.,-14.5858,28.51583,2018,.
103015,.,-14.5919466666666,28.5746733333333,2018,.
103016,.,-14.5858,28.51583,2018,.
103017,.,-14.5944218256674,28.6798988050986,2018,.
103018,.,-14.5672646185787,28.6059715473935,2018,.
103019,.,-14.5506,28.59148,2018,.
103020,.,-14.5715683333333,28.6825933333333,2018,.
103021,.,-14.5337587294775,28.5671076563084,2018,.
103022,.,-14.5939658327801,28.6801161895925,2018,.
103023,.,-14.5940933571547,28.6800830093981,2018,.
103024,.,-14.4035764598029,28.6073714479026,2018,.
103025,.,-14.4221601647546,28.5875049526302,2018,.
103026,.,-14.4023050014033,28.5456774022928,2018,.
103027,.,-14.4073,28.59657,2018,.
103028,.,-14.4226844267132,28.5860381441259,2018,.
103029,.,-14.424974318626,28.5882130504492,2018,.
103030,.,-14.3996435249075,28.5747593140392,2018,.
103031,.,-14.3149805815479,28.6755140099822,2018,.
103032,.,-14.316140814171,28.6747838897863,2018,.
103033,.,-14.2964092077216,28.7135070864397,2018,.
103034,.,-14.7098599999999,28.6680783333333,2018,.
103035,.,-14.7193716666666,28.6727083333333,2018,.
103036,.,-14.7099866666666,28.6684966666666,2018,.
103037,.,-14.7231283333333,28.6675216666666,2018,.
103038,.,-14.6989883333333,28.6656566666666,2018,.
103039,.,-14.6990816666666,28.6628716666666,2018,.
103040,.,-14.7331466666666,28.6898916666666,2018,.
103041,.,-14.7164016666666,28.6694516666666,2018,.
103042,.,-14.71644,28.669505,2018,.
103043,.,-13.9376,29.12592,2018,.
103044,.,-13.9354666666666,29.111735,2018,.
103045,.,-13.94243,29.11449,2018,.
103046,.,-14.9026,27.77869,2018,.
103047,.,-14.9026,27.77869,2018,.
103048,.,-14.9026,27.77869,2018,.
103049,.,-14.9026,27.77869,2018,.
103050,.,-14.9026,27.77869,2018,.
103051,.,-14.9026,27.77869,2018,.
103052,.,-14.9026,27.77869,2018,.
103053,.,-14.9026,27.77869,2018,.
103054,.,-14.9026,27.77869,2018,.
103055,.,-13.7719466666666,28.82614,2018,.
103056,.,-13.783055,28.8532633333333,2018,.
103057,.,-13.7405733333333,28.8162199999999,2018,.
103058,.,-13.6848183333333,28.8500399999999,2018,.
103059,.,-13.6953866666666,28.8424983333333,2018,.
103060,.,-13.7403366666666,28.8131783333333,2018,.
103061,.,-13.7364916666666,28.8500399999999,2018,.
103062,.,-13.76568,28.8099216666666,2018,.
103063,.,-14.7187,28.70311,2018,.
103064,.,-14.7187,28.70311,2018,.
103065,.,-14.7187,28.70311,2018,.
103066,.,-14.7187,28.70311,2018,.
103067,.,-14.7187,28.70311,2018,.
103068,.,-14.7187,28.70311,2018,.
103069,.,-14.7187,28.70311,2018,.
103070,.,-14.7187,28.70311,2018,.
103071,.,-14.7187,28.70311,2018,.
103072,.,-14.7187,28.70311,2018,.
103073,.,-14.7187,28.70311,2018,.
103074,.,-14.7187,28.70311,2018,.
103075,.,-14.7187,28.70311,2018,.
103076,.,-14.7187,28.70311,2018,.
103077,.,-14.8854,27.88203,2018,.
103078,.,-14.8854,27.88203,2018,.
103079,.,-14.8854,27.88203,2018,.
103080,.,-14.8854,27.88203,2018,.
103081,.,-14.8854,27.88203,2018,.
103082,.,-13.87865,28.9056633333333,2018,.
103083,.,-13.8794316666666,28.92869,2018,.
103084,.,-13.8785933333333,28.9181033333333,2018,.
103085,.,-13.8849283333333,28.98647,2018,.
103086,.,-13.8785849999999,28.9730883333333,2018,.
103087,.,-13.8800216666666,28.9060016666666,2018,.
103088,.,-13.77831,28.9608049999999,2018,.
103089,.,-13.76929,28.9388383333333,2018,.
103090,.,-13.7963166666666,28.9980866666666,2018,.
103091,.,-13.77833,28.9608083333333,2018,.
103092,.,-14.9097,27.86889,2018,.
103093,.,-14.2965855757184,28.7173517368645,2018,.
103094,.,-13.8671016666666,28.9724983333333,2018,.
103095,.,-13.87879,28.925215,2018,.
103096,.,-13.87417,28.930595,2018,.
103097,.,-13.8861066666666,28.95139,2018,.
103098,.,-13.845305,28.907355,2018,.
103099,.,-13.8377666666666,28.9244333333333,2018,.
103100,.,-13.9417599999999,29.1087316666666,2018,.
103101,.,-13.9452866666666,29.1115566666666,2018,.
103102,.,-13.9370516666666,29.11275,2018,.
103103,.,-13.9156283333333,28.8017266666666,2018,.
103104,.,-14.5900316666666,28.5366083333333,2018,.
103105,.,-14.6077733333333,28.53952,2018,.
103106,.,-14.5858,28.51583,2018,.
103107,.,-14.6191649999999,28.56139,2018,.
103108,.,-14.5858,28.51583,2018,.
103109,.,-14.5924833333333,28.5755133333333,2018,.
103110,.,-14.5858,28.51583,2018,.
103111,.,-13.8484799999999,28.9206899999999,2018,.
103112,.,-13.8389549999999,28.9644333333333,2018,.
103113,.,-13.8380333333333,28.9597983333333,2018,.
103114,.,-13.8569066666666,28.9385583333333,2018,.
103115,.,-13.8564666666666,28.9413099999999,2018,.
103116,.,-13.8454383333333,28.9217649999999,2018,.
103117,.,-14.5941343313459,28.6802491079809,2018,.
103118,.,-14.5358524390135,28.5754011504598,2018,.
103119,.,-14.5251591993871,28.5756656248192,2018,.
103120,.,-14.3920539961473,28.5696295612275,2018,.
103121,.,-14.4167776260736,28.5882608990897,2018,.
103122,.,-14.4073,28.59657,2018,.
103123,.,-14.4073,28.59657,2018,.
103124,.,-14.3247613793182,28.6496299752891,2018,.
103125,.,-14.3600132316782,28.669283981593,2018,.
103126,.,-14.3056318338903,28.6770648087826,2018,.
103127,.,-14.4101,28.62908,2018,.
103128,.,-14.4101,28.62908,2018,.
103129,.,-14.4101,28.62908,2018,.
103130,.,-14.4101,28.62908,2018,.
103131,.,-14.4101,28.62908,2018,.
103132,.,-13.9376,29.12592,2018,.
103133,.,-13.9353933333333,29.1118066666666,2018,.
103134,.,-13.9376,29.12592,2018,.
103135,.,-13.941735,29.1087033333333,2018,.
103136,.,-13.9456533333333,29.1054816666666,2018,.
103137,.,-14.5940929672731,28.6802028062049,2018,.
103138,.,-14.5941548962853,28.6801657491781,2018,.
103139,.,-14.6345294715561,28.660916573162,2018,.
103140,.,-14.6339175388839,28.6771649923596,2018,.
103141,.,-14.6468128450302,28.6823246661034,2018,.
103142,.,-14.6468785853225,28.6824089823928,2018,.
103143,.,-14.663339719032,28.6891357505218,2018,.
103144,.,-14.6020382234057,28.6880312544304,2018,.
103145,.,-13.8048016666666,28.7376683333333,2018,.
103146,.,-13.7446233333333,28.7958716666666,2018,.
103147,.,-13.8198683333333,28.7173233333333,2018,.
103148,.,-13.779235,28.7542566666666,2018,.
103149,.,-13.7595133333333,28.7915533333333,2018,.
103150,.,-13.7908266666666,28.741145,2018,.
103151,.,-13.9031783333333,28.8057016666666,2018,.
103152,.,-13.9033416666666,28.8059416666666,2018,.
103153,.,-13.8794183333333,28.9055183333333,2018,.
103154,.,-13.8796966666666,28.906195,2018,.
103155,.,-13.9029083333333,28.8056133333333,2018,.
103156,.,-13.8794166666666,28.90579,2018,.
103157,.,-13.79681,28.9292233333333,2018,.
103158,.,-13.7784883333333,28.9652583333333,2018,.
103159,.,-13.7973816666666,28.9793916666666,2018,.
103160,.,-13.797645,28.9794383333333,2018,.
103161,.,-14.9026,27.77869,2018,.
103162,.,-14.9026,27.77869,2018,.
103163,.,-14.9026,27.77869,2018,.
103164,.,-14.9026,27.77869,2018,.
103165,.,-14.9026,27.77869,2018,.
103166,.,-14.9026,27.77869,2018,.
103167,.,-14.9026,27.77869,2018,.
103168,.,-14.9026,27.77869,2018,.
103169,.,-14.9026,27.77869,2018,.
103170,.,-14.7023,28.76019,2018,.
103171,.,-14.7023,28.76019,2018,.
103172,.,-13.7569,28.8065733333333,2018,.
103173,.,-13.76526185,28.82706284,2018,.
103174,.,-14.5860849999999,28.6797933333333,2018,.
103175,.,-14.5677333333333,28.6842283333333,2018,.
103176,.,-14.5663916666666,28.6862683333333,2018,.
103177,.,-14.5996516666666,28.6742783333333,2018,.
103178,.,-14.5672449999999,28.6802733333333,2018,.
103179,.,-14.5623583333333,28.7327833333333,2018,.
103180,.,-14.5697116666666,28.7166783333333,2018,.
103181,.,-14.611755,28.64161,2018,.
103182,.,-14.5669366666666,28.694175,2018,.
103183,.,-14.6053466666666,28.6513283333333,2018,.
103184,.,-14.565455,28.6986633333333,2018,.
103185,.,-14.5582483333333,28.6623433333333,2018,.
103186,.,-14.56722,28.6855916666666,2018,.
103187,.,-14.57307,28.6624116666666,2018,.
103188,.,-14.5682366666666,28.7175866666666,2018,.
103189,.,-14.6854633333333,28.75169,2018,.
103190,.,-14.6793616666666,28.7198233333333,2018,.
103191,.,-14.6877916666666,28.76735,2018,.
103192,.,-14.690685,28.7452316666666,2018,.
103193,.,-14.68136,28.7069349999999,2018,.
103194,.,-14.703,28.74034,2018,.
103195,.,-14.6649166666666,28.7060466666666,2018,.
103196,.,-14.7037466666666,28.7678616666666,2018,.
103197,.,-14.8854,27.88203,2018,.
103198,.,-14.8854,27.88203,2018,.
103199,.,-14.8854,27.88203,2018,.
103200,.,-14.8854,27.88203,2018,.
103201,.,-14.8854,27.88203,2018,.
103202,.,-14.8854,27.88203,2018,.
103203,.,-14.86912,27.8650266666666,2018,.
103204,.,-14.8710983333333,27.8721466666666,2018,.
103205,.,-14.8854,27.88203,2018,.
103206,.,-13.82443,28.9518116666666,2018,.
103207,.,-13.8030683333333,28.94756,2018,.
103208,.,-13.8203249999999,28.9537866666666,2018,.
103209,.,-13.82752,28.9711533333333,2018,.
103210,.,-13.809755,28.9258649999999,2018,.
103211,.,-13.8212516666666,28.9421766666666,2018,.
103212,.,-14.9026,27.77869,2018,.
103213,.,-14.9026,27.77869,2018,.
103214,.,-14.9026,27.77869,2018,.
103215,.,-14.9026,27.77869,2018,.
103216,.,-13.7480483333333,28.7945783333333,2018,.
103217,.,-13.8067083333333,28.8761083333333,2018,.
103218,.,-14.4101,28.62908,2018,.
103219,.,-14.4101,28.62908,2018,.
103220,.,-13.8012866666666,28.991035,2018,.
103221,.,-13.83363,28.9147283333333,2018,.
103222,.,-14.56736,28.7026816666666,2018,.
103223,.,-14.56736,28.7026816666666,2018,.
103224,.,-14.7023,28.76019,2018,.
103225,.,-14.7023,28.76019,2018,.
103226,.,-13.8411416666666,29.0308366666666,2018,.
103227,.,-13.7528916666666,28.795805,2018,.
103228,.,-14.6841233333333,28.7663033333333,2018,.
103229,.,-14.6841233333333,28.7663033333333,2018,.
103230,.,-14.9187316666666,27.7713149999999,2018,.
103231,.,-14.9187316666666,27.7713149999999,2018,.
103232,.,-14.2960265142898,28.7132016200467,2018,.
103233,.,-14.5510232861256,28.5750119199889,2018,.
103234,.,-14.5894633333333,28.5477383333333,2018,.
103235,.,-14.5894633333333,28.5477383333333,2018,.
103236,.,-13.8797683333333,28.9053833333333,2018,.
103237,.,-14.6443631926779,28.6781657677762,2018,.
103238,.,-14.9026,27.77869,2018,.
103239,.,-14.9026,27.77869,2018,.
103240,.,-14.5741844903944,28.5997571392255,2018,.
103241,.,-14.575385,28.512865,2018,.
103242,.,-14.607425,28.65105,2018,.
103243,.,-14.607425,28.65105,2018,.
103244,.,-14.9026,27.77869,2018,.
103245,.,-14.9026,27.77869,2018,.
103246,.,-14.5795199999999,28.7027533333333,2018,.
103247,.,-14.5795199999999,28.7027533333333,2018,.
103248,.,-13.7545299999999,28.8416683333333,2018,.
103249,.,-13.7545299999999,28.8416683333333,2018,.
103250,.,-13.8794016666666,28.9237133333333,2018,.
103251,.,-14.9026,27.77869,2018,.
103252,.,-14.9026,27.77869,2018,.
103253,.,-14.9026,27.77869,2018,.
103254,.,-13.7604716666666,28.8293533333333,2018,.
103255,.,-14.5945283333333,28.66764,2018,.
103256,.,-14.6185516666666,28.5432033333333,2018,.
103257,.,-14.9026,27.77869,2018,.
103258,.,-14.9026,27.77869,2018,.
103259,.,-13.92305,29.0437433333333,2018,.
103260,.,-13.8678566666666,29.0296683333333,2018,.
103261,.,-13.8678566666666,29.0296683333333,2018,.
103262,.,-14.5723833333333,28.667015,2018,.
103263,.,-14.703,28.74034,2018,.
103264,.,-14.703,28.74034,2018,.
103265,.,-13.9362316666666,29.10844,2018,.
103266,.,-13.9362316666666,29.10844,2018,.
103267,.,-13.9376,29.12592,2018,.
103268,.,-13.857425,28.9392383333333,2018,.
103269,.,-14.9076566666666,27.8645833333333,2018,.
103270,.,-14.6996,28.7472316666666,2018,.
103271,.,-14.3156756904481,28.6760569231209,2018,.
103272,.,-13.827305,29.027125,2018,.
103273,.,-13.7785316666666,28.9640733333333,2018,.
103274,.,-13.7785316666666,28.9640733333333,2018,.
103275,.,-14.6995966666666,28.7472383333333,2018,.
103276,.,-13.7829516666666,28.7247483333333,2018,.
103277,.,-14.9066,27.82639,2018,.
103278,.,-14.9066,27.82639,2018,.
103279,.,-13.7710933333333,28.8063616666666,2018,.
103280,.,-13.7710933333333,28.8063616666666,2018,.
