id,placeholder1,Lat,Lon,placeholder2
649,.,5.46540908966,7.56949383789,.
650,.,5.14203254737,7.37471602851,.
651,.,5.31524834074,7.4334346461,.
652,.,5.31524834074,7.4334346461,.
653,.,5.31524834074,7.4334346461,.
654,.,5.31524834074,7.4334346461,.
655,.,5.31524834074,7.4334346461,.
656,.,5.31524834074,7.4334346461,.
657,.,5.31524834074,7.4334346461,.
658,.,5.31524834074,7.4334346461,.
659,.,5.11615185902,7.39632754995,.
660,.,5.11615185902,7.39632754995,.
661,.,5.31524834074,7.4334346461,.
662,.,5.31524834074,7.4334346461,.
663,.,5.31524834074,7.4334346461,.
664,.,5.31524834074,7.4334346461,.
665,.,5.31524834074,7.4334346461,.
666,.,5.31524834074,7.4334346461,.
667,.,5.91892832509,7.42249845731,.
668,.,5.91892832509,7.42249845731,.
669,.,5.91892832509,7.42249845731,.
670,.,5.91892832509,7.42249845731,.
671,.,5.91892832509,7.42249845731,.
672,.,5.91892832509,7.42249845731,.
673,.,5.91892832509,7.42249845731,.
674,.,5.91892832509,7.42249845731,.
675,.,5.91892832509,7.42249845731,.
676,.,5.91892832509,7.42249845731,.
677,.,5.91892832509,7.42249845731,.
678,.,5.91892832509,7.42249845731,.
679,.,5.91892832509,7.42249845731,.
680,.,5.38520298007,7.5278870437,.
681,.,5.38520298007,7.5278870437,.
682,.,5.38520298007,7.5278870437,.
683,.,5.38520298007,7.5278870437,.
684,.,5.38520298007,7.5278870437,.
685,.,5.38520298007,7.5278870437,.
686,.,5.38520298007,7.5278870437,.
687,.,5.38520298007,7.5278870437,.
688,.,5.38520298007,7.5278870437,.
689,.,5.38520298007,7.5278870437,.
690,.,5.38520298007,7.5278870437,.
691,.,5.38520298007,7.5278870437,.
692,.,5.38520298007,7.5278870437,.
693,.,5.69861467033,7.51949932817,.
694,.,5.69861467033,7.51949932817,.
695,.,5.69861467033,7.51949932817,.
696,.,5.69861467033,7.51949932817,.
697,.,5.69861467033,7.51949932817,.
698,.,5.69861467033,7.51949932817,.
699,.,5.10125583335,7.38236269147,.
700,.,5.10125583335,7.38236269147,.
701,.,5.71798741973,7.65765101223,.
702,.,5.71798741973,7.65765101223,.
703,.,5.71798741973,7.65765101223,.
704,.,5.71798741973,7.65765101223,.
705,.,5.71798741973,7.65765101223,.
706,.,5.71798741973,7.65765101223,.
707,.,5.71798741973,7.65765101223,.
708,.,5.71798741973,7.65765101223,.
709,.,5.71798741973,7.65765101223,.
710,.,5.71798741973,7.65765101223,.
711,.,5.71798741973,7.65765101223,.
712,.,5.71798741973,7.65765101223,.
713,.,5.71798741973,7.65765101223,.
714,.,5.62097186629,7.55673647204,.
715,.,5.62097186629,7.55673647204,.
716,.,5.62097186629,7.55673647204,.
717,.,5.62097186629,7.55673647204,.
718,.,5.62097186629,7.55673647204,.
719,.,5.62097186629,7.55673647204,.
720,.,5.62097186629,7.55673647204,.
721,.,5.62097186629,7.55673647204,.
722,.,5.62097186629,7.55673647204,.
723,.,5.29924489104,7.32849633635,.
724,.,5.29924489104,7.32849633635,.
725,.,5.29924489104,7.32849633635,.
726,.,5.29924489104,7.32849633635,.
727,.,5.29924489104,7.32849633635,.
728,.,5.29924489104,7.32849633635,.
729,.,5.29924489104,7.32849633635,.
730,.,5.29924489104,7.32849633635,.
731,.,5.29924489104,7.32849633635,.
732,.,5.29924489104,7.32849633635,.
733,.,5.29924489104,7.32849633635,.
734,.,5.22663914114,7.42083378557,.
735,.,5.22663914114,7.42083378557,.
736,.,5.22663914114,7.42083378557,.
737,.,5.22663914114,7.42083378557,.
738,.,5.22663914114,7.42083378557,.
739,.,5.22663914114,7.42083378557,.
740,.,5.22663914114,7.42083378557,.
741,.,5.22663914114,7.42083378557,.
742,.,5.22663914114,7.42083378557,.
743,.,5.11459152134,7.488088903,.
744,.,5.11459152134,7.488088903,.
745,.,5.11459152134,7.488088903,.
746,.,5.11459152134,7.488088903,.
747,.,5.11459152134,7.488088903,.
748,.,5.11459152134,7.488088903,.
749,.,5.11459152134,7.488088903,.
750,.,5.11459152134,7.488088903,.
751,.,5.11459152134,7.488088903,.
752,.,5.07230955571,7.45453070598,.
753,.,5.07230955571,7.45453070598,.
754,.,5.07230955571,7.45453070598,.
755,.,5.07230955571,7.45453070598,.
756,.,5.07230955571,7.45453070598,.
757,.,5.07230955571,7.45453070598,.
758,.,5.07729460466,7.48700486162,.
759,.,5.07729460466,7.48700486162,.
760,.,5.07729460466,7.48700486162,.
761,.,5.07729460466,7.48700486162,.
762,.,5.07729460466,7.48700486162,.
763,.,5.07729460466,7.48700486162,.
764,.,5.07729460466,7.48700486162,.
765,.,5.07729460466,7.48700486162,.
766,.,5.07729460466,7.48700486162,.
767,.,5.07729460466,7.48700486162,.
768,.,5.07729460466,7.48700486162,.
769,.,5.07729460466,7.48700486162,.
770,.,5.07729460466,7.48700486162,.
771,.,5.07729460466,7.48700486162,.
772,.,5.07729460466,7.48700486162,.
773,.,5.79283387535,7.71541670998,.
774,.,5.79283387535,7.71541670998,.
775,.,5.79283387535,7.71541670998,.
776,.,5.79283387535,7.71541670998,.
777,.,5.79283387535,7.71541670998,.
778,.,5.79283387535,7.71541670998,.
779,.,5.79283387535,7.71541670998,.
780,.,5.79283387535,7.71541670998,.
781,.,5.79283387535,7.71541670998,.
782,.,5.79283387535,7.71541670998,.
783,.,5.79283387535,7.71541670998,.
784,.,5.79283387535,7.71541670998,.
785,.,5.79283387535,7.71541670998,.
786,.,5.79283387535,7.71541670998,.
787,.,5.79283387535,7.71541670998,.
788,.,5.79283387535,7.71541670998,.
789,.,5.79283387535,7.71541670998,.
790,.,5.24147612409,7.34686340166,.
791,.,5.24147612409,7.34686340166,.
792,.,5.24147612409,7.34686340166,.
793,.,5.24147612409,7.34686340166,.
794,.,5.24147612409,7.34686340166,.
795,.,5.24147612409,7.34686340166,.
796,.,5.24147612409,7.34686340166,.
797,.,5.24147612409,7.34686340166,.
798,.,5.24147612409,7.34686340166,.
799,.,5.24147612409,7.34686340166,.
800,.,5.24147612409,7.34686340166,.
801,.,5.24147612409,7.34686340166,.
802,.,5.24147612409,7.34686340166,.
803,.,5.03532943227,7.39178465201,.
804,.,5.03532943227,7.39178465201,.
805,.,5.03532943227,7.39178465201,.
806,.,5.03532943227,7.39178465201,.
807,.,5.03532943227,7.39178465201,.
808,.,5.03532943227,7.39178465201,.
809,.,5.03532943227,7.39178465201,.
810,.,5.03532943227,7.39178465201,.
811,.,5.03532943227,7.39178465201,.
812,.,5.03532943227,7.39178465201,.
813,.,4.88765694396,7.36848327092,.
814,.,4.88765694396,7.36848327092,.
815,.,4.96638288161,7.3762565098,.
816,.,4.96638288161,7.3762565098,.
817,.,4.96638288161,7.3762565098,.
818,.,4.96638288161,7.3762565098,.
819,.,4.96638288161,7.3762565098,.
820,.,4.94277165657,7.47870206445,.
821,.,4.94277165657,7.47870206445,.
822,.,5.61262245663,7.46444989673,.
823,.,5.61262245663,7.46444989673,.
824,.,5.61262245663,7.46444989673,.
825,.,5.61262245663,7.46444989673,.
826,.,5.61262245663,7.46444989673,.
827,.,5.61262245663,7.46444989673,.
828,.,5.61262245663,7.46444989673,.
829,.,6.00083204097,7.40129856086,.
830,.,6.00083204097,7.40129856086,.
831,.,6.00083204097,7.40129856086,.
832,.,6.00083204097,7.40129856086,.
833,.,6.00083204097,7.40129856086,.
834,.,6.00083204097,7.40129856086,.
835,.,6.00083204097,7.40129856086,.
836,.,6.00083204097,7.40129856086,.
837,.,6.00083204097,7.40129856086,.
838,.,6.00083204097,7.40129856086,.
839,.,6.00083204097,7.40129856086,.
840,.,6.00083204097,7.40129856086,.
841,.,6.00083204097,7.40129856086,.
842,.,6.00083204097,7.40129856086,.
843,.,5.62097186629,7.55673647204,.
844,.,5.62097186629,7.55673647204,.
845,.,5.05774183738,7.41417470218,.
846,.,6.00083204097,7.40129856086,.
847,.,9.68199592163,11.8269506538,.
848,.,9.68199592163,11.8269506538,.
849,.,9.68199592163,11.8269506538,.
850,.,9.68199592163,11.8269506538,.
851,.,9.68199592163,11.8269506538,.
852,.,9.68199592163,11.8269506538,.
853,.,9.68199592163,11.8269506538,.
854,.,9.68199592163,11.8269506538,.
855,.,8.30266963237,12.0444336999,.
856,.,8.30266963237,12.0444336999,.
857,.,8.30266963237,12.0444336999,.
858,.,8.30266963237,12.0444336999,.
859,.,8.30266963237,12.0444336999,.
860,.,8.30266963237,12.0444336999,.
861,.,8.30266963237,12.0444336999,.
862,.,8.30266963237,12.0444336999,.
863,.,8.30266963237,12.0444336999,.
864,.,10.7021170344,13.4417466208,.
865,.,10.7021170344,13.4417466208,.
866,.,10.7021170344,13.4417466208,.
867,.,10.7021170344,13.4417466208,.
868,.,10.7021170344,13.4417466208,.
869,.,10.7021170344,13.4417466208,.
870,.,10.7021170344,13.4417466208,.
871,.,10.7021170344,13.4417466208,.
872,.,10.7021170344,13.4417466208,.
873,.,10.7021170344,13.4417466208,.
874,.,10.7021170344,13.4417466208,.
875,.,10.7021170344,13.4417466208,.
876,.,10.7021170344,13.4417466208,.
877,.,10.7021170344,13.4417466208,.
878,.,10.7021170344,13.4417466208,.
879,.,10.7021170344,13.4417466208,.
880,.,10.2832908043,12.8870466619,.
881,.,10.2832908043,12.8870466619,.
882,.,10.2832908043,12.8870466619,.
883,.,10.2832908043,12.8870466619,.
884,.,10.2832908043,12.8870466619,.
885,.,10.2832908043,12.8870466619,.
886,.,10.2832908043,12.8870466619,.
887,.,10.2832908043,12.8870466619,.
888,.,10.2832908043,12.8870466619,.
889,.,10.2832908043,12.8870466619,.
890,.,10.1941516025,12.4560676383,.
891,.,10.1941516025,12.4560676383,.
892,.,10.1941516025,12.4560676383,.
893,.,10.1941516025,12.4560676383,.
894,.,10.1941516025,12.4560676383,.
895,.,10.1941516025,12.4560676383,.
896,.,10.1941516025,12.4560676383,.
897,.,10.1941516025,12.4560676383,.
898,.,9.49712077394,12.5949910707,.
899,.,9.49712077394,12.5949910707,.
900,.,9.49712077394,12.5949910707,.
901,.,9.49712077394,12.5949910707,.
902,.,9.49712077394,12.5949910707,.
903,.,9.49712077394,12.5949910707,.
904,.,9.49712077394,12.5949910707,.
905,.,9.49712077394,12.5949910707,.
906,.,9.49712077394,12.5949910707,.
907,.,10.3338739448,12.7651828488,.
908,.,10.3338739448,12.7651828488,.
909,.,10.3338739448,12.7651828488,.
910,.,10.3338739448,12.7651828488,.
911,.,10.3338739448,12.7651828488,.
912,.,10.3338739448,12.7651828488,.
913,.,10.3338739448,12.7651828488,.
914,.,10.3338739448,12.7651828488,.
915,.,10.3338739448,12.7651828488,.
916,.,10.3694547098,12.9968060777,.
917,.,10.3694547098,12.9968060777,.
918,.,10.3694547098,12.9968060777,.
919,.,10.3694547098,12.9968060777,.
920,.,10.3694547098,12.9968060777,.
921,.,10.3694547098,12.9968060777,.
922,.,10.3694547098,12.9968060777,.
923,.,10.3694547098,12.9968060777,.
924,.,10.3694547098,12.9968060777,.
925,.,8.66218312021,12.3417613741,.
926,.,8.66218312021,12.3417613741,.
927,.,8.66218312021,12.3417613741,.
928,.,8.66218312021,12.3417613741,.
929,.,8.66218312021,12.3417613741,.
930,.,8.66218312021,12.3417613741,.
931,.,8.66218312021,12.3417613741,.
932,.,8.66218312021,12.3417613741,.
933,.,8.66218312021,12.3417613741,.
934,.,8.66218312021,12.3417613741,.
935,.,9.5299076932,11.4915363728,.
936,.,9.5299076932,11.4915363728,.
937,.,9.5299076932,11.4915363728,.
938,.,9.5299076932,11.4915363728,.
939,.,9.5299076932,11.4915363728,.
940,.,9.5299076932,11.4915363728,.
941,.,9.5299076932,11.4915363728,.
942,.,9.5299076932,11.4915363728,.
943,.,10.7238021501,13.5108863216,.
944,.,10.7238021501,13.5108863216,.
945,.,10.7238021501,13.5108863216,.
946,.,10.7238021501,13.5108863216,.
947,.,10.7238021501,13.5108863216,.
948,.,10.7238021501,13.5108863216,.
949,.,10.7238021501,13.5108863216,.
950,.,10.7238021501,13.5108863216,.
951,.,10.7238021501,13.5108863216,.
952,.,10.7238021501,13.5108863216,.
953,.,10.7238021501,13.5108863216,.
954,.,10.7238021501,13.5108863216,.
955,.,10.7238021501,13.5108863216,.
956,.,10.0114370915,13.1358911578,.
957,.,10.0114370915,13.1358911578,.
958,.,10.0114370915,13.1358911578,.
959,.,10.0114370915,13.1358911578,.
960,.,10.0114370915,13.1358911578,.
961,.,10.0114370915,13.1358911578,.
962,.,10.0114370915,13.1358911578,.
963,.,10.0114370915,13.1358911578,.
964,.,10.0114370915,13.1358911578,.
965,.,10.0114370915,13.1358911578,.
966,.,9.78353377075,13.2285436505,.
967,.,9.78353377075,13.2285436505,.
968,.,9.78353377075,13.2285436505,.
969,.,9.78353377075,13.2285436505,.
970,.,9.78353377075,13.2285436505,.
971,.,9.78353377075,13.2285436505,.
972,.,9.78353377075,13.2285436505,.
973,.,9.78353377075,13.2285436505,.
974,.,9.78353377075,13.2285436505,.
975,.,9.78353377075,13.2285436505,.
976,.,9.78353377075,13.2285436505,.
977,.,9.78353377075,13.2285436505,.
978,.,9.78353377075,13.2285436505,.
979,.,9.65850171736,13.1021838877,.
980,.,9.65850171736,13.1021838877,.
981,.,9.65850171736,13.1021838877,.
982,.,9.65850171736,13.1021838877,.
983,.,9.65850171736,13.1021838877,.
984,.,9.65850171736,13.1021838877,.
985,.,9.65850171736,13.1021838877,.
986,.,9.65850171736,13.1021838877,.
987,.,9.11743405504,11.7777504339,.
988,.,9.11743405504,11.7777504339,.
989,.,9.11743405504,11.7777504339,.
990,.,9.11743405504,11.7777504339,.
991,.,9.11743405504,11.7777504339,.
992,.,9.11743405504,11.7777504339,.
993,.,9.11743405504,11.7777504339,.
994,.,8.75822026294,11.9831016911,.
995,.,8.75822026294,11.9831016911,.
996,.,8.75822026294,11.9831016911,.
997,.,8.75822026294,11.9831016911,.
998,.,8.75822026294,11.9831016911,.
999,.,8.75822026294,11.9831016911,.
1000,.,8.75822026294,11.9831016911,.
1001,.,8.75822026294,11.9831016911,.
1002,.,8.75822026294,11.9831016911,.
1003,.,10.6367379748,13.4019314567,.
1004,.,10.6367379748,13.4019314567,.
1005,.,10.6367379748,13.4019314567,.
1006,.,10.6367379748,13.4019314567,.
1007,.,10.6367379748,13.4019314567,.
1008,.,10.6367379748,13.4019314567,.
1009,.,10.6367379748,13.4019314567,.
1010,.,10.6367379748,13.4019314567,.
1011,.,10.6367379748,13.4019314567,.
1012,.,10.6367379748,13.4019314567,.
1013,.,10.6059793514,13.2977604839,.
1014,.,10.6059793514,13.2977604839,.
1015,.,10.6059793514,13.2977604839,.
1016,.,10.6059793514,13.2977604839,.
1017,.,10.6059793514,13.2977604839,.
1018,.,10.6059793514,13.2977604839,.
1019,.,10.6059793514,13.2977604839,.
1020,.,10.6059793514,13.2977604839,.
1021,.,10.6059793514,13.2977604839,.
1022,.,10.6059793514,13.2977604839,.
1023,.,10.6059793514,13.2977604839,.
1024,.,10.6059793514,13.2977604839,.
1025,.,10.6059793514,13.2977604839,.
1026,.,10.6059793514,13.2977604839,.
1027,.,10.5664026465,13.302712531,.
1028,.,10.5664026465,13.302712531,.
1029,.,10.5664026465,13.302712531,.
1030,.,10.5664026465,13.302712531,.
1031,.,10.5664026465,13.302712531,.
1032,.,10.5664026465,13.302712531,.
1033,.,10.5664026465,13.302712531,.
1034,.,10.5664026465,13.302712531,.
1035,.,10.5664026465,13.302712531,.
1036,.,10.5664026465,13.302712531,.
1037,.,10.5664026465,13.302712531,.
1038,.,10.5664026465,13.302712531,.
1039,.,10.124164455,13.3557435791,.
1040,.,10.124164455,13.3557435791,.
1041,.,10.124164455,13.3557435791,.
1042,.,10.124164455,13.3557435791,.
1043,.,10.124164455,13.3557435791,.
1044,.,10.124164455,13.3557435791,.
1045,.,10.124164455,13.3557435791,.
1046,.,10.124164455,13.3557435791,.
1047,.,10.124164455,13.3557435791,.
1048,.,10.124164455,13.3557435791,.
1049,.,10.124164455,13.3557435791,.
1050,.,10.124164455,13.3557435791,.
1051,.,10.124164455,13.3557435791,.
1052,.,10.124164455,13.3557435791,.
1053,.,10.124164455,13.3557435791,.
1054,.,10.124164455,13.3557435791,.
1055,.,10.124164455,13.3557435791,.
1056,.,9.62343718166,12.5304461267,.
1057,.,9.62343718166,12.5304461267,.
1058,.,9.62343718166,12.5304461267,.
1059,.,9.62343718166,12.5304461267,.
1060,.,9.62343718166,12.5304461267,.
1061,.,9.62343718166,12.5304461267,.
1062,.,9.62343718166,12.5304461267,.
1063,.,8.17382294002,12.0258438059,.
1064,.,8.17382294002,12.0258438059,.
1065,.,8.17382294002,12.0258438059,.
1066,.,8.17382294002,12.0258438059,.
1067,.,8.17382294002,12.0258438059,.
1068,.,8.17382294002,12.0258438059,.
1069,.,8.17382294002,12.0258438059,.
1070,.,8.17382294002,12.0258438059,.
1071,.,8.17382294002,12.0258438059,.
1072,.,8.17382294002,12.0258438059,.
1073,.,9.28211158444,12.4135524347,.
1074,.,9.19498051779,12.4857196889,.
1075,.,9.19498051779,12.4857196889,.
1076,.,9.19498051779,12.4857196889,.
1077,.,9.19498051779,12.4857196889,.
1078,.,9.19498051779,12.4857196889,.
1079,.,9.19498051779,12.4857196889,.
1080,.,4.86465103466,7.84994924205,.
1081,.,4.86465103466,7.84994924205,.
1082,.,4.68817896818,7.70875490803,.
1083,.,4.68817896818,7.70875490803,.
1084,.,4.68817896818,7.70875490803,.
1085,.,4.68817896818,7.70875490803,.
1086,.,4.68817896818,7.70875490803,.
1087,.,4.68817896818,7.70875490803,.
1088,.,4.96466286575,7.8047042472,.
1089,.,4.96466286575,7.8047042472,.
1090,.,5.08858328195,7.73858652865,.
1091,.,5.08858328195,7.73858652865,.
1092,.,5.08858328195,7.73858652865,.
1093,.,5.276399221,7.72157200275,.
1094,.,4.92022171916,7.93002180518,.
1095,.,4.92022171916,7.93002180518,.
1096,.,4.82668837408,7.74136862707,.
1097,.,4.82668837408,7.74136862707,.
1098,.,4.67654793575,8.04799311201,.
1099,.,4.67654793575,8.04799311201,.
1100,.,4.68524009619,8.11784559981,.
1101,.,4.68524009619,8.11784559981,.
1102,.,4.93878794562,7.90031135063,.
1103,.,4.93878794562,7.90031135063,.
1104,.,4.93878794562,7.90031135063,.
1105,.,4.79080173948,7.71196899943,.
1106,.,4.79080173948,7.71196899943,.
1107,.,4.79080173948,7.71196899943,.
1108,.,4.79080173948,7.71196899943,.
1109,.,4.736540812,8.26232528338,.
1110,.,4.7409244355,8.25424548222,.
1111,.,4.97508871936,7.97210834828,.
1112,.,4.97508871936,7.97210834828,.
1113,.,4.97508871936,7.97210834828,.
1114,.,4.97508871936,7.97210834828,.
1115,.,4.97508871936,7.97210834828,.
1116,.,4.97508871936,7.97210834828,.
1117,.,4.97508871936,7.97210834828,.
1118,.,4.97508871936,7.97210834828,.
1119,.,4.97508871936,7.97210834828,.
1120,.,4.97508871936,7.97210834828,.
1121,.,5.06482456101,7.87470962924,.
1122,.,6.13830921581,6.79309260454,.
1123,.,6.24153758762,6.9368284516,.
1124,.,6.24153758762,6.9368284516,.
1125,.,6.24153758762,6.9368284516,.
1126,.,6.24153758762,6.9368284516,.
1127,.,6.24153758762,6.9368284516,.
1128,.,6.24153758762,6.9368284516,.
1129,.,6.24153758762,6.9368284516,.
1130,.,6.24153758762,6.9368284516,.
1131,.,6.30707299833,6.97017505862,.
1132,.,6.30707299833,6.97017505862,.
1133,.,6.30707299833,6.97017505862,.
1134,.,6.30707299833,6.97017505862,.
1135,.,6.30707299833,6.97017505862,.
1136,.,6.30707299833,6.97017505862,.
1137,.,6.30707299833,6.97017505862,.
1138,.,6.30707299833,6.97017505862,.
1139,.,6.30707299833,6.97017505862,.
1140,.,6.167916309,6.84332492011,.
1141,.,6.33326923973,6.93579457538,.
1142,.,6.33326923973,6.93579457538,.
1143,.,6.33326923973,6.93579457538,.
1144,.,6.33326923973,6.93579457538,.
1145,.,6.33326923973,6.93579457538,.
1146,.,6.33326923973,6.93579457538,.
1147,.,6.33326923973,6.93579457538,.
1148,.,6.33326923973,6.93579457538,.
1149,.,6.33326923973,6.93579457538,.
1150,.,6.33326923973,6.93579457538,.
1151,.,6.24955537817,7.06968516066,.
1152,.,6.24955537817,7.06968516066,.
1153,.,6.42898240461,7.49447554911,.
1154,.,6.42898240461,7.49447554911,.
1155,.,6.24955537817,7.06968516066,.
1156,.,6.24955537817,7.06968516066,.
1157,.,6.24955537817,7.06968516066,.
1158,.,6.24955537817,7.06968516066,.
1159,.,6.24955537817,7.06968516066,.
1160,.,6.19819369931,6.93406147229,.
1161,.,6.19819369931,6.93406147229,.
1162,.,6.19819369931,6.93406147229,.
1163,.,6.19819369931,6.93406147229,.
1164,.,6.19819369931,6.93406147229,.
1165,.,6.19819369931,6.93406147229,.
1166,.,6.19819369931,6.93406147229,.
1167,.,5.9221507086,6.87930509363,.
1168,.,5.9221507086,6.87930509363,.
1169,.,5.9221507086,6.87930509363,.
1170,.,5.9221507086,6.87930509363,.
1171,.,6.03767289495,7.08367037529,.
1172,.,6.03767289495,7.08367037529,.
1173,.,6.03767289495,7.08367037529,.
1174,.,5.98187376422,7.25418054548,.
1175,.,5.98187376422,7.25418054548,.
1176,.,5.98187376422,7.25418054548,.
1177,.,5.98187376422,7.25418054548,.
1178,.,5.98187376422,7.25418054548,.
1179,.,5.98187376422,7.25418054548,.
1180,.,5.98187376422,7.25418054548,.
1181,.,5.98187376422,7.25418054548,.
1182,.,5.98187376422,7.25418054548,.
1183,.,5.98187376422,7.25418054548,.
1184,.,5.98187376422,7.25418054548,.
1185,.,5.98187376422,7.25418054548,.
1186,.,5.98187376422,7.25418054548,.
1187,.,5.98187376422,7.25418054548,.
1188,.,5.98187376422,7.25418054548,.
1189,.,5.98187376422,7.25418054548,.
1190,.,5.98187376422,7.25418054548,.
1191,.,5.98187376422,7.25418054548,.
1192,.,5.98187376422,7.25418054548,.
1193,.,6.24955537817,7.06968516066,.
1194,.,6.24955537817,7.06968516066,.
1195,.,6.24955537817,7.06968516066,.
1196,.,6.24955537817,7.06968516066,.
1197,.,6.24955537817,7.06968516066,.
1198,.,6.19819369931,6.93406147229,.
1199,.,6.19819369931,6.93406147229,.
1200,.,6.19819369931,6.93406147229,.
1201,.,6.19819369931,6.93406147229,.
1202,.,6.51682030853,6.95972221156,.
1203,.,6.51682030853,6.95972221156,.
1204,.,6.51682030853,6.95972221156,.
1205,.,6.51682030853,6.95972221156,.
1206,.,6.51682030853,6.95972221156,.
1207,.,6.51682030853,6.95972221156,.
1208,.,6.51682030853,6.95972221156,.
1209,.,6.51682030853,6.95972221156,.
1210,.,6.51682030853,6.95972221156,.
1211,.,6.51682030853,6.95972221156,.
1212,.,6.51682030853,6.95972221156,.
1213,.,6.51682030853,6.95972221156,.
1214,.,6.51682030853,6.95972221156,.
1215,.,6.51682030853,6.95972221156,.
1216,.,6.51682030853,6.95972221156,.
1217,.,6.51682030853,6.95972221156,.
1218,.,6.51682030853,6.95972221156,.
1219,.,6.51682030853,6.95972221156,.
1220,.,10.0746622967,9.60863965762,.
1221,.,10.0746622967,9.60863965762,.
1222,.,10.0746622967,9.60863965762,.
1223,.,10.0746622967,9.60863965762,.
1224,.,10.0746622967,9.60863965762,.
1225,.,10.0746622967,9.60863965762,.
1226,.,10.0746622967,9.60863965762,.
1227,.,10.0746622967,9.60863965762,.
1228,.,10.0746622967,9.60863965762,.
1229,.,10.0746622967,9.60863965762,.
1230,.,10.0746622967,9.60863965762,.
1231,.,10.0746622967,9.60863965762,.
1232,.,10.0746622967,9.60863965762,.
1233,.,10.0746622967,9.60863965762,.
1234,.,10.0746622967,9.60863965762,.
1235,.,10.0746622967,9.60863965762,.
1236,.,10.0746622967,9.60863965762,.
1237,.,10.0746622967,9.60863965762,.
1238,.,10.0746622967,9.60863965762,.
1239,.,10.0746622967,9.60863965762,.
1240,.,10.0746622967,9.60863965762,.
1241,.,10.2374167796,10.1316668985,.
1242,.,10.2374167796,10.1316668985,.
1243,.,10.2374167796,10.1316668985,.
1244,.,10.2374167796,10.1316668985,.
1245,.,10.2374167796,10.1316668985,.
1246,.,10.2374167796,10.1316668985,.
1247,.,10.2374167796,10.1316668985,.
1248,.,10.2374167796,10.1316668985,.
1249,.,10.2374167796,10.1316668985,.
1250,.,10.2374167796,10.1316668985,.
1251,.,10.2374167796,10.1316668985,.
1252,.,10.2374167796,10.1316668985,.
1253,.,10.2374167796,10.1316668985,.
1254,.,10.6546031992,10.4737639515,.
1255,.,10.6546031992,10.4737639515,.
1256,.,10.6546031992,10.4737639515,.
1257,.,10.907719355,10.0246378001,.
1258,.,10.907719355,10.0246378001,.
1259,.,10.907719355,10.0246378001,.
1260,.,10.3669816879,9.50270725802,.
1261,.,10.3669816879,9.50270725802,.
1262,.,10.3669816879,9.50270725802,.
1263,.,10.3669816879,9.50270725802,.
1264,.,10.3669816879,9.50270725802,.
1265,.,10.3669816879,9.50270725802,.
1266,.,10.3669816879,9.50270725802,.
1267,.,10.3669816879,9.50270725802,.
1268,.,10.3669816879,9.50270725802,.
1269,.,10.3669816879,9.50270725802,.
1270,.,10.3669816879,9.50270725802,.
1271,.,10.3669816879,9.50270725802,.
1272,.,10.3669816879,9.50270725802,.
1273,.,10.3669816879,9.50270725802,.
1274,.,10.3669816879,9.50270725802,.
1275,.,10.3669816879,9.50270725802,.
1276,.,9.91672751719,8.88729172616,.
1277,.,10.286224686,9.63766289493,.
1278,.,10.286224686,9.63766289493,.
1279,.,10.286224686,9.63766289493,.
1280,.,10.286224686,9.63766289493,.
1281,.,10.286224686,9.63766289493,.
1282,.,10.286224686,9.63766289493,.
1283,.,10.286224686,9.63766289493,.
1284,.,10.286224686,9.63766289493,.
1285,.,10.286224686,9.63766289493,.
1286,.,10.286224686,9.63766289493,.
1287,.,10.286224686,9.63766289493,.
1288,.,10.286224686,9.63766289493,.
1289,.,10.2565219247,9.7741729458,.
1290,.,10.2565219247,9.7741729458,.
1291,.,10.2565219247,9.7741729458,.
1292,.,10.2565219247,9.7741729458,.
1293,.,9.53739763235,9.50264472359,.
1294,.,9.53739763235,9.50264472359,.
1295,.,9.53739763235,9.50264472359,.
1296,.,9.53739763235,9.50264472359,.
1297,.,9.53739763235,9.50264472359,.
1298,.,9.53739763235,9.50264472359,.
1299,.,9.53739763235,9.50264472359,.
1300,.,9.53739763235,9.50264472359,.
1301,.,9.53739763235,9.50264472359,.
1302,.,9.53739763235,9.50264472359,.
1303,.,9.53739763235,9.50264472359,.
1304,.,9.53739763235,9.50264472359,.
1305,.,9.53739763235,9.50264472359,.
1306,.,9.53739763235,9.50264472359,.
1307,.,9.53739763235,9.50264472359,.
1308,.,9.53739763235,9.50264472359,.
1309,.,9.53739763235,9.50264472359,.
1310,.,9.98102004232,9.54943273852,.
1311,.,9.98102004232,9.54943273852,.
1312,.,9.98102004232,9.54943273852,.
1313,.,9.98102004232,9.54943273852,.
1314,.,9.98102004232,9.54943273852,.
1315,.,9.98102004232,9.54943273852,.
1316,.,9.98102004232,9.54943273852,.
1317,.,9.98102004232,9.54943273852,.
1318,.,9.98102004232,9.54943273852,.
1319,.,9.98102004232,9.54943273852,.
1320,.,9.98102004232,9.54943273852,.
1321,.,9.98102004232,9.54943273852,.
1322,.,9.98102004232,9.54943273852,.
1323,.,9.98102004232,9.54943273852,.
1324,.,9.98102004232,9.54943273852,.
1325,.,9.98102004232,9.54943273852,.
1326,.,9.98102004232,9.54943273852,.
1327,.,9.98102004232,9.54943273852,.
1328,.,9.98102004232,9.54943273852,.
1329,.,9.98102004232,9.54943273852,.
1330,.,9.98102004232,9.54943273852,.
1331,.,9.98102004232,9.54943273852,.
1332,.,9.98102004232,9.54943273852,.
1333,.,11.3894100698,10.1751093162,.
1334,.,10.4463536031,10.0796750987,.
1335,.,10.4463536031,10.0796750987,.
1336,.,10.4463536031,10.0796750987,.
1337,.,10.4463536031,10.0796750987,.
1338,.,10.4463536031,10.0796750987,.
1339,.,10.4463536031,10.0796750987,.
1340,.,10.4463536031,10.0796750987,.
1341,.,10.4463536031,10.0796750987,.
1342,.,10.4463536031,10.0796750987,.
1343,.,10.4463536031,10.0796750987,.
1344,.,10.4463536031,10.0796750987,.
1345,.,10.4463536031,10.0796750987,.
1346,.,10.4463536031,10.0796750987,.
1347,.,10.4463536031,10.0796750987,.
1348,.,10.4463536031,10.0796750987,.
1349,.,10.4463536031,10.0796750987,.
1350,.,10.4463536031,10.0796750987,.
1351,.,10.4463536031,10.0796750987,.
1352,.,10.4463536031,10.0796750987,.
1353,.,10.4463536031,10.0796750987,.
1354,.,10.4463536031,10.0796750987,.
1355,.,10.4463536031,10.0796750987,.
1356,.,10.24342686,9.62402387443,.
1357,.,10.24342686,9.62402387443,.
1358,.,10.24342686,9.62402387443,.
1359,.,10.24342686,9.62402387443,.
1360,.,10.24342686,9.62402387443,.
1361,.,10.24342686,9.62402387443,.
1362,.,10.24342686,9.62402387443,.
1363,.,10.24342686,9.62402387443,.
1364,.,10.24342686,9.62402387443,.
1365,.,10.24342686,9.62402387443,.
1366,.,10.24342686,9.62402387443,.
1367,.,10.24342686,9.62402387443,.
1368,.,10.24342686,9.62402387443,.
1369,.,10.1668421172,9.39315796629,.
1370,.,10.1668421172,9.39315796629,.
1371,.,10.1668421172,9.39315796629,.
1372,.,10.1668421172,9.39315796629,.
1373,.,10.1668421172,9.39315796629,.
1374,.,10.1668421172,9.39315796629,.
1375,.,10.1668421172,9.39315796629,.
1376,.,10.1668421172,9.39315796629,.
1377,.,10.1668421172,9.39315796629,.
1378,.,10.1668421172,9.39315796629,.
1379,.,10.1013592341,8.98800280597,.
1380,.,10.1013592341,8.98800280597,.
1381,.,10.1013592341,8.98800280597,.
1382,.,10.1013592341,8.98800280597,.
1383,.,10.1013592341,8.98800280597,.
1384,.,10.1013592341,8.98800280597,.
1385,.,10.1013592341,8.98800280597,.
1386,.,10.1013592341,8.98800280597,.
1387,.,10.1013592341,8.98800280597,.
1388,.,10.1013592341,8.98800280597,.
1389,.,10.1013592341,8.98800280597,.
1390,.,10.1013592341,8.98800280597,.
1391,.,10.1013592341,8.98800280597,.
1392,.,10.1013592341,8.98800280597,.
1393,.,10.1013592341,8.98800280597,.
1394,.,10.1013592341,8.98800280597,.
1395,.,10.1013592341,8.98800280597,.
1396,.,10.1013592341,8.98800280597,.
1397,.,4.78973914833,6.30791226865,.
1398,.,5.07909083282,6.36001722323,.
1399,.,5.07909083282,6.36001722323,.
1400,.,7.51514666615,8.10456074405,.
1401,.,7.51514666615,8.10456074405,.
1402,.,7.51514666615,8.10456074405,.
1403,.,6.69108625754,9.17602405307,.
1404,.,7.024700005,7.85588266464,.
1405,.,7.024700005,7.85588266464,.
1406,.,7.024700005,7.85588266464,.
1407,.,7.024700005,7.85588266464,.
1408,.,7.024700005,7.85588266464,.
1409,.,7.024700005,7.85588266464,.
1410,.,7.024700005,7.85588266464,.
1411,.,7.024700005,7.85588266464,.
1412,.,7.7352051419,8.47753518815,.
1413,.,6.9453568083,7.99922929639,.
1414,.,7.7869762681,8.03573096476,.
1415,.,7.7869762681,8.03573096476,.
1416,.,7.7869762681,8.03573096476,.
1417,.,7.60977005259,8.9881023525,.
1418,.,7.60977005259,8.9881023525,.
1419,.,7.60977005259,8.9881023525,.
1420,.,7.60977005259,8.9881023525,.
1421,.,6.82814953483,8.28862817616,.
1422,.,7.113405683,7.82411894872,.
1423,.,7.113405683,7.82411894872,.
1424,.,7.113405683,7.82411894872,.
1425,.,7.113405683,7.82411894872,.
1426,.,7.113405683,7.82411894872,.
1427,.,7.113405683,7.82411894872,.
1428,.,7.113405683,7.82411894872,.
1429,.,7.03607027997,7.77424565272,.
1430,.,7.03607027997,7.77424565272,.
1431,.,7.03607027997,7.77424565272,.
1432,.,7.03607027997,7.77424565272,.
1433,.,7.03607027997,7.77424565272,.
1434,.,7.03607027997,7.77424565272,.
1435,.,7.03607027997,7.77424565272,.
1436,.,7.03607027997,7.77424565272,.
1437,.,7.45080054638,7.97952966732,.
1438,.,10.5770578857,12.1764651264,.
1439,.,10.5770578857,12.1764651264,.
1440,.,10.5770578857,12.1764651264,.
1441,.,10.5770578857,12.1764651264,.
1442,.,10.5770578857,12.1764651264,.
1443,.,10.5770578857,12.1764651264,.
1444,.,10.2772898378,12.2024280508,.
1445,.,10.2772898378,12.2024280508,.
1446,.,10.2772898378,12.2024280508,.
1447,.,10.2772898378,12.2024280508,.
1448,.,10.2772898378,12.2024280508,.
1449,.,10.2772898378,12.2024280508,.
1450,.,10.2772898378,12.2024280508,.
1451,.,10.2772898378,12.2024280508,.
1452,.,10.2772898378,12.2024280508,.
1453,.,10.2772898378,12.2024280508,.
1454,.,10.2772898378,12.2024280508,.
1455,.,10.2772898378,12.2024280508,.
1456,.,10.2772898378,12.2024280508,.
1457,.,10.2772898378,12.2024280508,.
1458,.,10.2772898378,12.2024280508,.
1459,.,10.2772898378,12.2024280508,.
1460,.,10.2772898378,12.2024280508,.
1461,.,10.2772898378,12.2024280508,.
1462,.,10.2772898378,12.2024280508,.
1463,.,11.8821171122,13.154616885,.
1464,.,5.10748991826,8.18243277741,.
1465,.,6.80038984022,8.92703039084,.
1466,.,6.80038984022,8.92703039084,.
1467,.,6.80038984022,8.92703039084,.
1468,.,6.80038984022,8.92703039084,.
1469,.,6.63226648906,8.88422412251,.
1470,.,5.88582149476,8.77605131388,.
1471,.,5.88582149476,8.77605131388,.
1472,.,5.79919980045,8.71422904499,.
1473,.,5.98519947969,8.23441578226,.
1474,.,5.84791176578,8.17401073158,.
1475,.,6.11554285941,6.17661906842,.
1476,.,6.11554285941,6.17661906842,.
1477,.,6.11554285941,6.17661906842,.
1478,.,6.11554285941,6.17661906842,.
1479,.,6.11554285941,6.17661906842,.
1480,.,6.11554285941,6.17661906842,.
1481,.,6.11554285941,6.17661906842,.
1482,.,6.11554285941,6.17661906842,.
1483,.,6.11554285941,6.17661906842,.
1484,.,6.11554285941,6.17661906842,.
1485,.,6.11554285941,6.17661906842,.
1486,.,6.11554285941,6.17661906842,.
1487,.,6.11554285941,6.17661906842,.
1488,.,6.17541409064,6.52049495284,.
1489,.,6.17541409064,6.52049495284,.
1490,.,6.17541409064,6.52049495284,.
1491,.,6.17541409064,6.52049495284,.
1492,.,6.17541409064,6.52049495284,.
1493,.,6.17541409064,6.52049495284,.
1494,.,6.17541409064,6.52049495284,.
1495,.,5.86816049801,5.79000854181,.
1496,.,5.86816049801,5.79000854181,.
1497,.,5.86816049801,5.79000854181,.
1498,.,5.86816049801,5.79000854181,.
1499,.,5.86816049801,5.79000854181,.
1500,.,5.94627816241,5.62921957956,.
1501,.,6.20930771378,6.2915431925,.
1502,.,6.20930771378,6.2915431925,.
1503,.,6.20930771378,6.2915431925,.
1504,.,6.20930771378,6.2915431925,.
1505,.,5.84257589102,6.39029598184,.
1506,.,5.84257589102,6.39029598184,.
1507,.,5.84257589102,6.39029598184,.
1508,.,5.84257589102,6.39029598184,.
1509,.,5.84257589102,6.39029598184,.
1510,.,5.80992646641,6.43513704276,.
1511,.,5.6704857194,6.43348748455,.
1512,.,5.73464823399,5.75050850612,.
1513,.,5.73464823399,5.75050850612,.
1514,.,5.73464823399,5.75050850612,.
1515,.,5.73464823399,5.75050850612,.
1516,.,5.73464823399,5.75050850612,.
1517,.,5.597388805,5.62080142995,.
1518,.,5.67230975717,5.76869610518,.
1519,.,6.37484011777,7.95872670003,.
1520,.,6.37484011777,7.95872670003,.
1521,.,6.37484011777,7.95872670003,.
1522,.,6.37484011777,7.95872670003,.
1523,.,6.37484011777,7.95872670003,.
1524,.,6.37484011777,7.95872670003,.
1525,.,6.37484011777,7.95872670003,.
1526,.,6.37484011777,7.95872670003,.
1527,.,6.37484011777,7.95872670003,.
1528,.,6.37484011777,7.95872670003,.
1529,.,6.69118125694,8.13510252436,.
1530,.,6.69118125694,8.13510252436,.
1531,.,6.69118125694,8.13510252436,.
1532,.,6.69118125694,8.13510252436,.
1533,.,6.69118125694,8.13510252436,.
1534,.,6.69118125694,8.13510252436,.
1535,.,6.09841937207,7.80601488159,.
1536,.,6.09841937207,7.80601488159,.
1537,.,6.09841937207,7.80601488159,.
1538,.,6.09841937207,7.80601488159,.
1539,.,6.09841937207,7.80601488159,.
1540,.,6.09841937207,7.80601488159,.
1541,.,6.09841937207,7.80601488159,.
1542,.,6.09841937207,7.80601488159,.
1543,.,6.09841937207,7.80601488159,.
1544,.,5.90239078833,7.88108495188,.
1545,.,6.29112587931,8.24412304517,.
1546,.,6.29112587931,8.24412304517,.
1547,.,6.29112587931,8.24412304517,.
1548,.,6.29112587931,8.24412304517,.
1549,.,6.29112587931,8.24412304517,.
1550,.,6.29112587931,8.24412304517,.
1551,.,6.29112587931,8.24412304517,.
1552,.,6.29112587931,8.24412304517,.
1553,.,6.29112587931,8.24412304517,.
1554,.,6.29112587931,8.24412304517,.
1555,.,6.29112587931,8.24412304517,.
1556,.,6.54013964079,8.11283774735,.
1557,.,6.54013964079,8.11283774735,.
1558,.,6.54013964079,8.11283774735,.
1559,.,6.38160450396,8.07950672194,.
1560,.,6.38160450396,8.07950672194,.
1561,.,6.38160450396,8.07950672194,.
1562,.,6.38160450396,8.07950672194,.
1563,.,6.38160450396,8.07950672194,.
1564,.,6.38160450396,8.07950672194,.
1565,.,6.25440328467,7.94305267849,.
1566,.,6.25440328467,7.94305267849,.
1567,.,6.25440328467,7.94305267849,.
1568,.,6.10715835614,7.9426282725,.
1569,.,6.10715835614,7.9426282725,.
1570,.,6.10715835614,7.9426282725,.
1571,.,5.90682263482,7.67552254002,.
1572,.,5.90682263482,7.67552254002,.
1573,.,5.90682263482,7.67552254002,.
1574,.,5.90682263482,7.67552254002,.
1575,.,5.90682263482,7.67552254002,.
1576,.,5.90682263482,7.67552254002,.
1577,.,5.90682263482,7.67552254002,.
1578,.,7.2775054367,6.27529360525,.
1579,.,7.2775054367,6.27529360525,.
1580,.,7.2775054367,6.27529360525,.
1581,.,7.2775054367,6.27529360525,.
1582,.,7.2775054367,6.27529360525,.
1583,.,7.03818788075,6.06581164329,.
1584,.,7.03818788075,6.06581164329,.
1585,.,7.03818788075,6.06581164329,.
1586,.,7.03818788075,6.06581164329,.
1587,.,6.51633680839,5.67282952693,.
1588,.,6.71296006386,6.31045180394,.
1589,.,6.71296006386,6.31045180394,.
1590,.,7.10576145826,6.50310442713,.
1591,.,7.10576145826,6.50310442713,.
1592,.,7.10576145826,6.50310442713,.
1593,.,7.10576145826,6.50310442713,.
1594,.,7.10576145826,6.50310442713,.
1595,.,7.10576145826,6.50310442713,.
1596,.,7.10576145826,6.50310442713,.
1597,.,7.10576145826,6.50310442713,.
1598,.,7.28560608554,6.28998404329,.
1599,.,7.28560608554,6.28998404329,.
1600,.,7.28560608554,6.28998404329,.
1601,.,7.28560608554,6.28998404329,.
1602,.,7.17568124122,6.47686110716,.
1603,.,7.17568124122,6.47686110716,.
1604,.,7.17568124122,6.47686110716,.
1605,.,7.17568124122,6.47686110716,.
1606,.,7.08942225339,6.26469826562,.
1607,.,7.09779419619,6.28933510926,.
1608,.,7.09779419619,6.28933510926,.
1609,.,6.38313774311,5.30676310728,.
1610,.,6.38313774311,5.30676310728,.
1611,.,6.38313774311,5.30676310728,.
1612,.,6.96866860138,6.05721506652,.
1613,.,6.96866860138,6.05721506652,.
1614,.,6.61938086129,5.98747065044,.
1615,.,7.08942225339,6.26469826562,.
1616,.,7.43604086154,5.45388111165,.
1617,.,7.43604086154,5.45388111165,.
1618,.,7.43604086154,5.45388111165,.
1619,.,7.43604086154,5.45388111165,.
1620,.,7.43604086154,5.45388111165,.
1621,.,7.43604086154,5.45388111165,.
1622,.,7.43604086154,5.45388111165,.
1623,.,7.43501527475,5.46223765229,.
1624,.,7.43501527475,5.46223765229,.
1625,.,7.43501527475,5.46223765229,.
1626,.,7.65022747307,5.55040495057,.
1627,.,7.54831005799,5.5698582121,.
1628,.,7.54831005799,5.5698582121,.
1629,.,7.54831005799,5.5698582121,.
1630,.,7.54831005799,5.5698582121,.
1631,.,7.78765339582,5.2578914237,.
1632,.,7.78765339582,5.2578914237,.
1633,.,7.78765339582,5.2578914237,.
1634,.,7.78361559189,5.50333779057,.
1635,.,7.95997309265,5.25634223489,.
1636,.,8.02482405959,5.0652759136,.
1637,.,7.74275851224,5.39578688743,.
1638,.,7.74275851224,5.39578688743,.
1639,.,5.97697115544,7.69542430371,.
1640,.,5.97697115544,7.69542430371,.
1641,.,5.97697115544,7.69542430371,.
1642,.,5.97697115544,7.69542430371,.
1643,.,6.94978053571,7.4785457797,.
1644,.,6.94978053571,7.4785457797,.
1645,.,6.94978053571,7.4785457797,.
1646,.,6.366917857,7.22449517406,.
1647,.,6.366917857,7.22449517406,.
1648,.,6.366917857,7.22449517406,.
1649,.,6.366917857,7.22449517406,.
1650,.,6.366917857,7.22449517406,.
1651,.,6.92189164454,7.3908807764,.
1652,.,6.92189164454,7.3908807764,.
1653,.,6.92189164454,7.3908807764,.
1654,.,6.92189164454,7.3908807764,.
1655,.,6.92189164454,7.3908807764,.
1656,.,6.92189164454,7.3908807764,.
1657,.,6.76793731983,7.64815866874,.
1658,.,6.76793731983,7.64815866874,.
1659,.,6.76793731983,7.64815866874,.
1660,.,6.76793731983,7.64815866874,.
1661,.,6.76793731983,7.64815866874,.
1662,.,6.76793731983,7.64815866874,.
1663,.,6.76793731983,7.64815866874,.
1664,.,6.76793731983,7.64815866874,.
1665,.,6.76793731983,7.64815866874,.
1666,.,6.76793731983,7.64815866874,.
1667,.,6.76793731983,7.64815866874,.
1668,.,6.76793731983,7.64815866874,.
1669,.,6.76793731983,7.64815866874,.
1670,.,6.28524505144,7.31597545017,.
1671,.,6.28524505144,7.31597545017,.
1672,.,6.28524505144,7.31597545017,.
1673,.,6.13159359817,7.51627929796,.
1674,.,6.13159359817,7.51627929796,.
1675,.,6.13159359817,7.51627929796,.
1676,.,6.13159359817,7.51627929796,.
1677,.,6.0764971256,7.59347289357,.
1678,.,6.0764971256,7.59347289357,.
1679,.,6.0764971256,7.59347289357,.
1680,.,6.0764971256,7.59347289357,.
1681,.,6.0764971256,7.59347289357,.
1682,.,6.0764971256,7.59347289357,.
1683,.,6.0764971256,7.59347289357,.
1684,.,6.0764971256,7.59347289357,.
1685,.,6.05433998352,7.44079716247,.
1686,.,6.49945749288,7.51236288608,.
1687,.,6.49945749288,7.51236288608,.
1688,.,6.63318084377,7.56968980535,.
1689,.,6.63318084377,7.56968980535,.
1690,.,6.63318084377,7.56968980535,.
1691,.,6.63318084377,7.56968980535,.
1692,.,6.4694966136,7.52290845598,.
1693,.,6.4694966136,7.52290845598,.
1694,.,6.4694966136,7.52290845598,.
1695,.,6.41653942676,7.54305813017,.
1696,.,6.41653942676,7.54305813017,.
1697,.,6.09073686897,7.67142441334,.
1698,.,6.09073686897,7.67142441334,.
1699,.,6.09073686897,7.67142441334,.
1700,.,6.09073686897,7.67142441334,.
1701,.,6.09073686897,7.67142441334,.
1702,.,6.09073686897,7.67142441334,.
1703,.,6.48980628868,7.39750151956,.
1704,.,6.48980628868,7.39750151956,.
1705,.,6.48980628868,7.39750151956,.
1706,.,6.48980628868,7.39750151956,.
1707,.,6.48980628868,7.39750151956,.
1708,.,6.83145965855,6.98606701458,.
1709,.,6.83145965855,6.98606701458,.
1710,.,6.83145965855,6.98606701458,.
1711,.,6.83145965855,6.98606701458,.
1712,.,6.83145965855,6.98606701458,.
1713,.,6.83145965855,6.98606701458,.
1714,.,6.83145965855,6.98606701458,.
1715,.,6.4694966136,7.52290845598,.
1716,.,10.2960624391,11.1851232783,.
1717,.,10.2960624391,11.1851232783,.
1718,.,10.2960624391,11.1851232783,.
1719,.,10.2960624391,11.1851232783,.
1720,.,10.2960624391,11.1851232783,.
1721,.,10.2960624391,11.1851232783,.
1722,.,10.4839449376,11.3966333392,.
1723,.,10.4839449376,11.3966333392,.
1724,.,10.4839449376,11.3966333392,.
1725,.,10.4839449376,11.3966333392,.
1726,.,10.4724958862,11.2658796547,.
1727,.,10.1581945175,11.4693760711,.
1728,.,10.1581945175,11.4693760711,.
1729,.,10.1581945175,11.4693760711,.
1730,.,10.1581945175,11.4693760711,.
1731,.,9.86015744722,11.1997429657,.
1732,.,9.86015744722,11.1997429657,.
1733,.,9.86015744722,11.1997429657,.
1734,.,9.86015744722,11.1997429657,.
1735,.,9.86015744722,11.1997429657,.
1736,.,9.86015744722,11.1997429657,.
1737,.,9.86015744722,11.1997429657,.
1738,.,8.94381304739,7.66312433803,.
1739,.,10.3056619439,11.1688801061,.
1740,.,9.65963340171,11.5984321635,.
1741,.,9.65963340171,11.5984321635,.
1742,.,9.65963340171,11.5984321635,.
1743,.,9.65963340171,11.5984321635,.
1744,.,9.65963340171,11.5984321635,.
1745,.,9.65963340171,11.5984321635,.
1746,.,9.65963340171,11.5984321635,.
1747,.,9.65963340171,11.5984321635,.
1748,.,9.65963340171,11.5984321635,.
1749,.,9.65963340171,11.5984321635,.
1750,.,9.65963340171,11.5984321635,.
1751,.,9.87965774044,11.1646311378,.
1752,.,9.87965774044,11.1646311378,.
1753,.,9.87965774044,11.1646311378,.
1754,.,9.87965774044,11.1646311378,.
1755,.,9.87965774044,11.1646311378,.
1756,.,9.87965774044,11.1646311378,.
1757,.,9.87965774044,11.1646311378,.
1758,.,9.87965774044,11.1646311378,.
1759,.,9.87965774044,11.1646311378,.
1760,.,9.87965774044,11.1646311378,.
1761,.,9.84570367528,11.1950263379,.
1762,.,9.84570367528,11.1950263379,.
1763,.,9.84570367528,11.1950263379,.
1764,.,9.84570367528,11.1950263379,.
1765,.,9.84570367528,11.1950263379,.
1766,.,9.84570367528,11.1950263379,.
1767,.,9.84570367528,11.1950263379,.
1768,.,9.84570367528,11.1950263379,.
1769,.,9.84570367528,11.1950263379,.
1770,.,9.84570367528,11.1950263379,.
1771,.,10.296229743,11.1667912934,.
1772,.,10.3108472194,11.1636449408,.
1773,.,10.3108472194,11.1636449408,.
1774,.,10.3108472194,11.1636449408,.
1775,.,10.3108472194,11.1636449408,.
1776,.,10.3108472194,11.1636449408,.
1777,.,10.3108472194,11.1636449408,.
1778,.,10.2776776273,11.190990811,.
1779,.,10.2776776273,11.190990811,.
1780,.,10.2776776273,11.190990811,.
1781,.,11.0673214871,11.3071004471,.
1782,.,11.0673214871,11.3071004471,.
1783,.,11.0673214871,11.3071004471,.
1784,.,11.0673214871,11.3071004471,.
1785,.,11.0673214871,11.3071004471,.
1786,.,9.60901401838,11.0801349574,.
1787,.,9.60901401838,11.0801349574,.
1788,.,9.60901401838,11.0801349574,.
1789,.,9.60901401838,11.0801349574,.
1790,.,9.60901401838,11.0801349574,.
1791,.,9.60901401838,11.0801349574,.
1792,.,9.60901401838,11.0801349574,.
1793,.,9.60901401838,11.0801349574,.
1794,.,9.60901401838,11.0801349574,.
1795,.,10.1540665435,11.3661368775,.
1796,.,10.1540665435,11.3661368775,.
1797,.,10.1540665435,11.3661368775,.
1798,.,10.1540665435,11.3661368775,.
1799,.,10.1540665435,11.3661368775,.
1800,.,10.1540665435,11.3661368775,.
1801,.,10.1540665435,11.3661368775,.
1802,.,9.84570367528,11.1950263379,.
1803,.,9.84570367528,11.1950263379,.
1804,.,9.84570367528,11.1950263379,.
1805,.,5.44315706398,7.05253754146,.
1806,.,5.44315706398,7.05253754146,.
1807,.,5.78882325094,6.91399612712,.
1808,.,5.78882325094,6.91399612712,.
1809,.,5.78882325094,6.91399612712,.
1810,.,5.78882325094,6.91399612712,.
1811,.,5.78882325094,6.91399612712,.
1812,.,5.78882325094,6.91399612712,.
1813,.,5.78882325094,6.91399612712,.
1814,.,5.78882325094,6.91399612712,.
1815,.,5.78882325094,6.91399612712,.
1816,.,5.7463142697,6.98741725027,.
1817,.,5.7463142697,6.98741725027,.
1818,.,5.7463142697,6.98741725027,.
1819,.,5.7463142697,6.98741725027,.
1820,.,5.7463142697,6.98741725027,.
1821,.,5.7463142697,6.98741725027,.
1822,.,5.7463142697,6.98741725027,.
1823,.,5.7463142697,6.98741725027,.
1824,.,5.91776306029,7.08737420747,.
1825,.,5.91776306029,7.08737420747,.
1826,.,5.91776306029,7.08737420747,.
1827,.,5.91776306029,7.08737420747,.
1828,.,5.91776306029,7.08737420747,.
1829,.,5.91776306029,7.08737420747,.
1830,.,5.91776306029,7.08737420747,.
1831,.,5.38414137517,7.28461982221,.
1832,.,5.38414137517,7.28461982221,.
1833,.,5.38414137517,7.28461982221,.
1834,.,5.38414137517,7.28461982221,.
1835,.,5.38414137517,7.28461982221,.
1836,.,5.38414137517,7.28461982221,.
1837,.,5.38414137517,7.28461982221,.
1838,.,5.38414137517,7.28461982221,.
1839,.,5.38414137517,7.28461982221,.
1840,.,5.38414137517,7.28461982221,.
1841,.,5.38414137517,7.28461982221,.
1842,.,5.38414137517,7.28461982221,.
1843,.,5.60837961415,7.19182298881,.
1844,.,5.60837961415,7.19182298881,.
1845,.,5.60837961415,7.19182298881,.
1846,.,5.60837961415,7.19182298881,.
1847,.,5.60837961415,7.19182298881,.
1848,.,5.60837961415,7.19182298881,.
1849,.,5.60837961415,7.19182298881,.
1850,.,5.60837961415,7.19182298881,.
1851,.,5.60837961415,7.19182298881,.
1852,.,5.60837961415,7.19182298881,.
1853,.,5.60837961415,7.19182298881,.
1854,.,5.61818859006,7.28824555782,.
1855,.,5.61818859006,7.28824555782,.
1856,.,5.61818859006,7.28824555782,.
1857,.,5.61818859006,7.28824555782,.
1858,.,5.61818859006,7.28824555782,.
1859,.,5.61818859006,7.28824555782,.
1860,.,5.61818859006,7.28824555782,.
1861,.,5.61818859006,7.28824555782,.
1862,.,5.61818859006,7.28824555782,.
1863,.,5.61818859006,7.28824555782,.
1864,.,5.61818859006,7.28824555782,.
1865,.,5.53751709517,7.11295391828,.
1866,.,5.53751709517,7.11295391828,.
1867,.,5.53751709517,7.11295391828,.
1868,.,5.53751709517,7.11295391828,.
1869,.,5.53751709517,7.11295391828,.
1870,.,5.53751709517,7.11295391828,.
1871,.,5.53751709517,7.11295391828,.
1872,.,5.53751709517,7.11295391828,.
1873,.,5.53751709517,7.11295391828,.
1874,.,5.53751709517,7.11295391828,.
1875,.,5.53751709517,7.11295391828,.
1876,.,5.53751709517,7.11295391828,.
1877,.,5.53751709517,7.11295391828,.
1878,.,5.74559935617,7.03659293471,.
1879,.,5.74559935617,7.03659293471,.
1880,.,5.74559935617,7.03659293471,.
1881,.,5.74559935617,7.03659293471,.
1882,.,5.74559935617,7.03659293471,.
1883,.,5.74559935617,7.03659293471,.
1884,.,5.74559935617,7.03659293471,.
1885,.,5.74559935617,7.03659293471,.
1886,.,5.74559935617,7.03659293471,.
1887,.,5.74559935617,7.03659293471,.
1888,.,5.74559935617,7.03659293471,.
1889,.,5.74559935617,7.03659293471,.
1890,.,5.74559935617,7.03659293471,.
1891,.,5.68119395444,7.0752633003,.
1892,.,5.68119395444,7.0752633003,.
1893,.,5.68119395444,7.0752633003,.
1894,.,5.68119395444,7.0752633003,.
1895,.,5.68119395444,7.0752633003,.
1896,.,5.68119395444,7.0752633003,.
1897,.,5.68119395444,7.0752633003,.
1898,.,5.68119395444,7.0752633003,.
1899,.,5.68119395444,7.0752633003,.
1900,.,5.68119395444,7.0752633003,.
1901,.,5.68119395444,7.0752633003,.
1902,.,5.66459247388,7.02171402106,.
1903,.,5.66459247388,7.02171402106,.
1904,.,5.66459247388,7.02171402106,.
1905,.,5.66459247388,7.02171402106,.
1906,.,5.66459247388,7.02171402106,.
1907,.,5.66459247388,7.02171402106,.
1908,.,5.66459247388,7.02171402106,.
1909,.,5.66459247388,7.02171402106,.
1910,.,5.59130454241,7.08652848547,.
1911,.,5.59130454241,7.08652848547,.
1912,.,5.59130454241,7.08652848547,.
1913,.,5.59130454241,7.08652848547,.
1914,.,5.59130454241,7.08652848547,.
1915,.,5.75003999855,7.11686418983,.
1916,.,5.75003999855,7.11686418983,.
1917,.,5.75003999855,7.11686418983,.
1918,.,5.75003999855,7.11686418983,.
1919,.,5.75003999855,7.11686418983,.
1920,.,5.75003999855,7.11686418983,.
1921,.,5.75003999855,7.11686418983,.
1922,.,5.75003999855,7.11686418983,.
1923,.,5.75003999855,7.11686418983,.
1924,.,5.75003999855,7.11686418983,.
1925,.,5.54601607919,7.33464426062,.
1926,.,5.54601607919,7.33464426062,.
1927,.,5.54601607919,7.33464426062,.
1928,.,5.54601607919,7.33464426062,.
1929,.,5.54601607919,7.33464426062,.
1930,.,5.54601607919,7.33464426062,.
1931,.,5.54601607919,7.33464426062,.
1932,.,5.54601607919,7.33464426062,.
1933,.,5.54601607919,7.33464426062,.
1934,.,5.54601607919,7.33464426062,.
1935,.,5.82220067991,7.22707460763,.
1936,.,5.82220067991,7.22707460763,.
1937,.,5.82220067991,7.22707460763,.
1938,.,5.82220067991,7.22707460763,.
1939,.,5.82220067991,7.22707460763,.
1940,.,5.82220067991,7.22707460763,.
1941,.,5.82220067991,7.22707460763,.
1942,.,5.82220067991,7.22707460763,.
1943,.,5.66932287464,6.96430142236,.
1944,.,5.66932287464,6.96430142236,.
1945,.,5.66932287464,6.96430142236,.
1946,.,5.66932287464,6.96430142236,.
1947,.,5.66932287464,6.96430142236,.
1948,.,5.66932287464,6.96430142236,.
1949,.,5.66932287464,6.96430142236,.
1950,.,5.66932287464,6.96430142236,.
1951,.,5.60837961415,7.19182298881,.
1952,.,5.60837961415,7.19182298881,.
1953,.,5.66459247388,7.02171402106,.
1954,.,5.66459247388,7.02171402106,.
1955,.,5.59130454241,7.08652848547,.
1956,.,5.59130454241,7.08652848547,.
1957,.,5.59130454241,7.08652848547,.
1958,.,5.61818859006,7.28824555782,.
1959,.,5.61818859006,7.28824555782,.
1960,.,12.2871702475,9.7172267552,.
1961,.,12.2871702475,9.7172267552,.
1962,.,12.2871702475,9.7172267552,.
1963,.,12.2871702475,9.7172267552,.
1964,.,12.2871702475,9.7172267552,.
1965,.,11.3007607386,7.39367239612,.
1966,.,11.3007607386,7.39367239612,.
1967,.,11.3007607386,7.39367239612,.
1968,.,11.3007607386,7.39367239612,.
1969,.,11.3007607386,7.39367239612,.
1970,.,11.3007607386,7.39367239612,.
1971,.,11.3007607386,7.39367239612,.
1972,.,11.3007607386,7.39367239612,.
1973,.,11.3007607386,7.39367239612,.
1974,.,11.3007607386,7.39367239612,.
1975,.,11.3007607386,7.39367239612,.
1976,.,11.3054656725,7.73390156157,.
1977,.,11.3054656725,7.73390156157,.
1978,.,11.3054656725,7.73390156157,.
1979,.,11.3054656725,7.73390156157,.
1980,.,11.3054656725,7.73390156157,.
1981,.,11.3054656725,7.73390156157,.
1982,.,11.3054656725,7.73390156157,.
1983,.,9.20953725138,8.47389041737,.
1984,.,9.20953725138,8.47389041737,.
1985,.,9.20953725138,8.47389041737,.
1986,.,9.20953725138,8.47389041737,.
1987,.,9.20953725138,8.47389041737,.
1988,.,9.20953725138,8.47389041737,.
1989,.,9.20953725138,8.47389041737,.
1990,.,9.20953725138,8.47389041737,.
1991,.,9.20953725138,8.47389041737,.
1992,.,10.3370052418,7.39518613691,.
1993,.,10.3370052418,7.39518613691,.
1994,.,10.3370052418,7.39518613691,.
1995,.,10.3370052418,7.39518613691,.
1996,.,10.3370052418,7.39518613691,.
1997,.,10.3370052418,7.39518613691,.
1998,.,10.3370052418,7.39518613691,.
1999,.,10.3370052418,7.39518613691,.
2000,.,10.3370052418,7.39518613691,.
2001,.,10.3370052418,7.39518613691,.
2002,.,10.3356319011,7.63962411647,.
2003,.,10.3356319011,7.63962411647,.
2004,.,10.3356319011,7.63962411647,.
2005,.,10.3356319011,7.63962411647,.
2006,.,10.3356319011,7.63962411647,.
2007,.,10.3356319011,7.63962411647,.
2008,.,10.3356319011,7.63962411647,.
2009,.,10.3356319011,7.63962411647,.
2010,.,10.3356319011,7.63962411647,.
2011,.,10.3356319011,7.63962411647,.
2012,.,10.4444478318,7.39190805636,.
2013,.,11.1573171124,8.18270527369,.
2014,.,11.1573171124,8.18270527369,.
2015,.,11.1573171124,8.18270527369,.
2016,.,11.1573171124,8.18270527369,.
2017,.,11.1573171124,8.18270527369,.
2018,.,11.1573171124,8.18270527369,.
2019,.,11.1573171124,8.18270527369,.
2020,.,11.1573171124,8.18270527369,.
2021,.,11.1573171124,8.18270527369,.
2022,.,11.1573171124,8.18270527369,.
2023,.,11.1684206887,8.21179773989,.
2024,.,11.1684206887,8.21179773989,.
2025,.,11.1684206887,8.21179773989,.
2026,.,11.1684206887,8.21179773989,.
2027,.,11.1684206887,8.21179773989,.
2028,.,11.1684206887,8.21179773989,.
2029,.,11.1684206887,8.21179773989,.
2030,.,9.37211032563,8.22958263963,.
2031,.,9.37211032563,8.22958263963,.
2032,.,9.37211032563,8.22958263963,.
2033,.,9.37211032563,8.22958263963,.
2034,.,9.37211032563,8.22958263963,.
2035,.,9.37211032563,8.22958263963,.
2036,.,9.37211032563,8.22958263963,.
2037,.,10.5380750952,7.46720138846,.
2038,.,10.4226523846,7.7717964177,.
2039,.,10.4226523846,7.7717964177,.
2040,.,10.4226523846,7.7717964177,.
2041,.,10.4226523846,7.7717964177,.
2042,.,10.4226523846,7.7717964177,.
2043,.,10.4226523846,7.7717964177,.
2044,.,10.4226523846,7.7717964177,.
2045,.,10.5632084707,8.24222750413,.
2046,.,10.5632084707,8.24222750413,.
2047,.,10.5632084707,8.24222750413,.
2048,.,10.5632084707,8.24222750413,.
2049,.,10.5632084707,8.24222750413,.
2050,.,10.5632084707,8.24222750413,.
2051,.,10.5632084707,8.24222750413,.
2052,.,10.5632084707,8.24222750413,.
2053,.,10.5632084707,8.24222750413,.
2054,.,10.3754800971,8.75104299182,.
2055,.,10.3754800971,8.75104299182,.
2056,.,10.3754800971,8.75104299182,.
2057,.,10.3754800971,8.75104299182,.
2058,.,10.3754800971,8.75104299182,.
2059,.,10.3754800971,8.75104299182,.
2060,.,10.3754800971,8.75104299182,.
2061,.,10.3754800971,8.75104299182,.
2062,.,10.3754800971,8.75104299182,.
2063,.,10.3754800971,8.75104299182,.
2064,.,10.3754800971,8.75104299182,.
2065,.,10.3754800971,8.75104299182,.
2066,.,10.3754800971,8.75104299182,.
2067,.,10.3754800971,8.75104299182,.
2068,.,10.3754800971,8.75104299182,.
2069,.,10.3754800971,8.75104299182,.
2070,.,10.3754800971,8.75104299182,.
2071,.,10.3754800971,8.75104299182,.
2072,.,10.3754800971,8.75104299182,.
2073,.,10.3754800971,8.75104299182,.
2074,.,10.4167450134,8.71238653195,.
2075,.,10.4167450134,8.71238653195,.
2076,.,10.4167450134,8.71238653195,.
2077,.,10.4167450134,8.71238653195,.
2078,.,10.4167450134,8.71238653195,.
2079,.,10.4167450134,8.71238653195,.
2080,.,10.4217849519,8.63946705965,.
2081,.,10.4217849519,8.63946705965,.
2082,.,10.4217849519,8.63946705965,.
2083,.,10.4217849519,8.63946705965,.
2084,.,10.4217849519,8.63946705965,.
2085,.,10.4217849519,8.63946705965,.
2086,.,10.4217849519,8.63946705965,.
2087,.,10.4217849519,8.63946705965,.
2088,.,10.4217849519,8.63946705965,.
2089,.,10.4217849519,8.63946705965,.
2090,.,10.4217849519,8.63946705965,.
2091,.,10.4217849519,8.63946705965,.
2092,.,11.3003890945,7.85161153966,.
2093,.,11.3003890945,7.85161153966,.
2094,.,11.3003890945,7.85161153966,.
2095,.,11.3003890945,7.85161153966,.
2096,.,11.3003890945,7.85161153966,.
2097,.,11.3003890945,7.85161153966,.
2098,.,11.3003890945,7.85161153966,.
2099,.,11.3003890945,7.85161153966,.
2100,.,11.3003890945,7.85161153966,.
2101,.,11.3003890945,7.85161153966,.
2102,.,11.3003890945,7.85161153966,.
2103,.,11.1326535506,7.72943749326,.
2104,.,11.1326535506,7.72943749326,.
2105,.,11.1326535506,7.72943749326,.
2106,.,11.1471464999,7.87251617852,.
2107,.,11.1471464999,7.87251617852,.
2108,.,11.1471464999,7.87251617852,.
2109,.,11.1471464999,7.87251617852,.
2110,.,11.1471464999,7.87251617852,.
2111,.,11.1471464999,7.87251617852,.
2112,.,11.1471464999,7.87251617852,.
2113,.,11.1471464999,7.87251617852,.
2114,.,11.1471464999,7.87251617852,.
2115,.,11.1471464999,7.87251617852,.
2116,.,11.1471464999,7.87251617852,.
2117,.,11.1471464999,7.87251617852,.
2118,.,11.1471464999,7.87251617852,.
2119,.,11.1471464999,7.87251617852,.
2120,.,9.67827452893,8.29098550568,.
2121,.,9.67827452893,8.29098550568,.
2122,.,9.74962569679,8.32247653455,.
2123,.,9.67827452893,8.29098550568,.
2124,.,9.67827452893,8.29098550568,.
2125,.,9.67827452893,8.29098550568,.
2126,.,9.67827452893,8.29098550568,.
2127,.,9.67827452893,8.29098550568,.
2128,.,10.3370052418,7.39518613691,.
2129,.,10.4226523846,7.7717964177,.
2130,.,10.4226523846,7.7717964177,.
2131,.,9.67827452893,8.29098550568,.
2132,.,11.9877560788,8.52976660735,.
2133,.,12.1483262237,8.36706976593,.
2134,.,12.1483262237,8.36706976593,.
2135,.,12.1483262237,8.36706976593,.
2136,.,12.1483262237,8.36706976593,.
2137,.,12.1483262237,8.36706976593,.
2138,.,12.1483262237,8.36706976593,.
2139,.,12.1483262237,8.36706976593,.
2140,.,12.1483262237,8.36706976593,.
2141,.,11.8291673477,7.91950109695,.
2142,.,11.8291673477,7.91950109695,.
2143,.,11.8291673477,7.91950109695,.
2144,.,11.8291673477,7.91950109695,.
2145,.,11.8291673477,7.91950109695,.
2146,.,11.8291673477,7.91950109695,.
2147,.,11.9615361069,8.4794841485,.
2148,.,11.9615361069,8.4794841485,.
2149,.,11.9615361069,8.4794841485,.
2150,.,11.8291673477,7.91950109695,.
2151,.,11.8291673477,7.91950109695,.
2152,.,11.8291673477,7.91950109695,.
2153,.,11.8291673477,7.91950109695,.
2154,.,11.8291673477,7.91950109695,.
2155,.,11.8291673477,7.91950109695,.
2156,.,11.8785576374,8.44793698763,.
2157,.,11.8785576374,8.44793698763,.
2158,.,11.5241485116,8.63256828449,.
2159,.,11.5241485116,8.63256828449,.
2160,.,11.5241485116,8.63256828449,.
2161,.,11.8551228537,7.88430893685,.
2162,.,11.8551228537,7.88430893685,.
2163,.,11.8551228537,7.88430893685,.
2164,.,11.8551228537,7.88430893685,.
2165,.,11.8551228537,7.88430893685,.
2166,.,11.8551228537,7.88430893685,.
2167,.,11.8551228537,7.88430893685,.
2168,.,11.8551228537,7.88430893685,.
2169,.,11.6792278755,8.1838121546,.
2170,.,11.6792278755,8.1838121546,.
2171,.,11.6792278755,8.1838121546,.
2172,.,11.6792278755,8.1838121546,.
2173,.,11.6792278755,8.1838121546,.
2174,.,11.6792278755,8.1838121546,.
2175,.,11.6792278755,8.1838121546,.
2176,.,11.6792278755,8.1838121546,.
2177,.,11.6792278755,8.1838121546,.
2178,.,11.6792278755,8.1838121546,.
2179,.,11.6792278755,8.1838121546,.
2180,.,11.6792278755,8.1838121546,.
2181,.,11.6792278755,8.1838121546,.
2182,.,11.830907922,8.49065671738,.
2183,.,11.830907922,8.49065671738,.
2184,.,11.830907922,8.49065671738,.
2185,.,11.830907922,8.49065671738,.
2186,.,12.3033795514,8.49330870156,.
2187,.,12.3033795514,8.49330870156,.
2188,.,12.3033795514,8.49330870156,.
2189,.,11.9631549411,8.3184032795,.
2190,.,11.9631549411,8.3184032795,.
2191,.,11.9631549411,8.3184032795,.
2192,.,11.9631549411,8.3184032795,.
2193,.,11.9631549411,8.3184032795,.
2194,.,11.9631549411,8.3184032795,.
2195,.,11.9631549411,8.3184032795,.
2196,.,11.9631549411,8.3184032795,.
2197,.,12.3086748422,7.99591328581,.
2198,.,12.3086748422,7.99591328581,.
2199,.,12.3086748422,7.99591328581,.
2200,.,12.3086748422,7.99591328581,.
2201,.,11.3076517923,8.5303763865,.
2202,.,11.3076517923,8.5303763865,.
2203,.,11.3076517923,8.5303763865,.
2204,.,11.3076517923,8.5303763865,.
2205,.,11.3076517923,8.5303763865,.
2206,.,11.3076517923,8.5303763865,.
2207,.,11.3076517923,8.5303763865,.
2208,.,11.3076517923,8.5303763865,.
2209,.,11.3076517923,8.5303763865,.
2210,.,11.3076517923,8.5303763865,.
2211,.,11.3076517923,8.5303763865,.
2212,.,13.2028054026,7.72146816455,.
2213,.,11.8059382542,7.61681591533,.
2214,.,11.8059382542,7.61681591533,.
2215,.,11.8059382542,7.61681591533,.
2216,.,11.8059382542,7.61681591533,.
2217,.,11.8059382542,7.61681591533,.
2218,.,11.8059382542,7.61681591533,.
2219,.,11.8059382542,7.61681591533,.
2220,.,11.8059382542,7.61681591533,.
2221,.,11.8059382542,7.61681591533,.
2222,.,11.8059382542,7.61681591533,.
2223,.,11.8059382542,7.61681591533,.
2224,.,12.2528006094,7.61914102769,.
2225,.,12.2528006094,7.61914102769,.
2226,.,12.2528006094,7.61914102769,.
2227,.,12.2528006094,7.61914102769,.
2228,.,12.2528006094,7.61914102769,.
2229,.,12.2528006094,7.61914102769,.
2230,.,12.2528006094,7.61914102769,.
2231,.,12.2528006094,7.61914102769,.
2232,.,12.2528006094,7.61914102769,.
2233,.,12.2528006094,7.61914102769,.
2234,.,12.2528006094,7.61914102769,.
2235,.,12.4454665016,7.49114788919,.
2236,.,12.4454665016,7.49114788919,.
2237,.,12.4454665016,7.49114788919,.
2238,.,12.4454665016,7.49114788919,.
2239,.,12.4454665016,7.49114788919,.
2240,.,12.8128120472,7.30898691166,.
2241,.,12.8128120472,7.30898691166,.
2242,.,12.8128120472,7.30898691166,.
2243,.,12.8128120472,7.30898691166,.
2244,.,12.8128120472,7.30898691166,.
2245,.,12.8128120472,7.30898691166,.
2246,.,11.4731720022,7.40437433692,.
2247,.,11.4731720022,7.40437433692,.
2248,.,11.4731720022,7.40437433692,.
2249,.,11.4731720022,7.40437433692,.
2250,.,13.0574611363,8.30509280688,.
2251,.,13.0926758516,7.23852585052,.
2252,.,12.9849769662,7.57600405435,.
2253,.,11.9174058011,7.7098315816,.
2254,.,11.9174058011,7.7098315816,.
2255,.,11.9174058011,7.7098315816,.
2256,.,11.9174058011,7.7098315816,.
2257,.,11.9174058011,7.7098315816,.
2258,.,11.9174058011,7.7098315816,.
2259,.,11.9174058011,7.7098315816,.
2260,.,11.9174058011,7.7098315816,.
2261,.,11.9174058011,7.7098315816,.
2262,.,11.9174058011,7.7098315816,.
2263,.,11.9174058011,7.7098315816,.
2264,.,12.3242009585,7.28648290017,.
2265,.,12.3242009585,7.28648290017,.
2266,.,12.9202267331,8.4932982313,.
2267,.,12.9202267331,8.4932982313,.
2268,.,12.4497965742,4.19027819896,.
2269,.,11.2880018929,5.9197808717,.
2270,.,11.2880018929,5.9197808717,.
2271,.,11.2880018929,5.9197808717,.
2272,.,10.513724601,4.61095821245,.
2273,.,10.513724601,4.61095821245,.
2274,.,10.513724601,4.61095821245,.
2275,.,10.513724601,4.61095821245,.
2276,.,10.513724601,4.61095821245,.
2277,.,11.1757259363,6.01629700636,.
2278,.,11.1757259363,6.01629700636,.
2279,.,11.1757259363,6.01629700636,.
2280,.,8.1719087494,6.9180044512,.
2281,.,8.1719087494,6.9180044512,.
2282,.,8.1719087494,6.9180044512,.
2283,.,8.1719087494,6.9180044512,.
2284,.,7.58372905586,6.18160726881,.
2285,.,7.91724465814,5.77211251871,.
2286,.,7.91724465814,5.77211251871,.
2287,.,7.54357282967,7.61435948,.
2288,.,7.54357282967,7.61435948,.
2289,.,7.54357282967,7.61435948,.
2290,.,7.54357282967,7.61435948,.
2291,.,7.54357282967,7.61435948,.
2292,.,7.54357282967,7.61435948,.
2293,.,7.35102791858,7.75479896107,.
2294,.,7.35102791858,7.75479896107,.
2295,.,7.35102791858,7.75479896107,.
2296,.,7.14440236498,6.90979499509,.
2297,.,7.14440236498,6.90979499509,.
2298,.,7.14440236498,6.90979499509,.
2299,.,7.14440236498,6.90979499509,.
2300,.,7.14440236498,6.90979499509,.
2301,.,7.14440236498,6.90979499509,.
2302,.,7.14440236498,6.90979499509,.
2303,.,7.14440236498,6.90979499509,.
2304,.,7.14440236498,6.90979499509,.
2305,.,7.14440236498,6.90979499509,.
2306,.,7.10183137966,6.92680099265,.
2307,.,7.10183137966,6.92680099265,.
2308,.,7.10183137966,6.92680099265,.
2309,.,7.10183137966,6.92680099265,.
2310,.,7.10183137966,6.92680099265,.
2311,.,7.10183137966,6.92680099265,.
2312,.,7.10183137966,6.92680099265,.
2313,.,7.10183137966,6.92680099265,.
2314,.,8.16522741856,5.88892434654,.
2315,.,8.16522741856,5.88892434654,.
2316,.,8.16522741856,5.88892434654,.
2317,.,7.58036599917,6.15893221576,.
2318,.,7.58036599917,6.15893221576,.
2319,.,7.58633622176,6.17634408848,.
2320,.,7.58633622176,6.17634408848,.
2321,.,7.58633622176,6.17634408848,.
2322,.,7.14440236498,6.90979499509,.
2323,.,7.14440236498,6.90979499509,.
2324,.,7.10183137966,6.92680099265,.
2325,.,7.58633622176,6.17634408848,.
2326,.,8.4870992479,4.55536125312,.
2327,.,8.10138618274,5.24942505029,.
2328,.,9.05858899668,3.55032088937,.
2329,.,9.05858899668,3.55032088937,.
2330,.,9.05858899668,3.55032088937,.
2331,.,9.05858899668,3.55032088937,.
2332,.,9.05858899668,3.55032088937,.
2333,.,9.05858899668,3.55032088937,.
2334,.,9.05858899668,3.55032088937,.
2335,.,8.83588580414,5.06738439864,.
2336,.,8.83588580414,5.06738439864,.
2337,.,8.83588580414,5.06738439864,.
2338,.,8.83588580414,5.06738439864,.
2339,.,8.83588580414,5.06738439864,.
2340,.,8.83588580414,5.06738439864,.
2341,.,8.83588580414,5.06738439864,.
2342,.,8.83588580414,5.06738439864,.
2343,.,9.04001521848,4.89491149882,.
2344,.,9.04001521848,4.89491149882,.
2345,.,8.06736673605,5.24379893629,.
2346,.,8.06736673605,5.24379893629,.
2347,.,8.8546600404,4.86403632341,.
2348,.,8.8546600404,4.86403632341,.
2349,.,8.8546600404,4.86403632341,.
2350,.,8.8546600404,4.86403632341,.
2351,.,8.8546600404,4.86403632341,.
2352,.,8.60826381663,4.91075728312,.
2353,.,8.60826381663,4.91075728312,.
2354,.,8.60826381663,4.91075728312,.
2355,.,8.60826381663,4.91075728312,.
2356,.,8.60826381663,4.91075728312,.
2357,.,8.60826381663,4.91075728312,.
2358,.,8.60826381663,4.91075728312,.
2359,.,8.60826381663,4.91075728312,.
2360,.,8.60826381663,4.91075728312,.
2361,.,8.60826381663,4.91075728312,.
2362,.,8.60826381663,4.91075728312,.
2363,.,8.60826381663,4.91075728312,.
2364,.,8.60826381663,4.91075728312,.
2365,.,8.5194253856,4.52984330212,.
2366,.,8.5194253856,4.52984330212,.
2367,.,8.3980581525,4.46198139149,.
2368,.,8.46107117462,4.51255219536,.
2369,.,8.12226893517,4.87981483613,.
2370,.,8.12226893517,4.87981483613,.
2371,.,8.12226893517,4.87981483613,.
2372,.,8.12226893517,4.87981483613,.
2373,.,8.12226893517,4.87981483613,.
2374,.,8.12226893517,4.87981483613,.
2375,.,8.12226893517,4.87981483613,.
2376,.,8.12226893517,4.87981483613,.
2377,.,8.14266043965,5.11463243673,.
2378,.,8.14266043965,5.11463243673,.
2379,.,8.14266043965,5.11463243673,.
2380,.,8.32897660563,5.04686672804,.
2381,.,8.32897660563,5.04686672804,.
2382,.,8.32897660563,5.04686672804,.
2383,.,8.32897660563,5.04686672804,.
2384,.,8.32897660563,5.04686672804,.
2385,.,8.22284797935,4.98048917267,.
2386,.,8.14703635945,4.7070938807,.
2387,.,8.14703635945,4.7070938807,.
2388,.,8.14703635945,4.7070938807,.
2389,.,8.14703635945,4.7070938807,.
2390,.,8.06560363241,5.14091571019,.
2391,.,8.06560363241,5.14091571019,.
2392,.,8.06560363241,5.14091571019,.
2393,.,8.06560363241,5.14091571019,.
2394,.,8.06560363241,5.14091571019,.
2395,.,8.59732928934,6.09065015153,.
2396,.,8.59732928934,6.09065015153,.
2397,.,8.59732928934,6.09065015153,.
2398,.,8.59732928934,6.09065015153,.
2399,.,8.59732928934,6.09065015153,.
2400,.,8.8546600404,4.86403632341,.
2401,.,8.14266043965,5.11463243673,.
2402,.,8.14266043965,5.11463243673,.
2403,.,9.28828164206,3.83620649064,.
2404,.,9.28828164206,3.83620649064,.
2405,.,9.28828164206,3.83620649064,.
2406,.,9.28828164206,3.83620649064,.
2407,.,9.28828164206,3.83620649064,.
2408,.,9.28828164206,3.83620649064,.
2409,.,9.28828164206,3.83620649064,.
2410,.,9.28828164206,3.83620649064,.
2411,.,9.28828164206,3.83620649064,.
2412,.,9.28828164206,3.83620649064,.
2413,.,9.28828164206,3.83620649064,.
2414,.,9.28828164206,3.83620649064,.
2415,.,9.29200984861,7.84289110421,.
2416,.,9.29200984861,7.84289110421,.
2417,.,9.29200984861,7.84289110421,.
2418,.,9.29200984861,7.84289110421,.
2419,.,9.29200984861,7.84289110421,.
2420,.,9.29200984861,7.84289110421,.
2421,.,9.29200984861,7.84289110421,.
2422,.,9.29200984861,7.84289110421,.
2423,.,9.29200984861,7.84289110421,.
2424,.,9.29200984861,7.84289110421,.
2425,.,9.29200984861,7.84289110421,.
2426,.,9.29200984861,7.84289110421,.
2427,.,7.91926671352,8.30331629766,.
2428,.,7.91926671352,8.30331629766,.
2429,.,7.91926671352,8.30331629766,.
2430,.,7.91926671352,8.30331629766,.
2431,.,7.91926671352,8.30331629766,.
2432,.,7.91926671352,8.30331629766,.
2433,.,7.91926671352,8.30331629766,.
2434,.,7.91926671352,8.30331629766,.
2435,.,7.91926671352,8.30331629766,.
2436,.,7.91926671352,8.30331629766,.
2437,.,7.91926671352,8.30331629766,.
2438,.,7.91926671352,8.30331629766,.
2439,.,7.91926671352,8.30331629766,.
2440,.,7.91926671352,8.30331629766,.
2441,.,7.91926671352,8.30331629766,.
2442,.,7.91926671352,8.30331629766,.
2443,.,7.91926671352,8.30331629766,.
2444,.,7.91926671352,8.30331629766,.
2445,.,10.4307765955,5.55735774683,.
2446,.,10.4307765955,5.55735774683,.
2447,.,10.4307765955,5.55735774683,.
2448,.,10.4307765955,5.55735774683,.
2449,.,10.4307765955,5.55735774683,.
2450,.,10.4307765955,5.55735774683,.
2451,.,9.22770474161,5.69804736716,.
2452,.,9.22770474161,5.69804736716,.
2453,.,9.73166283937,5.79716501338,.
2454,.,9.73166283937,5.79716501338,.
2455,.,9.73166283937,5.79716501338,.
2456,.,9.73166283937,5.79716501338,.
2457,.,10.2928655124,4.27314266999,.
2458,.,10.2928655124,4.27314266999,.
2459,.,10.2928655124,4.27314266999,.
2460,.,10.2928655124,4.27314266999,.
2461,.,9.18562560808,5.83677174602,.
2462,.,9.23933255429,6.89628627118,.
2463,.,9.23933255429,6.89628627118,.
2464,.,9.23933255429,6.89628627118,.
2465,.,9.23933255429,6.89628627118,.
2466,.,9.23933255429,6.89628627118,.
2467,.,9.23933255429,6.89628627118,.
2468,.,10.2286841901,5.81761055749,.
2469,.,10.2286841901,5.81761055749,.
2470,.,10.2286841901,5.81761055749,.
2471,.,10.2286841901,5.81761055749,.
2472,.,10.2286841901,5.81761055749,.
2473,.,10.2286841901,5.81761055749,.
2474,.,10.2286841901,5.81761055749,.
2475,.,9.54085146623,5.12575062644,.
2476,.,9.54085146623,5.12575062644,.
2477,.,9.54085146623,5.12575062644,.
2478,.,9.54085146623,5.12575062644,.
2479,.,9.54085146623,5.12575062644,.
2480,.,9.54085146623,5.12575062644,.
2481,.,10.2938002169,6.23995021089,.
2482,.,10.2938002169,6.23995021089,.
2483,.,10.2938002169,6.23995021089,.
2484,.,10.2938002169,6.23995021089,.
2485,.,10.2938002169,6.23995021089,.
2486,.,10.2938002169,6.23995021089,.
2487,.,10.2938002169,6.23995021089,.
2488,.,10.2938002169,6.23995021089,.
2489,.,7.17049054387,3.33525624451,.
2490,.,6.86160865074,3.08215353245,.
2491,.,6.86160865074,3.08215353245,.
2492,.,6.86160865074,3.08215353245,.
2493,.,6.86160865074,3.08215353245,.
2494,.,6.86160865074,3.08215353245,.
2495,.,6.74606966815,4.06633133529,.
2496,.,7.27472327144,3.36413175089,.
2497,.,7.27472327144,3.36413175089,.
2498,.,7.27472327144,3.36413175089,.
2499,.,7.27472327144,3.36413175089,.
2500,.,7.27472327144,3.36413175089,.
2501,.,7.27472327144,3.36413175089,.
2502,.,6.49405351597,4.74113115164,.
2503,.,6.79027591066,4.4881754665,.
2504,.,7.28404238813,5.32969245609,.
2505,.,7.28404238813,5.32969245609,.
2506,.,7.07021029734,5.31736561133,.
2507,.,7.18271364108,4.76776957508,.
2508,.,7.22317132832,4.78158126485,.
2509,.,7.22317132832,4.78158126485,.
2510,.,7.28404238813,5.32969245609,.
2511,.,7.28404238813,5.32969245609,.
2512,.,7.82647350542,4.60320123847,.
2513,.,7.75268334939,4.55402517616,.
2514,.,7.75268334939,4.55402517616,.
2515,.,7.35893181932,4.39502249912,.
2516,.,7.35893181932,4.39502249912,.
2517,.,7.35893181932,4.39502249912,.
2518,.,7.35893181932,4.39502249912,.
2519,.,7.35893181932,4.39502249912,.
2520,.,7.35893181932,4.39502249912,.
2521,.,7.35893181932,4.39502249912,.
2522,.,7.9247366706,4.66889603368,.
2523,.,7.9247366706,4.66889603368,.
2524,.,7.64331058867,4.71967899438,.
2525,.,7.64331058867,4.71967899438,.
2526,.,7.64331058867,4.71967899438,.
2527,.,7.86984505704,4.46583422154,.
2528,.,7.86984505704,4.46583422154,.
2529,.,7.86984505704,4.46583422154,.
2530,.,7.86984505704,4.46583422154,.
2531,.,7.54685598907,3.53921050284,.
2532,.,7.54685598907,3.53921050284,.
2533,.,7.54685598907,3.53921050284,.
2534,.,7.54685598907,3.53921050284,.
2535,.,7.39680485028,3.26936651351,.
2536,.,7.39680485028,3.26936651351,.
2537,.,7.39680485028,3.26936651351,.
2538,.,7.39680485028,3.26936651351,.
2539,.,7.67821414604,3.19726704894,.
2540,.,7.67821414604,3.19726704894,.
2541,.,9.02620595531,3.9534200999,.
2542,.,9.02620595531,3.9534200999,.
2543,.,9.02620595531,3.9534200999,.
2544,.,9.02620595531,3.9534200999,.
2545,.,9.02620595531,3.9534200999,.
2546,.,9.02620595531,3.9534200999,.
2547,.,9.02620595531,3.9534200999,.
2548,.,9.02620595531,3.9534200999,.
2549,.,9.02620595531,3.9534200999,.
2550,.,9.02620595531,3.9534200999,.
2551,.,9.02620595531,3.9534200999,.
2552,.,9.02620595531,3.9534200999,.
2553,.,8.10745991826,3.5212737035,.
2554,.,8.10745991826,3.5212737035,.
2555,.,8.10745991826,3.5212737035,.
2556,.,8.10745991826,3.5212737035,.
2557,.,8.10745991826,3.5212737035,.
2558,.,8.10745991826,3.5212737035,.
2559,.,8.10745991826,3.5212737035,.
2560,.,7.43471070282,3.99048145881,.
2561,.,8.1690982922,4.22528696956,.
2562,.,7.3534433524,3.94787083042,.
2563,.,8.54096411813,4.06665491915,.
2564,.,8.54096411813,4.06665491915,.
2565,.,8.54096411813,4.06665491915,.
2566,.,7.39680485028,3.26936651351,.
2567,.,9.08325008923,9.87545223454,.
2568,.,9.08325008923,9.87545223454,.
2569,.,9.08325008923,9.87545223454,.
2570,.,9.08325008923,9.87545223454,.
2571,.,9.08325008923,9.87545223454,.
2572,.,9.08325008923,9.87545223454,.
2573,.,9.08325008923,9.87545223454,.
2574,.,9.08325008923,9.87545223454,.
2575,.,9.08325008923,9.87545223454,.
2576,.,9.08325008923,9.87545223454,.
2577,.,9.08325008923,9.87545223454,.
2578,.,9.08325008923,9.87545223454,.
2579,.,9.05460716739,9.62755412848,.
2580,.,9.05460716739,9.62755412848,.
2581,.,9.05460716739,9.62755412848,.
2582,.,9.05460716739,9.62755412848,.
2583,.,9.05460716739,9.62755412848,.
2584,.,9.05460716739,9.62755412848,.
2585,.,9.05460716739,9.62755412848,.
2586,.,9.05460716739,9.62755412848,.
2587,.,9.05460716739,9.62755412848,.
2588,.,9.05460716739,9.62755412848,.
2589,.,8.74629167618,9.60817054693,.
2590,.,8.74629167618,9.60817054693,.
2591,.,8.74629167618,9.60817054693,.
2592,.,8.74629167618,9.60817054693,.
2593,.,8.74629167618,9.60817054693,.
2594,.,8.74629167618,9.60817054693,.
2595,.,8.74629167618,9.60817054693,.
2596,.,10.3170906475,8.82041803854,.
2597,.,10.3170906475,8.82041803854,.
2598,.,10.3170906475,8.82041803854,.
2599,.,10.3170906475,8.82041803854,.
2600,.,10.3170906475,8.82041803854,.
2601,.,10.3170906475,8.82041803854,.
2602,.,10.3170906475,8.82041803854,.
2603,.,10.3170906475,8.82041803854,.
2604,.,10.3170906475,8.82041803854,.
2605,.,10.3170906475,8.82041803854,.
2606,.,10.3170906475,8.82041803854,.
2607,.,10.3170906475,8.82041803854,.
2608,.,10.3170906475,8.82041803854,.
2609,.,10.3170906475,8.82041803854,.
2610,.,10.3170906475,8.82041803854,.
2611,.,10.3170906475,8.82041803854,.
2612,.,10.3170906475,8.82041803854,.
2613,.,10.3170906475,8.82041803854,.
2614,.,10.3170906475,8.82041803854,.
2615,.,10.3170906475,8.82041803854,.
2616,.,10.3170906475,8.82041803854,.
2617,.,10.3170906475,8.82041803854,.
2618,.,10.3170906475,8.82041803854,.
2619,.,10.3170906475,8.82041803854,.
2620,.,10.3170906475,8.82041803854,.
2621,.,10.3170906475,8.82041803854,.
2622,.,8.7748326081,9.72844528953,.
2623,.,8.7748326081,9.72844528953,.
2624,.,8.7748326081,9.72844528953,.
2625,.,8.7748326081,9.72844528953,.
2626,.,8.7748326081,9.72844528953,.
2627,.,8.7748326081,9.72844528953,.
2628,.,8.7748326081,9.72844528953,.
2629,.,8.7748326081,9.72844528953,.
2630,.,8.7748326081,9.72844528953,.
2631,.,8.7748326081,9.72844528953,.
2632,.,8.7748326081,9.72844528953,.
2633,.,8.7748326081,9.72844528953,.
2634,.,8.7748326081,9.72844528953,.
2635,.,8.7748326081,9.72844528953,.
2636,.,8.7748326081,9.72844528953,.
2637,.,8.7748326081,9.72844528953,.
2638,.,8.7748326081,9.72844528953,.
2639,.,8.7748326081,9.72844528953,.
2640,.,8.7748326081,9.72844528953,.
2641,.,9.48214995909,9.13585511701,.
2642,.,9.48214995909,9.13585511701,.
2643,.,9.48214995909,9.13585511701,.
2644,.,9.48214995909,9.13585511701,.
2645,.,9.48214995909,9.13585511701,.
2646,.,9.48214995909,9.13585511701,.
2647,.,9.48214995909,9.13585511701,.
2648,.,9.48214995909,9.13585511701,.
2649,.,9.48214995909,9.13585511701,.
2650,.,9.48214995909,9.13585511701,.
2651,.,9.26292192235,9.48228362707,.
2652,.,9.26292192235,9.48228362707,.
2653,.,9.26292192235,9.48228362707,.
2654,.,9.26292192235,9.48228362707,.
2655,.,9.26292192235,9.48228362707,.
2656,.,9.26292192235,9.48228362707,.
2657,.,9.26292192235,9.48228362707,.
2658,.,9.26292192235,9.48228362707,.
2659,.,9.26292192235,9.48228362707,.
2660,.,9.26292192235,9.48228362707,.
2661,.,9.26292192235,9.48228362707,.
2662,.,9.26292192235,9.48228362707,.
2663,.,9.26292192235,9.48228362707,.
2664,.,9.26292192235,9.48228362707,.
2665,.,9.26292192235,9.48228362707,.
2666,.,8.86605815113,9.86379203117,.
2667,.,8.86605815113,9.86379203117,.
2668,.,8.86605815113,9.86379203117,.
2669,.,8.86605815113,9.86379203117,.
2670,.,8.86605815113,9.86379203117,.
2671,.,8.86605815113,9.86379203117,.
2672,.,8.86605815113,9.86379203117,.
2673,.,8.86605815113,9.86379203117,.
2674,.,8.86605815113,9.86379203117,.
2675,.,8.86605815113,9.86379203117,.
2676,.,8.86605815113,9.86379203117,.
2677,.,8.86605815113,9.86379203117,.
2678,.,8.86605815113,9.86379203117,.
2679,.,9.48214995909,9.13585511701,.
2680,.,8.86605815113,9.86379203117,.
2681,.,8.86605815113,9.86379203117,.
2682,.,5.08014972082,6.81685134062,.
2683,.,5.08014972082,6.81685134062,.
2684,.,5.08014972082,6.81685134062,.
2685,.,5.08014972082,6.81685134062,.
2686,.,4.66778038175,7.28239045205,.
2687,.,5.08605724116,6.83711951311,.
2688,.,5.08605724116,6.83711951311,.
2689,.,5.08605724116,6.83711951311,.
2690,.,5.08605724116,6.83711951311,.
2691,.,12.771416817,4.82385170099,.
2692,.,12.771416817,4.82385170099,.
2693,.,12.1749673775,4.63757670303,.
2694,.,8.62181879098,10.8149500964,.
2695,.,8.62181879098,10.8149500964,.
2696,.,8.62181879098,10.8149500964,.
2697,.,8.62181879098,10.8149500964,.
2698,.,8.62181879098,10.8149500964,.
2699,.,8.62181879098,10.8149500964,.
2700,.,8.62181879098,10.8149500964,.
2701,.,7.26414092367,9.919658635,.
2702,.,7.26414092367,9.919658635,.
2703,.,7.26414092367,9.919658635,.
2704,.,7.26414092367,9.919658635,.
2705,.,7.26414092367,9.919658635,.
2706,.,7.26414092367,9.919658635,.
2707,.,7.26414092367,9.919658635,.
2708,.,9.30880996144,11.1451709661,.
2709,.,9.30880996144,11.1451709661,.
2710,.,8.84973528773,11.1254475994,.
2711,.,8.84973528773,11.1254475994,.
2712,.,8.84973528773,11.1254475994,.
2713,.,8.84973528773,11.1254475994,.
2714,.,8.84973528773,11.1254475994,.
2715,.,8.84973528773,11.1254475994,.
2716,.,8.44292798069,11.6285477376,.
2717,.,8.44292798069,11.6285477376,.
2718,.,8.44292798069,11.6285477376,.
2719,.,8.06083695722,11.0266873537,.
2720,.,8.06083695722,11.0266873537,.
2721,.,8.06083695722,11.0266873537,.
2722,.,8.06083695722,11.0266873537,.
2723,.,8.06083695722,11.0266873537,.
2724,.,8.1640566747,9.74537096615,.
2725,.,8.1640566747,9.74537096615,.
2726,.,8.1640566747,9.74537096615,.
2727,.,8.99169433576,11.2407107987,.
2728,.,8.99169433576,11.2407107987,.
2729,.,8.99169433576,11.2407107987,.
2730,.,8.99169433576,11.2407107987,.
2731,.,8.99169433576,11.2407107987,.
2732,.,8.99169433576,11.2407107987,.
2733,.,8.99169433576,11.2407107987,.
2734,.,7.22661788284,10.6869336316,.
2735,.,7.22661788284,10.6869336316,.
2736,.,7.22661788284,10.6869336316,.
2737,.,7.22661788284,10.6869336316,.
2738,.,7.22661788284,10.6869336316,.
2739,.,7.22661788284,10.6869336316,.
2740,.,7.22661788284,10.6869336316,.
2741,.,7.22661788284,10.6869336316,.
2742,.,6.68962010533,11.2694495773,.
2743,.,6.68962010533,11.2694495773,.
2744,.,6.68962010533,11.2694495773,.
2745,.,8.90187018298,11.7922063178,.
2746,.,8.90187018298,11.7922063178,.
2747,.,8.90187018298,11.7922063178,.
2748,.,6.68962010533,11.2694495773,.
2749,.,11.9057835991,10.8567492324,.
2750,.,11.8433628127,7.07152542576,.
2751,.,11.8433628127,7.07152542576,.
2752,.,11.8433628127,7.07152542576,.
2753,.,11.8433628127,7.07152542576,.
2754,.,11.8433628127,7.07152542576,.
2755,.,11.8433628127,7.07152542576,.
2756,.,11.8433628127,7.07152542576,.
2757,.,12.1411646605,4.98389087398,.
2758,.,12.1411646605,4.98389087398,.
2759,.,12.4791408742,6.63338551075,.
2760,.,13.0664514333,6.49867406649,.
2761,.,13.0664514333,6.49867406649,.
2762,.,13.0664514333,6.49867406649,.
2763,.,11.7017000482,6.78812985278,.
2764,.,11.7017000482,6.78812985278,.
2765,.,11.7017000482,6.78812985278,.
2766,.,11.7017000482,6.78812985278,.
2767,.,11.7017000482,6.78812985278,.
2768,.,11.7017000482,6.78812985278,.
2769,.,9.08816706561,7.31545378616,.
2770,.,9.08816706561,7.31545378616,.
2771,.,9.08816706561,7.31545378616,.
2772,.,9.08816706561,7.31545378616,.
2773,.,8.47166892713,6.94840662454,.
2774,.,8.47166892713,6.94840662454,.
2775,.,8.47166892713,6.94840662454,.
2776,.,9.2648910133,7.38315308564,.
2777,.,9.2648910133,7.38315308564,.
2778,.,9.08055769048,7.21062000411,.
2779,.,9.08055769048,7.21062000411,.
2780,.,9.08055769048,7.21062000411,.
2781,.,9.08055769048,7.21062000411,.
2782,.,9.08055769048,7.21062000411,.
2783,.,9.08055769048,7.21062000411,.
2784,.,9.08055769048,7.21062000411,.
2785,.,9.08978484961,7.22044874093,.
2786,.,9.08978484961,7.22044874093,.
2787,.,9.08978484961,7.22044874093,.
2788,.,8.90392834243,7.34218182533,.
2789,.,8.90392834243,7.34218182533,.
2790,.,8.90392834243,7.34218182533,.
2791,.,8.90392834243,7.34218182533,.
2792,.,8.90392834243,7.34218182533,.
2793,.,8.90392834243,7.34218182533,.
2794,.,8.90392834243,7.34218182533,.
2795,.,8.91855671309,7.06740573386,.
2796,.,8.91855671309,7.06740573386,.
2797,.,8.91855671309,7.06740573386,.
2798,.,8.91855671309,7.06740573386,.
2799,.,8.91855671309,7.06740573386,.
2800,.,8.91855671309,7.06740573386,.
2801,.,8.91855671309,7.06740573386,.
2802,.,8.91855671309,7.06740573386,.
2803,.,8.91855671309,7.06740573386,.
2804,.,8.91855671309,7.06740573386,.
2805,.,8.91855671309,7.06740573386,.
2806,.,8.75203729893,6.88710233598,.
2807,.,8.75203729893,6.88710233598,.
2808,.,8.75203729893,6.88710233598,.
2809,.,8.75203729893,6.88710233598,.
2810,.,8.75203729893,6.88710233598,.
2811,.,8.75203729893,6.88710233598,.
2812,.,8.75203729893,6.88710233598,.
2813,.,8.75203729893,6.88710233598,.
2814,.,8.75203729893,6.88710233598,.
2815,.,8.75203729893,6.88710233598,.
2816,.,8.75203729893,6.88710233598,.
2817,.,8.75203729893,6.88710233598,.
2818,.,8.75203729893,6.88710233598,.
2819,.,8.75203729893,6.88710233598,.
2820,.,8.75203729893,6.88710233598,.
2821,.,8.75203729893,6.88710233598,.
2822,.,8.75203729893,6.88710233598,.
2823,.,8.47166892713,6.94840662454,.
2824,.,14.2583084106445,37.8096542358398,.
2825,.,14.2583084106445,37.8096542358398,.
2826,.,14.2583084106445,37.8096542358398,.
2827,.,14.2583084106445,37.8096542358398,.
2828,.,14.2583084106445,37.8096542358398,.
2829,.,14.2583084106445,37.8096542358398,.
2830,.,14.3759126663208,38.1548881530762,.
2831,.,14.3759126663208,38.1548881530762,.
2832,.,14.3759126663208,38.1548881530762,.
2833,.,14.3759126663208,38.1548881530762,.
2834,.,14.3759126663208,38.1548881530762,.
2835,.,14.3759126663208,38.1548881530762,.
2836,.,14.1100206375122,38.425235748291,.
2837,.,14.1100206375122,38.425235748291,.
2838,.,14.1100206375122,38.425235748291,.
2839,.,14.1100206375122,38.425235748291,.
2840,.,14.1100206375122,38.425235748291,.
2841,.,14.1100206375122,38.425235748291,.
2842,.,13.8241729736328,38.2013854980469,.
2843,.,13.8241729736328,38.2013854980469,.
2844,.,13.8241729736328,38.2013854980469,.
2845,.,13.6467704772949,38.3438491821289,.
2846,.,13.6467704772949,38.3438491821289,.
2847,.,14.2556619644165,38.7167282104492,.
2848,.,14.2117481231689,38.978458404541,.
2849,.,14.2117481231689,38.978458404541,.
2850,.,14.2117481231689,38.978458404541,.
2851,.,14.2117481231689,38.978458404541,.
2852,.,14.0625534057617,38.7335090637207,.
2853,.,14.0625534057617,38.7335090637207,.
2854,.,14.0625534057617,38.7335090637207,.
2855,.,14.0625534057617,38.7335090637207,.
2856,.,14.0625534057617,38.7335090637207,.
2857,.,14.0299434661865,38.5415458679199,.
2858,.,14.0299434661865,38.5415458679199,.
2859,.,14.0299434661865,38.5415458679199,.
2860,.,14.0299434661865,38.5415458679199,.
2861,.,14.0299434661865,38.5415458679199,.
2862,.,14.0299434661865,38.5415458679199,.
2863,.,14.0299434661865,38.5415458679199,.
2864,.,14.0299434661865,38.5415458679199,.
2865,.,14.0299434661865,38.5415458679199,.
2866,.,14.0299434661865,38.5415458679199,.
2867,.,13.7844381332397,38.5336761474609,.
2868,.,13.5707740783691,38.7146415710449,.
2869,.,13.2786140441895,38.9856643676758,.
2870,.,13.2786140441895,38.9856643676758,.
2871,.,13.2786140441895,38.9856643676758,.
2872,.,13.2786140441895,38.9856643676758,.
2873,.,13.2786140441895,38.9856643676758,.
2874,.,13.2786140441895,38.9856643676758,.
2875,.,13.2786140441895,38.9856643676758,.
2876,.,13.2786140441895,38.9856643676758,.
2877,.,13.2786140441895,38.9856643676758,.
2878,.,14.0189838409424,39.6412925720215,.
2879,.,14.0189838409424,39.6412925720215,.
2880,.,13.6824598312378,39.6900024414063,.
2881,.,12.4269943237305,39.2922821044922,.
2882,.,14.1538972854614,37.3044776916504,.
2883,.,14.1538972854614,37.3044776916504,.
2884,.,14.1538972854614,37.3044776916504,.
2885,.,14.1538972854614,37.3044776916504,.
2886,.,13.7276229858398,37.2436790466309,.
2887,.,13.7276229858398,37.2436790466309,.
2888,.,13.7276229858398,37.2436790466309,.
2889,.,13.7276229858398,37.2436790466309,.
2890,.,13.4535417556763,36.7492332458496,.
2891,.,13.4535417556763,36.7492332458496,.
2892,.,13.4535417556763,36.7492332458496,.
2893,.,13.4535417556763,36.7492332458496,.
2894,.,13.4535417556763,36.7492332458496,.
2895,.,13.4535417556763,36.7492332458496,.
2896,.,13.4535417556763,36.7492332458496,.
2897,.,13.0710391998291,39.2182731628418,.
2898,.,13.0710391998291,39.2182731628418,.
2899,.,13.0710391998291,39.2182731628418,.
2900,.,13.0710391998291,39.2182731628418,.
2901,.,13.0710391998291,39.2182731628418,.
2902,.,13.0639400482178,39.4637184143066,.
2903,.,11.7075300216675,41.1465034484863,.
2904,.,11.7075300216675,41.1465034484863,.
2905,.,11.7075300216675,41.1465034484863,.
2906,.,11.5455942153931,41.4925193786621,.
2907,.,12.9729652404785,38.1518173217773,.
2908,.,12.049693107605,37.7747268676758,.
2909,.,12.049693107605,37.7747268676758,.
2910,.,12.049693107605,37.7747268676758,.
2911,.,12.049693107605,37.7747268676758,.
2912,.,12.049693107605,37.7747268676758,.
2913,.,11.2643394470215,38.7836570739746,.
2914,.,11.2643394470215,38.7836570739746,.
2915,.,11.2007160186768,39.3147315979004,.
2916,.,11.2007160186768,39.3147315979004,.
2917,.,11.2007160186768,39.3147315979004,.
2918,.,11.2007160186768,39.3147315979004,.
2919,.,11.2007160186768,39.3147315979004,.
2920,.,11.2007160186768,39.3147315979004,.
2921,.,10.1608409881592,39.7954406738281,.
2922,.,10.1608409881592,39.7954406738281,.
2923,.,10.1608409881592,39.7954406738281,.
2924,.,10.1608409881592,39.7954406738281,.
2925,.,10.1608409881592,39.7954406738281,.
2926,.,10.1608409881592,39.7954406738281,.
2927,.,10.1608409881592,39.7954406738281,.
2928,.,10.1608409881592,39.7954406738281,.
2929,.,9.69787979125977,39.5408096313477,.
2930,.,9.69787979125977,39.5408096313477,.
2931,.,9.69787979125977,39.5408096313477,.
2932,.,10.4729824066162,37.8699569702148,.
2933,.,10.3717012405396,38.3443946838379,.
2934,.,10.3717012405396,38.3443946838379,.
2935,.,11.8005981445313,37.1284713745117,.
2936,.,11.8005981445313,37.1284713745117,.
2937,.,11.8005981445313,37.1284713745117,.
2938,.,11.8005981445313,37.1284713745117,.
2939,.,11.8005981445313,37.1284713745117,.
2940,.,11.8005981445313,37.1284713745117,.
2941,.,11.8005981445313,37.1284713745117,.
2942,.,11.8005981445313,37.1284713745117,.
2943,.,11.8005981445313,37.1284713745117,.
2944,.,10.9135866165161,37.620849609375,.
2945,.,10.9135866165161,37.620849609375,.
2946,.,10.9135866165161,37.620849609375,.
2947,.,10.9135866165161,37.620849609375,.
2948,.,10.9135866165161,37.620849609375,.
2949,.,10.9135866165161,37.620849609375,.
2950,.,10.9135866165161,37.620849609375,.
2951,.,10.9135866165161,37.620849609375,.
2952,.,10.9135866165161,37.620849609375,.
2953,.,10.9135866165161,37.620849609375,.
2954,.,10.9135866165161,37.620849609375,.
2955,.,10.9135866165161,37.620849609375,.
2956,.,10.9135866165161,37.620849609375,.
2957,.,10.9135866165161,37.620849609375,.
2958,.,10.9135866165161,37.620849609375,.
2959,.,10.9135866165161,37.620849609375,.
2960,.,10.9135866165161,37.620849609375,.
2961,.,9.71199131011963,36.686954498291,.
2962,.,9.71199131011963,36.686954498291,.
2963,.,9.71199131011963,36.686954498291,.
2964,.,9.71199131011963,36.686954498291,.
2965,.,9.71199131011963,36.686954498291,.
2966,.,9.71199131011963,36.686954498291,.
2967,.,9.71199131011963,36.686954498291,.
2968,.,9.71199131011963,36.686954498291,.
2969,.,9.71199131011963,36.686954498291,.
2970,.,9.71199131011963,36.686954498291,.
2971,.,9.71199131011963,36.686954498291,.
2972,.,9.71199131011963,36.686954498291,.
2973,.,10.960563659668,36.8487586975098,.
2974,.,11.4360847473145,36.6452713012695,.
2975,.,11.4360847473145,36.6452713012695,.
2976,.,11.4360847473145,36.6452713012695,.
2977,.,11.4360847473145,36.6452713012695,.
2978,.,11.4360847473145,36.6452713012695,.
2979,.,11.4360847473145,36.6452713012695,.
2980,.,11.4360847473145,36.6452713012695,.
2981,.,11.4360847473145,36.6452713012695,.
2982,.,11.4360847473145,36.6452713012695,.
2983,.,11.4360847473145,36.6452713012695,.
2984,.,11.4360847473145,36.6452713012695,.
2985,.,11.4360847473145,36.6452713012695,.
2986,.,11.4360847473145,36.6452713012695,.
2987,.,11.4360847473145,36.6452713012695,.
2988,.,10.8614654541016,39.9645576477051,.
2989,.,11.2182655334473,39.6140785217285,.
2990,.,12.6315250396729,37.4534149169922,.
2991,.,12.6315250396729,37.4534149169922,.
2992,.,12.6315250396729,37.4534149169922,.
2993,.,12.6315250396729,37.4534149169922,.
2994,.,12.6315250396729,37.4534149169922,.
2995,.,12.6315250396729,37.4534149169922,.
2996,.,12.6315250396729,37.4534149169922,.
2997,.,12.6315250396729,37.4534149169922,.
2998,.,12.6315250396729,37.4534149169922,.
2999,.,12.5107107162476,37.4641990661621,.
3000,.,12.5107107162476,37.4641990661621,.
3001,.,12.5107107162476,37.4641990661621,.
3002,.,12.5107107162476,37.4641990661621,.
3003,.,12.5107107162476,37.4641990661621,.
3004,.,12.5107107162476,37.4641990661621,.
3005,.,12.5107107162476,37.4641990661621,.
3006,.,12.5107107162476,37.4641990661621,.
3007,.,12.5107107162476,37.4641990661621,.
3008,.,12.5107107162476,37.4641990661621,.
3009,.,12.5107107162476,37.4641990661621,.
3010,.,12.5107107162476,37.4641990661621,.
3011,.,12.5107107162476,37.4641990661621,.
3012,.,12.5107107162476,37.4641990661621,.
3013,.,12.5107107162476,37.4641990661621,.
3014,.,12.5107107162476,37.4641990661621,.
3015,.,12.5107107162476,37.4641990661621,.
3016,.,12.9206809997559,37.5231742858887,.
3017,.,12.9206809997559,37.5231742858887,.
3018,.,12.9206809997559,37.5231742858887,.
3019,.,12.9206809997559,37.5231742858887,.
3020,.,12.9206809997559,37.5231742858887,.
3021,.,12.9206809997559,37.5231742858887,.
3022,.,12.5657806396484,37.869255065918,.
3023,.,12.5657806396484,37.869255065918,.
3024,.,12.5657806396484,37.869255065918,.
3025,.,12.5657806396484,37.869255065918,.
3026,.,12.5657806396484,37.869255065918,.
3027,.,12.5657806396484,37.869255065918,.
3028,.,12.5657806396484,37.869255065918,.
3029,.,12.5657806396484,37.869255065918,.
3030,.,12.5657806396484,37.869255065918,.
3031,.,12.5657806396484,37.869255065918,.
3032,.,12.5657806396484,37.869255065918,.
3033,.,12.3694610595703,37.153018951416,.
3034,.,12.3694610595703,37.153018951416,.
3035,.,12.3694610595703,37.153018951416,.
3036,.,12.3694610595703,37.153018951416,.
3037,.,12.3694610595703,37.153018951416,.
3038,.,12.3694610595703,37.153018951416,.
3039,.,12.3694610595703,37.153018951416,.
3040,.,12.3694610595703,37.153018951416,.
3041,.,12.3694610595703,37.153018951416,.
3042,.,12.3694610595703,37.153018951416,.
3043,.,12.3694610595703,37.153018951416,.
3044,.,12.3694610595703,37.153018951416,.
3045,.,12.3694610595703,37.153018951416,.
3046,.,12.3694610595703,37.153018951416,.
3047,.,12.3694610595703,37.153018951416,.
3048,.,10.106819152832,36.8052024841309,.
3049,.,10.106819152832,36.8052024841309,.
3050,.,10.106819152832,36.8052024841309,.
3051,.,10.106819152832,36.8052024841309,.
3052,.,10.106819152832,36.8052024841309,.
3053,.,10.106819152832,36.8052024841309,.
3054,.,10.106819152832,36.8052024841309,.
3055,.,10.106819152832,36.8052024841309,.
3056,.,10.106819152832,36.8052024841309,.
3057,.,10.106819152832,36.8052024841309,.
3058,.,8.97029399871826,36.5257110595703,.
3059,.,8.97029399871826,36.5257110595703,.
3060,.,8.97029399871826,36.5257110595703,.
3061,.,8.97029399871826,36.5257110595703,.
3062,.,8.97029399871826,36.5257110595703,.
3063,.,8.97029399871826,36.5257110595703,.
3064,.,8.97029399871826,36.5257110595703,.
3065,.,8.97029399871826,36.5257110595703,.
3066,.,8.97029399871826,36.5257110595703,.
3067,.,8.97029399871826,36.5257110595703,.
3068,.,8.97029399871826,36.5257110595703,.
3069,.,8.97029399871826,36.5257110595703,.
3070,.,8.97029399871826,36.5257110595703,.
3071,.,8.97029399871826,36.5257110595703,.
3072,.,8.97029399871826,36.5257110595703,.
3073,.,8.97029399871826,36.5257110595703,.
3074,.,8.97029399871826,36.5257110595703,.
3075,.,8.97029399871826,36.5257110595703,.
3076,.,8.97029399871826,36.5257110595703,.
3077,.,8.97029399871826,36.5257110595703,.
3078,.,8.97029399871826,36.5257110595703,.
3079,.,8.65588092803955,35.921875,.
3080,.,8.65588092803955,35.921875,.
3081,.,8.65588092803955,35.921875,.
3082,.,8.65588092803955,35.921875,.
3083,.,8.65588092803955,35.921875,.
3084,.,8.65588092803955,35.921875,.
3085,.,8.65588092803955,35.921875,.
3086,.,8.65588092803955,35.921875,.
3087,.,8.65588092803955,35.921875,.
3088,.,8.65588092803955,35.921875,.
3089,.,8.31630611419678,35.7215118408203,.
3090,.,8.31630611419678,35.7215118408203,.
3091,.,8.31630611419678,35.7215118408203,.
3092,.,8.31630611419678,35.7215118408203,.
3093,.,8.31630611419678,35.7215118408203,.
3094,.,8.31630611419678,35.7215118408203,.
3095,.,8.31630611419678,35.7215118408203,.
3096,.,8.31630611419678,35.7215118408203,.
3097,.,8.31630611419678,35.7215118408203,.
3098,.,8.31630611419678,35.7215118408203,.
3099,.,7.72507762908936,37.3848457336426,.
3100,.,7.72507762908936,37.3848457336426,.
3101,.,7.72507762908936,37.3848457336426,.
3102,.,7.72507762908936,37.3848457336426,.
3103,.,7.72507762908936,37.3848457336426,.
3104,.,7.72507762908936,37.3848457336426,.
3105,.,7.72507762908936,37.3848457336426,.
3106,.,7.72507762908936,37.3848457336426,.
3107,.,7.72507762908936,37.3848457336426,.
3108,.,7.72507762908936,37.3848457336426,.
3109,.,7.72507762908936,37.3848457336426,.
3110,.,7.72507762908936,37.3848457336426,.
3111,.,7.61268091201782,36.8232727050781,.
3112,.,7.61268091201782,36.8232727050781,.
3113,.,7.61268091201782,36.8232727050781,.
3114,.,7.61268091201782,36.8232727050781,.
3115,.,7.61268091201782,36.8232727050781,.
3116,.,7.95824003219604,36.5147323608398,.
3117,.,7.95824003219604,36.5147323608398,.
3118,.,7.95824003219604,36.5147323608398,.
3119,.,7.95824003219604,36.5147323608398,.
3120,.,7.95824003219604,36.5147323608398,.
3121,.,7.95824003219604,36.5147323608398,.
3122,.,7.95824003219604,36.5147323608398,.
3123,.,7.95824003219604,36.5147323608398,.
3124,.,7.95824003219604,36.5147323608398,.
3125,.,7.95824003219604,36.5147323608398,.
3126,.,9.37110614776611,37.9997749328613,.
3127,.,9.37110614776611,37.9997749328613,.
3128,.,9.37110614776611,37.9997749328613,.
3129,.,9.37110614776611,37.9997749328613,.
3130,.,9.37110614776611,37.9997749328613,.
3131,.,9.37110614776611,37.9997749328613,.
3132,.,9.37110614776611,37.9997749328613,.
3133,.,9.37110614776611,37.9997749328613,.
3134,.,9.37110614776611,37.9997749328613,.
3135,.,9.82910633087158,38.2801551818848,.
3136,.,9.82910633087158,38.2801551818848,.
3137,.,9.82910633087158,38.2801551818848,.
3138,.,8.73544120788574,39.7721977233887,.
3139,.,8.73544120788574,39.7721977233887,.
3140,.,8.73544120788574,39.7721977233887,.
3141,.,8.75510501861572,38.9020881652832,.
3142,.,8.75510501861572,38.9020881652832,.
3143,.,7.8098087310791,39.5871047973633,.
3144,.,7.8098087310791,39.5871047973633,.
3145,.,7.8098087310791,39.5871047973633,.
3146,.,7.8098087310791,39.5871047973633,.
3147,.,9.11266613006592,41.0255432128906,.
3148,.,9.11266613006592,41.0255432128906,.
3149,.,9.11266613006592,41.0255432128906,.
3150,.,9.11266613006592,41.0255432128906,.
3151,.,9.11266613006592,41.0255432128906,.
3152,.,9.11266613006592,41.0255432128906,.
3153,.,9.11266613006592,41.0255432128906,.
3154,.,9.11266613006592,41.0255432128906,.
3155,.,9.04400634765625,40.8761863708496,.
3156,.,9.04400634765625,40.8761863708496,.
3157,.,9.04400634765625,40.8761863708496,.
3158,.,9.04400634765625,40.8761863708496,.
3159,.,9.04400634765625,40.8761863708496,.
3160,.,9.04400634765625,40.8761863708496,.
3161,.,9.461669921875,42.1733131408691,.
3162,.,9.461669921875,42.1733131408691,.
3163,.,9.461669921875,42.1733131408691,.
3164,.,9.461669921875,42.1733131408691,.
3165,.,9.461669921875,42.1733131408691,.
3166,.,9.461669921875,42.1733131408691,.
3167,.,9.461669921875,42.1733131408691,.
3168,.,9.461669921875,42.1733131408691,.
3169,.,9.461669921875,42.1733131408691,.
3170,.,9.461669921875,42.1733131408691,.
3171,.,9.42687511444092,41.7646141052246,.
3172,.,9.42687511444092,41.7646141052246,.
3173,.,9.42687511444092,41.7646141052246,.
3174,.,9.42687511444092,41.7646141052246,.
3175,.,9.42687511444092,41.7646141052246,.
3176,.,9.42687511444092,41.7646141052246,.
3177,.,9.42687511444092,41.7646141052246,.
3178,.,9.42687511444092,41.7646141052246,.
3179,.,9.42687511444092,41.7646141052246,.
3180,.,9.42687511444092,41.7646141052246,.
3181,.,9.17465496063232,41.6296043395996,.
3182,.,9.17465496063232,41.6296043395996,.
3183,.,9.17465496063232,41.6296043395996,.
3184,.,9.17465496063232,41.6296043395996,.
3185,.,9.17465496063232,41.6296043395996,.
3186,.,9.17465496063232,41.6296043395996,.
3187,.,5.76140689849854,38.251163482666,.
3188,.,5.76140689849854,38.251163482666,.
3189,.,5.76140689849854,38.251163482666,.
3190,.,5.76140689849854,38.251163482666,.
3191,.,5.76140689849854,38.251163482666,.
3192,.,5.76140689849854,38.251163482666,.
3193,.,8.83719253540039,38.5677452087402,.
3194,.,8.83719253540039,38.5677452087402,.
3195,.,8.83719253540039,38.5677452087402,.
3196,.,8.83719253540039,38.5677452087402,.
3197,.,8.83719253540039,38.5677452087402,.
3198,.,8.83719253540039,38.5677452087402,.
3199,.,8.83719253540039,38.5677452087402,.
3200,.,6.85970640182495,38.6931915283203,.
3201,.,6.85970640182495,38.6931915283203,.
3202,.,8.40103054046631,34.828010559082,.
3203,.,8.40103054046631,34.828010559082,.
3204,.,9.21000194549561,37.3333129882813,.
3205,.,9.21000194549561,37.3333129882813,.
3206,.,9.21000194549561,37.3333129882813,.
3207,.,9.21000194549561,37.3333129882813,.
3208,.,9.21000194549561,37.3333129882813,.
3209,.,9.21000194549561,37.3333129882813,.
3210,.,9.21000194549561,37.3333129882813,.
3211,.,8.42270469665527,36.3688507080078,.
3212,.,8.42270469665527,36.3688507080078,.
3213,.,8.42270469665527,36.3688507080078,.
3214,.,8.42270469665527,36.3688507080078,.
3215,.,8.42270469665527,36.3688507080078,.
3216,.,8.42270469665527,36.3688507080078,.
3217,.,8.42270469665527,36.3688507080078,.
3218,.,8.42270469665527,36.3688507080078,.
3219,.,8.42270469665527,36.3688507080078,.
3220,.,8.42270469665527,36.3688507080078,.
3221,.,8.42270469665527,36.3688507080078,.
3222,.,8.42270469665527,36.3688507080078,.
3223,.,8.30840682983398,36.6453018188477,.
3224,.,8.30840682983398,36.6453018188477,.
3225,.,8.30840682983398,36.6453018188477,.
3226,.,8.30840682983398,36.6453018188477,.
3227,.,8.30840682983398,36.6453018188477,.
3228,.,8.30840682983398,36.6453018188477,.
3229,.,8.30840682983398,36.6453018188477,.
3230,.,8.30840682983398,36.6453018188477,.
3231,.,8.30840682983398,36.6453018188477,.
3232,.,8.30840682983398,36.6453018188477,.
3233,.,8.30840682983398,36.6453018188477,.
3234,.,8.30840682983398,36.6453018188477,.
3235,.,10.422215461731,34.8576354980469,.
3236,.,10.422215461731,34.8576354980469,.
3237,.,10.422215461731,34.8576354980469,.
3238,.,10.422215461731,34.8576354980469,.
3239,.,10.422215461731,34.8576354980469,.
3240,.,9.98614311218262,34.5476379394531,.
3241,.,9.98614311218262,34.5476379394531,.
3242,.,9.98614311218262,34.5476379394531,.
3243,.,9.98614311218262,34.5476379394531,.
3244,.,9.98614311218262,34.5476379394531,.
3245,.,9.98614311218262,34.5476379394531,.
3246,.,9.98614311218262,34.5476379394531,.
3247,.,9.98614311218262,34.5476379394531,.
3248,.,9.98614311218262,34.5476379394531,.
3249,.,9.98614311218262,34.5476379394531,.
3250,.,9.98614311218262,34.5476379394531,.
3251,.,9.98614311218262,34.5476379394531,.
3252,.,9.99862861633301,34.6076011657715,.
3253,.,9.99862861633301,34.6076011657715,.
3254,.,9.99862861633301,34.6076011657715,.
3255,.,9.99862861633301,34.6076011657715,.
3256,.,9.99862861633301,34.6076011657715,.
3257,.,9.99862861633301,34.6076011657715,.
3258,.,9.99862861633301,34.6076011657715,.
3259,.,9.99862861633301,34.6076011657715,.
3260,.,9.99862861633301,34.6076011657715,.
3261,.,9.99862861633301,34.6076011657715,.
3262,.,9.99862861633301,34.6076011657715,.
3263,.,10.0491905212402,34.6659965515137,.
3264,.,10.0491905212402,34.6659965515137,.
3265,.,10.0491905212402,34.6659965515137,.
3266,.,10.0491905212402,34.6659965515137,.
3267,.,10.0491905212402,34.6659965515137,.
3268,.,10.0491905212402,34.6659965515137,.
3269,.,10.0491905212402,34.6659965515137,.
3270,.,10.0491905212402,34.6659965515137,.
3271,.,10.0491905212402,34.6659965515137,.
3272,.,10.0491905212402,34.6659965515137,.
3273,.,10.0491905212402,34.6659965515137,.
3274,.,10.0491905212402,34.6659965515137,.
3275,.,10.0491905212402,34.6659965515137,.
3276,.,10.0491905212402,34.6659965515137,.
3277,.,10.0491905212402,34.6659965515137,.
3278,.,10.0491905212402,34.6659965515137,.
3279,.,10.7014141082764,35.0129165649414,.
3280,.,10.7014141082764,35.0129165649414,.
3281,.,10.7014141082764,35.0129165649414,.
3282,.,10.7014141082764,35.0129165649414,.
3283,.,9.88223552703857,34.7192573547363,.
3284,.,9.88223552703857,34.7192573547363,.
3285,.,9.88223552703857,34.7192573547363,.
3286,.,9.88223552703857,34.7192573547363,.
3287,.,9.88223552703857,34.7192573547363,.
3288,.,9.88223552703857,34.7192573547363,.
3289,.,9.88223552703857,34.7192573547363,.
3290,.,9.88223552703857,34.7192573547363,.
3291,.,9.88223552703857,34.7192573547363,.
3292,.,9.88223552703857,34.7192573547363,.
3293,.,9.88223552703857,34.7192573547363,.
3294,.,9.79613208770752,34.7978973388672,.
3295,.,9.79613208770752,34.7978973388672,.
3296,.,9.79613208770752,34.7978973388672,.
3297,.,9.79613208770752,34.7978973388672,.
3298,.,9.79613208770752,34.7978973388672,.
3299,.,9.79613208770752,34.7978973388672,.
3300,.,9.79613208770752,34.7978973388672,.
3301,.,9.79613208770752,34.7978973388672,.
3302,.,9.79613208770752,34.7978973388672,.
3303,.,9.79613208770752,34.7978973388672,.
3304,.,9.79613208770752,34.7978973388672,.
3305,.,9.79613208770752,34.7978973388672,.
3306,.,9.79613208770752,34.7978973388672,.
3307,.,9.79613208770752,34.7978973388672,.
3308,.,9.79613208770752,34.7978973388672,.
3309,.,9.79613208770752,34.7978973388672,.
3310,.,9.79613208770752,34.7978973388672,.
3311,.,10.3652448654175,34.6183700561523,.
3312,.,10.3652448654175,34.6183700561523,.
3313,.,10.3652448654175,34.6183700561523,.
3314,.,10.3652448654175,34.6183700561523,.
3315,.,10.3652448654175,34.6183700561523,.
3316,.,10.3652448654175,34.6183700561523,.
3317,.,10.3652448654175,34.6183700561523,.
3318,.,11.3579130172729,36.2825698852539,.
3319,.,11.3579130172729,36.2825698852539,.
3320,.,11.3579130172729,36.2825698852539,.
3321,.,11.3579130172729,36.2825698852539,.
3322,.,11.3579130172729,36.2825698852539,.
3323,.,11.3579130172729,36.2825698852539,.
3324,.,11.3579130172729,36.2825698852539,.
3325,.,11.3579130172729,36.2825698852539,.
3326,.,11.3579130172729,36.2825698852539,.
3327,.,11.3579130172729,36.2825698852539,.
3328,.,11.3579130172729,36.2825698852539,.
3329,.,11.3579130172729,36.2825698852539,.
3330,.,11.3579130172729,36.2825698852539,.
3331,.,11.3137292861938,36.2833976745605,.
3332,.,11.3137292861938,36.2833976745605,.
3333,.,11.3137292861938,36.2833976745605,.
3334,.,11.3137292861938,36.2833976745605,.
3335,.,11.3137292861938,36.2833976745605,.
3336,.,11.3137292861938,36.2833976745605,.
3337,.,11.3137292861938,36.2833976745605,.
3338,.,11.3137292861938,36.2833976745605,.
3339,.,11.3137292861938,36.2833976745605,.
3340,.,11.3137292861938,36.2833976745605,.
3341,.,11.3137292861938,36.2833976745605,.
3342,.,11.3137292861938,36.2833976745605,.
3343,.,10.5929832458496,35.7180633544922,.
3344,.,10.5929832458496,35.7180633544922,.
3345,.,10.5929832458496,35.7180633544922,.
3346,.,10.5929832458496,35.7180633544922,.
3347,.,10.6020822525024,35.6900253295898,.
3348,.,10.6020822525024,35.6900253295898,.
3349,.,10.6020822525024,35.6900253295898,.
3350,.,10.6020822525024,35.6900253295898,.
3351,.,10.6020822525024,35.6900253295898,.
3352,.,10.6020822525024,35.6900253295898,.
3353,.,10.6020822525024,35.6900253295898,.
3354,.,10.6020822525024,35.6900253295898,.
3355,.,10.6020822525024,35.6900253295898,.
3356,.,11.0808343887329,36.4728393554688,.
3357,.,11.0808343887329,36.4728393554688,.
3358,.,11.0808343887329,36.4728393554688,.
3359,.,11.0808343887329,36.4728393554688,.
3360,.,11.0808343887329,36.4728393554688,.
3361,.,11.0808343887329,36.4728393554688,.
3362,.,11.0808343887329,36.4728393554688,.
3363,.,11.0808343887329,36.4728393554688,.
3364,.,11.0808343887329,36.4728393554688,.
3365,.,11.0808343887329,36.4728393554688,.
3366,.,11.0808343887329,36.4728393554688,.
3367,.,11.0808343887329,36.4728393554688,.
3368,.,11.0808343887329,36.4728393554688,.
3369,.,10.9822387695313,36.3032493591309,.
3370,.,10.9822387695313,36.3032493591309,.
3371,.,10.9822387695313,36.3032493591309,.
3372,.,10.9822387695313,36.3032493591309,.
3373,.,10.9822387695313,36.3032493591309,.
3374,.,10.9822387695313,36.3032493591309,.
3375,.,10.9822387695313,36.3032493591309,.
3376,.,10.9822387695313,36.3032493591309,.
3377,.,10.496392250061,36.169979095459,.
3378,.,10.496392250061,36.169979095459,.
3379,.,10.496392250061,36.169979095459,.
3380,.,10.496392250061,36.169979095459,.
3381,.,10.496392250061,36.169979095459,.
3382,.,10.496392250061,36.169979095459,.
3383,.,10.496392250061,36.169979095459,.
3384,.,10.496392250061,36.169979095459,.
3385,.,10.496392250061,36.169979095459,.
3386,.,10.496392250061,36.169979095459,.
3387,.,10.496392250061,36.169979095459,.
3388,.,11.3974409103394,36.4764289855957,.
3389,.,11.3974409103394,36.4764289855957,.
3390,.,11.3974409103394,36.4764289855957,.
3391,.,11.3974409103394,36.4764289855957,.
3392,.,11.3974409103394,36.4764289855957,.
3393,.,11.3974409103394,36.4764289855957,.
3394,.,11.3974409103394,36.4764289855957,.
3395,.,11.3974409103394,36.4764289855957,.
3396,.,11.3974409103394,36.4764289855957,.
3397,.,11.3974409103394,36.4764289855957,.
3398,.,11.3974409103394,36.4764289855957,.
3399,.,11.3974409103394,36.4764289855957,.
3400,.,11.3974409103394,36.4764289855957,.
3401,.,11.3974409103394,36.4764289855957,.
3402,.,11.3974409103394,36.4764289855957,.
3403,.,11.3974409103394,36.4764289855957,.
3404,.,11.3974409103394,36.4764289855957,.
3405,.,11.3974409103394,36.4764289855957,.
3406,.,11.3974409103394,36.4764289855957,.
3407,.,11.2944765090942,36.4487266540527,.
3408,.,11.2944765090942,36.4487266540527,.
3409,.,11.2944765090942,36.4487266540527,.
3410,.,11.2944765090942,36.4487266540527,.
3411,.,11.2944765090942,36.4487266540527,.
3412,.,11.2944765090942,36.4487266540527,.
3413,.,11.2944765090942,36.4487266540527,.
3414,.,11.2944765090942,36.4487266540527,.
3415,.,11.2944765090942,36.4487266540527,.
3416,.,11.2944765090942,36.4487266540527,.
3417,.,11.2944765090942,36.4487266540527,.
3418,.,11.2944765090942,36.4487266540527,.
3419,.,11.2944765090942,36.4487266540527,.
3420,.,11.2944765090942,36.4487266540527,.
3421,.,11.2944765090942,36.4487266540527,.
3422,.,11.2944765090942,36.4487266540527,.
3423,.,10.4459419250488,35.8913993835449,.
3424,.,10.4459419250488,35.8913993835449,.
3425,.,10.4459419250488,35.8913993835449,.
3426,.,10.4459419250488,35.8913993835449,.
3427,.,10.4459419250488,35.8913993835449,.
3428,.,10.4459419250488,35.8913993835449,.
3429,.,10.4459419250488,35.8913993835449,.
3430,.,10.4459419250488,35.8913993835449,.
3431,.,10.4459419250488,35.8913993835449,.
3432,.,10.4459419250488,35.8913993835449,.
3433,.,9.38970184326172,34.4477310180664,.
3434,.,9.38970184326172,34.4477310180664,.
3435,.,9.38970184326172,34.4477310180664,.
3436,.,7.53676319122314,37.6387748718262,.
3437,.,7.38901710510254,37.8963394165039,.
3438,.,7.38901710510254,37.8963394165039,.
3439,.,7.38901710510254,37.8963394165039,.
3440,.,7.38901710510254,37.8963394165039,.
3441,.,7.38901710510254,37.8963394165039,.
3442,.,7.38901710510254,37.8963394165039,.
3443,.,7.38901710510254,37.8963394165039,.
3444,.,7.38901710510254,37.8963394165039,.
3445,.,7.38901710510254,37.8963394165039,.
3446,.,7.38901710510254,37.8963394165039,.
3447,.,6.59737014770508,38.7479248046875,.
3448,.,6.59737014770508,38.7479248046875,.
3449,.,6.59737014770508,38.7479248046875,.
3450,.,6.59737014770508,38.7479248046875,.
3451,.,6.59737014770508,38.7479248046875,.
3452,.,6.59737014770508,38.7479248046875,.
3453,.,6.59737014770508,38.7479248046875,.
3454,.,6.59737014770508,38.7479248046875,.
3455,.,6.59737014770508,38.7479248046875,.
3456,.,6.59737014770508,38.7479248046875,.
3457,.,6.59737014770508,38.7479248046875,.
3458,.,6.48450708389282,38.6026611328125,.
3459,.,6.48450708389282,38.6026611328125,.
3460,.,6.48450708389282,38.6026611328125,.
3461,.,6.48450708389282,38.6026611328125,.
3462,.,6.94803094863892,38.2669639587402,.
3463,.,6.94803094863892,38.2669639587402,.
3464,.,6.94803094863892,38.2669639587402,.
3465,.,6.94803094863892,38.2669639587402,.
3466,.,6.94803094863892,38.2669639587402,.
3467,.,6.51960182189941,38.7200889587402,.
3468,.,6.51960182189941,38.7200889587402,.
3469,.,6.51960182189941,38.7200889587402,.
3470,.,6.51960182189941,38.7200889587402,.
3471,.,6.51960182189941,38.7200889587402,.
3472,.,5.8897557258606,36.5752754211426,.
3473,.,5.8897557258606,36.5752754211426,.
3474,.,5.8897557258606,36.5752754211426,.
3475,.,5.8897557258606,36.5752754211426,.
3476,.,5.8897557258606,36.5752754211426,.
3477,.,5.8897557258606,36.5752754211426,.
3478,.,5.8897557258606,36.5752754211426,.
3479,.,5.8897557258606,36.5752754211426,.
3480,.,5.8897557258606,36.5752754211426,.
3481,.,5.8897557258606,36.5752754211426,.
3482,.,5.8897557258606,36.5752754211426,.
3483,.,5.8897557258606,36.5752754211426,.
3484,.,5.8897557258606,36.5752754211426,.
3485,.,7.37648248672485,36.3340682983398,.
3486,.,7.37648248672485,36.3340682983398,.
3487,.,7.37648248672485,36.3340682983398,.
3488,.,7.37648248672485,36.3340682983398,.
3489,.,7.37648248672485,36.3340682983398,.
3490,.,7.37648248672485,36.3340682983398,.
3491,.,7.37648248672485,36.3340682983398,.
3492,.,7.37648248672485,36.3340682983398,.
3493,.,7.37648248672485,36.3340682983398,.
3494,.,7.37648248672485,36.3340682983398,.
3495,.,7.37648248672485,36.3340682983398,.
3496,.,7.06758260726929,35.6687774658203,.
3497,.,7.06758260726929,35.6687774658203,.
3498,.,7.06758260726929,35.6687774658203,.
3499,.,7.87909364700317,37.5802917480469,.
3500,.,7.87909364700317,37.5802917480469,.
3501,.,7.87909364700317,37.5802917480469,.
3502,.,7.87909364700317,37.5802917480469,.
3503,.,7.87909364700317,37.5802917480469,.
3504,.,7.87909364700317,37.5802917480469,.
3505,.,7.87909364700317,37.5802917480469,.
3506,.,7.87909364700317,37.5802917480469,.
3507,.,7.87909364700317,37.5802917480469,.
3508,.,7.87909364700317,37.5802917480469,.
3509,.,7.76569795608521,37.4571418762207,.
3510,.,7.76569795608521,37.4571418762207,.
3511,.,7.76569795608521,37.4571418762207,.
3512,.,7.76569795608521,37.4571418762207,.
3513,.,7.76569795608521,37.4571418762207,.
3514,.,7.76569795608521,37.4571418762207,.
3515,.,7.76569795608521,37.4571418762207,.
3516,.,7.76569795608521,37.4571418762207,.
3517,.,7.76569795608521,37.4571418762207,.
3518,.,7.76569795608521,37.4571418762207,.
3519,.,7.22086811065674,38.1693305969238,.
3520,.,7.22086811065674,38.1693305969238,.
3521,.,7.22086811065674,38.1693305969238,.
3522,.,7.22086811065674,38.1693305969238,.
3523,.,7.22086811065674,38.1693305969238,.
3524,.,7.22086811065674,38.1693305969238,.
3525,.,7.22086811065674,38.1693305969238,.
3526,.,7.22086811065674,38.1693305969238,.
3527,.,7.22086811065674,38.1693305969238,.
3528,.,7.22086811065674,38.1693305969238,.
3529,.,7.22086811065674,38.1693305969238,.
3530,.,7.22086811065674,38.1693305969238,.
3531,.,7.21240091323853,37.3395843505859,.
3532,.,6.29112100601196,36.5889129638672,.
3533,.,6.29112100601196,36.5889129638672,.
3534,.,6.29112100601196,36.5889129638672,.
3535,.,7.07269811630249,36.7083587646484,.
3536,.,7.07269811630249,36.7083587646484,.
3537,.,7.07269811630249,36.7083587646484,.
3538,.,7.07269811630249,36.7083587646484,.
3539,.,6.78312206268311,36.5984954833984,.
3540,.,7.65691900253296,38.2994575500488,.
3541,.,7.65691900253296,38.2994575500488,.
3542,.,7.65691900253296,38.2994575500488,.
3543,.,7.65691900253296,38.2994575500488,.
3544,.,7.65691900253296,38.2994575500488,.
3545,.,7.65691900253296,38.2994575500488,.
3546,.,7.65691900253296,38.2994575500488,.
3547,.,7.65691900253296,38.2994575500488,.
3548,.,7.65691900253296,38.2994575500488,.
3549,.,7.65691900253296,38.2994575500488,.
3550,.,7.65691900253296,38.2994575500488,.
3551,.,7.65691900253296,38.2994575500488,.
3552,.,7.65691900253296,38.2994575500488,.
3553,.,8.19498920440674,34.8399658203125,.
3554,.,8.19498920440674,34.8399658203125,.
3555,.,8.19498920440674,34.8399658203125,.
3556,.,8.19498920440674,34.8399658203125,.
3557,.,8.33098220825195,33.7691535949707,.
3558,.,8.33098220825195,33.7691535949707,.
3559,.,8.33098220825195,33.7691535949707,.
3560,.,8.33098220825195,33.7691535949707,.
3561,.,8.33098220825195,33.7691535949707,.
3562,.,8.33098220825195,33.7691535949707,.
3563,.,8.33098220825195,33.7691535949707,.
3564,.,8.33098220825195,33.7691535949707,.
3565,.,8.33098220825195,33.7691535949707,.
3566,.,8.33098220825195,33.7691535949707,.
3567,.,7.30664920806885,35.3576850891113,.
3568,.,7.30664920806885,35.3576850891113,.
3569,.,7.14133405685425,35.3002395629883,.
3570,.,7.36027765274048,35.2938499450684,.
3571,.,7.36027765274048,35.2938499450684,.
3572,.,7.23908662796021,35.0840072631836,.
3573,.,7.23908662796021,35.0840072631836,.
3574,.,7.23908662796021,35.0840072631836,.
3575,.,7.23908662796021,35.0840072631836,.
3576,.,7.23908662796021,35.0840072631836,.
3577,.,7.23908662796021,35.0840072631836,.
3578,.,7.23908662796021,35.0840072631836,.
3579,.,7.23908662796021,35.0840072631836,.
3580,.,7.23908662796021,35.0840072631836,.
3581,.,8.34260272979736,34.0235633850098,.
3582,.,8.34260272979736,34.0235633850098,.
3583,.,8.34260272979736,34.0235633850098,.
3584,.,8.34260272979736,34.0235633850098,.
3585,.,8.34260272979736,34.0235633850098,.
3586,.,9.309889793396,42.1030693054199,.
3587,.,9.309889793396,42.1030693054199,.
3588,.,9.309889793396,42.1030693054199,.
3589,.,9.309889793396,42.1030693054199,.
3590,.,9.309889793396,42.1030693054199,.
3591,.,9.309889793396,42.1030693054199,.
3592,.,9.309889793396,42.1030693054199,.
3593,.,9.309889793396,42.1030693054199,.
3594,.,9.309889793396,42.1030693054199,.
3595,.,9.309889793396,42.1030693054199,.
3596,.,9.23956108093262,42.084789276123,.
3597,.,9.23956108093262,42.084789276123,.
3598,.,9.37778759002686,42.137508392334,.
3599,.,9.37778759002686,42.137508392334,.
3600,.,9.37778759002686,42.137508392334,.
3601,.,9.37778759002686,42.137508392334,.
3602,.,9.37778759002686,42.137508392334,.
3603,.,9.37778759002686,42.137508392334,.
3604,.,9.37778759002686,42.137508392334,.
3605,.,9.37778759002686,42.137508392334,.
3606,.,9.37778759002686,42.137508392334,.
3607,.,9.37778759002686,42.137508392334,.
3608,.,9.37778759002686,42.137508392334,.
3609,.,9.37778759002686,42.137508392334,.
3610,.,9.24619579315186,42.1531867980957,.
3611,.,9.28399276733398,42.1654434204102,.
3612,.,9.28399276733398,42.1654434204102,.
3613,.,9.39248752593994,42.2539825439453,.
3614,.,9.39248752593994,42.2539825439453,.
3615,.,9.39248752593994,42.2539825439453,.
3616,.,9.39248752593994,42.2539825439453,.
3617,.,9.39248752593994,42.2539825439453,.
3618,.,9.39248752593994,42.2539825439453,.
3619,.,9.39248752593994,42.2539825439453,.
3620,.,9.39248752593994,42.2539825439453,.
3621,.,9.39248752593994,42.2539825439453,.
3622,.,9.39248752593994,42.2539825439453,.
3623,.,9.39248752593994,42.2539825439453,.
3624,.,9.39248752593994,42.2539825439453,.
3625,.,9.39248752593994,42.2539825439453,.
3626,.,9.39248752593994,42.2539825439453,.
3627,.,9.39248752593994,42.2539825439453,.
3628,.,9.39248752593994,42.2539825439453,.
3629,.,9.34787940979004,42.248592376709,.
3630,.,9.34787940979004,42.248592376709,.
3631,.,9.34787940979004,42.248592376709,.
3632,.,9.34787940979004,42.248592376709,.
3633,.,9.34787940979004,42.248592376709,.
3634,.,9.34787940979004,42.248592376709,.
3635,.,9.34787940979004,42.248592376709,.
3636,.,9.34787940979004,42.248592376709,.
3637,.,9.34787940979004,42.248592376709,.
3638,.,9.34787940979004,42.248592376709,.
3639,.,9.70088577270508,42.1031265258789,.
3640,.,9.70088577270508,42.1031265258789,.
3641,.,9.56525230407715,41.9749794006348,.
46099,.,-15.5764999389648,35.1422386169434,.
46100,.,-10.8377304077148,33.9726791381836,.
46101,.,-15.8490800857544,35.3488388061523,.
46102,.,-15.5848703384399,35.0989112854004,.
46103,.,-15.5189304351807,35.4697303771973,.
46104,.,-15.8818597793579,35.1692085266113,.
46105,.,-9.71765041351318,33.3931312561035,.
46106,.,-11.9890403747559,33.5845489501953,.
46107,.,-15.7012796401978,35.3775901794434,.
46108,.,-15.7885503768921,35.608829498291,.
46109,.,-13.4309701919556,34.2332305908203,.
46110,.,-12.0227899551392,34.6223297119141,.
46111,.,-15.5314197540283,35.7968406677246,.
46112,.,-15.2439699172974,34.6569404602051,.
46113,.,-16.0041103363037,35.441520690918,.
46114,.,-15.9594202041626,35.423038482666,.
46115,.,-12.2796401977539,33.4571189880371,.
46116,.,-9.63403987884521,33.534969329834,.
46117,.,-15.7596597671509,35.2966995239258,.
46118,.,-13.211389541626,34.3153495788574,.
46119,.,-15.5443296432495,35.6066093444824,.
46120,.,-15.4148502349854,35.3419494628906,.
46121,.,-13.4275798797607,33.2661094665527,.
46122,.,-15.9763097763062,35.3274383544922,.
46123,.,-15.5251703262329,34.5193099975586,.
46124,.,-13.9954395294189,33.8130187988281,.
46125,.,-14.8179597854614,35.5350799560547,.
46126,.,-15.7163801193237,34.8666915893555,.
46127,.,-15.6806297302246,34.4072494506836,.
46128,.,-15.8966798782349,35.1106605529785,.
46129,.,-16.3770008087158,35.2643394470215,.
46130,.,-14.7450799942017,35.8511505126953,.
46131,.,-14.0428495407104,34.3045082092285,.
46132,.,-15.5030698776245,35.6521682739258,.
46133,.,-15.0400400161743,34.8817710876465,.
46134,.,-14.9616098403931,35.87451171875,.
46135,.,-13.9568700790405,34.0565605163574,.
46136,.,-15.7614498138428,34.4197387695313,.
46137,.,-15.9923696517944,35.297679901123,.
46138,.,-15.2448196411133,34.904541015625,.
46139,.,-15.8966798782349,35.1106605529785,.
46140,.,-15.7679395675659,35.2495384216309,.
46141,.,-15.6804399490356,35.0921516418457,.
46142,.,-16.0486507415771,35.224910736084,.
46143,.,-16.0486507415771,35.224910736084,.
46144,.,-15.8887996673584,35.2820510864258,.
46145,.,-11.7442302703857,33.938549041748,.
46146,.,-15.6169395446777,35.6684417724609,.
46147,.,-14.3751096725464,35.0270385742188,.
46148,.,-15.8350200653076,35.5541000366211,.
46149,.,-14.0292501449585,33.772289276123,.
46150,.,-13.6418104171753,33.3506202697754,.
46151,.,-13.2097597122192,34.2166786193848,.
46152,.,-15.8367395401001,35.0361213684082,.
46153,.,-14.1044397354126,33.4143714904785,.
46154,.,-13.076470375061,33.3061904907227,.
46155,.,-15.9509897232056,35.1758804321289,.
46156,.,-15.7386798858643,35.7275390625,.
46157,.,-15.3204002380371,35.2476501464844,.
46158,.,-10.2397403717041,33.6369094848633,.
46159,.,-15.6884098052979,34.5192794799805,.
46160,.,-15.3704395294189,35.3613815307617,.
46161,.,-15.7386798858643,35.7275390625,.
46162,.,-15.9113101959229,35.3177795410156,.
46163,.,-14.1301298141479,35.253978729248,.
46164,.,-15.5030698776245,35.6521682739258,.
46165,.,-15.7679395675659,35.2495384216309,.
46166,.,-15.5443296432495,35.6066093444824,.
46167,.,-13.076470375061,33.3061904907227,.
46168,.,-16.3770008087158,35.2643394470215,.
46169,.,-15.3680801391602,34.871940612793,.
46170,.,-12.8649396896362,33.9219703674316,.
46171,.,-11.9890403747559,33.5845489501953,.
46172,.,-11.5144500732422,33.5005111694336,.
46173,.,-14.769229888916,35.1412315368652,.
46174,.,-14.8277702331543,35.7442016601563,.
46175,.,-15.7410297393799,35.1948089599609,.
46176,.,-15.5862503051758,35.0452919006348,.
46177,.,-13.7223701477051,33.8731498718262,.
46178,.,-16.1066493988037,35.3063011169434,.
46179,.,-15.6694297790527,34.823070526123,.
46180,.,-15.7386798858643,35.7275390625,.
46181,.,-15.7679395675659,35.2495384216309,.
46182,.,-15.8887996673584,35.2820510864258,.
46183,.,-15.7614498138428,34.4197387695313,.
46184,.,-15.6804399490356,35.0921516418457,.
46185,.,-16.0764293670654,34.5844993591309,.
46186,.,-16.3051204681396,35.218620300293,.
46187,.,-15.8833303451538,35.2650184631348,.
46188,.,-15.3680801391602,34.871940612793,.
46189,.,-15.5251703262329,34.5193099975586,.
46190,.,-13.6645698547363,33.6965217590332,.
46191,.,-15.7679395675659,35.2495384216309,.
46192,.,-12.4417695999146,33.7865180969238,.
46193,.,-14.1897201538086,33.713809967041,.
46194,.,-15.7625102996826,35.7987785339355,.
46195,.,-15.8019895553589,35.265380859375,.
46196,.,-16.0200099945068,35.0729713439941,.
46197,.,-13.7778196334839,33.8201484680176,.
46198,.,-14.3020601272583,34.674560546875,.
46199,.,-15.4633703231812,35.289249420166,.
46200,.,-15.5443296432495,35.6066093444824,.
46201,.,-15.606559753418,34.635009765625,.
46202,.,-15.7735300064087,34.4424896240234,.
46203,.,-15.6879301071167,35.7680511474609,.
46204,.,-14.3753004074097,34.3644599914551,.
46205,.,-15.9335899353027,35.2047309875488,.
46206,.,-16.2331504821777,35.1204109191895,.
46207,.,-13.8006896972656,34.4177589416504,.
46208,.,-15.4253597259521,34.7216911315918,.
46209,.,-11.2786998748779,33.5016784667969,.
46210,.,-14.868579864502,35.2034683227539,.
46211,.,-13.1000604629517,34.3060417175293,.
46212,.,-15.2972402572632,35.4795913696289,.
46213,.,-13.417140007019,34.0313301086426,.
46214,.,-15.8378801345825,34.9835815429688,.
46215,.,-15.685170173645,34.4705200195313,.
46216,.,-15.2148399353027,34.6743202209473,.
46217,.,-15.5848703384399,35.0989112854004,.
46218,.,-15.4881496429443,35.3296585083008,.
46219,.,-13.3802700042725,34.1984214782715,.
46220,.,-15.1135196685791,35.2554092407227,.
46221,.,-15.63440990448,34.975170135498,.
46222,.,-15.63440990448,34.975170135498,.
46223,.,-16.1066493988037,35.3063011169434,.
46224,.,-15.8833303451538,35.2650184631348,.
46225,.,-14.1084003448486,33.9774208068848,.
46226,.,-13.8464403152466,33.2362899780273,.
46227,.,-13.2130899429321,33.5946311950684,.
46228,.,-15.3418397903442,34.8341407775879,.
46229,.,-15.9910898208618,34.9021682739258,.
46230,.,-13.5187997817993,34.2733497619629,.
46231,.,-13.1000604629517,34.3060417175293,.
46232,.,-15.8671903610229,35.8014717102051,.
46233,.,-10.7078504562378,34.0358810424805,.
46234,.,-13.7048101425171,33.6004905700684,.
46235,.,-15.4897403717041,35.592601776123,.
46236,.,-11.5144701004028,33.4363403320313,.
46237,.,-15.7359304428101,35.5938186645508,.
46238,.,-15.7171602249146,35.5042686462402,.
46239,.,-13.6323699951172,33.9716606140137,.
46240,.,-15.7461500167847,35.6137199401855,.
46241,.,-13.076470375061,33.3061904907227,.
46242,.,-13.0519399642944,33.4975204467773,.
46243,.,-11.3422899246216,34.1177101135254,.
46244,.,-14.8277702331543,35.7442016601563,.
46245,.,-15.5848703384399,35.0989112854004,.
46246,.,-9.52412033081055,33.2785797119141,.
46247,.,-15.8042497634888,34.9553718566895,.
46248,.,-16.2134799957275,35.2244911193848,.
46249,.,-15.3954000473022,34.8364486694336,.
46250,.,-16.1516990661621,35.2084007263184,.
46251,.,-14.1770601272583,34.2692718505859,.
46252,.,-9.71765041351318,33.3931312561035,.
46253,.,-15.8019895553589,35.265380859375,.
46254,.,-14.9506397247314,34.833610534668,.
46255,.,-16.1536102294922,35.3490409851074,.
46256,.,-15.5030698776245,35.6521682739258,.
46257,.,-13.7463302612305,34.381519317627,.
46258,.,-13.4275798797607,33.2661094665527,.
46259,.,-16.1218395233154,35.5467109680176,.
46260,.,-14.9616098403931,35.87451171875,.
46261,.,-11.4816198348999,34.007740020752,.
46262,.,-15.6445798873901,35.1619682312012,.
46263,.,-15.5903100967407,35.7436294555664,.
46264,.,-14.9616098403931,35.87451171875,.
46265,.,-15.486180305481,34.6078796386719,.
46266,.,-15.8350200653076,35.5541000366211,.
46267,.,-15.7885503768921,35.608829498291,.
46268,.,-15.2972402572632,35.4795913696289,.
46269,.,-11.8008003234863,33.4245109558105,.
46270,.,-15.7461500167847,35.6137199401855,.
46271,.,-16.1900100708008,35.1304512023926,.
46272,.,-15.7163801193237,34.8666915893555,.
46273,.,-15.9067001342773,34.9767189025879,.
46274,.,-11.7719297409058,34.0525093078613,.
46275,.,-11.7656097412109,34.1592483520508,.
46276,.,-13.8449897766113,34.384090423584,.
46277,.,-16.1995601654053,35.0732307434082,.
46278,.,-15.7596597671509,35.2966995239258,.
46279,.,-16.0185794830322,35.2029418945313,.
46280,.,-15.7625102996826,35.7987785339355,.
46281,.,-15.7163801193237,34.8666915893555,.
46282,.,-13.7906904220581,34.534740447998,.
46283,.,-15.5848703384399,35.0989112854004,.
46284,.,-15.8887996673584,35.2820510864258,.
46285,.,-13.837869644165,33.0589599609375,.
46286,.,-13.3342800140381,33.8982086181641,.
46287,.,-16.2134799957275,35.2244911193848,.
46288,.,-15.6850500106812,34.932788848877,.
46289,.,-14.0522203445435,33.4851112365723,.
46290,.,-15.7768201828003,35.1487503051758,.
46291,.,-15.6804399490356,35.0921516418457,.
46292,.,-15.3858404159546,34.6245803833008,.
46293,.,-13.211389541626,34.3153495788574,.
46294,.,-15.8671903610229,35.8014717102051,.
46295,.,-16.1516990661621,35.2084007263184,.
46296,.,-16.1995601654053,35.0732307434082,.
46297,.,-15.7885503768921,35.608829498291,.
46298,.,-15.6624097824097,34.9623413085938,.
46299,.,-14.1301298141479,35.253978729248,.
46300,.,-15.4463701248169,35.4656410217285,.
46301,.,-14.1249799728394,34.2055816650391,.
46302,.,-15.7171602249146,35.5042686462402,.
46303,.,-15.8887996673584,35.2820510864258,.
46304,.,-12.0468702316284,33.646240234375,.
46305,.,-15.6624097824097,34.9623413085938,.
46306,.,-14.1249799728394,34.2055816650391,.
46307,.,-11.3789596557617,33.8708610534668,.
46308,.,-14.769229888916,35.1412315368652,.
46309,.,-15.3418397903442,34.8341407775879,.
46310,.,-15.7893896102905,35.3337707519531,.
46311,.,-13.7414503097534,32.9667587280273,.
46312,.,-15.7679395675659,35.2495384216309,.
46313,.,-11.7562599182129,33.4206886291504,.
46314,.,-15.4300804138184,35.4271011352539,.
46315,.,-15.9910898208618,34.9021682739258,.
46316,.,-14.1044397354126,33.4143714904785,.
46317,.,-15.4827098846436,34.7860908508301,.
46318,.,-15.0352201461792,35.5046997070313,.
46319,.,-11.5144701004028,33.4363403320313,.
46320,.,-13.6001596450806,33.9002304077148,.
46321,.,-13.4275798797607,33.2661094665527,.
46322,.,-15.7734498977661,34.5073890686035,.
46323,.,-13.1408195495605,33.4757614135742,.
46324,.,-14.9616098403931,35.87451171875,.
46325,.,-13.3567304611206,33.7945899963379,.
46326,.,-15.7768201828003,35.1487503051758,.
46327,.,-10.1529998779297,34.0250015258789,.
46328,.,-15.6806297302246,34.4072494506836,.
46329,.,-16.0872497558594,34.999340057373,.
46330,.,-12.2150497436523,33.4475898742676,.
46331,.,-15.9594202041626,35.423038482666,.
46332,.,-15.7625102996826,35.7987785339355,.
46333,.,-15.8055400848389,35.1751518249512,.
46334,.,-15.8019895553589,35.265380859375,.
46335,.,-13.6323699951172,33.9716606140137,.
46336,.,-13.0677404403687,33.5782699584961,.
46337,.,-15.4881496429443,35.3296585083008,.
46338,.,-16.3838901519775,35.1765785217285,.
46339,.,-13.5345401763916,32.8610496520996,.
46340,.,-15.5903100967407,35.7436294555664,.
46341,.,-13.789529800415,33.5550498962402,.
46342,.,-15.5764999389648,35.1422386169434,.
46343,.,-13.8803300857544,34.505859375,.
46344,.,-13.8803300857544,34.505859375,.
46345,.,-15.8818597793579,35.1692085266113,.
46346,.,-16.1218395233154,35.5467109680176,.
46347,.,-10.2397403717041,33.6369094848633,.
46348,.,-15.2448196411133,34.904541015625,.
46349,.,-15.7552995681763,35.6058807373047,.
46350,.,-15.376540184021,34.5810699462891,.
46351,.,-15.7012796401978,35.3775901794434,.
46352,.,-14.0359001159668,34.3325309753418,.
46353,.,-16.066930770874,35.0717010498047,.
46354,.,-13.530179977417,33.7944107055664,.
46355,.,-15.4719495773315,34.9919395446777,.
46356,.,-16.0041103363037,35.441520690918,.
46357,.,-15.5189304351807,35.4697303771973,.
46358,.,-14.7987298965454,35.0816192626953,.
46359,.,-9.71450996398926,33.2912483215332,.
46360,.,-15.3933801651001,35.3365783691406,.
46361,.,-12.8904304504395,33.5020713806152,.
46362,.,-15.8575096130371,34.9538307189941,.
46363,.,-16.1686592102051,35.2082481384277,.
46364,.,-15.7012796401978,35.3775901794434,.
46365,.,-14.8277702331543,35.7442016601563,.
46366,.,-15.9113101959229,35.3177795410156,.
46367,.,-14.950309753418,35.4952011108398,.
46368,.,-15.956130027771,35.2426109313965,.
46369,.,-15.7209997177124,35.5293807983398,.
46370,.,-13.9568700790405,34.0565605163574,.
46371,.,-9.71450996398926,33.2912483215332,.
46372,.,-16.0486507415771,35.224910736084,.
46373,.,-15.2432298660278,35.2535400390625,.
46374,.,-11.4534902572632,33.964958190918,.
46375,.,-15.3858404159546,34.6245803833008,.
46376,.,-14.4575099945068,34.650390625,.
46377,.,-15.685170173645,34.4705200195313,.
46378,.,-16.1686592102051,35.2082481384277,.
46379,.,-16.0486507415771,35.224910736084,.
46380,.,-13.2251996994019,33.713680267334,.
46381,.,-15.8818597793579,35.1692085266113,.
46382,.,-15.8055400848389,35.1751518249512,.
46383,.,-15.7893896102905,35.3337707519531,.
46384,.,-11.4902095794678,33.9674110412598,.
46385,.,-13.9239101409912,34.5238609313965,.
46386,.,-15.4081697463989,35.5605506896973,.
46387,.,-13.3213500976563,33.509220123291,.
46388,.,-15.8350200653076,35.5541000366211,.
46389,.,-13.7213001251221,34.3323211669922,.
46390,.,-15.8490800857544,35.3488388061523,.
46391,.,-15.7625102996826,35.7987785339355,.
46392,.,-15.7410297393799,35.1948089599609,.
46393,.,-16.1900100708008,35.1304512023926,.
46394,.,-15.4081296920776,35.3416595458984,.
46395,.,-16.0202407836914,35.4409790039063,.
46396,.,-15.4070596694946,35.0435218811035,.
46397,.,-14.9389801025391,35.0640106201172,.
46398,.,-15.531060218811,34.4603614807129,.
46399,.,-15.4881496429443,35.3296585083008,.
46400,.,-16.3714694976807,35.1387786865234,.
46401,.,-15.8425397872925,35.240909576416,.
46402,.,-15.5862503051758,35.0452919006348,.
46403,.,-15.63440990448,34.975170135498,.
46404,.,-15.7327499389648,34.6806716918945,.
46405,.,-15.4081697463989,35.5605506896973,.
46406,.,-15.8400201797485,35.7650718688965,.
46407,.,-14.3706398010254,35.306568145752,.
46408,.,-16.1686592102051,35.2082481384277,.
46409,.,-13.5300798416138,33.8973693847656,.
46410,.,-12.1007499694824,33.3503799438477,.
46411,.,-15.7834596633911,35.2228698730469,.
46412,.,-14.3826303482056,34.0849609375,.
46413,.,-15.7405595779419,34.3990287780762,.
46414,.,-16.066930770874,35.0717010498047,.
46415,.,-9.51432037353516,33.2206001281738,.
46416,.,-14.3713598251343,34.1142196655273,.
46417,.,-11.5144500732422,33.5005111694336,.
46418,.,-15.9022302627563,35.4151000976563,.
46419,.,-15.4081697463989,35.5605506896973,.
46420,.,-13.0677404403687,33.5782699584961,.
46421,.,-13.6910600662231,33.7964096069336,.
46422,.,-14.4236698150635,35.5990982055664,.
46423,.,-14.3138704299927,34.2398986816406,.
46424,.,-16.0242290496826,35.0012397766113,.
46425,.,-13.3868198394775,33.1138305664063,.
46426,.,-15.5591201782227,35.3229713439941,.
46427,.,-11.4902095794678,33.9674110412598,.
46428,.,-15.6850500106812,34.932788848877,.
46429,.,-15.6145095825195,35.1133499145508,.
46430,.,-13.8906602859497,33.8871803283691,.
46431,.,-13.8853302001953,33.7500991821289,.
46432,.,-15.8055400848389,35.1751518249512,.
46433,.,-15.5573997497559,34.5163383483887,.
46434,.,-15.6228199005127,35.0175399780273,.
46435,.,-15.9335899353027,35.2047309875488,.
46436,.,-14.6322603225708,34.6211318969727,.
46437,.,-15.5030698776245,35.6521682739258,.
46438,.,-15.7223796844482,35.1396408081055,.
46439,.,-15.4147901535034,34.5917282104492,.
46440,.,-16.0041103363037,35.441520690918,.
46441,.,-13.5010204315186,33.7112884521484,.
46442,.,-15.1135196685791,35.2554092407227,.
46443,.,-15.6879301071167,35.7680511474609,.
46444,.,-15.5972900390625,34.4753913879395,.
46445,.,-15.5213499069214,35.0719413757324,.
46446,.,-12.8904304504395,33.5020713806152,.
46447,.,-13.991060256958,34.5064315795898,.
46448,.,-15.7966203689575,34.5418815612793,.
46449,.,-15.7514801025391,35.682071685791,.
46450,.,-10.1529998779297,34.0250015258789,.
46451,.,-10.0754804611206,33.3908882141113,.
46452,.,-15.4070596694946,35.0435218811035,.
46453,.,-13.076470375061,33.3061904907227,.
46454,.,-15.6982402801514,35.299430847168,.
46455,.,-15.8833303451538,35.2650184631348,.
46456,.,-15.9113101959229,35.3177795410156,.
46457,.,-13.7920503616333,33.2354698181152,.
46458,.,-16.1218395233154,35.5467109680176,.
46459,.,-15.9377498626709,35.4617614746094,.
46460,.,-14.1811103820801,34.1434593200684,.
46461,.,-11.5144500732422,33.5005111694336,.
46462,.,-13.1488704681396,34.3321990966797,.
46463,.,-15.7223796844482,35.1396408081055,.
46464,.,-14.2415199279785,33.7132911682129,.
46465,.,-13.8434000015259,33.4235992431641,.
46466,.,-15.5305795669556,35.2582893371582,.
46467,.,-15.8490800857544,35.3488388061523,.
46468,.,-15.8737602233887,35.4349517822266,.
46469,.,-15.7405595779419,34.3990287780762,.
46470,.,-14.2476396560669,34.5322685241699,.
46471,.,-9.52412033081055,33.2785797119141,.
46472,.,-12.7194404602051,33.4780197143555,.
46473,.,-13.789529800415,33.5550498962402,.
46474,.,-15.7359304428101,35.5938186645508,.
46475,.,-15.7966203689575,34.5418815612793,.
46476,.,-15.4000701904297,35.326488494873,.
46477,.,-13.0677404403687,33.5782699584961,.
46478,.,-15.8671903610229,35.8014717102051,.
46479,.,-15.8314800262451,35.11669921875,.
46480,.,-11.818829536438,34.146240234375,.
46481,.,-14.0372104644775,33.8179817199707,.
46482,.,-15.3855104446411,35.358570098877,.
46483,.,-15.7171602249146,35.5042686462402,.
46484,.,-12.735179901123,34.1727981567383,.
46485,.,-15.4766902923584,34.5224685668945,.
46486,.,-15.8737602233887,35.4349517822266,.
46487,.,-11.4170999526978,33.6656112670898,.
46488,.,-15.2448196411133,34.904541015625,.
46489,.,-15.5903100967407,35.7436294555664,.
46490,.,-15.3789300918579,35.3633308410645,.
46491,.,-15.8818597793579,35.1692085266113,.
46492,.,-16.1900100708008,35.1304512023926,.
46493,.,-15.6884098052979,34.5192794799805,.
46494,.,-15.6982402801514,35.299430847168,.
46495,.,-15.8350200653076,35.5541000366211,.
46496,.,-15.376540184021,34.5810699462891,.
46497,.,-15.7625102996826,35.7987785339355,.
46498,.,-15.6357898712158,34.5645294189453,.
46499,.,-15.5189304351807,35.4697303771973,.
46500,.,-13.3213500976563,33.509220123291,.
46501,.,-13.792519569397,32.8866806030273,.
46502,.,-13.9383296966553,34.5154800415039,.
46503,.,-13.4657802581787,34.0375518798828,.
46504,.,-14.9616098403931,35.87451171875,.
46505,.,-13.3430795669556,33.9630699157715,.
46506,.,-15.6169395446777,35.6684417724609,.
46507,.,-15.7734498977661,34.5073890686035,.
46508,.,-15.956130027771,35.2426109313965,.
46509,.,-14.7784204483032,35.8010101318359,.
46510,.,-14.8503704071045,34.7499008178711,.
46511,.,-16.0041103363037,35.441520690918,.
46512,.,-10.8784103393555,33.579719543457,.
46513,.,-15.606559753418,34.635009765625,.
46514,.,-16.081880569458,35.491828918457,.
46515,.,-14.769229888916,35.1412315368652,.
46516,.,-15.685170173645,34.4705200195313,.
46517,.,-13.789529800415,33.5550498962402,.
46518,.,-15.6884098052979,34.5192794799805,.
46519,.,-14.1897201538086,33.713809967041,.
46520,.,-12.4123201370239,34.0143203735352,.
46521,.,-15.7735300064087,34.4424896240234,.
46522,.,-15.7428598403931,35.060001373291,.
46523,.,-16.0202407836914,35.4409790039063,.
46524,.,-13.4463396072388,33.4062004089355,.
46525,.,-16.1900100708008,35.1304512023926,.
46526,.,-14.9616098403931,35.87451171875,.
46527,.,-15.7966203689575,34.5418815612793,.
46528,.,-15.0639295578003,34.8932304382324,.
46529,.,-15.5972900390625,34.4753913879395,.
46530,.,-15.8425397872925,35.240909576416,.
46531,.,-15.7171602249146,35.5042686462402,.
46532,.,-13.3847904205322,33.7668991088867,.
46533,.,-13.3579998016357,33.4899482727051,.
46534,.,-15.685170173645,34.4705200195313,.
46535,.,-15.6806297302246,34.4072494506836,.
46536,.,-15.4633703231812,35.289249420166,.
46537,.,-15.4823999404907,35.0187110900879,.
46538,.,-15.63440990448,34.975170135498,.
46539,.,-15.1910600662231,35.0622100830078,.
46540,.,-13.9383296966553,34.5154800415039,.
46541,.,-15.4030103683472,34.9573783874512,.
46542,.,-13.9612503051758,33.6136016845703,.
46543,.,-15.7679395675659,35.2495384216309,.
46544,.,-12.8649396896362,33.9219703674316,.
46545,.,-13.7778196334839,33.8201484680176,.
46546,.,-15.5591201782227,35.3229713439941,.
46547,.,-15.4463701248169,35.4656410217285,.
46548,.,-13.7906904220581,34.534740447998,.
46549,.,-15.7268295288086,35.0182991027832,.
46550,.,-15.6694297790527,34.823070526123,.
46551,.,-15.5443296432495,35.6066093444824,.
46552,.,-15.5443296432495,35.6066093444824,.
46553,.,-16.1900100708008,35.1304512023926,.
46554,.,-15.8833303451538,35.2650184631348,.
46555,.,-14.8282604217529,35.2134094238281,.
46556,.,-11.0051498413086,33.5626907348633,.
46557,.,-15.8966798782349,35.1106605529785,.
46558,.,-13.3656902313232,33.4001083374023,.
46559,.,-13.7906904220581,34.534740447998,.
46560,.,-15.2448196411133,34.904541015625,.
46561,.,-15.966420173645,35.7845191955566,.
46562,.,-15.7163801193237,34.8666915893555,.
46563,.,-13.7989196777344,34.2940292358398,.
46564,.,-15.5903100967407,35.7436294555664,.
46565,.,-15.5862503051758,35.0452919006348,.
46566,.,-15.5473899841309,34.7234001159668,.
46567,.,-13.4463396072388,33.4062004089355,.
46568,.,-16.0242290496826,35.0012397766113,.
46569,.,-15.4253597259521,34.7216911315918,.
46570,.,-15.9113101959229,35.3177795410156,.
46571,.,-12.2796401977539,33.4571189880371,.
46572,.,-15.7223796844482,35.1396408081055,.
46573,.,-14.6139001846313,35.8041381835938,.
46574,.,-15.9509897232056,35.1758804321289,.
46575,.,-15.9067001342773,34.9767189025879,.
46576,.,-11.8008003234863,33.4245109558105,.
46577,.,-15.4463701248169,35.4656410217285,.
46578,.,-14.6582202911377,35.0572395324707,.
46579,.,-13.0454502105713,34.2270393371582,.
46580,.,-13.7213001251221,34.3323211669922,.
46581,.,-16.066930770874,35.0717010498047,.
46582,.,-13.2663602828979,33.9988784790039,.
46583,.,-15.3156604766846,34.6679496765137,.
46584,.,-15.4463701248169,35.4656410217285,.
46585,.,-15.6884098052979,34.5192794799805,.
46586,.,-15.7359304428101,35.5938186645508,.
46587,.,-15.4253597259521,34.7216911315918,.
46588,.,-15.8019895553589,35.265380859375,.
46589,.,-15.3858404159546,34.6245803833008,.
46590,.,-15.8042497634888,34.9553718566895,.
46591,.,-13.5593595504761,33.5165100097656,.
46592,.,-12.8904304504395,33.5020713806152,.
46593,.,-15.3789300918579,35.3633308410645,.
46594,.,-16.1686592102051,35.2082481384277,.
46595,.,-15.8425397872925,35.240909576416,.
46596,.,-12.6419296264648,34.1667709350586,.
46597,.,-15.2439699172974,34.6569404602051,.
46598,.,-12.8904304504395,33.5020713806152,.
46599,.,-15.5862503051758,35.0452919006348,.
46600,.,-15.7461500167847,35.6137199401855,.
46601,.,-16.2331504821777,35.1204109191895,.
46602,.,-9.51432037353516,33.2206001281738,.
46603,.,-15.5764999389648,35.1422386169434,.
46604,.,-14.0878000259399,33.9263687133789,.
46605,.,-15.8042497634888,34.9553718566895,.
46606,.,-12.5437498092651,34.0588111877441,.
46607,.,-15.685170173645,34.4705200195313,.
46608,.,-14.8140296936035,34.6603317260742,.
46609,.,-14.2476396560669,34.5322685241699,.
46610,.,-16.2331504821777,35.1204109191895,.
46611,.,-15.9514398574829,35.0065002441406,.
46612,.,-15.4766902923584,34.5224685668945,.
46613,.,-16.1516990661621,35.2084007263184,.
46614,.,-15.8324403762817,35.0957717895508,.
46615,.,-15.9910898208618,34.9021682739258,.
46616,.,-15.9514398574829,35.0065002441406,.
46617,.,-13.8449897766113,34.384090423584,.
46618,.,-15.4030103683472,34.9573783874512,.
46619,.,-14.4627103805542,34.0289192199707,.
46620,.,-15.7012796401978,35.3775901794434,.
46621,.,-11.7656097412109,34.1592483520508,.
46622,.,-15.6806297302246,34.4072494506836,.
46623,.,-15.6982402801514,35.299430847168,.
46624,.,-9.63403987884521,33.534969329834,.
46625,.,-15.63440990448,34.975170135498,.
46626,.,-15.8378801345825,34.9835815429688,.
46627,.,-15.6405296325684,35.179931640625,.
46628,.,-15.9022302627563,35.4151000976563,.
46629,.,-15.4253597259521,34.7216911315918,.
46630,.,-15.9335899353027,35.2047309875488,.
46631,.,-14.9616098403931,35.87451171875,.
46632,.,-15.9335899353027,35.2047309875488,.
46633,.,-13.4657802581787,34.0375518798828,.
46634,.,-12.9611902236938,34.2550086975098,.
46635,.,-16.1686592102051,35.2082481384277,.
46636,.,-12.8140296936035,34.2050094604492,.
46637,.,-16.1109199523926,35.2119293212891,.
46638,.,-12.7194404602051,33.4780197143555,.
46639,.,-15.5848703384399,35.0989112854004,.
46640,.,-10.049750328064,33.9697494506836,.
46641,.,-15.9594202041626,35.423038482666,.
46642,.,-14.6386604309082,34.5562591552734,.
46643,.,-15.531060218811,34.4603614807129,.
46644,.,-15.0642004013062,35.171630859375,.
46645,.,-14.0718097686768,33.8645515441895,.
46646,.,-16.9097499847412,35.1698608398438,.
46647,.,-16.1686592102051,35.2082481384277,.
46648,.,-15.486180305481,34.6078796386719,.
46649,.,-15.9509897232056,35.1758804321289,.
46650,.,-12.6483497619629,33.4777183532715,.
46651,.,-15.8324403762817,35.0957717895508,.
46652,.,-15.9022302627563,35.4151000976563,.
46653,.,-14.1811103820801,34.1434593200684,.
46654,.,-15.9763097763062,35.3274383544922,.
46655,.,-15.7768201828003,35.1487503051758,.
46656,.,-15.0496997833252,35.2010116577148,.
46657,.,-16.1109199523926,35.2119293212891,.
46658,.,-16.3051204681396,35.218620300293,.
46659,.,-9.70057010650635,33.2391700744629,.
46660,.,-15.6957302093506,34.513801574707,.
46661,.,-15.6879301071167,35.7680511474609,.
46662,.,-16.0200099945068,35.0729713439941,.
46663,.,-11.7562599182129,33.4206886291504,.
46664,.,-15.8671903610229,35.8014717102051,.
46665,.,-12.8904304504395,33.5020713806152,.
46666,.,-15.4633703231812,35.289249420166,.
46667,.,-15.3935804367065,35.2948112487793,.
46668,.,-15.6804399490356,35.0921516418457,.
46669,.,-14.9256401062012,35.6623001098633,.
46670,.,-16.066930770874,35.0717010498047,.
46671,.,-15.4766902923584,34.5224685668945,.
46672,.,-12.4417695999146,33.7865180969238,.
46673,.,-15.4070596694946,35.0435218811035,.
46674,.,-15.4030103683472,34.9573783874512,.
46675,.,-15.5443296432495,35.6066093444824,.
46676,.,-15.4081401824951,35.3423118591309,.
46677,.,-15.7246599197388,35.0708198547363,.
46678,.,-15.5848703384399,35.0989112854004,.
46679,.,-15.9121704101563,35.0517616271973,.
46680,.,-15.4147901535034,34.5917282104492,.
46681,.,-13.9568700790405,34.0565605163574,.
46682,.,-16.1109199523926,35.2119293212891,.
46683,.,-10.8784103393555,33.579719543457,.
46684,.,-15.7163801193237,34.8666915893555,.
46685,.,-13.5593595504761,33.5165100097656,.
46686,.,-13.3529195785522,33.9108009338379,.
46687,.,-13.076470375061,33.3061904907227,.
46688,.,-15.8425397872925,35.240909576416,.
46689,.,-12.9611902236938,34.2550086975098,.
46690,.,-15.6624097824097,34.9623413085938,.
46691,.,-14.7911796569824,35.5734710693359,.
46692,.,-13.076470375061,33.3061904907227,.
46693,.,-14.8179597854614,35.5350799560547,.
46694,.,-15.7834596633911,35.2228698730469,.
46695,.,-15.7735300064087,34.4424896240234,.
46696,.,-15.3899297714233,35.174430847168,.
46697,.,-13.5738096237183,34.3303413391113,.
46698,.,-15.5213499069214,35.0719413757324,.
46699,.,-15.8350200653076,35.5541000366211,.
46700,.,-15.8818597793579,35.1692085266113,.
46701,.,-15.7885503768921,35.608829498291,.
46702,.,-15.7359304428101,35.5938186645508,.
46703,.,-15.5764999389648,35.1422386169434,.
46704,.,-15.8966798782349,35.1106605529785,.
46705,.,-15.9335899353027,35.2047309875488,.
46706,.,-16.0667095184326,35.1309394836426,.
46707,.,-15.9514398574829,35.0065002441406,.
46708,.,-15.6411199569702,35.7080192565918,.
46709,.,-14.8480796813965,35.5307884216309,.
46710,.,-15.7461500167847,35.6137199401855,.
46711,.,-15.7893896102905,35.3337707519531,.
46712,.,-13.5561800003052,34.3863487243652,.
46713,.,-13.6001596450806,33.9002304077148,.
46714,.,-10.9779500961304,33.9525489807129,.
46715,.,-13.7947797775269,34.463981628418,.
46716,.,-15.956130027771,35.2426109313965,.
46717,.,-16.066930770874,35.0717010498047,.
46718,.,-13.5010204315186,33.7112884521484,.
46719,.,-15.0642004013062,35.171630859375,.
46720,.,-12.7051296234131,33.2996101379395,.
46721,.,-14.950309753418,35.4952011108398,.
46722,.,-15.7966203689575,34.5418815612793,.
46723,.,-15.4148502349854,35.3419494628906,.
46724,.,-16.3770008087158,35.2643394470215,.
46725,.,-14.8179597854614,35.5350799560547,.
46726,.,-15.9121704101563,35.0517616271973,.
46727,.,-13.5675897598267,32.8633308410645,.
46728,.,-15.8818597793579,35.1692085266113,.
46729,.,-15.9952898025513,35.2813186645508,.
46730,.,-15.0352201461792,35.5046997070313,.
46731,.,-11.9890403747559,33.5845489501953,.
46732,.,-15.7734498977661,34.5073890686035,.
46733,.,-15.2432298660278,35.2535400390625,.
46734,.,-16.3051204681396,35.218620300293,.
46735,.,-16.1900100708008,35.1304512023926,.
46736,.,-9.63403987884521,33.534969329834,.
46737,.,-15.7209997177124,35.5293807983398,.
46738,.,-10.2397403717041,33.6369094848633,.
46739,.,-15.8248796463013,34.4091491699219,.
46740,.,-14.8480796813965,35.5307884216309,.
46741,.,-13.5738096237183,34.3303413391113,.
46742,.,-11.4170999526978,33.6656112670898,.
46743,.,-14.7784204483032,35.8010101318359,.
46744,.,-9.70057010650635,33.2391700744629,.
46745,.,-11.0198497772217,33.7740211486816,.
46746,.,-15.5213499069214,35.0719413757324,.
46747,.,-14.1770601272583,34.2692718505859,.
46748,.,-14.6034898757935,35.1805305480957,.
46749,.,-13.8006896972656,34.4177589416504,.
46750,.,-15.9022302627563,35.4151000976563,.
46751,.,-15.6228199005127,35.0175399780273,.
46752,.,-14.0133199691772,33.7976112365723,.
46753,.,-15.6694297790527,34.823070526123,.
46754,.,-16.3051204681396,35.218620300293,.
46755,.,-15.5030698776245,35.6521682739258,.
46756,.,-15.956130027771,35.2426109313965,.
46757,.,-13.0519399642944,33.4975204467773,.
46758,.,-16.0486507415771,35.224910736084,.
46759,.,-15.8111095428467,34.9839210510254,.
46760,.,-15.6982402801514,35.299430847168,.
46761,.,-15.8966798782349,35.1106605529785,.
46762,.,-16.1109199523926,35.2119293212891,.
46763,.,-12.2796401977539,33.4571189880371,.
46764,.,-15.7966203689575,34.5418815612793,.
46765,.,-15.5305795669556,35.2582893371582,.
46766,.,-14.9389801025391,35.0640106201172,.
46767,.,-12.4417695999146,33.7865180969238,.
46768,.,-9.84584999084473,33.4064903259277,.
46769,.,-15.5573997497559,34.5163383483887,.
46770,.,-16.0202407836914,35.4409790039063,.
46771,.,-14.3826303482056,34.0849609375,.
46772,.,-15.7209997177124,35.5293807983398,.
46773,.,-12.6483497619629,33.4777183532715,.
46774,.,-15.5607900619507,34.8945999145508,.
46775,.,-15.2439699172974,34.6569404602051,.
46776,.,-15.9910898208618,34.9021682739258,.
46777,.,-10.2397403717041,33.6369094848633,.
46778,.,-14.0372104644775,33.8179817199707,.
46779,.,-15.5542497634888,35.3687210083008,.
46780,.,-15.7410297393799,35.1948089599609,.
46781,.,-15.9923696517944,35.297679901123,.
46782,.,-15.6804399490356,35.0921516418457,.
46783,.,-15.8966798782349,35.1106605529785,.
46784,.,-9.99917030334473,33.426700592041,.
46785,.,-14.3731002807617,33.9071617126465,.
46786,.,-15.3156604766846,34.6679496765137,.
46787,.,-14.1948699951172,33.4779586791992,.
46788,.,-15.7405595779419,34.3990287780762,.
46789,.,-13.2130899429321,33.5946311950684,.
46790,.,-15.4463701248169,35.4656410217285,.
46791,.,-15.1424798965454,34.9976387023926,.
46792,.,-15.9509897232056,35.1758804321289,.
46793,.,-14.3807601928711,34.3367881774902,.
46794,.,-15.7614498138428,34.4197387695313,.
46795,.,-15.0366897583008,34.9911117553711,.
46796,.,-12.943320274353,34.2619590759277,.
46797,.,-14.4627103805542,34.0289192199707,.
46798,.,-14.769229888916,35.1412315368652,.
46799,.,-14.655369758606,35.8396492004395,.
46800,.,-15.5443296432495,35.6066093444824,.
46801,.,-16.1686592102051,35.2082481384277,.
46802,.,-15.8671903610229,35.8014717102051,.
46803,.,-13.2669696807861,34.1583595275879,.
46804,.,-13.3027095794678,34.1166305541992,.
46805,.,-15.5443296432495,35.6066093444824,.
46806,.,-15.9022302627563,35.4151000976563,.
46807,.,-15.8818597793579,35.1692085266113,.
46808,.,-15.7834596633911,35.2228698730469,.
46809,.,-15.2645597457886,35.3688087463379,.
46810,.,-15.8887996673584,35.2820510864258,.
46811,.,-15.9121704101563,35.0517616271973,.
46812,.,-13.8573799133301,33.3024406433105,.
46813,.,-13.9383296966553,34.5154800415039,.
46814,.,-16.1686592102051,35.2082481384277,.
46815,.,-13.3213500976563,33.509220123291,.
46816,.,-15.4253597259521,34.7216911315918,.
46817,.,-15.8575096130371,34.9538307189941,.
46818,.,-14.950309753418,35.4952011108398,.
46819,.,-15.5213499069214,35.0719413757324,.
46820,.,-15.6694297790527,34.823070526123,.
46821,.,-15.7893896102905,35.3337707519531,.
46822,.,-15.5607900619507,34.8945999145508,.
46823,.,-15.8671903610229,35.8014717102051,.
46824,.,-14.868579864502,35.2034683227539,.
46825,.,-13.7906904220581,34.534740447998,.
46826,.,-15.9910898208618,34.9021682739258,.
46827,.,-15.7966203689575,34.5418815612793,.
46828,.,-11.3145704269409,33.9706687927246,.
46829,.,-15.1095199584961,35.5335388183594,.
46830,.,-15.5443296432495,35.6066093444824,.
46831,.,-11.5144701004028,33.4363403320313,.
46832,.,-15.8248796463013,34.4091491699219,.
46833,.,-15.4030103683472,34.9573783874512,.
46834,.,-13.2130899429321,33.5946311950684,.
46835,.,-15.9923696517944,35.297679901123,.
46836,.,-10.0754804611206,33.3908882141113,.
46837,.,-13.1000604629517,34.3060417175293,.
46838,.,-12.4123201370239,34.0143203735352,.
46839,.,-15.9514398574829,35.0065002441406,.
46840,.,-15.5607900619507,34.8945999145508,.
46841,.,-15.7679395675659,35.2495384216309,.
46842,.,-13.2097597122192,34.2166786193848,.
46843,.,-14.1897201538086,33.713809967041,.
46844,.,-15.9725704193115,35.3785285949707,.
46845,.,-13.432089805603,33.9660301208496,.
46846,.,-12.8649396896362,33.9219703674316,.
46847,.,-16.3770008087158,35.2643394470215,.
46848,.,-14.950309753418,35.4952011108398,.
46849,.,-15.0366897583008,34.9911117553711,.
46850,.,-14.2570199966431,34.1506118774414,.
46851,.,-15.2448196411133,34.904541015625,.
46852,.,-14.9772396087646,34.9284896850586,.
46853,.,-15.8833303451538,35.2650184631348,.
46854,.,-15.7410297393799,35.1948089599609,.
46855,.,-15.4253597259521,34.7216911315918,.
46856,.,-15.9022302627563,35.4151000976563,.
46857,.,-16.081880569458,35.491828918457,.
46858,.,-15.7625102996826,35.7987785339355,.
46859,.,-13.9888496398926,33.0356101989746,.
46860,.,-10.9258899688721,34.0708198547363,.
46861,.,-13.076470375061,33.3061904907227,.
46862,.,-15.5972900390625,34.4753913879395,.
46863,.,-15.531060218811,34.4603614807129,.
46864,.,-15.9121704101563,35.0517616271973,.
46865,.,-10.8397998809814,33.447380065918,.
46866,.,-15.7171602249146,35.5042686462402,.
46867,.,-15.4637298583984,34.6597213745117,.
46868,.,-13.2663602828979,33.9988784790039,.
46869,.,-10.8336896896362,33.5321388244629,.
46870,.,-16.1995601654053,35.0732307434082,.
46871,.,-15.8055400848389,35.1751518249512,.
46872,.,-15.6169395446777,35.6684417724609,.
46873,.,-11.4170999526978,33.6656112670898,.
46874,.,-15.956130027771,35.2426109313965,.
46875,.,-10.8336896896362,33.5321388244629,.
46876,.,-15.9335899353027,35.2047309875488,.
46877,.,-16.1516990661621,35.2084007263184,.
46878,.,-13.211389541626,34.3153495788574,.
46879,.,-15.7209997177124,35.5293807983398,.
46880,.,-11.4170999526978,33.6656112670898,.
46881,.,-15.7768201828003,35.1487503051758,.
46882,.,-16.1109199523926,35.2119293212891,.
46883,.,-16.1995601654053,35.0732307434082,.
46884,.,-15.8055400848389,35.1751518249512,.
46885,.,-14.0372104644775,33.8179817199707,.
46886,.,-15.9514398574829,35.0065002441406,.
46887,.,-15.4468402862549,35.0949592590332,.
46888,.,-15.5189304351807,35.4697303771973,.
46889,.,-15.3789300918579,35.3633308410645,.
46890,.,-15.7410297393799,35.1948089599609,.
46891,.,-11.3789596557617,33.8708610534668,.
46892,.,-16.1109199523926,35.2119293212891,.
46893,.,-15.3873596191406,35.0263595581055,.
46894,.,-15.3204002380371,35.2476501464844,.
46895,.,-15.3951396942139,35.2604484558105,.
46896,.,-13.417140007019,34.0313301086426,.
46897,.,-11.818829536438,34.146240234375,.
46898,.,-15.8887996673584,35.2820510864258,.
46899,.,-14.0559501647949,33.7145195007324,.
46900,.,-15.4081697463989,35.5605506896973,.
46901,.,-15.7596597671509,35.2966995239258,.
46902,.,-15.4156999588013,35.3074989318848,.
46903,.,-15.8019895553589,35.265380859375,.
46904,.,-16.9097499847412,35.1698608398438,.
46905,.,-15.5852203369141,35.200309753418,.
46906,.,-15.8907403945923,34.9377784729004,.
46907,.,-15.3899297714233,35.174430847168,.
46908,.,-11.7562599182129,33.4206886291504,.
46909,.,-16.0185794830322,35.2029418945313,.
46910,.,-16.3838901519775,35.1765785217285,.
46911,.,-15.2645597457886,35.3688087463379,.
46912,.,-15.8055400848389,35.1751518249512,.
46913,.,-13.9383296966553,34.5154800415039,.
46914,.,-16.3051204681396,35.218620300293,.
46915,.,-15.2645597457886,35.3688087463379,.
46916,.,-15.7012796401978,35.3775901794434,.
46917,.,-16.0814800262451,35.7173309326172,.
46918,.,-10.049750328064,33.9697494506836,.
46919,.,-13.0108995437622,33.5837593078613,.
46920,.,-9.51432037353516,33.2206001281738,.
46921,.,-12.4123201370239,34.0143203735352,.
46922,.,-15.6806297302246,34.4072494506836,.
46923,.,-9.7655200958252,33.8683586120605,.
46924,.,-15.3680801391602,34.871940612793,.
46925,.,-11.3145704269409,33.9706687927246,.
46926,.,-15.6850500106812,34.932788848877,.
46927,.,-14.0292501449585,33.772289276123,.
46928,.,-15.7012796401978,35.3775901794434,.
46929,.,-14.769229888916,35.1412315368652,.
46930,.,-15.5852203369141,35.200309753418,.
46931,.,-15.3789300918579,35.3633308410645,.
46932,.,-14.0372104644775,33.8179817199707,.
46933,.,-13.9888496398926,33.0356101989746,.
46934,.,-11.4496898651123,33.9781188964844,.
46935,.,-12.4123201370239,34.0143203735352,.
46936,.,-15.7893896102905,35.3337707519531,.
46937,.,-14.0886898040771,34.5172805786133,.
46938,.,-14.1897201538086,33.713809967041,.
46939,.,-14.978289604187,35.2451705932617,.
46940,.,-9.9284496307373,33.9324417114258,.
46941,.,-15.6879301071167,35.7680511474609,.
46942,.,-15.7596597671509,35.2966995239258,.
46943,.,-13.6001596450806,33.9002304077148,.
46944,.,-15.8731098175049,35.5048789978027,.
46945,.,-11.6494998931885,34.2727584838867,.
46946,.,-15.6405296325684,35.179931640625,.
46947,.,-14.950309753418,35.4952011108398,.
46948,.,-16.1218395233154,35.5467109680176,.
46949,.,-15.6411199569702,35.7080192565918,.
46950,.,-12.735179901123,34.1727981567383,.
46951,.,-15.7386798858643,35.7275390625,.
46952,.,-15.6145095825195,35.1133499145508,.
46953,.,-15.7514801025391,35.682071685791,.
46954,.,-15.9910898208618,34.9021682739258,.
46955,.,-15.63440990448,34.975170135498,.
46956,.,-15.8490800857544,35.3488388061523,.
46957,.,-13.3887796401978,33.8467102050781,.
46958,.,-13.3529195785522,33.9108009338379,.
46959,.,-9.86328983306885,33.6397018432617,.
46960,.,-11.9890403747559,33.5845489501953,.
46961,.,-15.6884098052979,34.5192794799805,.
46962,.,-15.7885503768921,35.608829498291,.
46963,.,-13.232569694519,33.8411712646484,.
46964,.,-10.4448204040527,34.1068000793457,.
46965,.,-15.6445798873901,35.1619682312012,.
46966,.,-13.6096696853638,34.1945495605469,.
46967,.,-13.7213001251221,34.3323211669922,.
46968,.,-16.0200099945068,35.0729713439941,.
46969,.,-15.4147901535034,34.5917282104492,.
46970,.,-14.769229888916,35.1412315368652,.
46971,.,-10.3372097015381,34.1788101196289,.
46972,.,-15.6169395446777,35.6684417724609,.
46973,.,-15.7614498138428,34.4197387695313,.
46974,.,-15.5764999389648,35.1422386169434,.
46975,.,-15.2972402572632,35.4795913696289,.
46976,.,-15.8378801345825,34.9835815429688,.
46977,.,-14.7290496826172,35.5430793762207,.
46978,.,-9.86328983306885,33.6397018432617,.
46979,.,-11.2140798568726,34.1311111450195,.
46980,.,-13.3797302246094,34.0458908081055,.
46981,.,-15.6806297302246,34.4072494506836,.
46982,.,-16.3770008087158,35.2643394470215,.
46983,.,-12.4417695999146,33.7865180969238,.
46984,.,-13.7213001251221,34.3323211669922,.
46985,.,-15.5972900390625,34.4753913879395,.
46986,.,-13.1383304595947,33.9057388305664,.
46987,.,-12.6419296264648,34.1667709350586,.
46988,.,-15.5888204574585,34.5071792602539,.
46989,.,-13.8853302001953,33.7500991821289,.
46990,.,-15.4949197769165,35.6419296264648,.
46991,.,-9.51099014282227,33.1374816894531,.
46992,.,-16.3838901519775,35.1765785217285,.
46993,.,-10.6501703262329,34.1078186035156,.
46994,.,-12.0840301513672,34.7168807983398,.
46995,.,-10.1529998779297,34.0250015258789,.
46996,.,-9.51432037353516,33.2206001281738,.
46997,.,-15.5443296432495,35.6066093444824,.
46998,.,-12.5109395980835,33.4832801818848,.
46999,.,-11.2786998748779,33.5016784667969,.
47000,.,-12.3325996398926,34.0191116333008,.
47001,.,-15.3954000473022,34.8364486694336,.
47002,.,-15.4147901535034,34.5917282104492,.
47003,.,-13.5561800003052,34.3863487243652,.
47004,.,-13.3529195785522,33.9108009338379,.
47005,.,-17.005220413208,35.0824699401855,.
47006,.,-15.9910898208618,34.9021682739258,.
47007,.,-15.8400201797485,35.7650718688965,.
47008,.,-15.1808700561523,35.3272895812988,.
47009,.,-14.8277702331543,35.7442016601563,.
47010,.,-13.6096696853638,34.1945495605469,.
47011,.,-15.6019201278687,34.5225715637207,.
47012,.,-9.84584999084473,33.4064903259277,.
47013,.,-12.4971504211426,34.1713104248047,.
47014,.,-10.9282903671265,33.9354782104492,.
47015,.,-10.9779500961304,33.9525489807129,.
47016,.,-15.2898101806641,35.0452613830566,.
47017,.,-12.2796401977539,33.4571189880371,.
47018,.,-13.9047002792358,33.7743797302246,.
47019,.,-15.6879301071167,35.7680511474609,.
47020,.,-12.1007499694824,33.3503799438477,.
47021,.,-13.4054403305054,33.5761604309082,.
47022,.,-15.8416004180908,35.7917098999023,.
47023,.,-15.8019895553589,35.265380859375,.
47024,.,-15.7596597671509,35.2966995239258,.
47025,.,-15.7885503768921,35.608829498291,.
47026,.,-15.8575096130371,34.9538307189941,.
47027,.,-13.211389541626,34.3153495788574,.
47028,.,-15.8392496109009,35.0905799865723,.
47029,.,-15.7359304428101,35.5938186645508,.
47030,.,-15.9910898208618,34.9021682739258,.
47031,.,-10.7936897277832,34.0494499206543,.
47032,.,-13.3868198394775,33.1138305664063,.
47033,.,-15.9888601303101,35.4467010498047,.
47034,.,-13.9612503051758,33.6136016845703,.
47035,.,-15.2645597457886,35.3688087463379,.
47036,.,-15.4253597259521,34.7216911315918,.
47037,.,-15.7893896102905,35.3337707519531,.
47038,.,-13.1488704681396,34.3321990966797,.
47039,.,-14.1249799728394,34.2055816650391,.
47040,.,-15.6804399490356,35.0921516418457,.
47041,.,-15.5968103408813,34.5047416687012,.
47042,.,-13.3213500976563,33.509220123291,.
47043,.,-12.6483497619629,33.4777183532715,.
47044,.,-15.6405296325684,35.179931640625,.
47045,.,-10.7936897277832,34.0494499206543,.
47046,.,-10.8336896896362,33.5321388244629,.
47047,.,-9.86328983306885,33.6397018432617,.
47048,.,-13.6208200454712,33.8025588989258,.
47049,.,-10.8397998809814,33.447380065918,.
47050,.,-13.5394802093506,33.7365112304688,.
47051,.,-15.5213499069214,35.0719413757324,.
47052,.,-12.9611902236938,34.2550086975098,.
47053,.,-14.6582202911377,35.0572395324707,.
47054,.,-14.655369758606,35.8396492004395,.
47055,.,-14.6034898757935,35.1805305480957,.
47056,.,-12.6483497619629,33.4777183532715,.
47057,.,-13.1408195495605,33.4757614135742,.
47058,.,-15.5591201782227,35.3229713439941,.
47059,.,-15.2972402572632,35.4795913696289,.
47060,.,-16.1218395233154,35.5467109680176,.
47061,.,-15.5968103408813,34.5047416687012,.
47062,.,-15.4637298583984,34.6597213745117,.
47063,.,-11.4496898651123,33.9781188964844,.
47064,.,-12.735179901123,34.1727981567383,.
47065,.,-14.978289604187,35.2451705932617,.
47066,.,-13.3529195785522,33.9108009338379,.
47067,.,-15.5189304351807,35.4697303771973,.
47068,.,-14.8179597854614,35.5350799560547,.
47069,.,-15.4881496429443,35.3296585083008,.
47070,.,-13.7778196334839,33.8201484680176,.
47071,.,-12.0468702316284,33.646240234375,.
47072,.,-15.8400201797485,35.7650718688965,.
47073,.,-13.3868198394775,33.1138305664063,.
47074,.,-15.6957302093506,34.513801574707,.
47075,.,-15.6145095825195,35.1133499145508,.
47076,.,-9.86328983306885,33.6397018432617,.
47077,.,-15.9725704193115,35.3785285949707,.
47078,.,-15.9952898025513,35.2813186645508,.
47079,.,-15.5852203369141,35.200309753418,.
47080,.,-15.566499710083,35.206428527832,.
47081,.,-10.8377304077148,33.9726791381836,.
47082,.,-15.4827098846436,34.7860908508301,.
47083,.,-10.8140802383423,34.0060806274414,.
47084,.,-13.6096696853638,34.1945495605469,.
47085,.,-15.9910898208618,34.9021682739258,.
47086,.,-13.0454502105713,34.2270393371582,.
47087,.,-9.52412033081055,33.2785797119141,.
47088,.,-15.7834596633911,35.2228698730469,.
47089,.,-13.6663703918457,34.1038703918457,.
47090,.,-15.956130027771,35.2426109313965,.
47091,.,-15.5542497634888,35.3687210083008,.
47092,.,-14.8440504074097,35.0124206542969,.
47093,.,-15.615650177002,35.1616401672363,.
47094,.,-15.0642004013062,35.171630859375,.
47095,.,-15.7410297393799,35.1948089599609,.
47096,.,-13.9289102554321,33.8235092163086,.
47097,.,-11.3145704269409,33.9706687927246,.
47098,.,-15.6411199569702,35.7080192565918,.
47099,.,-10.8784103393555,33.579719543457,.
47100,.,-16.066930770874,35.0717010498047,.
47101,.,-13.7223701477051,33.8731498718262,.
47102,.,-13.5010204315186,33.7112884521484,.
47103,.,-15.1910600662231,35.0622100830078,.
47104,.,-11.2786998748779,33.5016784667969,.
47105,.,-15.5862503051758,35.0452919006348,.
47106,.,-15.5542497634888,35.3687210083008,.
47107,.,-13.7065601348877,33.7425498962402,.
47108,.,-15.1287298202515,35.4508514404297,.
47109,.,-14.9917001724243,34.7631187438965,.
47110,.,-9.59422016143799,33.3637504577637,.
47111,.,-12.8904304504395,33.5020713806152,.
47112,.,-11.0198497772217,33.7740211486816,.
47113,.,-15.3196601867676,35.4185600280762,.
47114,.,-12.6483497619629,33.4777183532715,.
47115,.,-15.4030103683472,34.9573783874512,.
47116,.,-12.1007499694824,33.3503799438477,.
47117,.,-15.6660099029541,34.4734382629395,.
47118,.,-15.8671903610229,35.8014717102051,.
47119,.,-15.4881496429443,35.3296585083008,.
47120,.,-11.5144701004028,33.4363403320313,.
47121,.,-13.530179977417,33.7944107055664,.
47122,.,-14.2934999465942,33.8274688720703,.
47123,.,-13.7414503097534,32.9667587280273,.
47124,.,-11.3145704269409,33.9706687927246,.
47125,.,-15.956130027771,35.2426109313965,.
47126,.,-10.9779500961304,33.9525489807129,.
47127,.,-14.8128795623779,34.627498626709,.
47128,.,-9.70057010650635,33.2391700744629,.
47129,.,-13.3430795669556,33.9630699157715,.
47130,.,-12.8630504608154,33.7195205688477,.
47131,.,-15.4897899627686,34.6922798156738,.
47132,.,-11.3789596557617,33.8708610534668,.
47133,.,-15.63440990448,34.975170135498,.
47134,.,-15.8248796463013,34.4091491699219,.
47135,.,-14.7784204483032,35.8010101318359,.
47136,.,-13.432089805603,33.9660301208496,.
47137,.,-13.3430795669556,33.9630699157715,.
47138,.,-14.0559501647949,33.7145195007324,.
47139,.,-15.4633703231812,35.289249420166,.
47140,.,-16.0586109161377,34.7759017944336,.
47141,.,-15.8248796463013,34.4091491699219,.
47142,.,-15.7223796844482,35.1396408081055,.
47143,.,-15.9121704101563,35.0517616271973,.
47144,.,-11.581130027771,34.0184516906738,.
47145,.,-9.71765041351318,33.3931312561035,.
47146,.,-15.6411199569702,35.7080192565918,.
47147,.,-11.7719297409058,34.0525093078613,.
47148,.,-14.188289642334,33.9618606567383,.
47149,.,-9.86328983306885,33.6397018432617,.
47150,.,-14.6582202911377,35.0572395324707,.
47151,.,-11.0198497772217,33.7740211486816,.
47152,.,-16.1536102294922,35.3490409851074,.
47153,.,-9.63403987884521,33.534969329834,.
47154,.,-15.403829574585,35.3195304870605,.
47155,.,-11.3145704269409,33.9706687927246,.
47156,.,-13.1838598251343,33.2934303283691,.
47157,.,-15.5764999389648,35.1422386169434,.
47158,.,-13.5300798416138,33.8973693847656,.
47159,.,-12.4417695999146,33.7865180969238,.
47160,.,-14.0428495407104,34.3045082092285,.
47161,.,-16.066930770874,35.0717010498047,.
47162,.,-16.0486507415771,35.224910736084,.
47163,.,-15.7410297393799,35.1948089599609,.
47164,.,-15.3156604766846,34.6679496765137,.
47165,.,-14.9616098403931,35.87451171875,.
47166,.,-15.7768201828003,35.1487503051758,.
47167,.,-13.1408195495605,33.4757614135742,.
47168,.,-11.0122699737549,33.851261138916,.
47169,.,-15.1808700561523,35.3272895812988,.
47170,.,-15.1135196685791,35.2554092407227,.
47171,.,-14.0886898040771,34.5172805786133,.
47172,.,-13.9383296966553,34.5154800415039,.
47173,.,-12.6483497619629,33.4777183532715,.
47174,.,-14.4861698150635,34.4703102111816,.
47175,.,-13.3868198394775,33.1138305664063,.
47176,.,-15.2432298660278,35.2535400390625,.
47177,.,-10.9779500961304,33.9525489807129,.
47178,.,-13.7150201797485,33.4016418457031,.
47179,.,-15.3954000473022,34.8364486694336,.
47180,.,-15.8042497634888,34.9553718566895,.
47181,.,-15.8818597793579,35.1692085266113,.
47182,.,-10.049750328064,33.9697494506836,.
47183,.,-15.9952898025513,35.2813186645508,.
47184,.,-11.3789596557617,33.8708610534668,.
47185,.,-10.8140802383423,34.0060806274414,.
47186,.,-14.9837598800659,35.1711616516113,.
47187,.,-15.8314800262451,35.11669921875,.
47188,.,-14.1897201538086,33.713809967041,.
47189,.,-13.3529195785522,33.9108009338379,.
47190,.,-13.9555101394653,33.2108192443848,.
47191,.,-15.6850500106812,34.932788848877,.
47192,.,-14.868579864502,35.2034683227539,.
47193,.,-15.7012796401978,35.3775901794434,.
47194,.,-13.9555101394653,33.2108192443848,.
47195,.,-17.0656795501709,35.1667900085449,.
47196,.,-15.2645597457886,35.3688087463379,.
47197,.,-15.376540184021,34.5810699462891,.
47198,.,-15.5848703384399,35.0989112854004,.
47199,.,-10.9258899688721,34.0708198547363,.
47200,.,-15.5213499069214,35.0719413757324,.
47201,.,-13.7203397750854,33.9900817871094,.
47202,.,-15.9035501480103,35.3258209228516,.
47203,.,-9.39844036102295,33.0153388977051,.
47204,.,-13.6663703918457,34.1038703918457,.
47205,.,-15.2645597457886,35.3688087463379,.
47206,.,-16.9645309448242,35.2086181640625,.
47207,.,-15.7514801025391,35.682071685791,.
47208,.,-17.005220413208,35.0824699401855,.
47209,.,-15.7514801025391,35.682071685791,.
47210,.,-15.6957302093506,34.513801574707,.
47211,.,-15.5251703262329,34.5193099975586,.
47212,.,-12.6098203659058,33.5945816040039,.
47213,.,-15.7405595779419,34.3990287780762,.
47214,.,-15.7163801193237,34.8666915893555,.
47215,.,-15.3899297714233,35.174430847168,.
47216,.,-15.4147901535034,34.5917282104492,.
47217,.,-15.6411199569702,35.7080192565918,.
47218,.,-15.7012796401978,35.3775901794434,.
47219,.,-13.0108995437622,33.5837593078613,.
47220,.,-15.7223796844482,35.1396408081055,.
47221,.,-13.7947797775269,34.463981628418,.
47222,.,-15.531060218811,34.4603614807129,.
47223,.,-13.2097597122192,34.2166786193848,.
47224,.,-13.1010704040527,33.7375411987305,.
47225,.,-12.4417695999146,33.7865180969238,.
47226,.,-13.3430795669556,33.9630699157715,.
47227,.,-13.9612503051758,33.6136016845703,.
47228,.,-16.1218395233154,35.5467109680176,.
47229,.,-15.7614498138428,34.4197387695313,.
47230,.,-15.4823999404907,35.0187110900879,.
47231,.,-15.966420173645,35.7845191955566,.
47232,.,-11.6494998931885,34.2727584838867,.
47233,.,-12.8140296936035,34.2050094604492,.
47234,.,-15.6879301071167,35.7680511474609,.
47235,.,-13.2251996994019,33.713680267334,.
47236,.,-14.655369758606,35.8396492004395,.
47237,.,-15.2645597457886,35.3688087463379,.
47238,.,-14.2415199279785,33.7132911682129,.
47239,.,-9.89101028442383,33.8277893066406,.
47240,.,-17.005220413208,35.0824699401855,.
47241,.,-13.991060256958,34.5064315795898,.
47242,.,-12.5109395980835,33.4832801818848,.
47243,.,-15.9067001342773,34.9767189025879,.
47244,.,-15.6660099029541,34.4734382629395,.
47245,.,-13.8853302001953,33.7500991821289,.
47246,.,-11.4170999526978,33.6656112670898,.
47247,.,-12.4971504211426,34.1713104248047,.
47248,.,-13.7414503097534,32.9667587280273,.
47249,.,-15.0639295578003,34.8932304382324,.
47250,.,-13.800609588623,33.7534790039063,.
47251,.,-15.4030103683472,34.9573783874512,.
47252,.,-14.1044397354126,33.4143714904785,.
47253,.,-13.3579998016357,33.4899482727051,.
47254,.,-15.6850500106812,34.932788848877,.
47255,.,-13.225040435791,33.7911911010742,.
47256,.,-13.0108995437622,33.5837593078613,.
47257,.,-14.9981203079224,35.1205902099609,.
47258,.,-11.5567302703857,34.1672286987305,.
47259,.,-15.3873596191406,35.0263595581055,.
47260,.,-13.225040435791,33.7911911010742,.
47261,.,-13.9007797241211,33.7801513671875,.
47262,.,-13.2663602828979,33.9988784790039,.
47263,.,-10.3432397842407,34.0757713317871,.
47264,.,-15.5573997497559,34.5163383483887,.
47265,.,-9.99917030334473,33.426700592041,.
47266,.,-15.7405595779419,34.3990287780762,.
47267,.,-15.9377498626709,35.4617614746094,.
47268,.,-10.9779500961304,33.9525489807129,.
47269,.,-15.5443296432495,35.6066093444824,.
47270,.,-13.0519399642944,33.4975204467773,.
47271,.,-11.4496898651123,33.9781188964844,.
47272,.,-13.691969871521,34.4607887268066,.
47273,.,-9.51099014282227,33.1374816894531,.
47274,.,-12.6098203659058,33.5945816040039,.
47275,.,-10.8397998809814,33.447380065918,.
47276,.,-14.0372104644775,33.8179817199707,.
47277,.,-13.1010704040527,33.7375411987305,.
47278,.,-13.5738096237183,34.3303413391113,.
47279,.,-15.3899297714233,35.174430847168,.
47280,.,-15.5862503051758,35.0452919006348,.
47281,.,-12.4123201370239,34.0143203735352,.
47282,.,-13.2663602828979,33.9988784790039,.
47283,.,-15.6357898712158,34.5645294189453,.
47284,.,-14.8179597854614,35.5350799560547,.
47285,.,-14.655369758606,35.8396492004395,.
47286,.,-9.84584999084473,33.4064903259277,.
47287,.,-15.4070596694946,35.0435218811035,.
47288,.,-12.4891901016235,34.1011581420898,.
47289,.,-13.7989196777344,34.2940292358398,.
47290,.,-14.9658803939819,34.9858207702637,.
47291,.,-14.1084003448486,33.9774208068848,.
47292,.,-15.7552995681763,35.6058807373047,.
47293,.,-15.5764999389648,35.1422386169434,.
47294,.,-15.0400400161743,34.8817710876465,.
47295,.,-15.9121704101563,35.0517616271973,.
47296,.,-13.2251996994019,33.713680267334,.
47297,.,-12.9959602355957,33.8199501037598,.
47298,.,-13.6894397735596,33.7582015991211,.
47299,.,-15.63440990448,34.975170135498,.
47300,.,-13.232569694519,33.8411712646484,.
47301,.,-11.0198497772217,33.7740211486816,.
47302,.,-15.5251703262329,34.5193099975586,.
47303,.,-11.3145704269409,33.9706687927246,.
47304,.,-15.4463701248169,35.4656410217285,.
47305,.,-12.4971504211426,34.1713104248047,.
47306,.,-15.3951396942139,35.2604484558105,.
47307,.,-13.1383304595947,33.9057388305664,.
47308,.,-12.6448698043823,33.3255195617676,.
47309,.,-12.0840301513672,34.7168807983398,.
47310,.,-13.9612503051758,33.6136016845703,.
47311,.,-15.6850500106812,34.932788848877,.
47312,.,-14.9981203079224,35.1205902099609,.
47313,.,-14.7911796569824,35.5734710693359,.
47314,.,-14.8503704071045,34.7499008178711,.
47315,.,-9.54561042785645,33.286491394043,.
47316,.,-13.9155797958374,33.771541595459,.
47317,.,-14.0375204086304,33.6994781494141,.
47318,.,-15.9067001342773,34.9767189025879,.
47319,.,-13.3342800140381,33.8982086181641,.
47320,.,-15.3858404159546,34.6245803833008,.
47321,.,-15.9377498626709,35.4617614746094,.
47322,.,-15.7428598403931,35.060001373291,.
47323,.,-15.4949197769165,35.6419296264648,.
47324,.,-15.2645597457886,35.3688087463379,.
47325,.,-15.4147901535034,34.5917282104492,.
47326,.,-15.3873596191406,35.0263595581055,.
47327,.,-11.8008003234863,33.4245109558105,.
47328,.,-13.2097597122192,34.2166786193848,.
47329,.,-15.4253597259521,34.7216911315918,.
47330,.,-15.5903100967407,35.7436294555664,.
47331,.,-14.9513101577759,34.6216316223145,.
47332,.,-16.1109199523926,35.2119293212891,.
47333,.,-15.4468402862549,35.0949592590332,.
47334,.,-16.8182201385498,35.2997207641602,.
47335,.,-16.2331504821777,35.1204109191895,.
47336,.,-15.4147901535034,34.5917282104492,.
47337,.,-13.232569694519,33.8411712646484,.
47338,.,-15.8042497634888,34.9553718566895,.
47339,.,-15.4719495773315,34.9919395446777,.
47340,.,-9.77787017822266,33.447380065918,.
47341,.,-14.2570199966431,34.1506118774414,.
47342,.,-15.4827098846436,34.7860908508301,.
47343,.,-13.432089805603,33.9660301208496,.
47344,.,-15.0865697860718,35.2361793518066,.
47345,.,-15.4147901535034,34.5917282104492,.
47346,.,-9.39844036102295,33.0153388977051,.
47347,.,-15.4827098846436,34.7860908508301,.
47348,.,-10.9258899688721,34.0708198547363,.
47349,.,-15.9594202041626,35.423038482666,.
47350,.,-16.0242290496826,35.0012397766113,.
47351,.,-16.0667095184326,35.1309394836426,.
47352,.,-13.4854402542114,33.2660713195801,.
47353,.,-12.6448698043823,33.3255195617676,.
47354,.,-13.1488704681396,34.3321990966797,.
47355,.,-15.6879301071167,35.7680511474609,.
47356,.,-13.3656902313232,33.4001083374023,.
47357,.,-14.9616098403931,35.87451171875,.
47358,.,-10.2578401565552,33.6153717041016,.
47359,.,-14.1755304336548,34.8777694702148,.
47360,.,-14.8503704071045,34.7499008178711,.
47361,.,-14.1249799728394,34.2055816650391,.
47362,.,-15.8248796463013,34.4091491699219,.
47363,.,-15.8400201797485,35.7650718688965,.
47364,.,-15.5473899841309,34.7234001159668,.
47365,.,-14.9772396087646,34.9284896850586,.
47366,.,-13.5294399261475,34.2169609069824,.
47367,.,-15.7625102996826,35.7987785339355,.
47368,.,-13.7393198013306,34.1567306518555,.
47369,.,-15.6804399490356,35.0921516418457,.
47370,.,-14.1044397354126,33.4143714904785,.
47371,.,-14.0886898040771,34.5172805786133,.
47372,.,-14.0878000259399,33.9263687133789,.
47373,.,-15.1135196685791,35.2554092407227,.
47374,.,-9.84584999084473,33.4064903259277,.
47375,.,-12.7848997116089,33.6926002502441,.
47376,.,-15.606559753418,34.635009765625,.
47377,.,-15.5852203369141,35.200309753418,.
47378,.,-9.71765041351318,33.3931312561035,.
47379,.,-14.0003995895386,33.7257690429688,.
47380,.,-15.1095199584961,35.5335388183594,.
47381,.,-15.2432298660278,35.2535400390625,.
47382,.,-15.6884098052979,34.5192794799805,.
47383,.,-16.0814800262451,35.7173309326172,.
47384,.,-9.94791030883789,33.9062309265137,.
47385,.,-15.6445798873901,35.1619682312012,.
47386,.,-17.0935306549072,35.2531394958496,.
47387,.,-15.6804399490356,35.0921516418457,.
47388,.,-13.2934198379517,33.5790786743164,.
47389,.,-15.7386798858643,35.7275390625,.
47390,.,-15.2432298660278,35.2535400390625,.
47391,.,-13.3802700042725,34.1984214782715,.
47392,.,-13.792519569397,32.8866806030273,.
47393,.,-12.0840301513672,34.7168807983398,.
47394,.,-15.8416004180908,35.7917098999023,.
47395,.,-15.4719495773315,34.9919395446777,.
47396,.,-12.0468702316284,33.646240234375,.
47397,.,-16.3095092773438,35.0664710998535,.
47398,.,-9.99917030334473,33.426700592041,.
47399,.,-16.1516990661621,35.2084007263184,.
47400,.,-12.0468702316284,33.646240234375,.
47401,.,-15.7552995681763,35.6058807373047,.
47402,.,-12.6419296264648,34.1667709350586,.
47403,.,-15.4300804138184,35.4271011352539,.
47404,.,-15.4070596694946,35.0435218811035,.
47405,.,-13.4463396072388,33.4062004089355,.
47406,.,-13.3857898712158,33.7499389648438,.
47407,.,-15.7223796844482,35.1396408081055,.
47408,.,-15.7428598403931,35.060001373291,.
47409,.,-15.63440990448,34.975170135498,.
47410,.,-15.3858404159546,34.6245803833008,.
47411,.,-14.2934999465942,33.8274688720703,.
47412,.,-17.005220413208,35.0824699401855,.
47413,.,-13.9568700790405,34.0565605163574,.
47414,.,-14.2934999465942,33.8274688720703,.
47415,.,-15.3873596191406,35.0263595581055,.
47416,.,-14.1897201538086,33.713809967041,.
47417,.,-11.3837995529175,33.8790283203125,.
47418,.,-14.0372104644775,33.8179817199707,.
47419,.,-12.4971504211426,34.1713104248047,.
47420,.,-13.1541299819946,34.1675491333008,.
47421,.,-13.6418104171753,33.3506202697754,.
47422,.,-14.435230255127,33.9451713562012,.
47423,.,-15.397910118103,34.6706314086914,.
47424,.,-14.3070697784424,33.6396293640137,.
47425,.,-15.4827098846436,34.7860908508301,.
47426,.,-13.1541299819946,34.1675491333008,.
47427,.,-13.8573799133301,33.3024406433105,.
47428,.,-14.2934999465942,33.8274688720703,.
47429,.,-14.1084003448486,33.9774208068848,.
47430,.,-15.7386798858643,35.7275390625,.
47431,.,-16.4430809020996,35.1818008422852,.
47432,.,-15.5862503051758,35.0452919006348,.
47433,.,-12.1007499694824,33.3503799438477,.
47434,.,-12.2150497436523,33.4475898742676,.
47435,.,-13.8449897766113,34.384090423584,.
47436,.,-13.3430795669556,33.9630699157715,.
47437,.,-15.4897899627686,34.6922798156738,.
47438,.,-15.4253597259521,34.7216911315918,.
47439,.,-15.6660099029541,34.4734382629395,.
47440,.,-13.9568700790405,34.0565605163574,.
47441,.,-13.9568700790405,34.0565605163574,.
47442,.,-17.005220413208,35.0824699401855,.
47443,.,-14.9389801025391,35.0640106201172,.
47444,.,-15.3858404159546,34.6245803833008,.
47445,.,-11.1545896530151,33.8852500915527,.
47446,.,-14.0372104644775,33.8179817199707,.
47447,.,-14.0372104644775,33.8179817199707,.
47448,.,-15.4766902923584,34.5224685668945,.
47449,.,-13.6418104171753,33.3506202697754,.
47450,.,-16.3654403686523,35.1124382019043,.
47451,.,-15.6804399490356,35.0921516418457,.
47452,.,-14.3826303482056,34.0849609375,.
47453,.,-15.4253597259521,34.7216911315918,.
47454,.,-13.7203397750854,33.9900817871094,.
47455,.,-15.7966203689575,34.5418815612793,.
47456,.,-11.2786998748779,33.5016784667969,.
47457,.,-15.4823999404907,35.0187110900879,.
47458,.,-15.4070596694946,35.0435218811035,.
47459,.,-14.2934999465942,33.8274688720703,.
47460,.,-15.6411199569702,35.7080192565918,.
47461,.,-15.5811595916748,35.6264915466309,.
47462,.,-13.7150201797485,33.4016418457031,.
47463,.,-13.2934198379517,33.5790786743164,.
47464,.,-15.3418397903442,34.8341407775879,.
47465,.,-13.5561800003052,34.3863487243652,.
47466,.,-13.1541299819946,34.1675491333008,.
47467,.,-15.4766902923584,34.5224685668945,.
47468,.,-15.9910898208618,34.9021682739258,.
47469,.,-14.1483402252197,33.8457794189453,.
47470,.,-13.4275503158569,34.2765617370605,.
47471,.,-11.3789596557617,33.8708610534668,.
47472,.,-11.1545896530151,33.8852500915527,.
47473,.,-13.9612503051758,33.6136016845703,.
47474,.,-16.4430809020996,35.1818008422852,.
47475,.,-13.232569694519,33.8411712646484,.
47476,.,-11.5144701004028,33.4363403320313,.
47477,.,-14.1483402252197,33.8457794189453,.
47478,.,-15.5852203369141,35.200309753418,.
47479,.,-15.3418397903442,34.8341407775879,.
47480,.,-14.0372104644775,33.8179817199707,.
47481,.,-15.9067001342773,34.9767189025879,.
47482,.,-15.7625102996826,35.7987785339355,.
47483,.,-14.1084003448486,33.9774208068848,.
47484,.,-13.8906602859497,33.8871803283691,.
47485,.,-13.7203397750854,33.9900817871094,.
47486,.,-14.8140296936035,34.6603317260742,.
47487,.,-12.7194404602051,33.4780197143555,.
47488,.,-14.9917001724243,34.7631187438965,.
47489,.,-16.4430809020996,35.1818008422852,.
47490,.,-12.2150497436523,33.4475898742676,.
47491,.,-15.5747604370117,34.4779510498047,.
47492,.,-14.902250289917,34.6706008911133,.
47493,.,-13.1010704040527,33.7375411987305,.
47494,.,-12.4123201370239,34.0143203735352,.
47495,.,-12.4123201370239,34.0143203735352,.
47496,.,-13.2934198379517,33.5790786743164,.
47497,.,-15.7405595779419,34.3990287780762,.
47498,.,-13.1833600997925,33.8633995056152,.
47499,.,-15.1384801864624,34.8334808349609,.
47500,.,-15.7171602249146,35.5042686462402,.
47501,.,-15.4468402862549,35.0949592590332,.
47502,.,-15.9594202041626,35.423038482666,.
47503,.,-12.6098203659058,33.5945816040039,.
47504,.,-13.7203397750854,33.9900817871094,.
47505,.,-13.4842395782471,33.8846397399902,.
47506,.,-15.4897899627686,34.6922798156738,.
47507,.,-15.966420173645,35.7845191955566,.
47508,.,-14.0522203445435,33.4851112365723,.
47509,.,-13.7778196334839,33.8201484680176,.
47510,.,-15.6804399490356,35.0921516418457,.
47511,.,-13.5561800003052,34.3863487243652,.
47512,.,-15.7327499389648,34.6806716918945,.
47513,.,-14.9506397247314,34.833610534668,.
47514,.,-13.9954395294189,33.8130187988281,.
47515,.,-13.2663602828979,33.9988784790039,.
47516,.,-15.7966203689575,34.5418815612793,.
47517,.,-14.1483402252197,33.8457794189453,.
47518,.,-15.7552995681763,35.6058807373047,.
47519,.,-15.7757701873779,35.1521110534668,.
47520,.,-13.9612503051758,33.6136016845703,.
47521,.,-13.4275503158569,34.2765617370605,.
47522,.,-14.2934999465942,33.8274688720703,.
47523,.,-13.8906602859497,33.8871803283691,.
47524,.,-15.7596597671509,35.2966995239258,.
47525,.,-15.5747604370117,34.4779510498047,.
47526,.,-14.1483402252197,33.8457794189453,.
47527,.,-15.7012796401978,35.3775901794434,.
47528,.,-11.3789596557617,33.8708610534668,.
47529,.,-14.4132499694824,34.8205413818359,.
47530,.,-15.4463701248169,35.4656410217285,.
47531,.,-16.0200099945068,35.0729713439941,.
47532,.,-15.9923696517944,35.297679901123,.
47533,.,-15.3899297714233,35.174430847168,.
47534,.,-10.4448204040527,34.1068000793457,.
47535,.,-15.9113101959229,35.3177795410156,.
47536,.,-15.5189304351807,35.4697303771973,.
47537,.,-11.2786998748779,33.5016784667969,.
47538,.,-16.0872497558594,34.999340057373,.
47539,.,-16.0872497558594,34.999340057373,.
47540,.,-15.3933801651001,35.3365783691406,.
47541,.,-12.4123201370239,34.0143203735352,.
47542,.,-14.655369758606,35.8396492004395,.
47543,.,-15.6982402801514,35.299430847168,.
47544,.,-11.0051498413086,33.5626907348633,.
47545,.,-16.1516990661621,35.2084007263184,.
47546,.,-16.0586109161377,34.7759017944336,.
47547,.,-15.2448196411133,34.904541015625,.
47548,.,-14.7784204483032,35.8010101318359,.
47549,.,-14.6139001846313,35.8041381835938,.
47550,.,-15.8737602233887,35.4349517822266,.
47551,.,-15.4463701248169,35.4656410217285,.
47552,.,-15.4300804138184,35.4271011352539,.
47553,.,-16.1516990661621,35.2084007263184,.
47554,.,-16.2134799957275,35.2244911193848,.
47555,.,-14.769229888916,35.1412315368652,.
47556,.,-15.4633703231812,35.289249420166,.
47557,.,-16.1516990661621,35.2084007263184,.
47558,.,-15.7428598403931,35.060001373291,.
47559,.,-13.8241901397705,35.0955505371094,.
47560,.,-15.5189304351807,35.4697303771973,.
47561,.,-14.9616098403931,35.87451171875,.
47562,.,-15.4037504196167,35.3303489685059,.
47563,.,-14.6139001846313,35.8041381835938,.
47564,.,-14.1084003448486,33.9774208068848,.
47565,.,-15.9113101959229,35.3177795410156,.
47566,.,-15.5764999389648,35.1422386169434,.
47567,.,-14.7784204483032,35.8010101318359,.
47568,.,-15.7834596633911,35.2228698730469,.
47569,.,-15.9725704193115,35.3785285949707,.
47570,.,-15.7679395675659,35.2495384216309,.
47571,.,-15.5213499069214,35.0719413757324,.
47572,.,-10.8784103393555,33.579719543457,.
47573,.,-16.1516990661621,35.2084007263184,.
47574,.,-15.7768201828003,35.1487503051758,.
47575,.,-10.2397403717041,33.6369094848633,.
47576,.,-15.3204002380371,35.2476501464844,.
47577,.,-11.3422899246216,34.1177101135254,.
47578,.,-15.3156604766846,34.6679496765137,.
47579,.,-15.6145095825195,35.1133499145508,.
47580,.,-14.8503704071045,34.7499008178711,.
47581,.,-15.2448196411133,34.904541015625,.
47582,.,-15.3899297714233,35.174430847168,.
47583,.,-15.8833303451538,35.2650184631348,.
47584,.,-15.2972402572632,35.4795913696289,.
47585,.,-13.6096696853638,34.1945495605469,.
47586,.,-15.2972402572632,35.4795913696289,.
47587,.,-16.1109199523926,35.2119293212891,.
47588,.,-15.4468402862549,35.0949592590332,.
47589,.,-11.3789596557617,33.8708610534668,.
47590,.,-16.0185794830322,35.2029418945313,.
47591,.,-15.8055400848389,35.1751518249512,.
47592,.,-15.3899297714233,35.174430847168,.
47593,.,-13.3802700042725,34.1984214782715,.
47594,.,-11.4496898651123,33.9781188964844,.
47595,.,-14.0522203445435,33.4851112365723,.
47596,.,-11.3145704269409,33.9706687927246,.
47597,.,-14.9616098403931,35.87451171875,.
47598,.,-15.486180305481,34.6078796386719,.
47599,.,-13.1010704040527,33.7375411987305,.
47600,.,-15.4468402862549,35.0949592590332,.
47601,.,-15.8671903610229,35.8014717102051,.
47602,.,-15.3204002380371,35.2476501464844,.
47603,.,-15.7735300064087,34.4424896240234,.
47604,.,-15.2972402572632,35.4795913696289,.
47605,.,-15.5189304351807,35.4697303771973,.
47606,.,-15.5862503051758,35.0452919006348,.
47607,.,-11.2140798568726,34.1311111450195,.
47608,.,-14.60671043396,34.7633094787598,.
47609,.,-15.3680801391602,34.871940612793,.
47610,.,-11.3789596557617,33.8708610534668,.
47611,.,-12.1007499694824,33.3503799438477,.
47612,.,-13.3735303878784,33.9285888671875,.
47613,.,-15.6357898712158,34.5645294189453,.
47614,.,-13.3802700042725,34.1984214782715,.
47615,.,-15.6145095825195,35.1133499145508,.
47616,.,-16.0872497558594,34.999340057373,.
47617,.,-15.9506101608276,34.8200492858887,.
47618,.,-9.84584999084473,33.4064903259277,.
47619,.,-14.9616098403931,35.87451171875,.
47620,.,-15.9509897232056,35.1758804321289,.
47621,.,-16.0242290496826,35.0012397766113,.
47622,.,-15.7596597671509,35.2966995239258,.
47623,.,-13.9506998062134,33.948169708252,.
47624,.,-15.5848703384399,35.0989112854004,.
47625,.,-12.1007499694824,33.3503799438477,.
47626,.,-15.2448196411133,34.904541015625,.
47627,.,-15.5542497634888,35.3687210083008,.
47628,.,-15.2148399353027,34.6743202209473,.
47629,.,-15.7768201828003,35.1487503051758,.
47630,.,-15.5811595916748,35.6264915466309,.
47631,.,-15.5852203369141,35.200309753418,.
47632,.,-14.0292501449585,33.772289276123,.
47633,.,-14.0522203445435,33.4851112365723,.
47634,.,-15.2448196411133,34.904541015625,.
47635,.,-15.3418397903442,34.8341407775879,.
47636,.,-15.4037504196167,35.3303489685059,.
47637,.,-10.8336896896362,33.5321388244629,.
47638,.,-11.5144500732422,33.5005111694336,.
47639,.,-14.6139001846313,35.8041381835938,.
47640,.,-15.2898101806641,35.0452613830566,.
47641,.,-15.7428598403931,35.060001373291,.
47642,.,-15.9113101959229,35.3177795410156,.
47643,.,-15.4463701248169,35.4656410217285,.
47644,.,-15.2972402572632,35.4795913696289,.
47645,.,-15.8055400848389,35.1751518249512,.
47646,.,-13.3868198394775,33.1138305664063,.
47647,.,-15.6145095825195,35.1133499145508,.
47648,.,-11.3789596557617,33.8708610534668,.
47649,.,-16.0872497558594,34.999340057373,.
47650,.,-16.0242290496826,35.0012397766113,.
47651,.,-15.2972402572632,35.4795913696289,.
47652,.,-15.4897899627686,34.6922798156738,.
47653,.,-15.7768201828003,35.1487503051758,.
47654,.,-11.5144500732422,33.5005111694336,.
47655,.,-13.3857898712158,33.7499389648438,.
47656,.,-15.4468402862549,35.0949592590332,.
47657,.,-9.71765041351318,33.3931312561035,.
47658,.,-15.6145095825195,35.1133499145508,.
47659,.,-12.7194404602051,33.4780197143555,.
47660,.,-16.3275699615479,34.8806915283203,.
47661,.,-15.5607900619507,34.8945999145508,.
47662,.,-13.1010704040527,33.7375411987305,.
47663,.,-15.4300804138184,35.4271011352539,.
47664,.,-13.7334995269775,33.1918296813965,.
47665,.,-13.6645698547363,33.6965217590332,.
47666,.,-15.0639295578003,34.8932304382324,.
47667,.,-14.6139001846313,35.8041381835938,.
47668,.,-15.7734498977661,34.5073890686035,.
47669,.,-14.1222696304321,34.3262100219727,.
47670,.,-15.0890998840332,35.490650177002,.
47671,.,-14.4154500961304,35.1849212646484,.
47672,.,-14.2234001159668,34.1374092102051,.
47673,.,-15.5764999389648,35.1422386169434,.
47674,.,-10.4913902282715,34.1384582519531,.
47675,.,-9.63212966918945,33.4132690429688,.
47676,.,-15.9509897232056,35.1758804321289,.
47677,.,-13.6294002532959,32.934009552002,.
47678,.,-11.4500102996826,34.0061492919922,.
47679,.,-14.9263200759888,35.0874214172363,.
47680,.,-11.7656097412109,34.1592483520508,.
47681,.,-15.685170173645,34.4705200195313,.
47682,.,-14.9513101577759,34.6216316223145,.
47683,.,-14.6839303970337,35.5371513366699,.
47684,.,-15.9763097763062,35.3274383544922,.
47685,.,-13.1833600997925,33.8633995056152,.
47686,.,-10.7078504562378,34.0358810424805,.
47687,.,-14.6839303970337,35.5371513366699,.
47688,.,-13.2663602828979,33.9988784790039,.
47689,.,-14.3480396270752,35.4223899841309,.
47690,.,-16.1536102294922,35.3490409851074,.
47691,.,-16.3051204681396,35.218620300293,.
47692,.,-17.0281391143799,35.2416610717773,.
47693,.,-16.1066493988037,35.3063011169434,.
47694,.,-15.1424798965454,34.9976387023926,.
47695,.,-14.9772396087646,34.9284896850586,.
47696,.,-15.9377498626709,35.4617614746094,.
47697,.,-16.0041103363037,35.441520690918,.
47698,.,-13.7673997879028,32.9330406188965,.
47699,.,-9.51432037353516,33.2206001281738,.
47700,.,-14.4744300842285,35.2739791870117,.
47701,.,-15.8671903610229,35.8014717102051,.
47702,.,-15.6145095825195,35.1133499145508,.
47703,.,-14.3713598251343,34.1142196655273,.
47704,.,-13.3579998016357,33.4899482727051,.
47705,.,-13.0677404403687,33.5782699584961,.
47706,.,-15.5305795669556,35.2582893371582,.
47707,.,-15.1424798965454,34.9976387023926,.
47708,.,-15.8671903610229,35.8014717102051,.
47709,.,-12.3325996398926,34.0191116333008,.
47710,.,-15.6411199569702,35.7080192565918,.
47711,.,-13.5300798416138,33.8973693847656,.
47712,.,-15.5747604370117,34.4779510498047,.
47713,.,-15.5968103408813,34.5047416687012,.
47714,.,-13.5010204315186,33.7112884521484,.
47715,.,-15.9763097763062,35.3274383544922,.
47716,.,-13.6001596450806,33.9002304077148,.
47717,.,-14.4575099945068,34.650390625,.
47718,.,-16.1536102294922,35.3490409851074,.
47719,.,-14.6582202911377,35.0572395324707,.
47720,.,-15.4463701248169,35.4656410217285,.
47721,.,-13.5593595504761,33.5165100097656,.
47722,.,-14.730019569397,34.6091690063477,.
47723,.,-15.956130027771,35.2426109313965,.
47724,.,-16.081880569458,35.491828918457,.
47725,.,-15.7834596633911,35.2228698730469,.
47726,.,-15.0400400161743,34.8817710876465,.
47727,.,-14.1948699951172,33.4779586791992,.
47728,.,-15.9121704101563,35.0517616271973,.
47729,.,-13.6323699951172,33.9716606140137,.
47730,.,-13.7989196777344,34.2940292358398,.
47731,.,-12.6419296264648,34.1667709350586,.
47732,.,-12.7051296234131,33.2996101379395,.
47733,.,-15.7885503768921,35.608829498291,.
47734,.,-16.3714694976807,35.1387786865234,.
47735,.,-15.4070596694946,35.0435218811035,.
47736,.,-13.3847904205322,33.7668991088867,.
47737,.,-15.3204002380371,35.2476501464844,.
47738,.,-15.376540184021,34.5810699462891,.
47739,.,-13.6808996200562,34.2480812072754,.
47740,.,-15.9923696517944,35.297679901123,.
47741,.,-15.4897899627686,34.6922798156738,.
47742,.,-15.6357898712158,34.5645294189453,.
47743,.,-13.688850402832,32.8800582885742,.
47744,.,-14.3753004074097,34.3644599914551,.
47745,.,-15.4081697463989,35.5605506896973,.
47746,.,-14.1376495361328,34.5063018798828,.
47747,.,-14.1222696304321,34.3262100219727,.
47748,.,-15.9910898208618,34.9021682739258,.
47749,.,-15.4463701248169,35.4656410217285,.
47750,.,-11.3145704269409,33.9706687927246,.
47751,.,-12.1935501098633,33.6799583435059,.
47752,.,-16.3095092773438,35.0664710998535,.
47753,.,-15.9121704101563,35.0517616271973,.
47754,.,-13.3430795669556,33.9630699157715,.
47755,.,-15.7514801025391,35.682071685791,.
47756,.,-13.8718204498291,33.4013710021973,.
47757,.,-15.5764999389648,35.1422386169434,.
47758,.,-15.5862503051758,35.0452919006348,.
47759,.,-14.0359001159668,34.3325309753418,.
47760,.,-15.5542497634888,35.3687210083008,.
47761,.,-11.7442302703857,33.938549041748,.
47762,.,-16.1516990661621,35.2084007263184,.
47763,.,-15.4827098846436,34.7860908508301,.
47764,.,-13.9239101409912,34.5238609313965,.
47765,.,-14.9513101577759,34.6216316223145,.
47766,.,-15.8575096130371,34.9538307189941,.
47767,.,-16.0185794830322,35.2029418945313,.
47768,.,-13.4463396072388,33.4062004089355,.
47769,.,-15.7768201828003,35.1487503051758,.
47770,.,-16.0202407836914,35.4409790039063,.
47771,.,-14.2276601791382,34.2863807678223,.
47772,.,-13.225040435791,33.7911911010742,.
47773,.,-12.8649396896362,33.9219703674316,.
47774,.,-15.956130027771,35.2426109313965,.
47775,.,-13.6894397735596,33.7582015991211,.
47776,.,-14.6322603225708,34.6211318969727,.
47777,.,-13.5300798416138,33.8973693847656,.
47778,.,-12.5109395980835,33.4832801818848,.
47779,.,-14.3480396270752,35.4223899841309,.
47780,.,-13.6894397735596,33.7582015991211,.
47781,.,-15.7625102996826,35.7987785339355,.
47782,.,-13.076470375061,33.3061904907227,.
47783,.,-16.1066493988037,35.3063011169434,.
47784,.,-12.8649396896362,33.9219703674316,.
47785,.,-16.0185794830322,35.2029418945313,.
47786,.,-13.2663602828979,33.9988784790039,.
47787,.,-13.800609588623,33.7534790039063,.
47788,.,-15.7405595779419,34.3990287780762,.
47789,.,-13.5561800003052,34.3863487243652,.
47790,.,-11.818829536438,34.146240234375,.
47791,.,-13.9506998062134,33.948169708252,.
47792,.,-13.0690603256226,33.3929710388184,.
47793,.,-13.8434000015259,33.4235992431641,.
47794,.,-15.9952898025513,35.2813186645508,.
47795,.,-11.2140798568726,34.1311111450195,.
47796,.,-12.4417695999146,33.7865180969238,.
47797,.,-12.3384704589844,33.7378196716309,.
47798,.,-15.5213499069214,35.0719413757324,.
47799,.,-14.9506397247314,34.833610534668,.
47800,.,-14.9513101577759,34.6216316223145,.
47801,.,-15.8907403945923,34.9377784729004,.
47802,.,-15.685170173645,34.4705200195313,.
47803,.,-13.5593595504761,33.5165100097656,.
47804,.,-15.7514801025391,35.682071685791,.
47805,.,-14.1527795791626,35.4116516113281,.
47806,.,-14.0359001159668,34.3325309753418,.
47807,.,-14.60671043396,34.7633094787598,.
47808,.,-14.1770601272583,34.2692718505859,.
47809,.,-13.2669696807861,34.1583595275879,.
47810,.,-15.6879301071167,35.7680511474609,.
47811,.,-15.3935804367065,35.2948112487793,.
47812,.,-15.4766902923584,34.5224685668945,.
47813,.,-14.8282604217529,35.2134094238281,.
47814,.,-11.5842599868774,34.2254219055176,.
47815,.,-16.1686592102051,35.2082481384277,.
47816,.,-13.8464403152466,33.2362899780273,.
47817,.,-15.8737602233887,35.4349517822266,.
47818,.,-15.6879301071167,35.7680511474609,.
47819,.,-12.7194404602051,33.4780197143555,.
47820,.,-13.1383304595947,33.9057388305664,.
47821,.,-15.5573997497559,34.5163383483887,.
47822,.,-15.7428598403931,35.060001373291,.
47823,.,-13.3579998016357,33.4899482727051,.
47824,.,-13.7223701477051,33.8731498718262,.
47825,.,-16.1686592102051,35.2082481384277,.
47826,.,-13.8906602859497,33.8871803283691,.
47827,.,-15.9022302627563,35.4151000976563,.
47828,.,-15.8833303451538,35.2650184631348,.
47829,.,-16.0814800262451,35.7173309326172,.
47830,.,-15.5747604370117,34.4779510498047,.
47831,.,-15.5968103408813,34.5047416687012,.
47832,.,-16.0486507415771,35.224910736084,.
47833,.,-15.4766902923584,34.5224685668945,.
47834,.,-15.8887996673584,35.2820510864258,.
47835,.,-16.9097499847412,35.1698608398438,.
47836,.,-16.3051204681396,35.218620300293,.
47837,.,-12.7848997116089,33.6926002502441,.
47838,.,-14.868579864502,35.2034683227539,.
47839,.,-15.9335899353027,35.2047309875488,.
47840,.,-16.0667095184326,35.1309394836426,.
47841,.,-15.8966798782349,35.1106605529785,.
47842,.,-16.0023002624512,35.6729011535645,.
47843,.,-16.3051204681396,35.218620300293,.
47844,.,-15.4463701248169,35.4656410217285,.
47845,.,-13.5187997817993,34.2733497619629,.
47846,.,-16.0041103363037,35.441520690918,.
47847,.,-14.0271196365356,33.7771415710449,.
47848,.,-15.5573997497559,34.5163383483887,.
47849,.,-15.6145095825195,35.1133499145508,.
47850,.,-16.0202407836914,35.4409790039063,.
47851,.,-14.868579864502,35.2034683227539,.
47852,.,-13.4657802581787,34.0375518798828,.
47853,.,-15.4633703231812,35.289249420166,.
47854,.,-14.8282604217529,35.2134094238281,.
47855,.,-13.3847904205322,33.7668991088867,.
47856,.,-13.8434000015259,33.4235992431641,.
47857,.,-14.6139001846313,35.8041381835938,.
47858,.,-14.2476396560669,34.5322685241699,.
47859,.,-13.3802700042725,34.1984214782715,.
47860,.,-15.4207496643066,34.7366981506348,.
47861,.,-15.7834596633911,35.2228698730469,.
47862,.,-15.4147901535034,34.5917282104492,.
47863,.,-15.9763097763062,35.3274383544922,.
47864,.,-15.8887996673584,35.2820510864258,.
47865,.,-11.4534902572632,33.964958190918,.
47866,.,-15.7367000579834,35.0765686035156,.
47867,.,-9.54006958007813,33.0501594543457,.
47868,.,-15.9763097763062,35.3274383544922,.
47869,.,-16.1975402832031,34.9277992248535,.
47870,.,-15.531060218811,34.4603614807129,.
47871,.,-11.5144500732422,33.5005111694336,.
47872,.,-15.7734498977661,34.5073890686035,.
47873,.,-13.1833600997925,33.8633995056152,.
47874,.,-15.8833303451538,35.2650184631348,.
47875,.,-15.9113101959229,35.3177795410156,.
47876,.,-16.1218395233154,35.5467109680176,.
47877,.,-14.6322603225708,34.6211318969727,.
47878,.,-15.3858404159546,34.6245803833008,.
47879,.,-14.4861698150635,34.4703102111816,.
47880,.,-12.7194404602051,33.4780197143555,.
47881,.,-14.8503704071045,34.7499008178711,.
47882,.,-13.5675897598267,32.8633308410645,.
47883,.,-16.1995601654053,35.0732307434082,.
47884,.,-16.2331504821777,35.1204109191895,.
47885,.,-15.8887996673584,35.2820510864258,.
47886,.,-13.6401195526123,33.1221313476563,.
47887,.,-15.6145095825195,35.1133499145508,.
47888,.,-11.2140798568726,34.1311111450195,.
47889,.,-14.4132499694824,34.8205413818359,.
47890,.,-16.0681095123291,34.8623199462891,.
47891,.,-11.9890403747559,33.5845489501953,.
47892,.,-15.8350200653076,35.5541000366211,.
47893,.,-14.6582202911377,35.0572395324707,.
47894,.,-14.5439701080322,35.3408889770508,.
47895,.,-16.0185794830322,35.2029418945313,.
47896,.,-15.2439699172974,34.6569404602051,.
47897,.,-15.7735300064087,34.4424896240234,.
47898,.,-16.066930770874,35.0717010498047,.
47899,.,-15.6624097824097,34.9623413085938,.
47900,.,-14.0359001159668,34.3325309753418,.
47901,.,-14.6839303970337,35.5371513366699,.
47902,.,-14.6139001846313,35.8041381835938,.
47903,.,-13.2130899429321,33.5946311950684,.
47904,.,-11.5842599868774,34.2254219055176,.
47905,.,-13.2663602828979,33.9988784790039,.
47906,.,-10.8140802383423,34.0060806274414,.
47907,.,-14.2276601791382,34.2863807678223,.
47908,.,-16.0107307434082,34.5091705322266,.
47909,.,-15.6804399490356,35.0921516418457,.
47910,.,-15.2439699172974,34.6569404602051,.
47911,.,-16.1109199523926,35.2119293212891,.
47912,.,-15.8671903610229,35.8014717102051,.
47913,.,-15.9335899353027,35.2047309875488,.
47914,.,-14.9658803939819,34.9858207702637,.
47915,.,-15.9035501480103,35.3258209228516,.
47916,.,-13.225040435791,33.7911911010742,.
47917,.,-14.1376495361328,34.5063018798828,.
47918,.,-15.4897899627686,34.6922798156738,.
47919,.,-15.2898101806641,35.0452613830566,.
47920,.,-14.9837598800659,35.1711616516113,.
47921,.,-15.6804399490356,35.0921516418457,.
47922,.,-15.6357898712158,34.5645294189453,.
47923,.,-15.5030698776245,35.6521682739258,.
47924,.,-15.9022302627563,35.4151000976563,.
47925,.,-15.9888601303101,35.4467010498047,.
47926,.,-15.8248796463013,34.4091491699219,.
47927,.,-13.7150201797485,33.4016418457031,.
47928,.,-14.1811103820801,34.1434593200684,.
47929,.,-15.7223796844482,35.1396408081055,.
47930,.,-14.0428495407104,34.3045082092285,.
47931,.,-15.7596597671509,35.2966995239258,.
47932,.,-11.3145704269409,33.9706687927246,.
47933,.,-14.5475997924805,35.7540817260742,.
47934,.,-15.6694297790527,34.823070526123,.
47935,.,-13.5345401763916,32.8610496520996,.
47936,.,-15.4766902923584,34.5224685668945,.
47937,.,-13.5294399261475,34.2169609069824,.
47938,.,-15.7461500167847,35.6137199401855,.
47939,.,-15.4156999588013,35.3074989318848,.
47940,.,-14.0522203445435,33.4851112365723,.
47941,.,-13.8296298980713,33.9146995544434,.
47942,.,-14.2276601791382,34.2863807678223,.
47943,.,-15.2148399353027,34.6743202209473,.
47944,.,-15.5542497634888,35.3687210083008,.
47945,.,-13.3579998016357,33.4899482727051,.
47946,.,-13.4657802581787,34.0375518798828,.
47947,.,-15.2972402572632,35.4795913696289,.
47948,.,-15.5189304351807,35.4697303771973,.
47949,.,-16.0823001861572,35.4645004272461,.
47950,.,-15.9514398574829,35.0065002441406,.
47951,.,-14.7784204483032,35.8010101318359,.
47952,.,-15.1384801864624,34.8334808349609,.
47953,.,-15.7734498977661,34.5073890686035,.
47954,.,-15.5443296432495,35.6066093444824,.
47955,.,-14.5461902618408,34.578800201416,.
47956,.,-15.6879301071167,35.7680511474609,.
47957,.,-13.4054403305054,33.5761604309082,.
47958,.,-14.9389801025391,35.0640106201172,.
47959,.,-14.7987298965454,35.0816192626953,.
47960,.,-16.081880569458,35.491828918457,.
47961,.,-14.8440504074097,35.0124206542969,.
47962,.,-15.9335899353027,35.2047309875488,.
47963,.,-9.52412033081055,33.2785797119141,.
47964,.,-14.1811103820801,34.1434593200684,.
47965,.,-12.9959602355957,33.8199501037598,.
47966,.,-15.566499710083,35.206428527832,.
47967,.,-11.5144500732422,33.5005111694336,.
47968,.,-14.4744300842285,35.2739791870117,.
47969,.,-15.3801403045654,35.3888893127441,.
47970,.,-16.1686592102051,35.2082481384277,.
47971,.,-16.1900100708008,35.1304512023926,.
47972,.,-12.5437498092651,34.0588111877441,.
47973,.,-11.4060697555542,33.990909576416,.
47974,.,-12.6098203659058,33.5945816040039,.
47975,.,-15.7834596633911,35.2228698730469,.
47976,.,-13.2130899429321,33.5946311950684,.
47977,.,-15.1287298202515,35.4508514404297,.
47978,.,-14.7911796569824,35.5734710693359,.
47979,.,-10.9029302597046,34.0634117126465,.
47980,.,-14.2135200500488,35.0271186828613,.
47981,.,-15.4081296920776,35.3416595458984,.
47982,.,-16.0242290496826,35.0012397766113,.
47983,.,-15.7893896102905,35.3337707519531,.
47984,.,-13.6663703918457,34.1038703918457,.
47985,.,-11.5941400527954,34.2857818603516,.
47986,.,-15.4766902923584,34.5224685668945,.
47987,.,-13.7334995269775,33.1918296813965,.
47988,.,-13.4426298141479,33.0125198364258,.
47989,.,-16.0202407836914,35.4409790039063,.
47990,.,-14.1249799728394,34.2055816650391,.
47991,.,-16.1995601654053,35.0732307434082,.
47992,.,-14.8789396286011,35.6135101318359,.
47993,.,-14.4811496734619,35.0109100341797,.
47994,.,-9.74543952941895,33.8212013244629,.
47995,.,-15.4633703231812,35.289249420166,.
47996,.,-15.9763097763062,35.3274383544922,.
47997,.,-14.7450799942017,35.8511505126953,.
47998,.,-15.6982402801514,35.299430847168,.
47999,.,-14.480580329895,34.6474609375,.
48000,.,-11.43577003479,34.0161590576172,.
48001,.,-15.2432298660278,35.2535400390625,.
48002,.,-15.1287298202515,35.4508514404297,.
48003,.,-15.486180305481,34.6078796386719,.
48004,.,-14.7217798233032,34.9384994506836,.
48005,.,-15.7735300064087,34.4424896240234,.
48006,.,-14.3751096725464,35.0270385742188,.
48007,.,-12.6483497619629,33.4777183532715,.
48008,.,-13.4426298141479,33.0125198364258,.
48009,.,-14.7450799942017,35.8511505126953,.
48010,.,-12.4417695999146,33.7865180969238,.
48011,.,-13.7223701477051,33.8731498718262,.
48012,.,-15.9121704101563,35.0517616271973,.
48013,.,-15.7386798858643,35.7275390625,.
48014,.,-13.7920503616333,33.2354698181152,.
48015,.,-10.049750328064,33.9697494506836,.
48016,.,-15.7734498977661,34.5073890686035,.
48017,.,-14.7911796569824,35.5734710693359,.
48018,.,-14.2570199966431,34.1506118774414,.
48019,.,-15.0642004013062,35.171630859375,.
48020,.,-15.7625102996826,35.7987785339355,.
48021,.,-9.70057010650635,33.2391700744629,.
48022,.,-11.5842599868774,34.2254219055176,.
48023,.,-14.6386604309082,34.5562591552734,.
48024,.,-15.8671903610229,35.8014717102051,.
48025,.,-15.7625102996826,35.7987785339355,.
48026,.,-14.9837598800659,35.1711616516113,.
48027,.,-15.8737602233887,35.4349517822266,.
48028,.,-12.8904304504395,33.5020713806152,.
48029,.,-13.9888496398926,33.0356101989746,.
48030,.,-15.5030698776245,35.6521682739258,.
48031,.,-16.0486507415771,35.224910736084,.
48032,.,-15.038800239563,35.1061706542969,.
48033,.,-15.3940801620483,35.3284187316895,.
48034,.,-13.8864803314209,33.7485389709473,.
48035,.,-15.3204002380371,35.2476501464844,.
48036,.,-15.4070596694946,35.0435218811035,.
48037,.,-13.6001596450806,33.9002304077148,.
48038,.,-14.4132499694824,34.8205413818359,.
48039,.,-13.7048101425171,33.6004905700684,.
48040,.,-13.9612503051758,33.6136016845703,.
48041,.,-16.0107307434082,34.5091705322266,.
48042,.,-15.8425397872925,35.240909576416,.
48043,.,-15.5573997497559,34.5163383483887,.
48044,.,-11.5144500732422,33.5005111694336,.
48045,.,-16.1072902679443,34.8353881835938,.
48046,.,-14.7290496826172,35.5430793762207,.
48047,.,-15.956130027771,35.2426109313965,.
48048,.,-16.1988506317139,35.0076293945313,.
48049,.,-13.7673997879028,32.9330406188965,.
48050,.,-11.3962297439575,34.0061683654785,.
48051,.,-10.8397998809814,33.447380065918,.
48052,.,-16.1686592102051,35.2082481384277,.
48053,.,-14.00172996521,33.6595993041992,.
48054,.,-13.3868198394775,33.1138305664063,.
48055,.,-14.9981203079224,35.1205902099609,.
48056,.,-15.5443296432495,35.6066093444824,.
48057,.,-14.1755304336548,34.8777694702148,.
48058,.,-15.9113101959229,35.3177795410156,.
48059,.,-15.4719495773315,34.9919395446777,.
48060,.,-15.956130027771,35.2426109313965,.
48061,.,-14.9506397247314,34.833610534668,.
48062,.,-12.8630504608154,33.7195205688477,.
48063,.,-12.9959602355957,33.8199501037598,.
48064,.,-10.9779500961304,33.9525489807129,.
48065,.,-13.1408195495605,33.4757614135742,.
48066,.,-16.0823001861572,35.4645004272461,.
48067,.,-15.3776798248291,35.3586502075195,.
48068,.,-14.2735004425049,35.3831405639648,.
48069,.,-11.5842599868774,34.2254219055176,.
48070,.,-15.9514398574829,35.0065002441406,.
48071,.,-16.2134799957275,35.2244911193848,.
48072,.,-15.5591201782227,35.3229713439941,.
48073,.,-14.2570199966431,34.1506118774414,.
48074,.,-13.2934198379517,33.5790786743164,.
48075,.,-15.8671903610229,35.8014717102051,.
48076,.,-9.70057010650635,33.2391700744629,.
48077,.,-9.84584999084473,33.4064903259277,.
48078,.,-16.0872497558594,34.999340057373,.
48079,.,-14.0886898040771,34.5172805786133,.
48080,.,-14.0370798110962,33.8024482727051,.
48081,.,-15.7163801193237,34.8666915893555,.
48082,.,-15.6411199569702,35.7080192565918,.
48083,.,-14.9981203079224,35.1205902099609,.
48084,.,-14.0886898040771,34.5172805786133,.
48085,.,-16.1686592102051,35.2082481384277,.
48086,.,-15.6884098052979,34.5192794799805,.
48087,.,-13.2097597122192,34.2166786193848,.
48088,.,-13.9568700790405,34.0565605163574,.
48089,.,-15.5903100967407,35.7436294555664,.
48090,.,-13.7947797775269,34.463981628418,.
48091,.,-15.6850500106812,34.932788848877,.
48092,.,-15.5862503051758,35.0452919006348,.
48093,.,-15.7757701873779,35.1521110534668,.
48094,.,-15.3981704711914,35.3510894775391,.
48095,.,-13.6001596450806,33.9002304077148,.
48096,.,-16.0814800262451,35.7173309326172,.
48097,.,-13.2130899429321,33.5946311950684,.
48098,.,-15.8314800262451,35.11669921875,.
48099,.,-16.1072902679443,34.8353881835938,.
48100,.,-15.9035501480103,35.3258209228516,.
48101,.,-14.3138704299927,34.2398986816406,.
48102,.,-15.3704395294189,35.3613815307617,.
48103,.,-15.8378801345825,34.9835815429688,.
48104,.,-15.2645597457886,35.3688087463379,.
48105,.,-11.8008003234863,33.4245109558105,.
48106,.,-15.9763097763062,35.3274383544922,.
48107,.,-15.9022302627563,35.4151000976563,.
48108,.,-11.5842599868774,34.2254219055176,.
48109,.,-16.1995601654053,35.0732307434082,.
48110,.,-15.0890998840332,35.490650177002,.
48111,.,-16.0023002624512,35.6729011535645,.
48112,.,-14.7888298034668,35.0154800415039,.
48113,.,-15.5747604370117,34.4779510498047,.
48114,.,-15.4633703231812,35.289249420166,.
48115,.,-14.8789396286011,35.6135101318359,.
48116,.,-15.4081697463989,35.5605506896973,.
48117,.,-16.1516990661621,35.2084007263184,.
48118,.,-13.6125202178955,33.228630065918,.
48119,.,-13.3797302246094,34.0458908081055,.
48120,.,-14.0359001159668,34.3325309753418,.
48121,.,-14.2234001159668,34.1374092102051,.
48122,.,-13.3027095794678,34.1166305541992,.
48123,.,-13.8296298980713,33.9146995544434,.
48124,.,-17.0935306549072,35.2531394958496,.
48125,.,-15.2898101806641,35.0452613830566,.
48126,.,-14.4132499694824,34.8205413818359,.
48127,.,-14.2735004425049,35.3831405639648,.
48128,.,-15.5591201782227,35.3229713439941,.
48129,.,-13.6096696853638,34.1945495605469,.
48130,.,-13.8042497634888,33.674690246582,.
48131,.,-15.0366897583008,34.9911117553711,.
48132,.,-15.5607900619507,34.8945999145508,.
48133,.,-16.0185794830322,35.2029418945313,.
48134,.,-15.8818597793579,35.1692085266113,.
48135,.,-15.1135196685791,35.2554092407227,.
48136,.,-13.5345401763916,32.8610496520996,.
48137,.,-10.7936897277832,34.0494499206543,.
48138,.,-16.0041103363037,35.441520690918,.
48139,.,-13.7673997879028,32.9330406188965,.
48140,.,-12.6098203659058,33.5945816040039,.
48141,.,-14.8128795623779,34.627498626709,.
48142,.,-14.1084003448486,33.9774208068848,.
48143,.,-14.3480396270752,35.4223899841309,.
48144,.,-14.3751096725464,35.0270385742188,.
48145,.,-14.480580329895,34.6474609375,.
48146,.,-15.4300804138184,35.4271011352539,.
48147,.,-14.0428495407104,34.3045082092285,.
48148,.,-11.818829536438,34.146240234375,.
48149,.,-15.8490800857544,35.3488388061523,.
48150,.,-14.1527795791626,35.4116516113281,.
48151,.,-11.9890403747559,33.5845489501953,.
48152,.,-15.9509897232056,35.1758804321289,.
48153,.,-15.9121704101563,35.0517616271973,.
48154,.,-13.9951601028442,33.8054313659668,.
48155,.,-14.5475997924805,35.7540817260742,.
48156,.,-15.8350200653076,35.5541000366211,.
48157,.,-16.1109199523926,35.2119293212891,.
48158,.,-13.232569694519,33.8411712646484,.
48159,.,-15.4827098846436,34.7860908508301,.
48160,.,-13.8042497634888,33.674690246582,.
48161,.,-10.9282903671265,33.9354782104492,.
48162,.,-14.4132499694824,34.8205413818359,.
48163,.,-15.966420173645,35.7845191955566,.
48164,.,-15.4463701248169,35.4656410217285,.
48165,.,-15.3935804367065,35.2948112487793,.
48166,.,-15.6850500106812,34.932788848877,.
48167,.,-15.1384801864624,34.8334808349609,.
48168,.,-15.4897899627686,34.6922798156738,.
48169,.,-16.3714694976807,35.1387786865234,.
48170,.,-13.3656902313232,33.4001083374023,.
48171,.,-14.4033498764038,34.2912483215332,.
48172,.,-15.5473899841309,34.7234001159668,.
48173,.,-15.038800239563,35.1061706542969,.
48174,.,-15.4823999404907,35.0187110900879,.
48175,.,-14.3020601272583,34.674560546875,.
48176,.,-16.3838901519775,35.1765785217285,.
48177,.,-13.5593595504761,33.5165100097656,.
48178,.,-12.9611902236938,34.2550086975098,.
48179,.,-13.6645698547363,33.6965217590332,.
48180,.,-13.3868198394775,33.1138305664063,.
48181,.,-14.8480796813965,35.5307884216309,.
48182,.,-11.5144500732422,33.5005111694336,.
48183,.,-13.1383304595947,33.9057388305664,.
48184,.,-16.2331504821777,35.1204109191895,.
48185,.,-16.1900100708008,35.1304512023926,.
48186,.,-15.7757701873779,35.1521110534668,.
48187,.,-15.8887996673584,35.2820510864258,.
48188,.,-14.7450799942017,35.8511505126953,.
48189,.,-13.9568700790405,34.0565605163574,.
48190,.,-15.4468402862549,35.0949592590332,.
48191,.,-15.4051198959351,35.3204612731934,.
48192,.,-13.1010704040527,33.7375411987305,.
48193,.,-13.7213001251221,34.3323211669922,.
48194,.,-12.4417695999146,33.7865180969238,.
48195,.,-13.3868198394775,33.1138305664063,.
48196,.,-15.5030698776245,35.6521682739258,.
48197,.,-16.1066493988037,35.3063011169434,.
48198,.,-10.7078504562378,34.0358810424805,.
48199,.,-15.4468402862549,35.0949592590332,.
48200,.,-16.1066493988037,35.3063011169434,.
48201,.,-13.8985395431519,32.9834785461426,.
48202,.,-14.9772396087646,34.9284896850586,.
48203,.,-14.868579864502,35.2034683227539,.
48204,.,-14.6139001846313,35.8041381835938,.
48205,.,-16.0242290496826,35.0012397766113,.
48206,.,-13.6323699951172,33.9716606140137,.
48207,.,-13.0108995437622,33.5837593078613,.
48208,.,-13.3887796401978,33.8467102050781,.
48209,.,-13.6808996200562,34.2480812072754,.
48210,.,-10.9884796142578,33.7237892150879,.
48211,.,-16.0242290496826,35.0012397766113,.
48212,.,-15.9113101959229,35.3177795410156,.
48213,.,-10.3372097015381,34.1788101196289,.
48214,.,-12.4123201370239,34.0143203735352,.
48215,.,-14.978289604187,35.2451705932617,.
48216,.,-14.950309753418,35.4952011108398,.
48217,.,-15.6660099029541,34.4734382629395,.
48218,.,-14.3070697784424,33.6396293640137,.
48219,.,-15.566499710083,35.206428527832,.
48220,.,-14.4575099945068,34.650390625,.
48221,.,-15.8019895553589,35.265380859375,.
48222,.,-10.8377304077148,33.9726791381836,.
48223,.,-14.3020601272583,34.674560546875,.
48224,.,-13.7673997879028,32.9330406188965,.
48225,.,-15.9509897232056,35.1758804321289,.
48226,.,-15.7223796844482,35.1396408081055,.
48227,.,-15.7893896102905,35.3337707519531,.
48228,.,-15.9888601303101,35.4467010498047,.
48229,.,-15.7734498977661,34.5073890686035,.
48230,.,-13.7223701477051,33.8731498718262,.
48231,.,-15.5747604370117,34.4779510498047,.
48232,.,-16.0486507415771,35.224910736084,.
48233,.,-15.7734498977661,34.5073890686035,.
48234,.,-14.0271196365356,33.7771415710449,.
48235,.,-13.9383296966553,34.5154800415039,.
48236,.,-12.3384704589844,33.7378196716309,.
48237,.,-13.6401195526123,33.1221313476563,.
48238,.,-13.6401195526123,33.1221313476563,.
48239,.,-16.1516990661621,35.2084007263184,.
48240,.,-15.7596597671509,35.2966995239258,.
48241,.,-14.0428495407104,34.3045082092285,.
48242,.,-16.0823001861572,35.4645004272461,.
48243,.,-14.7784204483032,35.8010101318359,.
48244,.,-13.7414503097534,32.9667587280273,.
48245,.,-15.8248796463013,34.4091491699219,.
48246,.,-13.2130899429321,33.5946311950684,.
48247,.,-16.7237205505371,34.9400787353516,.
48248,.,-14.9946002960205,34.9601211547852,.
48249,.,-15.8818597793579,35.1692085266113,.
48250,.,-14.1084003448486,33.9774208068848,.
48251,.,-14.4033498764038,34.2912483215332,.
48252,.,-15.6957302093506,34.513801574707,.
48253,.,-16.0107307434082,34.5091705322266,.
48254,.,-14.0359001159668,34.3325309753418,.
48255,.,-15.9113101959229,35.3177795410156,.
48256,.,-11.4816198348999,34.007740020752,.
48257,.,-13.9239101409912,34.5238609313965,.
48258,.,-15.7171602249146,35.5042686462402,.
48259,.,-9.86328983306885,33.6397018432617,.
48260,.,-11.4000301361084,34.0081214904785,.
48261,.,-14.0441303253174,34.4917602539063,.
48262,.,-15.6884098052979,34.5192794799805,.
48263,.,-14.9917001724243,34.7631187438965,.
48264,.,-15.531060218811,34.4603614807129,.
48265,.,-14.6839303970337,35.5371513366699,.
48266,.,-15.6884098052979,34.5192794799805,.
48267,.,-13.6894397735596,33.7582015991211,.
48268,.,-10.4448204040527,34.1068000793457,.
48269,.,-15.4156999588013,35.3074989318848,.
48270,.,-13.8434000015259,33.4235992431641,.
48271,.,-12.2796401977539,33.4571189880371,.
48272,.,-14.3751096725464,35.0270385742188,.
48273,.,-15.9725704193115,35.3785285949707,.
48274,.,-15.7614498138428,34.4197387695313,.
48275,.,-14.3020601272583,34.674560546875,.
48276,.,-14.1222696304321,34.3262100219727,.
48277,.,-15.7223796844482,35.1396408081055,.
48278,.,-13.8142595291138,33.0971183776855,.
48279,.,-13.7048101425171,33.6004905700684,.
48280,.,-15.8314800262451,35.11669921875,.
48281,.,-15.6957302093506,34.513801574707,.
48282,.,-13.4187698364258,33.6028785705566,.
48283,.,-14.769229888916,35.1412315368652,.
48284,.,-16.1900100708008,35.1304512023926,.
48285,.,-14.6773700714111,35.4076614379883,.
48286,.,-16.1066493988037,35.3063011169434,.
48287,.,-14.1301298141479,35.253978729248,.
48288,.,-15.8400201797485,35.7650718688965,.
48289,.,-15.8324403762817,35.0957717895508,.
48290,.,-15.9022302627563,35.4151000976563,.
48291,.,-12.943320274353,34.2619590759277,.
48292,.,-15.2439699172974,34.6569404602051,.
48293,.,-14.4575099945068,34.650390625,.
48294,.,-15.5189304351807,35.4697303771973,.
48295,.,-15.8425397872925,35.240909576416,.
48296,.,-9.71765041351318,33.3931312561035,.
48297,.,-16.3714694976807,35.1387786865234,.
48298,.,-16.2331504821777,35.1204109191895,.
48299,.,-12.6448698043823,33.3255195617676,.
48300,.,-14.0428495407104,34.3045082092285,.
48301,.,-13.4309701919556,34.2332305908203,.
48302,.,-13.3656902313232,33.4001083374023,.
48303,.,-16.0823001861572,35.4645004272461,.
48304,.,-15.7757701873779,35.1521110534668,.
48305,.,-15.1384801864624,34.8334808349609,.
48306,.,-14.0718097686768,33.8645515441895,.
48307,.,-15.8575096130371,34.9538307189941,.
48308,.,-15.9035501480103,35.3258209228516,.
48309,.,-12.5109395980835,33.4832801818848,.
48310,.,-13.4854402542114,33.2660713195801,.
48311,.,-15.7625102996826,35.7987785339355,.
48312,.,-15.3418397903442,34.8341407775879,.
48313,.,-15.3801403045654,35.3888893127441,.
48314,.,-14.0559501647949,33.7145195007324,.
48315,.,-16.1536102294922,35.3490409851074,.
48316,.,-15.3873596191406,35.0263595581055,.
48317,.,-15.4897403717041,35.592601776123,.
48318,.,-13.2663602828979,33.9988784790039,.
48319,.,-15.6982402801514,35.299430847168,.
48320,.,-13.7393198013306,34.1567306518555,.
48321,.,-15.6357898712158,34.5645294189453,.
48322,.,-16.0200099945068,35.0729713439941,.
48323,.,-13.9478797912598,33.8127708435059,.
48324,.,-15.6879301071167,35.7680511474609,.
48325,.,-9.59422016143799,33.3637504577637,.
48326,.,-16.1109199523926,35.2119293212891,.
48327,.,-14.9389801025391,35.0640106201172,.
48328,.,-16.1900100708008,35.1304512023926,.
48329,.,-15.531060218811,34.4603614807129,.
48330,.,-16.1686592102051,35.2082481384277,.
48331,.,-14.1527795791626,35.4116516113281,.
48332,.,-14.1811103820801,34.1434593200684,.
48333,.,-13.9555101394653,33.2108192443848,.
48334,.,-12.7194404602051,33.4780197143555,.
48335,.,-15.0366897583008,34.9911117553711,.
48336,.,-15.4637298583984,34.6597213745117,.
48337,.,-14.1254396438599,33.6027183532715,.
48338,.,-15.7359304428101,35.5938186645508,.
48339,.,-13.7393198013306,34.1567306518555,.
48340,.,-13.8042497634888,33.674690246582,.
48341,.,-14.0878000259399,33.9263687133789,.
48342,.,-14.1376495361328,34.5063018798828,.
48343,.,-15.8833303451538,35.2650184631348,.
48344,.,-14.769229888916,35.1412315368652,.
48345,.,-14.9772396087646,34.9284896850586,.
48346,.,-15.7734498977661,34.5073890686035,.
48347,.,-13.399359703064,33.8680381774902,.
48348,.,-14.4033498764038,34.2912483215332,.
48349,.,-15.9022302627563,35.4151000976563,.
48350,.,-15.9923696517944,35.297679901123,.
48351,.,-13.5394802093506,33.7365112304688,.
48352,.,-14.0271196365356,33.7771415710449,.
48353,.,-15.0642004013062,35.171630859375,.
48354,.,-14.9506397247314,34.833610534668,.
48355,.,-16.2331504821777,35.1204109191895,.
48356,.,-15.3935804367065,35.2948112487793,.
48357,.,-14.6139001846313,35.8041381835938,.
48358,.,-15.7306299209595,34.9882011413574,.
48359,.,-15.038800239563,35.1061706542969,.
48360,.,-15.5862503051758,35.0452919006348,.
48361,.,-14.6839303970337,35.5371513366699,.
48362,.,-16.1995601654053,35.0732307434082,.
48363,.,-14.2135200500488,35.0271186828613,.
48364,.,-13.7334995269775,33.1918296813965,.
48365,.,-16.3770008087158,35.2643394470215,.
48366,.,-13.6125202178955,33.228630065918,.
48367,.,-15.4037504196167,35.3303489685059,.
48368,.,-13.3887796401978,33.8467102050781,.
48369,.,-15.9514398574829,35.0065002441406,.
48370,.,-15.0667896270752,35.3475112915039,.
48371,.,-15.9725704193115,35.3785285949707,.
48372,.,-15.6982402801514,35.299430847168,.
48373,.,-9.99917030334473,33.426700592041,.
48374,.,-14.3713598251343,34.1142196655273,.
48375,.,-14.655369758606,35.8396492004395,.
48376,.,-14.9837598800659,35.1711616516113,.
48377,.,-11.5144500732422,33.5005111694336,.
48378,.,-16.0200099945068,35.0729713439941,.
48379,.,-10.9029302597046,34.0634117126465,.
48380,.,-15.7405595779419,34.3990287780762,.
48381,.,-13.0677404403687,33.5782699584961,.
48382,.,-13.6323699951172,33.9716606140137,.
48383,.,-15.6411199569702,35.7080192565918,.
48384,.,-16.3838901519775,35.1765785217285,.
48385,.,-14.1770601272583,34.2692718505859,.
48386,.,-15.5764999389648,35.1422386169434,.
48387,.,-15.531060218811,34.4603614807129,.
48388,.,-15.8248796463013,34.4091491699219,.
48389,.,-16.0200099945068,35.0729713439941,.
48390,.,-14.902250289917,34.6706008911133,.
48391,.,-14.3894596099854,35.5569305419922,.
48392,.,-16.3051204681396,35.218620300293,.
48393,.,-16.0041103363037,35.441520690918,.
48394,.,-14.480580329895,34.6474609375,.
48395,.,-14.1527795791626,35.4116516113281,.
48396,.,-15.9952898025513,35.2813186645508,.
48397,.,-15.3837299346924,35.3004302978516,.
48398,.,-11.0274801254272,33.845890045166,.
48399,.,-12.8630504608154,33.7195205688477,.
48400,.,-13.1833600997925,33.8633995056152,.
48401,.,-11.8008003234863,33.4245109558105,.
48402,.,-15.8833303451538,35.2650184631348,.
48403,.,-15.9725704193115,35.3785285949707,.
48404,.,-16.0872497558594,34.999340057373,.
48405,.,-15.4300804138184,35.4271011352539,.
48406,.,-14.3753004074097,34.3644599914551,.
48407,.,-13.4426298141479,33.0125198364258,.
48408,.,-15.3680801391602,34.871940612793,.
48409,.,-15.5862503051758,35.0452919006348,.
48410,.,-14.4575099945068,34.650390625,.
48411,.,-15.4081697463989,35.5605506896973,.
48412,.,-14.7911796569824,35.5734710693359,.
48413,.,-15.5968103408813,34.5047416687012,.
48414,.,-15.6145095825195,35.1133499145508,.
48415,.,-15.8019895553589,35.265380859375,.
48416,.,-13.8449897766113,34.384090423584,.
48417,.,-14.2570199966431,34.1506118774414,.
48418,.,-16.3770008087158,35.2643394470215,.
48419,.,-15.9763097763062,35.3274383544922,.
48420,.,-15.4637298583984,34.6597213745117,.
48421,.,-15.4141702651978,34.8672485351563,.
48422,.,-13.530179977417,33.7944107055664,.
48423,.,-13.1488704681396,34.3321990966797,.
48424,.,-13.3857898712158,33.7499389648438,.
48425,.,-15.6357898712158,34.5645294189453,.
48426,.,-14.7911796569824,35.5734710693359,.
48427,.,-13.8803300857544,34.505859375,.
48428,.,-15.7359304428101,35.5938186645508,.
48429,.,-15.7171602249146,35.5042686462402,.
48430,.,-15.606559753418,34.635009765625,.
48431,.,-14.6773700714111,35.4076614379883,.
48432,.,-14.6839303970337,35.5371513366699,.
48433,.,-11.6905899047852,34.088451385498,.
48434,.,-14.868579864502,35.2034683227539,.
48435,.,-16.0041103363037,35.441520690918,.
48436,.,-10.683500289917,34.1934089660645,.
48437,.,-15.9725704193115,35.3785285949707,.
48438,.,-13.5561800003052,34.3863487243652,.
48439,.,-15.8314800262451,35.11669921875,.
48440,.,-13.1541299819946,34.1675491333008,.
48441,.,-16.0872497558594,34.999340057373,.
48442,.,-11.2140798568726,34.1311111450195,.
48443,.,-11.7442302703857,33.938549041748,.
48444,.,-14.3706398010254,35.306568145752,.
48445,.,-15.1135196685791,35.2554092407227,.
48446,.,-15.5747604370117,34.4779510498047,.
48447,.,-13.8296298980713,33.9146995544434,.
48448,.,-14.1249799728394,34.2055816650391,.
48449,.,-15.4300804138184,35.4271011352539,.
48450,.,-15.5305795669556,35.2582893371582,.
48451,.,-13.789529800415,33.5550498962402,.
48452,.,-16.1516990661621,35.2084007263184,.
48453,.,-15.6411199569702,35.7080192565918,.
48454,.,-15.5030698776245,35.6521682739258,.
48455,.,-15.4463701248169,35.4656410217285,.
48456,.,-14.9263200759888,35.0874214172363,.
48457,.,-16.1516990661621,35.2084007263184,.
48458,.,-13.5294399261475,34.2169609069824,.
48459,.,-13.9141397476196,33.5478591918945,.
48460,.,-12.7051296234131,33.2996101379395,.
48461,.,-15.1686601638794,35.4719390869141,.
48462,.,-9.59422016143799,33.3637504577637,.
48463,.,-16.2134799957275,35.2244911193848,.
48464,.,-15.9514398574829,35.0065002441406,.
48465,.,-14.1527795791626,35.4116516113281,.
48466,.,-16.1700496673584,34.9558486938477,.
48467,.,-16.066930770874,35.0717010498047,.
48468,.,-16.3770008087158,35.2643394470215,.
48469,.,-15.5862503051758,35.0452919006348,.
48470,.,-15.8425397872925,35.240909576416,.
48471,.,-13.7906904220581,34.534740447998,.
48472,.,-10.8140802383423,34.0060806274414,.
48473,.,-14.868579864502,35.2034683227539,.
48474,.,-15.9725704193115,35.3785285949707,.
48475,.,-12.735179901123,34.1727981567383,.
48476,.,-14.00172996521,33.6595993041992,.
48477,.,-14.7290496826172,35.5430793762207,.
48478,.,-14.1376495361328,34.5063018798828,.
48479,.,-14.1249799728394,34.2055816650391,.
48480,.,-15.6850500106812,34.932788848877,.
48481,.,-15.9377498626709,35.4617614746094,.
48482,.,-13.7065601348877,33.7425498962402,.
48483,.,-15.3899297714233,35.174430847168,.
48484,.,-16.0814800262451,35.7173309326172,.
48485,.,-13.8464403152466,33.2362899780273,.
48486,.,-14.1755304336548,34.8777694702148,.
48487,.,-16.3770008087158,35.2643394470215,.
48488,.,-16.0681095123291,34.8623199462891,.
48489,.,-15.3196601867676,35.4185600280762,.
48490,.,-15.5573997497559,34.5163383483887,.
48491,.,-15.7679395675659,35.2495384216309,.
48492,.,-15.7734498977661,34.5073890686035,.
48493,.,-16.0586109161377,34.7759017944336,.
48494,.,-13.7393198013306,34.1567306518555,.
48495,.,-14.7861204147339,34.744068145752,.
48496,.,-15.8731098175049,35.5048789978027,.
48497,.,-13.8803300857544,34.505859375,.
48498,.,-15.4081401824951,35.3423118591309,.
48499,.,-15.5542497634888,35.3687210083008,.
48500,.,-14.3826303482056,34.0849609375,.
48501,.,-16.1988506317139,35.0076293945313,.
48502,.,-16.0185794830322,35.2029418945313,.
48503,.,-14.0061902999878,33.3196983337402,.
48504,.,-15.4030103683472,34.9573783874512,.
48505,.,-14.1222696304321,34.3262100219727,.
48506,.,-15.038800239563,35.1061706542969,.
48507,.,-16.3838901519775,35.1765785217285,.
48508,.,-15.5903100967407,35.7436294555664,.
48509,.,-11.0051498413086,33.5626907348633,.
48510,.,-9.52412033081055,33.2785797119141,.
48511,.,-12.1007499694824,33.3503799438477,.
48512,.,-15.566499710083,35.206428527832,.
48513,.,-15.4070596694946,35.0435218811035,.
48514,.,-15.7327499389648,34.6806716918945,.
48515,.,-16.0200099945068,35.0729713439941,.
48516,.,-14.7911796569824,35.5734710693359,.
48517,.,-15.4823999404907,35.0187110900879,.
48518,.,-13.7906904220581,34.534740447998,.
48519,.,-11.4816198348999,34.007740020752,.
48520,.,-15.4827098846436,34.7860908508301,.
48521,.,-16.1995601654053,35.0732307434082,.
48522,.,-13.3213500976563,33.509220123291,.
48523,.,-14.4575099945068,34.650390625,.
48524,.,-13.9555101394653,33.2108192443848,.
48525,.,-14.0522203445435,33.4851112365723,.
48526,.,-13.7334995269775,33.1918296813965,.
48527,.,-15.8350200653076,35.5541000366211,.
48528,.,-14.9981203079224,35.1205902099609,.
48529,.,-15.6145095825195,35.1133499145508,.
48530,.,-12.1935501098633,33.6799583435059,.
48531,.,-14.8179597854614,35.5350799560547,.
48532,.,-14.9513101577759,34.6216316223145,.
48533,.,-13.7065601348877,33.7425498962402,.
48534,.,-11.9890403747559,33.5845489501953,.
48535,.,-15.4719495773315,34.9919395446777,.
48536,.,-10.9029302597046,34.0634117126465,.
48537,.,-14.7217798233032,34.9384994506836,.
48538,.,-12.0468702316284,33.646240234375,.
48539,.,-11.4570398330688,33.9976081848145,.
48540,.,-15.8671903610229,35.8014717102051,.
48541,.,-14.978289604187,35.2451705932617,.
48542,.,-16.1900100708008,35.1304512023926,.
48543,.,-13.6323699951172,33.9716606140137,.
48544,.,-14.1527795791626,35.4116516113281,.
48545,.,-14.9658803939819,34.9858207702637,.
48546,.,-12.7848997116089,33.6926002502441,.
48547,.,-15.7885503768921,35.608829498291,.
48548,.,-14.1897201538086,33.713809967041,.
48549,.,-16.0667095184326,35.1309394836426,.
48550,.,-15.5607900619507,34.8945999145508,.
48551,.,-15.6806297302246,34.4072494506836,.
48552,.,-15.6806297302246,34.4072494506836,.
48553,.,-16.1536102294922,35.3490409851074,.
48554,.,-14.6839303970337,35.5371513366699,.
48555,.,-14.8282604217529,35.2134094238281,.
48556,.,-16.1536102294922,35.3490409851074,.
48557,.,-10.0754804611206,33.3908882141113,.
48558,.,-12.6448698043823,33.3255195617676,.
48559,.,-13.5345401763916,32.8610496520996,.
48560,.,-15.7966203689575,34.5418815612793,.
48561,.,-15.8324403762817,35.0957717895508,.
48562,.,-15.9509897232056,35.1758804321289,.
48563,.,-15.9022302627563,35.4151000976563,.
48564,.,-15.4949197769165,35.6419296264648,.
48565,.,-13.3213500976563,33.509220123291,.
48566,.,-13.4187698364258,33.6028785705566,.
48567,.,-15.9035501480103,35.3258209228516,.
48568,.,-15.7405595779419,34.3990287780762,.
48569,.,-16.0667095184326,35.1309394836426,.
48570,.,-13.6894397735596,33.7582015991211,.
48571,.,-15.8398103713989,35.010311126709,.
48572,.,-13.6663703918457,34.1038703918457,.
48573,.,-13.3579998016357,33.4899482727051,.
48574,.,-15.8490800857544,35.3488388061523,.
48575,.,-16.3654403686523,35.1124382019043,.
48576,.,-16.9097499847412,35.1698608398438,.
48577,.,-16.081880569458,35.491828918457,.
48578,.,-11.4170999526978,33.6656112670898,.
48579,.,-15.8425397872925,35.240909576416,.
48580,.,-13.7778196334839,33.8201484680176,.
48581,.,-16.081880569458,35.491828918457,.
48582,.,-15.7327499389648,34.6806716918945,.
48583,.,-13.6001596450806,33.9002304077148,.
48584,.,-12.8649396896362,33.9219703674316,.
48585,.,-15.1910600662231,35.0622100830078,.
48586,.,-13.530179977417,33.7944107055664,.
48587,.,-15.4253597259521,34.7216911315918,.
48588,.,-16.0823001861572,35.4645004272461,.
48589,.,-15.3837299346924,35.3004302978516,.
48590,.,-15.9113101959229,35.3177795410156,.
48591,.,-15.6624097824097,34.9623413085938,.
48592,.,-14.4811496734619,35.0109100341797,.
48593,.,-15.966420173645,35.7845191955566,.
48594,.,-13.1833600997925,33.8633995056152,.
48595,.,-13.2934198379517,33.5790786743164,.
48596,.,-16.7237205505371,34.9400787353516,.
48597,.,-15.8671903610229,35.8014717102051,.
48598,.,-14.3753004074097,34.3644599914551,.
48599,.,-15.8575096130371,34.9538307189941,.
48600,.,-15.9335899353027,35.2047309875488,.
48601,.,-14.6618604660034,34.7683982849121,.
48602,.,-15.8055400848389,35.1751518249512,.
48603,.,-15.2448196411133,34.904541015625,.
48604,.,-14.2135200500488,35.0271186828613,.
48605,.,-15.7223796844482,35.1396408081055,.
48606,.,-15.4148502349854,35.3419494628906,.
48607,.,-15.7768201828003,35.1487503051758,.
48608,.,-14.4861698150635,34.4703102111816,.
48609,.,-15.7834596633911,35.2228698730469,.
48610,.,-15.7428598403931,35.060001373291,.
48611,.,-15.6806297302246,34.4072494506836,.
48612,.,-15.7734498977661,34.5073890686035,.
48613,.,-13.5345401763916,32.8610496520996,.
48614,.,-11.9890403747559,33.5845489501953,.
48615,.,-15.9335899353027,35.2047309875488,.
48616,.,-15.7623100280762,35.011848449707,.
48617,.,-13.991060256958,34.5064315795898,.
48618,.,-14.9256401062012,35.6623001098633,.
48619,.,-15.9952898025513,35.2813186645508,.
48620,.,-14.3713598251343,34.1142196655273,.
48621,.,-15.606559753418,34.635009765625,.
48622,.,-16.1218395233154,35.5467109680176,.
48623,.,-15.1424798965454,34.9976387023926,.
48624,.,-12.9386396408081,34.2872314453125,.
48625,.,-15.5972900390625,34.4753913879395,.
48626,.,-15.9923696517944,35.297679901123,.
48627,.,-11.1545896530151,33.8852500915527,.
48628,.,-13.7463302612305,34.381519317627,.
48629,.,-15.8731098175049,35.5048789978027,.
48630,.,-11.7719297409058,34.0525093078613,.
48631,.,-15.9923696517944,35.297679901123,.
48632,.,-13.9506998062134,33.948169708252,.
48633,.,-14.8179597854614,35.5350799560547,.
48634,.,-16.3051204681396,35.218620300293,.
48635,.,-15.783860206604,35.0625495910645,.
48636,.,-14.7911796569824,35.5734710693359,.
48637,.,-11.0051498413086,33.5626907348633,.
48638,.,-15.5189304351807,35.4697303771973,.
48639,.,-12.6448698043823,33.3255195617676,.
48640,.,-15.4827699661255,35.2339515686035,.
48641,.,-15.6624097824097,34.9623413085938,.
48642,.,-13.4463396072388,33.4062004089355,.
48643,.,-15.3754796981812,35.3637008666992,.
48644,.,-15.5747604370117,34.4779510498047,.
48645,.,-11.7719297409058,34.0525093078613,.
48646,.,-10.8336896896362,33.5321388244629,.
48647,.,-15.566499710083,35.206428527832,.
48648,.,-15.3985795974731,35.3349304199219,.
48649,.,-15.8350200653076,35.5541000366211,.
48650,.,-14.4627103805542,34.0289192199707,.
48651,.,-14.6839303970337,35.5371513366699,.
48652,.,-13.2130899429321,33.5946311950684,.
48653,.,-15.1910600662231,35.0622100830078,.
48654,.,-10.9642200469971,33.5910186767578,.
48655,.,-15.9035501480103,35.3258209228516,.
48656,.,-16.0681095123291,34.8623199462891,.
48657,.,-15.8833303451538,35.2650184631348,.
48658,.,-13.6323699951172,33.9716606140137,.
48659,.,-15.6806297302246,34.4072494506836,.
48660,.,-15.0869998931885,34.6039085388184,.
48661,.,-15.7966203689575,34.5418815612793,.
48662,.,-14.2234001159668,34.1374092102051,.
48663,.,-10.8377304077148,33.9726791381836,.
48664,.,-14.7861204147339,34.744068145752,.
48665,.,-15.038800239563,35.1061706542969,.
48666,.,-14.4132499694824,34.8205413818359,.
48667,.,-15.4949197769165,35.6419296264648,.
48668,.,-15.1287298202515,35.4508514404297,.
48669,.,-11.7442302703857,33.938549041748,.
48670,.,-15.8350200653076,35.5541000366211,.
48671,.,-13.5593595504761,33.5165100097656,.
48672,.,-15.6405296325684,35.179931640625,.
48673,.,-15.5972900390625,34.4753913879395,.
48674,.,-15.7386798858643,35.7275390625,.
48675,.,-11.4902095794678,33.9674110412598,.
48676,.,-14.1222696304321,34.3262100219727,.
48677,.,-14.3753004074097,34.3644599914551,.
48678,.,-15.3935804367065,35.2948112487793,.
48679,.,-15.6804399490356,35.0921516418457,.
48680,.,-13.9568700790405,34.0565605163574,.
48681,.,-15.5764999389648,35.1422386169434,.
48682,.,-14.9389801025391,35.0640106201172,.
48683,.,-13.7673997879028,32.9330406188965,.
48684,.,-13.076470375061,33.3061904907227,.
48685,.,-13.4657802581787,34.0375518798828,.
48686,.,-15.6804399490356,35.0921516418457,.
48687,.,-14.188289642334,33.9618606567383,.
48688,.,-15.4081697463989,35.5605506896973,.
48689,.,-14.6618604660034,34.7683982849121,.
48690,.,-12.2150497436523,33.4475898742676,.
48691,.,-16.0872497558594,34.999340057373,.
48692,.,-14.0441303253174,34.4917602539063,.
48693,.,-15.9910898208618,34.9021682739258,.
48694,.,-14.7861204147339,34.744068145752,.
48695,.,-15.7596597671509,35.2966995239258,.
48696,.,-12.4417695999146,33.7865180969238,.
48697,.,-14.0500202178955,34.1231002807617,.
48698,.,-16.1536102294922,35.3490409851074,.
48699,.,-13.789529800415,33.5550498962402,.
48700,.,-15.9377498626709,35.4617614746094,.
48701,.,-15.6019201278687,34.5225715637207,.
48702,.,-14.5439701080322,35.3408889770508,.
48703,.,-13.3797302246094,34.0458908081055,.
48704,.,-13.8573799133301,33.3024406433105,.
48705,.,-15.8887996673584,35.2820510864258,.
48706,.,-14.9506397247314,34.833610534668,.
48707,.,-17.005220413208,35.0824699401855,.
48708,.,-13.0690603256226,33.3929710388184,.
48709,.,-14.6322603225708,34.6211318969727,.
48710,.,-13.7334995269775,33.1918296813965,.
48711,.,-14.950309753418,35.4952011108398,.
48712,.,-15.4051198959351,35.3204612731934,.
48713,.,-13.7150201797485,33.4016418457031,.
48714,.,-10.8784103393555,33.579719543457,.
48715,.,-13.3529195785522,33.9108009338379,.
48716,.,-15.7209997177124,35.5293807983398,.
48717,.,-15.7461500167847,35.6137199401855,.
48718,.,-15.0869998931885,34.6039085388184,.
48719,.,-14.3480396270752,35.4223899841309,.
48720,.,-15.9952898025513,35.2813186645508,.
48721,.,-15.6019201278687,34.5225715637207,.
48722,.,-15.9763097763062,35.3274383544922,.
48723,.,-14.2135200500488,35.0271186828613,.
48724,.,-15.8019895553589,35.265380859375,.
48725,.,-14.4033498764038,34.2912483215332,.
48726,.,-16.2331504821777,35.1204109191895,.
48727,.,-10.9604902267456,33.7546997070313,.
48728,.,-14.2570199966431,34.1506118774414,.
48729,.,-14.655369758606,35.8396492004395,.
48730,.,-15.2439699172974,34.6569404602051,.
48731,.,-15.5542497634888,35.3687210083008,.
48732,.,-14.0239400863647,33.8091316223145,.
48733,.,-15.8833303451538,35.2650184631348,.
48734,.,-10.2578401565552,33.6153717041016,.
48735,.,-15.9910898208618,34.9021682739258,.
48736,.,-16.7237205505371,34.9400787353516,.
48737,.,-14.3751096725464,35.0270385742188,.
48738,.,-11.5144701004028,33.4363403320313,.
48739,.,-14.1811103820801,34.1434593200684,.
48740,.,-15.8966798782349,35.1106605529785,.
48741,.,-14.6322603225708,34.6211318969727,.
48742,.,-14.978289604187,35.2451705932617,.
48743,.,-13.7906904220581,34.534740447998,.
48744,.,-15.7757701873779,35.1521110534668,.
48745,.,-15.8367395401001,35.0361213684082,.
48746,.,-15.486180305481,34.6078796386719,.
48747,.,-15.6982402801514,35.299430847168,.
48748,.,-16.0242290496826,35.0012397766113,.
48749,.,-14.2234001159668,34.1374092102051,.
48750,.,-15.8887996673584,35.2820510864258,.
48751,.,-11.1545896530151,33.8852500915527,.
48752,.,-14.7987298965454,35.0816192626953,.
48753,.,-15.1686601638794,35.4719390869141,.
48754,.,-14.3894596099854,35.5569305419922,.
48755,.,-16.1988506317139,35.0076293945313,.
48756,.,-16.3654403686523,35.1124382019043,.
48757,.,-15.8111095428467,34.9839210510254,.
48758,.,-15.7679395675659,35.2495384216309,.
48759,.,-13.3213500976563,33.509220123291,.
48760,.,-11.3422899246216,34.1177101135254,.
48761,.,-13.4054403305054,33.5761604309082,.
48762,.,-14.9256401062012,35.6623001098633,.
48763,.,-12.9611902236938,34.2550086975098,.
48764,.,-16.0185794830322,35.2029418945313,.
48765,.,-15.6694297790527,34.823070526123,.
48766,.,-14.4861698150635,34.4703102111816,.
48767,.,-15.8887996673584,35.2820510864258,.
48768,.,-15.0366897583008,34.9911117553711,.
48769,.,-14.8503704071045,34.7499008178711,.
48770,.,-13.8006896972656,34.4177589416504,.
48771,.,-14.2570199966431,34.1506118774414,.
48772,.,-15.0366897583008,34.9911117553711,.
48773,.,-13.1833600997925,33.8633995056152,.
48774,.,-16.0242290496826,35.0012397766113,.
48775,.,-15.4949197769165,35.6419296264648,.
48776,.,-14.4236698150635,35.5990982055664,.
48777,.,-15.8818597793579,35.1692085266113,.
48778,.,-13.800609588623,33.7534790039063,.
48779,.,-14.4575099945068,34.650390625,.
48780,.,-15.4897899627686,34.6922798156738,.
48781,.,-15.6982402801514,35.299430847168,.
48782,.,-14.9513101577759,34.6216316223145,.
48783,.,-15.5189304351807,35.4697303771973,.
48784,.,-13.0690603256226,33.3929710388184,.
48785,.,-15.2432298660278,35.2535400390625,.
48786,.,-9.94791030883789,33.9062309265137,.
48787,.,-15.3196601867676,35.4185600280762,.
48788,.,-15.5189304351807,35.4697303771973,.
48789,.,-10.9884796142578,33.7237892150879,.
48790,.,-14.8789396286011,35.6135101318359,.
48791,.,-9.9494104385376,33.9434700012207,.
48792,.,-12.4891901016235,34.1011581420898,.
48793,.,-14.9837598800659,35.1711616516113,.
48794,.,-15.966420173645,35.7845191955566,.
48795,.,-15.7834596633911,35.2228698730469,.
48796,.,-12.943320274353,34.2619590759277,.
48797,.,-15.9952898025513,35.2813186645508,.
48798,.,-14.3020601272583,34.674560546875,.
48799,.,-15.8818597793579,35.1692085266113,.
48800,.,-13.2268600463867,33.8662605285645,.
48801,.,-12.8649396896362,33.9219703674316,.
48802,.,-15.9725704193115,35.3785285949707,.
48803,.,-15.6405296325684,35.179931640625,.
48804,.,-14.1249799728394,34.2055816650391,.
48805,.,-13.792519569397,32.8866806030273,.
48806,.,-15.3801403045654,35.3888893127441,.
48807,.,-14.868579864502,35.2034683227539,.
48808,.,-16.3051204681396,35.218620300293,.
48809,.,-15.4823999404907,35.0187110900879,.
48810,.,-14.7987298965454,35.0816192626953,.
48811,.,-14.188289642334,33.9618606567383,.
48812,.,-13.7673997879028,32.9330406188965,.
48813,.,-12.8630504608154,33.7195205688477,.
48814,.,-15.3196601867676,35.4185600280762,.
48815,.,-15.5972900390625,34.4753913879395,.
48816,.,-15.8833303451538,35.2650184631348,.
48817,.,-12.8904304504395,33.5020713806152,.
48818,.,-15.9035501480103,35.3258209228516,.
48819,.,-13.6323699951172,33.9716606140137,.
48820,.,-14.8351697921753,34.9066505432129,.
48821,.,-12.6448698043823,33.3255195617676,.
48822,.,-13.5345401763916,32.8610496520996,.
48823,.,-10.9258899688721,34.0708198547363,.
48824,.,-14.3138704299927,34.2398986816406,.
48825,.,-15.1424798965454,34.9976387023926,.
48826,.,-14.1301298141479,35.253978729248,.
48827,.,-14.9772396087646,34.9284896850586,.
48828,.,-15.5968103408813,34.5047416687012,.
48829,.,-15.8737602233887,35.4349517822266,.
48830,.,-14.8440504074097,35.0124206542969,.
48831,.,-14.1811103820801,34.1434593200684,.
48832,.,-15.3156604766846,34.6679496765137,.
48833,.,-14.2135200500488,35.0271186828613,.
48834,.,-17.0281391143799,35.2416610717773,.
48835,.,-13.5300798416138,33.8973693847656,.
48836,.,-10.2578401565552,33.6153717041016,.
48837,.,-16.2134799957275,35.2244911193848,.
48838,.,-15.966420173645,35.7845191955566,.
48839,.,-14.5461902618408,34.578800201416,.
48840,.,-14.1770601272583,34.2692718505859,.
48841,.,-13.417140007019,34.0313301086426,.
48842,.,-15.4766902923584,34.5224685668945,.
48843,.,-13.3342800140381,33.8982086181641,.
48844,.,-16.1686592102051,35.2082481384277,.
48845,.,-12.5109395980835,33.4832801818848,.
48846,.,-11.7719297409058,34.0525093078613,.
48847,.,-13.3342800140381,33.8982086181641,.
48848,.,-15.3935804367065,35.2948112487793,.
48849,.,-15.3204002380371,35.2476501464844,.
48850,.,-14.5475997924805,35.7540817260742,.
48851,.,-15.5747604370117,34.4779510498047,.
48852,.,-15.8907403945923,34.9377784729004,.
48853,.,-16.0486507415771,35.224910736084,.
48854,.,-10.9642200469971,33.5910186767578,.
48855,.,-15.6957302093506,34.513801574707,.
48856,.,-13.5294399261475,34.2169609069824,.
48857,.,-15.8248796463013,34.4091491699219,.
48858,.,-13.9478797912598,33.8127708435059,.
48859,.,-14.9389801025391,35.0640106201172,.
48860,.,-11.2786998748779,33.5016784667969,.
48861,.,-14.4132499694824,34.8205413818359,.
48862,.,-15.3951396942139,35.2604484558105,.
48863,.,-15.4719495773315,34.9919395446777,.
48864,.,-14.1755304336548,34.8777694702148,.
48865,.,-15.5591201782227,35.3229713439941,.
48866,.,-15.685170173645,34.4705200195313,.
48867,.,-14.2476396560669,34.5322685241699,.
48868,.,-16.9190807342529,35.2430992126465,.
48869,.,-13.6808996200562,34.2480812072754,.
48870,.,-15.966420173645,35.7845191955566,.
48871,.,-13.6740598678589,34.9760093688965,.
48872,.,-15.6884098052979,34.5192794799805,.
48873,.,-14.7888298034668,35.0154800415039,.
48874,.,-15.5305795669556,35.2582893371582,.
48875,.,-16.0823001861572,35.4645004272461,.
48876,.,-14.1222696304321,34.3262100219727,.
48877,.,-14.6773700714111,35.4076614379883,.
48878,.,-15.9888601303101,35.4467010498047,.
48879,.,-17.0281391143799,35.2416610717773,.
48880,.,-13.7042303085327,32.8480491638184,.
48881,.,-16.1536102294922,35.3490409851074,.
48882,.,-14.3480396270752,35.4223899841309,.
48883,.,-15.2439699172974,34.6569404602051,.
48884,.,-14.8179597854614,35.5350799560547,.
48885,.,-13.0108995437622,33.5837593078613,.
48886,.,-14.0359001159668,34.3325309753418,.
48887,.,-15.4637298583984,34.6597213745117,.
48888,.,-14.3826303482056,34.0849609375,.
48889,.,-15.4037504196167,35.3303489685059,.
48890,.,-15.956130027771,35.2426109313965,.
48891,.,-15.6884098052979,34.5192794799805,.
48892,.,-15.9514398574829,35.0065002441406,.
48893,.,-13.2251996994019,33.713680267334,.
48894,.,-15.4148502349854,35.3419494628906,.
48895,.,-15.9335899353027,35.2047309875488,.
48896,.,-15.9514398574829,35.0065002441406,.
48897,.,-13.1383304595947,33.9057388305664,.
48898,.,-15.7596597671509,35.2966995239258,.
48899,.,-16.0041103363037,35.441520690918,.
48900,.,-13.3579998016357,33.4899482727051,.
48901,.,-15.0869998931885,34.6039085388184,.
48902,.,-15.7359304428101,35.5938186645508,.
48903,.,-14.978289604187,35.2451705932617,.
48904,.,-15.0352201461792,35.5046997070313,.
48905,.,-13.6910600662231,33.7964096069336,.
48906,.,-13.8042497634888,33.674690246582,.
48907,.,-15.4897403717041,35.592601776123,.
48908,.,-15.9952898025513,35.2813186645508,.
48909,.,-15.8818597793579,35.1692085266113,.
48910,.,-16.0667095184326,35.1309394836426,.
48911,.,-14.0441303253174,34.4917602539063,.
48912,.,-15.6982402801514,35.299430847168,.
48913,.,-14.3894596099854,35.5569305419922,.
48914,.,-15.5542497634888,35.3687210083008,.
48915,.,-14.5439701080322,35.3408889770508,.
48916,.,-15.4148502349854,35.3419494628906,.
48917,.,-15.6850500106812,34.932788848877,.
48918,.,-15.7834596633911,35.2228698730469,.
48919,.,-12.3325996398926,34.0191116333008,.
48920,.,-15.3801403045654,35.3888893127441,.
48921,.,-9.71450996398926,33.2912483215332,.
48922,.,-16.0242290496826,35.0012397766113,.
48923,.,-13.7334995269775,33.1918296813965,.
48924,.,-11.3962297439575,34.0061683654785,.
48925,.,-13.7393198013306,34.1567306518555,.
48926,.,-15.5305795669556,35.2582893371582,.
48927,.,-14.188289642334,33.9618606567383,.
48928,.,-13.225040435791,33.7911911010742,.
48929,.,-15.4300804138184,35.4271011352539,.
48930,.,-15.7327499389648,34.6806716918945,.
48931,.,-16.3051204681396,35.218620300293,.
48932,.,-15.9763097763062,35.3274383544922,.
48933,.,-14.0559501647949,33.7145195007324,.
48934,.,-15.3899297714233,35.174430847168,.
48935,.,-14.3713598251343,34.1142196655273,.
48936,.,-13.1838598251343,33.2934303283691,.
48937,.,-13.2251996994019,33.713680267334,.
48938,.,-14.7888298034668,35.0154800415039,.
48939,.,-16.1066493988037,35.3063011169434,.
48940,.,-15.9335899353027,35.2047309875488,.
48941,.,-15.5573997497559,34.5163383483887,.
48942,.,-14.8789396286011,35.6135101318359,.
48943,.,-13.8449897766113,34.384090423584,.
48944,.,-15.7596597671509,35.2966995239258,.
48945,.,-13.2268600463867,33.8662605285645,.
48946,.,-14.8277702331543,35.7442016601563,.
48947,.,-16.1995601654053,35.0732307434082,.
48948,.,-16.1109199523926,35.2119293212891,.
48949,.,-15.486180305481,34.6078796386719,.
48950,.,-16.0242290496826,35.0012397766113,.
48951,.,-15.5542497634888,35.3687210083008,.
48952,.,-15.6804399490356,35.0921516418457,.
48953,.,-14.868579864502,35.2034683227539,.
48954,.,-13.5300798416138,33.8973693847656,.
48955,.,-15.8737602233887,35.4349517822266,.
48956,.,-14.4744300842285,35.2739791870117,.
48957,.,-13.9555101394653,33.2108192443848,.
48958,.,-15.5747604370117,34.4779510498047,.
48959,.,-14.0428495407104,34.3045082092285,.
48960,.,-11.443229675293,34.0168800354004,.
48961,.,-15.5542497634888,35.3687210083008,.
48962,.,-15.8042497634888,34.9553718566895,.
48963,.,-14.0359001159668,34.3325309753418,.
48964,.,-11.4060697555542,33.990909576416,.
48965,.,-15.5972900390625,34.4753913879395,.
48966,.,-13.6096696853638,34.1945495605469,.
48967,.,-13.3529195785522,33.9108009338379,.
48968,.,-13.5010204315186,33.7112884521484,.
48969,.,-14.7888298034668,35.0154800415039,.
48970,.,-12.4417695999146,33.7865180969238,.
48971,.,-15.566499710083,35.206428527832,.
48972,.,-13.6208200454712,33.8025588989258,.
48973,.,-12.4123201370239,34.0143203735352,.
48974,.,-15.2432298660278,35.2535400390625,.
48975,.,-13.3656902313232,33.4001083374023,.
48976,.,-15.7386798858643,35.7275390625,.
48977,.,-15.4095697402954,35.3156394958496,.
48978,.,-15.9888601303101,35.4467010498047,.
48979,.,-15.7614498138428,34.4197387695313,.
48980,.,-15.8966798782349,35.1106605529785,.
48981,.,-15.4081697463989,35.5605506896973,.
48982,.,-15.4823999404907,35.0187110900879,.
48983,.,-13.7334995269775,33.1918296813965,.
48984,.,-16.081880569458,35.491828918457,.
48985,.,-14.8789396286011,35.6135101318359,.
48986,.,-13.5300798416138,33.8973693847656,.
48987,.,-11.4170999526978,33.6656112670898,.
48988,.,-10.8784103393555,33.579719543457,.
48989,.,-14.0500202178955,34.1231002807617,.
48990,.,-14.950309753418,35.4952011108398,.
48991,.,-14.1483402252197,33.8457794189453,.
48992,.,-15.7410297393799,35.1948089599609,.
48993,.,-15.5764999389648,35.1422386169434,.
48994,.,-16.3770008087158,35.2643394470215,.
48995,.,-14.2735004425049,35.3831405639648,.
48996,.,-15.7163801193237,34.8666915893555,.
48997,.,-15.7735300064087,34.4424896240234,.
48998,.,-15.4766902923584,34.5224685668945,.
48999,.,-17.0935306549072,35.2531394958496,.
49000,.,-15.5972900390625,34.4753913879395,.
49001,.,-10.9258899688721,34.0708198547363,.
49002,.,-13.7150201797485,33.4016418457031,.
49003,.,-16.0872497558594,34.999340057373,.
49004,.,-15.7966203689575,34.5418815612793,.
49005,.,-15.4463701248169,35.4656410217285,.
49006,.,-14.1084003448486,33.9774208068848,.
49007,.,-15.7405595779419,34.3990287780762,.
49008,.,-15.956130027771,35.2426109313965,.
49009,.,-11.0051498413086,33.5626907348633,.
49010,.,-15.0869998931885,34.6039085388184,.
49011,.,-15.4156999588013,35.3074989318848,.
49012,.,-15.8019895553589,35.265380859375,.
49013,.,-15.966420173645,35.7845191955566,.
49014,.,-15.7461500167847,35.6137199401855,.
49015,.,-14.1948699951172,33.4779586791992,.
49016,.,-16.7237205505371,34.9400787353516,.
49017,.,-15.1424798965454,34.9976387023926,.
49018,.,-13.6401195526123,33.1221313476563,.
49019,.,-12.9959602355957,33.8199501037598,.
49020,.,-15.6357898712158,34.5645294189453,.
49021,.,-16.0681095123291,34.8623199462891,.
49022,.,-15.2148399353027,34.6743202209473,.
49023,.,-15.3680801391602,34.871940612793,.
49024,.,-15.4637298583984,34.6597213745117,.
49025,.,-15.7359304428101,35.5938186645508,.
49026,.,-15.4148502349854,35.3419494628906,.
49027,.,-16.0202407836914,35.4409790039063,.
49028,.,-14.8351697921753,34.9066505432129,.
49029,.,-12.1935501098633,33.6799583435059,.
49030,.,-13.6323699951172,33.9716606140137,.
49031,.,-13.6808996200562,34.2480812072754,.
49032,.,-15.8425397872925,35.240909576416,.
49033,.,-15.4081697463989,35.5605506896973,.
49034,.,-15.5764999389648,35.1422386169434,.
49035,.,-15.8966798782349,35.1106605529785,.
49036,.,-13.7582302093506,32.8477096557617,.
49037,.,-10.7078504562378,34.0358810424805,.
49038,.,-14.0559501647949,33.7145195007324,.
49039,.,-13.3567304611206,33.7945899963379,.
49040,.,-15.8055400848389,35.1751518249512,.
49041,.,-15.956130027771,35.2426109313965,.
49042,.,-15.6850500106812,34.932788848877,.
49043,.,-14.655369758606,35.8396492004395,.
49044,.,-15.566499710083,35.206428527832,.
49045,.,-13.9698600769043,33.3693885803223,.
49046,.,-11.7442302703857,33.938549041748,.
49047,.,-10.7078504562378,34.0358810424805,.
49048,.,-14.0359001159668,34.3325309753418,.
49049,.,-16.081880569458,35.491828918457,.
49050,.,-15.8671903610229,35.8014717102051,.
49051,.,-14.2735004425049,35.3831405639648,.
49052,.,-14.8277702331543,35.7442016601563,.
49053,.,-16.0041103363037,35.441520690918,.
49054,.,-16.1900100708008,35.1304512023926,.
49055,.,-15.0642004013062,35.171630859375,.
49056,.,-15.8833303451538,35.2650184631348,.
49057,.,-16.1900100708008,35.1304512023926,.
49058,.,-15.9594202041626,35.423038482666,.
49059,.,-16.1686592102051,35.2082481384277,.
49060,.,-15.3933801651001,35.3365783691406,.
49061,.,-11.5842599868774,34.2254219055176,.
49062,.,-15.5764999389648,35.1422386169434,.
49063,.,-13.9607200622559,33.5564002990723,.
49064,.,-14.60671043396,34.7633094787598,.
49065,.,-16.1516990661621,35.2084007263184,.
49066,.,-15.7596597671509,35.2966995239258,.
49067,.,-14.0878000259399,33.9263687133789,.
49068,.,-15.5862503051758,35.0452919006348,.
49069,.,-16.1536102294922,35.3490409851074,.
49070,.,-13.5010204315186,33.7112884521484,.
49071,.,-11.3145704269409,33.9706687927246,.
49072,.,-14.0878000259399,33.9263687133789,.
49073,.,-13.7393198013306,34.1567306518555,.
49074,.,-15.4081697463989,35.5605506896973,.
49075,.,-14.7888298034668,35.0154800415039,.
49076,.,-13.6645698547363,33.6965217590332,.
49077,.,-15.7461500167847,35.6137199401855,.
49078,.,-14.3807601928711,34.3367881774902,.
49079,.,-14.9658803939819,34.9858207702637,.
49080,.,-12.8630504608154,33.7195205688477,.
49081,.,-15.6884098052979,34.5192794799805,.
49082,.,-15.9952898025513,35.2813186645508,.
49083,.,-14.7987298965454,35.0816192626953,.
49084,.,-14.6322603225708,34.6211318969727,.
49085,.,-11.5144701004028,33.4363403320313,.
49086,.,-9.69204998016357,33.2803802490234,.
49087,.,-15.7386798858643,35.7275390625,.
49088,.,-14.0522203445435,33.4851112365723,.
49089,.,-16.3838901519775,35.1765785217285,.
49090,.,-14.0718097686768,33.8645515441895,.
49091,.,-15.2645597457886,35.3688087463379,.
49092,.,-14.7987298965454,35.0816192626953,.
49093,.,-13.6401195526123,33.1221313476563,.
49094,.,-13.6740598678589,34.9760093688965,.
49095,.,-16.3498001098633,34.719539642334,.
49096,.,-15.8671903610229,35.8014717102051,.
49097,.,-11.0198497772217,33.7740211486816,.
49098,.,-13.8718204498291,33.4013710021973,.
49099,.,-15.0869998931885,34.6039085388184,.
49100,.,-15.566499710083,35.206428527832,.
49101,.,-12.943320274353,34.2619590759277,.
49102,.,-16.3838901519775,35.1765785217285,.
49103,.,-13.9612503051758,33.6136016845703,.
49104,.,-14.978289604187,35.2451705932617,.
49105,.,-14.9506397247314,34.833610534668,.
49106,.,-11.5842599868774,34.2254219055176,.
49107,.,-13.2130899429321,33.5946311950684,.
49108,.,-15.7405595779419,34.3990287780762,.
49109,.,-16.1536102294922,35.3490409851074,.
49110,.,-14.3751096725464,35.0270385742188,.
49111,.,-14.3826303482056,34.0849609375,.
49112,.,-15.9514398574829,35.0065002441406,.
49113,.,-15.9067001342773,34.9767189025879,.
49114,.,-13.2934198379517,33.5790786743164,.
49115,.,-13.8006896972656,34.4177589416504,.
49116,.,-15.0642004013062,35.171630859375,.
49117,.,-14.8789396286011,35.6135101318359,.
49118,.,-16.066930770874,35.0717010498047,.
49119,.,-13.6208200454712,33.8025588989258,.
49120,.,-15.0869998931885,34.6039085388184,.
49121,.,-15.6169395446777,35.6684417724609,.
49122,.,-12.6098203659058,33.5945816040039,.
49123,.,-10.9029302597046,34.0634117126465,.
49124,.,-11.3837995529175,33.8790283203125,.
49125,.,-15.63440990448,34.975170135498,.
49126,.,-15.9335899353027,35.2047309875488,.
49127,.,-15.8737602233887,35.4349517822266,.
49128,.,-15.0667896270752,35.3475112915039,.
49129,.,-13.789529800415,33.5550498962402,.
49130,.,-15.6982402801514,35.299430847168,.
49131,.,-14.6386604309082,34.5562591552734,.
49132,.,-11.9682703018188,34.0801391601563,.
49133,.,-13.1833600997925,33.8633995056152,.
49134,.,-15.8019895553589,35.265380859375,.
49135,.,-15.956130027771,35.2426109313965,.
49136,.,-14.6839303970337,35.5371513366699,.
49137,.,-14.0428495407104,34.3045082092285,.
49138,.,-15.9910898208618,34.9021682739258,.
49139,.,-15.0352201461792,35.5046997070313,.
49140,.,-14.0522203445435,33.4851112365723,.
49141,.,-16.1066493988037,35.3063011169434,.
49142,.,-14.2028999328613,33.7443809509277,.
49143,.,-14.6034898757935,35.1805305480957,.
49144,.,-16.7237205505371,34.9400787353516,.
49145,.,-10.9642200469971,33.5910186767578,.
49146,.,-15.6169395446777,35.6684417724609,.
49147,.,-14.0718097686768,33.8645515441895,.
49148,.,-15.5573997497559,34.5163383483887,.
49149,.,-15.9888601303101,35.4467010498047,.
49150,.,-15.8350200653076,35.5541000366211,.
49151,.,-14.435230255127,33.9451713562012,.
49152,.,-15.7625102996826,35.7987785339355,.
49153,.,-9.70057010650635,33.2391700744629,.
49154,.,-15.5607900619507,34.8945999145508,.
49155,.,-15.9377498626709,35.4617614746094,.
49156,.,-13.6740598678589,34.9760093688965,.
49157,.,-13.6645698547363,33.6965217590332,.
49158,.,-15.7428598403931,35.060001373291,.
49159,.,-16.066930770874,35.0717010498047,.
49160,.,-13.4275503158569,34.2765617370605,.
49161,.,-12.7848997116089,33.6926002502441,.
49162,.,-10.9642200469971,33.5910186767578,.
49163,.,-14.0428495407104,34.3045082092285,.
49164,.,-15.8042497634888,34.9553718566895,.
49165,.,-13.6645698547363,33.6965217590332,.
49166,.,-15.3940801620483,35.3284187316895,.
49167,.,-15.9923696517944,35.297679901123,.
49168,.,-16.0486507415771,35.224910736084,.
49169,.,-14.655369758606,35.8396492004395,.
49170,.,-15.7885503768921,35.608829498291,.
49171,.,-16.3275699615479,34.8806915283203,.
49172,.,-15.4147901535034,34.5917282104492,.
49173,.,-11.581130027771,34.0184516906738,.
49174,.,-14.9917001724243,34.7631187438965,.
49175,.,-14.0428495407104,34.3045082092285,.
49176,.,-15.7768201828003,35.1487503051758,.
49177,.,-13.688850402832,32.8800582885742,.
49178,.,-15.7552995681763,35.6058807373047,.
49179,.,-9.69326019287109,33.2746200561523,.
49180,.,-14.3480396270752,35.4223899841309,.
49181,.,-15.6169395446777,35.6684417724609,.
49182,.,-13.6740598678589,34.9760093688965,.
49183,.,-15.3196601867676,35.4185600280762,.
49184,.,-13.789529800415,33.5550498962402,.
49185,.,-10.7078504562378,34.0358810424805,.
49186,.,-14.868579864502,35.2034683227539,.
49187,.,-13.7582302093506,32.8477096557617,.
49188,.,-15.0890998840332,35.490650177002,.
49189,.,-15.0400400161743,34.8817710876465,.
49190,.,-15.0352201461792,35.5046997070313,.
49191,.,-15.9763097763062,35.3274383544922,.
49192,.,-13.3847904205322,33.7668991088867,.
49193,.,-15.7012796401978,35.3775901794434,.
49194,.,-10.8397998809814,33.447380065918,.
49195,.,-15.7834596633911,35.2228698730469,.
49196,.,-14.2028999328613,33.7443809509277,.
49197,.,-15.5213499069214,35.0719413757324,.
49198,.,-13.7065601348877,33.7425498962402,.
49199,.,-15.5607900619507,34.8945999145508,.
49200,.,-15.5972900390625,34.4753913879395,.
49201,.,-14.6034898757935,35.1805305480957,.
49202,.,-13.5345401763916,32.8610496520996,.
49203,.,-11.818829536438,34.146240234375,.
49204,.,-16.9097499847412,35.1698608398438,.
49205,.,-15.4207496643066,34.7366981506348,.
49206,.,-13.9141397476196,33.5478591918945,.
49207,.,-15.9763097763062,35.3274383544922,.
49208,.,-13.6401195526123,33.1221313476563,.
49209,.,-13.4275503158569,34.2765617370605,.
49210,.,-13.8006896972656,34.4177589416504,.
49211,.,-15.9910898208618,34.9021682739258,.
49212,.,-15.0352201461792,35.5046997070313,.
49213,.,-14.978289604187,35.2451705932617,.
49214,.,-15.8314800262451,35.11669921875,.
49215,.,-14.769229888916,35.1412315368652,.
49216,.,-14.3706398010254,35.306568145752,.
49217,.,-12.4123201370239,34.0143203735352,.
49218,.,-16.0041103363037,35.441520690918,.
49219,.,-15.0667896270752,35.3475112915039,.
49220,.,-16.1072902679443,34.8353881835938,.
49221,.,-10.4524898529053,34.2000503540039,.
49222,.,-13.6910600662231,33.7964096069336,.
49223,.,-14.7911796569824,35.5734710693359,.
49224,.,-13.3342800140381,33.8982086181641,.
49225,.,-15.6879301071167,35.7680511474609,.
49226,.,-13.6001596450806,33.9002304077148,.
49227,.,-14.6139001846313,35.8041381835938,.
49228,.,-13.7947797775269,34.463981628418,.
49229,.,-14.9263200759888,35.0874214172363,.
49230,.,-13.9555101394653,33.2108192443848,.
49231,.,-15.9035501480103,35.3258209228516,.
49232,.,-15.6405296325684,35.179931640625,.
49233,.,-11.5842599868774,34.2254219055176,.
49234,.,-15.4147901535034,34.5917282104492,.
49235,.,-16.0200099945068,35.0729713439941,.
49236,.,-13.7582302093506,32.8477096557617,.
49237,.,-15.4081296920776,35.3416595458984,.
49238,.,-15.7679395675659,35.2495384216309,.
49239,.,-14.2135200500488,35.0271186828613,.
49240,.,-16.1109199523926,35.2119293212891,.
49241,.,-14.1527795791626,35.4116516113281,.
49242,.,-15.956130027771,35.2426109313965,.
49243,.,-15.9377498626709,35.4617614746094,.
49244,.,-15.8019895553589,35.265380859375,.
49245,.,-12.4123201370239,34.0143203735352,.
49246,.,-12.3384704589844,33.7378196716309,.
49247,.,-15.966420173645,35.7845191955566,.
49248,.,-16.0185794830322,35.2029418945313,.
49249,.,-14.4154500961304,35.1849212646484,.
49250,.,-12.6098203659058,33.5945816040039,.
49251,.,-13.8006896972656,34.4177589416504,.
49252,.,-15.9763097763062,35.3274383544922,.
49253,.,-14.7217798233032,34.9384994506836,.
49254,.,-14.2276601791382,34.2863807678223,.
49255,.,-14.4575099945068,34.650390625,.
49256,.,-15.5972900390625,34.4753913879395,.
49257,.,-13.8803300857544,34.505859375,.
49258,.,-15.1135196685791,35.2554092407227,.
49259,.,-13.7920503616333,33.2354698181152,.
49260,.,-14.0500202178955,34.1231002807617,.
49261,.,-15.5607900619507,34.8945999145508,.
49262,.,-15.5972900390625,34.4753913879395,.
49263,.,-15.3951396942139,35.2604484558105,.
49264,.,-13.5561800003052,34.3863487243652,.
49265,.,-13.9568700790405,34.0565605163574,.
49266,.,-15.7405595779419,34.3990287780762,.
49267,.,-13.4275798797607,33.2661094665527,.
49268,.,-15.6850500106812,34.932788848877,.
49269,.,-12.6448698043823,33.3255195617676,.
49270,.,-13.211389541626,34.3153495788574,.
49271,.,-9.86328983306885,33.6397018432617,.
49272,.,-14.8277702331543,35.7442016601563,.
49273,.,-16.0823001861572,35.4645004272461,.
49274,.,-11.4170999526978,33.6656112670898,.
49275,.,-13.0677404403687,33.5782699584961,.
49276,.,-14.3894596099854,35.5569305419922,.
49277,.,-16.1988506317139,35.0076293945313,.
49278,.,-15.9594202041626,35.423038482666,.
49279,.,-15.9594202041626,35.423038482666,.
49280,.,-14.4861698150635,34.4703102111816,.
49281,.,-15.4147901535034,34.5917282104492,.
49282,.,-15.4766902923584,34.5224685668945,.
49283,.,-15.0642004013062,35.171630859375,.
49284,.,-14.9981203079224,35.1205902099609,.
49285,.,-15.566499710083,35.206428527832,.
49286,.,-15.1135196685791,35.2554092407227,.
49287,.,-11.9890403747559,33.5845489501953,.
49288,.,-16.0242290496826,35.0012397766113,.
49289,.,-14.5461902618408,34.578800201416,.
49290,.,-14.8179597854614,35.5350799560547,.
49291,.,-13.417140007019,34.0313301086426,.
49292,.,-11.4170999526978,33.6656112670898,.
49293,.,-14.3713598251343,34.1142196655273,.
49294,.,-15.7768201828003,35.1487503051758,.
49295,.,-15.8490800857544,35.3488388061523,.
49296,.,-15.3837299346924,35.3004302978516,.
49297,.,-15.566499710083,35.206428527832,.
49298,.,-13.8434000015259,33.4235992431641,.
49299,.,-15.63440990448,34.975170135498,.
49300,.,-11.443229675293,34.0168800354004,.
49301,.,-10.2397403717041,33.6369094848633,.
49302,.,-14.3070697784424,33.6396293640137,.
49303,.,-14.4627103805542,34.0289192199707,.
49304,.,-14.3480396270752,35.4223899841309,.
49305,.,-11.3422899246216,34.1177101135254,.
49306,.,-13.6663703918457,34.1038703918457,.
49307,.,-13.0690603256226,33.3929710388184,.
49308,.,-15.0366897583008,34.9911117553711,.
49309,.,-16.1066493988037,35.3063011169434,.
49310,.,-15.0366897583008,34.9911117553711,.
49311,.,-15.7768201828003,35.1487503051758,.
49312,.,-15.5903100967407,35.7436294555664,.
49313,.,-12.6483497619629,33.4777183532715,.
49314,.,-15.0400400161743,34.8817710876465,.
49315,.,-15.8324403762817,35.0957717895508,.
49316,.,-14.3713598251343,34.1142196655273,.
49317,.,-16.3714694976807,35.1387786865234,.
49318,.,-15.2148399353027,34.6743202209473,.
49319,.,-15.7514801025391,35.682071685791,.
49320,.,-14.9981203079224,35.1205902099609,.
49321,.,-14.6139001846313,35.8041381835938,.
49322,.,-14.8277702331543,35.7442016601563,.
49323,.,-14.4132499694824,34.8205413818359,.
49324,.,-15.2645597457886,35.3688087463379,.
49325,.,-15.5251703262329,34.5193099975586,.
49326,.,-14.6322603225708,34.6211318969727,.
49327,.,-15.6357898712158,34.5645294189453,.
49328,.,-14.8503704071045,34.7499008178711,.
49329,.,-14.3312501907349,33.9891510009766,.
49330,.,-16.0486507415771,35.224910736084,.
49331,.,-14.6773700714111,35.4076614379883,.
49332,.,-14.6322603225708,34.6211318969727,.
49333,.,-14.9506397247314,34.833610534668,.
49334,.,-14.730019569397,34.6091690063477,.
49335,.,-15.5443296432495,35.6066093444824,.
49336,.,-15.8314800262451,35.11669921875,.
49337,.,-14.3138704299927,34.2398986816406,.
49338,.,-15.7679395675659,35.2495384216309,.
49339,.,-16.0823001861572,35.4645004272461,.
49340,.,-15.7757701873779,35.1521110534668,.
49341,.,-16.0814800262451,35.7173309326172,.
49342,.,-13.9568700790405,34.0565605163574,.
49343,.,-15.2432298660278,35.2535400390625,.
49344,.,-11.3789596557617,33.8708610534668,.
49345,.,-15.7428598403931,35.060001373291,.
49346,.,-12.2796401977539,33.4571189880371,.
49347,.,-14.9917001724243,34.7631187438965,.
49348,.,-15.8425397872925,35.240909576416,.
49349,.,-15.4468402862549,35.0949592590332,.
49350,.,-11.5842599868774,34.2254219055176,.
49351,.,-14.6773700714111,35.4076614379883,.
49352,.,-14.0878000259399,33.9263687133789,.
49353,.,-15.3951396942139,35.2604484558105,.
49354,.,-14.1811103820801,34.1434593200684,.
49355,.,-14.3753004074097,34.3644599914551,.
49356,.,-15.9377498626709,35.4617614746094,.
49357,.,-15.8055400848389,35.1751518249512,.
49358,.,-16.5737991333008,35.1119003295898,.
49359,.,-14.188289642334,33.9618606567383,.
49360,.,-14.7911796569824,35.5734710693359,.
49361,.,-15.5747604370117,34.4779510498047,.
49362,.,-15.8966798782349,35.1106605529785,.
49363,.,-9.63212966918945,33.4132690429688,.
49364,.,-13.076470375061,33.3061904907227,.
49365,.,-15.7405595779419,34.3990287780762,.
49366,.,-15.6806297302246,34.4072494506836,.
49367,.,-14.4033498764038,34.2912483215332,.
49368,.,-11.4400796890259,33.9777984619141,.
49369,.,-13.8718204498291,33.4013710021973,.
49370,.,-14.9658803939819,34.9858207702637,.
49371,.,-10.7078504562378,34.0358810424805,.
49372,.,-16.066930770874,35.0717010498047,.
49373,.,-15.8350200653076,35.5541000366211,.
49374,.,-16.1516990661621,35.2084007263184,.
49375,.,-14.2234001159668,34.1374092102051,.
49376,.,-15.6806297302246,34.4072494506836,.
49377,.,-15.8490800857544,35.3488388061523,.
49378,.,-15.3954000473022,34.8364486694336,.
49379,.,-13.9872798919678,33.7894401550293,.
49380,.,-15.7514801025391,35.682071685791,.
49381,.,-11.5567302703857,34.1672286987305,.
49382,.,-15.8248796463013,34.4091491699219,.
49383,.,-13.7150201797485,33.4016418457031,.
49384,.,-15.4207496643066,34.7366981506348,.
49385,.,-13.6645698547363,33.6965217590332,.
49386,.,-14.7290496826172,35.5430793762207,.
49387,.,-9.78184986114502,33.3635101318359,.
49388,.,-15.5607900619507,34.8945999145508,.
49389,.,-15.9923696517944,35.297679901123,.
49390,.,-12.8649396896362,33.9219703674316,.
49391,.,-15.8737602233887,35.4349517822266,.
49392,.,-15.4000701904297,35.326488494873,.
49393,.,-14.8503704071045,34.7499008178711,.
49394,.,-13.432089805603,33.9660301208496,.
49395,.,-15.6660099029541,34.4734382629395,.
49396,.,-15.5573997497559,34.5163383483887,.
49397,.,-11.4285001754761,34.0180816650391,.
49398,.,-13.9568700790405,34.0565605163574,.
49399,.,-15.8490800857544,35.3488388061523,.
49400,.,-13.1383304595947,33.9057388305664,.
49401,.,-16.1995601654053,35.0732307434082,.
49402,.,-13.5187997817993,34.2733497619629,.
49403,.,-14.1249799728394,34.2055816650391,.
49404,.,-13.0690603256226,33.3929710388184,.
49405,.,-15.1686601638794,35.4719390869141,.
49406,.,-14.5461902618408,34.578800201416,.
49407,.,-14.4154500961304,35.1849212646484,.
49408,.,-15.4147901535034,34.5917282104492,.
49409,.,-13.3213500976563,33.509220123291,.
49410,.,-14.6034898757935,35.1805305480957,.
49411,.,-15.4095697402954,35.3156394958496,.
49412,.,-15.7757701873779,35.1521110534668,.
49413,.,-13.6001596450806,33.9002304077148,.
49414,.,-11.7442302703857,33.938549041748,.
49415,.,-11.4816198348999,34.007740020752,.
49416,.,-15.4881496429443,35.3296585083008,.
49417,.,-15.1424798965454,34.9976387023926,.
49418,.,-14.435230255127,33.9451713562012,.
49419,.,-13.3567304611206,33.7945899963379,.
49420,.,-16.3770008087158,35.2643394470215,.
49421,.,-13.789529800415,33.5550498962402,.
49422,.,-13.6125202178955,33.228630065918,.
49423,.,-13.7673997879028,32.9330406188965,.
49424,.,-15.6850500106812,34.932788848877,.
49425,.,-15.8833303451538,35.2650184631348,.
49426,.,-14.3706398010254,35.306568145752,.
49427,.,-11.8008003234863,33.4245109558105,.
49428,.,-15.3680801391602,34.871940612793,.
49429,.,-16.066930770874,35.0717010498047,.
49430,.,-15.7223796844482,35.1396408081055,.
49431,.,-15.7163801193237,34.8666915893555,.
49432,.,-13.5300798416138,33.8973693847656,.
49433,.,-14.0718097686768,33.8645515441895,.
49434,.,-15.6806297302246,34.4072494506836,.
49435,.,-10.336799621582,33.6489906311035,.
49436,.,-15.8818597793579,35.1692085266113,.
49437,.,-15.7623100280762,35.011848449707,.
49438,.,-15.7359304428101,35.5938186645508,.
49439,.,-14.0718097686768,33.8645515441895,.
49440,.,-13.8042497634888,33.674690246582,.
49441,.,-14.7290496826172,35.5430793762207,.
49442,.,-15.5764999389648,35.1422386169434,.
49443,.,-14.5439701080322,35.3408889770508,.
49444,.,-15.4030103683472,34.9573783874512,.
49445,.,-16.1109199523926,35.2119293212891,.
49446,.,-12.8140296936035,34.2050094604492,.
49447,.,-15.4897899627686,34.6922798156738,.
49448,.,-10.0754804611206,33.3908882141113,.
49449,.,-13.8142595291138,33.0971183776855,.
49450,.,-15.6660099029541,34.4734382629395,.
49451,.,-10.2397403717041,33.6369094848633,.
49452,.,-14.6773700714111,35.4076614379883,.
49453,.,-15.9509897232056,35.1758804321289,.
49454,.,-15.8490800857544,35.3488388061523,.
49455,.,-15.8019895553589,35.265380859375,.
49456,.,-15.9888601303101,35.4467010498047,.
49457,.,-15.5903100967407,35.7436294555664,.
49458,.,-14.1948699951172,33.4779586791992,.
49459,.,-10.9604902267456,33.7546997070313,.
49460,.,-14.2276601791382,34.2863807678223,.
49461,.,-15.4949197769165,35.6419296264648,.
49462,.,-16.8182201385498,35.2997207641602,.
49463,.,-15.5607900619507,34.8945999145508,.
49464,.,-13.4463396072388,33.4062004089355,.
49465,.,-13.7213001251221,34.3323211669922,.
49466,.,-13.6910600662231,33.7964096069336,.
49467,.,-13.8449897766113,34.384090423584,.
49468,.,-15.4030103683472,34.9573783874512,.
49469,.,-15.7327499389648,34.6806716918945,.
49470,.,-15.1135196685791,35.2554092407227,.
49471,.,-15.606559753418,34.635009765625,.
49472,.,-15.1095199584961,35.5335388183594,.
49473,.,-14.4627103805542,34.0289192199707,.
49474,.,-14.1301298141479,35.253978729248,.
49475,.,-12.7051296234131,33.2996101379395,.
49476,.,-14.6773700714111,35.4076614379883,.
49477,.,-14.4236698150635,35.5990982055664,.
49478,.,-14.1770601272583,34.2692718505859,.
49479,.,-13.9568700790405,34.0565605163574,.
49480,.,-15.4766902923584,34.5224685668945,.
49481,.,-15.1686601638794,35.4719390869141,.
49482,.,-15.531060218811,34.4603614807129,.
49483,.,-15.7209997177124,35.5293807983398,.
49484,.,-15.4468402862549,35.0949592590332,.
49485,.,-13.6910600662231,33.7964096069336,.
49486,.,-15.9888601303101,35.4467010498047,.
49487,.,-13.691969871521,34.4607887268066,.
49488,.,-15.2645597457886,35.3688087463379,.
49489,.,-16.1536102294922,35.3490409851074,.
49490,.,-15.9725704193115,35.3785285949707,.
49491,.,-14.3138704299927,34.2398986816406,.
49492,.,-15.486180305481,34.6078796386719,.
49493,.,-11.3422899246216,34.1177101135254,.
49494,.,-15.4897899627686,34.6922798156738,.
49495,.,-14.9256401062012,35.6623001098633,.
49496,.,-15.3680801391602,34.871940612793,.
49497,.,-13.6294002532959,32.934009552002,.
49498,.,-13.6125202178955,33.228630065918,.
49499,.,-11.3422899246216,34.1177101135254,.
49500,.,-14.5461902618408,34.578800201416,.
49501,.,-14.1222696304321,34.3262100219727,.
49502,.,-14.4236698150635,35.5990982055664,.
49503,.,-15.7410297393799,35.1948089599609,.
49504,.,-15.8055400848389,35.1751518249512,.
49505,.,-15.9113101959229,35.3177795410156,.
49506,.,-15.9509897232056,35.1758804321289,.
49507,.,-15.9113101959229,35.3177795410156,.
49508,.,-13.5294399261475,34.2169609069824,.
49509,.,-10.7936897277832,34.0494499206543,.
49510,.,-16.0242290496826,35.0012397766113,.
49511,.,-15.4637298583984,34.6597213745117,.
49512,.,-15.6982402801514,35.299430847168,.
49513,.,-10.7078504562378,34.0358810424805,.
49514,.,-14.0908498764038,34.9160003662109,.
49515,.,-15.7614498138428,34.4197387695313,.
49516,.,-13.1408195495605,33.4757614135742,.
49517,.,-15.6357898712158,34.5645294189453,.
49518,.,-15.3954000473022,34.8364486694336,.
49519,.,-12.8904304504395,33.5020713806152,.
49520,.,-14.3753004074097,34.3644599914551,.
49521,.,-15.9113101959229,35.3177795410156,.
49522,.,-14.2276601791382,34.2863807678223,.
49523,.,-15.5848703384399,35.0989112854004,.
49524,.,-16.0185794830322,35.2029418945313,.
49525,.,-14.8503704071045,34.7499008178711,.
49526,.,-15.8818597793579,35.1692085266113,.
49527,.,-15.6624097824097,34.9623413085938,.
49528,.,-15.6169395446777,35.6684417724609,.
49529,.,-14.3312501907349,33.9891510009766,.
49530,.,-14.3826303482056,34.0849609375,.
49531,.,-14.7861204147339,34.744068145752,.
49532,.,-15.6982402801514,35.299430847168,.
49533,.,-15.6357898712158,34.5645294189453,.
49534,.,-15.6445798873901,35.1619682312012,.
49535,.,-13.8718204498291,33.4013710021973,.
49536,.,-13.7065601348877,33.7425498962402,.
49537,.,-11.4816198348999,34.007740020752,.
49538,.,-15.0642004013062,35.171630859375,.
49539,.,-16.066930770874,35.0717010498047,.
49540,.,-14.8351697921753,34.9066505432129,.
49541,.,-12.8630504608154,33.7195205688477,.
49542,.,-15.2432298660278,35.2535400390625,.
49543,.,-15.7625102996826,35.7987785339355,.
49544,.,-9.99917030334473,33.426700592041,.
49545,.,-14.950309753418,35.4952011108398,.
49546,.,-15.9514398574829,35.0065002441406,.
49547,.,-15.4719495773315,34.9919395446777,.
49548,.,-15.038800239563,35.1061706542969,.
49549,.,-14.3138704299927,34.2398986816406,.
49550,.,-15.5903100967407,35.7436294555664,.
49551,.,-15.956130027771,35.2426109313965,.
49552,.,-15.7246599197388,35.0708198547363,.
49553,.,-13.4854402542114,33.2660713195801,.
49554,.,-15.8400201797485,35.7650718688965,.
49555,.,-15.5189304351807,35.4697303771973,.
49556,.,-15.8731098175049,35.5048789978027,.
49557,.,-15.6694297790527,34.823070526123,.
49558,.,-13.6894397735596,33.7582015991211,.
49559,.,-14.4744300842285,35.2739791870117,.
49560,.,-15.9506101608276,34.8200492858887,.
49561,.,-15.7734498977661,34.5073890686035,.
49562,.,-16.0202407836914,35.4409790039063,.
49563,.,-16.0202407836914,35.4409790039063,.
49564,.,-13.3656902313232,33.4001083374023,.
49565,.,-15.6405296325684,35.179931640625,.
49566,.,-10.336799621582,33.6489906311035,.
49567,.,-13.9698600769043,33.3693885803223,.
49568,.,-13.4463396072388,33.4062004089355,.
49569,.,-15.4468402862549,35.0949592590332,.
49570,.,-15.4081296920776,35.3416595458984,.
49571,.,-14.1811103820801,34.1434593200684,.
49572,.,-15.7757701873779,35.1521110534668,.
49573,.,-15.5443296432495,35.6066093444824,.
49574,.,-15.5305795669556,35.2582893371582,.
49575,.,-16.0185794830322,35.2029418945313,.
49576,.,-10.2397403717041,33.6369094848633,.
49577,.,-10.2578401565552,33.6153717041016,.
49578,.,-11.3789596557617,33.8708610534668,.
49579,.,-13.3213500976563,33.509220123291,.
49580,.,-16.0823001861572,35.4645004272461,.
49581,.,-14.3826303482056,34.0849609375,.
49582,.,-15.3704395294189,35.3613815307617,.
49583,.,-13.8449897766113,34.384090423584,.
49584,.,-14.188289642334,33.9618606567383,.
49585,.,-15.7386798858643,35.7275390625,.
49586,.,-14.655369758606,35.8396492004395,.
49587,.,-15.397910118103,34.6706314086914,.
49588,.,-15.7596597671509,35.2966995239258,.
49589,.,-15.6411199569702,35.7080192565918,.
49590,.,-14.9981203079224,35.1205902099609,.
49591,.,-14.0003995895386,33.7257690429688,.
49592,.,-15.4766902923584,34.5224685668945,.
49593,.,-15.9377498626709,35.4617614746094,.
49594,.,-16.0872497558594,34.999340057373,.
49595,.,-15.5972900390625,34.4753913879395,.
49596,.,-14.1301298141479,35.253978729248,.
49597,.,-14.7217798233032,34.9384994506836,.
49598,.,-14.2735004425049,35.3831405639648,.
49599,.,-15.7410297393799,35.1948089599609,.
49600,.,-14.435230255127,33.9451713562012,.
49601,.,-10.9282903671265,33.9354782104492,.
49602,.,-13.7223701477051,33.8731498718262,.
49603,.,-15.7012796401978,35.3775901794434,.
49604,.,-13.1541299819946,34.1675491333008,.
49605,.,-15.7171602249146,35.5042686462402,.
49606,.,-14.3731002807617,33.9071617126465,.
49607,.,-14.435230255127,33.9451713562012,.
49608,.,-15.0352201461792,35.5046997070313,.
49609,.,-14.3713598251343,34.1142196655273,.
49610,.,-15.4827699661255,35.2339515686035,.
49611,.,-14.8277702331543,35.7442016601563,.
49612,.,-15.2148399353027,34.6743202209473,.
49613,.,-15.1686601638794,35.4719390869141,.
49614,.,-15.7966203689575,34.5418815612793,.
49615,.,-14.6322603225708,34.6211318969727,.
49616,.,-14.6618604660034,34.7683982849121,.
49617,.,-13.7334995269775,33.1918296813965,.
49618,.,-15.4766902923584,34.5224685668945,.
49619,.,-14.4627103805542,34.0289192199707,.
49620,.,-9.77787017822266,33.447380065918,.
49621,.,-13.3656902313232,33.4001083374023,.
49622,.,-14.6139001846313,35.8041381835938,.
49623,.,-15.4037504196167,35.3303489685059,.
49624,.,-14.0428495407104,34.3045082092285,.
49625,.,-10.7936897277832,34.0494499206543,.
49626,.,-16.0202407836914,35.4409790039063,.
49627,.,-15.7306299209595,34.9882011413574,.
49628,.,-15.1910600662231,35.0622100830078,.
49629,.,-15.6405296325684,35.179931640625,.
49630,.,-13.9951601028442,33.8054313659668,.
49631,.,-14.978289604187,35.2451705932617,.
49632,.,-15.531060218811,34.4603614807129,.
49633,.,-14.2735004425049,35.3831405639648,.
49634,.,-13.4275798797607,33.2661094665527,.
49635,.,-16.2134799957275,35.2244911193848,.
49636,.,-13.8449897766113,34.384090423584,.
49637,.,-15.7710800170898,35.065788269043,.
49638,.,-15.8425397872925,35.240909576416,.
49639,.,-14.6034898757935,35.1805305480957,.
49640,.,-15.63440990448,34.975170135498,.
49641,.,-15.7679395675659,35.2495384216309,.
49642,.,-14.60671043396,34.7633094787598,.
49643,.,-13.3887796401978,33.8467102050781,.
49644,.,-15.1910600662231,35.0622100830078,.
49645,.,-15.7428598403931,35.060001373291,.
49646,.,-14.2570199966431,34.1506118774414,.
49647,.,-14.2476396560669,34.5322685241699,.
49648,.,-13.6418104171753,33.3506202697754,.
49649,.,-16.7237205505371,34.9400787353516,.
49650,.,-15.2439699172974,34.6569404602051,.
49651,.,-13.1408195495605,33.4757614135742,.
49652,.,-15.7834596633911,35.2228698730469,.
49653,.,-15.9725704193115,35.3785285949707,.
49654,.,-15.8314800262451,35.11669921875,.
49655,.,-15.0352201461792,35.5046997070313,.
49656,.,-13.6894397735596,33.7582015991211,.
49657,.,-13.9383296966553,34.5154800415039,.
49658,.,-15.6806297302246,34.4072494506836,.
49659,.,-13.6663703918457,34.1038703918457,.
49660,.,-14.1222696304321,34.3262100219727,.
49661,.,-15.7410297393799,35.1948089599609,.
49662,.,-13.7920503616333,33.2354698181152,.
49663,.,-15.5314197540283,35.7968406677246,.
49664,.,-11.4902095794678,33.9674110412598,.
49665,.,-13.530179977417,33.7944107055664,.
49666,.,-15.5862503051758,35.0452919006348,.
49667,.,-14.3020601272583,34.674560546875,.
49668,.,-10.9642200469971,33.5910186767578,.
49669,.,-14.3826303482056,34.0849609375,.
49670,.,-16.066930770874,35.0717010498047,.
49671,.,-16.0242290496826,35.0012397766113,.
49672,.,-14.9506397247314,34.833610534668,.
49673,.,-15.3418397903442,34.8341407775879,.
49674,.,-15.4147901535034,34.5917282104492,.
49675,.,-15.6357898712158,34.5645294189453,.
49676,.,-15.8237104415894,35.079460144043,.
49677,.,-12.8904304504395,33.5020713806152,.
49678,.,-15.3899297714233,35.174430847168,.
49679,.,-16.3051204681396,35.218620300293,.
49680,.,-15.685170173645,34.4705200195313,.
49681,.,-13.991060256958,34.5064315795898,.
49682,.,-15.8400201797485,35.7650718688965,.
49683,.,-14.9616098403931,35.87451171875,.
49684,.,-14.3751096725464,35.0270385742188,.
49685,.,-14.8480796813965,35.5307884216309,.
49686,.,-15.8671903610229,35.8014717102051,.
49687,.,-16.0202407836914,35.4409790039063,.
49688,.,-14.3706398010254,35.306568145752,.
49689,.,-14.769229888916,35.1412315368652,.
49690,.,-15.8833303451538,35.2650184631348,.
49691,.,-15.2448196411133,34.904541015625,.
49692,.,-15.8350200653076,35.5541000366211,.
49693,.,-15.7834596633911,35.2228698730469,.
49694,.,-15.2898101806641,35.0452613830566,.
49695,.,-14.8789396286011,35.6135101318359,.
49696,.,-14.2028999328613,33.7443809509277,.
49697,.,-15.038800239563,35.1061706542969,.
49698,.,-14.0878000259399,33.9263687133789,.
49699,.,-14.1376495361328,34.5063018798828,.
49700,.,-15.7885503768921,35.608829498291,.
49701,.,-15.0667896270752,35.3475112915039,.
49702,.,-12.5109395980835,33.4832801818848,.
49703,.,-12.8649396896362,33.9219703674316,.
49704,.,-12.7051296234131,33.2996101379395,.
49705,.,-15.7359304428101,35.5938186645508,.
49706,.,-10.2578401565552,33.6153717041016,.
49707,.,-9.86328983306885,33.6397018432617,.
49708,.,-13.9239101409912,34.5238609313965,.
49709,.,-14.5461902618408,34.578800201416,.
49710,.,-13.6645698547363,33.6965217590332,.
49711,.,-13.8142595291138,33.0971183776855,.
49712,.,-16.1700496673584,34.9558486938477,.
49713,.,-16.2134799957275,35.2244911193848,.
49714,.,-10.8336896896362,33.5321388244629,.
49715,.,-13.9239101409912,34.5238609313965,.
49716,.,-14.3894596099854,35.5569305419922,.
49717,.,-15.5251703262329,34.5193099975586,.
49718,.,-15.7223796844482,35.1396408081055,.
49719,.,-15.5862503051758,35.0452919006348,.
49720,.,-15.7679395675659,35.2495384216309,.
49721,.,-15.7885503768921,35.608829498291,.
49722,.,-14.2570199966431,34.1506118774414,.
49723,.,-15.5251703262329,34.5193099975586,.
49724,.,-15.0366897583008,34.9911117553711,.
49725,.,-14.902250289917,34.6706008911133,.
49726,.,-13.7582302093506,32.8477096557617,.
49727,.,-15.5862503051758,35.0452919006348,.
49728,.,-11.3837995529175,33.8790283203125,.
49729,.,-10.2578401565552,33.6153717041016,.
49730,.,-16.1700496673584,34.9558486938477,.
49731,.,-15.9335899353027,35.2047309875488,.
49732,.,-15.4030103683472,34.9573783874512,.
49733,.,-13.9698600769043,33.3693885803223,.
49734,.,-13.399359703064,33.8680381774902,.
49735,.,-15.6445798873901,35.1619682312012,.
49736,.,-15.6445798873901,35.1619682312012,.
49737,.,-15.0366897583008,34.9911117553711,.
49738,.,-11.4170999526978,33.6656112670898,.
49739,.,-13.8241901397705,35.0955505371094,.
49740,.,-15.2148399353027,34.6743202209473,.
49741,.,-15.7966203689575,34.5418815612793,.
49742,.,-15.2432298660278,35.2535400390625,.
49743,.,-15.7679395675659,35.2495384216309,.
49744,.,-15.0642004013062,35.171630859375,.
49745,.,-13.9239101409912,34.5238609313965,.
49746,.,-15.1135196685791,35.2554092407227,.
49747,.,-13.6663703918457,34.1038703918457,.
49748,.,-12.7194404602051,33.4780197143555,.
49749,.,-15.4030103683472,34.9573783874512,.
49750,.,-13.3342800140381,33.8982086181641,.
49751,.,-15.7163801193237,34.8666915893555,.
49752,.,-15.9725704193115,35.3785285949707,.
49753,.,-15.4766902923584,34.5224685668945,.
49754,.,-10.0754804611206,33.3908882141113,.
49755,.,-13.3857898712158,33.7499389648438,.
49756,.,-15.8818597793579,35.1692085266113,.
49757,.,-13.4275798797607,33.2661094665527,.
49758,.,-13.8142595291138,33.0971183776855,.
49759,.,-9.96632957458496,33.9085693359375,.
49760,.,-15.2432298660278,35.2535400390625,.
49761,.,-14.950309753418,35.4952011108398,.
49762,.,-13.5561800003052,34.3863487243652,.
49763,.,-14.1527795791626,35.4116516113281,.
49764,.,-13.3797302246094,34.0458908081055,.
49765,.,-14.9658803939819,34.9858207702637,.
49766,.,-13.1838598251343,33.2934303283691,.
49767,.,-15.9335899353027,35.2047309875488,.
49768,.,-13.3847904205322,33.7668991088867,.
49769,.,-13.8142595291138,33.0971183776855,.
49770,.,-9.63403987884521,33.534969329834,.
49771,.,-13.5300798416138,33.8973693847656,.
49772,.,-13.5294399261475,34.2169609069824,.
49773,.,-10.336799621582,33.6489906311035,.
49774,.,-14.4236698150635,35.5990982055664,.
49775,.,-15.7386798858643,35.7275390625,.
49776,.,-13.8573799133301,33.3024406433105,.
49777,.,-13.8434000015259,33.4235992431641,.
49778,.,-14.3751096725464,35.0270385742188,.
49779,.,-10.9884796142578,33.7237892150879,.
49780,.,-15.8818597793579,35.1692085266113,.
49781,.,-10.9779500961304,33.9525489807129,.
49782,.,-14.4033498764038,34.2912483215332,.
49783,.,-16.1066493988037,35.3063011169434,.
49784,.,-14.4627103805542,34.0289192199707,.
49785,.,-15.9506101608276,34.8200492858887,.
49786,.,-15.9514398574829,35.0065002441406,.
49787,.,-10.8450899124146,33.9892501831055,.
49788,.,-14.6034898757935,35.1805305480957,.
49789,.,-15.3418397903442,34.8341407775879,.
49790,.,-11.4400796890259,33.9777984619141,.
49791,.,-15.4463701248169,35.4656410217285,.
49792,.,-16.0872497558594,34.999340057373,.
49793,.,-14.8480796813965,35.5307884216309,.
49794,.,-13.7048101425171,33.6004905700684,.
49795,.,-12.8649396896362,33.9219703674316,.
49796,.,-12.943320274353,34.2619590759277,.
49797,.,-15.9923696517944,35.297679901123,.
49798,.,-15.8887996673584,35.2820510864258,.
49799,.,-15.9113101959229,35.3177795410156,.
49800,.,-14.8503704071045,34.7499008178711,.
49801,.,-13.8803300857544,34.505859375,.
49802,.,-14.4132499694824,34.8205413818359,.
49803,.,-13.5187997817993,34.2733497619629,.
49804,.,-14.950309753418,35.4952011108398,.
49805,.,-15.615650177002,35.1616401672363,.
49806,.,-15.2148399353027,34.6743202209473,.
49807,.,-15.5189304351807,35.4697303771973,.
49808,.,-15.1135196685791,35.2554092407227,.
49809,.,-15.7386798858643,35.7275390625,.
49810,.,-9.69326019287109,33.2746200561523,.
49811,.,-15.6982402801514,35.299430847168,.
49812,.,-14.2476396560669,34.5322685241699,.
49813,.,-13.0677404403687,33.5782699584961,.
49814,.,-13.6323699951172,33.9716606140137,.
49815,.,-13.1838598251343,33.2934303283691,.
49816,.,-14.1222696304321,34.3262100219727,.
49817,.,-15.6357898712158,34.5645294189453,.
49818,.,-12.7051296234131,33.2996101379395,.
49819,.,-11.581130027771,34.0184516906738,.
49820,.,-14.6839303970337,35.5371513366699,.
49821,.,-16.0814800262451,35.7173309326172,.
49822,.,-14.868579864502,35.2034683227539,.
49823,.,-9.54006958007813,33.0501594543457,.
49824,.,-13.2130899429321,33.5946311950684,.
49825,.,-14.4154500961304,35.1849212646484,.
49826,.,-13.4657802581787,34.0375518798828,.
49827,.,-16.1995601654053,35.0732307434082,.
49828,.,-13.792519569397,32.8866806030273,.
49829,.,-15.9952898025513,35.2813186645508,.
49830,.,-13.399359703064,33.8680381774902,.
49831,.,-13.9555101394653,33.2108192443848,.
49832,.,-14.8351697921753,34.9066505432129,.
49833,.,-16.1900100708008,35.1304512023926,.
49834,.,-14.1084003448486,33.9774208068848,.
49835,.,-10.9029302597046,34.0634117126465,.
49836,.,-13.8464403152466,33.2362899780273,.
49837,.,-15.5903100967407,35.7436294555664,.
49838,.,-15.4633703231812,35.289249420166,.
49839,.,-13.211389541626,34.3153495788574,.
49840,.,-13.837869644165,33.0589599609375,.
49841,.,-15.9923696517944,35.297679901123,.
49842,.,-13.1383304595947,33.9057388305664,.
49843,.,-15.4881496429443,35.3296585083008,.
49844,.,-14.3138704299927,34.2398986816406,.
49845,.,-14.9616098403931,35.87451171875,.
49846,.,-13.7414503097534,32.9667587280273,.
49847,.,-15.3754796981812,35.3637008666992,.
49848,.,-13.8042497634888,33.674690246582,.
49849,.,-14.1770601272583,34.2692718505859,.
49850,.,-13.4463396072388,33.4062004089355,.
49851,.,-16.1109199523926,35.2119293212891,.
49852,.,-14.2570199966431,34.1506118774414,.
49853,.,-15.8887996673584,35.2820510864258,.
49854,.,-15.9910898208618,34.9021682739258,.
49855,.,-10.3432397842407,34.0757713317871,.
49856,.,-15.7768201828003,35.1487503051758,.
49857,.,-15.9923696517944,35.297679901123,.
49858,.,-15.0642004013062,35.171630859375,.
49859,.,-15.7735300064087,34.4424896240234,.
49860,.,-15.531060218811,34.4603614807129,.
49861,.,-15.9923696517944,35.297679901123,.
49862,.,-14.1301298141479,35.253978729248,.
49863,.,-13.3656902313232,33.4001083374023,.
49864,.,-13.6910600662231,33.7964096069336,.
49865,.,-13.7223701477051,33.8731498718262,.
49866,.,-13.9555101394653,33.2108192443848,.
49867,.,-16.1900100708008,35.1304512023926,.
49868,.,-10.2397403717041,33.6369094848633,.
49869,.,-15.3935804367065,35.2948112487793,.
49870,.,-15.5852203369141,35.200309753418,.
49871,.,-14.2544803619385,33.7594184875488,.
49872,.,-15.9335899353027,35.2047309875488,.
49873,.,-13.225040435791,33.7911911010742,.
49874,.,-12.0600004196167,34.053409576416,.
49875,.,-15.5542497634888,35.3687210083008,.
49876,.,-15.4148502349854,35.3419494628906,.
49877,.,-13.8241901397705,35.0955505371094,.
49878,.,-15.9335899353027,35.2047309875488,.
49879,.,-14.1897201538086,33.713809967041,.
49880,.,-13.7065601348877,33.7425498962402,.
49881,.,-14.9772396087646,34.9284896850586,.
49882,.,-15.5862503051758,35.0452919006348,.
49883,.,-14.978289604187,35.2451705932617,.
49884,.,-14.1249799728394,34.2055816650391,.
49885,.,-15.3680801391602,34.871940612793,.
49886,.,-16.2331504821777,35.1204109191895,.
49887,.,-14.9513101577759,34.6216316223145,.
49888,.,-14.6139001846313,35.8041381835938,.
49889,.,-15.3789300918579,35.3633308410645,.
49890,.,-14.8179597854614,35.5350799560547,.
49891,.,-15.8324403762817,35.0957717895508,.
49892,.,-15.8833303451538,35.2650184631348,.
49893,.,-15.8907403945923,34.9377784729004,.
49894,.,-13.2251996994019,33.713680267334,.
49895,.,-16.0242290496826,35.0012397766113,.
49896,.,-11.4400796890259,33.9777984619141,.
49897,.,-15.4051198959351,35.3204612731934,.
49898,.,-10.683500289917,34.1934089660645,.
49899,.,-13.6663703918457,34.1038703918457,.
49900,.,-15.6850500106812,34.932788848877,.
49901,.,-16.0200099945068,35.0729713439941,.
49902,.,-14.0359001159668,34.3325309753418,.
49903,.,-15.2898101806641,35.0452613830566,.
49904,.,-16.1218395233154,35.5467109680176,.
49905,.,-16.1900100708008,35.1304512023926,.
49906,.,-12.6483497619629,33.4777183532715,.
49907,.,-15.606559753418,34.635009765625,.
49908,.,-10.2397403717041,33.6369094848633,.
49909,.,-13.5593595504761,33.5165100097656,.
49910,.,-16.0185794830322,35.2029418945313,.
49911,.,-15.531060218811,34.4603614807129,.
49912,.,-14.7911796569824,35.5734710693359,.
49913,.,-11.3422899246216,34.1177101135254,.
49914,.,-14.9389801025391,35.0640106201172,.
49915,.,-14.8351697921753,34.9066505432129,.
49916,.,-14.3706398010254,35.306568145752,.
49917,.,-15.7625102996826,35.7987785339355,.
49918,.,-13.8449897766113,34.384090423584,.
49919,.,-16.0041103363037,35.441520690918,.
49920,.,-11.7442302703857,33.938549041748,.
49921,.,-14.7861204147339,34.744068145752,.
49922,.,-13.8142595291138,33.0971183776855,.
49923,.,-15.6879301071167,35.7680511474609,.
49924,.,-14.1811103820801,34.1434593200684,.
49925,.,-15.6445798873901,35.1619682312012,.
49926,.,-15.8737602233887,35.4349517822266,.
49927,.,-15.4037504196167,35.3303489685059,.
49928,.,-16.0041103363037,35.441520690918,.
49929,.,-14.2415199279785,33.7132911682129,.
49930,.,-14.3751096725464,35.0270385742188,.
49931,.,-15.6982402801514,35.299430847168,.
49932,.,-15.4719495773315,34.9919395446777,.
49933,.,-13.399359703064,33.8680381774902,.
49934,.,-14.7987298965454,35.0816192626953,.
49935,.,-15.6850500106812,34.932788848877,.
49936,.,-13.6894397735596,33.7582015991211,.
49937,.,-11.3145704269409,33.9706687927246,.
49938,.,-15.6660099029541,34.4734382629395,.
49939,.,-11.0051498413086,33.5626907348633,.
49940,.,-15.3981704711914,35.3510894775391,.
49941,.,-14.4236698150635,35.5990982055664,.
49942,.,-15.6624097824097,34.9623413085938,.
49943,.,-16.5737991333008,35.1119003295898,.
49944,.,-15.7023096084595,35.7064514160156,.
49945,.,-11.8008003234863,33.4245109558105,.
49946,.,-14.7861204147339,34.744068145752,.
49947,.,-15.6145095825195,35.1133499145508,.
49948,.,-15.3858404159546,34.6245803833008,.
49949,.,-15.3789300918579,35.3633308410645,.
49950,.,-15.4030103683472,34.9573783874512,.
49951,.,-15.4463701248169,35.4656410217285,.
49952,.,-16.0814800262451,35.7173309326172,.
49953,.,-13.789529800415,33.5550498962402,.
49954,.,-15.5972900390625,34.4753913879395,.
49955,.,-11.3145704269409,33.9706687927246,.
49956,.,-15.9910898208618,34.9021682739258,.
49957,.,-10.8784103393555,33.579719543457,.
49958,.,-15.0400400161743,34.8817710876465,.
49959,.,-11.2786998748779,33.5016784667969,.
49960,.,-16.0823001861572,35.4645004272461,.
49961,.,-14.1755304336548,34.8777694702148,.
49962,.,-15.3951396942139,35.2604484558105,.
49963,.,-14.4627103805542,34.0289192199707,.
49964,.,-13.6001596450806,33.9002304077148,.
49965,.,-11.5144701004028,33.4363403320313,.
49966,.,-15.7834596633911,35.2228698730469,.
49967,.,-10.2397403717041,33.6369094848633,.
49968,.,-15.1910600662231,35.0622100830078,.
49969,.,-16.9190807342529,35.2430992126465,.
49970,.,-15.7893896102905,35.3337707519531,.
49971,.,-14.1770601272583,34.2692718505859,.
49972,.,-15.7552995681763,35.6058807373047,.
49973,.,-14.8140296936035,34.6603317260742,.
49974,.,-16.0486507415771,35.224910736084,.
49975,.,-14.0878000259399,33.9263687133789,.
49976,.,-13.3567304611206,33.7945899963379,.
49977,.,-14.0370798110962,33.8024482727051,.
49978,.,-14.2476396560669,34.5322685241699,.
49979,.,-14.0428495407104,34.3045082092285,.
49980,.,-15.9514398574829,35.0065002441406,.
49981,.,-15.685170173645,34.4705200195313,.
49982,.,-14.9513101577759,34.6216316223145,.
49983,.,-14.9658803939819,34.9858207702637,.
49984,.,-15.3801403045654,35.3888893127441,.
49985,.,-13.8296298980713,33.9146995544434,.
49986,.,-10.7936897277832,34.0494499206543,.
49987,.,-11.8856601715088,34.1372718811035,.
49988,.,-15.7410297393799,35.1948089599609,.
49989,.,-9.59422016143799,33.3637504577637,.
49990,.,-16.0872497558594,34.999340057373,.
49991,.,-15.4147901535034,34.5917282104492,.
49992,.,-13.4054403305054,33.5761604309082,.
49993,.,-15.3418397903442,34.8341407775879,.
49994,.,-15.685170173645,34.4705200195313,.
49995,.,-16.1516990661621,35.2084007263184,.
49996,.,-13.5187997817993,34.2733497619629,.
49997,.,-13.4275503158569,34.2765617370605,.
49998,.,-15.7405595779419,34.3990287780762,.
49999,.,-14.1755304336548,34.8777694702148,.
50000,.,-16.2331504821777,35.1204109191895,.
50001,.,-15.9888601303101,35.4467010498047,.
50002,.,-13.7778196334839,33.8201484680176,.
50003,.,-15.8887996673584,35.2820510864258,.
50004,.,-14.0441303253174,34.4917602539063,.
50005,.,-15.8425397872925,35.240909576416,.
50006,.,-14.9513101577759,34.6216316223145,.
50007,.,-13.8296298980713,33.9146995544434,.
50008,.,-13.5300798416138,33.8973693847656,.
50009,.,-14.8282604217529,35.2134094238281,.
50010,.,-13.3579998016357,33.4899482727051,.
50011,.,-14.2234001159668,34.1374092102051,.
50012,.,-15.7428598403931,35.060001373291,.
50013,.,-12.9959602355957,33.8199501037598,.
50014,.,-14.9772396087646,34.9284896850586,.
50015,.,-14.4575099945068,34.650390625,.
50016,.,-15.956130027771,35.2426109313965,.
50017,.,-13.7906904220581,34.534740447998,.
50018,.,-12.6483497619629,33.4777183532715,.
50019,.,-11.5941400527954,34.2857818603516,.
50020,.,-15.5972900390625,34.4753913879395,.
50021,.,-14.0886898040771,34.5172805786133,.
50022,.,-14.4154500961304,35.1849212646484,.
50023,.,-15.8400201797485,35.7650718688965,.
50024,.,-14.5461902618408,34.578800201416,.
50025,.,-16.9097499847412,35.1698608398438,.
50026,.,-15.9121704101563,35.0517616271973,.
50027,.,-9.51099014282227,33.1374816894531,.
50028,.,-13.6740598678589,34.9760093688965,.
50029,.,-14.9256401062012,35.6623001098633,.
50030,.,-13.3887796401978,33.8467102050781,.
50031,.,-12.8649396896362,33.9219703674316,.
50032,.,-14.3480396270752,35.4223899841309,.
50033,.,-16.0202407836914,35.4409790039063,.
50034,.,-15.7596597671509,35.2966995239258,.
50035,.,-15.7757701873779,35.1521110534668,.
50036,.,-14.8440504074097,35.0124206542969,.
50037,.,-15.3951396942139,35.2604484558105,.
50038,.,-15.8324403762817,35.0957717895508,.
50039,.,-15.8907403945923,34.9377784729004,.
50040,.,-15.8833303451538,35.2650184631348,.
50041,.,-15.7757701873779,35.1521110534668,.
50042,.,-15.7687702178955,35.0481986999512,.
50043,.,-9.51432037353516,33.2206001281738,.
50044,.,-15.9022302627563,35.4151000976563,.
50045,.,-14.4627103805542,34.0289192199707,.
50046,.,-14.3753004074097,34.3644599914551,.
50047,.,-13.1383304595947,33.9057388305664,.
50048,.,-13.5300798416138,33.8973693847656,.
50049,.,-15.5573997497559,34.5163383483887,.
50050,.,-13.5010204315186,33.7112884521484,.
50051,.,-14.7450799942017,35.8511505126953,.
50052,.,-13.3735303878784,33.9285888671875,.
50053,.,-15.7735300064087,34.4424896240234,.
50054,.,-16.1218395233154,35.5467109680176,.
50055,.,-15.606559753418,34.635009765625,.
50056,.,-15.8425397872925,35.240909576416,.
50057,.,-15.566499710083,35.206428527832,.
50058,.,-16.1109199523926,35.2119293212891,.
50059,.,-14.4575099945068,34.650390625,.
50060,.,-16.0823001861572,35.4645004272461,.
50061,.,-15.1910600662231,35.0622100830078,.
50062,.,-14.0908498764038,34.9160003662109,.
50063,.,-12.0468702316284,33.646240234375,.
50064,.,-14.950309753418,35.4952011108398,.
50065,.,-14.6034898757935,35.1805305480957,.
50066,.,-15.5591201782227,35.3229713439941,.
50067,.,-15.0890998840332,35.490650177002,.
50068,.,-14.2735004425049,35.3831405639648,.
50069,.,-15.6982402801514,35.299430847168,.
50070,.,-15.9763097763062,35.3274383544922,.
50071,.,-15.8966798782349,35.1106605529785,.
50072,.,-16.1218395233154,35.5467109680176,.
50073,.,-16.0185794830322,35.2029418945313,.
50074,.,-16.4057903289795,34.9237289428711,.
50075,.,-13.7947797775269,34.463981628418,.
50076,.,-15.8966798782349,35.1106605529785,.
50077,.,-15.956130027771,35.2426109313965,.
50078,.,-14.2276601791382,34.2863807678223,.
50079,.,-16.0486507415771,35.224910736084,.
50080,.,-14.2735004425049,35.3831405639648,.
50081,.,-13.5010204315186,33.7112884521484,.
50082,.,-15.9514398574829,35.0065002441406,.
50083,.,-15.5968103408813,34.5047416687012,.
50084,.,-14.1376495361328,34.5063018798828,.
50085,.,-16.0764293670654,34.5844993591309,.
50086,.,-15.7405595779419,34.3990287780762,.
50087,.,-14.1301298141479,35.253978729248,.
50088,.,-15.7625102996826,35.7987785339355,.
50089,.,-14.950309753418,35.4952011108398,.
50090,.,-14.4154500961304,35.1849212646484,.
50091,.,-15.9113101959229,35.3177795410156,.
50092,.,-15.6879301071167,35.7680511474609,.
50093,.,-14.8440504074097,35.0124206542969,.
50094,.,-14.9256401062012,35.6623001098633,.
50095,.,-15.8248796463013,34.4091491699219,.
50096,.,-13.5300798416138,33.8973693847656,.
50097,.,-15.0366897583008,34.9911117553711,.
50098,.,-15.2148399353027,34.6743202209473,.
50099,.,-15.7734498977661,34.5073890686035,.
50100,.,-12.2796401977539,33.4571189880371,.
50101,.,-16.1995601654053,35.0732307434082,.
50102,.,-15.4633703231812,35.289249420166,.
50103,.,-13.4426298141479,33.0125198364258,.
50104,.,-15.9910898208618,34.9021682739258,.
50105,.,-14.3706398010254,35.306568145752,.
50106,.,-15.8248796463013,34.4091491699219,.
50107,.,-13.800609588623,33.7534790039063,.
50108,.,-15.8966798782349,35.1106605529785,.
50109,.,-13.6001596450806,33.9002304077148,.
50110,.,-14.6582202911377,35.0572395324707,.
50111,.,-15.4300804138184,35.4271011352539,.
50112,.,-15.7757701873779,35.1521110534668,.
50113,.,-14.3753004074097,34.3644599914551,.
50114,.,-15.7625102996826,35.7987785339355,.
50115,.,-14.9506397247314,34.833610534668,.
50116,.,-14.0428495407104,34.3045082092285,.
50117,.,-15.5542497634888,35.3687210083008,.
50118,.,-14.4627103805542,34.0289192199707,.
50119,.,-15.5251703262329,34.5193099975586,.
50120,.,-13.5010204315186,33.7112884521484,.
50121,.,-10.9884796142578,33.7237892150879,.
50122,.,-14.5475997924805,35.7540817260742,.
50123,.,-15.7966203689575,34.5418815612793,.
50124,.,-16.1686592102051,35.2082481384277,.
50125,.,-14.3894596099854,35.5569305419922,.
50126,.,-15.8887996673584,35.2820510864258,.
50127,.,-13.5300798416138,33.8973693847656,.
50128,.,-15.7223796844482,35.1396408081055,.
50129,.,-16.0486507415771,35.224910736084,.
50130,.,-14.3070697784424,33.6396293640137,.
50131,.,-13.4657802581787,34.0375518798828,.
50132,.,-15.8055400848389,35.1751518249512,.
50133,.,-11.0051498413086,33.5626907348633,.
50134,.,-13.8803300857544,34.505859375,.
50135,.,-12.0468702316284,33.646240234375,.
50136,.,-15.9594202041626,35.423038482666,.
50137,.,-15.5972900390625,34.4753913879395,.
50138,.,-14.3312501907349,33.9891510009766,.
50139,.,-14.6322603225708,34.6211318969727,.
50140,.,-15.6357898712158,34.5645294189453,.
50141,.,-14.4132499694824,34.8205413818359,.
50142,.,-16.1516990661621,35.2084007263184,.
50143,.,-14.0061902999878,33.3196983337402,.
50144,.,-14.7987298965454,35.0816192626953,.
50145,.,-10.336799621582,33.6489906311035,.
50146,.,-11.3789596557617,33.8708610534668,.
50147,.,-15.1384801864624,34.8334808349609,.
50148,.,-14.2735004425049,35.3831405639648,.
50149,.,-12.8630504608154,33.7195205688477,.
50150,.,-13.7203397750854,33.9900817871094,.
50151,.,-15.4000701904297,35.326488494873,.
50152,.,-14.8503704071045,34.7499008178711,.
50153,.,-11.2786998748779,33.5016784667969,.
50154,.,-15.1686601638794,35.4719390869141,.
50155,.,-14.435230255127,33.9451713562012,.
50156,.,-15.8966798782349,35.1106605529785,.
50157,.,-14.769229888916,35.1412315368652,.
50158,.,-16.1109199523926,35.2119293212891,.
50159,.,-13.9239101409912,34.5238609313965,.
50160,.,-11.3789596557617,33.8708610534668,.
50161,.,-16.1995601654053,35.0732307434082,.
50162,.,-14.8440504074097,35.0124206542969,.
50163,.,-13.4461297988892,33.8257102966309,.
50164,.,-14.7450799942017,35.8511505126953,.
50165,.,-15.9514398574829,35.0065002441406,.
50166,.,-15.7966203689575,34.5418815612793,.
50167,.,-13.8449897766113,34.384090423584,.
50168,.,-15.6806297302246,34.4072494506836,.
50169,.,-16.1536102294922,35.3490409851074,.
50170,.,-15.7893896102905,35.3337707519531,.
50171,.,-14.8789396286011,35.6135101318359,.
50172,.,-15.6660099029541,34.4734382629395,.
50173,.,-9.84584999084473,33.4064903259277,.
50174,.,-16.3051204681396,35.218620300293,.
50175,.,-15.5764999389648,35.1422386169434,.
50176,.,-15.7327499389648,34.6806716918945,.
50177,.,-13.1408195495605,33.4757614135742,.
50178,.,-12.7194404602051,33.4780197143555,.
50179,.,-15.6694297790527,34.823070526123,.
50180,.,-16.2134799957275,35.2244911193848,.
50181,.,-15.5848703384399,35.0989112854004,.
50182,.,-10.8784103393555,33.579719543457,.
50183,.,-14.8351697921753,34.9066505432129,.
50184,.,-13.3567304611206,33.7945899963379,.
50185,.,-15.9725704193115,35.3785285949707,.
50186,.,-15.615650177002,35.1616401672363,.
50187,.,-14.1527795791626,35.4116516113281,.
50188,.,-13.1010704040527,33.7375411987305,.
50189,.,-13.6740598678589,34.9760093688965,.
50190,.,-13.7463302612305,34.381519317627,.
50191,.,-13.6663703918457,34.1038703918457,.
50192,.,-15.3945198059082,35.3299789428711,.
50193,.,-11.5144701004028,33.4363403320313,.
50194,.,-14.3312501907349,33.9891510009766,.
50195,.,-13.9951601028442,33.8054313659668,.
50196,.,-13.6740598678589,34.9760093688965,.
50197,.,-13.9555101394653,33.2108192443848,.
50198,.,-15.685170173645,34.4705200195313,.
50199,.,-10.336799621582,33.6489906311035,.
50200,.,-13.4854402542114,33.2660713195801,.
50201,.,-13.1010704040527,33.7375411987305,.
50202,.,-12.2796401977539,33.4571189880371,.
50203,.,-14.2735004425049,35.3831405639648,.
50204,.,-14.0718097686768,33.8645515441895,.
50205,.,-14.4575099945068,34.650390625,.
50206,.,-13.6401195526123,33.1221313476563,.
50207,.,-13.3529195785522,33.9108009338379,.
50208,.,-13.688850402832,32.8800582885742,.
50209,.,-14.3312501907349,33.9891510009766,.
50210,.,-13.789529800415,33.5550498962402,.
50211,.,-15.0366897583008,34.9911117553711,.
50212,.,-15.5747604370117,34.4779510498047,.
50213,.,-16.1218395233154,35.5467109680176,.
50214,.,-14.1755304336548,34.8777694702148,.
50215,.,-14.6034898757935,35.1805305480957,.
50216,.,-14.0878000259399,33.9263687133789,.
50217,.,-16.0185794830322,35.2029418945313,.
50218,.,-12.5437498092651,34.0588111877441,.
50219,.,-15.2448196411133,34.904541015625,.
50220,.,-15.486180305481,34.6078796386719,.
50221,.,-15.3789300918579,35.3633308410645,.
50222,.,-17.005220413208,35.0824699401855,.
50223,.,-11.3962297439575,34.0061683654785,.
50224,.,-15.5852203369141,35.200309753418,.
50225,.,-15.8907403945923,34.9377784729004,.
50226,.,-13.9607200622559,33.5564002990723,.
50227,.,-13.6418104171753,33.3506202697754,.
50228,.,-12.1935501098633,33.6799583435059,.
50229,.,-15.3837299346924,35.3004302978516,.
50230,.,-15.8248796463013,34.4091491699219,.
50231,.,-15.4051198959351,35.3204612731934,.
50232,.,-15.4300804138184,35.4271011352539,.
50233,.,-13.9239101409912,34.5238609313965,.
50234,.,-13.7906904220581,34.534740447998,.
50235,.,-14.435230255127,33.9451713562012,.
50236,.,-15.4148502349854,35.3419494628906,.
50237,.,-14.0559501647949,33.7145195007324,.
50238,.,-15.4081401824951,35.3423118591309,.
50239,.,-16.8182201385498,35.2997207641602,.
50240,.,-14.2415199279785,33.7132911682129,.
50241,.,-14.3070697784424,33.6396293640137,.
50242,.,-15.8019895553589,35.265380859375,.
50243,.,-13.7947797775269,34.463981628418,.
50244,.,-15.2645597457886,35.3688087463379,.
50245,.,-11.5842599868774,34.2254219055176,.
50246,.,-15.3951396942139,35.2604484558105,.
50247,.,-16.3051204681396,35.218620300293,.
50248,.,-15.3204002380371,35.2476501464844,.
50249,.,-16.1988506317139,35.0076293945313,.
50250,.,-12.5437498092651,34.0588111877441,.
50251,.,-11.4277896881104,34.0173797607422,.
50252,.,-12.5437498092651,34.0588111877441,.
50253,.,-15.4468402862549,35.0949592590332,.
50254,.,-15.5852203369141,35.200309753418,.
50255,.,-15.5764999389648,35.1422386169434,.
50256,.,-15.8019895553589,35.265380859375,.
50257,.,-15.3873596191406,35.0263595581055,.
50258,.,-15.9952898025513,35.2813186645508,.
50259,.,-15.6445798873901,35.1619682312012,.
50260,.,-15.9923696517944,35.297679901123,.
50261,.,-15.2645597457886,35.3688087463379,.
50262,.,-15.4633703231812,35.289249420166,.
50263,.,-15.4827699661255,35.2339515686035,.
50264,.,-15.3204002380371,35.2476501464844,.
50265,.,-9.70057010650635,33.2391700744629,.
50266,.,-15.5852203369141,35.200309753418,.
50267,.,-15.3899297714233,35.174430847168,.
50268,.,-13.3735303878784,33.9285888671875,.
50269,.,-17.005220413208,35.0824699401855,.
50270,.,-13.8006896972656,34.4177589416504,.
50271,.,-15.3899297714233,35.174430847168,.
50272,.,-15.4300804138184,35.4271011352539,.
50273,.,-15.3899297714233,35.174430847168,.
50274,.,-15.486180305481,34.6078796386719,.
50275,.,-15.3776798248291,35.3586502075195,.
50276,.,-15.8887996673584,35.2820510864258,.
50277,.,-15.8887996673584,35.2820510864258,.
50278,.,-15.4300804138184,35.4271011352539,.
50279,.,-13.8803300857544,34.505859375,.
50280,.,-12.735179901123,34.1727981567383,.
50281,.,-16.9097499847412,35.1698608398438,.
50282,.,-14.0500202178955,34.1231002807617,.
50283,.,-16.2134799957275,35.2244911193848,.
50284,.,-15.397910118103,34.6706314086914,.
50285,.,-10.9779500961304,33.9525489807129,.
50286,.,-12.5437498092651,34.0588111877441,.
50287,.,-16.3654403686523,35.1124382019043,.
50288,.,-11.7562599182129,33.4206886291504,.
50289,.,-16.9097499847412,35.1698608398438,.
50290,.,-15.2972402572632,35.4795913696289,.
50291,.,-15.3776798248291,35.3586502075195,.
50292,.,-14.1755304336548,34.8777694702148,.
50293,.,-13.3213500976563,33.509220123291,.
50294,.,-14.1084003448486,33.9774208068848,.
50295,.,-15.6169395446777,35.6684417724609,.
50296,.,-16.9097499847412,35.1698608398438,.
50297,.,-15.9022302627563,35.4151000976563,.
50298,.,-15.5968103408813,34.5047416687012,.
50299,.,-13.530179977417,33.7944107055664,.
50300,.,-12.4971504211426,34.1713104248047,.
50301,.,-14.60671043396,34.7633094787598,.
50302,.,-13.4309701919556,34.2332305908203,.
50303,.,-15.8907403945923,34.9377784729004,.
50304,.,-13.5010204315186,33.7112884521484,.
50305,.,-12.8630504608154,33.7195205688477,.
50306,.,-9.69326019287109,33.2746200561523,.
50307,.,-16.1072902679443,34.8353881835938,.
50308,.,-13.8042497634888,33.674690246582,.
50309,.,-13.7042303085327,32.8480491638184,.
50310,.,-15.1287298202515,35.4508514404297,.
50311,.,-14.3706398010254,35.306568145752,.
50312,.,-13.6001596450806,33.9002304077148,.
50313,.,-9.59422016143799,33.3637504577637,.
50314,.,-13.7393198013306,34.1567306518555,.
50315,.,-15.9121704101563,35.0517616271973,.
50316,.,-10.9282903671265,33.9354782104492,.
50317,.,-13.9888496398926,33.0356101989746,.
50318,.,-11.2786998748779,33.5016784667969,.
50319,.,-13.6125202178955,33.228630065918,.
50320,.,-16.1988506317139,35.0076293945313,.
50321,.,-13.9383296966553,34.5154800415039,.
50322,.,-13.7920503616333,33.2354698181152,.
50323,.,-14.0522203445435,33.4851112365723,.
50324,.,-13.4657802581787,34.0375518798828,.
50325,.,-12.0600004196167,34.053409576416,.
50326,.,-14.4236698150635,35.5990982055664,.
50327,.,-13.9607200622559,33.5564002990723,.
50328,.,-13.6663703918457,34.1038703918457,.
50329,.,-12.8140296936035,34.2050094604492,.
50330,.,-16.3838901519775,35.1765785217285,.
50331,.,-11.3145704269409,33.9706687927246,.
50332,.,-11.6905899047852,34.088451385498,.
50333,.,-14.0718097686768,33.8645515441895,.
50334,.,-9.52412033081055,33.2785797119141,.
50335,.,-9.39844036102295,33.0153388977051,.
50336,.,-16.0200099945068,35.0729713439941,.
50337,.,-13.7947797775269,34.463981628418,.
50338,.,-12.9611902236938,34.2550086975098,.
50339,.,-14.1254396438599,33.6027183532715,.
50340,.,-15.3418397903442,34.8341407775879,.
50341,.,-13.0454502105713,34.2270393371582,.
50342,.,-15.3704395294189,35.3613815307617,.
50343,.,-15.3873596191406,35.0263595581055,.
50344,.,-13.0108995437622,33.5837593078613,.
50345,.,-13.432089805603,33.9660301208496,.
50346,.,-15.6411199569702,35.7080192565918,.
50347,.,-13.2097597122192,34.2166786193848,.
50348,.,-15.1686601638794,35.4719390869141,.
50349,.,-15.4881496429443,35.3296585083008,.
50350,.,-9.54006958007813,33.0501594543457,.
50351,.,-15.0496997833252,35.2010116577148,.
50352,.,-15.6405296325684,35.179931640625,.
50353,.,-15.615650177002,35.1616401672363,.
50354,.,-15.8400201797485,35.7650718688965,.
50355,.,-13.4275798797607,33.2661094665527,.
50356,.,-13.2268600463867,33.8662605285645,.
50357,.,-14.5475997924805,35.7540817260742,.
50358,.,-11.4170999526978,33.6656112670898,.
50359,.,-11.5144500732422,33.5005111694336,.
50360,.,-14.3731002807617,33.9071617126465,.
50361,.,-14.2476396560669,34.5322685241699,.
50362,.,-14.769229888916,35.1412315368652,.
50363,.,-13.8006896972656,34.4177589416504,.
50364,.,-15.1808700561523,35.3272895812988,.
50365,.,-14.7987298965454,35.0816192626953,.
50366,.,-12.3386297225952,34.0457000732422,.
50367,.,-15.566499710083,35.206428527832,.
50368,.,-14.3807601928711,34.3367881774902,.
50369,.,-13.691969871521,34.4607887268066,.
50370,.,-15.4030103683472,34.9573783874512,.
50371,.,-14.7861204147339,34.744068145752,.
50372,.,-14.0225801467896,33.828670501709,.
50373,.,-14.480580329895,34.6474609375,.
50374,.,-13.1383304595947,33.9057388305664,.
50375,.,-16.0242290496826,35.0012397766113,.
50376,.,-13.9555101394653,33.2108192443848,.
50377,.,-15.1808700561523,35.3272895812988,.
50378,.,-9.84584999084473,33.4064903259277,.
50379,.,-14.3020601272583,34.674560546875,.
50380,.,-15.7893896102905,35.3337707519531,.
50381,.,-15.1424798965454,34.9976387023926,.
50382,.,-14.4861698150635,34.4703102111816,.
50383,.,-13.2934198379517,33.5790786743164,.
50384,.,-14.655369758606,35.8396492004395,.
50385,.,-13.4854402542114,33.2660713195801,.
50386,.,-9.84584999084473,33.4064903259277,.
50387,.,-16.9645309448242,35.2086181640625,.
50388,.,-13.225040435791,33.7911911010742,.
50389,.,-14.8179597854614,35.5350799560547,.
50390,.,-11.6278800964355,34.1766014099121,.
50391,.,-13.7463302612305,34.381519317627,.
50392,.,-11.5144701004028,33.4363403320313,.
50393,.,-9.99917030334473,33.426700592041,.
50394,.,-16.0200099945068,35.0729713439941,.
50395,.,-10.9282903671265,33.9354782104492,.
50396,.,-11.9682703018188,34.0801391601563,.
50397,.,-11.4060697555542,33.990909576416,.
50398,.,-10.1529998779297,34.0250015258789,.
50399,.,-9.71765041351318,33.3931312561035,.
50400,.,-12.7194404602051,33.4780197143555,.
50401,.,-14.8440504074097,35.0124206542969,.
50402,.,-15.7428598403931,35.060001373291,.
50403,.,-15.4300804138184,35.4271011352539,.
50404,.,-11.4060697555542,33.990909576416,.
50405,.,-14.4811496734619,35.0109100341797,.
50406,.,-15.1686601638794,35.4719390869141,.
50407,.,-13.9888496398926,33.0356101989746,.
50408,.,-15.8818597793579,35.1692085266113,.
50409,.,-15.6884098052979,34.5192794799805,.
50410,.,-12.0468702316284,33.646240234375,.
50411,.,-15.7552995681763,35.6058807373047,.
50412,.,-15.403829574585,35.3195304870605,.
50413,.,-15.6145095825195,35.1133499145508,.
50414,.,-13.9478797912598,33.8127708435059,.
50415,.,-13.3802700042725,34.1984214782715,.
50416,.,-13.3342800140381,33.8982086181641,.
50417,.,-15.1910600662231,35.0622100830078,.
50418,.,-10.9604902267456,33.7546997070313,.
50419,.,-15.4148502349854,35.3419494628906,.
50420,.,-11.4480495452881,34.0106315612793,.
50421,.,-12.7848997116089,33.6926002502441,.
50422,.,-15.4070596694946,35.0435218811035,.
50423,.,-12.8649396896362,33.9219703674316,.
50424,.,-15.4949197769165,35.6419296264648,.
50425,.,-13.5738096237183,34.3303413391113,.
50426,.,-13.4461297988892,33.8257102966309,.
50427,.,-13.3342800140381,33.8982086181641,.
50428,.,-11.9682703018188,34.0801391601563,.
50429,.,-14.868579864502,35.2034683227539,.
50430,.,-13.3567304611206,33.7945899963379,.
50431,.,-12.9611902236938,34.2550086975098,.
50432,.,-15.0667896270752,35.3475112915039,.
50433,.,-15.9022302627563,35.4151000976563,.
50434,.,-14.9917001724243,34.7631187438965,.
50435,.,-13.7393198013306,34.1567306518555,.
50436,.,-13.800609588623,33.7534790039063,.
50437,.,-14.0559501647949,33.7145195007324,.
50438,.,-13.9464302062988,33.7152709960938,.
50439,.,-14.8277702331543,35.7442016601563,.
50440,.,-13.2268600463867,33.8662605285645,.
50441,.,-13.0519399642944,33.4975204467773,.
50442,.,-13.3579998016357,33.4899482727051,.
50443,.,-15.3899297714233,35.174430847168,.
50444,.,-14.8789396286011,35.6135101318359,.
50445,.,-11.5567302703857,34.1672286987305,.
50446,.,-15.0869998931885,34.6039085388184,.
50447,.,-13.7768898010254,34.4567108154297,.
50448,.,-13.7906904220581,34.534740447998,.
50449,.,-12.6098203659058,33.5945816040039,.
50450,.,-12.5109395980835,33.4832801818848,.
50451,.,-15.4156999588013,35.3074989318848,.
50452,.,-15.8416004180908,35.7917098999023,.
50453,.,-12.4417695999146,33.7865180969238,.
50454,.,-12.5109395980835,33.4832801818848,.
50455,.,-12.5109395980835,33.4832801818848,.
50456,.,-15.8451700210571,35.0351982116699,.
50457,.,-13.5345401763916,32.8610496520996,.
50458,.,-13.3430795669556,33.9630699157715,.
50459,.,-15.4468402862549,35.0949592590332,.
50460,.,-15.6145095825195,35.1133499145508,.
50461,.,-13.6208200454712,33.8025588989258,.
50462,.,-14.6386604309082,34.5562591552734,.
50463,.,-14.0441303253174,34.4917602539063,.
50464,.,-13.1383304595947,33.9057388305664,.
50465,.,-14.9658803939819,34.9858207702637,.
50466,.,-15.3935804367065,35.2948112487793,.
50467,.,-17.005220413208,35.0824699401855,.
50468,.,-13.7048101425171,33.6004905700684,.
50469,.,-15.6445798873901,35.1619682312012,.
50470,.,-13.9479303359985,33.7437515258789,.
50471,.,-15.0667896270752,35.3475112915039,.
50472,.,-14.2028999328613,33.7443809509277,.
50473,.,-15.7885503768921,35.608829498291,.
50474,.,-15.6850500106812,34.932788848877,.
50475,.,-13.5187997817993,34.2733497619629,.
50476,.,-14.2135200500488,35.0271186828613,.
50477,.,-14.3894596099854,35.5569305419922,.
50478,.,-12.9386396408081,34.2872314453125,.
50479,.,-12.3325996398926,34.0191116333008,.
50480,.,-13.3027095794678,34.1166305541992,.
50481,.,-15.5591201782227,35.3229713439941,.
50482,.,-15.7614498138428,34.4197387695313,.
50483,.,-9.9494104385376,33.9434700012207,.
50484,.,-14.2570199966431,34.1506118774414,.
50485,.,-15.7327499389648,34.6806716918945,.
50486,.,-14.5439701080322,35.3408889770508,.
50487,.,-14.1897201538086,33.713809967041,.
50488,.,-15.2448196411133,34.904541015625,.
50489,.,-16.0681095123291,34.8623199462891,.
50490,.,-13.9888496398926,33.0356101989746,.
50491,.,-14.5439701080322,35.3408889770508,.
50492,.,-13.2130899429321,33.5946311950684,.
50493,.,-13.688850402832,32.8800582885742,.
50494,.,-15.4030103683472,34.9573783874512,.
50495,.,-10.9884796142578,33.7237892150879,.
50496,.,-16.1979999542236,34.7387084960938,.
50497,.,-16.1218395233154,35.5467109680176,.
50498,.,-14.1755304336548,34.8777694702148,.
50499,.,-15.7405595779419,34.3990287780762,.
50500,.,-9.69326019287109,33.2746200561523,.
50501,.,-15.0639295578003,34.8932304382324,.
50502,.,-13.7837696075439,34.6010894775391,.
50503,.,-11.6278800964355,34.1766014099121,.
50504,.,-13.5675897598267,32.8633308410645,.
50505,.,-13.5593595504761,33.5165100097656,.
50506,.,-15.4468402862549,35.0949592590332,.
50507,.,-15.7885503768921,35.608829498291,.
50508,.,-15.4300804138184,35.4271011352539,.
50509,.,-14.6034898757935,35.1805305480957,.
50510,.,-14.1222696304321,34.3262100219727,.
50511,.,-14.7450799942017,35.8511505126953,.
50512,.,-15.1424798965454,34.9976387023926,.
50513,.,-11.6278800964355,34.1766014099121,.
50514,.,-14.3807601928711,34.3367881774902,.
50515,.,-15.7885503768921,35.608829498291,.
50516,.,-15.4070596694946,35.0435218811035,.
50517,.,-9.59422016143799,33.3637504577637,.
50518,.,-12.4971504211426,34.1713104248047,.
50519,.,-16.3051204681396,35.218620300293,.
50520,.,-15.5852203369141,35.200309753418,.
50521,.,-15.5251703262329,34.5193099975586,.
50522,.,-13.4842395782471,33.8846397399902,.
50523,.,-13.3887796401978,33.8467102050781,.
50524,.,-13.232569694519,33.8411712646484,.
50525,.,-15.4637298583984,34.6597213745117,.
50526,.,-11.0122699737549,33.851261138916,.
50527,.,-15.5903100967407,35.7436294555664,.
50528,.,-15.7246599197388,35.0708198547363,.
50529,.,-16.066930770874,35.0717010498047,.
50530,.,-14.0522203445435,33.4851112365723,.
50531,.,-15.7834596633911,35.2228698730469,.
50532,.,-14.8282604217529,35.2134094238281,.
50533,.,-15.8575096130371,34.9538307189941,.
50534,.,-13.5675897598267,32.8633308410645,.
50535,.,-11.7442302703857,33.938549041748,.
50536,.,-15.1095199584961,35.5335388183594,.
50537,.,-12.3325996398926,34.0191116333008,.
50538,.,-14.7987298965454,35.0816192626953,.
50539,.,-15.6445798873901,35.1619682312012,.
50540,.,-13.1488704681396,34.3321990966797,.
50541,.,-11.9890403747559,33.5845489501953,.
50542,.,-13.6323699951172,33.9716606140137,.
50543,.,-12.4417695999146,33.7865180969238,.
50544,.,-14.9917001724243,34.7631187438965,.
50545,.,-13.399359703064,33.8680381774902,.
50546,.,-11.3789596557617,33.8708610534668,.
50547,.,-13.4275503158569,34.2765617370605,.
50548,.,-14.0428495407104,34.3045082092285,.
50549,.,-15.0400400161743,34.8817710876465,.
50550,.,-14.8140296936035,34.6603317260742,.
50551,.,-13.6001596450806,33.9002304077148,.
50552,.,-13.8853302001953,33.7500991821289,.
50553,.,-15.6405296325684,35.179931640625,.
50554,.,-15.8019895553589,35.265380859375,.
50555,.,-14.655369758606,35.8396492004395,.
50556,.,-16.0681095123291,34.8623199462891,.
50557,.,-15.8367395401001,35.0361213684082,.
50558,.,-11.3145704269409,33.9706687927246,.
50559,.,-15.4147901535034,34.5917282104492,.
50560,.,-10.9779500961304,33.9525489807129,.
50561,.,-16.7237205505371,34.9400787353516,.
50562,.,-11.9682703018188,34.0801391601563,.
50563,.,-10.4524898529053,34.2000503540039,.
50564,.,-13.1838598251343,33.2934303283691,.
50565,.,-15.3704395294189,35.3613815307617,.
50566,.,-15.7710800170898,35.065788269043,.
50567,.,-13.837869644165,33.0589599609375,.
50568,.,-15.5903100967407,35.7436294555664,.
50569,.,-15.3776798248291,35.3586502075195,.
50570,.,-15.5251703262329,34.5193099975586,.
50571,.,-15.1384801864624,34.8334808349609,.
50572,.,-15.3954000473022,34.8364486694336,.
50573,.,-15.7023096084595,35.7064514160156,.
50574,.,-13.9555101394653,33.2108192443848,.
50575,.,-15.3680801391602,34.871940612793,.
50576,.,-13.6294002532959,32.934009552002,.
50577,.,-15.8671903610229,35.8014717102051,.
50578,.,-15.6145095825195,35.1133499145508,.
50579,.,-15.1095199584961,35.5335388183594,.
50580,.,-15.5591201782227,35.3229713439941,.
50581,.,-15.1808700561523,35.3272895812988,.
50582,.,-13.432089805603,33.9660301208496,.
50583,.,-9.71450996398926,33.2912483215332,.
50584,.,-10.3372097015381,34.1788101196289,.
50585,.,-15.2645597457886,35.3688087463379,.
50586,.,-15.7701597213745,35.0045700073242,.
50587,.,-14.6582202911377,35.0572395324707,.
50588,.,-12.7848997116089,33.6926002502441,.
50589,.,-12.6483497619629,33.4777183532715,.
50590,.,-14.9263200759888,35.0874214172363,.
50591,.,-13.5187997817993,34.2733497619629,.
50592,.,-14.3713598251343,34.1142196655273,.
50593,.,-16.1072902679443,34.8353881835938,.
50594,.,-14.730019569397,34.6091690063477,.
50595,.,-13.4854402542114,33.2660713195801,.
50596,.,-15.5305795669556,35.2582893371582,.
50597,.,-15.5305795669556,35.2582893371582,.
50598,.,-9.96632957458496,33.9085693359375,.
50599,.,-15.7514801025391,35.682071685791,.
50600,.,-14.2934999465942,33.8274688720703,.
50601,.,-15.7223796844482,35.1396408081055,.
50602,.,-14.6386604309082,34.5562591552734,.
50603,.,-13.4309701919556,34.2332305908203,.
50604,.,-11.2786998748779,33.5016784667969,.
50605,.,-13.7203397750854,33.9900817871094,.
50606,.,-15.5972900390625,34.4753913879395,.
50607,.,-10.2397403717041,33.6369094848633,.
50608,.,-13.4275798797607,33.2661094665527,.
50609,.,-14.8277702331543,35.7442016601563,.
50610,.,-15.0400400161743,34.8817710876465,.
50611,.,-11.7442302703857,33.938549041748,.
50612,.,-15.6879301071167,35.7680511474609,.
50613,.,-13.7837696075439,34.6010894775391,.
50614,.,-10.9642200469971,33.5910186767578,.
50615,.,-14.9389801025391,35.0640106201172,.
50616,.,-15.7012796401978,35.3775901794434,.
50617,.,-13.7778196334839,33.8201484680176,.
50618,.,-15.8137798309326,35.0007514953613,.
50619,.,-14.950309753418,35.4952011108398,.
50620,.,-13.417140007019,34.0313301086426,.
50621,.,-14.9658803939819,34.9858207702637,.
50622,.,-10.8140802383423,34.0060806274414,.
50623,.,-14.480580329895,34.6474609375,.
50624,.,-15.0352201461792,35.5046997070313,.
50625,.,-15.7735300064087,34.4424896240234,.
50626,.,-15.4156999588013,35.3074989318848,.
50627,.,-12.3386297225952,34.0457000732422,.
50628,.,-14.0061902999878,33.3196983337402,.
50629,.,-11.4543800354004,34.027400970459,.
50630,.,-14.7290496826172,35.5430793762207,.
50631,.,-15.0642004013062,35.171630859375,.
50632,.,-14.2570199966431,34.1506118774414,.
50633,.,-14.1483402252197,33.8457794189453,.
50634,.,-15.8671903610229,35.8014717102051,.
50635,.,-14.5461902618408,34.578800201416,.
50636,.,-13.3857898712158,33.7499389648438,.
50637,.,-11.581130027771,34.0184516906738,.
50638,.,-13.7203397750854,33.9900817871094,.
50639,.,-14.7784204483032,35.8010101318359,.
50640,.,-15.6957302093506,34.513801574707,.
50641,.,-14.9917001724243,34.7631187438965,.
50642,.,-10.8784103393555,33.579719543457,.
50643,.,-9.70057010650635,33.2391700744629,.
50644,.,-16.7237205505371,34.9400787353516,.
50645,.,-16.7237205505371,34.9400787353516,.
50646,.,-16.0486507415771,35.224910736084,.
50647,.,-12.9959602355957,33.8199501037598,.
50648,.,-14.60671043396,34.7633094787598,.
50649,.,-14.9772396087646,34.9284896850586,.
50650,.,-11.9682703018188,34.0801391601563,.
50651,.,-15.7023096084595,35.7064514160156,.
50652,.,-13.7334995269775,33.1918296813965,.
50653,.,-11.3422899246216,34.1177101135254,.
50654,.,-15.5473899841309,34.7234001159668,.
50655,.,-15.6405296325684,35.179931640625,.
50656,.,-12.7848997116089,33.6926002502441,.
50657,.,-12.4971504211426,34.1713104248047,.
50658,.,-13.7203397750854,33.9900817871094,.
50659,.,-15.8400201797485,35.7650718688965,.
50660,.,-14.8277702331543,35.7442016601563,.
50661,.,-14.9658803939819,34.9858207702637,.
50662,.,-14.6618604660034,34.7683982849121,.
50663,.,-13.1408195495605,33.4757614135742,.
50664,.,-9.71765041351318,33.3931312561035,.
50665,.,-14.7217798233032,34.9384994506836,.
50666,.,-16.1066493988037,35.3063011169434,.
50667,.,-12.8904304504395,33.5020713806152,.
50668,.,-11.6905899047852,34.088451385498,.
50669,.,-16.3838901519775,35.1765785217285,.
50670,.,-14.1222696304321,34.3262100219727,.
50671,.,-15.3933801651001,35.3365783691406,.
50672,.,-13.7042303085327,32.8480491638184,.
50673,.,-13.0677404403687,33.5782699584961,.
50674,.,-14.6034898757935,35.1805305480957,.
50675,.,-10.8784103393555,33.579719543457,.
50676,.,-13.4187698364258,33.6028785705566,.
50677,.,-16.1975402832031,34.9277992248535,.
50678,.,-15.4633703231812,35.289249420166,.
50679,.,-15.0352201461792,35.5046997070313,.
50680,.,-13.6894397735596,33.7582015991211,.
50681,.,-14.0500202178955,34.1231002807617,.
50682,.,-15.8248796463013,34.4091491699219,.
50683,.,-10.2397403717041,33.6369094848633,.
50684,.,-9.84584999084473,33.4064903259277,.
50685,.,-10.6501703262329,34.1078186035156,.
50686,.,-15.4030103683472,34.9573783874512,.
50687,.,-13.837869644165,33.0589599609375,.
50688,.,-15.7223796844482,35.1396408081055,.
50689,.,-13.5738096237183,34.3303413391113,.
50690,.,-9.74543952941895,33.8212013244629,.
50691,.,-13.2251996994019,33.713680267334,.
50692,.,-13.6910600662231,33.7964096069336,.
50693,.,-10.4913902282715,34.1384582519531,.
50694,.,-13.3430795669556,33.9630699157715,.
50695,.,-15.5189304351807,35.4697303771973,.
50696,.,-11.3422899246216,34.1177101135254,.
50697,.,-13.8296298980713,33.9146995544434,.
50698,.,-13.7582302093506,32.8477096557617,.
50699,.,-12.2150497436523,33.4475898742676,.
50700,.,-11.4496898651123,33.9781188964844,.
50701,.,-14.1897201538086,33.713809967041,.
50702,.,-11.3422899246216,34.1177101135254,.
50703,.,-13.3857898712158,33.7499389648438,.
50704,.,-10.9779500961304,33.9525489807129,.
50705,.,-13.4463396072388,33.4062004089355,.
50706,.,-15.7223796844482,35.1396408081055,.
50707,.,-15.7885503768921,35.608829498291,.
50708,.,-13.1833600997925,33.8633995056152,.
50709,.,-14.7450799942017,35.8511505126953,.
50710,.,-12.1007499694824,33.3503799438477,.
50711,.,-13.9996204376221,33.7579383850098,.
50712,.,-10.3432397842407,34.0757713317871,.
50713,.,-15.9910898208618,34.9021682739258,.
50714,.,-15.1384801864624,34.8334808349609,.
50715,.,-15.0667896270752,35.3475112915039,.
50716,.,-15.0642004013062,35.171630859375,.
50717,.,-15.4156999588013,35.3074989318848,.
50718,.,-14.3713598251343,34.1142196655273,.
50719,.,-13.7414503097534,32.9667587280273,.
50720,.,-13.6740598678589,34.9760093688965,.
50721,.,-15.8400201797485,35.7650718688965,.
50722,.,-12.4123201370239,34.0143203735352,.
50723,.,-15.9113101959229,35.3177795410156,.
50724,.,-13.3857898712158,33.7499389648438,.
50725,.,-12.6419296264648,34.1667709350586,.
50726,.,-16.0667095184326,35.1309394836426,.
50727,.,-15.7327499389648,34.6806716918945,.
50728,.,-9.9494104385376,33.9434700012207,.
50729,.,-15.8314800262451,35.11669921875,.
50730,.,-15.8398103713989,35.010311126709,.
50731,.,-15.6405296325684,35.179931640625,.
50732,.,-11.6278800964355,34.1766014099121,.
50733,.,-11.7442302703857,33.938549041748,.
50734,.,-14.8128795623779,34.627498626709,.
50735,.,-13.3567304611206,33.7945899963379,.
50736,.,-14.1483402252197,33.8457794189453,.
50737,.,-15.0869998931885,34.6039085388184,.
50738,.,-14.730019569397,34.6091690063477,.
50739,.,-14.1254396438599,33.6027183532715,.
50740,.,-16.9097499847412,35.1698608398438,.
50741,.,-15.7223796844482,35.1396408081055,.
50742,.,-15.7893896102905,35.3337707519531,.
50743,.,-16.0200099945068,35.0729713439941,.
50744,.,-14.8128795623779,34.627498626709,.
50745,.,-14.8128795623779,34.627498626709,.
50746,.,-11.6278800964355,34.1766014099121,.
50747,.,-14.2028999328613,33.7443809509277,.
50748,.,-14.435230255127,33.9451713562012,.
50749,.,-9.69326019287109,33.2746200561523,.
50750,.,-15.9121704101563,35.0517616271973,.
50751,.,-13.1833600997925,33.8633995056152,.
50752,.,-17.0656795501709,35.1667900085449,.
50753,.,-14.4811496734619,35.0109100341797,.
50754,.,-15.4949197769165,35.6419296264648,.
50755,.,-10.7936897277832,34.0494499206543,.
50756,.,-16.2134799957275,35.2244911193848,.
50757,.,-15.6660099029541,34.4734382629395,.
50758,.,-15.1384801864624,34.8334808349609,.
50759,.,-13.7042303085327,32.8480491638184,.
50760,.,-15.7012796401978,35.3775901794434,.
50761,.,-13.3868198394775,33.1138305664063,.
50762,.,-13.8985395431519,32.9834785461426,.
50763,.,-13.6910600662231,33.7964096069336,.
50764,.,-14.8140296936035,34.6603317260742,.
50765,.,-13.6096696853638,34.1945495605469,.
50766,.,-14.9837598800659,35.1711616516113,.
50767,.,-14.2735004425049,35.3831405639648,.
50768,.,-12.8140296936035,34.2050094604492,.
50769,.,-14.3070697784424,33.6396293640137,.
50770,.,-14.7861204147339,34.744068145752,.
50771,.,-14.2415199279785,33.7132911682129,.
50772,.,-15.397910118103,34.6706314086914,.
50773,.,-10.7936897277832,34.0494499206543,.
50774,.,-12.8630504608154,33.7195205688477,.
50775,.,-15.8887996673584,35.2820510864258,.
50776,.,-13.1010704040527,33.7375411987305,.
50777,.,-13.8464403152466,33.2362899780273,.
50778,.,-15.8055400848389,35.1751518249512,.
50779,.,-15.5251703262329,34.5193099975586,.
50780,.,-11.0198497772217,33.7740211486816,.
50781,.,-15.1686601638794,35.4719390869141,.
50782,.,-15.9594202041626,35.423038482666,.
50783,.,-14.9917001724243,34.7631187438965,.
50784,.,-15.1424798965454,34.9976387023926,.
50785,.,-13.6910600662231,33.7964096069336,.
50786,.,-16.2331504821777,35.1204109191895,.
50787,.,-12.2796401977539,33.4571189880371,.
50788,.,-15.8042497634888,34.9553718566895,.
50789,.,-15.5852203369141,35.200309753418,.
50790,.,-15.2645597457886,35.3688087463379,.
50791,.,-15.3985795974731,35.3349304199219,.
50792,.,-14.0441303253174,34.4917602539063,.
50793,.,-15.1808700561523,35.3272895812988,.
50794,.,-11.581130027771,34.0184516906738,.
50795,.,-15.7367000579834,35.0765686035156,.
50796,.,-15.5888204574585,34.5071792602539,.
50797,.,-10.8784103393555,33.579719543457,.
50798,.,-11.6278800964355,34.1766014099121,.
50799,.,-14.7784204483032,35.8010101318359,.
50800,.,-15.6694297790527,34.823070526123,.
50801,.,-16.0823001861572,35.4645004272461,.
50802,.,-12.1935501098633,33.6799583435059,.
50803,.,-14.9981203079224,35.1205902099609,.
50804,.,-13.3868198394775,33.1138305664063,.
50805,.,-15.7552995681763,35.6058807373047,.
50806,.,-15.3156604766846,34.6679496765137,.
50807,.,-13.691969871521,34.4607887268066,.
50808,.,-16.1536102294922,35.3490409851074,.
50809,.,-13.3735303878784,33.9285888671875,.
50810,.,-15.6411199569702,35.7080192565918,.
50811,.,-15.7461500167847,35.6137199401855,.
50812,.,-14.4627103805542,34.0289192199707,.
50813,.,-13.7393198013306,34.1567306518555,.
50814,.,-13.3847904205322,33.7668991088867,.
50815,.,-15.5852203369141,35.200309753418,.
50816,.,-16.0200099945068,35.0729713439941,.
50817,.,-9.86328983306885,33.6397018432617,.
50818,.,-13.1838598251343,33.2934303283691,.
50819,.,-10.9282903671265,33.9354782104492,.
50820,.,-15.3873596191406,35.0263595581055,.
50821,.,-17.0281391143799,35.2416610717773,.
50822,.,-15.4949197769165,35.6419296264648,.
50823,.,-10.9642200469971,33.5910186767578,.
50824,.,-13.0690603256226,33.3929710388184,.
50825,.,-9.69204998016357,33.2803802490234,.
50826,.,-14.7290496826172,35.5430793762207,.
50827,.,-12.735179901123,34.1727981567383,.
50828,.,-15.5591201782227,35.3229713439941,.
50829,.,-13.7414503097534,32.9667587280273,.
50830,.,-13.3797302246094,34.0458908081055,.
50831,.,-13.3430795669556,33.9630699157715,.
50832,.,-14.2415199279785,33.7132911682129,.
50833,.,-16.0185794830322,35.2029418945313,.
50834,.,-11.0051498413086,33.5626907348633,.
50835,.,-14.4744300842285,35.2739791870117,.
50836,.,-14.9658803939819,34.9858207702637,.
50837,.,-14.2028999328613,33.7443809509277,.
50838,.,-14.9256401062012,35.6623001098633,.
50839,.,-12.6483497619629,33.4777183532715,.
50840,.,-13.9612503051758,33.6136016845703,.
50841,.,-14.2735004425049,35.3831405639648,.
50842,.,-11.5842599868774,34.2254219055176,.
50843,.,-9.51099014282227,33.1374816894531,.
50844,.,-13.8434000015259,33.4235992431641,.
50845,.,-14.0718097686768,33.8645515441895,.
50846,.,-13.1838598251343,33.2934303283691,.
50847,.,-13.076470375061,33.3061904907227,.
50848,.,-15.8480796813965,35.0459594726563,.
50849,.,-9.63212966918945,33.4132690429688,.
50850,.,-10.683500289917,34.1934089660645,.
50851,.,-14.9772396087646,34.9284896850586,.
50852,.,-13.8573799133301,33.3024406433105,.
50853,.,-10.9884796142578,33.7237892150879,.
50854,.,-11.0051498413086,33.5626907348633,.
50855,.,-14.3070697784424,33.6396293640137,.
50856,.,-13.9888496398926,33.0356101989746,.
50857,.,-14.1254396438599,33.6027183532715,.
50858,.,-14.7987298965454,35.0816192626953,.
50859,.,-11.3789596557617,33.8708610534668,.
50860,.,-12.1007499694824,33.3503799438477,.
50861,.,-11.3145704269409,33.9706687927246,.
50862,.,-15.486180305481,34.6078796386719,.
50863,.,-14.9263200759888,35.0874214172363,.
50864,.,-14.9658803939819,34.9858207702637,.
50865,.,-9.39844036102295,33.0153388977051,.
50866,.,-15.2148399353027,34.6743202209473,.
50867,.,-14.868579864502,35.2034683227539,.
50868,.,-15.7757701873779,35.1521110534668,.
50869,.,-13.2663602828979,33.9988784790039,.
50870,.,-10.2397403717041,33.6369094848633,.
50871,.,-14.0133199691772,33.7976112365723,.
50872,.,-10.8784103393555,33.579719543457,.
50873,.,-15.5848703384399,35.0989112854004,.
50874,.,-15.7885503768921,35.608829498291,.
50875,.,-13.800609588623,33.7534790039063,.
50876,.,-15.3204002380371,35.2476501464844,.
50877,.,-13.3027095794678,34.1166305541992,.
50878,.,-13.3430795669556,33.9630699157715,.
50879,.,-9.63403987884521,33.534969329834,.
50880,.,-14.0886898040771,34.5172805786133,.
50881,.,-14.1222696304321,34.3262100219727,.
50882,.,-13.4842395782471,33.8846397399902,.
50883,.,-16.2331504821777,35.1204109191895,.
50884,.,-15.4081401824951,35.3423118591309,.
50885,.,-14.8179597854614,35.5350799560547,.
50886,.,-15.4148502349854,35.3419494628906,.
50887,.,-15.7410297393799,35.1948089599609,.
50888,.,-13.7768898010254,34.4567108154297,.
50889,.,-9.70057010650635,33.2391700744629,.
50890,.,-15.4823999404907,35.0187110900879,.
50891,.,-15.6806297302246,34.4072494506836,.
50892,.,-15.3933801651001,35.3365783691406,.
50893,.,-12.6419296264648,34.1667709350586,.
50894,.,-11.5567302703857,34.1672286987305,.
50895,.,-14.9946002960205,34.9601211547852,.
50896,.,-14.0375204086304,33.6994781494141,.
50897,.,-12.5109395980835,33.4832801818848,.
50898,.,-14.3070697784424,33.6396293640137,.
50899,.,-10.9258899688721,34.0708198547363,.
50900,.,-15.0865697860718,35.2361793518066,.
50901,.,-10.9029302597046,34.0634117126465,.
50902,.,-15.9377498626709,35.4617614746094,.
50903,.,-13.3735303878784,33.9285888671875,.
50904,.,-13.7414503097534,32.9667587280273,.
50905,.,-15.7834596633911,35.2228698730469,.
50906,.,-14.3753004074097,34.3644599914551,.
50907,.,-15.3935804367065,35.2948112487793,.
50908,.,-11.7442302703857,33.938549041748,.
50909,.,-14.1222696304321,34.3262100219727,.
50910,.,-15.6850500106812,34.932788848877,.
50911,.,-15.6660099029541,34.4734382629395,.
50912,.,-13.3342800140381,33.8982086181641,.
50913,.,-15.4463701248169,35.4656410217285,.
50914,.,-9.70057010650635,33.2391700744629,.
50915,.,-15.4141702651978,34.8672485351563,.
50916,.,-15.9121704101563,35.0517616271973,.
50917,.,-11.4434204101563,33.9962882995605,.
50918,.,-15.566499710083,35.206428527832,.
50919,.,-13.2097597122192,34.2166786193848,.
50920,.,-10.3432397842407,34.0757713317871,.
50921,.,-14.0359001159668,34.3325309753418,.
50922,.,-14.655369758606,35.8396492004395,.
50923,.,-9.62981986999512,33.8105697631836,.
50924,.,-11.5144701004028,33.4363403320313,.
50925,.,-14.1084003448486,33.9774208068848,.
50926,.,-15.3954000473022,34.8364486694336,.
50927,.,-15.397910118103,34.6706314086914,.
50928,.,-16.3051204681396,35.218620300293,.
50929,.,-12.0468702316284,33.646240234375,.
50930,.,-14.0886898040771,34.5172805786133,.
50931,.,-15.8731098175049,35.5048789978027,.
50932,.,-13.2663602828979,33.9988784790039,.
50933,.,-14.3138704299927,34.2398986816406,.
50934,.,-16.0814800262451,35.7173309326172,.
50935,.,-10.2648496627808,34.0619010925293,.
50936,.,-15.5848703384399,35.0989112854004,.
50937,.,-14.9389801025391,35.0640106201172,.
50938,.,-13.3027095794678,34.1166305541992,.
50939,.,-15.8042497634888,34.9553718566895,.
50940,.,-15.5607900619507,34.8945999145508,.
50941,.,-15.2898101806641,35.0452613830566,.
50942,.,-15.9067001342773,34.9767189025879,.
50943,.,-14.9513101577759,34.6216316223145,.
50944,.,-13.3342800140381,33.8982086181641,.
50945,.,-15.4827699661255,35.2339515686035,.
50946,.,-11.6494998931885,34.2727584838867,.
50947,.,-15.7359304428101,35.5938186645508,.
50948,.,-14.1254396438599,33.6027183532715,.
50949,.,-10.8450899124146,33.9892501831055,.
50950,.,-13.6808996200562,34.2480812072754,.
50951,.,-11.4060697555542,33.990909576416,.
50952,.,-14.7450799942017,35.8511505126953,.
50953,.,-11.8856601715088,34.1372718811035,.
50954,.,-13.1408195495605,33.4757614135742,.
50955,.,-15.4070596694946,35.0435218811035,.
50956,.,-15.7171602249146,35.5042686462402,.
50957,.,-15.9888601303101,35.4467010498047,.
50958,.,-15.3935804367065,35.2948112487793,.
50959,.,-11.4816198348999,34.007740020752,.
50960,.,-12.7848997116089,33.6926002502441,.
50961,.,-15.6957302093506,34.513801574707,.
50962,.,-15.0667896270752,35.3475112915039,.
50963,.,-15.3204002380371,35.2476501464844,.
50964,.,-12.5437498092651,34.0588111877441,.
50965,.,-15.6879301071167,35.7680511474609,.
50966,.,-14.188289642334,33.9618606567383,.
50967,.,-12.5437498092651,34.0588111877441,.
50968,.,-9.62981986999512,33.8105697631836,.
50969,.,-14.7888298034668,35.0154800415039,.
50970,.,-13.5675897598267,32.8633308410645,.
50971,.,-14.6618604660034,34.7683982849121,.
50972,.,-14.9917001724243,34.7631187438965,.
50973,.,-14.0171298980713,33.8245811462402,.
50974,.,-10.8397998809814,33.447380065918,.
50975,.,-15.0642004013062,35.171630859375,.
50976,.,-10.683500289917,34.1934089660645,.
50977,.,-13.3342800140381,33.8982086181641,.
50978,.,-9.63212966918945,33.4132690429688,.
50979,.,-11.3422899246216,34.1177101135254,.
50980,.,-15.7679395675659,35.2495384216309,.
50981,.,-15.1287298202515,35.4508514404297,.
50982,.,-15.7701597213745,35.0045700073242,.
50983,.,-15.0890998840332,35.490650177002,.
50984,.,-13.7463302612305,34.381519317627,.
50985,.,-13.8718204498291,33.4013710021973,.
50986,.,-13.7203397750854,33.9900817871094,.
50987,.,-15.2448196411133,34.904541015625,.
50988,.,-15.8818597793579,35.1692085266113,.
50989,.,-14.1301298141479,35.253978729248,.
50990,.,-13.5738096237183,34.3303413391113,.
50991,.,-15.0890998840332,35.490650177002,.
50992,.,-13.232569694519,33.8411712646484,.
50993,.,-9.77787017822266,33.447380065918,.
50994,.,-15.8425397872925,35.240909576416,.
50995,.,-15.6169395446777,35.6684417724609,.
50996,.,-13.3213500976563,33.509220123291,.
50997,.,-13.7048101425171,33.6004905700684,.
50998,.,-15.7012796401978,35.3775901794434,.
50999,.,-14.2234001159668,34.1374092102051,.
51000,.,-14.7911796569824,35.5734710693359,.
51001,.,-13.837869644165,33.0589599609375,.
51002,.,-13.7150201797485,33.4016418457031,.
51003,.,-15.8400201797485,35.7650718688965,.
51004,.,-14.0359001159668,34.3325309753418,.
51005,.,-15.3951396942139,35.2604484558105,.
51006,.,-14.3138704299927,34.2398986816406,.
51007,.,-14.8351697921753,34.9066505432129,.
51008,.,-9.77787017822266,33.447380065918,.
51009,.,-14.1044397354126,33.4143714904785,.
51010,.,-13.9888496398926,33.0356101989746,.
51011,.,-11.4902095794678,33.9674110412598,.
51012,.,-15.6445798873901,35.1619682312012,.
51013,.,-13.0108995437622,33.5837593078613,.
51014,.,-14.2544803619385,33.7594184875488,.
51015,.,-15.4823999404907,35.0187110900879,.
51016,.,-15.0400400161743,34.8817710876465,.
51017,.,-15.1808700561523,35.3272895812988,.
51018,.,-13.3797302246094,34.0458908081055,.
51019,.,-13.5345401763916,32.8610496520996,.
51020,.,-9.71765041351318,33.3931312561035,.
51021,.,-13.9612503051758,33.6136016845703,.
51022,.,-10.9779500961304,33.9525489807129,.
51023,.,-15.4637298583984,34.6597213745117,.
51024,.,-13.2097597122192,34.2166786193848,.
51025,.,-14.7290496826172,35.5430793762207,.
51026,.,-13.6096696853638,34.1945495605469,.
51027,.,-13.4854402542114,33.2660713195801,.
51028,.,-14.0133199691772,33.7976112365723,.
51029,.,-13.1408195495605,33.4757614135742,.
51030,.,-15.1808700561523,35.3272895812988,.
51031,.,-13.7393198013306,34.1567306518555,.
51032,.,-13.4463396072388,33.4062004089355,.
51033,.,-15.2645597457886,35.3688087463379,.
51034,.,-15.376540184021,34.5810699462891,.
51035,.,-13.9506998062134,33.948169708252,.
51036,.,-13.399359703064,33.8680381774902,.
51037,.,-15.1424798965454,34.9976387023926,.
51038,.,-16.0667095184326,35.1309394836426,.
51039,.,-9.69326019287109,33.2746200561523,.
51040,.,-13.5345401763916,32.8610496520996,.
51041,.,-10.9282903671265,33.9354782104492,.
51042,.,-11.6629295349121,34.2350997924805,.
51043,.,-13.8906602859497,33.8871803283691,.
51044,.,-13.8864803314209,33.7485389709473,.
51045,.,-13.0108995437622,33.5837593078613,.
51046,.,-15.8350200653076,35.5541000366211,.
51047,.,-11.6976203918457,34.2677307128906,.
51048,.,-14.9263200759888,35.0874214172363,.
51049,.,-14.8351697921753,34.9066505432129,.
51050,.,-10.7936897277832,34.0494499206543,.
51051,.,-13.1541299819946,34.1675491333008,.
51052,.,-15.9506101608276,34.8200492858887,.
51053,.,-16.3095092773438,35.0664710998535,.
51054,.,-15.9509897232056,35.1758804321289,.
51055,.,-14.4861698150635,34.4703102111816,.
51056,.,-15.1135196685791,35.2554092407227,.
51057,.,-15.7514801025391,35.682071685791,.
51058,.,-11.2786998748779,33.5016784667969,.
51059,.,-15.6804399490356,35.0921516418457,.
51060,.,-14.0908498764038,34.9160003662109,.
51061,.,-13.6096696853638,34.1945495605469,.
51062,.,-13.7213001251221,34.3323211669922,.
51063,.,-15.4030103683472,34.9573783874512,.
51064,.,-14.9946002960205,34.9601211547852,.
51065,.,-16.1218395233154,35.5467109680176,.
51066,.,-14.2476396560669,34.5322685241699,.
51067,.,-15.7367000579834,35.0765686035156,.
51068,.,-15.376540184021,34.5810699462891,.
51069,.,-13.7947797775269,34.463981628418,.
51070,.,-13.7582302093506,32.8477096557617,.
51071,.,-12.943320274353,34.2619590759277,.
51072,.,-14.8179597854614,35.5350799560547,.
51073,.,-14.9389801025391,35.0640106201172,.
51074,.,-11.7771396636963,34.2273597717285,.
51075,.,-15.4141702651978,34.8672485351563,.
51076,.,-15.6405296325684,35.179931640625,.
51077,.,-13.837869644165,33.0589599609375,.
51078,.,-15.1095199584961,35.5335388183594,.
51079,.,-13.6910600662231,33.7964096069336,.
51080,.,-11.5144701004028,33.4363403320313,.
51081,.,-13.076470375061,33.3061904907227,.
51082,.,-12.7848997116089,33.6926002502441,.
51083,.,-14.8480796813965,35.5307884216309,.
51084,.,-15.615650177002,35.1616401672363,.
51085,.,-12.0600004196167,34.053409576416,.
51086,.,-11.3962297439575,34.0061683654785,.
51087,.,-13.7906904220581,34.534740447998,.
51088,.,-14.8128795623779,34.627498626709,.
51089,.,-13.7213001251221,34.3323211669922,.
51090,.,-15.6804399490356,35.0921516418457,.
51091,.,-13.7582302093506,32.8477096557617,.
51092,.,-15.5030698776245,35.6521682739258,.
51093,.,-14.0171298980713,33.8245811462402,.
51094,.,-15.956130027771,35.2426109313965,.
51095,.,-15.6806297302246,34.4072494506836,.
51096,.,-15.63440990448,34.975170135498,.
51097,.,-13.1541299819946,34.1675491333008,.
51098,.,-14.7784204483032,35.8010101318359,.
51099,.,-13.9888496398926,33.0356101989746,.
51100,.,-14.868579864502,35.2034683227539,.
51101,.,-13.5593595504761,33.5165100097656,.
51102,.,-15.0400400161743,34.8817710876465,.
51103,.,-12.5437498092651,34.0588111877441,.
51104,.,-14.1084003448486,33.9774208068848,.
51105,.,-13.7463302612305,34.381519317627,.
51106,.,-15.3954000473022,34.8364486694336,.
51107,.,-15.0890998840332,35.490650177002,.
51108,.,-15.9377498626709,35.4617614746094,.
51109,.,-14.0061902999878,33.3196983337402,.
51110,.,-14.3070697784424,33.6396293640137,.
51111,.,-15.4468402862549,35.0949592590332,.
51112,.,-12.5109395980835,33.4832801818848,.
51113,.,-14.8503704071045,34.7499008178711,.
51114,.,-13.0108995437622,33.5837593078613,.
51115,.,-13.3579998016357,33.4899482727051,.
51116,.,-13.837869644165,33.0589599609375,.
51117,.,-15.685170173645,34.4705200195313,.
51118,.,-10.8140802383423,34.0060806274414,.
51119,.,-14.3753004074097,34.3644599914551,.
51120,.,-15.4147901535034,34.5917282104492,.
51121,.,-13.5561800003052,34.3863487243652,.
51122,.,-14.4861698150635,34.4703102111816,.
51123,.,-13.6808996200562,34.2480812072754,.
51124,.,-14.3070697784424,33.6396293640137,.
51125,.,-11.4480495452881,34.0106315612793,.
51126,.,-13.399359703064,33.8680381774902,.
51127,.,-15.8966798782349,35.1106605529785,.
51128,.,-14.0292501449585,33.772289276123,.
51129,.,-13.6323699951172,33.9716606140137,.
51130,.,-14.950309753418,35.4952011108398,.
51131,.,-14.1527795791626,35.4116516113281,.
51132,.,-11.4170999526978,33.6656112670898,.
51133,.,-15.403829574585,35.3195304870605,.
51134,.,-9.63212966918945,33.4132690429688,.
51135,.,-16.1072902679443,34.8353881835938,.
51136,.,-15.3951396942139,35.2604484558105,.
51137,.,-16.1066493988037,35.3063011169434,.
51138,.,-14.1044397354126,33.4143714904785,.
51139,.,-16.1109199523926,35.2119293212891,.
51140,.,-15.397910118103,34.6706314086914,.
51141,.,-15.9377498626709,35.4617614746094,.
51142,.,-13.7150201797485,33.4016418457031,.
51143,.,-15.5848703384399,35.0989112854004,.
51144,.,-14.1948699951172,33.4779586791992,.
51145,.,-15.3951396942139,35.2604484558105,.
51146,.,-15.0639295578003,34.8932304382324,.
51147,.,-14.7784204483032,35.8010101318359,.
51148,.,-13.1383304595947,33.9057388305664,.
51149,.,-15.8416004180908,35.7917098999023,.
51150,.,-13.8853302001953,33.7500991821289,.
51151,.,-13.7582302093506,32.8477096557617,.
51152,.,-15.5251703262329,34.5193099975586,.
51153,.,-15.7386798858643,35.7275390625,.
51154,.,-13.0519399642944,33.4975204467773,.
51155,.,-13.7203397750854,33.9900817871094,.
51156,.,-13.7582302093506,32.8477096557617,.
51157,.,-15.0869998931885,34.6039085388184,.
51158,.,-15.0639295578003,34.8932304382324,.
51159,.,-13.1488704681396,34.3321990966797,.
51160,.,-14.0133199691772,33.7976112365723,.
51161,.,-10.8336896896362,33.5321388244629,.
51162,.,-14.655369758606,35.8396492004395,.
51163,.,-13.8296298980713,33.9146995544434,.
51164,.,-15.4949197769165,35.6419296264648,.
51165,.,-13.691969871521,34.4607887268066,.
51166,.,-13.0690603256226,33.3929710388184,.
51167,.,-13.211389541626,34.3153495788574,.
51168,.,-12.4891901016235,34.1011581420898,.
51169,.,-13.5294399261475,34.2169609069824,.
51170,.,-13.417140007019,34.0313301086426,.
51171,.,-15.397910118103,34.6706314086914,.
51172,.,-13.9698600769043,33.3693885803223,.
51173,.,-15.8731098175049,35.5048789978027,.
51174,.,-16.9645309448242,35.2086181640625,.
51175,.,-15.3204002380371,35.2476501464844,.
51176,.,-13.9888496398926,33.0356101989746,.
51177,.,-14.9837598800659,35.1711616516113,.
51178,.,-15.0865697860718,35.2361793518066,.
51179,.,-15.3418397903442,34.8341407775879,.
51180,.,-14.0718097686768,33.8645515441895,.
51181,.,-12.7848997116089,33.6926002502441,.
51182,.,-12.0227899551392,34.6223297119141,.
51183,.,-14.3312501907349,33.9891510009766,.
51184,.,-14.0133199691772,33.7976112365723,.
51185,.,-14.2135200500488,35.0271186828613,.
51186,.,-14.1222696304321,34.3262100219727,.
51187,.,-13.8985395431519,32.9834785461426,.
51188,.,-15.3204002380371,35.2476501464844,.
51189,.,-15.5251703262329,34.5193099975586,.
51190,.,-13.7334995269775,33.1918296813965,.
51191,.,-15.1910600662231,35.0622100830078,.
51192,.,-11.0274801254272,33.845890045166,.
51193,.,-11.4170999526978,33.6656112670898,.
51194,.,-14.7784204483032,35.8010101318359,.
51195,.,-14.4811496734619,35.0109100341797,.
51196,.,-13.7947797775269,34.463981628418,.
51197,.,-14.4744300842285,35.2739791870117,.
51198,.,-14.0878000259399,33.9263687133789,.
51199,.,-15.4637298583984,34.6597213745117,.
51200,.,-11.2786998748779,33.5016784667969,.
51201,.,-13.837869644165,33.0589599609375,.
51202,.,-10.4524898529053,34.2000503540039,.
51203,.,-14.3480396270752,35.4223899841309,.
51204,.,-15.486180305481,34.6078796386719,.
51205,.,-10.9779500961304,33.9525489807129,.
51206,.,-13.837869644165,33.0589599609375,.
51207,.,-14.4861698150635,34.4703102111816,.
51208,.,-13.1833600997925,33.8633995056152,.
51209,.,-13.7223701477051,33.8731498718262,.
51210,.,-13.6808996200562,34.2480812072754,.
51211,.,-15.7514801025391,35.682071685791,.
51212,.,-13.2130899429321,33.5946311950684,.
51213,.,-14.6322603225708,34.6211318969727,.
51214,.,-15.8055400848389,35.1751518249512,.
51215,.,-13.7213001251221,34.3323211669922,.
51216,.,-11.1545896530151,33.8852500915527,.
51217,.,-15.7885503768921,35.608829498291,.
51218,.,-14.4861698150635,34.4703102111816,.
51219,.,-14.1044397354126,33.4143714904785,.
51220,.,-13.7673997879028,32.9330406188965,.
51221,.,-11.3962297439575,34.0061683654785,.
51222,.,-14.7784204483032,35.8010101318359,.
51223,.,-13.3656902313232,33.4001083374023,.
51224,.,-13.7920503616333,33.2354698181152,.
51225,.,-15.7514801025391,35.682071685791,.
51226,.,-15.8575096130371,34.9538307189941,.
51227,.,-13.4275503158569,34.2765617370605,.
51228,.,-12.8630504608154,33.7195205688477,.
51229,.,-12.0468702316284,33.646240234375,.
51230,.,-13.3656902313232,33.4001083374023,.
51231,.,-11.0198497772217,33.7740211486816,.
51232,.,-12.6419296264648,34.1667709350586,.
51233,.,-13.5561800003052,34.3863487243652,.
51234,.,-10.9779500961304,33.9525489807129,.
51235,.,-13.7414503097534,32.9667587280273,.
51236,.,-13.837869644165,33.0589599609375,.
51237,.,-14.9837598800659,35.1711616516113,.
51238,.,-12.6448698043823,33.3255195617676,.
51239,.,-13.3802700042725,34.1984214782715,.
51240,.,-10.7936897277832,34.0494499206543,.
51241,.,-15.5903100967407,35.7436294555664,.
51242,.,-15.4000701904297,35.326488494873,.
51243,.,-15.8907403945923,34.9377784729004,.
51244,.,-12.7194404602051,33.4780197143555,.
51245,.,-15.9910898208618,34.9021682739258,.
51246,.,-11.9682703018188,34.0801391601563,.
51247,.,-13.7414503097534,32.9667587280273,.
51248,.,-15.5542497634888,35.3687210083008,.
51249,.,-13.9506998062134,33.948169708252,.
51250,.,-14.769229888916,35.1412315368652,.
51251,.,-11.6494998931885,34.2727584838867,.
51252,.,-15.8237104415894,35.079460144043,.
51253,.,-15.8887996673584,35.2820510864258,.
51254,.,-9.78184986114502,33.3635101318359,.
51255,.,-14.5439701080322,35.3408889770508,.
51256,.,-13.5010204315186,33.7112884521484,.
51257,.,-14.1254396438599,33.6027183532715,.
51258,.,-15.9923696517944,35.297679901123,.
51259,.,-16.0667095184326,35.1309394836426,.
51260,.,-15.3754796981812,35.3637008666992,.
51261,.,-15.3789300918579,35.3633308410645,.
51262,.,-14.6386604309082,34.5562591552734,.
51263,.,-13.211389541626,34.3153495788574,.
51264,.,-13.9289102554321,33.8235092163086,.
51265,.,-15.966420173645,35.7845191955566,.
51266,.,-11.3837995529175,33.8790283203125,.
51267,.,-15.3899297714233,35.174430847168,.
51268,.,-15.5888204574585,34.5071792602539,.
51269,.,-13.8803300857544,34.505859375,.
51270,.,-15.9888601303101,35.4467010498047,.
51271,.,-13.3735303878784,33.9285888671875,.
51272,.,-13.6125202178955,33.228630065918,.
51273,.,-14.3713598251343,34.1142196655273,.
51274,.,-13.417140007019,34.0313301086426,.
51275,.,-16.066930770874,35.0717010498047,.
51276,.,-10.7936897277832,34.0494499206543,.
51277,.,-13.8241901397705,35.0955505371094,.
51278,.,-9.51432037353516,33.2206001281738,.
51279,.,-16.3275699615479,34.8806915283203,.
51280,.,-15.8737602233887,35.4349517822266,.
51281,.,-13.2130899429321,33.5946311950684,.
51282,.,-12.8649396896362,33.9219703674316,.
51283,.,-14.2570199966431,34.1506118774414,.
51284,.,-14.902250289917,34.6706008911133,.
51285,.,-15.8731098175049,35.5048789978027,.
51286,.,-11.6629295349121,34.2350997924805,.
51287,.,-14.0441303253174,34.4917602539063,.
51288,.,-14.0372104644775,33.8179817199707,.
51289,.,-15.4719495773315,34.9919395446777,.
51290,.,-15.7893896102905,35.3337707519531,.
51291,.,-12.735179901123,34.1727981567383,.
51292,.,-14.435230255127,33.9451713562012,.
51293,.,-14.4236698150635,35.5990982055664,.
51294,.,-14.3312501907349,33.9891510009766,.
51295,.,-13.8573799133301,33.3024406433105,.
51296,.,-13.3868198394775,33.1138305664063,.
51297,.,-14.1084003448486,33.9774208068848,.
51298,.,-16.0242290496826,35.0012397766113,.
51299,.,-13.7393198013306,34.1567306518555,.
51300,.,-15.3680801391602,34.871940612793,.
51301,.,-14.2476396560669,34.5322685241699,.
51302,.,-12.9386396408081,34.2872314453125,.
51303,.,-13.7582302093506,32.8477096557617,.
51304,.,-14.0061902999878,33.3196983337402,.
51305,.,-14.6034898757935,35.1805305480957,.
51306,.,-13.6323699951172,33.9716606140137,.
51307,.,-12.6483497619629,33.4777183532715,.
51308,.,-12.8904304504395,33.5020713806152,.
51309,.,-14.3138704299927,34.2398986816406,.
51310,.,-15.6405296325684,35.179931640625,.
51311,.,-14.4132499694824,34.8205413818359,.
51312,.,-13.8718204498291,33.4013710021973,.
51313,.,-14.2476396560669,34.5322685241699,.
51314,.,-15.1095199584961,35.5335388183594,.
51315,.,-15.6445798873901,35.1619682312012,.
51316,.,-13.6096696853638,34.1945495605469,.
51317,.,-12.2150497436523,33.4475898742676,.
51318,.,-14.902250289917,34.6706008911133,.
51319,.,-15.3156604766846,34.6679496765137,.
51320,.,-14.6618604660034,34.7683982849121,.
51321,.,-17.005220413208,35.0824699401855,.
51322,.,-12.3325996398926,34.0191116333008,.
51323,.,-11.3837995529175,33.8790283203125,.
51324,.,-13.0677404403687,33.5782699584961,.
51325,.,-15.4881496429443,35.3296585083008,.
51326,.,-15.7596597671509,35.2966995239258,.
51327,.,-14.9263200759888,35.0874214172363,.
51328,.,-13.7778196334839,33.8201484680176,.
51329,.,-14.3807601928711,34.3367881774902,.
51330,.,-11.7442302703857,33.938549041748,.
51331,.,-13.6663703918457,34.1038703918457,.
51332,.,-13.8434000015259,33.4235992431641,.
51333,.,-14.8128795623779,34.627498626709,.
51334,.,-13.3735303878784,33.9285888671875,.
51335,.,-13.3868198394775,33.1138305664063,.
51336,.,-15.7163801193237,34.8666915893555,.
51337,.,-15.4881496429443,35.3296585083008,.
51338,.,-16.1975402832031,34.9277992248535,.
51339,.,-9.84584999084473,33.4064903259277,.
51340,.,-11.3145704269409,33.9706687927246,.
51341,.,-13.9479303359985,33.7437515258789,.
51342,.,-13.6808996200562,34.2480812072754,.
51343,.,-15.7410297393799,35.1948089599609,.
51344,.,-11.0051498413086,33.5626907348633,.
51345,.,-16.9263305664063,35.2435417175293,.
51346,.,-11.5941400527954,34.2857818603516,.
51347,.,-12.4891901016235,34.1011581420898,.
51348,.,-11.5144701004028,33.4363403320313,.
51349,.,-15.5314197540283,35.7968406677246,.
51350,.,-13.3857898712158,33.7499389648438,.
51351,.,-14.1249799728394,34.2055816650391,.
51352,.,-16.1066493988037,35.3063011169434,.
51353,.,-13.4275503158569,34.2765617370605,.
51354,.,-15.7359304428101,35.5938186645508,.
51355,.,-13.8142595291138,33.0971183776855,.
51356,.,-13.9383296966553,34.5154800415039,.
51357,.,-11.4722700119019,34.0115814208984,.
51358,.,-13.2663602828979,33.9988784790039,.
51359,.,-12.2796401977539,33.4571189880371,.
51360,.,-13.232569694519,33.8411712646484,.
51361,.,-11.4170999526978,33.6656112670898,.
51362,.,-15.531060218811,34.4603614807129,.
51363,.,-15.0869998931885,34.6039085388184,.
51364,.,-13.3735303878784,33.9285888671875,.
51365,.,-15.4081296920776,35.3416595458984,.
51366,.,-15.2448196411133,34.904541015625,.
51367,.,-15.8416004180908,35.7917098999023,.
51368,.,-13.691969871521,34.4607887268066,.
51369,.,-11.8008003234863,33.4245109558105,.
51370,.,-14.9917001724243,34.7631187438965,.
51371,.,-13.7414503097534,32.9667587280273,.
51372,.,-12.0600004196167,34.053409576416,.
51373,.,-12.0468702316284,33.646240234375,.
51374,.,-9.51099014282227,33.1374816894531,.
51375,.,-14.9946002960205,34.9601211547852,.
51376,.,-15.8966798782349,35.1106605529785,.
51377,.,-15.7614498138428,34.4197387695313,.
51378,.,-12.2796401977539,33.4571189880371,.
51379,.,-14.0370798110962,33.8024482727051,.
51380,.,-15.1910600662231,35.0622100830078,.
51381,.,-15.3196601867676,35.4185600280762,.
51382,.,-13.6401195526123,33.1221313476563,.
51383,.,-16.9263305664063,35.2435417175293,.
51384,.,-11.3962297439575,34.0061683654785,.
51385,.,-15.1287298202515,35.4508514404297,.
51386,.,-11.6494998931885,34.2727584838867,.
51387,.,-14.2415199279785,33.7132911682129,.
51388,.,-15.7359304428101,35.5938186645508,.
51389,.,-11.3962297439575,34.0061683654785,.
51390,.,-16.7593994140625,35.2683181762695,.
51391,.,-14.7290496826172,35.5430793762207,.
51392,.,-13.8906602859497,33.8871803283691,.
51393,.,-15.0639295578003,34.8932304382324,.
51394,.,-14.7911796569824,35.5734710693359,.
51395,.,-14.0500202178955,34.1231002807617,.
51396,.,-17.0656795501709,35.1667900085449,.
51397,.,-13.1833600997925,33.8633995056152,.
51398,.,-15.5591201782227,35.3229713439941,.
51399,.,-15.3680801391602,34.871940612793,.
51400,.,-13.8906602859497,33.8871803283691,.
51401,.,-12.5109395980835,33.4832801818848,.
51402,.,-14.6386604309082,34.5562591552734,.
51403,.,-14.6618604660034,34.7683982849121,.
51404,.,-15.7614498138428,34.4197387695313,.
51405,.,-13.8241901397705,35.0955505371094,.
51406,.,-14.2276601791382,34.2863807678223,.
51407,.,-14.1755304336548,34.8777694702148,.
51408,.,-11.0274801254272,33.845890045166,.
51409,.,-10.2578401565552,33.6153717041016,.
51410,.,-14.9981203079224,35.1205902099609,.
51411,.,-15.3837299346924,35.3004302978516,.
51412,.,-14.9506397247314,34.833610534668,.
51413,.,-13.3735303878784,33.9285888671875,.
51414,.,-11.7771396636963,34.2273597717285,.
51415,.,-13.5675897598267,32.8633308410645,.
51416,.,-15.4070596694946,35.0435218811035,.
51417,.,-13.3579998016357,33.4899482727051,.
51418,.,-15.0890998840332,35.490650177002,.
51419,.,-15.6019201278687,34.5225715637207,.
51420,.,-9.99917030334473,33.426700592041,.
51421,.,-12.735179901123,34.1727981567383,.
51422,.,-14.5439701080322,35.3408889770508,.
51423,.,-13.8464403152466,33.2362899780273,.
51424,.,-13.1408195495605,33.4757614135742,.
51425,.,-15.0869998931885,34.6039085388184,.
51426,.,-13.4054403305054,33.5761604309082,.
51427,.,-14.7784204483032,35.8010101318359,.
51428,.,-16.0200099945068,35.0729713439941,.
51429,.,-13.6096696853638,34.1945495605469,.
51430,.,-13.7414503097534,32.9667587280273,.
51431,.,-13.1408195495605,33.4757614135742,.
51432,.,-13.3529195785522,33.9108009338379,.
51433,.,-15.9035501480103,35.3258209228516,.
51434,.,-15.3196601867676,35.4185600280762,.
51435,.,-13.6808996200562,34.2480812072754,.
51436,.,-13.6663703918457,34.1038703918457,.
51437,.,-15.8042497634888,34.9553718566895,.
51438,.,-12.2150497436523,33.4475898742676,.
51439,.,-15.8042497634888,34.9553718566895,.
51440,.,-13.6894397735596,33.7582015991211,.
51441,.,-15.6957302093506,34.513801574707,.
51442,.,-11.7771396636963,34.2273597717285,.
51443,.,-15.7552995681763,35.6058807373047,.
51444,.,-13.7223701477051,33.8731498718262,.
51445,.,-14.8140296936035,34.6603317260742,.
51446,.,-14.1897201538086,33.713809967041,.
51447,.,-13.399359703064,33.8680381774902,.
51448,.,-13.6894397735596,33.7582015991211,.
51449,.,-13.4854402542114,33.2660713195801,.
51450,.,-16.1066493988037,35.3063011169434,.
51451,.,-13.7463302612305,34.381519317627,.
51452,.,-15.3940801620483,35.3284187316895,.
51453,.,-15.1910600662231,35.0622100830078,.
51454,.,-14.5475997924805,35.7540817260742,.
51455,.,-14.7450799942017,35.8511505126953,.
51456,.,-15.5848703384399,35.0989112854004,.
51457,.,-11.4000301361084,34.0081214904785,.
51458,.,-12.8904304504395,33.5020713806152,.
51459,.,-14.00172996521,33.6595993041992,.
51460,.,-15.5852203369141,35.200309753418,.
51461,.,-13.432089805603,33.9660301208496,.
51462,.,-13.5345401763916,32.8610496520996,.
51463,.,-15.966420173645,35.7845191955566,.
51464,.,-10.8140802383423,34.0060806274414,.
51465,.,-12.9611902236938,34.2550086975098,.
51466,.,-13.8803300857544,34.505859375,.
51467,.,-12.943320274353,34.2619590759277,.
51468,.,-9.59422016143799,33.3637504577637,.
51469,.,-9.52412033081055,33.2785797119141,.
51470,.,-13.9951601028442,33.8054313659668,.
51471,.,-13.7920503616333,33.2354698181152,.
51472,.,-13.6294002532959,32.934009552002,.
51473,.,-12.7194404602051,33.4780197143555,.
51474,.,-15.8416004180908,35.7917098999023,.
51475,.,-14.4236698150635,35.5990982055664,.
51476,.,-14.0370798110962,33.8024482727051,.
51477,.,-14.3751096725464,35.0270385742188,.
51478,.,-10.8377304077148,33.9726791381836,.
51479,.,-9.8111400604248,33.8383598327637,.
51480,.,-15.4823999404907,35.0187110900879,.
51481,.,-13.6096696853638,34.1945495605469,.
51482,.,-13.5187997817993,34.2733497619629,.
51483,.,-14.8789396286011,35.6135101318359,.
51484,.,-13.7582302093506,32.8477096557617,.
51485,.,-10.683500289917,34.1934089660645,.
51486,.,-9.62981986999512,33.8105697631836,.
51487,.,-14.0878000259399,33.9263687133789,.
51488,.,-14.0500202178955,34.1231002807617,.
51489,.,-13.2097597122192,34.2166786193848,.
51490,.,-13.5294399261475,34.2169609069824,.
51491,.,-14.1044397354126,33.4143714904785,.
51492,.,-13.9506998062134,33.948169708252,.
51493,.,-15.7771997451782,35.0290908813477,.
51494,.,-15.7614498138428,34.4197387695313,.
51495,.,-13.800609588623,33.7534790039063,.
51496,.,-13.7947797775269,34.463981628418,.
51497,.,-14.1249799728394,34.2055816650391,.
51498,.,-13.3213500976563,33.509220123291,.
51499,.,-15.7386798858643,35.7275390625,.
51500,.,-9.63212966918945,33.4132690429688,.
51501,.,-9.78184986114502,33.3635101318359,.
51502,.,-11.3789596557617,33.8708610534668,.
51503,.,-12.8140296936035,34.2050094604492,.
51504,.,-13.0677404403687,33.5782699584961,.
51505,.,-11.1545896530151,33.8852500915527,.
51506,.,-14.7861204147339,34.744068145752,.
51507,.,-13.5675897598267,32.8633308410645,.
51508,.,-14.6034898757935,35.1805305480957,.
51509,.,-15.6624097824097,34.9623413085938,.
51510,.,-13.4463396072388,33.4062004089355,.
51511,.,-13.3213500976563,33.509220123291,.
51512,.,-11.8856601715088,34.1372718811035,.
51513,.,-9.71765041351318,33.3931312561035,.
51514,.,-14.0500202178955,34.1231002807617,.
51515,.,-13.0454502105713,34.2270393371582,.
51516,.,-14.1301298141479,35.253978729248,.
51517,.,-15.4823999404907,35.0187110900879,.
51518,.,-12.6483497619629,33.4777183532715,.
51519,.,-16.0872497558594,34.999340057373,.
51520,.,-14.9837598800659,35.1711616516113,.
51521,.,-15.9594202041626,35.423038482666,.
51522,.,-11.4400796890259,33.9777984619141,.
51523,.,-15.8400201797485,35.7650718688965,.
51524,.,-15.8818597793579,35.1692085266113,.
51525,.,-14.2234001159668,34.1374092102051,.
51526,.,-15.2898101806641,35.0452613830566,.
51527,.,-15.3156604766846,34.6679496765137,.
51528,.,-11.7442302703857,33.938549041748,.
51529,.,-15.4827699661255,35.2339515686035,.
51530,.,-13.3430795669556,33.9630699157715,.
51531,.,-15.5573997497559,34.5163383483887,.
51532,.,-13.8906602859497,33.8871803283691,.
51533,.,-13.6294002532959,32.934009552002,.
51534,.,-13.6323699951172,33.9716606140137,.
51535,.,-15.7306299209595,34.9882011413574,.
51536,.,-14.9917001724243,34.7631187438965,.
51537,.,-13.3529195785522,33.9108009338379,.
51538,.,-14.1948699951172,33.4779586791992,.
51539,.,-15.4881496429443,35.3296585083008,.
51540,.,-14.6618604660034,34.7683982849121,.
51541,.,-12.6448698043823,33.3255195617676,.
51542,.,-14.1254396438599,33.6027183532715,.
51543,.,-15.7552995681763,35.6058807373047,.
51544,.,-14.1084003448486,33.9774208068848,.
51545,.,-15.3204002380371,35.2476501464844,.
51546,.,-14.3753004074097,34.3644599914551,.
51547,.,-13.7223701477051,33.8731498718262,.
51548,.,-14.0486297607422,33.7888298034668,.
51549,.,-14.2028999328613,33.7443809509277,.
51550,.,-14.3020601272583,34.674560546875,.
51551,.,-13.9289102554321,33.8235092163086,.
51552,.,-15.1384801864624,34.8334808349609,.
51553,.,-14.7861204147339,34.744068145752,.
51554,.,-15.486180305481,34.6078796386719,.
51555,.,-15.3156604766846,34.6679496765137,.
51556,.,-14.8128795623779,34.627498626709,.
51557,.,-11.9890403747559,33.5845489501953,.
51558,.,-15.2645597457886,35.3688087463379,.
51559,.,-13.4187698364258,33.6028785705566,.
51560,.,-15.8416004180908,35.7917098999023,.
51561,.,-15.4468402862549,35.0949592590332,.
51562,.,-15.7171602249146,35.5042686462402,.
51563,.,-15.5251703262329,34.5193099975586,.
51564,.,-14.950309753418,35.4952011108398,.
51565,.,-15.7163801193237,34.8666915893555,.
51566,.,-12.4417695999146,33.7865180969238,.
51567,.,-14.8282604217529,35.2134094238281,.
51568,.,-15.7171602249146,35.5042686462402,.
51569,.,-15.4881496429443,35.3296585083008,.
51570,.,-13.5738096237183,34.3303413391113,.
51571,.,-13.1833600997925,33.8633995056152,.
51572,.,-14.1770601272583,34.2692718505859,.
51573,.,-15.3754796981812,35.3637008666992,.
51574,.,-14.1044397354126,33.4143714904785,.
51575,.,-13.9383296966553,34.5154800415039,.
51576,.,-12.2796401977539,33.4571189880371,.
51577,.,-13.0454502105713,34.2270393371582,.
51578,.,-14.1376495361328,34.5063018798828,.
51579,.,-13.7463302612305,34.381519317627,.
51580,.,-14.0428495407104,34.3045082092285,.
51581,.,-14.0441303253174,34.4917602539063,.
51582,.,-13.3656902313232,33.4001083374023,.
51583,.,-15.8350200653076,35.5541000366211,.
51584,.,-15.4070596694946,35.0435218811035,.
51585,.,-15.4070596694946,35.0435218811035,.
51586,.,-15.0890998840332,35.490650177002,.
51587,.,-9.70057010650635,33.2391700744629,.
51588,.,-14.8128795623779,34.627498626709,.
51589,.,-15.1424798965454,34.9976387023926,.
51590,.,-15.8019895553589,35.265380859375,.
51591,.,-10.9884796142578,33.7237892150879,.
51592,.,-11.4170999526978,33.6656112670898,.
51593,.,-15.606559753418,34.635009765625,.
51594,.,-14.2135200500488,35.0271186828613,.
51595,.,-13.3213500976563,33.509220123291,.
51596,.,-15.1910600662231,35.0622100830078,.
51597,.,-13.0454502105713,34.2270393371582,.
51598,.,-13.9239101409912,34.5238609313965,.
51599,.,-13.7334995269775,33.1918296813965,.
51600,.,-13.8985395431519,32.9834785461426,.
51601,.,-15.4949197769165,35.6419296264648,.
51602,.,-13.6808996200562,34.2480812072754,.
51603,.,-15.8907403945923,34.9377784729004,.
51604,.,-16.3770008087158,35.2643394470215,.
51605,.,-11.3422899246216,34.1177101135254,.
51606,.,-15.7023096084595,35.7064514160156,.
51607,.,-13.7393198013306,34.1567306518555,.
51608,.,-13.3430795669556,33.9630699157715,.
51609,.,-15.397910118103,34.6706314086914,.
51610,.,-14.60671043396,34.7633094787598,.
51611,.,-15.63440990448,34.975170135498,.
51612,.,-13.9888496398926,33.0356101989746,.
51613,.,-13.3857898712158,33.7499389648438,.
51614,.,-15.6411199569702,35.7080192565918,.
51615,.,-10.9029302597046,34.0634117126465,.
51616,.,-10.7936897277832,34.0494499206543,.
51617,.,-13.7768898010254,34.4567108154297,.
51618,.,-13.9239101409912,34.5238609313965,.
51619,.,-15.5862503051758,35.0452919006348,.
51620,.,-13.5738096237183,34.3303413391113,.
51621,.,-15.4897403717041,35.592601776123,.
51622,.,-9.9494104385376,33.9434700012207,.
51623,.,-13.0690603256226,33.3929710388184,.
51624,.,-11.7656097412109,34.1592483520508,.
51625,.,-15.7614498138428,34.4197387695313,.
51626,.,-15.9594202041626,35.423038482666,.
51627,.,-13.0519399642944,33.4975204467773,.
51628,.,-13.3027095794678,34.1166305541992,.
51629,.,-14.1483402252197,33.8457794189453,.
51630,.,-11.4519596099854,34.257511138916,.
51631,.,-10.8377304077148,33.9726791381836,.
51632,.,-13.3529195785522,33.9108009338379,.
51633,.,-14.4811496734619,35.0109100341797,.
51634,.,-13.8906602859497,33.8871803283691,.
51635,.,-14.9917001724243,34.7631187438965,.
51636,.,-13.4275798797607,33.2661094665527,.
51637,.,-15.7679395675659,35.2495384216309,.
51638,.,-13.3868198394775,33.1138305664063,.
51639,.,-14.1811103820801,34.1434593200684,.
51640,.,-15.4081697463989,35.5605506896973,.
51641,.,-13.4275798797607,33.2661094665527,.
51642,.,-13.9479303359985,33.7437515258789,.
51643,.,-14.6386604309082,34.5562591552734,.
51644,.,-15.2432298660278,35.2535400390625,.
51645,.,-14.4861698150635,34.4703102111816,.
51646,.,-13.8573799133301,33.3024406433105,.
51647,.,-13.399359703064,33.8680381774902,.
51648,.,-13.4463396072388,33.4062004089355,.
51649,.,-15.1287298202515,35.4508514404297,.
51650,.,-13.9612503051758,33.6136016845703,.
51651,.,-15.2148399353027,34.6743202209473,.
51652,.,-13.7920503616333,33.2354698181152,.
51653,.,-13.691969871521,34.4607887268066,.
51654,.,-16.3714694976807,35.1387786865234,.
51655,.,-12.9386396408081,34.2872314453125,.
51656,.,-14.769229888916,35.1412315368652,.
51657,.,-12.4891901016235,34.1011581420898,.
51658,.,-15.9514398574829,35.0065002441406,.
51659,.,-10.0754804611206,33.3908882141113,.
51660,.,-9.86328983306885,33.6397018432617,.
51661,.,-15.7163801193237,34.8666915893555,.
51662,.,-12.6098203659058,33.5945816040039,.
51663,.,-13.3430795669556,33.9630699157715,.
51664,.,-13.8803300857544,34.505859375,.
51665,.,-14.2570199966431,34.1506118774414,.
51666,.,-10.8377304077148,33.9726791381836,.
51667,.,-13.8006896972656,34.4177589416504,.
51668,.,-16.9190807342529,35.2430992126465,.
51669,.,-14.6618604660034,34.7683982849121,.
51670,.,-14.0225801467896,33.828670501709,.
51671,.,-14.2234001159668,34.1374092102051,.
51672,.,-11.3422899246216,34.1177101135254,.
51673,.,-14.7290496826172,35.5430793762207,.
51674,.,-12.8630504608154,33.7195205688477,.
51675,.,-13.3213500976563,33.509220123291,.
51676,.,-15.4637298583984,34.6597213745117,.
51677,.,-13.4275503158569,34.2765617370605,.
51678,.,-15.8055400848389,35.1751518249512,.
51679,.,-15.2148399353027,34.6743202209473,.
51680,.,-15.4081401824951,35.3423118591309,.
51681,.,-15.7163801193237,34.8666915893555,.
51682,.,-15.5305795669556,35.2582893371582,.
51683,.,-15.397910118103,34.6706314086914,.
51684,.,-13.8241901397705,35.0955505371094,.
51685,.,-15.3873596191406,35.0263595581055,.
51686,.,-15.7625102996826,35.7987785339355,.
51687,.,-13.9996204376221,33.7579383850098,.
51688,.,-15.7596597671509,35.2966995239258,.
51689,.,-13.5561800003052,34.3863487243652,.
51690,.,-15.4030103683472,34.9573783874512,.
51691,.,-15.1424798965454,34.9976387023926,.
51692,.,-14.7911796569824,35.5734710693359,.
51693,.,-14.4236698150635,35.5990982055664,.
51694,.,-13.792519569397,32.8866806030273,.
51695,.,-15.566499710083,35.206428527832,.
51696,.,-15.4897899627686,34.6922798156738,.
51697,.,-10.683500289917,34.1934089660645,.
51698,.,-13.9383296966553,34.5154800415039,.
51699,.,-15.7023096084595,35.7064514160156,.
51700,.,-13.6808996200562,34.2480812072754,.
51701,.,-13.9383296966553,34.5154800415039,.
51702,.,-14.8789396286011,35.6135101318359,.
51703,.,-13.6808996200562,34.2480812072754,.
51704,.,-13.5345401763916,32.8610496520996,.
51705,.,-12.735179901123,34.1727981567383,.
51706,.,-10.2397403717041,33.6369094848633,.
51707,.,-14.8440504074097,35.0124206542969,.
51708,.,-14.1811103820801,34.1434593200684,.
51709,.,-14.4236698150635,35.5990982055664,.
51710,.,-14.6386604309082,34.5562591552734,.
51711,.,-15.6445798873901,35.1619682312012,.
51712,.,-15.3945198059082,35.3299789428711,.
51713,.,-14.4861698150635,34.4703102111816,.
51714,.,-15.0865697860718,35.2361793518066,.
51715,.,-17.0281391143799,35.2416610717773,.
51716,.,-15.8248796463013,34.4091491699219,.
51717,.,-13.7582302093506,32.8477096557617,.
51718,.,-14.8503704071045,34.7499008178711,.
51719,.,-13.3735303878784,33.9285888671875,.
51720,.,-9.59422016143799,33.3637504577637,.
51721,.,-10.9282903671265,33.9354782104492,.
51722,.,-13.2251996994019,33.713680267334,.
51723,.,-12.6483497619629,33.4777183532715,.
51724,.,-12.6448698043823,33.3255195617676,.
51725,.,-14.902250289917,34.6706008911133,.
51726,.,-13.7042303085327,32.8480491638184,.
51727,.,-16.0667095184326,35.1309394836426,.
51728,.,-16.3770008087158,35.2643394470215,.
51729,.,-13.837869644165,33.0589599609375,.
51730,.,-15.6445798873901,35.1619682312012,.
51731,.,-15.4633703231812,35.289249420166,.
51732,.,-14.6582202911377,35.0572395324707,.
51733,.,-13.7065601348877,33.7425498962402,.
51734,.,-13.3529195785522,33.9108009338379,.
51735,.,-15.9910898208618,34.9021682739258,.
51736,.,-13.7989196777344,34.2940292358398,.
51737,.,-12.0468702316284,33.646240234375,.
51738,.,-14.902250289917,34.6706008911133,.
51739,.,-11.3837995529175,33.8790283203125,.
51740,.,-12.6483497619629,33.4777183532715,.
51741,.,-16.0814800262451,35.7173309326172,.
51742,.,-16.0823001861572,35.4645004272461,.
51743,.,-14.9772396087646,34.9284896850586,.
51744,.,-12.735179901123,34.1727981567383,.
51745,.,-14.1376495361328,34.5063018798828,.
51746,.,-12.8140296936035,34.2050094604492,.
51747,.,-15.6445798873901,35.1619682312012,.
51748,.,-15.4719495773315,34.9919395446777,.
51749,.,-12.7194404602051,33.4780197143555,.
51750,.,-11.5144500732422,33.5005111694336,.
51751,.,-16.0486507415771,35.224910736084,.
51752,.,-15.5305795669556,35.2582893371582,.
51753,.,-10.8336896896362,33.5321388244629,.
51754,.,-14.5439701080322,35.3408889770508,.
51755,.,-11.4902095794678,33.9674110412598,.
51756,.,-16.1975402832031,34.9277992248535,.
51757,.,-15.4030103683472,34.9573783874512,.
51758,.,-13.8853302001953,33.7500991821289,.
51759,.,-14.6618604660034,34.7683982849121,.
51760,.,-11.6278800964355,34.1766014099121,.
51761,.,-13.0108995437622,33.5837593078613,.
51762,.,-11.2786998748779,33.5016784667969,.
51763,.,-12.7051296234131,33.2996101379395,.
51764,.,-15.4881496429443,35.3296585083008,.
51765,.,-15.0865697860718,35.2361793518066,.
51766,.,-15.0890998840332,35.490650177002,.
51767,.,-9.70057010650635,33.2391700744629,.
51768,.,-15.5968103408813,34.5047416687012,.
51769,.,-16.1995601654053,35.0732307434082,.
51770,.,-15.3951396942139,35.2604484558105,.
51771,.,-13.9141397476196,33.5478591918945,.
51772,.,-15.4051198959351,35.3204612731934,.
51773,.,-15.7163801193237,34.8666915893555,.
51774,.,-13.3857898712158,33.7499389648438,.
51775,.,-15.4207496643066,34.7366981506348,.
51776,.,-15.4827098846436,34.7860908508301,.
51777,.,-13.4842395782471,33.8846397399902,.
51778,.,-14.9389801025391,35.0640106201172,.
51779,.,-15.9035501480103,35.3258209228516,.
51780,.,-15.4468402862549,35.0949592590332,.
51781,.,-13.3430795669556,33.9630699157715,.
51782,.,-13.5738096237183,34.3303413391113,.
51783,.,-10.7936897277832,34.0494499206543,.
51784,.,-10.049750328064,33.9697494506836,.
51785,.,-15.5251703262329,34.5193099975586,.
51786,.,-11.3422899246216,34.1177101135254,.
51787,.,-14.6582202911377,35.0572395324707,.
51788,.,-10.8784103393555,33.579719543457,.
51789,.,-15.7735300064087,34.4424896240234,.
51790,.,-15.8671903610229,35.8014717102051,.
51791,.,-15.1095199584961,35.5335388183594,.
51792,.,-15.7359304428101,35.5938186645508,.
51793,.,-15.9952898025513,35.2813186645508,.
51794,.,-16.1988506317139,35.0076293945313,.
51795,.,-9.9284496307373,33.9324417114258,.
51796,.,-10.9029302597046,34.0634117126465,.
51797,.,-15.3418397903442,34.8341407775879,.
51798,.,-13.9141397476196,33.5478591918945,.
51799,.,-13.8718204498291,33.4013710021973,.
51800,.,-15.4827699661255,35.2339515686035,.
51801,.,-11.3422899246216,34.1177101135254,.
51802,.,-13.3857898712158,33.7499389648438,.
51803,.,-15.8314800262451,35.11669921875,.
51804,.,-13.7920503616333,33.2354698181152,.
51805,.,-14.188289642334,33.9618606567383,.
51806,.,-16.2134799957275,35.2244911193848,.
51807,.,-11.0051498413086,33.5626907348633,.
51808,.,-13.7048101425171,33.6004905700684,.
51809,.,-15.6957302093506,34.513801574707,.
51810,.,-15.5764999389648,35.1422386169434,.
51811,.,-14.7290496826172,35.5430793762207,.
51812,.,-11.3962297439575,34.0061683654785,.
51813,.,-15.0667896270752,35.3475112915039,.
51814,.,-15.7893896102905,35.3337707519531,.
51815,.,-10.049750328064,33.9697494506836,.
51816,.,-11.581130027771,34.0184516906738,.
51817,.,-12.9959602355957,33.8199501037598,.
51818,.,-12.6419296264648,34.1667709350586,.
51819,.,-11.6629295349121,34.2350997924805,.
51820,.,-15.376540184021,34.5810699462891,.
51821,.,-14.7861204147339,34.744068145752,.
51822,.,-12.1935501098633,33.6799583435059,.
51823,.,-10.9604902267456,33.7546997070313,.
51824,.,-15.6884098052979,34.5192794799805,.
51825,.,-15.3837299346924,35.3004302978516,.
51826,.,-14.978289604187,35.2451705932617,.
51827,.,-14.0225801467896,33.828670501709,.
51828,.,-13.7414503097534,32.9667587280273,.
51829,.,-15.531060218811,34.4603614807129,.
51830,.,-14.6322603225708,34.6211318969727,.
51831,.,-14.1254396438599,33.6027183532715,.
51832,.,-13.837869644165,33.0589599609375,.
51833,.,-13.1408195495605,33.4757614135742,.
51834,.,-14.9837598800659,35.1711616516113,.
51835,.,-13.0108995437622,33.5837593078613,.
51836,.,-15.63440990448,34.975170135498,.
51837,.,-14.9389801025391,35.0640106201172,.
51838,.,-15.1686601638794,35.4719390869141,.
51839,.,-13.8573799133301,33.3024406433105,.
51840,.,-14.2544803619385,33.7594184875488,.
51841,.,-13.4275798797607,33.2661094665527,.
51842,.,-15.7223796844482,35.1396408081055,.
51843,.,-15.2439699172974,34.6569404602051,.
51844,.,-15.5542497634888,35.3687210083008,.
51845,.,-13.7048101425171,33.6004905700684,.
51846,.,-9.94791030883789,33.9062309265137,.
51847,.,-15.4148502349854,35.3419494628906,.
51848,.,-13.399359703064,33.8680381774902,.
51849,.,-13.3656902313232,33.4001083374023,.
51850,.,-13.1408195495605,33.4757614135742,.
51851,.,-13.8985395431519,32.9834785461426,.
51852,.,-16.3654403686523,35.1124382019043,.
51853,.,-10.683500289917,34.1934089660645,.
51854,.,-15.7552995681763,35.6058807373047,.
51855,.,-15.3789300918579,35.3633308410645,.
51856,.,-11.4902095794678,33.9674110412598,.
51857,.,-10.2578401565552,33.6153717041016,.
51858,.,-14.3731002807617,33.9071617126465,.
51859,.,-14.8503704071045,34.7499008178711,.
51860,.,-13.8449897766113,34.384090423584,.
51861,.,-15.1808700561523,35.3272895812988,.
51862,.,-15.9377498626709,35.4617614746094,.
51863,.,-13.1488704681396,34.3321990966797,.
51864,.,-13.7203397750854,33.9900817871094,.
51865,.,-14.2544803619385,33.7594184875488,.
51866,.,-13.0519399642944,33.4975204467773,.
51867,.,-16.2856903076172,34.8779106140137,.
51868,.,-14.1301298141479,35.253978729248,.
51869,.,-13.2097597122192,34.2166786193848,.
51870,.,-15.6405296325684,35.179931640625,.
51871,.,-13.4426298141479,33.0125198364258,.
51872,.,-15.8137798309326,35.0007514953613,.
51873,.,-10.2397403717041,33.6369094848633,.
51874,.,-13.7213001251221,34.3323211669922,.
51875,.,-16.3095092773438,35.0664710998535,.
51876,.,-14.1755304336548,34.8777694702148,.
51877,.,-15.6145095825195,35.1133499145508,.
51878,.,-14.0559501647949,33.7145195007324,.
51879,.,-15.6850500106812,34.932788848877,.
51880,.,-13.691969871521,34.4607887268066,.
51881,.,-15.5903100967407,35.7436294555664,.
51882,.,-14.1249799728394,34.2055816650391,.
51883,.,-16.0764293670654,34.5844993591309,.
51884,.,-13.2268600463867,33.8662605285645,.
51885,.,-14.0151996612549,33.7350616455078,.
51886,.,-12.2150497436523,33.4475898742676,.
51887,.,-10.9604902267456,33.7546997070313,.
51888,.,-14.3713598251343,34.1142196655273,.
51889,.,-16.9263305664063,35.2435417175293,.
51890,.,-13.6323699951172,33.9716606140137,.
51891,.,-16.0814800262451,35.7173309326172,.
51892,.,-13.6808996200562,34.2480812072754,.
51893,.,-15.8400201797485,35.7650718688965,.
51894,.,-13.5394802093506,33.7365112304688,.
51895,.,-15.7614498138428,34.4197387695313,.
51896,.,-13.7393198013306,34.1567306518555,.
51897,.,-9.78184986114502,33.3635101318359,.
51898,.,-11.4000301361084,34.0081214904785,.
51899,.,-16.0823001861572,35.4645004272461,.
51900,.,-13.5187997817993,34.2733497619629,.
51901,.,-13.8006896972656,34.4177589416504,.
51902,.,-15.3940801620483,35.3284187316895,.
51903,.,-11.7719297409058,34.0525093078613,.
51904,.,-12.4417695999146,33.7865180969238,.
51905,.,-14.2028999328613,33.7443809509277,.
51906,.,-13.6001596450806,33.9002304077148,.
51907,.,-13.6125202178955,33.228630065918,.
51908,.,-14.1770601272583,34.2692718505859,.
51909,.,-12.2796401977539,33.4571189880371,.
51910,.,-14.3070697784424,33.6396293640137,.
51911,.,-11.6976203918457,34.2677307128906,.
51912,.,-11.7719297409058,34.0525093078613,.
51913,.,-13.6910600662231,33.7964096069336,.
51914,.,-13.9568700790405,34.0565605163574,.
51915,.,-13.1010704040527,33.7375411987305,.
51916,.,-15.3754796981812,35.3637008666992,.
51917,.,-11.5567302703857,34.1672286987305,.
51918,.,-15.8907403945923,34.9377784729004,.
51919,.,-13.6001596450806,33.9002304077148,.
51920,.,-13.5010204315186,33.7112884521484,.
51921,.,-15.4156999588013,35.3074989318848,.
51922,.,-13.399359703064,33.8680381774902,.
51923,.,-15.0400400161743,34.8817710876465,.
51924,.,-14.2415199279785,33.7132911682129,.
51925,.,-14.4811496734619,35.0109100341797,.
51926,.,-14.769229888916,35.1412315368652,.
51927,.,-10.8377304077148,33.9726791381836,.
51928,.,-15.4949197769165,35.6419296264648,.
51929,.,-13.6910600662231,33.7964096069336,.
51930,.,-14.435230255127,33.9451713562012,.
51931,.,-10.8377304077148,33.9726791381836,.
51932,.,-14.5439701080322,35.3408889770508,.
51933,.,-14.8440504074097,35.0124206542969,.
51934,.,-15.7757701873779,35.1521110534668,.
51935,.,-13.8985395431519,32.9834785461426,.
51936,.,-13.9888496398926,33.0356101989746,.
51937,.,-16.1988506317139,35.0076293945313,.
51938,.,-15.0496997833252,35.2010116577148,.
51939,.,-13.7920503616333,33.2354698181152,.
51940,.,-11.3145704269409,33.9706687927246,.
51941,.,-10.4448204040527,34.1068000793457,.
51942,.,-16.1072902679443,34.8353881835938,.
51943,.,-13.2663602828979,33.9988784790039,.
51944,.,-16.3498001098633,34.719539642334,.
51945,.,-10.4913902282715,34.1384582519531,.
51946,.,-13.3027095794678,34.1166305541992,.
51947,.,-16.1218395233154,35.5467109680176,.
51948,.,-13.7203397750854,33.9900817871094,.
51949,.,-11.6629295349121,34.2350997924805,.
51950,.,-13.530179977417,33.7944107055664,.
51951,.,-15.4633703231812,35.289249420166,.
51952,.,-14.8179597854614,35.5350799560547,.
51953,.,-15.5764999389648,35.1422386169434,.
51954,.,-13.7223701477051,33.8731498718262,.
51955,.,-15.3196601867676,35.4185600280762,.
51956,.,-15.8887996673584,35.2820510864258,.
51957,.,-15.9594202041626,35.423038482666,.
51958,.,-13.7673997879028,32.9330406188965,.
51959,.,-12.0468702316284,33.646240234375,.
51960,.,-14.7784204483032,35.8010101318359,.
51961,.,-15.0639295578003,34.8932304382324,.
51962,.,-14.655369758606,35.8396492004395,.
51963,.,-11.3837995529175,33.8790283203125,.
51964,.,-13.432089805603,33.9660301208496,.
51965,.,-13.7414503097534,32.9667587280273,.
51966,.,-13.6808996200562,34.2480812072754,.
51967,.,-13.3857898712158,33.7499389648438,.
51968,.,-13.2663602828979,33.9988784790039,.
51969,.,-11.9890403747559,33.5845489501953,.
51970,.,-13.5010204315186,33.7112884521484,.
51971,.,-13.5561800003052,34.3863487243652,.
51972,.,-15.1135196685791,35.2554092407227,.
51973,.,-15.5591201782227,35.3229713439941,.
51974,.,-15.956130027771,35.2426109313965,.
51975,.,-14.6582202911377,35.0572395324707,.
51976,.,-12.8904304504395,33.5020713806152,.
51977,.,-15.531060218811,34.4603614807129,.
51978,.,-14.3020601272583,34.674560546875,.
51979,.,-13.2097597122192,34.2166786193848,.
51980,.,-13.0454502105713,34.2270393371582,.
51981,.,-15.6957302093506,34.513801574707,.
51982,.,-14.9917001724243,34.7631187438965,.
51983,.,-15.2645597457886,35.3688087463379,.
51984,.,-15.5030698776245,35.6521682739258,.
51985,.,-13.4842395782471,33.8846397399902,.
51986,.,-16.1975402832031,34.9277992248535,.
51987,.,-15.038800239563,35.1061706542969,.
51988,.,-14.9263200759888,35.0874214172363,.
51989,.,-15.3954000473022,34.8364486694336,.
51990,.,-15.8237104415894,35.079460144043,.
51991,.,-16.2134799957275,35.2244911193848,.
51992,.,-14.188289642334,33.9618606567383,.
51993,.,-13.4187698364258,33.6028785705566,.
51994,.,-10.7936897277832,34.0494499206543,.
51995,.,-11.8856601715088,34.1372718811035,.
51996,.,-11.581130027771,34.0184516906738,.
51997,.,-14.1483402252197,33.8457794189453,.
51998,.,-16.4430809020996,35.1818008422852,.
51999,.,-14.0225801467896,33.828670501709,.
52000,.,-13.7393198013306,34.1567306518555,.
52001,.,-11.9890403747559,33.5845489501953,.
52002,.,-12.0468702316284,33.646240234375,.
52003,.,-9.64535999298096,33.3201599121094,.
52004,.,-14.9981203079224,35.1205902099609,.
52005,.,-15.2439699172974,34.6569404602051,.
52006,.,-13.7582302093506,32.8477096557617,.
52007,.,-13.232569694519,33.8411712646484,.
52008,.,-13.0108995437622,33.5837593078613,.
52009,.,-14.1948699951172,33.4779586791992,.
52010,.,-14.978289604187,35.2451705932617,.
52011,.,-15.8575096130371,34.9538307189941,.
52012,.,-14.3826303482056,34.0849609375,.
52013,.,-13.6401195526123,33.1221313476563,.
52014,.,-11.4496898651123,33.9781188964844,.
52015,.,-15.4030103683472,34.9573783874512,.
52016,.,-13.3342800140381,33.8982086181641,.
52017,.,-15.3837299346924,35.3004302978516,.
52018,.,-13.8955898284912,33.7527008056641,.
52019,.,-13.7947797775269,34.463981628418,.
52020,.,-12.0468702316284,33.646240234375,.
52021,.,-14.902250289917,34.6706008911133,.
52022,.,-14.9513101577759,34.6216316223145,.
52023,.,-10.9282903671265,33.9354782104492,.
52024,.,-14.8480796813965,35.5307884216309,.
52025,.,-13.2268600463867,33.8662605285645,.
52026,.,-15.5972900390625,34.4753913879395,.
52027,.,-13.7989196777344,34.2940292358398,.
52028,.,-15.0642004013062,35.171630859375,.
52029,.,-15.4207496643066,34.7366981506348,.
52030,.,-15.6957302093506,34.513801574707,.
52031,.,-15.5852203369141,35.200309753418,.
52032,.,-15.4253597259521,34.7216911315918,.
52033,.,-14.1948699951172,33.4779586791992,.
52034,.,-12.1935501098633,33.6799583435059,.
52035,.,-15.0639295578003,34.8932304382324,.
52036,.,-14.7217798233032,34.9384994506836,.
52037,.,-15.1424798965454,34.9976387023926,.
52038,.,-13.2663602828979,33.9988784790039,.
52039,.,-13.7414503097534,32.9667587280273,.
52040,.,-14.1483402252197,33.8457794189453,.
52041,.,-15.7532300949097,34.9717712402344,.
52042,.,-16.081880569458,35.491828918457,.
52043,.,-14.2934999465942,33.8274688720703,.
52044,.,-15.4253597259521,34.7216911315918,.
52045,.,-15.3156604766846,34.6679496765137,.
52046,.,-15.7735300064087,34.4424896240234,.
52047,.,-15.8367395401001,35.0361213684082,.
52048,.,-15.966420173645,35.7845191955566,.
52049,.,-15.4141702651978,34.8672485351563,.
52050,.,-14.2934999465942,33.8274688720703,.
52051,.,-14.8282604217529,35.2134094238281,.
52052,.,-13.399359703064,33.8680381774902,.
52053,.,-15.4147901535034,34.5917282104492,.
52054,.,-16.0681095123291,34.8623199462891,.
52055,.,-15.486180305481,34.6078796386719,.
52056,.,-15.8248796463013,34.4091491699219,.
52057,.,-14.1483402252197,33.8457794189453,.
52058,.,-16.0107307434082,34.5091705322266,.
52059,.,-14.3312501907349,33.9891510009766,.
52060,.,-14.60671043396,34.7633094787598,.
52061,.,-11.1545896530151,33.8852500915527,.
52062,.,-15.4148502349854,35.3419494628906,.
52063,.,-15.397910118103,34.6706314086914,.
52064,.,-14.8503704071045,34.7499008178711,.
52065,.,-15.9910898208618,34.9021682739258,.
52066,.,-15.9910898208618,34.9021682739258,.
52067,.,-13.1383304595947,33.9057388305664,.
52068,.,-15.3418397903442,34.8341407775879,.
52069,.,-14.6582202911377,35.0572395324707,.
52070,.,-11.3962297439575,34.0061683654785,.
52071,.,-11.3789596557617,33.8708610534668,.
52072,.,-14.4811496734619,35.0109100341797,.
52073,.,-14.2934999465942,33.8274688720703,.
52074,.,-17.005220413208,35.0824699401855,.
52075,.,-13.417140007019,34.0313301086426,.
52076,.,-15.685170173645,34.4705200195313,.
52077,.,-16.5737991333008,35.1119003295898,.
52078,.,-15.0366897583008,34.9911117553711,.
52079,.,-11.3789596557617,33.8708610534668,.
52080,.,-13.399359703064,33.8680381774902,.
52081,.,-14.1811103820801,34.1434593200684,.
52082,.,-15.4253597259521,34.7216911315918,.
52083,.,-14.4744300842285,35.2739791870117,.
52084,.,-15.7514801025391,35.682071685791,.
52085,.,-14.3070697784424,33.6396293640137,.
52086,.,-14.6839303970337,35.5371513366699,.
52087,.,-15.6982402801514,35.299430847168,.
52088,.,-13.1000604629517,34.3060417175293,.
52089,.,-13.7213001251221,34.3323211669922,.
52090,.,-13.1010704040527,33.7375411987305,.
52091,.,-13.9568700790405,34.0565605163574,.
52092,.,-14.2934999465942,33.8274688720703,.
52093,.,-13.8718204498291,33.4013710021973,.
52094,.,-15.6624097824097,34.9623413085938,.
52095,.,-14.7861204147339,34.744068145752,.
52096,.,-15.6957302093506,34.513801574707,.
52097,.,-15.4827098846436,34.7860908508301,.
52098,.,-15.7966203689575,34.5418815612793,.
52099,.,-14.1084003448486,33.9774208068848,.
52100,.,-15.3899297714233,35.174430847168,.
52101,.,-14.8140296936035,34.6603317260742,.
52102,.,-9.70057010650635,33.2391700744629,.
52103,.,-14.1527795791626,35.4116516113281,.
52104,.,-13.5675897598267,32.8633308410645,.
52105,.,-15.9910898208618,34.9021682739258,.
52106,.,-13.1010704040527,33.7375411987305,.
52107,.,-13.3797302246094,34.0458908081055,.
52108,.,-13.9239101409912,34.5238609313965,.
52109,.,-15.1808700561523,35.3272895812988,.
52110,.,-14.1948699951172,33.4779586791992,.
52111,.,-15.3855104446411,35.358570098877,.
52112,.,-15.531060218811,34.4603614807129,.
52113,.,-13.3797302246094,34.0458908081055,.
52114,.,-13.9568700790405,34.0565605163574,.
52115,.,-15.7386798858643,35.7275390625,.
52116,.,-15.5473899841309,34.7234001159668,.
52117,.,-15.376540184021,34.5810699462891,.
52118,.,-14.730019569397,34.6091690063477,.
52119,.,-13.2669696807861,34.1583595275879,.
52120,.,-12.2150497436523,33.4475898742676,.
52121,.,-12.2150497436523,33.4475898742676,.
52122,.,-16.0107307434082,34.5091705322266,.
52123,.,-14.8789396286011,35.6135101318359,.
52124,.,-15.3680801391602,34.871940612793,.
52125,.,-15.376540184021,34.5810699462891,.
52126,.,-14.9506397247314,34.833610534668,.
52127,.,-14.1897201538086,33.713809967041,.
52128,.,-13.3027095794678,34.1166305541992,.
52129,.,-14.3312501907349,33.9891510009766,.
52130,.,-13.688850402832,32.8800582885742,.
52131,.,-15.0400400161743,34.8817710876465,.
52132,.,-16.0242290496826,35.0012397766113,.
52133,.,-15.5852203369141,35.200309753418,.
52134,.,-13.417140007019,34.0313301086426,.
52135,.,-15.685170173645,34.4705200195313,.
52136,.,-15.6411199569702,35.7080192565918,.
52137,.,-14.1755304336548,34.8777694702148,.
52138,.,-15.8818597793579,35.1692085266113,.
52139,.,-14.3753004074097,34.3644599914551,.
52140,.,-15.7327499389648,34.6806716918945,.
52141,.,-13.3847904205322,33.7668991088867,.
52142,.,-13.6740598678589,34.9760093688965,.
52143,.,-15.3873596191406,35.0263595581055,.
52144,.,-13.3430795669556,33.9630699157715,.
52145,.,-14.8282604217529,35.2134094238281,.
52146,.,-13.7203397750854,33.9900817871094,.
52147,.,-9.71450996398926,33.2912483215332,.
52148,.,-13.8906602859497,33.8871803283691,.
52149,.,-13.5561800003052,34.3863487243652,.
52150,.,-14.60671043396,34.7633094787598,.
52151,.,-13.2934198379517,33.5790786743164,.
52152,.,-13.7920503616333,33.2354698181152,.
52153,.,-13.7582302093506,32.8477096557617,.
52154,.,-14.2234001159668,34.1374092102051,.
52155,.,-15.8111095428467,34.9839210510254,.
52156,.,-15.038800239563,35.1061706542969,.
52157,.,-13.8142595291138,33.0971183776855,.
52158,.,-14.8503704071045,34.7499008178711,.
52159,.,-15.7966203689575,34.5418815612793,.
52160,.,-14.6773700714111,35.4076614379883,.
52161,.,-14.60671043396,34.7633094787598,.
52162,.,-15.7461500167847,35.6137199401855,.
52163,.,-16.3275699615479,34.8806915283203,.
52164,.,-16.9097499847412,35.1698608398438,.
52165,.,-15.7623100280762,35.011848449707,.
52166,.,-15.3156604766846,34.6679496765137,.
52167,.,-11.0051498413086,33.5626907348633,.
52168,.,-13.2934198379517,33.5790786743164,.
52169,.,-14.8351697921753,34.9066505432129,.
52170,.,-13.8573799133301,33.3024406433105,.
52171,.,-13.3529195785522,33.9108009338379,.
52172,.,-15.7966203689575,34.5418815612793,.
52173,.,-15.6806297302246,34.4072494506836,.
52174,.,-15.4766902923584,34.5224685668945,.
52175,.,-15.4633703231812,35.289249420166,.
52176,.,-14.9513101577759,34.6216316223145,.
52177,.,-15.6884098052979,34.5192794799805,.
52178,.,-15.3873596191406,35.0263595581055,.
52179,.,-15.3858404159546,34.6245803833008,.
52180,.,-14.2570199966431,34.1506118774414,.
52181,.,-15.5972900390625,34.4753913879395,.
52182,.,-15.397910118103,34.6706314086914,.
52183,.,-15.4637298583984,34.6597213745117,.
52184,.,-11.3837995529175,33.8790283203125,.
52185,.,-13.9506998062134,33.948169708252,.
52186,.,-13.3802700042725,34.1984214782715,.
52187,.,-13.7906904220581,34.534740447998,.
52188,.,-13.7150201797485,33.4016418457031,.
52189,.,-16.3654403686523,35.1124382019043,.
52190,.,-14.8140296936035,34.6603317260742,.
52191,.,-14.1084003448486,33.9774208068848,.
52192,.,-11.1545896530151,33.8852500915527,.
52193,.,-15.3981704711914,35.3510894775391,.
52194,.,-15.7163801193237,34.8666915893555,.
52195,.,-15.63440990448,34.975170135498,.
52196,.,-14.3751096725464,35.0270385742188,.
52197,.,-11.7562599182129,33.4206886291504,.
52198,.,-14.730019569397,34.6091690063477,.
52199,.,-13.2268600463867,33.8662605285645,.
52200,.,-15.3156604766846,34.6679496765137,.
52201,.,-13.7334995269775,33.1918296813965,.
52202,.,-13.1408195495605,33.4757614135742,.
52203,.,-13.6418104171753,33.3506202697754,.
52204,.,-9.84584999084473,33.4064903259277,.
52205,.,-14.7217798233032,34.9384994506836,.
52206,.,-15.6145095825195,35.1133499145508,.
52207,.,-13.7393198013306,34.1567306518555,.
52208,.,-14.0718097686768,33.8645515441895,.
52209,.,-14.1948699951172,33.4779586791992,.
52210,.,-14.3894596099854,35.5569305419922,.
52211,.,-15.4300804138184,35.4271011352539,.
52212,.,-14.6773700714111,35.4076614379883,.
52213,.,-14.435230255127,33.9451713562012,.
52214,.,-15.4207496643066,34.7366981506348,.
52215,.,-15.4253597259521,34.7216911315918,.
52216,.,-14.9981203079224,35.1205902099609,.
52217,.,-15.4897899627686,34.6922798156738,.
52218,.,-15.4719495773315,34.9919395446777,.
52219,.,-15.0366897583008,34.9911117553711,.
52220,.,-15.7768201828003,35.1487503051758,.
52221,.,-16.0486507415771,35.224910736084,.
52222,.,-14.8282604217529,35.2134094238281,.
52223,.,-15.5747604370117,34.4779510498047,.
52224,.,-13.2934198379517,33.5790786743164,.
52225,.,-16.9097499847412,35.1698608398438,.
52226,.,-12.6419296264648,34.1667709350586,.
52227,.,-14.2934999465942,33.8274688720703,.
52228,.,-15.4637298583984,34.6597213745117,.
52229,.,-15.6694297790527,34.823070526123,.
52230,.,-16.3714694976807,35.1387786865234,.
52231,.,-13.4275503158569,34.2765617370605,.
52232,.,-13.7213001251221,34.3323211669922,.
52233,.,-15.7625102996826,35.7987785339355,.
52234,.,-14.978289604187,35.2451705932617,.
52235,.,-15.3858404159546,34.6245803833008,.
52236,.,-15.376540184021,34.5810699462891,.
52237,.,-13.4842395782471,33.8846397399902,.
52238,.,-14.6618604660034,34.7683982849121,.
52239,.,-15.5473899841309,34.7234001159668,.
52240,.,-13.3567304611206,33.7945899963379,.
52241,.,-15.3858404159546,34.6245803833008,.
52242,.,-14.6582202911377,35.0572395324707,.
52243,.,-13.6125202178955,33.228630065918,.
52244,.,-14.9263200759888,35.0874214172363,.
52245,.,-12.6098203659058,33.5945816040039,.
52246,.,-10.9258899688721,34.0708198547363,.
52247,.,-15.8400201797485,35.7650718688965,.
52248,.,-15.5473899841309,34.7234001159668,.
52249,.,-15.6411199569702,35.7080192565918,.
52250,.,-16.1218395233154,35.5467109680176,.
52251,.,-15.0400400161743,34.8817710876465,.
52252,.,-13.8573799133301,33.3024406433105,.
52253,.,-14.7888298034668,35.0154800415039,.
52254,.,-14.6773700714111,35.4076614379883,.
52255,.,-15.6405296325684,35.179931640625,.
52256,.,-15.966420173645,35.7845191955566,.
52257,.,-15.4253597259521,34.7216911315918,.
52258,.,-15.3156604766846,34.6679496765137,.
52259,.,-14.8503704071045,34.7499008178711,.
52260,.,-14.435230255127,33.9451713562012,.
52261,.,-16.0814800262451,35.7173309326172,.
52262,.,-13.9568700790405,34.0565605163574,.
52263,.,-13.5738096237183,34.3303413391113,.
52264,.,-15.5573997497559,34.5163383483887,.
52265,.,-15.5573997497559,34.5163383483887,.
52266,.,-12.1007499694824,33.3503799438477,.
52267,.,-13.8449897766113,34.384090423584,.
52268,.,-15.8731098175049,35.5048789978027,.
52269,.,-15.376540184021,34.5810699462891,.
52270,.,-15.9594202041626,35.423038482666,.
52271,.,-15.6806297302246,34.4072494506836,.
52272,.,-14.9513101577759,34.6216316223145,.
52273,.,-15.7734498977661,34.5073890686035,.
52274,.,-14.9917001724243,34.7631187438965,.
52275,.,-13.8985395431519,32.9834785461426,.
52276,.,-15.376540184021,34.5810699462891,.
52277,.,-15.4897899627686,34.6922798156738,.
52278,.,-14.4811496734619,35.0109100341797,.
52279,.,-16.5737991333008,35.1119003295898,.
52280,.,-16.3714694976807,35.1387786865234,.
52281,.,-15.7710800170898,35.065788269043,.
52282,.,-15.6804399490356,35.0921516418457,.
52283,.,-15.0639295578003,34.8932304382324,.
52284,.,-14.9506397247314,34.833610534668,.
52285,.,-15.4637298583984,34.6597213745117,.
52286,.,-15.2645597457886,35.3688087463379,.
52287,.,-13.3529195785522,33.9108009338379,.
52288,.,-15.0890998840332,35.490650177002,.
52289,.,-13.8906602859497,33.8871803283691,.
52290,.,-13.6740598678589,34.9760093688965,.
52291,.,-14.2028999328613,33.7443809509277,.
52292,.,-15.7306299209595,34.9882011413574,.
52293,.,-15.6957302093506,34.513801574707,.
52294,.,-15.5848703384399,35.0989112854004,.
52295,.,-13.6418104171753,33.3506202697754,.
52296,.,-15.4637298583984,34.6597213745117,.
52297,.,-11.4285001754761,34.0180816650391,.
52298,.,-15.1808700561523,35.3272895812988,.
52299,.,-14.2415199279785,33.7132911682129,.
52300,.,-15.8042497634888,34.9553718566895,.
52301,.,-13.3847904205322,33.7668991088867,.
52302,.,-15.685170173645,34.4705200195313,.
52303,.,-11.2786998748779,33.5016784667969,.
52304,.,-14.4861698150635,34.4703102111816,.
52305,.,-15.4207496643066,34.7366981506348,.
52306,.,-16.3714694976807,35.1387786865234,.
52307,.,-14.1897201538086,33.713809967041,.
52308,.,-15.5862503051758,35.0452919006348,.
52309,.,-13.0519399642944,33.4975204467773,.
52310,.,-16.0814800262451,35.7173309326172,.
52311,.,-15.3899297714233,35.174430847168,.
52312,.,-13.4842395782471,33.8846397399902,.
52313,.,-15.8671903610229,35.8014717102051,.
52314,.,-13.3857898712158,33.7499389648438,.
52315,.,-14.902250289917,34.6706008911133,.
52316,.,-13.9239101409912,34.5238609313965,.
52317,.,-14.0428495407104,34.3045082092285,.
52318,.,-15.3418397903442,34.8341407775879,.
52319,.,-14.2934999465942,33.8274688720703,.
52320,.,-15.5251703262329,34.5193099975586,.
52321,.,-14.4033498764038,34.2912483215332,.
52322,.,-13.3797302246094,34.0458908081055,.
52323,.,-13.9607200622559,33.5564002990723,.
52324,.,-13.8906602859497,33.8871803283691,.
52325,.,-14.6618604660034,34.7683982849121,.
52326,.,-15.3858404159546,34.6245803833008,.
52327,.,-12.0468702316284,33.646240234375,.
52328,.,-9.78184986114502,33.3635101318359,.
52329,.,-15.8042497634888,34.9553718566895,.
52330,.,-15.3858404159546,34.6245803833008,.
52331,.,-14.2276601791382,34.2863807678223,.
52332,.,-15.7386798858643,35.7275390625,.
52333,.,-15.8731098175049,35.5048789978027,.
52334,.,-15.376540184021,34.5810699462891,.
52335,.,-14.8277702331543,35.7442016601563,.
52336,.,-13.3567304611206,33.7945899963379,.
52337,.,-10.8450899124146,33.9892501831055,.
52338,.,-15.4766902923584,34.5224685668945,.
52339,.,-13.4309701919556,34.2332305908203,.
52340,.,-14.902250289917,34.6706008911133,.
52341,.,-9.70057010650635,33.2391700744629,.
52342,.,-13.2934198379517,33.5790786743164,.
52343,.,-14.3020601272583,34.674560546875,.
52344,.,-14.8128795623779,34.627498626709,.
52345,.,-13.8464403152466,33.2362899780273,.
52346,.,-13.837869644165,33.0589599609375,.
52347,.,-15.7306299209595,34.9882011413574,.
52348,.,-14.1948699951172,33.4779586791992,.
52349,.,-15.6145095825195,35.1133499145508,.
52350,.,-15.7461500167847,35.6137199401855,.
52351,.,-15.6850500106812,34.932788848877,.
52352,.,-14.1948699951172,33.4779586791992,.
52353,.,-13.3868198394775,33.1138305664063,.
52354,.,-15.5862503051758,35.0452919006348,.
52355,.,-15.3156604766846,34.6679496765137,.
52356,.,-15.3837299346924,35.3004302978516,.
52357,.,-16.3275699615479,34.8806915283203,.
52358,.,-15.5747604370117,34.4779510498047,.
52359,.,-14.8503704071045,34.7499008178711,.
52360,.,-15.6804399490356,35.0921516418457,.
52361,.,-15.4253597259521,34.7216911315918,.
52362,.,-15.1808700561523,35.3272895812988,.
52363,.,-14.0522203445435,33.4851112365723,.
52364,.,-15.7405595779419,34.3990287780762,.
52365,.,-14.2934999465942,33.8274688720703,.
52366,.,-15.4081296920776,35.3416595458984,.
52367,.,-15.4766902923584,34.5224685668945,.
52368,.,-15.5314197540283,35.7968406677246,.
52369,.,-12.8140296936035,34.2050094604492,.
52370,.,-15.6660099029541,34.4734382629395,.
52371,.,-13.8006896972656,34.4177589416504,.
52372,.,-14.1483402252197,33.8457794189453,.
52373,.,-14.0292501449585,33.772289276123,.
52374,.,-15.1808700561523,35.3272895812988,.
52375,.,-15.4147901535034,34.5917282104492,.
52376,.,-15.7163801193237,34.8666915893555,.
52377,.,-13.5738096237183,34.3303413391113,.
52378,.,-15.2439699172974,34.6569404602051,.
52379,.,-13.8573799133301,33.3024406433105,.
52380,.,-14.1254396438599,33.6027183532715,.
52381,.,-16.081880569458,35.491828918457,.
52382,.,-14.8480796813965,35.5307884216309,.
52383,.,-14.435230255127,33.9451713562012,.
52384,.,-15.3204002380371,35.2476501464844,.
52385,.,-14.6773700714111,35.4076614379883,.
52386,.,-15.4897899627686,34.6922798156738,.
52387,.,-15.7893896102905,35.3337707519531,.
52388,.,-15.4070596694946,35.0435218811035,.
52389,.,-15.1287298202515,35.4508514404297,.
52390,.,-15.531060218811,34.4603614807129,.
52391,.,-14.2028999328613,33.7443809509277,.
52392,.,-14.2934999465942,33.8274688720703,.
52393,.,-15.3954000473022,34.8364486694336,.
52394,.,-14.2415199279785,33.7132911682129,.
52395,.,-14.9837598800659,35.1711616516113,.
52396,.,-13.5738096237183,34.3303413391113,.
52397,.,-15.6660099029541,34.4734382629395,.
52398,.,-13.9141397476196,33.5478591918945,.
52399,.,-16.3275699615479,34.8806915283203,.
52400,.,-14.435230255127,33.9451713562012,.
52401,.,-13.8241901397705,35.0955505371094,.
52402,.,-15.5473899841309,34.7234001159668,.
52403,.,-15.6445798873901,35.1619682312012,.
52404,.,-14.1483402252197,33.8457794189453,.
52405,.,-14.0878000259399,33.9263687133789,.
52406,.,-15.7012796401978,35.3775901794434,.
52407,.,-13.3797302246094,34.0458908081055,.
52408,.,-15.4897899627686,34.6922798156738,.
52409,.,-13.1838598251343,33.2934303283691,.
52410,.,-15.531060218811,34.4603614807129,.
52411,.,-13.8985395431519,32.9834785461426,.
52412,.,-14.6322603225708,34.6211318969727,.
52413,.,-15.6405296325684,35.179931640625,.
52414,.,-12.2150497436523,33.4475898742676,.
52415,.,-15.4633703231812,35.289249420166,.
52416,.,-14.1948699951172,33.4779586791992,.
52417,.,-15.3858404159546,34.6245803833008,.
52418,.,-15.6957302093506,34.513801574707,.
52419,.,-15.3945198059082,35.3299789428711,.
52420,.,-14.3826303482056,34.0849609375,.
52421,.,-14.8179597854614,35.5350799560547,.
52422,.,-13.9555101394653,33.2108192443848,.
52423,.,-15.8731098175049,35.5048789978027,.
52424,.,-14.1811103820801,34.1434593200684,.
52425,.,-15.9113101959229,35.3177795410156,.
52426,.,-13.6418104171753,33.3506202697754,.
52427,.,-14.3138704299927,34.2398986816406,.
52428,.,-14.8179597854614,35.5350799560547,.
52429,.,-13.2251996994019,33.713680267334,.
52430,.,-15.4037504196167,35.3303489685059,.
52431,.,-13.8573799133301,33.3024406433105,.
52432,.,-14.1770601272583,34.2692718505859,.
52433,.,-15.6169395446777,35.6684417724609,.
52434,.,-15.1910600662231,35.0622100830078,.
52435,.,-15.2972402572632,35.4795913696289,.
52436,.,-14.2276601791382,34.2863807678223,.
52437,.,-11.2140798568726,34.1311111450195,.
52438,.,-16.3838901519775,35.1765785217285,.
52439,.,-12.4123201370239,34.0143203735352,.
52440,.,-15.7757701873779,35.1521110534668,.
52441,.,-13.7048101425171,33.6004905700684,.
52442,.,-13.3342800140381,33.8982086181641,.
52443,.,-13.4657802581787,34.0375518798828,.
52444,.,-15.4300804138184,35.4271011352539,.
52445,.,-16.0242290496826,35.0012397766113,.
52446,.,-13.4461297988892,33.8257102966309,.
52447,.,-13.792519569397,32.8866806030273,.
52448,.,-11.3789596557617,33.8708610534668,.
52449,.,-15.8019895553589,35.265380859375,.
52450,.,-14.6034898757935,35.1805305480957,.
52451,.,-15.9035501480103,35.3258209228516,.
52452,.,-13.1541299819946,34.1675491333008,.
52453,.,-14.950309753418,35.4952011108398,.
52454,.,-16.1979999542236,34.7387084960938,.
52455,.,-15.5862503051758,35.0452919006348,.
52456,.,-13.0108995437622,33.5837593078613,.
52457,.,-15.7596597671509,35.2966995239258,.
52458,.,-15.4207496643066,34.7366981506348,.
52459,.,-10.8377304077148,33.9726791381836,.
52460,.,-15.403829574585,35.3195304870605,.
52461,.,-11.4060697555542,33.990909576416,.
52462,.,-15.7410297393799,35.1948089599609,.
52463,.,-13.5345401763916,32.8610496520996,.
52464,.,-14.1084003448486,33.9774208068848,.
52465,.,-15.9923696517944,35.297679901123,.
52466,.,-14.1527795791626,35.4116516113281,.
52467,.,-16.1072902679443,34.8353881835938,.
52468,.,-13.2934198379517,33.5790786743164,.
52469,.,-10.049750328064,33.9697494506836,.
52470,.,-13.4461297988892,33.8257102966309,.
52471,.,-12.1935501098633,33.6799583435059,.
52472,.,-14.3713598251343,34.1142196655273,.
52473,.,-15.7768201828003,35.1487503051758,.
52474,.,-14.868579864502,35.2034683227539,.
52475,.,-12.1935501098633,33.6799583435059,.
52476,.,-15.4468402862549,35.0949592590332,.
52477,.,-15.0869998931885,34.6039085388184,.
52478,.,-14.3706398010254,35.306568145752,.
52479,.,-14.0133199691772,33.7976112365723,.
52480,.,-12.7051296234131,33.2996101379395,.
52481,.,-14.1222696304321,34.3262100219727,.
52482,.,-13.3847904205322,33.7668991088867,.
52483,.,-16.0041103363037,35.441520690918,.
52484,.,-13.3797302246094,34.0458908081055,.
52485,.,-15.6982402801514,35.299430847168,.
52486,.,-13.6418104171753,33.3506202697754,.
52487,.,-15.5189304351807,35.4697303771973,.
52488,.,-15.7734498977661,34.5073890686035,.
52489,.,-12.2796401977539,33.4571189880371,.
52490,.,-10.7078504562378,34.0358810424805,.
52491,.,-15.4463701248169,35.4656410217285,.
52492,.,-15.5189304351807,35.4697303771973,.
52493,.,-14.6618604660034,34.7683982849121,.
52494,.,-13.7042303085327,32.8480491638184,.
52495,.,-13.2130899429321,33.5946311950684,.
52496,.,-12.6448698043823,33.3255195617676,.
52497,.,-15.7734498977661,34.5073890686035,.
52498,.,-13.2268600463867,33.8662605285645,.
52499,.,-13.7150201797485,33.4016418457031,.
52500,.,-11.7442302703857,33.938549041748,.
52501,.,-13.5300798416138,33.8973693847656,.
52502,.,-13.0454502105713,34.2270393371582,.
52503,.,-15.0352201461792,35.5046997070313,.
52504,.,-15.8966798782349,35.1106605529785,.
52505,.,-15.1095199584961,35.5335388183594,.
52506,.,-15.9910898208618,34.9021682739258,.
52507,.,-15.7734498977661,34.5073890686035,.
52508,.,-14.1770601272583,34.2692718505859,.
52509,.,-13.1010704040527,33.7375411987305,.
52510,.,-15.5189304351807,35.4697303771973,.
52511,.,-15.531060218811,34.4603614807129,.
52512,.,-15.3776798248291,35.3586502075195,.
52513,.,-16.1979999542236,34.7387084960938,.
52514,.,-12.1935501098633,33.6799583435059,.
52515,.,-16.0764293670654,34.5844993591309,.
52516,.,-16.1979999542236,34.7387084960938,.
52517,.,-15.3196601867676,35.4185600280762,.
52518,.,-16.0200099945068,35.0729713439941,.
52519,.,-15.7596597671509,35.2966995239258,.
52520,.,-15.4637298583984,34.6597213745117,.
52521,.,-15.8416004180908,35.7917098999023,.
52522,.,-12.6098203659058,33.5945816040039,.
52523,.,-13.4309701919556,34.2332305908203,.
52524,.,-15.8314800262451,35.11669921875,.
52525,.,-15.6445798873901,35.1619682312012,.
52526,.,-10.8377304077148,33.9726791381836,.
52527,.,-14.5475997924805,35.7540817260742,.
52528,.,-11.7562599182129,33.4206886291504,.
52529,.,-15.8887996673584,35.2820510864258,.
52530,.,-16.1995601654053,35.0732307434082,.
52531,.,-15.7596597671509,35.2966995239258,.
52532,.,-13.7042303085327,32.8480491638184,.
52533,.,-15.3204002380371,35.2476501464844,.
52534,.,-15.3204002380371,35.2476501464844,.
52535,.,-15.6411199569702,35.7080192565918,.
52536,.,-12.1007499694824,33.3503799438477,.
52537,.,-15.4156999588013,35.3074989318848,.
52538,.,-14.3312501907349,33.9891510009766,.
52539,.,-13.1541299819946,34.1675491333008,.
52540,.,-16.0814800262451,35.7173309326172,.
52541,.,-14.7861204147339,34.744068145752,.
52542,.,-10.9779500961304,33.9525489807129,.
52543,.,-13.4463396072388,33.4062004089355,.
52544,.,-15.5852203369141,35.200309753418,.
52545,.,-15.5852203369141,35.200309753418,.
52546,.,-13.4463396072388,33.4062004089355,.
52547,.,-11.3789596557617,33.8708610534668,.
52548,.,-15.486180305481,34.6078796386719,.
52549,.,-14.655369758606,35.8396492004395,.
52550,.,-15.566499710083,35.206428527832,.
52551,.,-13.6125202178955,33.228630065918,.
52552,.,-9.69326019287109,33.2746200561523,.
52553,.,-13.3802700042725,34.1984214782715,.
52554,.,-10.9604902267456,33.7546997070313,.
52555,.,-15.4881496429443,35.3296585083008,.
52556,.,-15.7596597671509,35.2966995239258,.
52557,.,-15.7223796844482,35.1396408081055,.
52558,.,-14.1044397354126,33.4143714904785,.
52559,.,-14.8179597854614,35.5350799560547,.
52560,.,-11.4500102996826,34.0061492919922,.
52561,.,-11.2140798568726,34.1311111450195,.
52562,.,-15.1910600662231,35.0622100830078,.
52563,.,-14.950309753418,35.4952011108398,.
52564,.,-10.3432397842407,34.0757713317871,.
52565,.,-16.0242290496826,35.0012397766113,.
52566,.,-13.1833600997925,33.8633995056152,.
52567,.,-14.8140296936035,34.6603317260742,.
52568,.,-14.9389801025391,35.0640106201172,.
52569,.,-14.0061902999878,33.3196983337402,.
52570,.,-13.7920503616333,33.2354698181152,.
52571,.,-15.3680801391602,34.871940612793,.
52572,.,-12.6448698043823,33.3255195617676,.
52573,.,-11.7442302703857,33.938549041748,.
52574,.,-11.4816198348999,34.007740020752,.
52575,.,-14.950309753418,35.4952011108398,.
52576,.,-14.1948699951172,33.4779586791992,.
52577,.,-15.4468402862549,35.0949592590332,.
52578,.,-13.2934198379517,33.5790786743164,.
52579,.,-15.038800239563,35.1061706542969,.
52580,.,-15.3933801651001,35.3365783691406,.
52581,.,-12.4123201370239,34.0143203735352,.
52582,.,-15.3204002380371,35.2476501464844,.
52583,.,-13.3887796401978,33.8467102050781,.
52584,.,-10.9604902267456,33.7546997070313,.
52585,.,-14.9389801025391,35.0640106201172,.
52586,.,-15.2645597457886,35.3688087463379,.
52587,.,-15.7614498138428,34.4197387695313,.
52588,.,-13.1010704040527,33.7375411987305,.
52589,.,-15.0366897583008,34.9911117553711,.
52590,.,-13.5593595504761,33.5165100097656,.
52591,.,-13.7920503616333,33.2354698181152,.
52592,.,-14.4575099945068,34.650390625,.
52593,.,-14.9256401062012,35.6623001098633,.
52594,.,-11.0051498413086,33.5626907348633,.
52595,.,-13.6418104171753,33.3506202697754,.
52596,.,-14.9917001724243,34.7631187438965,.
52597,.,-13.789529800415,33.5550498962402,.
52598,.,-15.6957302093506,34.513801574707,.
52599,.,-13.4461297988892,33.8257102966309,.
52600,.,-16.2134799957275,35.2244911193848,.
52601,.,-13.1010704040527,33.7375411987305,.
52602,.,-14.2234001159668,34.1374092102051,.
52603,.,-15.4633703231812,35.289249420166,.
52604,.,-14.5461902618408,34.578800201416,.
52605,.,-13.9464302062988,33.7152709960938,.
52606,.,-15.3156604766846,34.6679496765137,.
52607,.,-15.6145095825195,35.1133499145508,.
52608,.,-13.4309701919556,34.2332305908203,.
52609,.,-13.6294002532959,32.934009552002,.
52610,.,-15.4463701248169,35.4656410217285,.
52611,.,-15.8907403945923,34.9377784729004,.
52612,.,-15.9910898208618,34.9021682739258,.
52613,.,-11.1545896530151,33.8852500915527,.
52614,.,-12.6448698043823,33.3255195617676,.
52615,.,-15.5189304351807,35.4697303771973,.
52616,.,-13.7989196777344,34.2940292358398,.
52617,.,-16.0872497558594,34.999340057373,.
52618,.,-14.769229888916,35.1412315368652,.
52619,.,-15.4719495773315,34.9919395446777,.
52620,.,-15.5189304351807,35.4697303771973,.
52621,.,-13.3847904205322,33.7668991088867,.
52622,.,-12.4123201370239,34.0143203735352,.
52623,.,-11.7442302703857,33.938549041748,.
52624,.,-13.3857898712158,33.7499389648438,.
52625,.,-10.7936897277832,34.0494499206543,.
52626,.,-15.7596597671509,35.2966995239258,.
52627,.,-15.3933801651001,35.3365783691406,.
52628,.,-15.1095199584961,35.5335388183594,.
52629,.,-13.232569694519,33.8411712646484,.
52630,.,-16.0764293670654,34.5844993591309,.
52631,.,-13.232569694519,33.8411712646484,.
52632,.,-12.6448698043823,33.3255195617676,.
52633,.,-11.3789596557617,33.8708610534668,.
52634,.,-13.232569694519,33.8411712646484,.
52635,.,-15.3680801391602,34.871940612793,.
52636,.,-13.2251996994019,33.713680267334,.
52637,.,-13.2251996994019,33.713680267334,.
52638,.,-13.432089805603,33.9660301208496,.
52639,.,-12.7051296234131,33.2996101379395,.
52640,.,-10.4448204040527,34.1068000793457,.
52641,.,-12.7051296234131,33.2996101379395,.
52642,.,-10.9604902267456,33.7546997070313,.
52643,.,-13.0690603256226,33.3929710388184,.
52644,.,-15.8887996673584,35.2820510864258,.
52645,.,-14.6839303970337,35.5371513366699,.
52646,.,-15.7596597671509,35.2966995239258,.
52647,.,-15.0869998931885,34.6039085388184,.
52648,.,-15.9506101608276,34.8200492858887,.
52649,.,-13.7947797775269,34.463981628418,.
52650,.,-14.6618604660034,34.7683982849121,.
52651,.,-10.8336896896362,33.5321388244629,.
52652,.,-13.991060256958,34.5064315795898,.
52653,.,-15.0642004013062,35.171630859375,.
52654,.,-16.1066493988037,35.3063011169434,.
52655,.,-15.7768201828003,35.1487503051758,.
52656,.,-15.8490800857544,35.3488388061523,.
52657,.,-15.9035501480103,35.3258209228516,.
52658,.,-15.4070596694946,35.0435218811035,.
52659,.,-13.7042303085327,32.8480491638184,.
52660,.,-13.6910600662231,33.7964096069336,.
52661,.,-14.978289604187,35.2451705932617,.
52662,.,-16.1995601654053,35.0732307434082,.
52663,.,-14.4861698150635,34.4703102111816,.
52664,.,-14.3138704299927,34.2398986816406,.
52665,.,-15.4719495773315,34.9919395446777,.
52666,.,-15.6169395446777,35.6684417724609,.
52667,.,-14.9981203079224,35.1205902099609,.
52668,.,-15.8480796813965,35.0459594726563,.
52669,.,-14.9658803939819,34.9858207702637,.
52670,.,-15.1910600662231,35.0622100830078,.
52671,.,-14.6322603225708,34.6211318969727,.
52672,.,-14.4033498764038,34.2912483215332,.
52673,.,-11.5144701004028,33.4363403320313,.
52674,.,-15.8055400848389,35.1751518249512,.
52675,.,-15.0366897583008,34.9911117553711,.
52676,.,-15.8671903610229,35.8014717102051,.
52677,.,-15.0352201461792,35.5046997070313,.
52678,.,-13.5187997817993,34.2733497619629,.
52679,.,-14.0359001159668,34.3325309753418,.
52680,.,-13.1833600997925,33.8633995056152,.
52681,.,-13.9555101394653,33.2108192443848,.
52682,.,-14.4861698150635,34.4703102111816,.
52683,.,-16.1516990661621,35.2084007263184,.
52684,.,-14.4627103805542,34.0289192199707,.
52685,.,-16.066930770874,35.0717010498047,.
52686,.,-15.9952898025513,35.2813186645508,.
52687,.,-15.9952898025513,35.2813186645508,.
52688,.,-15.1424798965454,34.9976387023926,.
52689,.,-15.2898101806641,35.0452613830566,.
52690,.,-14.5439701080322,35.3408889770508,.
52691,.,-16.0202407836914,35.4409790039063,.
52692,.,-13.8042497634888,33.674690246582,.
52693,.,-14.7861204147339,34.744068145752,.
52694,.,-15.7209997177124,35.5293807983398,.
52695,.,-15.566499710083,35.206428527832,.
52696,.,-14.2570199966431,34.1506118774414,.
52697,.,-11.5144701004028,33.4363403320313,.
52698,.,-15.9725704193115,35.3785285949707,.
52699,.,-14.9513101577759,34.6216316223145,.
52700,.,-16.1516990661621,35.2084007263184,.
52701,.,-14.3713598251343,34.1142196655273,.
52702,.,-13.8449897766113,34.384090423584,.
52703,.,-15.9113101959229,35.3177795410156,.
52704,.,-15.5848703384399,35.0989112854004,.
52705,.,-13.9612503051758,33.6136016845703,.
52706,.,-13.7906904220581,34.534740447998,.
52707,.,-16.2331504821777,35.1204109191895,.
52708,.,-14.3731002807617,33.9071617126465,.
52709,.,-14.1222696304321,34.3262100219727,.
52710,.,-14.5439701080322,35.3408889770508,.
52711,.,-15.0400400161743,34.8817710876465,.
52712,.,-14.1755304336548,34.8777694702148,.
52713,.,-15.966420173645,35.7845191955566,.
52714,.,-12.9611902236938,34.2550086975098,.
52715,.,-15.3789300918579,35.3633308410645,.
52716,.,-15.5968103408813,34.5047416687012,.
52717,.,-15.8019895553589,35.265380859375,.
52718,.,-15.4766902923584,34.5224685668945,.
52719,.,-11.8008003234863,33.4245109558105,.
52720,.,-14.6139001846313,35.8041381835938,.
52721,.,-11.5567302703857,34.1672286987305,.
52722,.,-10.2578401565552,33.6153717041016,.
52723,.,-16.081880569458,35.491828918457,.
52724,.,-13.2268600463867,33.8662605285645,.
52725,.,-15.9022302627563,35.4151000976563,.
52726,.,-13.3213500976563,33.509220123291,.
52727,.,-15.9022302627563,35.4151000976563,.
52728,.,-13.7213001251221,34.3323211669922,.
52729,.,-16.0823001861572,35.4645004272461,.
52730,.,-13.6401195526123,33.1221313476563,.
52731,.,-11.5144701004028,33.4363403320313,.
52732,.,-13.8803300857544,34.505859375,.
52733,.,-14.3706398010254,35.306568145752,.
52734,.,-15.7734498977661,34.5073890686035,.
52735,.,-13.7065601348877,33.7425498962402,.
52736,.,-15.8314800262451,35.11669921875,.
52737,.,-14.5475997924805,35.7540817260742,.
52738,.,-13.6645698547363,33.6965217590332,.
52739,.,-15.6879301071167,35.7680511474609,.
52740,.,-16.0823001861572,35.4645004272461,.
52741,.,-15.8019895553589,35.265380859375,.
52742,.,-15.5189304351807,35.4697303771973,.
52743,.,-15.7966203689575,34.5418815612793,.
52744,.,-15.9888601303101,35.4467010498047,.
52745,.,-16.1536102294922,35.3490409851074,.
52746,.,-13.2130899429321,33.5946311950684,.
52747,.,-15.9888601303101,35.4467010498047,.
52748,.,-15.8490800857544,35.3488388061523,.
52749,.,-15.4949197769165,35.6419296264648,.
52750,.,-15.7885503768921,35.608829498291,.
52751,.,-15.7768201828003,35.1487503051758,.
52752,.,-15.3789300918579,35.3633308410645,.
52753,.,-13.8718204498291,33.4013710021973,.
52754,.,-13.7213001251221,34.3323211669922,.
52755,.,-15.4766902923584,34.5224685668945,.
52756,.,-15.5764999389648,35.1422386169434,.
52757,.,-16.1066493988037,35.3063011169434,.
52758,.,-13.6208200454712,33.8025588989258,.
52759,.,-15.8314800262451,35.11669921875,.
52760,.,-14.1811103820801,34.1434593200684,.
52761,.,-15.615650177002,35.1616401672363,.
52762,.,-14.9513101577759,34.6216316223145,.
52763,.,-16.1988506317139,35.0076293945313,.
52764,.,-15.7893896102905,35.3337707519531,.
52765,.,-11.581130027771,34.0184516906738,.
52766,.,-14.6322603225708,34.6211318969727,.
52767,.,-10.7078504562378,34.0358810424805,.
52768,.,-15.6957302093506,34.513801574707,.
52769,.,-16.0107307434082,34.5091705322266,.
52770,.,-16.0041103363037,35.441520690918,.
52771,.,-16.0823001861572,35.4645004272461,.
52772,.,-11.4496898651123,33.9781188964844,.
52773,.,-16.066930770874,35.0717010498047,.
52774,.,-14.950309753418,35.4952011108398,.
52775,.,-15.7734498977661,34.5073890686035,.
52776,.,-16.0486507415771,35.224910736084,.
52777,.,-15.4463701248169,35.4656410217285,.
52778,.,-13.9607200622559,33.5564002990723,.
52779,.,-15.9113101959229,35.3177795410156,.
52780,.,-15.5251703262329,34.5193099975586,.
52781,.,-15.7757701873779,35.1521110534668,.
52782,.,-13.6401195526123,33.1221313476563,.
52783,.,-14.8503704071045,34.7499008178711,.
52784,.,-16.3275699615479,34.8806915283203,.
52785,.,-11.4816198348999,34.007740020752,.
52786,.,-14.60671043396,34.7633094787598,.
52787,.,-14.5461902618408,34.578800201416,.
52788,.,-11.5144500732422,33.5005111694336,.
52789,.,-15.5443296432495,35.6066093444824,.
52790,.,-16.4057903289795,34.9237289428711,.
52791,.,-15.6660099029541,34.4734382629395,.
52792,.,-15.6806297302246,34.4072494506836,.
52793,.,-13.2130899429321,33.5946311950684,.
52794,.,-9.59422016143799,33.3637504577637,.
52795,.,-16.1900100708008,35.1304512023926,.
52796,.,-15.7386798858643,35.7275390625,.
52797,.,-15.5862503051758,35.0452919006348,.
52798,.,-11.3422899246216,34.1177101135254,.
52799,.,-15.7405595779419,34.3990287780762,.
52800,.,-16.1686592102051,35.2082481384277,.
52801,.,-15.8737602233887,35.4349517822266,.
52802,.,-13.1833600997925,33.8633995056152,.
52803,.,-15.7428598403931,35.060001373291,.
52804,.,-13.8042497634888,33.674690246582,.
52805,.,-15.6806297302246,34.4072494506836,.
52806,.,-15.6357898712158,34.5645294189453,.
52807,.,-13.9555101394653,33.2108192443848,.
52808,.,-12.5437498092651,34.0588111877441,.
52809,.,-16.0486507415771,35.224910736084,.
52810,.,-14.8480796813965,35.5307884216309,.
52811,.,-16.1536102294922,35.3490409851074,.
52812,.,-12.2796401977539,33.4571189880371,.
52813,.,-15.9509897232056,35.1758804321289,.
52814,.,-16.1516990661621,35.2084007263184,.
52815,.,-15.4300804138184,35.4271011352539,.
52816,.,-13.2251996994019,33.713680267334,.
52817,.,-9.69326019287109,33.2746200561523,.
52818,.,-15.5764999389648,35.1422386169434,.
52819,.,-15.3837299346924,35.3004302978516,.
52820,.,-14.7290496826172,35.5430793762207,.
52821,.,-16.0185794830322,35.2029418945313,.
52822,.,-15.966420173645,35.7845191955566,.
52823,.,-14.0225801467896,33.828670501709,.
52824,.,-15.9594202041626,35.423038482666,.
52825,.,-13.6323699951172,33.9716606140137,.
52826,.,-14.3753004074097,34.3644599914551,.
52827,.,-12.4123201370239,34.0143203735352,.
52828,.,-15.9113101959229,35.3177795410156,.
52829,.,-15.3855104446411,35.358570098877,.
52830,.,-14.7450799942017,35.8511505126953,.
52831,.,-14.1770601272583,34.2692718505859,.
52832,.,-12.4891901016235,34.1011581420898,.
52833,.,-15.7163801193237,34.8666915893555,.
52834,.,-15.0642004013062,35.171630859375,.
52835,.,-15.8314800262451,35.11669921875,.
52836,.,-16.1109199523926,35.2119293212891,.
52837,.,-15.7734498977661,34.5073890686035,.
52838,.,-14.3894596099854,35.5569305419922,.
52839,.,-14.480580329895,34.6474609375,.
52840,.,-15.8887996673584,35.2820510864258,.
52841,.,-15.4766902923584,34.5224685668945,.
52842,.,-9.9494104385376,33.9434700012207,.
52843,.,-11.9890403747559,33.5845489501953,.
52844,.,-15.8818597793579,35.1692085266113,.
52845,.,-15.3951396942139,35.2604484558105,.
52846,.,-15.3954000473022,34.8364486694336,.
52847,.,-10.7078504562378,34.0358810424805,.
52848,.,-16.0202407836914,35.4409790039063,.
52849,.,-13.211389541626,34.3153495788574,.
52850,.,-15.2972402572632,35.4795913696289,.
52851,.,-14.6322603225708,34.6211318969727,.
52852,.,-15.8248796463013,34.4091491699219,.
52853,.,-15.9594202041626,35.423038482666,.
52854,.,-14.3706398010254,35.306568145752,.
52855,.,-15.9509897232056,35.1758804321289,.
52856,.,-14.2544803619385,33.7594184875488,.
52857,.,-13.3567304611206,33.7945899963379,.
52858,.,-13.7414503097534,32.9667587280273,.
52859,.,-15.038800239563,35.1061706542969,.
52860,.,-15.3954000473022,34.8364486694336,.
52861,.,-15.3940801620483,35.3284187316895,.
52862,.,-10.8784103393555,33.579719543457,.
52863,.,-13.530179977417,33.7944107055664,.
52864,.,-16.1536102294922,35.3490409851074,.
52865,.,-15.0642004013062,35.171630859375,.
52866,.,-15.6169395446777,35.6684417724609,.
52867,.,-15.403829574585,35.3195304870605,.
52868,.,-13.3735303878784,33.9285888671875,.
52869,.,-15.4037504196167,35.3303489685059,.
52870,.,-12.6098203659058,33.5945816040039,.
52871,.,-15.2148399353027,34.6743202209473,.
52872,.,-14.7888298034668,35.0154800415039,.
52873,.,-15.9377498626709,35.4617614746094,.
52874,.,-15.3204002380371,35.2476501464844,.
52875,.,-15.6624097824097,34.9623413085938,.
52876,.,-16.0242290496826,35.0012397766113,.
52877,.,-14.8351697921753,34.9066505432129,.
52878,.,-15.8055400848389,35.1751518249512,.
52879,.,-14.0271196365356,33.7771415710449,.
52880,.,-15.8042497634888,34.9553718566895,.
52881,.,-13.7906904220581,34.534740447998,.
52882,.,-15.8887996673584,35.2820510864258,.
52883,.,-14.0171298980713,33.8245811462402,.
52884,.,-15.9923696517944,35.297679901123,.
52885,.,-15.8248796463013,34.4091491699219,.
52886,.,-14.9772396087646,34.9284896850586,.
52887,.,-15.9952898025513,35.2813186645508,.
52888,.,-15.6850500106812,34.932788848877,.
52889,.,-14.7911796569824,35.5734710693359,.
52890,.,-15.7834596633911,35.2228698730469,.
52891,.,-15.9514398574829,35.0065002441406,.
52892,.,-15.7359304428101,35.5938186645508,.
52893,.,-15.6145095825195,35.1133499145508,.
52894,.,-15.9121704101563,35.0517616271973,.
52895,.,-15.6411199569702,35.7080192565918,.
52896,.,-15.5251703262329,34.5193099975586,.
52897,.,-13.8006896972656,34.4177589416504,.
52898,.,-15.5764999389648,35.1422386169434,.
52899,.,-12.7194404602051,33.4780197143555,.
52900,.,-15.2898101806641,35.0452613830566,.
52901,.,-13.1408195495605,33.4757614135742,.
52902,.,-16.0242290496826,35.0012397766113,.
52903,.,-13.5300798416138,33.8973693847656,.
52904,.,-14.2735004425049,35.3831405639648,.
52905,.,-16.0185794830322,35.2029418945313,.
52906,.,-15.7679395675659,35.2495384216309,.
52907,.,-16.0200099945068,35.0729713439941,.
52908,.,-10.8784103393555,33.579719543457,.
52909,.,-16.0486507415771,35.224910736084,.
52910,.,-14.1301298141479,35.253978729248,.
52911,.,-15.7625102996826,35.7987785339355,.
52912,.,-14.6773700714111,35.4076614379883,.
52913,.,-14.2234001159668,34.1374092102051,.
52914,.,-15.1424798965454,34.9976387023926,.
52915,.,-15.4148502349854,35.3419494628906,.
52916,.,-15.9594202041626,35.423038482666,.
52917,.,-15.6169395446777,35.6684417724609,.
52918,.,-9.59422016143799,33.3637504577637,.
52919,.,-13.5300798416138,33.8973693847656,.
52920,.,-15.5852203369141,35.200309753418,.
52921,.,-14.6322603225708,34.6211318969727,.
52922,.,-16.3051204681396,35.218620300293,.
52923,.,-15.8350200653076,35.5541000366211,.
52924,.,-16.1516990661621,35.2084007263184,.
52925,.,-15.7552995681763,35.6058807373047,.
52926,.,-14.8440504074097,35.0124206542969,.
52927,.,-16.0041103363037,35.441520690918,.
52928,.,-14.480580329895,34.6474609375,.
52929,.,-15.9763097763062,35.3274383544922,.
52930,.,-14.60671043396,34.7633094787598,.
52931,.,-14.1527795791626,35.4116516113281,.
52932,.,-15.0400400161743,34.8817710876465,.
52933,.,-10.7936897277832,34.0494499206543,.
52934,.,-14.9263200759888,35.0874214172363,.
52935,.,-12.5109395980835,33.4832801818848,.
52936,.,-14.1811103820801,34.1434593200684,.
52937,.,-15.6694297790527,34.823070526123,.
52938,.,-10.9884796142578,33.7237892150879,.
52939,.,-14.1376495361328,34.5063018798828,.
52940,.,-13.0677404403687,33.5782699584961,.
52941,.,-15.2898101806641,35.0452613830566,.
52942,.,-15.8818597793579,35.1692085266113,.
52943,.,-15.4081401824951,35.3423118591309,.
52944,.,-16.0185794830322,35.2029418945313,.
52945,.,-15.2972402572632,35.4795913696289,.
52946,.,-15.8490800857544,35.3488388061523,.
52947,.,-14.2570199966431,34.1506118774414,.
52948,.,-15.7410297393799,35.1948089599609,.
52949,.,-10.9029302597046,34.0634117126465,.
52950,.,-15.3196601867676,35.4185600280762,.
52951,.,-13.530179977417,33.7944107055664,.
52952,.,-10.8140802383423,34.0060806274414,.
52953,.,-12.5109395980835,33.4832801818848,.
52954,.,-15.8314800262451,35.11669921875,.
52955,.,-15.7885503768921,35.608829498291,.
52956,.,-15.8490800857544,35.3488388061523,.
52957,.,-15.6804399490356,35.0921516418457,.
52958,.,-16.1516990661621,35.2084007263184,.
52959,.,-15.7410297393799,35.1948089599609,.
52960,.,-15.7966203689575,34.5418815612793,.
52961,.,-16.066930770874,35.0717010498047,.
52962,.,-16.0823001861572,35.4645004272461,.
52963,.,-14.4033498764038,34.2912483215332,.
52964,.,-14.5461902618408,34.578800201416,.
52965,.,-10.9029302597046,34.0634117126465,.
52966,.,-15.5972900390625,34.4753913879395,.
52967,.,-14.3706398010254,35.306568145752,.
52968,.,-9.51099014282227,33.1374816894531,.
52969,.,-15.4897899627686,34.6922798156738,.
52970,.,-13.688850402832,32.8800582885742,.
52971,.,-14.7217798233032,34.9384994506836,.
52972,.,-12.943320274353,34.2619590759277,.
52973,.,-14.8351697921753,34.9066505432129,.
52974,.,-15.4051198959351,35.3204612731934,.
52975,.,-13.789529800415,33.5550498962402,.
52976,.,-15.7885503768921,35.608829498291,.
52977,.,-15.8425397872925,35.240909576416,.
52978,.,-15.4468402862549,35.0949592590332,.
52979,.,-15.2972402572632,35.4795913696289,.
52980,.,-14.2234001159668,34.1374092102051,.
52981,.,-15.7163801193237,34.8666915893555,.
52982,.,-14.0359001159668,34.3325309753418,.
52983,.,-15.7679395675659,35.2495384216309,.
52984,.,-14.0359001159668,34.3325309753418,.
52985,.,-15.9514398574829,35.0065002441406,.
52986,.,-15.6957302093506,34.513801574707,.
52987,.,-16.0093193054199,34.7843818664551,.
52988,.,-16.3770008087158,35.2643394470215,.
52989,.,-14.9506397247314,34.833610534668,.
52990,.,-13.4275798797607,33.2661094665527,.
52991,.,-14.2476396560669,34.5322685241699,.
52992,.,-15.0352201461792,35.5046997070313,.
52993,.,-16.1686592102051,35.2082481384277,.
52994,.,-14.6386604309082,34.5562591552734,.
52995,.,-15.5968103408813,34.5047416687012,.
52996,.,-15.4147901535034,34.5917282104492,.
52997,.,-14.9506397247314,34.833610534668,.
52998,.,-10.8336896896362,33.5321388244629,.
52999,.,-16.2134799957275,35.2244911193848,.
53000,.,-14.3480396270752,35.4223899841309,.
53001,.,-16.066930770874,35.0717010498047,.
53002,.,-15.8887996673584,35.2820510864258,.
53003,.,-13.4463396072388,33.4062004089355,.
53004,.,-10.8784103393555,33.579719543457,.
53005,.,-15.8887996673584,35.2820510864258,.
53006,.,-14.3753004074097,34.3644599914551,.
53007,.,-16.1900100708008,35.1304512023926,.
53008,.,-13.0108995437622,33.5837593078613,.
53009,.,-15.9509897232056,35.1758804321289,.
53010,.,-15.3940801620483,35.3284187316895,.
53011,.,-15.7163801193237,34.8666915893555,.
53012,.,-15.8887996673584,35.2820510864258,.
53013,.,-13.8142595291138,33.0971183776855,.
53014,.,-15.6445798873901,35.1619682312012,.
53015,.,-14.9981203079224,35.1205902099609,.
53016,.,-15.1424798965454,34.9976387023926,.
53017,.,-15.4463701248169,35.4656410217285,.
53018,.,-14.9513101577759,34.6216316223145,.
53019,.,-13.6208200454712,33.8025588989258,.
53020,.,-10.9029302597046,34.0634117126465,.
53021,.,-15.9888601303101,35.4467010498047,.
53022,.,-15.2448196411133,34.904541015625,.
53023,.,-15.5747604370117,34.4779510498047,.
53024,.,-14.3070697784424,33.6396293640137,.
53025,.,-14.3753004074097,34.3644599914551,.
53026,.,-13.7048101425171,33.6004905700684,.
53027,.,-15.9377498626709,35.4617614746094,.
53028,.,-15.0400400161743,34.8817710876465,.
53029,.,-14.0441303253174,34.4917602539063,.
53030,.,-16.0041103363037,35.441520690918,.
53031,.,-14.868579864502,35.2034683227539,.
53032,.,-15.6804399490356,35.0921516418457,.
53033,.,-16.0486507415771,35.224910736084,.
53034,.,-15.6879301071167,35.7680511474609,.
53035,.,-15.7734498977661,34.5073890686035,.
53036,.,-11.4170999526978,33.6656112670898,.
53037,.,-10.9029302597046,34.0634117126465,.
53038,.,-15.3935804367065,35.2948112487793,.
53039,.,-12.6448698043823,33.3255195617676,.
53040,.,-15.8425397872925,35.240909576416,.
53041,.,-9.63212966918945,33.4132690429688,.
53042,.,-14.6322603225708,34.6211318969727,.
53043,.,-13.3213500976563,33.509220123291,.
53044,.,-14.3138704299927,34.2398986816406,.
53045,.,-15.7410297393799,35.1948089599609,.
53046,.,-14.480580329895,34.6474609375,.
53047,.,-13.3529195785522,33.9108009338379,.
53048,.,-10.7078504562378,34.0358810424805,.
53049,.,-15.7386798858643,35.7275390625,.
53050,.,-11.4170999526978,33.6656112670898,.
53051,.,-15.685170173645,34.4705200195313,.
53052,.,-14.655369758606,35.8396492004395,.
53053,.,-15.4300804138184,35.4271011352539,.
53054,.,-15.8416004180908,35.7917098999023,.
53055,.,-14.0359001159668,34.3325309753418,.
53056,.,-15.7023096084595,35.7064514160156,.
53057,.,-15.1424798965454,34.9976387023926,.
53058,.,-15.8019895553589,35.265380859375,.
53059,.,-14.2135200500488,35.0271186828613,.
53060,.,-15.1424798965454,34.9976387023926,.
53061,.,-15.3858404159546,34.6245803833008,.
53062,.,-10.336799621582,33.6489906311035,.
53063,.,-15.038800239563,35.1061706542969,.
53064,.,-12.8649396896362,33.9219703674316,.
53065,.,-14.8503704071045,34.7499008178711,.
53066,.,-16.3770008087158,35.2643394470215,.
53067,.,-12.8630504608154,33.7195205688477,.
53068,.,-13.3847904205322,33.7668991088867,.
53069,.,-14.868579864502,35.2034683227539,.
53070,.,-16.0486507415771,35.224910736084,.
53071,.,-15.3940801620483,35.3284187316895,.
53072,.,-14.7911796569824,35.5734710693359,.
53073,.,-11.0051498413086,33.5626907348633,.
53074,.,-14.1811103820801,34.1434593200684,.
53075,.,-14.8351697921753,34.9066505432129,.
53076,.,-15.6411199569702,35.7080192565918,.
53077,.,-16.1218395233154,35.5467109680176,.
53078,.,-15.5189304351807,35.4697303771973,.
53079,.,-10.8397998809814,33.447380065918,.
53080,.,-15.376540184021,34.5810699462891,.
53081,.,-14.0441303253174,34.4917602539063,.
53082,.,-14.188289642334,33.9618606567383,.
53083,.,-16.0872497558594,34.999340057373,.
53084,.,-15.5848703384399,35.0989112854004,.
53085,.,-15.7625102996826,35.7987785339355,.
53086,.,-14.3020601272583,34.674560546875,.
53087,.,-15.4148502349854,35.3419494628906,.
53088,.,-15.6019201278687,34.5225715637207,.
53089,.,-14.4033498764038,34.2912483215332,.
53090,.,-14.3312501907349,33.9891510009766,.
53091,.,-16.1109199523926,35.2119293212891,.
53092,.,-15.7410297393799,35.1948089599609,.
53093,.,-16.1536102294922,35.3490409851074,.
53094,.,-16.1516990661621,35.2084007263184,.
53095,.,-14.0886898040771,34.5172805786133,.
53096,.,-15.2439699172974,34.6569404602051,.
53097,.,-14.1249799728394,34.2055816650391,.
53098,.,-15.3935804367065,35.2948112487793,.
53099,.,-15.8833303451538,35.2650184631348,.
53100,.,-13.7150201797485,33.4016418457031,.
53101,.,-14.3020601272583,34.674560546875,.
53102,.,-13.211389541626,34.3153495788574,.
53103,.,-13.9239101409912,34.5238609313965,.
53104,.,-16.0823001861572,35.4645004272461,.
53105,.,-15.7023096084595,35.7064514160156,.
53106,.,-15.5848703384399,35.0989112854004,.
53107,.,-15.2645597457886,35.3688087463379,.
53108,.,-15.4081296920776,35.3416595458984,.
53109,.,-16.3838901519775,35.1765785217285,.
53110,.,-15.8248796463013,34.4091491699219,.
53111,.,-15.8055400848389,35.1751518249512,.
53112,.,-14.7861204147339,34.744068145752,.
53113,.,-15.5251703262329,34.5193099975586,.
53114,.,-15.606559753418,34.635009765625,.
53115,.,-15.966420173645,35.7845191955566,.
53116,.,-13.4854402542114,33.2660713195801,.
53117,.,-13.837869644165,33.0589599609375,.
53118,.,-14.8503704071045,34.7499008178711,.
53119,.,-16.0814800262451,35.7173309326172,.
53120,.,-13.8042497634888,33.674690246582,.
53121,.,-15.6445798873901,35.1619682312012,.
53122,.,-15.2439699172974,34.6569404602051,.
53123,.,-13.9239101409912,34.5238609313965,.
53124,.,-14.8480796813965,35.5307884216309,.
53125,.,-14.0061902999878,33.3196983337402,.
53126,.,-15.7757701873779,35.1521110534668,.
53127,.,-15.3951396942139,35.2604484558105,.
53128,.,-15.3935804367065,35.2948112487793,.
53129,.,-14.60671043396,34.7633094787598,.
53130,.,-10.7078504562378,34.0358810424805,.
53131,.,-14.1084003448486,33.9774208068848,.
53132,.,-13.6323699951172,33.9716606140137,.
53133,.,-11.3145704269409,33.9706687927246,.
53134,.,-14.7784204483032,35.8010101318359,.
53135,.,-14.9506397247314,34.833610534668,.
53136,.,-15.606559753418,34.635009765625,.
53137,.,-16.1995601654053,35.0732307434082,.
53138,.,-14.9256401062012,35.6623001098633,.
53139,.,-16.6961193084717,35.2191696166992,.
53140,.,-10.9779500961304,33.9525489807129,.
53141,.,-14.4861698150635,34.4703102111816,.
53142,.,-15.9335899353027,35.2047309875488,.
53143,.,-15.6694297790527,34.823070526123,.
53144,.,-14.3753004074097,34.3644599914551,.
53145,.,-14.9506397247314,34.833610534668,.
53146,.,-13.5394802093506,33.7365112304688,.
53147,.,-15.3801403045654,35.3888893127441,.
53148,.,-14.3826303482056,34.0849609375,.
53149,.,-15.3985795974731,35.3349304199219,.
53150,.,-15.1910600662231,35.0622100830078,.
53151,.,-13.3213500976563,33.509220123291,.
53152,.,-11.4170999526978,33.6656112670898,.
53153,.,-15.2432298660278,35.2535400390625,.
53154,.,-13.399359703064,33.8680381774902,.
53155,.,-15.6850500106812,34.932788848877,.
53156,.,-13.6418104171753,33.3506202697754,.
53157,.,-16.0872497558594,34.999340057373,.
53158,.,-15.8019895553589,35.265380859375,.
53159,.,-15.1686601638794,35.4719390869141,.
53160,.,-14.8351697921753,34.9066505432129,.
53161,.,-14.5439701080322,35.3408889770508,.
53162,.,-16.0200099945068,35.0729713439941,.
53163,.,-14.1376495361328,34.5063018798828,.
53164,.,-15.8400201797485,35.7650718688965,.
53165,.,-15.4827699661255,35.2339515686035,.
53166,.,-15.5573997497559,34.5163383483887,.
53167,.,-11.0198497772217,33.7740211486816,.
53168,.,-15.3196601867676,35.4185600280762,.
53169,.,-14.4627103805542,34.0289192199707,.
53170,.,-15.8019895553589,35.265380859375,.
53171,.,-15.3680801391602,34.871940612793,.
53172,.,-11.9682703018188,34.0801391601563,.
53173,.,-15.8425397872925,35.240909576416,.
53174,.,-10.8336896896362,33.5321388244629,.
53175,.,-13.7768898010254,34.4567108154297,.
53176,.,-12.1935501098633,33.6799583435059,.
53177,.,-15.8737602233887,35.4349517822266,.
53178,.,-15.7410297393799,35.1948089599609,.
53179,.,-15.5862503051758,35.0452919006348,.
53180,.,-15.3196601867676,35.4185600280762,.
53181,.,-15.5030698776245,35.6521682739258,.
53182,.,-12.7051296234131,33.2996101379395,.
53183,.,-14.6322603225708,34.6211318969727,.
53184,.,-14.950309753418,35.4952011108398,.
53185,.,-15.9763097763062,35.3274383544922,.
53186,.,-15.8966798782349,35.1106605529785,.
53187,.,-15.63440990448,34.975170135498,.
53188,.,-15.7966203689575,34.5418815612793,.
53189,.,-15.397910118103,34.6706314086914,.
53190,.,-15.8055400848389,35.1751518249512,.
53191,.,-15.685170173645,34.4705200195313,.
53192,.,-9.70057010650635,33.2391700744629,.
53193,.,-14.9513101577759,34.6216316223145,.
53194,.,-14.8351697921753,34.9066505432129,.
53195,.,-16.4015293121338,34.7656517028809,.
53196,.,-15.9509897232056,35.1758804321289,.
53197,.,-15.0352201461792,35.5046997070313,.
53198,.,-10.4524898529053,34.2000503540039,.
53199,.,-15.7012796401978,35.3775901794434,.
53200,.,-13.792519569397,32.8866806030273,.
53201,.,-13.3342800140381,33.8982086181641,.
53202,.,-14.769229888916,35.1412315368652,.
53203,.,-15.4081296920776,35.3416595458984,.
53204,.,-14.1770601272583,34.2692718505859,.
53205,.,-15.8042497634888,34.9553718566895,.
53206,.,-15.1910600662231,35.0622100830078,.
53207,.,-15.038800239563,35.1061706542969,.
53208,.,-15.5862503051758,35.0452919006348,.
53209,.,-15.7596597671509,35.2966995239258,.
53210,.,-16.1218395233154,35.5467109680176,.
53211,.,-13.8449897766113,34.384090423584,.
53212,.,-16.1516990661621,35.2084007263184,.
53213,.,-13.5300798416138,33.8973693847656,.
53214,.,-10.3432397842407,34.0757713317871,.
53215,.,-10.8336896896362,33.5321388244629,.
53216,.,-16.1066493988037,35.3063011169434,.
53217,.,-15.0352201461792,35.5046997070313,.
53218,.,-14.1301298141479,35.253978729248,.
53219,.,-14.0522203445435,33.4851112365723,.
53220,.,-15.6804399490356,35.0921516418457,.
53221,.,-14.8789396286011,35.6135101318359,.
53222,.,-13.3868198394775,33.1138305664063,.
53223,.,-15.5607900619507,34.8945999145508,.
53224,.,-14.5461902618408,34.578800201416,.
53225,.,-15.9514398574829,35.0065002441406,.
53226,.,-14.5475997924805,35.7540817260742,.
53227,.,-14.4575099945068,34.650390625,.
53228,.,-15.8966798782349,35.1106605529785,.
53229,.,-9.59422016143799,33.3637504577637,.
53230,.,-15.6957302093506,34.513801574707,.
53231,.,-15.4468402862549,35.0949592590332,.
53232,.,-11.0198497772217,33.7740211486816,.
53233,.,-15.397910118103,34.6706314086914,.
53234,.,-15.7461500167847,35.6137199401855,.
53235,.,-15.4637298583984,34.6597213745117,.
53236,.,-13.8449897766113,34.384090423584,.
53237,.,-13.1838598251343,33.2934303283691,.
53238,.,-11.9682703018188,34.0801391601563,.
53239,.,-15.5811595916748,35.6264915466309,.
53240,.,-14.1084003448486,33.9774208068848,.
53241,.,-13.211389541626,34.3153495788574,.
53242,.,-15.7223796844482,35.1396408081055,.
53243,.,-15.8887996673584,35.2820510864258,.
53244,.,-13.5300798416138,33.8973693847656,.
53245,.,-13.8142595291138,33.0971183776855,.
53246,.,-15.9335899353027,35.2047309875488,.
53247,.,-14.480580329895,34.6474609375,.
53248,.,-16.0202407836914,35.4409790039063,.
53249,.,-9.77787017822266,33.447380065918,.
53250,.,-15.2645597457886,35.3688087463379,.
53251,.,-14.3706398010254,35.306568145752,.
53252,.,-15.7163801193237,34.8666915893555,.
53253,.,-14.902250289917,34.6706008911133,.
53254,.,-16.1900100708008,35.1304512023926,.
53255,.,-15.3940801620483,35.3284187316895,.
53256,.,-14.8503704071045,34.7499008178711,.
53257,.,-15.7757701873779,35.1521110534668,.
53258,.,-15.8818597793579,35.1692085266113,.
53259,.,-15.8490800857544,35.3488388061523,.
53260,.,-15.8966798782349,35.1106605529785,.
53261,.,-15.4463701248169,35.4656410217285,.
53262,.,-10.9282903671265,33.9354782104492,.
53263,.,-16.0823001861572,35.4645004272461,.
53264,.,-14.3706398010254,35.306568145752,.
53265,.,-16.0041103363037,35.441520690918,.
53266,.,-16.9097499847412,35.1698608398438,.
53267,.,-14.0718097686768,33.8645515441895,.
53268,.,-15.8237104415894,35.079460144043,.
53269,.,-15.7410297393799,35.1948089599609,.
53270,.,-16.0823001861572,35.4645004272461,.
53271,.,-15.3680801391602,34.871940612793,.
53272,.,-14.188289642334,33.9618606567383,.
53273,.,-14.9981203079224,35.1205902099609,.
53274,.,-15.7461500167847,35.6137199401855,.
53275,.,-15.7834596633911,35.2228698730469,.
53276,.,-15.4037504196167,35.3303489685059,.
53277,.,-14.9837598800659,35.1711616516113,.
53278,.,-15.4463701248169,35.4656410217285,.
53279,.,-13.3342800140381,33.8982086181641,.
53280,.,-14.3731002807617,33.9071617126465,.
53281,.,-15.7734498977661,34.5073890686035,.
53282,.,-15.6850500106812,34.932788848877,.
53283,.,-15.8737602233887,35.4349517822266,.
53284,.,-14.2276601791382,34.2863807678223,.
53285,.,-16.0242290496826,35.0012397766113,.
53286,.,-16.1686592102051,35.2082481384277,.
53287,.,-16.0242290496826,35.0012397766113,.
53288,.,-14.4627103805542,34.0289192199707,.
53289,.,-15.6884098052979,34.5192794799805,.
53290,.,-14.9513101577759,34.6216316223145,.
53291,.,-16.1686592102051,35.2082481384277,.
53292,.,-15.5305795669556,35.2582893371582,.
53293,.,-15.2972402572632,35.4795913696289,.
53294,.,-15.7410297393799,35.1948089599609,.
53295,.,-13.0454502105713,34.2270393371582,.
53296,.,-13.5294399261475,34.2169609069824,.
53297,.,-14.188289642334,33.9618606567383,.
53298,.,-16.0200099945068,35.0729713439941,.
53299,.,-15.3704395294189,35.3613815307617,.
53300,.,-16.0041103363037,35.441520690918,.
53301,.,-14.0522203445435,33.4851112365723,.
53302,.,-14.9513101577759,34.6216316223145,.
53303,.,-10.7936897277832,34.0494499206543,.
53304,.,-13.6910600662231,33.7964096069336,.
53305,.,-13.7989196777344,34.2940292358398,.
53306,.,-14.3706398010254,35.306568145752,.
53307,.,-11.3422899246216,34.1177101135254,.
53308,.,-9.52412033081055,33.2785797119141,.
53309,.,-16.4057903289795,34.9237289428711,.
53310,.,-15.3204002380371,35.2476501464844,.
53311,.,-15.5542497634888,35.3687210083008,.
53312,.,-15.4081697463989,35.5605506896973,.
53313,.,-13.3567304611206,33.7945899963379,.
53314,.,-15.3196601867676,35.4185600280762,.
53315,.,-13.837869644165,33.0589599609375,.
53316,.,-10.8397998809814,33.447380065918,.
53317,.,-15.0366897583008,34.9911117553711,.
53318,.,-13.9141397476196,33.5478591918945,.
53319,.,-13.530179977417,33.7944107055664,.
53320,.,-15.7768201828003,35.1487503051758,.
53321,.,-14.6386604309082,34.5562591552734,.
53322,.,-15.1384801864624,34.8334808349609,.
53323,.,-15.7679395675659,35.2495384216309,.
53324,.,-15.486180305481,34.6078796386719,.
53325,.,-15.3935804367065,35.2948112487793,.
53326,.,-14.60671043396,34.7633094787598,.
53327,.,-15.5607900619507,34.8945999145508,.
53328,.,-14.9981203079224,35.1205902099609,.
53329,.,-14.1301298141479,35.253978729248,.
53330,.,-15.6982402801514,35.299430847168,.
53331,.,-15.0890998840332,35.490650177002,.
53332,.,-13.8803300857544,34.505859375,.
53333,.,-14.9389801025391,35.0640106201172,.
53334,.,-15.7679395675659,35.2495384216309,.
53335,.,-15.9335899353027,35.2047309875488,.
53336,.,-16.0041103363037,35.441520690918,.
53337,.,-13.9568700790405,34.0565605163574,.
53338,.,-15.7734498977661,34.5073890686035,.
53339,.,-16.1536102294922,35.3490409851074,.
53340,.,-15.8575096130371,34.9538307189941,.
53341,.,-14.7861204147339,34.744068145752,.
53342,.,-15.8350200653076,35.5541000366211,.
53343,.,-15.5542497634888,35.3687210083008,.
53344,.,-14.1811103820801,34.1434593200684,.
53345,.,-15.7735300064087,34.4424896240234,.
53346,.,-13.8006896972656,34.4177589416504,.
53347,.,-14.8503704071045,34.7499008178711,.
53348,.,-14.3020601272583,34.674560546875,.
53349,.,-15.5189304351807,35.4697303771973,.
53350,.,-15.7514801025391,35.682071685791,.
53351,.,-13.6808996200562,34.2480812072754,.
53352,.,-11.0198497772217,33.7740211486816,.
53353,.,-15.1910600662231,35.0622100830078,.
53354,.,-16.2134799957275,35.2244911193848,.
53355,.,-15.6982402801514,35.299430847168,.
53356,.,-16.1066493988037,35.3063011169434,.
53357,.,-15.3940801620483,35.3284187316895,.
53358,.,-15.3754796981812,35.3637008666992,.
53359,.,-15.5764999389648,35.1422386169434,.
53360,.,-15.3951396942139,35.2604484558105,.
53361,.,-12.4417695999146,33.7865180969238,.
53362,.,-15.4095697402954,35.3156394958496,.
53363,.,-15.3837299346924,35.3004302978516,.
53364,.,-15.6357898712158,34.5645294189453,.
53365,.,-13.6401195526123,33.1221313476563,.
53366,.,-16.1995601654053,35.0732307434082,.
53367,.,-14.188289642334,33.9618606567383,.
53368,.,-15.7768201828003,35.1487503051758,.
53369,.,-11.4570398330688,33.9976081848145,.
53370,.,-14.3070697784424,33.6396293640137,.
53371,.,-10.9779500961304,33.9525489807129,.
53372,.,-15.9506101608276,34.8200492858887,.
53373,.,-15.4051198959351,35.3204612731934,.
53374,.,-15.5852203369141,35.200309753418,.
53375,.,-15.3704395294189,35.3613815307617,.
53376,.,-15.8887996673584,35.2820510864258,.
53377,.,-15.8019895553589,35.265380859375,.
53378,.,-15.8887996673584,35.2820510864258,.
53379,.,-15.4081401824951,35.3423118591309,.
53380,.,-15.3899297714233,35.174430847168,.
53381,.,-15.4468402862549,35.0949592590332,.
53382,.,-15.3837299346924,35.3004302978516,.
53383,.,-15.3981704711914,35.3510894775391,.
53384,.,-15.5852203369141,35.200309753418,.
53385,.,-14.0500202178955,34.1231002807617,.
53386,.,-15.3985795974731,35.3349304199219,.
53387,.,-15.4148502349854,35.3419494628906,.
53388,.,-15.3204002380371,35.2476501464844,.
53389,.,-15.4468402862549,35.0949592590332,.
53390,.,-15.4300804138184,35.4271011352539,.
53391,.,-11.4480495452881,34.0106315612793,.
53392,.,-12.943320274353,34.2619590759277,.
53393,.,-13.8464403152466,33.2362899780273,.
53394,.,-14.5439701080322,35.3408889770508,.
53395,.,-15.8907403945923,34.9377784729004,.
53396,.,-13.7947797775269,34.463981628418,.
53397,.,-13.7582302093506,32.8477096557617,.
53398,.,-15.6145095825195,35.1133499145508,.
53399,.,-13.9555101394653,33.2108192443848,.
53400,.,-15.8019895553589,35.265380859375,.
53401,.,-14.3713598251343,34.1142196655273,.
53402,.,-15.2439699172974,34.6569404602051,.
53403,.,-15.7171602249146,35.5042686462402,.
53404,.,-15.5811595916748,35.6264915466309,.
53405,.,-12.5437498092651,34.0588111877441,.
53406,.,-15.6445798873901,35.1619682312012,.
53407,.,-13.4463396072388,33.4062004089355,.
53408,.,-15.9923696517944,35.297679901123,.
53409,.,-10.9029302597046,34.0634117126465,.
53410,.,-11.3789596557617,33.8708610534668,.
53411,.,-11.7442302703857,33.938549041748,.
53412,.,-11.7656097412109,34.1592483520508,.
53413,.,-9.64535999298096,33.3201599121094,.
53414,.,-14.4575099945068,34.650390625,.
53415,.,-14.7784204483032,35.8010101318359,.
53416,.,-15.4070596694946,35.0435218811035,.
53417,.,-13.399359703064,33.8680381774902,.
53418,.,-13.0454502105713,34.2270393371582,.
53419,.,-13.7673997879028,32.9330406188965,.
53420,.,-15.6806297302246,34.4072494506836,.
53421,.,-15.3899297714233,35.174430847168,.
53422,.,-12.9959602355957,33.8199501037598,.
53423,.,-13.5675897598267,32.8633308410645,.
53424,.,-14.9917001724243,34.7631187438965,.
53425,.,-15.7514801025391,35.682071685791,.
53426,.,-13.530179977417,33.7944107055664,.
53427,.,-14.2234001159668,34.1374092102051,.
53428,.,-12.7051296234131,33.2996101379395,.
53429,.,-13.688850402832,32.8800582885742,.
53430,.,-13.5345401763916,32.8610496520996,.
53431,.,-13.8142595291138,33.0971183776855,.
53432,.,-14.3020601272583,34.674560546875,.
53433,.,-13.9141397476196,33.5478591918945,.
53434,.,-15.6884098052979,34.5192794799805,.
53435,.,-16.081880569458,35.491828918457,.
53436,.,-15.7163801193237,34.8666915893555,.
53437,.,-13.800609588623,33.7534790039063,.
53438,.,-11.5941400527954,34.2857818603516,.
53439,.,-10.9029302597046,34.0634117126465,.
53440,.,-13.7048101425171,33.6004905700684,.
53441,.,-11.9682703018188,34.0801391601563,.
53442,.,-13.4187698364258,33.6028785705566,.
53443,.,-10.0754804611206,33.3908882141113,.
53444,.,-13.3802700042725,34.1984214782715,.
53445,.,-14.2415199279785,33.7132911682129,.
53446,.,-15.3837299346924,35.3004302978516,.
53447,.,-13.4842395782471,33.8846397399902,.
53448,.,-12.4971504211426,34.1713104248047,.
53449,.,-10.2578401565552,33.6153717041016,.
53450,.,-15.9923696517944,35.297679901123,.
53451,.,-15.4823999404907,35.0187110900879,.
53452,.,-15.2645597457886,35.3688087463379,.
53453,.,-15.1910600662231,35.0622100830078,.
53454,.,-15.0667896270752,35.3475112915039,.
53455,.,-14.0171298980713,33.8245811462402,.
53456,.,-16.0486507415771,35.224910736084,.
53457,.,-15.6405296325684,35.179931640625,.
53458,.,-9.99917030334473,33.426700592041,.
53459,.,-15.3801403045654,35.3888893127441,.
53460,.,-13.5561800003052,34.3863487243652,.
53461,.,-12.8904304504395,33.5020713806152,.
53462,.,-14.7888298034668,35.0154800415039,.
53463,.,-14.1254396438599,33.6027183532715,.
53464,.,-16.0764293670654,34.5844993591309,.
53465,.,-15.8490800857544,35.3488388061523,.
53466,.,-13.0677404403687,33.5782699584961,.
53467,.,-14.7861204147339,34.744068145752,.
53468,.,-14.2476396560669,34.5322685241699,.
53469,.,-15.7552995681763,35.6058807373047,.
53470,.,-15.4081401824951,35.3423118591309,.
53471,.,-15.397910118103,34.6706314086914,.
53472,.,-13.4461297988892,33.8257102966309,.
53473,.,-13.9478797912598,33.8127708435059,.
53474,.,-16.5989608764648,35.0083694458008,.
53475,.,-15.7625102996826,35.7987785339355,.
53476,.,-15.3951396942139,35.2604484558105,.
53477,.,-15.1287298202515,35.4508514404297,.
53478,.,-11.9890403747559,33.5845489501953,.
53479,.,-12.7194404602051,33.4780197143555,.
53480,.,-13.7334995269775,33.1918296813965,.
53481,.,-14.0359001159668,34.3325309753418,.
53482,.,-13.6208200454712,33.8025588989258,.
53483,.,-9.9494104385376,33.9434700012207,.
53484,.,-11.7719297409058,34.0525093078613,.
53485,.,-15.0869998931885,34.6039085388184,.
53486,.,-13.399359703064,33.8680381774902,.
53487,.,-15.5903100967407,35.7436294555664,.
53488,.,-15.6850500106812,34.932788848877,.
53489,.,-15.4633703231812,35.289249420166,.
53490,.,-13.837869644165,33.0589599609375,.
53491,.,-13.688850402832,32.8800582885742,.
53492,.,-13.1408195495605,33.4757614135742,.
53493,.,-13.3857898712158,33.7499389648438,.
53494,.,-12.5437498092651,34.0588111877441,.
53495,.,-15.7625102996826,35.7987785339355,.
53496,.,-13.9888496398926,33.0356101989746,.
53497,.,-15.9509897232056,35.1758804321289,.
53498,.,-14.6322603225708,34.6211318969727,.
53499,.,-13.2097597122192,34.2166786193848,.
53500,.,-16.0667095184326,35.1309394836426,.
53501,.,-16.3051204681396,35.218620300293,.
53502,.,-15.9910898208618,34.9021682739258,.
53503,.,-15.4070596694946,35.0435218811035,.
53504,.,-12.6098203659058,33.5945816040039,.
53505,.,-15.3935804367065,35.2948112487793,.
53506,.,-14.8128795623779,34.627498626709,.
53507,.,-15.956130027771,35.2426109313965,.
53508,.,-14.655369758606,35.8396492004395,.
53509,.,-15.4637298583984,34.6597213745117,.
53510,.,-10.2397403717041,33.6369094848633,.
53511,.,-12.943320274353,34.2619590759277,.
53512,.,-14.0271196365356,33.7771415710449,.
53513,.,-15.5542497634888,35.3687210083008,.
53514,.,-13.432089805603,33.9660301208496,.
53515,.,-14.950309753418,35.4952011108398,.
53516,.,-13.3579998016357,33.4899482727051,.
53517,.,-14.655369758606,35.8396492004395,.
53518,.,-13.6740598678589,34.9760093688965,.
53519,.,-13.6294002532959,32.934009552002,.
53520,.,-15.3704395294189,35.3613815307617,.
53521,.,-13.0690603256226,33.3929710388184,.
53522,.,-13.7048101425171,33.6004905700684,.
53523,.,-14.1084003448486,33.9774208068848,.
53524,.,-14.3070697784424,33.6396293640137,.
53525,.,-15.8907403945923,34.9377784729004,.
53526,.,-15.3935804367065,35.2948112487793,.
53527,.,-13.7203397750854,33.9900817871094,.
53528,.,-15.3954000473022,34.8364486694336,.
53529,.,-14.8179597854614,35.5350799560547,.
53530,.,-13.5345401763916,32.8610496520996,.
53531,.,-10.9029302597046,34.0634117126465,.
53532,.,-16.0200099945068,35.0729713439941,.
53533,.,-13.3847904205322,33.7668991088867,.
53534,.,-15.566499710083,35.206428527832,.
53535,.,-11.5567302703857,34.1672286987305,.
53536,.,-13.7213001251221,34.3323211669922,.
53537,.,-11.581130027771,34.0184516906738,.
53538,.,-16.0200099945068,35.0729713439941,.
53539,.,-9.77787017822266,33.447380065918,.
53540,.,-13.0519399642944,33.4975204467773,.
53541,.,-12.9959602355957,33.8199501037598,.
53542,.,-14.6582202911377,35.0572395324707,.
53543,.,-15.63440990448,34.975170135498,.
53544,.,-15.8490800857544,35.3488388061523,.
53545,.,-13.0519399642944,33.4975204467773,.
53546,.,-15.3935804367065,35.2948112487793,.
53547,.,-13.8006896972656,34.4177589416504,.
53548,.,-16.1536102294922,35.3490409851074,.
53549,.,-15.6804399490356,35.0921516418457,.
53550,.,-14.6582202911377,35.0572395324707,.
53551,.,-14.8440504074097,35.0124206542969,.
53552,.,-14.3020601272583,34.674560546875,.
53553,.,-15.6445798873901,35.1619682312012,.
53554,.,-15.615650177002,35.1616401672363,.
53555,.,-15.2439699172974,34.6569404602051,.
53556,.,-14.7450799942017,35.8511505126953,.
53557,.,-15.4141702651978,34.8672485351563,.
53558,.,-15.0400400161743,34.8817710876465,.
53559,.,-12.8649396896362,33.9219703674316,.
53560,.,-13.9888496398926,33.0356101989746,.
53561,.,-15.4147901535034,34.5917282104492,.
53562,.,-13.9506998062134,33.948169708252,.
53563,.,-16.0681095123291,34.8623199462891,.
53564,.,-14.6139001846313,35.8041381835938,.
53565,.,-15.4070596694946,35.0435218811035,.
53566,.,-14.2544803619385,33.7594184875488,.
53567,.,-15.3951396942139,35.2604484558105,.
53568,.,-15.6405296325684,35.179931640625,.
53569,.,-11.3422899246216,34.1177101135254,.
53570,.,-14.8277702331543,35.7442016601563,.
53571,.,-15.8019895553589,35.265380859375,.
53572,.,-15.038800239563,35.1061706542969,.
53573,.,-15.6445798873901,35.1619682312012,.
53574,.,-15.5852203369141,35.200309753418,.
53575,.,-13.4842395782471,33.8846397399902,.
53576,.,-13.9607200622559,33.5564002990723,.
53577,.,-15.5852203369141,35.200309753418,.
53578,.,-15.1135196685791,35.2554092407227,.
53579,.,-13.6096696853638,34.1945495605469,.
53580,.,-15.486180305481,34.6078796386719,.
53581,.,-13.8718204498291,33.4013710021973,.
53582,.,-15.7552995681763,35.6058807373047,.
53583,.,-15.6411199569702,35.7080192565918,.
53584,.,-15.2645597457886,35.3688087463379,.
53585,.,-16.0486507415771,35.224910736084,.
53586,.,-14.2135200500488,35.0271186828613,.
53587,.,-16.0486507415771,35.224910736084,.
53588,.,-13.4275503158569,34.2765617370605,.
53589,.,-14.769229888916,35.1412315368652,.
53590,.,-15.4030103683472,34.9573783874512,.
53591,.,-16.0242290496826,35.0012397766113,.
53592,.,-14.0486297607422,33.7888298034668,.
53593,.,-15.4095697402954,35.3156394958496,.
53594,.,-14.1254396438599,33.6027183532715,.
53595,.,-16.8182201385498,35.2997207641602,.
53596,.,-13.4854402542114,33.2660713195801,.
53597,.,-11.4722700119019,34.0115814208984,.
53598,.,-15.0869998931885,34.6039085388184,.
53599,.,-15.5314197540283,35.7968406677246,.
53600,.,-15.8019895553589,35.265380859375,.
53601,.,-13.9239101409912,34.5238609313965,.
53602,.,-14.480580329895,34.6474609375,.
53603,.,-14.8128795623779,34.627498626709,.
53604,.,-12.8630504608154,33.7195205688477,.
53605,.,-14.3731002807617,33.9071617126465,.
53606,.,-15.3156604766846,34.6679496765137,.
53607,.,-13.3735303878784,33.9285888671875,.
53608,.,-14.902250289917,34.6706008911133,.
53609,.,-13.8296298980713,33.9146995544434,.
53610,.,-14.7987298965454,35.0816192626953,.
53611,.,-13.8142595291138,33.0971183776855,.
53612,.,-15.4823999404907,35.0187110900879,.
53613,.,-15.9335899353027,35.2047309875488,.
53614,.,-15.685170173645,34.4705200195313,.
53615,.,-13.399359703064,33.8680381774902,.
53616,.,-16.0200099945068,35.0729713439941,.
53617,.,-14.902250289917,34.6706008911133,.
53618,.,-15.3754796981812,35.3637008666992,.
53619,.,-15.4949197769165,35.6419296264648,.
53620,.,-13.3027095794678,34.1166305541992,.
53621,.,-14.1376495361328,34.5063018798828,.
53622,.,-12.0468702316284,33.646240234375,.
53623,.,-13.7048101425171,33.6004905700684,.
53624,.,-13.9607200622559,33.5564002990723,.
53625,.,-15.0667896270752,35.3475112915039,.
53626,.,-12.6098203659058,33.5945816040039,.
53627,.,-13.9479303359985,33.7437515258789,.
53628,.,-14.7450799942017,35.8511505126953,.
53629,.,-14.7987298965454,35.0816192626953,.
53630,.,-10.3432397842407,34.0757713317871,.
53631,.,-16.1066493988037,35.3063011169434,.
53632,.,-13.1541299819946,34.1675491333008,.
53633,.,-15.4156999588013,35.3074989318848,.
53634,.,-13.800609588623,33.7534790039063,.
53635,.,-13.6894397735596,33.7582015991211,.
53636,.,-14.4236698150635,35.5990982055664,.
53637,.,-12.6483497619629,33.4777183532715,.
53638,.,-14.8282604217529,35.2134094238281,.
53639,.,-13.5738096237183,34.3303413391113,.
53640,.,-10.9779500961304,33.9525489807129,.
53641,.,-15.7735300064087,34.4424896240234,.
53642,.,-15.7893896102905,35.3337707519531,.
53643,.,-10.8784103393555,33.579719543457,.
53644,.,-14.9917001724243,34.7631187438965,.
53645,.,-13.4275503158569,34.2765617370605,.
53646,.,-11.5842599868774,34.2254219055176,.
53647,.,-13.7582302093506,32.8477096557617,.
53648,.,-13.1541299819946,34.1675491333008,.
53649,.,-15.3801403045654,35.3888893127441,.
53650,.,-9.86328983306885,33.6397018432617,.
53651,.,-15.0667896270752,35.3475112915039,.
53652,.,-13.211389541626,34.3153495788574,.
53653,.,-13.2097597122192,34.2166786193848,.
53654,.,-13.9383296966553,34.5154800415039,.
53655,.,-15.6850500106812,34.932788848877,.
53656,.,-13.691969871521,34.4607887268066,.
53657,.,-9.52412033081055,33.2785797119141,.
53658,.,-13.3342800140381,33.8982086181641,.
53659,.,-16.0093193054199,34.7843818664551,.
53660,.,-13.6963796615601,34.5812492370605,.
53661,.,-13.691969871521,34.4607887268066,.
53662,.,-14.9981203079224,35.1205902099609,.
53663,.,-14.188289642334,33.9618606567383,.
53664,.,-14.9946002960205,34.9601211547852,.
53665,.,-14.9513101577759,34.6216316223145,.
53666,.,-13.5675897598267,32.8633308410645,.
53667,.,-15.4633703231812,35.289249420166,.
53668,.,-15.7461500167847,35.6137199401855,.
53669,.,-15.8416004180908,35.7917098999023,.
53670,.,-15.4030103683472,34.9573783874512,.
53671,.,-10.6501703262329,34.1078186035156,.
53672,.,-14.9616098403931,35.87451171875,.
53673,.,-12.4417695999146,33.7865180969238,.
53674,.,-12.7051296234131,33.2996101379395,.
53675,.,-15.8400201797485,35.7650718688965,.
53676,.,-13.8985395431519,32.9834785461426,.
53677,.,-15.7625102996826,35.7987785339355,.
53678,.,-15.3951396942139,35.2604484558105,.
53679,.,-14.1301298141479,35.253978729248,.
53680,.,-13.7920503616333,33.2354698181152,.
53681,.,-13.9888496398926,33.0356101989746,.
53682,.,-11.3789596557617,33.8708610534668,.
53683,.,-15.566499710083,35.206428527832,.
53684,.,-13.3529195785522,33.9108009338379,.
53685,.,-13.1000604629517,34.3060417175293,.
53686,.,-15.5542497634888,35.3687210083008,.
53687,.,-14.0271196365356,33.7771415710449,.
53688,.,-14.6618604660034,34.7683982849121,.
53689,.,-14.6139001846313,35.8041381835938,.
53690,.,-15.9888601303101,35.4467010498047,.
53691,.,-15.0352201461792,35.5046997070313,.
53692,.,-12.0468702316284,33.646240234375,.
53693,.,-14.730019569397,34.6091690063477,.
53694,.,-15.0639295578003,34.8932304382324,.
53695,.,-14.2735004425049,35.3831405639648,.
53696,.,-10.9779500961304,33.9525489807129,.
53697,.,-15.8400201797485,35.7650718688965,.
53698,.,-15.685170173645,34.4705200195313,.
53699,.,-16.1072902679443,34.8353881835938,.
53700,.,-9.71765041351318,33.3931312561035,.
53701,.,-14.8128795623779,34.627498626709,.
53702,.,-14.4811496734619,35.0109100341797,.
53703,.,-15.8019895553589,35.265380859375,.
53704,.,-14.8440504074097,35.0124206542969,.
53705,.,-12.4417695999146,33.7865180969238,.
53706,.,-9.99917030334473,33.426700592041,.
53707,.,-13.5561800003052,34.3863487243652,.
53708,.,-11.0274801254272,33.845890045166,.
53709,.,-15.4823999404907,35.0187110900879,.
53710,.,-13.3857898712158,33.7499389648438,.
53711,.,-13.5738096237183,34.3303413391113,.
53712,.,-14.0718097686768,33.8645515441895,.
53713,.,-10.8377304077148,33.9726791381836,.
53714,.,-15.8398103713989,35.010311126709,.
53715,.,-9.51432037353516,33.2206001281738,.
53716,.,-15.3873596191406,35.0263595581055,.
53717,.,-14.7861204147339,34.744068145752,.
53718,.,-15.8400201797485,35.7650718688965,.
53719,.,-15.4949197769165,35.6419296264648,.
53720,.,-16.066930770874,35.0717010498047,.
53721,.,-16.4332103729248,34.7425918579102,.
53722,.,-15.397910118103,34.6706314086914,.
53723,.,-14.4236698150635,35.5990982055664,.
53724,.,-14.3731002807617,33.9071617126465,.
53725,.,-15.6405296325684,35.179931640625,.
53726,.,-15.6660099029541,34.4734382629395,.
53727,.,-15.7552995681763,35.6058807373047,.
53728,.,-14.3706398010254,35.306568145752,.
53729,.,-14.9837598800659,35.1711616516113,.
53730,.,-15.0352201461792,35.5046997070313,.
53731,.,-15.5251703262329,34.5193099975586,.
53732,.,-13.4854402542114,33.2660713195801,.
53733,.,-13.4187698364258,33.6028785705566,.
53734,.,-15.4095697402954,35.3156394958496,.
53735,.,-12.2796401977539,33.4571189880371,.
53736,.,-16.0823001861572,35.4645004272461,.
53737,.,-12.6419296264648,34.1667709350586,.
53738,.,-15.8350200653076,35.5541000366211,.
53739,.,-15.3873596191406,35.0263595581055,.
53740,.,-13.6125202178955,33.228630065918,.
53741,.,-14.6839303970337,35.5371513366699,.
53742,.,-15.7023096084595,35.7064514160156,.
53743,.,-13.5675897598267,32.8633308410645,.
53744,.,-9.78184986114502,33.3635101318359,.
53745,.,-11.6494998931885,34.2727584838867,.
53746,.,-13.076470375061,33.3061904907227,.
53747,.,-14.0370798110962,33.8024482727051,.
53748,.,-15.3704395294189,35.3613815307617,.
53749,.,-13.3887796401978,33.8467102050781,.
53750,.,-13.837869644165,33.0589599609375,.
53751,.,-13.2268600463867,33.8662605285645,.
53752,.,-11.7442302703857,33.938549041748,.
53753,.,-10.0754804611206,33.3908882141113,.
53754,.,-12.7848997116089,33.6926002502441,.
53755,.,-13.3887796401978,33.8467102050781,.
53756,.,-13.7906904220581,34.534740447998,.
53757,.,-12.0468702316284,33.646240234375,.
53758,.,-15.2645597457886,35.3688087463379,.
53759,.,-15.7552995681763,35.6058807373047,.
53760,.,-15.8887996673584,35.2820510864258,.
53761,.,-12.0468702316284,33.646240234375,.
53762,.,-13.4463396072388,33.4062004089355,.
53763,.,-13.3797302246094,34.0458908081055,.
53764,.,-15.0667896270752,35.3475112915039,.
53765,.,-15.8907403945923,34.9377784729004,.
53766,.,-13.8296298980713,33.9146995544434,.
53767,.,-14.0061902999878,33.3196983337402,.
53768,.,-11.7442302703857,33.938549041748,.
53769,.,-14.1222696304321,34.3262100219727,.
53770,.,-14.4861698150635,34.4703102111816,.
53771,.,-15.376540184021,34.5810699462891,.
53772,.,-14.1044397354126,33.4143714904785,.
53773,.,-14.8503704071045,34.7499008178711,.
53774,.,-15.403829574585,35.3195304870605,.
53775,.,-13.1833600997925,33.8633995056152,.
53776,.,-14.2234001159668,34.1374092102051,.
53777,.,-17.0656795501709,35.1667900085449,.
53778,.,-13.9888496398926,33.0356101989746,.
53779,.,-15.6660099029541,34.4734382629395,.
53780,.,-13.4054403305054,33.5761604309082,.
53781,.,-15.9952898025513,35.2813186645508,.
53782,.,-13.5300798416138,33.8973693847656,.
53783,.,-14.3713598251343,34.1142196655273,.
53784,.,-13.211389541626,34.3153495788574,.
53785,.,-16.3838901519775,35.1765785217285,.
53786,.,-15.9121704101563,35.0517616271973,.
53787,.,-10.9282903671265,33.9354782104492,.
53788,.,-15.8416004180908,35.7917098999023,.
53789,.,-16.3275699615479,34.8806915283203,.
53790,.,-15.6357898712158,34.5645294189453,.
53791,.,-14.3751096725464,35.0270385742188,.
53792,.,-15.9594202041626,35.423038482666,.
53793,.,-9.8111400604248,33.8383598327637,.
53794,.,-11.6629295349121,34.2350997924805,.
53795,.,-14.8140296936035,34.6603317260742,.
53796,.,-14.1044397354126,33.4143714904785,.
53797,.,-15.7552995681763,35.6058807373047,.
53798,.,-16.4057903289795,34.9237289428711,.
53799,.,-14.0061902999878,33.3196983337402,.
53800,.,-13.7334995269775,33.1918296813965,.
53801,.,-15.8887996673584,35.2820510864258,.
53802,.,-14.6386604309082,34.5562591552734,.
53803,.,-13.7393198013306,34.1567306518555,.
53804,.,-13.7673997879028,32.9330406188965,.
53805,.,-9.77787017822266,33.447380065918,.
53806,.,-10.9779500961304,33.9525489807129,.
53807,.,-13.9996204376221,33.7579383850098,.
53808,.,-14.9917001724243,34.7631187438965,.
53809,.,-14.6386604309082,34.5562591552734,.
53810,.,-15.3873596191406,35.0263595581055,.
53811,.,-15.4081697463989,35.5605506896973,.
53812,.,-14.8140296936035,34.6603317260742,.
53813,.,-15.966420173645,35.7845191955566,.
53814,.,-14.1084003448486,33.9774208068848,.
53815,.,-14.1376495361328,34.5063018798828,.
53816,.,-12.1007499694824,33.3503799438477,.
53817,.,-14.3312501907349,33.9891510009766,.
53818,.,-14.5461902618408,34.578800201416,.
53819,.,-13.6894397735596,33.7582015991211,.
53820,.,-10.9884796142578,33.7237892150879,.
53821,.,-14.2415199279785,33.7132911682129,.
53822,.,-14.7911796569824,35.5734710693359,.
53823,.,-14.9658803939819,34.9858207702637,.
53824,.,-15.2898101806641,35.0452613830566,.
53825,.,-15.7771997451782,35.0290908813477,.
53826,.,-13.9141397476196,33.5478591918945,.
53827,.,-11.4496898651123,33.9781188964844,.
53828,.,-14.2135200500488,35.0271186828613,.
53829,.,-13.8464403152466,33.2362899780273,.
53830,.,-15.6445798873901,35.1619682312012,.
53831,.,-14.2415199279785,33.7132911682129,.
53832,.,-14.0559501647949,33.7145195007324,.
53833,.,-15.0352201461792,35.5046997070313,.
53834,.,-13.4054403305054,33.5761604309082,.
53835,.,-15.3935804367065,35.2948112487793,.
53836,.,-15.8392496109009,35.0905799865723,.
53837,.,-13.789529800415,33.5550498962402,.
53838,.,-10.4913902282715,34.1384582519531,.
53839,.,-15.4827699661255,35.2339515686035,.
53840,.,-14.0500202178955,34.1231002807617,.
53841,.,-15.7614498138428,34.4197387695313,.
53842,.,-15.3204002380371,35.2476501464844,.
53843,.,-14.3826303482056,34.0849609375,.
53844,.,-15.6411199569702,35.7080192565918,.
53845,.,-11.6629295349121,34.2350997924805,.
53846,.,-11.5144701004028,33.4363403320313,.
53847,.,-15.8731098175049,35.5048789978027,.
53848,.,-14.8282604217529,35.2134094238281,.
53849,.,-13.3529195785522,33.9108009338379,.
53850,.,-15.6660099029541,34.4734382629395,.
53851,.,-13.530179977417,33.7944107055664,.
53852,.,-13.1838598251343,33.2934303283691,.
53853,.,-13.4854402542114,33.2660713195801,.
53854,.,-12.2796401977539,33.4571189880371,.
53855,.,-15.3855104446411,35.358570098877,.
53856,.,-15.8400201797485,35.7650718688965,.
53857,.,-10.8140802383423,34.0060806274414,.
53858,.,-15.4637298583984,34.6597213745117,.
53859,.,-15.6850500106812,34.932788848877,.
53860,.,-13.4461297988892,33.8257102966309,.
53861,.,-14.6386604309082,34.5562591552734,.
53862,.,-15.3204002380371,35.2476501464844,.
53863,.,-15.3873596191406,35.0263595581055,.
53864,.,-13.7947797775269,34.463981628418,.
53865,.,-10.2578401565552,33.6153717041016,.
53866,.,-15.1095199584961,35.5335388183594,.
53867,.,-15.8731098175049,35.5048789978027,.
53868,.,-13.8985395431519,32.9834785461426,.
53869,.,-12.0468702316284,33.646240234375,.
53870,.,-13.8906602859497,33.8871803283691,.
53871,.,-10.8397998809814,33.447380065918,.
53872,.,-15.8907403945923,34.9377784729004,.
53873,.,-15.4633703231812,35.289249420166,.
53874,.,-13.3656902313232,33.4001083374023,.
53875,.,-13.5738096237183,34.3303413391113,.
53876,.,-13.837869644165,33.0589599609375,.
53877,.,-14.8789396286011,35.6135101318359,.
53878,.,-15.8237104415894,35.079460144043,.
53879,.,-14.5461902618408,34.578800201416,.
53880,.,-15.7885503768921,35.608829498291,.
53881,.,-13.0454502105713,34.2270393371582,.
53882,.,-12.943320274353,34.2619590759277,.
53883,.,-15.7023096084595,35.7064514160156,.
53884,.,-15.3858404159546,34.6245803833008,.
53885,.,-13.8985395431519,32.9834785461426,.
53886,.,-14.8351697921753,34.9066505432129,.
53887,.,-12.6419296264648,34.1667709350586,.
53888,.,-14.0239400863647,33.8091316223145,.
53889,.,-13.6645698547363,33.6965217590332,.
53890,.,-15.1910600662231,35.0622100830078,.
53891,.,-12.7194404602051,33.4780197143555,.
53892,.,-13.6323699951172,33.9716606140137,.
53893,.,-14.8503704071045,34.7499008178711,.
53894,.,-12.4417695999146,33.7865180969238,.
53895,.,-13.2268600463867,33.8662605285645,.
53896,.,-9.59422016143799,33.3637504577637,.
53897,.,-14.7290496826172,35.5430793762207,.
53898,.,-9.9494104385376,33.9434700012207,.
53899,.,-16.0202407836914,35.4409790039063,.
53900,.,-14.1948699951172,33.4779586791992,.
53901,.,-13.0677404403687,33.5782699584961,.
53902,.,-13.6208200454712,33.8025588989258,.
53903,.,-9.62981986999512,33.8105697631836,.
53904,.,-12.5437498092651,34.0588111877441,.
53905,.,-14.3807601928711,34.3367881774902,.
53906,.,-13.8006896972656,34.4177589416504,.
53907,.,-14.9837598800659,35.1711616516113,.
53908,.,-15.8400201797485,35.7650718688965,.
53909,.,-13.8296298980713,33.9146995544434,.
53910,.,-15.5848703384399,35.0989112854004,.
53911,.,-14.8128795623779,34.627498626709,.
53912,.,-14.6386604309082,34.5562591552734,.
53913,.,-10.7078504562378,34.0358810424805,.
53914,.,-15.0667896270752,35.3475112915039,.
53915,.,-15.486180305481,34.6078796386719,.
53916,.,-13.5738096237183,34.3303413391113,.
53917,.,-11.6278800964355,34.1766014099121,.
53918,.,-15.9594202041626,35.423038482666,.
53919,.,-13.7223701477051,33.8731498718262,.
53920,.,-13.3579998016357,33.4899482727051,.
53921,.,-13.7042303085327,32.8480491638184,.
53922,.,-15.4147901535034,34.5917282104492,.
53923,.,-15.6145095825195,35.1133499145508,.
53924,.,-15.3704395294189,35.3613815307617,.
53925,.,-10.8450899124146,33.9892501831055,.
53926,.,-13.4187698364258,33.6028785705566,.
53927,.,-15.0890998840332,35.490650177002,.
53928,.,-15.1287298202515,35.4508514404297,.
53929,.,-15.3837299346924,35.3004302978516,.
53930,.,-14.2570199966431,34.1506118774414,.
53931,.,-15.4207496643066,34.7366981506348,.
53932,.,-13.7334995269775,33.1918296813965,.
53933,.,-15.7552995681763,35.6058807373047,.
53934,.,-15.7386798858643,35.7275390625,.
53935,.,-15.038800239563,35.1061706542969,.
53936,.,-14.3138704299927,34.2398986816406,.
53937,.,-14.730019569397,34.6091690063477,.
53938,.,-14.7861204147339,34.744068145752,.
53939,.,-15.5251703262329,34.5193099975586,.
53940,.,-13.3567304611206,33.7945899963379,.
53941,.,-15.0890998840332,35.490650177002,.
53942,.,-15.5972900390625,34.4753913879395,.
53943,.,-14.902250289917,34.6706008911133,.
53944,.,-15.4637298583984,34.6597213745117,.
53945,.,-14.8282604217529,35.2134094238281,.
53946,.,-15.8731098175049,35.5048789978027,.
53947,.,-15.4141702651978,34.8672485351563,.
53948,.,-10.8450899124146,33.9892501831055,.
53949,.,-13.9239101409912,34.5238609313965,.
53950,.,-15.4766902923584,34.5224685668945,.
53951,.,-15.6411199569702,35.7080192565918,.
53952,.,-15.3418397903442,34.8341407775879,.
53953,.,-16.9263305664063,35.2435417175293,.
53954,.,-15.6660099029541,34.4734382629395,.
53955,.,-15.3873596191406,35.0263595581055,.
53956,.,-13.1408195495605,33.4757614135742,.
53957,.,-15.3204002380371,35.2476501464844,.
53958,.,-14.2135200500488,35.0271186828613,.
53959,.,-15.7966203689575,34.5418815612793,.
53960,.,-15.685170173645,34.4705200195313,.
53961,.,-14.1527795791626,35.4116516113281,.
53962,.,-10.8450899124146,33.9892501831055,.
53963,.,-13.6894397735596,33.7582015991211,.
53964,.,-15.4897899627686,34.6922798156738,.
53965,.,-15.0400400161743,34.8817710876465,.
53966,.,-15.6019201278687,34.5225715637207,.
53967,.,-15.7735300064087,34.4424896240234,.
53968,.,-14.0886898040771,34.5172805786133,.
53969,.,-12.2150497436523,33.4475898742676,.
53970,.,-15.5747604370117,34.4779510498047,.
53971,.,-13.1383304595947,33.9057388305664,.
53972,.,-15.3899297714233,35.174430847168,.
53973,.,-15.5972900390625,34.4753913879395,.
53974,.,-16.4015293121338,34.7656517028809,.
53975,.,-11.4722700119019,34.0115814208984,.
53976,.,-14.8140296936035,34.6603317260742,.
53977,.,-15.63440990448,34.975170135498,.
53978,.,-13.3529195785522,33.9108009338379,.
53979,.,-15.6445798873901,35.1619682312012,.
53980,.,-15.7405595779419,34.3990287780762,.
53981,.,-14.2934999465942,33.8274688720703,.
53982,.,-14.60671043396,34.7633094787598,.
53983,.,-15.3945198059082,35.3299789428711,.
53984,.,-15.4897899627686,34.6922798156738,.
53985,.,-15.4468402862549,35.0949592590332,.
53986,.,-14.2276601791382,34.2863807678223,.
53987,.,-12.2150497436523,33.4475898742676,.
53988,.,-15.7327499389648,34.6806716918945,.
53989,.,-13.9568700790405,34.0565605163574,.
53990,.,-16.0681095123291,34.8623199462891,.
53991,.,-14.8503704071045,34.7499008178711,.
53992,.,-13.8296298980713,33.9146995544434,.
53993,.,-14.8351697921753,34.9066505432129,.
53994,.,-15.531060218811,34.4603614807129,.
53995,.,-15.685170173645,34.4705200195313,.
53996,.,-14.9263200759888,35.0874214172363,.
53997,.,-14.8480796813965,35.5307884216309,.
53998,.,-16.2134799957275,35.2244911193848,.
53999,.,-14.9513101577759,34.6216316223145,.
54000,.,-15.4207496643066,34.7366981506348,.
54001,.,-16.0823001861572,35.4645004272461,.
54002,.,-14.2934999465942,33.8274688720703,.
54003,.,-12.6098203659058,33.5945816040039,.
54004,.,-15.5747604370117,34.4779510498047,.
54005,.,-15.7893896102905,35.3337707519531,.
54006,.,-14.1811103820801,34.1434593200684,.
54007,.,-13.8464403152466,33.2362899780273,.
54008,.,-15.1384801864624,34.8334808349609,.
54009,.,-14.6582202911377,35.0572395324707,.
54010,.,-15.7405595779419,34.3990287780762,.
54011,.,-14.3731002807617,33.9071617126465,.
54012,.,-14.2476396560669,34.5322685241699,.
54013,.,-13.3797302246094,34.0458908081055,.
54014,.,-15.966420173645,35.7845191955566,.
54015,.,-15.7596597671509,35.2966995239258,.
54016,.,-14.9389801025391,35.0640106201172,.
54017,.,-14.3753004074097,34.3644599914551,.
54018,.,-15.6850500106812,34.932788848877,.
54019,.,-15.4637298583984,34.6597213745117,.
54020,.,-13.417140007019,34.0313301086426,.
54021,.,-14.3312501907349,33.9891510009766,.
54022,.,-13.8142595291138,33.0971183776855,.
54023,.,-13.6125202178955,33.228630065918,.
54024,.,-12.0468702316284,33.646240234375,.
54025,.,-15.6957302093506,34.513801574707,.
54026,.,-15.3858404159546,34.6245803833008,.
54027,.,-13.4309701919556,34.2332305908203,.
54028,.,-11.3837995529175,33.8790283203125,.
54029,.,-13.8142595291138,33.0971183776855,.
54030,.,-15.9594202041626,35.423038482666,.
54031,.,-12.1007499694824,33.3503799438477,.
54032,.,-13.4842395782471,33.8846397399902,.
54033,.,-15.4633703231812,35.289249420166,.
54034,.,-12.9959602355957,33.8199501037598,.
54035,.,-15.966420173645,35.7845191955566,.
54036,.,-15.685170173645,34.4705200195313,.
54037,.,-14.0878000259399,33.9263687133789,.
54038,.,-15.3873596191406,35.0263595581055,.
54039,.,-15.5473899841309,34.7234001159668,.
54040,.,-15.3418397903442,34.8341407775879,.
54041,.,-15.7246599197388,35.0708198547363,.
54042,.,-16.8182201385498,35.2997207641602,.
54043,.,-15.7625102996826,35.7987785339355,.
54044,.,-13.6808996200562,34.2480812072754,.
54045,.,-15.7461500167847,35.6137199401855,.
54046,.,-14.60671043396,34.7633094787598,.
54047,.,-14.6582202911377,35.0572395324707,.
54048,.,-13.3797302246094,34.0458908081055,.
54049,.,-16.1218395233154,35.5467109680176,.
54050,.,-15.7327499389648,34.6806716918945,.
54051,.,-14.8140296936035,34.6603317260742,.
54052,.,-11.5842599868774,34.2254219055176,.
54053,.,-14.9616098403931,35.87451171875,.
54054,.,-15.5848703384399,35.0989112854004,.
54055,.,-15.1910600662231,35.0622100830078,.
54056,.,-14.6322603225708,34.6211318969727,.
54057,.,-13.8434000015259,33.4235992431641,.
54058,.,-15.9509897232056,35.1758804321289,.
54059,.,-15.3680801391602,34.871940612793,.
54060,.,-13.688850402832,32.8800582885742,.
54061,.,-15.397910118103,34.6706314086914,.
54062,.,-15.3837299346924,35.3004302978516,.
54063,.,-15.8248796463013,34.4091491699219,.
54064,.,-15.5862503051758,35.0452919006348,.
54065,.,-15.3837299346924,35.3004302978516,.
54066,.,-14.9658803939819,34.9858207702637,.
54067,.,-15.0400400161743,34.8817710876465,.
54068,.,-15.4463701248169,35.4656410217285,.
54069,.,-15.4468402862549,35.0949592590332,.
54070,.,-15.1287298202515,35.4508514404297,.
54071,.,-13.8142595291138,33.0971183776855,.
54072,.,-15.7410297393799,35.1948089599609,.
54073,.,-14.655369758606,35.8396492004395,.
54074,.,-13.1838598251343,33.2934303283691,.
54075,.,-13.3868198394775,33.1138305664063,.
54076,.,-15.7735300064087,34.4424896240234,.
54077,.,-16.0242290496826,35.0012397766113,.
54078,.,-11.7562599182129,33.4206886291504,.
54079,.,-13.5593595504761,33.5165100097656,.
54080,.,-11.6629295349121,34.2350997924805,.
54081,.,-14.978289604187,35.2451705932617,.
54082,.,-15.8314800262451,35.11669921875,.
54083,.,-15.2645597457886,35.3688087463379,.
54084,.,-15.5848703384399,35.0989112854004,.
54085,.,-14.2276601791382,34.2863807678223,.
54086,.,-15.2432298660278,35.2535400390625,.
54087,.,-15.1910600662231,35.0622100830078,.
54088,.,-15.5852203369141,35.200309753418,.
54089,.,-11.7442302703857,33.938549041748,.
54090,.,-10.7078504562378,34.0358810424805,.
54091,.,-11.8008003234863,33.4245109558105,.
54092,.,-13.7989196777344,34.2940292358398,.
54093,.,-13.4054403305054,33.5761604309082,.
54094,.,-13.1838598251343,33.2934303283691,.
54095,.,-13.6401195526123,33.1221313476563,.
54096,.,-11.5144500732422,33.5005111694336,.
54097,.,-12.9959602355957,33.8199501037598,.
54098,.,-15.7327499389648,34.6806716918945,.
54099,.,-15.3418397903442,34.8341407775879,.
54100,.,-13.9568700790405,34.0565605163574,.
54101,.,-13.7213001251221,34.3323211669922,.
54102,.,-14.730019569397,34.6091690063477,.
54103,.,-13.7150201797485,33.4016418457031,.
54104,.,-15.3837299346924,35.3004302978516,.
54105,.,-15.8737602233887,35.4349517822266,.
54106,.,-15.7410297393799,35.1948089599609,.
54107,.,-13.1010704040527,33.7375411987305,.
54108,.,-15.2645597457886,35.3688087463379,.
54109,.,-14.902250289917,34.6706008911133,.
54110,.,-13.4854402542114,33.2660713195801,.
54111,.,-14.480580329895,34.6474609375,.
54112,.,-14.7784204483032,35.8010101318359,.
54113,.,-12.2796401977539,33.4571189880371,.
54114,.,-15.1910600662231,35.0622100830078,.
54115,.,-10.8784103393555,33.579719543457,.
54116,.,-16.8182201385498,35.2997207641602,.
54117,.,-15.8055400848389,35.1751518249512,.
54118,.,-15.6145095825195,35.1133499145508,.
54119,.,-14.9513101577759,34.6216316223145,.
54120,.,-14.5439701080322,35.3408889770508,.
54121,.,-15.7768201828003,35.1487503051758,.
54122,.,-16.0823001861572,35.4645004272461,.
54123,.,-16.0823001861572,35.4645004272461,.
54124,.,-16.0823001861572,35.4645004272461,.
54125,.,-14.8140296936035,34.6603317260742,.
54126,.,-15.4300804138184,35.4271011352539,.
54127,.,-13.9239101409912,34.5238609313965,.
54128,.,-10.9282903671265,33.9354782104492,.
54129,.,-15.3933801651001,35.3365783691406,.
54130,.,-14.3706398010254,35.306568145752,.
54131,.,-13.7213001251221,34.3323211669922,.
54132,.,-15.1910600662231,35.0622100830078,.
54133,.,-14.0359001159668,34.3325309753418,.
54134,.,-15.8314800262451,35.11669921875,.
54135,.,-12.6098203659058,33.5945816040039,.
54136,.,-15.8248796463013,34.4091491699219,.
54137,.,-15.2972402572632,35.4795913696289,.
54138,.,-13.5010204315186,33.7112884521484,.
54139,.,-13.3656902313232,33.4001083374023,.
54140,.,-10.7078504562378,34.0358810424805,.
54141,.,-10.7078504562378,34.0358810424805,.
54142,.,-16.1516990661621,35.2084007263184,.
54143,.,-15.0352201461792,35.5046997070313,.
54144,.,-16.081880569458,35.491828918457,.
54145,.,-15.3680801391602,34.871940612793,.
54146,.,-15.6884098052979,34.5192794799805,.
54147,.,-15.4637298583984,34.6597213745117,.
54148,.,-14.9513101577759,34.6216316223145,.
54149,.,-14.9837598800659,35.1711616516113,.
54150,.,-15.5305795669556,35.2582893371582,.
54151,.,-12.7051296234131,33.2996101379395,.
54152,.,-14.0359001159668,34.3325309753418,.
54153,.,-13.4854402542114,33.2660713195801,.
54154,.,-15.8019895553589,35.265380859375,.
54155,.,-14.0878000259399,33.9263687133789,.
54156,.,-16.066930770874,35.0717010498047,.
54157,.,-11.3789596557617,33.8708610534668,.
54158,.,-15.9113101959229,35.3177795410156,.
54159,.,-15.7209997177124,35.5293807983398,.
54160,.,-15.8314800262451,35.11669921875,.
54161,.,-16.0872497558594,34.999340057373,.
54162,.,-12.943320274353,34.2619590759277,.
54163,.,-16.066930770874,35.0717010498047,.
54164,.,-13.9239101409912,34.5238609313965,.
54165,.,-15.4949197769165,35.6419296264648,.
54166,.,-13.8464403152466,33.2362899780273,.
54167,.,-14.6386604309082,34.5562591552734,.
54168,.,-11.9890403747559,33.5845489501953,.
54169,.,-15.4897899627686,34.6922798156738,.
54170,.,-16.1536102294922,35.3490409851074,.
54171,.,-15.3935804367065,35.2948112487793,.
54172,.,-16.1072902679443,34.8353881835938,.
54173,.,-14.9837598800659,35.1711616516113,.
54174,.,-15.9888601303101,35.4467010498047,.
54175,.,-15.9514398574829,35.0065002441406,.
54176,.,-16.1900100708008,35.1304512023926,.
54177,.,-15.7410297393799,35.1948089599609,.
54178,.,-11.5842599868774,34.2254219055176,.
54179,.,-10.7936897277832,34.0494499206543,.
54180,.,-14.3312501907349,33.9891510009766,.
54181,.,-15.9509897232056,35.1758804321289,.
54182,.,-13.3847904205322,33.7668991088867,.
54183,.,-13.2663602828979,33.9988784790039,.
54184,.,-15.3837299346924,35.3004302978516,.
54185,.,-16.081880569458,35.491828918457,.
54186,.,-15.4463701248169,35.4656410217285,.
54187,.,-15.376540184021,34.5810699462891,.
54188,.,-15.5030698776245,35.6521682739258,.
54189,.,-15.2448196411133,34.904541015625,.
54190,.,-15.0352201461792,35.5046997070313,.
54191,.,-15.2898101806641,35.0452613830566,.
54192,.,-15.9022302627563,35.4151000976563,.
54193,.,-15.8314800262451,35.11669921875,.
54194,.,-15.3418397903442,34.8341407775879,.
54195,.,-14.7911796569824,35.5734710693359,.
54196,.,-14.9506397247314,34.833610534668,.
54197,.,-15.4081296920776,35.3416595458984,.
54198,.,-15.5591201782227,35.3229713439941,.
54199,.,-13.1488704681396,34.3321990966797,.
54200,.,-15.0352201461792,35.5046997070313,.
54201,.,-15.9923696517944,35.297679901123,.
54202,.,-10.9282903671265,33.9354782104492,.
54203,.,-14.4033498764038,34.2912483215332,.
54204,.,-15.0352201461792,35.5046997070313,.
54205,.,-10.9884796142578,33.7237892150879,.
54206,.,-14.2476396560669,34.5322685241699,.
54207,.,-15.6850500106812,34.932788848877,.
54208,.,-14.1770601272583,34.2692718505859,.
54209,.,-14.2415199279785,33.7132911682129,.
54210,.,-14.6386604309082,34.5562591552734,.
54211,.,-15.7023096084595,35.7064514160156,.
54212,.,-14.7450799942017,35.8511505126953,.
54213,.,-15.9113101959229,35.3177795410156,.
54214,.,-15.7768201828003,35.1487503051758,.
54215,.,-15.0352201461792,35.5046997070313,.
54216,.,-14.655369758606,35.8396492004395,.
54217,.,-15.486180305481,34.6078796386719,.
54218,.,-15.9594202041626,35.423038482666,.
54219,.,-15.8737602233887,35.4349517822266,.
54220,.,-15.3935804367065,35.2948112487793,.
54221,.,-16.0486507415771,35.224910736084,.
54222,.,-10.9604902267456,33.7546997070313,.
54223,.,-14.0500202178955,34.1231002807617,.
54224,.,-14.2544803619385,33.7594184875488,.
54225,.,-15.9923696517944,35.297679901123,.
54226,.,-15.4633703231812,35.289249420166,.
54227,.,-11.7442302703857,33.938549041748,.
54228,.,-15.5903100967407,35.7436294555664,.
54229,.,-14.1811103820801,34.1434593200684,.
54230,.,-14.0171298980713,33.8245811462402,.
54231,.,-14.1249799728394,34.2055816650391,.
54232,.,-10.8336896896362,33.5321388244629,.
54233,.,-12.6098203659058,33.5945816040039,.
54234,.,-14.950309753418,35.4952011108398,.
54235,.,-15.6357898712158,34.5645294189453,.
54236,.,-9.9494104385376,33.9434700012207,.
54237,.,-15.8314800262451,35.11669921875,.
54238,.,-14.2276601791382,34.2863807678223,.
54239,.,-14.5461902618408,34.578800201416,.
54240,.,-15.8887996673584,35.2820510864258,.
54241,.,-15.7966203689575,34.5418815612793,.
54242,.,-15.9923696517944,35.297679901123,.
54243,.,-15.7734498977661,34.5073890686035,.
54244,.,-13.3857898712158,33.7499389648438,.
54245,.,-13.6401195526123,33.1221313476563,.
54246,.,-15.7171602249146,35.5042686462402,.
54247,.,-15.5972900390625,34.4753913879395,.
54248,.,-13.6894397735596,33.7582015991211,.
54249,.,-14.6322603225708,34.6211318969727,.
54250,.,-14.7450799942017,35.8511505126953,.
54251,.,-15.8055400848389,35.1751518249512,.
54252,.,-15.6019201278687,34.5225715637207,.
54253,.,-15.566499710083,35.206428527832,.
54254,.,-11.3789596557617,33.8708610534668,.
54255,.,-15.5591201782227,35.3229713439941,.
54256,.,-12.6098203659058,33.5945816040039,.
54257,.,-15.8416004180908,35.7917098999023,.
54258,.,-15.3951396942139,35.2604484558105,.
54259,.,-12.0840301513672,34.7168807983398,.
54260,.,-15.4081296920776,35.3416595458984,.
54261,.,-15.7596597671509,35.2966995239258,.
54262,.,-15.4468402862549,35.0949592590332,.
54263,.,-15.7768201828003,35.1487503051758,.
54264,.,-14.188289642334,33.9618606567383,.
54265,.,-14.60671043396,34.7633094787598,.
54266,.,-12.9959602355957,33.8199501037598,.
54267,.,-15.6445798873901,35.1619682312012,.
54268,.,-10.683500289917,34.1934089660645,.
54269,.,-15.6850500106812,34.932788848877,.
54270,.,-12.8904304504395,33.5020713806152,.
54271,.,-15.7461500167847,35.6137199401855,.
54272,.,-10.8336896896362,33.5321388244629,.
54273,.,-12.0600004196167,34.053409576416,.
54274,.,-13.4461297988892,33.8257102966309,.
54275,.,-13.3430795669556,33.9630699157715,.
54276,.,-14.3826303482056,34.0849609375,.
54277,.,-15.3204002380371,35.2476501464844,.
54278,.,-14.2476396560669,34.5322685241699,.
54279,.,-14.6322603225708,34.6211318969727,.
54280,.,-13.9478797912598,33.8127708435059,.
54281,.,-13.8296298980713,33.9146995544434,.
54282,.,-13.8434000015259,33.4235992431641,.
54283,.,-13.7947797775269,34.463981628418,.
54284,.,-11.9890403747559,33.5845489501953,.
54285,.,-15.7625102996826,35.7987785339355,.
54286,.,-15.5305795669556,35.2582893371582,.
54287,.,-14.8351697921753,34.9066505432129,.
54288,.,-14.4861698150635,34.4703102111816,.
54289,.,-9.99917030334473,33.426700592041,.
54290,.,-13.4187698364258,33.6028785705566,.
54291,.,-13.2251996994019,33.713680267334,.
54292,.,-13.8985395431519,32.9834785461426,.
54293,.,-15.7023096084595,35.7064514160156,.
54294,.,-13.9568700790405,34.0565605163574,.
54295,.,-13.4461297988892,33.8257102966309,.
54296,.,-16.3051204681396,35.218620300293,.
54297,.,-14.4861698150635,34.4703102111816,.
54298,.,-15.966420173645,35.7845191955566,.
54299,.,-13.8573799133301,33.3024406433105,.
54300,.,-15.4081401824951,35.3423118591309,.
54301,.,-15.5811595916748,35.6264915466309,.
54302,.,-10.8336896896362,33.5321388244629,.
54303,.,-14.6618604660034,34.7683982849121,.
54304,.,-14.1483402252197,33.8457794189453,.
54305,.,-14.9389801025391,35.0640106201172,.
54306,.,-14.0171298980713,33.8245811462402,.
54307,.,-14.0441303253174,34.4917602539063,.
54308,.,-13.8803300857544,34.505859375,.
54309,.,-13.9888496398926,33.0356101989746,.
54310,.,-14.4811496734619,35.0109100341797,.
54311,.,-15.3156604766846,34.6679496765137,.
54312,.,-14.3138704299927,34.2398986816406,.
54313,.,-13.7223701477051,33.8731498718262,.
54314,.,-12.6098203659058,33.5945816040039,.
54315,.,-13.4854402542114,33.2660713195801,.
54316,.,-9.62981986999512,33.8105697631836,.
54317,.,-15.8237104415894,35.079460144043,.
54318,.,-15.4949197769165,35.6419296264648,.
54319,.,-15.2432298660278,35.2535400390625,.
54320,.,-15.5189304351807,35.4697303771973,.
54321,.,-11.6629295349121,34.2350997924805,.
54322,.,-14.1249799728394,34.2055816650391,.
54323,.,-15.4468402862549,35.0949592590332,.
54324,.,-13.9479303359985,33.7437515258789,.
54325,.,-11.3422899246216,34.1177101135254,.
54326,.,-11.3789596557617,33.8708610534668,.
54327,.,-15.5862503051758,35.0452919006348,.
54328,.,-13.8006896972656,34.4177589416504,.
54329,.,-15.8671903610229,35.8014717102051,.
54330,.,-15.9888601303101,35.4467010498047,.
54331,.,-14.5461902618408,34.578800201416,.
54332,.,-13.9141397476196,33.5478591918945,.
54333,.,-13.6208200454712,33.8025588989258,.
54334,.,-13.9888496398926,33.0356101989746,.
54335,.,-13.2097597122192,34.2166786193848,.
54336,.,-14.8282604217529,35.2134094238281,.
54337,.,-14.2570199966431,34.1506118774414,.
54338,.,-13.5593595504761,33.5165100097656,.
54339,.,-13.4854402542114,33.2660713195801,.
54340,.,-14.3713598251343,34.1142196655273,.
54341,.,-14.4861698150635,34.4703102111816,.
54342,.,-16.4332103729248,34.7425918579102,.
54343,.,-16.0486507415771,35.224910736084,.
54344,.,-14.2544803619385,33.7594184875488,.
54345,.,-14.950309753418,35.4952011108398,.
54346,.,-14.1483402252197,33.8457794189453,.
54347,.,-14.0239400863647,33.8091316223145,.
54348,.,-16.0200099945068,35.0729713439941,.
54349,.,-13.1838598251343,33.2934303283691,.
54350,.,-16.0107307434082,34.5091705322266,.
54351,.,-14.9981203079224,35.1205902099609,.
54352,.,-15.5251703262329,34.5193099975586,.
54353,.,-9.9494104385376,33.9434700012207,.
54354,.,-14.1811103820801,34.1434593200684,.
54355,.,-15.7552995681763,35.6058807373047,.
54356,.,-15.3935804367065,35.2948112487793,.
54357,.,-13.3342800140381,33.8982086181641,.
54358,.,-15.7012796401978,35.3775901794434,.
54359,.,-11.0274801254272,33.845890045166,.
54360,.,-15.8671903610229,35.8014717102051,.
54361,.,-14.6386604309082,34.5562591552734,.
54362,.,-15.5251703262329,34.5193099975586,.
54363,.,-13.5675897598267,32.8633308410645,.
54364,.,-15.8237104415894,35.079460144043,.
54365,.,-15.9509897232056,35.1758804321289,.
54366,.,-13.6294002532959,32.934009552002,.
54367,.,-15.6411199569702,35.7080192565918,.
54368,.,-11.5144701004028,33.4363403320313,.
54369,.,-16.2331504821777,35.1204109191895,.
54370,.,-16.0107307434082,34.5091705322266,.
54371,.,-15.5862503051758,35.0452919006348,.
54372,.,-13.837869644165,33.0589599609375,.
54373,.,-15.2645597457886,35.3688087463379,.
54374,.,-13.8142595291138,33.0971183776855,.
54375,.,-11.7719297409058,34.0525093078613,.
54376,.,-9.51432037353516,33.2206001281738,.
54377,.,-15.0352201461792,35.5046997070313,.
54378,.,-15.8818597793579,35.1692085266113,.
54379,.,-13.4275798797607,33.2661094665527,.
54380,.,-10.8377304077148,33.9726791381836,.
54381,.,-13.837869644165,33.0589599609375,.
54382,.,-14.3713598251343,34.1142196655273,.
54383,.,-14.6582202911377,35.0572395324707,.
54384,.,-14.60671043396,34.7633094787598,.
54385,.,-15.7552995681763,35.6058807373047,.
54386,.,-15.4147901535034,34.5917282104492,.
54387,.,-9.70057010650635,33.2391700744629,.
54388,.,-15.8671903610229,35.8014717102051,.
54389,.,-13.4463396072388,33.4062004089355,.
54390,.,-15.3873596191406,35.0263595581055,.
54391,.,-15.5852203369141,35.200309753418,.
54392,.,-13.6323699951172,33.9716606140137,.
54393,.,-15.8398103713989,35.010311126709,.
54394,.,-15.9594202041626,35.423038482666,.
54395,.,-13.3027095794678,34.1166305541992,.
54396,.,-14.9506397247314,34.833610534668,.
54397,.,-15.5968103408813,34.5047416687012,.
54398,.,-14.8140296936035,34.6603317260742,.
54399,.,-15.1910600662231,35.0622100830078,.
54400,.,-9.52412033081055,33.2785797119141,.
54401,.,-15.4468402862549,35.0949592590332,.
54402,.,-16.9097499847412,35.1698608398438,.
54403,.,-15.0667896270752,35.3475112915039,.
54404,.,-10.9282903671265,33.9354782104492,.
54405,.,-15.9022302627563,35.4151000976563,.
54406,.,-15.6411199569702,35.7080192565918,.
54407,.,-14.730019569397,34.6091690063477,.
54408,.,-14.8351697921753,34.9066505432129,.
54409,.,-15.4897899627686,34.6922798156738,.
54410,.,-14.3753004074097,34.3644599914551,.
54411,.,-15.6445798873901,35.1619682312012,.
54412,.,-14.0522203445435,33.4851112365723,.
54413,.,-16.0681095123291,34.8623199462891,.
54414,.,-15.966420173645,35.7845191955566,.
54415,.,-13.1383304595947,33.9057388305664,.
54416,.,-14.6322603225708,34.6211318969727,.
54417,.,-14.2934999465942,33.8274688720703,.
54418,.,-15.038800239563,35.1061706542969,.
54419,.,-15.7461500167847,35.6137199401855,.
54420,.,-15.4147901535034,34.5917282104492,.
54421,.,-15.7966203689575,34.5418815612793,.
54422,.,-13.7203397750854,33.9900817871094,.
54423,.,-14.8140296936035,34.6603317260742,.
54424,.,-15.8731098175049,35.5048789978027,.
54425,.,-14.7217798233032,34.9384994506836,.
54426,.,-14.7861204147339,34.744068145752,.
54427,.,-15.6957302093506,34.513801574707,.
54428,.,-15.486180305481,34.6078796386719,.
54429,.,-14.4627103805542,34.0289192199707,.
54430,.,-13.9612503051758,33.6136016845703,.
54431,.,-15.5852203369141,35.200309753418,.
54432,.,-13.4309701919556,34.2332305908203,.
54433,.,-14.3312501907349,33.9891510009766,.
54434,.,-15.5747604370117,34.4779510498047,.
54435,.,-14.2476396560669,34.5322685241699,.
54436,.,-15.7410297393799,35.1948089599609,.
54437,.,-12.2150497436523,33.4475898742676,.
54438,.,-14.730019569397,34.6091690063477,.
54439,.,-14.9263200759888,35.0874214172363,.
54440,.,-15.3951396942139,35.2604484558105,.
54441,.,-15.3940801620483,35.3284187316895,.
54442,.,-14.7911796569824,35.5734710693359,.
54443,.,-15.8019895553589,35.265380859375,.
54444,.,-13.4275503158569,34.2765617370605,.
54445,.,-15.3789300918579,35.3633308410645,.
54446,.,-15.3935804367065,35.2948112487793,.
54447,.,-14.0522203445435,33.4851112365723,.
54448,.,-15.5251703262329,34.5193099975586,.
54449,.,-14.0522203445435,33.4851112365723,.
54450,.,-15.3837299346924,35.3004302978516,.
54451,.,-13.2663602828979,33.9988784790039,.
54452,.,-15.3951396942139,35.2604484558105,.
54453,.,-15.8314800262451,35.11669921875,.
54454,.,-14.6322603225708,34.6211318969727,.
54455,.,-15.4081296920776,35.3416595458984,.
54456,.,-13.9506998062134,33.948169708252,.
54457,.,-16.0823001861572,35.4645004272461,.
54458,.,-15.9121704101563,35.0517616271973,.
54459,.,-15.9888601303101,35.4467010498047,.
54460,.,-15.8019895553589,35.265380859375,.
54461,.,-13.6323699951172,33.9716606140137,.
54462,.,-10.2397403717041,33.6369094848633,.
54463,.,-13.9239101409912,34.5238609313965,.
54464,.,-11.1545896530151,33.8852500915527,.
54465,.,-15.7023096084595,35.7064514160156,.
54466,.,-9.9494104385376,33.9434700012207,.
54467,.,-15.6411199569702,35.7080192565918,.
54468,.,-15.4081401824951,35.3423118591309,.
54469,.,-14.9837598800659,35.1711616516113,.
54470,.,-14.0441303253174,34.4917602539063,.
54471,.,-13.8464403152466,33.2362899780273,.
54472,.,-15.8416004180908,35.7917098999023,.
54473,.,-15.3935804367065,35.2948112487793,.
54474,.,-15.8425397872925,35.240909576416,.
54475,.,-16.4057903289795,34.9237289428711,.
54476,.,-15.8019895553589,35.265380859375,.
54477,.,-15.4300804138184,35.4271011352539,.
54478,.,-13.688850402832,32.8800582885742,.
54479,.,-13.2268600463867,33.8662605285645,.
54480,.,-16.0823001861572,35.4645004272461,.
54481,.,-15.7428598403931,35.060001373291,.
54482,.,-15.615650177002,35.1616401672363,.
54483,.,-11.3789596557617,33.8708610534668,.
54484,.,-12.2150497436523,33.4475898742676,.
54485,.,-15.1384801864624,34.8334808349609,.
54486,.,-15.8400201797485,35.7650718688965,.
54487,.,-15.6806297302246,34.4072494506836,.
54488,.,-15.0352201461792,35.5046997070313,.
54489,.,-15.4253597259521,34.7216911315918,.
54490,.,-15.3418397903442,34.8341407775879,.
54491,.,-11.0198497772217,33.7740211486816,.
54492,.,-15.9113101959229,35.3177795410156,.
54493,.,-15.3789300918579,35.3633308410645,.
54494,.,-15.9923696517944,35.297679901123,.
54495,.,-15.4468402862549,35.0949592590332,.
54496,.,-14.8503704071045,34.7499008178711,.
54497,.,-14.1376495361328,34.5063018798828,.
54498,.,-16.4057903289795,34.9237289428711,.
54499,.,-13.8434000015259,33.4235992431641,.
54500,.,-14.1376495361328,34.5063018798828,.
54501,.,-13.8985395431519,32.9834785461426,.
54502,.,-15.7893896102905,35.3337707519531,.
54503,.,-13.4461297988892,33.8257102966309,.
54504,.,-14.3731002807617,33.9071617126465,.
54505,.,-15.6169395446777,35.6684417724609,.
54506,.,-14.8351697921753,34.9066505432129,.
54507,.,-14.3706398010254,35.306568145752,.
54508,.,-15.9952898025513,35.2813186645508,.
54509,.,-14.0061902999878,33.3196983337402,.
54510,.,-15.5251703262329,34.5193099975586,.
54511,.,-13.4463396072388,33.4062004089355,.
54512,.,-15.531060218811,34.4603614807129,.
54513,.,-13.9141397476196,33.5478591918945,.
54514,.,-13.9555101394653,33.2108192443848,.
54515,.,-15.3951396942139,35.2604484558105,.
54516,.,-14.0239400863647,33.8091316223145,.
54517,.,-15.4095697402954,35.3156394958496,.
54518,.,-16.9097499847412,35.1698608398438,.
54519,.,-10.7078504562378,34.0358810424805,.
54520,.,-15.2432298660278,35.2535400390625,.
54521,.,-9.51432037353516,33.2206001281738,.
54522,.,-13.9888496398926,33.0356101989746,.
54523,.,-15.3951396942139,35.2604484558105,.
54524,.,-13.7334995269775,33.1918296813965,.
54525,.,-15.7625102996826,35.7987785339355,.
54526,.,-11.6976203918457,34.2677307128906,.
54527,.,-15.7012796401978,35.3775901794434,.
54528,.,-16.4332103729248,34.7425918579102,.
54529,.,-13.6323699951172,33.9716606140137,.
54530,.,-13.5593595504761,33.5165100097656,.
54531,.,-15.3935804367065,35.2948112487793,.
54532,.,-15.403829574585,35.3195304870605,.
54533,.,-15.2645597457886,35.3688087463379,.
54534,.,-11.3145704269409,33.9706687927246,.
54535,.,-15.6411199569702,35.7080192565918,.
54536,.,-11.9890403747559,33.5845489501953,.
54537,.,-13.9888496398926,33.0356101989746,.
54538,.,-13.9607200622559,33.5564002990723,.
54539,.,-13.837869644165,33.0589599609375,.
54540,.,-16.1536102294922,35.3490409851074,.
54541,.,-14.60671043396,34.7633094787598,.
54542,.,-14.1301298141479,35.253978729248,.
54543,.,-15.8490800857544,35.3488388061523,.
54544,.,-15.8671903610229,35.8014717102051,.
54545,.,-14.8140296936035,34.6603317260742,.
54546,.,-15.7461500167847,35.6137199401855,.
54547,.,-15.376540184021,34.5810699462891,.
54548,.,-14.3312501907349,33.9891510009766,.
54549,.,-14.1811103820801,34.1434593200684,.
54550,.,-15.4633703231812,35.289249420166,.
54551,.,-14.3070697784424,33.6396293640137,.
54552,.,-14.7217798233032,34.9384994506836,.
54553,.,-14.60671043396,34.7633094787598,.
54554,.,-14.4627103805542,34.0289192199707,.
54555,.,-15.038800239563,35.1061706542969,.
54556,.,-14.6386604309082,34.5562591552734,.
54557,.,-14.3312501907349,33.9891510009766,.
54558,.,-10.2397403717041,33.6369094848633,.
54559,.,-15.8019895553589,35.265380859375,.
54560,.,-14.7861204147339,34.744068145752,.
54561,.,-15.8671903610229,35.8014717102051,.
54562,.,-13.232569694519,33.8411712646484,.
54563,.,-15.0869998931885,34.6039085388184,.
54564,.,-15.4156999588013,35.3074989318848,.
54565,.,-10.2397403717041,33.6369094848633,.
54566,.,-15.3789300918579,35.3633308410645,.
54567,.,-15.8019895553589,35.265380859375,.
54568,.,-13.6323699951172,33.9716606140137,.
54569,.,-14.0239400863647,33.8091316223145,.
54570,.,-13.7334995269775,33.1918296813965,.
54571,.,-15.3935804367065,35.2948112487793,.
54572,.,-13.3857898712158,33.7499389648438,.
54573,.,-14.1376495361328,34.5063018798828,.
54574,.,-15.7885503768921,35.608829498291,.
54575,.,-15.7625102996826,35.7987785339355,.
54576,.,-12.6098203659058,33.5945816040039,.
54577,.,-14.0061902999878,33.3196983337402,.
54578,.,-11.3789596557617,33.8708610534668,.
54579,.,-14.60671043396,34.7633094787598,.
54580,.,-13.9141397476196,33.5478591918945,.
54581,.,-16.0486507415771,35.224910736084,.
54582,.,-13.9141397476196,33.5478591918945,.
54583,.,-15.6957302093506,34.513801574707,.
54584,.,-14.9513101577759,34.6216316223145,.
54585,.,-14.8282604217529,35.2134094238281,.
54586,.,-15.3204002380371,35.2476501464844,.
54587,.,-15.8019895553589,35.265380859375,.
54588,.,-15.4156999588013,35.3074989318848,.
54589,.,-12.6098203659058,33.5945816040039,.
54590,.,-13.4461297988892,33.8257102966309,.
54591,.,-13.8573799133301,33.3024406433105,.
54592,.,-15.4468402862549,35.0949592590332,.
54593,.,-14.1770601272583,34.2692718505859,.
54594,.,-13.4461297988892,33.8257102966309,.
54595,.,-15.4468402862549,35.0949592590332,.
54596,.,-15.6411199569702,35.7080192565918,.
54597,.,-15.9377498626709,35.4617614746094,.
54598,.,-16.1218395233154,35.5467109680176,.
54599,.,-15.9377498626709,35.4617614746094,.
54600,.,-15.956130027771,35.2426109313965,.
54601,.,-16.1066493988037,35.3063011169434,.
54602,.,-13.9506998062134,33.948169708252,.
54603,.,-15.7023096084595,35.7064514160156,.
54604,.,-15.966420173645,35.7845191955566,.
54605,.,-13.1541299819946,34.1675491333008,.
54606,.,-16.0872497558594,34.999340057373,.
54607,.,-15.966420173645,35.7845191955566,.
54608,.,-15.5443296432495,35.6066093444824,.
54609,.,-15.5903100967407,35.7436294555664,.
54610,.,-16.0041103363037,35.441520690918,.
54611,.,-16.0041103363037,35.441520690918,.
54612,.,-14.4236698150635,35.5990982055664,.
54613,.,-15.7893896102905,35.3337707519531,.
54614,.,-13.3887796401978,33.8467102050781,.
54615,.,-16.066930770874,35.0717010498047,.
54616,.,-14.3751096725464,35.0270385742188,.
54617,.,-15.7023096084595,35.7064514160156,.
54618,.,-13.7920503616333,33.2354698181152,.
54619,.,-15.9022302627563,35.4151000976563,.
54620,.,-15.8671903610229,35.8014717102051,.
54621,.,-13.7223701477051,33.8731498718262,.
54622,.,-15.6879301071167,35.7680511474609,.
54623,.,-13.9478797912598,33.8127708435059,.
54624,.,-15.6145095825195,35.1133499145508,.
54625,.,-11.7771396636963,34.2273597717285,.
54626,.,-16.0486507415771,35.224910736084,.
54627,.,-15.7223796844482,35.1396408081055,.
54628,.,-16.2134799957275,35.2244911193848,.
54629,.,-15.9514398574829,35.0065002441406,.
54630,.,-16.3770008087158,35.2643394470215,.
54631,.,-16.1536102294922,35.3490409851074,.
54632,.,-13.6208200454712,33.8025588989258,.
54633,.,-16.1536102294922,35.3490409851074,.
54634,.,-15.9923696517944,35.297679901123,.
54635,.,-13.1541299819946,34.1675491333008,.
54636,.,-15.9725704193115,35.3785285949707,.
54637,.,-13.9698600769043,33.3693885803223,.
54638,.,-15.8019895553589,35.265380859375,.
54639,.,-13.4309701919556,34.2332305908203,.
54640,.,-15.9377498626709,35.4617614746094,.
54641,.,-15.7625102996826,35.7987785339355,.
54642,.,-14.4236698150635,35.5990982055664,.
54643,.,-16.1900100708008,35.1304512023926,.
54644,.,-10.9884796142578,33.7237892150879,.
54645,.,-15.6624097824097,34.9623413085938,.
54646,.,-16.0823001861572,35.4645004272461,.
54647,.,-15.5314197540283,35.7968406677246,.
54648,.,-15.4300804138184,35.4271011352539,.
54649,.,-15.8019895553589,35.265380859375,.
54650,.,-15.7306299209595,34.9882011413574,.
54651,.,-15.8966798782349,35.1106605529785,.
54652,.,-15.7893896102905,35.3337707519531,.
54653,.,-13.8464403152466,33.2362899780273,.
54654,.,-15.8731098175049,35.5048789978027,.
54655,.,-15.4030103683472,34.9573783874512,.
54656,.,-15.8731098175049,35.5048789978027,.
54657,.,-12.0840301513672,34.7168807983398,.
54658,.,-13.5345401763916,32.8610496520996,.
54659,.,-15.7171602249146,35.5042686462402,.
54660,.,-14.655369758606,35.8396492004395,.
54661,.,-15.1135196685791,35.2554092407227,.
54662,.,-15.4897403717041,35.592601776123,.
54663,.,-15.8671903610229,35.8014717102051,.
54664,.,-15.9763097763062,35.3274383544922,.
54665,.,-14.5475997924805,35.7540817260742,.
54666,.,-15.6169395446777,35.6684417724609,.
54667,.,-15.3418397903442,34.8341407775879,.
54668,.,-15.7171602249146,35.5042686462402,.
54669,.,-15.9377498626709,35.4617614746094,.
54670,.,-15.9725704193115,35.3785285949707,.
54671,.,-15.4949197769165,35.6419296264648,.
54672,.,-13.8241901397705,35.0955505371094,.
54673,.,-15.4633703231812,35.289249420166,.
54674,.,-12.4891901016235,34.1011581420898,.
54675,.,-16.1536102294922,35.3490409851074,.
54676,.,-14.0370798110962,33.8024482727051,.
54677,.,-16.3654403686523,35.1124382019043,.
54678,.,-15.9022302627563,35.4151000976563,.
54679,.,-15.9763097763062,35.3274383544922,.
54680,.,-14.655369758606,35.8396492004395,.
54681,.,-16.0202407836914,35.4409790039063,.
54682,.,-15.9725704193115,35.3785285949707,.
54683,.,-15.9022302627563,35.4151000976563,.
54684,.,-16.1066493988037,35.3063011169434,.
54685,.,-15.9335899353027,35.2047309875488,.
54686,.,-15.4949197769165,35.6419296264648,.
54687,.,-15.8400201797485,35.7650718688965,.
54688,.,-15.6879301071167,35.7680511474609,.
54689,.,-16.0823001861572,35.4645004272461,.
54690,.,-15.7885503768921,35.608829498291,.
54691,.,-15.9514398574829,35.0065002441406,.
54692,.,-15.7386798858643,35.7275390625,.
54693,.,-15.5811595916748,35.6264915466309,.
54694,.,-15.7514801025391,35.682071685791,.
54695,.,-16.3770008087158,35.2643394470215,.
54696,.,-15.7386798858643,35.7275390625,.
54697,.,-15.8737602233887,35.4349517822266,.
54698,.,-15.7209997177124,35.5293807983398,.
54699,.,-12.6448698043823,33.3255195617676,.
54700,.,-15.5314197540283,35.7968406677246,.
54701,.,-15.4719495773315,34.9919395446777,.
54702,.,-15.9763097763062,35.3274383544922,.
54703,.,-12.8904304504395,33.5020713806152,.
54704,.,-14.9658803939819,34.9858207702637,.
54705,.,-15.9763097763062,35.3274383544922,.
54706,.,-15.6357898712158,34.5645294189453,.
54707,.,-14.0061902999878,33.3196983337402,.
54708,.,-16.1218395233154,35.5467109680176,.
54709,.,-13.7393198013306,34.1567306518555,.
54710,.,-15.7386798858643,35.7275390625,.
54711,.,-16.1686592102051,35.2082481384277,.
54712,.,-15.0352201461792,35.5046997070313,.
54713,.,-15.5903100967407,35.7436294555664,.
54714,.,-15.7209997177124,35.5293807983398,.
54715,.,-15.7359304428101,35.5938186645508,.
54716,.,-15.5030698776245,35.6521682739258,.
54717,.,-16.3770008087158,35.2643394470215,.
54718,.,-12.9386396408081,34.2872314453125,.
54719,.,-14.9389801025391,35.0640106201172,.
54720,.,-13.6645698547363,33.6965217590332,.
54721,.,-16.1900100708008,35.1304512023926,.
54722,.,-16.1516990661621,35.2084007263184,.
54723,.,-16.1066493988037,35.3063011169434,.
54724,.,-14.5475997924805,35.7540817260742,.
54725,.,-16.1218395233154,35.5467109680176,.
54726,.,-16.5239696502686,34.8384590148926,.
54727,.,-13.417140007019,34.0313301086426,.
54728,.,-15.8019895553589,35.265380859375,.
54729,.,-14.950309753418,35.4952011108398,.
54730,.,-14.6034898757935,35.1805305480957,.
54731,.,-15.8490800857544,35.3488388061523,.
54732,.,-15.6804399490356,35.0921516418457,.
54733,.,-15.8818597793579,35.1692085266113,.
54734,.,-15.9763097763062,35.3274383544922,.
54735,.,-16.0814800262451,35.7173309326172,.
54736,.,-16.0814800262451,35.7173309326172,.
54737,.,-15.9763097763062,35.3274383544922,.
54738,.,-15.5314197540283,35.7968406677246,.
54739,.,-16.3770008087158,35.2643394470215,.
54740,.,-16.0023002624512,35.6729011535645,.
54741,.,-16.1686592102051,35.2082481384277,.
54742,.,-10.8377304077148,33.9726791381836,.
54743,.,-15.7461500167847,35.6137199401855,.
54744,.,-15.7552995681763,35.6058807373047,.
54745,.,-15.5314197540283,35.7968406677246,.
54746,.,-15.5903100967407,35.7436294555664,.
54747,.,-15.7023096084595,35.7064514160156,.
54748,.,-11.0198497772217,33.7740211486816,.
54749,.,-16.0041103363037,35.441520690918,.
54750,.,-14.0359001159668,34.3325309753418,.
54751,.,-15.8490800857544,35.3488388061523,.
54752,.,-15.7410297393799,35.1948089599609,.
54753,.,-15.8737602233887,35.4349517822266,.
54754,.,-15.5903100967407,35.7436294555664,.
54755,.,-15.5903100967407,35.7436294555664,.
54756,.,-15.7461500167847,35.6137199401855,.
54757,.,-15.8350200653076,35.5541000366211,.
54758,.,-16.0814800262451,35.7173309326172,.
54759,.,-15.3899297714233,35.174430847168,.
54760,.,-15.7171602249146,35.5042686462402,.
54761,.,-14.3138704299927,34.2398986816406,.
54762,.,-15.5030698776245,35.6521682739258,.
54763,.,-15.7023096084595,35.7064514160156,.
54764,.,-15.7596597671509,35.2966995239258,.
54765,.,-15.9377498626709,35.4617614746094,.
54766,.,-15.7023096084595,35.7064514160156,.
54767,.,-14.3706398010254,35.306568145752,.
54768,.,-15.566499710083,35.206428527832,.
54769,.,-15.0642004013062,35.171630859375,.
54770,.,-15.8737602233887,35.4349517822266,.
54771,.,-15.7209997177124,35.5293807983398,.
54772,.,-15.8350200653076,35.5541000366211,.
54773,.,-15.5030698776245,35.6521682739258,.
54774,.,-15.8737602233887,35.4349517822266,.
54775,.,-15.7834596633911,35.2228698730469,.
54776,.,-13.3797302246094,34.0458908081055,.
54777,.,-15.9763097763062,35.3274383544922,.
54778,.,-16.1516990661621,35.2084007263184,.
54779,.,-15.1287298202515,35.4508514404297,.
54780,.,-14.0061902999878,33.3196983337402,.
54781,.,-15.7012796401978,35.3775901794434,.
54782,.,-15.9763097763062,35.3274383544922,.
54783,.,-14.978289604187,35.2451705932617,.
54784,.,-12.3325996398926,34.0191116333008,.
54785,.,-15.6850500106812,34.932788848877,.
54786,.,-14.769229888916,35.1412315368652,.
54787,.,-15.7625102996826,35.7987785339355,.
54788,.,-15.486180305481,34.6078796386719,.
54789,.,-15.9514398574829,35.0065002441406,.
54790,.,-15.7171602249146,35.5042686462402,.
54791,.,-16.1066493988037,35.3063011169434,.
54792,.,-11.4060697555542,33.990909576416,.
54793,.,-16.1536102294922,35.3490409851074,.
54794,.,-16.1536102294922,35.3490409851074,.
54795,.,-14.0171298980713,33.8245811462402,.
54796,.,-15.5189304351807,35.4697303771973,.
54797,.,-15.8019895553589,35.265380859375,.
54798,.,-11.0198497772217,33.7740211486816,.
54799,.,-15.5903100967407,35.7436294555664,.
54800,.,-14.4627103805542,34.0289192199707,.
54801,.,-15.6879301071167,35.7680511474609,.
54802,.,-14.0359001159668,34.3325309753418,.
54803,.,-16.0667095184326,35.1309394836426,.
54804,.,-15.9335899353027,35.2047309875488,.
54805,.,-15.6169395446777,35.6684417724609,.
54806,.,-15.6169395446777,35.6684417724609,.
54807,.,-15.7012796401978,35.3775901794434,.
54808,.,-15.9725704193115,35.3785285949707,.
54809,.,-15.8416004180908,35.7917098999023,.
54810,.,-14.7450799942017,35.8511505126953,.
54811,.,-15.6169395446777,35.6684417724609,.
54812,.,-15.8966798782349,35.1106605529785,.
54813,.,-16.0486507415771,35.224910736084,.
54814,.,-15.7209997177124,35.5293807983398,.
54815,.,-15.7514801025391,35.682071685791,.
54816,.,-15.7461500167847,35.6137199401855,.
54817,.,-16.2331504821777,35.1204109191895,.
54818,.,-13.5345401763916,32.8610496520996,.
54819,.,-15.4300804138184,35.4271011352539,.
54820,.,-15.8314800262451,35.11669921875,.
54821,.,-15.5443296432495,35.6066093444824,.
54822,.,-15.7012796401978,35.3775901794434,.
54823,.,-16.1109199523926,35.2119293212891,.
54824,.,-13.2268600463867,33.8662605285645,.
54825,.,-16.066930770874,35.0717010498047,.
54826,.,-15.6879301071167,35.7680511474609,.
54827,.,-15.8400201797485,35.7650718688965,.
54828,.,-15.7428598403931,35.060001373291,.
54829,.,-15.9335899353027,35.2047309875488,.
54830,.,-15.5591201782227,35.3229713439941,.
54831,.,-16.4430809020996,35.1818008422852,.
54832,.,-15.6804399490356,35.0921516418457,.
54833,.,-15.8737602233887,35.4349517822266,.
54834,.,-16.1536102294922,35.3490409851074,.
54835,.,-15.8737602233887,35.4349517822266,.
54836,.,-15.7012796401978,35.3775901794434,.
54837,.,-15.9113101959229,35.3177795410156,.
54838,.,-15.7209997177124,35.5293807983398,.
54839,.,-16.0202407836914,35.4409790039063,.
54840,.,-15.956130027771,35.2426109313965,.
54841,.,-15.7386798858643,35.7275390625,.
54842,.,-15.956130027771,35.2426109313965,.
54843,.,-13.3430795669556,33.9630699157715,.
54844,.,-15.8818597793579,35.1692085266113,.
54845,.,-15.5903100967407,35.7436294555664,.
54846,.,-15.5848703384399,35.0989112854004,.
54847,.,-15.4949197769165,35.6419296264648,.
54848,.,-15.9113101959229,35.3177795410156,.
54849,.,-15.7893896102905,35.3337707519531,.
54850,.,-15.8400201797485,35.7650718688965,.
54851,.,-13.4854402542114,33.2660713195801,.
54852,.,-15.7367000579834,35.0765686035156,.
54853,.,-15.7171602249146,35.5042686462402,.
54854,.,-15.7209997177124,35.5293807983398,.
54855,.,-15.5314197540283,35.7968406677246,.
54856,.,-16.3770008087158,35.2643394470215,.
54857,.,-15.9514398574829,35.0065002441406,.
54858,.,-13.2268600463867,33.8662605285645,.
54859,.,-15.6169395446777,35.6684417724609,.
54860,.,-15.5314197540283,35.7968406677246,.
54861,.,-13.2268600463867,33.8662605285645,.
54862,.,-13.0454502105713,34.2270393371582,.
54863,.,-16.1066493988037,35.3063011169434,.
54864,.,-15.5030698776245,35.6521682739258,.
54865,.,-15.8324403762817,35.0957717895508,.
54866,.,-11.7719297409058,34.0525093078613,.
54867,.,-15.7012796401978,35.3775901794434,.
54868,.,-10.9604902267456,33.7546997070313,.
54869,.,-15.7893896102905,35.3337707519531,.
54870,.,-15.8818597793579,35.1692085266113,.
54871,.,-15.4300804138184,35.4271011352539,.
54872,.,-15.8671903610229,35.8014717102051,.
54873,.,-15.7461500167847,35.6137199401855,.
54874,.,-15.6145095825195,35.1133499145508,.
54875,.,-15.5811595916748,35.6264915466309,.
54876,.,-14.3807601928711,34.3367881774902,.
54877,.,-15.9763097763062,35.3274383544922,.
54878,.,-15.956130027771,35.2426109313965,.
54879,.,-13.0677404403687,33.5782699584961,.
54880,.,-15.038800239563,35.1061706542969,.
54881,.,-14.6618604660034,34.7683982849121,.
54882,.,-13.4054403305054,33.5761604309082,.
54883,.,-15.7163801193237,34.8666915893555,.
54884,.,-15.5591201782227,35.3229713439941,.
54885,.,-13.3735303878784,33.9285888671875,.
54886,.,-15.7359304428101,35.5938186645508,.
54887,.,-15.1287298202515,35.4508514404297,.
54888,.,-10.3432397842407,34.0757713317871,.
54889,.,-15.9022302627563,35.4151000976563,.
54890,.,-13.0454502105713,34.2270393371582,.
54891,.,-15.5030698776245,35.6521682739258,.
54892,.,-15.3935804367065,35.2948112487793,.
54893,.,-15.4300804138184,35.4271011352539,.
54894,.,-15.4881496429443,35.3296585083008,.
54895,.,-13.232569694519,33.8411712646484,.
54896,.,-15.7023096084595,35.7064514160156,.
54897,.,-15.3899297714233,35.174430847168,.
54898,.,-16.1975402832031,34.9277992248535,.
54899,.,-13.6208200454712,33.8025588989258,.
54900,.,-11.4496898651123,33.9781188964844,.
54901,.,-13.1408195495605,33.4757614135742,.
54902,.,-13.4275503158569,34.2765617370605,.
54903,.,-15.5852203369141,35.200309753418,.
54904,.,-13.6125202178955,33.228630065918,.
54905,.,-13.1383304595947,33.9057388305664,.
54906,.,-12.0840301513672,34.7168807983398,.
54907,.,-15.5811595916748,35.6264915466309,.
54908,.,-12.0840301513672,34.7168807983398,.
54909,.,-15.7552995681763,35.6058807373047,.
54910,.,-15.8350200653076,35.5541000366211,.
54911,.,-16.0814800262451,35.7173309326172,.
54912,.,-13.5394802093506,33.7365112304688,.
54913,.,-15.5213499069214,35.0719413757324,.
54914,.,-13.1541299819946,34.1675491333008,.
54915,.,-15.9377498626709,35.4617614746094,.
54916,.,-15.8314800262451,35.11669921875,.
54917,.,-15.7023096084595,35.7064514160156,.
54918,.,-16.0667095184326,35.1309394836426,.
54919,.,-15.5314197540283,35.7968406677246,.
54920,.,-15.7359304428101,35.5938186645508,.
54921,.,-15.4897403717041,35.592601776123,.
54922,.,-15.9335899353027,35.2047309875488,.
54923,.,-13.3430795669556,33.9630699157715,.
54924,.,-15.7885503768921,35.608829498291,.
54925,.,-13.8985395431519,32.9834785461426,.
54926,.,-15.9022302627563,35.4151000976563,.
54927,.,-13.4187698364258,33.6028785705566,.
54928,.,-11.0274801254272,33.845890045166,.
54929,.,-15.4949197769165,35.6419296264648,.
54930,.,-13.9506998062134,33.948169708252,.
54931,.,-15.7893896102905,35.3337707519531,.
54932,.,-15.4081401824951,35.3423118591309,.
54933,.,-15.7461500167847,35.6137199401855,.
54934,.,-13.8042497634888,33.674690246582,.
54935,.,-13.0690603256226,33.3929710388184,.
54936,.,-14.7450799942017,35.8511505126953,.
54937,.,-13.1838598251343,33.2934303283691,.
54938,.,-12.0840301513672,34.7168807983398,.
54939,.,-15.4300804138184,35.4271011352539,.
54940,.,-15.5314197540283,35.7968406677246,.
54941,.,-15.615650177002,35.1616401672363,.
54942,.,-15.9594202041626,35.423038482666,.
54943,.,-15.9377498626709,35.4617614746094,.
54944,.,-16.0814800262451,35.7173309326172,.
54945,.,-15.5213499069214,35.0719413757324,.
54946,.,-13.0454502105713,34.2270393371582,.
54947,.,-16.1218395233154,35.5467109680176,.
54948,.,-16.1536102294922,35.3490409851074,.
54949,.,-16.1900100708008,35.1304512023926,.
54950,.,-14.7987298965454,35.0816192626953,.
54951,.,-15.9923696517944,35.297679901123,.
54952,.,-15.8378801345825,34.9835815429688,.
54953,.,-11.4902095794678,33.9674110412598,.
54954,.,-13.0454502105713,34.2270393371582,.
54955,.,-12.0840301513672,34.7168807983398,.
54956,.,-12.0840301513672,34.7168807983398,.
54957,.,-13.792519569397,32.8866806030273,.
54958,.,-14.3138704299927,34.2398986816406,.
54959,.,-15.7893896102905,35.3337707519531,.
54960,.,-16.0023002624512,35.6729011535645,.
54961,.,-15.5251703262329,34.5193099975586,.
54962,.,-15.7625102996826,35.7987785339355,.
54963,.,-13.9698600769043,33.3693885803223,.
54964,.,-15.3899297714233,35.174430847168,.
54965,.,-16.0823001861572,35.4645004272461,.
54966,.,-15.8416004180908,35.7917098999023,.
54967,.,-15.9121704101563,35.0517616271973,.
54968,.,-13.9478797912598,33.8127708435059,.
54969,.,-15.5213499069214,35.0719413757324,.
54970,.,-15.8416004180908,35.7917098999023,.
54971,.,-15.9910898208618,34.9021682739258,.
54972,.,-16.081880569458,35.491828918457,.
54973,.,-11.4816198348999,34.007740020752,.
54974,.,-15.8400201797485,35.7650718688965,.
54975,.,-15.4081401824951,35.3423118591309,.
54976,.,-12.1007499694824,33.3503799438477,.
54977,.,-12.6483497619629,33.4777183532715,.
54978,.,-15.3940801620483,35.3284187316895,.
54979,.,-15.7023096084595,35.7064514160156,.
54980,.,-15.2972402572632,35.4795913696289,.
54981,.,-13.3797302246094,34.0458908081055,.
54982,.,-16.0814800262451,35.7173309326172,.
54983,.,-15.5811595916748,35.6264915466309,.
54984,.,-15.5591201782227,35.3229713439941,.
54985,.,-15.5213499069214,35.0719413757324,.
54986,.,-15.9377498626709,35.4617614746094,.
54987,.,-15.7893896102905,35.3337707519531,.
54988,.,-15.7885503768921,35.608829498291,.
54989,.,-16.081880569458,35.491828918457,.
54990,.,-16.0486507415771,35.224910736084,.
54991,.,-15.8731098175049,35.5048789978027,.
54992,.,-15.4081697463989,35.5605506896973,.
54993,.,-15.403829574585,35.3195304870605,.
54994,.,-16.0823001861572,35.4645004272461,.
54995,.,-12.0840301513672,34.7168807983398,.
54996,.,-16.3770008087158,35.2643394470215,.
54997,.,-16.0023002624512,35.6729011535645,.
54998,.,-15.7552995681763,35.6058807373047,.
54999,.,-14.730019569397,34.6091690063477,.
55000,.,-16.0667095184326,35.1309394836426,.
55001,.,-15.5591201782227,35.3229713439941,.
55002,.,-15.9594202041626,35.423038482666,.
55003,.,-10.9884796142578,33.7237892150879,.
55004,.,-15.7514801025391,35.682071685791,.
55005,.,-15.8490800857544,35.3488388061523,.
55006,.,-12.8140296936035,34.2050094604492,.
55007,.,-15.6411199569702,35.7080192565918,.
55008,.,-14.60671043396,34.7633094787598,.
55009,.,-15.9022302627563,35.4151000976563,.
55010,.,-15.8731098175049,35.5048789978027,.
55011,.,-16.1536102294922,35.3490409851074,.
55012,.,-14.9658803939819,34.9858207702637,.
55013,.,-15.9888601303101,35.4467010498047,.
55014,.,-15.7171602249146,35.5042686462402,.
55015,.,-13.0519399642944,33.4975204467773,.
55016,.,-12.0840301513672,34.7168807983398,.
55017,.,-16.0814800262451,35.7173309326172,.
55018,.,-15.7012796401978,35.3775901794434,.
55019,.,-12.0840301513672,34.7168807983398,.
55020,.,-12.735179901123,34.1727981567383,.
55021,.,-15.566499710083,35.206428527832,.
55022,.,-15.6694297790527,34.823070526123,.
55023,.,-15.4463701248169,35.4656410217285,.
55024,.,-15.9022302627563,35.4151000976563,.
55025,.,-14.0061902999878,33.3196983337402,.
55026,.,-11.4434204101563,33.9962882995605,.
55027,.,-14.60671043396,34.7633094787598,.
55028,.,-15.4719495773315,34.9919395446777,.
55029,.,-15.9594202041626,35.423038482666,.
55030,.,-15.7532300949097,34.9717712402344,.
55031,.,-15.3156604766846,34.6679496765137,.
55032,.,-15.7163801193237,34.8666915893555,.
55033,.,-16.1218395233154,35.5467109680176,.
55034,.,-15.4633703231812,35.289249420166,.
55035,.,-13.8955898284912,33.7527008056641,.
55036,.,-14.9513101577759,34.6216316223145,.
55037,.,-15.7768201828003,35.1487503051758,.
55038,.,-15.9910898208618,34.9021682739258,.
55039,.,-14.6618604660034,34.7683982849121,.
55040,.,-15.7023096084595,35.7064514160156,.
55041,.,-15.2148399353027,34.6743202209473,.
55042,.,-14.8140296936035,34.6603317260742,.
55043,.,-15.7209997177124,35.5293807983398,.
55044,.,-13.8449897766113,34.384090423584,.
55045,.,-14.902250289917,34.6706008911133,.
55046,.,-15.8490800857544,35.3488388061523,.
55047,.,-15.5972900390625,34.4753913879395,.
55048,.,-14.4627103805542,34.0289192199707,.
55049,.,-16.0814800262451,35.7173309326172,.
55050,.,-16.0823001861572,35.4645004272461,.
55051,.,-14.4033498764038,34.2912483215332,.
55052,.,-15.7171602249146,35.5042686462402,.
55053,.,-13.1383304595947,33.9057388305664,.
55054,.,-15.038800239563,35.1061706542969,.
55055,.,-13.1838598251343,33.2934303283691,.
55056,.,-15.9509897232056,35.1758804321289,.
55057,.,-15.6850500106812,34.932788848877,.
55058,.,-15.8019895553589,35.265380859375,.
55059,.,-15.8019895553589,35.265380859375,.
55060,.,-15.3899297714233,35.174430847168,.
55061,.,-13.1488704681396,34.3321990966797,.
55062,.,-12.4891901016235,34.1011581420898,.
55063,.,-15.8818597793579,35.1692085266113,.
55064,.,-15.5811595916748,35.6264915466309,.
55065,.,-15.7834596633911,35.2228698730469,.
55066,.,-15.8055400848389,35.1751518249512,.
55067,.,-15.7768201828003,35.1487503051758,.
55068,.,-15.7893896102905,35.3337707519531,.
55069,.,-15.9113101959229,35.3177795410156,.
55070,.,-15.4300804138184,35.4271011352539,.
55071,.,-15.5189304351807,35.4697303771973,.
55072,.,-13.3735303878784,33.9285888671875,.
55073,.,-15.5852203369141,35.200309753418,.
55074,.,-15.8314800262451,35.11669921875,.
55075,.,-13.4309701919556,34.2332305908203,.
55076,.,-15.6879301071167,35.7680511474609,.
55077,.,-15.8731098175049,35.5048789978027,.
55078,.,-15.3940801620483,35.3284187316895,.
55079,.,-15.8416004180908,35.7917098999023,.
55080,.,-15.4300804138184,35.4271011352539,.
55081,.,-15.403829574585,35.3195304870605,.
55082,.,-15.3801403045654,35.3888893127441,.
55083,.,-15.5811595916748,35.6264915466309,.
55084,.,-14.4033498764038,34.2912483215332,.
55085,.,-15.8378801345825,34.9835815429688,.
55086,.,-15.5189304351807,35.4697303771973,.
55087,.,-11.0198497772217,33.7740211486816,.
55088,.,-13.8241901397705,35.0955505371094,.
55089,.,-15.8314800262451,35.11669921875,.
55090,.,-13.3802700042725,34.1984214782715,.
55091,.,-15.3940801620483,35.3284187316895,.
55092,.,-15.4300804138184,35.4271011352539,.
55093,.,-15.8416004180908,35.7917098999023,.
55094,.,-15.4300804138184,35.4271011352539,.
55095,.,-15.4468402862549,35.0949592590332,.
55096,.,-15.4300804138184,35.4271011352539,.
55097,.,-15.4468402862549,35.0949592590332,.
55098,.,-15.8111095428467,34.9839210510254,.
55099,.,-14.3706398010254,35.306568145752,.
55100,.,-16.081880569458,35.491828918457,.
55101,.,-14.1301298141479,35.253978729248,.
55102,.,-15.0639295578003,34.8932304382324,.
55103,.,-17.005220413208,35.0824699401855,.
55104,.,-16.2331504821777,35.1204109191895,.
55105,.,-15.5314197540283,35.7968406677246,.
55106,.,-14.9837598800659,35.1711616516113,.
55107,.,-16.0202407836914,35.4409790039063,.
55108,.,-15.5811595916748,35.6264915466309,.
55109,.,-14.6839303970337,35.5371513366699,.
55110,.,-15.7171602249146,35.5042686462402,.
55111,.,-15.1287298202515,35.4508514404297,.
55112,.,-13.8718204498291,33.4013710021973,.
55113,.,-15.6169395446777,35.6684417724609,.
55114,.,-14.3706398010254,35.306568145752,.
55115,.,-14.8282604217529,35.2134094238281,.
55116,.,-15.7514801025391,35.682071685791,.
55117,.,-13.0690603256226,33.3929710388184,.
55118,.,-14.8789396286011,35.6135101318359,.
55119,.,-14.8277702331543,35.7442016601563,.
55120,.,-14.9837598800659,35.1711616516113,.
55121,.,-14.4744300842285,35.2739791870117,.
55122,.,-15.7757701873779,35.1521110534668,.
55123,.,-16.2331504821777,35.1204109191895,.
55124,.,-15.6169395446777,35.6684417724609,.
55125,.,-14.9981203079224,35.1205902099609,.
55126,.,-15.7428598403931,35.060001373291,.
55127,.,-15.6624097824097,34.9623413085938,.
55128,.,-15.8907403945923,34.9377784729004,.
55129,.,-15.9594202041626,35.423038482666,.
55130,.,-15.9725704193115,35.3785285949707,.
55131,.,-15.7386798858643,35.7275390625,.
55132,.,-15.9888601303101,35.4467010498047,.
55133,.,-15.0667896270752,35.3475112915039,.
55134,.,-15.486180305481,34.6078796386719,.
55135,.,-15.9888601303101,35.4467010498047,.
55136,.,-15.5030698776245,35.6521682739258,.
55137,.,-15.9888601303101,35.4467010498047,.
55138,.,-14.7290496826172,35.5430793762207,.
55139,.,-16.1900100708008,35.1304512023926,.
55140,.,-15.5314197540283,35.7968406677246,.
55141,.,-14.3751096725464,35.0270385742188,.
55142,.,-11.581130027771,34.0184516906738,.
55143,.,-15.2439699172974,34.6569404602051,.
55144,.,-15.3945198059082,35.3299789428711,.
55145,.,-14.8277702331543,35.7442016601563,.
55146,.,-15.8737602233887,35.4349517822266,.
55147,.,-15.7209997177124,35.5293807983398,.
55148,.,-14.2135200500488,35.0271186828613,.
55149,.,-15.9888601303101,35.4467010498047,.
55150,.,-15.9594202041626,35.423038482666,.
55151,.,-15.7893896102905,35.3337707519531,.
55152,.,-14.60671043396,34.7633094787598,.
55153,.,-16.2134799957275,35.2244911193848,.
55154,.,-16.1995601654053,35.0732307434082,.
55155,.,-15.5811595916748,35.6264915466309,.
55156,.,-16.9097499847412,35.1698608398438,.
55157,.,-15.7209997177124,35.5293807983398,.
55158,.,-15.5314197540283,35.7968406677246,.
55159,.,-14.8789396286011,35.6135101318359,.
55160,.,-15.0869998931885,34.6039085388184,.
55161,.,-15.9763097763062,35.3274383544922,.
55162,.,-15.8737602233887,35.4349517822266,.
55163,.,-14.0061902999878,33.3196983337402,.
55164,.,-14.8277702331543,35.7442016601563,.
55165,.,-15.7209997177124,35.5293807983398,.
55166,.,-12.0227899551392,34.6223297119141,.
55167,.,-15.9035501480103,35.3258209228516,.
55168,.,-14.0271196365356,33.7771415710449,.
55169,.,-15.7359304428101,35.5938186645508,.
55170,.,-15.1686601638794,35.4719390869141,.
55171,.,-15.7023096084595,35.7064514160156,.
55172,.,-16.3770008087158,35.2643394470215,.
55173,.,-14.4154500961304,35.1849212646484,.
55174,.,-15.5251703262329,34.5193099975586,.
55175,.,-15.5189304351807,35.4697303771973,.
55176,.,-15.4897403717041,35.592601776123,.
55177,.,-15.7359304428101,35.5938186645508,.
55178,.,-10.2648496627808,34.0619010925293,.
55179,.,-16.0486507415771,35.224910736084,.
55180,.,-14.3751096725464,35.0270385742188,.
55181,.,-15.8042497634888,34.9553718566895,.
55182,.,-15.6982402801514,35.299430847168,.
55183,.,-15.8490800857544,35.3488388061523,.
55184,.,-14.7888298034668,35.0154800415039,.
55185,.,-16.9190807342529,35.2430992126465,.
55186,.,-15.7410297393799,35.1948089599609,.
55187,.,-16.7237205505371,34.9400787353516,.
55188,.,-14.2135200500488,35.0271186828613,.
55189,.,-15.8314800262451,35.11669921875,.
55190,.,-14.0061902999878,33.3196983337402,.
55191,.,-15.5811595916748,35.6264915466309,.
55192,.,-15.5443296432495,35.6066093444824,.
55193,.,-15.8490800857544,35.3488388061523,.
55194,.,-15.9594202041626,35.423038482666,.
55195,.,-14.1527795791626,35.4116516113281,.
55196,.,-15.7625102996826,35.7987785339355,.
55197,.,-15.4000701904297,35.326488494873,.
55198,.,-15.7735300064087,34.4424896240234,.
55199,.,-13.4275503158569,34.2765617370605,.
55200,.,-15.7209997177124,35.5293807983398,.
55201,.,-14.1755304336548,34.8777694702148,.
55202,.,-13.8006896972656,34.4177589416504,.
55203,.,-17.005220413208,35.0824699401855,.
55204,.,-13.6208200454712,33.8025588989258,.
55205,.,-15.6624097824097,34.9623413085938,.
55206,.,-15.7171602249146,35.5042686462402,.
55207,.,-14.9981203079224,35.1205902099609,.
55208,.,-15.8076095581055,35.0862083435059,.
55209,.,-15.7679395675659,35.2495384216309,.
55210,.,-13.6740598678589,34.9760093688965,.
55211,.,-15.6804399490356,35.0921516418457,.
55212,.,-14.9256401062012,35.6623001098633,.
55213,.,-14.8282604217529,35.2134094238281,.
55214,.,-15.4468402862549,35.0949592590332,.
55215,.,-15.6804399490356,35.0921516418457,.
55216,.,-15.8490800857544,35.3488388061523,.
55217,.,-14.978289604187,35.2451705932617,.
55218,.,-15.6850500106812,34.932788848877,.
55219,.,-15.7410297393799,35.1948089599609,.
55220,.,-14.7217798233032,34.9384994506836,.
55221,.,-15.8019895553589,35.265380859375,.
55222,.,-16.3095092773438,35.0664710998535,.
55223,.,-15.8737602233887,35.4349517822266,.
55224,.,-13.6401195526123,33.1221313476563,.
55225,.,-15.3873596191406,35.0263595581055,.
55226,.,-17.0656795501709,35.1667900085449,.
55227,.,-15.8480796813965,35.0459594726563,.
55228,.,-15.2148399353027,34.6743202209473,.
55229,.,-14.1301298141479,35.253978729248,.
55230,.,-16.066930770874,35.0717010498047,.
55231,.,-14.9389801025391,35.0640106201172,.
55232,.,-15.5811595916748,35.6264915466309,.
55233,.,-16.1686592102051,35.2082481384277,.
55234,.,-14.3480396270752,35.4223899841309,.
55235,.,-14.1084003448486,33.9774208068848,.
55236,.,-14.2735004425049,35.3831405639648,.
55237,.,-15.8671903610229,35.8014717102051,.
55238,.,-13.530179977417,33.7944107055664,.
55239,.,-13.4426298141479,33.0125198364258,.
55240,.,-15.7461500167847,35.6137199401855,.
55241,.,-14.5439701080322,35.3408889770508,.
55242,.,-15.7514801025391,35.682071685791,.
55243,.,-13.8142595291138,33.0971183776855,.
55244,.,-15.0667896270752,35.3475112915039,.
55245,.,-14.8480796813965,35.5307884216309,.
55246,.,-14.3894596099854,35.5569305419922,.
55247,.,-14.1527795791626,35.4116516113281,.
55248,.,-15.7023096084595,35.7064514160156,.
55249,.,-16.0023002624512,35.6729011535645,.
55250,.,-14.7450799942017,35.8511505126953,.
55251,.,-15.1384801864624,34.8334808349609,.
55252,.,-14.6773700714111,35.4076614379883,.
55253,.,-15.0890998840332,35.490650177002,.
55254,.,-13.8985395431519,32.9834785461426,.
55255,.,-15.6169395446777,35.6684417724609,.
55256,.,-15.5443296432495,35.6066093444824,.
55257,.,-16.2134799957275,35.2244911193848,.
55258,.,-13.9479303359985,33.7437515258789,.
55259,.,-15.9923696517944,35.297679901123,.
55260,.,-12.6419296264648,34.1667709350586,.
55261,.,-15.9514398574829,35.0065002441406,.
55262,.,-13.8434000015259,33.4235992431641,.
55263,.,-15.8350200653076,35.5541000366211,.
55264,.,-16.066930770874,35.0717010498047,.
55265,.,-14.8440504074097,35.0124206542969,.
55266,.,-14.7987298965454,35.0816192626953,.
55267,.,-16.0823001861572,35.4645004272461,.
55268,.,-15.7171602249146,35.5042686462402,.
55269,.,-15.9509897232056,35.1758804321289,.
55270,.,-11.4816198348999,34.007740020752,.
55271,.,-15.5030698776245,35.6521682739258,.
55272,.,-15.8490800857544,35.3488388061523,.
55273,.,-16.0681095123291,34.8623199462891,.
55274,.,-15.8818597793579,35.1692085266113,.
55275,.,-14.2135200500488,35.0271186828613,.
55276,.,-14.3706398010254,35.306568145752,.
55277,.,-15.5903100967407,35.7436294555664,.
55278,.,-15.1287298202515,35.4508514404297,.
55279,.,-15.8055400848389,35.1751518249512,.
55280,.,-14.1301298141479,35.253978729248,.
55281,.,-15.966420173645,35.7845191955566,.
55282,.,-15.6694297790527,34.823070526123,.
55283,.,-14.9837598800659,35.1711616516113,.
55284,.,-14.730019569397,34.6091690063477,.
55285,.,-13.417140007019,34.0313301086426,.
55286,.,-14.3480396270752,35.4223899841309,.
55287,.,-14.8440504074097,35.0124206542969,.
55288,.,-14.3807601928711,34.3367881774902,.
55289,.,-14.7987298965454,35.0816192626953,.
55290,.,-15.6879301071167,35.7680511474609,.
55291,.,-16.0041103363037,35.441520690918,.
55292,.,-15.4030103683472,34.9573783874512,.
55293,.,-15.9377498626709,35.4617614746094,.
55294,.,-15.8731098175049,35.5048789978027,.
55295,.,-13.432089805603,33.9660301208496,.
55296,.,-14.9981203079224,35.1205902099609,.
55297,.,-14.8480796813965,35.5307884216309,.
55298,.,-14.7888298034668,35.0154800415039,.
55299,.,-15.5314197540283,35.7968406677246,.
55300,.,-14.8282604217529,35.2134094238281,.
55301,.,-15.6879301071167,35.7680511474609,.
55302,.,-14.6839303970337,35.5371513366699,.
55303,.,-15.9377498626709,35.4617614746094,.
55304,.,-15.8490800857544,35.3488388061523,.
55305,.,-15.5764999389648,35.1422386169434,.
55306,.,-13.4842395782471,33.8846397399902,.
55307,.,-15.1384801864624,34.8334808349609,.
55308,.,-14.3894596099854,35.5569305419922,.
55309,.,-14.6773700714111,35.4076614379883,.
55310,.,-14.3706398010254,35.306568145752,.
55311,.,-14.6582202911377,35.0572395324707,.
55312,.,-14.1527795791626,35.4116516113281,.
55313,.,-14.5439701080322,35.3408889770508,.
55314,.,-14.950309753418,35.4952011108398,.
55315,.,-14.4154500961304,35.1849212646484,.
55316,.,-15.6169395446777,35.6684417724609,.
55317,.,-14.5475997924805,35.7540817260742,.
55318,.,-15.6879301071167,35.7680511474609,.
55319,.,-15.5848703384399,35.0989112854004,.
55320,.,-16.3770008087158,35.2643394470215,.
55321,.,-16.0667095184326,35.1309394836426,.
55322,.,-15.1808700561523,35.3272895812988,.
55323,.,-14.3731002807617,33.9071617126465,.
55324,.,-15.7023096084595,35.7064514160156,.
55325,.,-16.1066493988037,35.3063011169434,.
55326,.,-14.4154500961304,35.1849212646484,.
55327,.,-15.9022302627563,35.4151000976563,.
55328,.,-14.8179597854614,35.5350799560547,.
55329,.,-15.8480796813965,35.0459594726563,.
55330,.,-13.4426298141479,33.0125198364258,.
55331,.,-15.7171602249146,35.5042686462402,.
55332,.,-15.9035501480103,35.3258209228516,.
55333,.,-15.5443296432495,35.6066093444824,.
55334,.,-15.7209997177124,35.5293807983398,.
55335,.,-14.978289604187,35.2451705932617,.
55336,.,-13.2251996994019,33.713680267334,.
55337,.,-15.1287298202515,35.4508514404297,.
55338,.,-15.9113101959229,35.3177795410156,.
55339,.,-16.0041103363037,35.441520690918,.
55340,.,-14.1376495361328,34.5063018798828,.
55341,.,-15.4081401824951,35.3423118591309,.
55342,.,-13.6740598678589,34.9760093688965,.
55343,.,-15.1808700561523,35.3272895812988,.
55344,.,-14.4575099945068,34.650390625,.
55345,.,-15.2148399353027,34.6743202209473,.
55346,.,-14.1755304336548,34.8777694702148,.
55347,.,-14.1527795791626,35.4116516113281,.
55348,.,-14.3480396270752,35.4223899841309,.
55349,.,-15.9377498626709,35.4617614746094,.
55350,.,-16.1218395233154,35.5467109680176,.
55351,.,-15.9725704193115,35.3785285949707,.
55352,.,-15.4719495773315,34.9919395446777,.
55353,.,-13.6740598678589,34.9760093688965,.
55354,.,-15.5030698776245,35.6521682739258,.
55355,.,-15.7461500167847,35.6137199401855,.
55356,.,-13.6125202178955,33.228630065918,.
55357,.,-12.4891901016235,34.1011581420898,.
55358,.,-13.232569694519,33.8411712646484,.
55359,.,-15.0667896270752,35.3475112915039,.
55360,.,-14.7888298034668,35.0154800415039,.
55361,.,-14.2735004425049,35.3831405639648,.
55362,.,-15.8350200653076,35.5541000366211,.
55363,.,-14.8480796813965,35.5307884216309,.
55364,.,-13.225040435791,33.7911911010742,.
55365,.,-15.038800239563,35.1061706542969,.
55366,.,-15.8833303451538,35.2650184631348,.
55367,.,-15.6169395446777,35.6684417724609,.
55368,.,-15.7893896102905,35.3337707519531,.
55369,.,-14.4811496734619,35.0109100341797,.
55370,.,-14.5439701080322,35.3408889770508,.
55371,.,-16.1109199523926,35.2119293212891,.
55372,.,-13.800609588623,33.7534790039063,.
55373,.,-16.4057903289795,34.9237289428711,.
55374,.,-14.8480796813965,35.5307884216309,.
55375,.,-15.3899297714233,35.174430847168,.
55376,.,-15.3873596191406,35.0263595581055,.
55377,.,-16.1988506317139,35.0076293945313,.
55378,.,-15.2972402572632,35.4795913696289,.
55379,.,-16.1979999542236,34.7387084960938,.
55380,.,-15.3935804367065,35.2948112487793,.
55381,.,-14.8440504074097,35.0124206542969,.
55382,.,-13.2251996994019,33.713680267334,.
55383,.,-15.5030698776245,35.6521682739258,.
55384,.,-15.7023096084595,35.7064514160156,.
55385,.,-15.6169395446777,35.6684417724609,.
55386,.,-16.1536102294922,35.3490409851074,.
55387,.,-15.3873596191406,35.0263595581055,.
55388,.,-13.4275503158569,34.2765617370605,.
55389,.,-13.0108995437622,33.5837593078613,.
55390,.,-14.2135200500488,35.0271186828613,.
55391,.,-15.8490800857544,35.3488388061523,.
55392,.,-13.4275798797607,33.2661094665527,.
55393,.,-13.9698600769043,33.3693885803223,.
55394,.,-11.6278800964355,34.1766014099121,.
55395,.,-13.800609588623,33.7534790039063,.
55396,.,-15.3204002380371,35.2476501464844,.
55397,.,-15.5848703384399,35.0989112854004,.
55398,.,-15.0667896270752,35.3475112915039,.
55399,.,-14.8480796813965,35.5307884216309,.
55400,.,-15.0352201461792,35.5046997070313,.
55401,.,-14.6839303970337,35.5371513366699,.
55402,.,-15.8575096130371,34.9538307189941,.
55403,.,-13.8434000015259,33.4235992431641,.
55404,.,-15.5213499069214,35.0719413757324,.
55405,.,-15.7679395675659,35.2495384216309,.
55406,.,-13.7213001251221,34.3323211669922,.
55407,.,-14.902250289917,34.6706008911133,.
55408,.,-14.9263200759888,35.0874214172363,.
55409,.,-15.7885503768921,35.608829498291,.
55410,.,-10.7078504562378,34.0358810424805,.
55411,.,-12.4123201370239,34.0143203735352,.
55412,.,-15.3196601867676,35.4185600280762,.
55413,.,-15.0865697860718,35.2361793518066,.
55414,.,-12.9386396408081,34.2872314453125,.
55415,.,-15.5591201782227,35.3229713439941,.
55416,.,-14.2570199966431,34.1506118774414,.
55417,.,-15.7552995681763,35.6058807373047,.
55418,.,-14.7987298965454,35.0816192626953,.
55419,.,-14.8440504074097,35.0124206542969,.
55420,.,-15.8490800857544,35.3488388061523,.
55421,.,-13.530179977417,33.7944107055664,.
55422,.,-15.4633703231812,35.289249420166,.
55423,.,-13.8985395431519,32.9834785461426,.
55424,.,-14.6618604660034,34.7683982849121,.
55425,.,-15.3873596191406,35.0263595581055,.
55426,.,-11.5941400527954,34.2857818603516,.
55427,.,-14.7450799942017,35.8511505126953,.
55428,.,-16.3051204681396,35.218620300293,.
55429,.,-13.6294002532959,32.934009552002,.
55430,.,-14.4575099945068,34.650390625,.
55431,.,-13.6294002532959,32.934009552002,.
55432,.,-13.4854402542114,33.2660713195801,.
55433,.,-17.0281391143799,35.2416610717773,.
55434,.,-15.5848703384399,35.0989112854004,.
55435,.,-16.081880569458,35.491828918457,.
55436,.,-15.5591201782227,35.3229713439941,.
55437,.,-13.417140007019,34.0313301086426,.
55438,.,-15.3196601867676,35.4185600280762,.
55439,.,-15.7023096084595,35.7064514160156,.
55440,.,-14.8789396286011,35.6135101318359,.
55441,.,-16.0814800262451,35.7173309326172,.
55442,.,-11.581130027771,34.0184516906738,.
55443,.,-16.1900100708008,35.1304512023926,.
55444,.,-15.7023096084595,35.7064514160156,.
55445,.,-15.5189304351807,35.4697303771973,.
55446,.,-15.3873596191406,35.0263595581055,.
55447,.,-16.1218395233154,35.5467109680176,.
55448,.,-16.1536102294922,35.3490409851074,.
55449,.,-14.9837598800659,35.1711616516113,.
55450,.,-15.7623100280762,35.011848449707,.
55451,.,-15.376540184021,34.5810699462891,.
55452,.,-13.5187997817993,34.2733497619629,.
55453,.,-15.7514801025391,35.682071685791,.
55454,.,-14.7450799942017,35.8511505126953,.
55455,.,-15.1910600662231,35.0622100830078,.
55456,.,-15.9067001342773,34.9767189025879,.
55457,.,-16.1988506317139,35.0076293945313,.
55458,.,-13.6294002532959,32.934009552002,.
55459,.,-15.566499710083,35.206428527832,.
55460,.,-16.0667095184326,35.1309394836426,.
55461,.,-15.038800239563,35.1061706542969,.
55462,.,-15.5811595916748,35.6264915466309,.
55463,.,-15.6411199569702,35.7080192565918,.
55464,.,-17.005220413208,35.0824699401855,.
55465,.,-14.6773700714111,35.4076614379883,.
55466,.,-13.8042497634888,33.674690246582,.
55467,.,-15.1095199584961,35.5335388183594,.
55468,.,-15.2439699172974,34.6569404602051,.
55469,.,-15.966420173645,35.7845191955566,.
55470,.,-13.8985395431519,32.9834785461426,.
55471,.,-14.5475997924805,35.7540817260742,.
55472,.,-13.8241901397705,35.0955505371094,.
55473,.,-15.8907403945923,34.9377784729004,.
55474,.,-10.8336896896362,33.5321388244629,.
55475,.,-16.081880569458,35.491828918457,.
55476,.,-14.8140296936035,34.6603317260742,.
55477,.,-15.4949197769165,35.6419296264648,.
55478,.,-15.4633703231812,35.289249420166,.
55479,.,-15.5591201782227,35.3229713439941,.
55480,.,-15.7885503768921,35.608829498291,.
55481,.,-13.3735303878784,33.9285888671875,.
55482,.,-14.1376495361328,34.5063018798828,.
55483,.,-14.0908498764038,34.9160003662109,.
55484,.,-15.7171602249146,35.5042686462402,.
55485,.,-16.465669631958,35.1529006958008,.
55486,.,-13.8985395431519,32.9834785461426,.
55487,.,-16.3770008087158,35.2643394470215,.
55488,.,-16.1218395233154,35.5467109680176,.
55489,.,-14.9658803939819,34.9858207702637,.
55490,.,-13.4426298141479,33.0125198364258,.
55491,.,-12.8140296936035,34.2050094604492,.
55492,.,-15.6411199569702,35.7080192565918,.
55493,.,-14.7217798233032,34.9384994506836,.
55494,.,-14.9981203079224,35.1205902099609,.
55495,.,-15.8907403945923,34.9377784729004,.
55496,.,-13.417140007019,34.0313301086426,.
55497,.,-15.0639295578003,34.8932304382324,.
55498,.,-17.005220413208,35.0824699401855,.
55499,.,-13.688850402832,32.8800582885742,.
55500,.,-14.7450799942017,35.8511505126953,.
55501,.,-13.7947797775269,34.463981628418,.
55502,.,-14.7911796569824,35.5734710693359,.
55503,.,-12.0840301513672,34.7168807983398,.
55504,.,-14.8480796813965,35.5307884216309,.
55505,.,-16.0023002624512,35.6729011535645,.
55506,.,-14.3731002807617,33.9071617126465,.
55507,.,-16.0486507415771,35.224910736084,.
55508,.,-14.7217798233032,34.9384994506836,.
55509,.,-15.0496997833252,35.2010116577148,.
55510,.,-13.8434000015259,33.4235992431641,.
55511,.,-13.6645698547363,33.6965217590332,.
55512,.,-15.4081401824951,35.3423118591309,.
55513,.,-15.685170173645,34.4705200195313,.
55514,.,-15.9377498626709,35.4617614746094,.
55515,.,-14.2415199279785,33.7132911682129,.
55516,.,-14.5439701080322,35.3408889770508,.
55517,.,-12.0840301513672,34.7168807983398,.
55518,.,-14.9837598800659,35.1711616516113,.
55519,.,-15.1135196685791,35.2554092407227,.
55520,.,-14.4811496734619,35.0109100341797,.
55521,.,-15.5443296432495,35.6066093444824,.
55522,.,-16.7593994140625,35.2683181762695,.
55523,.,-14.7217798233032,34.9384994506836,.
55524,.,-14.3138704299927,34.2398986816406,.
55525,.,-13.6294002532959,32.934009552002,.
55526,.,-15.9594202041626,35.423038482666,.
55527,.,-14.4132499694824,34.8205413818359,.
55528,.,-14.8351697921753,34.9066505432129,.
55529,.,-14.3312501907349,33.9891510009766,.
55530,.,-14.4744300842285,35.2739791870117,.
55531,.,-15.1808700561523,35.3272895812988,.
55532,.,-15.0639295578003,34.8932304382324,.
55533,.,-14.9263200759888,35.0874214172363,.
55534,.,-13.1000604629517,34.3060417175293,.
55535,.,-15.7171602249146,35.5042686462402,.
55536,.,-16.4332103729248,34.7425918579102,.
55537,.,-15.0890998840332,35.490650177002,.
55538,.,-14.2934999465942,33.8274688720703,.
55539,.,-14.9837598800659,35.1711616516113,.
55540,.,-15.6957302093506,34.513801574707,.
55541,.,-15.2439699172974,34.6569404602051,.
55542,.,-15.0890998840332,35.490650177002,.
55543,.,-14.4132499694824,34.8205413818359,.
55544,.,-14.9263200759888,35.0874214172363,.
55545,.,-15.5811595916748,35.6264915466309,.
55546,.,-15.7885503768921,35.608829498291,.
55547,.,-15.8737602233887,35.4349517822266,.
55548,.,-15.1686601638794,35.4719390869141,.
55549,.,-14.4236698150635,35.5990982055664,.
55550,.,-15.8490800857544,35.3488388061523,.
55551,.,-16.1218395233154,35.5467109680176,.
55552,.,-15.7514801025391,35.682071685791,.
55553,.,-15.486180305481,34.6078796386719,.
55554,.,-14.3751096725464,35.0270385742188,.
55555,.,-15.5811595916748,35.6264915466309,.
55556,.,-15.6694297790527,34.823070526123,.
55557,.,-15.0667896270752,35.3475112915039,.
55558,.,-14.6773700714111,35.4076614379883,.
55559,.,-15.7885503768921,35.608829498291,.
55560,.,-14.6386604309082,34.5562591552734,.
55561,.,-15.0890998840332,35.490650177002,.
55562,.,-14.7217798233032,34.9384994506836,.
55563,.,-15.6804399490356,35.0921516418457,.
55564,.,-14.4236698150635,35.5990982055664,.
55565,.,-14.8282604217529,35.2134094238281,.
55566,.,-14.2735004425049,35.3831405639648,.
55567,.,-15.4637298583984,34.6597213745117,.
55568,.,-16.1218395233154,35.5467109680176,.
55569,.,-14.4132499694824,34.8205413818359,.
55570,.,-15.9888601303101,35.4467010498047,.
55571,.,-14.6582202911377,35.0572395324707,.
55572,.,-15.0639295578003,34.8932304382324,.
55573,.,-14.9263200759888,35.0874214172363,.
55574,.,-13.1541299819946,34.1675491333008,.
55575,.,-15.7359304428101,35.5938186645508,.
55576,.,-14.4811496734619,35.0109100341797,.
55577,.,-16.2134799957275,35.2244911193848,.
55578,.,-15.3680801391602,34.871940612793,.
55579,.,-14.6839303970337,35.5371513366699,.
55580,.,-16.0023002624512,35.6729011535645,.
55581,.,-16.3838901519775,35.1765785217285,.
55582,.,-15.9763097763062,35.3274383544922,.
55583,.,-15.6982402801514,35.299430847168,.
55584,.,-16.2134799957275,35.2244911193848,.
55585,.,-10.9282903671265,33.9354782104492,.
55586,.,-15.7209997177124,35.5293807983398,.
55587,.,-15.7209997177124,35.5293807983398,.
55588,.,-15.8055400848389,35.1751518249512,.
55589,.,-15.4081296920776,35.3416595458984,.
55590,.,-15.7410297393799,35.1948089599609,.
55591,.,-15.8731098175049,35.5048789978027,.
55592,.,-14.0441303253174,34.4917602539063,.
55593,.,-15.2448196411133,34.904541015625,.
55594,.,-15.5811595916748,35.6264915466309,.
55595,.,-15.8350200653076,35.5541000366211,.
55596,.,-15.3680801391602,34.871940612793,.
55597,.,-16.1218395233154,35.5467109680176,.
55598,.,-16.0764293670654,34.5844993591309,.
55599,.,-15.8818597793579,35.1692085266113,.
55600,.,-15.9888601303101,35.4467010498047,.
55601,.,-11.2140798568726,34.1311111450195,.
55602,.,-15.7596597671509,35.2966995239258,.
55603,.,-16.3498001098633,34.719539642334,.
55604,.,-15.2972402572632,35.4795913696289,.
55605,.,-15.7359304428101,35.5938186645508,.
55606,.,-16.3051204681396,35.218620300293,.
55607,.,-14.2135200500488,35.0271186828613,.
55608,.,-15.8042497634888,34.9553718566895,.
55609,.,-15.6694297790527,34.823070526123,.
55610,.,-13.7334995269775,33.1918296813965,.
55611,.,-15.5251703262329,34.5193099975586,.
55612,.,-15.5030698776245,35.6521682739258,.
55613,.,-14.2135200500488,35.0271186828613,.
55614,.,-14.8789396286011,35.6135101318359,.
55615,.,-14.3751096725464,35.0270385742188,.
55616,.,-15.3951396942139,35.2604484558105,.
55617,.,-14.4132499694824,34.8205413818359,.
55618,.,-14.9837598800659,35.1711616516113,.
55619,.,-15.4719495773315,34.9919395446777,.
55620,.,-15.9763097763062,35.3274383544922,.
55621,.,-15.7768201828003,35.1487503051758,.
55622,.,-16.1218395233154,35.5467109680176,.
55623,.,-15.8416004180908,35.7917098999023,.
55624,.,-13.2268600463867,33.8662605285645,.
55625,.,-14.3894596099854,35.5569305419922,.
55626,.,-14.60671043396,34.7633094787598,.
55627,.,-16.8182201385498,35.2997207641602,.
55628,.,-15.8350200653076,35.5541000366211,.
55629,.,-13.6740598678589,34.9760093688965,.
55630,.,-15.7163801193237,34.8666915893555,.
55631,.,-14.978289604187,35.2451705932617,.
55632,.,-15.1384801864624,34.8334808349609,.
55633,.,-14.1301298141479,35.253978729248,.
55634,.,-14.8789396286011,35.6135101318359,.
55635,.,-15.8731098175049,35.5048789978027,.
55636,.,-15.5314197540283,35.7968406677246,.
55637,.,-15.5030698776245,35.6521682739258,.
55638,.,-15.3951396942139,35.2604484558105,.
55639,.,-15.4030103683472,34.9573783874512,.
55640,.,-15.6879301071167,35.7680511474609,.
55641,.,-15.5030698776245,35.6521682739258,.
55642,.,-15.8490800857544,35.3488388061523,.
55643,.,-14.730019569397,34.6091690063477,.
55644,.,-15.5030698776245,35.6521682739258,.
55645,.,-15.5030698776245,35.6521682739258,.
55646,.,-17.0935306549072,35.2531394958496,.
55647,.,-15.9594202041626,35.423038482666,.
55648,.,-15.966420173645,35.7845191955566,.
55649,.,-15.6884098052979,34.5192794799805,.
55650,.,-15.8737602233887,35.4349517822266,.
55651,.,-15.5443296432495,35.6066093444824,.
55652,.,-15.4719495773315,34.9919395446777,.
55653,.,-15.5862503051758,35.0452919006348,.
55654,.,-14.1084003448486,33.9774208068848,.
55655,.,-15.8248796463013,34.4091491699219,.
55656,.,-15.8731098175049,35.5048789978027,.
55657,.,-15.9022302627563,35.4151000976563,.
55658,.,-14.8351697921753,34.9066505432129,.
55659,.,-15.7410297393799,35.1948089599609,.
55660,.,-14.1755304336548,34.8777694702148,.
55661,.,-15.4633703231812,35.289249420166,.
55662,.,-15.3940801620483,35.3284187316895,.
55663,.,-15.9910898208618,34.9021682739258,.
55664,.,-15.7209997177124,35.5293807983398,.
55665,.,-15.9594202041626,35.423038482666,.
55666,.,-16.081880569458,35.491828918457,.
55667,.,-15.7679395675659,35.2495384216309,.
55668,.,-15.8350200653076,35.5541000366211,.
55669,.,-14.3894596099854,35.5569305419922,.
55670,.,-16.0023002624512,35.6729011535645,.
55671,.,-14.9981203079224,35.1205902099609,.
55672,.,-14.0359001159668,34.3325309753418,.
55673,.,-15.4949197769165,35.6419296264648,.
55674,.,-16.4057903289795,34.9237289428711,.
55675,.,-15.7461500167847,35.6137199401855,.
55676,.,-15.9022302627563,35.4151000976563,.
55677,.,-16.081880569458,35.491828918457,.
55678,.,-15.6411199569702,35.7080192565918,.
55679,.,-15.566499710083,35.206428527832,.
55680,.,-15.8019895553589,35.265380859375,.
55681,.,-15.7209997177124,35.5293807983398,.
55682,.,-11.4519596099854,34.257511138916,.
55683,.,-15.7768201828003,35.1487503051758,.
55684,.,-15.7171602249146,35.5042686462402,.
55685,.,-16.3770008087158,35.2643394470215,.
55686,.,-16.066930770874,35.0717010498047,.
55687,.,-13.225040435791,33.7911911010742,.
55688,.,-15.9763097763062,35.3274383544922,.
55689,.,-14.978289604187,35.2451705932617,.
55690,.,-14.7987298965454,35.0816192626953,.
55691,.,-14.730019569397,34.6091690063477,.
55692,.,-16.0202407836914,35.4409790039063,.
55693,.,-16.1218395233154,35.5467109680176,.
55694,.,-15.038800239563,35.1061706542969,.
55695,.,-15.3754796981812,35.3637008666992,.
55696,.,-14.3138704299927,34.2398986816406,.
55697,.,-16.0814800262451,35.7173309326172,.
55698,.,-15.5443296432495,35.6066093444824,.
55699,.,-15.0366897583008,34.9911117553711,.
55700,.,-15.8055400848389,35.1751518249512,.
55701,.,-15.4949197769165,35.6419296264648,.
55702,.,-15.0667896270752,35.3475112915039,.
55703,.,-15.4827699661255,35.2339515686035,.
55704,.,-15.3801403045654,35.3888893127441,.
55705,.,-15.4253597259521,34.7216911315918,.
55706,.,-15.5811595916748,35.6264915466309,.
55707,.,-13.417140007019,34.0313301086426,.
55708,.,-15.5764999389648,35.1422386169434,.
55709,.,-14.7987298965454,35.0816192626953,.
55710,.,-15.7023096084595,35.7064514160156,.
55711,.,-15.3873596191406,35.0263595581055,.
55712,.,-15.8575096130371,34.9538307189941,.
55713,.,-14.0171298980713,33.8245811462402,.
55714,.,-15.7614498138428,34.4197387695313,.
55715,.,-11.0198497772217,33.7740211486816,.
55716,.,-15.9923696517944,35.297679901123,.
55717,.,-16.1218395233154,35.5467109680176,.
55718,.,-13.3797302246094,34.0458908081055,.
55719,.,-15.4949197769165,35.6419296264648,.
55720,.,-14.3706398010254,35.306568145752,.
55721,.,-14.7450799942017,35.8511505126953,.
55722,.,-15.966420173645,35.7845191955566,.
55723,.,-14.9513101577759,34.6216316223145,.
55724,.,-15.8490800857544,35.3488388061523,.
55725,.,-14.1044397354126,33.4143714904785,.
55726,.,-15.8671903610229,35.8014717102051,.
55727,.,-15.5972900390625,34.4753913879395,.
55728,.,-15.7532300949097,34.9717712402344,.
55729,.,-15.4300804138184,35.4271011352539,.
55730,.,-13.8142595291138,33.0971183776855,.
55731,.,-13.4657802581787,34.0375518798828,.
55732,.,-15.4949197769165,35.6419296264648,.
55733,.,-15.5903100967407,35.7436294555664,.
55734,.,-15.4881496429443,35.3296585083008,.
55735,.,-16.1900100708008,35.1304512023926,.
55736,.,-14.5439701080322,35.3408889770508,.
55737,.,-15.9594202041626,35.423038482666,.
55738,.,-10.3432397842407,34.0757713317871,.
55739,.,-10.8336896896362,33.5321388244629,.
55740,.,-15.0352201461792,35.5046997070313,.
55741,.,-15.1686601638794,35.4719390869141,.
55742,.,-15.7359304428101,35.5938186645508,.
55743,.,-14.8282604217529,35.2134094238281,.
55744,.,-13.4854402542114,33.2660713195801,.
55745,.,-16.0202407836914,35.4409790039063,.
55746,.,-15.6957302093506,34.513801574707,.
55747,.,-14.8277702331543,35.7442016601563,.
55748,.,-15.0890998840332,35.490650177002,.
55749,.,-14.1301298141479,35.253978729248,.
55750,.,-15.5848703384399,35.0989112854004,.
55751,.,-14.6582202911377,35.0572395324707,.
55752,.,-14.4033498764038,34.2912483215332,.
55753,.,-14.9981203079224,35.1205902099609,.
55754,.,-14.9513101577759,34.6216316223145,.
55755,.,-15.9594202041626,35.423038482666,.
55756,.,-16.0093193054199,34.7843818664551,.
55757,.,-15.0639295578003,34.8932304382324,.
55758,.,-15.4827098846436,34.7860908508301,.
55759,.,-14.4627103805542,34.0289192199707,.
55760,.,-15.0890998840332,35.490650177002,.
55761,.,-14.4236698150635,35.5990982055664,.
55762,.,-14.60671043396,34.7633094787598,.
55763,.,-12.943320274353,34.2619590759277,.
55764,.,-13.6418104171753,33.3506202697754,.
55765,.,-10.7078504562378,34.0358810424805,.
55766,.,-16.2134799957275,35.2244911193848,.
55767,.,-15.9888601303101,35.4467010498047,.
55768,.,-15.0352201461792,35.5046997070313,.
55769,.,-14.9981203079224,35.1205902099609,.
55770,.,-16.1066493988037,35.3063011169434,.
55771,.,-16.1536102294922,35.3490409851074,.
55772,.,-15.5811595916748,35.6264915466309,.
55773,.,-15.7023096084595,35.7064514160156,.
55774,.,-15.7428598403931,35.060001373291,.
55775,.,-15.4949197769165,35.6419296264648,.
55776,.,-15.7171602249146,35.5042686462402,.
55777,.,-15.3855104446411,35.358570098877,.
55778,.,-15.6411199569702,35.7080192565918,.
55779,.,-16.1218395233154,35.5467109680176,.
55780,.,-15.8490800857544,35.3488388061523,.
55781,.,-15.9888601303101,35.4467010498047,.
55782,.,-13.0454502105713,34.2270393371582,.
55783,.,-15.3899297714233,35.174430847168,.
55784,.,-14.7987298965454,35.0816192626953,.
55785,.,-15.8490800857544,35.3488388061523,.
55786,.,-15.038800239563,35.1061706542969,.
55787,.,-15.7532300949097,34.9717712402344,.
55788,.,-15.7163801193237,34.8666915893555,.
55789,.,-15.9594202041626,35.423038482666,.
55790,.,-13.4461297988892,33.8257102966309,.
55791,.,-16.0202407836914,35.4409790039063,.
55792,.,-14.5475997924805,35.7540817260742,.
55793,.,-15.7209997177124,35.5293807983398,.
55794,.,-16.0486507415771,35.224910736084,.
55795,.,-15.4300804138184,35.4271011352539,.
55796,.,-16.1516990661621,35.2084007263184,.
55797,.,-15.7893896102905,35.3337707519531,.
55798,.,-12.9611902236938,34.2550086975098,.
55799,.,-15.8490800857544,35.3488388061523,.
55800,.,-15.6411199569702,35.7080192565918,.
55801,.,-15.4897403717041,35.592601776123,.
55802,.,-15.6411199569702,35.7080192565918,.
55803,.,-13.5675897598267,32.8633308410645,.
55804,.,-16.1218395233154,35.5467109680176,.
55805,.,-15.7023096084595,35.7064514160156,.
55806,.,-10.8140802383423,34.0060806274414,.
55807,.,-11.5567302703857,34.1672286987305,.
55808,.,-14.4033498764038,34.2912483215332,.
55809,.,-14.1301298141479,35.253978729248,.
55810,.,-14.902250289917,34.6706008911133,.
55811,.,-15.6169395446777,35.6684417724609,.
55812,.,-14.2476396560669,34.5322685241699,.
55813,.,-15.7023096084595,35.7064514160156,.
55814,.,-13.6125202178955,33.228630065918,.
55815,.,-15.4633703231812,35.289249420166,.
55816,.,-15.2972402572632,35.4795913696289,.
56090,.,6.8007694,-6.5473751,.
56091,.,9.75443080533296,-7.67900113016367,.
56092,.,5.32000655774027,-6.52613463811576,.
56093,.,7.3208564,-6.7127685,.
56094,.,9.10116790328175,-4.75239224731922,.
56095,.,8.947614,-5.6150257,.
56096,.,8.4435918,-5.1513459,.
56097,.,8.947614,-5.6150257,.
56098,.,8.70057126972824,-6.61973434500396,.
56099,.,8.947614,-5.6150257,.
56100,.,8.71547605376691,-4.73899620585144,.
56101,.,8.2512789,-4.8264846,.
56102,.,9.43310920614749,-6.67374196462333,.
56103,.,6.5639193,-6.1619353,.
56104,.,10.1160971,-5.5560709,.
56105,.,9.43310920614749,-6.67374196462333,.
56106,.,9.21804402954876,-6.54323950409889,.
56107,.,5.2243047,-3.2034972,.
56108,.,10.4003197,-5.6764561,.
56109,.,9.5956827,-7.0692177,.
56110,.,8.19318722002208,-5.84327037446201,.
56111,.,6.63527644705027,-4.30243156850338,.
56112,.,8.25726980343461,-5.63701009377837,.
56113,.,9.9875016,-5.2147525,.
56114,.,10.1160971,-5.5560709,.
56115,.,8.29624992795289,-4.32386015541852,.
56116,.,9.68139094300568,-5.50845617428422,.
56117,.,8.10253597330302,-4.92200860753655,.
56118,.,8.5189723,-5.6836747,.
56119,.,8.5189723,-5.6836747,.
56120,.,10.3099032,-6.9356006,.
56121,.,8.76689634751529,-5.6864245980978,.
56122,.,9.89982958417386,-6.68930137529969,.
56123,.,10.2234798,-5.5725547,.
56124,.,8.671193,-5.8145054,.
56125,.,10.1160971,-5.5560709,.
56126,.,9.75886743050069,-6.46490282379091,.
56127,.,8.5081921,-6.1418241,.
56128,.,8.46423315815628,-6.19868008419871,.
56129,.,9.75886743050069,-6.46490282379091,.
56130,.,10.1060997135937,-5.47140095382929,.
56131,.,9.06507857143879,-5.1657899748534,.
56132,.,6.63527644705027,-4.30243156850338,.
56133,.,10.3840003,-5.7488512,.
56134,.,8.39815559796989,-6.04577816091478,.
56135,.,8.39815559796989,-6.04577816091478,.
56136,.,8.39815559796989,-6.04577816091478,.
56137,.,8.19318722002208,-5.84327037446201,.
56138,.,8.39815559796989,-6.04577816091478,.
56139,.,10.0703353481367,-5.43186619877815,.
58463,.,-1.9102055,30.5046693,.
58464,.,-1.9102055,30.5046693,.
58465,.,-1.9102055,30.5046693,.
58466,.,-1.9102055,30.5046693,.
58467,.,-1.9102055,30.5046693,.
58468,.,-1.9102055,30.5046693,.
58469,.,-1.9102055,30.5046693,.
58470,.,-1.9102055,30.5046693,.
58471,.,-1.9102055,30.5046693,.
58472,.,-1.9102055,30.5046693,.
58473,.,-1.9102055,30.5046693,.
58474,.,-1.9102055,30.5046693,.
58475,.,-1.9102055,30.5046693,.
58476,.,-1.9102055,30.5046693,.
58477,.,-1.9102055,30.5046693,.
58478,.,-1.9102055,30.5046693,.
58479,.,-1.9102055,30.5046693,.
58480,.,-1.9102055,30.5046693,.
58481,.,-1.9102055,30.5046693,.
58482,.,-1.9102055,30.5046693,.
58483,.,-1.9102055,30.5046693,.
58484,.,-1.9102055,30.5046693,.
58485,.,-1.9102055,30.5046693,.
58486,.,-1.9102055,30.5046693,.
58487,.,-1.9102055,30.5046693,.
58488,.,-1.9102055,30.5046693,.
58489,.,-1.9102055,30.5046693,.
58490,.,-1.9102055,30.5046693,.
58491,.,-1.9102055,30.5046693,.
58492,.,-1.9102055,30.5046693,.
58493,.,-1.9102055,30.5046693,.
58494,.,-1.9102055,30.5046693,.
58495,.,-1.9102055,30.5046693,.
58496,.,-1.9102055,30.5046693,.
58497,.,-1.9102055,30.5046693,.
58498,.,-1.9102055,30.5046693,.
58499,.,-1.9102055,30.5046693,.
58500,.,-1.9102055,30.5046693,.
58501,.,-1.9102055,30.5046693,.
58502,.,-1.9102055,30.5046693,.
58503,.,-1.9102055,30.5046693,.
58504,.,-1.9102055,30.5046693,.
58505,.,-1.9102055,30.5046693,.
58506,.,-1.9102055,30.5046693,.
58507,.,-1.9102055,30.5046693,.
58508,.,-1.9102055,30.5046693,.
58509,.,-1.9102055,30.5046693,.
58510,.,-1.9102055,30.5046693,.
58511,.,-1.9102055,30.5046693,.
58512,.,-1.9102055,30.5046693,.
58513,.,-1.9102055,30.5046693,.
58514,.,-1.9102055,30.5046693,.
58515,.,-1.9102055,30.5046693,.
58516,.,-1.9102055,30.5046693,.
58517,.,-1.9102055,30.5046693,.
58518,.,-1.9102055,30.5046693,.
58519,.,-1.9102055,30.5046693,.
58520,.,-1.9102055,30.5046693,.
58521,.,-1.9102055,30.5046693,.
58522,.,-1.9102055,30.5046693,.
58523,.,-1.9102055,30.5046693,.
58524,.,-1.9102055,30.5046693,.
58525,.,-1.9102055,30.5046693,.
58526,.,-1.9102055,30.5046693,.
58527,.,-1.9102055,30.5046693,.
58528,.,-1.9102055,30.5046693,.
58529,.,-1.9102055,30.5046693,.
58530,.,-1.9102055,30.5046693,.
58531,.,-1.9102055,30.5046693,.
58532,.,-1.9102055,30.5046693,.
58533,.,-1.9102055,30.5046693,.
58534,.,-1.9102055,30.5046693,.
58535,.,-1.9102055,30.5046693,.
58536,.,-1.9102055,30.5046693,.
58537,.,-1.9102055,30.5046693,.
58538,.,-1.9102055,30.5046693,.
58539,.,-1.9102055,30.5046693,.
58540,.,-1.9102055,30.5046693,.
58541,.,-1.9102055,30.5046693,.
58542,.,-1.9102055,30.5046693,.
58543,.,-1.9102055,30.5046693,.
58544,.,-1.9102055,30.5046693,.
58545,.,-1.9102055,30.5046693,.
58546,.,-1.9102055,30.5046693,.
58547,.,-1.9102055,30.5046693,.
58548,.,-1.9102055,30.5046693,.
58549,.,-1.9102055,30.5046693,.
58550,.,-1.9102055,30.5046693,.
58551,.,-1.9102055,30.5046693,.
58552,.,-1.9102055,30.5046693,.
58553,.,-1.9102055,30.5046693,.
58554,.,-1.9102055,30.5046693,.
58555,.,-1.9102055,30.5046693,.
58556,.,-1.9102055,30.5046693,.
58557,.,-1.9102055,30.5046693,.
58558,.,-1.9102055,30.5046693,.
58559,.,-1.9102055,30.5046693,.
58560,.,-1.9102055,30.5046693,.
58561,.,-1.9102055,30.5046693,.
58562,.,-1.9102055,30.5046693,.
58563,.,-1.9102055,30.5046693,.
58564,.,-1.9102055,30.5046693,.
58565,.,-1.9102055,30.5046693,.
58566,.,-1.9102055,30.5046693,.
58567,.,-1.9102055,30.5046693,.
58568,.,-1.9102055,30.5046693,.
58569,.,-1.9102055,30.5046693,.
58570,.,-1.9102055,30.5046693,.
58571,.,-1.9102055,30.5046693,.
58572,.,-1.9102055,30.5046693,.
58573,.,-1.9102055,30.5046693,.
58574,.,-1.9102055,30.5046693,.
58575,.,-1.9102055,30.5046693,.
58576,.,-1.9102055,30.5046693,.
58577,.,-1.9102055,30.5046693,.
58578,.,-1.9102055,30.5046693,.
58579,.,-1.9102055,30.5046693,.
58580,.,-1.9102055,30.5046693,.
58581,.,-1.9102055,30.5046693,.
58582,.,-1.9102055,30.5046693,.
58583,.,-1.9102055,30.5046693,.
58584,.,-1.9102055,30.5046693,.
58585,.,-1.9102055,30.5046693,.
58586,.,-1.9102055,30.5046693,.
58587,.,-1.9102055,30.5046693,.
58588,.,-1.9102055,30.5046693,.
58589,.,-1.9102055,30.5046693,.
58590,.,-1.9102055,30.5046693,.
58591,.,-1.9102055,30.5046693,.
58592,.,-1.9102055,30.5046693,.
58593,.,-1.9102055,30.5046693,.
58594,.,-1.9102055,30.5046693,.
58595,.,-1.9102055,30.5046693,.
58596,.,-1.9102055,30.5046693,.
58597,.,-1.9102055,30.5046693,.
58598,.,-1.9102055,30.5046693,.
58599,.,-1.9102055,30.5046693,.
58600,.,-1.9102055,30.5046693,.
58601,.,-1.9102055,30.5046693,.
58602,.,-1.9102055,30.5046693,.
58603,.,-1.9102055,30.5046693,.
58604,.,-1.9102055,30.5046693,.
58605,.,-1.9102055,30.5046693,.
58606,.,-1.9102055,30.5046693,.
58607,.,-1.9102055,30.5046693,.
58608,.,-1.9102055,30.5046693,.
58609,.,-1.9102055,30.5046693,.
58610,.,-1.9102055,30.5046693,.
58611,.,-1.9102055,30.5046693,.
58612,.,-1.9102055,30.5046693,.
58613,.,-1.9102055,30.5046693,.
58614,.,-1.9102055,30.5046693,.
58615,.,-1.9102055,30.5046693,.
58616,.,-1.9102055,30.5046693,.
58617,.,-1.9102055,30.5046693,.
58618,.,-1.9102055,30.5046693,.
58619,.,-1.9102055,30.5046693,.
58620,.,-1.9102055,30.5046693,.
58621,.,-1.9102055,30.5046693,.
58622,.,-1.9102055,30.5046693,.
58623,.,-1.9102055,30.5046693,.
58624,.,-1.9102055,30.5046693,.
58625,.,-1.9102055,30.5046693,.
58626,.,-1.9102055,30.5046693,.
58627,.,-1.9102055,30.5046693,.
58628,.,-1.9102055,30.5046693,.
58629,.,-1.9102055,30.5046693,.
58630,.,-1.9102055,30.5046693,.
58631,.,-1.9102055,30.5046693,.
58632,.,-1.9102055,30.5046693,.
58633,.,-1.9102055,30.5046693,.
58634,.,-1.9102055,30.5046693,.
58635,.,-1.9102055,30.5046693,.
58636,.,-1.9102055,30.5046693,.
58637,.,-1.9102055,30.5046693,.
58638,.,-1.9102055,30.5046693,.
58639,.,-1.9102055,30.5046693,.
58640,.,-1.9102055,30.5046693,.
58641,.,-1.9102055,30.5046693,.
58642,.,-1.9102055,30.5046693,.
58643,.,-1.9102055,30.5046693,.
58644,.,-1.9102055,30.5046693,.
58645,.,-1.9102055,30.5046693,.
58646,.,-1.9102055,30.5046693,.
58647,.,-1.9102055,30.5046693,.
58648,.,-1.9102055,30.5046693,.
58649,.,-1.9102055,30.5046693,.
58650,.,-1.9102055,30.5046693,.
58651,.,-1.9102055,30.5046693,.
58652,.,-1.9102055,30.5046693,.
58653,.,-1.9102055,30.5046693,.
58654,.,-1.9102055,30.5046693,.
58655,.,-1.9102055,30.5046693,.
58656,.,-1.9102055,30.5046693,.
58657,.,-1.9102055,30.5046693,.
58658,.,-1.9102055,30.5046693,.
58659,.,-1.9102055,30.5046693,.
58660,.,-1.9102055,30.5046693,.
58661,.,-1.9102055,30.5046693,.
58662,.,-1.9102055,30.5046693,.
58663,.,-1.9102055,30.5046693,.
58664,.,-1.9102055,30.5046693,.
58665,.,-1.9102055,30.5046693,.
58666,.,-1.9102055,30.5046693,.
58667,.,-1.9102055,30.5046693,.
58668,.,-1.9102055,30.5046693,.
58669,.,-1.9102055,30.5046693,.
58670,.,-1.9102055,30.5046693,.
58671,.,-1.9102055,30.5046693,.
58672,.,-1.9102055,30.5046693,.
58673,.,-1.9102055,30.5046693,.
58674,.,-1.9102055,30.5046693,.
58675,.,-1.9102055,30.5046693,.
58676,.,-1.9102055,30.5046693,.
58677,.,-1.9102055,30.5046693,.
58678,.,-1.9102055,30.5046693,.
58679,.,-1.9102055,30.5046693,.
58680,.,-1.9102055,30.5046693,.
58681,.,-1.9102055,30.5046693,.
58682,.,-1.9102055,30.5046693,.
58683,.,-1.9102055,30.5046693,.
58684,.,-1.9102055,30.5046693,.
58685,.,-1.9102055,30.5046693,.
58686,.,-1.9102055,30.5046693,.
58687,.,-1.9102055,30.5046693,.
58688,.,-1.9102055,30.5046693,.
58689,.,-1.9102055,30.5046693,.
58690,.,-1.9102055,30.5046693,.
58691,.,-1.9102055,30.5046693,.
58692,.,-1.9102055,30.5046693,.
58693,.,-1.9102055,30.5046693,.
58694,.,-1.9102055,30.5046693,.
58695,.,-1.9102055,30.5046693,.
58696,.,-1.9102055,30.5046693,.
58697,.,-1.9102055,30.5046693,.
58698,.,-1.9102055,30.5046693,.
58699,.,-1.9102055,30.5046693,.
58700,.,-1.9102055,30.5046693,.
58701,.,-1.9102055,30.5046693,.
58702,.,-1.9102055,30.5046693,.
58703,.,-1.9102055,30.5046693,.
58704,.,-1.9102055,30.5046693,.
58705,.,-1.9102055,30.5046693,.
58706,.,-1.9102055,30.5046693,.
58707,.,-1.9102055,30.5046693,.
58708,.,-1.9102055,30.5046693,.
58709,.,-1.9102055,30.5046693,.
58710,.,-1.9102055,30.5046693,.
58711,.,-1.9102055,30.5046693,.
58712,.,-1.9102055,30.5046693,.
58713,.,-1.9102055,30.5046693,.
58714,.,-1.9102055,30.5046693,.
58715,.,-1.9102055,30.5046693,.
58716,.,-1.9102055,30.5046693,.
58717,.,-1.9102055,30.5046693,.
58718,.,-1.9102055,30.5046693,.
58719,.,-1.9102055,30.5046693,.
58720,.,-1.9102055,30.5046693,.
58721,.,-1.9102055,30.5046693,.
58722,.,-1.9102055,30.5046693,.
58723,.,-1.9102055,30.5046693,.
58724,.,-1.9102055,30.5046693,.
58725,.,-1.9102055,30.5046693,.
58726,.,-1.9102055,30.5046693,.
58727,.,-1.9102055,30.5046693,.
58728,.,-1.9102055,30.5046693,.
58729,.,-1.9102055,30.5046693,.
58730,.,-1.9102055,30.5046693,.
58731,.,-1.9102055,30.5046693,.
58732,.,-1.9102055,30.5046693,.
58733,.,-1.9102055,30.5046693,.
58734,.,-1.9102055,30.5046693,.
58735,.,-1.9102055,30.5046693,.
58736,.,-1.9102055,30.5046693,.
58737,.,-1.9102055,30.5046693,.
58738,.,-1.9102055,30.5046693,.
58739,.,-1.9102055,30.5046693,.
58740,.,-1.9102055,30.5046693,.
58741,.,-1.9102055,30.5046693,.
58742,.,-1.9102055,30.5046693,.
58743,.,-1.9102055,30.5046693,.
58744,.,-1.9102055,30.5046693,.
58745,.,-1.9102055,30.5046693,.
58746,.,-1.9102055,30.5046693,.
58747,.,-1.9102055,30.5046693,.
58748,.,-1.9102055,30.5046693,.
58749,.,-1.9102055,30.5046693,.
58750,.,-1.9102055,30.5046693,.
58751,.,-1.9102055,30.5046693,.
58752,.,-1.9102055,30.5046693,.
58753,.,-1.9102055,30.5046693,.
58754,.,-1.9102055,30.5046693,.
58755,.,-1.9102055,30.5046693,.
58756,.,-1.9102055,30.5046693,.
58757,.,-1.9102055,30.5046693,.
58758,.,-1.9102055,30.5046693,.
58759,.,-1.9102055,30.5046693,.
58760,.,-1.9102055,30.5046693,.
58761,.,-1.9102055,30.5046693,.
58762,.,-1.9102055,30.5046693,.
58763,.,-1.9102055,30.5046693,.
58764,.,-1.9102055,30.5046693,.
58765,.,-1.9102055,30.5046693,.
58766,.,-1.9102055,30.5046693,.
58767,.,-1.9102055,30.5046693,.
58768,.,-1.9102055,30.5046693,.
58769,.,-1.9102055,30.5046693,.
58770,.,-1.9102055,30.5046693,.
58771,.,-1.9102055,30.5046693,.
58772,.,-1.9102055,30.5046693,.
58773,.,-2.0597033,29.407312,.
58774,.,-2.0597033,29.407312,.
58775,.,-2.0597033,29.407312,.
58776,.,-2.0597033,29.407312,.
58777,.,-2.0597033,29.407312,.
58778,.,-2.0597033,29.407312,.
58779,.,-2.0597033,29.407312,.
58780,.,-2.0597033,29.407312,.
58781,.,-2.0597033,29.407312,.
58782,.,-2.0597033,29.407312,.
58783,.,-2.0597033,29.407312,.
58784,.,-2.0597033,29.407312,.
58785,.,-2.0597033,29.407312,.
58786,.,-2.0597033,29.407312,.
58787,.,-2.0597033,29.407312,.
58788,.,-2.0597033,29.407312,.
58789,.,-2.0597033,29.407312,.
58790,.,-2.0597033,29.407312,.
58791,.,-2.0597033,29.407312,.
58792,.,-2.0597033,29.407312,.
58793,.,-2.0597033,29.407312,.
58794,.,-2.0597033,29.407312,.
58795,.,-2.0597033,29.407312,.
58796,.,-2.0597033,29.407312,.
58797,.,-2.0597033,29.407312,.
58798,.,-2.0597033,29.407312,.
58799,.,-2.0597033,29.407312,.
58800,.,-2.0597033,29.407312,.
58801,.,-2.0597033,29.407312,.
58802,.,-2.0597033,29.407312,.
58803,.,-2.0597033,29.407312,.
58804,.,-2.0597033,29.407312,.
58805,.,-2.0597033,29.407312,.
58806,.,-2.0597033,29.407312,.
58807,.,-2.0597033,29.407312,.
58808,.,-2.0597033,29.407312,.
58809,.,-2.0597033,29.407312,.
58810,.,-2.0597033,29.407312,.
58811,.,-2.0597033,29.407312,.
58812,.,-2.0597033,29.407312,.
58813,.,-2.0597033,29.407312,.
58814,.,-2.0597033,29.407312,.
58815,.,-2.0597033,29.407312,.
58816,.,-2.0597033,29.407312,.
58817,.,-2.0597033,29.407312,.
58818,.,-2.0597033,29.407312,.
58819,.,-2.0597033,29.407312,.
58820,.,-2.0597033,29.407312,.
58821,.,-2.0597033,29.407312,.
58822,.,-2.0597033,29.407312,.
58823,.,-2.0597033,29.407312,.
58824,.,-2.0597033,29.407312,.
58825,.,-2.0597033,29.407312,.
58826,.,-2.0597033,29.407312,.
58827,.,-2.0597033,29.407312,.
58828,.,-2.0597033,29.407312,.
58829,.,-2.0597033,29.407312,.
58830,.,-2.0597033,29.407312,.
58831,.,-2.0597033,29.407312,.
58832,.,-2.0597033,29.407312,.
58833,.,-2.0597033,29.407312,.
58834,.,-2.0597033,29.407312,.
58835,.,-2.0597033,29.407312,.
58836,.,-2.0597033,29.407312,.
58837,.,-2.0597033,29.407312,.
58838,.,-2.0597033,29.407312,.
58839,.,-2.0597033,29.407312,.
58840,.,-2.0597033,29.407312,.
58841,.,-2.0597033,29.407312,.
58842,.,-2.0597033,29.407312,.
58843,.,-2.0597033,29.407312,.
58844,.,-2.0597033,29.407312,.
58845,.,-2.0597033,29.407312,.
58846,.,-2.0597033,29.407312,.
58847,.,-2.0597033,29.407312,.
58848,.,-2.0597033,29.407312,.
58849,.,-2.0597033,29.407312,.
58850,.,-2.0597033,29.407312,.
58851,.,-2.0597033,29.407312,.
58852,.,-2.0597033,29.407312,.
58853,.,-2.0597033,29.407312,.
58854,.,-2.0597033,29.407312,.
58855,.,-2.0597033,29.407312,.
58856,.,-2.0597033,29.407312,.
58857,.,-2.0597033,29.407312,.
58858,.,-2.0597033,29.407312,.
58859,.,-2.0597033,29.407312,.
58860,.,-2.0597033,29.407312,.
58861,.,-2.0597033,29.407312,.
58862,.,-2.0597033,29.407312,.
58863,.,-2.0597033,29.407312,.
58864,.,-2.0597033,29.407312,.
58865,.,-2.0597033,29.407312,.
58866,.,-2.0597033,29.407312,.
58867,.,-2.0597033,29.407312,.
58868,.,-2.0597033,29.407312,.
58869,.,-2.0597033,29.407312,.
58870,.,-2.0597033,29.407312,.
58871,.,-2.0597033,29.407312,.
58872,.,-2.0597033,29.407312,.
58873,.,-2.0597033,29.407312,.
58874,.,-2.0597033,29.407312,.
58875,.,-2.0597033,29.407312,.
58876,.,-2.0597033,29.407312,.
58877,.,-2.0597033,29.407312,.
58878,.,-2.0597033,29.407312,.
58879,.,-2.0597033,29.407312,.
58880,.,-2.0597033,29.407312,.
58881,.,-2.0597033,29.407312,.
58882,.,-2.0597033,29.407312,.
58883,.,-2.0597033,29.407312,.
58884,.,-2.0597033,29.407312,.
58885,.,-2.0597033,29.407312,.
58886,.,-2.0597033,29.407312,.
58887,.,-2.0597033,29.407312,.
58888,.,-2.0597033,29.407312,.
58889,.,-2.0597033,29.407312,.
58890,.,-2.0597033,29.407312,.
58891,.,-2.0597033,29.407312,.
58892,.,-2.0597033,29.407312,.
58893,.,-2.0597033,29.407312,.
58894,.,-2.0597033,29.407312,.
58895,.,-2.0597033,29.407312,.
58896,.,-2.0597033,29.407312,.
58897,.,-2.0597033,29.407312,.
58898,.,-2.0597033,29.407312,.
58899,.,-2.0597033,29.407312,.
58900,.,-2.0597033,29.407312,.
58901,.,-2.0597033,29.407312,.
58902,.,-2.0597033,29.407312,.
58903,.,-2.0597033,29.407312,.
58904,.,-2.0597033,29.407312,.
58905,.,-2.0597033,29.407312,.
58906,.,-2.0597033,29.407312,.
58907,.,-2.0597033,29.407312,.
58908,.,-2.0597033,29.407312,.
58909,.,-2.0597033,29.407312,.
58910,.,-2.0597033,29.407312,.
58911,.,-2.0597033,29.407312,.
58912,.,-2.0597033,29.407312,.
58913,.,-2.0597033,29.407312,.
58914,.,-2.0597033,29.407312,.
58915,.,-2.0597033,29.407312,.
58916,.,-2.0597033,29.407312,.
63482,.,-2.32465378147151,29.8484640956113,.
63483,.,-2.32465378147151,29.8484640956113,.
63484,.,-2.32465378147151,29.8484640956113,.
63485,.,-2.55407398202134,29.7521786932344,.
63486,.,-2.55407398202134,29.7521786932344,.
63487,.,-2.71778379563254,29.5935727126216,.
63488,.,-2.71778379563254,29.5935727126216,.
63489,.,-2.71778379563254,29.5935727126216,.
63490,.,-2.5535355,29.7622633,.
63491,.,-2.5535355,29.7622633,.
63492,.,-2.5535355,29.7622633,.
63493,.,-2.32462172540145,29.8484962098417,.
63494,.,-2.32462172540145,29.8484962098417,.
63495,.,-2.32462172540145,29.8484962098417,.
63496,.,-2.5943211,29.7494976,.
63497,.,-2.5943211,29.7494976,.
63498,.,-2.5943211,29.7494976,.
63499,.,-2.5940891,29.7486268,.
63500,.,-2.5940891,29.7486268,.
63501,.,-2.5940891,29.7486268,.
63502,.,-2.71773909185969,29.5936359266056,.
63503,.,-2.71773909185969,29.5936359266056,.
63504,.,-2.71773909185969,29.5936359266056,.
63505,.,-1.9322104,29.6290892,.
63506,.,-1.9322104,29.6290892,.
63507,.,-1.9322104,29.6290892,.
63508,.,-1.9322104,29.6290892,.
63509,.,-1.9322104,29.6290892,.
63510,.,-1.9322104,29.6290892,.
63511,.,-2.32468839237671,29.8484321017901,.
63512,.,-2.32468839237671,29.8484321017901,.
63513,.,-2.32468839237671,29.8484321017901,.
63514,.,-1.928038,29.651546,.
63515,.,-1.928038,29.651546,.
63516,.,-1.928038,29.651546,.
63517,.,-2.71908965909694,29.57959068181,.
63518,.,-2.71908965909694,29.57959068181,.
63519,.,-2.71908965909694,29.57959068181,.
63520,.,-2.71945569243273,29.5800854236832,.
63521,.,-2.71945569243273,29.5800854236832,.
63522,.,-2.71945569243273,29.5800854236832,.
63523,.,-1.933955,29.6261201,.
63524,.,-1.933955,29.6261201,.
63525,.,-2.5940891,29.7486268,.
63526,.,-2.5940891,29.7486268,.
63527,.,-2.7214112,29.5830258,.
63528,.,-2.32468220090044,29.8484858940427,.
63529,.,-2.32468220090044,29.8484858940427,.
63530,.,-2.32468220090044,29.8484858940427,.
63531,.,-2.32471728141728,29.8484745569891,.
63532,.,-2.32471728141728,29.8484745569891,.
63533,.,-2.32471728141728,29.8484745569891,.
63534,.,-2.5535355,29.7622633,.
63535,.,-2.5535355,29.7622633,.
63536,.,-2.5535355,29.7622633,.
63537,.,-1.92766968315922,29.6200243353267,.
63538,.,-1.92766968315922,29.6200243353267,.
63539,.,-2.55336347640802,29.7544391827897,.
63540,.,-2.55336347640802,29.7544391827897,.
63541,.,-2.55336347640802,29.7544391827897,.
63542,.,-2.32468291138726,29.8484577068033,.
63543,.,-2.32468291138726,29.8484577068033,.
63544,.,-2.32468291138726,29.8484577068033,.
63545,.,-2.71772583136787,29.5936585217973,.
63546,.,-2.71772583136787,29.5936585217973,.
63547,.,-2.71772583136787,29.5936585217973,.
63548,.,-2.71914448633485,29.5794653257035,.
63549,.,-2.71914448633485,29.5794653257035,.
63550,.,-2.5535355,29.7622633,.
63551,.,-2.5535355,29.7622633,.
63552,.,-2.5535355,29.7622633,.
63553,.,-2.71917760803064,29.5794075239452,.
63554,.,-2.71917760803064,29.5794075239452,.
63555,.,-2.71917760803064,29.5794075239452,.
63556,.,-2.5535355,29.7622633,.
63557,.,-2.5535355,29.7622633,.
63558,.,-2.5535355,29.7622633,.
63559,.,-1.9247243,29.6278033,.
63560,.,-1.9247243,29.6278033,.
63561,.,-2.5940891,29.7486268,.
63562,.,-2.5940891,29.7486268,.
63563,.,-2.5940891,29.7486268,.
63564,.,-2.32467143852135,29.8484572043864,.
63565,.,-2.32467143852135,29.8484572043864,.
63566,.,-2.32467143852135,29.8484572043864,.
63567,.,-2.32467402950098,29.8484312610038,.
63568,.,-2.32467402950098,29.8484312610038,.
63569,.,-2.32467402950098,29.8484312610038,.
63570,.,-2.71916390456484,29.579334402489,.
63571,.,-2.71916390456484,29.579334402489,.
63572,.,-2.71916390456484,29.579334402489,.
63573,.,-2.71913833149972,29.579008905193,.
63574,.,-2.71913833149972,29.579008905193,.
63575,.,-2.71913833149972,29.579008905193,.
63576,.,-2.7217374406302,29.5942404517813,.
63577,.,-2.7217374406302,29.5942404517813,.
63578,.,-2.7217374406302,29.5942404517813,.
63579,.,-2.3246856574328,29.8484273605129,.
63580,.,-2.3246856574328,29.8484273605129,.
63581,.,-2.3246856574328,29.8484273605129,.
63582,.,-2.5648641,29.752195,.
63583,.,-2.5648641,29.752195,.
63584,.,-2.5648641,29.752195,.
63585,.,-2.32472329968954,29.8484378973782,.
63586,.,-2.32472329968954,29.8484378973782,.
63587,.,-2.32472329968954,29.8484378973782,.
63588,.,-2.55407051819552,29.7516335576427,.
63589,.,-2.55407051819552,29.7516335576427,.
63590,.,-2.55407051819552,29.7516335576427,.
63591,.,-2.7214112,29.5830258,.
63592,.,-2.7214112,29.5830258,.
63593,.,-2.7214112,29.5830258,.
63594,.,-2.003245,29.46263,.
63595,.,-2.003245,29.46263,.
63596,.,-2.003245,29.46263,.
63597,.,-2.003245,29.46263,.
63598,.,-2.003245,29.46263,.
63599,.,-2.003245,29.46263,.
63600,.,-2.003245,29.46263,.
63601,.,-2.003245,29.46263,.
63602,.,-2.003245,29.46263,.
63603,.,-2.003245,29.46263,.
63604,.,-2.003245,29.46263,.
63605,.,-2.003245,29.46263,.
63606,.,-2.003245,29.46263,.
63607,.,-2.003245,29.46263,.
63608,.,-2.003245,29.46263,.
63609,.,-2.003245,29.46263,.
63610,.,-2.003245,29.46263,.
63611,.,-2.003245,29.46263,.
63612,.,-2.003245,29.46263,.
63613,.,-2.003245,29.46263,.
63614,.,-2.003245,29.46263,.
63615,.,-2.003245,29.46263,.
63616,.,-2.003245,29.46263,.
63617,.,-2.003245,29.46263,.
63618,.,-2.003245,29.46263,.
63619,.,-2.003245,29.46263,.
63620,.,-2.003245,29.46263,.
63621,.,-2.003245,29.46263,.
63622,.,-2.003245,29.46263,.
63623,.,-2.003245,29.46263,.
63624,.,-2.003245,29.46263,.
63625,.,-2.003245,29.46263,.
63626,.,-2.003245,29.46263,.
63627,.,-2.003245,29.46263,.
63628,.,-2.003245,29.46263,.
63629,.,-2.003245,29.46263,.
63630,.,-2.003245,29.46263,.
63631,.,-2.003245,29.46263,.
63632,.,-2.003245,29.46263,.
63633,.,-2.003245,29.46263,.
63634,.,-2.003245,29.46263,.
63635,.,-2.003245,29.46263,.
63636,.,-2.003245,29.46263,.
63637,.,-2.003245,29.46263,.
63638,.,-2.003245,29.46263,.
63639,.,-2.003245,29.46263,.
63640,.,-2.003245,29.46263,.
63641,.,-2.003245,29.46263,.
63642,.,-2.003245,29.46263,.
63643,.,-2.003245,29.46263,.
63644,.,-2.003245,29.46263,.
63645,.,-2.003245,29.46263,.
63646,.,-2.003245,29.46263,.
63647,.,-2.003245,29.46263,.
63648,.,-2.003245,29.46263,.
63649,.,-2.003245,29.46263,.
63650,.,-2.003245,29.46263,.
63651,.,-2.003245,29.46263,.
63652,.,-2.003245,29.46263,.
63653,.,-2.003245,29.46263,.
63654,.,-2.003245,29.46263,.
63655,.,-2.003245,29.46263,.
63656,.,-2.003245,29.46263,.
63657,.,-2.003245,29.46263,.
63658,.,-2.003245,29.46263,.
63659,.,-2.003245,29.46263,.
63660,.,-2.003245,29.46263,.
63661,.,-2.003245,29.46263,.
63662,.,-2.003245,29.46263,.
63663,.,-2.003245,29.46263,.
63664,.,-2.003245,29.46263,.
63665,.,-2.003245,29.46263,.
63666,.,-2.003245,29.46263,.
63667,.,-2.003245,29.46263,.
63668,.,-2.003245,29.46263,.
63669,.,-2.003245,29.46263,.
63670,.,-2.003245,29.46263,.
63671,.,-2.003245,29.46263,.
63672,.,-2.003245,29.46263,.
63673,.,-2.003245,29.46263,.
63674,.,-2.003245,29.46263,.
63675,.,-2.003245,29.46263,.
63676,.,-2.003245,29.46263,.
63677,.,-2.003245,29.46263,.
63678,.,-2.003245,29.46263,.
63679,.,-2.003245,29.46263,.
63680,.,-2.003245,29.46263,.
63681,.,-2.003245,29.46263,.
63682,.,-2.003245,29.46263,.
63683,.,-2.47208678738028,28.978529004626,.
63684,.,-2.47208678738028,28.978529004626,.
63685,.,-2.47208678738028,28.978529004626,.
63686,.,-2.43777093088841,29.0183343328378,.
63687,.,-2.43777093088841,29.0183343328378,.
63688,.,-2.43777093088841,29.0183343328378,.
63689,.,-2.4584631110596,28.9719990414713,.
63690,.,-2.4584631110596,28.9719990414713,.
63691,.,-2.4584631110596,28.9719990414713,.
63692,.,-2.46261200376045,28.9692968767599,.
63693,.,-2.46261200376045,28.9692968767599,.
63694,.,-2.46261200376045,28.9692968767599,.
63695,.,-2.42092440968113,29.0849599250412,.
63696,.,-2.42092440968113,29.0849599250412,.
63697,.,-2.42092440968113,29.0849599250412,.
63698,.,-2.46855,28.96139,.
63699,.,-2.46855,28.96139,.
63700,.,-2.46855,28.96139,.
63701,.,-2.45855286429151,28.9727979242675,.
63702,.,-2.45855286429151,28.9727979242675,.
63703,.,-2.45855286429151,28.9727979242675,.
63704,.,-2.43388466099459,29.0218174478268,.
63705,.,-2.43845605787103,29.0208943065209,.
63706,.,-2.43845605787103,29.0208943065209,.
63707,.,-2.43845605787103,29.0208943065209,.
63708,.,-2.44011621940781,29.0179091355736,.
63709,.,-2.44011621940781,29.0179091355736,.
63710,.,-2.44011621940781,29.0179091355736,.
63711,.,-2.45870665014965,28.9736591376556,.
63712,.,-2.45870665014965,28.9736591376556,.
63713,.,-2.45870665014965,28.9736591376556,.
63714,.,-2.45677202688302,28.974899440966,.
63715,.,-2.45677202688302,28.974899440966,.
63716,.,-2.44326759846105,29.0176102615507,.
63717,.,-2.44326759846105,29.0176102615507,.
63718,.,-2.44326759846105,29.0176102615507,.
63719,.,-2.46626636226834,28.9675162415239,.
63720,.,-2.46626636226834,28.9675162415239,.
63721,.,-2.46626636226834,28.9675162415239,.
63722,.,-2.4476354,29.0254438,.
63723,.,-2.4476354,29.0254438,.
63724,.,-2.4476354,29.0254438,.
63725,.,-2.46005025012975,28.9699499726035,.
63726,.,-2.46005025012975,28.9699499726035,.
63727,.,-2.46005025012975,28.9699499726035,.
63728,.,-2.43613011911762,29.0190639968145,.
63729,.,-2.43613011911762,29.0190639968145,.
63730,.,-2.43613011911762,29.0190639968145,.
63731,.,-2.46569232670273,28.9663040926983,.
63732,.,-2.46569232670273,28.9663040926983,.
63733,.,-2.46569232670273,28.9663040926983,.
63734,.,-2.43504479263276,29.0270608482773,.
63735,.,-2.47143260324604,28.9700145735771,.
63736,.,-2.47143260324604,28.9700145735771,.
63737,.,-2.47143260324604,28.9700145735771,.
63738,.,-2.45792336873433,28.9724206382083,.
63739,.,-2.45792336873433,28.9724206382083,.
63740,.,-2.45792336873433,28.9724206382083,.
63741,.,-2.43445523928028,29.0223622326139,.
63742,.,-2.43445523928028,29.0223622326139,.
63743,.,-2.43445523928028,29.0223622326139,.
63744,.,-2.43409149165037,29.0219770101517,.
63745,.,-2.43422266333898,29.0197872491273,.
63746,.,-2.43422266333898,29.0197872491273,.
63747,.,-2.43422266333898,29.0197872491273,.
63748,.,-2.43262988506272,29.0206640856479,.
63749,.,-2.43262988506272,29.0206640856479,.
63750,.,-2.43262988506272,29.0206640856479,.
63751,.,-2.46028570691181,28.9709092281626,.
63752,.,-2.46028570691181,28.9709092281626,.
63753,.,-2.46028570691181,28.9709092281626,.
63754,.,-2.43640042186281,29.0195107420285,.
63755,.,-2.43640042186281,29.0195107420285,.
63756,.,-2.43640042186281,29.0195107420285,.
63757,.,-2.46004959600464,28.9704297550106,.
63758,.,-2.46004959600464,28.9704297550106,.
63759,.,-2.46004959600464,28.9704297550106,.
63760,.,-2.43697733256252,29.0207331548426,.
63761,.,-2.43697733256252,29.0207331548426,.
63762,.,-2.43697733256252,29.0207331548426,.
63763,.,-2.45924724708178,28.9717617900835,.
63764,.,-2.45924724708178,28.9717617900835,.
63765,.,-2.45924724708178,28.9717617900835,.
63766,.,-2.43786470453556,29.0183899278721,.
63767,.,-2.43786470453556,29.0183899278721,.
63768,.,-2.43260258205845,29.02211647796,.
63769,.,-2.43260258205845,29.02211647796,.
63770,.,-2.43260258205845,29.02211647796,.
63771,.,-2.43187964294304,29.0236797641274,.
63772,.,-2.43187964294304,29.0236797641274,.
63773,.,-2.43187964294304,29.0236797641274,.
63774,.,-2.432967943868,29.0216758687478,.
63775,.,-2.432967943868,29.0216758687478,.
63776,.,-2.432967943868,29.0216758687478,.
63777,.,-2.4652313329517,28.9666540487225,.
63778,.,-2.4652313329517,28.9666540487225,.
63779,.,-2.4629670283534,28.9701486437029,.
63780,.,-2.4629670283534,28.9701486437029,.
63781,.,-2.46050168342771,28.9706999842781,.
63782,.,-2.46050168342771,28.9706999842781,.
63783,.,-2.46050168342771,28.9706999842781,.
63784,.,-2.45848514332636,28.9717440366249,.
63785,.,-2.45848514332636,28.9717440366249,.
63786,.,-2.45848514332636,28.9717440366249,.
63787,.,-2.45999884539804,28.9707205905271,.
63788,.,-2.45999884539804,28.9707205905271,.
63789,.,-2.45999884539804,28.9707205905271,.
63790,.,-2.46539076131639,28.9669928248243,.
63791,.,-2.46539076131639,28.9669928248243,.
63792,.,-2.46539076131639,28.9669928248243,.
63793,.,-2.46654794623128,28.9691919399142,.
63794,.,-2.46654794623128,28.9691919399142,.
63795,.,-2.46654794623128,28.9691919399142,.
63796,.,-2.43794265165069,29.0182805490626,.
63797,.,-2.43794265165069,29.0182805490626,.
63798,.,-2.43794265165069,29.0182805490626,.
63799,.,-2.45925307940179,28.9708484463659,.
63800,.,-2.45925307940179,28.9708484463659,.
63801,.,-2.45925307940179,28.9708484463659,.
63802,.,-2.43387579713983,29.0240515415548,.
63803,.,-2.0722228155772,30.5518582586576,.
63804,.,-2.0722228155772,30.5518582586576,.
63805,.,-2.0837482,30.5568269,.
63806,.,-2.0837482,30.5568269,.
63807,.,-2.0837482,30.5568269,.
63808,.,-2.02268471522695,30.3340729014178,.
63809,.,-2.02268471522695,30.3340729014178,.
63810,.,-2.02268471522695,30.3340729014178,.
63811,.,-1.83544776810072,30.4649628829027,.
63812,.,-1.83544776810072,30.4649628829027,.
63813,.,-1.83544776810072,30.4649628829027,.
63814,.,-1.83560004664474,30.4665674407892,.
63815,.,-1.83560004664474,30.4665674407892,.
63816,.,-1.83560004664474,30.4665674407892,.
63817,.,-2.02228617268973,30.3314899651225,.
63818,.,-2.02228617268973,30.3314899651225,.
63819,.,-2.02228617268973,30.3314899651225,.
63820,.,-1.83546766358154,30.4650215379981,.
63821,.,-1.83546766358154,30.4650215379981,.
63822,.,-1.83546766358154,30.4650215379981,.
63823,.,-2.0837482,30.5568269,.
63824,.,-2.0837482,30.5568269,.
63825,.,-2.0837482,30.5568269,.
63826,.,-2.0837482,30.5568269,.
63827,.,-2.0837482,30.5568269,.
63828,.,-2.0837482,30.5568269,.
63829,.,-2.02445952608468,30.3401506826548,.
63830,.,-2.02445952608468,30.3401506826548,.
63831,.,-2.02445952608468,30.3401506826548,.
63832,.,-2.0374761,30.2662363,.
63833,.,-2.0374761,30.2662363,.
63834,.,-2.0374761,30.2662363,.
63835,.,-1.83524079676594,30.4676902045996,.
63836,.,-1.83524079676594,30.4676902045996,.
63837,.,-1.83524079676594,30.4676902045996,.
63838,.,-1.83171770451924,30.4662948537127,.
63839,.,-1.83171770451924,30.4662948537127,.
63840,.,-1.83171770451924,30.4662948537127,.
63841,.,-2.02332543198946,30.3398778440787,.
63842,.,-2.02332543198946,30.3398778440787,.
63843,.,-2.0374761,30.2662363,.
63844,.,-2.0374761,30.2662363,.
63845,.,-2.0374761,30.2662363,.
63846,.,-2.06986341803977,30.5543192486344,.
63847,.,-2.06986341803977,30.5543192486344,.
63848,.,-2.06986341803977,30.5543192486344,.
63849,.,-1.8320527830566,30.4690955378542,.
63850,.,-1.8320527830566,30.4690955378542,.
63851,.,-1.8320527830566,30.4690955378542,.
63852,.,-1.8122,30.45042,.
63853,.,-1.8122,30.45042,.
63854,.,-2.0837482,30.5568269,.
63855,.,-2.0837482,30.5568269,.
63856,.,-2.07236014616403,30.5519349749537,.
63857,.,-2.07236014616403,30.5519349749537,.
63858,.,-1.83615870389892,30.4662759772271,.
63859,.,-1.83615870389892,30.4662759772271,.
63860,.,-2.0837482,30.5568269,.
63861,.,-2.0837482,30.5568269,.
63862,.,-2.0837482,30.5568269,.
63863,.,-2.02120097732114,30.3347149723345,.
63864,.,-2.02120097732114,30.3347149723345,.
63865,.,-2.02120097732114,30.3347149723345,.
63866,.,-1.83000418014888,30.4605629901521,.
63867,.,-1.83000418014888,30.4605629901521,.
63868,.,-1.83000418014888,30.4605629901521,.
63869,.,-1.83277383430324,30.466932764001,.
63870,.,-1.83277383430324,30.466932764001,.
63871,.,-1.83277383430324,30.466932764001,.
63872,.,-2.02447740467683,30.3403714090365,.
63873,.,-2.02447740467683,30.3403714090365,.
63874,.,-2.02447740467683,30.3403714090365,.
63875,.,-1.82738295531314,30.4595008113378,.
63876,.,-1.82738295531314,30.4595008113378,.
63877,.,-1.82738295531314,30.4595008113378,.
63878,.,-2.02034652186344,30.3387650923325,.
63879,.,-2.02034652186344,30.3387650923325,.
63880,.,-2.02034652186344,30.3387650923325,.
63881,.,-2.0837482,30.5568269,.
63882,.,-2.0837482,30.5568269,.
63883,.,-2.0837482,30.5568269,.
63884,.,-1.83211836687978,30.4690680831987,.
63885,.,-1.83211836687978,30.4690680831987,.
63886,.,-1.83211836687978,30.4690680831987,.
63887,.,-1.8273300100411,30.4594659539952,.
63888,.,-1.8273300100411,30.4594659539952,.
63889,.,-1.8273300100411,30.4594659539952,.
63890,.,-2.0275201,30.3739951,.
63891,.,-2.0275201,30.3739951,.
63892,.,-2.0275201,30.3739951,.
63893,.,-2.02576538970556,30.3385918265715,.
63894,.,-2.02576538970556,30.3385918265715,.
63895,.,-2.02576538970556,30.3385918265715,.
63896,.,-1.5744657,30.3837215,.
63897,.,-1.5744657,30.3837215,.
63898,.,-1.5744657,30.3837215,.
63899,.,-1.4206,30.28615,.
63900,.,-1.4206,30.28615,.
63901,.,-1.5744657,30.3837215,.
63902,.,-1.5744657,30.3837215,.
63903,.,-1.5744657,30.3837215,.
63904,.,-1.4184329,30.2503592,.
63905,.,-1.4184329,30.2503592,.
63906,.,-1.4184329,30.2503592,.
63907,.,-1.3703496,30.2968122,.
63908,.,-1.3703496,30.2968122,.
63909,.,-1.5744657,30.3837215,.
63910,.,-1.5744657,30.3837215,.
63911,.,-1.5744657,30.3837215,.
63912,.,-1.5744657,30.3837215,.
63913,.,-1.5744657,30.3837215,.
63914,.,-1.5744657,30.3837215,.
63915,.,-1.5744657,30.3837215,.
63916,.,-1.5744657,30.3837215,.
63917,.,-1.5744657,30.3837215,.
63918,.,-1.5744657,30.3837215,.
63919,.,-1.5744657,30.3837215,.
63920,.,-1.40646532048842,30.3146205051794,.
63921,.,-1.40646532048842,30.3146205051794,.
63922,.,-1.40646532048842,30.3146205051794,.
63923,.,-1.5744657,30.3837215,.
63924,.,-1.5744657,30.3837215,.
63925,.,-1.5744657,30.3837215,.
63926,.,-1.5744657,30.3837215,.
63927,.,-1.5744657,30.3837215,.
63928,.,-1.5744657,30.3837215,.
63929,.,-1.3703496,30.2968122,.
63930,.,-1.3703496,30.2968122,.
63931,.,-1.3703496,30.2968122,.
63932,.,-1.4184329,30.2503592,.
63933,.,-1.4184329,30.2503592,.
63934,.,-1.4184329,30.2503592,.
63935,.,-1.3871659,30.288217,.
63936,.,-1.3871659,30.288217,.
63937,.,-1.3871659,30.288217,.
63938,.,-1.43087579892272,30.2971301162218,.
63939,.,-1.43087579892272,30.2971301162218,.
63940,.,-1.43087579892272,30.2971301162218,.
63941,.,-1.5744657,30.3837215,.
63942,.,-1.5744657,30.3837215,.
63943,.,-1.5744657,30.3837215,.
63944,.,-1.5744657,30.3837215,.
63945,.,-1.5744657,30.3837215,.
63946,.,-1.5744657,30.3837215,.
63947,.,-1.40527759913379,30.3141384294808,.
63948,.,-1.40527759913379,30.3141384294808,.
63949,.,-1.3703496,30.2968122,.
63950,.,-1.3703496,30.2968122,.
63951,.,-1.5744657,30.3837215,.
63952,.,-1.5744657,30.3837215,.
63953,.,-1.5744657,30.3837215,.
63954,.,-1.5744657,30.3837215,.
63955,.,-1.5744657,30.3837215,.
63956,.,-1.5744657,30.3837215,.
63957,.,-1.5744657,30.3837215,.
63958,.,-1.5744657,30.3837215,.
63959,.,-1.5744657,30.3837215,.
63960,.,-1.4206,30.28615,.
63961,.,-1.4206,30.28615,.
63962,.,-1.4206,30.28615,.
63963,.,-1.40848927898548,30.3094347332677,.
63964,.,-1.40848927898548,30.3094347332677,.
63965,.,-1.40848927898548,30.3094347332677,.
63966,.,-1.4036141,30.2773837,.
63967,.,-1.4036141,30.2773837,.
63968,.,-1.4036141,30.2773837,.
63969,.,-1.5744657,30.3837215,.
63970,.,-1.5744657,30.3837215,.
63971,.,-1.5744657,30.3837215,.
63972,.,-1.5744657,30.3837215,.
63973,.,-1.5744657,30.3837215,.
63974,.,-1.5744657,30.3837215,.
63975,.,-2.0597033,29.407312,.
63976,.,-2.0597033,29.407312,.
63977,.,-2.0597033,29.407312,.
63978,.,-2.0597033,29.407312,.
63979,.,-2.0597033,29.407312,.
63980,.,-2.0597033,29.407312,.
63981,.,-2.0597033,29.407312,.
63982,.,-2.0597033,29.407312,.
63983,.,-2.0597033,29.407312,.
63984,.,-2.0597033,29.407312,.
63985,.,-2.0597033,29.407312,.
63986,.,-2.0597033,29.407312,.
63987,.,-2.0597033,29.407312,.
63988,.,-2.0597033,29.407312,.
63989,.,-2.0597033,29.407312,.
63990,.,-2.0597033,29.407312,.
63991,.,-2.0597033,29.407312,.
63992,.,-2.0597033,29.407312,.
63993,.,-2.0597033,29.407312,.
63994,.,-2.0597033,29.407312,.
63995,.,-2.0597033,29.407312,.
63996,.,-2.0597033,29.407312,.
63997,.,-2.0597033,29.407312,.
63998,.,-2.0597033,29.407312,.
63999,.,-2.0597033,29.407312,.
64000,.,-2.0597033,29.407312,.
64001,.,-2.0597033,29.407312,.
64002,.,-2.0597033,29.407312,.
64003,.,-2.0597033,29.407312,.
64004,.,-2.0597033,29.407312,.
64005,.,-2.0597033,29.407312,.
64006,.,-2.0597033,29.407312,.
64007,.,-2.0597033,29.407312,.
64008,.,-2.0597033,29.407312,.
64009,.,-2.0597033,29.407312,.
64010,.,-2.0597033,29.407312,.
64011,.,-2.0597033,29.407312,.
64012,.,-2.0597033,29.407312,.
64013,.,-2.0597033,29.407312,.
64014,.,-2.0597033,29.407312,.
64015,.,-2.0597033,29.407312,.
64016,.,-2.0597033,29.407312,.
64017,.,-2.0597033,29.407312,.
64018,.,-2.0597033,29.407312,.
64019,.,-2.0597033,29.407312,.
64020,.,-2.0597033,29.407312,.
64021,.,-2.0597033,29.407312,.
64022,.,-2.0597033,29.407312,.
64023,.,-2.0597033,29.407312,.
64024,.,-2.0597033,29.407312,.
64025,.,-2.0597033,29.407312,.
64026,.,-2.0597033,29.407312,.
64027,.,-2.0597033,29.407312,.
64028,.,-2.0597033,29.407312,.
64029,.,-2.0597033,29.407312,.
64030,.,-2.0597033,29.407312,.
64031,.,-2.0597033,29.407312,.
64032,.,-2.0597033,29.407312,.
64033,.,-2.0597033,29.407312,.
64034,.,-2.0597033,29.407312,.
64035,.,-2.0597033,29.407312,.
64036,.,-2.0597033,29.407312,.
64037,.,-2.0597033,29.407312,.
64038,.,-2.0597033,29.407312,.
64039,.,-2.0597033,29.407312,.
64040,.,-2.0597033,29.407312,.
64041,.,-2.0597033,29.407312,.
64042,.,-2.0597033,29.407312,.
64043,.,-2.0597033,29.407312,.
64044,.,-2.0597033,29.407312,.
64045,.,-2.0597033,29.407312,.
64046,.,-2.0597033,29.407312,.
64047,.,-2.0597033,29.407312,.
64048,.,-2.0597033,29.407312,.
64049,.,-2.0597033,29.407312,.
64050,.,-2.0597033,29.407312,.
64051,.,-2.0597033,29.407312,.
64052,.,-2.0597033,29.407312,.
64053,.,-2.0597033,29.407312,.
64054,.,-2.0597033,29.407312,.
64055,.,-2.0597033,29.407312,.
64056,.,-2.0597033,29.407312,.
64057,.,-2.0597033,29.407312,.
64058,.,-2.0597033,29.407312,.
64059,.,-2.0597033,29.407312,.
64060,.,-2.0597033,29.407312,.
64061,.,-2.0597033,29.407312,.
64062,.,-2.0597033,29.407312,.
64063,.,-2.0597033,29.407312,.
64064,.,-2.0597033,29.407312,.
64065,.,-2.0597033,29.407312,.
64066,.,-2.0597033,29.407312,.
64067,.,-2.0597033,29.407312,.
64068,.,-2.0597033,29.407312,.
64069,.,-2.0597033,29.407312,.
64070,.,-2.0597033,29.407312,.
64071,.,-2.0597033,29.407312,.
64072,.,-2.0597033,29.407312,.
64073,.,-2.0597033,29.407312,.
64074,.,-2.0597033,29.407312,.
64075,.,-2.0597033,29.407312,.
64076,.,-2.0597033,29.407312,.
64077,.,-2.0597033,29.407312,.
64078,.,-2.0597033,29.407312,.
64079,.,-2.0597033,29.407312,.
64080,.,-2.0597033,29.407312,.
64081,.,-2.0597033,29.407312,.
64082,.,-2.0597033,29.407312,.
64083,.,-2.0597033,29.407312,.
64084,.,-2.0597033,29.407312,.
64085,.,-2.0597033,29.407312,.
64086,.,-2.0597033,29.407312,.
64087,.,-2.0597033,29.407312,.
64088,.,-2.0597033,29.407312,.
64089,.,-2.0597033,29.407312,.
64090,.,-2.0597033,29.407312,.
64091,.,-2.0597033,29.407312,.
64092,.,-2.0597033,29.407312,.
64093,.,-2.0597033,29.407312,.
64094,.,-2.0597033,29.407312,.
64095,.,-2.0597033,29.407312,.
64096,.,-2.0597033,29.407312,.
64097,.,-2.0597033,29.407312,.
64098,.,-2.0597033,29.407312,.
64099,.,-2.02562962896843,29.3826537186079,.
64100,.,-2.02562962896843,29.3826537186079,.
64101,.,-2.02562962896843,29.3826537186079,.
64102,.,-2.3646749112671,29.0916544048679,.
64103,.,-2.3646749112671,29.0916544048679,.
64104,.,-2.3646749112671,29.0916544048679,.
64105,.,-2.13708524564815,29.3222110904373,.
64106,.,-2.13708524564815,29.3222110904373,.
64107,.,-2.13708524564815,29.3222110904373,.
64108,.,-2.36369815771281,29.094148739863,.
64109,.,-2.36369815771281,29.094148739863,.
64110,.,-2.36369815771281,29.094148739863,.
64111,.,-2.0530809,29.4189612,.
64112,.,-2.0530809,29.4189612,.
64113,.,-2.10794528641903,29.3168637026051,.
64114,.,-2.10794528641903,29.3168637026051,.
64115,.,-2.10794528641903,29.3168637026051,.
64116,.,-2.02386977608173,29.3846737280679,.
64117,.,-2.02386977608173,29.3846737280679,.
64118,.,-2.02386977608173,29.3846737280679,.
64119,.,-2.14372214382898,29.3293928885369,.
64120,.,-2.14372214382898,29.3293928885369,.
64121,.,-2.14372214382898,29.3293928885369,.
64122,.,-2.36073247180057,29.0832693764212,.
64123,.,-2.36073247180057,29.0832693764212,.
64124,.,-2.05749858370411,29.4245144341126,.
64125,.,-2.05749858370411,29.4245144341126,.
64126,.,-2.05749858370411,29.4245144341126,.
64127,.,-2.0530809,29.4189612,.
64128,.,-2.0530809,29.4189612,.
64129,.,-2.0530809,29.4189612,.
64130,.,-2.36090745179124,29.0829305713215,.
64131,.,-2.36090745179124,29.0829305713215,.
64132,.,-2.36090745179124,29.0829305713215,.
64133,.,-2.36372144927246,29.0946700901449,.
64134,.,-2.36372144927246,29.0946700901449,.
64135,.,-2.36372144927246,29.0946700901449,.
64136,.,-2.36972690833902,29.0958788910738,.
64137,.,-2.36972690833902,29.0958788910738,.
64138,.,-2.36972690833902,29.0958788910738,.
64139,.,-2.35515090122111,29.0819566491461,.
64140,.,-2.35515090122111,29.0819566491461,.
64141,.,-2.35515090122111,29.0819566491461,.
64142,.,-2.36057864611418,29.0836212594659,.
64143,.,-2.36057864611418,29.0836212594659,.
64144,.,-2.36057864611418,29.0836212594659,.
64145,.,-2.12724126046844,29.3091324159312,.
64146,.,-2.12724126046844,29.3091324159312,.
64147,.,-2.12724126046844,29.3091324159312,.
64148,.,-2.02897460560817,29.3817958197735,.
64149,.,-2.02897460560817,29.3817958197735,.
64150,.,-2.02897460560817,29.3817958197735,.
64151,.,-2.0530809,29.4189612,.
64152,.,-2.0530809,29.4189612,.
64153,.,-2.0530809,29.4189612,.
64154,.,-2.04551544594483,29.372626570549,.
64155,.,-2.04551544594483,29.372626570549,.
64156,.,-2.04551544594483,29.372626570549,.
64157,.,-2.02911307552158,29.3819760346149,.
64158,.,-2.02911307552158,29.3819760346149,.
64159,.,-2.02911307552158,29.3819760346149,.
64160,.,-2.136575852304,29.3267340501938,.
64161,.,-2.136575852304,29.3267340501938,.
64162,.,-2.136575852304,29.3267340501938,.
64163,.,-2.14271156419197,29.3252794024183,.
64164,.,-2.14271156419197,29.3252794024183,.
64165,.,-2.14249728092715,29.3222803933676,.
64166,.,-2.14249728092715,29.3222803933676,.
64167,.,-2.36091211698433,29.082817396116,.
64168,.,-2.36091211698433,29.082817396116,.
64169,.,-2.36091211698433,29.082817396116,.
64170,.,-2.1386256,29.3132816,.
64171,.,-2.1386256,29.3132816,.
64172,.,-2.1386256,29.3132816,.
64173,.,-2.36078533332948,29.0828343228665,.
64174,.,-2.36078533332948,29.0828343228665,.
64175,.,-2.36078533332948,29.0828343228665,.
64176,.,-2.13016284,29.30645656,.
64177,.,-2.13016284,29.30645656,.
64178,.,-2.13016284,29.30645656,.
64179,.,-2.02902007614433,29.3818125681118,.
64180,.,-2.02902007614433,29.3818125681118,.
64181,.,-2.02902007614433,29.3818125681118,.
64182,.,-2.36084390574645,29.0829069431895,.
64183,.,-2.36084390574645,29.0829069431895,.
64184,.,-2.36084390574645,29.0829069431895,.
64185,.,-2.02911506718877,29.3816924284678,.
64186,.,-2.02911506718877,29.3816924284678,.
64187,.,-2.02911506718877,29.3816924284678,.
64188,.,-2.0530809,29.4189612,.
64189,.,-2.0530809,29.4189612,.
64190,.,-2.0530809,29.4189612,.
64191,.,-2.01046198050374,29.3875424221516,.
64192,.,-2.01046198050374,29.3875424221516,.
64193,.,-2.01046198050374,29.3875424221516,.
64194,.,-2.02914240302195,29.3818527097593,.
64195,.,-2.02914240302195,29.3818527097593,.
64196,.,-2.02914240302195,29.3818527097593,.
64197,.,-2.14096284113078,29.3235688038933,.
64198,.,-2.14096284113078,29.3235688038933,.
64199,.,-2.14096284113078,29.3235688038933,.
64200,.,-2.0530809,29.4189612,.
64201,.,-2.0530809,29.4189612,.
64202,.,-2.0530809,29.4189612,.
64203,.,-2.36085138603247,29.0830920464586,.
64204,.,-2.36085138603247,29.0830920464586,.
64205,.,-2.36085138603247,29.0830920464586,.
64206,.,-2.03822552085089,29.3847713609247,.
64207,.,-2.03822552085089,29.3847713609247,.
64208,.,-2.0051103791176,29.409512287247,.
64209,.,-2.0051103791176,29.409512287247,.
64210,.,-2.0530809,29.4189612,.
64211,.,-2.0530809,29.4189612,.
64212,.,-2.0530809,29.4189612,.
64213,.,-2.0530809,29.4189612,.
64214,.,-2.0530809,29.4189612,.
64215,.,-2.0530809,29.4189612,.
64216,.,-2.46365042107866,29.8075261111119,.
64217,.,-2.46365042107866,29.8075261111119,.
64218,.,-2.46365042107866,29.8075261111119,.
64219,.,-2.46365042107866,29.8075261111119,.
64220,.,-2.46365042107866,29.8075261111119,.
64221,.,-1.8822518,29.4655427,.
64222,.,-1.8822518,29.4655427,.
64223,.,-1.8822518,29.4655427,.
64224,.,-2.46364302520112,29.8075444624715,.
64225,.,-2.46364302520112,29.8075444624715,.
64226,.,-2.46364302520112,29.8075444624715,.
64227,.,-2.46364302520112,29.8075444624715,.
64228,.,-2.46364302520112,29.8075444624715,.
64229,.,-1.91590516780485,29.5970581522017,.
64230,.,-1.91590516780485,29.5970581522017,.
64231,.,-2.46365956377383,29.8075410064732,.
64232,.,-2.46365956377383,29.8075410064732,.
64233,.,-2.46365956377383,29.8075410064732,.
64234,.,-2.46365956377383,29.8075410064732,.
64235,.,-2.46365956377383,29.8075410064732,.
64236,.,-2.71233654454114,29.5791926824445,.
64237,.,-2.71233654454114,29.5791926824445,.
64238,.,-2.71233654454114,29.5791926824445,.
64239,.,-2.71233654454114,29.5791926824445,.
64240,.,-2.71233654454114,29.5791926824445,.
64241,.,-1.9283339147902,29.6235618982168,.
64242,.,-1.9283339147902,29.6235618982168,.
64243,.,-1.9283339147902,29.6235618982168,.
64244,.,-2.32285019357321,29.8652881161438,.
64245,.,-2.32285019357321,29.8652881161438,.
64246,.,-2.32285019357321,29.8652881161438,.
64247,.,-2.32285019357321,29.8652881161438,.
64248,.,-2.32285019357321,29.8652881161438,.
64249,.,-2.32810681472206,29.8655287914451,.
64250,.,-2.32810681472206,29.8655287914451,.
64251,.,-2.32810681472206,29.8655287914451,.
64252,.,-2.32810681472206,29.8655287914451,.
64253,.,-2.32810681472206,29.8655287914451,.
64254,.,-2.32599709106427,29.867503107595,.
64255,.,-2.32599709106427,29.867503107595,.
64256,.,-2.32599709106427,29.867503107595,.
64257,.,-2.32599709106427,29.867503107595,.
64258,.,-2.32599709106427,29.867503107595,.
64259,.,-2.46361635345363,29.8074608880413,.
64260,.,-2.46361635345363,29.8074608880413,.
64261,.,-2.46361635345363,29.8074608880413,.
64262,.,-2.46361635345363,29.8074608880413,.
64263,.,-2.46361635345363,29.8074608880413,.
64264,.,-2.7122681540951,29.5790747236562,.
64265,.,-2.7122681540951,29.5790747236562,.
64266,.,-2.7122681540951,29.5790747236562,.
64267,.,-2.7122681540951,29.5790747236562,.
64268,.,-2.7122681540951,29.5790747236562,.
64269,.,-2.32332637948653,29.8634672728074,.
64270,.,-2.32332637948653,29.8634672728074,.
64271,.,-2.32332637948653,29.8634672728074,.
64272,.,-2.32332637948653,29.8634672728074,.
64273,.,-2.32332637948653,29.8634672728074,.
64274,.,-1.9101779547123,29.5930648877997,.
64275,.,-1.9101779547123,29.5930648877997,.
64276,.,-1.9101779547123,29.5930648877997,.
64277,.,-2.71244058457739,29.5789500847936,.
64278,.,-2.71244058457739,29.5789500847936,.
64279,.,-2.71244058457739,29.5789500847936,.
64280,.,-2.71244058457739,29.5789500847936,.
64281,.,-2.71244058457739,29.5789500847936,.
64282,.,-2.46365879000934,29.8074501007757,.
64283,.,-2.46365879000934,29.8074501007757,.
64284,.,-2.46365879000934,29.8074501007757,.
64285,.,-2.46365879000934,29.8074501007757,.
64286,.,-2.46365879000934,29.8074501007757,.
64287,.,-1.6853827,29.6797929,.
64288,.,-1.6853827,29.6797929,.
64289,.,-1.6853827,29.6797929,.
64290,.,-2.48895541436787,29.7899487478356,.
64291,.,-2.48895541436787,29.7899487478356,.
64292,.,-2.48895541436787,29.7899487478356,.
64293,.,-2.48895541436787,29.7899487478356,.
64294,.,-2.48895541436787,29.7899487478356,.
64295,.,-2.46363240216567,29.8075260749201,.
64296,.,-2.46363240216567,29.8075260749201,.
64297,.,-2.46363240216567,29.8075260749201,.
64298,.,-2.46363240216567,29.8075260749201,.
64299,.,-2.46363240216567,29.8075260749201,.
64300,.,-2.46361779660529,29.80748051282,.
64301,.,-2.46361779660529,29.80748051282,.
64302,.,-2.46361779660529,29.80748051282,.
64303,.,-2.46361779660529,29.80748051282,.
64304,.,-2.46361779660529,29.80748051282,.
64305,.,-2.32898052984598,29.8690538902527,.
64306,.,-2.32898052984598,29.8690538902527,.
64307,.,-2.32898052984598,29.8690538902527,.
64308,.,-2.32898052984598,29.8690538902527,.
64309,.,-2.32898052984598,29.8690538902527,.
64310,.,-2.71246553191752,29.5789366009734,.
64311,.,-2.71246553191752,29.5789366009734,.
64312,.,-2.71246553191752,29.5789366009734,.
64313,.,-2.71246553191752,29.5789366009734,.
64314,.,-2.71246553191752,29.5789366009734,.
64315,.,-1.92815318791984,29.6238579052661,.
64316,.,-1.92815318791984,29.6238579052661,.
64317,.,-1.92815318791984,29.6238579052661,.
64318,.,-2.71235419470197,29.5788099408974,.
64319,.,-2.71235419470197,29.5788099408974,.
64320,.,-2.71235419470197,29.5788099408974,.
64321,.,-2.71235419470197,29.5788099408974,.
64322,.,-2.71235419470197,29.5788099408974,.
64323,.,-2.32434004032834,29.8683693571916,.
64324,.,-2.32434004032834,29.8683693571916,.
64325,.,-2.32434004032834,29.8683693571916,.
64326,.,-2.32434004032834,29.8683693571916,.
64327,.,-2.32434004032834,29.8683693571916,.
64328,.,-1.9256028,29.5269026,.
64329,.,-1.9256028,29.5269026,.
64330,.,-1.9256028,29.5269026,.
64331,.,-1.9280033,29.6533568,.
64332,.,-1.9280033,29.6533568,.
64333,.,-1.9280033,29.6533568,.
64334,.,-2.32564542234854,29.866927229674,.
64335,.,-2.32564542234854,29.866927229674,.
64336,.,-2.32564542234854,29.866927229674,.
64337,.,-2.32564542234854,29.866927229674,.
64338,.,-2.32564542234854,29.866927229674,.
64339,.,-2.32470862112714,29.8663051832429,.
64340,.,-2.32470862112714,29.8663051832429,.
64341,.,-2.32470862112714,29.8663051832429,.
64342,.,-2.32470862112714,29.8663051832429,.
64343,.,-2.32470862112714,29.8663051832429,.
64344,.,-2.72434357497087,29.5693461365602,.
64345,.,-2.72434357497087,29.5693461365602,.
64346,.,-2.72434357497087,29.5693461365602,.
64347,.,-2.72434357497087,29.5693461365602,.
64348,.,-2.72434357497087,29.5693461365602,.
64349,.,-2.32602974334005,29.8688683729295,.
64350,.,-2.32602974334005,29.8688683729295,.
64351,.,-2.32602974334005,29.8688683729295,.
64352,.,-1.9394157,29.6298137,.
64353,.,-1.9394157,29.6298137,.
64354,.,-1.9394157,29.6298137,.
64355,.,-2.71237657903027,29.5789764001718,.
64356,.,-2.71237657903027,29.5789764001718,.
64357,.,-2.71237657903027,29.5789764001718,.
64358,.,-2.71259323806847,29.5790253145273,.
64359,.,-2.71259323806847,29.5790253145273,.
64360,.,-2.71259323806847,29.5790253145273,.
64361,.,-2.71259323806847,29.5790253145273,.
64362,.,-2.71259323806847,29.5790253145273,.
64363,.,-2.46364200909851,29.8075141500649,.
64364,.,-2.46364200909851,29.8075141500649,.
64365,.,-2.46364200909851,29.8075141500649,.
64366,.,-2.46364200909851,29.8075141500649,.
64367,.,-2.46364200909851,29.8075141500649,.
64368,.,-2.71232632978405,29.5786074634148,.
64369,.,-2.71232632978405,29.5786074634148,.
64370,.,-2.71232632978405,29.5786074634148,.
64371,.,-1.9394157,29.6298137,.
64372,.,-1.9394157,29.6298137,.
64373,.,-1.9394157,29.6298137,.
64374,.,-2.71242449418283,29.5789642750132,.
64375,.,-2.71242449418283,29.5789642750132,.
64376,.,-2.71242449418283,29.5789642750132,.
64377,.,-2.71242449418283,29.5789642750132,.
64378,.,-2.71242449418283,29.5789642750132,.
64379,.,-1.92676462055736,29.6386682622411,.
64380,.,-1.92676462055736,29.6386682622411,.
64381,.,-2.32386121339783,29.8620321746617,.
64382,.,-2.32386121339783,29.8620321746617,.
64383,.,-2.32386121339783,29.8620321746617,.
64384,.,-2.32386121339783,29.8620321746617,.
64385,.,-2.32386121339783,29.8620321746617,.
64386,.,-1.91484650240183,29.6132657224788,.
64387,.,-1.91484650240183,29.6132657224788,.
64388,.,-1.91484650240183,29.6132657224788,.
64389,.,-2.71578531635233,29.5801058024233,.
64390,.,-2.71578531635233,29.5801058024233,.
64391,.,-2.71578531635233,29.5801058024233,.
64392,.,-2.71578531635233,29.5801058024233,.
64393,.,-2.32376036068627,29.8633448195842,.
64394,.,-2.32376036068627,29.8633448195842,.
64395,.,-2.32376036068627,29.8633448195842,.
64396,.,-2.32376036068627,29.8633448195842,.
64397,.,-2.32376036068627,29.8633448195842,.
64398,.,-2.47552399215962,29.805676200113,.
64399,.,-2.47552399215962,29.805676200113,.
64400,.,-2.47552399215962,29.805676200113,.
64401,.,-2.47552399215962,29.805676200113,.
64402,.,-2.47552399215962,29.805676200113,.
64403,.,-2.47560933825539,29.8056633612785,.
64404,.,-2.47560933825539,29.8056633612785,.
64405,.,-2.47560933825539,29.8056633612785,.
64406,.,-2.47560933825539,29.8056633612785,.
64407,.,-2.47560933825539,29.8056633612785,.
64408,.,-2.4859861,29.8310785,.
64409,.,-2.4859861,29.8310785,.
64410,.,-2.4859861,29.8310785,.
64411,.,-2.4859861,29.8310785,.
64412,.,-2.4859861,29.8310785,.
64413,.,-2.46363211358032,29.8075555109482,.
64414,.,-2.46363211358032,29.8075555109482,.
64415,.,-2.46363211358032,29.8075555109482,.
64416,.,-2.46363211358032,29.8075555109482,.
64417,.,-2.46363211358032,29.8075555109482,.
64418,.,-2.3236791381579,29.8657458653734,.
64419,.,-2.3236791381579,29.8657458653734,.
64420,.,-2.3236791381579,29.8657458653734,.
64421,.,-2.3236791381579,29.8657458653734,.
64422,.,-2.3236791381579,29.8657458653734,.
64423,.,-2.4855845,29.8329487,.
64424,.,-2.4855845,29.8329487,.
64425,.,-2.4855845,29.8329487,.
64426,.,-2.4855845,29.8329487,.
64427,.,-2.4855845,29.8329487,.
64428,.,-1.92661854064661,29.6387456249605,.
64429,.,-1.92661854064661,29.6387456249605,.
64430,.,-2.3289236438675,29.8700930911034,.
64431,.,-2.3289236438675,29.8700930911034,.
64432,.,-2.3289236438675,29.8700930911034,.
64433,.,-2.3289236438675,29.8700930911034,.
64434,.,-2.3289236438675,29.8700930911034,.
64435,.,-2.32065885277235,29.8675161250943,.
64436,.,-2.32065885277235,29.8675161250943,.
64437,.,-2.32065885277235,29.8675161250943,.
64438,.,-2.32065885277235,29.8675161250943,.
64439,.,-2.46363079211931,29.8074984846429,.
64440,.,-2.46363079211931,29.8074984846429,.
64441,.,-2.46363079211931,29.8074984846429,.
64442,.,-2.46363079211931,29.8074984846429,.
64443,.,-2.46363079211931,29.8074984846429,.
64444,.,-2.71248829238175,29.5790932024114,.
64445,.,-2.71248829238175,29.5790932024114,.
64446,.,-2.71248829238175,29.5790932024114,.
64447,.,-2.71248829238175,29.5790932024114,.
64448,.,-2.71231047057539,29.5786631070136,.
64449,.,-2.71231047057539,29.5786631070136,.
64450,.,-2.71231047057539,29.5786631070136,.
64451,.,-2.71231047057539,29.5786631070136,.
64452,.,-2.71231047057539,29.5786631070136,.
64453,.,-2.32643078017917,29.8660989224348,.
64454,.,-2.32643078017917,29.8660989224348,.
64455,.,-2.32643078017917,29.8660989224348,.
64456,.,-2.32643078017917,29.8660989224348,.
64457,.,-2.32643078017917,29.8660989224348,.
64458,.,-2.72535908216724,29.5701110913335,.
64459,.,-2.72535908216724,29.5701110913335,.
64460,.,-2.72535908216724,29.5701110913335,.
64461,.,-2.72535908216724,29.5701110913335,.
64462,.,-2.72535908216724,29.5701110913335,.
64463,.,-2.07054221713711,29.5622017762898,.
64464,.,-2.07054221713711,29.5622017762898,.
64465,.,-2.07054221713711,29.5622017762898,.
64466,.,-2.0566478,29.4007808,.
64467,.,-2.0566478,29.4007808,.
64468,.,-2.0566478,29.4007808,.
64469,.,-2.11568009526606,29.4748975276144,.
64470,.,-2.11568009526606,29.4748975276144,.
64471,.,-2.11568009526606,29.4748975276144,.
64472,.,-2.41625281739287,29.2112688706998,.
64473,.,-2.41625281739287,29.2112688706998,.
64474,.,-2.41625281739287,29.2112688706998,.
64475,.,-2.06386251782055,29.5531337817574,.
64476,.,-2.06386251782055,29.5531337817574,.
64477,.,-2.06386251782055,29.5531337817574,.
64478,.,-2.41894190266106,29.1945641667747,.
64479,.,-2.41894190266106,29.1945641667747,.
64480,.,-2.41894190266106,29.1945641667747,.
64481,.,-2.49830380969315,29.4929390663899,.
64482,.,-2.49830380969315,29.4929390663899,.
64483,.,-2.49830380969315,29.4929390663899,.
64484,.,-2.06420088231468,29.5531360077842,.
64485,.,-2.06420088231468,29.5531360077842,.
64486,.,-2.06420088231468,29.5531360077842,.
64487,.,-2.49927792879468,29.4923251450471,.
64488,.,-2.49927792879468,29.4923251450471,.
64489,.,-2.49927792879468,29.4923251450471,.
64490,.,-2.05335274297095,29.5343302435574,.
64491,.,-2.05335274297095,29.5343302435574,.
64492,.,-2.05335274297095,29.5343302435574,.
64493,.,-2.49900091045362,29.492832716119,.
64494,.,-2.49900091045362,29.492832716119,.
64495,.,-2.49900091045362,29.492832716119,.
64496,.,-2.41898402322263,29.1944517320017,.
64497,.,-2.41898402322263,29.1944517320017,.
64498,.,-2.41898402322263,29.1944517320017,.
64499,.,-2.07054272779796,29.5647009391339,.
64500,.,-2.07054272779796,29.5647009391339,.
64501,.,-2.11233771119028,29.4744480245428,.
64502,.,-2.11233771119028,29.4744480245428,.
64503,.,-2.11233771119028,29.4744480245428,.
64504,.,-2.13322078423476,29.4779201127216,.
64505,.,-2.13322078423476,29.4779201127216,.
64506,.,-2.13322078423476,29.4779201127216,.
64507,.,-2.43786593653129,29.1958952900934,.
64508,.,-2.43786593653129,29.1958952900934,.
64509,.,-2.43786593653129,29.1958952900934,.
64510,.,-2.13557364750317,29.4795150697818,.
64511,.,-2.13557364750317,29.4795150697818,.
64512,.,-2.4982931769814,29.4909865315524,.
64513,.,-2.4982931769814,29.4909865315524,.
64514,.,-2.49930805929956,29.4923374546751,.
64515,.,-2.49930805929956,29.4923374546751,.
64516,.,-2.49930805929956,29.4923374546751,.
64517,.,-2.06316528647102,29.5426977918212,.
64518,.,-2.06316528647102,29.5426977918212,.
64519,.,-2.06316528647102,29.5426977918212,.
64520,.,-2.12927323298646,29.4785344937351,.
64521,.,-2.12927323298646,29.4785344937351,.
64522,.,-2.12927323298646,29.4785344937351,.
64523,.,-2.06963724234882,29.5626199348716,.
64524,.,-2.06963724234882,29.5626199348716,.
64525,.,-2.06963724234882,29.5626199348716,.
64526,.,-2.11652647967147,29.475124359599,.
64527,.,-2.07274853146525,29.5619667594442,.
64528,.,-2.07274853146525,29.5619667594442,.
64529,.,-2.07274853146525,29.5619667594442,.
64530,.,-2.40702952697462,29.2025593870298,.
64531,.,-2.40702952697462,29.2025593870298,.
64532,.,-2.40702952697462,29.2025593870298,.
64533,.,-2.1179562677058,29.4766895137356,.
64534,.,-2.1179562677058,29.4766895137356,.
64535,.,-2.1179562677058,29.4766895137356,.
64536,.,-2.04423325905227,29.5200117227956,.
64537,.,-2.04423325905227,29.5200117227956,.
64538,.,-2.04423325905227,29.5200117227956,.
64539,.,-2.49870118193342,29.4930215724834,.
64540,.,-2.49870118193342,29.4930215724834,.
64541,.,-2.49870118193342,29.4930215724834,.
64542,.,-2.49930380223467,29.4922882798312,.
64543,.,-2.49930380223467,29.4922882798312,.
64544,.,-2.49930380223467,29.4922882798312,.
64545,.,-2.49937119942469,29.4925935127939,.
64546,.,-2.49937119942469,29.4925935127939,.
64547,.,-2.49937119942469,29.4925935127939,.
64548,.,-2.11902984855252,29.4763377439041,.
64549,.,-2.11902984855252,29.4763377439041,.
64550,.,-2.11902984855252,29.4763377439041,.
64551,.,-2.41640858656012,29.2118673213975,.
64552,.,-2.41640858656012,29.2118673213975,.
64553,.,-2.41640858656012,29.2118673213975,.
64554,.,-2.40852288194558,29.1960017206823,.
64555,.,-2.40852288194558,29.1960017206823,.
64556,.,-2.40852288194558,29.1960017206823,.
64557,.,-2.41899364979132,29.1935489307311,.
64558,.,-2.41899364979132,29.1935489307311,.
64559,.,-2.41899364979132,29.1935489307311,.
64560,.,-2.04187285036579,29.5398943197286,.
64561,.,-2.04187285036579,29.5398943197286,.
64562,.,-2.04187285036579,29.5398943197286,.
64563,.,-2.4324216534377,29.0223886974314,.
64564,.,-2.4324216534377,29.0223886974314,.
64565,.,-2.4324216534377,29.0223886974314,.
64566,.,-2.4324216534377,29.0223886974314,.
64567,.,-2.4324216534377,29.0223886974314,.
64568,.,-2.44297262779073,29.0192214547435,.
64569,.,-2.44297262779073,29.0192214547435,.
64570,.,-2.44297262779073,29.0192214547435,.
64571,.,-2.44297262779073,29.0192214547435,.
64572,.,-2.44297262779073,29.0192214547435,.
64573,.,-2.43835682183831,29.0207000999396,.
64574,.,-2.43835682183831,29.0207000999396,.
64575,.,-2.43835682183831,29.0207000999396,.
64576,.,-2.43835682183831,29.0207000999396,.
64577,.,-2.43835682183831,29.0207000999396,.
64578,.,-2.43520316570449,29.0272182467087,.
64579,.,-2.43520316570449,29.0272182467087,.
64580,.,-2.43520316570449,29.0272182467087,.
64581,.,-2.43520316570449,29.0272182467087,.
64582,.,-2.43520316570449,29.0272182467087,.
64583,.,-2.4437762963211,29.0178329780812,.
64584,.,-2.4437762963211,29.0178329780812,.
64585,.,-2.4437762963211,29.0178329780812,.
64586,.,-2.4437762963211,29.0178329780812,.
64587,.,-2.4437762963211,29.0178329780812,.
64588,.,-2.44287402803693,29.0154407136157,.
64589,.,-2.44287402803693,29.0154407136157,.
64590,.,-2.44287402803693,29.0154407136157,.
64591,.,-2.44287402803693,29.0154407136157,.
64592,.,-2.44287402803693,29.0154407136157,.
64593,.,-2.45567858050933,29.0140169690975,.
64594,.,-2.45567858050933,29.0140169690975,.
64595,.,-2.45567858050933,29.0140169690975,.
64596,.,-2.45567858050933,29.0140169690975,.
64597,.,-2.45567858050933,29.0140169690975,.
64598,.,-2.43564655095437,29.0222119884037,.
64599,.,-2.43564655095437,29.0222119884037,.
64600,.,-2.43564655095437,29.0222119884037,.
64601,.,-2.43564655095437,29.0222119884037,.
64602,.,-2.43564655095437,29.0222119884037,.
64603,.,-2.4440001,29.0294447,.
64604,.,-2.4440001,29.0294447,.
64605,.,-2.4440001,29.0294447,.
64606,.,-2.4440001,29.0294447,.
64607,.,-2.4440001,29.0294447,.
64608,.,-2.44116909559518,29.0172378020573,.
64609,.,-2.44116909559518,29.0172378020573,.
64610,.,-2.44116909559518,29.0172378020573,.
64611,.,-2.44116909559518,29.0172378020573,.
64612,.,-2.44116909559518,29.0172378020573,.
64613,.,-2.43542463312578,29.0210623890763,.
64614,.,-2.43542463312578,29.0210623890763,.
64615,.,-2.43542463312578,29.0210623890763,.
64616,.,-2.43467263584857,29.0258233910025,.
64617,.,-2.43467263584857,29.0258233910025,.
64618,.,-2.43467263584857,29.0258233910025,.
64619,.,-2.43467263584857,29.0258233910025,.
64620,.,-2.43467263584857,29.0258233910025,.
64621,.,-2.44052642441786,29.02999111631,.
64622,.,-2.44052642441786,29.02999111631,.
64623,.,-2.44052642441786,29.02999111631,.
64624,.,-2.44052642441786,29.02999111631,.
64625,.,-2.44052642441786,29.02999111631,.
64626,.,-2.43403493709846,29.0204902349447,.
64627,.,-2.43403493709846,29.0204902349447,.
64628,.,-2.43403493709846,29.0204902349447,.
64629,.,-2.43403493709846,29.0204902349447,.
64630,.,-2.43403493709846,29.0204902349447,.
64631,.,-2.4345610342206,29.0269047227833,.
64632,.,-2.4345610342206,29.0269047227833,.
64633,.,-2.4345610342206,29.0269047227833,.
64634,.,-2.4345610342206,29.0269047227833,.
64635,.,-2.4345610342206,29.0269047227833,.
64636,.,-2.43481420283492,29.0212185089818,.
64637,.,-2.43481420283492,29.0212185089818,.
64638,.,-2.43481420283492,29.0212185089818,.
64639,.,-2.44461191161633,29.0175320059075,.
64640,.,-2.44461191161633,29.0175320059075,.
64641,.,-2.44461191161633,29.0175320059075,.
64642,.,-2.44461191161633,29.0175320059075,.
64643,.,-2.44461191161633,29.0175320059075,.
64644,.,-2.45593947792919,29.0178905614274,.
64645,.,-2.45593947792919,29.0178905614274,.
64646,.,-2.45593947792919,29.0178905614274,.
64647,.,-2.45593947792919,29.0178905614274,.
64648,.,-2.45593947792919,29.0178905614274,.
64649,.,-2.43557904696158,29.0210305881748,.
64650,.,-2.43557904696158,29.0210305881748,.
64651,.,-2.43557904696158,29.0210305881748,.
64652,.,-2.43557904696158,29.0210305881748,.
64653,.,-2.43557904696158,29.0210305881748,.
64654,.,-2.02183787916206,30.3333440999759,.
64655,.,-2.02183787916206,30.3333440999759,.
64656,.,-2.02183787916206,30.3333440999759,.
64657,.,-2.02183787916206,30.3333440999759,.
64658,.,-2.02183787916206,30.3333440999759,.
64659,.,-2.07227616713858,30.5517375129823,.
64660,.,-2.07227616713858,30.5517375129823,.
64661,.,-2.07227616713858,30.5517375129823,.
64662,.,-2.07227616713858,30.5517375129823,.
64663,.,-2.07227616713858,30.5517375129823,.
64664,.,-2.02748347206879,30.3296842450082,.
64665,.,-2.02748347206879,30.3296842450082,.
64666,.,-2.02748347206879,30.3296842450082,.
64667,.,-2.02748347206879,30.3296842450082,.
64668,.,-2.02748347206879,30.3296842450082,.
64669,.,-2.07217452009371,30.551562843842,.
64670,.,-2.07217452009371,30.551562843842,.
64671,.,-2.07217452009371,30.551562843842,.
64672,.,-2.07217452009371,30.551562843842,.
64673,.,-2.07217452009371,30.551562843842,.
64674,.,-2.07104587664855,30.5564953114117,.
64675,.,-2.07104587664855,30.5564953114117,.
64676,.,-2.07104587664855,30.5564953114117,.
64677,.,-2.07104587664855,30.5564953114117,.
64678,.,-2.07104587664855,30.5564953114117,.
64679,.,-2.06105714459968,30.5390670651852,.
64680,.,-2.06105714459968,30.5390670651852,.
64681,.,-2.06105714459968,30.5390670651852,.
64682,.,-2.06105714459968,30.5390670651852,.
64683,.,-2.06105714459968,30.5390670651852,.
64684,.,-2.02209173368465,30.3315164780697,.
64685,.,-2.02209173368465,30.3315164780697,.
64686,.,-2.02209173368465,30.3315164780697,.
64687,.,-2.02209173368465,30.3315164780697,.
64688,.,-2.02209173368465,30.3315164780697,.
64689,.,-2.07123033501626,30.5529082116007,.
64690,.,-2.07123033501626,30.5529082116007,.
64691,.,-2.07123033501626,30.5529082116007,.
64692,.,-2.07123033501626,30.5529082116007,.
64693,.,-2.07123033501626,30.5529082116007,.
64694,.,-2.0239942006441,30.3308276740464,.
64695,.,-2.0239942006441,30.3308276740464,.
64696,.,-2.0239942006441,30.3308276740464,.
64697,.,-2.0239942006441,30.3308276740464,.
64698,.,-2.0239942006441,30.3308276740464,.
64699,.,-2.02265626851179,30.3401901839009,.
64700,.,-2.02265626851179,30.3401901839009,.
64701,.,-2.02265626851179,30.3401901839009,.
64702,.,-2.02265626851179,30.3401901839009,.
64703,.,-2.02265626851179,30.3401901839009,.
64704,.,-2.0275094604145,30.3297053432244,.
64705,.,-2.0275094604145,30.3297053432244,.
64706,.,-2.0275094604145,30.3297053432244,.
64707,.,-2.0275094604145,30.3297053432244,.
64708,.,-2.0275094604145,30.3297053432244,.
64709,.,-2.06979087740489,30.5545182848939,.
64710,.,-2.06979087740489,30.5545182848939,.
64711,.,-2.06979087740489,30.5545182848939,.
64712,.,-2.06979087740489,30.5545182848939,.
64713,.,-2.06979087740489,30.5545182848939,.
64714,.,-2.07040139593299,30.5537682538995,.
64715,.,-2.07040139593299,30.5537682538995,.
64716,.,-2.07040139593299,30.5537682538995,.
64717,.,-2.07040139593299,30.5537682538995,.
64718,.,-2.07040139593299,30.5537682538995,.
64719,.,-2.08489039508836,30.5446818117657,.
64720,.,-2.08489039508836,30.5446818117657,.
64721,.,-2.08489039508836,30.5446818117657,.
64722,.,-2.08489039508836,30.5446818117657,.
64723,.,-2.08489039508836,30.5446818117657,.
64724,.,-2.07222416663195,30.5519395174103,.
64725,.,-2.07222416663195,30.5519395174103,.
64726,.,-2.07222416663195,30.5519395174103,.
64727,.,-2.07222416663195,30.5519395174103,.
64728,.,-2.07222416663195,30.5519395174103,.
64729,.,-2.02191000754099,30.3333939254196,.
64730,.,-2.02191000754099,30.3333939254196,.
64731,.,-2.02191000754099,30.3333939254196,.
64732,.,-2.02191000754099,30.3333939254196,.
64733,.,-2.02191000754099,30.3333939254196,.
64734,.,-2.06414378216713,30.5546905102364,.
64735,.,-2.06414378216713,30.5546905102364,.
64736,.,-2.06414378216713,30.5546905102364,.
64737,.,-2.06414378216713,30.5546905102364,.
64738,.,-2.06414378216713,30.5546905102364,.
64739,.,-2.07520406269666,30.5528197536012,.
64740,.,-2.07520406269666,30.5528197536012,.
64741,.,-2.07520406269666,30.5528197536012,.
64742,.,-2.07520406269666,30.5528197536012,.
64743,.,-2.07520406269666,30.5528197536012,.
64744,.,-2.02216278381683,30.3314407076367,.
64745,.,-2.02216278381683,30.3314407076367,.
64746,.,-2.02216278381683,30.3314407076367,.
64747,.,-2.02216278381683,30.3314407076367,.
64748,.,-2.0201856143257,30.3388158419462,.
64749,.,-2.0201856143257,30.3388158419462,.
64750,.,-2.0201856143257,30.3388158419462,.
64751,.,-2.0201856143257,30.3388158419462,.
64752,.,-2.0201856143257,30.3388158419462,.
64753,.,-2.07867636281362,30.5536999605317,.
64754,.,-2.07867636281362,30.5536999605317,.
64755,.,-2.07867636281362,30.5536999605317,.
64756,.,-2.07867636281362,30.5536999605317,.
64757,.,-2.07867636281362,30.5536999605317,.
64758,.,-2.0762020939956,30.5539690716063,.
64759,.,-2.0762020939956,30.5539690716063,.
64760,.,-2.0762020939956,30.5539690716063,.
64761,.,-2.0762020939956,30.5539690716063,.
64762,.,-2.0762020939956,30.5539690716063,.
64763,.,-2.06236721375224,30.5546503456557,.
64764,.,-2.06236721375224,30.5546503456557,.
64765,.,-2.06236721375224,30.5546503456557,.
64766,.,-2.06236721375224,30.5546503456557,.
64767,.,-2.06236721375224,30.5546503456557,.
64768,.,-2.07672901085856,30.5539312049442,.
64769,.,-2.07672901085856,30.5539312049442,.
64770,.,-2.07672901085856,30.5539312049442,.
64771,.,-2.07672901085856,30.5539312049442,.
64772,.,-2.07672901085856,30.5539312049442,.
64773,.,-2.02546667023238,30.3386353050158,.
64774,.,-2.02546667023238,30.3386353050158,.
64775,.,-2.02546667023238,30.3386353050158,.
64776,.,-2.02546667023238,30.3386353050158,.
64777,.,-2.02546667023238,30.3386353050158,.
64778,.,-2.02087633110748,30.337610411582,.
64779,.,-2.02087633110748,30.337610411582,.
64780,.,-2.02087633110748,30.337610411582,.
64781,.,-2.02087633110748,30.337610411582,.
64782,.,-2.02087633110748,30.337610411582,.
64783,.,-1.54971975458593,30.358042649562,.
64784,.,-1.54971975458593,30.358042649562,.
64785,.,-1.54971975458593,30.358042649562,.
64786,.,-1.54971975458593,30.358042649562,.
64787,.,-1.54971975458593,30.358042649562,.
64788,.,-1.42798153865443,30.2980157747611,.
64789,.,-1.42798153865443,30.2980157747611,.
64790,.,-1.42798153865443,30.2980157747611,.
64791,.,-1.42798153865443,30.2980157747611,.
64792,.,-1.42798153865443,30.2980157747611,.
64793,.,-1.42792905158183,30.2980676046235,.
64794,.,-1.42792905158183,30.2980676046235,.
64795,.,-1.42792905158183,30.2980676046235,.
64796,.,-1.42792905158183,30.2980676046235,.
64797,.,-1.42792905158183,30.2980676046235,.
64798,.,-1.54974744228353,30.3580594339151,.
64799,.,-1.54974744228353,30.3580594339151,.
64800,.,-1.54974744228353,30.3580594339151,.
64801,.,-1.54974744228353,30.3580594339151,.
64802,.,-1.54974744228353,30.3580594339151,.
64803,.,-1.54971028710169,30.3580589400163,.
64804,.,-1.54971028710169,30.3580589400163,.
64805,.,-1.54971028710169,30.3580589400163,.
64806,.,-1.54971028710169,30.3580589400163,.
64807,.,-1.83205483834605,30.4656880850901,.
64808,.,-1.83205483834605,30.4656880850901,.
64809,.,-1.83205483834605,30.4656880850901,.
64810,.,-1.83205483834605,30.4656880850901,.
64811,.,-1.83205483834605,30.4656880850901,.
64812,.,-1.56644387410087,30.363783480874,.
64813,.,-1.56644387410087,30.363783480874,.
64814,.,-1.56644387410087,30.363783480874,.
64815,.,-1.56644387410087,30.363783480874,.
64816,.,-1.56644387410087,30.363783480874,.
64817,.,-1.54974030217998,30.3580802708951,.
64818,.,-1.54974030217998,30.3580802708951,.
64819,.,-1.54974030217998,30.3580802708951,.
64820,.,-1.54974030217998,30.3580802708951,.
64821,.,-1.54974030217998,30.3580802708951,.
64822,.,-1.54963992373483,30.3580669599932,.
64823,.,-1.54963992373483,30.3580669599932,.
64824,.,-1.54963992373483,30.3580669599932,.
64825,.,-1.54963992373483,30.3580669599932,.
64826,.,-1.54963992373483,30.3580669599932,.
64827,.,-1.54972105564616,30.3580493616638,.
64828,.,-1.54972105564616,30.3580493616638,.
64829,.,-1.54972105564616,30.3580493616638,.
64830,.,-1.54972105564616,30.3580493616638,.
64831,.,-1.54972105564616,30.3580493616638,.
64832,.,-1.83206516284902,30.4660083855812,.
64833,.,-1.83206516284902,30.4660083855812,.
64834,.,-1.83206516284902,30.4660083855812,.
64835,.,-1.83206516284902,30.4660083855812,.
64836,.,-1.83206516284902,30.4660083855812,.
64837,.,-1.83510540947897,30.4678290483167,.
64838,.,-1.83510540947897,30.4678290483167,.
64839,.,-1.83510540947897,30.4678290483167,.
64840,.,-1.83510540947897,30.4678290483167,.
64841,.,-1.83510540947897,30.4678290483167,.
64842,.,-1.83582180007451,30.4652931446363,.
64843,.,-1.83582180007451,30.4652931446363,.
64844,.,-1.83582180007451,30.4652931446363,.
64845,.,-1.83582180007451,30.4652931446363,.
64846,.,-1.83582180007451,30.4652931446363,.
64847,.,-1.83456852647686,30.4644113445975,.
64848,.,-1.83456852647686,30.4644113445975,.
64849,.,-1.83456852647686,30.4644113445975,.
64850,.,-1.83456852647686,30.4644113445975,.
64851,.,-1.83456852647686,30.4644113445975,.
64852,.,-1.83206927300775,30.4656900369143,.
64853,.,-1.83206927300775,30.4656900369143,.
64854,.,-1.83206927300775,30.4656900369143,.
64855,.,-1.83206927300775,30.4656900369143,.
64856,.,-1.83206927300775,30.4656900369143,.
64857,.,-1.83705156338247,30.46669368286,.
64858,.,-1.83705156338247,30.46669368286,.
64859,.,-1.83705156338247,30.46669368286,.
64860,.,-1.83705156338247,30.46669368286,.
64861,.,-1.83705156338247,30.46669368286,.
64862,.,-1.83048791331149,30.462333156233,.
64863,.,-1.83048791331149,30.462333156233,.
64864,.,-1.83048791331149,30.462333156233,.
64865,.,-1.83048791331149,30.462333156233,.
64866,.,-1.83048791331149,30.462333156233,.
64867,.,-1.83220588732614,30.4659173281768,.
64868,.,-1.83220588732614,30.4659173281768,.
64869,.,-1.83220588732614,30.4659173281768,.
64870,.,-1.83220588732614,30.4659173281768,.
64871,.,-1.83220588732614,30.4659173281768,.
64872,.,-1.42797780010855,30.2981110291849,.
64873,.,-1.42797780010855,30.2981110291849,.
64874,.,-1.42797780010855,30.2981110291849,.
64875,.,-1.42797780010855,30.2981110291849,.
64876,.,-1.42797780010855,30.2981110291849,.
64877,.,-1.83054889399469,30.4624207659543,.
64878,.,-1.83054889399469,30.4624207659543,.
64879,.,-1.83054889399469,30.4624207659543,.
64880,.,-1.83054889399469,30.4624207659543,.
64881,.,-1.83054889399469,30.4624207659543,.
64882,.,-1.83215609552202,30.4660837848491,.
64883,.,-1.83215609552202,30.4660837848491,.
64884,.,-1.83215609552202,30.4660837848491,.
64885,.,-1.83215609552202,30.4660837848491,.
64886,.,-1.83215609552202,30.4660837848491,.
64887,.,-1.5497631483703,30.3580342139578,.
64888,.,-1.5497631483703,30.3580342139578,.
64889,.,-1.5497631483703,30.3580342139578,.
64890,.,-1.5497631483703,30.3580342139578,.
64891,.,-1.5497631483703,30.3580342139578,.
64892,.,-1.5497066966539,30.3580723740955,.
64893,.,-1.5497066966539,30.3580723740955,.
64894,.,-1.5497066966539,30.3580723740955,.
64895,.,-1.5497066966539,30.3580723740955,.
64896,.,-1.5497066966539,30.3580723740955,.
64897,.,-1.4279367169212,30.2981218653038,.
64898,.,-1.4279367169212,30.2981218653038,.
64899,.,-1.4279367169212,30.2981218653038,.
64900,.,-1.4279367169212,30.2981218653038,.
64901,.,-1.4279367169212,30.2981218653038,.
64902,.,-1.54973431405546,30.3580165227734,.
64903,.,-1.54973431405546,30.3580165227734,.
64904,.,-1.54973431405546,30.3580165227734,.
64905,.,-1.54973431405546,30.3580165227734,.
64906,.,-1.54973431405546,30.3580165227734,.
64907,.,-1.54972490580297,30.3580765173364,.
64908,.,-1.54972490580297,30.3580765173364,.
64909,.,-1.54972490580297,30.3580765173364,.
64910,.,-1.54972490580297,30.3580765173364,.
64911,.,-1.54972490580297,30.3580765173364,.
64912,.,-1.4279587151308,30.2980218629235,.
64913,.,-1.4279587151308,30.2980218629235,.
64914,.,-1.4279587151308,30.2980218629235,.
64915,.,-1.4279587151308,30.2980218629235,.
64916,.,-1.4279587151308,30.2980218629235,.
64917,.,-1.83454942410169,30.4642180720019,.
64918,.,-1.83454942410169,30.4642180720019,.
64919,.,-1.83454942410169,30.4642180720019,.
64920,.,-1.83454942410169,30.4642180720019,.
64921,.,-1.83454942410169,30.4642180720019,.
64922,.,-1.83475677195961,30.464912348599,.
64923,.,-1.83475677195961,30.464912348599,.
64924,.,-1.83475677195961,30.464912348599,.
64925,.,-1.83475677195961,30.464912348599,.
64926,.,-1.83475677195961,30.464912348599,.
64927,.,-1.42989165715332,30.2976715430791,.
64928,.,-1.54974069850724,30.3580603917596,.
64929,.,-1.54974069850724,30.3580603917596,.
64930,.,-1.54974069850724,30.3580603917596,.
64931,.,-1.54974069850724,30.3580603917596,.
64932,.,-1.54974069850724,30.3580603917596,.
64933,.,-1.83203020621674,30.4661189245487,.
64934,.,-1.83203020621674,30.4661189245487,.
64935,.,-1.83203020621674,30.4661189245487,.
64936,.,-1.83203020621674,30.4661189245487,.
64937,.,-1.83203020621674,30.4661189245487,.
64938,.,-1.56475978895531,30.3645113654671,.
64939,.,-1.56475978895531,30.3645113654671,.
64940,.,-1.56475978895531,30.3645113654671,.
64941,.,-1.56475978895531,30.3645113654671,.
64942,.,-1.56475978895531,30.3645113654671,.
64943,.,-1.56102875429768,30.3646131814174,.
64944,.,-1.56102875429768,30.3646131814174,.
64945,.,-1.56102875429768,30.3646131814174,.
64946,.,-1.56102875429768,30.3646131814174,.
64947,.,-1.56102875429768,30.3646131814174,.
64948,.,-1.94927611882301,29.3834965654588,.
64949,.,-1.94927611882301,29.3834965654588,.
64950,.,-1.94927611882301,29.3834965654588,.
64951,.,-1.93061690677929,29.3978035070183,.
64952,.,-1.93061690677929,29.3978035070183,.
64953,.,-1.93061690677929,29.3978035070183,.
64954,.,-1.94320916369079,29.393606054835,.
64955,.,-1.94320916369079,29.393606054835,.
64956,.,-1.94320916369079,29.393606054835,.
64957,.,-2.1376995,29.3166401,.
64958,.,-2.1376995,29.3166401,.
64959,.,-2.1376995,29.3166401,.
64960,.,-2.1376995,29.3166401,.
64961,.,-2.36376455565009,29.0949359626208,.
64962,.,-2.36376455565009,29.0949359626208,.
64963,.,-2.36376455565009,29.0949359626208,.
64964,.,-2.36376455565009,29.0949359626208,.
64965,.,-2.36376455565009,29.0949359626208,.
64966,.,-2.14350810139727,29.3299824125404,.
64967,.,-2.14350810139727,29.3299824125404,.
64968,.,-2.14350810139727,29.3299824125404,.
64969,.,-2.14350810139727,29.3299824125404,.
64970,.,-2.14350810139727,29.3299824125404,.
64971,.,-1.94001019492866,29.3943128373498,.
64972,.,-1.94001019492866,29.3943128373498,.
64973,.,-1.94001019492866,29.3943128373498,.
64974,.,-1.94838782424853,29.3974227727646,.
64975,.,-1.94838782424853,29.3974227727646,.
64976,.,-1.94838782424853,29.3974227727646,.
64977,.,-1.95073842199228,29.3929074112354,.
64978,.,-1.95073842199228,29.3929074112354,.
64979,.,-1.95073842199228,29.3929074112354,.
64980,.,-2.14404935891174,29.3278358159152,.
64981,.,-2.14404935891174,29.3278358159152,.
64982,.,-2.14404935891174,29.3278358159152,.
64983,.,-2.14404935891174,29.3278358159152,.
64984,.,-2.14404935891174,29.3278358159152,.
64985,.,-2.13184934299694,29.310356502741,.
64986,.,-2.1366308,29.3161864,.
64987,.,-2.1366308,29.3161864,.
64988,.,-2.1366308,29.3161864,.
64989,.,-2.1366308,29.3161864,.
64990,.,-2.1366308,29.3161864,.
64991,.,-2.1378381,29.3164586,.
64992,.,-2.1378381,29.3164586,.
64993,.,-2.1378381,29.3164586,.
64994,.,-2.1378381,29.3164586,.
64995,.,-2.1378381,29.3164586,.
64996,.,-1.94643811264224,29.390652913438,.
64997,.,-1.94643811264224,29.390652913438,.
64998,.,-1.94643811264224,29.390652913438,.
64999,.,-1.94409182798613,29.3902908581493,.
65000,.,-1.94409182798613,29.3902908581493,.
65001,.,-1.94409182798613,29.3902908581493,.
65002,.,-2.36011598041479,29.0842113992493,.
65003,.,-2.36011598041479,29.0842113992493,.
65004,.,-2.36011598041479,29.0842113992493,.
65005,.,-2.36011598041479,29.0842113992493,.
65006,.,-2.36011598041479,29.0842113992493,.
65007,.,-2.36395479147332,29.0950382806144,.
65008,.,-2.36395479147332,29.0950382806144,.
65009,.,-2.36395479147332,29.0950382806144,.
65010,.,-2.36395479147332,29.0950382806144,.
65011,.,-2.36395479147332,29.0950382806144,.
65012,.,-1.94505191540982,29.394975058401,.
65013,.,-1.94505191540982,29.394975058401,.
65014,.,-1.94505191540982,29.394975058401,.
65015,.,-2.3563562616962,29.0828245546661,.
65016,.,-2.3563562616962,29.0828245546661,.
65017,.,-2.3563562616962,29.0828245546661,.
65018,.,-2.3563562616962,29.0828245546661,.
65019,.,-2.3563562616962,29.0828245546661,.
65020,.,-2.3564425663588,29.082745633572,.
65021,.,-2.3564425663588,29.082745633572,.
65022,.,-2.3564425663588,29.082745633572,.
65023,.,-2.3564425663588,29.082745633572,.
65024,.,-2.3564425663588,29.082745633572,.
65025,.,-2.1376995,29.3166401,.
65026,.,-2.1376995,29.3166401,.
65027,.,-2.1376995,29.3166401,.
65028,.,-2.1376995,29.3166401,.
65029,.,-2.1376995,29.3166401,.
65030,.,-1.94951703722324,29.3827935128447,.
65031,.,-1.94951703722324,29.3827935128447,.
65032,.,-1.94951703722324,29.3827935128447,.
65033,.,-1.94318843406624,29.3935887447018,.
65034,.,-1.94318843406624,29.3935887447018,.
65035,.,-1.94318843406624,29.3935887447018,.
65036,.,-2.11610025478081,29.3127819525471,.
65037,.,-2.11610025478081,29.3127819525471,.
65038,.,-2.11610025478081,29.3127819525471,.
65039,.,-2.11610025478081,29.3127819525471,.
65040,.,-2.11610025478081,29.3127819525471,.
65041,.,-2.36454877551263,29.0915808339494,.
65042,.,-2.36454877551263,29.0915808339494,.
65043,.,-2.36454877551263,29.0915808339494,.
65044,.,-2.36454877551263,29.0915808339494,.
65045,.,-2.36454877551263,29.0915808339494,.
65046,.,-1.93000299656928,29.3960807588333,.
65047,.,-1.93000299656928,29.3960807588333,.
65048,.,-1.93000299656928,29.3960807588333,.
65049,.,-2.36452115281622,29.0915908136784,.
65050,.,-2.36452115281622,29.0915908136784,.
65051,.,-2.36452115281622,29.0915908136784,.
65052,.,-2.36452115281622,29.0915908136784,.
65053,.,-2.36452115281622,29.0915908136784,.
65054,.,-1.94938899642955,29.3830890222152,.
65055,.,-1.94938899642955,29.3830890222152,.
65056,.,-2.35521708253886,29.0823191594213,.
65057,.,-2.35521708253886,29.0823191594213,.
65058,.,-2.35521708253886,29.0823191594213,.
65059,.,-2.35521708253886,29.0823191594213,.
65060,.,-2.35521708253886,29.0823191594213,.
65061,.,-1.94025538214522,29.3939936452495,.
65062,.,-1.94025538214522,29.3939936452495,.
65063,.,-1.94025538214522,29.3939936452495,.
65064,.,-2.11416996720332,29.3102997780801,.
65065,.,-2.11416996720332,29.3102997780801,.
65066,.,-2.11416996720332,29.3102997780801,.
65067,.,-2.11416996720332,29.3102997780801,.
65068,.,-2.11416996720332,29.3102997780801,.
65069,.,-2.53943666666666,29.8657583333333,.
65070,.,-2.53943666666666,29.8657583333333,.
65071,.,-2.53943666666666,29.8657583333333,.
65072,.,-2.53943666666666,29.8657583333333,.
65073,.,-2.53943666666666,29.8657583333333,.
65074,.,-2.52036,29.87895,.
65075,.,-2.52036,29.87895,.
65076,.,-2.52036,29.87895,.
65077,.,-2.52036,29.87895,.
65078,.,-2.52036,29.87895,.
65079,.,-2.51614,29.8790016666666,.
65080,.,-2.51614,29.8790016666666,.
65081,.,-2.51614,29.8790016666666,.
65082,.,-2.51614,29.8790016666666,.
65083,.,-2.51614,29.8790016666666,.
65084,.,-2.53258333333333,29.872585,.
65085,.,-2.53258333333333,29.872585,.
65086,.,-2.53258333333333,29.872585,.
65087,.,-2.53258333333333,29.872585,.
65088,.,-2.52923666666666,29.8728783333333,.
65089,.,-2.52923666666666,29.8728783333333,.
65090,.,-2.52923666666666,29.8728783333333,.
65091,.,-2.52923666666666,29.8728783333333,.
65092,.,-2.52923666666666,29.8728783333333,.
65093,.,-2.50633833333333,29.878785,.
65094,.,-2.50633833333333,29.878785,.
65095,.,-2.50633833333333,29.878785,.
65096,.,-2.50633833333333,29.878785,.
65097,.,-2.50633833333333,29.878785,.
65098,.,-2.528415,29.8736,.
65099,.,-2.528415,29.8736,.
65100,.,-2.528415,29.8736,.
65101,.,-2.528415,29.8736,.
65102,.,-2.528415,29.8736,.
65103,.,-2.51151833333333,29.8805566666666,.
65104,.,-2.51151833333333,29.8805566666666,.
65105,.,-2.51151833333333,29.8805566666666,.
65106,.,-2.51151833333333,29.8805566666666,.
65107,.,-2.51151833333333,29.8805566666666,.
65108,.,-2.51072666666666,29.87216,.
65109,.,-2.51072666666666,29.87216,.
65110,.,-2.51072666666666,29.87216,.
65111,.,-2.51072666666666,29.87216,.
65112,.,-2.51072666666666,29.87216,.
65113,.,-2.51929833333333,29.88035,.
65114,.,-2.51929833333333,29.88035,.
65115,.,-2.51929833333333,29.88035,.
65116,.,-2.51929833333333,29.88035,.
65117,.,-2.51929833333333,29.88035,.
65118,.,-2.51717166666666,29.879765,.
65119,.,-2.51717166666666,29.879765,.
65120,.,-2.51717166666666,29.879765,.
65121,.,-2.51717166666666,29.879765,.
65122,.,-2.51717166666666,29.879765,.
65123,.,-2.511845,29.8806816666666,.
65124,.,-2.511845,29.8806816666666,.
65125,.,-2.511845,29.8806816666666,.
65126,.,-2.511845,29.8806816666666,.
65127,.,-2.511845,29.8806816666666,.
65128,.,-2.505235,29.874295,.
65129,.,-2.505235,29.874295,.
65130,.,-2.505235,29.874295,.
65131,.,-2.505235,29.874295,.
65132,.,-2.505235,29.874295,.
65133,.,-2.51374833333333,29.873405,.
65134,.,-2.51374833333333,29.873405,.
65135,.,-2.51374833333333,29.873405,.
65136,.,-2.51374833333333,29.873405,.
65137,.,-2.51374833333333,29.873405,.
65138,.,-2.52988666666666,29.8724983333333,.
65139,.,-2.52988666666666,29.8724983333333,.
65140,.,-2.52988666666666,29.8724983333333,.
65141,.,-2.52988666666666,29.8724983333333,.
65142,.,-2.52988666666666,29.8724983333333,.
65143,.,-2.51614166666666,29.8798233333333,.
65144,.,-2.51614166666666,29.8798233333333,.
65145,.,-2.51614166666666,29.8798233333333,.
65146,.,-2.51564166666666,29.87886,.
65147,.,-2.51564166666666,29.87886,.
65148,.,-2.51564166666666,29.87886,.
65149,.,-2.51564166666666,29.87886,.
65150,.,-2.51564166666666,29.87886,.
65151,.,-2.503815,29.8764383333333,.
65152,.,-2.503815,29.8764383333333,.
65153,.,-2.503815,29.8764383333333,.
65154,.,-2.503815,29.8764383333333,.
65155,.,-2.503815,29.8764383333333,.
65156,.,-2.53962333333333,29.8657716666666,.
65157,.,-2.53962333333333,29.8657716666666,.
65158,.,-2.53962333333333,29.8657716666666,.
65159,.,-2.53962333333333,29.8657716666666,.
65160,.,-2.53962333333333,29.8657716666666,.
65161,.,-2.51952333333333,29.87191,.
65162,.,-2.51952333333333,29.87191,.
65163,.,-2.51952333333333,29.87191,.
65164,.,-2.51952333333333,29.87191,.
65165,.,-2.51952333333333,29.87191,.
65166,.,-2.53915666666666,29.8617899999999,.
65167,.,-2.53915666666666,29.8617899999999,.
65168,.,-2.53915666666666,29.8617899999999,.
65169,.,-2.53915666666666,29.8617899999999,.
65170,.,-2.53915666666666,29.8617899999999,.
65171,.,-2.50566333333333,29.8772383333333,.
65172,.,-2.50566333333333,29.8772383333333,.
65173,.,-2.50566333333333,29.8772383333333,.
65174,.,-2.50566333333333,29.8772383333333,.
65175,.,-2.50566333333333,29.8772383333333,.
65176,.,-2.51352,29.879935,.
65177,.,-2.51352,29.879935,.
65178,.,-2.51352,29.879935,.
65179,.,-2.51352,29.879935,.
65180,.,-2.51352,29.879935,.
65181,.,-2.52051666666666,29.8747216666666,.
65182,.,-2.52051666666666,29.8747216666666,.
65183,.,-2.52051666666666,29.8747216666666,.
65184,.,-2.52051666666666,29.8747216666666,.
65185,.,-2.52051666666666,29.8747216666666,.
83830,.,0.0891162674170698,34.2842068906199,.
83831,.,0.122970957235139,34.3124569059344,.
83832,.,0.113512527034297,34.2859428767531,.
83833,.,0.0891784410427368,34.2842983724816,.
83834,.,0.0988047685350663,34.2852418507049,.
83835,.,0.127617658281259,34.314285346558,.
83836,.,0.107399227282587,34.2887405935346,.
83837,.,0.098638871676037,34.2977965572983,.
83838,.,0.129370782165516,34.3143348926338,.
83839,.,0.114288128921177,34.2885038392552,.
83840,.,0.109499350568279,34.2872312567673,.
83841,.,0.0897971836074853,34.2961639441853,.
83842,.,0.145864398871394,34.2786715495535,.
83843,.,0.126154239865874,34.2564696671968,.
83844,.,0.145337069301875,34.256698067889,.
83845,.,0.12510230150207,34.2566035632735,.
83846,.,0.146637194860844,34.277807863513,.
83847,.,0.0934781794645527,34.2611760369001,.
83848,.,0.111534513267199,34.2539701202753,.
83849,.,0.111990117954397,34.2552457556205,.
83850,.,0.0924702488744311,34.2580293461988,.
83851,.,0.0997019030636515,34.250371571171,.
83852,.,0.145420149084674,34.2779044414744,.
83853,.,0.100249528542965,34.2493588696974,.
83854,.,0.14577529443089,34.2585831437532,.
83855,.,0.050276,34.3781918,.
83856,.,0.0527197,34.3770076,.
83857,.,0.0476974,34.3928178,.
83858,.,0.0525901,34.3775019,.
83859,.,0.0428995752013291,34.3484925769287,.
83860,.,0.0637575140246846,34.3710644444698,.
83861,.,0.04154648182527,34.3489585980513,.
83862,.,0.0649619934095201,34.3700976107731,.
83863,.,-0.0539896010643304,34.1933412576935,.
83864,.,-0.0363777482230728,34.1887214484957,.
83865,.,-0.0456770791246471,34.2213791900808,.
83866,.,-0.0468808615458093,34.2196697650268,.
83867,.,-0.0337473909663621,34.2085046327335,.
83868,.,-0.0523889349646663,34.1921844694795,.
83869,.,-0.0537966478635262,34.2029420550945,.
83870,.,-0.0202538847147473,34.2077947936967,.
83871,.,-0.0537561447422213,34.1929655256556,.
83872,.,-0.0571242076538075,34.207278853312,.
83873,.,-0.0486165880444607,34.2224056082942,.
83874,.,-0.0356941610705029,34.2173537474147,.
83875,.,-0.0529363737897324,34.2004735257128,.
83876,.,-0.116799319161494,34.2786140781522,.
83877,.,-0.0357303341626722,34.2103277202247,.
83878,.,-0.0498585844433522,34.2093208149405,.
83879,.,-0.0241806719494964,34.1953327932774,.
83880,.,-0.0370803478139172,34.2142710392357,.
83881,.,-0.0204493900591752,34.2078730310153,.
83882,.,-0.0424468324382327,34.2046644300091,.
83883,.,-0.0507030461028651,34.1957637357713,.
83884,.,-0.0478075137222485,34.2093169136022,.
83885,.,-0.0375458993966134,34.1853473423727,.
83886,.,-0.0867714915515633,34.2053162346081,.
83887,.,-0.0413232781686882,34.1951070630432,.
83888,.,-0.117254326755549,34.2770704533407,.
83889,.,-0.0867430930410265,34.2064907859207,.
83890,.,-0.0430749406414163,34.2020768407418,.
83891,.,-0.0470501790796301,34.2200723714823,.
83892,.,-0.116728392755069,34.2789645816781,.
83893,.,-0.0376523797135778,34.2093147189225,.
83894,.,-0.0375458993966134,34.1853473423727,.
83895,.,-0.0583943663704886,34.2057507127774,.
83896,.,-0.0466781729287773,34.2207180610834,.
83897,.,-0.0564156557697069,34.1987148921411,.
83898,.,-0.0529671482622912,34.2046965784364,.
83899,.,-0.0466334943483671,34.2079137258597,.
83900,.,-0.0484392961629245,34.2229711808863,.
83901,.,-0.0300948135734435,34.2101003130296,.
83902,.,-0.0479760874628731,34.2066266712221,.
83903,.,-0.0530662450919673,34.1927416461984,.
83904,.,0.0743238,34.5635656,.
83905,.,0.0384451,34.4481269,.
83906,.,0.0416853,34.4696892,.
83907,.,0.0397613,34.4594345,.
83908,.,0.0465657,34.451362,.
83909,.,0.040177,34.4604377,.
83910,.,0.0478821,34.4575167,.
83911,.,0.0384364,34.448168,.
83912,.,0.0472346,34.4575556,.
83913,.,0.0478394,34.4573706,.
83914,.,0.0463225,34.4521313,.
83915,.,0.0396835,34.4594705,.
83916,.,0.0377571,34.4483033,.
83917,.,0.0468528,34.4512142,.
83918,.,0.0399091,34.4689197,.
83919,.,0.0465356,34.4513353,.
83920,.,-0.0392158178265202,34.4911307484299,.
83921,.,-0.0369788933522404,34.4896119870315,.
83922,.,-0.0287324850677,34.4708179565979,.
83923,.,-0.0511257081441312,34.4967682493268,.
83924,.,-0.0371752386774287,34.4961811936652,.
83925,.,-0.0192065883108786,34.4788177196129,.
83926,.,-0.0571072146246037,34.4928448650451,.
83927,.,-0.0418407014028698,34.4881128043479,.
83928,.,-0.0155800725303817,34.450833084616,.
83929,.,-0.047989371341122,34.488892755649,.
83930,.,-0.0416478821461345,34.4880362019468,.
83931,.,-0.0478814437780537,34.488814822275,.
83932,.,-0.0287324850677,34.4708179565979,.
83933,.,-0.0351745524828806,34.5049683857298,.
83934,.,-0.0269874607795118,34.4731217442103,.
83935,.,-0.0463714350934599,34.4898758960644,.
83936,.,-0.0484844352819814,34.4885520600038,.
83937,.,-0.0468642501883559,34.4918998559786,.
83938,.,0.0572453,34.3918786,.
83939,.,0.0139238,34.3716842,.
83940,.,0.0505321,34.3893558,.
83941,.,0.0563014,34.4313481,.
83942,.,0.018228,34.3682663,.
83943,.,0.012167,34.3672248,.
83944,.,0.0148746,34.3742378,.
83945,.,0.056402,34.4308762,.
83946,.,0.0506721,34.3891283,.
83947,.,0.0154642,34.375186,.
83948,.,0.049066,34.3843182,.
83949,.,0.0162889,34.3742009,.
83950,.,0.0173971,34.3684597,.
83951,.,0.068255,34.4105751,.
83952,.,0.0572604,34.3918338,.
83953,.,0.0908457,34.5359662,.
83954,.,0.0908457,34.5359662,.
83955,.,0.0587359847996457,34.3592590687222,.
83956,.,0.0374135363441747,34.360808189225,.
83957,.,0.0509696639322324,34.3560100470962,.
83958,.,0.0355308116326141,34.3542851860319,.
83959,.,0.0376939641740039,34.3602413706597,.
83960,.,0.0356817560317141,34.3509580382393,.
83961,.,0.0356200063308925,34.3534911005612,.
83962,.,-0.0357579,34.1301196,.
83963,.,-0.0636366,34.1067543,.
83964,.,-0.0698436,34.0724687,.
83965,.,-0.028809,34.1413163,.
83966,.,0.0819773,34.494988,.
83967,.,-0.0095965,34.1427458,.
83968,.,-0.0673897,34.0741931,.
83969,.,-0.0071235,34.1335199,.
83970,.,-0.0085299,34.1432009,.
83971,.,-0.0040732,34.1413793,.
83972,.,-0.0051811,34.1253185,.
83973,.,-0.0412582,34.1679979,.
83974,.,-0.0051434,34.1334557,.
83975,.,-0.0206518,34.1502567,.
83976,.,-0.0040911,34.1321179,.
83977,.,0.0821104,34.4950391,.
83978,.,-0.0640971,34.0669563,.
83979,.,-0.0014442,34.1289343,.
83980,.,-0.0357426,34.1300993,.
83981,.,-0.0050977,34.1254085,.
83982,.,-0.0040714,34.1414798,.
83983,.,-0.0053492,34.1329392,.
83984,.,-0.0412313,34.1261157,.
83985,.,-0.0351475,34.1269679,.
83986,.,-0.0633586,34.0660454,.
83987,.,-0.0108214,34.1360913,.
83988,.,-0.0200104,34.1503598,.
83989,.,-0.0698504,34.0724738,.
83990,.,-0.0552854,34.0806951,.
83991,.,-0.0552867,34.0794634,.
83992,.,-0.0629398,34.1081104,.
83993,.,-0.0636016,34.0753053,.
83994,.,-0.0085138,34.1431452,.
83995,.,-0.0038873,34.1321592,.
83996,.,-0.0639605,34.0670968,.
83997,.,-0.063607,34.1067457,.
83998,.,-0.0577187,34.0806862,.
83999,.,-0.030545,34.1420224,.
84000,.,-0.064953,34.075441,.
84001,.,-0.0406426,34.1633355,.
84002,.,-0.0552867,34.0794634,.
84003,.,-0.0129407,34.1364809,.
84004,.,-0.0399433,34.1687448,.
84005,.,-0.0021323,34.1295255,.
84006,.,-0.0345156,34.1275679,.
84007,.,-0.0374668,34.1306088,.
84008,.,-0.0577695,34.0806909,.
84009,.,-0.0200104,34.1503598,.
84010,.,-0.0344851,34.127582,.
84011,.,-0.0061625,34.1328471,.
84012,.,-0.010969,34.1362223,.
84013,.,-0.029803,34.1432054,.
84014,.,-0.0046995,34.1251755,.
84015,.,-0.0286586489351432,34.4425641795967,.
84016,.,-0.0256267088731728,34.4192813730872,.
84017,.,-0.0021042860867788,34.4598611402196,.
84018,.,-0.033334692183878,34.4346807893103,.
84019,.,-0.0271591953221273,34.4216430147847,.
84020,.,-0.031337899968451,34.4400655206976,.
84021,.,-0.0021501502769604,34.460097766058,.
84022,.,-0.02580547402179,34.4187623708954,.
84023,.,-0.0206095331062544,34.4160981140554,.
84024,.,-0.0255022237750656,34.4185264052821,.
84025,.,-0.0330861519383189,34.4347458865775,.
84026,.,-0.0215535605871475,34.4119898073849,.
84027,.,-0.0215192372855534,34.4137718782936,.
84028,.,-0.025843806661348,34.4169344203484,.
84029,.,-0.0267756294908672,34.4223188255353,.
84030,.,-0.0235109930076919,34.4129301177616,.
84031,.,-0.0329661511198329,34.4338823090308,.
84032,.,0.0412125,34.4022281,.
84033,.,0.0410323,34.4017053,.
84034,.,0.0492038,34.412683,.
84035,.,0.0390527,34.3934586,.
84036,.,0.0410323,34.4017053,.
84037,.,0.0434207,34.4005449,.
84038,.,0.0437191,34.4007129,.
84039,.,0.0346064,34.4124311,.
84040,.,0.0367595,34.3927756,.
84041,.,0.0353808,34.410465,.
84042,.,0.0434207,34.4005449,.
84043,.,0.050085,34.4115868,.
84044,.,0.0195134741809162,34.4500046772774,.
84045,.,-0.018982960659153,34.4179415051982,.
84046,.,0.0244191491212489,34.4401872563056,.
84047,.,0.0193100295043571,34.4496134255351,.
84048,.,-0.0193197790094834,34.4179364550484,.
84049,.,-0.0209370934754925,34.4123942077769,.
84050,.,0.033819410664711,34.4372810597962,.
84051,.,0.0244388210999386,34.4401642235744,.
84052,.,-0.0201157638600679,34.4183120724011,.
84053,.,0.0127015181094147,34.4199678258534,.
84054,.,-0.0602727,34.4262371,.
84055,.,0.0337774341143617,34.4373347650254,.
84056,.,0.0197485337991589,34.448603297259,.
84057,.,0.0311500596964765,34.4382178633589,.
84058,.,0.0084708733672739,34.4218665577004,.
84059,.,-0.0281490430752011,34.4115741585258,.
84060,.,-0.0282150225675649,34.4115882538882,.
84061,.,-0.0179718107145575,34.4119458993691,.
84062,.,0.004023787206671,34.4248323164941,.
84063,.,-0.02705,34.4397546,.
84064,.,0.0384712068799885,34.4238422071774,.
84065,.,0.0368116173800336,34.4291083929737,.
84066,.,0.0556284,34.4117725,.
84067,.,0.0204506533100963,34.4050338819643,.
84068,.,0.0083576692785359,34.4212252758627,.
84069,.,0.0406432,34.4143968,.
84070,.,0.0192102705691858,34.4061708075379,.
84071,.,0.045066,34.4155988,.
84072,.,0.0446628,34.4159033,.
84073,.,0.0497167705507006,34.4309203385809,.
84074,.,0.0538228,34.4134438,.
84075,.,0.050636,34.4296844,.
84076,.,0.0491289240766018,34.4316769065681,.
84077,.,0.0395713,34.4140765,.
84078,.,0.0083576692785359,34.4212252758627,.
84079,.,0.0410737,34.4363046,.
84080,.,0.0428831,34.4370321,.
84081,.,0.0192191609305628,34.4062482697083,.
84082,.,0.0092366464815674,34.4214527570892,.
84083,.,0.0091796994267074,34.4229216096549,.
84084,.,-0.777846451765521,34.3607911486418,.
84085,.,-0.9175156,34.4849129,.
84086,.,-0.938476198898475,34.4718322873295,.
84087,.,-0.942927928780258,34.5036824982018,.
84088,.,-0.9174429,34.4850664,.
84089,.,-0.932337167009929,34.4913027779748,.
84090,.,-0.9195393,34.4854779,.
84091,.,-0.938389219418718,34.4708732542075,.
84092,.,-0.894209394166178,34.5683692785928,.
84093,.,-0.880165486065513,34.5764356670752,.
84094,.,-0.907813647700688,34.5880401346254,.
84095,.,-0.893915942622924,34.5683433782604,.
84096,.,-0.907635051413305,34.5858258947992,.
84097,.,-0.877498146850189,34.5748399861502,.
84098,.,-0.87892690628091,34.5750437388526,.
84099,.,-0.893843223581028,34.5672300494959,.
84100,.,-0.941271626434277,34.3975702560414,.
84101,.,-0.952071208309896,34.395744797687,.
84102,.,-0.95440204797631,34.396964469513,.
84103,.,-0.941271626434277,34.3975702560414,.
84104,.,-0.955210447855225,34.3916953481523,.
84105,.,-0.92235147268323,34.3455619846255,.
84106,.,-0.927873039563352,34.3387494894159,.
84107,.,-0.927864506456636,34.3416890697504,.
84108,.,-0.942348956961155,34.3979905628619,.
84109,.,-0.9808034,34.5147814,.
84110,.,-0.9921116,34.5437679,.
84111,.,-0.9908621,34.5436643,.
84112,.,-0.9788207,34.5069227,.
84113,.,-0.9823956,34.5106534,.
84114,.,-0.9823761,34.5106409,.
84115,.,-0.9930301,34.543234,.
84116,.,-0.9540533,34.5236314,.
84117,.,-0.980478,34.5153292,.
84118,.,-0.9539609,34.5227377,.
84119,.,-0.9556518,34.5212935,.
84120,.,-0.873256500111092,34.5453376308932,.
84121,.,-0.872792252815183,34.5428369893131,.
84122,.,-0.844772712852423,34.5536237573053,.
84123,.,-0.844807659052275,34.5539225661172,.
84124,.,-0.873459581638151,34.5452707301453,.
84125,.,-0.843974518194086,34.5523964218298,.
84126,.,-0.99368380363035,34.608995185182,.
84127,.,-0.993756533303514,34.6089111487152,.
84128,.,-0.995876087924486,34.6076646766663,.
84129,.,-0.999123624790997,34.6188561996442,.
84130,.,-0.739345895464048,34.3096072357173,.
84131,.,-0.738095862436873,34.308026569896,.
84132,.,-0.775597906382725,34.3622789907647,.
84133,.,-0.766043717445733,34.3550025155305,.
84134,.,-0.775921426231139,34.3616596275995,.
84135,.,-0.762738102747382,34.3497489189894,.
84136,.,-0.77542734784533,34.3622441022072,.
84137,.,-0.739576112282657,34.3094560088826,.
84138,.,-1.03929735705381,34.589629577178,.
84139,.,-1.01126789312418,34.5750330246583,.
84140,.,-1.01762851755802,34.5780655314646,.
84141,.,-1.01127314703014,34.5768019473296,.
84142,.,-1.01736650377047,34.5789388831989,.
84143,.,-1.03663894554278,34.5895649508758,.
84144,.,-1.01649970344311,34.5798433844186,.
84145,.,-0.971609767064985,34.363262247151,.
84146,.,-0.975807294193119,34.3924816187073,.
84147,.,-0.971039784335146,34.3634991510755,.
84148,.,-0.976257268199275,34.3930080744949,.
84149,.,-0.972949114828836,34.3634392569468,.
84150,.,-0.971426064328752,34.3639730680747,.
84151,.,-0.963660749409645,34.3734757495796,.
84152,.,-0.8142744,34.368092,.
84153,.,-0.788752,34.3589104,.
84154,.,-0.7875397,34.358372,.
84155,.,-0.814692,34.3679573,.
84156,.,-0.9795173,34.5354101,.
84157,.,-1.0189369,34.5550195,.
84158,.,-1.0188494,34.5538981,.
84159,.,-1.0173035,34.5565195,.
84160,.,-1.0091286,34.5501318,.
84161,.,-1.0167442,34.5553759,.
84162,.,-1.0165632,34.5567445,.
84163,.,-1.0082196,34.5518502,.
84164,.,-1.018716,34.5539327,.
84165,.,-0.97962,34.5362978,.
84166,.,-0.93430538859522,34.5292740428719,.
84167,.,-0.934396603045167,34.5291599219898,.
84168,.,-0.934441257279602,34.529657058864,.
84169,.,-0.934409109528624,34.5295178090412,.
84170,.,-0.977528793383984,34.5454886099708,.
84171,.,-0.956163887093809,34.5576046895308,.
84172,.,-0.8859848,34.5521503,.
84173,.,-0.8841578,34.5500196,.
84174,.,-0.8895496,34.5519655,.
84175,.,-0.8896009,34.55189,.
84176,.,-0.8849522,34.549558,.
84177,.,-0.8886969,34.5508399,.
84178,.,-0.915808385719509,34.5574850173741,.
84179,.,-0.924122549333527,34.5596076708212,.
84180,.,-0.924803465846185,34.5606013555631,.
84181,.,-0.925795190075958,34.5635871743594,.
84182,.,-0.9549394,34.5795025,.
84183,.,-0.9253951,34.6053381,.
84184,.,-0.9252522,34.6056047,.
84185,.,-0.9528629,34.5778001,.
84186,.,-0.940267,34.5691169,.
84187,.,0.573205734336146,35.3988879289695,.
84188,.,0.535232519196242,35.4173281341256,.
84189,.,0.534591250798267,35.4146454953259,.
84190,.,0.575776547526724,34.9296067903081,.
84191,.,0.536958684513709,34.9952998629246,.
84192,.,0.578489571169956,34.9060957309799,.
84193,.,0.554578593757197,34.9490265796381,.
84194,.,0.575776547526724,34.9296067903081,.
84195,.,0.57737040114793,34.9067998387716,.
84196,.,0.554981563773194,34.9496307674966,.
84197,.,0.51445507044922,34.9514689786118,.
84198,.,0.514550083529514,34.9514280597225,.
84199,.,0.508717296610434,34.9291294175388,.
84200,.,0.50868381186926,34.9293850962416,.
84201,.,0.526938722428649,35.4566090545267,.
84202,.,0.575482309098496,35.379956950856,.
84203,.,0.526941797491789,35.4566059128001,.
84204,.,0.573810724437192,35.398439416286,.
84205,.,0.533433457600511,35.4178231019281,.
84206,.,0.52833276541793,35.2772951670779,.
84207,.,0.52834830483153,35.276970574949,.
84208,.,0.528403629009474,35.2769625842758,.
84209,.,0.576449664261445,35.3796384520119,.
84210,.,0.527190542346605,35.4564461125132,.
84211,.,0.576449664261445,35.3796384520119,.
84212,.,0.483191438448131,35.254976801324,.
84213,.,0.551279153908335,34.9808857192819,.
84214,.,0.538515439700218,34.9950362079918,.
84215,.,0.534913822245611,34.9569508264727,.
84216,.,0.534913822245611,34.9569508264727,.
84217,.,0.53799210772179,35.0008625296171,.
84218,.,0.539971675122477,35.000416875652,.
84219,.,0.550674656045324,34.9817552662149,.
84220,.,0.560970052182938,34.9060883014673,.
84221,.,0.493982210753885,34.9652724669397,.
84222,.,0.563611659749653,34.8980505814828,.
84223,.,0.563611659749653,34.8980505814828,.
84224,.,0.560746231521836,34.9066891857133,.
84225,.,0.553266208008374,35.2155886975731,.
84226,.,0.557584419688409,35.2262300868996,.
84227,.,0.554665583755902,35.216614065764,.
84228,.,0.557584419688409,35.2262300868996,.
84229,.,0.545151376908853,35.2324736982003,.
84230,.,0.556650798247944,35.2264241440633,.
84231,.,0.543776019936855,35.2314517541857,.
84232,.,0.554566288978303,35.2162506495545,.
84233,.,0.528149556936594,35.2772784174592,.
84234,.,0.484379681850538,35.0075699443078,.
84235,.,0.484379681850538,35.0075699443078,.
84236,.,0.528993383345232,35.04170719404,.
84237,.,0.483943008559961,35.0075862710147,.
84238,.,0.528993383345232,35.04170719404,.
84239,.,0.528993383345232,35.04170719404,.
84240,.,0.502380253386367,34.9681987493287,.
84241,.,0.494715949798286,34.9746006972965,.
84242,.,0.494715949798286,34.9746006972965,.
84243,.,0.495022700946117,34.9746259321417,.
84244,.,0.502380253386367,34.9681987493287,.
84245,.,0.48322197216007,35.2551356212072,.
84246,.,0.503175477240699,34.9685362609216,.
84247,.,0.467793381242661,34.9567176897245,.
84248,.,0.467793381242661,34.9567176897245,.
84249,.,0.556500490250222,35.3774299136643,.
84250,.,0.556633563741218,35.3773169397706,.
84251,.,0.527699240190534,35.3699673152792,.
84252,.,0.556633563741218,35.3773169397706,.
84253,.,0.521735420008498,35.3661652321717,.
84254,.,0.527093221257087,35.371087306039,.
84255,.,0.598000476566386,35.1994534438765,.
84256,.,0.592616487818105,35.2616525647489,.
84257,.,0.602092696536227,35.2241368550251,.
84258,.,0.59449271985823,35.2608644413315,.
84259,.,0.598000476566386,35.1994534438765,.
84260,.,0.602174907492956,35.2196315052306,.
84261,.,0.603239619462335,35.2234658796764,.
84262,.,0.597687859317583,35.2306095042711,.
84263,.,0.59449271985823,35.2608644413315,.
84264,.,0.598000476566386,35.1994534438765,.
84265,.,0.624519746622338,35.2974173635972,.
84266,.,0.624782400985895,35.2975133535402,.
84267,.,0.625327903140074,35.2887403184414,.
84268,.,0.528149556936594,35.2772784174592,.
84269,.,0.528149556936594,35.2772784174592,.
84270,.,0.625323546993417,35.2887464047039,.
84271,.,0.569972896424327,34.9819901678905,.
84272,.,0.5699086145651,34.9819824235965,.
84273,.,0.568671234452441,34.9825849119813,.
84274,.,0.566303806593036,34.9943854437236,.
84275,.,0.532107508737468,35.0007064624169,.
84276,.,0.536720188068814,34.9952059830605,.
84277,.,-0.3143639,35.1903058,.
84278,.,-0.3143632,35.190888,.
84279,.,-0.309671,35.2042491,.
84280,.,-0.3096132,35.2042242,.
84281,.,-0.308102,35.2040004,.
84282,.,-0.481523987267227,35.055551526535,.
84283,.,-0.478800235292257,35.0533343069458,.
84284,.,-0.495206141820628,35.0506373805123,.
84285,.,-0.495821080273738,35.0502743707275,.
84286,.,-0.495431087525539,35.0501291881954,.
84287,.,-0.4586321,35.1149329,.
84288,.,-0.460122,35.1140083,.
84289,.,-0.455677696203244,35.1399301094532,.
84290,.,-0.45637277514358,35.1357432431724,.
84291,.,-0.423764572655383,35.097821286282,.
84292,.,-0.432816948439665,35.0979207956359,.
84293,.,-0.414898260601427,35.1175990112184,.
84294,.,-0.423456579515948,35.0978665711081,.
84295,.,-0.433333323535811,35.0922819628213,.
84296,.,-0.432529668257181,35.0922264643584,.
84297,.,-0.43274853877326,35.0986413300842,.
84298,.,-0.413782883120676,35.1189163746831,.
84299,.,-0.422073650717399,35.0978109607686,.
84300,.,-0.415031618196463,35.1190680840462,.
84301,.,-0.311247622721221,35.0736949696343,.
84302,.,-0.312228811304863,35.0729301037613,.
84303,.,-0.311553337954075,35.0737844989441,.
84304,.,-0.328804880290064,35.0332995728015,.
84305,.,-0.310867971761379,35.0736117923962,.
84306,.,-0.326992713838383,35.034402552245,.
84307,.,-0.32705041632151,35.0336550372491,.
84308,.,-0.5068865,35.1430366,.
84309,.,-0.511911,35.1407704,.
84310,.,-0.5101386,35.141305,.
84311,.,-0.5062522,35.1420437,.
84312,.,-0.8756261,34.8858407,.
84313,.,-0.8756841,34.8856555,.
84314,.,-0.875642,34.886692,.
84315,.,0.321621,34.2282813,.
84316,.,-0.9229169,34.6465898,.
84317,.,-0.9236651,34.6451271,.
84318,.,-0.9239625,34.6459171,.
84319,.,-0.811748,34.8438982,.
84320,.,-0.8120091,34.8436379,.
84321,.,-0.811785,34.8438598,.
84322,.,-0.9337965,34.8156533,.
84323,.,-0.929431,34.8186931,.
84324,.,-0.9290712,34.8181441,.
84325,.,-0.9349094,34.8140319,.
84326,.,-0.8048163,34.8294271,.
84327,.,-0.8048641,34.8294794,.
84328,.,-0.8125171,34.7879488,.
84329,.,-0.8093617,34.7887814,.
84330,.,-0.8132213,34.8383528,.
84331,.,-0.8138834,34.8384585,.
84332,.,-0.8545605,34.7890916,.
84333,.,-0.8569259,34.788834,.
84334,.,-0.8522691,34.7891377,.
84335,.,-0.8548639,34.7869894,.
84336,.,-0.9624208,34.6592775,.
84337,.,-0.9602504,34.6572772,.
84338,.,-0.9628562,34.6591708,.
84339,.,-0.9141567,34.6162857,.
84340,.,-0.9144939,34.6160962,.
84341,.,-0.9147137,34.6158468,.
84342,.,-0.8715669,34.6563108,.
84343,.,-0.8735256,34.6558235,.
84344,.,-0.8668253,34.6588272,.
84345,.,-0.8669362,34.659327,.
84346,.,-0.8031974,34.8676232,.
84347,.,-0.8031385,34.8676137,.
84348,.,-0.8020797,34.8654002,.
84349,.,-0.8027562,34.866116,.
84350,.,-0.9372115,34.6770633,.
84351,.,-0.9369032,34.6772577,.
84352,.,-0.9397331,34.694307,.
84353,.,-0.9402397,34.6936626,.
84354,.,-0.9364691,34.6773596,.
84355,.,-0.8916192,34.8467252,.
84356,.,-0.8916333,34.8521464,.
84357,.,-0.8586138,34.8382274,.
84358,.,-0.8612232,34.842892,.
84359,.,-0.8615207,34.8418568,.
84360,.,-0.8216255,34.7876731,.
84361,.,-0.8215523,34.7875558,.
84362,.,-0.8952727,34.8096821,.
84363,.,-0.8960958,34.8067037,.
84364,.,-0.8953331,34.8088265,.
84365,.,-0.8933416,34.8073738,.
84366,.,0.4254765,34.46618,.
84367,.,0.4346918,34.4590001,.
84368,.,0.4346918,34.4590001,.
84369,.,0.4348097,34.462048,.
84370,.,0.4339665,34.4564314,.
84371,.,0.4348097,34.462048,.
84372,.,0.4333355,34.4560443,.
84373,.,0.4251443,34.4664242,.
84374,.,0.4252233,34.46641,.
84375,.,0.4353977,34.4573548,.
84376,.,0.5845942,34.5356313,.
84377,.,0.5844672,34.5356234,.
84378,.,0.5658884,34.5757857,.
84379,.,0.566054,34.5754667,.
84380,.,0.5693162,34.5790161,.
84381,.,0.5845348,34.5356555,.
84382,.,0.5693994,34.5790131,.
84383,.,0.5665014,34.5794785,.
84384,.,0.4220018,34.4596333,.
84385,.,0.4404587,34.4866828,.
84386,.,0.4220018,34.4596333,.
84387,.,0.4225066,34.4580652,.
84388,.,0.4053268,34.4686669,.
84389,.,0.4404522,34.4866728,.
84390,.,0.4047508,34.4688262,.
84391,.,0.4407735,34.485611,.
84392,.,0.4047508,34.4688262,.
84393,.,0.5271409,34.4501026,.
84394,.,0.5267028,34.4728682,.
84395,.,0.5150775,34.4734718,.
84396,.,0.5271409,34.4501026,.
84397,.,0.5263447,34.4509945,.
84398,.,0.526318,34.4727855,.
84399,.,0.5150775,34.4734718,.
84400,.,0.5146204,34.473361,.
84401,.,0.5251733,34.4761179,.
84402,.,0.5507041,34.6522595,.
84403,.,0.5510858,34.6501144,.
84404,.,0.555741,34.6458464,.
84405,.,0.5612369,34.6413021,.
84406,.,0.5521647,34.6455608,.
84407,.,0.5608371,34.6355503,.
84408,.,0.5507431,34.6522008,.
84409,.,0.5608332,34.6355151,.
84410,.,0.530309,34.5720586,.
84411,.,0.5287636,34.5672868,.
84412,.,0.528779,34.5673032,.
84413,.,0.5292969,34.5691687,.
84414,.,0.5294187,34.5702803,.
84415,.,0.5555796,34.621668,.
84416,.,0.5552618,34.6229483,.
84417,.,0.5705264,34.6189686,.
84418,.,0.5872707,34.6358653,.
84419,.,0.5563922,34.623197,.
84420,.,0.5705293,34.6189708,.
84421,.,0.5552619,34.622948,.
84422,.,0.5872707,34.6358653,.
84423,.,0.5901026,34.6393271,.
84424,.,0.5714033,34.6174108,.
84425,.,0.5357678,34.6160095,.
84426,.,0.5278939,34.6242445,.
84427,.,0.584515,34.5355875,.
84428,.,0.5339594,34.6284943,.
84429,.,0.5477771,34.6513318,.
84430,.,0.5476901,34.6513851,.
84431,.,0.5360101,34.6158492,.
84432,.,0.5278963,34.6242479,.
84433,.,0.4993032,34.6542697,.
84434,.,0.5466563,34.6503234,.
84435,.,0.5277202,34.6232374,.
84436,.,0.4992709,34.654264,.
84437,.,0.4983277,34.6542325,.
84438,.,0.5468318,34.6507437,.
84439,.,0.4982518,34.6548935,.
84440,.,0.5324173,34.629093,.
84441,.,0.4179201,34.4764928,.
84442,.,0.3965755,34.4807848,.
84443,.,0.4149396,34.4757352,.
84444,.,0.4169262,34.4764855,.
84445,.,0.4178295,34.4806403,.
84446,.,0.4179304,34.4764739,.
84447,.,0.3993833,34.4792693,.
84448,.,0.4149396,34.4757352,.
84449,.,0.3898803,34.4989731,.
84450,.,0.3857218,34.5037903,.
84451,.,0.3856718,34.5039289,.
84452,.,0.3857749,34.5037803,.
84453,.,0.3904876,34.4981108,.
84454,.,0.48941,34.6376872,.
84455,.,0.4899338,34.6352439,.
84456,.,0.4747349,34.618303,.
84457,.,0.4746488,34.6183595,.
84458,.,0.4898078,34.6407986,.
84459,.,0.491636,34.6387372,.
84460,.,0.4895575,34.6399638,.
84461,.,0.4740386,34.61791,.
84462,.,0.4899851,34.63514,.
84463,.,0.628459540092751,34.6225417995951,.
84464,.,0.5849202,34.6349259,.
84465,.,0.5854718,34.6346316,.
84466,.,0.5849202,34.6349259,.
84467,.,0.6053256,34.6177035,.
84468,.,0.607138723711298,34.6153424587416,.
84469,.,0.6141363,34.6228798,.
84470,.,0.628674281303611,34.6224500302559,.
84471,.,0.6142927,34.6225622,.
84472,.,0.6138879,34.6226635,.
84473,.,0.6138879,34.6226635,.
84474,.,0.5390662,34.4942827,.
84475,.,0.5605843,34.478708,.
84476,.,0.5387088,34.4935719,.
84477,.,0.5605852,34.4787422,.
84478,.,0.5400537,34.49408,.
84479,.,0.5401202,34.4940567,.
84480,.,0.5404216,34.4963654,.
84481,.,0.560658,34.4780963,.
84482,.,0.5403497,34.4962684,.
84483,.,0.358465593399064,34.3639965460475,.
84484,.,0.362275397609102,34.3687247771303,.
84485,.,0.364157021703005,34.3703736929678,.
84486,.,0.358267150461418,34.3633218076041,.
84487,.,0.387397469691692,34.3503910632538,.
84488,.,0.362491224119643,34.3695549912321,.
84489,.,0.3491222236686,34.4145422878249,.
84490,.,0.362098112661085,34.3673071131352,.
84491,.,0.363219406768062,34.3702815524801,.
84492,.,0.363229603967889,34.3718726107315,.
84493,.,0.358006581055209,34.3615932293148,.
84494,.,0.349305212507629,34.4149218930779,.
84495,.,0.323597103631809,34.2903501613879,.
84496,.,0.298534305987664,34.2918324213874,.
84497,.,0.297953929647814,34.2926827365594,.
84498,.,0.298534305987664,34.2918324213874,.
84499,.,0.308139431024782,34.2921405077101,.
84500,.,0.318606386008226,34.2803639054492,.
84501,.,0.306722788201174,34.2865815937199,.
84502,.,0.306722788201174,34.2865815937199,.
84503,.,0.320364194616568,34.2868957913245,.
84504,.,0.310440858050875,34.289306818629,.
84505,.,0.307301324951005,34.2911164124344,.
84506,.,0.320418734382497,34.2883120192304,.
84507,.,0.298519144181887,34.2918376410584,.
84508,.,0.320364194616568,34.2868957913245,.
84509,.,0.308658101002989,34.2920869586753,.
84510,.,0.323593004947796,34.290348648161,.
84511,.,0.319217728766901,34.2745872120652,.
84512,.,0.334883144915167,34.2497230723776,.
84513,.,0.335067151135157,34.2497199409882,.
84514,.,0.339606319784904,34.217421850771,.
84515,.,0.3236931662708,34.2276597294169,.
84516,.,0.32327767722771,34.2274560225924,.
84517,.,0.340229398079112,34.2166035416868,.
84518,.,0.323455303076788,34.2266550951057,.
84519,.,0.340229398079112,34.2166035416868,.
84520,.,0.350294577999256,34.2228333024855,.
84521,.,0.351068381444958,34.2229080491318,.
84522,.,0.33971051198801,34.2168497399295,.
84523,.,0.351180000488842,34.2227560214844,.
84524,.,0.350539055991917,34.2388431705962,.
84525,.,0.359161318174213,34.2544215723339,.
84526,.,0.358418193277688,34.2545404112717,.
84527,.,0.361066563694173,34.2400075168055,.
84528,.,0.361134860172346,34.2400492499149,.
84529,.,0.365865816408213,34.2277321057231,.
84530,.,0.365865816408213,34.2277321057231,.
84531,.,0.376455500740826,34.244175035393,.
84532,.,0.366484641566387,34.2259725776215,.
84533,.,0.351663098950299,34.2389657649338,.
84534,.,0.376643559740573,34.243395707679,.
84535,.,0.376455500740826,34.244175035393,.
84536,.,0.354713674975918,34.2119534183108,.
84537,.,0.372106331721405,34.2642997992467,.
84538,.,0.37827942319145,34.2542233653518,.
84539,.,0.37827942319145,34.2542233653518,.
84540,.,0.372106331721405,34.2642997992467,.
84541,.,0.369083939399234,34.264950399017,.
84542,.,0.37249075477177,34.2640069868342,.
84543,.,0.378556710382655,34.2536300065008,.
84544,.,0.387113806230194,34.262122505996,.
84545,.,0.387564298197094,34.263133256501,.
84546,.,0.317239293583904,34.3596529775063,.
84547,.,0.302665564807816,34.3355330172012,.
84548,.,0.319182137620726,34.3580185977824,.
84549,.,0.318878447629491,34.3365713607147,.
84550,.,0.300955664747187,34.3360033362972,.
84551,.,0.321082807219138,34.3489010360191,.
84552,.,0.318311143543048,34.3478958644937,.
84553,.,0.318433111115156,34.3364181671963,.
84554,.,0.32855465936327,34.3376398568227,.
84555,.,0.30288882480514,34.333945718851,.
84556,.,0.321042491511397,34.3380070940626,.
84557,.,0.330381948463503,34.3370887762556,.
84558,.,0.32855465936327,34.3376398568227,.
84559,.,0.318263213098127,34.3579850573621,.
84560,.,0.318878447629491,34.3365713607147,.
84561,.,0.318310605364036,34.3478658654364,.
84562,.,0.320167117753025,34.3380692094901,.
84563,.,0.317146380352452,34.359859280832,.
84564,.,0.320167117753025,34.3380692094901,.
84565,.,0.281068,34.0688631,.
84566,.,0.2488993,34.0815012,.
84567,.,0.2816818,34.0687976,.
84568,.,0.2830096,34.0691827,.
84569,.,0.2538988,34.0629285,.
84570,.,0.2614234,34.0735541,.
84571,.,0.2539633,34.0629394,.
84572,.,0.2818119,34.06907,.
84573,.,0.2569613,34.0618517,.
84574,.,0.2574994,34.0619502,.
84575,.,0.358894554246515,34.3577077352469,.
84576,.,0.35841052554417,34.3584742376068,.
84577,.,0.3158583,34.2212388,.
84578,.,0.3216073,34.2310934,.
84579,.,0.3124881,34.2221391,.
84580,.,0.3122216,34.2224894,.
84581,.,0.3128325,34.2062858,.
84582,.,0.3255766,34.2510592,.
84583,.,0.325125,34.2495155,.
84584,.,0.3185835,34.2192235,.
84585,.,0.3068855,34.2094753,.
84586,.,0.3253156,34.2509855,.
84587,.,0.3095197,34.2084755,.
84588,.,0.320579,34.2299936,.
84589,.,0.3208503,34.2300207,.
84590,.,0.2161819,34.0237264,.
84591,.,0.215153,34.023041,.
84592,.,0.2077867,34.0249082,.
84593,.,0.1857863,34.0651298,.
84594,.,0.2150964,34.0237078,.
84595,.,0.1882739,34.0661069,.
84596,.,0.1829837,34.0444547,.
84597,.,0.1999163,34.0426151,.
84598,.,0.1918794,34.0426869,.
84599,.,0.2071015,34.0225375,.
84600,.,0.1885898,34.0661784,.
84601,.,0.2210132,34.1125646,.
84602,.,0.2343025,34.0987821,.
84603,.,0.2288917,34.0905539,.
84604,.,0.2341496,34.099119,.
84605,.,0.2239003,34.086818,.
84606,.,0.2252512,34.0839002,.
84607,.,0.2237037,34.0847872,.
84608,.,0.2197112,34.0959615,.
84609,.,0.2291779,34.089544,.
84610,.,0.228562,34.0898051,.
84611,.,0.2191086,34.1008076,.
84612,.,0.2347897,34.0799146,.
84613,.,0.2352609,34.0803322,.
84614,.,0.426335560349713,34.124483530641,.
84615,.,0.428039829158341,34.1304961212477,.
84616,.,0.433554643814761,34.1431777232224,.
84617,.,0.428022441446564,34.1304878600154,.
84618,.,0.426292268298492,34.1244857358798,.
84619,.,0.333563799939792,34.2390575392194,.
84620,.,0.333042690710984,34.2369745776143,.
84621,.,0.336174811550942,34.2489166041039,.
84622,.,0.33384032740702,34.2377143491053,.
84623,.,0.335114132020489,34.2501102242749,.
84624,.,0.360853410603052,34.2404505647975,.
84625,.,0.341610517366647,34.1237614428828,.
84626,.,0.3420269,34.1298,.
84627,.,0.3420832,34.1298809,.
84628,.,0.345853,34.1302142,.
84629,.,0.3442567,34.1345387,.
84630,.,0.341381477351114,34.1239525286862,.
84631,.,0.3406447,34.1242806,.
84632,.,0.3466472,34.131543,.
84633,.,0.3420576,34.1342752,.
84634,.,0.3452666,34.1355598,.
84635,.,0.3427478,34.1314682,.
84636,.,0.3463753,34.1311733,.
84637,.,0.3547413,34.1522282,.
84638,.,0.3532181,34.1358911,.
84639,.,0.3562112,34.1322593,.
84640,.,0.2788711,34.1199544,.
84641,.,0.3576051,34.1326658,.
84642,.,0.3600334,34.1382872,.
84643,.,0.3525704,34.1346048,.
84644,.,0.3596373,34.1377166,.
84645,.,0.2334657,34.0990378,.
84646,.,0.3458885,34.1446498,.
84647,.,0.3525868,34.1336967,.
84648,.,0.3590432,34.1384802,.
84649,.,0.3577757,34.1329458,.
84650,.,0.3563579,34.1318184,.
84651,.,0.367658912262979,34.2167682189925,.
84652,.,0.351999488901634,34.2111284796604,.
84653,.,0.370347569606822,34.2126563754169,.
84654,.,0.354660429408695,34.2059481853707,.
84655,.,0.349848720368083,34.208782272167,.
84656,.,0.351988324744176,34.2110943832678,.
84657,.,0.354660429408695,34.2059481853707,.
84658,.,0.369070163403294,34.2174067470238,.
84659,.,0.354153691392913,34.2053138968337,.
84660,.,0.348146049622339,34.2096146113207,.
84661,.,0.37188307523527,34.2142481483855,.
84662,.,0.349848720368083,34.208782272167,.
84663,.,0.368186882375368,34.2176560378402,.
84664,.,0.2107418,34.0610048,.
84665,.,0.2113739,34.0757092,.
84666,.,0.2107824,34.0612134,.
84667,.,0.2104448,34.0515947,.
84668,.,0.2094649,34.0495927,.
84669,.,0.2121262,34.0510232,.
84670,.,0.1884272,34.099583,.
84671,.,0.1941319,34.0875577,.
84672,.,0.1954809,34.089038,.
84673,.,0.1921175,34.0862149,.
84674,.,0.1877041,34.099509,.
84675,.,0.1877548,34.0996014,.
84676,.,0.1943806,34.0874374,.
84677,.,0.1993585,34.1098673,.
84678,.,0.391007818082254,34.2689693212232,.
84679,.,0.391006514606664,34.268972446538,.
84680,.,0.387862902905115,34.2657204149387,.
84681,.,0.387862902905115,34.2657204149387,.
84682,.,0.2614998,34.0348705,.
84683,.,0.2334174,34.0992063,.
84684,.,0.2591373,34.0399483,.
84685,.,0.2567984,34.0350276,.
84686,.,0.2567271,34.0349492,.
84687,.,0.2643361,34.0456398,.
84688,.,0.2558885,34.0375487,.
84689,.,0.2608531,34.0352564,.
84690,.,0.2492073,34.3955062,.
84691,.,0.2280694,34.524407,.
84692,.,0.2460445,34.3924705,.
84693,.,0.2472725,34.3994832,.
84694,.,0.329521,34.4914442,.
84695,.,0.2355731,34.4100863,.
84696,.,0.2359365,34.3997252,.
84697,.,0.2280924,34.5244247,.
84698,.,0.2359265,34.3997299,.
84699,.,0.2360626,34.4099288,.
84700,.,0.2617478,34.4339784,.
84701,.,0.2617478,34.4339784,.
84702,.,0.197003,34.5420428,.
84703,.,0.1839312,34.5180361,.
84704,.,0.1933709,34.5400711,.
84705,.,0.1770544,34.5167649,.
84706,.,0.1986717,34.5435373,.
84707,.,0.1986717,34.5435373,.
84708,.,0.1927368,34.5414391,.
84709,.,0.1923681,34.5411027,.
84710,.,0.1839024,34.5182625,.
84711,.,0.1762009,34.5180694,.
84712,.,0.2014461,34.5461342,.
84713,.,0.1985721,34.5411791,.
84714,.,0.194554,34.5403934,.
84715,.,0.2014444,34.5461304,.
84716,.,0.2010421,34.545765,.
84717,.,0.1932638,34.538865,.
84718,.,0.1933709,34.5400711,.
84719,.,0.2014461,34.5461342,.
84720,.,0.1944973,34.5403723,.
84721,.,0.1839024,34.5182625,.
84722,.,0.1768401,34.51721,.
84723,.,0.222811090709324,34.5400135164559,.
84724,.,0.220052135371797,34.5355634331054,.
84725,.,0.228203666308618,34.5337849155899,.
84726,.,0.346458215515848,34.495019650338,.
84727,.,0.222848610051017,34.5399476035687,.
84728,.,0.346526824284436,34.494970527198,.
84729,.,0.231714079798311,34.5328366982361,.
84730,.,0.3294112,34.5000381,.
84731,.,0.22837709944449,34.533786240148,.
84732,.,0.22852688252483,34.5345432139443,.
84733,.,0.346550812013413,34.4949940278393,.
84734,.,0.220593015199751,34.5409527140851,.
84735,.,0.3494406,34.4912619,.
84736,.,0.228914653587226,34.531420633162,.
84737,.,0.346511328037475,34.4949003454691,.
84738,.,0.286948400073121,34.4744880356254,.
84739,.,0.346494502622019,34.4949948060049,.
84740,.,0.309576330354032,34.4685326029795,.
84741,.,0.283562928141713,34.4675381034718,.
84742,.,0.270612009225498,34.4729031885738,.
84743,.,0.2456752,34.4853908,.
84744,.,0.286969609462041,34.475134117796,.
84745,.,0.284872032181653,34.4737293266769,.
84746,.,0.346482294117385,34.4950208795544,.
84747,.,0.280188167105254,34.4668445977003,.
84748,.,0.34645467574217,34.4949796952382,.
84749,.,0.278398551779861,34.4773087548521,.
84750,.,0.277977113964863,34.4505169673692,.
84751,.,0.270687130506243,34.4731450633079,.
84752,.,0.30982617813463,34.468444556445,.
84753,.,0.275937133822875,34.465046587394,.
84754,.,0.27469129261214,34.4665595620196,.
84755,.,0.284454252334261,34.4730957865988,.
84756,.,0.274745944520849,34.4665732938751,.
84757,.,0.280673534547111,34.4508087726883,.
84758,.,0.309356490987163,34.457837288751,.
84759,.,0.346533071470954,34.4949571937063,.
84760,.,0.305914789292528,34.4593714154811,.
84761,.,0.295650863237331,34.4670364540496,.
84762,.,0.27969245408267,34.4504829128497,.
84763,.,0.336886228321292,34.4997485149612,.
84764,.,0.346434129084922,34.4950130505667,.
84765,.,0.301125379197189,34.4641890547588,.
84766,.,0.339028634429116,34.5022289605928,.
84767,.,0.301236576674218,34.4641786009177,.
84768,.,0.299293389052053,34.4655856160222,.
84769,.,0.174637976044137,34.4639876070628,.
84770,.,0.1645023,34.4523893,.
84771,.,0.17697524183403,34.4594667661125,.
84772,.,0.1643997,34.4523891,.
84773,.,0.16393630368122,34.4503807818752,.
84774,.,0.177161399867734,34.4596042175861,.
84775,.,0.345659776768112,34.4983650338847,.
84776,.,0.171173746088721,34.4506776375554,.
84777,.,0.172069370604619,34.4515617114232,.
84778,.,0.346450325924449,34.4950600247582,.
84779,.,0.16469,34.4502021,.
84780,.,0.174830868237163,34.4640753164206,.
84781,.,0.095104,34.5356388,.
84782,.,0.16207761700885,34.4501463303726,.
84783,.,0.177995435125641,34.4603221845605,.
84784,.,0.2047568,34.4977763,.
84785,.,0.202549,34.4771074,.
84786,.,0.2064174,34.4976759,.
84787,.,0.2125331,34.4823343,.
84788,.,0.2210442,34.5301643,.
84789,.,0.2119339,34.4783966,.
84790,.,0.2142562,34.4774707,.
84791,.,0.2026742,34.4781813,.
84792,.,0.1998004,34.4793683,.
84793,.,0.2131431,34.4781417,.
84794,.,0.2160371,34.4874981,.
84795,.,0.2043006,34.4981582,.
84796,.,0.2119973,34.4827771,.
84797,.,0.2137484,34.4787642,.
84798,.,0.2220838,34.5722619,.
84799,.,0.1925446,34.5414058,.
84800,.,0.1983853,34.5559022,.
84801,.,0.2165454,34.5834553,.
84802,.,0.2153907,34.5830299,.
84803,.,0.1983853,34.5559022,.
84804,.,0.2242674,34.572009,.
84805,.,0.1925446,34.5414058,.
84806,.,0.2141835,34.5831279,.
84807,.,0.2056972,34.5487906,.
84808,.,0.2222359,34.5722846,.
84809,.,0.2171285,34.5829911,.
84810,.,0.2155219,34.5836025,.
84811,.,0.2171882,34.5690584,.
84812,.,0.2046468,34.549472,.
84813,.,0.222191,34.5730454,.
84814,.,0.2165248,34.5835446,.
84815,.,0.2150993,34.5706262,.
84816,.,0.2150977,34.5706922,.
84817,.,0.2530538,34.4080198,.
84818,.,0.2546028,34.4041373,.
84819,.,0.329521,34.4914442,.
84820,.,0.248435,34.4137131,.
84821,.,0.261703,34.4003197,.
84822,.,0.2484716,34.4137555,.
84823,.,0.2433252,34.4122223,.
84824,.,0.2526857,34.4054939,.
84825,.,0.2483116,34.410862,.
84826,.,0.2487909,34.4136886,.
84827,.,0.25654,34.4038238,.
84828,.,0.2527544,34.4066441,.
84829,.,0.2554578,34.4046739,.
84830,.,0.1994979,34.5181206,.
84831,.,0.1945565,34.5335851,.
84832,.,0.2054071,34.5291995,.
84833,.,0.1995287,34.518178,.
84834,.,0.1927514,34.5414578,.
84835,.,0.1952374,34.533798,.
84836,.,0.2034796,34.5362399,.
84837,.,0.1921409,34.5139152,.
84838,.,0.2019844,34.535581,.
84839,.,0.1926531,34.5414667,.
84840,.,0.1912677,34.5108794,.
84841,.,0.2054401,34.5297997,.
84842,.,0.1926155,34.5128159,.
84843,.,0.2016304,34.5348783,.
84844,.,0.2019607,34.5353924,.
84845,.,0.2028757,34.5341093,.
84846,.,0.228556,34.4183524,.
84847,.,0.2459287,34.4214882,.
84848,.,0.2447501,34.4205455,.
84849,.,0.2283369,34.4150996,.
84850,.,0.2449367,34.4205224,.
84851,.,0.2281766,34.4163468,.
84852,.,0.2344354,34.4132217,.
84853,.,0.2289743,34.4191869,.
84854,.,0.2285138,34.4144415,.
84855,.,0.2290429,34.4180107,.
84856,.,0.2283628,34.4150944,.
84857,.,0.2345519,34.4129083,.
84858,.,0.2450385,34.4191059,.
84859,.,0.2339818,34.4130467,.
84860,.,0.1682311,34.4678751,.
84861,.,0.346562170959803,34.4950376759114,.
84862,.,0.169612,34.4724621,.
84863,.,0.1700491,34.4722225,.
84864,.,0.1684606,34.4719712,.
84865,.,0.346491724909992,34.4949487856706,.
84866,.,0.34663815314877,34.4948911578054,.
84867,.,0.1681903,34.4679208,.
84868,.,0.1673453,34.4680003,.
84869,.,0.1699446,34.4705836,.
84870,.,0.162677495418001,34.4599205299229,.
84871,.,0.347415509596808,34.4963545551903,.
84872,.,0.3509615,34.4912875,.
84873,.,0.1623346,34.4609961,.
84874,.,0.171393,34.4695338,.
84875,.,0.1680661,34.5613551,.
84876,.,0.1784178,34.5483539,.
84877,.,0.1681679,34.5612915,.
84878,.,0.1756745,34.5289882,.
84879,.,0.1795826,34.5293714,.
84880,.,0.1790952,34.5305462,.
84881,.,0.1794263,34.5489022,.
84882,.,0.17962,34.5292583,.
84883,.,0.1926583,34.5415244,.
84884,.,0.1756745,34.5289882,.
84885,.,0.1914866,34.545602,.
84886,.,0.1812535,34.5484873,.
84887,.,0.1794262,34.5489021,.
84888,.,0.175579,34.5296293,.
84889,.,0.168197,34.5603617,.
84890,.,0.25553799000163,34.4895264504697,.
84891,.,0.233672707503442,34.5053446148003,.
84892,.,0.229582242722878,34.5017768406334,.
84893,.,0.233306787365784,34.5064550985876,.
84894,.,0.346663844251521,34.4948237011986,.
84895,.,0.228485164481171,34.5016351380997,.
84896,.,0.346574945770203,34.494955222202,.
84897,.,0.340066038800435,34.497923518711,.
84898,.,0.3494406,34.4912619,.
84899,.,0.248623337915358,34.4935189168528,.
84900,.,0.3494406,34.4912619,.
84901,.,0.250565644256025,34.491408337081,.
84902,.,0.255554024445391,34.4895147896968,.
84903,.,0.255575036602154,34.4895406664499,.
84904,.,0.346440393436951,34.4949454749453,.
84905,.,0.2323809074838,34.5064209305724,.
84906,.,0.248626153316834,34.4934808778907,.
84907,.,0.242363456960019,34.5031055246428,.
84908,.,0.1823718,34.5744438,.
84909,.,0.1856544,34.5686159,.
84910,.,0.195909,34.566283,.
84911,.,0.195909,34.566283,.
84912,.,0.1856986,34.5685115,.
84913,.,0.1860207,34.5628157,.
84914,.,0.1857383,34.5685082,.
84915,.,0.196166,34.56615,.
84916,.,0.1821093,34.5731429,.
84917,.,0.1858058,34.5610247,.
84918,.,0.1851571,34.5613818,.
84919,.,0.1822745,34.5681373,.
84920,.,0.1821093,34.5731429,.
84921,.,1.17332429817159,35.1263263093398,.
84922,.,1.12495980082839,35.140081406622,.
84923,.,1.12724186825144,35.1391993960939,.
84924,.,1.14504901467553,35.1431315460858,.
84925,.,1.14540483331342,35.1414877432537,.
84926,.,1.13256370591168,35.1312112961697,.
84927,.,1.14535390204785,35.1411653562566,.
84928,.,1.14865174205852,35.138823820915,.
84929,.,1.16618422617546,35.1348529837883,.
84930,.,1.13869360007757,35.144806309318,.
84931,.,1.12721728283507,35.1291968202613,.
84932,.,1.1429429100914,35.1384870714926,.
84933,.,1.16618422617546,35.1348529837883,.
84934,.,1.14915667755815,35.1296999006445,.
84935,.,1.14175695630549,35.1410335440795,.
84936,.,1.01706272033328,35.0363315217194,.
84937,.,1.127289814346,35.1291741189878,.
84938,.,1.13714612031807,35.1449374800451,.
84939,.,1.01706272033328,35.0363315217194,.
84940,.,1.14402795702532,35.1380993655878,.
84941,.,1.14907850321117,35.1297831700048,.
84942,.,1.17397113983261,35.1263014736765,.
84943,.,1.13619494728765,35.1587274954423,.
84944,.,1.12721728283507,35.1291968202613,.
84945,.,1.12475754900201,35.1338636059195,.
84946,.,1.12495980082839,35.140081406622,.
84947,.,1.13354451851271,35.1309343989117,.
84948,.,1.14865174205852,35.138823820915,.
84949,.,1.13354273343236,35.1309212392146,.
84950,.,1.12722760335552,35.1391254150255,.
84951,.,1.14915667755815,35.1296999006445,.
84952,.,1.14104362263016,35.1332358073522,.
84953,.,1.14478734136125,35.143613250743,.
84954,.,1.13630377496959,35.1351374442885,.
84955,.,1.12970633849176,35.131355238997,.
84956,.,1.14865174205852,35.138823820915,.
84957,.,1.14915667755815,35.1296999006445,.
84958,.,1.01598075850055,35.0751509244975,.
84959,.,1.02133628447514,35.0789042399432,.
84960,.,1.0330868198275,35.1933900058288,.
84961,.,1.01830970059023,35.0731715534842,.
84962,.,1.02264862147566,35.067480343544,.
84963,.,1.14915667755815,35.1296999006445,.
84964,.,1.04727003090259,35.3010500210849,.
84965,.,1.04727003090259,35.3010500210849,.
84966,.,1.01877295894786,35.2869143168877,.
84967,.,1.03906733582881,35.3122147613958,.
84968,.,1.03006996551858,35.301094197523,.
84969,.,1.03876724513217,35.3124855549553,.
84970,.,1.05118003191685,35.3007565707697,.
84971,.,1.01875961262319,35.2853057282078,.
84972,.,1.02975075352245,35.3011080053307,.
84973,.,1.01866048940726,35.2860349800147,.
84974,.,1.01877295894786,35.2869143168877,.
84975,.,1.13051350890169,35.1614499831788,.
84976,.,1.12467081372459,35.1775985618166,.
84977,.,1.10696007395172,35.2034789054028,.
84978,.,1.12650315863243,35.1599799016975,.
84979,.,1.10574478442594,35.1995924862014,.
84980,.,1.10577342155862,35.2220555353641,.
84981,.,1.10577342155862,35.2220555353641,.
84982,.,1.12650315863243,35.1599799016975,.
84983,.,1.12251657198182,35.1767928658815,.
84984,.,1.10220615757625,35.2118071232642,.
84985,.,1.10220615757625,35.2118071232642,.
84986,.,1.10735705370226,35.2231738763743,.
84987,.,1.10220615757625,35.2118071232642,.
84988,.,1.10680964470194,35.2230011776368,.
84989,.,1.12253516472934,35.1769380636138,.
84990,.,1.10735705370226,35.2231738763743,.
84991,.,1.12466969605871,35.1775876329539,.
84992,.,1.08922570908787,35.1252049970921,.
84993,.,1.08958601935063,35.1255245790805,.
84994,.,1.02877486412792,35.0199879885536,.
84995,.,1.0284394051303,35.0202029332179,.
84996,.,1.10620371565829,35.1273671053319,.
84997,.,1.08958601935063,35.1255245790805,.
84998,.,1.10727215002757,35.1281738334136,.
84999,.,1.10727215002757,35.1281738334136,.
85000,.,1.1046623249062,35.2562682452352,.
85001,.,1.02261071356357,34.9792395922164,.
85002,.,1.09512955103076,35.234127363731,.
85003,.,1.09276561520088,35.2338107224475,.
85004,.,1.02276140235562,34.9790307877144,.
85005,.,1.08190336069856,35.2014643897507,.
85006,.,1.09276561520088,35.2338107224475,.
85007,.,1.08306000685794,35.2083836520361,.
85008,.,1.09874061673819,35.2317640468949,.
85009,.,1.10352099956143,35.2379390172924,.
85010,.,1.08256185178866,35.208692869338,.
85011,.,1.02261071356357,34.9792395922164,.
85012,.,1.10593191364159,35.2284662823649,.
85013,.,1.1042665682081,35.2562974412911,.
85014,.,1.08104698598686,35.2089074724492,.
85015,.,1.10267349697072,35.2570004099612,.
85016,.,1.08358115003326,35.2015456714827,.
85017,.,1.10593191364159,35.2284662823649,.
85018,.,1.10249873553148,35.25446712596,.
85019,.,1.10000954568032,35.2544552121588,.
85020,.,1.10293389573285,35.2372495678474,.
85021,.,1.02897083124928,35.0198175045466,.
85022,.,1.10677516559457,35.2279452394057,.
85023,.,1.09874061673819,35.2317640468949,.
85024,.,1.10366593432303,35.236544893712,.
85025,.,1.10293389573285,35.2372495678474,.
85026,.,1.02261071356357,34.9792395922164,.
85027,.,1.10481282086476,35.2393269452281,.
85028,.,1.02257313080418,34.9795278723034,.
85029,.,1.05385634855191,35.1559480080359,.
85030,.,1.0511809433538,35.1367806818001,.
85031,.,1.05485505060451,35.1537284232277,.
85032,.,1.0511809433538,35.1367806818001,.
85033,.,1.05422022695133,35.1535172517587,.
85034,.,1.05385634855191,35.1559480080359,.
85035,.,1.055418396016,35.1393870679376,.
85036,.,1.055418396016,35.1393870679376,.
85037,.,0.982373275283306,35.1575172288514,.
85038,.,0.984614744362272,35.1767933631949,.
85039,.,0.982259495935959,35.1573106580524,.
85040,.,0.98441102046153,35.1762628903012,.
85041,.,0.98441102046153,35.1762628903012,.
85042,.,0.981246696800245,35.1619819097018,.
85043,.,0.964000794305968,35.0854996726529,.
85044,.,0.964000794305968,35.0854996726529,.
85045,.,0.984819865043663,35.0750002866366,.
85046,.,0.984769866247271,35.0750404158646,.
85047,.,0.965798760989065,35.0859927668588,.
85048,.,0.997313708816089,35.1532358849768,.
85049,.,0.997313708816089,35.1532358849768,.
85050,.,0.998943650031608,35.1788764444919,.
85051,.,0.998943650031608,35.1788764444919,.
85052,.,0.994153269433505,35.1667817106472,.
85053,.,0.994734703917291,35.1779586564891,.
85054,.,0.994734703917291,35.1779586564891,.
85055,.,0.992078961876101,35.1805326435474,.
85056,.,0.992842521936635,35.1802530967028,.
85057,.,0.861613472269939,35.0925827937065,.
85058,.,0.741462854143149,35.0945082127028,.
85059,.,0.740836692491377,35.0954258427745,.
85060,.,0.996120713447391,35.0851192047389,.
85061,.,1.02443164144611,35.1047924177533,.
85062,.,1.02443164144611,35.1047924177533,.
85063,.,0.996120713447391,35.0851192047389,.
85064,.,0.995045655374592,35.0828194119243,.
85065,.,1.0246405833516,35.1040575690509,.
85066,.,1.04173578537558,35.1440187753499,.
85067,.,1.03151704939436,35.1239931452962,.
85068,.,1.03163245411796,35.1238529031951,.
85069,.,1.041410739918,35.1440658198926,.
85070,.,1.16480094960902,35.1121716187429,.
85071,.,1.09245035581397,35.1102602589665,.
85072,.,1.091294698183,35.108366764944,.
85073,.,1.14345232766289,35.1142737367248,.
85074,.,1.10393664634663,35.1075629042995,.
85075,.,1.18368166064133,35.1124109593575,.
85076,.,1.1283318204334,35.1260721649109,.
85077,.,1.09668523181327,35.1138698998102,.
85078,.,1.11398053840648,35.1102336160407,.
85079,.,1.14345232766289,35.1142737367248,.
85080,.,1.12931558267431,35.1235936604917,.
85081,.,1.1265759077217,35.1266738359923,.
85082,.,1.14345232766289,35.1142737367248,.
85083,.,1.11398053840648,35.1102336160407,.
85084,.,1.12836658694664,35.126050986443,.
85085,.,1.13286864110327,35.1057696659008,.
85086,.,1.13023611637929,35.1246629715979,.
85087,.,1.11926392436105,35.1253012805243,.
85088,.,1.16480094960902,35.1121716187429,.
85089,.,1.13528029610911,35.1060090207231,.
85090,.,1.11850798005161,35.1271696277691,.
85091,.,1.18367325392991,35.1121959200176,.
85092,.,1.02211057753976,34.9836890106457,.
85093,.,1.0949588565479,35.1114039733916,.
85094,.,1.13039642702281,35.1249725330472,.
85095,.,1.10393664634663,35.1075629042995,.
85096,.,1.13286864110327,35.1057696659008,.
85097,.,1.18989127510097,35.1193926023361,.
85098,.,1.09729851389203,35.1142172009004,.
85099,.,1.11453212976618,35.1101358924441,.
85100,.,1.16480094960902,35.1121716187429,.
85101,.,1.14791640879672,35.1175642051146,.
85102,.,1.18972421428252,35.1196401225985,.
85103,.,1.18599622258889,35.1150932976983,.
85104,.,1.13630825228346,35.104779973043,.
85105,.,1.09203025250204,35.1087940961898,.
85106,.,1.14859243092185,35.1181498859168,.
85107,.,1.13746555470544,35.107427636118,.
85108,.,1.02611772097685,35.0228453596183,.
85109,.,1.01136638355471,35.3658009908347,.
85110,.,1.0261382309249,35.0228081049846,.
85111,.,0.983058148565458,35.2217624388295,.
85112,.,1.02876218773423,35.319954641325,.
85113,.,0.998072095813462,35.3609360324783,.
85114,.,1.01136638355471,35.3658009908347,.
85115,.,0.904672144663944,35.0936009045438,.
85116,.,1.00045648639131,35.3626548698841,.
85117,.,0.6973431,34.5089632,.
85118,.,0.6952207,34.5091574,.
85119,.,0.6084047,34.4658544,.
85120,.,0.6144942,34.468963,.
85121,.,0.607888,34.4661527,.
85122,.,0.6823754,34.5781867,.
85123,.,0.632194259057236,34.476112703783,.
85124,.,0.634842578091768,34.4778300261793,.
85125,.,0.6071984,34.465364,.
85126,.,0.632206691555342,34.4760971101443,.
85127,.,0.6127742,34.4688367,.
85128,.,0.6591154,34.5661931,.
85129,.,0.654862,34.5654274,.
85130,.,0.6636179,34.5542169,.
85131,.,0.6580787,34.5660551,.
85132,.,0.6657327,34.5721345,.
85133,.,0.6580172,34.5660619,.
85134,.,0.6541309,34.567998,.
85135,.,0.6653643,34.572241,.
85136,.,0.6543864,34.5648855,.
85137,.,0.6640931,34.5575132,.
85138,.,0.5837571,34.5681433,.
85139,.,0.5873335,34.4696894,.
85140,.,0.6299831,34.5492357,.
85141,.,0.5839498,34.5673831,.
85142,.,0.5838769,34.5673581,.
85143,.,0.6328293,34.5482971,.
85144,.,0.6305208,34.5488745,.
85145,.,0.625407,34.5210087,.
85146,.,0.6383828,34.2806351,.
85147,.,0.6270977,34.5239979,.
85148,.,0.6269886,34.5239556,.
85149,.,0.6253914,34.5210272,.
85150,.,0.6235177,34.5203246,.
85151,.,0.6234172,34.5206776,.
85152,.,0.6233443,34.5206497,.
85153,.,0.6258472,34.5229132,.
85154,.,0.6017771,34.4934862,.
85155,.,0.5972805,34.4961281,.
85156,.,0.60198,34.4934319,.
85157,.,0.5973377,34.4960812,.
85158,.,0.6030534,34.494045,.
85159,.,0.6103929,34.4919257,.
85160,.,0.6094471,34.4888047,.
85161,.,0.609414,34.4885485,.
85162,.,0.6108714,34.4906664,.
85163,.,0.5966668,34.4961915,.
85164,.,0.6818068,34.5226909,.
85165,.,0.6818155,34.5227549,.
85166,.,0.6827531,34.5274351,.
85167,.,0.5873042,34.4696763,.
85168,.,0.5873771,34.4696808,.
85169,.,0.6810645,34.5282231,.
85170,.,0.6827468,34.5274595,.
85171,.,0.682653,34.5228707,.
85172,.,0.5873954,34.4696673,.
85173,.,0.5905006,34.4356697,.
85174,.,0.5896237,34.434666,.
85175,.,0.5882786,34.4532866,.
85176,.,0.5911738,34.4360349,.
85177,.,0.5909848,34.4360745,.
85178,.,0.5907107,34.4357784,.
85179,.,0.5985053,34.4696807,.
85180,.,0.5894687,34.4343539,.
85181,.,0.5995484,34.4679759,.
85182,.,0.5996344,34.4697798,.
85183,.,0.5883638,34.4344119,.
85184,.,0.5991048,34.4682499,.
85185,.,0.5885603,34.4537357,.
85186,.,0.5885603,34.4537357,.
85187,.,0.6631015,34.5135033,.
85188,.,0.6644781,34.5140033,.
85189,.,0.6857351,34.5180078,.
85190,.,0.65553,34.5092465,.
85191,.,0.6646077,34.5136328,.
85192,.,0.6628021,34.5133672,.
85193,.,0.6570145,34.5106729,.
85194,.,0.6857042,34.5180152,.
85195,.,0.6854944,34.5167869,.
85196,.,0.657459,34.5119979,.
85197,.,0.6724982,34.4960302,.
85198,.,0.6760851,34.4979162,.
85199,.,0.6686598,34.4993828,.
85200,.,0.6712682,34.4974959,.
85201,.,0.6694962,34.4995644,.
85202,.,0.6694925,34.4995484,.
85203,.,0.6733426,34.4967673,.
85204,.,0.6754647,34.4979059,.
85205,.,0.6761034,34.4979385,.
85206,.,0.6723872,34.5042768,.
85207,.,0.6733903,34.5055419,.
85208,.,0.6621037,34.5280733,.
85209,.,0.6568725,34.5208812,.
85210,.,0.6565387,34.5192003,.
85211,.,0.6624817,34.5308574,.
85212,.,0.6578761,34.5198791,.
85213,.,0.6563943,34.5218912,.
85214,.,0.6624083,34.5308,.
85215,.,0.6558919,34.5256392,.
85216,.,0.6573721,34.5197389,.
85217,.,0.6355715,34.2810632,.
85218,.,0.6583895,34.5206921,.
85219,.,0.6364745,34.2810415,.
85220,.,0.6622442,34.5305573,.
85221,.,0.657017826729197,34.4447781139918,.
85222,.,0.6479167,34.4583207,.
85223,.,0.658858413947061,34.4474798321028,.
85224,.,0.6479472,34.4578622,.
85225,.,0.6476897,34.4583402,.
85226,.,0.67069630014098,34.449467196112,.
85227,.,0.665904671881241,34.454554397991,.
85228,.,0.658835402391909,34.4481135809985,.
85229,.,0.5609548,34.4793177,.
85230,.,0.5810562,34.4666094,.
85231,.,0.5845703,34.4647378,.
85232,.,0.5672055,34.4614587,.
85233,.,0.5713126,34.4600514,.
85234,.,0.5606836,34.4792262,.
85235,.,0.5712892,34.4614505,.
85236,.,0.560187,34.4789146,.
85237,.,0.5799612,34.4659282,.
85238,.,0.5612953,34.4776718,.
85239,.,0.5819344,34.4895698,.
85240,.,0.5928254,34.4906906,.
85241,.,0.5804224,34.4906189,.
85242,.,0.5803333,34.4905488,.
85243,.,0.5904002,34.4885909,.
85244,.,0.585387,34.4855691,.
85245,.,0.5838565,34.4853329,.
85246,.,0.5927612,34.4906675,.
85247,.,0.7053986,34.586647,.
85248,.,0.708672,34.5753208,.
85249,.,0.7053748,34.5866622,.
85250,.,0.6825572,34.5770906,.
85251,.,0.6824136,34.5778761,.
85252,.,0.6836921,34.575366,.
85253,.,0.7061964,34.5743834,.
85254,.,0.632942,34.5901641,.
85255,.,0.6345454,34.5896836,.
85256,.,0.6044823,34.5778933,.
85257,.,0.6081826,34.5872829,.
85258,.,0.6081826,34.5872829,.
85259,.,0.6058228,34.5780138,.
85260,.,0.6082611,34.5867469,.
85261,.,0.6061169,34.5784017,.
85262,.,0.6056497,34.5313703,.
85263,.,0.5690701,34.5081398,.
85264,.,0.6056386,34.5310744,.
85265,.,0.6054309,34.5309762,.
85266,.,0.5902469,34.507522,.
85267,.,0.582936022754994,34.5050610164042,.
85268,.,0.583017403325951,34.5050595783243,.
85269,.,0.5852458,34.5061511,.
85270,.,0.582224000069312,34.5055412369937,.
85271,.,0.5717723,34.5092265,.
85272,.,0.6688136,34.4390161,.
85273,.,0.6651344,34.4374641,.
85274,.,0.6651847,34.4385652,.
85275,.,0.6668247,34.4388674,.
85276,.,0.6664331,34.4417209,.
85277,.,0.6648615,34.4355773,.
85278,.,0.6650771,34.4357259,.
85279,.,0.7063203,34.5679392,.
85280,.,0.7062693,34.56803,.
85281,.,0.6955602,34.5646539,.
85282,.,0.69731,34.5691433,.
85283,.,0.6972784,34.5691747,.
85284,.,0.7115661,34.5567562,.
85285,.,0.710671,34.5572368,.
85286,.,0.7102308,34.5678632,.
85287,.,0.7103701,34.5685032,.
85288,.,0.5761169,34.5354357,.
85289,.,0.5863981,34.5331055,.
85290,.,0.5860317,34.5324066,.
85291,.,0.5757876,34.5352547,.
85292,.,0.5761889,34.5350258,.
85293,.,0.5822423,34.5352413,.
85294,.,0.659104749502157,34.4426187706806,.
85295,.,0.660298874483542,34.4435822702876,.
85296,.,0.660268617344269,34.4435178419172,.
85297,.,0.660268500475957,34.4435800517533,.
85298,.,0.66367969124006,34.4454483086269,.
85299,.,0.654487524066011,34.4307657926546,.
85300,.,0.0780395,34.5806028,.
85301,.,0.0779824,34.5806937,.
85302,.,0.1002825,34.5714304,.
85303,.,0.0873964,34.5766924,.
85304,.,0.0823503,34.5710769,.
85305,.,0.083028,34.5710257,.
85306,.,0.0825096,34.5709004,.
85307,.,0.0828547,34.5710185,.
85308,.,0.0874424,34.5768385,.
85309,.,0.1775679,34.5903319,.
85310,.,0.1090045,34.5565668,.
85311,.,0.1728819,34.5757423,.
85312,.,0.1689776,34.5912748,.
85313,.,0.1791876,34.5897245,.
85314,.,0.1695347,34.5909871,.
85315,.,0.1726863,34.5759009,.
85316,.,0.1691116,34.5905384,.
85317,.,0.1727431,34.5757795,.
85318,.,0.1672001,34.5783556,.
85319,.,0.1693881,34.5765318,.
85320,.,0.1477548,34.4974071,.
85321,.,0.1094916,34.5564588,.
85322,.,0.163995,34.4951469,.
85323,.,0.1505964,34.4993922,.
85324,.,0.1645552,34.4950507,.
85325,.,0.1645748,34.4930326,.
85326,.,0.1573505,34.5059745,.
85327,.,0.1642627,34.4928805,.
85328,.,0.1558979,34.4993425,.
85329,.,0.1597348,34.4969465,.
85330,.,0.1648571,34.492162,.
85331,.,0.149347,34.4981495,.
85332,.,0.1504923,34.5023174,.
85333,.,0.1643958,34.4949129,.
85334,.,0.1090705,34.5567273,.
85335,.,0.076796,34.567897,.
85336,.,0.0766301,34.5688434,.
85337,.,0.1091947,34.5566042,.
85338,.,0.0631805,34.5595895,.
85339,.,0.1090377,34.5564869,.
85340,.,0.1142012,34.5940295,.
85341,.,0.1179208,34.5943154,.
85342,.,0.1148668,34.5941177,.
85343,.,0.1598937,34.5658288,.
85344,.,0.5674915,34.5633466,.
85345,.,0.1616164,34.5814255,.
85346,.,0.1594114,34.5787129,.
85347,.,0.5673858,34.5633061,.
85348,.,0.1589006,34.5762069,.
85349,.,0.1517001,34.574936,.
85350,.,0.1617838,34.5827057,.
85351,.,0.161723,34.5702372,.
85352,.,0.1508374,34.5744369,.
85353,.,0.1616655,34.5711908,.
85354,.,0.1510769,34.5788578,.
85355,.,0.1489004,34.5790431,.
85356,.,0.1109526,34.618749,.
85357,.,0.1090592,34.6111011,.
85358,.,0.1109518,34.6187526,.
85359,.,0.1109165,34.6190674,.
85360,.,0.1111426,34.617175,.
85361,.,0.1105644,34.6181108,.
85362,.,0.1123984,34.6174853,.
85363,.,-0.0235953,34.496355,.
85364,.,-0.0055889,34.5009489,.
85365,.,-0.0145944,34.4998057,.
85366,.,-0.0258238,34.5061236,.
85367,.,-0.0273072,34.5073161,.
85368,.,-0.0074073,34.4951202,.
85369,.,-0.0063567,34.4884681,.
85370,.,-0.0070196,34.4957824,.
85371,.,-0.0060378,34.5010438,.
85372,.,-0.0158426,34.499185,.
85373,.,-0.0066907,34.5022842,.
85374,.,0.0094708,34.4915727,.
85375,.,-0.0289975,34.5133174,.
85376,.,0.1443383,34.5085652,.
85377,.,0.1570191,34.5146857,.
85378,.,0.1418772,34.508556,.
85379,.,0.1511708,34.5089376,.
85380,.,0.1514709,34.5088673,.
85381,.,0.1522231,34.5057251,.
85382,.,0.1570346,34.5143141,.
85383,.,0.1503836,34.5098315,.
85384,.,0.1520773,34.5046845,.
85385,.,0.2277407,34.5246455,.
85386,.,0.144359,34.5085839,.
85387,.,0.1423332,34.5060139,.
85388,.,0.0649013,34.588135,.
85389,.,0.0400049,34.5726721,.
85390,.,0.0400049,34.5726721,.
85391,.,0.0363947,34.5682318,.
85392,.,0.0416606,34.5727528,.
85393,.,0.1091322,34.5562983,.
85394,.,0.0502931,34.5818486,.
85395,.,0.0676745,34.5351742,.
85396,.,0.1092099,34.5564035,.
85397,.,0.067781,34.534886,.
85398,.,0.0670727,34.5352435,.
85399,.,0.1090219,34.5563422,.
85400,.,0.0707708,34.5317195,.
85401,.,0.0683489,34.5331837,.
85402,.,0.0949229,34.5361148,.
85403,.,0.1141838,34.4424113,.
85404,.,0.1318192,34.4475704,.
85405,.,0.1134708,34.4538031,.
85406,.,0.1122296,34.4539942,.
85407,.,0.113975,34.4535629,.
85408,.,0.1399798,34.4276844,.
85409,.,0.1363703,34.4393485,.
85410,.,0.1115175,34.4541901,.
85411,.,0.1374458,34.4411439,.
85412,.,0.1411965,34.427709,.
85413,.,0.125265,34.4442322,.
85414,.,0.1246854,34.4459058,.
85415,.,0.1146791,34.4426921,.
85416,.,0.1192033,34.4358494,.
85417,.,0.1128559,34.4549878,.
85418,.,0.1094118,34.4505736,.
85419,.,0.1191471,34.4500944,.
85420,.,0.137807,34.4271736,.
85421,.,0.1133136,34.4562684,.
85422,.,0.0979576,34.4658327,.
85423,.,0.0960692,34.4654914,.
85424,.,0.1133785,34.4571963,.
85425,.,0.1022542,34.4624126,.
85426,.,0.1024349,34.4546067,.
85427,.,0.0967694,34.4472247,.
85428,.,0.1103201,34.4637186,.
85429,.,0.1008429,34.4644833,.
85430,.,0.1011379,34.464237,.
85431,.,0.0970272,34.4495185,.
85432,.,0.1085453,34.458579,.
85433,.,0.1131278,34.4570564,.
85434,.,0.1086411,34.4584175,.
85435,.,0.1009581,34.4604138,.
85436,.,0.102095,34.4652011,.
85437,.,0.101905,34.463099,.
85438,.,0.0671591,34.5493793,.
85439,.,0.0788263,34.5798921,.
85440,.,0.0685128,34.5470724,.
85441,.,0.0363401,34.5365024,.
85442,.,0.0749469,34.5539321,.
85443,.,0.0323132,34.5370978,.
85444,.,0.0684047,34.5499303,.
85445,.,0.0703067,34.5593572,.
85446,.,0.0689185,34.5565397,.
85447,.,0.0703098,34.5593579,.
85448,.,-0.0295434,34.490895,.
85449,.,-0.0101937,34.5186729,.
85450,.,-0.0154117,34.490134,.
85451,.,-0.0041748,34.470973,.
85452,.,-0.0254779,34.4864827,.
85453,.,-0.0333467,34.4938957,.
85454,.,-0.0323795,34.4861609,.
85455,.,-0.0274115,34.4928176,.
85456,.,-0.0177845,34.4827255,.
85457,.,-0.0056985,34.4718764,.
85458,.,-0.0292877,34.4912953,.
85459,.,-0.0030678,34.4635345,.
85460,.,-0.0015733,34.4773609,.
85461,.,-0.025443,34.4860673,.
85462,.,0.0090174,34.4598018,.
85463,.,-0.0064231,34.4682407,.
85464,.,-0.0161474,34.4895997,.
85465,.,-0.0035271,34.4789745,.
85466,.,-0.7657603,34.7380691,.
85467,.,-0.7514675,34.743545,.
85468,.,-0.7503809,34.7447536,.
85469,.,-0.8038932,34.749406,.
85470,.,-0.8042441,34.7498352,.
85471,.,-0.7504778,34.7443969,.
85472,.,-0.8044494,34.7485648,.
85473,.,-0.7778602,34.7059944,.
85474,.,-0.7768107,34.7048767,.
85475,.,-0.7726272,34.699476,.
85476,.,-0.7725609,34.6994902,.
85477,.,-0.776312,34.704397,.
85478,.,-0.7017527,34.7500235,.
85479,.,-0.7023545,34.7502555,.
85480,.,-0.7038627,34.75931,.
85481,.,-0.7022053,34.7628256,.
85482,.,-0.7757639,34.7823332,.
85483,.,-0.7745395,34.7826439,.
85484,.,-0.7731671,34.7810173,.
85485,.,-0.6977118,34.7929387,.
85486,.,-0.6979248,34.7917727,.
85487,.,-0.6882844,34.7906134,.
85488,.,0.0443387,34.8097222,.
85489,.,0.0443293,34.8097264,.
85490,.,0.0459973,34.8361432,.
85491,.,0.0282244,34.8255192,.
85492,.,0.1401732,34.8071611,.
85493,.,0.2851473,34.7606433,.
85494,.,0.1367646,34.8218583,.
85495,.,0.1384137,34.8202952,.
85496,.,0.1207697,34.8222649,.
85497,.,0.1183105,34.8192575,.
85498,.,0.1356977,34.8205119,.
85499,.,0.135773581193933,34.821051685767,.
85500,.,0.1254529,34.8055848,.
85501,.,0.1382788,34.8208885,.
85502,.,0.0709938,34.8952561,.
85503,.,0.0747942292919769,34.9002153073115,.
85504,.,0.0711355362298759,34.8955598555561,.
85505,.,0.0710437,34.8953257,.
85506,.,0.0747449412030321,34.9002805647974,.
85507,.,0.051794,34.827323,.
85508,.,0.053502,34.8263357,.
85509,.,0.0171065,34.8160942,.
85510,.,0.1201177,34.7357741,.
85511,.,0.0531062,34.8283737,.
85512,.,0.0442996,34.7936193,.
85513,.,0.0440786,34.8103354,.
85514,.,0.0477639,34.8365972,.
85515,.,0.0538540427649173,34.826369385477,.
85516,.,0.0498701,34.8324917,.
85517,.,0.0498173,34.8324753,.
85518,.,0.0509451223138241,34.8318664760418,.
85519,.,0.0521196,34.8270137,.
85520,.,0.1201501,34.7359337,.
85521,.,0.0556348,34.8236098,.
85522,.,0.0517855,34.8273234,.
85523,.,0.1200757,34.7358589,.
85524,.,0.0537577222611214,34.8264099792582,.
85525,.,0.214169,34.7689951,.
85526,.,0.1084975,34.7523907,.
85527,.,0.0264274,34.8327167,.
85528,.,0.133681,34.791914,.
85529,.,0.1336105,34.7919593,.
85530,.,0.1252964,34.8061638,.
85531,.,0.1347874,34.8038554,.
85532,.,0.1385578,34.8043175,.
85533,.,0.334746011789011,34.81327261213,.
85534,.,0.1320511,34.8053008,.
85535,.,0.132378,34.7981461,.
85536,.,0.131899,34.8055338,.
85537,.,0.132345632596953,34.7981146860072,.
85538,.,0.132378,34.7981461,.
85539,.,0.1344471,34.8073426,.
85540,.,0.132445448240351,34.7978988079131,.
85541,.,0.1323417201702,34.7981479727017,.
85542,.,0.1399534,34.8071837,.
85543,.,0.1344505,34.8073411,.
85544,.,0.129137630467495,34.7960189483433,.
85545,.,0.0759969,34.90069,.
85546,.,0.162065274643927,34.8240844373396,.
85547,.,0.0845443,34.8803887,.
85548,.,0.0895430740280687,34.8708973751037,.
85549,.,0.146791,34.8289868,.
85550,.,0.1331386,34.829025,.
85551,.,0.1391564,34.8436152,.
85552,.,0.1328474,34.8303838,.
85553,.,0.1328474,34.8303838,.
85554,.,0.1467353,34.830222,.
85555,.,0.1393321,34.8442825,.
85556,.,0.1477507,34.8298927,.
85557,.,0.138199,34.8348946,.
85558,.,0.1339368,34.8289458,.
85559,.,0.1383103,34.8348631,.
85560,.,0.1085852,34.7519683,.
85561,.,0.1391564,34.8436152,.
85562,.,0.0304658,34.815227,.
85563,.,0.1097761,34.7490408,.
85564,.,0.0134098,34.8091628,.
85565,.,0.1086599,34.7522323,.
85566,.,0.0140442,34.8079683,.
85567,.,0.019984,34.8091143,.
85568,.,0.017044,34.7999937,.
85569,.,0.0272051,34.817398,.
85570,.,0.0303653,34.8152523,.
85571,.,0.0302645579023171,34.8110588999811,.
85572,.,0.0161805,34.8002026,.
85573,.,0.015479,34.7999188,.
85574,.,0.0281608842750261,34.8046946277127,.
85575,.,0.0243237,34.7986645,.
85576,.,0.1098105,34.7489296,.
85577,.,0.0239768,34.8197662,.
85578,.,0.0307835,34.809504,.
85579,.,0.0134091928934478,34.8091320979581,.
85580,.,0.0136849,34.808663,.
85581,.,0.0303715,34.8152555,.
85582,.,0.0191857,34.8087144,.
85583,.,0.0140756,34.8079004,.
85584,.,0.0137346604889405,34.8084490476367,.
85585,.,0.081136,34.8181588,.
85586,.,0.0848819,34.8304414,.
85587,.,0.0835148,34.8149735,.
85588,.,0.084957,34.8308053,.
85589,.,0.1947468,34.7668952,.
85590,.,0.1942691,34.7655943,.
85591,.,0.1153926,34.7305669,.
85592,.,0.0872995,34.854321,.
85593,.,0.1001054,34.8559151,.
85594,.,0.104592,34.8514097,.
85595,.,0.1086434,34.849377,.
85596,.,0.148444496548992,34.8961567466636,.
85597,.,0.1483261,34.8969379,.
85598,.,0.125809610499136,34.8068040677142,.
85599,.,0.3944816966596,34.9212479281661,.
85600,.,0.1474452,34.8969719,.
85601,.,0.528204677223223,35.2771476141526,.
85602,.,0.528204677223223,35.2771476141526,.
85603,.,0.444469628010153,35.3031776022808,.
85604,.,0.517790464466499,35.2734336158337,.
85605,.,0.515984960986397,35.2758623085374,.
85606,.,0.5182618019341,35.2748324131648,.
85607,.,0.517790464466499,35.2734336158337,.
85608,.,0.528708054310913,35.2780127712428,.
85609,.,0.397469,35.1747886,.
85610,.,0.3946006,35.1837431,.
85611,.,0.3984454,35.174377,.
85612,.,0.364354913204999,35.3163350398306,.
85613,.,0.465808382299576,35.1282111760514,.
85614,.,0.527881835848275,35.277459387067,.
85615,.,0.51415168715965,35.1117668873922,.
85616,.,0.528110343587546,35.2773897207008,.
85617,.,0.528294727705157,35.2769295943239,.
85618,.,0.385715356892868,35.3071927289871,.
85619,.,0.397925024620774,35.3372393016868,.
85620,.,0.516584765990714,35.1083779768522,.
85621,.,0.515850037449594,35.1079915850525,.
85622,.,0.366488799167855,35.3740136097111,.
85623,.,0.365605295350837,35.3739257598529,.
85624,.,0.35488607312677,35.3727303715228,.
85625,.,0.356477913364824,35.3681539968304,.
85626,.,0.330948985489232,35.3695094034785,.
85627,.,0.354831909758173,35.3730548466418,.
85628,.,0.343351959970546,35.3695449345244,.
85629,.,0.354894257643651,35.3727340446404,.
85630,.,0.283667896259771,35.4062864789224,.
85631,.,0.313599734032407,35.4032161410136,.
85632,.,0.313408590948833,35.4033933152672,.
85633,.,0.388551556385621,35.3334804302597,.
85634,.,0.516712463488311,35.2773170295689,.
85635,.,0.280582830244582,35.4083632245174,.
85636,.,0.528330033981812,35.2773756502683,.
85637,.,0.357857277953026,35.3545523512046,.
85638,.,0.280828799186853,35.4076981684787,.
85639,.,0.304911876830956,35.3965280713145,.
85640,.,0.200328811586027,35.0897558848618,.
85641,.,0.439326757106452,35.1259260055204,.
85642,.,0.439538542714189,35.1246593538711,.
85643,.,0.432398627053783,35.1168172003282,.
85644,.,0.306939450458001,35.4535575146883,.
85645,.,0.445213074338279,35.3159856801024,.
85646,.,0.440656756737486,35.3008135955268,.
85647,.,0.4454987229848,35.3166329669967,.
85648,.,0.214143501215709,35.0965464855526,.
85649,.,0.192830888518812,35.0996992098831,.
85650,.,0.201442151492826,35.0941830233196,.
85651,.,0.194367904906487,35.1012791176935,.
85652,.,0.203580846125191,35.0972811486198,.
85653,.,0.321477464276529,35.3936099282727,.
85654,.,0.331490730239567,35.3875287234614,.
85655,.,0.33069243417678,35.3890875323869,.
85656,.,0.33069243417678,35.3890875323869,.
85657,.,0.275718281873841,35.0082655311733,.
85658,.,0.231327758020952,35.0192660370147,.
85659,.,0.276734562768902,35.0086585702766,.
85660,.,0.198063751811117,35.087015810215,.
85661,.,0.295370467652894,35.1938639651274,.
85662,.,0.2934962,35.1914072,.
85663,.,0.283646289649352,35.1931814559844,.
85664,.,0.295916065102286,35.1942575353225,.
85665,.,0.294058,35.1930221,.
85666,.,0.286011212019816,35.1928574952111,.
85667,.,0.282340185962685,35.1940908657179,.
85668,.,0.282135116646335,35.1942386238772,.
85669,.,0.298726673372695,35.1892938500111,.
85670,.,0.209637760523963,35.2824793302158,.
85671,.,0.211603871115118,35.2835148222999,.
85672,.,0.1975013,35.272011,.
85673,.,0.213925712285691,35.2811097758338,.
85674,.,0.185675398368182,35.2726665363308,.
85675,.,0.193843480523162,35.260415091652,.
85676,.,0.21293182364805,35.2838842380373,.
85677,.,0.19988091345197,35.2571421688129,.
85678,.,0.213115965591736,35.2833610794416,.
85679,.,0.20267406345421,35.114649137488,.
85680,.,0.1975013,35.272011,.
85681,.,0.201191057785508,35.2560639381099,.
85682,.,0.201910515035442,35.1195554887153,.
85683,.,0.197244217488708,35.2698992643028,.
85684,.,0.1991376,35.2881403,.
85685,.,0.301619392486009,35.1802093978133,.
85686,.,0.306177277665265,35.2193218641556,.
85687,.,0.307660105972324,35.2157398094842,.
85688,.,0.302032257503857,35.1800337613786,.
85689,.,0.18817963596704,35.2559768577861,.
85690,.,0.305658988724314,35.2203684896157,.
85691,.,0.201370716189512,35.096311257385,.
85692,.,0.492645160642914,35.2280485458232,.
85693,.,0.482727855633093,35.2372729235817,.
85694,.,0.492332237881721,35.2281887685863,.
85695,.,0.492239494059842,35.2283309539608,.
85696,.,0.324234903819222,35.4494745216662,.
85697,.,0.32205576510033,35.448926451477,.
85698,.,0.335429078494387,35.4519971728157,.
85699,.,0.328589707922171,35.4403055715786,.
85700,.,0.334087766193396,34.996508654008,.
85701,.,0.339353159476584,34.9984340321903,.
85702,.,0.339302507989198,34.9984644092887,.
85703,.,0.335324330198292,35.0022622748906,.
85704,.,0.334025697787879,34.9964590959821,.
85705,.,0.163276660928408,35.2686507728197,.
85706,.,0.175103817383279,35.2931019690829,.
85707,.,0.173580293542052,35.2840600507836,.
85708,.,0.164254694651756,35.2485910754588,.
85709,.,0.164534214805941,35.2673826093523,.
85710,.,0.164253528937864,35.2488741557568,.
85711,.,0.172870262339785,35.2860734500993,.
85712,.,0.163171731387632,35.2652279504963,.
85713,.,0.163428470612399,35.2658596464232,.
85714,.,0.161779039354568,35.268223687081,.
85715,.,0.158603277995046,35.2519772463114,.
85716,.,0.174685737445926,35.2931883235389,.
85717,.,0.412881898145308,35.1479169767782,.
85718,.,0.415552879644399,35.1398589906319,.
85719,.,0.415777844679201,35.1391222913879,.
85720,.,0.397040874559813,35.1517760446486,.
85721,.,0.385490299504747,35.148519321234,.
85722,.,0.416124428331294,35.1391685800945,.
85723,.,0.41670741301481,35.1454808998445,.
85724,.,0.39758934411128,35.1527868098321,.
85725,.,0.323423948657422,35.4169670964905,.
85726,.,0.483190634870779,35.2549609487936,.
85727,.,0.311182571493672,35.4538102217604,.
85728,.,0.324310572306043,35.4153228407429,.
85729,.,0.323443788762608,35.4171077628282,.
85730,.,0.307008235890031,35.4533385228629,.
85731,.,0.324310572306043,35.4153228407429,.
85732,.,0.3099835871845,35.45360758396,.
85733,.,-0.4019279,34.9183183,.
85734,.,-0.3926841,34.928727,.
85735,.,-0.4008437,34.9199782,.
85736,.,-0.3908228,34.9312385,.
85737,.,-0.3927912,34.928613,.
85738,.,-0.3880086,34.920686,.
85739,.,-0.4019659,34.9184444,.
85740,.,-0.3867638,34.9197607,.
85741,.,-0.424906,34.9558656,.
85742,.,-0.4437598,34.9590176,.
85743,.,-0.4245791,34.9554527,.
85744,.,-0.4446425,34.9588508,.
85745,.,-0.443257122977297,34.9630589493673,.
85746,.,-0.4453699,34.9589192,.
85747,.,-0.442557152904579,34.9638296485172,.
85748,.,-0.4400262,34.960721,.
85749,.,-0.4685966,34.9159745,.
85750,.,-0.4699155,34.9112837,.
85751,.,-0.4699311,34.9096394,.
85752,.,-0.4719908,34.9109938,.
85753,.,-0.4658574,34.9173207,.
85754,.,-0.4671684,34.9172167,.
85755,.,-0.4699486,34.9096298,.
85756,.,-0.4691999,34.9082868,.
85757,.,-0.4291313,34.8359385,.
85758,.,-0.4624205,34.9175988,.
85759,.,-0.4633479,34.9387761,.
85760,.,-0.4619332,34.9041786,.
85761,.,-0.4615253,34.9097421,.
85762,.,-0.4699375,34.9338555,.
85763,.,-0.4601661,34.93812,.
85764,.,-0.415769,35.0028145,.
85765,.,-0.4124489,35.005363,.
85766,.,-0.4113507,35.0051626,.
85767,.,-0.4203549,34.9805403,.
85768,.,-0.4082991,35.0145192,.
85769,.,-0.4157351,35.0028134,.
85770,.,-0.4113395,35.0050826,.
85771,.,-0.4071334,35.0129979,.
85772,.,-0.4206331,34.9801359,.
85773,.,-0.4155469,35.0025521,.
85774,.,-0.4084013,35.0143668,.
85775,.,-0.4238724,34.8163025,.
85776,.,-0.4078956,34.8323332,.
85777,.,-0.4216036,34.8173877,.
85778,.,-0.4080838,34.8310112,.
85779,.,-0.420587,34.8178177,.
85780,.,-0.4210147,34.8178611,.
85781,.,-0.4091452,34.8317506,.
85782,.,-0.4268708,34.8280795,.
85783,.,-0.4270183,34.8275508,.
85784,.,-0.4269444,34.8484266,.
85785,.,-0.4259867,34.8495595,.
85786,.,-0.4292868,34.8349427,.
85787,.,-0.365159493266625,34.968340119883,.
85788,.,-0.36133198026526,34.9769111360734,.
85789,.,-0.362703722167132,34.9734796707988,.
85790,.,-0.365504999703871,34.9849062411663,.
85791,.,-0.355201815038661,34.9758075045393,.
85792,.,-0.365846197937433,34.9679742866608,.
85793,.,-0.363278260458868,34.9855354465502,.
85794,.,-0.4224083,34.9281331,.
85795,.,-0.4198689,34.9287282,.
85796,.,-0.4256744,34.9272883,.
85797,.,-0.4199226,34.9287459,.
85798,.,-0.4454104,34.9413727,.
85799,.,-0.4257664,34.9273688,.
85800,.,-0.4447417,34.9403951,.
85801,.,-0.4190888,34.9299235,.
85802,.,-0.4270714,34.9285807,.
85803,.,-0.41770916472532,34.9131731480243,.
85804,.,-0.423455004861012,34.9092200564121,.
85805,.,-0.428304427693296,34.9096809592604,.
85806,.,-0.421582588544583,34.9078083948124,.
85807,.,-0.411853221621856,34.9254466495923,.
85808,.,-0.427626585757953,34.9065832524039,.
85809,.,-0.412617077268077,34.9250725603855,.
85810,.,-0.412503021466298,34.9251166322797,.
85811,.,-0.4224840928042,34.9087576180399,.
85812,.,-0.41750660252373,34.9136903096946,.
85813,.,-0.4300207,34.9941416,.
85814,.,-0.431682846580445,34.9794517387389,.
85815,.,-0.430500857421943,34.9832711350791,.
85816,.,-0.4301798,34.9954581,.
85817,.,-0.4211183,34.9768331,.
85818,.,-0.4296173,34.9949117,.
85819,.,-0.355829738593003,34.9692063576861,.
85820,.,-0.355983187488107,34.9692021590548,.
85821,.,-0.343412766891968,34.9872923253926,.
85822,.,-0.342615754786546,34.9853998229438,.
85823,.,-0.357473335484334,34.9714642395572,.
85824,.,-0.4524174,34.9365619,.
85825,.,-0.4572579,34.9455827,.
85826,.,-0.4479294,34.9430909,.
85827,.,-0.4618516,34.9471771,.
85828,.,-0.4600857,34.948101,.
85829,.,-0.452533,34.9430819,.
85830,.,-0.4445012,34.9457995,.
85831,.,-0.4605497,34.9465684,.
85832,.,-0.4514309,34.9370746,.
85833,.,0.349103253317206,34.8306010149957,.
85834,.,0.348070271026684,34.82876205083,.
85835,.,0.349364972557558,34.8297474557597,.
85836,.,0.352653008208749,34.8259681195772,.
85837,.,0.287608683035362,34.7556641681398,.
85838,.,0.28763856562847,34.7556927241132,.
85839,.,0.287607993399364,34.755673830581,.
85840,.,0.26895963122037,34.7675470417826,.
85841,.,0.287610896975991,34.7557531503,.
85842,.,0.2866963,34.7547597,.
85843,.,0.2686963,34.7569879,.
85844,.,0.334787873612772,34.8135336787995,.
85845,.,0.268775822652513,34.767695554758,.
85846,.,0.287664460834685,34.7557480866779,.
85847,.,0.375477069200466,34.8153714643154,.
85848,.,0.3754248878117,34.8155257552222,.
85849,.,0.363530538935785,34.8121129250215,.
85850,.,0.37548969273553,34.8153839315485,.
85851,.,0.411066164768185,34.9229303254427,.
85852,.,0.287543687285067,34.7557058648401,.
85853,.,0.287525527773085,34.7558191728715,.
85854,.,0.268889965565824,34.7673747962685,.
85855,.,0.447483390893615,34.8548217857164,.
85856,.,0.287506948009793,34.7557631088292,.
85857,.,0.268941094153694,34.7681274272409,.
85858,.,0.268856268590557,34.7675710943511,.
85859,.,0.411070638856856,34.9238551655767,.
85860,.,0.132111310554382,34.8057440860113,.
85861,.,0.132071376603192,34.8059492474683,.
85862,.,0.376461535780411,34.853353624296,.
85863,.,0.37638174256951,34.8533387886383,.
85864,.,0.376346950985017,34.8534479228045,.
85865,.,0.376396702904143,34.8534136885966,.
85866,.,0.368792171991647,34.8509864332617,.
85867,.,0.376411368034871,34.8533592243966,.
85868,.,0.376392658931969,34.8534067632425,.
85869,.,0.356365076457432,34.8219510836499,.
85870,.,0.268880328601041,34.767688476801,.
85871,.,0.2076354,34.7716517,.
85872,.,0.207974917407235,34.7712459966449,.
85873,.,0.2076354,34.7716517,.
85874,.,0.207977250489944,34.7713207395442,.
85875,.,0.207881818494774,34.7712616778796,.
85876,.,0.260373792942589,34.7788556685281,.
85877,.,0.268782739657837,34.7676639892467,.
85878,.,0.262518054344038,34.7769299799713,.
85879,.,0.275157098645662,34.7882584820929,.
85880,.,0.268861551509883,34.7676100270256,.
85881,.,0.375746712405041,34.8154218539919,.
85882,.,0.275280288788211,34.7881750802476,.
85883,.,0.276121326357684,34.778868994559,.
85884,.,0.405644858839875,34.938226376996,.
85885,.,0.35675869284813,34.821798665377,.
85886,.,0.402120013402396,34.9049595697815,.
85887,.,0.405661588191536,34.9382524649268,.
85888,.,0.447569315395396,34.854845244215,.
85889,.,0.405687192896413,34.9382715174224,.
85890,.,0.405636543381367,34.9382895659377,.
85891,.,0.402205692734127,34.9048528385831,.
85892,.,0.402160727854506,34.9049902276943,.
85893,.,0.369437540411144,34.8542303965522,.
85894,.,0.369611325910047,34.8540957613621,.
85895,.,0.334865308372692,34.8137505406094,.
85896,.,0.385513114627118,34.9141237082293,.
85897,.,0.369424201084518,34.8542989375208,.
85898,.,0.369421873617,34.8541793887623,.
85899,.,0.369434376798119,34.8542146566238,.
85900,.,0.287582277483456,34.7557310352335,.
85901,.,0.334477830733171,34.8131967857669,.
85902,.,0.334805777487717,34.8134434319248,.
85903,.,0.268917750728285,34.7676418860862,.
85904,.,0.285099525931252,34.7604956833201,.
85905,.,0.347521216649663,34.8265146312097,.
85906,.,0.285489648816874,34.7570661431704,.
85907,.,0.265811822378156,34.7706791583092,.
85908,.,0.28516825894931,34.7605936098262,.
85909,.,0.287610169674899,34.7557340094133,.
85910,.,0.375165901092816,34.8539878127471,.
85911,.,0.375134120481409,34.8540188521117,.
85912,.,0.37513314394609,34.8540233974558,.
85913,.,0.334874210708366,34.8134611441421,.
85914,.,0.364862567603499,34.8235019818712,.
85915,.,0.356818469371636,34.8217302640336,.
85916,.,0.375143103932704,34.8539506024347,.
85917,.,0.287607533628516,34.7557832972149,.
85918,.,0.375172442379801,34.8540364038416,.
85919,.,0.149973713482043,34.8813751661827,.
85920,.,0.1464301,34.8868516,.
85921,.,0.1473059,34.8813697,.
85922,.,0.1464301,34.8868516,.
85923,.,0.14997760359134,34.8813930010178,.
85924,.,0.146950858290902,34.8864869263287,.
85925,.,0.247521888723015,34.795132047972,.
85926,.,0.270763989330065,34.7568019183423,.
85927,.,0.268700355491149,34.76616682005,.
85928,.,0.246914656876772,34.795490474018,.
85929,.,0.270728724211174,34.7567157405204,.
85930,.,0.241479118936389,34.7981145702146,.
85931,.,0.27076555469366,34.7581293179706,.
85932,.,0.268779557364332,34.7676754316098,.
85933,.,0.2308492,34.6890797,.
85934,.,0.2325557,34.6877902,.
85935,.,0.1096089,34.7347617,.
85936,.,0.0965805,34.685608,.
85937,.,0.1064307,34.698033,.
85938,.,0.0658258,34.7196739,.
85939,.,0.0860065,34.7696138,.
85940,.,0.2320477,34.8147391,.
85941,.,0.2345782,34.8616942,.
85942,.,0.234728,34.8616854,.
85943,.,0.2251523,34.8152818,.
85944,.,0.2250106,34.8154901,.
85945,.,0.2319697,34.8143517,.
85946,.,0.2347737,34.8621392,.
85947,.,0.1650761,34.6704836,.
85948,.,0.234859,34.7764815,.
85949,.,0.1383325,34.7598651,.
85950,.,0.1448803,34.7673572,.
85951,.,0.1390114,34.7634087,.
85952,.,0.1377482,34.7612987,.
85953,.,0.1891242,34.7587361,.
85954,.,0.1444598,34.7682222,.
85955,.,0.1390105,34.7626812,.
85956,.,0.1362602,34.7795844,.
85957,.,0.3052057,34.7749286,.
85958,.,0.1352896,34.7727009,.
85959,.,0.293298,34.7673467,.
85960,.,0.1348099,34.7720939,.
85961,.,0.1360927,34.7794701,.
85962,.,0.1347531,34.7719132,.
85963,.,0.2988556,34.7673467,.
85964,.,0.293298,34.7673467,.
85965,.,0.5947652,34.5593441,.
85966,.,0.2858356,34.7491744,.
85967,.,0.1142271,34.6735608,.
85968,.,0.1154953,34.6831094,.
85969,.,0.1140116,34.6749643,.
85970,.,0.0984685,34.6904723,.
85971,.,0.1197443,34.7026402,.
85972,.,0.1112631,34.7266488,.
85973,.,0.1232632,34.6929923,.
85974,.,0.1197428,34.7027652,.
85975,.,0.1234689,34.6925055,.
85976,.,0.1155608,34.6832467,.
85977,.,0.0985971,34.6903318,.
85978,.,0.1112631,34.7266488,.
85979,.,0.1223062,34.7003903,.
85980,.,0.1112631,34.7266488,.
85981,.,0.0984734,34.6909018,.
85982,.,0.0873655,34.7662031,.
85983,.,0.0874405,34.7738643,.
85984,.,0.0873767,34.7663731,.
85985,.,0.0828234,34.7728033,.
85986,.,0.0895635,34.7641373,.
85987,.,0.0876742,34.7666949,.
85988,.,0.0992392,34.7750208,.
85989,.,0.0888161,34.7675637,.
85990,.,0.0986761,34.7726727,.
85991,.,0.0983315,34.7460095,.
85992,.,0.1027756,34.7538114,.
85993,.,0.1303367,34.690819,.
85994,.,0.1315696,34.6917276,.
85995,.,0.1356906,34.6831144,.
85996,.,0.1299483,34.69066,.
85997,.,0.1353688,34.6834913,.
85998,.,0.1341767,34.6917161,.
85999,.,0.1341767,34.6917161,.
86000,.,0.2354293,34.7762925,.
86001,.,0.0692657,34.7580468,.
86002,.,0.0687469,34.7576801,.
86003,.,0.0833108,34.7620174,.
86004,.,0.11079,34.7479767,.
86005,.,0.1096322,34.7500033,.
86006,.,0.191569,34.7497389,.
86007,.,0.1782834,34.751377,.
86008,.,0.1911488,34.7503107,.
86009,.,0.1815494,34.7371512,.
86010,.,0.1866447,34.7474198,.
86011,.,0.1818737,34.7375092,.
86012,.,0.1860127,34.7479091,.
86013,.,0.1822036,34.7366605,.
86014,.,0.1858319,34.7483199,.
86015,.,0.1787549,34.7522464,.
86016,.,0.2320484,34.8397699,.
86017,.,0.2358657,34.8400809,.
86018,.,0.2275974,34.8211237,.
86019,.,0.2474557,34.8251591,.
86020,.,0.2351688,34.8198366,.
86021,.,0.2472021,34.8241773,.
86022,.,0.2131495,34.8238009,.
86023,.,0.2131535,34.8236658,.
86024,.,0.2358862,34.8192812,.
86025,.,0.2474911,34.8247838,.
86026,.,0.2352894,34.8194882,.
86027,.,0.2275974,34.8211237,.
86028,.,0.1864537,34.698902,.
86029,.,0.1867897,34.6991504,.
86030,.,0.1862548,34.6980811,.
86031,.,0.1877924,34.7076363,.
86032,.,0.1885215,34.7063538,.
86033,.,0.0079353,34.6751997,.
86034,.,0.0083394,34.6747242,.
86035,.,0.0117824,34.6693143,.
86036,.,-0.0010702,34.6737206,.
86037,.,0.1261554,34.6699595,.
86038,.,0.1268034,34.6655893,.
86039,.,0.1302123,34.667175,.
86040,.,0.1482233,34.6544426,.
86041,.,0.1451297,34.6547691,.
86042,.,0.1496088,34.6551157,.
86043,.,0.1268336,34.6654583,.
86044,.,0.1254999,34.6690015,.
86045,.,0.125693,34.6698617,.
86046,.,0.1496088,34.6551157,.
86047,.,0.1480669,34.6542714,.
86048,.,0.0872907,34.734447,.
86049,.,0.0833071,34.7223145,.
86050,.,0.0854989,34.7286883,.
86051,.,0.0879707,34.7340846,.
86052,.,0.0912161,34.7221765,.
86053,.,0.090768,34.7233094,.
86054,.,0.0914183,34.7221517,.
86055,.,0.2225481,34.7385395,.
86056,.,0.218294,34.7453483,.
86057,.,0.2145548,34.7229804,.
86058,.,0.214733,34.7234353,.
86059,.,0.2207662,34.7384411,.
86060,.,0.219397,34.7456376,.
86061,.,0.1638944,34.6697752,.
86062,.,0.2136337,34.7504146,.
86063,.,0.219397,34.7456376,.
86064,.,0.2144584,34.7230852,.
86065,.,0.2228537,34.7389817,.
86066,.,0.2210854,34.7388035,.
86067,.,0.1983376,34.7486714,.
86068,.,0.0947092,34.7081055,.
86069,.,0.1200509,34.7043952,.
86070,.,0.095758,34.7077665,.
86071,.,0.0947067,34.7081761,.
86072,.,0.1200744,34.7039723,.
86073,.,0.1205104,34.7021336,.
86074,.,0.1651639,34.6702309,.
86075,.,0.1900527,34.691316,.
86076,.,0.1912981,34.6915727,.
86077,.,0.1914543,34.6903599,.
86078,.,0.191748,34.6905751,.
86079,.,0.193504,34.6931142,.
86080,.,0.1932019,34.6927486,.
86081,.,0.1913102,34.6903204,.
86082,.,0.1638839,34.67116,.
86083,.,0.2403323,34.7645037,.
86084,.,0.2487519,34.7792749,.
86085,.,0.235429,34.7773081,.
86086,.,0.2924871,34.7344003,.
86087,.,0.2356183,34.7766381,.
86088,.,0.2405771,34.764481,.
86089,.,0.284949,34.7603729,.
86090,.,0.2448427,34.7611799,.
86091,.,0.2447799,34.7606726,.
86092,.,0.2449355,34.7611936,.
86093,.,0.1027774,34.7286425,.
86094,.,0.1117613,34.711372,.
86095,.,0.104503,34.7325147,.
86096,.,0.1019671,34.7330763,.
86097,.,0.1131349,34.7255585,.
86098,.,0.1043915,34.7323909,.
86099,.,0.1124936,34.7155702,.
86100,.,0.1004199,34.7378198,.
86101,.,0.1951721,34.6462291,.
86102,.,0.2010339,34.6532861,.
86103,.,0.2092536,34.6606023,.
86104,.,0.2091998,34.6605955,.
86105,.,0.2095709,34.6606105,.
86106,.,0.1999985,34.652523,.
86107,.,0.1963944,34.6463604,.
86108,.,0.2013978,34.6531582,.
86109,.,0.193888,34.6468781,.
86110,.,0.166593,34.6338328,.
86111,.,0.1762357,34.6384884,.
86112,.,0.1761545,34.6378684,.
86113,.,0.156416,34.6354465,.
86114,.,0.1732523,34.6542376,.
86115,.,0.1736733,34.6563896,.
86116,.,0.1761403,34.6383647,.
86117,.,0.1668901,34.6333052,.
86118,.,0.1569578,34.6342997,.
86119,.,0.1661987,34.6338524,.
86120,.,0.1618255,34.6358388,.
86121,.,0.287618047109992,34.7558885586605,.
86122,.,0.287745591662717,34.7558182661548,.
86123,.,0.287715715019859,34.7558899742732,.
86124,.,0.287687283925962,34.7559570525282,.
86125,.,0.1228625,34.7194015,.
86126,.,0.1212445,34.7154436,.
86127,.,0.1241944,34.7194904,.
86128,.,0.1377781,34.7324602,.
86129,.,0.1208204,34.715418,.
86130,.,0.1378387,34.7310353,.
86131,.,0.1227535,34.7194962,.
86132,.,0.1215152,34.7152065,.
86133,.,0.1420002,34.7215266,.
86134,.,0.2316023,34.7217475,.
86135,.,0.2852178,34.7606868,.
86136,.,0.2322378,34.6880611,.
86137,.,0.2186569,34.6968526,.
86138,.,0.2851983,34.7606025,.
86139,.,0.2335478,34.7215092,.
86140,.,0.2320867,34.7219887,.
86141,.,0.2331878,34.7217389,.
86142,.,0.2211083,34.6963558,.
86143,.,0.2059503,34.7005205,.
86144,.,0.2049286,34.7005939,.
86145,.,0.1964632,34.7158209,.
86146,.,0.2072912,34.705103,.
86147,.,0.2009924,34.7150898,.
86148,.,0.2074405,34.7054179,.
86149,.,0.205211,34.7006206,.
86150,.,0.1308345,34.7334833,.
86151,.,0.2849576,34.7605377,.
86152,.,0.130413,34.7332107,.
86153,.,0.2851531,34.7604695,.
86154,.,0.1295659,34.7297488,.
86155,.,0.1308165,34.7334685,.
86156,.,0.1303208,34.7306251,.
86157,.,0.2848139,34.7606293,.
86158,.,0.2851609,34.7483428,.
86159,.,0.5948814,34.559151,.
86160,.,0.1169584,34.688635,.
86161,.,0.1166006,34.6888245,.
86162,.,0.1156938,34.6874651,.
86163,.,0.098737,34.6862168,.
86164,.,0.0983345,34.687055,.
86165,.,0.2853222,34.7606275,.
86166,.,0.19297646861664,35.2114928406512,.
86167,.,0.195047700886385,35.1952729238985,.
86168,.,0.193343081423345,35.2124514685303,.
86169,.,0.195082756831705,35.1955320038753,.
86170,.,0.195599436213476,35.1963876927311,.
86171,.,0.17880012294011,35.1891434351535,.
86172,.,0.195599436213476,35.1963876927311,.
86173,.,0.207524467523752,34.9651662181062,.
86174,.,0.195369522933821,34.9752301846513,.
86175,.,0.206159985370644,34.9655656446416,.
86176,.,0.158862834294644,34.980851948662,.
86177,.,0.171874086022425,34.9742736099441,.
86178,.,0.207988920940332,34.965352420827,.
86179,.,0.195854818486598,34.9901243391994,.
86180,.,0.018586705557108,35.0725805164963,.
86181,.,0.0311013064706108,35.073681943621,.
86182,.,0.0293053151182063,35.0747924656998,.
86183,.,0.195689835598274,34.9901972281405,.
86184,.,0.159624099980599,35.0656731072422,.
86185,.,0.169361602190338,35.0638974801222,.
86186,.,0.159624099980599,35.0656731072422,.
86187,.,0.161325843877143,35.0684051437895,.
86188,.,0.218062395533614,35.1848341929103,.
86189,.,0.180365194201056,35.1898035443453,.
86190,.,0.216842523217345,35.1829322434187,.
86191,.,0.214033222342246,35.1803082988285,.
86192,.,0.216533883271321,35.1832566045868,.
86193,.,0.216553662263055,35.1832678624834,.
86194,.,0.217761220282179,35.1848901530297,.
86195,.,0.19861477737318,35.1629099967911,.
86196,.,0.0297745830938675,35.0445504632246,.
86197,.,0.0156912247379533,35.0050614989578,.
86198,.,0.0001266193109878,35.0064922644112,.
86199,.,0.0029169840344731,35.0079102660132,.
86200,.,0.0001266193109878,35.0064922644112,.
86201,.,0.0017286892804806,35.008871432654,.
86202,.,0.174923508503346,35.0671212565514,.
86203,.,0.174848759991513,35.0785304779687,.
86204,.,0.176236292379878,35.0856759144552,.
86205,.,0.163887056855855,35.0718121288781,.
86206,.,0.202496362140525,35.0602788117522,.
86207,.,0.203595650776422,35.0602553524908,.
86208,.,0.160069651056853,34.9903180569776,.
86209,.,0.174869046459169,34.9894407517908,.
86210,.,0.175676438318727,34.9899354718044,.
86211,.,0.175676438318727,34.9899354718044,.
86212,.,0.173480016815174,34.9980253754453,.
86213,.,0.165289691525141,34.988727037794,.
86214,.,0.175019108983064,35.0629087614019,.
86215,.,0.203605118065326,34.9603178263434,.
86216,.,0.201094906037072,34.9803415157907,.
86217,.,0.203605118065326,34.9603178263434,.
86218,.,0.202785385944529,34.9752158561383,.
86219,.,0.202273499442321,34.9808427909691,.
86220,.,0.204743766327464,34.9589483132948,.
86221,.,0.202273499442321,34.9808427909691,.
86222,.,0.205227292596694,34.9593964630103,.
86223,.,0.169131276949243,34.9911537456562,.
86224,.,0.202512080423412,35.0078915717474,.
86225,.,0.211071108312868,34.9984736297232,.
86226,.,0.212620285185531,35.0054053043041,.
86227,.,0.212055199262785,35.0054226762688,.
86228,.,0.211463309531116,34.9987307589166,.
86229,.,0.197051584396992,35.005136471321,.
86230,.,0.203644871874157,35.0079253695195,.
86231,.,0.0419247339776182,35.0633706877486,.
86232,.,0.0220209033898032,35.0466153829154,.
86233,.,0.0229679613139047,35.0461876998777,.
86234,.,0.0121262621439429,35.0776384001,.
86235,.,0.0514740710827497,35.0267062086272,.
86236,.,0.0297030705803256,35.0180778293068,.
86237,.,0.0503131410871598,35.0230192951957,.
86238,.,0.0252863340929375,35.01943876629,.
86239,.,0.0275839540938844,35.0152020970062,.
86240,.,0.0291442018300808,35.017614943801,.
86241,.,0.799034131408524,34.6740895213877,.
86242,.,0.803132743519503,34.6896518069518,.
86243,.,0.800612932638183,34.6881810315824,.
86244,.,0.798537100085182,34.673221823477,.
86245,.,0.7302123,34.6801965,.
86246,.,0.7302123,34.6801965,.
86247,.,0.7369907,34.6627039,.
86248,.,0.7381956,34.6639727,.
86249,.,0.7526464,34.7071571,.
86250,.,0.7458969,34.646728,.
86251,.,0.7307062,34.6791614,.
86252,.,0.7399221,34.6682651,.
86253,.,0.7261462,34.661322,.
86254,.,0.7458969,34.646728,.
86255,.,0.7379363,34.6680736,.
86256,.,0.7271428,34.6660041,.
86257,.,0.7408359,34.6694281,.
86258,.,0.7501253,34.7086864,.
86259,.,0.7458951,34.6467143,.
86260,.,0.795094716003892,34.7805777341244,.
86261,.,0.5818199,34.5595535,.
86262,.,0.786284498360069,34.7852243604758,.
86263,.,0.794073877798601,34.7769177702973,.
86264,.,0.793012581665546,34.8316650617463,.
86265,.,0.5776891,34.5583036,.
86266,.,0.786259808697642,34.7853062952877,.
86267,.,0.5776891,34.5583036,.
86268,.,0.795059541654274,34.7806485891063,.
86269,.,0.797582718292007,34.7786975522399,.
86270,.,0.78977427322328,34.7891296521425,.
86271,.,0.794029095028145,34.7824707825322,.
86272,.,0.7478066,34.6859738,.
86273,.,0.7425077,34.6930661,.
86274,.,0.7433589,34.6939973,.
86275,.,0.7592789,34.6710974,.
86276,.,0.7491449,34.6863507,.
86277,.,0.7478066,34.6859738,.
86278,.,0.7566343,34.6707344,.
86279,.,0.77795268059146,34.663369774576,.
86280,.,0.777579076735602,34.6625896741379,.
86281,.,0.7555928,34.670726,.
86282,.,0.782446744991014,34.6411571820039,.
86283,.,0.782706770411799,34.6400781268631,.
86284,.,0.782812272860664,34.6403221884678,.
86285,.,0.7795548,34.7536652,.
86286,.,0.7955697,34.7539687,.
86287,.,0.7974678,34.7590701,.
86288,.,0.7989684,34.7545305,.
86289,.,0.7983154,34.758826,.
86290,.,0.5863098,34.5549184,.
86291,.,0.807134117527555,34.7871851925258,.
86292,.,0.801019433051996,34.7905207072932,.
86293,.,0.811191282734182,34.7869144861527,.
86294,.,0.795001004796213,34.7979105316332,.
86295,.,0.810190249330157,34.7877923382499,.
86296,.,0.810792453036947,34.7903745350782,.
86297,.,0.810762806737987,34.7904013797236,.
86298,.,0.7768243,34.620087,.
86299,.,0.7992812,34.7391981,.
86300,.,0.7994343,34.7391705,.
86301,.,0.7768286,34.6201125,.
86302,.,0.799402,34.7391577,.
86303,.,0.776475,34.6240266,.
86304,.,0.776124,34.6197074,.
86305,.,0.835680372563862,34.7666485460008,.
86306,.,0.834916344755145,34.763121073629,.
86307,.,0.834609889718425,34.7671302630391,.
86308,.,0.845950957156113,34.7522683621792,.
86309,.,0.816443667686333,34.7603146260457,.
86310,.,0.844512802070673,34.7508552459554,.
86311,.,0.842482770132939,34.7502329197716,.
86312,.,0.842238142438872,34.7502801739435,.
86313,.,0.837842451452527,34.7595680337148,.
86314,.,0.849006013489744,34.750593067192,.
86315,.,0.820805233596368,34.7582548592634,.
86316,.,0.8066247,34.6535552,.
86317,.,0.7943717,34.6561906,.
86318,.,0.7949213,34.6488498,.
86319,.,0.7981032,34.6471283,.
86320,.,0.7954683,34.6562421,.
86321,.,0.8060511,34.6541443,.
86322,.,0.8060579,34.6541494,.
86323,.,0.823281205418097,34.7578845945813,.
86324,.,0.8237258,34.7586436,.
86325,.,0.77810179791254,34.7881619240996,.
86326,.,0.8251446,34.7582999,.
86327,.,0.823576466717419,34.7582479192768,.
86328,.,0.8301089,34.76285,.
86329,.,0.7174076,34.6386113,.
86330,.,0.7496365,34.6075714,.
86331,.,0.7163555,34.6394315,.
86332,.,0.7166416,34.6395771,.
86333,.,0.5864974,34.5548406,.
86334,.,0.7158755,34.6133293,.
86335,.,0.59158,34.5534531,.
86336,.,0.7486948,34.6123228,.
86337,.,0.7487094,34.6123252,.
86338,.,0.5914695,34.5533701,.
86339,.,0.7171228,34.6133333,.
86340,.,0.5865024,34.5548526,.
86341,.,0.7205379,34.5679407,.
86342,.,0.7250873,34.5570461,.
86343,.,0.7379906,34.5681995,.
86344,.,0.7461521,34.5617564,.
86345,.,0.7288296,34.5590532,.
86346,.,0.737622,34.566831,.
86347,.,0.7251017,34.5570353,.
86348,.,0.7178824,34.567326,.
86349,.,0.7378862,34.5676764,.
86350,.,0.7262337,34.5595933,.
86351,.,0.7180477,34.5673663,.
86352,.,0.7443453,34.5629438,.
86353,.,0.7466801,34.5622663,.
86354,.,0.7443453,34.5629438,.
86355,.,0.775765942778681,34.7500533216638,.
86356,.,0.766494701390993,34.753866633115,.
86357,.,0.784690429080131,34.744960907684,.
86358,.,0.758286131320228,34.7710251012079,.
86359,.,0.7791639,34.7432336,.
86360,.,0.771065618807069,34.7520279848901,.
86361,.,0.7798328,34.7427976,.
86362,.,0.771286172962112,34.7516038669963,.
86363,.,0.775540617669469,34.7499621731905,.
86364,.,0.758270191144501,34.7709519015304,.
86365,.,0.775028096321007,34.7499508680202,.
86366,.,0.759559720936479,34.7708100432083,.
86367,.,0.769986839519783,34.7642856604178,.
86368,.,-0.186304337367794,35.5980501087621,.
86369,.,-0.186284578634253,35.59806777317,.
86370,.,-0.245128241405326,35.3453321881099,.
86371,.,-0.257473,35.4772465,.
86372,.,-0.245149976606883,35.3452927119204,.
86373,.,-0.10813339914749,35.5419669861025,.
86374,.,-0.141887915088794,35.59779304099,.
86375,.,-0.131275795526812,35.5963387709918,.
86376,.,-0.135740411830995,35.5982668755825,.
86377,.,-0.189964211714269,35.5853497215034,.
86378,.,-0.148725394152268,35.5917648449134,.
86379,.,-0.186973855711929,35.5964823713862,.
86380,.,-0.146415668800739,35.5930988090086,.
86381,.,0.520226185920849,35.2744930962148,.
86382,.,-0.165292795359953,35.6207153767569,.
86383,.,-0.189958159819907,35.585294319578,.
86384,.,-0.186655171922694,35.5956980079332,.
86385,.,-0.145660192302815,35.5915832839946,.
86386,.,-0.186655171922694,35.5956980079332,.
86387,.,-0.1370863,35.5966804,.
86388,.,-0.159249475429283,35.6463250261387,.
86389,.,-0.18664930681549,35.5955916332286,.
86390,.,-0.158926900729454,35.5874243517155,.
86391,.,-0.146415668800739,35.5930988090086,.
86392,.,-0.189964211714269,35.5853497215034,.
86393,.,-0.1385209692412,35.5952878396127,.
86394,.,0.520226185920849,35.2744930962148,.
86395,.,-0.168673197524414,35.6051437176128,.
86396,.,-0.146954029467341,35.5924842211713,.
86397,.,-0.165925418460806,35.608505279109,.
86398,.,-0.169394049269046,35.6150972538248,.
86399,.,0.530332298018211,35.2780313754974,.
86400,.,-0.165822288386548,35.6083755626935,.
86401,.,-0.1419332,35.6025443,.
86402,.,-0.177039269197907,35.5741144059283,.
86403,.,-0.1643228,35.5896474,.
86404,.,-0.18633677713242,35.5984372229046,.
86405,.,-0.147627669271403,35.5902732589264,.
86406,.,-0.147008336305628,35.5910174152207,.
86407,.,-0.144704062419289,35.5922943284533,.
86408,.,0.544092689463879,35.2829987165012,.
86409,.,-0.148345603667883,35.5910556993575,.
86410,.,-0.144835265612453,35.5956868902492,.
86411,.,-0.146443756068174,35.5929936495852,.
86412,.,-0.148561653381849,35.5918214585205,.
86413,.,-0.147627669271403,35.5902732589264,.
86414,.,-0.145660192302815,35.5915832839946,.
86415,.,-0.129470774251189,35.6123623700309,.
86416,.,-0.137125311192658,35.5968571697252,.
86417,.,0.541964724677778,35.2822748266583,.
86418,.,-0.177050575688002,35.5741422106281,.
86419,.,-0.163892575024592,35.5883138560629,.
86420,.,0.520290016621016,35.2744126952002,.
86421,.,-0.158975201144768,35.5884302880981,.
86422,.,-0.177039269197907,35.5741144059283,.
86423,.,-0.146954029467341,35.5924842211713,.
86424,.,-0.1764442,35.6175375,.
86425,.,-0.167799568455282,35.6010605189494,.
86426,.,-0.1384446,35.5383658,.
86427,.,-0.1652962,35.5378896,.
86428,.,-0.1500181,35.5384604,.
86429,.,-0.1403266,35.5436,.
86430,.,-0.1370826,35.5421085,.
86431,.,-0.161358,35.5267029,.
86432,.,-0.1659225,35.5428114,.
86433,.,-0.1435398,35.5509828,.
86434,.,-0.1613799,35.5265754,.
86435,.,-0.1558228,35.5478248,.
86436,.,-0.1494441,35.5258301,.
86437,.,-0.1649485,35.5456016,.
86438,.,-0.1585536,35.5196971,.
86439,.,-0.1572373,35.5202527,.
86440,.,-0.1722551,35.5291728,.
86441,.,-0.1582609,35.520214,.
86442,.,-0.1619298,35.5258363,.
86443,.,-0.143606,35.5509903,.
86444,.,-0.1722301,35.5291046,.
86445,.,-0.1489537,35.5262622,.
86446,.,-0.1728875,35.5303433,.
86447,.,-0.1379774,35.536251,.
86448,.,-0.1571381,35.5362983,.
86449,.,-0.1390108,35.5386227,.
86450,.,-0.1700015,35.5426196,.
86451,.,-0.1619896,35.5258649,.
86452,.,-0.1686373,35.5423177,.
86453,.,-0.1373169,35.5400483,.
86454,.,-0.1580907,35.5502625,.
86455,.,-0.1673897,35.5414368,.
86456,.,-0.1601298,35.5261131,.
86457,.,-0.1690612,35.5433371,.
86458,.,-0.1580939,35.5505949,.
86459,.,-0.1650129,35.5457711,.
86460,.,-0.1564205,35.5354793,.
86461,.,-0.1576518,35.5193146,.
86462,.,-0.1438825,35.5509645,.
86463,.,-0.183992004641639,35.4275494010477,.
86464,.,-0.17870372357001,35.4342341997541,.
86465,.,-0.205074524337587,35.34222953509,.
86466,.,-0.177315801142699,35.4363447053037,.
86467,.,-0.205074524337587,35.34222953509,.
86468,.,-0.184576458184698,35.426804192597,.
86469,.,-0.1216706,35.5418808,.
86470,.,-0.1227313,35.5269586,.
86471,.,-0.1053664,35.5275525,.
86472,.,-0.1246296,35.5283221,.
86473,.,-0.1225084,35.5270163,.
86474,.,-0.1100229,35.5313325,.
86475,.,-0.1132389,35.5207345,.
86476,.,-0.1218879,35.531242,.
86477,.,-0.1025025,35.5289707,.
86478,.,-0.1019726,35.5284355,.
86479,.,-0.1152363,35.5166825,.
86480,.,-0.1053771,35.5274636,.
86481,.,-0.1105016,35.5340264,.
86482,.,-0.1033242,35.5256157,.
86483,.,-0.1019246,35.5269384,.
86484,.,-0.1218515,35.5277346,.
86485,.,-0.1224806,35.5269589,.
86486,.,-0.1038026,35.5208716,.
86487,.,-0.1086839,35.5102166,.
86488,.,-0.1024836,35.5287365,.
86489,.,-0.1157914,35.5237813,.
86490,.,-0.1022725,35.5351939,.
86491,.,-0.1025352,35.5289956,.
86492,.,-0.1064871,35.5182872,.
86493,.,-0.1154574,35.5234142,.
86494,.,-0.1221137,35.5313614,.
86495,.,-0.1068566,35.5152026,.
86496,.,-0.1017363,35.5288391,.
86497,.,-0.1039744,35.5166668,.
86498,.,-0.1025571,35.527153,.
86499,.,-0.1064152,35.5156298,.
86500,.,-0.1126576,35.5208805,.
86501,.,-0.1023164,35.5350594,.
86502,.,-0.124563,35.5281789,.
86503,.,-0.1040694,35.5201673,.
86504,.,-0.1157914,35.5237813,.
86505,.,-0.1042511,35.5256545,.
86506,.,-0.1072518,35.5152029,.
86507,.,-0.1224859,35.5270048,.
86508,.,-0.1073969,35.5182411,.
86509,.,-0.1100445,35.5312598,.
86510,.,-0.1179625,35.5191102,.
86511,.,-0.1017995,35.5287837,.
86512,.,-0.1018538,35.5269674,.
86513,.,-0.1157311,35.5237414,.
86514,.,-0.1043711,35.5197805,.
86515,.,-0.1156426,35.5176964,.
86516,.,-0.1174215,35.5189611,.
86517,.,-0.1030748,35.522362,.
86518,.,-0.1164865,35.5194005,.
86519,.,-0.1036112,35.5204636,.
86520,.,-0.1219658,35.5312242,.
86521,.,-0.1105332,35.5338624,.
86522,.,-0.1152529,35.5166697,.
86523,.,-0.1038492,35.5086003,.
86524,.,-0.1053735,35.5274732,.
86525,.,-0.10163,35.5285692,.
86526,.,-0.1157467,35.5238246,.
86527,.,-0.1022987,35.5352279,.
86528,.,-0.1143241,35.5223971,.
86529,.,-0.1095675,35.5316647,.
86530,.,-0.1023375,35.5289289,.
86531,.,-0.148207750599444,35.4776422087219,.
86532,.,-0.138743308456605,35.4860055599112,.
86533,.,-0.164061998700976,35.5884233581392,.
86534,.,-0.139568439689207,35.4800846559605,.
86535,.,-0.139568439689207,35.4800846559605,.
86536,.,-0.1496107,35.4939401,.
86537,.,-0.138743308456605,35.4860055599112,.
86538,.,-0.147959193170491,35.4762617215534,.
86539,.,-0.149573,35.4940121,.
86540,.,0.528216728755102,35.2771564091934,.
86541,.,-0.216261133542602,35.3672086912289,.
86542,.,0.528216728755102,35.2771564091934,.
86543,.,-0.211822636190471,35.3467734248123,.
86544,.,-0.218385444922127,35.3654583098087,.
86545,.,-0.239693269801136,35.3599372555002,.
86546,.,-0.241441699000012,35.3593284078246,.
86547,.,-0.239693269801136,35.3599372555002,.
86548,.,-0.211822636190471,35.3467734248123,.
86549,.,-0.218385444922127,35.3654583098087,.
86550,.,0.528377188679697,35.2777271451117,.
86551,.,-0.208958051475772,35.3475450417073,.
86552,.,-0.107747606770017,35.5474422022804,.
86553,.,-0.12457053473991,35.5740787621663,.
86554,.,-0.119389969347919,35.5584228439849,.
86555,.,-0.114749468141276,35.5582459989204,.
86556,.,-0.112340903211874,35.5637029744443,.
86557,.,-0.108232687483566,35.5618977858126,.
86558,.,-0.107361861403138,35.5364725291509,.
86559,.,-0.113350033866816,35.5535636411072,.
86560,.,-0.120853714043407,35.5562509873245,.
86561,.,-0.1765252,35.6175447,.
86562,.,-0.12457053473991,35.5740787621663,.
86563,.,-0.121938698069511,35.5594073367196,.
86564,.,-0.117847886679827,35.5525619781291,.
86565,.,-0.1766044,35.6175899,.
86566,.,-0.108232687483566,35.5618977858126,.
86567,.,-0.107912002368477,35.5473565885218,.
86568,.,-0.121640860363999,35.557012805567,.
86569,.,-0.108133974060681,35.5413426612093,.
86570,.,-0.106127905112531,35.5430759040227,.
86571,.,-0.107747606770017,35.5474422022804,.
86572,.,-0.113350033866816,35.5535636411072,.
86573,.,-0.106530438260852,35.5427877748963,.
86574,.,-0.107361861403138,35.5364725291509,.
86575,.,-0.108038008344349,35.5410113715047,.
86576,.,-0.164050677545809,35.5883704019437,.
86577,.,-0.108133974060681,35.5413426612093,.
86578,.,-0.106030986961983,35.5382162467058,.
86579,.,-0.117676308680419,35.557168253866,.
86580,.,-0.6060386,34.874511,.
86581,.,-0.586906,34.8728258,.
86582,.,-0.5850297,34.8715512,.
86583,.,-0.6049497,34.8744443,.
86584,.,-0.616742,34.7647999,.
86585,.,-0.6165295,34.7660413,.
86586,.,-0.6037701,34.7731653,.
86587,.,-0.631143867107977,34.7691424020496,.
86588,.,-0.634571539637081,34.7895083388215,.
86589,.,-0.633484112157021,34.7885728496981,.
86590,.,-0.631910051349108,34.7694505924823,.
86591,.,-0.630744479375326,34.7701344111493,.
86592,.,-0.644004812257786,34.8208824288701,.
86593,.,-0.640341761924637,34.8245095716996,.
86594,.,-0.556962593927645,34.7847815280622,.
86595,.,-0.556624037575745,34.7835653021576,.
86596,.,-0.543890368167094,34.7806032933638,.
86597,.,-0.544584079759384,34.7817315116726,.
86598,.,-0.545577031614771,34.7823042366154,.
86599,.,-0.544301018986781,34.781406229859,.
86600,.,-0.544230886179062,34.7813979716312,.
86601,.,-0.576617021286387,34.8166222540254,.
86602,.,-0.571597844122888,34.8138318990756,.
86603,.,-0.571911423822288,34.8139589604236,.
86604,.,-0.577415833450514,34.8131132185702,.
86605,.,-0.5656067,34.8351946,.
86606,.,-0.5799459,34.8309698,.
86607,.,-0.5811172,34.8317555,.
86608,.,-0.5804314,34.8309988,.
86609,.,-0.5811623,34.831757,.
86610,.,-0.5709768,34.8334903,.
86611,.,-0.5671147,34.8364524,.
86612,.,-0.5718037,34.8335384,.
86613,.,-0.5656308,34.8351082,.
86614,.,-0.59934062881631,34.856650986632,.
86615,.,-0.598900963146673,34.8601608103408,.
86616,.,-0.599969195421661,34.8602571009385,.
86617,.,-0.601107739280275,34.8589022773921,.
86618,.,-0.545600181840258,34.8326794807182,.
86619,.,-0.560652180850062,34.8228152119619,.
86620,.,-0.544465108651905,34.8322297727385,.
86621,.,-0.554369977140142,34.818586168519,.
86622,.,-0.560969260357412,34.8228039238621,.
86623,.,-0.555101219614008,34.8190323522809,.
86624,.,-0.560065268385976,34.8188255569784,.
86625,.,-0.545522432966947,34.8321628736316,.
86626,.,-0.539621528271016,34.7962445882777,.
86627,.,-0.556696066274863,34.7951247393121,.
86628,.,-0.540828031927332,34.7946204997521,.
86629,.,-0.556147859469605,34.7940606420169,.
86630,.,-0.539578846532022,34.7956234643029,.
86631,.,-0.529394745664348,34.7840906973225,.
86632,.,-0.533352271424456,34.79229586637,.
86633,.,-0.529085939232359,34.7843515292299,.
86634,.,-0.575948115090438,34.737584833617,.
86635,.,-0.573186162738558,34.7459599141983,.
86636,.,-0.572243646207747,34.7388638347486,.
86637,.,-0.573478924614486,34.7461724573142,.
86638,.,-0.575929215257699,34.7375528693431,.
86639,.,-0.573430900731854,34.7370260276162,.
86640,.,-0.57250901695917,34.7459272873391,.
86641,.,-0.5994738,34.8231122,.
86642,.,-0.5997203,34.8208125,.
86643,.,-0.6160884,34.804867,.
86644,.,-0.6081103,34.8235109,.
86645,.,-0.6110929,34.8085006,.
86646,.,-0.6071903,34.8246431,.
86647,.,-0.6152396,34.8039892,.
86648,.,0.796818528677245,34.9776549690519,.
86649,.,0.785864207904099,34.9894701921068,.
86650,.,0.784367378381295,35.0072441441207,.
86651,.,0.818451141264235,34.9896579144069,.
86652,.,0.842126399900192,34.9917015632612,.
86653,.,0.785790435107372,34.9893038590071,.
86654,.,0.796818528677245,34.9776549690519,.
86655,.,0.786673814303243,34.988334976827,.
86656,.,0.818451141264235,34.9896579144069,.
86657,.,0.7704705,35.0902149,.
86658,.,0.7876292,35.0840679,.
86659,.,0.7767485,35.0755226,.
86660,.,0.7615697,35.0891798,.
86661,.,0.7693713,35.090584,.
86662,.,0.7708227,35.0907174,.
86663,.,0.7805741,35.0712411,.
86664,.,0.7868297,35.0845921,.
86665,.,0.7763937,35.073913,.
86666,.,0.776737,35.0739806,.
86667,.,0.7868163,35.0844848,.
86668,.,0.7615958,35.089066,.
86669,.,0.7771203,35.0754544,.
86670,.,0.7805793,35.0712528,.
86671,.,0.7399908,34.9989127,.
86672,.,0.7379605,34.9811673,.
86673,.,0.758117394088903,34.9149646984294,.
86674,.,0.7358497,34.9966521,.
86675,.,0.7399882,34.9989097,.
86676,.,0.7306001,34.9929051,.
86677,.,0.7307775,34.9928695,.
86678,.,0.730771,34.9928681,.
86679,.,0.7358497,34.9966521,.
86680,.,0.7217337,35.0004253,.
86681,.,0.7250535,34.9907765,.
86682,.,0.725825191931395,34.9898283803396,.
86683,.,0.776632209821879,34.9640982663897,.
86684,.,0.754748545942847,34.8807840974306,.
86685,.,0.901891791179699,35.0884374382217,.
86686,.,0.696200811692124,35.120112078499,.
86687,.,0.697157094261416,34.7351814520714,.
86688,.,0.811568028770654,35.01247504671,.
86689,.,0.8167602,35.0267646,.
86690,.,0.69717972538691,34.7351868470517,.
86691,.,0.715706235019047,34.7556451708736,.
86692,.,0.696652009839454,34.7270435453887,.
86693,.,0.697184539901874,34.7352232814667,.
86694,.,0.80562878926812,35.0318833476038,.
86695,.,0.811704427868937,35.012269864479,.
86696,.,0.805676075676773,35.0318470049617,.
86697,.,0.805623177001155,35.0314917514043,.
86698,.,0.818831185420215,35.0264998781019,.
86699,.,0.8169242,35.0257377,.
86700,.,0.857346931464708,35.0839165311148,.
86701,.,0.858060200935682,35.0852380964066,.
86702,.,0.858060200935682,35.0852380964066,.
86703,.,0.878350293338703,35.0911082887264,.
86704,.,0.86128093620658,35.0924017032419,.
86705,.,0.861309667141777,35.0922412535457,.
86706,.,0.861309667141777,35.0922412535457,.
86707,.,0.85792145122515,35.0847711322009,.
86708,.,0.871705185249917,35.0879657431622,.
86709,.,0.882736633997305,35.0805356552599,.
86710,.,0.871705185249917,35.0879657431622,.
86711,.,0.877477128194334,35.0904864808348,.
86712,.,0.88274552722111,35.0805400111531,.
86713,.,0.854014306263266,35.0814139084861,.
86714,.,0.878350293338703,35.0911082887264,.
86715,.,0.745654746397932,35.0935353711149,.
86716,.,0.746609263066194,35.1445293395179,.
86717,.,0.732859956687804,35.088533874392,.
86718,.,0.740311225424945,35.0928665784543,.
86719,.,0.740216057147536,35.0927645727817,.
86720,.,0.745845812377396,35.1141655206031,.
86721,.,0.732859956687804,35.088533874392,.
86722,.,0.705242619126298,35.1044383866989,.
86723,.,0.756604383511838,35.0997153735277,.
86724,.,0.756513120634455,35.099383792246,.
86725,.,0.745654746397932,35.0935353711149,.
86726,.,0.745845812377396,35.1141655206031,.
86727,.,0.705395614151543,35.1039415244551,.
86728,.,0.745736967062,35.1146408460815,.
86729,.,0.705242619126298,35.1044383866989,.
86730,.,0.763378166566745,35.0998279880455,.
86731,.,0.8648745,35.0187275,.
86732,.,0.8908394,34.9324223,.
86733,.,0.8909259,34.9324234,.
86734,.,0.8908755,34.9323727,.
86735,.,0.71036743294572,34.9773440873164,.
86736,.,0.7251686,34.9900607,.
86737,.,0.713227664866336,34.9873507770613,.
86738,.,0.7292325,34.9710075,.
86739,.,0.71326040896723,34.9873616532222,.
86740,.,0.763679737621807,35.0990778077584,.
86741,.,0.769169052302726,35.0971491731773,.
86742,.,0.7124884,34.9874396,.
86743,.,0.7247222,34.9777438,.
86744,.,0.7292369,34.9710192,.
86745,.,0.709312382604619,34.9793923356643,.
86746,.,0.7230575,34.9639968,.
86747,.,0.716778361043495,34.9751336651478,.
86748,.,0.740199963019224,35.0630734220576,.
86749,.,0.750709004770387,35.0573052529573,.
86750,.,0.747186591375333,35.0716306433294,.
86751,.,0.751369412436157,35.0695390726568,.
86752,.,0.757385772097243,35.0673425393732,.
86753,.,0.740315235918383,35.0630726504011,.
86754,.,0.740187672745219,35.0631150268607,.
86755,.,0.753133212996057,35.0575961547191,.
86756,.,0.749959088305125,35.0690050356319,.
86757,.,0.751349365359095,35.069382496735,.
86758,.,0.749565284922975,35.0683053640273,.
86759,.,0.748395823771105,35.0709787475563,.
86760,.,0.749845256249896,35.0682489671247,.
86761,.,0.743904692351431,35.0623829248006,.
86762,.,0.743904692351431,35.0623829248006,.
86763,.,0.749447462675158,35.0689590655337,.
86764,.,0.7688174,34.945222,.
86765,.,0.774815953796803,34.9693754076822,.
86766,.,0.766846711308528,34.9677411320803,.
86767,.,0.778826983603899,34.9691698067701,.
86768,.,0.778724017093211,34.9689532551955,.
86769,.,0.7798812,34.9690353,.
86770,.,0.776864611239703,34.9690321058976,.
86771,.,0.781850904323789,34.9652831804044,.
86772,.,0.7798847,34.9690258,.
86773,.,0.767208133478884,34.9676456783321,.
86774,.,0.78185275023709,34.9653343866451,.
86775,.,0.775025783344268,34.9691998139575,.
86776,.,0.8259598,35.0526158,.
86777,.,0.8306567,35.0713128,.
86778,.,0.8175902,35.0573304,.
86779,.,0.8225322,35.0703172,.
86780,.,0.8227922,35.0597869,.
86781,.,0.8207939,35.0696237,.
86782,.,0.8250519,35.0554288,.
86783,.,0.824961,35.0554695,.
86784,.,0.8146547,35.0651847,.
86785,.,0.82499,35.0554611,.
86786,.,0.8306081,35.0713275,.
86787,.,0.8296685,35.0735977,.
86788,.,0.8146627,35.0651839,.
86789,.,0.8227041,35.0596759,.
86790,.,0.8177366,35.0573106,.
86791,.,0.2844406,34.5880179,.
86792,.,0.2875368,34.5877465,.
86793,.,-0.774277297686857,34.9362851590526,.
86794,.,-0.7753629116065,34.9347730811467,.
86795,.,-0.774540934197612,34.9360188246419,.
86796,.,-0.716330910739789,34.8792185823152,.
86797,.,-0.725686258488384,34.8835143988489,.
86798,.,-0.6636704,34.7481194,.
86799,.,-0.726095110566696,34.8837125331144,.
86800,.,-0.731398792627666,34.9204596607796,.
86801,.,-0.72858711255744,34.9206754906694,.
86802,.,-0.729202804849077,34.9205229926067,.
86803,.,-0.728645963328974,34.9205237631696,.
86804,.,-0.77345317189304,34.9493007991842,.
86805,.,-0.764774615510702,34.9280869833462,.
86806,.,-0.764907427070245,34.9283561851159,.
86807,.,-0.772857342228353,34.9498738279623,.
86808,.,-0.764917105365635,34.9275047352809,.
86809,.,-0.776135838360568,34.8442263923302,.
86810,.,-0.77570255079123,34.8458565763841,.
86811,.,-0.775611047526539,34.8459489462652,.
86812,.,-0.735536569670029,34.9443585065418,.
86813,.,-0.800541355403544,34.8694191046074,.
86814,.,-0.799972160259522,34.8675202440624,.
86815,.,-0.800179316376381,34.8675166959846,.
86816,.,-0.719639737306587,34.932004562846,.
86817,.,-0.727264093203746,34.9239070292712,.
86818,.,-0.720315615374254,34.9326705058127,.
86819,.,-0.727255205940427,34.9240185598538,.
86820,.,-0.728621289272034,35.0552749780651,.
86821,.,-0.728639486225114,35.0552636744871,.
86822,.,-0.752191305995364,35.0206322515368,.
86823,.,-0.72739437733705,34.8996176575265,.
86824,.,-0.727344677802855,34.8996331458038,.
86825,.,-0.729881263716691,34.9805911463383,.
86826,.,-0.750459691190271,34.9200054477809,.
86827,.,-0.750877187606484,34.9194867331269,.
86828,.,-0.750340686721839,34.9206146680709,.
86829,.,-0.787927017323645,34.9858091446252,.
86830,.,-0.797210350670081,35.0007441747684,.
86831,.,-0.789879730363885,34.9855795688202,.
86832,.,-0.692880438486314,34.8063382108531,.
86833,.,-0.693141303800869,34.8037285609962,.
86834,.,-0.700633364777135,34.7998306562548,.
86835,.,-0.6635707,34.7480762,.
86836,.,-0.692761366398332,34.8038119939475,.
86837,.,-0.6635552,34.7481442,.
86838,.,-0.70040913965334,34.8004380588968,.
86839,.,-0.692900607071606,34.8063527939138,.
86840,.,-0.68540032334019,35.007562530785,.
86841,.,-0.686358250353732,35.006758404442,.
86842,.,-0.749850971928676,34.8466546493663,.
86843,.,-0.751953920918555,34.8502184842049,.
86844,.,-0.744354414281599,34.8594056534159,.
86845,.,-0.751940506967751,34.8502112726342,.
86846,.,0.5005396,34.8039068,.
86847,.,0.5022722,34.8001509,.
86848,.,0.4824325,34.8066073,.
86849,.,0.5005118,34.8034982,.
86850,.,0.4835366,34.8041249,.
86851,.,0.5010362,34.8027588,.
86852,.,0.4825401,34.8046298,.
86853,.,0.4836222,34.8066193,.
86854,.,0.5020475,34.8022042,.
86855,.,0.4471776,34.8537178,.
86856,.,0.5008931,34.8035989,.
86857,.,0.6100655,34.9077228,.
86858,.,0.6099764,34.9074258,.
86859,.,0.6064577,34.8981509,.
86860,.,0.6104587,34.9046945,.
86861,.,0.6484189,34.8786776,.
86862,.,0.6077361,34.9040044,.
86863,.,0.6073383,34.9051429,.
86864,.,0.6064577,34.8981509,.
86865,.,0.486547,34.8830418,.
86866,.,0.4745455,34.9026448,.
86867,.,0.475095,34.9030466,.
86868,.,0.4668466,34.8750066,.
86869,.,0.4855608,34.9005518,.
86870,.,0.4672207,34.8746363,.
86871,.,0.4713953,34.8998871,.
86872,.,0.4851936,34.8837416,.
86873,.,0.4751686,34.9024563,.
86874,.,0.4726276,34.8995669,.
86875,.,0.4865034,34.9013933,.
86876,.,0.5417886,34.7769259,.
86877,.,0.5392128,34.7840611,.
86878,.,0.5388185,34.7877147,.
86879,.,0.5386527,34.7841811,.
86880,.,0.5413924,34.7759268,.
86881,.,0.5392695,34.7841479,.
86882,.,0.5393181,34.7866516,.
86883,.,0.5962669,34.8209316,.
86884,.,0.596768009534765,34.8200991272975,.
86885,.,0.57834293571505,34.8312680844723,.
86886,.,0.578009014825117,34.8312803597703,.
86887,.,0.595995607825948,34.8258252315761,.
86888,.,0.5776179,34.8283594,.
86889,.,0.5776916,34.8281838,.
86890,.,0.596701,34.8225294,.
86891,.,0.5808132,34.8542756,.
86892,.,0.5793703,34.8473344,.
86893,.,0.5789704,34.847641,.
86894,.,0.5883563,34.8423105,.
86895,.,0.5821618,34.8470768,.
86896,.,0.5883705,34.8415928,.
86897,.,0.579108835052544,34.8549076509467,.
86898,.,0.579945409558146,34.8539771943829,.
86899,.,0.586215756389493,34.8666207049638,.
86900,.,0.585800428528591,34.8667131454275,.
86901,.,0.4832802,34.7660108,.
86902,.,0.473207,34.770679,.
86903,.,0.4657702,34.7772971,.
86904,.,0.4604459,34.8072815,.
86905,.,0.4831808,34.7659181,.
86906,.,0.4580612,34.8084291,.
86907,.,0.4728291,34.772148,.
86908,.,0.4650726,34.7766721,.
86909,.,0.4826326,34.765778,.
86910,.,0.4597097,34.8084218,.
86911,.,0.6150244,34.9533302,.
86912,.,0.6135605,34.9111478,.
86913,.,0.6152267,34.9532199,.
86914,.,0.6091772,34.9249159,.
86915,.,0.6070287,34.9252737,.
86916,.,0.613834,34.9115153,.
86917,.,0.60692,34.9258338,.
86918,.,0.61739,34.9526098,.
86919,.,0.4551439,34.9043359,.
86920,.,0.4560174,34.8968051,.
86921,.,0.4700378,34.8816202,.
86922,.,0.4670351,34.8977903,.
86923,.,0.4554017,34.9027982,.
86924,.,0.4550757,34.8930997,.
86925,.,0.4465916,34.8788452,.
86926,.,0.469002,34.8814513,.
86927,.,0.4477726,34.8785322,.
86928,.,0.6506816,34.8587176,.
86929,.,0.6394264,34.8663796,.
86930,.,0.6508704,34.8588736,.
86931,.,0.6425731,34.8719739,.
86932,.,0.6508704,34.8588736,.
86933,.,0.6390861,34.8548887,.
86934,.,0.6390861,34.8548887,.
86935,.,0.6499451,34.8582378,.
86936,.,0.6390744,34.8549178,.
86937,.,0.6173484,34.8860001,.
86938,.,0.5203103,34.7616094,.
86939,.,0.519429,34.7613062,.
86940,.,0.5254518,34.7557671,.
86941,.,0.5248426,34.7550927,.
86942,.,0.5331904,34.7454345,.
86943,.,0.5340812,34.7447215,.
86944,.,0.5336719,34.7447264,.
86945,.,0.5255677,34.7559678,.
86946,.,0.5123343,34.7729738,.
86947,.,0.5083911,34.7860589,.
86948,.,0.5081369,34.7847283,.
86949,.,0.5287551,34.7805251,.
86950,.,0.5096238,34.7775664,.
86951,.,0.5048132,34.775405,.
86952,.,0.4673896,34.9000883,.
86953,.,0.508115,34.785233,.
86954,.,0.5046552,34.7762239,.
86955,.,0.5270625,34.7783598,.
86956,.,0.5158605,34.7778382,.
86957,.,0.5041201,34.7759836,.
86958,.,0.446661,34.8540813,.
86959,.,0.5272377,34.7793847,.
86960,.,0.5114929,34.7717173,.
86961,.,0.5233982,34.7739638,.
86962,.,0.4849031,34.7486127,.
86963,.,0.4976944,34.7587005,.
86964,.,0.5103309,34.7585206,.
86965,.,0.484663,34.7635734,.
86966,.,0.4858342,34.7097379,.
86967,.,0.485552,34.7627065,.
86968,.,0.5077656,34.7655471,.
86969,.,0.4850661,34.7476794,.
86970,.,0.5092104,34.7655646,.
86971,.,0.5108918,34.766949,.
86972,.,0.5116126,34.7658116,.
86973,.,0.4849116,34.7634418,.
86974,.,0.4872275,34.7630246,.
86975,.,0.5077656,34.7606613,.
86976,.,-1.00461658324686,34.542845081745,.
86977,.,-1.0259452932341,34.5208173231663,.
86978,.,-1.02978684118668,34.5482392425922,.
86979,.,-1.03070228862609,34.5476236541909,.
86980,.,-1.00468946578541,34.5430086621805,.
86981,.,-1.00374680823226,34.5439552663452,.
86982,.,-1.0341822918867,34.5309926983796,.
86983,.,-1.03454515926715,34.5310731546562,.
86984,.,-0.9926747,34.4031643,.
86985,.,-1.0236736,34.4402345,.
86986,.,-0.9917299,34.4024272,.
86987,.,-1.0191804,34.4354275,.
86988,.,-1.0245385,34.4404645,.
86989,.,-1.018789,34.4270655,.
86990,.,-1.0187905,34.4270553,.
86991,.,-1.0034067,34.3977183,.
86992,.,-1.0298987,34.4411018,.
86993,.,-1.0211398,34.4390547,.
86994,.,-1.0000623,34.4010744,.
86995,.,-1.0175753,34.428079,.
86996,.,-1.0190919,34.4354648,.
86997,.,-1.0168408,34.4358891,.
86998,.,-0.991427,34.4039484,.
86999,.,-1.0204992,34.4271412,.
87000,.,-1.0028591,34.3969685,.
87001,.,-1.0058073,34.3968199,.
87002,.,-1.018053,34.4368756,.
87003,.,-0.9979469,34.3985647,.
87004,.,-0.994643167157439,34.5067229770677,.
87005,.,-1.00080078838592,34.5221854782364,.
87006,.,-0.995682588608858,34.5300581073215,.
87007,.,-0.994552230501191,34.5065442352247,.
87008,.,-0.991557155172887,34.5319537752895,.
87009,.,-0.993266329068873,34.531210555018,.
87010,.,-1.00654373649162,34.527532119603,.
87011,.,-1.00677332342922,34.5273065521635,.
87012,.,-1.03465325309856,34.5325874927668,.
87013,.,-0.99087824724787,34.52147904663,.
87014,.,-1.0020441931646,34.521220433475,.
87015,.,-0.995367646677507,34.5057391278867,.
87016,.,-1.01073787436303,34.5288738986608,.
87017,.,-1.04685722509827,34.5087212052393,.
87018,.,-1.04185312337433,34.5243090194766,.
87019,.,-1.04702534529662,34.5087047078212,.
87020,.,-1.04258955532004,34.5236577584886,.
87021,.,-1.04296607403636,34.5246453394796,.
87022,.,-1.03197930598022,34.5116118005768,.
87023,.,-1.04701538110038,34.5088746141376,.
87024,.,-1.02905494985391,34.5100963236017,.
87025,.,-1.02880974941086,34.5098774242722,.
87026,.,-1.04629833580682,34.507932557251,.
87027,.,-1.02955002535297,34.5096748155294,.
87028,.,-0.9225281,34.3177735,.
87029,.,-0.962296173687727,34.2835260116026,.
87030,.,-0.9855211,34.4418279,.
87031,.,-0.9853944,34.4425624,.
87032,.,-0.9863611,34.4445553,.
87033,.,-0.922666,34.3186306,.
87034,.,-0.9225241,34.3178059,.
87035,.,-0.940835762074275,34.2994341529766,.
87036,.,-0.934643750228901,34.295335509987,.
87037,.,-0.9778279,34.2948537,.
87038,.,-0.94116639845924,34.2984460019901,.
87039,.,-0.931879726692047,34.2943387389072,.
87040,.,-1.03958904066828,34.4832522554795,.
87041,.,-1.02725767658099,34.5027905933212,.
87042,.,-1.04065955939411,34.4842998417863,.
87043,.,-1.03941766507389,34.4731419685566,.
87044,.,-1.03662924569861,34.4851664006124,.
87045,.,-1.03957115278167,34.4728568718851,.
87046,.,-1.03707667675884,34.4856808420941,.
87047,.,-1.03929780205553,34.4740964857623,.
87048,.,-1.03077158504194,34.4897068775714,.
87049,.,-1.02701589675595,34.5026081142573,.
87050,.,-1.02961168052984,34.4890597725166,.
87051,.,-1.04047165606228,34.4832480424975,.
87052,.,-1.02644592738329,34.5026826620682,.
87053,.,-1.04336059449573,34.4615480736031,.
87054,.,-1.04974841075878,34.4525856656209,.
87055,.,-1.0434317735222,34.4614191617714,.
87056,.,-1.0211023164823,34.4553387813343,.
87057,.,-1.0214567660931,34.4547909321291,.
87058,.,-1.01756235681916,34.452900836175,.
87059,.,-1.05164603174258,34.4521120782716,.
87060,.,-1.04377848833834,34.450856609216,.
87061,.,-1.00972438198602,34.4602297168935,.
87062,.,-1.02061515288897,34.4555442931903,.
87063,.,-1.01414912089122,34.4721618001791,.
87064,.,-1.01395140659057,34.4717577813206,.
87065,.,-1.00980093348418,34.4604178352997,.
87066,.,-1.01412666155268,34.4714305371541,.
87067,.,-1.04270773498748,34.460714144656,.
87068,.,-1.01875710730104,34.4546328866887,.
87069,.,-1.00981217415507,34.4617798724496,.
87070,.,-1.0200661,34.3870611,.
87071,.,-1.0465482,34.3874962,.
87072,.,-1.0464149,34.3880631,.
87073,.,-1.0499399,34.3865789,.
87074,.,-1.0466785,34.3862658,.
87075,.,-0.9979514,34.3149765,.
87076,.,-0.995327,34.3129139,.
87077,.,-0.9849848,34.3150542,.
87078,.,-0.9851833,34.3154114,.
87079,.,-0.9980549,34.3161639,.
87080,.,-1.0341276,34.3598783,.
87081,.,-1.0427148,34.3597372,.
87082,.,-1.0427235,34.3597147,.
87083,.,-1.0424758,34.3603564,.
87084,.,-1.0405687,34.3568947,.
87085,.,-1.0278445,34.4191888,.
87086,.,-1.0188765,34.4079789,.
87087,.,-1.0162216,34.4040124,.
87088,.,-1.007592,34.3982278,.
87089,.,-1.0165317,34.4040324,.
87090,.,-1.03363806575881,34.4370391502745,.
87091,.,-1.0184468,34.4107056,.
87092,.,-1.0347406,34.4362301,.
87093,.,-1.0252673,34.4212279,.
87094,.,-1.0341229,34.4362039,.
87095,.,-1.0337666,34.4374957,.
87096,.,-1.0179583,34.4022881,.
87097,.,-1.0065613,34.3984341,.
87098,.,-1.0181078,34.4100935,.
87099,.,-1.0182524,34.4104192,.
87100,.,-1.0269746,34.4199959,.
87101,.,-1.0189161,34.4028344,.
87102,.,-1.0069435,34.3983534,.
87103,.,-1.0066387,34.3985037,.
87104,.,-1.0030385,34.3788699,.
87105,.,-1.0053371,34.3609207,.
87106,.,-1.0060128,34.362202,.
87107,.,-1.0042108,34.3713313,.
87108,.,-1.0063234,34.3588351,.
87109,.,-0.9967466,34.372285,.
87110,.,-0.9955256,34.3739194,.
87111,.,-1.0103653,34.3302932,.
87112,.,-1.0420652,34.3490765,.
87113,.,-1.07513592759578,34.5385643837721,.
87114,.,-1.0860404,34.5269776,.
87115,.,-1.0869004,34.5279041,.
87116,.,-1.0860817,34.5270927,.
87117,.,-1.0755110979237,34.5376048130558,.
87118,.,-1.0705371,34.5198189,.
87119,.,-1.0668543,34.543674,.
87120,.,-1.0695977,34.5207581,.
87121,.,-1.0675911,34.5435893,.
87122,.,-1.07267543646669,34.514847259928,.
87123,.,-1.07507742594577,34.5376370676552,.
87124,.,-1.066875,34.5453003,.
87125,.,-1.07927182867873,34.5151382301505,.
87126,.,-1.07910843846974,34.5147553437485,.
87127,.,-1.07610272222176,34.5039453522059,.
87128,.,-1.07926626701321,34.5151289897537,.
87129,.,-1.0883277,34.5275802,.
87130,.,-1.0886621,34.5291611,.
87131,.,-1.07310949742932,34.504260843748,.
87132,.,-1.07367139835213,34.5040883068021,.
87133,.,-1.0690334,34.4949157,.
87134,.,-0.980879,34.342316,.
87135,.,-0.9403709,34.320584,.
87136,.,-0.9808646,34.3425931,.
87137,.,-0.9375013,34.320471,.
87138,.,0.304229306057096,34.5064559485763,.
87139,.,0.313036548905075,34.4922026898712,.
87140,.,0.312919411808252,34.5113402511925,.
87141,.,0.314969290047884,34.5133537519723,.
87142,.,0.314969290047884,34.5133537519723,.
87143,.,0.316157089546323,34.5058945287019,.
87144,.,0.31464537139982,34.5137741044164,.
87145,.,0.304229306057096,34.5064559485763,.
87146,.,0.302569479681552,34.4999516755342,.
87147,.,0.313036548905075,34.4922026898712,.
87148,.,0.313755967654288,34.5073124952614,.
87149,.,0.313755967654288,34.5073124952614,.
87150,.,0.3782777,34.5808053,.
87151,.,0.371368,34.5827621,.
87152,.,0.3711043,34.5826163,.
87153,.,0.312402416020632,34.5449840370566,.
87154,.,0.312884291633964,34.5414382405579,.
87155,.,0.31224915292114,34.5449341647327,.
87156,.,0.299004069529474,34.5306654833257,.
87157,.,0.311725535430014,34.5447767525911,.
87158,.,0.298741422593594,34.5312954671681,.
87159,.,0.299023641273379,34.529839027673,.
87160,.,0.311725535430014,34.5447767525911,.
87161,.,0.312884291633964,34.5414382405579,.
87162,.,0.302369864657521,34.5421740878373,.
87163,.,0.310211135074496,34.5316491834819,.
87164,.,0.283677969127894,34.5296912547201,.
87165,.,0.297100287862122,34.5251444913447,.
87166,.,0.302369864657521,34.5421740878373,.
87167,.,0.2698205,34.5818271,.
87168,.,0.2817989,34.6080838,.
87169,.,0.2700402,34.5811934,.
87170,.,0.2858477,34.5970608,.
87171,.,0.2904814,34.5944785,.
87172,.,0.2706399,34.5816483,.
87173,.,0.290447,34.5910911,.
87174,.,0.2818124,34.6080759,.
87175,.,0.290834060870111,34.5889399107546,.
87176,.,0.2820472,34.607914,.
87177,.,0.2849848,34.5962059,.
87178,.,0.290834060870111,34.5889399107546,.
87179,.,0.394003470428288,34.7248585056514,.
87180,.,0.3990659,34.7263376,.
87181,.,0.4005978,34.7294574,.
87182,.,0.395828043110669,34.7255370207131,.
87183,.,0.399168524891138,34.7213811893016,.
87184,.,0.3977251,34.7304613,.
87185,.,0.3986088,34.7254141,.
87186,.,0.3978036,34.7246219,.
87187,.,0.399168524891138,34.7213811893016,.
87188,.,0.3994583,34.7304809,.
87189,.,0.343835391104221,34.5559293776751,.
87190,.,0.342981945723295,34.5512749906629,.
87191,.,0.349639356136322,34.5768879912794,.
87192,.,0.342981945723295,34.5512749906629,.
87193,.,0.349639356136322,34.5768879912794,.
87194,.,0.329918,34.4909919,.
87195,.,0.343835391104221,34.5559293776751,.
87196,.,0.3152897,34.5622112,.
87197,.,0.2824629,34.5471276,.
87198,.,0.280284681357443,34.52924977988,.
87199,.,0.3155573,34.5629423,.
87200,.,0.287368856370449,34.5476679224521,.
87201,.,0.280284681357443,34.52924977988,.
87202,.,0.3803482,34.7336996,.
87203,.,0.384534,34.721299,.
87204,.,0.380149,34.732257,.
87205,.,0.3838619,34.7366847,.
87206,.,0.3799685,34.7322645,.
87207,.,0.3807522,34.737019,.
87208,.,0.379340504296124,34.7108389344066,.
87209,.,0.3871465,34.7343737,.
87210,.,0.3782103,34.7090427,.
87211,.,0.3790288,34.7104028,.
87212,.,0.2936459,34.5437601,.
87213,.,0.3871248,34.5596092,.
87214,.,0.3754516,34.5903578,.
87215,.,0.3792906,34.5911263,.
87216,.,0.3860278,34.5593199,.
87217,.,0.375363,34.5904081,.
87218,.,0.3868547,34.5596684,.
87219,.,0.3853972,34.5579354,.
87220,.,0.3724287,34.5972983,.
87221,.,0.3787551,34.5916663,.
87222,.,0.298284650780261,34.5416586007923,.
87223,.,0.296068894676864,34.5421262271702,.
87224,.,0.298280878923833,34.5416619535536,.
87225,.,0.2836906,34.5987617,.
87226,.,0.338505422696471,34.573535984382,.
87227,.,0.2938611,34.5432508,.
87228,.,0.353122036904097,34.567740065977,.
87229,.,0.3429151,34.5510209,.
87230,.,0.342393242754042,34.5739120803773,.
87231,.,0.341767072677612,34.5737601164728,.
87232,.,0.353122036904097,34.567740065977,.
87233,.,0.343694281764328,34.5568454358727,.
87234,.,0.354925906285644,34.568059919402,.
87235,.,0.343964849598706,34.5503545738757,.
87236,.,0.4505572,34.3056556,.
87237,.,0.311695612035692,34.5541840977967,.
87238,.,0.2932015,34.5428335,.
87239,.,0.408613117356137,34.3458012536959,.
87240,.,0.277075502090156,34.5409403555095,.
87241,.,0.408609150468731,34.345806665977,.
87242,.,0.277027641423047,34.5409219991416,.
87243,.,0.278108362108469,34.540058998391,.
87244,.,0.478485640091184,34.1647924688839,.
87245,.,0.4483274,34.2508647,.
87246,.,0.478485640091184,34.1647924688839,.
87247,.,0.478485640091184,34.1647924688839,.
87248,.,0.4483274,34.2508647,.
87249,.,0.4483274,34.2508647,.
87250,.,0.4483274,34.2508647,.
87251,.,0.4483274,34.2508647,.
87252,.,0.477499995361131,34.1318459517992,.
87253,.,0.476074295045141,34.1314570079301,.
87254,.,0.470006547252292,34.1077471867826,.
87255,.,0.479676454096114,34.1237273212172,.
87256,.,0.479676454096114,34.1237273212172,.
87257,.,0.479053268136145,34.1232434307249,.
87258,.,0.470224169500925,34.1075938100852,.
87259,.,0.427896402263568,34.2258150420162,.
87260,.,0.438689894966398,34.2326116547962,.
87261,.,0.428545235699435,34.2267054449734,.
87262,.,0.433821251199269,34.2294450057872,.
87263,.,0.432970646031433,34.227913970182,.
87264,.,0.433821251199269,34.2294450057872,.
87265,.,0.428474911879537,34.2260175934673,.
87266,.,0.3870409,34.3700395,.
87267,.,0.3690775,34.3880376,.
87268,.,0.3664732,34.3787396,.
87269,.,0.3698634,34.3878723,.
87270,.,0.3678994,34.3783772,.
87271,.,0.3766645,34.383256,.
87272,.,0.4062742,34.3490909,.
87273,.,0.396718,34.3633421,.
87274,.,0.3545476,34.3162065,.
87275,.,0.359168,34.3034179,.
87276,.,0.3557281,34.3166527,.
87277,.,0.3538615,34.3235399,.
87278,.,0.3583806,34.3101518,.
87279,.,0.3302479,34.3077699,.
87280,.,0.3596458,34.3133998,.
87281,.,0.3618242,34.2949112,.
87282,.,0.3619977,34.2940276,.
87283,.,0.3594554,34.3039693,.
87284,.,0.3549196,34.3166947,.
87285,.,0.359168,34.3034179,.
87286,.,0.3545989,34.3236916,.
87287,.,0.3639494,34.2996664,.
87288,.,0.3857879,34.3489036,.
87289,.,0.3309366,34.3081027,.
87290,.,0.385788,34.3489036,.
87291,.,0.3816688,34.3533457,.
87292,.,0.330908,34.3079867,.
87293,.,0.3875239,34.3600163,.
87294,.,0.3613253,34.3996784,.
87295,.,0.4026378,34.3259314,.
87296,.,0.3306057,34.308178,.
87297,.,0.449313803107704,34.110609898009,.
87298,.,0.449265765009894,34.1106656744562,.
87299,.,0.455176933805931,34.1206484579623,.
87300,.,0.45017266983425,34.115169693579,.
87301,.,0.449265765009894,34.1106656744562,.
87302,.,0.455176933805931,34.1206484579623,.
87303,.,0.450145977518013,34.1151653646436,.
87304,.,0.3916567,34.3241036,.
87305,.,0.3740006,34.3205647,.
87306,.,0.3852848,34.3233598,.
87307,.,0.3880685,34.3182245,.
87308,.,0.3882924,34.322436,.
87309,.,0.3919067,34.3250095,.
87310,.,0.3308353,34.3081294,.
87311,.,0.3887975,34.3159396,.
87312,.,0.3841435,34.3192164,.
87313,.,0.3911843,34.3247087,.
87314,.,0.3727521,34.3216858,.
87315,.,0.3731522,34.3214645,.
87316,.,0.3852798,34.3233577,.
87317,.,0.3840116,34.3195486,.
87318,.,0.38731,34.3219443,.
87319,.,0.45520126952951,34.1207345860091,.
87320,.,0.462425352507318,34.2240281449112,.
87321,.,0.453080676384012,34.2215258677833,.
87322,.,0.451768782049664,34.2426542991598,.
87323,.,0.452886944128601,34.2215802971641,.
87324,.,0.462425352507318,34.2240281449112,.
87325,.,0.46273704680862,34.2220874090036,.
87326,.,0.3307557,34.3079338,.
87327,.,0.4148575,34.3353757,.
87328,.,0.4082352,34.3359706,.
87329,.,0.3308877,34.3080511,.
87330,.,0.4148626,34.3353774,.
87331,.,0.3306287,34.3079349,.
87332,.,0.3309247,34.3080603,.
87333,.,0.4075624,34.3306969,.
87334,.,0.4092806,34.3360806,.
87335,.,0.3308873,34.3080526,.
87336,.,0.4092712,34.3360814,.
87337,.,0.3308386,34.3080628,.
87338,.,0.3309006,34.3080734,.
87339,.,0.4075624,34.3306969,.
87340,.,0.330881,34.3080543,.
87341,.,0.455176933805931,34.1206484579623,.
87342,.,0.455139232947161,34.1206451651949,.
87343,.,0.455176933805931,34.1206484579623,.
87344,.,0.438137389037419,34.2852683456494,.
87345,.,0.455135350401507,34.1205529015262,.
87346,.,0.458788375497842,34.2863355483814,.
87347,.,0.438689894966398,34.2326116547962,.
87348,.,0.438689894966398,34.2326116547962,.
87349,.,0.457278213951848,34.1635958216852,.
87350,.,0.438689894966398,34.2326116547962,.
87351,.,0.436617622991413,34.2850497137913,.
87352,.,0.446306686509346,34.3042156057484,.
87353,.,0.447521287311727,34.3028577370591,.
87354,.,0.462803859064568,34.2890126849913,.
87355,.,0.438015989095833,34.2851830735674,.
87356,.,0.454080101269645,34.2965978329812,.
87357,.,0.4558883,34.1209352,.
87358,.,0.4146414,34.2825357,.
87359,.,0.4126211,34.2797226,.
87360,.,0.4559395,34.1220709,.
87361,.,0.42042706168897,34.2511986066485,.
87362,.,0.419086162762487,34.2498009937281,.
87363,.,0.4558883,34.1209352,.
87364,.,0.419556569183631,34.2508086498868,.
87365,.,0.4564307,34.1217231,.
87366,.,0.4297198,34.2563411,.
87367,.,0.4297198,34.2563411,.
87368,.,0.4280471,34.2567612,.
87369,.,0.4239585,34.2615945,.
87370,.,0.4234958,34.2607215,.
87371,.,0.4224903,34.2647577,.
87372,.,0.421036,34.2777364,.
87373,.,0.4224188,34.2791388,.
87374,.,0.4234958,34.2607215,.
87375,.,0.4217584,34.2649245,.
87376,.,0.455192857873744,34.120680381717,.
87377,.,0.455219003644733,34.1206114366512,.
87378,.,0.455219003644733,34.1206114366512,.
87379,.,0.455192857873744,34.120680381717,.
87380,.,0.455219003644733,34.1206114366512,.
87381,.,0.455186269321901,34.1208253641445,.
87382,.,0.455127617504369,34.1207697594458,.
87383,.,0.455107473491383,34.1206032758902,.
87384,.,0.450406553354754,34.1153737015159,.
87385,.,0.455186269321901,34.1208253641445,.
87386,.,0.455186269321901,34.1208253641445,.
87387,.,0.450350194173652,34.1154188900862,.
87388,.,0.455186269321901,34.1208253641445,.
87389,.,0.386941446392153,34.2560726897462,.
87390,.,0.455192857873744,34.120680381717,.
87391,.,0.393894820694159,34.251849045707,.
87392,.,0.406426516506901,34.2678268273037,.
87393,.,0.406426516506901,34.2678268273037,.
87394,.,0.455186269321901,34.1208253641445,.
87395,.,0.406019940700646,34.2460182202797,.
87396,.,0.393894820694159,34.251849045707,.
87397,.,0.481893481983702,34.2692618127205,.
87398,.,0.482404279547549,34.2681383869276,.
87399,.,0.474638952194103,34.2561236944075,.
87400,.,0.487108069426739,34.2543946926296,.
87401,.,0.455272586303058,34.1207406703053,.
87402,.,0.481893481983702,34.2692618127205,.
87403,.,0.487108069426739,34.2543946926296,.
87404,.,0.473606109605608,34.259933536996,.
87405,.,0.473606109605608,34.259933536996,.
87406,.,0.4002363,34.3016727,.
87407,.,0.4010999,34.2985128,.
87408,.,0.398191,34.3167077,.
87409,.,0.4267317,34.2946643,.
87410,.,0.3990484,34.3133999,.
87411,.,0.4177343,34.294686,.
87412,.,0.420361,34.3103185,.
87413,.,0.3975898,34.2827204,.
87414,.,0.4177099,34.2953826,.
87415,.,0.4205834,34.3190593,.
87416,.,0.419393,34.2960645,.
87417,.,0.4013132,34.2989449,.
87418,.,0.4197696,34.3110113,.
87419,.,0.4180008,34.3176157,.
87420,.,0.4262201,34.2918321,.
87421,.,0.4197904,34.3124018,.
87422,.,0.4200979,34.311091,.
87423,.,0.4262201,34.2918321,.
87424,.,0.3975936,34.2827172,.
87425,.,0.3975898,34.2827204,.
87426,.,0.4344548,34.3123931,.
87427,.,0.3309009,34.3079853,.
87428,.,0.4262416,34.316391,.
87429,.,0.4444922,34.3080762,.
87430,.,0.4474823,34.3070989,.
87431,.,0.4352511,34.3130002,.
87432,.,0.4260428,34.3166242,.
87433,.,0.4213848,34.3181364,.
87434,.,0.438689894966398,34.2326116547962,.
87435,.,0.434331837350366,34.2491397887758,.
87436,.,0.419775193481966,34.2365479872143,.
87437,.,0.455058537254659,34.1206335080569,.
87438,.,0.418143742776464,34.2357822934097,.
87439,.,0.418147906907181,34.2358156592298,.
87440,.,0.438689894966398,34.2326116547962,.
87441,.,0.436080299657181,34.2380962622125,.
87442,.,0.3987355,34.359922,.
87443,.,0.393351,34.3655897,.
87444,.,0.3308074,34.3080436,.
87445,.,0.3914448,34.3696148,.
87446,.,0.3308455,34.3080589,.
87447,.,0.3849672,34.3719337,.
87448,.,0.401853,34.360954,.
87449,.,0.3849672,34.3719337,.
87450,.,0.3815193,34.3667268,.
87451,.,0.3308362,34.3080943,.
87452,.,0.392423,34.3639879,.
87453,.,0.3850895,34.3736168,.
87454,.,0.3308316,34.308049,.
87455,.,0.3308455,34.3080589,.
87456,.,0.4003608,34.360344,.
87457,.,0.492373957554733,34.2392652003636,.
87458,.,0.478915356316121,34.2058355248553,.
87459,.,0.477796213424553,34.2074459842687,.
87460,.,0.493831030527702,34.237353145444,.
87461,.,0.492602046100235,34.2395105384692,.
87462,.,0.455195429552427,34.1206705924038,.
87463,.,0.453147664142995,34.2099172896516,.
87464,.,0.453886918419587,34.2099401762921,.
87465,.,0.500025092542263,34.249744372809,.
87466,.,0.484436847550246,34.2318013779347,.
87467,.,0.479119494256045,34.2060418495545,.
87468,.,0.8203256,34.9341263,.
87469,.,0.8512926,34.9393269,.
87470,.,0.8191766,34.9349017,.
87471,.,0.8509896,34.9403242,.
87472,.,0.8121587,34.9383197,.
87473,.,0.8290999,34.9295406,.
87474,.,0.8331102,34.945342,.
87475,.,0.8330709,34.9453057,.
87476,.,0.8509571,34.9403063,.
87477,.,0.8331226,34.930191,.
87478,.,0.819398,34.9349298,.
87479,.,0.8377231,34.9404373,.
87480,.,0.8328058,34.9465617,.
87481,.,0.8736908,34.8906526,.
87482,.,0.9819412,34.9062786,.
87483,.,0.9831582,34.9058079,.
87484,.,0.9820176,34.9045359,.
87485,.,0.9832228,34.905708,.
87486,.,0.982129,34.906567,.
87487,.,0.982174,34.9064507,.
87488,.,0.9991078,34.9271583,.
87489,.,0.9820018,34.9046052,.
87490,.,1.0379565,34.8469018,.
87491,.,1.0180305,34.826709,.
87492,.,1.0185718,34.8262805,.
87493,.,1.0184709,34.8208517,.
87494,.,1.0482106,34.8202527,.
87495,.,1.0957495,34.7939152,.
87496,.,1.0952693,34.7894487,.
87497,.,1.0462552,34.8131512,.
87498,.,1.0482106,34.8202527,.
87499,.,1.0443972,34.8093874,.
87500,.,1.0100166,34.8515347,.
87501,.,1.0194922,34.8434511,.
87502,.,1.01865,34.842846,.
87503,.,1.0191304,34.8425851,.
87504,.,1.0190383,34.843724,.
87505,.,1.0914123,34.7632533,.
87506,.,1.0930929,34.7559774,.
87507,.,1.0893775,34.7634668,.
87508,.,1.0926611,34.7555165,.
87509,.,0.9808754,34.8888928,.
87510,.,0.9805857,34.8893328,.
87511,.,0.8910299,34.9323506,.
87512,.,0.9925243,34.8970149,.
87513,.,0.9922865,34.8969507,.
87514,.,0.8910031,34.9323488,.
87515,.,0.9807624,34.8888793,.
87516,.,0.9783179,34.8630289,.
87517,.,0.9783302,34.894663,.
87518,.,0.9924789,34.8969827,.
87519,.,0.9783219,34.8630058,.
87520,.,1.1323634,34.7903867,.
87521,.,1.1314863,34.7903988,.
87522,.,0.890808,34.9325021,.
87523,.,0.9800661,34.9066457,.
87524,.,0.9974815,34.9277823,.
87525,.,0.9684633,34.9322882,.
87526,.,0.9684929,34.9324186,.
87527,.,0.9821662,34.9063635,.
87528,.,0.9722404,34.9336104,.
87529,.,0.950043,34.9420057,.
87530,.,0.9356645,34.9353981,.
87531,.,0.9496863,34.9416439,.
87532,.,0.8845701,34.9134648,.
87533,.,0.9497916,34.9395597,.
87534,.,0.9501855,34.9401111,.
87535,.,0.9500641,34.9400678,.
87536,.,0.9497799,34.9416641,.
87537,.,0.8911177,34.9324993,.
87538,.,0.9371442,34.9430295,.
87539,.,0.7878903,34.8939396,.
87540,.,0.7933302,34.9028745,.
87541,.,0.7880156,34.8943363,.
87542,.,0.7841268,34.8998099,.
87543,.,0.804198,34.8945985,.
87544,.,0.7864343,34.8945222,.
87545,.,0.8040528,34.8945141,.
87546,.,0.7864474,34.8945799,.
87547,.,0.7872299,34.8945924,.
87548,.,0.8040585,34.894498,.
87549,.,0.7841267,34.9000575,.
87550,.,0.804175,34.8946102,.
87551,.,0.7812442,34.9025972,.
87552,.,0.7933131,34.9028726,.
87553,.,1.0724344,34.9652169,.
87554,.,1.0749978,34.9630932,.
87555,.,1.0721451,34.9655061,.
87556,.,1.0724267,34.9654052,.
87557,.,1.0753701,34.9632426,.
87558,.,1.0760842,34.9640486,.
87559,.,1.0739614,34.9662098,.
87560,.,1.0664094,34.9793561,.
87561,.,1.0757572,34.9618172,.
87562,.,1.0761124,34.9640931,.
87563,.,1.0742445,34.9689079,.
87564,.,0.8876272,34.890555,.
87565,.,0.8861564,34.8875217,.
87566,.,0.8638462,34.8714746,.
87567,.,0.8819239,34.8898208,.
87568,.,0.8876628,34.8885855,.
87569,.,0.8863178,34.8928463,.
87570,.,0.8861268,34.8875393,.
87571,.,0.9393562,34.948069,.
87572,.,0.8967477,34.9795619,.
87573,.,0.8943232,34.9737655,.
87574,.,0.8909677,34.9324059,.
87575,.,0.8968821,34.9795544,.
87576,.,0.8963732,34.9724935,.
87577,.,0.8965789,34.9722792,.
87578,.,0.8843583,34.9559536,.
87579,.,0.8943252,34.9737954,.
87580,.,0.8841779,34.9559108,.
87581,.,0.8843583,34.9559536,.
87582,.,1.1183213,34.8083289,.
87583,.,1.1230568,34.8024967,.
87584,.,1.1181759,34.8083209,.
87585,.,1.1117063,34.7990004,.
87586,.,1.1224809,34.8014346,.
87587,.,1.1133627,34.7983349,.
87588,.,1.1121248,34.7992785,.
87589,.,1.1224753,34.801436,.
87590,.,1.1224792,34.8014359,.
87591,.,1.1183197,34.8083259,.
87592,.,1.1117738,34.7990278,.
87593,.,0.8924378,34.8940446,.
87594,.,0.8870107,34.9075628,.
87595,.,0.8892515,34.8983614,.
87596,.,0.8870809,34.9071541,.
87597,.,0.8348766,34.8612271,.
87598,.,0.8836015,34.9135534,.
87599,.,0.8913569,34.8926927,.
87600,.,0.8913142,34.8927164,.
87601,.,0.8828021,34.9144553,.
87602,.,0.8879142,34.8917238,.
87603,.,0.8763853,34.8956508,.
87604,.,0.8880738,34.9009879,.
87605,.,0.9113665,34.8816034,.
87606,.,0.887948,34.9009175,.
87607,.,0.9303064,34.9262906,.
87608,.,0.9276251,34.9161347,.
87609,.,0.9242437,34.9436533,.
87610,.,0.9342812,34.9257277,.
87611,.,0.9311442,34.9249555,.
87612,.,0.9276724,34.9081461,.
87613,.,0.9276643,34.9081833,.
87614,.,0.9342958,34.9257058,.
87615,.,0.950104,34.9534024,.
87616,.,0.9283456,34.9188641,.
87617,.,0.9310903,34.9255254,.
87618,.,0.927847,34.9161335,.
87619,.,0.8289392,34.8894723,.
87620,.,0.8153951,34.9102487,.
87621,.,0.8284044,34.8930659,.
87622,.,0.8140202,34.9105991,.
87623,.,0.8139331,34.9105525,.
87624,.,0.8892945,34.8983288,.
87625,.,0.8284794,34.8931405,.
87626,.,0.8334809,34.9105725,.
87627,.,0.8142899,34.9101089,.
87628,.,0.8153965,34.9102392,.
87629,.,0.8320391,34.9116953,.
87630,.,0.8323766,34.9124169,.
87631,.,0.8320594,34.9116962,.
87632,.,0.8183473,34.9102412,.
87633,.,0.8303009,35.0180783,.
87634,.,0.8217836,35.0060932,.
87635,.,0.8238327,35.0039884,.
87636,.,0.8231842,34.995237,.
87637,.,0.824259,35.0120926,.
87638,.,0.8080565,34.9932942,.
87639,.,0.8259991,34.9919402,.
87640,.,0.8216843,35.006112,.
87641,.,0.8080578,34.9932934,.
87642,.,0.8265069,34.9902427,.
87643,.,0.8252251,35.0135507,.
87644,.,0.824072,35.0032984,.
87645,.,0.8253813,35.0134689,.
87646,.,0.8303009,35.0180783,.
87647,.,0.8231859,34.9952355,.
87648,.,0.9878543,34.9634478,.
87649,.,0.9942998,34.9535994,.
87650,.,0.9962977,34.9547524,.
87651,.,1.0146459,34.9846233,.
87652,.,0.9764165,34.9039918,.
87653,.,0.9747014,34.8935493,.
87654,.,0.9770548,34.9026103,.
87655,.,0.8908353,34.93235,.
87656,.,0.9512182,34.8720186,.
87657,.,0.9522738,34.8720319,.
87658,.,0.8888177,34.933389,.
87659,.,0.9249897,35.0206951,.
87660,.,0.9265528,35.0193578,.
87661,.,0.926304,35.0185818,.
87662,.,0.8888177,34.933389,.
87663,.,0.8911684,34.9326551,.
87664,.,0.9273926,35.018136,.
87665,.,0.922451,35.0212794,.
87666,.,0.9120222,35.0201815,.
87667,.,0.9124297,35.0201193,.
87668,.,0.911108,35.0198251,.
87669,.,1.1130072,34.8104509,.
87670,.,0.9018833,35.0478402,.
87671,.,0.9020084,35.0478753,.
87672,.,0.9018982,35.0478591,.
87673,.,0.9359908,35.0386407,.
87674,.,0.9366663,35.0385907,.
87675,.,-0.5839693,34.9853337,.
87676,.,-0.5694236,34.9793543,.
87677,.,-0.570589,34.9780567,.
87678,.,-0.5844371,34.9854504,.
87679,.,-0.5410414,34.9997308,.
87680,.,-0.5539493,35.0211444,.
87681,.,-0.5533046,35.0232972,.
87682,.,-0.5409737,34.9996574,.
87683,.,-0.5540136,35.0268569,.
87684,.,-0.5541606,35.0264407,.
87685,.,-0.4992056,35.0324661,.
87686,.,-0.4982856,35.0327029,.
87687,.,-0.498662,35.0327874,.
87688,.,-0.493852,35.004071,.
87689,.,-0.4932917,35.0095711,.
87690,.,-0.4957642,35.0199815,.
87691,.,-0.4964383,35.0195994,.
87692,.,-0.4897553,35.003493,.
87693,.,-0.4765058,34.9703363,.
87694,.,-0.479602,34.9713901,.
87695,.,-0.4762097,34.9703974,.
87696,.,-0.4758173,34.9722112,.
87697,.,-0.4800617,34.9716355,.
87698,.,-0.4740188,34.9799273,.
87699,.,-0.4745787,34.9784503,.
87700,.,-0.5878527,34.9465618,.
87701,.,-0.5724181,34.9480395,.
87702,.,-0.5829473,34.9415328,.
87703,.,-0.5835926,34.9410241,.
87704,.,-0.5731213,34.9476349,.
87705,.,-0.5877834,34.9465271,.
87706,.,-0.5740655,34.9482511,.
87707,.,-0.585396,34.9392136,.
87708,.,-0.5388485,35.0260943,.
87709,.,-0.538342,35.0260634,.
87710,.,-0.5372891,35.0259617,.
87711,.,-0.5386598,35.0330264,.
87712,.,-0.518933,35.0232557,.
87713,.,-0.518716,35.02285,.
87714,.,-0.5417764,35.0309409,.
87715,.,-0.5658908,34.994976,.
87716,.,-0.5474935,34.989912,.
87717,.,-0.5654929,34.9962559,.
87718,.,-0.5484742,34.9904768,.
87719,.,-0.65895,34.8743325,.
87720,.,-0.6581344,34.8745511,.
87721,.,-0.492674,35.0308844,.
87722,.,-0.493659,35.0329707,.
87723,.,-0.3767506,35.0279875,.
87724,.,-0.3772308,35.028247,.
87725,.,-0.3727713,35.0299533,.
87726,.,-0.4939045,35.0321213,.
87727,.,-0.3720393,35.0296443,.
87728,.,-0.3754712,35.0288252,.
87729,.,-0.5932306,34.9271929,.
87730,.,-0.5868348,34.9251387,.
87731,.,-0.6704919,35.052254,.
87732,.,-0.6823673,35.0367967,.
87733,.,-0.6906513,35.0740078,.
87734,.,-0.6891465,35.0383906,.
87735,.,-0.510921,34.9347016,.
87736,.,-0.5057477,34.9396355,.
87737,.,-0.5127037,34.9373167,.
87738,.,-0.5181748,34.9432548,.
87739,.,-0.5203916,34.9464652,.
87740,.,-0.5045681,34.9397752,.
87741,.,-0.5115198,34.9348324,.
87742,.,-0.512241,34.9400311,.
87743,.,-0.510644,34.9442535,.
87744,.,-0.5200714,34.9489814,.
87745,.,-0.5062557,34.945636,.
87746,.,-0.5178526,34.942691,.
87747,.,-0.505251,34.9447795,.
87748,.,-0.5771355,35.0326751,.
87749,.,-0.5725716,35.0240288,.
87750,.,-0.5774652,35.0322824,.
87751,.,-0.5727115,35.0239829,.
87752,.,-0.5764842,35.0292937,.
87753,.,-0.6694227,34.913883,.
87754,.,-0.5013557,34.941908,.
87755,.,-0.4853477,34.9431015,.
87756,.,-0.6637464,34.7483978,.
87757,.,-0.4848897,34.9433831,.
87758,.,-0.4913478,34.958727,.
87759,.,-0.4995174,34.9416389,.
87760,.,-0.4846613,34.9436793,.
87761,.,-0.4843599,34.9435012,.
87762,.,-0.484122,34.9619766,.
87763,.,-0.4796905,34.9747615,.
87764,.,-0.4836413,34.9774392,.
87765,.,-0.488088,34.9905414,.
87766,.,-0.4833957,34.9670587,.
87767,.,-0.4849485,34.9774635,.
87768,.,-0.4831198,34.9622652,.
87769,.,-0.4832201,34.9678982,.
87770,.,-0.5655804,34.9514373,.
87771,.,-0.5587848,34.95461,.
87772,.,-0.5587447,34.9547613,.
87773,.,-0.5659358,34.9511103,.
87774,.,-0.5624522,34.9600024,.
87775,.,-0.5582624,34.9635975,.
87776,.,-0.5397404,34.956601,.
87777,.,-0.558964,34.9626093,.
87778,.,-0.5475082,34.9636253,.
87779,.,-0.5585772,34.9625747,.
87780,.,-0.55684,34.9580606,.
87781,.,-0.556309,34.9585048,.
87782,.,-0.5615026,34.9600103,.
87783,.,-0.6339325,35.0010008,.
87784,.,-0.6342986,35.0011577,.
87785,.,-0.6114961,34.9715154,.
87786,.,-0.6346525,35.0020427,.
87787,.,-0.611263,34.9714681,.
87788,.,-0.6021961,34.9797886,.
87789,.,-0.6039346,34.9810766,.
87790,.,-0.6686623,34.9363946,.
87791,.,-0.669728,34.9365696,.
87792,.,-0.6676095,34.9372904,.
87793,.,-0.2991274,35.0281585,.
87794,.,-0.2924023,35.0337838,.
87795,.,-0.2923721,35.0339162,.
87796,.,-0.3079551,35.0266235,.
87797,.,-0.385065921848023,34.9139533619253,.
87798,.,-0.372295213022397,34.9044028391434,.
87799,.,-0.384476663417043,34.9132647923678,.
87800,.,-0.382804779261545,34.8976155682033,.
87801,.,-0.375473367033945,34.9084903968157,.
87802,.,-0.383147858815663,34.8961073834847,.
87803,.,-0.384651514481783,34.8976890365044,.
87804,.,-0.383543747825621,34.8962660230811,.
87805,.,-0.2585587,34.9667688,.
87806,.,-0.258569,34.96832,.
87807,.,-0.3191238,34.8571395,.
87808,.,-0.3242384,34.8637329,.
87809,.,-0.325137,34.8634007,.
87810,.,-0.316440716118071,34.9200106121652,.
87811,.,-0.316691254211205,34.9200587000464,.
87812,.,-0.316788786142057,34.9204991148409,.
87813,.,-0.317940016119918,34.9212904353936,.
87814,.,-1.0000697,34.4005984,.
87815,.,-0.4009404,34.7287153,.
87816,.,-0.3648794,34.7100258,.
87817,.,-0.4003221,34.7268397,.
87818,.,-0.3822069,34.6946259,.
87819,.,-0.3686691,34.7394175,.
87820,.,-0.3847104,34.6989975,.
87821,.,-0.3728873,34.7398577,.
87822,.,-0.4006829,34.7271626,.
87823,.,-0.3699063,34.7401129,.
87824,.,-0.3588133,34.710649,.
87825,.,-0.5031476,34.7256722,.
87826,.,-0.495895,34.7306351,.
87827,.,-0.492988,34.7304591,.
87828,.,-0.5055424,34.716071,.
87829,.,-0.4761724,34.7271444,.
87830,.,-0.4955091,34.7393625,.
87831,.,-0.4957919,34.7393452,.
87832,.,-0.4963159,34.7292745,.
87833,.,-0.5057495,34.7156205,.
87834,.,-0.5025216,34.7251778,.
87835,.,-0.5051377,34.716024,.
87836,.,-0.4733917,34.7297076,.
87837,.,-0.4063322,34.7758329,.
87838,.,-0.545257214821362,34.7417678700835,.
87839,.,-0.543870891442457,34.741281037431,.
87840,.,-0.550610127627561,34.7552859014129,.
87841,.,-0.552143155263322,34.7294852806659,.
87842,.,-0.566912231213295,34.727990360053,.
87843,.,-0.560479325674574,34.7353092095348,.
87844,.,-0.566560182985752,34.7291084094977,.
87845,.,-0.552581322782341,34.7302770798947,.
87846,.,-0.560564840055453,34.7399357342368,.
87847,.,-0.536625786837952,34.7490897003743,.
87848,.,-0.552957425938752,34.7570841250374,.
87849,.,-0.566522737476078,34.7329083624668,.
87850,.,-0.534061912381811,34.7290828431897,.
87851,.,-0.536744916296242,34.7297444719018,.
87852,.,-0.541684845499263,34.7299194934835,.
87853,.,-0.554138816250206,34.738509017834,.
87854,.,-0.531471422520099,34.7242980125878,.
87855,.,-0.531391923248544,34.7246571738385,.
87856,.,-0.451212533400524,34.7323086820515,.
87857,.,-0.434335370119342,34.7277287096205,.
87858,.,-0.464458479158371,34.7245431227222,.
87859,.,-0.425015776729204,34.7323857159311,.
87860,.,-0.424706181359733,34.7327757658179,.
87861,.,-0.442608629305214,34.7034780254258,.
87862,.,-0.467346954641946,34.7232746866657,.
87863,.,-0.459312446234757,34.7298939425133,.
87864,.,-0.445268994117912,34.707987792992,.
87865,.,-0.6847336,34.7759606,.
87866,.,-0.433545400218181,34.728516171858,.
87867,.,-0.441553143526625,34.7012203204483,.
87868,.,-0.442850084406259,34.6999523836353,.
87869,.,-0.446060143380221,34.7025524900658,.
87870,.,-0.44592640607459,34.7028099460571,.
87871,.,-0.442382086469046,34.7046817932348,.
87872,.,-0.383725,34.7837463,.
87873,.,-0.3730161,34.7802855,.
87874,.,-0.3616689,34.7529129,.
87875,.,-0.511980285747138,34.734441418348,.
87876,.,-0.532834283020756,34.7532931398961,.
87877,.,-0.533792554424131,34.7525576110541,.
87878,.,-0.514964939790029,34.7603871939583,.
87879,.,-0.532005973595412,34.7539099630388,.
87880,.,-0.536055227952827,34.7492452510655,.
87881,.,-0.535835358774579,34.7491810962311,.
87882,.,-0.4359402,34.8028551,.
87883,.,-0.4361138,34.8025272,.
87884,.,-0.4364325,34.8031213,.
87885,.,-0.4381893,34.8018533,.
87886,.,-0.4382797,34.8019897,.
87887,.,-0.4350167,34.8029473,.
87888,.,-0.4358386,34.8028476,.
87889,.,-0.4263359,34.7956174,.
87890,.,-0.4355296,34.8027045,.
87891,.,-0.424854,34.7952589,.
87892,.,-0.495145,34.7385306,.
87893,.,-0.4036329,34.7672335,.
87894,.,-0.4080377,34.7726223,.
87895,.,-0.4021998,34.7678269,.
87896,.,-0.4124398,34.7732339,.
87897,.,-0.4117201,34.7448422,.
87898,.,-0.4130978,34.7732667,.
87899,.,-0.742580388138953,34.3988525827032,.
87900,.,-0.740895558894798,34.3976478212939,.
87901,.,-0.742491136138515,34.3986299293603,.
87902,.,-0.741565437949632,34.4012804902795,.
87903,.,-0.699254365806929,34.3808044953493,.
87904,.,-0.695870790500131,34.3769958891069,.
87905,.,-0.69389618065988,34.3771796277819,.
87906,.,-0.738560502794491,34.6088575767676,.
87907,.,-0.74002744248932,34.6079828519805,.
87908,.,-0.732682967842181,34.6018383475809,.
87909,.,-0.732260381230992,34.6031047925121,.
87910,.,-0.739369466975202,34.6074595385027,.
87911,.,-0.732579959668129,34.6027134625446,.
87912,.,-0.60025445342707,34.4835092032742,.
87913,.,-0.625706038338423,34.4968064655252,.
87914,.,-0.587585331891021,34.4882212009701,.
87915,.,-0.609448328851344,34.4853255787,.
87916,.,-0.598119631484157,34.4870063268558,.
87917,.,-0.606053929823946,34.4929055714882,.
87918,.,-0.606154773706332,34.4932417746961,.
87919,.,-0.606052461618584,34.4931828071405,.
87920,.,-0.62505392204254,34.4968484176616,.
87921,.,-0.584920475481235,34.4867030951041,.
87922,.,-0.628756065009314,34.4971802898949,.
87923,.,-0.588291097914067,34.4893343109135,.
87924,.,-0.633821,34.5769695,.
87925,.,-0.6718262,34.589674,.
87926,.,-0.6636635,34.7482575,.
87927,.,-0.6718026,34.5896482,.
87928,.,-0.6636635,34.7482575,.
87929,.,-0.666002,34.5898063,.
87930,.,-0.634476,34.5776651,.
87931,.,-0.6348337,34.5775894,.
87932,.,-0.6338281,34.5769412,.
87933,.,-0.6636635,34.7482575,.
87934,.,-0.7566077,34.6022131,.
87935,.,-0.7566077,34.6022131,.
87936,.,-0.7566077,34.6022131,.
87937,.,-0.7566077,34.6022131,.
87938,.,-0.7538082,34.5492792,.
87939,.,-0.73892,34.5614688,.
87940,.,-0.7554447,34.54629,.
87941,.,-0.7388541,34.5614725,.
87942,.,-0.7537942,34.5491672,.
87943,.,-0.7396116,34.5602706,.
87944,.,-0.7555282,34.5467954,.
87945,.,-0.7566077,34.6022131,.
87946,.,-0.680331459989623,34.4785888778126,.
87947,.,-0.672605694195252,34.4991644567903,.
87948,.,-0.682388733146022,34.4837052652743,.
87949,.,-0.672709733485778,34.5001108331404,.
87950,.,-0.685728568099763,34.4892638334134,.
87951,.,-0.67298983220362,34.4991288257619,.
87952,.,-0.68496344008765,34.4893632865389,.
87953,.,-0.680685791092167,34.4785939322211,.
87954,.,-0.737960835764132,34.5191374455494,.
87955,.,-0.738167413751126,34.5192336151203,.
87956,.,-0.743813204069351,34.5150910590204,.
87957,.,-0.742266497251562,34.5129756850688,.
87958,.,-0.738583243903754,34.5196152217767,.
87959,.,-0.742535453164119,34.5157298704678,.
87960,.,-0.73217156147145,34.5195815108616,.
87961,.,-0.743750680061891,34.5148693696898,.
87962,.,-0.73329929217453,34.5196171724693,.
87963,.,-0.711843159169952,34.3390474804552,.
87964,.,-0.714785006230085,34.3387790905173,.
87965,.,-0.715158568910367,34.3387784662033,.
87966,.,-0.773669554205775,34.4426521825276,.
87967,.,-0.77647873653449,34.4416380297435,.
87968,.,-0.77486629067181,34.4420998670774,.
87969,.,-0.776631274853862,34.441590269232,.
87970,.,-0.769035809909933,34.4788022826799,.
87971,.,-0.777049896707033,34.4417708671559,.
87972,.,-0.775942812596971,34.4450609279141,.
87973,.,-0.763312328968899,34.4791750745528,.
87974,.,-0.76886425121977,34.4783969216468,.
87975,.,-0.637256408495618,34.4932771991716,.
87976,.,-0.556554369689961,34.4908075309751,.
87977,.,-0.626628852971662,34.4806265174621,.
87978,.,-0.63650694629765,34.492603877176,.
87979,.,-0.60523237527063,34.515020626264,.
87980,.,-0.626414240820138,34.4798179823023,.
87981,.,-0.618638958684647,34.5047664890638,.
87982,.,-0.621632685867934,34.5089905936709,.
87983,.,-0.635283794837097,34.4896922304732,.
87984,.,-0.598191958453975,34.5172691592596,.
87985,.,-0.637469964502599,34.4935370132131,.
87986,.,-0.555155749779226,34.4908921797147,.
87987,.,-0.619660485251938,34.5074055068576,.
87988,.,-0.6995452,34.518013,.
87989,.,-0.6928836,34.5159911,.
87990,.,-0.7155736,34.4975886,.
87991,.,-0.6966578,34.5158965,.
87992,.,-0.6995406,34.5179273,.
87993,.,-0.7164864,34.5036404,.
87994,.,-0.7164353,34.4969082,.
87995,.,-0.6960468,34.5157599,.
87996,.,-0.7163194,34.5030701,.
87997,.,-0.7201613,34.4967264,.
87998,.,-0.7075124,34.5301327,.
87999,.,-0.691898,34.5533186,.
88000,.,-0.707477,34.5302124,.
88001,.,-0.6926202,34.5536734,.
88002,.,-0.6926094,34.5535901,.
88003,.,-0.7066308,34.5328725,.
88004,.,-0.7566077,34.6022131,.
88005,.,-0.7070247,34.5310021,.
88006,.,-0.7566077,34.6022131,.
88007,.,-0.6852245,34.6012999,.
88008,.,-0.6745229,34.6338541,.
88009,.,-0.6849529,34.6000159,.
88010,.,-0.6852606,34.5989957,.
88011,.,-0.6958241,34.6325678,.
88012,.,-0.6852599,34.599955,.
88013,.,-0.6745871,34.633851,.
88014,.,-0.6738404,34.6333851,.
88015,.,-0.6851364,34.6013889,.
88016,.,-0.6962791,34.6372269,.
88017,.,-0.6854259,34.5993748,.
88018,.,-0.7433618,34.6264931,.
88019,.,-0.7300685,34.5635858,.
88020,.,-0.7306846,34.563218,.
88021,.,-0.7307627,34.5634026,.
88022,.,-0.7372416,34.6003681,.
88023,.,-0.7431088,34.6261336,.
88024,.,-0.7390374,34.5980645,.
88025,.,-0.7794128,34.3007462,.
88026,.,-0.7643392,34.2870637,.
88027,.,-0.7619653,34.2886648,.
88028,.,-0.7612922,34.2888283,.
88029,.,-0.777265857182262,34.3022069018769,.
88030,.,-0.777595733050425,34.3013842718373,.
88031,.,-0.7792841,34.301044,.
88032,.,-0.7791504,34.300433,.
88033,.,-0.7643649,34.287174,.
88034,.,-0.777836922630095,34.3031792494897,.
88035,.,0.847925898329409,34.8169639644913,.
88036,.,1.02213148677968,34.9808487178565,.
88037,.,0.833339079693093,34.8246528149434,.
88038,.,0.847952471981978,34.8047382215221,.
88039,.,0.848259706876932,34.8175624835745,.
88040,.,0.851858599186634,34.8040062022105,.
88041,.,0.853697611481757,34.7987458261439,.
88042,.,1.02234410537797,34.980697682732,.
88043,.,0.867241470132452,34.8264960812777,.
88044,.,0.876480483915954,34.8555997155015,.
88045,.,1.02217292360486,34.9811958036714,.
88046,.,0.867581115176187,34.8479274690792,.
88047,.,0.867581115176187,34.8479274690792,.
88048,.,1.02213375563514,34.9813055165238,.
88049,.,0.866711524640531,34.8289953473549,.
88050,.,0.866711524640531,34.8289953473549,.
88051,.,0.868955524847614,34.8232526530246,.
88052,.,0.867581115176187,34.8479274690792,.
88053,.,0.852544222173959,34.7868567774152,.
88054,.,0.849050204347164,34.7871045489574,.
88055,.,0.837820725774705,34.7927727170091,.
88056,.,0.870254429746063,34.7899050565135,.
88057,.,0.87180122595471,34.7924199730238,.
88058,.,0.822213455013522,34.856683653259,.
88059,.,0.871285833524133,34.792558225994,.
88060,.,0.853499733449023,34.784718771956,.
88061,.,0.880265502688121,34.7883778161453,.
88062,.,1.02210650529246,34.9809282140223,.
88063,.,0.879558169161468,34.790192493238,.
88064,.,1.02210650529246,34.9809282140223,.
88065,.,1.02206824884623,34.9809372020664,.
88066,.,0.880798057408851,34.7883902079587,.
88067,.,0.879645412233277,34.789545578009,.
88068,.,1.02211917982326,34.9809453426174,.
88069,.,0.7066736771822,34.8693672299527,.
88070,.,0.706640235639742,34.8693672925754,.
88071,.,0.687417960529967,34.8738531463553,.
88072,.,0.706197208156625,34.8696825903145,.
88073,.,0.68736923556671,34.8738200775877,.
88074,.,0.694868195576178,34.8537848071934,.
88075,.,0.703488900976714,34.8755391377258,.
88076,.,0.707583923123593,34.8707635965451,.
88077,.,0.706201393784504,34.8696724957159,.
88078,.,0.694868195576178,34.8537848071934,.
88079,.,0.68736923556671,34.8738200775877,.
88080,.,0.802130380515812,34.8652927197042,.
88081,.,0.808981980050492,34.856514680505,.
88082,.,0.803007034942978,34.8536658698183,.
88083,.,0.891188477139225,34.919722341162,.
88084,.,0.797315951607646,34.8431601867098,.
88085,.,0.802035083927771,34.865207706528,.
88086,.,0.832395236511808,34.8696168585855,.
88087,.,0.763393419614445,34.8412245589559,.
88088,.,0.75831223980981,34.8401099692508,.
88089,.,0.765933963854523,34.8341915765303,.
88090,.,0.766197153061754,34.8344142490344,.
88091,.,1.0221301170039,34.9809160480852,.
88092,.,0.758304317302883,34.8401616092645,.
88093,.,1.0221502722788,34.9810158803238,.
88094,.,0.981925401041775,34.9745300005632,.
88095,.,1.02220040761301,34.9809112103581,.
88096,.,1.02201879324485,34.9808974392533,.
88097,.,1.02213873778629,34.9808975031675,.
88098,.,0.74391368956092,34.907039730215,.
88099,.,0.713099157788645,34.88461937535,.
88100,.,0.740132167449239,34.8974279409896,.
88101,.,0.711456575623766,34.8806933345159,.
88102,.,1.0221159420842,34.9807815176981,.
88103,.,0.705457076394159,34.8893516889311,.
88104,.,0.706134026959008,34.8892218827732,.
88105,.,0.713099157788645,34.88461937535,.
88106,.,0.705457076394159,34.8893516889311,.
88107,.,0.713099157788645,34.88461937535,.
88108,.,0.726306845947519,34.8890524129758,.
88109,.,0.720634425296772,34.8821046945285,.
88110,.,0.750316655008198,34.8963271854445,.
88111,.,0.713099157788645,34.88461937535,.
88112,.,0.746888582094951,34.936272169451,.
88113,.,0.75606529289835,34.8992450199504,.
88114,.,0.741080458346831,34.9198716956396,.
88115,.,1.02213236051044,34.9808774591121,.
88116,.,0.741567549039264,34.922243419183,.
88117,.,0.744688339317469,34.912316936601,.
88118,.,0.741903953361736,34.9227876980393,.
88119,.,0.741567552018317,34.922364841551,.
88120,.,0.742263529267669,34.9227836431346,.
88121,.,0.828919929868037,34.8419915801204,.
88122,.,0.842039844910632,34.8673125307439,.
88123,.,0.821495193670294,34.8564778474786,.
88124,.,0.8301557169372,34.8414225362178,.
88125,.,0.830139197585521,34.8414562481583,.
88126,.,0.763427229896888,34.8412284314487,.
88127,.,0.869760900902821,34.8830563833082,.
88128,.,0.788671131159622,34.8233200766851,.
88129,.,0.826145407046157,34.8589947896642,.
88130,.,0.753668387234982,34.8960101824195,.
88131,.,0.746499479595132,34.9033386525147,.
88132,.,0.746243243919248,34.9032249506376,.
88133,.,0.744502666614567,34.909178054392,.
88134,.,0.732675450011634,34.9106468700125,.
88135,.,0.773217903166748,34.8827808882681,.
88136,.,0.745987253781976,34.9087279027728,.
88137,.,0.739162755433211,34.9114879618627,.
88138,.,1.01869294545107,34.9874767396252,.
88139,.,0.746511230613422,34.9033613683567,.
88140,.,0.722163707914165,34.8761488379714,.
88141,.,0.73292102092544,34.9103852963996,.
88142,.,0.739255224218333,34.9105499136328,.
88143,.,1.02209059722656,34.9810034067311,.
88144,.,0.736019000081328,34.8969591130909,.
88145,.,0.743895385500564,34.9072117736217,.
88146,.,0.741372880649029,34.8997819367071,.
88147,.,1.02213036342205,34.9807370355858,.
88148,.,0.840377277499796,34.8308528229389,.
88149,.,0.840324294017469,34.8307293574185,.
88150,.,0.841422856645435,34.8502730441443,.
88151,.,0.839124933833394,34.8524451036975,.
88152,.,0.838882855199359,34.8443864402414,.
88153,.,0.839654743491465,34.8495500012752,.
88154,.,0.839022650973262,34.8326494299084,.
88155,.,0.838975422909088,34.8460855940453,.
88156,.,0.6896857,34.5235317,.
88157,.,0.6893973,34.5231487,.
88158,.,0.6898778,34.5241392,.
88159,.,0.6898702,34.5241873,.
88160,.,0.6896692,34.5235988,.
88161,.,0.807195,34.4635618,.
88162,.,0.8034144,34.4864786,.
88163,.,0.8043156,34.4863299,.
88164,.,0.807181,34.4635986,.
88165,.,0.8058524,34.485184,.
88166,.,0.8057665,34.4847313,.
88167,.,0.8082031,34.4728335,.
88168,.,0.8084615,34.503749,.
88169,.,0.8084578,34.5037473,.
88170,.,0.8061417,34.4844041,.
88171,.,0.8041379,34.4862682,.
88172,.,0.8019941,34.4861506,.
88173,.,0.837549338389667,34.4504985560788,.
88174,.,0.850916708033579,34.4534967371566,.
88175,.,0.838500549707265,34.4496341514826,.
88176,.,0.845753711367501,34.4535650508887,.
88177,.,0.851625469282516,34.4537891585823,.
88178,.,0.846296339843815,34.4528452208287,.
88179,.,0.846506259467076,34.4522012347849,.
88180,.,0.846249949622713,34.4530836176931,.
88181,.,0.7818202,34.5506538,.
88182,.,0.7819122,34.5506396,.
88183,.,0.8067037,34.5469885,.
88184,.,0.7818542,34.5506928,.
88185,.,0.7818561,34.5506801,.
88186,.,0.8065229,34.5465419,.
88187,.,0.7817733,34.5506841,.
88188,.,0.7818196,34.5507219,.
88189,.,0.8067623,34.5470723,.
88190,.,0.7689817,34.561193,.
88191,.,0.7759628,34.5601075,.
88192,.,0.7760298,34.5601841,.
88193,.,0.7754934,34.5599026,.
88194,.,0.7690161,34.5611313,.
88195,.,0.7759041,34.5602476,.
88196,.,0.769003,34.5611712,.
88197,.,0.78178,34.5567688,.
88198,.,0.7840241,34.5725722,.
88199,.,0.7841105,34.5724366,.
88200,.,0.7992521,34.5619178,.
88201,.,0.7992249,34.5618645,.
88202,.,0.7954695,34.5624004,.
88203,.,0.7992399,34.5618558,.
88204,.,0.7817987,34.5568025,.
88205,.,0.7838651,34.5725555,.
88206,.,0.5668531,34.5639471,.
88207,.,0.7139396,34.5375051,.
88208,.,0.5668247,34.5640881,.
88209,.,0.718613,34.5567922,.
88210,.,0.7120225,34.5550184,.
88211,.,0.719025,34.5584579,.
88212,.,0.7190169,34.5584896,.
88213,.,0.719655,34.5585821,.
88214,.,0.711912,34.5549939,.
88215,.,0.7178243,34.5618218,.
88216,.,0.767304,34.4935466,.
88217,.,0.7190506,34.4832205,.
88218,.,0.7492176,34.489898,.
88219,.,0.7190867,34.4832316,.
88220,.,0.7190844,34.4832312,.
88221,.,0.719027,34.483207,.
88222,.,0.7498287,34.4903865,.
88223,.,0.767304,34.4935466,.
88224,.,0.721734,34.4817099,.
88225,.,0.7672975,34.4935461,.
88226,.,0.7498846,34.4903722,.
88227,.,0.7190665,34.4832597,.
88228,.,0.7190687,34.4832096,.
88229,.,0.7673005,34.4935428,.
88230,.,0.7217083,34.4816757,.
88231,.,0.613970446322155,34.2651830029244,.
88232,.,0.613824291925619,34.2654166589056,.
88233,.,0.76810911163562,34.3567129048927,.
88234,.,0.772326973017309,34.3559975237322,.
88235,.,0.759181849583633,34.3800893093626,.
88236,.,0.613864275635398,34.2652433499668,.
88237,.,0.613784692658873,34.2652533604386,.
88238,.,0.633230538223067,34.2676681941781,.
88239,.,0.772506614819023,34.3819848857606,.
88240,.,0.771666721913405,34.3569119182777,.
88241,.,0.613886118707776,34.2652219722143,.
88242,.,0.759409752010378,34.3795628108667,.
88243,.,0.768099401444154,34.3567884760814,.
88244,.,0.7687223,34.382328,.
88245,.,0.793875123765967,34.4106487657,.
88246,.,0.793834334387739,34.4106551115468,.
88247,.,0.61352267315174,34.2651123362653,.
88248,.,0.792494321411878,34.4110981787423,.
88249,.,0.613463852181835,34.2651084342931,.
88250,.,0.613485479443845,34.2652080074404,.
88251,.,0.797206652670476,34.4113731385746,.
88252,.,0.804225289842722,34.4090729832774,.
88253,.,0.797643485094621,34.4124212817694,.
88254,.,0.7778396,34.5131561,.
88255,.,0.7971707,34.5090571,.
88256,.,0.7775267,34.5132015,.
88257,.,0.7731466,34.4938744,.
88258,.,0.7778832,34.5131172,.
88259,.,0.7731071,34.4939531,.
88260,.,0.7776034,34.513148,.
88261,.,0.8044129,34.5688305,.
88262,.,0.8110399,34.6831633,.
88263,.,0.8044822,34.5687399,.
88264,.,0.8052155,34.5697791,.
88265,.,0.808982,34.5811116,.
88266,.,0.8089734,34.5811448,.
88267,.,0.8089774,34.5811034,.
88268,.,0.7993155,34.5618748,.
88269,.,0.7755176,34.5438544,.
88270,.,0.7762315,34.5468703,.
88271,.,0.7758807,34.5435836,.
88272,.,0.7753917,34.5445572,.
88273,.,0.77554,34.5436993,.
88274,.,0.7762663,34.5466984,.
88275,.,0.7760711,34.5435424,.
88276,.,0.7673039,34.4935483,.
88277,.,0.7983822,34.4927866,.
88278,.,0.8096212,34.5013524,.
88279,.,0.8095509,34.5013732,.
88280,.,0.79751,34.4929226,.
88281,.,0.808436,34.5037655,.
88282,.,0.8084215,34.5037764,.
88283,.,0.7524107,34.5238681,.
88284,.,0.7497693,34.5435906,.
88285,.,0.7498013,34.5433128,.
88286,.,0.763151,34.5478107,.
88287,.,0.7524267,34.5237623,.
88288,.,0.7496524,34.5432636,.
88289,.,0.750654,34.5391861,.
88290,.,0.7523661,34.5238763,.
88291,.,0.827315207558362,34.4315421935294,.
88292,.,0.827496321433168,34.432217356032,.
88293,.,0.828088602571233,34.4195814739679,.
88294,.,0.827601367295431,34.4320856072444,.
88295,.,0.613868342771964,34.2654602820032,.
88296,.,0.825666390785762,34.4143284981762,.
88297,.,0.825483469326649,34.4141373481765,.
88298,.,0.613703273556614,34.2652272478454,.
88299,.,0.824591603966989,34.4158491435554,.
88300,.,0.819623053463754,34.4270048852099,.
88301,.,0.825449611314273,34.4143300553077,.
88302,.,0.7655557,34.4930819,.
88303,.,0.7876695,34.4860311,.
88304,.,0.7656837,34.4932901,.
88305,.,0.7552165,34.4815505,.
88306,.,0.7551773,34.481567,.
88307,.,0.7876767,34.4860009,.
88308,.,0.5668388,34.5639891,.
88309,.,0.7533226,34.4743768,.
88310,.,0.7540399,34.4738502,.
88311,.,0.7508371,34.4928234,.
88312,.,0.7139718,34.5374837,.
88313,.,0.7538757,34.4739436,.
88314,.,0.7139399,34.5374717,.
88315,.,0.7531586,34.4744753,.
88316,.,0.7531148,34.4745619,.
88317,.,0.8095718,34.5013911,.
88318,.,0.785319346963696,34.4696551654502,.
88319,.,0.817613798972319,34.4429474350982,.
88320,.,0.818426243875638,34.4426473181675,.
88321,.,0.816742640823184,34.4421302696361,.
88322,.,0.785100420641966,34.4677376627198,.
88323,.,0.7339321,34.5033583,.
88324,.,0.7139241,34.5132171,.
88325,.,0.7138972,34.5133965,.
88326,.,0.7336772,34.5028822,.
88327,.,0.7139625,34.5132779,.
88328,.,0.7496244,34.5429956,.
88329,.,0.7139991,34.5374712,.
88330,.,0.7140113,34.537519,.
88331,.,0.7331378,34.5021827,.
88332,.,0.7464767,34.5385984,.
88333,.,0.7356383,34.5441451,.
88334,.,0.7465163,34.5385643,.
88335,.,0.7356809,34.5440948,.
88336,.,0.7356453,34.5441046,.
88337,.,0.7465462,34.5385423,.
88338,.,0.7301667,34.5440827,.
88339,.,0.613710636758533,34.2651922931596,.
88340,.,0.613817510539452,34.265236007673,.
88341,.,0.613956218149833,34.2652706179856,.
88342,.,0.783946409196656,34.4724887108924,.
88343,.,0.765797885335781,34.458286570454,.
88344,.,0.783716837374564,34.4725209034944,.
88345,.,0.613898784935994,34.2650697599806,.
88346,.,0.613775369393255,34.2651863057951,.
88347,.,0.613513682844684,34.2651130874627,.
88348,.,0.766930297140895,34.4594784757718,.
88349,.,0.766458383494313,34.4590536764489,.
88350,.,0.613805445058119,34.2651558213459,.
88351,.,0.779119084091749,34.4193303652869,.
88352,.,0.633273618433869,34.2676659087108,.
88353,.,0.61376282944804,34.2651754697396,.
88354,.,0.613511504442074,34.265140608082,.
88355,.,0.613833221411676,34.2651889176106,.
88356,.,0.613833542633152,34.2652991321202,.
88357,.,-0.7039742,34.7404036,.
88358,.,-0.7047729,34.7397283,.
88359,.,-0.6692955,34.6600416,.
88360,.,-0.670347,34.7306817,.
88361,.,-0.669744,34.6607785,.
88362,.,-0.6719172,34.7312857,.
88363,.,-0.6614436,34.7297382,.
88364,.,-0.6764823,34.7054083,.
88365,.,-0.6715238,34.7263167,.
88366,.,-0.6494301,34.7263723,.
88367,.,-0.6752598,34.7141747,.
88368,.,-0.6755858,34.7136198,.
88369,.,-0.6498497,34.7261492,.
88370,.,-0.7531588,34.6474852,.
88371,.,-0.7532815,34.6476036,.
88372,.,-0.7539287,34.6416584,.
88373,.,-0.7555484,34.6416413,.
88374,.,-0.7530053,34.6472268,.
88375,.,-0.6117441,34.6816136,.
88376,.,-0.6114121,34.6812706,.
88377,.,-0.6129125,34.6803566,.
88378,.,-0.7244938,34.7319753,.
88379,.,-0.7255315,34.7327084,.
88380,.,-0.7251517,34.7309962,.
88381,.,-0.7198044,34.7265599,.
88382,.,-0.7190478,34.7281569,.
88383,.,-0.7241372,34.7312169,.
88384,.,-0.7265029,34.6401675,.
88385,.,-0.7302405,34.6445311,.
88386,.,-0.7283289,34.6475784,.
88387,.,-0.7315896,34.6414226,.
88388,.,-0.735765,34.6363303,.
88389,.,-0.7353495,34.6355988,.
88390,.,-0.7310804,34.6396688,.
88391,.,0.624457084803833,34.3464651305628,.
88392,.,0.630242909944534,34.3513773612522,.
88393,.,0.703978,34.3445061,.
88394,.,0.7079072,34.3357323,.
88395,.,0.7038042,34.3419265,.
88396,.,0.7031126,34.3404055,.
88397,.,0.7026818,34.3456793,.
88398,.,0.7028182,34.3400961,.
88399,.,0.7082005,34.3315891,.
88400,.,0.701398,34.3357018,.
88401,.,0.7039541,34.3337846,.
88402,.,0.625366301901849,34.2290935416356,.
88403,.,0.622184885001831,34.2348137002676,.
88404,.,0.616131923915583,34.248692226616,.
88405,.,0.614923408598261,34.2493330079806,.
88406,.,0.631188368046359,34.2438490129133,.
88407,.,0.6350093,34.2414732,.
88408,.,0.616550286107114,34.2473185845893,.
88409,.,0.673462,34.3783066,.
88410,.,0.6785477,34.3871459,.
88411,.,0.6723679,34.3856967,.
88412,.,0.6735348,34.3782212,.
88413,.,0.6726846,34.3850834,.
88414,.,0.6795744,34.3847981,.
88415,.,0.639072592225269,34.3913907505238,.
88416,.,0.639105264256018,34.3977759881666,.
88417,.,0.643188021499362,34.4000112075269,.
88418,.,0.642551201157148,34.3961927159468,.
88419,.,0.617568477053214,34.3921866976028,.
88420,.,0.643483442179809,34.3957803199393,.
88421,.,0.639171540319755,34.3945316839674,.
88422,.,0.617554335603734,34.3921361075444,.
88423,.,0.638970876033801,34.3921463192483,.
88424,.,0.642005291646039,34.3905318766619,.
88425,.,0.64090616453069,34.3925430793093,.
88426,.,0.617294889407772,34.3932578021336,.
88427,.,0.625635618734743,34.2936262609252,.
88428,.,0.626057679597501,34.2945164679743,.
88429,.,0.62620815347654,34.3132003374075,.
88430,.,0.629095929047292,34.313637762881,.
88431,.,0.626882959880393,34.2941038912264,.
88432,.,0.627147508470691,34.3115011390031,.
88433,.,0.448075330594973,34.2757125726659,.
88434,.,0.618294286777183,34.3426753462308,.
88435,.,0.447891817683082,34.2752378083281,.
88436,.,0.444562904762677,34.2790600936139,.
88437,.,0.623264274712154,34.2876994531631,.
88438,.,0.646458326203355,34.3021132396623,.
88439,.,0.443239327891827,34.274816168667,.
88440,.,0.624743437629205,34.258584678947,.
88441,.,0.624107241463154,34.2582444826226,.
88442,.,0.626745230247945,34.2584020681663,.
88443,.,0.633393525982092,34.2656329468159,.
88444,.,0.7510388,34.343316,.
88445,.,0.7261898,34.334939,.
88446,.,0.7377297,34.3318376,.
88447,.,0.7510463000000001,34.3432959,.
88448,.,0.725558,34.3341816,.
88449,.,0.721249,34.3226195,.
88450,.,0.7519102,34.3442649,.
88451,.,0.7370203,34.3310807,.
88452,.,0.7212638,34.3226059,.
88453,.,0.7196874,34.3226168,.
88454,.,0.7271129,34.3361438,.
88455,.,0.7377171,34.3318532,.
88456,.,0.6958351,34.3608855,.
88457,.,0.7203201,34.3225677,.
88458,.,0.6964234,34.3836154,.
88459,.,0.6950818,34.3807167,.
88460,.,0.6950316,34.3805319,.
88461,.,0.6904308,34.3772028,.
88462,.,0.6893931,34.3855137,.
88463,.,0.6918777,34.381792,.
88464,.,0.6894148,34.3855119,.
88465,.,0.9970362,34.9545517,.
88466,.,0.6904367,34.3772239,.
88467,.,0.618094874101435,34.3595771790748,.
88468,.,0.63034859208108,34.345797870072,.
88469,.,0.631539520667783,34.3496612514719,.
88470,.,0.615308184143762,34.3622152051765,.
88471,.,0.631426376260338,34.3492571329642,.
88472,.,0.622081182865375,34.3721358745051,.
88473,.,0.631357198625676,34.3500434635077,.
88474,.,0.617445654036309,34.3633969939804,.
88475,.,0.628075491697587,34.3503393494139,.
88476,.,0.622118617256669,34.3719830017554,.
88477,.,0.6338324,34.2843401,.
88478,.,0.618414873839952,34.3731610519829,.
88479,.,0.628147180073291,34.3503821494108,.
88480,.,0.477264005397238,34.3871480057959,.
88481,.,0.48211389811977,34.3981826087145,.
88482,.,0.504125927545535,34.3662610490868,.
88483,.,0.504246715003215,34.3663738608225,.
88484,.,0.481570889823635,34.3992326871429,.
88485,.,0.505020627367054,34.3662812437103,.
88486,.,0.507263288561696,34.3657223254038,.
88487,.,0.506358135146072,34.3673266054543,.
88488,.,0.481572965137661,34.3992638144135,.
88489,.,0.477959044886841,34.3869976396137,.
88490,.,0.506203450585364,34.366774536919,.
88491,.,0.615992049302649,34.4042356048289,.
88492,.,0.447073114217445,34.277965875217,.
88493,.,0.556007633360531,34.3848945048138,.
88494,.,0.628454837188119,34.4162103184172,.
88495,.,0.447262574318998,34.2776494550744,.
88496,.,0.444238337281334,34.2728516140765,.
88497,.,0.615623108462749,34.4054394722922,.
88498,.,0.627689772691494,34.4169015812888,.
88499,.,0.625593595570447,34.4103064514181,.
88500,.,0.446943963023088,34.2773792587185,.
88501,.,0.649208220064117,34.4252243532178,.
88502,.,0.616711020615063,34.4053812434717,.
88503,.,0.627282616985811,34.4163551701976,.
88504,.,0.642256168655605,34.415863177023,.
88505,.,0.5711109,34.3897503,.
88506,.,0.5823529,34.4307097,.
88507,.,0.553585377757249,34.4244787364494,.
88508,.,0.570802859459219,34.4214954253563,.
88509,.,0.560049498535422,34.4260090691729,.
88510,.,0.569210633816178,34.4217416228033,.
88511,.,0.564723698441431,34.4118335863378,.
88512,.,0.553612569909306,34.423998006108,.
88513,.,0.5825206,34.4305617,.
88514,.,0.562511528426223,34.4169311196347,.
88515,.,0.582712,34.432545,.
88516,.,0.5813012,34.431404,.
88517,.,0.442610196285959,34.2745838813484,.
88518,.,0.443117477233553,34.2737967460282,.
88519,.,0.442986945077788,34.2744379460955,.
88520,.,0.647348608214114,34.3037683463147,.
88521,.,0.44284163286491,34.2747587980166,.
88522,.,0.649857160563452,34.3072582148449,.
88523,.,0.441730258398989,34.274575147627,.
88524,.,0.65048172895071,34.3070620949981,.
88525,.,0.650215407577553,34.3063233047387,.
88526,.,0.643951211380878,34.3021408944516,.
88527,.,0.6794379,34.3066366,.
88528,.,0.679307,34.3065897,.
88529,.,0.6759841,34.3145975,.
88530,.,0.6735089,34.2878393,.
88531,.,0.6748051,34.3128433,.
88532,.,0.6773909,34.2871725,.
88533,.,0.6753914,34.3127596,.
88534,.,0.6280666,34.3227283,.
88535,.,0.6745429,34.2874731,.
88536,.,0.9967471,34.9544909,.
88537,.,0.6771282,34.3099682,.
88538,.,0.504006760240302,34.4274365316702,.
88539,.,0.489966686154446,34.4308592848482,.
88540,.,0.342220791836737,34.3403263012324,.
88541,.,0.50261715214913,34.4259772344457,.
88542,.,0.504510438020072,34.4290775063198,.
88543,.,0.504917338834281,34.4273870708636,.
88544,.,0.477562748827364,34.423547018908,.
88545,.,0.504952778696431,34.4288414676054,.
88546,.,0.478136477174979,34.4250393784721,.
88547,.,0.458733752448761,34.1149579496468,.
88548,.,0.477446148836829,34.4239524362567,.
88549,.,0.489931713424967,34.4308129825872,.
88550,.,0.458696687030106,34.1149408741293,.
88551,.,0.502700484456494,34.4258634868418,.
88552,.,0.472870998476585,34.4248997817568,.
88553,.,0.488542250933873,34.4295258699572,.
88554,.,0.597663410116502,34.2512950578679,.
88555,.,0.606904276305188,34.2567003214211,.
88556,.,0.583545186883834,34.2271672805608,.
88557,.,0.586745022114477,34.2448028637287,.
88558,.,0.591681905280168,34.2525669240349,.
88559,.,0.598881309736147,34.2510312039383,.
88560,.,0.598784999749233,34.245105821012,.
88561,.,0.594915750281894,34.2514892984838,.
88562,.,0.590286736705915,34.2432624530475,.
88563,.,0.591718239086319,34.2440939546569,.
88564,.,0.587594106737671,34.2448498608084,.
88565,.,0.6347571,34.2785435,.
88566,.,0.597378006721889,34.2512569924745,.
88567,.,0.443341753671608,34.2746572691,.
88568,.,0.0028023262079803,35.3371255432373,.
88569,.,0.002998296201478,35.3371668289884,.
88570,.,0.0020811633543549,35.3373364605958,.
88571,.,0.28084141885314,34.4459549369973,.
88572,.,-0.000462654700858,35.3589689305057,.
88573,.,-0.0027758110100616,35.3465674309342,.
88574,.,0.0020811633543549,35.3373364605958,.
88575,.,0.28084141885314,34.4459549369973,.
88576,.,-0.0018347655560769,35.3575312358869,.
88577,.,0.28084141885314,34.4459549369973,.
88578,.,0.28084141885314,34.4459549369973,.
88579,.,0.0046826348993078,35.3090656865517,.
88580,.,0.279463495460135,34.4446631474776,.
88581,.,0.0762808300139721,35.1600690865499,.
88582,.,0.084252121661293,35.1616386236112,.
88583,.,0.279463495460135,34.4446631474776,.
88584,.,0.0835734115928889,35.1606026006203,.
88585,.,0.0834431805271798,35.1621611538783,.
88586,.,0.0046826348993078,35.3090656865517,.
88587,.,0.0046826348993078,35.3090656865517,.
88588,.,0.279463495460135,34.4446631474776,.
88589,.,0.0047632892343124,35.3089653316804,.
88590,.,0.0048467882349104,35.3093103681266,.
88591,.,0.279463495460135,34.4446631474776,.
88592,.,0.280815146172509,34.4459860642528,.
88593,.,-0.013870911754866,35.3940971590718,.
88594,.,-0.013870911754866,35.3940971590718,.
88595,.,0.280827958794779,34.4459744455699,.
88596,.,0.279251150268661,34.4446915997902,.
88597,.,0.0226089882014353,35.3429660294969,.
88598,.,0.280827958794779,34.4459744455699,.
88599,.,0.280813968930427,34.4460120153555,.
88600,.,0.279178282455857,34.4432503524868,.
88601,.,0.280813968930427,34.4460120153555,.
88602,.,0.279388513002971,34.4445669520256,.
88603,.,-0.0759601482391752,35.3042286995705,.
88604,.,0.279463495460135,34.4446631474776,.
88605,.,-0.0759601482391752,35.3042286995705,.
88606,.,0.279388513002971,34.4445669520256,.
88607,.,-0.0861719350408082,35.2988577102188,.
88608,.,-0.0861776107959545,35.298801722248,.
88609,.,0.0047140471015341,35.3090705297497,.
88610,.,0.0060531590973039,35.3910425797647,.
88611,.,0.0036177228800165,35.3891106290765,.
88612,.,0.0087470069439724,35.3867675773739,.
88613,.,0.28078871691191,34.4459791946401,.
88614,.,0.008759058821251,35.385298157393,.
88615,.,0.28078871691191,34.4459791946401,.
88616,.,0.0066050363766623,35.3928553530106,.
88617,.,0.0047606648982205,35.3089676790891,.
88618,.,0.0046935524949167,35.308684482826,.
88619,.,0.0062422938948781,35.3911243081301,.
88620,.,0.0046752323483685,35.30905728675,.
88621,.,0.0047606648982205,35.3089676790891,.
88622,.,0.0046822886472695,35.3090513107249,.
88623,.,0.280774317782185,34.4459997032996,.
88624,.,0.0045402861934287,35.3998867926133,.
88625,.,-0.0120029866909649,35.3783047159872,.
88626,.,-0.0129421900663306,35.379276579846,.
88627,.,0.006460286762636,35.3928134880539,.
88628,.,0.0047606648982205,35.3089676790891,.
88629,.,-0.0129421900663306,35.379276579846,.
88630,.,0.0029539122035706,35.4008568791656,.
88631,.,0.280774317782185,34.4459997032996,.
88632,.,0.0046822886472695,35.3090513107249,.
88633,.,0.0029539122035706,35.4008568791656,.
88634,.,0.0047606648982205,35.3089676790891,.
88635,.,-0.065267512344502,35.2716835722851,.
88636,.,-0.0701106591190576,35.2507708879735,.
88637,.,-0.0700910819049406,35.2507619112002,.
88638,.,0.0047140471015341,35.3090705297497,.
88639,.,-0.0658437583461553,35.2692902231922,.
88640,.,-0.0701106591190576,35.2507708879735,.
88641,.,-0.0701106591190576,35.2507708879735,.
88642,.,0.279463495460135,34.4446631474776,.
88643,.,-0.0678267772771497,35.271996944103,.
88644,.,-0.0700910819049406,35.2507619112002,.
88645,.,-0.0700910819049406,35.2507619112002,.
88646,.,0.1071184,34.6686204,.
88647,.,0.0308001390403822,34.7140901191864,.
88648,.,0.0394797223796143,34.7494712655989,.
88649,.,0.0301374285235911,34.7145487999605,.
88650,.,0.0923242,34.6450324,.
88651,.,0.0708639,34.6773703,.
88652,.,0.0710094,34.6754504,.
88653,.,0.0716417,34.6821989,.
88654,.,0.0648541,34.6882832,.
88655,.,0.0648766,34.6882765,.
88656,.,0.0751485,34.6766143,.
88657,.,0.0714116,34.6827789,.
88658,.,0.075167,34.6757922,.
88659,.,0.0728545,34.6757356,.
88660,.,0.0705246,34.675677,.
88661,.,0.0704704,34.6756673,.
88662,.,0.0716294,34.6819499,.
88663,.,0.0792347,34.681593,.
88664,.,0.0790592,34.6813911,.
88665,.,0.0750137,34.6766075,.
88666,.,0.071046,34.6770619,.
88667,.,0.0799902,34.6822597,.
88668,.,0.0716518,34.7108189,.
88669,.,0.064922,34.7144983,.
88670,.,0.0611547,34.7084388,.
88671,.,0.065264,34.7139055,.
88672,.,0.0623396,34.7140671,.
88673,.,0.0724092,34.7102421,.
88674,.,0.0617918,34.7086594,.
88675,.,0.0645832,34.7134511,.
88676,.,0.0614666,34.7093261,.
88677,.,0.0651561,34.7138925,.
88678,.,0.0684705,34.7421497,.
88679,.,0.0593140881900686,34.7303817329969,.
88680,.,0.0686882,34.7418248,.
88681,.,0.0640550544239443,34.7275574802722,.
88682,.,0.067027862457805,34.7258114920244,.
88683,.,0.0592516035782281,34.7304936469302,.
88684,.,0.0686686,34.7418324,.
88685,.,0.0671058,34.7423525,.
88686,.,0.0684876,34.7421152,.
88687,.,0.0600818005397065,34.7311929750249,.
88688,.,0.0671967107711143,34.7258316341555,.
88689,.,-0.0340732,34.7381095,.
88690,.,-0.0335375,34.7380778,.
88691,.,-0.0432846,34.7322996,.
88692,.,0.0228748,34.5863272,.
88693,.,-0.0213991,34.7324875,.
88694,.,-0.0215004,34.7326593,.
88695,.,-0.0342353,34.7379136,.
88696,.,-0.0439164,34.7339742,.
88697,.,0.0229341,34.5862834,.
88698,.,-0.021672,34.7325518,.
88699,.,-0.0295563,34.735602,.
88700,.,-0.0407002,34.7331687,.
88701,.,-0.0401443,34.7350102,.
88702,.,-0.0433494,34.7323133,.
88703,.,0.0038008,34.6278849,.
88704,.,0.0129351,34.6329325,.
88705,.,0.0011251,34.6188301,.
88706,.,-0.0007546,34.6159833,.
88707,.,0.0144654,34.6315615,.
88708,.,0.0028044,34.6268889,.
88709,.,0.1134466,34.661003,.
88710,.,0.1123689,34.6574034,.
88711,.,0.121714,34.6623026,.
88712,.,0.1123689,34.6574034,.
88713,.,0.1086839,34.6441842,.
88714,.,0.1233781,34.6444403,.
88715,.,0.1091337,34.6444818,.
88716,.,0.1224886,34.6605044,.
88717,.,0.1096425,34.6445394,.
88718,.,0.1145864,34.6595321,.
88719,.,0.1112105,34.6580561,.
88720,.,0.114981,34.6597063,.
88721,.,0.1231916,34.6439529,.
88722,.,0.0220506,34.6028697,.
88723,.,0.0213501,34.6029066,.
88724,.,0.2851221,34.7606208,.
88725,.,0.0228974,34.5864075,.
88726,.,-0.0111903,34.6221979,.
88727,.,0.0220585,34.6028801,.
88728,.,-0.010218,34.6221199,.
88729,.,-0.0221715,34.6014628,.
88730,.,0.0214983,34.6336892,.
88731,.,0.0205516,34.6405036,.
88732,.,0.0165548,34.6407421,.
88733,.,0.0218834,34.6339594,.
88734,.,0.0167309,34.6409998,.
88735,.,0.0203599,34.6398057,.
88736,.,0.0256980087908313,34.7167860671331,.
88737,.,0.0314088292036395,34.714589485373,.
88738,.,0.0370844361759846,34.7141107557975,.
88739,.,0.0257194447467336,34.7167788698813,.
88740,.,0.026150925859389,34.7167737153308,.
88741,.,0.0386449812781246,34.7156049310702,.
88742,.,0.26491578072317,34.7557774029095,.
88743,.,0.0387549463336579,34.7154059297131,.
88744,.,0.26491578072317,34.7557774029095,.
88745,.,0.26491578072317,34.7557774029095,.
88746,.,0.26491578072317,34.7557774029095,.
88747,.,0.0298290535314935,34.7143972800315,.
88748,.,0.0589034,34.6756892,.
88749,.,0.0589034,34.6756892,.
88750,.,0.0564786,34.6836007,.
88751,.,0.2978865,34.7680372,.
88752,.,0.0541656,34.6774768,.
88753,.,0.0607431,34.6717408,.
88754,.,0.0717867,34.668648,.
88755,.,0.056397,34.6681666,.
88756,.,0.0959209,34.7098426,.
88757,.,0.0568926,34.6682644,.
88758,.,0.0605613,34.6719598,.
88759,.,0.0581337,34.6753146,.
88760,.,0.0581755,34.6841827,.
88761,.,0.0538056,34.6776265,.
88762,.,0.087125,34.6583401,.
88763,.,0.1089539,34.6650234,.
88764,.,0.0873394,34.6580525,.
88765,.,0.0917685,34.6507671,.
88766,.,0.1089801,34.6629396,.
88767,.,0.0919884,34.650289,.
88768,.,0.1067683,34.668482,.
88769,.,0.1089052,34.6629871,.
88770,.,0.1067724,34.6685706,.
88771,.,0.5618929,34.555383,.
88772,.,0.285033,34.7606108,.
88773,.,0.2850991,34.7604837,.
88774,.,0.1197797,34.6647662,.
88775,.,0.1111534,34.6666725,.
88776,.,0.1224781,34.66588,.
88777,.,0.1221678,34.6657303,.
88778,.,0.285033,34.7606108,.
88779,.,0.2850677,34.7605267,.
88780,.,0.1169699,34.6757167,.
88781,.,0.1222048,34.6657686,.
88782,.,0.1173352,34.6685951,.
88783,.,0.117263,34.6688156,.
88784,.,0.0329854,34.5693834,.
88785,.,0.0374476,34.5572086,.
88786,.,0.0349617,34.5705704,.
88787,.,0.0228675,34.5861737,.
88788,.,0.0378979,34.5578358,.
88789,.,0.032699,34.5686603,.
88790,.,0.0334122,34.5700977,.
88791,.,0.0261874,34.5691889,.
88792,.,0.022925,34.5861855,.
88793,.,0.0374476,34.5572086,.
88794,.,0.0320375,34.5683704,.
88795,.,0.0311779,34.5687282,.
88796,.,0.0334507549041215,34.7773681194948,.
88797,.,0.0449201927629414,34.7834675410222,.
88798,.,0.0449323756037887,34.7835299244257,.
88799,.,0.039839875395332,34.7723219832389,.
88800,.,0.0300018941989154,34.7731765014658,.
88801,.,0.285187678205433,34.7605492747745,.
88802,.,0.0444742027866536,34.7816589519283,.
88803,.,0.0323003259198261,34.7724655011483,.
88804,.,0.0255651426176829,34.7672759151709,.
88805,.,0.285187678205433,34.7605492747745,.
88806,.,0.0308576358442976,34.7648058885237,.
88807,.,0.0257252522691154,34.767371808486,.
88808,.,0.039839875395332,34.7723219832389,.
88809,.,0.0318532474877549,34.7757840202861,.
88810,.,0.0401925825817863,34.7724639892647,.
88811,.,0.0516160568938229,34.7868411175278,.
88812,.,0.0537806214335076,34.7865080348785,.
88813,.,0.0571461691826613,34.7706962161619,.
88814,.,0.0518323976108424,34.7868134812261,.
88815,.,0.0505812722552884,34.7841298561792,.
88816,.,0.0492329031676016,34.783602314395,.
88817,.,0.0508428664963907,34.7846139712582,.
88818,.,0.058987269917362,34.7701821091073,.
88819,.,0.0776401070665637,34.7864158664297,.
88820,.,0.0776401070665637,34.7864158664297,.
88821,.,0.0778313251050836,34.7965621790898,.
88822,.,0.0649466862732615,34.7861822253291,.
88823,.,0.0628697516427992,34.8071884057265,.
88824,.,0.0770610338065988,34.7867930419875,.
88825,.,0.0786850661378636,34.7968617253203,.
88826,.,0.0712932577924832,34.7903279552209,.
88827,.,0.0643319646913486,34.7867354336251,.
88828,.,0.0649358808219569,34.786252132427,.
88829,.,0.0701438259567318,34.7906287485707,.
88830,.,0.0712949483079349,34.7903285367377,.
88831,.,0.0776401070665637,34.7864158664297,.
88832,.,0.0627276979521086,34.8075275107836,.
88833,.,0.0650089239565914,34.7861657769872,.
88834,.,0.0778313251050836,34.7965621790898,.
88835,.,0.0538651593481942,34.7367415405734,.
88836,.,0.0352439990609846,34.7452598594639,.
88837,.,0.272302641170212,34.7531474026152,.
88838,.,0.0545782485823031,34.735584548449,.
88839,.,0.048155449606942,34.7581458072776,.
88840,.,0.039427357916753,34.7501956797545,.
88841,.,0.285359215786175,34.7606159013874,.
88842,.,0.039427357916753,34.7501956797545,.
88843,.,0.048412818701561,34.7583561416084,.
88844,.,0.0512026927081916,34.7527055292623,.
88845,.,0.0541086526401343,34.7541034447443,.
88846,.,0.0629648813986364,34.7637834643704,.
88847,.,0.0629069880463592,34.7641526399895,.
88848,.,0.0508169424654406,34.7485194089606,.
88849,.,0.0493079040023598,34.7504118598491,.
88850,.,0.054127888707815,34.7540852755189,.
88851,.,0.0486772304717673,34.7498296944551,.
88852,.,0.0545659065066569,34.751973670725,.
88853,.,0.0054186,34.7079075,.
88854,.,0.1148165,34.6928875,.
88855,.,0.0105479,34.6974873,.
88856,.,0.0092306,34.6974427,.
88857,.,0.0037962,34.7086577,.
88858,.,-0.0017619,34.6935932,.
88859,.,-0.0112987,34.6898733,.
88860,.,-0.0018571,34.6936536,.
88861,.,-0.0060596,34.6972369,.
88862,.,-0.0113811,34.6897539,.
88863,.,0.0098075,34.7020348,.
88864,.,0.0034948,34.6925729,.
88865,.,0.0033723,34.6924656,.
88866,.,0.0087935,34.7024668,.
88867,.,0.0055174,34.7079851,.
88868,.,0.0104407,34.7010662,.
88869,.,-0.0106404,34.6941034,.
88870,.,0.047066585231689,34.6656927717279,.
88871,.,0.0438127390461387,34.6651737525637,.
88872,.,0.0372432777086719,34.6712316113026,.
88873,.,0.26491578072317,34.7557774029095,.
88874,.,0.0313205132807785,34.6727144708692,.
88875,.,0.0394100224443209,34.6708141567525,.
88876,.,0.047066585231689,34.6656927717279,.
88877,.,0.0477648736708328,34.6652513222267,.
88878,.,0.0466010415054092,34.6654535165352,.
88879,.,0.040321709598058,34.6713791317364,.
88880,.,0.0461748739732899,34.6660231133173,.
88881,.,0.0507659468066926,34.6625012877785,.
88882,.,0.0450987566222122,34.6682016660189,.
88883,.,0.0108603,34.6819057,.
88884,.,0.0074527,34.678531,.
88885,.,0.0179354,34.6986069,.
88886,.,0.016862,34.69692,.
88887,.,0.0106836,34.6821599,.
88888,.,0.008101,34.6778339,.
88889,.,0.0187203,34.7050807,.
88890,.,0.5618119,34.5554605,.
88891,.,0.0350093,34.6794051,.
88892,.,0.0401221,34.6850009,.
88893,.,0.0340008,34.6805693,.
88894,.,0.0339872,34.6806338,.
88895,.,0.0356629,34.6807091,.
88896,.,0.0328856,34.6920996,.
88897,.,0.0331932,34.6879667,.
88898,.,0.0316789,34.6888953,.
88899,.,0.0330929,34.6876791,.
88900,.,0.0359052,34.6800043,.
88901,.,0.041249,34.6852793,.
88902,.,0.0330948,34.6880736,.
88903,.,0.5617134,34.5552723,.
88904,.,0.0356516,34.6798792,.
88905,.,0.0316821,34.6911602,.
88906,.,0.0346199,34.6813476,.
88907,.,0.0412593,34.6851873,.
88908,.,0.0315884,34.6912236,.
88909,.,0.0316236,34.688926,.
88910,.,0.0200639,34.5844238,.
88911,.,-0.0449138,34.620789,.
88912,.,-0.0353358,34.620539,.
88913,.,-0.0459126,34.6423624,.
88914,.,-0.0416156,34.6380122,.
88915,.,-0.0449138,34.620789,.
88916,.,-0.0577709,34.6257493,.
88917,.,-0.0523426,34.6256837,.
88918,.,-0.0459126,34.6423624,.
88919,.,-0.0398634,34.6455903,.
88920,.,-0.0509094,34.6309562,.
88921,.,-0.0531134,34.6454799,.
88922,.,-0.0533768,34.6452319,.
88923,.,-0.0354001,34.6201949,.
88924,.,-0.0514317,34.6432284,.
88925,.,-0.0390566,34.6248951,.
88926,.,-0.0523426,34.6256837,.
88927,.,-0.0422589,34.6450247,.
88928,.,-0.0464967,34.6309845,.
88929,.,-0.0002709,34.7080094,.
88930,.,0.0088896,34.7387758,.
88931,.,-0.0082404,34.712322,.
88932,.,0.0088959,34.7381799,.
88933,.,0.0070339,34.7243726,.
88934,.,0.003016,34.7273874,.
88935,.,-0.0010674,34.7092188,.
88936,.,0.0030071,34.7273611,.
88937,.,0.0067805,34.7241037,.
88938,.,0.0015509,34.7263378,.
88939,.,0.0069526,34.7241067,.
88940,.,-0.0001694,34.7080786,.
88941,.,0.0009718,34.7256529,.
88942,.,-0.0183797,34.5747818,.
88943,.,-0.0153797,34.5975785,.
88944,.,-0.0224427,34.5923591,.
88945,.,-0.0152445,34.5978333,.
88946,.,-0.0181574,34.5752034,.
88947,.,-0.0183797,34.5747818,.
88948,.,-0.0222899,34.5929325,.
88949,.,-0.0224427,34.5923591,.
88950,.,0.0942125,34.6401106,.
88951,.,0.0904874,34.6468172,.
88952,.,0.1037539,34.6535738,.
88953,.,0.0933493,34.6399621,.
88954,.,0.0941162,34.6400697,.
88955,.,0.0940936,34.6400736,.
88956,.,0.0977252,34.6425443,.
88957,.,0.0975452,34.6424077,.
88958,.,0.1025762,34.6537854,.
88959,.,0.1153981,34.7305174,.
88960,.,0.725500336773726,34.8055855287054,.
88961,.,0.734972420983215,34.7935023170688,.
88962,.,0.725449470583581,34.8056040443583,.
88963,.,0.734986829352269,34.7934925234906,.
88964,.,0.721711979901764,34.8075073264466,.
88965,.,0.715730297331798,34.801886157707,.
88966,.,0.724999941538235,34.8060236463328,.
88967,.,0.329915804478839,34.4909457516631,.
88968,.,0.6847632,34.7656582,.
88969,.,0.6982469,34.7657677,.
88970,.,0.6979144,34.7658982,.
88971,.,0.6848102,34.7657182,.
88972,.,0.6978434,34.7658665,.
88973,.,0.7016596,34.7637251,.
88974,.,0.6764306,34.7771844,.
88975,.,0.6847049,34.7655831,.
88976,.,0.675995,34.7774487,.
88977,.,0.6764297,34.7771935,.
88978,.,0.6846352,34.7667521,.
88979,.,0.6762386,34.7787807,.
88980,.,0.71034567799117,34.7665448962316,.
88981,.,0.711047899975997,34.7659259685471,.
88982,.,0.709848470124835,34.7664004751051,.
88983,.,0.711674576418563,34.7651193493428,.
88984,.,0.7110135142687,34.765849336504,.
88985,.,0.732816264249345,34.780253560837,.
88986,.,0.733105026238458,34.7803493464485,.
88987,.,0.732796955210229,34.7802375545661,.
88988,.,0.6113915,34.7541513,.
88989,.,0.6144343,34.7537298,.
88990,.,0.6190551,34.7381262,.
88991,.,0.61156,34.7540345,.
88992,.,0.6115248,34.7533739,.
88993,.,0.6000281,34.7423465,.
88994,.,0.6190551,34.7381262,.
88995,.,0.6149482,34.752973,.
88996,.,0.6132559,34.7500566,.
88997,.,0.6189792,34.7382061,.
88998,.,0.6132952,34.7503253,.
88999,.,0.6397614,34.7811252,.
89000,.,0.6253287,34.8028193,.
89001,.,0.6228324,34.8036165,.
89002,.,0.6461989,34.7925334,.
89003,.,0.6397614,34.7811252,.
89004,.,0.6431527,34.7817039,.
89005,.,0.6172976,34.7936441,.
89006,.,0.6629185,34.7877907,.
89007,.,0.6704511,34.7744654,.
89008,.,0.6574152,34.7883809,.
89009,.,0.6505247,34.78352,.
89010,.,0.6573534,34.7884142,.
89011,.,0.6576656,34.7781821,.
89012,.,0.6708911,34.7752721,.
89013,.,0.6396952,34.7985547,.
89014,.,0.6357883,34.7901426,.
89015,.,0.6358259,34.7901511,.
89016,.,0.656526,34.7897231,.
89017,.,0.6397502,34.7986122,.
89018,.,0.6649676,34.7879892,.
89019,.,0.6626572,34.7879209,.
89020,.,0.6630677,34.7793383,.
89021,.,0.6398149,34.7986193,.
89022,.,0.6349931,34.7941866,.
89023,.,0.5415814,34.7499772,.
89024,.,0.5876645,34.7523824,.
89025,.,0.5415477,34.749989,.
89026,.,0.5876953,34.7520971,.
89027,.,0.5876216,34.7522871,.
89028,.,0.5416415,34.7538137,.
89029,.,0.5693446,34.729403,.
89030,.,0.5886476,34.7517786,.
89031,.,0.5882214,34.7521392,.
89032,.,0.6222762,34.734545,.
89033,.,0.6221951,34.7354482,.
89034,.,0.5416488,34.7538321,.
89035,.,0.6139548,34.7650888,.
89036,.,0.5401178,34.7521506,.
89037,.,0.5696847,34.7366158,.
89038,.,0.6139298,34.7651906,.
89039,.,0.5230598,34.729543,.
89040,.,0.5754662,34.7717418,.
89041,.,0.5130766,34.7148231,.
89042,.,0.3297373,34.4910284,.
89043,.,0.5138111,34.7143222,.
89044,.,0.3296873,34.4910449,.
89045,.,0.5140779,34.7138007,.
89046,.,0.5128767,34.7149454,.
89047,.,0.5229861,34.7296871,.
89048,.,0.5235191,34.7303478,.
89049,.,0.704286219708512,34.7729947128131,.
89050,.,0.706917373287406,34.7842216012842,.
89051,.,0.70685047378351,34.784257465887,.
89052,.,0.704112955542151,34.7732185050806,.
89053,.,0.6978346,34.7658639,.
89054,.,0.6977813,34.7893619,.
89055,.,0.7060437,34.784442,.
89056,.,0.6871526,34.79154,.
89057,.,0.6033277,34.6923893,.
89058,.,0.6098652,34.7216807,.
89059,.,0.6033277,34.6923893,.
89060,.,0.6229376,34.7130338,.
89061,.,0.6092696,34.7208253,.
89062,.,0.6081054,34.7211061,.
89063,.,0.6123329,34.7216608,.
89064,.,0.6121942,34.721718,.
89065,.,0.6542243,34.6984626,.
95383,.,-7.7235689,35.84571,.
95384,.,-9.2539974,34.5409538,.
95385,.,-9.2539974,34.5409538,.
95386,.,-9.4719048,34.6998432,.
95387,.,-9.4719048,34.6998432,.
95388,.,-7.9991804,35.4541489,.
95389,.,-7.6877902,35.6299503,.
95390,.,-9.4642602,34.6941774,.
95391,.,-3.449690687,36.8060302,.
95392,.,-8.8769424,34.5320114,.
95393,.,-7.7311892,35.5469436,.
95394,.,-8.9765431,33.2768977,.
95395,.,-9.2006966,34.9250782,.
95396,.,-7.6215861,35.6232758,.
95397,.,-8.8861853,33.0244104,.
95398,.,-7.7311548,35.5470071,.
95399,.,-7.6957672,35.9662744,.
95400,.,-9.5931697,34.8764047,.
95401,.,-8.2584122,35.8096515,.
95402,.,-9.1258731,35.0246267,.
95403,.,-9.1258731,35.0246267,.
95404,.,-8.8648177,34.5437169,.
95405,.,-8.8648177,34.5437169,.
95406,.,-9.1621361,32.9458165,.
95407,.,-8.8925105,34.581619,.
95408,.,-9.6037686,34.8722901,.
95409,.,-9.1714141,32.8717245,.
95410,.,-9.1438732,33.0887629,.
95411,.,-8.8053853,32.7273733,.
95412,.,-9.0990499,33.0850367,.
95413,.,-9.1705998,32.9430848,.
95414,.,-8.1152279,35.7259984,.
95415,.,-7.8014822,35.8454339,.
95416,.,-9.3390147,33.1986452,.
95417,.,-8.966616,34.5744052,.
95418,.,-9.191193,35.0975293,.
95419,.,-8.8065588,32.7676962,.
95420,.,-8.0795084,36.0552602,.
95421,.,-7.9054257,35.5908784,.
95422,.,-9.2627699,35.2376681,.
95423,.,-8.9354313,33.2310573,.
95424,.,-9.3920769,33.0419568,.
95425,.,-8.9488152,32.9335809,.
95426,.,-7.7227914,35.8294522,.
95427,.,-9.1261407,33.3075637,.
95428,.,-8.9555851,33.3216206,.
95429,.,-9.2020968,34.5649629,.
95430,.,-7.9991804,35.4541489,.
95431,.,-7.7216531,35.5325038,.
95432,.,-8.9429344,33.3284664,.
95433,.,-7.9054257,35.5908784,.
95434,.,-3.493196703,36.8499869,.
95435,.,-3.493196703,36.8499869,.
95436,.,-8.9576516,33.0131762,.
95437,.,-8.9290564,33.2756964,.
95438,.,-8.9456114,33.2315921,.
95439,.,-7.8126897,35.8603436,.
95440,.,-8.119838333,35.7295966,.
95441,.,-8.7583383,32.8149156,.
95442,.,-8.869739,33.0387517,.
95443,.,-8.9185212,33.0447934,.
95444,.,-7.8014822,35.8454339,.
95445,.,-8.8580667,33.0356061,.
95446,.,-8.8580667,33.0356061,.
95447,.,-8.8784712,33.0012859,.
95448,.,-8.8971357,33.0112543,.
95449,.,-8.9638974,34.5768469,.
95450,.,-8.9638974,34.5768469,.
95451,.,-9.0635961,34.6627285,.
95452,.,-9.0635961,34.6627285,.
95453,.,-9.5183215,34.8547277,.
95454,.,-9.351109,33.1420834,.
95455,.,-9.1648538,32.9468337,.
95456,.,-7.7296663,35.5467008,.
95457,.,-9.1370008,34.8399119,.
95458,.,-9.1370008,34.8399119,.
95459,.,-9.1558648,34.9249736,.
95460,.,-9.2006966,34.9250782,.
95461,.,-9.2006966,34.9250782,.
95462,.,-9.3233319,33.2182824,.
95463,.,-9.3233319,33.2182824,.
95464,.,-9.2539974,34.5409538,.
95465,.,-9.1923095,35.0990733,.
95466,.,-8.0704052,35.6876705,.
95467,.,-8.0704052,35.6876705,.
95468,.,-8.9429452,33.328574,.
95469,.,-9.5931697,34.8764047,.
95470,.,-9.4662053,34.592666,.
95471,.,-8.9145954,32.9766783,.
95472,.,-8.2803975,35.8672597,.
95473,.,-8.1705981,35.3922785,.
95474,.,-9.346251,32.9912013,.
95475,.,-9.346251,32.9912013,.
95476,.,-8.9491561,32.7755202,.
95477,.,-9.13099,33.3113123,.
95478,.,-9.056624,33.2694907,.
95479,.,-7.6958156,35.9662956,.
95480,.,-8.8289578,34.6419963,.
95481,.,-9.1016484,33.0958578,.
95482,.,-8.886342,33.0150295,.
95483,.,-8.886342,33.0150295,.
95484,.,-8.8971147,34.5749463,.
95485,.,-7.7967176,35.8495367,.
95486,.,-7.7967176,35.8495367,.
95487,.,-8.9532898,33.2307055,.
95488,.,-9.0152229,32.9620913,.
95489,.,-9.2535812,32.9599503,.
95490,.,-8.9638974,34.5768469,.
95491,.,-8.9511899,34.5316319,.
95492,.,-9.056624,33.2694907,.
95493,.,-8.9491561,32.7755202,.
95494,.,-8.9653744,33.3078844,.
95495,.,-9.1394954,32.8421087,.
95496,.,-8.8180949,32.868942,.
95497,.,-8.9007261,33.0338093,.
95498,.,-7.9988222,36.0651926,.
95499,.,-8.1059108,35.6714037,.
95500,.,-7.8385391,36.1294155,.
95501,.,-8.9491561,32.7755202,.
95502,.,-9.4531282,34.6845739,.
95503,.,-8.0467542,35.7473958,.
95504,.,-7.8349307,36.1122675,.
95505,.,-9.1637404,32.9459904,.
95506,.,-8.968371,33.2952781,.
95507,.,-9.4025357,33.0381602,.
95508,.,-8.8425116,34.7237597,.
95509,.,-8.8425116,34.7237597,.
95510,.,-9.13099,33.3113123,.
95511,.,-8.8292752,34.7241685,.
95512,.,-9.0051963,34.5478998,.
95513,.,-7.9991804,35.4541489,.
95514,.,-9.3807182,33.2394731,.
95515,.,-9.1939214,35.1013996,.
95516,.,-8.9950767,32.9863044,.
95517,.,-3.4461691,36.7980578,.
95518,.,-8.8789903,32.9950617,.
95519,.,-9.337205,33.2106351,.
95520,.,-8.9723247,34.523891,.
95521,.,-8.9723247,34.523891,.
95522,.,-7.7057478,36.0071011,.
95523,.,-9.1558648,34.9249736,.
95524,.,-8.2732953,35.8921157,.
95525,.,-9.0574514,33.1255746,.
95526,.,-9.2627699,35.2376681,.
95527,.,-8.9577222,33.0121941,.
95528,.,-9.4662053,34.592666,.
95529,.,-7.6840861,35.6326897,.
95530,.,-7.6840861,35.6326897,.
95531,.,-8.7042879,34.8660435,.
95532,.,-8.8294824,34.6438584,.
95533,.,-9.0017884,34.5505219,.
95534,.,-7.7043218,35.8450926,.
95535,.,-9.283366,35.2839492,.
95536,.,-9.283366,35.2839492,.
95537,.,-9.0709409,33.0783123,.
95538,.,-8.1731585,35.9043048,.
95539,.,-9.0732457,33.0813725,.
95540,.,-9.0743666,34.8083784,.
95541,.,-9.0187932,34.6082074,.
95542,.,-8.8258188,32.7926621,.
95543,.,-9.056624,33.2694907,.
95544,.,-8.8139831,32.9365089,.
95545,.,-8.9555611,33.3216151,.
95546,.,-7.6589261,35.5442692,.
95547,.,-8.1177936,35.6708986,.
95548,.,-8.1177936,35.6708986,.
95549,.,-9.3416305,33.1468976,.
95550,.,-8.9006926,33.0343625,.
95551,.,-8.9006926,33.0343625,.
95552,.,-9.0578826,34.6808761,.
95553,.,-9.2539974,34.5409538,.
95554,.,-8.0467542,35.7473958,.
95555,.,-9.1771129,32.8429056,.
95556,.,-9.1771129,32.8429056,.
95557,.,-8.8140427,32.763458,.
95558,.,-9.0850015,33.1416423,.
95559,.,-7.6210453,35.7088532,.
95560,.,-8.8244044,32.9053984,.
95561,.,-9.1711681,32.9182131,.
95562,.,-8.913799,32.9760583,.
95563,.,-8.913799,32.9760583,.
95564,.,-8.9373116,33.0015768,.
95565,.,-7.8339599,36.1217028,.
95566,.,-9.2534956,32.9603391,.
95567,.,-7.9054257,35.5908784,.
95568,.,-8.8613553,32.9716166,.
95569,.,-7.835101667,36.1136366,.
95570,.,-8.8947318,34.5840735,.
95571,.,-8.8684916,34.5410947,.
95572,.,-9.1558648,34.9249736,.
95573,.,-8.1423657,35.6884192,.
95574,.,-7.7235689,35.84571,.
95575,.,-9.3560893,33.2239033,.
95576,.,-8.278536,35.8820385,.
95577,.,-8.8684916,34.5410947,.
95578,.,-8.90743,33.0311689,.
95579,.,-8.90743,33.0311689,.
95580,.,-8.8353675,34.6645705,.
95581,.,-8.8353675,34.6645705,.
95582,.,-9.4599532,34.5798674,.
95583,.,-9.4599532,34.5798674,.
95584,.,-9.3693772,33.2379383,.
95585,.,-8.9491294,32.9760839,.
95586,.,-9.283366,35.2839492,.
95587,.,-9.283366,35.2839492,.
95588,.,-8.989705,33.2825513,.
95589,.,-9.1714141,32.8717245,.
95590,.,-8.8214969,32.8015649,.
95591,.,-8.8214969,32.8015649,.
95592,.,-8.9587186,32.9484878,.
95593,.,-9.3371776,32.9896093,.
95594,.,-9.3371776,32.9896093,.
95595,.,-7.753401,35.8625955,.
95596,.,-9.3361335,33.1502637,.
95597,.,-8.818352,34.7661181,.
95598,.,-7.6955613,36.019227,.
95599,.,-8.8214969,32.8015649,.
95600,.,-8.88886,33.0275588,.
95601,.,-9.3500012,32.993233,.
95602,.,-9.2539974,34.5409538,.
95603,.,-7.9991804,35.4541489,.
95604,.,-7.6216581,35.6232651,.
95605,.,-8.9491561,32.7755202,.
95606,.,-8.0467542,35.7473958,.
95607,.,-8.0467542,35.7473958,.
95608,.,-7.6215275,35.6242792,.
95609,.,-8.8711023,34.818173,.
95610,.,-8.8711023,34.818173,.
95611,.,-7.7541528,35.86288,.
95612,.,-8.9344812,33.2314964,.
95613,.,-3.4251851,36.5689267,.
95614,.,-8.8684916,34.5410947,.
95615,.,-9.5932441,34.8764683,.
95616,.,-8.8288683,34.6420007,.
95617,.,-8.8925105,34.581619,.
95618,.,-8.8925105,34.581619,.
95619,.,-9.1916982,35.0979803,.
95620,.,-9.1916982,35.0979803,.
95621,.,-7.621116,35.7088338,.
95622,.,-8.8294824,34.6438584,.
95623,.,-9.4722986,34.582329,.
95624,.,-9.4722986,34.582329,.
95625,.,-9.2627699,35.2376681,.
95626,.,-8.9275236,33.2829225,.
95627,.,-8.8580667,33.0356061,.
95628,.,-8.9963272,32.955582,.
95629,.,-8.8956945,33.0368768,.
95630,.,-8.9949131,33.2945378,.
95631,.,-8.9780194,32.8233082,.
95632,.,-8.0463037,35.7476293,.
95633,.,-8.0463037,35.7476293,.
95634,.,-7.6957672,35.9662744,.
95635,.,-9.048412,34.7343701,.
95636,.,-8.0620278,36.0042301,.
95637,.,-8.8294824,34.6438584,.
95638,.,-8.8626032,34.536579,.
95639,.,-8.8626032,34.536579,.
95640,.,-9.017691,34.6010409,.
95641,.,-9.2006966,34.9250782,.
95642,.,-9.399891,33.2527585,.
95643,.,-9.1632927,32.9233385,.
95644,.,-8.9275236,33.2829225,.
95645,.,-8.8538897,32.9901332,.
95646,.,-9.2502583,34.5444609,.
95647,.,-9.2502583,34.5444609,.
95648,.,-8.818352,34.7661181,.
95649,.,-9.1351758,34.8413112,.
95650,.,-9.1351758,34.8413112,.
95651,.,-9.5931697,34.8764047,.
95652,.,-8.9599006,32.9480867,.
95653,.,-8.9599006,32.9480867,.
95654,.,-9.056624,33.2694907,.
95655,.,-9.1054184,33.0766239,.
95656,.,-8.8137579,32.9357512,.
95657,.,-7.8039989,35.8435992,.
95658,.,-7.6656979,35.9824287,.
95659,.,-7.9960262,36.0718572,.
95660,.,-7.9960262,36.0718572,.
95661,.,-8.8538897,32.9901332,.
95662,.,-8.9610305,32.8033384,.
95663,.,-8.9610305,32.8033384,.
95664,.,-9.191193,35.0975293,.
95665,.,-7.7227854,35.8293707,.
95666,.,-7.7227854,35.8293707,.
95667,.,-7.6960853,35.9657046,.
95668,.,-9.13099,33.3113123,.
95669,.,-8.8538897,32.9901332,.
95670,.,-9.13099,33.3113123,.
95671,.,-9.3130969,33.1453388,.
95672,.,-9.3130969,33.1453388,.
95673,.,-9.3931585,33.0439599,.
95674,.,-8.0799979,35.6884277,.
95675,.,-8.0799979,35.6884277,.
95676,.,-8.9491294,32.9760839,.
95677,.,-8.8909534,34.5893572,.
95678,.,-8.8909534,34.5893572,.
95679,.,-8.8643219,32.9954519,.
95680,.,-9.3773083,33.025162,.
95681,.,-9.3773083,33.025162,.
95682,.,-8.828719,34.7331246,.
95683,.,-9.5198571,34.8598868,.
95684,.,-9.1558648,34.9249736,.
95685,.,-9.1558648,34.9249736,.
95686,.,-9.1558648,34.9249736,.
95687,.,-7.9054257,35.5908784,.
95688,.,-8.8151691,32.8032043,.
95689,.,-9.1766716,32.8486163,.
95690,.,-8.1208832,35.7285498,.
95691,.,-8.7965097,32.7929513,.
95692,.,-8.7965097,32.7929513,.
95693,.,-8.9713707,34.5289653,.
95694,.,-9.0628164,34.6832844,.
95695,.,-9.0628164,34.6832844,.
95696,.,-9.1935111,35.0976527,.
95697,.,-9.13099,33.3113123,.
95698,.,-8.8773043,34.5293626,.
95699,.,-9.3792296,33.2491548,.
95700,.,-9.0574049,33.2875728,.
95701,.,-9.3283816,33.2751648,.
95702,.,-8.8643386,34.5463034,.
95703,.,-8.9491294,32.9760839,.
95704,.,-8.9152138,32.9772065,.
95705,.,-9.2006966,34.9250782,.
95706,.,-9.2006966,34.9250782,.
95707,.,-8.9677445,33.2996831,.
95708,.,-8.9677445,33.2996831,.
95709,.,-9.1268859,34.8443933,.
95710,.,-9.2539974,34.5409538,.
95711,.,-9.1108711,33.1063632,.
95712,.,-9.0058455,33.2740024,.
95713,.,-8.90743,33.0311689,.
95714,.,-8.2584122,35.8096515,.
95715,.,-8.2584122,35.8096515,.
95716,.,-8.9491561,32.7755202,.
95717,.,-8.1731585,35.9043048,.
95718,.,-9.3992552,33.2530813,.
95719,.,-8.8580667,33.0356061,.
95720,.,-8.9457246,33.3358801,.
95721,.,-8.9424953,33.3282384,.
95722,.,-9.2525809,34.5419369,.
95723,.,-8.821308,34.7535577,.
95724,.,-8.1731585,35.9043048,.
95725,.,-9.1326135,35.0736063,.
95726,.,-9.1326135,35.0736063,.
95727,.,-7.7062641,36.0075648,.
95728,.,-9.0798626,34.8091437,.
95729,.,-9.5931697,34.8764047,.
95730,.,-9.056624,33.2694907,.
95731,.,-8.9713707,34.5289653,.
95732,.,-7.6210941,35.7087849,.
95733,.,-9.5932612,34.8764188,.
95734,.,-8.8254889,32.7902604,.
95735,.,-8.8254889,32.7902604,.
95736,.,-9.2627699,35.2376681,.
95737,.,-9.2627699,35.2376681,.
95738,.,-9.2884104,35.1995819,.
95739,.,-9.2884104,35.1995819,.
95740,.,-9.1692979,32.9449112,.
95741,.,-8.2584122,35.8096515,.
95742,.,-8.0704782,35.6877268,.
95743,.,-8.2584122,35.8096515,.
95744,.,-9.4642114,34.6930325,.
95745,.,-9.4517147,34.6715486,.
95746,.,-8.2734011,35.8921685,.
95747,.,-7.6589261,35.5442692,.
95748,.,-9.2533905,32.9603057,.
95749,.,-8.2814719,35.8781744,.
95750,.,-9.3437448,33.2901625,.
95751,.,-3.444718,36.794461,.
95752,.,-3.444718,36.794461,.
95753,.,-8.1558654,35.7158347,.
95754,.,-8.1558654,35.7158347,.
95755,.,-9.1921206,35.0990201,.
95756,.,-9.1921206,35.0990201,.
95757,.,-8.93495,32.9772318,.
95758,.,-9.2620816,32.9603625,.
95759,.,-9.2620816,32.9603625,.
95760,.,-8.7316228,32.8217557,.
95761,.,-8.7316228,32.8217557,.
95762,.,-7.7524186,35.8667636,.
95763,.,-8.8883781,33.002745,.
95764,.,-9.1645088,32.9492654,.
95765,.,-7.7970722,35.8505888,.
95766,.,-9.2539974,34.5409538,.
95767,.,-9.2539974,34.5409538,.
95768,.,-9.4555267,34.5922076,.
95769,.,-9.4555267,34.5922076,.
95770,.,-7.9991804,35.4541489,.
95771,.,-8.1731585,35.9043048,.
95772,.,-8.1731585,35.9043048,.
95773,.,-8.997068,32.9527527,.
95774,.,-8.8758276,33.0751058,.
95775,.,-8.90743,33.0311689,.
95776,.,-8.90743,33.0311689,.
95777,.,-9.0017884,34.5505219,.
95778,.,-9.1602627,32.8585846,.
95779,.,-8.8214969,32.8015649,.
95780,.,-8.8214969,32.8015649,.
95781,.,-9.4723588,34.5823387,.
95782,.,-9.1286779,35.0305796,.
95783,.,-8.0651421,36.0036376,.
95784,.,-8.0651421,36.0036376,.
95785,.,-9.1650103,32.9468433,.
95786,.,-9.2627699,35.2376681,.
95787,.,-9.0017884,34.5505219,.
95788,.,-8.9428572,33.3285467,.
95789,.,-8.1633908,35.3955456,.
95790,.,-8.8971147,34.5749463,.
95791,.,-9.1968694,32.8278779,.
95792,.,-7.6657192,35.9824215,.
95793,.,-7.6657192,35.9824215,.
95794,.,-9.0628164,34.6832844,.
95795,.,-8.818352,34.7661181,.
95796,.,-8.0704186,35.6876983,.
95797,.,-8.0704186,35.6876983,.
95798,.,-9.0928172,33.0961578,.
95799,.,-8.8538897,32.9901332,.
95800,.,-8.9915454,32.9842859,.
95801,.,-8.0662934,35.999864,.
95802,.,-8.9608969,33.235182,.
95803,.,-9.1252341,34.8487295,.
95804,.,-9.0022387,33.2888534,.
95805,.,-8.9567953,33.0118526,.
95806,.,-9.0628164,34.6832844,.
95807,.,-8.9504461,32.8012542,.
95808,.,-8.9707837,33.3118168,.
95809,.,-8.8538897,32.9901332,.
95810,.,-9.056624,33.2694907,.
95811,.,-9.2627699,35.2376681,.
95812,.,-9.2627699,35.2376681,.
95813,.,-8.8968331,33.0153141,.
95814,.,-8.9494656,34.5995951,.
95815,.,-8.2732532,35.8922238,.
95816,.,-7.7970503,35.8505181,.
95817,.,-8.1631675,35.3970002,.
95818,.,-7.9054257,35.5908784,.
95819,.,-9.5225886,34.8606175,.
95820,.,-9.1755421,32.924516,.
95821,.,-9.1755421,32.924516,.
95822,.,-8.0619771,35.6837986,.
95823,.,-8.9775781,32.7950281,.
95824,.,-7.996484,36.0723359,.
95825,.,-9.141103,33.0891432,.
95826,.,-8.8971147,34.5749463,.
95827,.,-8.0704245,35.6876868,.
95828,.,-7.7227882,35.8294619,.
95829,.,-8.1632294,35.3953819,.
95830,.,-9.13099,33.3113123,.
95831,.,-7.8199576,35.8577285,.
95832,.,-9.1973761,34.5548475,.
95833,.,-9.1528041,32.8589256,.
95834,.,-9.3393817,33.1868584,.
95835,.,-7.7960169,35.8693541,.
95836,.,-7.7960169,35.8693541,.
95837,.,-7.6210346,35.70886,.
95838,.,-7.6210346,35.70886,.
95839,.,-8.8643089,34.5420046,.
95840,.,-8.8643089,34.5420046,.
95841,.,-7.6589261,35.5442692,.
95842,.,-8.8299588,34.6424356,.
95843,.,-9.1596837,33.1197469,.
95844,.,-9.3790045,33.2201671,.
95845,.,-9.3790045,33.2201671,.
95846,.,-7.731065,35.5471541,.
95847,.,-9.16417,33.1160861,.
95848,.,-9.16417,33.1160861,.
95849,.,-9.4489264,34.6806978,.
95850,.,-9.4489264,34.6806978,.
95851,.,-9.0670532,33.1309723,.
95852,.,-7.714513,36.0102968,.
95853,.,-8.9363742,33.28234,.
95854,.,-9.1210236,33.0952847,.
95855,.,-9.283366,35.2839492,.
95856,.,-7.7966948,35.849585,.
95857,.,-9.3720701,33.2357546,.
95858,.,-9.056624,33.2694907,.
95859,.,-8.8538897,32.9901332,.
95860,.,-8.8538897,32.9901332,.
95861,.,-8.9561874,32.8113356,.
95862,.,-9.3371514,33.2639017,.
95863,.,-9.3371514,33.2639017,.
95864,.,-9.1647035,32.9245654,.
95865,.,-9.13099,33.3113123,.
95866,.,-7.7216531,35.5325038,.
95867,.,-3.3142422,36.5724064,.
95868,.,-7.6589261,35.5442692,.
95869,.,-9.2627699,35.2376681,.
95870,.,-8.9427426,33.3227276,.
95871,.,-8.1188555,35.7296017,.
95872,.,-8.7103665,34.8770764,.
95873,.,-8.9555213,32.7802423,.
95874,.,-7.7216531,35.5325038,.
95875,.,-9.1698931,32.8672721,.
95876,.,-9.3536369,33.0001658,.
95877,.,-8.9607272,33.2417774,.
95878,.,-9.1714141,32.8717245,.
95879,.,-8.818352,34.7661181,.
95880,.,-8.148398,35.68486,.
95881,.,-8.148398,35.68486,.
95882,.,-9.056624,33.2694907,.
95883,.,-7.7039895,36.0068006,.
95884,.,-8.9157071,33.0404952,.
95885,.,-7.6454431,35.6537246,.
95886,.,-9.3994127,33.0399571,.
95887,.,-9.3994127,33.0399571,.
95888,.,-8.9027526,33.0374906,.
95889,.,-9.0493786,34.7362564,.
95890,.,-9.0493786,34.7362564,.
95891,.,-8.9380917,33.0044499,.
95892,.,-8.6909316,34.7760318,.
95893,.,-7.6641178,35.9804432,.
95894,.,-8.8925105,34.581619,.
95895,.,-8.8925105,34.581619,.
95896,.,-9.2605344,32.9548882,.
95897,.,-9.1258384,35.0237932,.
95898,.,-8.8580667,33.0356061,.
95899,.,-7.993531667,36.071981,.
95900,.,-7.993531667,36.071981,.
95901,.,-8.1176993,35.6708588,.
95902,.,-9.2006966,34.9250782,.
95903,.,-8.8156658,34.7590169,.
95904,.,-9.5932734,34.8763996,.
95905,.,-9.0983782,33.1459332,.
95906,.,-8.9729972,33.295141,.
95907,.,-9.3277549,33.1972103,.
95908,.,-8.8244044,32.9053984,.
95909,.,-9.3425232,33.2663121,.
95910,.,-9.3425232,33.2663121,.
95911,.,-9.2756356,32.9586517,.
95912,.,-9.2756356,32.9586517,.
95913,.,-8.8907211,34.56809,.
95914,.,-8.8907211,34.56809,.
95915,.,-8.0794961,36.0552319,.
95916,.,-8.9102499,34.5831131,.
95917,.,-7.7252879,35.5422674,.
95918,.,-9.056624,33.2694907,.
95919,.,-8.7964087,32.7371549,.
95920,.,-7.9964121,36.0724061,.
95921,.,-8.818352,34.7661181,.
95922,.,-9.3470813,33.0001932,.
95923,.,-9.3470813,33.0001932,.
95924,.,-9.4601489,34.579699,.
95925,.,-9.4601489,34.579699,.
95926,.,-7.772658,35.5733615,.
95927,.,-9.2627699,35.2376681,.
95928,.,-9.3436541,32.9899438,.
95929,.,-9.0736187,34.8059165,.
95930,.,-8.8244044,32.9053984,.
95931,.,-9.3593439,33.1529303,.
95932,.,-9.5929489,34.8764676,.
95933,.,-9.5929489,34.8764676,.
95934,.,-9.3730431,33.2138096,.
95935,.,-9.3730431,33.2138096,.
95936,.,-8.6894718,34.7946138,.
95937,.,-8.6894718,34.7946138,.
95938,.,-9.332027,33.2006371,.
95939,.,-9.2146978,35.1254485,.
95940,.,-9.2146978,35.1254485,.
95941,.,-9.283366,35.2839492,.
95942,.,-9.283366,35.2839492,.
95943,.,-9.283366,35.2839492,.
95944,.,-9.283366,35.2839492,.
95945,.,-9.5184661,34.8550589,.
95946,.,-8.0446683,35.7414321,.
95947,.,-8.0446683,35.7414321,.
95948,.,-7.7535194,35.8624676,.
95949,.,-9.1755604,32.9244754,.
95950,.,-8.0714791,35.6875873,.
95951,.,-9.1255058,34.8427919,.
95952,.,-7.6267043,35.6235075,.
95953,.,-9.1260018,35.0222549,.
95954,.,-7.9897695,36.0746171,.
95955,.,-9.0190367,34.6077152,.
95956,.,-9.0190367,34.6077152,.
95957,.,-8.8258452,34.714844,.
95958,.,-8.8684916,34.5410947,.
95959,.,-8.8684865,34.5408891,.
95960,.,-8.8925105,34.581619,.
95961,.,-8.9755788,33.3186974,.
95962,.,-3.449690687,36.8060302,.
95963,.,-8.8775183,33.0226952,.
95964,.,-8.8619112,32.97087,.
95965,.,-8.0704161,35.6876898,.
95966,.,-8.8307399,34.6459284,.
95967,.,-8.8307399,34.6459284,.
95968,.,-8.0619692,36.0043409,.
95969,.,-8.8580667,33.0356061,.
95970,.,-9.0813575,34.8068869,.
95971,.,-8.9154097,34.5647214,.
95972,.,-8.9154097,34.5647214,.
95973,.,-9.0612028,34.6841041,.
95974,.,-8.0467542,35.7473958,.
95975,.,-7.6211839,35.6242267,.
95976,.,-7.6211839,35.6242267,.
95977,.,-9.2020968,34.5649629,.
95978,.,-7.7235689,35.84571,.
95979,.,-7.9991804,35.4541489,.
95980,.,-8.1171962,35.720231,.
95981,.,-9.3618786,33.2769813,.
95982,.,-7.835101667,36.1136366,.
95983,.,-9.3517915,32.9958596,.
95984,.,-9.2539974,34.5409538,.
95985,.,-9.1248357,33.3065895,.
95986,.,-9.1558648,34.9249736,.
95987,.,-9.2020968,34.5649629,.
95988,.,-8.8294824,34.6438584,.
95989,.,-8.8294824,34.6438584,.
95990,.,-7.6454431,35.6537246,.
95991,.,-7.996006,36.0718574,.
95992,.,-8.1634835,35.3952576,.
95993,.,-8.1634835,35.3952576,.
95994,.,-9.283366,35.2839492,.
95995,.,-8.9470833,33.2918274,.
95996,.,-9.1911666,35.097836,.
95997,.,-8.8538897,32.9901332,.
95998,.,-9.3625023,33.1543871,.
95999,.,-9.2006966,34.9250782,.
96000,.,-9.3402185,33.2019534,.
96001,.,-8.7048657,34.8652495,.
96002,.,-8.8925105,34.581619,.
96003,.,-8.8925105,34.581619,.
96004,.,-9.193857,35.1013787,.
96005,.,-9.3254349,33.198063,.
96006,.,-8.914295,32.9764806,.
96007,.,-8.1632618,35.3959873,.
96008,.,-9.1579946,32.9112387,.
96009,.,-8.9824656,34.5403201,.
96010,.,-9.3319499,33.1875378,.
96011,.,-9.3319499,33.1875378,.
96012,.,-8.8941623,34.5888843,.
96013,.,-9.0321541,34.6172095,.
96014,.,-9.0505517,34.7331327,.
96015,.,-8.9310853,32.9789876,.
96016,.,-7.9054257,35.5908784,.
96017,.,-9.001862,34.5505909,.
96018,.,-7.835101667,36.1136366,.
96019,.,-9.0022387,33.2888534,.
96020,.,-8.6907091,34.781891,.
96021,.,-8.8244044,32.9053984,.
96022,.,-8.9708005,32.9567492,.
96023,.,-8.9708005,32.9567492,.
96024,.,-8.9818405,32.9866569,.
96025,.,-9.1839457,32.8678808,.
96026,.,-7.7173278,36.0204069,.
96027,.,-7.7173278,36.0204069,.
96028,.,-9.1565399,32.9093117,.
96029,.,-8.1159616,35.669743,.
96030,.,-8.1159616,35.669743,.
96031,.,-9.3471036,33.2843474,.
96032,.,-9.3522964,33.2639795,.
96033,.,-9.3522964,33.2639795,.
96034,.,-8.9275236,33.2829225,.
96035,.,-8.2584122,35.8096515,.
96036,.,-8.2584122,35.8096515,.
96037,.,-9.160802,32.9205645,.
96038,.,-8.2584122,35.8096515,.
96039,.,-9.1871749,35.1149691,.
96040,.,-9.1871749,35.1149691,.
96041,.,-9.1523128,32.9154555,.
96042,.,-9.1859725,32.8706464,.
96043,.,-8.281485,35.8784272,.
96044,.,-7.6214947,35.6242139,.
96045,.,-9.3412495,33.2105775,.
96046,.,-8.7957574,32.7943741,.
96047,.,-8.8538897,32.9901332,.
96048,.,-8.9471993,32.9377651,.
96049,.,-9.1220877,35.023093,.
96050,.,-9.1220877,35.023093,.
96051,.,-9.0066319,34.5489692,.
96052,.,-8.9706614,32.741308,.
96053,.,-9.0658197,33.128596,.
96054,.,-8.9730622,33.295299,.
96055,.,-8.8202185,34.7705313,.
96056,.,-8.8202185,34.7705313,.
96057,.,-8.0712951,35.6788537,.
96058,.,-8.0712951,35.6788537,.
96059,.,-8.9708415,32.9567573,.
96060,.,-8.9708415,32.9567573,.
96061,.,-8.830671,34.6412048,.
96062,.,-9.0924284,33.0960778,.
96063,.,-9.2368831,32.9676492,.
96064,.,-9.4662053,34.592666,.
96065,.,-8.1629299,35.3959712,.
96066,.,-7.6589261,35.5442692,.
96067,.,-7.6589261,35.5442692,.
96068,.,-8.8400941,34.724767,.
96069,.,-8.818352,34.7661181,.
96070,.,-8.0467542,35.7473958,.
96071,.,-8.9638974,34.5768469,.
96072,.,-8.9638974,34.5768469,.
96073,.,-9.0573642,34.6800086,.
96074,.,-9.0573642,34.6800086,.
96075,.,-9.0485214,34.7346135,.
96076,.,-8.8789639,33.0565129,.
96077,.,-8.8789639,33.0565129,.
96078,.,-8.8580667,33.0356061,.
96079,.,-9.141103,33.0891432,.
96080,.,-9.141103,33.0891432,.
96081,.,-8.8139799,32.9364933,.
96082,.,-8.8139799,32.9364933,.
96083,.,-9.2020968,34.5649629,.
96084,.,-7.6880609,35.6297105,.
96085,.,-7.6880609,35.6297105,.
96086,.,-9.3573243,33.2245558,.
96087,.,-9.0813575,34.8068869,.
96088,.,-8.0651421,36.0036376,.
96089,.,-8.0651421,36.0036376,.
96090,.,-7.990137,36.0744324,.
96091,.,-7.6957672,35.9662744,.
96092,.,-9.191193,35.0975293,.
96093,.,-9.0664838,33.1287677,.
96094,.,-8.8580667,33.0356061,.
96095,.,-9.4642114,34.6930325,.
96096,.,-9.013551,34.6044751,.
96097,.,-8.1169794,35.7280826,.
96098,.,-8.1169794,35.7280826,.
96099,.,-9.0838608,33.1455064,.
96100,.,-8.9816765,32.9863987,.
96101,.,-8.8426311,34.7225803,.
96102,.,-8.9232361,33.033732,.
96103,.,-9.1633347,32.862978,.
96104,.,-3.449690687,36.8060302,.
96105,.,-3.449690687,36.8060302,.
96106,.,-8.9517515,34.5995876,.
96107,.,-8.9886831,32.9555692,.
96108,.,-7.7959336,35.869149,.
96109,.,-7.7533233,35.8674542,.
96110,.,-7.6957672,35.9662744,.
96111,.,-7.6957672,35.9662744,.
96112,.,-9.0181064,34.6084568,.
96113,.,-8.1628077,35.3958238,.
96114,.,-8.1731585,35.9043048,.
96115,.,-8.9491294,32.9760839,.
96116,.,-8.9692444,32.8131127,.
96117,.,-9.2539974,34.5409538,.
96118,.,-9.3824397,33.2365891,.
96119,.,-7.6454431,35.6537246,.
96120,.,-9.1815336,34.9234782,.
96121,.,-9.1815336,34.9234782,.
96122,.,-8.0651421,36.0036376,.
96123,.,-7.6957672,35.9662744,.
96124,.,-8.1731585,35.9043048,.
96125,.,-9.1558648,34.9249736,.
96126,.,-8.690786,34.7850778,.
96127,.,-9.2532502,35.2181001,.
96128,.,-9.2532502,35.2181001,.
96129,.,-9.2539974,34.5409538,.
96130,.,-7.9950647,36.0718948,.
96131,.,-7.835101667,36.1136366,.
96132,.,-8.1209983,35.7281132,.
96133,.,-9.1773839,32.8492017,.
96134,.,-9.2755351,32.9575941,.
96135,.,-9.4558991,34.5921257,.
96136,.,-9.4558991,34.5921257,.
96137,.,-8.9051903,33.0808415,.
96138,.,-9.2006966,34.9250782,.
96139,.,-8.9682821,32.8168709,.
96140,.,-9.4662053,34.592666,.
96141,.,-8.1165019,35.7290849,.
96142,.,-8.9471016,32.9363612,.
96143,.,-7.6878406,35.6299666,.
96144,.,-9.1227394,34.8394879,.
96145,.,-8.9228227,33.033633,.
96146,.,-8.8744296,33.0331945,.
96147,.,-8.0467542,35.7473958,.
96148,.,-7.6707521,35.6208447,.
96149,.,-9.0022549,34.5503745,.
96150,.,-9.2839225,35.1983868,.
96151,.,-7.7281908,35.8470998,.
96152,.,-3.3693232,36.5373983,.
96153,.,-8.8288118,34.6418596,.
96154,.,-7.835101667,36.1136366,.
96155,.,-9.0909945,34.765186,.
96156,.,-9.0113875,34.6092635,.
96157,.,-9.0113875,34.6092635,.
96158,.,-8.1731585,35.9043048,.
96159,.,-7.8335353,36.115953,.
96160,.,-8.9660173,32.8033028,.
96161,.,-8.9660173,32.8033028,.
96162,.,-8.0620347,36.0042301,.
96163,.,-9.3368206,33.2615283,.
96164,.,-9.3613054,33.1554501,.
96165,.,-7.7053106,36.0067685,.
96166,.,-9.2006966,34.9250782,.
96167,.,-7.7524312,35.8667479,.
96168,.,-8.8210262,32.8697675,.
96169,.,-8.1731585,35.9043048,.
96170,.,-8.1731585,35.9043048,.
96171,.,-8.820657,32.7486547,.
96172,.,-8.2584122,35.8096515,.
96173,.,-9.1558648,34.9249736,.
96174,.,-9.2627699,35.2376681,.
96175,.,-9.2380691,32.9656081,.
96176,.,-8.0613697,36.0050519,.
96177,.,-8.981069,32.9861804,.
96178,.,-7.7997289,35.8576506,.
96179,.,-8.8688563,32.975592,.
96180,.,-8.8538897,32.9901332,.
96181,.,-7.7245399,35.5418465,.
96182,.,-9.1923458,35.0992781,.
96183,.,-9.1923458,35.0992781,.
96184,.,-7.6960244,35.9658254,.
96185,.,-8.9472329,32.9378817,.
96186,.,-8.9472329,32.9378817,.
96187,.,-9.056624,33.2694907,.
96188,.,-8.8952326,34.5877836,.
96189,.,-8.1159198,35.6696745,.
96190,.,-8.1159198,35.6696745,.
96191,.,-8.9475609,32.7776659,.
96192,.,-8.0467542,35.7473958,.
96193,.,-8.9491561,32.7755202,.
96194,.,-9.2049145,32.8850523,.
96195,.,-8.9679383,34.5750379,.
96196,.,-8.8097873,32.7961118,.
96197,.,-8.0621206,36.0040168,.
96198,.,-9.2017005,34.5643979,.
96199,.,-8.0467542,35.7473958,.
96200,.,-8.8580667,33.0356061,.
96201,.,-8.8580667,33.0356061,.
96202,.,-9.1558648,34.9249736,.
96203,.,-8.8852239,33.024095,.
96204,.,-9.0813575,34.8068869,.
96205,.,-9.1711448,32.9378439,.
96206,.,-8.709787,34.8732727,.
96207,.,-8.8538897,32.9901332,.
96208,.,-8.926543,32.9688332,.
96209,.,-8.926543,32.9688332,.
96210,.,-9.1781212,32.849719,.
96211,.,-8.8789903,32.9950617,.
96212,.,-7.6589261,35.5442692,.
96213,.,-7.6588122,35.8448701,.
96214,.,-7.6588122,35.8448701,.
96215,.,-8.279037,35.8756614,.
96216,.,-8.8925105,34.581619,.
96217,.,-9.056624,33.2694907,.
96218,.,-8.8925105,34.581619,.
96219,.,-8.7539011,32.8327809,.
96220,.,-8.7539011,32.8327809,.
96221,.,-7.7535018,35.8625565,.
96222,.,-8.8684916,34.5410947,.
96223,.,-8.2584122,35.8096515,.
96224,.,-8.1483927,35.6848452,.
96225,.,-8.1483927,35.6848452,.
96226,.,-9.5229082,34.8609014,.
96227,.,-9.3500686,32.9932002,.
96228,.,-3.4446378,36.7946079,.
96229,.,-7.9054257,35.5908784,.
96230,.,-9.2006966,34.9250782,.
96231,.,-9.2006966,34.9250782,.
96232,.,-9.339253,32.9863643,.
96233,.,-9.3377849,33.268501,.
96234,.,-9.0017884,34.5505219,.
96235,.,-8.8971147,34.5749463,.
96236,.,-9.283366,35.2839492,.
96237,.,-8.0467542,35.7473958,.
96238,.,-8.816059,34.7668245,.
96239,.,-8.8384731,34.7350601,.
96240,.,-9.2020968,34.5649629,.
96241,.,-9.5233183,34.8615401,.
96242,.,-8.9579341,34.5361872,.
96243,.,-9.2535683,32.960057,.
96244,.,-9.2535683,32.960057,.
96245,.,-8.9810679,32.9861649,.
96246,.,-7.6960905,35.9657527,.
96247,.,-7.6960905,35.9657527,.
96248,.,-8.9525218,33.2309678,.
96249,.,-9.191193,35.0975293,.
96250,.,-9.3611083,33.1554709,.
96251,.,-9.1714141,32.8717245,.
96252,.,-8.1731585,35.9043048,.
96253,.,-8.1731585,35.9043048,.
96254,.,-9.2006966,34.9250782,.
96255,.,-7.6656593,35.9824157,.
96256,.,-9.0645081,34.6506609,.
96257,.,-9.0645081,34.6506609,.
96258,.,-7.835101667,36.1136366,.
96259,.,-9.262878,32.9698993,.
96260,.,-8.9612301,32.7713628,.
96261,.,-9.1360391,34.8407585,.
96262,.,-9.1360391,34.8407585,.
96263,.,-8.0715099,35.6874348,.
96264,.,-8.9610305,32.8033384,.
96265,.,-8.9610305,32.8033384,.
96266,.,-8.8207113,32.7487054,.
96267,.,-9.0612418,34.6835403,.
96268,.,-9.0612418,34.6835403,.
96269,.,-7.9947798,36.0719325,.
96270,.,-9.2627699,35.2376681,.
96271,.,-8.8285039,34.642166,.
96272,.,-9.34024,33.146268,.
96273,.,-9.283366,35.2839492,.
96274,.,-8.9346088,33.2773194,.
96275,.,-8.0621337,36.0041981,.
96276,.,-7.835101667,36.1136366,.
96277,.,-8.1158937,35.6696836,.
96278,.,-7.7541528,35.86288,.
96279,.,-9.13099,33.3113123,.
96280,.,-8.8684916,34.5410947,.
96281,.,-3.4413952,36.5631291,.
96282,.,-8.9772701,32.998354,.
96283,.,-9.3582059,33.1381745,.
96284,.,-9.124731,34.848741,.
96285,.,-7.6589261,35.5442692,.
96286,.,-8.9587022,34.5356973,.
96287,.,-8.2784705,35.8820498,.
96288,.,-8.1160387,35.669784,.
96289,.,-8.279037,35.8756614,.
96290,.,-8.8971147,34.5749463,.
96291,.,-9.3832599,33.2365185,.
96292,.,-8.0665778,36.00809,.
96293,.,-8.9457573,34.5724802,.
96294,.,-8.8806801,33.0018276,.
96295,.,-8.9704157,32.8162452,.
96296,.,-8.9491561,32.7755202,.
96297,.,-7.7309088,35.547338,.
96298,.,-8.7048478,34.8652346,.
96299,.,-7.993531667,36.071981,.
96300,.,-7.993531667,36.071981,.
96301,.,-7.6274669,35.6224557,.
96302,.,-9.3306745,33.1989703,.
96303,.,-9.4548378,34.6869597,.
96304,.,-9.1601995,33.1175654,.
96305,.,-9.1601995,33.1175654,.
96306,.,-8.9521602,33.232391,.
96307,.,-8.711988,34.8732159,.
96308,.,-9.3296809,33.1477953,.
96309,.,-8.8292721,34.6418174,.
96310,.,-9.1558648,34.9249736,.
96311,.,-9.283366,35.2839492,.
96312,.,-8.9174355,32.9509125,.
96313,.,-8.9174355,32.9509125,.
96314,.,-3.449690687,36.8060302,.
96315,.,-9.048584,34.7337357,.
96316,.,-8.9349785,32.9821625,.
96317,.,-9.1646256,32.9473898,.
96318,.,-8.6909035,34.7760309,.
96319,.,-8.7140303,34.8764589,.
96320,.,-8.7140303,34.8764589,.
96321,.,-9.0632011,33.1260409,.
96322,.,-9.0632011,33.1260409,.
96323,.,-9.2627699,35.2376681,.
96324,.,-9.2627699,35.2376681,.
96325,.,-9.3498909,33.1570464,.
96326,.,-8.0621791,36.0041722,.
96327,.,-9.0938238,33.1475297,.
96328,.,-8.9931665,33.0018503,.
96329,.,-8.9931665,33.0018503,.
96330,.,-9.0990499,33.0850367,.
96331,.,-9.032143,34.6172608,.
96332,.,-9.032143,34.6172608,.
96333,.,-9.3397415,33.2599302,.
96334,.,-9.0628164,34.6832844,.
96335,.,-9.0628164,34.6832844,.
96336,.,-9.2017002,34.5514525,.
96337,.,-9.2017002,34.5514525,.
96338,.,-9.0786721,34.8092017,.
96339,.,-8.9887041,32.9554667,.
96340,.,-9.0575135,33.1256302,.
96341,.,-9.1621361,32.9458165,.
96342,.,-8.9517986,34.5319832,.
96343,.,-8.9491561,32.7755202,.
96344,.,-8.9007622,33.0343023,.
96345,.,-8.9162617,33.0431942,.
96346,.,-9.056624,33.2694907,.
96347,.,-8.1159486,35.6699111,.
96348,.,-8.0620768,36.0042823,.
96349,.,-9.2006966,34.9250782,.
96350,.,-9.5931697,34.8764047,.
96351,.,-9.593269,34.8763985,.
96352,.,-8.8789903,32.9950617,.
96353,.,-9.1240733,34.848836,.
96354,.,-8.9650388,32.7990497,.
96355,.,-3.4507239,36.7948593,.
96356,.,-9.0990499,33.0850367,.
96357,.,-9.283366,35.2839492,.
96358,.,-9.283366,35.2839492,.
96359,.,-8.9491294,32.9760839,.
96360,.,-8.8989662,33.0276587,.
96361,.,-8.8989662,33.0276587,.
96362,.,-8.9491294,32.9760839,.
96363,.,-8.8956208,34.5816103,.
96364,.,-8.8956208,34.5816103,.
96365,.,-8.8435539,34.722586,.
96366,.,-8.1731585,35.9043048,.
96367,.,-9.1558648,34.9249736,.
96368,.,-9.1078704,33.0814558,.
96369,.,-7.9991804,35.4541489,.
96370,.,-8.0620531,36.0043247,.
96371,.,-9.2627699,35.2376681,.
96372,.,-8.1731585,35.9043048,.
96373,.,-7.6589261,35.5442692,.
96374,.,-7.6839692,35.6327085,.
96375,.,-9.0954092,33.1515547,.
96376,.,-7.6211257,35.7087829,.
96377,.,-7.6211257,35.7087829,.
96378,.,-8.9307768,33.2783064,.
96379,.,-8.8958674,34.5846084,.
96380,.,-9.0064851,33.273484,.
96381,.,-7.6211266,35.7088303,.
96382,.,-9.3224091,33.217375,.
96383,.,-8.0702066,35.6879653,.
96384,.,-9.0501135,34.7310687,.
96385,.,-9.0501135,34.7310687,.
96386,.,-8.9148482,32.9771813,.
96387,.,-8.9148482,32.9771813,.
96388,.,-9.1735856,32.8315055,.
96389,.,-9.1346322,35.0485429,.
96390,.,-7.9991804,35.4541489,.
96391,.,-9.5234264,34.8618702,.
96392,.,-9.5234264,34.8618702,.
96393,.,-9.4123811,33.0436513,.
96394,.,-7.9991804,35.4541489,.
96395,.,-9.0877607,34.7546142,.
96396,.,-7.6454431,35.6537246,.
96397,.,-7.9054257,35.5908784,.
96398,.,-8.690786,34.7850778,.
96399,.,-8.6893064,34.7946792,.
96400,.,-8.9325989,33.2792469,.
96401,.,-9.1354327,33.3093006,.
96402,.,-7.6957672,35.9662744,.
96403,.,-7.6957672,35.9662744,.
96404,.,-9.283366,35.2839492,.
96405,.,-9.283366,35.2839492,.
96406,.,-8.9491561,32.7755202,.
96407,.,-8.8960037,34.5828131,.
96408,.,-7.9991804,35.4541489,.
96409,.,-9.1704829,32.9432391,.
96410,.,-8.2733634,35.8921831,.
96411,.,-7.6954696,36.0191908,.
96412,.,-9.0908482,34.7638346,.
96413,.,-9.0908482,34.7638346,.
96414,.,-8.8294824,34.6438584,.
96415,.,-8.8684916,34.5410947,.
96416,.,-9.0017376,32.9676051,.
96417,.,-8.818352,34.7661181,.
96418,.,-9.4086543,33.0702366,.
96419,.,-9.4086543,33.0702366,.
96420,.,-8.8116024,32.9367674,.
96421,.,-8.8116024,32.9367674,.
96422,.,-9.0752997,34.8110879,.
96423,.,-9.0752997,34.8110879,.
96424,.,-8.9243156,33.4184736,.
96425,.,-7.7275997,35.8475921,.
96426,.,-9.3432159,32.9908283,.
96427,.,-7.993531667,36.071981,.
96428,.,-9.0910406,34.7651914,.
96429,.,-9.3554984,32.9986029,.
96430,.,-9.3554984,32.9986029,.
96431,.,-8.9529038,33.229704,.
96432,.,-9.2017288,34.5518673,.
96433,.,-8.8971147,34.5749463,.
96434,.,-8.7171293,34.8827793,.
96435,.,-8.9345613,33.2317906,.
96436,.,-8.8846494,33.022921,.
96437,.,-9.1713355,32.9181402,.
96438,.,-9.1713355,32.9181402,.
96439,.,-9.0628164,34.6832844,.
96440,.,-7.6211188,35.7087111,.
96441,.,-7.7040402,36.0066981,.
96442,.,-7.996462,36.072408,.
96443,.,-8.8971147,34.5749463,.
96444,.,-9.1347174,35.0475335,.
96445,.,-8.947187,32.9378606,.
96446,.,-9.1283635,33.3068613,.
96447,.,-9.1894353,32.8714056,.
96448,.,-8.841719,33.0261428,.
96449,.,-7.7534626,35.8623925,.
96450,.,-8.8959228,34.5829488,.
96451,.,-8.9587186,32.9484878,.
96452,.,-8.9607272,33.2417774,.
96453,.,-9.2006966,34.9250782,.
96454,.,-9.1258384,35.0237932,.
96455,.,-9.1349088,34.8662131,.
96456,.,-9.1349088,34.8662131,.
96457,.,-8.8768848,34.53201,.
96458,.,-8.8768848,34.53201,.
96459,.,-9.3220112,33.2144005,.
96460,.,-9.3220112,33.2144005,.
96461,.,-7.7227779,35.829416,.
96462,.,-9.2006966,34.9250782,.
96463,.,-9.0089469,34.5503436,.
96464,.,-8.8244044,32.9053984,.
96465,.,-8.0900848,35.7487262,.
96466,.,-8.0900848,35.7487262,.
96467,.,-8.2584122,35.8096515,.
96468,.,-8.9307172,33.2786772,.
96469,.,-8.8925105,34.581619,.
96470,.,-9.4642114,34.6930325,.
96471,.,-8.8162879,34.7585767,.
96472,.,-7.835101667,36.1136366,.
96473,.,-8.2815625,35.8779337,.
96474,.,-8.2815625,35.8779337,.
96475,.,-9.1377767,32.8345352,.
96476,.,-9.1558648,34.9249736,.
96477,.,-8.9129964,33.0169515,.
96478,.,-8.8863425,33.0201677,.
96479,.,-8.2814391,35.8781917,.
96480,.,-9.2020968,34.5649629,.
96481,.,-8.8684916,34.5410947,.
96482,.,-3.449690687,36.8060302,.
96483,.,-8.9275236,33.2829225,.
96484,.,-9.1940007,35.1013195,.
96485,.,-7.7534875,35.8624702,.
96486,.,-8.0745965,36.0503616,.
96487,.,-8.0745965,36.0503616,.
96488,.,-8.9610305,32.8033384,.
96489,.,-8.27333,35.8921167,.
96490,.,-8.9133897,32.9753819,.
96491,.,-8.9491294,32.9760839,.
96492,.,-9.283366,35.2839492,.
96493,.,-9.283366,35.2839492,.
96494,.,-7.9991804,35.4541489,.
96495,.,-8.1176024,35.7284101,.
96496,.,-8.1176024,35.7284101,.
96497,.,-3.3673826,36.5381694,.
96498,.,-3.449690687,36.8060302,.
96499,.,-7.6454431,35.6537246,.
96500,.,-7.6454431,35.6537246,.
96501,.,-8.9408483,33.3275738,.
96502,.,-8.8789903,32.9950617,.
96503,.,-9.0908057,33.1387744,.
96504,.,-9.0908057,33.1387744,.
96505,.,-8.1710219,35.7092329,.
96506,.,-8.1710219,35.7092329,.
96507,.,-9.1761659,32.8709451,.
96508,.,-9.1761417,32.8532368,.
96509,.,-8.8538897,32.9901332,.
96510,.,-8.6924192,34.7898207,.
96511,.,-8.6924192,34.7898207,.
96512,.,-9.0910188,34.7652095,.
96513,.,-8.8835529,33.059267,.
96514,.,-8.2584122,35.8096515,.
96515,.,-8.2584122,35.8096515,.
96516,.,-9.3625858,33.2640977,.
96517,.,-9.0744415,33.0791346,.
96518,.,-8.8924058,33.0430248,.
96519,.,-8.8924058,33.0430248,.
96520,.,-8.9678413,34.5766389,.
96521,.,-9.141103,33.0891432,.
96522,.,-9.1558648,34.9249736,.
96523,.,-9.1558648,34.9249736,.
96524,.,-8.0628399,36.0057726,.
96525,.,-8.9338482,32.9763092,.
96526,.,-8.9338482,32.9763092,.
96527,.,-9.4532453,34.659753,.
96528,.,-8.8140427,32.763458,.
96529,.,-8.8140427,32.763458,.
96530,.,-7.9991804,35.4541489,.
96531,.,-8.9127737,34.5648441,.
96532,.,-9.1644762,32.9492515,.
96533,.,-9.0152016,33.2942395,.
96534,.,-9.4463113,34.6637101,.
96535,.,-9.4463113,34.6637101,.
96536,.,-8.1634197,35.3947953,.
96537,.,-9.2546257,34.5420167,.
96538,.,-8.0467542,35.7473958,.
96539,.,-8.0467542,35.7473958,.
96540,.,-7.6210913,35.7088254,.
96541,.,-8.9491294,32.9760839,.
96542,.,-8.1453073,35.6896669,.
96543,.,-8.1453073,35.6896669,.
96544,.,-8.9801135,32.9864445,.
96545,.,-9.4465968,34.6846671,.
96546,.,-7.993531667,36.071981,.
96547,.,-9.0962215,33.156484,.
96548,.,-8.0744864,36.0503111,.
96549,.,-8.0700304,35.683308,.
96550,.,-7.9989677,36.0655243,.
96551,.,-9.2831603,35.2845781,.
96552,.,-8.9491294,32.9760839,.
96553,.,-9.2625685,35.227337,.
96554,.,-9.2625685,35.227337,.
96555,.,-8.7090754,34.8692024,.
96556,.,-9.4014544,33.0476482,.
96557,.,-8.8419573,34.723026,.
96558,.,-8.9384068,33.0044883,.
96559,.,-7.7970389,35.8505311,.
96560,.,-8.279037,35.8756614,.
96561,.,-9.0664799,33.1319426,.
96562,.,-8.6923952,34.7897773,.
96563,.,-8.8393981,34.7150167,.
96564,.,-7.838481,36.1291984,.
96565,.,-9.019218,33.2616861,.
96566,.,-9.1436863,32.9914997,.
96567,.,-9.1436863,32.9914997,.
96568,.,-7.7561407,35.5622806,.
96569,.,-7.7561407,35.5622806,.
96570,.,-7.8039965,35.8435871,.
96571,.,-9.1921586,35.0990246,.
96572,.,-9.328485,33.2758937,.
96573,.,-8.9963638,32.9531581,.
96574,.,-7.7039162,36.006883,.
96575,.,-7.9987685,36.065029,.
96576,.,-8.8538897,32.9901332,.
96577,.,-9.0904564,33.1391265,.
96578,.,-9.0811765,34.8069826,.
96579,.,-9.0811765,34.8069826,.
96580,.,-8.82141,34.7684619,.
96581,.,-8.82141,34.7684619,.
96582,.,-9.202401,34.553253,.
96583,.,-9.202401,34.553253,.
96584,.,-8.6899528,34.7904426,.
96585,.,-9.0812638,34.8070312,.
96586,.,-9.1231051,33.1325469,.
96587,.,-9.1231051,33.1325469,.
96588,.,-9.1088595,33.1329279,.
96589,.,-9.1088595,33.1329279,.
96590,.,-9.019087,33.2640335,.
96591,.,-8.842247,34.7212799,.
96592,.,-8.7103436,34.8770988,.
96593,.,-8.1731585,35.9043048,.
96594,.,-7.6589261,35.5442692,.
96595,.,-9.1699022,32.9181893,.
96596,.,-8.9434932,34.5621045,.
96597,.,-8.8364129,32.7972336,.
96598,.,-9.1052352,33.1588472,.
96599,.,-8.8929815,34.5787837,.
96600,.,-8.2814538,35.8781048,.
96601,.,-9.3533687,32.9973756,.
96602,.,-9.3533687,32.9973756,.
96603,.,-7.8040013,35.8436078,.
96604,.,-8.7120061,34.8732802,.
96605,.,-8.8244044,32.9053984,.
96606,.,-9.056624,33.2694907,.
96607,.,-9.2761482,32.9537241,.
96608,.,-9.2627699,35.2376681,.
96609,.,-9.5234663,34.8617681,.
96610,.,-9.1561406,32.9156435,.
96611,.,-7.9054257,35.5908784,.
96612,.,-9.3388021,33.2727614,.
96613,.,-8.9965839,32.9524743,.
96614,.,-8.9995816,34.5488742,.
96615,.,-8.2584122,35.8096515,.
96616,.,-9.0842078,34.8087267,.
96617,.,-8.9006411,33.0343495,.
96618,.,-8.273303,35.8921698,.
96619,.,-9.0940889,33.1408875,.
96620,.,-7.7235689,35.84571,.
96621,.,-7.9947825,36.0719774,.
96622,.,-7.7259307,35.8469383,.
96623,.,-8.8181262,32.9299893,.
96624,.,-8.9305993,33.2779362,.
96625,.,-9.1617235,32.9203855,.
96626,.,-9.1009585,33.0979997,.
96627,.,-8.9658802,32.9554741,.
96628,.,-8.7103181,34.8770465,.
96629,.,-8.061101667,35.6905333,.
96630,.,-9.5230114,34.8610602,.
96631,.,-9.0789557,33.0866122,.
96632,.,-8.8903365,33.04313,.
96633,.,-9.3806064,33.0310699,.
96634,.,-9.3806064,33.0310699,.
96635,.,-9.3267125,33.1508579,.
96636,.,-9.1471762,33.1152434,.
96637,.,-8.9491294,32.9760839,.
96638,.,-9.3474967,32.991797,.
96639,.,-8.8214969,32.8015649,.
96640,.,-8.8214969,32.8015649,.
96641,.,-8.9610305,32.8033384,.
96642,.,-8.2814415,35.8781306,.
96643,.,-7.658791,35.6038847,.
96644,.,-7.658791,35.6038847,.
96645,.,-9.1204517,33.0876509,.
96646,.,-9.1204517,33.0876509,.
96647,.,-7.993531667,36.071981,.
96648,.,-8.281524,35.8782728,.
96649,.,-8.9527952,33.2298666,.
96650,.,-8.8983564,33.0371614,.
96651,.,-8.8294824,34.6438584,.
96652,.,-9.2006966,34.9250782,.
96653,.,-8.90743,33.0311689,.
96654,.,-8.7928867,32.9110685,.
96655,.,-9.1330979,35.0734433,.
96656,.,-9.1330979,35.0734433,.
96657,.,-9.0017884,34.5505219,.
96658,.,-9.1258384,35.0237932,.
96659,.,-9.5931697,34.8764047,.
96660,.,-8.9715726,33.3136359,.
96661,.,-7.7235689,35.84571,.
96662,.,-9.4599433,34.5798829,.
96663,.,-9.4599433,34.5798829,.
96664,.,-8.8959965,34.5760427,.
96665,.,-9.2627699,35.2376681,.
96666,.,-8.9239164,32.9692283,.
96667,.,-8.8644251,34.5418335,.
96668,.,-9.4086757,33.0705209,.
96669,.,-9.4086757,33.0705209,.
96670,.,-8.935622,34.5291449,.
96671,.,-9.0813575,34.8068869,.
96672,.,-9.2539974,34.5409538,.
96673,.,-7.7535516,35.8625117,.
96674,.,-9.145138,35.0690761,.
96675,.,-8.8580667,33.0356061,.
96676,.,-9.019053,34.6076666,.
96677,.,-9.019053,34.6076666,.
96678,.,-9.013551,34.6044751,.
96679,.,-8.9970794,32.9561026,.
96680,.,-9.4642114,34.6930325,.
96681,.,-9.1688048,32.9386325,.
96682,.,-9.1688048,32.9386325,.
96683,.,-9.13099,33.3113123,.
96684,.,-8.976287,33.3182851,.
96685,.,-8.1637485,35.395008,.
96686,.,-9.056624,33.2694907,.
96687,.,-8.163405,35.3949489,.
96688,.,-9.3299309,33.1939796,.
96689,.,-9.3299309,33.1939796,.
96690,.,-8.8825784,34.5712701,.
96691,.,-9.2022473,34.5607884,.
96692,.,-9.0673828,33.1306799,.
96693,.,-7.9054257,35.5908784,.
96694,.,-9.3600026,33.2625776,.
96695,.,-9.3600026,33.2625776,.
96696,.,-8.9277452,33.4159431,.
96697,.,-8.1628459,35.395783,.
96698,.,-9.3180819,33.1942954,.
96699,.,-9.2006966,34.9250782,.
96700,.,-8.061976,36.0042098,.
96701,.,-8.061976,36.0042098,.
96702,.,-9.0877607,34.7546142,.
96703,.,-8.9518218,34.5319306,.
96704,.,-7.6960595,35.9659267,.
96705,.,-9.2539974,34.5409538,.
96706,.,-7.8394407,36.1133127,.
96707,.,-9.202132,34.5650657,.
96708,.,-9.1864488,32.8710456,.
96709,.,-9.3732306,33.2353608,.
96710,.,-8.8137579,32.9357512,.
96711,.,-9.593406,34.8765974,.
96712,.,-8.9737837,34.5313639,.
96713,.,-7.7216531,35.5325038,.
96714,.,-8.9303921,32.9993272,.
96715,.,-9.3409173,33.1483917,.
96716,.,-9.0860413,33.1399047,.
96717,.,-7.7311556,35.5470074,.
96718,.,-7.9991804,35.4541489,.
96719,.,-7.717305,36.0203704,.
96720,.,-8.8114371,32.9337582,.
96721,.,-8.9701151,33.3103879,.
96722,.,-7.665648,35.9824165,.
96723,.,-9.0826839,33.1277173,.
96724,.,-9.0826839,33.1277173,.
96725,.,-8.9610305,32.8033384,.
96726,.,-9.0877607,34.7546142,.
96727,.,-9.0877607,34.7546142,.
96728,.,-8.9962788,32.953506,.
96729,.,-9.2556372,34.5409459,.
96730,.,-9.191193,35.0975293,.
96731,.,-8.8396803,34.7156769,.
96732,.,-9.0139807,33.264608,.
96733,.,-9.5233031,34.8615583,.
96734,.,-9.5233031,34.8615583,.
96735,.,-8.7098014,34.8732591,.
96736,.,-9.13099,33.3113123,.
96737,.,-9.1258384,35.0237932,.
96738,.,-9.6034324,34.8724677,.
96739,.,-8.8294048,34.6439129,.
96740,.,-8.690786,34.7850778,.
96741,.,-7.9054257,35.5908784,.
96742,.,-8.8244044,32.9053984,.
96743,.,-9.1237511,34.849006,.
96744,.,-9.4642114,34.6930325,.
96745,.,-3.449690687,36.8060302,.
96746,.,-9.5931697,34.8764047,.
96747,.,-8.8805307,33.0017121,.
96748,.,-8.8294824,34.6438584,.
96749,.,-8.8294824,34.6438584,.
96750,.,-9.0990499,33.0850367,.
96751,.,-9.0877607,34.7546142,.
96752,.,-8.94638,32.9331738,.
96753,.,-9.1909811,35.1294261,.
96754,.,-7.7170991,36.0176075,.
96755,.,-7.7758773,35.5751396,.
96756,.,-7.7758773,35.5751396,.
96757,.,-9.0045278,32.9517289,.
96758,.,-8.8419128,34.7240466,.
96759,.,-9.283366,35.2839492,.
96760,.,-9.283366,35.2839492,.
96761,.,-8.996687,32.9533595,.
96762,.,-8.9607937,33.2352438,.
96763,.,-9.3828516,33.2355312,.
96764,.,-8.7051378,34.8634541,.
96765,.,-8.9610305,32.8033384,.
96766,.,-8.9201751,33.0396552,.
96767,.,-8.9366776,32.7884216,.
96768,.,-9.0123257,33.2961164,.
96769,.,-8.9351694,33.2918277,.
96770,.,-9.3609792,33.2625197,.
96771,.,-7.7037507,36.0065742,.
96772,.,-8.7113866,34.8737494,.
96773,.,-8.7113866,34.8737494,.
96774,.,-9.1257577,34.8485861,.
96775,.,-3.493196703,36.8499869,.
96776,.,-8.9243922,33.2923086,.
96777,.,-9.0796853,33.0876099,.
96778,.,-9.283366,35.2839492,.
96779,.,-9.3861831,33.0744311,.
96780,.,-9.1244866,34.8487687,.
96781,.,-9.1244866,34.8487687,.
96782,.,-8.9491561,32.7755202,.
96783,.,-9.5232149,34.86139,.
96784,.,-8.1474519,35.7405784,.
96785,.,-8.1474519,35.7405784,.
96786,.,-9.2528774,34.5420539,.
96787,.,-9.1259394,35.0223153,.
96788,.,-9.0985546,33.1513299,.
96789,.,-7.7235689,35.84571,.
96790,.,-8.9491561,32.7755202,.
96791,.,-9.092301,33.1363148,.
96792,.,-8.692082,34.7825373,.
96793,.,-8.692082,34.7825373,.
96794,.,-7.9054257,35.5908784,.
96795,.,-9.5229818,34.8610688,.
96796,.,-9.5229818,34.8610688,.
96797,.,-8.9112479,33.0198371,.
96798,.,-9.056624,33.2694907,.
96799,.,-8.9570509,33.0125133,.
96800,.,-8.8881685,33.0275802,.
96801,.,-8.8881685,33.0275802,.
96802,.,-8.9610305,32.8033384,.
96803,.,-8.9610305,32.8033384,.
96804,.,-8.2584122,35.8096515,.
96805,.,-8.2584122,35.8096515,.
96806,.,-9.1650451,33.1162526,.
96807,.,-8.8789903,32.9950617,.
96808,.,-8.1160656,35.6695192,.
96809,.,-8.8903483,33.0384021,.
96810,.,-8.1058817,35.6713842,.
96811,.,-9.0985855,33.1518142,.
96812,.,-8.9621309,32.9722165,.
96813,.,-8.9621309,32.9722165,.
96814,.,-9.0628164,34.6832844,.
96815,.,-9.1179886,33.1349602,.
96816,.,-9.4642114,34.6930325,.
96817,.,-7.7541528,35.86288,.
96818,.,-9.1651948,32.9471197,.
96819,.,-8.9718827,33.3159621,.
96820,.,-9.0172954,34.6004773,.
96821,.,-8.8925105,34.581619,.
96822,.,-9.4662053,34.592666,.
96823,.,-9.4662053,34.592666,.
96824,.,-9.4549468,34.5917956,.
96825,.,-8.9610305,32.8033384,.
96826,.,-8.8789903,32.9950617,.
96827,.,-9.0712949,33.0770353,.
96828,.,-8.9669055,34.5760834,.
96829,.,-7.717501,36.0168422,.
96830,.,-9.0676581,33.1315506,.
96831,.,-8.8719121,34.8190091,.
96832,.,-9.2020968,34.5649629,.
96833,.,-8.8377104,34.7257337,.
96834,.,-9.0167875,33.2924834,.
96835,.,-8.1731585,35.9043048,.
96836,.,-8.1731585,35.9043048,.
96837,.,-7.9989744,36.0654606,.
96838,.,-9.1769082,32.8433315,.
96839,.,-8.9772508,32.9984623,.
96840,.,-9.0911502,34.7651716,.
96841,.,-8.8214969,32.8015649,.
96842,.,-8.8214969,32.8015649,.
96843,.,-8.9275236,33.2829225,.
96844,.,-8.9145898,32.9781465,.
96845,.,-9.1558648,34.9249736,.
96846,.,-8.9620808,32.9720412,.
96847,.,-8.9620808,32.9720412,.
96848,.,-9.338401,33.199686,.
96849,.,-9.0017884,34.5505219,.
96850,.,-8.8419382,34.7215611,.
96851,.,-9.5235506,34.862086,.
96852,.,-9.5235506,34.862086,.
96853,.,-9.0628164,34.6832844,.
96854,.,-7.7534209,35.8624688,.
96855,.,-9.3790961,33.0210583,.
96856,.,-8.1731585,35.9043048,.
96857,.,-9.4662053,34.592666,.
96858,.,-9.1250464,33.0829498,.
96859,.,-8.2733355,35.8921927,.
96860,.,-8.2584122,35.8096515,.
96861,.,-8.9587186,32.9484878,.
96862,.,-8.8538897,32.9901332,.
96863,.,-8.9472964,32.9379265,.
96864,.,-8.9472964,32.9379265,.
96865,.,-8.8703964,33.039268,.
96866,.,-8.8703964,33.039268,.
96867,.,-7.7530065,35.5596927,.
96868,.,-9.4015236,33.062553,.
96869,.,-7.6589261,35.5442692,.
96870,.,-7.6589261,35.5442692,.
96871,.,-9.0628164,34.6832844,.
96872,.,-9.4549606,34.6870591,.
96873,.,-9.0073781,33.2716344,.
96874,.,-9.2020968,34.5649629,.
96875,.,-9.3389863,33.1474216,.
96876,.,-8.0686038,35.6877643,.
96877,.,-9.283366,35.2839492,.
96878,.,-8.1181214,35.7286556,.
96879,.,-9.2796589,32.9549658,.
96880,.,-9.2796589,32.9549658,.
96881,.,-8.9348997,32.9773637,.
96882,.,-8.9348997,32.9773637,.
96883,.,-9.34836,32.9990374,.
96884,.,-8.1731585,35.9043048,.
96885,.,-9.1077084,33.0687267,.
96886,.,-7.6454431,35.6537246,.
96887,.,-9.0766841,34.8056352,.
96888,.,-9.1282903,34.8447495,.
96889,.,-8.8538897,32.9901332,.
96890,.,-8.8244044,32.9053984,.
96891,.,-7.835101667,36.1136366,.
96892,.,-7.9972037,36.0736478,.
96893,.,-7.621137,35.7087969,.
96894,.,-7.6957548,35.9662293,.
96895,.,-8.8294824,34.6438584,.
96896,.,-8.8294824,34.6438584,.
96897,.,-7.835101667,36.1136366,.
96898,.,-8.9878482,33.2821732,.
96899,.,-9.1313079,35.0658349,.
96900,.,-8.8580667,33.0356061,.
96901,.,-8.1215124,35.7278871,.
96902,.,-8.6923364,34.7823628,.
96903,.,-7.6589261,35.5442692,.
96904,.,-8.9638974,34.5768469,.
96905,.,-8.9258451,32.968801,.
96906,.,-8.2584122,35.8096515,.
96907,.,-9.0670756,33.1313557,.
96908,.,-9.1987046,32.8316293,.
96909,.,-9.1987046,32.8316293,.
96910,.,-7.6589261,35.5442692,.
96911,.,-8.7066305,34.8619926,.
96912,.,-8.0704169,35.6876444,.
96913,.,-8.8214969,32.8015649,.
96914,.,-8.90743,33.0311689,.
96915,.,-8.9713707,34.5289653,.
96916,.,-9.0489546,34.7335778,.
96917,.,-8.9004473,33.0212843,.
96918,.,-8.0694984,35.6875127,.
96919,.,-8.0694984,35.6875127,.
96920,.,-8.2731749,35.8923825,.
96921,.,-8.0620047,35.7432196,.
96922,.,-8.0620047,35.7432196,.
96923,.,-9.283366,35.2839492,.
96924,.,-9.3352224,33.2004803,.
96925,.,-9.3352224,33.2004803,.
96926,.,-9.0913959,33.1389482,.
96927,.,-9.0913959,33.1389482,.
96928,.,-9.1704171,32.9452926,.
96929,.,-8.8750685,33.0336667,.
96930,.,-8.9970794,32.9561026,.
96931,.,-8.0467542,35.7473958,.
96932,.,-8.6925206,34.7715887,.
96933,.,-7.9991804,35.4541489,.
96934,.,-9.191193,35.0975293,.
96935,.,-8.1159439,35.6696473,.
96936,.,-8.8890632,33.0270253,.
96937,.,-9.1361151,33.312343,.
96938,.,-9.1558648,34.9249736,.
96939,.,-9.3575269,33.2612076,.
96940,.,-8.1627559,35.3967109,.
96941,.,-8.9491294,32.9760839,.
96942,.,-9.5219765,34.8603569,.
96943,.,-8.8294824,34.6438584,.
96944,.,-8.8965355,34.582062,.
96945,.,-8.8965355,34.582062,.
96946,.,-7.6443476,35.6027597,.
96947,.,-9.1895385,32.8389493,.
96948,.,-8.818352,34.7661181,.
96949,.,-8.818352,34.7661181,.
96950,.,-7.993531667,36.071981,.
96951,.,-8.9376031,33.0086414,.
96952,.,-7.9991804,35.4541489,.
96953,.,-7.9991804,35.4541489,.
96954,.,-9.283366,35.2839492,.
96955,.,-9.1558648,34.9249736,.
96956,.,-9.0115668,34.6085792,.
96957,.,-8.0651421,36.0036376,.
96958,.,-8.0651421,36.0036376,.
96959,.,-9.1233902,34.8491227,.
96960,.,-9.1233902,34.8491227,.
96961,.,-9.5931697,34.8764047,.
96962,.,-7.993531667,36.071981,.
96963,.,-9.013551,34.6044751,.
96964,.,-8.1208169,35.7285854,.
96965,.,-8.2584122,35.8096515,.
96966,.,-7.6589261,35.5442692,.
96967,.,-7.6589261,35.5442692,.
96968,.,-8.9275236,33.2829225,.
96969,.,-8.7121025,34.8731695,.
96970,.,-8.7121025,34.8731695,.
96971,.,-8.9491561,32.7755202,.
96972,.,-8.2584122,35.8096515,.
96973,.,-8.0662796,35.9998739,.
96974,.,-8.8214969,32.8015649,.
96975,.,-7.7142237,36.0198367,.
96976,.,-8.6925706,34.7716707,.
96977,.,-8.8684916,34.5410947,.
96978,.,-8.8362041,34.7276625,.
96979,.,-8.9376648,32.7665457,.
96980,.,-8.9376648,32.7665457,.
96981,.,-7.7421361,35.6657988,.
96982,.,-8.9962821,32.9555738,.
96983,.,-8.1611329,35.3950688,.
96984,.,-8.2814393,35.8781093,.
96985,.,-8.2814393,35.8781093,.
96986,.,-7.9054257,35.5908784,.
96987,.,-7.9054257,35.5908784,.
96988,.,-9.2627699,35.2376681,.
96989,.,-8.8971147,34.5749463,.
96990,.,-8.87575,33.0751846,.
96991,.,-9.3996122,33.036156,.
96992,.,-9.0484755,34.7337415,.
96993,.,-9.1283189,34.847808,.
96994,.,-9.1283189,34.847808,.
96995,.,-8.8214969,32.8015649,.
96996,.,-8.9961731,32.9534184,.
96997,.,-9.3429709,32.9890403,.
96998,.,-9.0672057,33.1318882,.
96999,.,-8.8835387,32.9989549,.
97000,.,-9.1324663,33.3086262,.
97001,.,-7.6963232,35.9651916,.
97002,.,-8.7936509,32.7838591,.
97003,.,-9.4662053,34.592666,.
100076,.,-2.501687512,28.9257652,.
100077,.,-2.335437591,29.75547153,.
100078,.,-2.40211847,29.27797418,.
100079,.,-2.28878471,29.9333249,.
100080,.,-2.270770483,29.34864712,.
100081,.,-2.235322914,29.377697,.
100082,.,-2.67657167,29.85536597,.
100083,.,-2.53085906147148,29.8781782423516,.
100084,.,-1.268348373,30.39323538,.
100085,.,-2.330657227,29.22309731,.
100086,.,-1.874146311,29.37650541,.
100087,.,-1.712571465,30.32681086,.
100088,.,-2.09663521251984,29.4156262654255,.
100089,.,-1.727696576,30.35081567,.
100090,.,-1.36490952586854,30.3175462937062,.
100091,.,-2.215218905,29.32477171,.
100092,.,-1.803506457,30.43167027,.
100093,.,-2.337093234,29.93539085,.
100094,.,-1.691894738,30.42576515,.
100095,.,-1.228522111,30.43061934,.
100096,.,-2.323711603,29.03154952,.
100097,.,-2.354893086,29.78441101,.
100098,.,-2.657574894,29.87726534,.
100099,.,-2.300887087,29.3850064,.
100100,.,-2.330657227,29.22309731,.
100101,.,-2.11811146010983,29.3876906234192,.
100102,.,-2.099746441,30.53617001,.
100103,.,-2.215218905,29.32477171,.
100104,.,-2.219725286,29.29203227,.
100105,.,-1.607238635,30.26719685,.
100106,.,-2.304951671,29.93973912,.
100107,.,-2.1788439,29.4958233,.
100108,.,-2.38733975886735,29.2269089442882,.
100109,.,-2.132684736,29.3179564,.
100110,.,-2.697059115,29.60362743,.
100111,.,-1.681768825,30.38271799,.
100112,.,-2.576347653,28.9784575,.
100113,.,-1.228522111,30.43061934,.
100114,.,-1.543760331,30.43086536,.
100115,.,-2.786177704,29.60085544,.
100116,.,-2.215116598,30.48910838,.
100117,.,-2.44916309,28.9456293,.
100118,.,-2.10539311713021,29.422660598186,.
100119,.,-2.477929052,28.93280662,.
100120,.,-1.951640691,29.33957347,.
100121,.,-2.656850052,28.91321356,.
100122,.,-2.298850771,29.76038385,.
100123,.,-2.306567127,29.15631517,.
100124,.,-2.047806215,29.58628468,.
100125,.,-1.809756902,29.33577551,.
100126,.,-2.22311064281556,29.2019944142032,.
100127,.,-2.1086916953508,29.4235537122542,.
100128,.,-1.252552875,30.31656026,.
100129,.,-2.335437591,29.75547153,.
100130,.,-1.681768825,30.38271799,.
100131,.,-2.3343973,29.2595803,.
100132,.,-2.340327275,29.03402676,.
100133,.,-2.108897432,29.28597101,.
100134,.,-2.549904604,29.0601406,.
100135,.,-2.216666277,29.36337866,.
100136,.,-1.997504125,29.35324059,.
100137,.,-1.957465561,29.42269136,.
100138,.,-2.312194393,29.29607821,.
100139,.,-2.717454711,29.69616315,.
100140,.,-1.3131685,30.3109364,.
100141,.,-2.584237684,29.4901247,.
100142,.,-2.298850771,29.76038385,.
100143,.,-1.607238635,30.26719685,.
100144,.,-2.589701739,28.99968105,.
100145,.,-2.786177704,29.60085544,.
100146,.,-2.28945809,29.80130451,.
100147,.,-2.119589312,29.3344913,.
100148,.,-2.786177704,29.60085544,.
100149,.,-2.543142275,29.49215278,.
100150,.,-2.461858254,29.71315977,.
100151,.,-1.803506457,30.43167027,.
100152,.,-2.561948003,28.90478093,.
100153,.,-2.3066385,29.2504511,.
100154,.,-1.904926411,29.26328543,.
100155,.,-1.776593771,30.4269636,.
100156,.,-2.2537224,29.3384511,.
100157,.,-1.922671302,29.35578202,.
100158,.,-2.477929052,28.93280662,.
100159,.,-2.216666277,29.36337866,.
100160,.,-1.946266,29.3433117,.
100161,.,-1.35794917,30.38942768,.
100162,.,-2.176030811,29.42607541,.
100163,.,-2.366996809,29.76404508,.
100164,.,-2.257285149,29.91775813,.
100165,.,-1.228522111,30.43061934,.
100166,.,-2.300887087,29.3850064,.
100167,.,-2.22515669777908,29.3976982389702,.
100168,.,-2.523349175,28.96909251,.
100169,.,-1.65216227,30.38320829,.
100170,.,-2.576347653,28.9784575,.
100171,.,-2.215218905,29.32477171,.
100172,.,-1.228522111,30.43061934,.
100173,.,-2.677705853,29.80889103,.
100174,.,-2.278312514,29.75463248,.
100175,.,-2.38981960539663,29.2336594908922,.
100176,.,-2.257285149,29.91775813,.
100177,.,-1.382472537,30.27198359,.
100178,.,-2.051091193,29.45029976,.
100179,.,-2.324967626,29.62180195,.
100180,.,-2.240076445,30.47886055,.
100181,.,-2.073600617,29.48053027,.
100182,.,-2.300887087,29.3850064,.
100183,.,-2.340039887,29.86410404,.
100184,.,-2.278312514,29.75463248,.
100185,.,-2.028486935,29.45139137,.
100186,.,-2.313176951,29.65678532,.
100187,.,-2.280503251,30.4859422,.
100188,.,-1.712571465,30.32681086,.
100189,.,-2.306242803,29.73229581,.
100190,.,-2.1997259,29.2609973,.
100191,.,-2.561382211,29.02693323,.
100192,.,-1.71613792,30.49926023,.
100193,.,-2.22416140477131,29.2025547666767,.
100194,.,-2.2118045,29.4714218,.
100195,.,-1.769759482,30.39488724,.
100196,.,-2.504575272,29.51589318,.
100197,.,-2.099746441,30.53617001,.
100198,.,-2.306242803,29.73229581,.
100199,.,-2.786177704,29.60085544,.
100200,.,-2.278312514,29.75463248,.
100201,.,-2.556037,29.0119704,.
100202,.,-2.216666277,29.36337866,.
100203,.,-2.567409,29.0325978,.
100204,.,-2.717454711,29.69616315,.
100205,.,-2.335437591,29.75547153,.
100206,.,-1.268348373,30.39323538,.
100207,.,-2.524859362,29.67469595,.
100208,.,-2.28878471,29.9333249,.
100209,.,-2.132684736,29.3179564,.
100210,.,-2.240076445,30.47886055,.
100211,.,-2.523349175,28.96909251,.
100212,.,-2.148630402,29.50642536,.
100213,.,-2.294586165,29.19773248,.
100214,.,-2.39535371,29.45226658,.
100215,.,-2.509012495,29.70212933,.
100216,.,-2.677705853,29.80889103,.
100217,.,-1.727696576,30.35081567,.
100218,.,-2.471057539,29.64363525,.
100219,.,-2.545445858,28.95556325,.
100220,.,-2.121157188,29.38524946,.
100221,.,-2.263545878,29.29627658,.
100222,.,-1.997504125,29.35324059,.
100223,.,-2.263545878,29.29627658,.
100224,.,-2.280503251,30.4859422,.
100225,.,-2.235322914,29.377697,.
100226,.,-2.1807075,29.4835369,.
100227,.,-2.589701739,28.99968105,.
100228,.,-1.803506457,30.43167027,.
100229,.,-2.399466323,29.15593669,.
100230,.,-2.226273,29.5063045,.
100231,.,-2.235322914,29.377697,.
100232,.,-2.331875383,29.27810192,.
100233,.,-2.576347653,28.9784575,.
100234,.,-2.595605067,28.96284654,.
100235,.,-2.40507517228363,29.2102395859544,.
100236,.,-2.595605067,28.96284654,.
100237,.,-1.712571465,30.32681086,.
100238,.,-2.3807475,29.4435051,.
100239,.,-2.501687512,28.9257652,.
100240,.,-2.448695093,28.98859684,.
100241,.,-2.445730777,28.9589336,.
100242,.,-2.695378396,29.77633411,.
100243,.,-2.270770483,29.34864712,.
100244,.,-1.961760274,30.52697081,.
100245,.,-2.11484286954354,29.3892383158918,.
100246,.,-2.300887087,29.3850064,.
100247,.,-1.543760331,30.43086536,.
100248,.,-2.589701739,28.99968105,.
100249,.,-2.354893086,29.78441101,.
100250,.,-2.5399273,28.9620401,.
100251,.,-2.239641,29.2970421,.
100252,.,-1.9546699,29.3483249,.
100253,.,-1.769759482,30.39488724,.
100254,.,-2.523349175,28.96909251,.
100255,.,-2.300649986,29.22758363,.
100256,.,-1.691894738,30.42576515,.
100257,.,-2.071757775,30.53842554,.
100258,.,-2.595605067,28.96284654,.
100259,.,-2.695378396,29.77633411,.
100260,.,-2.448695093,28.98859684,.
100261,.,-2.298850771,29.76038385,.
100262,.,-2.501687512,28.9257652,.
100263,.,-2.549904604,29.0601406,.
100264,.,-1.69821597,30.44429062,.
100265,.,-2.278312514,29.75463248,.
100266,.,-1.922671302,29.35578202,.
100267,.,-2.2205252,29.3010109,.
100268,.,-1.922671302,29.35578202,.
100269,.,-2.083402693,29.57632458,.
100270,.,-2.278312514,29.75463248,.
100271,.,-1.681768825,30.38271799,.
100272,.,-2.561382211,29.02693323,.
100273,.,-2.257285149,29.91775813,.
100274,.,-1.776593771,30.4269636,.
100275,.,-1.691894738,30.42576515,.
100276,.,-2.3381026,29.2541227,.
100277,.,-2.37412246,29.41525336,.
100278,.,-2.545445858,28.95556325,.
100279,.,-2.545445858,28.95556325,.
100280,.,-2.344683059,29.25155319,.
100281,.,-2.471057539,29.64363525,.
100282,.,-2.440775999,29.76316856,.
100283,.,-2.010244322,29.39506657,.
100284,.,-1.820034443,30.44957108,.
100285,.,-1.382472537,30.27198359,.
100286,.,-2.549945005,29.75747839,.
100287,.,-2.132684736,29.3179564,.
100288,.,-2.595605067,28.96284654,.
100289,.,-2.604942662,28.98399748,.
100290,.,-1.32153529434343,30.306055399271,.
100291,.,-1.594008309,30.35578009,.
100292,.,-1.594008309,30.35578009,.
100293,.,-2.424939184,29.21490141,.
100294,.,-2.270770483,29.34864712,.
100295,.,-2.22292016218015,29.3998024687031,.
100296,.,-1.607238635,30.26719685,.
100297,.,-2.599641071,28.90761045,.
100298,.,-1.26452877627398,30.3639117521836,.
100299,.,-2.523349175,28.96909251,.
100300,.,-2.216666277,29.36337866,.
100301,.,-2.366996809,29.76404508,.
100302,.,-2.5340376,28.9614848,.
100303,.,-2.677705853,29.80889103,.
100304,.,-2.148630402,29.50642536,.
100305,.,-2.605939505,28.94288674,.
100306,.,-2.412544453,28.92933115,.
100307,.,-2.277875861,29.1735585,.
100308,.,-2.399466323,29.15593669,.
100309,.,-2.545445858,28.95556325,.
100310,.,-1.807904559,30.35284142,.
100311,.,-2.239021019,29.64869822,.
100312,.,-2.157591099,29.67198385,.
100313,.,-2.13378666666667,29.6835683333333,.
100314,.,-1.9564213,30.39305405,.
100315,.,-2.116948415,29.43515612,.
100316,.,-2.399466323,29.15593669,.
100317,.,-2.13080833333333,29.6503383333333,.
100318,.,-2.709779714,29.54317077,.
100319,.,-1.691894738,30.42576515,.
100320,.,-1.9564213,30.39305405,.
100321,.,-1.866372534,29.39344722,.
100322,.,-1.807904559,30.35284142,.
100323,.,-2.143280371,30.36598527,.
100324,.,-1.382472537,30.27198359,.
100325,.,-2.038196329,29.56677708,.
100326,.,-2.095417868,29.35623958,.
100327,.,-1.268348373,30.39323538,.
100328,.,-2.399466323,29.15593669,.
100329,.,-2.449983233,29.67661557,.
100330,.,-2.376127495,29.64626782,.
100331,.,-1.9564213,30.39305405,.
100332,.,-2.2184295,29.4967705,.
100333,.,-1.795746491,29.30016205,.
100334,.,-1.762952001,29.3173918,.
100335,.,-1.576885,30.3329563,.
100336,.,-2.131937592,29.69097271,.
100337,.,-1.91625299993814,29.3205714029346,.
100338,.,-1.769759482,30.39488724,.
100339,.,-2.345489808,29.08747797,.
100340,.,-1.601544721,30.3787859,.
100341,.,-2.099972252,30.63688272,.
100342,.,-2.254760415,29.93260914,.
100343,.,-2.12201333333333,29.6547933333333,.
100344,.,-2.52654797772423,29.0015483179844,.
100345,.,-1.805319005,30.32797981,.
100346,.,-1.37475602,30.24839042,.
100347,.,-2.134945119,29.6413632,.
100348,.,-2.337093234,29.93539085,.
100349,.,-2.134945119,29.6413632,.
100350,.,-1.347578258,30.25153735,.
100351,.,-1.37475602,30.24839042,.
100352,.,-2.14379,29.647895,.
100353,.,-2.616528448,28.95835238,.
100354,.,-1.3118503493411,30.3153937583104,.
100355,.,-1.762952001,29.3173918,.
100356,.,-1.42951301233351,30.2979199545891,.
100357,.,-1.31222925914479,30.269599785522,.
100358,.,-1.986564951,30.6626961,.
100359,.,-1.795746491,29.30016205,.
100360,.,-1.41573809535867,30.2976833023716,.
100361,.,-2.709779714,29.54317077,.
100362,.,-1.961760274,30.52697081,.
100363,.,-2.437761591,29.85437403,.
100364,.,-1.84536054353027,29.3809414291122,.
100365,.,-2.34371785,29.60052192,.
100366,.,-1.286204295,30.28050916,.
100367,.,-1.5972083,30.3300698,.
100368,.,-1.961760274,30.52697081,.
100369,.,-1.581869882,30.3192755,.
100370,.,-2.306946165,29.70164386,.
100371,.,-2.131937592,29.69097271,.
100372,.,-1.795746491,29.30016205,.
100373,.,-2.316367672,29.67848057,.
100374,.,-2.449983233,29.67661557,.
100375,.,-1.871330923,29.36349867,.
100376,.,-2.252654829,29.96062506,.
100377,.,-1.878716504,29.32418212,.
100378,.,-1.807904559,30.35284142,.
100379,.,-2.2220188,29.4888714,.
100380,.,-1.807904559,30.35284142,.
100381,.,-2.430801963,29.60291531,.
100382,.,-2.250716121,29.67460925,.
100383,.,-1.35794917,30.38942768,.
100384,.,-1.982422554,29.39542821,.
100385,.,-1.581869882,30.3192755,.
100386,.,-1.938354507,30.6201898,.
100387,.,-2.12175333333333,29.684695,.
100388,.,-1.878716504,29.32418212,.
100389,.,-2.34836078829284,29.1600550761995,.
100390,.,-1.382472537,30.27198359,.
100391,.,-1.832418081,29.33829844,.
100392,.,-2.399466323,29.15593669,.
100393,.,-1.94101321954267,30.6214564799432,.
100394,.,-2.131937592,29.69097271,.
100395,.,-2.134945119,29.6413632,.
100396,.,-2.2575518,29.510227,.
100397,.,-1.795746491,29.30016205,.
100398,.,-2.313176951,29.65678532,.
100399,.,-2.337093234,29.93539085,.
100400,.,-1.866372534,29.39344722,.
100401,.,-2.250716121,29.67460925,.
100402,.,-2.168445784,29.62396816,.
100403,.,-2.709779714,29.54317077,.
100404,.,-1.286204295,30.28050916,.
100405,.,-2.128674818,30.40576754,.
100406,.,-2.15357,29.6442666666667,.
100407,.,-2.709779714,29.54317077,.
100408,.,-1.268348373,30.39323538,.
100409,.,-1.286204295,30.28050916,.
100410,.,-1.938354507,30.6201898,.
100411,.,-2.356678909,29.65339191,.
100412,.,-1.9564213,30.39305405,.
100413,.,-1.268348373,30.39323538,.
100414,.,-1.942984416,30.49270365,.
100415,.,-2.437761591,29.85437403,.
100416,.,-1.904936165,29.40466305,.
100417,.,-2.437761591,29.85437403,.
100418,.,-2.464643107,29.51938788,.
100419,.,-1.803506457,30.43167027,.
100420,.,-2.242459201,29.47367293,.
100421,.,-1.801274029,29.36916349,.
100422,.,-1.874146311,29.37650541,.
100423,.,-2.337093234,29.93539085,.
100424,.,-1.230314376,30.31666589,.
100425,.,-1.893361983,29.35612552,.
100426,.,-1.35571190238137,30.2472549925418,.
100427,.,-1.805319005,30.32797981,.
100428,.,-1.893361983,29.35612552,.
100429,.,-1.957465561,29.42269136,.
100430,.,-2.151755324,29.68670208,.
100431,.,-2.367543626,29.8401231,.
100432,.,-1.568330039,30.50475452,.
100433,.,-2.337093234,29.93539085,.
100434,.,-2.6581248,29.0303875,.
100435,.,-1.84696203900961,29.3850816617078,.
100436,.,-2.2378,29.736955,.
100437,.,-1.862106142,29.3479272,.
100438,.,-1.866372534,29.39344722,.
100439,.,-1.37475602,30.24839042,.
100440,.,-1.421029478,30.29396467,.
100441,.,-2.040669144,30.52501763,.
100442,.,-2.086459307,29.40271998,.
100443,.,-1.871330923,29.36349867,.
100444,.,-2.178584351,29.49067045,.
100445,.,-1.35924680132935,30.3798510721317,.
100446,.,-1.37475602,30.24839042,.
100447,.,-1.63092078136506,30.3668549723842,.
100448,.,-2.337093234,29.93539085,.
100449,.,-2.131937592,29.69097271,.
100450,.,-1.228522111,30.43061934,.
100451,.,-2.432990013,29.675456,.
100452,.,-2.200325,29.6761133333333,.
100453,.,-2.34371785,29.60052192,.
100454,.,-1.32125679852865,30.306006939185,.
100455,.,-1.866372534,29.39344722,.
100456,.,-1.762952001,29.3173918,.
100457,.,-1.874146311,29.37650541,.
100458,.,-1.3710560485279,30.2684512220355,.
100459,.,-2.13377333333333,29.6628683333333,.
100460,.,-1.568330039,30.50475452,.
100461,.,-1.893361983,29.35612552,.
100462,.,-1.32134395668196,30.3059148261557,.
100463,.,-2.470990493,29.92141435,.
100464,.,-1.581869882,30.3192755,.
100465,.,-2.143280371,30.36598527,.
100466,.,-2.17821333333333,29.6529716666667,.
100467,.,-1.762952001,29.3173918,.
100468,.,-2.134945119,29.6413632,.
100469,.,-2.221968,29.4887185,.
100470,.,-2.239021019,29.64869822,.
100471,.,-2.16632666666667,29.6601433333333,.
100472,.,-2.306946165,29.70164386,.
100473,.,-2.6587864,29.0315427,.
100474,.,-2.470990493,29.92141435,.
100475,.,-2.530203344,29.50218057,.
100476,.,-1.790119615,29.28107563,.
100477,.,-2.437761591,29.85437403,.
100478,.,-2.131937592,29.69097271,.
100479,.,-1.268348373,30.39323538,.
100480,.,-2.376127495,29.64626782,.
100481,.,-2.313176951,29.65678532,.
100482,.,-1.657900292,30.24560253,.
100483,.,-1.893361983,29.35612552,.
100484,.,-1.32126497571602,30.3060090582518,.
100485,.,-2.20691833333333,29.6909466666667,.
100486,.,-1.985503262,30.5489292,.
100487,.,-2.221012662,29.58002401,.
100488,.,-2.480427868,29.62573333,.
100489,.,-1.938354507,30.6201898,.
100490,.,-2.178584351,29.49067045,.
100491,.,-1.70489542136512,30.3636542024744,.
100492,.,-2.26200503,29.44204143,.
100493,.,-2.2220535,29.4888279,.
100494,.,-2.178584351,29.49067045,.
100495,.,-1.938354507,30.6201898,.
100496,.,-1.30283908201927,30.2282683707423,.
100497,.,-2.12763661,30.49736776,.
100498,.,-1.803506457,30.43167027,.
100499,.,-2.598355335,29.79997862,.
100500,.,-1.982422554,29.39542821,.
100501,.,-2.376127495,29.64626782,.
100502,.,-2.202685282,29.72275703,.
100503,.,-2.22192666666667,29.646405,.
100504,.,-1.795746491,29.30016205,.
100505,.,-2.628193458,29.87139335,.
100506,.,-2.437761591,29.85437403,.
100507,.,-2.28574359,29.82740379,.
100508,.,-1.3808314,30.1666881,.
100509,.,-2.4125735632165,29.2098447259409,.
100510,.,-2.316367672,29.67848057,.
100511,.,-2.425576449,29.16766537,.
100512,.,-1.42823813116984,30.2957703405388,.
100513,.,-1.993151165,29.49112718,.
100514,.,-1.805319005,30.32797981,.
100515,.,-2.12457333333333,29.672445,.
100516,.,-2.14177166666667,29.6745516666667,.
100517,.,-2.306946165,29.70164386,.
100518,.,-1.37475602,30.24839042,.
100519,.,-1.230314376,30.31666589,.
100520,.,-2.178584351,29.49067045,.
100521,.,-2.367543626,29.8401231,.
100522,.,-2.306946165,29.70164386,.
100523,.,-1.777088497,30.35378991,.
100524,.,-1.230314376,30.31666589,.
100525,.,-2.13305166666667,29.6659483333333,.
100526,.,-1.874146311,29.37650541,.
100527,.,-2.795538127,29.55597249,.
100528,.,-1.961760274,30.52697081,.
100529,.,-1.347578258,30.25153735,.
100530,.,-2.151755324,29.68670208,.
100531,.,-1.769759482,30.39488724,.
100532,.,-2.356678909,29.65339191,.
100533,.,-1.942984416,30.49270365,.
100534,.,-2.6242857,29.0444613,.
100535,.,-2.134945119,29.6413632,.
100536,.,-2.709779714,29.54317077,.
100537,.,-2.192855,29.68324,.
100538,.,-1.777088497,30.35378991,.
100539,.,-1.938354507,30.6201898,.
100540,.,-2.20728333333333,29.661395,.
100541,.,-2.376127495,29.64626782,.
100542,.,-1.83707421,29.38269892,.
100543,.,-2.128674818,30.40576754,.
100544,.,-1.801274029,29.36916349,.
100545,.,-2.313176951,29.65678532,.
100546,.,-1.904936165,29.40466305,.
100547,.,-1.893361983,29.35612552,.
100548,.,-1.87936540283664,29.3862966170792,.
100549,.,-1.3232248,30.301565,.
100550,.,-2.167875,29.6575866666667,.
100551,.,-1.37475602,30.24839042,.
100552,.,-2.11736666666667,29.631985,.
100553,.,-1.29921263346499,30.2510729520567,.
100554,.,-2.12565333333333,29.6850133333333,.
100555,.,-1.812802743,30.48703524,.
100556,.,-2.356678909,29.65339191,.
100557,.,-1.893361983,29.35612552,.
100558,.,-1.986564951,30.6626961,.
100559,.,-2.034434819,30.56144337,.
100560,.,-2.12463166666667,29.63756,.
100561,.,-1.803506457,30.43167027,.
100562,.,-1.691894738,30.42576515,.
100563,.,-2.367543626,29.8401231,.
100564,.,-2.749705409,29.70822635,.
100565,.,-1.568330039,30.50475452,.
100566,.,-1.3751758,30.2525348,.
100567,.,-2.34371785,29.60052192,.
100568,.,-2.356678909,29.65339191,.
100569,.,-2.099972252,30.63688272,.
100570,.,-1.777088497,30.35378991,.
100571,.,-1.83707421,29.38269892,.
100572,.,-2.034434819,30.56144337,.
100573,.,-1.790119615,29.28107563,.
100574,.,-2.254760415,29.93260914,.
100575,.,-2.157591099,29.67198385,.
100576,.,-2.131937592,29.69097271,.
100577,.,-2.168445784,29.62396816,.
100578,.,-1.63156900134977,30.3682958196662,.
100579,.,-1.421029478,30.29396467,.
100580,.,-1.862106142,29.3479272,.
100581,.,-1.893361983,29.35612552,.
100582,.,-2.34371785,29.60052192,.
100583,.,-2.155328449,30.58821713,.
100584,.,-1.268348373,30.39323538,.
100585,.,-2.079501777,30.25981707,.
100586,.,-1.795746491,29.30016205,.
100587,.,-2.609550462,29.55978231,.
100588,.,-2.542626789,29.60114344,.
100589,.,-2.151755324,29.68670208,.
100590,.,-1.37475602,30.24839042,.
100591,.,-2.15651666666667,29.648665,.
100592,.,-1.942984416,30.49270365,.
100593,.,-1.893361983,29.35612552,.
100594,.,-1.3077431,30.2081756,.
100595,.,-1.228522111,30.43061934,.
100596,.,-1.691894738,30.42576515,.
100597,.,-1.543760331,30.43086536,.
100598,.,-2.134945119,29.6413632,.
100599,.,-1.94101980791605,30.6204234178669,.
100600,.,-1.347578258,30.25153735,.
100601,.,-1.832418081,29.33829844,.
100602,.,-1.38231665776039,30.2567118319116,.
100603,.,-1.543760331,30.43086536,.
100604,.,-2.313176951,29.65678532,.
100605,.,-2.62172978765647,29.8725518821711,.
100606,.,-1.878716504,29.32418212,.
100607,.,-1.776593771,30.4269636,.
100608,.,-1.904936165,29.40466305,.
100609,.,-1.268348373,30.39323538,.
100610,.,-2.15241333333333,29.6197283333333,.
100611,.,-2.465999174,28.91744216,.
100612,.,-1.874146311,29.37650541,.
100613,.,-2.709779714,29.54317077,.
100614,.,-1.832418081,29.33829844,.
100615,.,-2.14040166666667,29.6345433333333,.
100616,.,-1.762952001,29.3173918,.
100617,.,-1.7070674,30.3466995,.
100618,.,-2.11393666666667,29.6497183333333,.
100619,.,-1.957465561,29.42269136,.
100620,.,-2.254760415,29.93260914,.
100621,.,-1.874146311,29.37650541,.
100622,.,-2.46753121742717,29.8295707986885,.
100623,.,-2.2164267,29.507646,.
100624,.,-2.376127495,29.64626782,.
100625,.,-1.832418081,29.33829844,.
100626,.,-1.886816947,29.40446685,.
100627,.,-2.190388099,29.64696064,.
100628,.,-1.691894738,30.42576515,.
100629,.,-1.957465561,29.42269136,.
101214,.,-2.245217,29.2246321,.
101215,.,-2.448695093,28.98859684,.
101216,.,-2.2052561,29.4946305,.
101217,.,-2.448695093,28.98859684,.
101218,.,-2.2209879,29.4896568,.
101219,.,-2.2132243,29.5214059,.
101220,.,-2.3566075,29.4101326,.
101221,.,-2.560794,29.0282634,.
101222,.,-2.3004087,29.2762336,.
101223,.,-1.9544347,29.3349278,.
101224,.,-2.073600617,29.48053027,.
101225,.,-2.11109704436446,29.3908312899345,.
101226,.,-2.1988963,29.4920865,.
101227,.,-2.22221215814385,29.2168936797203,.
101228,.,-2.3308439,29.2460618,.
101229,.,-1.32145374426963,30.3059770227761,.
101230,.,-1.4385386,30.2568618,.
101231,.,-1.9383953,29.3426573,.
101232,.,-1.89990006896136,29.2965855090183,.
101233,.,-2.3075875,29.2506071,.
101234,.,-2.3064781,29.2476176,.
101235,.,-2.55180854665729,29.865215090606,.
101236,.,-2.60378587853411,29.8395230604151,.
101237,.,-2.4541809,29.7684804,.
101238,.,-2.63098509499858,29.8961651643994,.
101239,.,-1.90072201709039,29.2961712942319,.
101240,.,-2.302539605,30.44471795,.
101241,.,-1.63159517950666,30.3679515463417,.
101242,.,-2.27911438517377,29.421699698081,.
101243,.,-2.477144,29.2136695,.
101244,.,-2.4739856,29.2213629,.
101245,.,-2.245591,29.375578,.
101246,.,-2.302539605,30.44471795,.
101247,.,-2.2042625,29.4920162,.
101248,.,-2.23505597914775,29.2393156232847,.
101249,.,-2.5685903,29.0274474,.
101250,.,-2.073600617,29.48053027,.
101251,.,-2.55183266140633,29.864829282109,.
101252,.,-2.5969042,29.0141681,.
101253,.,-2.5645379,29.0238674,.
101254,.,-1.8786953,29.3628087,.
101255,.,-2.575044945,29.04337599,.
101256,.,-2.64844626963167,29.8932163734147,.
101257,.,-1.65216227,30.38320829,.
101258,.,-2.5642084,29.0241336,.
101259,.,-2.5605203,29.0281926,.
101260,.,-2.3428654,29.2447992,.
101261,.,-1.594008309,30.35578009,.
101262,.,-2.5246566,29.0377512,.
101263,.,-1.89970109086757,29.296338443829,.
101264,.,-2.219725286,29.29203227,.
101265,.,-2.2073961,29.4739713,.
101266,.,-2.56659651396778,29.8674143528147,.
101267,.,-1.65216227,30.38320829,.
101268,.,-2.22146121192599,29.2096057089361,.
101269,.,-2.302539605,30.44471795,.
101270,.,-2.2871637,29.2620886,.
101271,.,-2.5272492,29.037964,.
101272,.,-2.3807475,29.4435051,.
101273,.,-2.5611913,29.0274761,.
101274,.,-2.34538460455689,29.3862800207826,.
101275,.,-2.2058625,29.2865323,.
101276,.,-2.2248055,29.5062493,.
101277,.,-2.575044945,29.04337599,.
101278,.,-2.302539605,30.44471795,.
101279,.,-1.9300649,29.3772044,.
101280,.,-2.22340910903036,29.3971923958291,.
101281,.,-2.302539605,30.44471795,.
101282,.,-2.22742426454334,29.3987714956521,.
101283,.,-2.2425647,29.4653314,.
101284,.,-1.26076414428622,30.3532496170004,.
101285,.,-1.323621,30.3109364,.
101286,.,-2.38850290785085,29.2103833343352,.
101287,.,-2.32654453087528,29.408444832996,.
101288,.,-2.2073718,29.4739744,.
101289,.,-2.5615302,29.0317975,.
101290,.,-2.2925863,29.2591565,.
101291,.,-2.073600617,29.48053027,.
101292,.,-2.2396445,29.4734102,.
101293,.,-2.4541809,29.7684804,.
101294,.,-2.5389154,28.9643396,.
101295,.,-1.3786672,30.2510024,.
101296,.,-2.2268837,29.3107769,.
101297,.,-2.32396307337653,29.4112128862126,.
101298,.,-2.19171962515255,29.2767046704913,.
101299,.,-1.9438327,29.3394509,.
101300,.,-2.2343974,29.3094792,.
101301,.,-2.5660431,29.0315,.
101302,.,-2.458765937,29.3480474,.
101303,.,-2.5824112,29.0247829,.
101304,.,-2.5609562,29.0265232,.
101305,.,-1.63093401268038,30.3667970398851,.
101306,.,-2.219725286,29.29203227,.
101307,.,-2.2083869,29.4706574,.
101308,.,-2.302656553,30.36846349,.
101309,.,-1.914998,29.3762918,.
101310,.,-2.5659625,29.0325692,.
101311,.,-2.3363305,29.2573208,.
101312,.,-2.5407902,28.9622236,.
101313,.,-1.3751657,30.253256,.
101314,.,-2.202434,29.4919551,.
101315,.,-2.22935739205339,29.3979639596307,.
101316,.,-2.4774435,29.2133711,.
101317,.,-1.83793282558795,29.4060567302373,.
101318,.,-2.132684736,29.3179564,.
101319,.,-2.22350660072792,29.3971941638824,.
101320,.,-2.36765187,29.91127151,.
101321,.,-1.594008309,30.35578009,.
101322,.,-2.36765187,29.91127151,.
101323,.,-2.340039887,29.86410404,.
101324,.,-2.2293763874508,29.9328548326659,.
101325,.,-2.463429388,29.49766818,.
101326,.,-2.340039887,29.86410404,.
101327,.,-2.505899543,29.85420493,.
101328,.,-2.68107503,29.57355944,.
101329,.,-2.340039887,29.86410404,.
101330,.,-2.086459307,29.40271998,.
101331,.,-2.086459307,29.40271998,.
101332,.,-2.68107503,29.57355944,.
103281,.,-14.8797866666667,27.5272333333333,.
103282,.,-13.9296432295892,28.8938851312015,.
103283,.,-14.2911136986834,28.7724471717612,.
103284,.,-14.2911692068081,28.7719320075213,.
103285,.,-14.4047516666667,28.65293,.
103286,.,-14.3633965912303,29.0452228781306,.
103287,.,-14.2019633333333,28.729075,.
103288,.,-13.934095,29.065775,.
103289,.,-14.22518,28.755145,.
103290,.,-13.8789369425082,28.8923385474238,.
103291,.,-14.7022166666667,28.6154116666667,.
103292,.,-13.851535,28.6824183333333,.
103293,.,-13.852455,28.6813116666667,.
103294,.,-13.8593483333333,28.6807783333333,.
103295,.,-14.5438983333333,28.6527983333333,.
103296,.,-14.9149816666667,27.7670033333333,.
103297,.,-14.8239883333333,27.987605,.
103298,.,-14.8320566666667,27.98083,.
103299,.,-14.518325,28.6383016666667,.
103300,.,-14.87156,27.8856383333333,.
103301,.,-14.4602138624867,28.6888090582502,.
103302,.,-14.4574823170222,28.68545438899,.
103303,.,-13.9040731618968,28.7949127480852,.
103304,.,-14.3198981869162,28.7746803902945,.
103305,.,-13.9139266666667,29.1039416666667,.
103306,.,-14.4988099922944,28.7229251512957,.
103307,.,-14.5949566666667,28.533445,.
103308,.,-14.56291,28.7225916666667,.
103309,.,-14.5158733333333,28.721945,.
103310,.,-14.5160733333333,28.7196616666667,.
103311,.,-14.447478514525,28.8740574345783,.
103312,.,-14.8376333333333,27.9824566666667,.
103313,.,-14.435645,28.6095216666667,.
103314,.,-14.598535,28.4864566666667,.
103315,.,-14.3121713108674,28.7636620418113,.
103316,.,-13.9360883552957,29.0918946428527,.
103317,.,-13.9216154957996,28.8074528817254,.
103318,.,-13.9224263173961,28.8056377768828,.
103319,.,-13.91857,29.0907216666667,.
103320,.,-14.4677836169144,28.7104178982156,.
103321,.,-14.4679279085559,28.7101997576813,.
103322,.,-13.9180848567865,28.8233923791219,.
103323,.,-13.8829621910169,28.8422794606039,.
103324,.,-14.2968860717955,28.7256958848022,.
103325,.,-14.8953716666667,27.8988733333333,.
103326,.,-14.5016684013749,28.7215143288404,.
103327,.,-14.502538722495,28.7212415049405,.
103328,.,-14.5071833333333,28.6202016666667,.
103329,.,-13.9251124919923,28.8955892872708,.
103330,.,-14.9012616666667,27.5798433333333,.
103331,.,-13.7976133333333,28.611305,.
103332,.,-13.8325133333333,28.6215566666667,.
103333,.,-14.81708,27.9126116666667,.
103334,.,-14.2210033333333,28.7502783333333,.
103335,.,-14.41736,28.577015,.
103336,.,-14.9030416666667,27.7970383333333,.
103337,.,-14.436980357569,28.6383111486626,.
103338,.,-14.8320466666667,27.6310583333333,.
103339,.,-14.2061916666667,28.7763,.
103340,.,-14.2102566666667,28.76962,.
103341,.,-14.6389916666667,28.571525,.
103342,.,-13.9048008327746,28.8111526126679,.
103343,.,-14.2919370632166,28.7809632225968,.
103344,.,-14.6994083333333,28.5799116666667,.
103345,.,-14.81524,27.98916,.
103346,.,-14.87403,27.7735783333333,.
103347,.,-14.7239333333333,28.5754716666667,.
103348,.,-14.54291,28.6531916666667,.
103349,.,-14.209535,28.7429616666667,.
103350,.,-14.4626664917315,28.6763461009529,.
103351,.,-13.8930426834625,28.8278975594823,.
103352,.,-13.8941575883461,28.8263819145864,.
103353,.,-14.2966812678687,28.7233256312403,.
103354,.,-14.4480641,28.6651604,.
103355,.,-14.6126633333333,28.487165,.
103356,.,-14.8495933333333,27.992565,.
103357,.,-14.850665,27.7800433333333,.
103358,.,-14.848,27.77893,.
103359,.,-14.1188166666667,28.8155516666667,.
103360,.,-14.1189466666667,28.8158833333333,.
103361,.,-14.8852966666667,27.8742633333333,.
103362,.,-14.5282683333333,28.62155,.
103363,.,-14.4119533333333,28.63647,.
103364,.,-14.8812316666667,27.9012433333333,.
103365,.,-14.8757483333333,27.7716933333333,.
103366,.,-14.2185283333333,28.732605,.
103367,.,-14.80903,27.8959083333333,.
103368,.,-13.828435,28.680945,.
103369,.,-14.8319933333333,27.9806933333333,.
103370,.,-14.827725,27.9794333333333,.
103371,.,-14.2100483333333,28.7476066666667,.
103372,.,-14.497865330025,28.7247873799415,.
103373,.,-14.4968071541598,28.7216697011894,.
103374,.,-14.7402833333333,28.62278,.
103375,.,-14.6142533333333,28.4862366666667,.
103376,.,-14.7182733333333,28.5743633333333,.
103377,.,-13.9269050876043,28.8900582335019,.
103378,.,-13.9494826007354,28.814090295342,.
103379,.,-14.522745,28.57914,.
103380,.,-14.5227266666667,28.5798183333333,.
103381,.,-14.1927183333333,28.66337,.
103382,.,-14.2279633333333,28.7446,.
103383,.,-14.46723,28.6027366666667,.
103384,.,-13.9290110227429,28.8877160434198,.
103385,.,-14.437032504221,28.64140077015,.
103386,.,-14.51425,28.7214166666667,.
103387,.,-14.5213483333333,28.58175,.
103388,.,-14.9006566666667,27.58535,.
103389,.,-14.815625,27.98713,.
103390,.,-13.929108538911,29.0749487525213,.
103391,.,-14.3310295120422,28.7662784202238,.
103392,.,-13.8113083333333,28.7096033333333,.
103393,.,-13.802425,28.7165533333333,.
103394,.,-13.8032233333333,28.7158833333333,.
103395,.,-14.4372583333333,28.6419183333333,.
103396,.,-14.4385883333333,28.6425533333333,.
103397,.,-14.4690810478377,28.9663768502866,.
103398,.,-14.8563016666667,27.77587,.
103399,.,-14.8511233333333,27.7764966666667,.
103400,.,-14.8851733333333,27.8984116666667,.
103401,.,-14.88373,27.8975283333333,.
103402,.,-14.4508854831624,28.7143320041253,.
103403,.,-14.6001466666667,28.674095,.
103404,.,-14.5999433333333,28.6843216666667,.
103405,.,-14.515515,28.7142383333333,.
103406,.,-14.39161,28.6550016666667,.
103407,.,-13.9234033333333,29.10004,.
103408,.,-13.8850619257486,28.8159754402027,.
103409,.,-14.8539283333333,27.95918,.
103410,.,-14.4035333333333,28.6345683333333,.
103411,.,-14.223315,28.6605116666667,.
103412,.,-14.8786566666667,27.5283966666667,.
103413,.,-13.8796966666667,28.6969316666667,.
103414,.,-14.3217427540703,28.9707112234755,.
103415,.,-14.9143666666667,27.5497716666667,.
103416,.,-14.879545,27.8765716666667,.
103417,.,-14.8292116666667,27.6176716666667,.
103418,.,-13.8708973076602,28.8426223674558,.
103419,.,-14.4084866666667,28.5785616666667,.
103420,.,-14.5136733333333,28.60905,.
103421,.,-14.8999516666667,27.575965,.
103422,.,-14.41682,28.634645,.
103423,.,-14.4171966666667,28.6337433333333,.
103424,.,-14.817335,27.6098666666667,.
103425,.,-14.8166866666667,27.6115,.
103426,.,-14.86409,27.5616433333333,.
103427,.,-14.8609033333333,27.5630316666667,.
103428,.,-14.3978516666667,28.654915,.
103429,.,-14.2136016666667,28.7604816666667,.
103430,.,-14.4179383333333,28.6169633333333,.
103431,.,-14.519455,28.5904133333333,.
103432,.,-14.52068,28.5896383333333,.
103433,.,-14.4342626265468,28.6496957349635,.
103434,.,-14.81137,27.9154816666667,.
103435,.,-14.8347383333333,27.9844066666667,.
103436,.,-14.5074066666667,28.6791766666667,.
103437,.,-14.507025,28.6808633333333,.
103438,.,-14.3092787470568,28.7583626049429,.
103439,.,-14.8443616666667,27.9215733333333,.
103440,.,-13.8987634236048,28.8709518707446,.
103441,.,-14.5891016666667,28.5503166666667,.
103442,.,-14.8137266666667,27.9882433333333,.
103443,.,-14.2279416666667,28.7434616666667,.
103444,.,-14.2030166666667,28.6785966666667,.
103445,.,-14.40006,28.67308,.
103446,.,-14.8302,27.8984283333333,.
103447,.,-14.59779,28.5863883333333,.
103448,.,-13.9047755002584,28.7966670353163,.
103449,.,-14.57656,28.5077333333333,.
103450,.,-14.5809516666667,28.498845,.
103451,.,-13.9450966666667,29.0536716666667,.
103452,.,-14.5636466666667,28.6213533333333,.
103453,.,-14.2236716666667,28.65766,.
103454,.,-14.5625083333333,28.724485,.
103455,.,-14.4452016666667,28.600365,.
103456,.,-14.91772,27.728695,.
103457,.,-14.9080616666667,27.7553483333333,.
103458,.,-14.908565,27.75517,.
103459,.,-14.96172,27.7633566666667,.
103460,.,-14.220615,28.7525016666667,.
103461,.,-14.4644159719647,28.9654720494449,.
103462,.,-14.5380066666667,28.4650583333333,.
103463,.,-14.4790677252346,28.7228747304537,.
103464,.,-13.905857204708,28.840390149481,.
103465,.,-13.9132008223075,28.832326553845,.
103466,.,-13.8985376568036,28.8714537650411,.
103467,.,-14.3365204180499,28.7217865173833,.
103468,.,-14.11214,28.793935,.
103469,.,-14.1120416666667,28.7948466666667,.
103470,.,-14.5577216666667,28.5974933333333,.
103471,.,-13.8294516666667,28.7253416666667,.
103472,.,-14.7950766666667,27.9376566666667,.
103473,.,-14.7944316666667,27.93759,.
103474,.,-14.8735183333333,27.8717233333333,.
103475,.,-14.6011816666667,28.542595,.
103476,.,-14.6015616666667,28.542865,.
103477,.,-14.343556703994,29.0891080055998,.
103478,.,-14.834215,27.89761,.
103479,.,-14.3775999821497,28.9735164451251,.
103480,.,-14.453968320783,28.914824349827,.
103481,.,-14.587995,28.712025,.
103482,.,-14.58705,28.7124316666667,.
103483,.,-14.515315,28.6370483333333,.
103484,.,-14.8634516666667,27.96215,.
103485,.,-13.9243745779064,29.0930278916335,.
103486,.,-14.8946483333333,27.9139716666667,.
103487,.,-14.5520683333333,28.6293333333333,.
103488,.,-14.3089902002905,28.7487032475397,.
103489,.,-14.4354821031706,28.936881029873,.
103490,.,-14.4481733333333,28.6188883333333,.
103491,.,-13.9148401956096,28.8858394122471,.
103492,.,-14.8763083333333,27.8638833333333,.
103493,.,-14.227755,28.7471116666667,.
103494,.,-14.3366329523517,29.0734706159311,.
103495,.,-14.3430479601632,29.0705894185739,.
103496,.,-14.4779016666667,28.6599133333333,.
103497,.,-14.4743883333333,28.6628916666667,.
103498,.,-14.91505,27.766435,.
103499,.,-14.86242,27.88851,.
103500,.,-13.8167183333333,28.7086816666667,.
103501,.,-14.4137683333333,28.63137,.
103502,.,-14.20521,28.7166616666667,.
103503,.,-14.591905,28.534685,.
103504,.,-14.371765,28.56132,.
103505,.,-14.3842716958918,28.9481046221793,.
103506,.,-14.8688416666667,27.8667116666667,.
103507,.,-14.8912866666667,27.9176766666667,.
103508,.,-14.8410916666667,27.60918,.
103509,.,-14.4381836491706,28.6857794404785,.
103510,.,-14.4321120036216,28.9367513296189,.
103511,.,-14.2382316666667,28.73103,.
103512,.,-14.2402266666667,28.7335283333333,.
103513,.,-14.5783133333333,28.712485,.
103514,.,-14.4559421172416,28.6632528030072,.
103515,.,-14.4551900068199,28.6632186325217,.
103516,.,-13.9309559572189,28.8747429595409,.
103517,.,-14.432045,28.634605,.
103518,.,-14.4735370432643,28.7248772052172,.
103519,.,-14.87309,27.8722083333333,.
103520,.,-14.8729116666667,27.8724533333333,.
103521,.,-14.8218816666667,27.9049883333333,.
103522,.,-14.4387416666667,28.6091683333333,.
103523,.,-14.438435,28.609645,.
103524,.,-14.4415476,28.4476218,.
103525,.,-14.4415476,28.4476218,.
103526,.,-14.4308162183003,28.6950371418816,.
103527,.,-14.60377,28.4745916666667,.
103528,.,-14.40105,28.6730933333333,.
103529,.,-14.87334,27.800795,.
103530,.,-13.8722735262641,28.8715762776418,.
103531,.,-13.9502480653025,28.8255506607339,.
103532,.,-14.8448633333333,27.961315,.
103533,.,-14.9894433333333,27.6023783333333,.
103534,.,-14.2141233333333,28.6855783333333,.
103535,.,-14.2139116666667,28.6849783333333,.
103536,.,-13.9592833333333,29.0612533333333,.
103537,.,-14.51488,28.7233216666667,.
103538,.,-13.8421116666667,28.621405,.
103539,.,-14.4595047770135,28.7016502567523,.
103540,.,-14.47232,28.6635766666667,.
103541,.,-14.9952983333333,27.860665,.
103542,.,-14.2370833333333,28.7357166666667,.
103543,.,-14.8577416666667,27.5603533333333,.
103544,.,-14.3917876967308,28.9922248365639,.
103545,.,-13.9077800073324,28.8124606714411,.
103546,.,-14.227025,28.7432366666667,.
103547,.,-14.2255816666667,28.7445283333333,.
103548,.,-14.2961434201573,28.7085414565327,.
103549,.,-14.578265,28.5445866666667,.
103550,.,-14.5791133333333,28.5437,.
103551,.,-14.6179016666667,28.5455,.
103552,.,-14.9075866666667,27.5539116666667,.
103553,.,-14.906825,27.5495566666667,.
103554,.,-14.4630239249274,28.9080595350995,.
103555,.,-14.4639508833341,28.9095658478436,.
103556,.,-14.8522516666667,27.60712,.
103557,.,-14.9041766666667,27.5692583333333,.
103558,.,-14.9058083333333,27.5681816666667,.
103559,.,-14.830015,27.985575,.
103560,.,-14.2353883333333,28.7285583333333,.
103561,.,-14.491045,28.644545,.
103562,.,-14.4570396608613,28.7048924392541,.
103563,.,-14.8597733333333,27.5545083333333,.
103564,.,-14.859055,27.5543083333333,.
103565,.,-14.311980731846,28.7535185296609,.
103566,.,-14.8608816666667,27.881635,.
103567,.,-14.4641319544763,28.7254969489289,.
103568,.,-14.3610396028748,28.6837933069087,.
103569,.,-14.3851394317144,28.9508679307356,.
103570,.,-14.8722383333333,27.89012,.
103571,.,-14.2137783333333,28.7291583333333,.
103572,.,-14.592795,28.5481483333333,.
103573,.,-14.7580316666667,28.7372583333333,.
103574,.,-14.4718103461568,28.7136520673303,.
103575,.,-14.3043689809175,28.7209046224603,.
103576,.,-13.8978152236667,28.8588192714995,.
103577,.,-13.9229272599368,29.0859143595811,.
103578,.,-14.5301633333333,28.5647166666667,.
103579,.,-14.63974,28.6101666666667,.
103580,.,-14.4777279866032,28.7357168242044,.
103581,.,-14.8946583333333,27.79104,.
103582,.,-14.9894683333333,27.616985,.
103583,.,-14.862355,27.876855,.
103584,.,-14.4550737830591,28.7128408355206,.
103585,.,-14.4557037526366,28.7118489210707,.
103586,.,-14.87737,27.5633283333333,.
103587,.,-13.857055,28.6154883333333,.
103588,.,-14.9609966666667,27.7627233333333,.
103589,.,-14.4463775388979,28.6356219954043,.
103590,.,-14.5336116666667,28.5804433333333,.
103591,.,-14.866575,27.8733166666667,.
103592,.,-14.3535850742703,28.6682297315102,.
103593,.,-13.8278566666667,28.6551866666667,.
103594,.,-13.8279516666667,28.6554133333333,.
103595,.,-13.9613933333333,29.07952,.
103596,.,-14.3819708006364,29.0169486491187,.
103597,.,-14.9072183333333,27.5575533333333,.
103598,.,-14.536335,28.5833433333333,.
103599,.,-14.8346783333333,27.9779983333333,.
103600,.,-14.5481433333333,28.5804783333333,.
103601,.,-14.7231316666667,28.6228166666667,.
103602,.,-14.3694771825049,29.071534689383,.
103603,.,-14.8304083333333,27.76971,.
103604,.,-14.8310633333333,27.76827,.
103605,.,-14.22998,28.76781,.
103606,.,-14.2275433333333,28.7680683333333,.
103607,.,-13.8869900219842,28.8930205726994,.
103608,.,-14.4890731206263,28.7308477997478,.
103609,.,-14.5910016666667,28.6821216666667,.
103610,.,-14.3242556445982,28.7608492006323,.
103611,.,-14.876545,27.54394,.
103612,.,-14.87693,27.5430666666667,.
103613,.,-14.5146966666667,28.60244,.
103614,.,-14.8764233333333,27.8600666666667,.
103615,.,-13.8182666666667,28.6921216666667,.
103616,.,-14.8819966666667,27.8797233333333,.
103617,.,-13.810265,28.7100016666667,.
103618,.,-14.3150003536539,28.778818779393,.
103619,.,-14.33253774936,28.7449868759626,.
103620,.,-14.4433788083021,28.6451403438599,.
103621,.,-13.8719297946446,28.8431414615478,.
103622,.,-14.8787516666667,27.5264016666667,.
103623,.,-14.8813933333333,27.7071483333333,.
103624,.,-14.879965,27.7707583333333,.
103625,.,-14.88254,27.769635,.
103626,.,-14.1486283333333,28.76254,.
103627,.,-14.429272129031,28.6525404805373,.
103628,.,-14.4522056106599,28.7175363004383,.
103629,.,-14.5742716666667,28.6662966666667,.
103630,.,-14.574105,28.66549,.
103631,.,-13.928139066945,28.8907739738116,.
103632,.,-14.9005066666667,27.8697566666667,.
103633,.,-14.4735992980215,28.7155714712604,.
103634,.,-14.4335183333333,28.6124466666667,.
103635,.,-14.8905,27.8856216666667,.
103636,.,-14.918505,27.7892066666667,.
103637,.,-14.8463816666667,27.615075,.
103638,.,-14.90617,27.7844283333333,.
103639,.,-14.8324316666667,27.9890616666667,.
103640,.,-14.83159,27.990845,.
103641,.,-14.8393383333333,27.876985,.
103642,.,-14.3101520870712,28.7654895884742,.
103643,.,-13.825165,28.6725983333333,.
103644,.,-14.8398683333333,27.8875166666667,.
103645,.,-14.84001,27.8855516666667,.
103646,.,-14.461027547217,28.6812746728631,.
103647,.,-14.2939893357586,28.7776542988941,.
103648,.,-14.9018116666667,27.851475,.
103649,.,-14.463478448586,28.6991867533703,.
103650,.,-14.6630441,28.5405831,.
103651,.,-14.3249002770823,28.7689327204397,.
103652,.,-14.90332,27.572095,.
103653,.,-14.8856916666667,27.887465,.
103654,.,-14.8861816666667,27.8861566666667,.
103655,.,-14.8304166666667,27.9905483333333,.
103656,.,-14.7259033333333,28.6044616666667,.
103657,.,-14.4056266666667,28.63979,.
103658,.,-14.3397110178585,29.0113420951649,.
103659,.,-14.884115,27.55507,.
103660,.,-14.8912366666667,27.7728716666667,.
103661,.,-14.9092433333333,27.7246083333333,.
103662,.,-14.523155,28.583855,.
103663,.,-14.8320866666667,27.984,.
103664,.,-14.2946336540291,28.7276942433952,.
103665,.,-14.52397,28.5832166666667,.
103666,.,-14.3485882244072,29.0336736078931,.
103667,.,-14.3163245301573,28.9546186758064,.
103668,.,-14.9066966666667,27.5536383333333,.
103669,.,-14.4634730863482,28.9194607261299,.
103670,.,-14.8328133333333,27.9898916666667,.
103671,.,-14.4073366666667,28.6289883333333,.
103672,.,-13.9585666666667,29.0766166666667,.
103673,.,-14.9255833333333,27.7803916666667,.
103674,.,-14.9251866666667,27.78369,.
103675,.,-14.3355601045588,28.7877731614616,.
103676,.,-14.89993,27.7544766666667,.
103677,.,-14.6607916666667,28.6353566666667,.
103678,.,-13.866235,28.63567,.
103679,.,-14.3907313211746,29.0222259834171,.
103680,.,-14.3163498319608,28.9583037613125,.
103681,.,-14.3159998205352,28.9555586681033,.
103682,.,-13.9034058457288,28.8266457204368,.
103683,.,-13.8783074617423,28.8926934425124,.
103684,.,-13.8847233333333,28.701475,.
103685,.,-14.3900383333333,28.6057766666667,.
103686,.,-13.8102566666667,28.6658066666667,.
103687,.,-14.2356216666667,28.7204766666667,.
103688,.,-14.23552,28.7202633333333,.
103689,.,-14.487405,28.6395633333333,.
103690,.,-14.8332033333333,27.6135316666667,.
103691,.,-14.5097816666667,28.6892066666667,.
103692,.,-13.8469483333333,28.6347233333333,.
103693,.,-14.58565,28.6949583333333,.
103694,.,-14.5441516666667,28.49623,.
103695,.,-14.543865,28.4961383333333,.
103696,.,-14.577455,28.6108216666667,.
103697,.,-13.915278617824,28.8867516264873,.
103698,.,-14.926595,27.7853266666667,.
103699,.,-13.9477328238714,28.8134434647858,.
103700,.,-13.9068387166852,28.7979012291253,.
103701,.,-14.4919216666667,28.6855833333333,.
103702,.,-14.49281,28.68635,.
103703,.,-13.9162654599638,28.8851344495553,.
103704,.,-14.459088809359,28.6817231836039,.
103705,.,-14.4592715920839,28.6804888458088,.
103706,.,-14.9073316666667,27.568425,.
103707,.,-14.8542966666667,27.88337,.
103708,.,-14.2062866666667,28.7173833333333,.
103709,.,-14.4681533333333,28.576115,.
103710,.,-14.4516266666667,28.5823866666667,.
103711,.,-14.3235170527349,28.9289067480054,.
103712,.,-14.3229010069439,28.9304833031451,.
103713,.,-14.8753316666667,27.552155,.
103714,.,-14.8715466666667,27.5462533333333,.
103715,.,-13.8603216666667,28.6322716666667,.
103716,.,-14.423005012988,28.9055897298763,.
103717,.,-14.4227748944712,28.8651766629883,.
103718,.,-14.4232171221459,28.8671315147948,.
103719,.,-14.5822983333333,28.5593266666667,.
103720,.,-14.4793799277084,28.7214563166129,.
103721,.,-14.51045,28.61199,.
103722,.,-14.8755233333333,27.5648833333333,.
103723,.,-14.87645,27.5644366666667,.
103724,.,-14.7243,28.5794516666667,.
103725,.,-14.4265375143322,28.6853237192791,.
103726,.,-14.90375,27.85347,.
103727,.,-14.8627633333333,27.831115,.
103728,.,-14.4896432710765,28.716250551257,.
103729,.,-14.4884559962738,28.7162333588139,.
103730,.,-14.2180183333333,28.73923,.
103731,.,-14.4339983333333,28.6231283333333,.
103732,.,-14.2686981100058,28.6959089761586,.
103733,.,-14.7104966666667,28.619275,.
103734,.,-14.2843425628742,28.7747304010911,.
103735,.,-14.8316183333333,27.7793316666667,.
103736,.,-14.889942,27.7061509,.
103737,.,-14.8889884,27.7001317,.
103738,.,-14.4714682169344,28.6861773345658,.
103739,.,-14.41762,28.6192883333333,.
103740,.,-14.8799316666667,27.8888116666667,.
103741,.,-14.8783716666667,27.8830233333333,.
103742,.,-14.484970510131,28.7323071422129,.
103743,.,-14.4842497775471,28.7320959029961,.
103744,.,-14.432872831923,28.9362402085824,.
103745,.,-13.9263383333333,29.0781183333333,.
103746,.,-14.4470232888079,28.6513275486436,.
103747,.,-14.3105765982129,28.7575010169701,.
103748,.,-14.4848849849171,28.73835616478,.
103749,.,-14.2274483333333,28.77546,.
103750,.,-14.92886,27.77727,.
103751,.,-14.2329133333333,28.6800416666667,.
103752,.,-14.2335633333333,28.6801366666667,.
103753,.,-14.41723,28.635575,.
103754,.,-14.4171566666667,28.63538,.
103755,.,-14.9071483333333,27.8678733333333,.
103756,.,-13.8286433333333,28.6541416666667,.
103757,.,-14.9167166666667,27.57868,.
103758,.,-14.2971734720058,28.7148292838694,.
103759,.,-14.4044272949678,29.009243105136,.
103760,.,-13.9050690098721,28.7984311722097,.
103761,.,-14.4852710666242,28.7359779694489,.
103762,.,-14.223595,28.7561816666667,.
103763,.,-14.2238783333333,28.755165,.
103764,.,-14.5373633333333,28.464415,.
103765,.,-14.5377,28.46529,.
103766,.,-14.5695383333333,28.6626216666667,.
103767,.,-14.5940566666667,28.6816283333333,.
103768,.,-14.3648165136037,29.0736408315952,.
103769,.,-13.9014404298882,28.849338352045,.
103770,.,-14.1132216666667,28.8013283333333,.
103771,.,-14.1146,28.8017633333333,.
103772,.,-14.3301559592006,28.791934152099,.
103773,.,-14.3094258060088,28.7512454721705,.
103774,.,-14.6009383333333,28.6749033333333,.
103775,.,-13.8110383333333,28.7022316666667,.
103776,.,-14.81224,27.9155483333333,.
103777,.,-13.9279861334944,28.8869016035876,.
103778,.,-14.5675033333333,28.597805,.
103779,.,-14.4729633333333,28.6232016666667,.
103780,.,-14.224675,28.7529816666667,.
103781,.,-14.2963729149254,28.7024881935938,.
103782,.,-14.2960012669049,28.7028433081001,.
103783,.,-14.2202083333333,28.7243633333333,.
103784,.,-14.9236883333333,27.7838366666667,.
103785,.,-14.5589533333333,28.613095,.
103786,.,-14.830605,27.9001116666667,.
103787,.,-14.9206533333333,27.7880683333333,.
103788,.,-14.923135,27.787615,.
103789,.,-14.9041566666667,27.575995,.
103790,.,-14.515435,28.7232966666667,.
103791,.,-14.5249216666667,28.5757816666667,.
103792,.,-14.303456107071,28.752285047888,.
103793,.,-14.8151283333333,27.9135683333333,.
103794,.,-14.2155166666667,28.7633683333333,.
103795,.,-14.3436153192918,28.9275746385669,.
103796,.,-14.8783383333333,27.88642,.
103797,.,-14.1467916666667,28.7613733333333,.
103798,.,-13.9650309308402,29.0606440728642,.
103799,.,-14.3224853547129,28.7775332362846,.
103800,.,-14.8797416666667,27.8639316666667,.
103801,.,-14.2097033333333,28.76922,.
103802,.,-14.2114116666667,28.7676333333333,.
103803,.,-14.4907516666667,28.67302,.
103804,.,-14.476676444719,28.7020726857719,.
103805,.,-14.4767290293938,28.7017910788692,.
103806,.,-14.89888,27.55308,.
103807,.,-13.8083833333333,28.6641333333333,.
103808,.,-14.4858697878048,28.7328292716319,.
103809,.,-14.7044733333333,28.609165,.
103810,.,-14.9150416666667,27.57143,.
103811,.,-14.9145433333333,27.5711133333333,.
103812,.,-13.9503890244654,29.0748128939947,.
103813,.,-13.9513526487069,29.0770569345677,.
103814,.,-14.3511588914995,28.9937101386844,.
103815,.,-14.208015,28.70372,.
103816,.,-14.81192,27.89662,.
103817,.,-14.408883286292,28.9859187104189,.
103818,.,-14.4186747701735,28.9062765957394,.
103819,.,-13.921492957991,29.0860716062144,.
103820,.,-14.548665,28.563575,.
103821,.,-14.8399666666667,27.6124533333333,.
103822,.,-14.8403866666667,27.6126916666667,.
103823,.,-14.8135016666667,27.9227983333333,.
103824,.,-14.813495,27.9220966666667,.
103825,.,-13.8803533333333,28.69029,.
103826,.,-14.4179016666667,28.5817233333333,.
103827,.,-14.3104613008438,28.7502520187671,.
103828,.,-14.801685,27.9237833333333,.
103829,.,-14.8210466666667,27.9219316666667,.
103830,.,-14.5501716666667,28.609615,.
103831,.,-14.4321933333333,28.60568,.
103832,.,-13.9632399112132,29.0637884889609,.
103833,.,-13.9651411834729,29.0646295772487,.
103834,.,-14.8864016666667,27.8741216666667,.
103835,.,-14.8285116666667,27.983365,.
103836,.,-14.2072733333333,28.7204066666667,.
103837,.,-14.206805,28.72024,.
103838,.,-14.5981583333333,28.5344633333333,.
103839,.,-14.8475216666667,27.9242366666667,.
103840,.,-14.4714656316675,28.9349923600457,.
103841,.,-14.5498733333333,28.6280233333333,.
103842,.,-14.4334176347162,28.9348721645286,.
103843,.,-14.2945673044314,28.711602757971,.
103844,.,-14.8824866666667,27.9225016666667,.
103845,.,-14.8819716666667,27.9225666666667,.
103846,.,-13.9404517491736,29.0647937733653,.
103847,.,-13.9402026286546,29.0651900810351,.
103848,.,-14.5958183333333,28.5618033333333,.
103849,.,-14.41171,28.6397416666667,.
103850,.,-14.4506418919168,28.9563539213806,.
103851,.,-14.477215,28.658285,.
103852,.,-14.5517433333333,28.5946233333333,.
103853,.,-14.8720883333333,27.8734633333333,.
103854,.,-14.51682,28.7147466666667,.
103855,.,-13.80693,28.666885,.
103856,.,-14.40252,28.62457,.
103857,.,-14.4421738,28.4471962,.
103858,.,-13.9641616666667,29.0757716666667,.
103859,.,-14.853735,27.8052783333333,.
103860,.,-14.9287233333333,27.8704966666667,.
103861,.,-14.3989069456034,29.0059916045627,.
103862,.,-14.4696152946994,28.6878720255504,.
103863,.,-14.4738156918396,28.710473109426,.
103864,.,-14.3565179165692,28.9903093943236,.
103865,.,-14.4917616666667,28.682595,.
103866,.,-14.8741366666667,27.92047,.
103867,.,-14.89007,27.7751866666667,.
107351,.,-3.575199,29.991905,.
107352,.,-3.135414,29.681698,.
107353,.,-3.060813,29.649524,.
107354,.,-3.205123,29.66231,.
107355,.,-3.071005,29.593537,.
107356,.,-3.248354,29.90403,.
107357,.,-3.282547,29.598023,.
107358,.,-3.080287,29.642419,.
107359,.,-3.071005,29.593537,.
107360,.,-3.071005,29.593537,.
107361,.,-3.080375,29.656808,.
107362,.,-3.499209,29.757518,.
107363,.,-2.980576,29.728517,.
107364,.,-3.613066,29.858479,.
107365,.,-3.414653,29.741611,.
107366,.,-3.248354,29.90403,.
107367,.,-2.949685,30.042863,.
107368,.,-3.341281,29.686391,.
107369,.,-3.33375,29.649919,.
107370,.,-2.977265,29.755782,.
107371,.,-3.447076,29.703511,.
107372,.,-3.444007,30.022612,.
107373,.,-3.266712,29.70303,.
107374,.,-3.575199,29.991905,.
107375,.,-3.306334,29.6313,.
107376,.,-3.444007,30.022612,.
107377,.,-3.188165,29.742631,.
107378,.,-3.323196,29.627308,.
107379,.,-3.414653,29.741611,.
107380,.,-3.149008,29.721092,.
107381,.,-2.709894,29.988037,.
107382,.,-3.280434,29.699084,.
107383,.,-2.977867,30.032986,.
107384,.,-3.248354,29.90403,.
107385,.,-3.282547,29.598023,.
107386,.,-3.287916,29.828658,.
107387,.,-3.575199,29.991905,.
107388,.,-3.220614,29.775282,.
107389,.,-3.202045,29.818913,.
107390,.,-3.080287,29.642419,.
107391,.,-2.709894,29.988037,.
107392,.,-3.447076,29.703511,.
107393,.,-3.080375,29.656808,.
107394,.,-3.311148,29.742636,.
107395,.,-3.250139,29.776901,.
107396,.,-3.628813,29.85575,.
107397,.,-2.977867,30.032986,.
107398,.,-3.149008,29.721092,.
107399,.,-3.617272,30.010641,.
107400,.,-2.815253,29.76824,.
107401,.,-3.601924,29.964565,.
107402,.,-3.613066,29.858479,.
107403,.,-3.360133,29.810409,.
107404,.,-2.949685,30.042863,.
107405,.,-3.571926,29.941857,.
107406,.,-3.344254,29.966774,.
107407,.,-3.766946,29.869199,.
107408,.,-3.766946,29.869199,.
107409,.,-3.508597,29.774928,.
107410,.,-3.628813,29.85575,.
107411,.,-3.447076,29.703511,.
107412,.,-3.135414,29.681698,.
107413,.,-3.414653,29.741611,.
107414,.,-3.229366,29.691696,.
107415,.,-3.422388,30.001031,.
107416,.,-2.900171,30.06282,.
107417,.,-3.571926,29.941857,.
107418,.,-3.641287,29.982819,.
107419,.,-3.444007,30.022612,.
107420,.,-2.842923,29.964927,.
107421,.,-3.229366,29.691696,.
107422,.,-2.842923,29.964927,.
107423,.,-3.447076,29.703511,.
107424,.,-3.344254,29.966774,.
107425,.,-3.337276,29.901517,.
107426,.,-3.080375,29.656808,.
107427,.,-3.287916,29.828658,.
107428,.,-3.311148,29.742636,.
107429,.,-3.220614,29.775282,.
107430,.,-3.282547,29.598023,.
107431,.,-3.205123,29.66231,.
107432,.,-3.229366,29.691696,.
107433,.,-3.060813,29.649524,.
107434,.,-3.060813,29.649524,.
107435,.,-3.40862,29.822368,.
107436,.,-3.071005,29.593537,.
107437,.,-3.060813,29.649524,.
107438,.,-3.249151,29.67431,.
107439,.,-3.457642,29.788585,.
107440,.,-2.809697,29.794277,.
107441,.,-3.344254,29.966774,.
107442,.,-3.080375,29.656808,.
107443,.,-3.135414,29.681698,.
107444,.,-3.414653,29.741611,.
107445,.,-2.977867,30.032986,.
107446,.,-3.601924,29.964565,.
107447,.,-3.060813,29.649524,.
107448,.,-3.360133,29.810409,.
107449,.,-3.311148,29.742636,.
107450,.,-3.383403,29.829961,.
107451,.,-3.287916,29.828658,.
107452,.,-3.360133,29.810409,.
107453,.,-3.33375,29.649919,.
107454,.,-3.114137,29.66123,.
107455,.,-3.571926,29.941857,.
107456,.,-2.980576,29.728517,.
107457,.,-3.444007,30.022612,.
107458,.,-3.071005,29.593537,.
107459,.,-3.306334,29.6313,.
107460,.,-3.114137,29.66123,.
107461,.,-3.422388,30.001031,.
107462,.,-2.963256,29.722353,.
107463,.,-3.149008,29.721092,.
107464,.,-3.559745,29.997807,.
107465,.,-3.306334,29.6313,.
107466,.,-2.977265,29.755782,.
107467,.,-2.815253,29.76824,.
107468,.,-3.287916,29.828658,.
107469,.,-2.977265,29.755782,.
107470,.,-2.980576,29.728517,.
107471,.,-3.080287,29.642419,.
107472,.,-3.080578,29.596984,.
107473,.,-3.250139,29.776901,.
107474,.,-3.73605,29.887975,.
107475,.,-3.383403,29.829961,.
107476,.,-3.080287,29.642419,.
107477,.,-3.383403,29.829961,.
107478,.,-3.248354,29.90403,.
107479,.,-2.949685,30.042863,.
107480,.,-3.149008,29.721092,.
107481,.,-3.220614,29.775282,.
107482,.,-3.559745,29.997807,.
107483,.,-3.447076,29.703511,.
107484,.,-3.229723,29.675796,.
107485,.,-3.360133,29.810409,.
107486,.,-3.114137,29.66123,.
107487,.,-3.499209,29.757518,.
107488,.,-3.406684,29.713059,.
107489,.,-3.406684,29.713059,.
107490,.,-3.422388,30.001031,.
107491,.,-3.228746,29.717134,.
107492,.,-3.628813,29.85575,.
107493,.,-3.738593,29.86166,.
107494,.,-3.499209,29.757518,.
107495,.,-3.149008,29.721092,.
107496,.,-3.149008,29.721092,.
107497,.,-3.73605,29.887975,.
107498,.,-3.188165,29.742631,.
107499,.,-3.33375,29.649919,.
107500,.,-3.766946,29.869199,.
107501,.,-2.977265,29.755782,.
107502,.,-3.114137,29.66123,.
107503,.,-2.977867,30.032986,.
107504,.,-3.114137,29.66123,.
107505,.,-3.306334,29.6313,.
107506,.,-3.444007,30.022612,.
107507,.,-3.228746,29.717134,.
107508,.,-3.738593,29.86166,.
107509,.,-3.508597,29.774928,.
107510,.,-3.575199,29.991905,.
107511,.,-3.080287,29.642419,.
107512,.,-3.360133,29.810409,.
107513,.,-3.306334,29.6313,.
107514,.,-3.571926,29.941857,.
107515,.,-3.080287,29.642419,.
107516,.,-3.080375,29.656808,.
107517,.,-3.337977,29.628271,.
107518,.,-3.114137,29.66123,.
107519,.,-3.287916,29.828658,.
107520,.,-3.114137,29.66123,.
107521,.,-3.251364,29.706682,.
107522,.,-3.080578,29.596984,.
107523,.,-3.447076,29.703511,.
107524,.,-3.080375,29.656808,.
107525,.,-2.842923,29.964927,.
107526,.,-3.248354,29.90403,.
107527,.,-2.806248,29.967598,.
107528,.,-3.316273,29.961812,.
107529,.,-3.575199,29.991905,.
107530,.,-3.766946,29.869199,.
107531,.,-3.246224,29.846898,.
107532,.,-3.282547,29.598023,.
107533,.,-3.202045,29.818913,.
107534,.,-3.738593,29.86166,.
107535,.,-3.311148,29.742636,.
107536,.,-3.644277,29.870391,.
107537,.,-3.457642,29.788585,.
107538,.,-3.249151,29.67431,.
107539,.,-2.82646,29.979743,.
107540,.,-3.644277,29.870391,.
107541,.,-3.205123,29.66231,.
107542,.,-3.738593,29.86166,.
107543,.,-3.337977,29.628271,.
107544,.,-3.229723,29.675796,.
107545,.,-3.571926,29.941857,.
107546,.,-3.575199,29.991905,.
107547,.,-3.306334,29.6313,.
107548,.,-3.766946,29.869199,.
107549,.,-3.499209,29.757518,.
107550,.,-3.344254,29.966774,.
107551,.,-3.40862,29.822368,.
107552,.,-3.282547,29.598023,.
107553,.,-3.404226,30.019462,.
107554,.,-3.447076,29.703511,.
107555,.,-3.613066,29.858479,.
107556,.,-3.447076,29.703511,.
107557,.,-3.295556,29.73674,.
107558,.,-2.949685,30.042863,.
107559,.,-3.229366,29.691696,.
107560,.,-3.641287,29.982819,.
107561,.,-3.613066,29.858479,.
107562,.,-3.766946,29.869199,.
107563,.,-3.323196,29.627308,.
107564,.,-3.613066,29.858479,.
107565,.,-3.248354,29.90403,.
107566,.,-3.73605,29.887975,.
107567,.,-3.149008,29.721092,.
107568,.,-2.82646,29.979743,.
107569,.,-2.842923,29.964927,.
107570,.,-3.508597,29.774928,.
107571,.,-3.447076,29.703511,.
107572,.,-3.323196,29.627308,.
107573,.,-3.601924,29.964565,.
107574,.,-3.306334,29.6313,.
107575,.,-3.080375,29.656808,.
107576,.,-3.766946,29.869199,.
107577,.,-3.205123,29.66231,.
107578,.,-2.977867,30.032986,.
107579,.,-3.499209,29.757518,.
107580,.,-3.344254,29.966774,.
107581,.,-3.295556,29.73674,.
107582,.,-3.738593,29.86166,.
107583,.,-3.575199,29.991905,.
107584,.,-3.360133,29.810409,.
107585,.,-3.114137,29.66123,.
107586,.,-3.641287,29.982819,.
107587,.,-2.949685,30.042863,.
107588,.,-3.447076,29.703511,.
107589,.,-2.977867,30.032986,.
107590,.,-3.202045,29.818913,.
107591,.,-3.447076,29.703511,.
107592,.,-3.248354,29.90403,.
107593,.,-3.406684,29.713059,.
107594,.,-3.188165,29.742631,.
107595,.,-3.071005,29.593537,.
107596,.,-3.287916,29.828658,.
107597,.,-3.228746,29.717134,.
107598,.,-3.249151,29.67431,.
107599,.,-3.228746,29.717134,.
107600,.,-2.815253,29.76824,.
107601,.,-3.571926,29.941857,.
107602,.,-3.406684,29.713059,.
107603,.,-3.282547,29.598023,.
107604,.,-3.444007,30.022612,.
107605,.,-3.457642,29.788585,.
107606,.,-3.071005,29.593537,.
107607,.,-3.766946,29.869199,.
107608,.,-3.287916,29.828658,.
107609,.,-3.360133,29.810409,.
107610,.,-3.250139,29.776901,.
107611,.,-3.229366,29.691696,.
107612,.,-3.178339,29.893879,.
107613,.,-3.316127,29.695475,.
107614,.,-2.82646,29.979743,.
107615,.,-3.641287,29.982819,.
107616,.,-3.251364,29.706682,.
107617,.,-3.641287,29.982819,.
107618,.,-3.641287,29.982819,.
107619,.,-3.282547,29.598023,.
107620,.,-3.738593,29.86166,.
107621,.,-3.641287,29.982819,.
107622,.,-3.406684,29.713059,.
107623,.,-3.644277,29.870391,.
107624,.,-3.220614,29.775282,.
107625,.,-3.406684,29.713059,.
107626,.,-3.73605,29.887975,.
107627,.,-3.40862,29.822368,.
107628,.,-3.220614,29.775282,.
107629,.,-3.766946,29.869199,.
107630,.,-2.806248,29.967598,.
107631,.,-3.738593,29.86166,.
107632,.,-3.766946,29.869199,.
107633,.,-3.406684,29.713059,.
107634,.,-3.114137,29.66123,.
107635,.,-3.422388,30.001031,.
107636,.,-3.414653,29.741611,.
107637,.,-3.114137,29.66123,.
107638,.,-3.559745,29.997807,.
107639,.,-3.738593,29.86166,.
107640,.,-3.641287,29.982819,.
107641,.,-3.228746,29.717134,.
107642,.,-3.414653,29.741611,.
107643,.,-3.060813,29.649524,.
107644,.,-3.248354,29.90403,.
107645,.,-3.73605,29.887975,.
107646,.,-2.806248,29.967598,.
107647,.,-3.641287,29.982819,.
107648,.,-3.414653,29.741611,.
107649,.,-3.617272,30.010641,.
107650,.,-3.27188,29.740632,.
107651,.,-3.246224,29.846898,.
107652,.,-3.40862,29.822368,.
107653,.,-3.188165,29.742631,.
107654,.,-3.628813,29.85575,.
107655,.,-3.178339,29.893879,.
107656,.,-3.738593,29.86166,.
107657,.,-3.251364,29.706682,.
107658,.,-3.114137,29.66123,.
107659,.,-3.287916,29.828658,.
107660,.,-3.060813,29.649524,.
107661,.,-3.617272,30.010641,.
107662,.,-3.178339,29.893879,.
107663,.,-3.280434,29.699084,.
107664,.,-3.178339,29.893879,.
107665,.,-3.617272,30.010641,.
107666,.,-3.344254,29.966774,.
107667,.,-3.447076,29.703511,.
107668,.,-3.508597,29.774928,.
107669,.,-3.404226,30.019462,.
107670,.,-2.806248,29.967598,.
107671,.,-3.266712,29.70303,.
107672,.,-2.842923,29.964927,.
107673,.,-3.404226,30.019462,.
107674,.,-3.641287,29.982819,.
107675,.,-3.251364,29.706682,.
107676,.,-3.617272,30.010641,.
107677,.,-2.980576,29.728517,.
107678,.,-2.709894,29.988037,.
107679,.,-3.149008,29.721092,.
107680,.,-3.444007,30.022612,.
107681,.,-3.229366,29.691696,.
107682,.,-3.135414,29.681698,.
107683,.,-3.601924,29.964565,.
107684,.,-3.114137,29.66123,.
107685,.,-3.306334,29.6313,.
107686,.,-3.316127,29.695475,.
107687,.,-3.447076,29.703511,.
107688,.,-3.422388,30.001031,.
107689,.,-3.571926,29.941857,.
107690,.,-3.311148,29.742636,.
107691,.,-3.628813,29.85575,.
107692,.,-3.447076,29.703511,.
107693,.,-3.337276,29.901517,.
107694,.,-2.977867,30.032986,.
107695,.,-2.900171,30.06282,.
107696,.,-3.280434,29.699084,.
107697,.,-3.40862,29.822368,.
107698,.,-3.337276,29.901517,.
107699,.,-3.406684,29.713059,.
107700,.,-3.280434,29.699084,.
107701,.,-3.246224,29.846898,.
107702,.,-3.250139,29.776901,.
107703,.,-3.060813,29.649524,.
107704,.,-3.571926,29.941857,.
107705,.,-3.337977,29.628271,.
107706,.,-3.360133,29.810409,.
107707,.,-3.617272,30.010641,.
107708,.,-3.311148,29.742636,.
107709,.,-3.337977,29.628271,.
107710,.,-3.617272,30.010641,.
107711,.,-3.447076,29.703511,.
107712,.,-3.617272,30.010641,.
107713,.,-3.617272,30.010641,.
107714,.,-2.980576,29.728517,.
107715,.,-3.414653,29.741611,.
107716,.,-3.575199,29.991905,.
107717,.,-3.251364,29.706682,.
107718,.,-3.422388,30.001031,.
107719,.,-3.575199,29.991905,.
107720,.,-3.575199,29.991905,.
107721,.,-3.73605,29.887975,.
107722,.,-3.080375,29.656808,.
107723,.,-3.641287,29.982819,.
107724,.,-3.071005,29.593537,.
107725,.,-3.337977,29.628271,.
107726,.,-3.188165,29.742631,.
107727,.,-3.080578,29.596984,.
107728,.,-3.266712,29.70303,.
107729,.,-3.149008,29.721092,.
107730,.,-3.220614,29.775282,.
107731,.,-3.149008,29.721092,.
107732,.,-3.575199,29.991905,.
107733,.,-3.341281,29.686391,.
107734,.,-3.571926,29.941857,.
107735,.,-3.404226,30.019462,.
107736,.,-3.341281,29.686391,.
107737,.,-3.229366,29.691696,.
107738,.,-3.444007,30.022612,.
107739,.,-3.508597,29.774928,.
107740,.,-3.571926,29.941857,.
107741,.,-3.499209,29.757518,.
107742,.,-3.571926,29.941857,.
107743,.,-3.738593,29.86166,.
107744,.,-3.571926,29.941857,.
107745,.,-3.33375,29.649919,.
107746,.,-3.251364,29.706682,.
107747,.,-3.738593,29.86166,.
107748,.,-3.738593,29.86166,.
107749,.,-3.628813,29.85575,.
107750,.,-3.080578,29.596984,.
107751,.,-3.738593,29.86166,.
107752,.,-3.575199,29.991905,.
107753,.,-3.601924,29.964565,.
107754,.,-3.295556,29.73674,.
107755,.,-3.202045,29.818913,.
107756,.,-3.628813,29.85575,.
107757,.,-2.977265,29.755782,.
107758,.,-3.337276,29.901517,.
107759,.,-3.40862,29.822368,.
107760,.,-3.071005,29.593537,.
107761,.,-3.311148,29.742636,.
107762,.,-3.202045,29.818913,.
107763,.,-3.766946,29.869199,.
107764,.,-3.080287,29.642419,.
107765,.,-3.229366,29.691696,.
107766,.,-3.447076,29.703511,.
107767,.,-3.617272,30.010641,.
107768,.,-3.404226,30.019462,.
107769,.,-3.27188,29.740632,.
107770,.,-2.815253,29.76824,.
107771,.,-3.73605,29.887975,.
107772,.,-3.508597,29.774928,.
107773,.,-3.287916,29.828658,.
107774,.,-2.815253,29.76824,.
107775,.,-3.27188,29.740632,.
107776,.,-3.575199,29.991905,.
107777,.,-3.508597,29.774928,.
107778,.,-3.287916,29.828658,.
107779,.,-3.228746,29.717134,.
107780,.,-3.178339,29.893879,.
107781,.,-2.977867,30.032986,.
107782,.,-3.220614,29.775282,.
107783,.,-3.508597,29.774928,.
107784,.,-3.414653,29.741611,.
107785,.,-3.508597,29.774928,.
107786,.,-3.559745,29.997807,.
107787,.,-3.228746,29.717134,.
107788,.,-3.27188,29.740632,.
107789,.,-2.800795,29.774747,.
107790,.,-3.404226,30.019462,.
107791,.,-3.508597,29.774928,.
107792,.,-3.248354,29.90403,.
107793,.,-3.316273,29.961812,.
107794,.,-3.447076,29.703511,.
107795,.,-3.202045,29.818913,.
107796,.,-3.404226,30.019462,.
107797,.,-3.457642,29.788585,.
107798,.,-3.280434,29.699084,.
107799,.,-3.738593,29.86166,.
107800,.,-3.383403,29.829961,.
107801,.,-3.644277,29.870391,.
107802,.,-2.842923,29.964927,.
107803,.,-3.559745,29.997807,.
107804,.,-3.249151,29.67431,.
107805,.,-3.27188,29.740632,.
107806,.,-3.422388,30.001031,.
107807,.,-3.414653,29.741611,.
107808,.,-3.280434,29.699084,.
107809,.,-3.248354,29.90403,.
107810,.,-3.457642,29.788585,.
107811,.,-3.323196,29.627308,.
107812,.,-3.444007,30.022612,.
107813,.,-3.559745,29.997807,.
107814,.,-3.406684,29.713059,.
107815,.,-3.360133,29.810409,.
107816,.,-2.82646,29.979743,.
107817,.,-2.980576,29.728517,.
107818,.,-3.559745,29.997807,.
107819,.,-3.080375,29.656808,.
107820,.,-3.559745,29.997807,.
107821,.,-3.149008,29.721092,.
107822,.,-3.601924,29.964565,.
107823,.,-3.202045,29.818913,.
107824,.,-2.949685,30.042863,.
107825,.,-3.33375,29.649919,.
107826,.,-3.246224,29.846898,.
107827,.,-3.766946,29.869199,.
107828,.,-3.628813,29.85575,.
107829,.,-3.202045,29.818913,.
107830,.,-3.246224,29.846898,.
107831,.,-3.250139,29.776901,.
107832,.,-3.766946,29.869199,.
107833,.,-3.617272,30.010641,.
107834,.,-3.337276,29.901517,.
107835,.,-3.508597,29.774928,.
107836,.,-3.73605,29.887975,.
107837,.,-3.149008,29.721092,.
107838,.,-3.40862,29.822368,.
107839,.,-3.220614,29.775282,.
107840,.,-3.383403,29.829961,.
107841,.,-2.977867,30.032986,.
107842,.,-3.188165,29.742631,.
107843,.,-3.40862,29.822368,.
107844,.,-3.422388,30.001031,.
107845,.,-3.575199,29.991905,.
107846,.,-3.248354,29.90403,.
107847,.,-3.188165,29.742631,.
107848,.,-3.628813,29.85575,.
107849,.,-3.27188,29.740632,.
107850,.,-3.060813,29.649524,.
107851,.,-3.575199,29.991905,.
107852,.,-3.40862,29.822368,.
107853,.,-3.738593,29.86166,.
107854,.,-3.628813,29.85575,.
107855,.,-3.628813,29.85575,.
107856,.,-3.508597,29.774928,.
107857,.,-3.40862,29.822368,.
107858,.,-3.27188,29.740632,.
107859,.,-3.135414,29.681698,.
107860,.,-3.337977,29.628271,.
107861,.,-3.406684,29.713059,.
107862,.,-3.613066,29.858479,.
107863,.,-3.249151,29.67431,.
107864,.,-3.575199,29.991905,.
107865,.,-3.266712,29.70303,.
107866,.,-3.287916,29.828658,.
107867,.,-3.228746,29.717134,.
107868,.,-3.613066,29.858479,.
107869,.,-3.266712,29.70303,.
107870,.,-2.977867,30.032986,.
107871,.,-3.575199,29.991905,.
107872,.,-2.900171,30.06282,.
107873,.,-3.229723,29.675796,.
107874,.,-3.337276,29.901517,.
107875,.,-3.738593,29.86166,.
107876,.,-3.249151,29.67431,.
107877,.,-2.809697,29.794277,.
107878,.,-3.246224,29.846898,.
107879,.,-3.282547,29.598023,.
107880,.,-3.414653,29.741611,.
107881,.,-3.316127,29.695475,.
107882,.,-3.628813,29.85575,.
107883,.,-3.248354,29.90403,.
107884,.,-3.444007,30.022612,.
107885,.,-3.311148,29.742636,.
107886,.,-3.220614,29.775282,.
107887,.,-3.337276,29.901517,.
107888,.,-3.766946,29.869199,.
107889,.,-3.311148,29.742636,.
107890,.,-3.337977,29.628271,.
107891,.,-3.344254,29.966774,.
107892,.,-2.900171,30.06282,.
107893,.,-3.617272,30.010641,.
107894,.,-3.316273,29.961812,.
107895,.,-3.559745,29.997807,.
107896,.,-3.229723,29.675796,.
107897,.,-3.250139,29.776901,.
107898,.,-3.360133,29.810409,.
107899,.,-3.248354,29.90403,.
107900,.,-3.422388,30.001031,.
107901,.,-3.414653,29.741611,.
107902,.,-3.73605,29.887975,.
107903,.,-3.229723,29.675796,.
107904,.,-3.229723,29.675796,.
107905,.,-3.337276,29.901517,.
107906,.,-3.096381,29.615023,.
107907,.,-3.220614,29.775282,.
107908,.,-3.149008,29.721092,.
107909,.,-2.963256,29.722353,.
107910,.,-3.220614,29.775282,.
107911,.,-3.246224,29.846898,.
107912,.,-3.220614,29.775282,.
107913,.,-3.295556,29.73674,.
107914,.,-3.444007,30.022612,.
107915,.,-3.251364,29.706682,.
107916,.,-3.266712,29.70303,.
107917,.,-3.248354,29.90403,.
107918,.,-3.73605,29.887975,.
107919,.,-3.414653,29.741611,.
107920,.,-3.080578,29.596984,.
107921,.,-3.220614,29.775282,.
107922,.,-3.628813,29.85575,.
107923,.,-3.246224,29.846898,.
107924,.,-3.188165,29.742631,.
107925,.,-3.628813,29.85575,.
107926,.,-3.060813,29.649524,.
107927,.,-3.114137,29.66123,.
107928,.,-3.508597,29.774928,.
107929,.,-3.178339,29.893879,.
107930,.,-2.815253,29.76824,.
107931,.,-3.559745,29.997807,.
107932,.,-2.949685,30.042863,.
107933,.,-2.800795,29.774747,.
107934,.,-3.644277,29.870391,.
107935,.,-3.575199,29.991905,.
107936,.,-3.220614,29.775282,.
107937,.,-3.316273,29.961812,.
107938,.,-2.842923,29.964927,.
107939,.,-2.977265,29.755782,.
107940,.,-3.40862,29.822368,.
107941,.,-3.644277,29.870391,.
107942,.,-3.628813,29.85575,.
107943,.,-3.40862,29.822368,.
107944,.,-3.73605,29.887975,.
107945,.,-3.295556,29.73674,.
107946,.,-2.977867,30.032986,.
107947,.,-3.644277,29.870391,.
107948,.,-2.977867,30.032986,.
107949,.,-3.508597,29.774928,.
107950,.,-3.295556,29.73674,.
107951,.,-3.27188,29.740632,.
107952,.,-3.248354,29.90403,.
107953,.,-3.250139,29.776901,.
107954,.,-3.337276,29.901517,.
107955,.,-2.709894,29.988037,.
107956,.,-3.766946,29.869199,.
107957,.,-3.246224,29.846898,.
107958,.,-3.248354,29.90403,.
107959,.,-3.40862,29.822368,.
107960,.,-2.815253,29.76824,.
107961,.,-3.628813,29.85575,.
107962,.,-3.414653,29.741611,.
107963,.,-3.644277,29.870391,.
107964,.,-3.337276,29.901517,.
107965,.,-2.800795,29.774747,.
107966,.,-3.641287,29.982819,.
107967,.,-2.949685,30.042863,.
107968,.,-3.266712,29.70303,.
107969,.,-3.266712,29.70303,.
107970,.,-2.977867,30.032986,.
107971,.,-2.963256,29.722353,.
107972,.,-2.949685,30.042863,.
107973,.,-2.806248,29.967598,.
107974,.,-3.444007,30.022612,.
107975,.,-3.575199,29.991905,.
107976,.,-3.559745,29.997807,.
107977,.,-3.251364,29.706682,.
107978,.,-2.949685,30.042863,.
107979,.,-3.229366,29.691696,.
107980,.,-3.601924,29.964565,.
107981,.,-3.080375,29.656808,.
107982,.,-3.287916,29.828658,.
107983,.,-3.311148,29.742636,.
107984,.,-3.644277,29.870391,.
107985,.,-3.202045,29.818913,.
107986,.,-3.280434,29.699084,.
107987,.,-3.337977,29.628271,.
107988,.,-3.178339,29.893879,.
107989,.,-3.149008,29.721092,.
107990,.,-3.323196,29.627308,.
107991,.,-3.295556,29.73674,.
107992,.,-3.282547,29.598023,.
107993,.,-3.73605,29.887975,.
107994,.,-3.229366,29.691696,.
107995,.,-3.229366,29.691696,.
107996,.,-3.644277,29.870391,.
107997,.,-3.344254,29.966774,.
107998,.,-3.229366,29.691696,.
107999,.,-3.422388,30.001031,.
108000,.,-3.404226,30.019462,.
108001,.,-3.559745,29.997807,.
108002,.,-3.641287,29.982819,.
108003,.,-3.188165,29.742631,.
108004,.,-3.508597,29.774928,.
108005,.,-3.229366,29.691696,.
108006,.,-3.080375,29.656808,.
108007,.,-3.644277,29.870391,.
108008,.,-3.559745,29.997807,.
108009,.,-3.249151,29.67431,.
108010,.,-3.337276,29.901517,.
108011,.,-3.337276,29.901517,.
108012,.,-3.404226,30.019462,.
108013,.,-3.337276,29.901517,.
108014,.,-3.249151,29.67431,.
108015,.,-3.295556,29.73674,.
108016,.,-3.404226,30.019462,.
108017,.,-2.800795,29.774747,.
108018,.,-3.422388,30.001031,.
108019,.,-2.949685,30.042863,.
108020,.,-3.644277,29.870391,.
108021,.,-3.383403,29.829961,.
108022,.,-3.071005,29.593537,.
108023,.,-2.977867,30.032986,.
108024,.,-3.287916,29.828658,.
108025,.,-3.444007,30.022612,.
108026,.,-3.250139,29.776901,.
108027,.,-3.613066,29.858479,.
108028,.,-3.559745,29.997807,.
108029,.,-3.229366,29.691696,.
108030,.,-3.248354,29.90403,.
108031,.,-3.508597,29.774928,.
108032,.,-3.228746,29.717134,.
108033,.,-3.406684,29.713059,.
108034,.,-3.251364,29.706682,.
108035,.,-3.414653,29.741611,.
108036,.,-3.644277,29.870391,.
108037,.,-3.323196,29.627308,.
108038,.,-3.559745,29.997807,.
108039,.,-3.613066,29.858479,.
108040,.,-2.963256,29.722353,.
108041,.,-3.229723,29.675796,.
108042,.,-3.205123,29.66231,.
108043,.,-3.601924,29.964565,.
108044,.,-3.641287,29.982819,.
108045,.,-3.617272,30.010641,.
108046,.,-3.135414,29.681698,.
108047,.,-3.628813,29.85575,.
108048,.,-3.250139,29.776901,.
108049,.,-3.071005,29.593537,.
108050,.,-3.575199,29.991905,.
108051,.,-3.766946,29.869199,.
108052,.,-3.188165,29.742631,.
108053,.,-3.628813,29.85575,.
108054,.,-3.205123,29.66231,.
108055,.,-3.641287,29.982819,.
108056,.,-3.337276,29.901517,.
108057,.,-3.220614,29.775282,.
108058,.,-2.900171,30.06282,.
108059,.,-3.188165,29.742631,.
108060,.,-3.575199,29.991905,.
108061,.,-3.404226,30.019462,.
108062,.,-3.096381,29.615023,.
108063,.,-3.205123,29.66231,.
108064,.,-3.266712,29.70303,.
108065,.,-3.135414,29.681698,.
108066,.,-3.228746,29.717134,.
108067,.,-3.337276,29.901517,.
108068,.,-3.249151,29.67431,.
108069,.,-3.444007,30.022612,.
108070,.,-3.249151,29.67431,.
108071,.,-3.251364,29.706682,.
108072,.,-3.601924,29.964565,.
108073,.,-3.080287,29.642419,.
108074,.,-3.641287,29.982819,.
108075,.,-3.246224,29.846898,.
108076,.,-3.457642,29.788585,.
108077,.,-3.249151,29.67431,.
108078,.,-3.188165,29.742631,.
108079,.,-2.800795,29.774747,.
108080,.,-2.709894,29.988037,.
108081,.,-3.613066,29.858479,.
108082,.,-3.447076,29.703511,.
108083,.,-3.613066,29.858479,.
108084,.,-3.341281,29.686391,.
108085,.,-3.422388,30.001031,.
108086,.,-3.457642,29.788585,.
108087,.,-3.341281,29.686391,.
108088,.,-3.266712,29.70303,.
108089,.,-3.422388,30.001031,.
108090,.,-3.060813,29.649524,.
108091,.,-3.422388,30.001031,.
108092,.,-3.251364,29.706682,.
108093,.,-3.613066,29.858479,.
108094,.,-3.422388,30.001031,.
108095,.,-3.27188,29.740632,.
108096,.,-3.33375,29.649919,.
108097,.,-3.613066,29.858479,.
108098,.,-3.280434,29.699084,.
108099,.,-3.766946,29.869199,.
108100,.,-2.977265,29.755782,.
108101,.,-3.27188,29.740632,.
108102,.,-3.306334,29.6313,.
108103,.,-2.900171,30.06282,.
108104,.,-3.080578,29.596984,.
108105,.,-3.178339,29.893879,.
108106,.,-3.422388,30.001031,.
108107,.,-3.444007,30.022612,.
108108,.,-3.404226,30.019462,.
108109,.,-3.644277,29.870391,.
108110,.,-3.220614,29.775282,.
108111,.,-3.280434,29.699084,.
108112,.,-3.499209,29.757518,.
108113,.,-3.337977,29.628271,.
108114,.,-3.060813,29.649524,.
108115,.,-3.406684,29.713059,.
108116,.,-3.601924,29.964565,.
108117,.,-3.178339,29.893879,.
108118,.,-3.27188,29.740632,.
108119,.,-3.447076,29.703511,.
108120,.,-3.40862,29.822368,.
108121,.,-3.601924,29.964565,.
108122,.,-3.559745,29.997807,.
108123,.,-3.248354,29.90403,.
108124,.,-3.205123,29.66231,.
108125,.,-3.27188,29.740632,.
108126,.,-3.080287,29.642419,.
108127,.,-3.414653,29.741611,.
108128,.,-3.404226,30.019462,.
108129,.,-3.306334,29.6313,.
108130,.,-3.287916,29.828658,.
108131,.,-3.306334,29.6313,.
108132,.,-2.980576,29.728517,.
108133,.,-2.949685,30.042863,.
108134,.,-3.337977,29.628271,.
108135,.,-3.641287,29.982819,.
108136,.,-3.178339,29.893879,.
108137,.,-3.404226,30.019462,.
108138,.,-3.282547,29.598023,.
108139,.,-3.414653,29.741611,.
108140,.,-3.202045,29.818913,.
108141,.,-3.323196,29.627308,.
108142,.,-3.383403,29.829961,.
108143,.,-3.071005,29.593537,.
108144,.,-3.27188,29.740632,.
108145,.,-3.444007,30.022612,.
108146,.,-3.628813,29.85575,.
108147,.,-3.251364,29.706682,.
108148,.,-3.228746,29.717134,.
108149,.,-3.738593,29.86166,.
108150,.,-3.571926,29.941857,.
108151,.,-2.977265,29.755782,.
108152,.,-3.188165,29.742631,.
108153,.,-3.135414,29.681698,.
108154,.,-3.613066,29.858479,.
108155,.,-3.738593,29.86166,.
108156,.,-3.316273,29.961812,.
108157,.,-3.248354,29.90403,.
108158,.,-3.738593,29.86166,.
108159,.,-3.220614,29.775282,.
108160,.,-3.306334,29.6313,.
108161,.,-3.228746,29.717134,.
108162,.,-3.135414,29.681698,.
108163,.,-3.282547,29.598023,.
108164,.,-3.360133,29.810409,.
108165,.,-3.341281,29.686391,.
108166,.,-3.641287,29.982819,.
108167,.,-3.135414,29.681698,.
108168,.,-3.306334,29.6313,.
108169,.,-3.617272,30.010641,.
108170,.,-3.444007,30.022612,.
108171,.,-2.980576,29.728517,.
108172,.,-3.27188,29.740632,.
108173,.,-3.337276,29.901517,.
108174,.,-3.457642,29.788585,.
108175,.,-3.422388,30.001031,.
108176,.,-3.360133,29.810409,.
108177,.,-3.282547,29.598023,.
108178,.,-3.571926,29.941857,.
108179,.,-2.980576,29.728517,.
108180,.,-3.282547,29.598023,.
108181,.,-3.149008,29.721092,.
108182,.,-3.228746,29.717134,.
108183,.,-3.149008,29.721092,.
108184,.,-3.178339,29.893879,.
108185,.,-2.900171,30.06282,.
108186,.,-3.457642,29.788585,.
108187,.,-3.613066,29.858479,.
108188,.,-3.337276,29.901517,.
108189,.,-3.323196,29.627308,.
108190,.,-3.316273,29.961812,.
108191,.,-3.341281,29.686391,.
108192,.,-3.360133,29.810409,.
108193,.,-2.900171,30.06282,.
108194,.,-3.337276,29.901517,.
108195,.,-3.40862,29.822368,.
108196,.,-3.738593,29.86166,.
108197,.,-3.73605,29.887975,.
108198,.,-3.337276,29.901517,.
108199,.,-3.080375,29.656808,.
108200,.,-2.815253,29.76824,.
108201,.,-3.135414,29.681698,.
108202,.,-3.251364,29.706682,.
108203,.,-3.220614,29.775282,.
108204,.,-3.27188,29.740632,.
108205,.,-3.73605,29.887975,.
108206,.,-3.282547,29.598023,.
108207,.,-3.27188,29.740632,.
108208,.,-3.738593,29.86166,.
108209,.,-3.178339,29.893879,.
108210,.,-3.40862,29.822368,.
108211,.,-3.246224,29.846898,.
108212,.,-3.280434,29.699084,.
108213,.,-3.220614,29.775282,.
108214,.,-3.280434,29.699084,.
108215,.,-3.316127,29.695475,.
108216,.,-3.414653,29.741611,.
108217,.,-3.457642,29.788585,.
108218,.,-3.080578,29.596984,.
108219,.,-3.613066,29.858479,.
108220,.,-3.40862,29.822368,.
108221,.,-3.344254,29.966774,.
108222,.,-3.644277,29.870391,.
108223,.,-3.457642,29.788585,.
108224,.,-3.341281,29.686391,.
108225,.,-3.404226,30.019462,.
108226,.,-2.900171,30.06282,.
108227,.,-3.628813,29.85575,.
108228,.,-3.220614,29.775282,.
108229,.,-3.641287,29.982819,.
108230,.,-3.251364,29.706682,.
108231,.,-3.249151,29.67431,.
108232,.,-3.251364,29.706682,.
108233,.,-3.444007,30.022612,.
108234,.,-3.559745,29.997807,.
108235,.,-2.842923,29.964927,.
108236,.,-3.404226,30.019462,.
108237,.,-3.080578,29.596984,.
108238,.,-3.341281,29.686391,.
108239,.,-3.080287,29.642419,.
108240,.,-3.229366,29.691696,.
108241,.,-3.220614,29.775282,.
108242,.,-3.404226,30.019462,.
108243,.,-3.447076,29.703511,.
108244,.,-3.27188,29.740632,.
108245,.,-3.404226,30.019462,.
108246,.,-3.628813,29.85575,.
108247,.,-3.341281,29.686391,.
108248,.,-3.316273,29.961812,.
108249,.,-3.251364,29.706682,.
108250,.,-3.071005,29.593537,.
108251,.,-3.135414,29.681698,.
108252,.,-3.644277,29.870391,.
108253,.,-3.444007,30.022612,.
108254,.,-3.337276,29.901517,.
108255,.,-3.571926,29.941857,.
108256,.,-3.060813,29.649524,.
108257,.,-2.977265,29.755782,.
108258,.,-3.246224,29.846898,.
108259,.,-3.499209,29.757518,.
108260,.,-3.250139,29.776901,.
108261,.,-3.644277,29.870391,.
108262,.,-3.246224,29.846898,.
108263,.,-3.202045,29.818913,.
108264,.,-3.229366,29.691696,.
108265,.,-3.250139,29.776901,.
108266,.,-3.406684,29.713059,.
108267,.,-3.27188,29.740632,.
108268,.,-2.977265,29.755782,.
108269,.,-3.613066,29.858479,.
108270,.,-3.188165,29.742631,.
108271,.,-3.280434,29.699084,.
108272,.,-3.628813,29.85575,.
108273,.,-3.337977,29.628271,.
108274,.,-3.641287,29.982819,.
108275,.,-3.644277,29.870391,.
108276,.,-3.080287,29.642419,.
108277,.,-3.383403,29.829961,.
108278,.,-2.806248,29.967598,.
108279,.,-3.220614,29.775282,.
108280,.,-3.229723,29.675796,.
108281,.,-3.360133,29.810409,.
108282,.,-3.228746,29.717134,.
108283,.,-3.135414,29.681698,.
108284,.,-3.246224,29.846898,.
108285,.,-3.071005,29.593537,.
108286,.,-3.73605,29.887975,.
108287,.,-3.613066,29.858479,.
108288,.,-3.499209,29.757518,.
108289,.,-3.641287,29.982819,.
108290,.,-3.383403,29.829961,.
108291,.,-2.806248,29.967598,.
108292,.,-3.114137,29.66123,.
108293,.,-2.977867,30.032986,.
108294,.,-2.977867,30.032986,.
108295,.,-3.457642,29.788585,.
108296,.,-3.344254,29.966774,.
108297,.,-3.202045,29.818913,.
108298,.,-3.266712,29.70303,.
108299,.,-3.316273,29.961812,.
108300,.,-3.559745,29.997807,.
108301,.,-3.766946,29.869199,.
108302,.,-3.246224,29.846898,.
108303,.,-3.316273,29.961812,.
108304,.,-3.229366,29.691696,.
108305,.,-3.250139,29.776901,.
108306,.,-3.644277,29.870391,.
108307,.,-2.806248,29.967598,.
108308,.,-3.73605,29.887975,.
108309,.,-3.250139,29.776901,.
108310,.,-3.250139,29.776901,.
108311,.,-3.250139,29.776901,.
108312,.,-3.766946,29.869199,.
108313,.,-3.575199,29.991905,.
108314,.,-3.383403,29.829961,.
108315,.,-3.601924,29.964565,.
108316,.,-3.114137,29.66123,.
108317,.,-2.963256,29.722353,.
108318,.,-3.248354,29.90403,.
108319,.,-3.738593,29.86166,.
108320,.,-3.559745,29.997807,.
108321,.,-3.246224,29.846898,.
108322,.,-3.766946,29.869199,.
108323,.,-2.977867,30.032986,.
108324,.,-3.248354,29.90403,.
108325,.,-3.228746,29.717134,.
108326,.,-3.250139,29.776901,.
108327,.,-3.644277,29.870391,.
108328,.,-2.980576,29.728517,.
108329,.,-3.341281,29.686391,.
108330,.,-3.27188,29.740632,.
108331,.,-3.202045,29.818913,.
108332,.,-3.457642,29.788585,.
108333,.,-3.287916,29.828658,.
108334,.,-3.766946,29.869199,.
108335,.,-3.33375,29.649919,.
108336,.,-3.251364,29.706682,.
108337,.,-3.266712,29.70303,.
108338,.,-3.613066,29.858479,.
108339,.,-3.246224,29.846898,.
108340,.,-3.337977,29.628271,.
108341,.,-3.248354,29.90403,.
108342,.,-3.457642,29.788585,.
108343,.,-3.406684,29.713059,.
108344,.,-3.266712,29.70303,.
108345,.,-3.341281,29.686391,.
108346,.,-3.266712,29.70303,.
108347,.,-3.644277,29.870391,.
108348,.,-3.080578,29.596984,.
108349,.,-2.977867,30.032986,.
108350,.,-2.949685,30.042863,.
108351,.,-3.337276,29.901517,.
110711,.,14.2583084106445,37.8096542358398,.
110712,.,14.3759126663208,38.1548881530762,.
110713,.,14.3759126663208,38.1548881530762,.
110714,.,14.3759126663208,38.1548881530762,.
110715,.,14.3759126663208,38.1548881530762,.
110716,.,14.3759126663208,38.1548881530762,.
110717,.,14.3759126663208,38.1548881530762,.
110718,.,14.1100206375122,38.425235748291,.
110719,.,14.1100206375122,38.425235748291,.
110720,.,14.1100206375122,38.425235748291,.
110721,.,14.1093130111694,38.2654190063477,.
110722,.,14.1093130111694,38.2654190063477,.
110723,.,14.1034708023071,37.9586296081543,.
110724,.,14.1034708023071,37.9586296081543,.
110725,.,14.1034708023071,37.9586296081543,.
110726,.,14.1034708023071,37.9586296081543,.
110727,.,13.8241729736328,38.2013854980469,.
110728,.,13.8241729736328,38.2013854980469,.
110729,.,13.8241729736328,38.2013854980469,.
110730,.,13.8241729736328,38.2013854980469,.
110731,.,13.6467704772949,38.3438491821289,.
110732,.,13.6467704772949,38.3438491821289,.
110733,.,13.6467704772949,38.3438491821289,.
110734,.,13.6467704772949,38.3438491821289,.
110735,.,14.2093839645386,39.0760307312012,.
110736,.,14.2093839645386,39.0760307312012,.
110737,.,14.2093839645386,39.0760307312012,.
110738,.,14.2093839645386,39.0760307312012,.
110739,.,14.2093839645386,39.0760307312012,.
110740,.,14.078052520752,39.2204704284668,.
110741,.,14.078052520752,39.2204704284668,.
110742,.,14.2117481231689,38.978458404541,.
110743,.,14.2117481231689,38.978458404541,.
110744,.,14.2117481231689,38.978458404541,.
110745,.,14.2117481231689,38.978458404541,.
110746,.,14.2117481231689,38.978458404541,.
110747,.,14.2117481231689,38.978458404541,.
110748,.,14.2117481231689,38.978458404541,.
110749,.,14.0625534057617,38.7335090637207,.
110750,.,14.0625534057617,38.7335090637207,.
110751,.,14.0625534057617,38.7335090637207,.
110752,.,14.0299434661865,38.5415458679199,.
110753,.,14.0299434661865,38.5415458679199,.
110754,.,14.0299434661865,38.5415458679199,.
110755,.,14.0299434661865,38.5415458679199,.
110756,.,13.7844381332397,38.5336761474609,.
110757,.,13.7844381332397,38.5336761474609,.
110758,.,13.7844381332397,38.5336761474609,.
110759,.,13.7844381332397,38.5336761474609,.
110760,.,13.7844381332397,38.5336761474609,.
110761,.,13.5707740783691,38.7146415710449,.
110762,.,13.5707740783691,38.7146415710449,.
110763,.,13.5707740783691,38.7146415710449,.
110764,.,13.5707740783691,38.7146415710449,.
110765,.,13.5707740783691,38.7146415710449,.
110766,.,13.2786140441895,38.9856643676758,.
110767,.,13.2786140441895,38.9856643676758,.
110768,.,13.2786140441895,38.9856643676758,.
110769,.,13.2786140441895,38.9856643676758,.
110770,.,13.2786140441895,38.9856643676758,.
110771,.,14.0189838409424,39.6412925720215,.
110772,.,14.0189838409424,39.6412925720215,.
110773,.,14.0189838409424,39.6412925720215,.
110774,.,14.0189838409424,39.6412925720215,.
110775,.,13.9553651809692,39.3256721496582,.
110776,.,13.9553651809692,39.3256721496582,.
110777,.,13.9553651809692,39.3256721496582,.
110778,.,13.9553651809692,39.3256721496582,.
110779,.,13.9553651809692,39.3256721496582,.
110780,.,13.9553651809692,39.3256721496582,.
110781,.,13.9553651809692,39.3256721496582,.
110782,.,13.9553651809692,39.3256721496582,.
110783,.,13.6824598312378,39.6900024414063,.
110784,.,13.6824598312378,39.6900024414063,.
110785,.,13.7723894119263,39.6528129577637,.
110786,.,12.4244575500488,39.6497039794922,.
110787,.,12.4269943237305,39.2922821044922,.
110788,.,12.4269943237305,39.2922821044922,.
110789,.,12.4269943237305,39.2922821044922,.
110790,.,12.4269943237305,39.2922821044922,.
110791,.,14.1538972854614,37.3044776916504,.
110792,.,14.1538972854614,37.3044776916504,.
110793,.,14.1538972854614,37.3044776916504,.
110794,.,14.1538972854614,37.3044776916504,.
110795,.,14.1538972854614,37.3044776916504,.
110796,.,14.1538972854614,37.3044776916504,.
110797,.,13.7276229858398,37.2436790466309,.
110798,.,13.7276229858398,37.2436790466309,.
110799,.,13.7276229858398,37.2436790466309,.
110800,.,13.4535417556763,36.7492332458496,.
110801,.,13.4535417556763,36.7492332458496,.
110802,.,13.0710391998291,39.2182731628418,.
110803,.,13.0710391998291,39.2182731628418,.
110804,.,13.0710391998291,39.2182731628418,.
110805,.,13.0710391998291,39.2182731628418,.
110806,.,13.0710391998291,39.2182731628418,.
110807,.,13.0639400482178,39.4637184143066,.
110808,.,13.0639400482178,39.4637184143066,.
110809,.,13.0639400482178,39.4637184143066,.
110810,.,13.0639400482178,39.4637184143066,.
110811,.,12.9729652404785,38.1518173217773,.
110812,.,12.049693107605,37.7747268676758,.
110813,.,12.049693107605,37.7747268676758,.
110814,.,12.049693107605,37.7747268676758,.
110815,.,12.049693107605,37.7747268676758,.
110816,.,12.049693107605,37.7747268676758,.
110817,.,11.6073894500732,38.5679206848145,.
110818,.,11.4396677017212,37.7269325256348,.
110819,.,11.4396677017212,37.7269325256348,.
110820,.,11.4396677017212,37.7269325256348,.
110821,.,11.4396677017212,37.7269325256348,.
110822,.,11.2643394470215,38.7836570739746,.
110823,.,11.2643394470215,38.7836570739746,.
110824,.,11.2643394470215,38.7836570739746,.
110825,.,11.4709043502808,39.5076332092285,.
110826,.,11.4709043502808,39.5076332092285,.
110827,.,11.4709043502808,39.5076332092285,.
110828,.,11.4709043502808,39.5076332092285,.
110829,.,11.2007160186768,39.3147315979004,.
110830,.,11.2007160186768,39.3147315979004,.
110831,.,11.2007160186768,39.3147315979004,.
110832,.,11.2007160186768,39.3147315979004,.
110833,.,11.2007160186768,39.3147315979004,.
110834,.,10.5973873138428,38.7951202392578,.
110835,.,10.5973873138428,38.7951202392578,.
110836,.,10.5973873138428,38.7951202392578,.
110837,.,10.5973873138428,38.7951202392578,.
110838,.,10.1608409881592,39.7954406738281,.
110839,.,11.0163660049438,37.7794494628906,.
110840,.,11.0163660049438,37.7794494628906,.
110841,.,11.0163660049438,37.7794494628906,.
110842,.,11.0163660049438,37.7794494628906,.
110843,.,11.0163660049438,37.7794494628906,.
110844,.,11.0163660049438,37.7794494628906,.
110845,.,10.6711015701294,38.0305213928223,.
110846,.,10.6711015701294,38.0305213928223,.
110847,.,10.4729824066162,37.8699569702148,.
110848,.,10.4729824066162,37.8699569702148,.
110849,.,10.4729824066162,37.8699569702148,.
110850,.,10.4729824066162,37.8699569702148,.
110851,.,10.4729824066162,37.8699569702148,.
110852,.,10.3717012405396,38.3443946838379,.
110853,.,10.3717012405396,38.3443946838379,.
110854,.,10.3717012405396,38.3443946838379,.
110855,.,10.3717012405396,38.3443946838379,.
110856,.,10.3717012405396,38.3443946838379,.
110857,.,11.8005981445313,37.1284713745117,.
110858,.,11.8005981445313,37.1284713745117,.
110859,.,11.8005981445313,37.1284713745117,.
110860,.,11.8005981445313,37.1284713745117,.
110861,.,11.8005981445313,37.1284713745117,.
110862,.,11.8005981445313,37.1284713745117,.
110863,.,11.1622438430786,37.4073104858398,.
110864,.,11.1622438430786,37.4073104858398,.
110865,.,10.9135866165161,37.620849609375,.
110866,.,10.9135866165161,37.620849609375,.
110867,.,10.9135866165161,37.620849609375,.
110868,.,10.9135866165161,37.620849609375,.
110869,.,10.9135866165161,37.620849609375,.
110870,.,10.9135866165161,37.620849609375,.
110871,.,9.71199131011963,36.686954498291,.
110872,.,12.3184270858765,38.6692390441895,.
110873,.,12.3184270858765,38.6692390441895,.
110874,.,12.3184270858765,38.6692390441895,.
110875,.,12.3184270858765,38.6692390441895,.
110876,.,12.784065246582,39.1092567443848,.
110877,.,12.784065246582,39.1092567443848,.
110878,.,12.784065246582,39.1092567443848,.
110879,.,10.960563659668,36.8487586975098,.
110880,.,10.960563659668,36.8487586975098,.
110881,.,11.4360847473145,36.6452713012695,.
110882,.,11.4360847473145,36.6452713012695,.
110883,.,11.4360847473145,36.6452713012695,.
110884,.,11.4360847473145,36.6452713012695,.
110885,.,11.2362565994263,39.9352416992188,.
110886,.,11.2362565994263,39.9352416992188,.
110887,.,11.2362565994263,39.9352416992188,.
110888,.,11.2362565994263,39.9352416992188,.
110889,.,11.531210899353,37.4565734863281,.
110890,.,11.531210899353,37.4565734863281,.
110891,.,11.531210899353,37.4565734863281,.
110892,.,11.531210899353,37.4565734863281,.
110893,.,11.531210899353,37.4565734863281,.
110894,.,11.4401159286499,37.3071441650391,.
110895,.,11.4401159286499,37.3071441650391,.
110896,.,11.4401159286499,37.3071441650391,.
110897,.,11.4401159286499,37.3071441650391,.
110898,.,11.025954246521,39.9033203125,.
110899,.,11.025954246521,39.9033203125,.
110900,.,11.025954246521,39.9033203125,.
110901,.,11.025954246521,39.9033203125,.
110902,.,11.025954246521,39.9033203125,.
110903,.,11.025954246521,39.9033203125,.
110904,.,11.2031164169312,39.6057052612305,.
110905,.,11.2031164169312,39.6057052612305,.
110906,.,11.2031164169312,39.6057052612305,.
110907,.,11.2031164169312,39.6057052612305,.
110908,.,11.2182655334473,39.6140785217285,.
110909,.,11.2182655334473,39.6140785217285,.
110910,.,11.2182655334473,39.6140785217285,.
110911,.,12.6315250396729,37.4534149169922,.
110912,.,12.6315250396729,37.4534149169922,.
110913,.,12.6315250396729,37.4534149169922,.
110914,.,12.6315250396729,37.4534149169922,.
110915,.,12.5107107162476,37.4641990661621,.
110916,.,12.5107107162476,37.4641990661621,.
110917,.,12.5107107162476,37.4641990661621,.
110918,.,12.5107107162476,37.4641990661621,.
110919,.,12.5107107162476,37.4641990661621,.
110920,.,12.9206809997559,37.5231742858887,.
110921,.,12.9206809997559,37.5231742858887,.
110922,.,12.9206809997559,37.5231742858887,.
110923,.,12.5657806396484,37.869255065918,.
110924,.,12.5657806396484,37.869255065918,.
110925,.,12.5657806396484,37.869255065918,.
110926,.,12.5657806396484,37.869255065918,.
110927,.,12.3694610595703,37.153018951416,.
110928,.,12.3694610595703,37.153018951416,.
110929,.,12.3694610595703,37.153018951416,.
110930,.,12.3694610595703,37.153018951416,.
110931,.,12.3694610595703,37.153018951416,.
110932,.,12.3694610595703,37.153018951416,.
110933,.,12.3694610595703,37.153018951416,.
110934,.,12.4554471969604,35.8817100524902,.
110935,.,12.4554471969604,35.8817100524902,.
110936,.,12.4554471969604,35.8817100524902,.
110937,.,12.4554471969604,35.8817100524902,.
110938,.,12.4554471969604,35.8817100524902,.
110939,.,12.8433036804199,36.7409820556641,.
110940,.,12.8433036804199,36.7409820556641,.
110941,.,12.8433036804199,36.7409820556641,.
110942,.,12.8433036804199,36.7409820556641,.
110943,.,12.8433036804199,36.7409820556641,.
110944,.,12.8433036804199,36.7409820556641,.
110945,.,12.8433036804199,36.7409820556641,.
110946,.,9.40532970428467,34.5747756958008,.
110947,.,9.40532970428467,34.5747756958008,.
110948,.,9.40532970428467,34.5747756958008,.
110949,.,9.40532970428467,34.5747756958008,.
110950,.,9.40532970428467,34.5747756958008,.
110951,.,9.40532970428467,34.5747756958008,.
110952,.,9.69225978851318,35.3754501342773,.
110953,.,9.69225978851318,35.3754501342773,.
110954,.,9.69225978851318,35.3754501342773,.
110955,.,10.106819152832,36.8052024841309,.
110956,.,10.106819152832,36.8052024841309,.
110957,.,10.106819152832,36.8052024841309,.
110958,.,10.106819152832,36.8052024841309,.
110959,.,10.106819152832,36.8052024841309,.
110960,.,10.106819152832,36.8052024841309,.
110961,.,8.97029399871826,36.5257110595703,.
110962,.,8.97029399871826,36.5257110595703,.
110963,.,8.97029399871826,36.5257110595703,.
110964,.,8.97029399871826,36.5257110595703,.
110965,.,8.97029399871826,36.5257110595703,.
110966,.,8.65588092803955,35.921875,.
110967,.,8.65588092803955,35.921875,.
110968,.,8.31630611419678,35.7215118408203,.
110969,.,8.31630611419678,35.7215118408203,.
110970,.,8.31630611419678,35.7215118408203,.
110971,.,8.31630611419678,35.7215118408203,.
110972,.,8.31630611419678,35.7215118408203,.
110973,.,7.61268091201782,36.8232727050781,.
110974,.,7.61268091201782,36.8232727050781,.
110975,.,7.61268091201782,36.8232727050781,.
110976,.,7.95824003219604,36.5147323608398,.
110977,.,7.95824003219604,36.5147323608398,.
110978,.,7.95824003219604,36.5147323608398,.
110979,.,9.37110614776611,37.9997749328613,.
110980,.,9.37110614776611,37.9997749328613,.
110981,.,9.37110614776611,37.9997749328613,.
110982,.,9.37110614776611,37.9997749328613,.
110983,.,9.37110614776611,37.9997749328613,.
110984,.,9.37110614776611,37.9997749328613,.
110985,.,9.37110614776611,37.9997749328613,.
110986,.,9.37110614776611,37.9997749328613,.
110987,.,9.82910633087158,38.2801551818848,.
110988,.,9.82910633087158,38.2801551818848,.
110989,.,8.73544120788574,39.7721977233887,.
110990,.,8.73544120788574,39.7721977233887,.
110991,.,8.73544120788574,39.7721977233887,.
110992,.,7.8098087310791,39.5871047973633,.
110993,.,7.8098087310791,39.5871047973633,.
110994,.,7.8098087310791,39.5871047973633,.
110995,.,7.8098087310791,39.5871047973633,.
110996,.,9.11266613006592,41.0255432128906,.
110997,.,9.11266613006592,41.0255432128906,.
110998,.,8.47080135345459,40.4182586669922,.
110999,.,8.47080135345459,40.4182586669922,.
111000,.,8.47080135345459,40.4182586669922,.
111001,.,9.04400634765625,40.8761863708496,.
111002,.,9.04400634765625,40.8761863708496,.
111003,.,9.04400634765625,40.8761863708496,.
111004,.,9.04400634765625,40.8761863708496,.
111005,.,9.461669921875,42.1733131408691,.
111006,.,9.461669921875,42.1733131408691,.
111007,.,9.461669921875,42.1733131408691,.
111008,.,9.461669921875,42.1733131408691,.
111009,.,9.461669921875,42.1733131408691,.
111010,.,9.42687511444092,41.7646141052246,.
111011,.,9.42687511444092,41.7646141052246,.
111012,.,9.42687511444092,41.7646141052246,.
111013,.,9.42687511444092,41.7646141052246,.
111014,.,9.42687511444092,41.7646141052246,.
111015,.,9.17465496063232,41.6296043395996,.
111016,.,9.17465496063232,41.6296043395996,.
111017,.,9.17465496063232,41.6296043395996,.
111018,.,7.00634956359863,40.9950218200684,.
111019,.,5.96758651733398,38.7148475646973,.
111020,.,5.96758651733398,38.7148475646973,.
111021,.,5.96758651733398,38.7148475646973,.
111022,.,5.96758651733398,38.7148475646973,.
111023,.,5.76140689849854,38.251163482666,.
111024,.,5.76140689849854,38.251163482666,.
111025,.,5.76140689849854,38.251163482666,.
111026,.,5.76140689849854,38.251163482666,.
111027,.,5.76140689849854,38.251163482666,.
111028,.,5.76140689849854,38.251163482666,.
111029,.,8.83719253540039,38.5677452087402,.
111030,.,8.83719253540039,38.5677452087402,.
111031,.,7.15291738510132,38.0925941467285,.
111032,.,7.15291738510132,38.0925941467285,.
111033,.,7.15291738510132,38.0925941467285,.
111034,.,7.15291738510132,38.0925941467285,.
111035,.,6.85970640182495,38.6931915283203,.
111036,.,6.85970640182495,38.6931915283203,.
111037,.,6.85970640182495,38.6931915283203,.
111038,.,8.76488018035889,35.034309387207,.
111039,.,8.76488018035889,35.034309387207,.
111040,.,8.76488018035889,35.034309387207,.
111041,.,8.76488018035889,35.034309387207,.
111042,.,8.76488018035889,35.034309387207,.
111043,.,8.76488018035889,35.034309387207,.
111044,.,8.40103054046631,34.828010559082,.
111045,.,8.40103054046631,34.828010559082,.
111046,.,8.40103054046631,34.828010559082,.
111047,.,9.21000194549561,37.3333129882813,.
111048,.,9.21000194549561,37.3333129882813,.
111049,.,9.21000194549561,37.3333129882813,.
111050,.,8.42270469665527,36.3688507080078,.
111051,.,8.42270469665527,36.3688507080078,.
111052,.,8.42270469665527,36.3688507080078,.
111053,.,8.42270469665527,36.3688507080078,.
111054,.,8.42270469665527,36.3688507080078,.
111055,.,8.42270469665527,36.3688507080078,.
111056,.,8.30840682983398,36.6453018188477,.
111057,.,8.30840682983398,36.6453018188477,.
111058,.,8.30840682983398,36.6453018188477,.
111059,.,8.30840682983398,36.6453018188477,.
111060,.,8.30840682983398,36.6453018188477,.
111061,.,8.30840682983398,36.6453018188477,.
111062,.,8.30840682983398,36.6453018188477,.
111063,.,10.422215461731,34.8576354980469,.
111064,.,10.422215461731,34.8576354980469,.
111065,.,10.422215461731,34.8576354980469,.
111066,.,10.422215461731,34.8576354980469,.
111067,.,9.98614311218262,34.5476379394531,.
111068,.,9.98614311218262,34.5476379394531,.
111069,.,9.98614311218262,34.5476379394531,.
111070,.,9.98614311218262,34.5476379394531,.
111071,.,9.98614311218262,34.5476379394531,.
111072,.,9.99862861633301,34.6076011657715,.
111073,.,9.99862861633301,34.6076011657715,.
111074,.,9.99862861633301,34.6076011657715,.
111075,.,9.99862861633301,34.6076011657715,.
111076,.,9.99862861633301,34.6076011657715,.
111077,.,10.0491905212402,34.6659965515137,.
111078,.,10.0491905212402,34.6659965515137,.
111079,.,10.0491905212402,34.6659965515137,.
111080,.,10.0491905212402,34.6659965515137,.
111081,.,10.0491905212402,34.6659965515137,.
111082,.,10.0491905212402,34.6659965515137,.
111083,.,10.0491905212402,34.6659965515137,.
111084,.,9.88223552703857,34.7192573547363,.
111085,.,9.88223552703857,34.7192573547363,.
111086,.,9.88223552703857,34.7192573547363,.
111087,.,9.88223552703857,34.7192573547363,.
111088,.,9.88223552703857,34.7192573547363,.
111089,.,9.88223552703857,34.7192573547363,.
111090,.,9.88223552703857,34.7192573547363,.
111091,.,9.79613208770752,34.7978973388672,.
111092,.,9.79613208770752,34.7978973388672,.
111093,.,9.79613208770752,34.7978973388672,.
111094,.,9.79613208770752,34.7978973388672,.
111095,.,9.79613208770752,34.7978973388672,.
111096,.,9.79613208770752,34.7978973388672,.
111097,.,9.79613208770752,34.7978973388672,.
111098,.,10.3652448654175,34.6183700561523,.
111099,.,10.3652448654175,34.6183700561523,.
111100,.,10.3652448654175,34.6183700561523,.
111101,.,10.3652448654175,34.6183700561523,.
111102,.,11.3579130172729,36.2825698852539,.
111103,.,11.3579130172729,36.2825698852539,.
111104,.,11.3579130172729,36.2825698852539,.
111105,.,11.3579130172729,36.2825698852539,.
111106,.,11.3137292861938,36.2833976745605,.
111107,.,11.3137292861938,36.2833976745605,.
111108,.,11.3137292861938,36.2833976745605,.
111109,.,11.3137292861938,36.2833976745605,.
111110,.,10.5929832458496,35.7180633544922,.
111111,.,10.5929832458496,35.7180633544922,.
111112,.,10.5929832458496,35.7180633544922,.
111113,.,10.5929832458496,35.7180633544922,.
111114,.,10.5929832458496,35.7180633544922,.
111115,.,11.0808343887329,36.4728393554688,.
111116,.,11.0808343887329,36.4728393554688,.
111117,.,11.0808343887329,36.4728393554688,.
111118,.,11.0808343887329,36.4728393554688,.
111119,.,11.0808343887329,36.4728393554688,.
111120,.,10.9822387695313,36.3032493591309,.
111121,.,10.9822387695313,36.3032493591309,.
111122,.,10.496392250061,36.169979095459,.
111123,.,10.496392250061,36.169979095459,.
111124,.,10.496392250061,36.169979095459,.
111125,.,10.496392250061,36.169979095459,.
111126,.,10.496392250061,36.169979095459,.
111127,.,10.496392250061,36.169979095459,.
111128,.,11.3974409103394,36.4764289855957,.
111129,.,11.3974409103394,36.4764289855957,.
111130,.,11.3974409103394,36.4764289855957,.
111131,.,11.3974409103394,36.4764289855957,.
111132,.,11.3974409103394,36.4764289855957,.
111133,.,11.3974409103394,36.4764289855957,.
111134,.,11.3974409103394,36.4764289855957,.
111135,.,11.2944765090942,36.4487266540527,.
111136,.,11.2944765090942,36.4487266540527,.
111137,.,11.2944765090942,36.4487266540527,.
111138,.,11.2944765090942,36.4487266540527,.
111139,.,11.2944765090942,36.4487266540527,.
111140,.,11.2944765090942,36.4487266540527,.
111141,.,11.2944765090942,36.4487266540527,.
111142,.,11.2944765090942,36.4487266540527,.
111143,.,10.4459419250488,35.8913993835449,.
111144,.,10.4459419250488,35.8913993835449,.
111145,.,10.4459419250488,35.8913993835449,.
111146,.,10.4459419250488,35.8913993835449,.
111147,.,10.4459419250488,35.8913993835449,.
111148,.,9.38970184326172,34.4477310180664,.
111149,.,9.38970184326172,34.4477310180664,.
111150,.,9.38970184326172,34.4477310180664,.
111151,.,7.53676319122314,37.6387748718262,.
111152,.,7.53676319122314,37.6387748718262,.
111153,.,7.53676319122314,37.6387748718262,.
111154,.,7.38901710510254,37.8963394165039,.
111155,.,7.38901710510254,37.8963394165039,.
111156,.,7.38901710510254,37.8963394165039,.
111157,.,7.38901710510254,37.8963394165039,.
111158,.,6.59737014770508,38.7479248046875,.
111159,.,6.59737014770508,38.7479248046875,.
111160,.,6.59737014770508,38.7479248046875,.
111161,.,6.59737014770508,38.7479248046875,.
111162,.,6.59737014770508,38.7479248046875,.
111163,.,6.59737014770508,38.7479248046875,.
111164,.,6.48450708389282,38.6026611328125,.
111165,.,6.48450708389282,38.6026611328125,.
111166,.,6.48450708389282,38.6026611328125,.
111167,.,6.48450708389282,38.6026611328125,.
111168,.,6.48450708389282,38.6026611328125,.
111169,.,6.94803094863892,38.2669639587402,.
111170,.,6.94803094863892,38.2669639587402,.
111171,.,6.94803094863892,38.2669639587402,.
111172,.,6.94803094863892,38.2669639587402,.
111173,.,6.94803094863892,38.2669639587402,.
111174,.,6.94803094863892,38.2669639587402,.
111175,.,6.94803094863892,38.2669639587402,.
111176,.,6.94803094863892,38.2669639587402,.
111177,.,6.51960182189941,38.7200889587402,.
111178,.,6.51960182189941,38.7200889587402,.
111179,.,6.51960182189941,38.7200889587402,.
111180,.,6.51960182189941,38.7200889587402,.
111181,.,6.51960182189941,38.7200889587402,.
111182,.,6.51960182189941,38.7200889587402,.
111183,.,5.8897557258606,36.5752754211426,.
111184,.,5.8897557258606,36.5752754211426,.
111185,.,5.8897557258606,36.5752754211426,.
111186,.,7.37648248672485,36.3340682983398,.
111187,.,7.37648248672485,36.3340682983398,.
111188,.,7.37648248672485,36.3340682983398,.
111189,.,7.37648248672485,36.3340682983398,.
111190,.,7.37648248672485,36.3340682983398,.
111191,.,7.39509963989258,35.9427757263184,.
111192,.,7.39509963989258,35.9427757263184,.
111193,.,7.39509963989258,35.9427757263184,.
111194,.,7.39509963989258,35.9427757263184,.
111195,.,7.39509963989258,35.9427757263184,.
111196,.,7.39509963989258,35.9427757263184,.
111197,.,7.39509963989258,35.9427757263184,.
111198,.,7.39509963989258,35.9427757263184,.
111199,.,6.63597774505615,37.2925872802734,.
111200,.,6.63597774505615,37.2925872802734,.
111201,.,6.63597774505615,37.2925872802734,.
111202,.,6.63597774505615,37.2925872802734,.
111203,.,6.63597774505615,37.2925872802734,.
111204,.,6.63597774505615,37.2925872802734,.
111205,.,7.06758260726929,35.6687774658203,.
111206,.,7.06758260726929,35.6687774658203,.
111207,.,7.06758260726929,35.6687774658203,.
111208,.,7.06758260726929,35.6687774658203,.
111209,.,7.87909364700317,37.5802917480469,.
111210,.,7.87909364700317,37.5802917480469,.
111211,.,7.87909364700317,37.5802917480469,.
111212,.,7.87909364700317,37.5802917480469,.
111213,.,7.87909364700317,37.5802917480469,.
111214,.,7.76569795608521,37.4571418762207,.
111215,.,7.76569795608521,37.4571418762207,.
111216,.,7.76569795608521,37.4571418762207,.
111217,.,7.76569795608521,37.4571418762207,.
111218,.,7.76569795608521,37.4571418762207,.
111219,.,7.76569795608521,37.4571418762207,.
111220,.,5.5948429107666,37.3371162414551,.
111221,.,5.5948429107666,37.3371162414551,.
111222,.,7.3145055770874,38.0379104614258,.
111223,.,7.3145055770874,38.0379104614258,.
111224,.,7.3145055770874,38.0379104614258,.
111225,.,7.3145055770874,38.0379104614258,.
111226,.,7.3145055770874,38.0379104614258,.
111227,.,7.3145055770874,38.0379104614258,.
111228,.,7.3145055770874,38.0379104614258,.
111229,.,7.3145055770874,38.0379104614258,.
111230,.,7.22086811065674,38.1693305969238,.
111231,.,7.22086811065674,38.1693305969238,.
111232,.,7.22086811065674,38.1693305969238,.
111233,.,7.22086811065674,38.1693305969238,.
111234,.,7.22086811065674,38.1693305969238,.
111235,.,7.22086811065674,38.1693305969238,.
111236,.,7.22086811065674,38.1693305969238,.
111237,.,7.21240091323853,37.3395843505859,.
111238,.,7.21240091323853,37.3395843505859,.
111239,.,7.21240091323853,37.3395843505859,.
111240,.,6.3299617767334,36.6223945617676,.
111241,.,6.3299617767334,36.6223945617676,.
111242,.,6.3299617767334,36.6223945617676,.
111243,.,6.3299617767334,36.6223945617676,.
111244,.,6.29112100601196,36.5889129638672,.
111245,.,6.29112100601196,36.5889129638672,.
111246,.,6.29112100601196,36.5889129638672,.
111247,.,7.07269811630249,36.7083587646484,.
111248,.,7.07269811630249,36.7083587646484,.
111249,.,7.07269811630249,36.7083587646484,.
111250,.,7.07269811630249,36.7083587646484,.
111251,.,7.07269811630249,36.7083587646484,.
111252,.,6.78312206268311,36.5984954833984,.
111253,.,7.65691900253296,38.2994575500488,.
111254,.,7.65691900253296,38.2994575500488,.
111255,.,7.65691900253296,38.2994575500488,.
111256,.,7.65691900253296,38.2994575500488,.
111257,.,7.65691900253296,38.2994575500488,.
111258,.,7.65691900253296,38.2994575500488,.
111259,.,8.19498920440674,34.8399658203125,.
111260,.,8.19498920440674,34.8399658203125,.
111261,.,8.19498920440674,34.8399658203125,.
111262,.,8.19498920440674,34.8399658203125,.
111263,.,8.19498920440674,34.8399658203125,.
111264,.,7.69751882553101,34.1046371459961,.
111265,.,7.69751882553101,34.1046371459961,.
111266,.,7.69751882553101,34.1046371459961,.
111267,.,7.69751882553101,34.1046371459961,.
111268,.,8.32916069030762,33.960521697998,.
111269,.,8.32916069030762,33.960521697998,.
111270,.,8.32916069030762,33.960521697998,.
111271,.,8.32916069030762,33.960521697998,.
111272,.,8.32916069030762,33.960521697998,.
111273,.,8.32916069030762,33.960521697998,.
111274,.,8.32916069030762,33.960521697998,.
111275,.,8.32916069030762,33.960521697998,.
111276,.,8.32916069030762,33.960521697998,.
111277,.,8.32916069030762,33.960521697998,.
111278,.,8.32070064544678,33.9502449035645,.
111279,.,8.32070064544678,33.9502449035645,.
111280,.,8.32070064544678,33.9502449035645,.
111281,.,8.33098220825195,33.7691535949707,.
111282,.,8.33098220825195,33.7691535949707,.
111283,.,8.33098220825195,33.7691535949707,.
111284,.,8.33098220825195,33.7691535949707,.
111285,.,8.33098220825195,33.7691535949707,.
111286,.,8.33098220825195,33.7691535949707,.
111287,.,8.33098220825195,33.7691535949707,.
111288,.,8.33098220825195,33.7691535949707,.
111289,.,8.33098220825195,33.7691535949707,.
111290,.,8.33098220825195,33.7691535949707,.
111291,.,7.14133405685425,35.3002395629883,.
111292,.,7.36027765274048,35.2938499450684,.
111293,.,8.34260272979736,34.0235633850098,.
111294,.,8.34260272979736,34.0235633850098,.
111295,.,8.34260272979736,34.0235633850098,.
111296,.,8.34260272979736,34.0235633850098,.
111297,.,8.34260272979736,34.0235633850098,.
111298,.,8.34260272979736,34.0235633850098,.
111299,.,8.17154788970947,34.2793998718262,.
111300,.,8.17154788970947,34.2793998718262,.
111301,.,8.17154788970947,34.2793998718262,.
111302,.,8.17154788970947,34.2793998718262,.
111303,.,8.17154788970947,34.2793998718262,.
111304,.,9.309889793396,42.1030693054199,.
111305,.,9.309889793396,42.1030693054199,.
111306,.,9.309889793396,42.1030693054199,.
111307,.,9.309889793396,42.1030693054199,.
111308,.,9.309889793396,42.1030693054199,.
111309,.,9.309889793396,42.1030693054199,.
111310,.,9.29181098937988,42.1017189025879,.
111311,.,9.29181098937988,42.1017189025879,.
111312,.,9.29181098937988,42.1017189025879,.
111313,.,9.23956108093262,42.084789276123,.
111314,.,9.23956108093262,42.084789276123,.
111315,.,9.37778759002686,42.137508392334,.
111316,.,9.37778759002686,42.137508392334,.
111317,.,9.37778759002686,42.137508392334,.
111318,.,9.37778759002686,42.137508392334,.
111319,.,9.37778759002686,42.137508392334,.
111320,.,9.37778759002686,42.137508392334,.
111321,.,9.38381958007813,42.1123352050781,.
111322,.,9.38381958007813,42.1123352050781,.
111323,.,9.38381958007813,42.1123352050781,.
111324,.,9.38381958007813,42.1123352050781,.
111325,.,9.38381958007813,42.1123352050781,.
111326,.,9.38381958007813,42.1123352050781,.
111327,.,9.38381958007813,42.1123352050781,.
111328,.,9.38381958007813,42.1123352050781,.
111329,.,9.38127136230469,42.1112823486328,.
111330,.,9.38127136230469,42.1112823486328,.
111331,.,9.38127136230469,42.1112823486328,.
111332,.,9.38127136230469,42.1112823486328,.
111333,.,9.38127136230469,42.1112823486328,.
111334,.,9.38127136230469,42.1112823486328,.
111335,.,9.38127136230469,42.1112823486328,.
111336,.,9.38127136230469,42.1112823486328,.
111337,.,9.35789203643799,42.0723304748535,.
111338,.,9.35789203643799,42.0723304748535,.
111339,.,9.32820892333984,42.142936706543,.
111340,.,9.32820892333984,42.142936706543,.
111341,.,9.32820892333984,42.142936706543,.
111342,.,9.32820892333984,42.142936706543,.
111343,.,9.32820892333984,42.142936706543,.
111344,.,9.32820892333984,42.142936706543,.
111345,.,9.32820892333984,42.142936706543,.
111346,.,9.32820892333984,42.142936706543,.
111347,.,9.32820892333984,42.142936706543,.
111348,.,9.32355785369873,42.1247291564941,.
111349,.,9.32355785369873,42.1247291564941,.
111350,.,9.32355785369873,42.1247291564941,.
111351,.,9.38163948059082,42.132137298584,.
111352,.,9.38163948059082,42.132137298584,.
111353,.,9.38163948059082,42.132137298584,.
111354,.,9.38163948059082,42.132137298584,.
111355,.,9.38163948059082,42.132137298584,.
111356,.,9.38163948059082,42.132137298584,.
111357,.,9.28399276733398,42.1654434204102,.
111358,.,9.28399276733398,42.1654434204102,.
111359,.,9.28399276733398,42.1654434204102,.
111360,.,9.28399276733398,42.1654434204102,.
111361,.,9.39248752593994,42.2539825439453,.
111362,.,9.39248752593994,42.2539825439453,.
111363,.,9.39248752593994,42.2539825439453,.
111364,.,9.39248752593994,42.2539825439453,.
111365,.,9.39248752593994,42.2539825439453,.
111366,.,9.39248752593994,42.2539825439453,.
111367,.,9.39248752593994,42.2539825439453,.
111368,.,9.39248752593994,42.2539825439453,.
111369,.,9.50358104705811,42.0704956054688,.
111370,.,9.50442218780518,41.6637992858887,.
