id,placeholder1,Latitude,Longitude,Elevation,MAT,MWMT,MCMT,TD,MAP,DD_0,DD5,DD_18,DD18,Eref,CMD
4523,.,14.353816,37.890876,.,25.7,28.9,22.5,6.5,417,0,7425,23,2760,2163,1753
4524,.,14.353816,37.890876,.,25.7,28.9,22.5,6.5,417,0,7425,23,2760,2163,1753
4525,.,14.28859,38.210252,.,21.6,24.8,18.3,6.6,507,0,5989,131,1418,1942,1486
4526,.,14.28859,38.210252,.,21.6,24.8,18.3,6.6,507,0,5989,131,1418,1942,1486
4527,.,14.109761,38.473835,.,20.1,23.1,16.8,6.2,562,0,5431,242,979,1874,1398
4528,.,14.109761,38.473835,.,20.1,23.1,16.8,6.2,562,0,5431,242,979,1874,1398
4529,.,13.844084,38.480325,.,21.9,24.7,19.1,5.5,618,0,6084,110,1497,1968,1441
4530,.,13.844084,38.480325,.,21.9,24.7,19.1,5.5,618,0,6084,110,1497,1968,1441
4531,.,13.844084,38.480325,.,21.9,24.7,19.1,5.5,618,0,6084,110,1497,1968,1441
4532,.,13.844084,38.480325,.,21.9,24.7,19.1,5.5,618,0,6084,110,1497,1968,1441
4533,.,14.086276,37.983187,.,25.4,28.7,22.4,6.3,518,0,7326,25,2665,2144,1687
4534,.,14.086276,37.983187,.,25.4,28.7,22.4,6.3,518,0,7326,25,2665,2144,1687
4535,.,13.642517,38.119182,.,24.4,27.6,21.9,5.6,760,0,6978,38,2328,2099,1597
4536,.,13.642517,38.119182,.,24.4,27.6,21.9,5.6,760,0,6978,38,2328,2099,1597
4537,.,14.283468,38.573016,.,22.4,25.4,19.2,6.2,524,0,6253,97,1655,1955,1486
4538,.,14.283468,38.573016,.,22.4,25.4,19.2,6.2,524,0,6253,97,1655,1955,1486
4539,.,14.283468,38.573016,.,22.4,25.4,19.2,6.2,524,0,6253,97,1655,1955,1486
4540,.,14.300796,39.059489,.,19.9,22.6,16.5,6.1,551,0,5378,266,950,1820,1327
4541,.,14.300796,39.059489,.,19.9,22.6,16.5,6.1,551,0,5378,266,950,1820,1327
4542,.,14.300796,39.059489,.,19.9,22.6,16.5,6.1,551,0,5378,266,950,1820,1327
4543,.,13.871339,38.636691,.,20.4,23.4,17.5,5.9,614,0,5562,207,1074,1895,1353
4544,.,13.871339,38.636691,.,20.4,23.4,17.5,5.9,614,0,5562,207,1074,1895,1353
4545,.,13.781327,38.986512,.,21.4,24.3,18.7,5.6,629,0,5905,137,1340,1904,1375
4546,.,13.781327,38.986512,.,21.4,24.3,18.7,5.6,629,0,5905,137,1340,1904,1375
4547,.,13.691823,39.201901,.,18.5,21.3,15.4,5.9,654,0,4857,444,599,1783,1254
4548,.,13.691823,39.201901,.,18.5,21.3,15.4,5.9,654,0,4857,444,599,1783,1254
4549,.,13.691823,39.201901,.,18.5,21.3,15.4,5.9,654,0,4857,444,599,1783,1254
4550,.,13.984371,39.533129,.,18.2,21.1,15.1,6,575,0,4762,486,546,1791,1259
4551,.,13.984371,39.533129,.,18.2,21.1,15.1,6,575,0,4762,486,546,1791,1259
4552,.,13.234958,39.163439,.,20.9,23.9,18.2,5.7,768,0,5711,169,1183,1922,1336
4553,.,13.234958,39.163439,.,20.9,23.9,18.2,5.7,768,0,5711,169,1183,1922,1336
4554,.,13.234958,39.163439,.,20.9,23.9,18.2,5.7,768,0,5711,169,1183,1922,1336
4555,.,13.234958,39.163439,.,20.9,23.9,18.2,5.7,768,0,5711,169,1183,1922,1336
4556,.,13.234958,39.163439,.,20.9,23.9,18.2,5.7,768,0,5711,169,1183,1922,1336
4557,.,13.234958,39.163439,.,20.9,23.9,18.2,5.7,768,0,5711,169,1183,1922,1336
4558,.,13.234958,39.163439,.,20.9,23.9,18.2,5.7,768,0,5711,169,1183,1922,1336
4559,.,13.234958,39.163439,.,20.9,23.9,18.2,5.7,768,0,5711,169,1183,1922,1336
4560,.,13.234958,39.163439,.,20.9,23.9,18.2,5.7,768,0,5711,169,1183,1922,1336
4561,.,13.234958,39.163439,.,20.9,23.9,18.2,5.7,768,0,5711,169,1183,1922,1336
4562,.,13.234958,39.163439,.,20.9,23.9,18.2,5.7,768,0,5711,169,1183,1922,1336
4563,.,13.234958,39.163439,.,20.9,23.9,18.2,5.7,768,0,5711,169,1183,1922,1336
4564,.,13.234958,39.163439,.,20.9,23.9,18.2,5.7,768,0,5711,169,1183,1922,1336
4565,.,13.282024,39.44052,.,18.8,21.4,16.3,5.1,679,0,4991,368,656,1825,1295
4566,.,13.282024,39.44052,.,18.8,21.4,16.3,5.1,679,0,4991,368,656,1825,1295
4567,.,13.282024,39.44052,.,18.8,21.4,16.3,5.1,679,0,4991,368,656,1825,1295
4568,.,13.016851,39.367164,.,17.8,20.8,15.2,5.7,844,0,4635,542,481,1770,1162
4569,.,13.016851,39.367164,.,17.8,20.8,15.2,5.7,844,0,4635,542,481,1770,1162
4570,.,13.016851,39.367164,.,17.8,20.8,15.2,5.7,844,0,4635,542,481,1770,1162
4571,.,12.782627,39.306887,.,19,21.8,16.8,5,899,0,5038,348,682,1821,1179
4572,.,12.782627,39.306887,.,19,21.8,16.8,5,899,0,5038,348,682,1821,1179
4573,.,14.087235,37.501526,.,26.9,30.3,24,6.3,438,0,7867,13,3193,2222,1788
4574,.,14.087235,37.501526,.,26.9,30.3,24,6.3,438,0,7867,13,3193,2222,1788
4575,.,13.670993,37.406426,.,20.6,24.1,17.6,6.5,736,0,5631,199,1133,1951,1450
4576,.,13.670993,37.406426,.,20.6,24.1,17.6,6.5,736,0,5631,199,1133,1951,1450
4577,.,13.670993,37.406426,.,20.6,24.1,17.6,6.5,736,0,5631,199,1133,1951,1450
4578,.,13.73157,37.367253,.,21.5,25,18.5,6.5,678,0,5920,142,1369,1982,1493
4579,.,13.73157,37.367253,.,21.5,25,18.5,6.5,678,0,5920,142,1369,1982,1493
4580,.,13.73157,37.367253,.,21.5,25,18.5,6.5,678,0,5920,142,1369,1982,1493
4581,.,13.73157,37.367253,.,21.5,25,18.5,6.5,678,0,5920,142,1369,1982,1493
4582,.,13.477439,37.121338,.,26.7,30.1,24.1,6,705,0,7769,15,3097,2264,1724
4583,.,13.477439,37.121338,.,26.7,30.1,24.1,6,705,0,7769,15,3097,2264,1724
4584,.,13.477439,37.121338,.,26.7,30.1,24.1,6,705,0,7769,15,3097,2264,1724
4585,.,13.516058,37.627316,.,24.8,28.1,22.6,5.5,692,0,7117,31,2461,2121,1604
4586,.,13.516058,37.627316,.,24.8,28.1,22.6,5.5,692,0,7117,31,2461,2121,1604
4587,.,13.516058,37.627316,.,24.8,28.1,22.6,5.5,692,0,7117,31,2461,2121,1604
4588,.,13.372227,37.789874,.,23.9,27,21.7,5.3,905,0,6792,46,2154,2083,1536
4589,.,13.372227,37.789874,.,23.9,27,21.7,5.3,905,0,6792,46,2154,2083,1536
4590,.,13.372227,37.789874,.,23.9,27,21.7,5.3,905,0,6792,46,2154,2083,1536
4591,.,13.372227,37.789874,.,23.9,27,21.7,5.3,905,0,6792,46,2154,2083,1536
4592,.,13.372227,37.789874,.,23.9,27,21.7,5.3,905,0,6792,46,2154,2083,1536
4593,.,13.372227,37.789874,.,23.9,27,21.7,5.3,905,0,6792,46,2154,2083,1536
4594,.,13.372227,37.789874,.,23.9,27,21.7,5.3,905,0,6792,46,2154,2083,1536
4595,.,13.372227,37.789874,.,23.9,27,21.7,5.3,905,0,6792,46,2154,2083,1536
4596,.,13.372227,37.789874,.,23.9,27,21.7,5.3,905,0,6792,46,2154,2083,1536
4597,.,13.372227,37.789874,.,23.9,27,21.7,5.3,905,0,6792,46,2154,2083,1536
4598,.,13.205811,37.787655,.,21.3,24.1,19.1,5,823,0,5846,141,1295,1969,1396
4599,.,13.205811,37.787655,.,21.3,24.1,19.1,5,823,0,5846,141,1295,1969,1396
4600,.,13.205811,37.787655,.,21.3,24.1,19.1,5,823,0,5846,141,1295,1969,1396
4601,.,13.205811,37.787655,.,21.3,24.1,19.1,5,823,0,5846,141,1295,1969,1396
4602,.,13.205811,37.787655,.,21.3,24.1,19.1,5,823,0,5846,141,1295,1969,1396
4603,.,13.205811,37.787655,.,21.3,24.1,19.1,5,823,0,5846,141,1295,1969,1396
4604,.,13.205811,37.787655,.,21.3,24.1,19.1,5,823,0,5846,141,1295,1969,1396
4605,.,13.205811,37.787655,.,21.3,24.1,19.1,5,823,0,5846,141,1295,1969,1396
4606,.,13.205811,37.787655,.,21.3,24.1,19.1,5,823,0,5846,141,1295,1969,1396
4607,.,13.205811,37.787655,.,21.3,24.1,19.1,5,823,0,5846,141,1295,1969,1396
4608,.,12.805252,37.41838,.,22.1,25.2,19.7,5.5,1123,0,6155,98,1566,2029,1324
4609,.,12.805252,37.41838,.,22.1,25.2,19.7,5.5,1123,0,6155,98,1566,2029,1324
4610,.,12.338496,37.675021,.,17,19.9,15.2,4.8,1230,0,4346,683,352,1798,992
4611,.,12.338496,37.675021,.,17,19.9,15.2,4.8,1230,0,4346,683,352,1798,992
4612,.,12.338496,37.675021,.,17,19.9,15.2,4.8,1230,0,4346,683,352,1798,992
4613,.,12.801716,36.930314,.,25.1,28.4,22.4,6,1124,0,7204,29,2541,2169,1468
4614,.,12.801716,36.930314,.,25.1,28.4,22.4,6,1124,0,7204,29,2541,2169,1468
4615,.,12.801716,36.930314,.,25.1,28.4,22.4,6,1124,0,7204,29,2541,2169,1468
4616,.,12.801716,36.930314,.,25.1,28.4,22.4,6,1124,0,7204,29,2541,2169,1468
4617,.,12.801716,36.930314,.,25.1,28.4,22.4,6,1124,0,7204,29,2541,2169,1468
4618,.,12.801716,36.930314,.,25.1,28.4,22.4,6,1124,0,7204,29,2541,2169,1468
4619,.,12.801716,36.930314,.,25.1,28.4,22.4,6,1124,0,7204,29,2541,2169,1468
4620,.,12.801716,36.930314,.,25.1,28.4,22.4,6,1124,0,7204,29,2541,2169,1468
4621,.,12.801716,36.930314,.,25.1,28.4,22.4,6,1124,0,7204,29,2541,2169,1468
4622,.,12.801716,36.930314,.,25.1,28.4,22.4,6,1124,0,7204,29,2541,2169,1468
4623,.,12.39107,35.933589,.,28.1,31.8,25,6.8,883,0,8269,9,3588,2336,1675
4624,.,12.39107,35.933589,.,28.1,31.8,25,6.8,883,0,8269,9,3588,2336,1675
4625,.,12.305988,37.838013,.,19.2,21.9,17.1,4.8,1238,0,5109,315,728,1887,1103
4626,.,12.305988,37.838013,.,19.2,21.9,17.1,4.8,1238,0,5109,315,728,1887,1103
4627,.,12.91969,37.032969,.,24.5,27.8,21.9,5.9,1065,0,6992,39,2337,2132,1477
4628,.,12.356297,38.452442,.,22,24.4,20.2,4.2,1092,0,6117,97,1521,2007,1309
4629,.,12.356297,38.452442,.,22,24.4,20.2,4.2,1092,0,6117,97,1521,2007,1309
4630,.,12.356297,38.452442,.,22,24.4,20.2,4.2,1092,0,6117,97,1521,2007,1309
4631,.,12.356297,38.452442,.,22,24.4,20.2,4.2,1092,0,6117,97,1521,2007,1309
4632,.,12.356297,38.452442,.,22,24.4,20.2,4.2,1092,0,6117,97,1521,2007,1309
4633,.,12.356297,38.452442,.,22,24.4,20.2,4.2,1092,0,6117,97,1521,2007,1309
4634,.,12.356297,38.452442,.,22,24.4,20.2,4.2,1092,0,6117,97,1521,2007,1309
4635,.,12.356297,38.452442,.,22,24.4,20.2,4.2,1092,0,6117,97,1521,2007,1309
4636,.,11.238573,38.311341,.,18.2,20.6,16.5,4.2,1342,0,4764,441,514,1861,924
4637,.,11.238573,38.311341,.,18.2,20.6,16.5,4.2,1342,0,4764,441,514,1861,924
4638,.,11.238573,38.311341,.,18.2,20.6,16.5,4.2,1342,0,4764,441,514,1861,924
4639,.,11.238573,38.311341,.,18.2,20.6,16.5,4.2,1342,0,4764,441,514,1861,924
4640,.,11.238573,38.311341,.,18.2,20.6,16.5,4.2,1342,0,4764,441,514,1861,924
4641,.,11.238573,38.311341,.,18.2,20.6,16.5,4.2,1342,0,4764,441,514,1861,924
4642,.,11.238573,38.311341,.,18.2,20.6,16.5,4.2,1342,0,4764,441,514,1861,924
4643,.,11.689072,37.607455,.,19.1,21.8,17.3,4.5,1454,0,5079,321,706,1877,1042
4644,.,11.689072,37.607455,.,19.1,21.8,17.3,4.5,1454,0,5079,321,706,1877,1042
4645,.,11.689072,37.607455,.,19.1,21.8,17.3,4.5,1454,0,5079,321,706,1877,1042
4646,.,11.689072,37.607455,.,19.1,21.8,17.3,4.5,1454,0,5079,321,706,1877,1042
4647,.,11.962526,39.098154,.,17.9,20.7,16.2,4.4,1088,0,4638,499,451,1803,1059
4648,.,11.356367,39.434924,.,16.9,19.2,14.7,4.5,1073,0,4302,707,319,1795,1025
4649,.,11.41596,39.848571,.,20.8,23.6,18.1,5.5,1191,0,5692,180,1173,1935,1095
4650,.,11.41596,39.848571,.,20.8,23.6,18.1,5.5,1191,0,5692,180,1173,1935,1095
4651,.,11.41596,39.848571,.,20.8,23.6,18.1,5.5,1191,0,5692,180,1173,1935,1095
4652,.,11.08743,39.784391,.,19,21.8,16.6,5.2,1095,0,5067,352,716,1883,996
4653,.,11.08743,39.784391,.,19,21.8,16.6,5.2,1095,0,5067,352,716,1883,996
4654,.,11.08743,39.784391,.,19,21.8,16.6,5.2,1095,0,5067,352,716,1883,996
4655,.,11.08743,39.784391,.,19,21.8,16.6,5.2,1095,0,5067,352,716,1883,996
4656,.,11.026883,38.922935,.,14.9,17.5,12.6,4.9,1278,1,3579,1232,135,1683,841
4657,.,11.026883,38.922935,.,14.9,17.5,12.6,4.9,1278,1,3579,1232,135,1683,841
4658,.,11.026883,38.922935,.,14.9,17.5,12.6,4.9,1278,1,3579,1232,135,1683,841
4659,.,10.579219,38.606253,.,19.5,21.8,17.9,3.9,1360,0,5214,270,781,1930,943
4660,.,10.579219,38.606253,.,19.5,21.8,17.9,3.9,1360,0,5214,270,781,1930,943
4661,.,10.177151,38.97278,.,21,23.2,19.4,3.8,1493,0,5751,146,1202,2002,1006
4662,.,10.177151,38.97278,.,21,23.2,19.4,3.8,1493,0,5751,146,1202,2002,1006
4663,.,10.177151,38.97278,.,21,23.2,19.4,3.8,1493,0,5751,146,1202,2002,1006
4664,.,9.612571,39.783043,.,18.7,21.2,16.3,4.9,1474,0,4925,391,616,1914,760
4665,.,9.612571,39.783043,.,18.7,21.2,16.3,4.9,1474,0,4925,391,616,1914,760
4666,.,9.612571,39.783043,.,18.7,21.2,16.3,4.9,1474,0,4925,391,616,1914,760
4667,.,10.125569,39.317306,.,18.6,21.2,16.7,4.5,1235,0,4916,375,592,1906,972
4668,.,10.907046,38.036517,.,16.1,18.6,14.6,4.1,1424,0,4010,887,230,1769,875
4669,.,10.418072,38.169712,.,16.5,19,14.7,4.3,1370,0,4142,802,267,1804,846
4670,.,10.418072,38.169712,.,16.5,19,14.7,4.3,1370,0,4142,802,267,1804,846
4671,.,10.418072,38.169712,.,16.5,19,14.7,4.3,1370,0,4142,802,267,1804,846
4672,.,10.421617,37.576549,.,17.6,20.2,15.7,4.5,1457,0,4548,549,422,1841,937
4673,.,10.421617,37.576549,.,17.6,20.2,15.7,4.5,1457,0,4548,549,422,1841,937
4674,.,9.991906,37.692553,.,19.8,22,18.2,3.8,1732,0,5323,239,863,1932,864
4675,.,9.991906,37.692553,.,19.8,22,18.2,3.8,1732,0,5323,239,863,1932,864
4676,.,11.651471,37.103281,.,20.4,23.7,18.4,5.2,1375,0,5528,201,1026,1982,1180
4677,.,11.374475,37.452325,.,18.3,21.1,16.5,4.6,1546,0,4782,442,542,1859,973
4678,.,11.374475,37.452325,.,18.3,21.1,16.5,4.6,1546,0,4782,442,542,1859,973
4679,.,11.396274,37.042616,.,19.7,22.9,17.6,5.3,1410,0,5286,262,855,1969,1124
4680,.,10.792776,37.144541,.,18,21.1,15.9,5.2,1367,0,4669,498,494,1848,1013
4681,.,10.792776,37.144541,.,18,21.1,15.9,5.2,1367,0,4669,498,494,1848,1013
4682,.,10.792776,37.144541,.,18,21.1,15.9,5.2,1367,0,4669,498,494,1848,1013
4683,.,10.792776,37.144541,.,18,21.1,15.9,5.2,1367,0,4669,498,494,1848,1013
4684,.,10.792776,37.144541,.,18,21.1,15.9,5.2,1367,0,4669,498,494,1848,1013
4685,.,10.589277,37.461598,.,18.6,21.3,16.4,4.9,1490,0,4881,397,597,1902,1013
4686,.,10.589277,37.461598,.,18.6,21.3,16.4,4.9,1490,0,4881,397,597,1902,1013
4687,.,10.589277,37.461598,.,18.6,21.3,16.4,4.9,1490,0,4881,397,597,1902,1013
4688,.,11.282821,36.959688,.,19.2,22.4,16.9,5.5,1434,0,5103,319,729,1941,1075
4689,.,11.282821,36.959688,.,19.2,22.4,16.9,5.5,1434,0,5103,319,729,1941,1075
4690,.,11.282821,36.959688,.,19.2,22.4,16.9,5.5,1434,0,5103,319,729,1941,1075
4691,.,11.282821,36.959688,.,19.2,22.4,16.9,5.5,1434,0,5103,319,729,1941,1075
4692,.,11.282821,36.959688,.,19.2,22.4,16.9,5.5,1434,0,5103,319,729,1941,1075
4693,.,11.282821,36.959688,.,19.2,22.4,16.9,5.5,1434,0,5103,319,729,1941,1075
4694,.,11.282821,36.959688,.,19.2,22.4,16.9,5.5,1434,0,5103,319,729,1941,1075
4695,.,11.282821,36.959688,.,19.2,22.4,16.9,5.5,1434,0,5103,319,729,1941,1075
4696,.,11.282821,36.959688,.,19.2,22.4,16.9,5.5,1434,0,5103,319,729,1941,1075
4697,.,11.282821,36.959688,.,19.2,22.4,16.9,5.5,1434,0,5103,319,729,1941,1075
4698,.,11.282821,36.959688,.,19.2,22.4,16.9,5.5,1434,0,5103,319,729,1941,1075
4699,.,11.282821,36.959688,.,19.2,22.4,16.9,5.5,1434,0,5103,319,729,1941,1075
4700,.,11.282821,36.959688,.,19.2,22.4,16.9,5.5,1434,0,5103,319,729,1941,1075
4701,.,11.282821,36.959688,.,19.2,22.4,16.9,5.5,1434,0,5103,319,729,1941,1075
4702,.,11.282821,36.959688,.,19.2,22.4,16.9,5.5,1434,0,5103,319,729,1941,1075
4703,.,11.282821,36.959688,.,19.2,22.4,16.9,5.5,1434,0,5103,319,729,1941,1075
4704,.,11.282821,36.959688,.,19.2,22.4,16.9,5.5,1434,0,5103,319,729,1941,1075
4705,.,11.282821,36.959688,.,19.2,22.4,16.9,5.5,1434,0,5103,319,729,1941,1075
4706,.,11.282821,36.959688,.,19.2,22.4,16.9,5.5,1434,0,5103,319,729,1941,1075
4707,.,11.282821,36.959688,.,19.2,22.4,16.9,5.5,1434,0,5103,319,729,1941,1075
4708,.,11.282821,36.959688,.,19.2,22.4,16.9,5.5,1434,0,5103,319,729,1941,1075
4709,.,11.282821,36.959688,.,19.2,22.4,16.9,5.5,1434,0,5103,319,729,1941,1075
4710,.,11.282821,36.959688,.,19.2,22.4,16.9,5.5,1434,0,5103,319,729,1941,1075
4711,.,12.758064,38.99387,.,20.1,22.6,17.9,4.8,988,0,5424,225,954,1880,1226
4712,.,12.758064,38.99387,.,20.1,22.6,17.9,4.8,988,0,5424,225,954,1880,1226
4713,.,12.758064,38.99387,.,20.1,22.6,17.9,4.8,988,0,5424,225,954,1880,1226
4714,.,12.514444,38.824984,.,19.3,21.9,17.4,4.6,998,0,5152,302,755,1860,1191
4715,.,12.514444,38.824984,.,19.3,21.9,17.4,4.6,998,0,5152,302,755,1860,1191
4716,.,12.514444,38.824984,.,19.3,21.9,17.4,4.6,998,0,5152,302,755,1860,1191
4717,.,12.514444,38.824984,.,19.3,21.9,17.4,4.6,998,0,5152,302,755,1860,1191
4718,.,11.19134,36.949697,.,18.5,21.7,16,5.7,1414,0,4847,418,585,1898,1040
4719,.,11.19134,36.949697,.,18.5,21.7,16,5.7,1414,0,4847,418,585,1898,1040
4720,.,11.19134,36.949697,.,18.5,21.7,16,5.7,1414,0,4847,418,585,1898,1040
4721,.,11.19134,36.949697,.,18.5,21.7,16,5.7,1414,0,4847,418,585,1898,1040
4722,.,10.93707,36.654755,.,19.4,22.7,16.8,5.9,1591,0,5187,295,788,1927,1035
4723,.,10.93707,36.654755,.,19.4,22.7,16.8,5.9,1591,0,5187,295,788,1927,1035
4724,.,10.93707,36.654755,.,19.4,22.7,16.8,5.9,1591,0,5187,295,788,1927,1035
4725,.,11.063662,37.070379,.,17.6,20.8,15.3,5.5,1421,0,4524,572,418,1842,1017
4726,.,11.063662,37.070379,.,17.6,20.8,15.3,5.5,1421,0,4524,572,418,1842,1017
4727,.,11.063662,37.070379,.,17.6,20.8,15.3,5.5,1421,0,4524,572,418,1842,1017
4728,.,10.72069,39.886029,.,21.9,24.1,19.5,4.7,965,0,6066,111,1482,2070,1225
4729,.,10.72069,39.886029,.,21.9,24.1,19.5,4.7,965,0,6066,111,1482,2070,1225
4730,.,10.588352,39.907496,.,22,24.5,19.7,4.7,988,0,6124,102,1530,2068,1201
4731,.,10.588352,39.907496,.,22,24.5,19.7,4.7,988,0,6124,102,1530,2068,1201
4732,.,10.588352,39.907496,.,22,24.5,19.7,4.7,988,0,6124,102,1530,2068,1201
4733,.,11.003907,39.93879,.,20.6,23.3,17.9,5.4,1063,0,5606,198,1105,1939,1046
4734,.,11.003907,39.93879,.,20.6,23.3,17.9,5.4,1063,0,5606,198,1105,1939,1046
4735,.,11.003907,39.93879,.,20.6,23.3,17.9,5.4,1063,0,5606,198,1105,1939,1046
4736,.,10.987839,39.923407,.,20,22.8,17.3,5.5,1064,0,5418,246,962,1919,1030
4737,.,10.987839,39.923407,.,20,22.8,17.3,5.5,1064,0,5418,246,962,1919,1030
4738,.,10.987839,39.923407,.,20,22.8,17.3,5.5,1064,0,5418,246,962,1919,1030
4739,.,9.837059,34.915015,.,22.8,26.2,20.4,5.8,1476,0,6384,75,1772,2108,1184
4740,.,9.837059,34.915015,.,22.8,26.2,20.4,5.8,1476,0,6384,75,1772,2108,1184
4741,.,8.768865,35.567175,.,20.8,23.1,18.7,4.4,1839,0,5680,160,1143,2037,897
4742,.,8.768865,35.567175,.,20.8,23.1,18.7,4.4,1839,0,5680,160,1143,2037,897
4743,.,8.768865,35.567175,.,20.8,23.1,18.7,4.4,1839,0,5680,160,1143,2037,897
4744,.,8.768865,35.567175,.,20.8,23.1,18.7,4.4,1839,0,5680,160,1143,2037,897
4745,.,9.847087,36.342298,.,19.1,21.7,17.1,4.6,1776,0,5084,315,708,1900,913
4746,.,9.030842,36.403794,.,19,21.2,17.2,4,2083,0,5056,318,681,1899,770
4747,.,9.030842,36.403794,.,19,21.2,17.2,4,2083,0,5056,318,681,1899,770
4748,.,9.030842,36.403794,.,19,21.2,17.2,4,2083,0,5056,318,681,1899,770
4749,.,9.030842,36.403794,.,19,21.2,17.2,4,2083,0,5056,318,681,1899,770
4750,.,8.653678,36.607747,.,19.7,21.8,18.4,3.4,1671,0,5300,237,832,1976,849
4751,.,8.653678,36.607747,.,19.7,21.8,18.4,3.4,1671,0,5300,237,832,1976,849
4752,.,8.653678,36.607747,.,19.7,21.8,18.4,3.4,1671,0,5300,237,832,1976,849
4753,.,8.189306,36.469985,.,17.6,19.3,16.4,2.9,1857,0,4531,536,389,1889,669
4754,.,8.189306,36.469985,.,17.6,19.3,16.4,2.9,1857,0,4531,536,389,1889,669
4755,.,8.189306,36.469985,.,17.6,19.3,16.4,2.9,1857,0,4531,536,389,1889,669
4756,.,7.669124,36.925535,.,19.3,20.9,18.1,2.7,1546,0,5164,270,724,1996,768
4757,.,7.669124,36.925535,.,19.3,20.9,18.1,2.7,1546,0,5164,270,724,1996,768
4758,.,7.669124,36.925535,.,19.3,20.9,18.1,2.7,1546,0,5164,270,724,1996,768
4759,.,7.669124,36.925535,.,19.3,20.9,18.1,2.7,1546,0,5164,270,724,1996,768
4760,.,7.669124,36.925535,.,19.3,20.9,18.1,2.7,1546,0,5164,270,724,1996,768
4761,.,7.669124,36.925535,.,19.3,20.9,18.1,2.7,1546,0,5164,270,724,1996,768
4762,.,7.669124,36.925535,.,19.3,20.9,18.1,2.7,1546,0,5164,270,724,1996,768
4763,.,7.669124,36.925535,.,19.3,20.9,18.1,2.7,1546,0,5164,270,724,1996,768
4764,.,7.669124,36.925535,.,19.3,20.9,18.1,2.7,1546,0,5164,270,724,1996,768
4765,.,7.669124,36.925535,.,19.3,20.9,18.1,2.7,1546,0,5164,270,724,1996,768
4766,.,7.669124,36.925535,.,19.3,20.9,18.1,2.7,1546,0,5164,270,724,1996,768
4767,.,7.669124,36.925535,.,19.3,20.9,18.1,2.7,1546,0,5164,270,724,1996,768
4768,.,7.669124,36.925535,.,19.3,20.9,18.1,2.7,1546,0,5164,270,724,1996,768
4769,.,7.669124,36.925535,.,19.3,20.9,18.1,2.7,1546,0,5164,270,724,1996,768
4770,.,7.669124,36.925535,.,19.3,20.9,18.1,2.7,1546,0,5164,270,724,1996,768
4771,.,7.669124,36.925535,.,19.3,20.9,18.1,2.7,1546,0,5164,270,724,1996,768
4772,.,7.669124,36.925535,.,19.3,20.9,18.1,2.7,1546,0,5164,270,724,1996,768
4773,.,7.669124,36.925535,.,19.3,20.9,18.1,2.7,1546,0,5164,270,724,1996,768
4774,.,7.669124,36.925535,.,19.3,20.9,18.1,2.7,1546,0,5164,270,724,1996,768
4775,.,7.669124,36.925535,.,19.3,20.9,18.1,2.7,1546,0,5164,270,724,1996,768
4776,.,7.669124,36.925535,.,19.3,20.9,18.1,2.7,1546,0,5164,270,724,1996,768
4777,.,7.669124,36.925535,.,19.3,20.9,18.1,2.7,1546,0,5164,270,724,1996,768
4778,.,7.669124,36.925535,.,19.3,20.9,18.1,2.7,1546,0,5164,270,724,1996,768
4779,.,7.669124,36.925535,.,19.3,20.9,18.1,2.7,1546,0,5164,270,724,1996,768
4780,.,7.669124,36.925535,.,19.3,20.9,18.1,2.7,1546,0,5164,270,724,1996,768
4781,.,7.669124,36.925535,.,19.3,20.9,18.1,2.7,1546,0,5164,270,724,1996,768
4782,.,7.669124,36.925535,.,19.3,20.9,18.1,2.7,1546,0,5164,270,724,1996,768
4783,.,7.669124,36.925535,.,19.3,20.9,18.1,2.7,1546,0,5164,270,724,1996,768
4784,.,7.547831,37.081825,.,18.6,20.2,17.4,2.9,1627,0,4909,356,568,1947,708
4785,.,7.547831,37.081825,.,18.6,20.2,17.4,2.9,1627,0,4909,356,568,1947,708
4786,.,7.547831,37.081825,.,18.6,20.2,17.4,2.9,1627,0,4909,356,568,1947,708
4787,.,7.547831,37.081825,.,18.6,20.2,17.4,2.9,1627,0,4909,356,568,1947,708
4788,.,7.475567,36.442976,.,21.3,22.9,20.1,2.8,1623,0,5868,119,1291,2115,780
4789,.,7.475567,36.442976,.,21.3,22.9,20.1,2.8,1623,0,5868,119,1291,2115,780
4790,.,7.475567,36.442976,.,21.3,22.9,20.1,2.8,1623,0,5868,119,1291,2115,780
4791,.,8.466463,37.436921,.,20.6,22.3,19.1,3.1,1531,0,5600,167,1068,2027,913
4792,.,8.466463,37.436921,.,20.6,22.3,19.1,3.1,1531,0,5600,167,1068,2027,913
4793,.,10.016586,38.249227,.,18.1,20.2,16.6,3.5,1834,0,4709,460,482,1848,835
4794,.,10.016586,38.249227,.,18.1,20.2,16.6,3.5,1834,0,4709,460,482,1848,835
4795,.,10.016586,38.249227,.,18.1,20.2,16.6,3.5,1834,0,4709,460,482,1848,835
4796,.,9.891234,38.374431,.,16.7,18.8,15.1,3.8,1458,0,4218,738,281,1781,857
4797,.,8.738148,39.840529,.,24.3,26.7,22.1,4.6,763,0,6951,37,2315,2212,1448
4798,.,8.738148,39.840529,.,24.3,26.7,22.1,4.6,763,0,6951,37,2315,2212,1448
4799,.,8.738148,39.840529,.,24.3,26.7,22.1,4.6,763,0,6951,37,2315,2212,1448
4800,.,8.738148,39.840529,.,24.3,26.7,22.1,4.6,763,0,6951,37,2315,2212,1448
4801,.,8.738148,39.840529,.,24.3,26.7,22.1,4.6,763,0,6951,37,2315,2212,1448
4802,.,8.738148,39.840529,.,24.3,26.7,22.1,4.6,763,0,6951,37,2315,2212,1448
4803,.,8.738148,39.840529,.,24.3,26.7,22.1,4.6,763,0,6951,37,2315,2212,1448
4804,.,8.738148,39.840529,.,24.3,26.7,22.1,4.6,763,0,6951,37,2315,2212,1448
4805,.,8.738148,39.840529,.,24.3,26.7,22.1,4.6,763,0,6951,37,2315,2212,1448
4806,.,8.727179,39.1877,.,18.4,20.7,16.6,4.1,1221,0,4817,412,533,1920,895
4807,.,8.727179,39.1877,.,18.4,20.7,16.6,4.1,1221,0,4817,412,533,1920,895
4808,.,8.727179,39.1877,.,18.4,20.7,16.6,4.1,1221,0,4817,412,533,1920,895
4809,.,8.727179,39.1877,.,18.4,20.7,16.6,4.1,1221,0,4817,412,533,1920,895
4810,.,8.113327,38.775305,.,20.3,22.3,18.6,3.6,1013,0,5493,191,979,2029,1061
4811,.,8.683492,38.805437,.,19.2,21.3,17.6,3.7,1051,0,5110,295,698,1982,1070
4812,.,8.088423,39.034925,.,20,22.3,18.4,3.9,1084,0,5396,215,907,2001,1034
4813,.,7.58861,39.794594,.,19.1,20.8,17.4,3.3,1264,0,5098,298,691,1965,782
4814,.,7.58861,39.794594,.,19.1,20.8,17.4,3.3,1264,0,5098,298,691,1965,782
4815,.,7.58861,39.794594,.,19.1,20.8,17.4,3.3,1264,0,5098,298,691,1965,782
4816,.,8.939001,40.471449,.,21.3,23.9,18.9,5.1,987,0,5861,139,1295,2030,1055
4817,.,8.939001,40.471449,.,21.3,23.9,18.9,5.1,987,0,5861,139,1295,2030,1055
4818,.,8.652309,40.61785,.,20.6,23.1,18.4,4.7,1158,0,5632,177,1110,2044,1014
4819,.,8.652309,40.61785,.,20.6,23.1,18.4,4.7,1158,0,5632,177,1110,2044,1014
4820,.,8.652309,40.61785,.,20.6,23.1,18.4,4.7,1158,0,5632,177,1110,2044,1014
4821,.,9.009369,40.721875,.,19.5,22.1,16.7,5.3,998,0,5221,299,823,1958,1006
4822,.,9.009369,40.721875,.,19.5,22.1,16.7,5.3,998,0,5221,299,823,1958,1006
4823,.,9.009369,40.721875,.,19.5,22.1,16.7,5.3,998,0,5221,299,823,1958,1006
4824,.,9.183186,42.020688,.,21.1,24,17.9,6.1,683,0,5819,170,1296,2053,1364
4825,.,9.183186,42.020688,.,21.1,24,17.9,6.1,683,0,5819,170,1296,2053,1364
4826,.,9.37406,41.588459,.,18.1,21.1,14.5,6.6,871,0,4740,544,580,1876,1033
4827,.,9.37406,41.588459,.,18.1,21.1,14.5,6.6,871,0,4740,544,580,1876,1033
4828,.,9.37406,41.588459,.,18.1,21.1,14.5,6.6,871,0,4740,544,580,1876,1033
4829,.,9.062638,41.687471,.,19.9,22.5,17,5.6,918,0,5372,259,933,1965,1090
4830,.,9.15085,41.844056,.,18.5,21.2,15.1,6.1,872,0,4862,469,630,1900,1044
4831,.,9.15085,41.844056,.,18.5,21.2,15.1,6.1,872,0,4862,469,630,1900,1044
4832,.,9.15085,41.844056,.,18.5,21.2,15.1,6.1,872,0,4862,469,630,1900,1044
4833,.,5.595683,38.293619,.,19.2,20.5,18.2,2.2,1261,0,5125,273,688,1917,788
4834,.,8.720428,37.911457,.,15.4,17.3,14,3.3,1565,0,3725,1082,154,1754,681
4835,.,8.821663,38.346927,.,18,20.1,16.7,3.4,1027,0,4697,461,471,1943,1040
4836,.,5.525706,38.762067,.,20.9,22.5,19.8,2.7,1101,0,5710,140,1145,1961,924
4837,.,7.349188,38.804934,.,17.8,19.7,16.4,3.3,1151,0,4603,498,420,1871,847
4838,.,7.349188,38.804934,.,17.8,19.7,16.4,3.3,1151,0,4603,498,420,1871,847
4839,.,7.268504,38.602092,.,19.1,21,17.7,3.3,1048,0,5093,296,683,1965,949
4840,.,7.268504,38.602092,.,19.1,21,17.7,3.3,1048,0,5093,296,683,1965,949
4841,.,7.268504,38.602092,.,19.1,21,17.7,3.3,1048,0,5093,296,683,1965,949
4842,.,7.268504,38.602092,.,19.1,21,17.7,3.3,1048,0,5093,296,683,1965,949
4843,.,7.268504,38.602092,.,19.1,21,17.7,3.3,1048,0,5093,296,683,1965,949
4844,.,7.268504,38.602092,.,19.1,21,17.7,3.3,1048,0,5093,296,683,1965,949
4845,.,7.268504,38.602092,.,19.1,21,17.7,3.3,1048,0,5093,296,683,1965,949
4846,.,7.268504,38.602092,.,19.1,21,17.7,3.3,1048,0,5093,296,683,1965,949
4847,.,7.268504,38.602092,.,19.1,21,17.7,3.3,1048,0,5093,296,683,1965,949
4848,.,7.268504,38.602092,.,19.1,21,17.7,3.3,1048,0,5093,296,683,1965,949
4849,.,7.268504,38.602092,.,19.1,21,17.7,3.3,1048,0,5093,296,683,1965,949
4850,.,7.268504,38.602092,.,19.1,21,17.7,3.3,1048,0,5093,296,683,1965,949
4851,.,7.268504,38.602092,.,19.1,21,17.7,3.3,1048,0,5093,296,683,1965,949
4852,.,7.268504,38.602092,.,19.1,21,17.7,3.3,1048,0,5093,296,683,1965,949
4853,.,7.268504,38.602092,.,19.1,21,17.7,3.3,1048,0,5093,296,683,1965,949
4854,.,7.268504,38.602092,.,19.1,21,17.7,3.3,1048,0,5093,296,683,1965,949
4855,.,8.614921,34.651436,.,20.4,22.7,18.4,4.3,1487,0,5534,187,1019,2012,880
4856,.,8.614921,34.651436,.,20.4,22.7,18.4,4.3,1487,0,5534,187,1019,2012,880
4857,.,9.790075,37.505942,.,18.7,20.8,17.2,3.7,2019,0,4929,369,602,1880,878
4858,.,9.790075,37.505942,.,18.7,20.8,17.2,3.7,2019,0,4929,369,602,1880,878
4859,.,9.790075,37.505942,.,18.7,20.8,17.2,3.7,2019,0,4929,369,602,1880,878
4860,.,9.844081,37.127135,.,16.6,19.1,15.2,3.9,1895,0,4196,762,285,1776,759
4861,.,9.844081,37.127135,.,16.6,19.1,15.2,3.9,1895,0,4196,762,285,1776,759
4862,.,9.239758,42.441943,.,21.6,24.5,18.1,6.4,638,0,5975,148,1428,2041,1397
4863,.,9.40054,42.858526,.,21,23.9,17.1,6.8,491,0,5775,201,1288,2039,1545
4864,.,9.301856,42.596492,.,21.8,24.6,18.2,6.4,604,0,6049,139,1489,2062,1452
4865,.,9.301856,42.596492,.,21.8,24.6,18.2,6.4,604,0,6049,139,1489,2062,1452
4866,.,9.301856,42.596492,.,21.8,24.6,18.2,6.4,604,0,6049,139,1489,2062,1452
4867,.,9.323408,43.278412,.,21.1,24.3,17,7.3,440,0,5802,204,1316,1989,1545
4868,.,9.323408,43.278412,.,21.1,24.3,17,7.3,440,0,5802,204,1316,1989,1545
4869,.,9.323408,43.278412,.,21.1,24.3,17,7.3,440,0,5802,204,1316,1989,1545
4870,.,9.323408,43.278412,.,21.1,24.3,17,7.3,440,0,5802,204,1316,1989,1545
4871,.,11.332329,36.272018,.,24.1,27.6,21.5,6.1,1323,0,6865,44,2213,2128,1292
4872,.,11.332329,36.272018,.,24.1,27.6,21.5,6.1,1323,0,6865,44,2213,2128,1292
4873,.,11.332329,36.272018,.,24.1,27.6,21.5,6.1,1323,0,6865,44,2213,2128,1292
4874,.,11.115609,36.376343,.,24.1,27.3,21,6.4,1840,0,6863,44,2215,2151,1255
4875,.,11.115609,36.376343,.,24.1,27.3,21,6.4,1840,0,6863,44,2215,2151,1255
4876,.,11.115609,36.376343,.,24.1,27.3,21,6.4,1840,0,6863,44,2215,2151,1255
4877,.,11.115609,36.376343,.,24.1,27.3,21,6.4,1840,0,6863,44,2215,2151,1255
4878,.,10.502376,36.004808,.,22.4,25.8,19.9,5.9,1518,0,6238,91,1635,2067,1154
4879,.,10.502376,36.004808,.,22.4,25.8,19.9,5.9,1518,0,6238,91,1635,2067,1154
4880,.,10.482209,34.786178,.,25.9,29.9,23.4,6.6,1210,0,7497,21,2827,2220,1358
4881,.,10.482209,34.786178,.,25.9,29.9,23.4,6.6,1210,0,7497,21,2827,2220,1358
4882,.,10.482209,34.786178,.,25.9,29.9,23.4,6.6,1210,0,7497,21,2827,2220,1358
4883,.,10.482209,34.786178,.,25.9,29.9,23.4,6.6,1210,0,7497,21,2827,2220,1358
4884,.,10.482209,34.786178,.,25.9,29.9,23.4,6.6,1210,0,7497,21,2827,2220,1358
4885,.,10.081238,34.68319,.,22.8,26.4,20.5,5.9,1375,0,6404,75,1790,2091,1192
4886,.,10.081238,34.68319,.,22.8,26.4,20.5,5.9,1375,0,6404,75,1790,2091,1192
4887,.,10.081238,34.68319,.,22.8,26.4,20.5,5.9,1375,0,6404,75,1790,2091,1192
4888,.,10.081238,34.68319,.,22.8,26.4,20.5,5.9,1375,0,6404,75,1790,2091,1192
4889,.,9.744228,34.787297,.,22.8,26.2,20.6,5.6,1294,0,6405,73,1790,2131,1206
4890,.,9.744228,34.787297,.,22.8,26.2,20.6,5.6,1294,0,6405,73,1790,2131,1206
4891,.,9.744228,34.787297,.,22.8,26.2,20.6,5.6,1294,0,6405,73,1790,2131,1206
4892,.,10.181368,35.281505,.,26.5,30,23.8,6.2,1346,0,7697,16,3030,2242,1368
4893,.,10.181368,35.281505,.,26.5,30,23.8,6.2,1346,0,7697,16,3030,2242,1368
4894,.,9.620333,34.534265,.,22.9,26.2,20.5,5.7,1395,0,6430,71,1814,2111,1171
4895,.,9.620333,34.534265,.,22.9,26.2,20.5,5.7,1395,0,6430,71,1814,2111,1171
4896,.,9.476512,34.420902,.,23.3,26.5,20.9,5.6,1336,0,6578,59,1948,2141,1182
4897,.,9.476512,34.420902,.,23.3,26.5,20.9,5.6,1336,0,6578,59,1948,2141,1182
4898,.,9.476512,34.420902,.,23.3,26.5,20.9,5.6,1336,0,6578,59,1948,2141,1182
4899,.,8.168632,38.646453,.,19.1,21.2,17.4,3.8,1139,0,5097,300,690,1959,939
4900,.,8.168632,38.646453,.,19.1,21.2,17.4,3.8,1139,0,5097,300,690,1959,939
4901,.,8.168632,38.646453,.,19.1,21.2,17.4,3.8,1139,0,5097,300,690,1959,939
4902,.,8.204299,37.793135,.,19,20.7,17.7,3,1702,0,5058,309,664,1933,784
4903,.,7.705385,37.650539,.,19.3,20.8,18,2.9,1689,0,5153,274,718,1977,753
4904,.,7.705385,37.650539,.,19.3,20.8,18,2.9,1689,0,5153,274,718,1977,753
4905,.,7.705385,37.650539,.,19.3,20.8,18,2.9,1689,0,5153,274,718,1977,753
4906,.,7.1743,37.949268,.,18.5,19.8,17.4,2.4,1295,0,4880,365,549,1927,721
4907,.,7.1743,37.949268,.,18.5,19.8,17.4,2.4,1295,0,4880,365,549,1927,721
4908,.,7.51326,37.646138,.,18.2,19.6,17.2,2.4,1542,0,4760,418,490,1906,715
4909,.,6.930849,38.595896,.,16.5,18,15.1,2.9,1199,0,4150,762,242,1805,727
4910,.,6.655807,38.324574,.,19.7,21.1,18.7,2.4,1261,0,5309,224,816,1996,765
4911,.,6.655807,38.324574,.,19.7,21.1,18.7,2.4,1261,0,5309,224,816,1996,765
4912,.,6.655807,38.324574,.,19.7,21.1,18.7,2.4,1261,0,5309,224,816,1996,765
4913,.,6.949926,37.886494,.,18.8,20,17.7,2.3,1522,0,4972,327,597,1924,628
4914,.,6.949926,37.886494,.,18.8,20,17.7,2.3,1522,0,4972,327,597,1924,628
4915,.,6.949926,37.886494,.,18.8,20,17.7,2.3,1522,0,4972,327,597,1924,628
4916,.,6.902101,37.734876,.,18.1,19.4,16.9,2.4,1627,0,4705,438,455,1887,598
4917,.,6.783019,37.550981,.,19.3,20.7,18.2,2.5,1612,0,5149,269,708,1950,588
4918,.,6.706858,37.409545,.,20.6,22,19.5,2.6,1539,0,5599,160,1054,2013,616
4919,.,6.706858,37.409545,.,20.6,22,19.5,2.6,1539,0,5599,160,1054,2013,616
4920,.,6.706858,37.409545,.,20.6,22,19.5,2.6,1539,0,5599,160,1054,2013,616
4921,.,6.706858,37.409545,.,20.6,22,19.5,2.6,1539,0,5599,160,1054,2013,616
4922,.,6.706858,37.409545,.,20.6,22,19.5,2.6,1539,0,5599,160,1054,2013,616
4923,.,7.190572,35.422831,.,23.8,25.5,22.1,3.3,1372,0,6734,43,2093,2223,986
4924,.,7.313182,36.595191,.,19.8,21.2,18.6,2.6,1602,0,5340,215,845,2008,699
4925,.,7.313182,36.595191,.,19.8,21.2,18.6,2.6,1602,0,5340,215,845,2008,699
4926,.,7.313182,36.595191,.,19.8,21.2,18.6,2.6,1602,0,5340,215,845,2008,699
4927,.,7.448677,35.868075,.,19.4,21,18.3,2.7,1463,0,5198,258,743,2027,801
4928,.,7.448677,35.868075,.,19.4,21,18.3,2.7,1463,0,5198,258,743,2027,801
4929,.,6.63095,36.785203,.,19.9,21.3,18.7,2.6,1493,0,5359,212,852,1989,633
4930,.,6.63095,36.785203,.,19.9,21.3,18.7,2.6,1493,0,5359,212,852,1989,633
4931,.,5.988171,37.438786,.,20.5,21.7,19.4,2.3,1567,0,5571,165,1022,1998,642
4932,.,6.949029,35.772022,.,18.9,20.7,17.7,3,1572,0,5003,323,622,1973,611
4933,.,6.80493,35.864615,.,19.4,21,18.1,2.9,1556,0,5195,259,742,2010,594
4934,.,6.80493,35.864615,.,19.4,21,18.1,2.9,1556,0,5195,259,742,2010,594
4935,.,6.80493,35.864615,.,19.4,21,18.1,2.9,1556,0,5195,259,742,2010,594
4936,.,6.80493,35.864615,.,19.4,21,18.1,2.9,1556,0,5195,259,742,2010,594
4937,.,6.260068,35.264555,.,23.1,24.6,21.8,2.8,1327,0,6500,56,1873,2157,897
4938,.,6.260068,35.264555,.,23.1,24.6,21.8,2.8,1327,0,6500,56,1873,2157,897
4939,.,6.260068,35.264555,.,23.1,24.6,21.8,2.8,1327,0,6500,56,1873,2157,897
4940,.,6.260068,35.264555,.,23.1,24.6,21.8,2.8,1327,0,6500,56,1873,2157,897
4941,.,7.889126,37.545659,.,17.6,19,16.6,2.5,1933,0,4559,516,396,1870,598
4942,.,7.889126,37.545659,.,17.6,19,16.6,2.5,1933,0,4559,516,396,1870,598
4943,.,7.889126,37.545659,.,17.6,19,16.6,2.5,1933,0,4559,516,396,1870,598
4944,.,7.889126,37.545659,.,17.6,19,16.6,2.5,1933,0,4559,516,396,1870,598
4945,.,7.889126,37.545659,.,17.6,19,16.6,2.5,1933,0,4559,516,396,1870,598
4946,.,7.889126,37.545659,.,17.6,19,16.6,2.5,1933,0,4559,516,396,1870,598
4947,.,7.889126,37.545659,.,17.6,19,16.6,2.5,1933,0,4559,516,396,1870,598
4948,.,7.889126,37.545659,.,17.6,19,16.6,2.5,1933,0,4559,516,396,1870,598
4949,.,7.889126,37.545659,.,17.6,19,16.6,2.5,1933,0,4559,516,396,1870,598
4950,.,7.889126,37.545659,.,17.6,19,16.6,2.5,1933,0,4559,516,396,1870,598
4951,.,7.731696,37.498584,.,18.2,19.6,17.3,2.3,1827,0,4754,419,485,1899,610
4952,.,7.731696,37.498584,.,18.2,19.6,17.3,2.3,1827,0,4754,419,485,1899,610
4953,.,7.731696,37.498584,.,18.2,19.6,17.3,2.3,1827,0,4754,419,485,1899,610
4954,.,7.731696,37.498584,.,18.2,19.6,17.3,2.3,1827,0,4754,419,485,1899,610
4955,.,7.731696,37.498584,.,18.2,19.6,17.3,2.3,1827,0,4754,419,485,1899,610
4956,.,7.731696,37.498584,.,18.2,19.6,17.3,2.3,1827,0,4754,419,485,1899,610
4957,.,7.731696,37.498584,.,18.2,19.6,17.3,2.3,1827,0,4754,419,485,1899,610
4958,.,7.731696,37.498584,.,18.2,19.6,17.3,2.3,1827,0,4754,419,485,1899,610
4959,.,7.731696,37.498584,.,18.2,19.6,17.3,2.3,1827,0,4754,419,485,1899,610
4960,.,7.731696,37.498584,.,18.2,19.6,17.3,2.3,1827,0,4754,419,485,1899,610
4961,.,7.731696,37.498584,.,18.2,19.6,17.3,2.3,1827,0,4754,419,485,1899,610
4962,.,7.731696,37.498584,.,18.2,19.6,17.3,2.3,1827,0,4754,419,485,1899,610
4963,.,7.731696,37.498584,.,18.2,19.6,17.3,2.3,1827,0,4754,419,485,1899,610
4964,.,7.731696,37.498584,.,18.2,19.6,17.3,2.3,1827,0,4754,419,485,1899,610
4965,.,7.731696,37.498584,.,18.2,19.6,17.3,2.3,1827,0,4754,419,485,1899,610
4966,.,7.731696,37.498584,.,18.2,19.6,17.3,2.3,1827,0,4754,419,485,1899,610
4967,.,7.731696,37.498584,.,18.2,19.6,17.3,2.3,1827,0,4754,419,485,1899,610
4968,.,7.731696,37.498584,.,18.2,19.6,17.3,2.3,1827,0,4754,419,485,1899,610
4969,.,7.731696,37.498584,.,18.2,19.6,17.3,2.3,1827,0,4754,419,485,1899,610
4970,.,7.146379,36.89714,.,20.6,22,19.5,2.5,1660,0,5620,157,1071,2040,665
4971,.,7.146379,36.89714,.,20.6,22,19.5,2.5,1660,0,5620,157,1071,2040,665
4972,.,7.099243,37.128257,.,19.8,21.2,18.7,2.5,1566,0,5323,221,826,1977,641
4973,.,7.099243,37.128257,.,19.8,21.2,18.7,2.5,1566,0,5323,221,826,1977,641
4974,.,6.943022,37.295017,.,21.7,23,20.7,2.3,1562,0,6005,99,1409,2064,684
4975,.,6.943022,37.295017,.,21.7,23,20.7,2.3,1562,0,6005,99,1409,2064,684
4976,.,6.943022,37.295017,.,21.7,23,20.7,2.3,1562,0,6005,99,1409,2064,684
4977,.,7.036077,37.309279,.,19.3,20.7,18.1,2.6,1623,0,5155,269,713,1955,606
4978,.,7.036077,37.309279,.,19.3,20.7,18.1,2.6,1623,0,5155,269,713,1955,606
4979,.,7.036077,37.309279,.,19.3,20.7,18.1,2.6,1623,0,5155,269,713,1955,606
4980,.,7.15975,36.836042,.,20.6,22,19.6,2.4,1656,0,5607,159,1052,2045,667
4981,.,8.07579,38.439597,.,18.9,20.9,17.3,3.6,1126,0,5016,327,640,1992,958
4982,.,8.07579,38.439597,.,18.9,20.9,17.3,3.6,1126,0,5016,327,640,1992,958
4983,.,7.79121,38.329508,.,18.6,20.4,17.1,3.4,1228,0,4915,361,577,1945,835
4984,.,7.79121,38.329508,.,18.6,20.4,17.1,3.4,1228,0,4915,361,577,1945,835
4985,.,7.79121,38.329508,.,18.6,20.4,17.1,3.4,1228,0,4915,361,577,1945,835
4986,.,7.79121,38.329508,.,18.6,20.4,17.1,3.4,1228,0,4915,361,577,1945,835
4987,.,7.405683,38.081075,.,18.9,20.2,17.6,2.6,1140,0,5006,321,624,1980,871
4988,.,7.405683,38.081075,.,18.9,20.2,17.6,2.6,1140,0,5006,321,624,1980,871
4989,.,7.276738,38.115738,.,19.4,20.6,18,2.6,1134,0,5178,266,733,2013,890
11292,.,0.711598,33.684834,.,23.4,24.6,22.2,2.4,1817,0,6606,48,1977,2075,768
11293,.,0.55132,33.125862,.,22.8,24.1,21.6,2.5,1674,0,6402,61,1777,2000,689
11294,.,-1.255216,30.05682,.,17.7,18.6,16.2,2.4,1295,0,4575,501,385,1815,608
11295,.,-0.344248,31.571665,.,21.6,22.7,20.7,2,1226,0,5977,100,1380,1936,856
11296,.,0.551626,33.618896,.,23,24.1,21.8,2.3,1765,0,6458,57,1836,2026,740
11297,.,0.775407,33.347477,.,23.3,24.6,22.2,2.4,1796,0,6578,49,1951,2049,730
11298,.,0.924405,33.13051,.,23.3,24.7,22.1,2.5,1808,0,6582,49,1954,2037,686
11299,.,0.924405,33.13051,.,23.3,24.7,22.1,2.5,1808,0,6582,49,1954,2037,686
11300,.,1.313597,33.74017,.,24,25.4,22.6,2.8,1736,0,6819,37,2171,2124,839
11301,.,0.808689,34.33627,.,22.3,23.4,21.1,2.4,1896,0,6214,76,1596,2067,776
11302,.,0.058414,29.949335,.,21.6,23,20.8,2.2,1523,0,5959,102,1349,1940,556
11303,.,-0.987177,30.129835,.,19.8,20.4,18.8,1.7,1253,0,5317,219,819,1913,719
11304,.,0.545564,33.093765,.,22.9,24.1,21.7,2.4,1666,0,6433,59,1812,2008,697
11305,.,0.431405,33.81264,.,22.7,23.9,21.6,2.3,1842,0,6368,63,1745,2001,710
11306,.,0.551626,33.618896,.,23,24.1,21.8,2.3,1765,0,6458,57,1836,2026,740
11307,.,0.625762,33.288773,.,22.8,24.1,21.5,2.6,1738,0,6378,63,1756,1996,706
11308,.,0.55132,33.125862,.,22.8,24.1,21.6,2.5,1674,0,6402,61,1777,2000,689
11309,.,0.924405,33.13051,.,23.3,24.7,22.1,2.5,1808,0,6582,49,1954,2037,686
11310,.,0.924405,33.13051,.,23.3,24.7,22.1,2.5,1808,0,6582,49,1954,2037,686
11311,.,1.313597,33.74017,.,24,25.4,22.6,2.8,1736,0,6819,37,2171,2124,839
11312,.,1.120547,34.05467,.,23.6,24.8,22.2,2.6,1706,0,6664,45,2032,2123,857
11313,.,1.088838,33.40216,.,23.8,25.2,22.4,2.8,1799,0,6736,41,2094,2080,755
11314,.,0.883821,34.384117,.,20.5,21.5,19.4,2.1,2018,0,5584,160,1030,1976,667
11315,.,0.961449,33.591946,.,23.6,24.9,22.4,2.6,1823,0,6690,43,2056,2089,767
11316,.,0.961449,33.591946,.,23.6,24.9,22.4,2.6,1823,0,6690,43,2056,2089,767
11317,.,3.606782,34.126358,.,22.4,23.8,21.4,2.4,1379,0,6246,74,1633,2157,954
11318,.,0.551626,33.618896,.,23,24.1,21.8,2.3,1765,0,6458,57,1836,2026,740
11319,.,1.209233,33.047924,.,23.6,24.9,22.5,2.4,1639,0,6686,43,2050,2051,733
11320,.,0.662385,32.70914,.,23.1,24.5,22.2,2.3,1628,0,6514,53,1890,2029,670
11321,.,0.619389,32.812157,.,23.1,24.3,22.1,2.2,1618,0,6521,53,1897,2022,681
11322,.,0.551626,33.618896,.,23,24.1,21.8,2.3,1765,0,6458,57,1836,2026,740
11323,.,0.924405,33.13051,.,23.3,24.7,22.1,2.5,1808,0,6582,49,1954,2037,686
11324,.,1.23299,33.331226,.,23.8,25.3,22.7,2.6,1670,0,6764,40,2121,2063,767
11325,.,1.029468,34.24618,.,20.8,22,19.9,2.1,1972,0,5684,142,1111,1998,721
11326,.,1.035778,33.387863,.,23.7,25.2,22.3,2.8,1813,0,6713,42,2072,2078,744
11327,.,0.883821,34.384117,.,20.5,21.5,19.4,2.1,2018,0,5584,160,1030,1976,667
11328,.,0.961449,33.591946,.,23.6,24.9,22.4,2.6,1823,0,6690,43,2056,2089,767
11329,.,2.373681,34.501106,.,23.9,25.3,22.5,2.7,1235,0,6777,39,2133,2213,1123
11330,.,2.566242,34.64048,.,23.4,24.7,21.9,2.7,1352,0,6601,49,1969,2168,1014
11331,.,3.606782,34.126358,.,22.4,23.8,21.4,2.4,1379,0,6246,74,1633,2157,954
11332,.,3.517599,34.16036,.,22.6,24,21.6,2.4,1384,0,6318,68,1696,2171,960
11333,.,3.517599,34.16036,.,22.6,24,21.6,2.4,1384,0,6318,68,1696,2171,960
11334,.,0.459744,31.59573,.,22,23.2,21.1,2.2,1412,0,6094,87,1486,1958,632
11335,.,0.55132,33.125862,.,22.8,24.1,21.6,2.5,1674,0,6402,61,1777,2000,689
11336,.,0.900534,33.101513,.,23.4,24.7,22.2,2.5,1804,0,6602,48,1973,2044,681
11337,.,1.035778,33.387863,.,23.7,25.2,22.3,2.8,1813,0,6713,42,2072,2078,744
11338,.,0.758136,33.419563,.,23.3,24.5,22.2,2.3,1804,0,6586,49,1959,2050,734
11339,.,-0.887125,31.711088,.,22.2,23,21.1,1.9,1245,0,6195,77,1578,1893,897
11340,.,-0.518612,31.194437,.,21.4,22.4,20.5,1.9,1247,0,5910,108,1305,1939,832
11341,.,-0.50883,31.333286,.,21.2,22.2,20.3,1.9,1272,0,5825,120,1232,1915,819
11342,.,1.029468,34.24618,.,20.8,22,19.9,2.1,1972,0,5684,142,1111,1998,721
11343,.,1.741085,33.601967,.,23.9,25.5,22.8,2.7,1733,0,6789,39,2145,2108,824
11344,.,1.740958,33.58334,.,24,25.4,22.8,2.6,1722,0,6805,38,2160,2112,829
11345,.,1.120547,34.05467,.,23.6,24.8,22.2,2.6,1706,0,6664,45,2032,2123,857
11346,.,1.035778,33.387863,.,23.7,25.2,22.3,2.8,1813,0,6713,42,2072,2078,744
11347,.,0.857629,34.366478,.,21.7,22.8,20.4,2.4,1924,0,6001,98,1405,2034,743
11348,.,0.857629,34.366478,.,21.7,22.8,20.4,2.4,1924,0,6001,98,1405,2034,743
11349,.,3.606782,34.126358,.,22.4,23.8,21.4,2.4,1379,0,6246,74,1633,2157,954
11350,.,3.517599,34.16036,.,22.6,24,21.6,2.4,1384,0,6318,68,1696,2171,960
11351,.,-0.528356,29.95418,.,21.8,22.6,20.6,2,1476,0,6039,93,1421,1903,523
11352,.,1.726609,33.891376,.,24.2,25.7,22.9,2.8,1609,0,6910,34,2258,2165,904
11353,.,3.606782,34.126358,.,22.4,23.8,21.4,2.4,1379,0,6246,74,1633,2157,954
11354,.,-0.4712,31.363787,.,21.2,22.2,20.3,1.9,1308,0,5817,121,1225,1911,796
11355,.,1.209233,33.047924,.,23.6,24.9,22.5,2.4,1639,0,6686,43,2050,2051,733
11356,.,1.531584,34.050114,.,24.1,25.4,22.7,2.8,1659,0,6843,36,2196,2148,895
11357,.,0.825317,34.272385,.,22.8,23.9,21.5,2.4,1908,0,6382,62,1764,2082,792
11358,.,3.606782,34.126358,.,22.4,23.8,21.4,2.4,1379,0,6246,74,1633,2157,954
11359,.,-0.576782,31.691637,.,21.8,22.8,20.9,2,1289,0,6034,93,1430,1883,809
11360,.,-0.197683,31.810291,.,21.6,22.8,20.8,2,1398,0,5974,100,1377,1878,713
11361,.,0.313519,33.870636,.,22.5,23.5,21.4,2.1,1842,0,6286,70,1671,1968,685
11362,.,0.711598,33.684834,.,23.4,24.6,22.2,2.4,1817,0,6606,48,1977,2075,768
11363,.,0.490654,34.09177,.,22.8,24,21.6,2.4,1912,0,6401,61,1782,2044,719
11364,.,0.389015,34.05781,.,22.6,23.8,21.2,2.6,1905,0,6306,69,1677,2016,711
11365,.,0.623697,33.474148,.,23,24.2,21.7,2.5,1755,0,6456,57,1834,2019,729
11366,.,0.551626,33.618896,.,23,24.1,21.8,2.3,1765,0,6458,57,1836,2026,740
11367,.,0.572828,33.474026,.,22.8,24,21.6,2.4,1739,0,6409,61,1783,2005,723
11368,.,0.572828,33.474026,.,22.8,24,21.6,2.4,1739,0,6409,61,1783,2005,723
11369,.,0.775407,33.347477,.,23.3,24.6,22.2,2.4,1796,0,6578,49,1951,2049,730
11370,.,1.23299,33.331226,.,23.8,25.3,22.7,2.6,1670,0,6764,40,2121,2063,767
11371,.,0.773993,33.074753,.,23.4,24.7,22.4,2.3,1755,0,6627,46,1998,2058,700
11372,.,0.773993,33.074753,.,23.4,24.7,22.4,2.3,1755,0,6627,46,1998,2058,700
11373,.,1.550562,34.05859,.,24.1,25.4,22.7,2.8,1642,0,6849,36,2201,2149,902
11374,.,1.37214,33.907967,.,23.7,25.1,22.4,2.7,1753,0,6711,42,2071,2114,852
11375,.,1.588968,33.860134,.,24.1,25.5,22.7,2.9,1703,0,6847,36,2199,2129,860
11376,.,0.696135,34.002964,.,23.3,24.4,22.1,2.3,1849,0,6564,50,1938,2081,773
11377,.,1.245738,34.263573,.,23.9,25.1,22.5,2.6,1670,0,6778,40,2133,2204,940
11378,.,1.218424,34.27043,.,23.7,25.1,22.3,2.8,1726,0,6730,43,2087,2197,922
11379,.,1.054035,34.37062,.,20.8,22.1,19.5,2.7,1989,0,5672,146,1104,2010,690
11380,.,1.054035,34.37062,.,20.8,22.1,19.5,2.7,1989,0,5672,146,1104,2010,690
11381,.,1.054035,34.37062,.,20.8,22.1,19.5,2.7,1989,0,5672,146,1104,2010,690
11382,.,1.199716,34.158424,.,23.5,24.7,22.4,2.3,1662,0,6652,45,2020,2140,898
11383,.,1.199716,34.158424,.,23.5,24.7,22.4,2.3,1662,0,6652,45,2020,2140,898
11384,.,1.199716,34.158424,.,23.5,24.7,22.4,2.3,1662,0,6652,45,2020,2140,898
11385,.,1.199716,34.158424,.,23.5,24.7,22.4,2.3,1662,0,6652,45,2020,2140,898
11386,.,1.088838,33.40216,.,23.8,25.2,22.4,2.8,1799,0,6736,41,2094,2080,755
11387,.,1.088838,33.40216,.,23.8,25.2,22.4,2.8,1799,0,6736,41,2094,2080,755
11388,.,0.808689,34.33627,.,22.3,23.4,21.1,2.4,1896,0,6214,76,1596,2067,776
11389,.,0.869543,34.381268,.,21.1,22.1,19.9,2.2,1974,0,5796,125,1208,2006,703
11390,.,0.961449,33.591946,.,23.6,24.9,22.4,2.6,1823,0,6690,43,2056,2089,767
11391,.,3.038332,34.147022,.,24,25.4,22.8,2.6,1064,0,6818,38,2173,2242,1281
11392,.,2.328004,33.262554,.,24.6,26.3,23.3,2.9,1550,0,7043,29,2387,2208,897
11393,.,3.606782,34.126358,.,22.4,23.8,21.4,2.4,1379,0,6246,74,1633,2157,954
11394,.,3.606782,34.126358,.,22.4,23.8,21.4,2.4,1379,0,6246,74,1633,2157,954
11395,.,3.606782,34.126358,.,22.4,23.8,21.4,2.4,1379,0,6246,74,1633,2157,954
11396,.,2.352501,32.25476,.,24.2,26,23,3.1,1516,0,6899,34,2250,2114,694
11397,.,2.152029,32.529922,.,24.3,25.9,23.2,2.8,1458,0,6913,34,2262,2145,803
11398,.,-1.157262,30.06245,.,18.2,19.2,16.8,2.4,1314,0,4752,417,469,1832,592
11399,.,0.626914,30.277119,.,20.1,21.6,18.8,2.8,1452,0,5437,191,911,1888,522
11400,.,-0.982337,30.459738,.,21,21.8,20.1,1.7,1194,0,5752,130,1164,1949,824
11401,.,-0.982337,30.459738,.,21,21.8,20.1,1.7,1194,0,5752,130,1164,1949,824
11402,.,-0.896751,29.778324,.,19.8,20.9,18.6,2.2,1553,0,5314,220,819,1850,415
11403,.,0.599729,30.642483,.,21.1,22.7,20.1,2.6,1392,0,5807,124,1219,1922,582
11404,.,0.82325,34.2178,.,23.2,24.4,22,2.4,1890,0,6544,51,1915,2111,803
11405,.,1.434256,33.84978,.,23.8,25.2,22.5,2.7,1760,0,6752,40,2110,2108,835
11406,.,0.629518,33.54128,.,23.2,24.4,22,2.4,1775,0,6532,52,1904,2041,745
11407,.,-1.1506,29.672838,.,17.9,19,16.7,2.3,1490,0,4646,464,417,1801,413
11408,.,-0.50883,31.333286,.,21.2,22.2,20.3,1.9,1272,0,5825,120,1232,1915,819
11409,.,0.545564,33.093765,.,22.9,24.1,21.7,2.4,1666,0,6433,59,1812,2008,697
11410,.,0.924405,33.13051,.,23.3,24.7,22.1,2.5,1808,0,6582,49,1954,2037,686
11411,.,0.773993,33.074753,.,23.4,24.7,22.4,2.3,1755,0,6627,46,1998,2058,700
11412,.,1.37214,33.907967,.,23.7,25.1,22.4,2.7,1753,0,6711,42,2071,2114,852
11413,.,1.313597,33.74017,.,24,25.4,22.6,2.8,1736,0,6819,37,2171,2124,839
11414,.,0.869543,34.381268,.,21.1,22.1,19.9,2.2,1974,0,5796,125,1208,2006,703
11415,.,3.692333,33.964535,.,23.1,24.4,21.8,2.6,1327,0,6485,56,1859,2200,1031
11416,.,3.606782,34.126358,.,22.4,23.8,21.4,2.4,1379,0,6246,74,1633,2157,954
11417,.,2.297936,32.450832,.,24.3,26.1,23.1,3,1471,0,6926,33,2275,2146,775
11418,.,-1.340851,29.768257,.,17.5,18.5,16.6,1.9,1296,0,4523,523,361,1837,593
11419,.,-0.757246,30.8072,.,20.8,21.6,19.8,1.8,1183,0,5680,142,1104,1918,819
11420,.,-1.380214,30.010633,.,17.6,18.4,16.4,2,1269,0,4533,520,365,1810,631
11421,.,1.820342,33.295116,.,23.9,25.4,22.6,2.8,1661,0,6786,39,2141,2101,820
11422,.,1.845589,34.72316,.,21.8,23.1,20.8,2.2,1673,0,6042,94,1442,2050,849
11423,.,-0.4712,31.363787,.,21.2,22.2,20.3,1.9,1308,0,5817,121,1225,1911,796
11424,.,-0.151019,31.43755,.,21.7,22.8,20.9,1.9,1400,0,6017,95,1414,1934,709
11425,.,0.625762,33.288773,.,22.8,24.1,21.5,2.6,1738,0,6378,63,1756,1996,706
11426,.,0.883821,34.384117,.,20.5,21.5,19.4,2.1,2018,0,5584,160,1030,1976,667
11427,.,2.769515,32.29514,.,24.3,26.3,23.1,3.2,1502,0,6942,33,2290,2142,721
11428,.,1.845589,34.72316,.,21.8,23.1,20.8,2.2,1673,0,6042,94,1442,2050,849
11429,.,1.37214,33.907967,.,23.7,25.1,22.4,2.7,1753,0,6711,42,2071,2114,852
11430,.,1.434256,33.84978,.,23.8,25.2,22.5,2.7,1760,0,6752,40,2110,2108,835
11431,.,1.37214,33.907967,.,23.7,25.1,22.4,2.7,1753,0,6711,42,2071,2114,852
11432,.,1.37214,33.907967,.,23.7,25.1,22.4,2.7,1753,0,6711,42,2071,2114,852
11433,.,0.619389,32.812157,.,23.1,24.3,22.1,2.2,1618,0,6521,53,1897,2022,681
11434,.,0.625762,33.288773,.,22.8,24.1,21.5,2.6,1738,0,6378,63,1756,1996,706
11435,.,0.657477,34.15877,.,22.9,24.1,21.7,2.4,1891,0,6433,59,1812,2078,759
11436,.,0.883821,34.384117,.,20.5,21.5,19.4,2.1,2018,0,5584,160,1030,1976,667
11437,.,0.657477,34.15877,.,22.9,24.1,21.7,2.4,1891,0,6433,59,1812,2078,759
11438,.,0.11206,31.760345,.,22.1,23.2,21.2,2.1,1395,0,6139,83,1525,1943,670
11439,.,1.088838,33.40216,.,23.8,25.2,22.4,2.8,1799,0,6736,41,2094,2080,755
11440,.,0.808689,34.33627,.,22.3,23.4,21.1,2.4,1896,0,6214,76,1596,2067,776
11441,.,0.589527,32.623108,.,22.7,24.1,21.6,2.6,1614,0,6354,65,1737,1989,642
11442,.,-0.61211,31.183638,.,21.3,22.3,20.4,1.9,1224,0,5872,113,1271,1918,826
11443,.,0.827235,32.844086,.,23.4,24.7,22.4,2.3,1659,0,6615,47,1986,2057,695
11444,.,0.274723,31.942652,.,22.2,23.3,21.3,2.1,1411,0,6173,79,1554,1947,622
11445,.,0.313519,33.870636,.,22.5,23.5,21.4,2.1,1842,0,6286,70,1671,1968,685
11446,.,0.711598,33.684834,.,23.4,24.6,22.2,2.4,1817,0,6606,48,1977,2075,768
11447,.,0.389015,34.05781,.,22.6,23.8,21.2,2.6,1905,0,6306,69,1677,2016,711
11448,.,0.623697,33.474148,.,23,24.2,21.7,2.5,1755,0,6456,57,1834,2019,729
11449,.,0.572828,33.474026,.,22.8,24,21.6,2.4,1739,0,6409,61,1783,2005,723
11450,.,1.016565,33.32798,.,23.5,25,22.2,2.8,1829,0,6649,46,2011,2052,709
11451,.,0.485488,33.238556,.,22.4,23.8,21.1,2.6,1733,0,6263,72,1643,1961,666
11452,.,0.485488,33.238556,.,22.4,23.8,21.1,2.6,1733,0,6263,72,1643,1961,666
11453,.,0.625762,33.288773,.,22.8,24.1,21.5,2.6,1738,0,6378,63,1756,1996,706
11454,.,0.625762,33.288773,.,22.8,24.1,21.5,2.6,1738,0,6378,63,1756,1996,706
11455,.,1.209233,33.047924,.,23.6,24.9,22.5,2.4,1639,0,6686,43,2050,2051,733
11456,.,0.900534,33.101513,.,23.4,24.7,22.2,2.5,1804,0,6602,48,1973,2044,681
11457,.,0.773993,33.074753,.,23.4,24.7,22.4,2.3,1755,0,6627,46,1998,2058,700
11458,.,1.700414,33.688522,.,24.2,25.8,22.7,3,1706,0,6880,35,2230,2129,856
11459,.,0.657477,34.15877,.,22.9,24.1,21.7,2.4,1891,0,6433,59,1812,2078,759
11460,.,0.696135,34.002964,.,23.3,24.4,22.1,2.3,1849,0,6564,50,1938,2081,773
11461,.,0.696135,34.002964,.,23.3,24.4,22.1,2.3,1849,0,6564,50,1938,2081,773
11462,.,0.423704,33.61217,.,22.4,23.4,21.3,2.1,1815,0,6246,73,1634,1956,674
11463,.,0.423704,33.61217,.,22.4,23.4,21.3,2.1,1815,0,6246,73,1634,1956,674
11464,.,0.423704,33.61217,.,22.4,23.4,21.3,2.1,1815,0,6246,73,1634,1956,674
11465,.,1.199716,34.158424,.,23.5,24.7,22.4,2.3,1662,0,6652,45,2020,2140,898
11466,.,1.018523,34.07295,.,23.7,24.9,22.5,2.4,1670,0,6715,42,2079,2159,878
11467,.,1.018523,34.07295,.,23.7,24.9,22.5,2.4,1670,0,6715,42,2079,2159,878
11468,.,1.035778,33.387863,.,23.7,25.2,22.3,2.8,1813,0,6713,42,2072,2078,744
11469,.,0.802708,34.309647,.,22.4,23.5,21.2,2.3,1907,0,6248,73,1633,2069,776
11470,.,0.883821,34.384117,.,20.5,21.5,19.4,2.1,2018,0,5584,160,1030,1976,667
11471,.,0.883821,34.384117,.,20.5,21.5,19.4,2.1,2018,0,5584,160,1030,1976,667
11472,.,0.808689,34.33627,.,22.3,23.4,21.1,2.4,1896,0,6214,76,1596,2067,776
11473,.,0.869543,34.381268,.,21.1,22.1,19.9,2.2,1974,0,5796,125,1208,2006,703
11474,.,0.869543,34.381268,.,21.1,22.1,19.9,2.2,1974,0,5796,125,1208,2006,703
11475,.,0.961449,33.591946,.,23.6,24.9,22.4,2.6,1823,0,6690,43,2056,2089,767
11476,.,3.606782,34.126358,.,22.4,23.8,21.4,2.4,1379,0,6246,74,1633,2157,954
11477,.,1.256083,30.810326,.,22.6,23.7,21.2,2.5,1347,0,6324,68,1702,1879,558
11478,.,-0.608761,30.67223,.,20.7,21.6,19.7,1.8,1158,0,5662,145,1089,1935,835
11479,.,-0.640431,29.805983,.,22.7,23.7,21.6,2.1,1466,0,6369,63,1747,1956,555
11480,.,0.82325,34.2178,.,23.2,24.4,22,2.4,1890,0,6544,51,1915,2111,803
11481,.,1.2608,33.797054,.,23.8,25.2,22.4,2.8,1766,0,6744,41,2102,2107,833
11482,.,0.758136,33.419563,.,23.3,24.5,22.2,2.3,1804,0,6586,49,1959,2050,734
11483,.,0.825317,34.272385,.,22.8,23.9,21.5,2.4,1908,0,6382,62,1764,2082,792
11484,.,2.430733,32.74663,.,24.3,26,23.1,2.8,1581,0,6926,33,2274,2151,757
11485,.,1.114154,33.215237,.,23.5,24.9,22.4,2.5,1782,0,6657,45,2024,2044,710
11486,.,0.822012,30.792131,.,22,23.6,20.8,2.9,1403,0,6095,88,1481,1945,583
11487,.,0.827235,32.844086,.,23.4,24.7,22.4,2.3,1659,0,6615,47,1986,2057,695
11488,.,0.572828,33.474026,.,22.8,24,21.6,2.4,1739,0,6409,61,1783,2005,723
11489,.,1.834834,32.384174,.,23.8,25.5,22.6,3,1480,0,6759,40,2118,2077,728
11490,.,1.566586,33.273724,.,23.9,25.2,22.6,2.5,1617,0,6771,40,2125,2030,774
11491,.,0.305941,32.529144,.,22.2,23.4,21.1,2.3,1541,0,6169,80,1557,1928,607
11492,.,0.376263,33.191013,.,22.2,23.3,21.2,2.1,1728,0,6200,77,1585,1926,637
11493,.,-0.50883,31.333286,.,21.2,22.2,20.3,1.9,1272,0,5825,120,1232,1915,819
11494,.,0.313519,33.870636,.,22.5,23.5,21.4,2.1,1842,0,6286,70,1671,1968,685
11495,.,1.588968,33.860134,.,24.1,25.5,22.7,2.9,1703,0,6847,36,2199,2129,860
11496,.,0.825317,34.272385,.,22.8,23.9,21.5,2.4,1908,0,6382,62,1764,2082,792
11497,.,2.42946,32.890602,.,24.4,26.1,23.2,2.9,1592,0,6979,31,2328,2171,792
11498,.,2.357444,34.586277,.,23.8,25.1,22.4,2.7,1275,0,6754,41,2111,2204,1094
11499,.,1.769088,34.857117,.,22.5,23.8,21.3,2.6,1701,0,6306,69,1686,2113,874
11500,.,1.779582,33.039524,.,24,25.3,22.8,2.5,1561,0,6814,38,2166,2061,771
11501,.,2.352501,32.25476,.,24.2,26,23,3.1,1516,0,6899,34,2250,2114,694
11502,.,-0.982337,30.459738,.,21,21.8,20.1,1.7,1194,0,5752,130,1164,1949,824
11503,.,0.142605,30.495325,.,21.8,23,21,2.1,1430,0,6045,92,1438,1943,577
11504,.,0.551626,33.618896,.,23,24.1,21.8,2.3,1765,0,6458,57,1836,2026,740
11505,.,0.313519,33.870636,.,22.5,23.5,21.4,2.1,1842,0,6286,70,1671,1968,685
11506,.,1.209233,33.047924,.,23.6,24.9,22.5,2.4,1639,0,6686,43,2050,2051,733
11507,.,2.42946,32.890602,.,24.4,26.1,23.2,2.9,1592,0,6979,31,2328,2171,792
11508,.,2.244184,32.89699,.,24.1,25.8,23,2.8,1615,0,6865,36,2218,2142,773
11509,.,-0.982337,30.459738,.,21,21.8,20.1,1.7,1194,0,5752,130,1164,1949,824
11510,.,3.692333,33.964535,.,23.1,24.4,21.8,2.6,1327,0,6485,56,1859,2200,1031
11511,.,2.992119,32.724663,.,25.4,27.2,23.9,3.3,1412,0,7307,21,2645,2228,902
11512,.,0.923509,31.578562,.,22.7,24,21.6,2.4,1381,0,6358,64,1737,1985,639
11513,.,0.369691,33.18743,.,22.2,23.3,21.2,2.1,1733,0,6174,80,1562,1917,633
11514,.,-0.292248,31.478722,.,21.7,22.8,20.9,1.9,1312,0,6020,95,1417,1948,802
11515,.,0.313519,33.870636,.,22.5,23.5,21.4,2.1,1842,0,6286,70,1671,1968,685
11516,.,0.490654,34.09177,.,22.8,24,21.6,2.4,1912,0,6401,61,1782,2044,719
11517,.,0.490654,34.09177,.,22.8,24,21.6,2.4,1912,0,6401,61,1782,2044,719
11518,.,0.389015,34.05781,.,22.6,23.8,21.2,2.6,1905,0,6306,69,1677,2016,711
11519,.,0.572828,33.474026,.,22.8,24,21.6,2.4,1739,0,6409,61,1783,2005,723
11520,.,1.016565,33.32798,.,23.5,25,22.2,2.8,1829,0,6649,46,2011,2052,709
11521,.,1.016565,33.32798,.,23.5,25,22.2,2.8,1829,0,6649,46,2011,2052,709
11522,.,1.209233,33.047924,.,23.6,24.9,22.5,2.4,1639,0,6686,43,2050,2051,733
11523,.,1.029468,34.24618,.,20.8,22,19.9,2.1,1972,0,5684,142,1111,1998,721
11524,.,0.657477,34.15877,.,22.9,24.1,21.7,2.4,1891,0,6433,59,1812,2078,759
11525,.,0.513224,33.41771,.,22.7,23.8,21.5,2.4,1732,0,6357,64,1736,1981,696
11526,.,0.423704,33.61217,.,22.4,23.4,21.3,2.1,1815,0,6246,73,1634,1956,674
11527,.,1.035778,33.387863,.,23.7,25.2,22.3,2.8,1813,0,6713,42,2072,2078,744
11528,.,0.883821,34.384117,.,20.5,21.5,19.4,2.1,2018,0,5584,160,1030,1976,667
11529,.,0.857629,34.366478,.,21.7,22.8,20.4,2.4,1924,0,6001,98,1405,2034,743
11530,.,0.447067,30.165287,.,20.5,21.9,19.3,2.6,1313,0,5586,161,1030,1925,621
11531,.,1.845589,34.72316,.,21.8,23.1,20.8,2.2,1673,0,6042,94,1442,2050,849
11532,.,0.103999,33.783092,.,23.1,24.2,22,2.1,1741,0,6522,53,1897,1943,676
11533,.,1.834834,32.384174,.,23.8,25.5,22.6,3,1480,0,6759,40,2118,2077,728
11534,.,2.152029,32.529922,.,24.3,25.9,23.2,2.8,1458,0,6913,34,2262,2145,803
11535,.,0.827235,32.844086,.,23.4,24.7,22.4,2.3,1659,0,6615,47,1986,2057,695
11536,.,0.313519,33.870636,.,22.5,23.5,21.4,2.1,1842,0,6286,70,1671,1968,685
11537,.,0.389015,34.05781,.,22.6,23.8,21.2,2.6,1905,0,6306,69,1677,2016,711
11538,.,1.016565,33.32798,.,23.5,25,22.2,2.8,1829,0,6649,46,2011,2052,709
11539,.,0.775407,33.347477,.,23.3,24.6,22.2,2.4,1796,0,6578,49,1951,2049,730
11540,.,0.775407,33.347477,.,23.3,24.6,22.2,2.4,1796,0,6578,49,1951,2049,730
11541,.,1.23299,33.331226,.,23.8,25.3,22.7,2.6,1670,0,6764,40,2121,2063,767
11542,.,1.060103,33.010223,.,23.5,24.8,22.3,2.5,1728,0,6650,45,2017,2050,697
11543,.,1.060103,33.010223,.,23.5,24.8,22.3,2.5,1728,0,6650,45,2017,2050,697
11544,.,1.060103,33.010223,.,23.5,24.8,22.3,2.5,1728,0,6650,45,2017,2050,697
11545,.,0.773993,33.074753,.,23.4,24.7,22.4,2.3,1755,0,6627,46,1998,2058,700
11546,.,0.773993,33.074753,.,23.4,24.7,22.4,2.3,1755,0,6627,46,1998,2058,700
11547,.,0.773993,33.074753,.,23.4,24.7,22.4,2.3,1755,0,6627,46,1998,2058,700
11548,.,1.550562,34.05859,.,24.1,25.4,22.7,2.8,1642,0,6849,36,2201,2149,902
11549,.,1.149416,33.920567,.,23.5,24.8,22.2,2.7,1773,0,6647,46,2015,2095,831
11550,.,0.657477,34.15877,.,22.9,24.1,21.7,2.4,1891,0,6433,59,1812,2078,759
11551,.,0.513224,33.41771,.,22.7,23.8,21.5,2.4,1732,0,6357,64,1736,1981,696
11552,.,0.423704,33.61217,.,22.4,23.4,21.3,2.1,1815,0,6246,73,1634,1956,674
11553,.,1.151655,34.26159,.,22.6,23.8,21.5,2.4,1867,0,6325,68,1707,2111,842
11554,.,1.331631,34.660862,.,17.5,18.2,15.9,2.3,2202,0,4490,540,350,1853,505
11555,.,1.018523,34.07295,.,23.7,24.9,22.5,2.4,1670,0,6715,42,2079,2159,878
11556,.,1.088838,33.40216,.,23.8,25.2,22.4,2.8,1799,0,6736,41,2094,2080,755
11557,.,0.857629,34.366478,.,21.7,22.8,20.4,2.4,1924,0,6001,98,1405,2034,743
11558,.,0.869543,34.381268,.,21.1,22.1,19.9,2.2,1974,0,5796,125,1208,2006,703
11559,.,0.961449,33.591946,.,23.6,24.9,22.4,2.6,1823,0,6690,43,2056,2089,767
11560,.,0.961449,33.591946,.,23.6,24.9,22.4,2.6,1823,0,6690,43,2056,2089,767
11561,.,1.256083,30.810326,.,22.6,23.7,21.2,2.5,1347,0,6324,68,1702,1879,558
11562,.,-0.982337,30.459738,.,21,21.8,20.1,1.7,1194,0,5752,130,1164,1949,824
11563,.,0.785027,33.324905,.,23.3,24.6,22.2,2.4,1796,0,6573,50,1946,2048,727
11564,.,0.426389,31.837946,.,22.2,23.4,21.4,2,1427,0,6191,78,1571,1973,613
11565,.,0.82325,34.2178,.,23.2,24.4,22,2.4,1890,0,6544,51,1915,2111,803
11566,.,1.114154,33.215237,.,23.5,24.9,22.4,2.5,1782,0,6657,45,2024,2044,710
11567,.,0.773993,33.074753,.,23.4,24.7,22.4,2.3,1755,0,6627,46,1998,2058,700
11568,.,0.773993,33.074753,.,23.4,24.7,22.4,2.3,1755,0,6627,46,1998,2058,700
11569,.,0.662385,32.70914,.,23.1,24.5,22.2,2.3,1628,0,6514,53,1890,2029,670
11570,.,1.209233,33.047924,.,23.6,24.9,22.5,2.4,1639,0,6686,43,2050,2051,733
11571,.,1.016565,33.32798,.,23.5,25,22.2,2.8,1829,0,6649,46,2011,2052,709
11572,.,0.662385,32.70914,.,23.1,24.5,22.2,2.3,1628,0,6514,53,1890,2029,670
11573,.,2.188617,33.116344,.,24.1,25.8,23,2.8,1621,0,6874,35,2226,2151,821
11574,.,0.490654,34.09177,.,22.8,24,21.6,2.4,1912,0,6401,61,1782,2044,719
11575,.,0.551626,33.618896,.,23,24.1,21.8,2.3,1765,0,6458,57,1836,2026,740
11576,.,1.209233,33.047924,.,23.6,24.9,22.5,2.4,1639,0,6686,43,2050,2051,733
11577,.,1.209233,33.047924,.,23.6,24.9,22.5,2.4,1639,0,6686,43,2050,2051,733
11578,.,2.316163,32.940353,.,24.1,25.8,22.9,2.9,1637,0,6841,37,2195,2138,761
11579,.,2.352501,32.25476,.,24.2,26,23,3.1,1516,0,6899,34,2250,2114,694
11580,.,0.389081,30.486662,.,21.5,22.9,20.7,2.2,1351,0,5925,106,1319,1935,620
11581,.,0.62514,32.919586,.,23.2,24.4,22,2.4,1673,0,6537,52,1912,2035,679
11582,.,1.769088,34.857117,.,22.5,23.8,21.3,2.6,1701,0,6306,69,1686,2113,874
11583,.,0.487564,31.800924,.,22.1,23.4,21.3,2.1,1450,0,6130,84,1518,1950,588
11584,.,0.711598,33.684834,.,23.4,24.6,22.2,2.4,1817,0,6606,48,1977,2075,768
11585,.,0.490654,34.09177,.,22.8,24,21.6,2.4,1912,0,6401,61,1782,2044,719
11586,.,0.551626,33.618896,.,23,24.1,21.8,2.3,1765,0,6458,57,1836,2026,740
11587,.,0.551626,33.618896,.,23,24.1,21.8,2.3,1765,0,6458,57,1836,2026,740
11588,.,0.551626,33.618896,.,23,24.1,21.8,2.3,1765,0,6458,57,1836,2026,740
11589,.,0.572828,33.474026,.,22.8,24,21.6,2.4,1739,0,6409,61,1783,2005,723
11590,.,0.674983,33.519897,.,23.3,24.6,22.1,2.5,1795,0,6571,50,1944,2050,744
11591,.,0.775407,33.347477,.,23.3,24.6,22.2,2.4,1796,0,6578,49,1951,2049,730
11592,.,0.773993,33.074753,.,23.4,24.7,22.4,2.3,1755,0,6627,46,1998,2058,700
11593,.,1.374773,34.302,.,24,25.2,22.7,2.5,1543,0,6838,37,2189,2210,967
11594,.,1.054035,34.37062,.,20.8,22.1,19.5,2.7,1989,0,5672,146,1104,2010,690
11595,.,1.331631,34.660862,.,17.5,18.2,15.9,2.3,2202,0,4490,540,350,1853,505
11596,.,1.088838,33.40216,.,23.8,25.2,22.4,2.8,1799,0,6736,41,2094,2080,755
11597,.,0.808689,34.33627,.,22.3,23.4,21.1,2.4,1896,0,6214,76,1596,2067,776
11598,.,1.905335,32.371994,.,23.9,25.5,22.8,2.7,1430,0,6803,38,2159,2109,763
11599,.,1.020718,31.124216,.,22.8,24.3,21.6,2.7,1401,0,6398,62,1777,1992,613
11600,.,0.785027,33.324905,.,23.3,24.6,22.2,2.4,1796,0,6573,50,1946,2048,727
11601,.,1.23299,33.331226,.,23.8,25.3,22.7,2.6,1670,0,6764,40,2121,2063,767
11602,.,1.2608,33.797054,.,23.8,25.2,22.4,2.8,1766,0,6744,41,2102,2107,833
11603,.,1.035778,33.387863,.,23.7,25.2,22.3,2.8,1813,0,6713,42,2072,2078,744
11604,.,1.035778,33.387863,.,23.7,25.2,22.3,2.8,1813,0,6713,42,2072,2078,744
11605,.,0.804887,34.30698,.,22.4,23.5,21.2,2.3,1908,0,6249,73,1634,2068,776
11606,.,0.313519,33.870636,.,22.5,23.5,21.4,2.1,1842,0,6286,70,1671,1968,685
11607,.,0.313519,33.870636,.,22.5,23.5,21.4,2.1,1842,0,6286,70,1671,1968,685
11608,.,0.696135,34.002964,.,23.3,24.4,22.1,2.3,1849,0,6564,50,1938,2081,773
11609,.,0.883821,34.384117,.,20.5,21.5,19.4,2.1,2018,0,5584,160,1030,1976,667
11610,.,-0.292248,31.478722,.,21.7,22.8,20.9,1.9,1312,0,6020,95,1417,1948,802
11611,.,0.662385,32.70914,.,23.1,24.5,22.2,2.3,1628,0,6514,53,1890,2029,670
11612,.,0.389081,30.486662,.,21.5,22.9,20.7,2.2,1351,0,5925,106,1319,1935,620
11613,.,1.588968,33.860134,.,24.1,25.5,22.7,2.9,1703,0,6847,36,2199,2129,860
11614,.,0.411417,33.14137,.,22.2,23.3,21.1,2.2,1700,0,6178,79,1565,1933,641
11615,.,0.827235,32.844086,.,23.4,24.7,22.4,2.3,1659,0,6615,47,1986,2057,695
11616,.,-0.295331,31.218782,.,21.3,22.3,20.4,1.9,1300,0,5878,113,1277,1922,765
11617,.,0.313519,33.870636,.,22.5,23.5,21.4,2.1,1842,0,6286,70,1671,1968,685
11618,.,1.016565,33.32798,.,23.5,25,22.2,2.8,1829,0,6649,46,2011,2052,709
11619,.,1.23299,33.331226,.,23.8,25.3,22.7,2.6,1670,0,6764,40,2121,2063,767
11620,.,0.513224,33.41771,.,22.7,23.8,21.5,2.4,1732,0,6357,64,1736,1981,696
11621,.,1.245738,34.263573,.,23.9,25.1,22.5,2.6,1670,0,6778,40,2133,2204,940
11622,.,1.245738,34.263573,.,23.9,25.1,22.5,2.6,1670,0,6778,40,2133,2204,940
11623,.,1.374773,34.302,.,24,25.2,22.7,2.5,1543,0,6838,37,2189,2210,967
11624,.,0.808689,34.33627,.,22.3,23.4,21.1,2.4,1896,0,6214,76,1596,2067,776
11625,.,0.869543,34.381268,.,21.1,22.1,19.9,2.2,1974,0,5796,125,1208,2006,703
11626,.,2.11178,33.104233,.,24.2,25.9,23,3,1557,0,6894,35,2244,2151,844
11627,.,1.769088,34.857117,.,22.5,23.8,21.3,2.6,1701,0,6306,69,1686,2113,874
11628,.,0.822012,30.792131,.,22,23.6,20.8,2.9,1403,0,6095,88,1481,1945,583
11629,.,0.629518,33.54128,.,23.2,24.4,22,2.4,1775,0,6532,52,1904,2041,745
11630,.,0.142605,30.495325,.,21.8,23,21,2.1,1430,0,6045,92,1438,1943,577
11631,.,1.475996,33.917168,.,23.7,25.1,22.2,2.8,1749,0,6699,43,2060,2101,844
11632,.,0.389081,30.486662,.,21.5,22.9,20.7,2.2,1351,0,5925,106,1319,1935,620
11633,.,0.313519,33.870636,.,22.5,23.5,21.4,2.1,1842,0,6286,70,1671,1968,685
11634,.,1.609254,32.191475,.,23.8,25.4,22.7,2.7,1426,0,6743,41,2102,2073,716
11635,.,0.313519,33.870636,.,22.5,23.5,21.4,2.1,1842,0,6286,70,1671,1968,685
11636,.,0.490654,34.09177,.,22.8,24,21.6,2.4,1912,0,6401,61,1782,2044,719
11637,.,0.924405,33.13051,.,23.3,24.7,22.1,2.5,1808,0,6582,49,1954,2037,686
11638,.,1.060103,33.010223,.,23.5,24.8,22.3,2.5,1728,0,6650,45,2017,2050,697
11639,.,1.374773,34.302,.,24,25.2,22.7,2.5,1543,0,6838,37,2189,2210,967
11640,.,1.035778,33.387863,.,23.7,25.2,22.3,2.8,1813,0,6713,42,2072,2078,744
11641,.,1.060103,33.010223,.,23.5,24.8,22.3,2.5,1728,0,6650,45,2017,2050,697
11642,.,0.369691,33.18743,.,22.2,23.3,21.2,2.1,1733,0,6174,80,1562,1917,633
11643,.,0.490654,34.09177,.,22.8,24,21.6,2.4,1912,0,6401,61,1782,2044,719
11644,.,1.016565,33.32798,.,23.5,25,22.2,2.8,1829,0,6649,46,2011,2052,709
11645,.,1.588968,33.860134,.,24.1,25.5,22.7,2.9,1703,0,6847,36,2199,2129,860
11646,.,1.035778,33.387863,.,23.7,25.2,22.3,2.8,1813,0,6713,42,2072,2078,744
11647,.,0.802708,34.309647,.,22.4,23.5,21.2,2.3,1907,0,6248,73,1633,2069,776
11648,.,1.23299,33.331226,.,23.8,25.3,22.7,2.6,1670,0,6764,40,2121,2063,767
11649,.,0.804887,34.30698,.,22.4,23.5,21.2,2.3,1908,0,6249,73,1634,2068,776
11650,.,-0.576782,31.691637,.,21.8,22.8,20.9,2,1289,0,6034,93,1430,1883,809
11651,.,1.769088,34.857117,.,22.5,23.8,21.3,2.6,1701,0,6306,69,1686,2113,874
11652,.,0.572828,33.474026,.,22.8,24,21.6,2.4,1739,0,6409,61,1783,2005,723
11653,.,0.62514,32.919586,.,23.2,24.4,22,2.4,1673,0,6537,52,1912,2035,679
11654,.,0.775407,33.347477,.,23.3,24.6,22.2,2.4,1796,0,6578,49,1951,2049,730
11655,.,1.060103,33.010223,.,23.5,24.8,22.3,2.5,1728,0,6650,45,2017,2050,697
11656,.,0.961449,33.591946,.,23.6,24.9,22.4,2.6,1823,0,6690,43,2056,2089,767
11657,.,-0.105038,30.26422,.,23.2,23.9,22,2,1330,0,6537,51,1906,1992,681
11658,.,-0.105038,30.26422,.,23.2,23.9,22,2,1330,0,6537,51,1906,1992,681
11659,.,1.331631,34.660862,.,17.5,18.2,15.9,2.3,2202,0,4490,540,350,1853,505
11660,.,1.331631,34.660862,.,17.5,18.2,15.9,2.3,2202,0,4490,540,350,1853,505
11661,.,0.684824,32.82921,.,23.3,24.5,22.4,2.1,1652,0,6565,50,1939,2037,679
11662,.,0.711598,33.684834,.,23.4,24.6,22.2,2.4,1817,0,6606,48,1977,2075,768
11663,.,1.331631,34.660862,.,17.5,18.2,15.9,2.3,2202,0,4490,540,350,1853,505
11664,.,1.331631,34.660862,.,17.5,18.2,15.9,2.3,2202,0,4490,540,350,1853,505
11665,.,1.779582,33.039524,.,24,25.3,22.8,2.5,1561,0,6814,38,2166,2061,771
11666,.,1.845589,34.72316,.,21.8,23.1,20.8,2.2,1673,0,6042,94,1442,2050,849
11667,.,1.060103,33.010223,.,23.5,24.8,22.3,2.5,1728,0,6650,45,2017,2050,697
11668,.,1.331631,34.660862,.,17.5,18.2,15.9,2.3,2202,0,4490,540,350,1853,505
11669,.,0.274723,31.942652,.,22.2,23.3,21.3,2.1,1411,0,6173,79,1554,1947,622
11670,.,3.692333,33.964535,.,23.1,24.4,21.8,2.6,1327,0,6485,56,1859,2200,1031
11671,.,0.684433,32.301426,.,22.8,24,21.9,2.1,1528,0,6391,61,1767,1980,622
11672,.,1.834834,32.384174,.,23.8,25.5,22.6,3,1480,0,6759,40,2118,2077,728
11673,.,1.999994,33.240932,.,23.8,25.5,22.4,3.1,1644,0,6752,41,2111,2110,820
11674,.,1.905335,32.371994,.,23.9,25.5,22.8,2.7,1430,0,6803,38,2159,2109,763
11675,.,1.37214,33.907967,.,23.7,25.1,22.4,2.7,1753,0,6711,42,2071,2114,852
11676,.,1.37214,33.907967,.,23.7,25.1,22.4,2.7,1753,0,6711,42,2071,2114,852
11677,.,1.120547,34.05467,.,23.6,24.8,22.2,2.6,1706,0,6664,45,2032,2123,857
11678,.,1.999994,33.240932,.,23.8,25.5,22.4,3.1,1644,0,6752,41,2111,2110,820
11679,.,2.600708,32.85016,.,24.8,26.5,23.6,2.9,1477,0,7112,27,2457,2216,854
11680,.,2.992119,32.724663,.,25.4,27.2,23.9,3.3,1412,0,7307,21,2645,2228,902
11681,.,2.11178,33.104233,.,24.2,25.9,23,3,1557,0,6894,35,2244,2151,844
11682,.,-0.079571,31.635708,.,21.7,23,20.8,2.2,1359,0,6020,95,1419,1918,707
11683,.,1.016565,33.32798,.,23.5,25,22.2,2.8,1829,0,6649,46,2011,2052,709
11684,.,0.513224,33.41771,.,22.7,23.8,21.5,2.4,1732,0,6357,64,1736,1981,696
11685,.,1.982359,33.05509,.,24.2,25.9,22.9,3,1514,0,6901,34,2250,2138,835
11686,.,1.999994,33.240932,.,23.8,25.5,22.4,3.1,1644,0,6752,41,2111,2110,820
11687,.,2.297936,32.450832,.,24.3,26.1,23.1,3,1471,0,6926,33,2275,2146,775
11688,.,-0.67039,31.16044,.,21.2,22.1,20.3,1.8,1207,0,5838,118,1243,1919,831
11689,.,2.561206,32.940903,.,24.8,26.5,23.6,2.9,1468,0,7119,26,2464,2221,880
11690,.,2.527381,33.20089,.,24.7,26.4,23.4,3,1539,0,7075,28,2422,2211,861
11691,.,2.357444,34.586277,.,23.8,25.1,22.4,2.7,1275,0,6754,41,2111,2204,1094
11692,.,2.430733,32.74663,.,24.3,26,23.1,2.8,1581,0,6926,33,2274,2151,757
11693,.,2.786886,32.41127,.,24.5,26.4,23.3,3.1,1485,0,6992,31,2341,2161,751
11694,.,-0.518612,31.194437,.,21.4,22.4,20.5,1.9,1247,0,5910,108,1305,1939,832
11695,.,2.188617,33.116344,.,24.1,25.8,23,2.8,1621,0,6874,35,2226,2151,821
11696,.,1.779582,33.039524,.,24,25.3,22.8,2.5,1561,0,6814,38,2166,2061,771
11697,.,2.204746,33.17409,.,24,25.7,22.8,2.9,1646,0,6831,37,2186,2137,799
11698,.,0.313519,33.870636,.,22.5,23.5,21.4,2.1,1842,0,6286,70,1671,1968,685
11699,.,1.905335,32.371994,.,23.9,25.5,22.8,2.7,1430,0,6803,38,2159,2109,763
11700,.,2.297936,32.450832,.,24.3,26.1,23.1,3,1471,0,6926,33,2275,2146,775
11701,.,1.23299,33.331226,.,23.8,25.3,22.7,2.6,1670,0,6764,40,2121,2063,767
11702,.,1.114154,33.215237,.,23.5,24.9,22.4,2.5,1782,0,6657,45,2024,2044,710
11703,.,2.424601,32.851692,.,24.4,26.1,23.2,3,1592,0,6967,32,2316,2162,780
11704,.,1.999994,33.240932,.,23.8,25.5,22.4,3.1,1644,0,6752,41,2111,2110,820
11705,.,0.080449,29.85224,.,19.1,20.2,18.3,1.9,1693,0,5067,288,645,1838,401
11706,.,1.582447,32.189293,.,23.8,25.4,22.6,2.7,1436,0,6735,41,2094,2068,703
11707,.,2.913344,32.173874,.,24.8,26.7,23.5,3.3,1395,0,7093,28,2435,2179,827
11708,.,0.16093,32.552933,.,22.5,23.3,21.5,1.9,1615,0,6276,70,1653,1897,597
11709,.,1.23299,33.331226,.,23.8,25.3,22.7,2.6,1670,0,6764,40,2121,2063,767
11710,.,1.245738,34.263573,.,23.9,25.1,22.5,2.6,1670,0,6778,40,2133,2204,940
11711,.,0.961449,33.591946,.,23.6,24.9,22.4,2.6,1823,0,6690,43,2056,2089,767
11712,.,2.83684,32.407825,.,24.5,26.5,23.3,3.2,1471,0,7013,30,2360,2163,762
11713,.,2.427159,33.04194,.,24.6,26.4,23.4,3,1542,0,7049,29,2393,2195,847
11714,.,3.574262,31.132486,.,24.5,26.8,23.1,3.7,1257,0,7014,31,2363,2144,912
11715,.,1.999994,33.240932,.,23.8,25.5,22.4,3.1,1644,0,6752,41,2111,2110,820
11716,.,0.828697,33.216484,.,23.3,24.7,22.2,2.5,1812,0,6571,50,1944,2046,704
11717,.,1.746609,32.167084,.,23.9,25.5,22.8,2.6,1431,0,6769,40,2128,2088,723
11718,.,2.505306,32.383907,.,24.4,26.2,23,3.2,1488,0,6947,33,2294,2156,742
11719,.,2.311136,32.984913,.,24,25.7,22.9,2.9,1639,0,6830,37,2185,2137,766
11720,.,1.135881,32.99088,.,23.6,24.9,22.5,2.4,1651,0,6672,44,2038,2056,715
11721,.,2.330128,33.039772,.,24.3,26,23,3,1633,0,6914,34,2264,2152,787
11722,.,2.424601,32.851692,.,24.4,26.1,23.2,3,1592,0,6967,32,2316,2162,780
11723,.,2.424601,32.851692,.,24.4,26.1,23.2,3,1592,0,6967,32,2316,2162,780
11724,.,2.188617,33.116344,.,24.1,25.8,23,2.8,1621,0,6874,35,2226,2151,821
11725,.,1.581441,32.83867,.,24.3,25.3,23.1,2.2,1519,0,6926,33,2274,2031,739
11726,.,2.033412,32.832584,.,23.9,25.6,22.6,3,1573,0,6803,38,2158,2107,775
11727,.,2.364858,32.603275,.,24.3,26,23.1,2.9,1522,0,6916,34,2265,2139,754
11728,.,1.834834,32.384174,.,23.8,25.5,22.6,3,1480,0,6759,40,2118,2077,728
11729,.,0.811501,32.51592,.,23.1,24.3,22.1,2.2,1604,0,6493,54,1870,2006,635
11730,.,0.684824,32.82921,.,23.3,24.5,22.4,2.1,1652,0,6565,50,1939,2037,679
11731,.,2.147052,32.650845,.,24.2,25.9,23,2.9,1513,0,6886,35,2237,2123,777
11732,.,2.505306,32.383907,.,24.4,26.2,23,3.2,1488,0,6947,33,2294,2156,742
11733,.,1.995659,33.560284,.,23.9,25.5,22.7,2.8,1683,0,6782,39,2139,2126,854
11734,.,2.352501,32.25476,.,24.2,26,23,3.1,1516,0,6899,34,2250,2114,694
11735,.,1.744212,33.049633,.,24,25.3,22.9,2.4,1572,0,6819,37,2170,2052,768
11736,.,2.42946,32.890602,.,24.4,26.1,23.2,2.9,1592,0,6979,31,2328,2171,792
11737,.,2.424601,32.851692,.,24.4,26.1,23.2,3,1592,0,6967,32,2316,2162,780
11738,.,2.152029,32.529922,.,24.3,25.9,23.2,2.8,1458,0,6913,34,2262,2145,803
11739,.,2.42946,32.890602,.,24.4,26.1,23.2,2.9,1592,0,6979,31,2328,2171,792
11740,.,2.600708,32.85016,.,24.8,26.5,23.6,2.9,1477,0,7112,27,2457,2216,854
11741,.,2.297936,32.450832,.,24.3,26.1,23.1,3,1471,0,6926,33,2275,2146,775
11742,.,1.845589,34.72316,.,21.8,23.1,20.8,2.2,1673,0,6042,94,1442,2050,849
11743,.,0.712145,32.52943,.,22.8,24.1,22,2.1,1568,0,6400,61,1771,1988,637
11744,.,2.188617,33.116344,.,24.1,25.8,23,2.8,1621,0,6874,35,2226,2151,821
11745,.,0.914467,31.071218,.,22.5,23.9,21.3,2.6,1391,0,6279,71,1664,1969,600
11746,.,-0.417683,31.145948,.,21.6,22.4,20.5,1.9,1282,0,5954,103,1343,1955,817
11747,.,1.525771,33.550385,.,23.7,25.1,22.5,2.6,1763,0,6723,42,2081,2077,794
11748,.,2.430733,32.74663,.,24.3,26,23.1,2.8,1581,0,6926,33,2274,2151,757
11749,.,0.447067,30.165287,.,20.5,21.9,19.3,2.6,1313,0,5586,161,1030,1925,621
11750,.,0.447067,30.165287,.,20.5,21.9,19.3,2.6,1313,0,5586,161,1030,1925,621
11751,.,0.914467,31.071218,.,22.5,23.9,21.3,2.6,1391,0,6279,71,1664,1969,600
11752,.,1.561474,33.306297,.,23.9,25.3,22.7,2.6,1640,0,6789,39,2142,2041,776
11753,.,0.630706,31.787724,.,22.1,23.5,21.3,2.2,1399,0,6161,81,1546,1959,626
11754,.,1.769088,34.857117,.,22.5,23.8,21.3,2.6,1701,0,6306,69,1686,2113,874
11755,.,1.694317,31.711855,.,23.2,24.9,22,2.9,1496,0,6520,54,1894,2003,587
11756,.,2.364858,32.603275,.,24.3,26,23.1,2.9,1522,0,6916,34,2265,2139,754
11757,.,0.630706,31.787724,.,22.1,23.5,21.3,2.2,1399,0,6161,81,1546,1959,626
11758,.,0.630706,31.787724,.,22.1,23.5,21.3,2.2,1399,0,6161,81,1546,1959,626
11759,.,1.978714,32.52962,.,24,25.7,22.8,2.9,1492,0,6830,37,2185,2107,757
11760,.,1.218424,34.27043,.,23.7,25.1,22.3,2.8,1726,0,6730,43,2087,2197,922
11761,.,1.029468,34.24618,.,20.8,22,19.9,2.1,1972,0,5684,142,1111,1998,721
11762,.,1.978714,32.52962,.,24,25.7,22.8,2.9,1492,0,6830,37,2185,2107,757
11763,.,3.606782,34.126358,.,22.4,23.8,21.4,2.4,1379,0,6246,74,1633,2157,954
11764,.,1.37214,33.907967,.,23.7,25.1,22.4,2.7,1753,0,6711,42,2071,2114,852
11765,.,2.357444,34.586277,.,23.8,25.1,22.4,2.7,1275,0,6754,41,2111,2204,1094
11766,.,0.73291,32.95876,.,23.2,24.6,22.2,2.4,1755,0,6553,51,1927,2028,667
11767,.,-0.522386,31.355343,.,21.3,22.3,20.4,1.9,1270,0,5854,116,1257,1918,824
11768,.,0.684824,32.82921,.,23.3,24.5,22.4,2.1,1652,0,6565,50,1939,2037,679
11769,.,0.684824,32.82921,.,23.3,24.5,22.4,2.1,1652,0,6565,50,1939,2037,679
11770,.,-1.340851,29.768257,.,17.5,18.5,16.6,1.9,1296,0,4523,523,361,1837,593
11771,.,0.463652,32.789963,.,22.7,24,21.6,2.5,1597,0,6361,64,1738,1980,650
11772,.,2.489706,30.931246,.,21.3,23,19.6,3.4,1354,0,5855,121,1273,1962,644
11773,.,-0.4712,31.363787,.,21.2,22.2,20.3,1.9,1308,0,5817,121,1225,1911,796
11774,.,3.606782,34.126358,.,22.4,23.8,21.4,2.4,1379,0,6246,74,1633,2157,954
11775,.,0.11206,31.760345,.,22.1,23.2,21.2,2.1,1395,0,6139,83,1525,1943,670
11776,.,0.819429,34.094074,.,23.4,24.5,22.1,2.4,1812,0,6605,48,1976,2113,808
11777,.,-0.4712,31.363787,.,21.2,22.2,20.3,1.9,1308,0,5817,121,1225,1911,796
11778,.,0.827235,32.844086,.,23.4,24.7,22.4,2.3,1659,0,6615,47,1986,2057,695
11779,.,0.625762,33.288773,.,22.8,24.1,21.5,2.6,1738,0,6378,63,1756,1996,706
11780,.,1.37214,33.907967,.,23.7,25.1,22.4,2.7,1753,0,6711,42,2071,2114,852
11781,.,0.657477,34.15877,.,22.9,24.1,21.7,2.4,1891,0,6433,59,1812,2078,759
11782,.,2.356898,31.417545,.,26.2,28.2,24.9,3.3,1196,0,7607,15,2953,2186,991
11783,.,2.637301,30.85764,.,21.7,23.6,20.3,3.4,1371,0,5999,102,1400,1983,640
11784,.,2.297936,32.450832,.,24.3,26.1,23.1,3,1471,0,6926,33,2275,2146,775
11785,.,3.244452,31.158716,.,25.4,27.6,24,3.6,1322,0,7315,22,2664,2177,887
11786,.,0.923509,31.578562,.,22.7,24,21.6,2.4,1381,0,6358,64,1737,1985,639
11787,.,0.11206,31.760345,.,22.1,23.2,21.2,2.1,1395,0,6139,83,1525,1943,670
11788,.,0.270254,31.648449,.,22,23.2,21.1,2.1,1429,0,6095,87,1485,1939,607
11789,.,0.390714,32.073822,.,21.9,23.2,20.9,2.3,1477,0,6069,90,1463,1934,585
11790,.,0.376263,33.191013,.,22.2,23.3,21.2,2.1,1728,0,6200,77,1585,1926,637
11791,.,0.16093,32.552933,.,22.5,23.3,21.5,1.9,1615,0,6276,70,1653,1897,597
11792,.,0.274723,31.942652,.,22.2,23.3,21.3,2.1,1411,0,6173,79,1554,1947,622
11793,.,0.674983,33.519897,.,23.3,24.6,22.1,2.5,1795,0,6571,50,1944,2050,744
11794,.,0.924405,33.13051,.,23.3,24.7,22.1,2.5,1808,0,6582,49,1954,2037,686
11795,.,0.773993,33.074753,.,23.4,24.7,22.4,2.3,1755,0,6627,46,1998,2058,700
11796,.,1.382185,34.404453,.,20.3,21.4,19.2,2.2,1914,0,5519,174,979,1966,635
11797,.,1.382185,34.404453,.,20.3,21.4,19.2,2.2,1914,0,5519,174,979,1966,635
11798,.,1.073454,34.16504,.,23.6,24.9,22.4,2.5,1709,0,6694,43,2059,2162,895
11799,.,1.029468,34.24618,.,20.8,22,19.9,2.1,1972,0,5684,142,1111,1998,721
11800,.,1.149416,33.920567,.,23.5,24.8,22.2,2.7,1773,0,6647,46,2015,2095,831
11801,.,0.819429,34.094074,.,23.4,24.5,22.1,2.4,1812,0,6605,48,1976,2113,808
11802,.,1.054035,34.37062,.,20.8,22.1,19.5,2.7,1989,0,5672,146,1104,2010,690
11803,.,0.825317,34.272385,.,22.8,23.9,21.5,2.4,1908,0,6382,62,1764,2082,792
11804,.,0.802708,34.309647,.,22.4,23.5,21.2,2.3,1907,0,6248,73,1633,2069,776
11805,.,0.808689,34.33627,.,22.3,23.4,21.1,2.4,1896,0,6214,76,1596,2067,776
11806,.,2.394807,31.126745,.,22.8,24.7,21.4,3.3,1306,0,6401,63,1777,2013,710
11807,.,3.035457,34.04506,.,24.1,25.6,22.9,2.7,1066,0,6858,36,2211,2247,1281
11808,.,1.779582,33.039524,.,24,25.3,22.8,2.5,1561,0,6814,38,2166,2061,771
11809,.,1.445643,31.334763,.,22.8,24.4,21.6,2.8,1461,0,6382,63,1759,1955,557
11810,.,1.441958,31.155403,.,23.1,24.6,21.9,2.7,1403,0,6508,54,1877,1933,566
11811,.,1.256083,30.810326,.,22.6,23.7,21.2,2.5,1347,0,6324,68,1702,1879,558
11812,.,0.058414,29.949335,.,21.6,23,20.8,2.2,1523,0,5959,102,1349,1940,556
11813,.,0.142605,30.495325,.,21.8,23,21,2.1,1430,0,6045,92,1438,1943,577
11814,.,-0.151019,31.43755,.,21.7,22.8,20.9,1.9,1400,0,6017,95,1414,1934,709
11815,.,1.445643,31.334763,.,22.8,24.4,21.6,2.8,1461,0,6382,63,1759,1955,557
11816,.,0.541162,33.865955,.,23.2,24.3,22,2.3,1786,0,6551,51,1925,2064,773
11817,.,-0.518612,31.194437,.,21.4,22.4,20.5,1.9,1247,0,5910,108,1305,1939,832
11818,.,0.274723,31.942652,.,22.2,23.3,21.3,2.1,1411,0,6173,79,1554,1947,622
11819,.,-0.151019,31.43755,.,21.7,22.8,20.9,1.9,1400,0,6017,95,1414,1934,709
11820,.,0.07161,32.092873,.,22.1,23.2,21.2,2,1502,0,6136,83,1526,1898,612
11821,.,0.376263,33.191013,.,22.2,23.3,21.2,2.1,1728,0,6200,77,1585,1926,637
11822,.,1.845589,34.72316,.,21.8,23.1,20.8,2.2,1673,0,6042,94,1442,2050,849
11823,.,1.445643,31.334763,.,22.8,24.4,21.6,2.8,1461,0,6382,63,1759,1955,557
11824,.,0.252456,30.12,.,22.3,23.9,21.3,2.6,1219,0,6236,74,1624,2015,801
11825,.,0.662385,32.70914,.,23.1,24.5,22.2,2.3,1628,0,6514,53,1890,2029,670
11826,.,2.430733,32.74663,.,24.3,26,23.1,2.8,1581,0,6926,33,2274,2151,757
11827,.,0.773993,33.074753,.,23.4,24.7,22.4,2.3,1755,0,6627,46,1998,2058,700
11828,.,3.277292,30.97562,.,24,26.3,22.7,3.6,1393,0,6818,39,2174,2113,763
11829,.,-0.291444,31.791344,.,21.6,22.6,20.7,2,1319,0,5963,102,1358,1880,773
11830,.,0.62514,32.919586,.,23.2,24.4,22,2.4,1673,0,6537,52,1912,2035,679
11831,.,-0.107999,31.124783,.,21.5,22.5,20.5,2.1,1339,0,5940,105,1340,1944,723
11832,.,1.313597,33.74017,.,24,25.4,22.6,2.8,1736,0,6819,37,2171,2124,839
11833,.,0.657477,34.15877,.,22.9,24.1,21.7,2.4,1891,0,6433,59,1812,2078,759
11834,.,0.696135,34.002964,.,23.3,24.4,22.1,2.3,1849,0,6564,50,1938,2081,773
11835,.,0.513224,33.41771,.,22.7,23.8,21.5,2.4,1732,0,6357,64,1736,1981,696
11836,.,0.513224,33.41771,.,22.7,23.8,21.5,2.4,1732,0,6357,64,1736,1981,696
11837,.,1.054035,34.37062,.,20.8,22.1,19.5,2.7,1989,0,5672,146,1104,2010,690
11838,.,1.018523,34.07295,.,23.7,24.9,22.5,2.4,1670,0,6715,42,2079,2159,878
11839,.,0.857629,34.366478,.,21.7,22.8,20.4,2.4,1924,0,6001,98,1405,2034,743
11840,.,0.961449,33.591946,.,23.6,24.9,22.4,2.6,1823,0,6690,43,2056,2089,767
11841,.,2.586064,32.698006,.,24.5,26.3,23.3,3,1550,0,7007,30,2354,2169,751
11842,.,0.599729,30.642483,.,21.1,22.7,20.1,2.6,1392,0,5807,124,1219,1922,582
11843,.,0.591024,30.47159,.,20.7,22.2,19.6,2.6,1427,0,5635,151,1067,1898,541
11844,.,0.313519,33.870636,.,22.5,23.5,21.4,2.1,1842,0,6286,70,1671,1968,685
11845,.,1.845589,34.72316,.,21.8,23.1,20.8,2.2,1673,0,6042,94,1442,2050,849
11846,.,0.62514,32.919586,.,23.2,24.4,22,2.4,1673,0,6537,52,1912,2035,679
11847,.,0.543996,32.18982,.,22.7,24,21.8,2.1,1452,0,6360,64,1738,1989,663
11848,.,1.2608,33.797054,.,23.8,25.2,22.4,2.8,1766,0,6744,41,2102,2107,833
11849,.,-0.522386,31.355343,.,21.3,22.3,20.4,1.9,1270,0,5854,116,1257,1918,824
11850,.,0.73291,32.95876,.,23.2,24.6,22.2,2.4,1755,0,6553,51,1927,2028,667
11851,.,-0.887125,31.711088,.,22.2,23,21.1,1.9,1245,0,6195,77,1578,1893,897
11852,.,0.73291,32.95876,.,23.2,24.6,22.2,2.4,1755,0,6553,51,1927,2028,667
11853,.,0.344782,32.587532,.,22.1,23.5,20.9,2.5,1578,0,6160,81,1545,1932,612
11854,.,0.11206,31.760345,.,22.1,23.2,21.2,2.1,1395,0,6139,83,1525,1943,670
11855,.,0.270254,31.648449,.,22,23.2,21.1,2.1,1429,0,6095,87,1485,1939,607
11856,.,0.390714,32.073822,.,21.9,23.2,20.9,2.3,1477,0,6069,90,1463,1934,585
11857,.,0.487564,31.800924,.,22.1,23.4,21.3,2.1,1450,0,6130,84,1518,1950,588
11858,.,0.31635,33.16036,.,22.5,23.4,21.5,1.9,1711,0,6282,70,1666,1927,636
11859,.,0.62514,32.919586,.,23.2,24.4,22,2.4,1673,0,6537,52,1912,2035,679
11860,.,-0.518612,31.194437,.,21.4,22.4,20.5,1.9,1247,0,5910,108,1305,1939,832
11861,.,0.73291,32.95876,.,23.2,24.6,22.2,2.4,1755,0,6553,51,1927,2028,667
11862,.,0.431405,33.81264,.,22.7,23.9,21.6,2.3,1842,0,6368,63,1745,2001,710
11863,.,0.490654,34.09177,.,22.8,24,21.6,2.4,1912,0,6401,61,1782,2044,719
11864,.,0.490654,34.09177,.,22.8,24,21.6,2.4,1912,0,6401,61,1782,2044,719
11865,.,0.775407,33.347477,.,23.3,24.6,22.2,2.4,1796,0,6578,49,1951,2049,730
11866,.,0.545564,33.093765,.,22.9,24.1,21.7,2.4,1666,0,6433,59,1812,2008,697
11867,.,1.23299,33.331226,.,23.8,25.3,22.7,2.6,1670,0,6764,40,2121,2063,767
11868,.,1.2608,33.797054,.,23.8,25.2,22.4,2.8,1766,0,6744,41,2102,2107,833
11869,.,1.700414,33.688522,.,24.2,25.8,22.7,3,1706,0,6880,35,2230,2129,856
11870,.,0.657477,34.15877,.,22.9,24.1,21.7,2.4,1891,0,6433,59,1812,2078,759
11871,.,0.657477,34.15877,.,22.9,24.1,21.7,2.4,1891,0,6433,59,1812,2078,759
11872,.,0.696242,34.109386,.,23.1,24.2,21.9,2.3,1880,0,6497,54,1871,2081,767
11873,.,1.374773,34.302,.,24,25.2,22.7,2.5,1543,0,6838,37,2189,2210,967
11874,.,1.120547,34.05467,.,23.6,24.8,22.2,2.6,1706,0,6664,45,2032,2123,857
11875,.,1.199716,34.158424,.,23.5,24.7,22.4,2.3,1662,0,6652,45,2020,2140,898
11876,.,1.199716,34.158424,.,23.5,24.7,22.4,2.3,1662,0,6652,45,2020,2140,898
11877,.,0.825317,34.272385,.,22.8,23.9,21.5,2.4,1908,0,6382,62,1764,2082,792
11878,.,0.825317,34.272385,.,22.8,23.9,21.5,2.4,1908,0,6382,62,1764,2082,792
11879,.,0.802708,34.309647,.,22.4,23.5,21.2,2.3,1907,0,6248,73,1633,2069,776
11880,.,0.883821,34.384117,.,20.5,21.5,19.4,2.1,2018,0,5584,160,1030,1976,667
11881,.,0.808689,34.33627,.,22.3,23.4,21.1,2.4,1896,0,6214,76,1596,2067,776
11882,.,0.808689,34.33627,.,22.3,23.4,21.1,2.4,1896,0,6214,76,1596,2067,776
11883,.,0.808689,34.33627,.,22.3,23.4,21.1,2.4,1896,0,6214,76,1596,2067,776
11884,.,1.905335,32.371994,.,23.9,25.5,22.8,2.7,1430,0,6803,38,2159,2109,763
11885,.,2.204746,33.17409,.,24,25.7,22.8,2.9,1646,0,6831,37,2186,2137,799
11886,.,3.403118,30.961437,.,23.5,25.8,22.2,3.6,1383,0,6654,47,2019,2091,760
11887,.,2.364858,32.603275,.,24.3,26,23.1,2.9,1522,0,6916,34,2265,2139,754
11888,.,2.297936,32.450832,.,24.3,26.1,23.1,3,1471,0,6926,33,2275,2146,775
11889,.,1.441958,31.155403,.,23.1,24.6,21.9,2.7,1403,0,6508,54,1877,1933,566
11890,.,0.626914,30.277119,.,20.1,21.6,18.8,2.8,1452,0,5437,191,911,1888,522
11891,.,1.020718,31.124216,.,22.8,24.3,21.6,2.7,1401,0,6398,62,1777,1992,613
11892,.,1.020718,31.124216,.,22.8,24.3,21.6,2.7,1401,0,6398,62,1777,1992,613
11893,.,0.887236,30.693213,.,22,23.4,20.7,2.8,1425,0,6099,88,1484,1908,540
11894,.,0.914467,31.071218,.,22.5,23.9,21.3,2.6,1391,0,6279,71,1664,1969,600
11895,.,-0.640431,29.805983,.,22.7,23.7,21.6,2.1,1466,0,6369,63,1747,1956,555
11896,.,0.142605,30.495325,.,21.8,23,21,2.1,1430,0,6045,92,1438,1943,577
11897,.,0.142605,30.495325,.,21.8,23,21,2.1,1430,0,6045,92,1438,1943,577
11898,.,0.142605,30.495325,.,21.8,23,21,2.1,1430,0,6045,92,1438,1943,577
11899,.,0.142605,30.495325,.,21.8,23,21,2.1,1430,0,6045,92,1438,1943,577
11900,.,0.41965,31.036463,.,21.2,22.5,20.2,2.3,1341,0,5810,123,1221,1912,613
11901,.,0.822012,30.792131,.,22,23.6,20.8,2.9,1403,0,6095,88,1481,1945,583
11902,.,2.092654,31.480083,.,26,27.6,24.7,3,1164,0,7527,16,2874,2116,954
11903,.,2.800269,30.921444,.,22.8,25,21.5,3.5,1400,0,6407,63,1777,2040,665
11904,.,-0.4712,31.363787,.,21.2,22.2,20.3,1.9,1308,0,5817,121,1225,1911,796
11905,.,1.441958,31.155403,.,23.1,24.6,21.9,2.7,1403,0,6508,54,1877,1933,566
11906,.,3.517599,34.16036,.,22.6,24,21.6,2.4,1384,0,6318,68,1696,2171,960
11907,.,3.00684,30.913631,.,23.3,25.5,22,3.5,1412,0,6562,52,1924,2063,698
11908,.,0.270254,31.648449,.,22,23.2,21.1,2.1,1429,0,6095,87,1485,1939,607
11909,.,0.490654,34.09177,.,22.8,24,21.6,2.4,1912,0,6401,61,1782,2044,719
11910,.,1.313597,33.74017,.,24,25.4,22.6,2.8,1736,0,6819,37,2171,2124,839
11911,.,1.2608,33.797054,.,23.8,25.2,22.4,2.8,1766,0,6744,41,2102,2107,833
11912,.,0.825317,34.272385,.,22.8,23.9,21.5,2.4,1908,0,6382,62,1764,2082,792
11913,.,2.394807,31.126745,.,22.8,24.7,21.4,3.3,1306,0,6401,63,1777,2013,710
11914,.,-0.522386,31.355343,.,21.3,22.3,20.4,1.9,1270,0,5854,116,1257,1918,824
11915,.,3.403118,30.961437,.,23.5,25.8,22.2,3.6,1383,0,6654,47,2019,2091,760
11916,.,1.67028,33.70546,.,24.2,25.7,22.8,3,1691,0,6891,34,2240,2143,868
11917,.,-0.291444,31.791344,.,21.6,22.6,20.7,2,1319,0,5963,102,1358,1880,773
11918,.,0.07161,32.092873,.,22.1,23.2,21.2,2,1502,0,6136,83,1526,1898,612
11919,.,0.196654,32.25523,.,22.1,23.3,21.1,2.1,1496,0,6132,84,1522,1922,600
11920,.,0.196654,32.25523,.,22.1,23.3,21.1,2.1,1496,0,6132,84,1522,1922,600
11921,.,0.411417,33.14137,.,22.2,23.3,21.1,2.2,1700,0,6178,79,1565,1933,641
11922,.,-0.518612,31.194437,.,21.4,22.4,20.5,1.9,1247,0,5910,108,1305,1939,832
11923,.,0.827235,32.844086,.,23.4,24.7,22.4,2.3,1659,0,6615,47,1986,2057,695
11924,.,-0.295331,31.218782,.,21.3,22.3,20.4,1.9,1300,0,5878,113,1277,1922,765
11925,.,0.274723,31.942652,.,22.2,23.3,21.3,2.1,1411,0,6173,79,1554,1947,622
11926,.,0.402623,32.081055,.,21.9,23.2,20.9,2.3,1491,0,6064,90,1459,1933,585
11927,.,0.545564,33.093765,.,22.9,24.1,21.7,2.4,1666,0,6433,59,1812,2008,697
11928,.,0.657477,34.15877,.,22.9,24.1,21.7,2.4,1891,0,6433,59,1812,2078,759
11929,.,1.245738,34.263573,.,23.9,25.1,22.5,2.6,1670,0,6778,40,2133,2204,940
11930,.,1.374773,34.302,.,24,25.2,22.7,2.5,1543,0,6838,37,2189,2210,967
11931,.,1.199716,34.158424,.,23.5,24.7,22.4,2.3,1662,0,6652,45,2020,2140,898
11932,.,0.808689,34.33627,.,22.3,23.4,21.1,2.4,1896,0,6214,76,1596,2067,776
11933,.,2.586064,32.698006,.,24.5,26.3,23.3,3,1550,0,7007,30,2354,2169,751
11934,.,-0.556547,30.134388,.,19.6,20.5,18.6,2,1395,0,5247,236,768,1840,530
11935,.,1.361871,31.451387,.,22.9,24.6,21.9,2.7,1473,0,6422,60,1793,1987,559
11936,.,1.256083,30.810326,.,22.6,23.7,21.2,2.5,1347,0,6324,68,1702,1879,558
11937,.,0.058414,29.949335,.,21.6,23,20.8,2.2,1523,0,5959,102,1349,1940,556
11938,.,1.746652,31.670069,.,23.3,25.1,22.2,2.9,1484,0,6581,50,1948,1995,591
11939,.,0.389081,30.486662,.,21.5,22.9,20.7,2.2,1351,0,5925,106,1319,1935,620
11940,.,0.142605,30.495325,.,21.8,23,21,2.1,1430,0,6045,92,1438,1943,577
11941,.,0.41965,31.036463,.,21.2,22.5,20.2,2.3,1341,0,5810,123,1221,1912,613
11942,.,0.822012,30.792131,.,22,23.6,20.8,2.9,1403,0,6095,88,1481,1945,583
11943,.,2.092654,31.480083,.,26,27.6,24.7,3,1164,0,7527,16,2874,2116,954
11944,.,0.547454,33.165276,.,22.8,24,21.5,2.5,1693,0,6382,63,1759,1992,683
11945,.,1.256083,30.810326,.,22.6,23.7,21.2,2.5,1347,0,6324,68,1702,1879,558
11946,.,0.457418,33.68587,.,22.6,23.6,21.5,2.1,1806,0,6316,67,1697,1981,700
11947,.,-0.4712,31.363787,.,21.2,22.2,20.3,1.9,1308,0,5817,121,1225,1911,796
11948,.,-0.105038,30.26422,.,23.2,23.9,22,2,1330,0,6537,51,1906,1992,681
11949,.,-0.522386,31.355343,.,21.3,22.3,20.4,1.9,1270,0,5854,116,1257,1918,824
11950,.,-0.151019,31.43755,.,21.7,22.8,20.9,1.9,1400,0,6017,95,1414,1934,709
11951,.,1.020718,31.124216,.,22.8,24.3,21.6,2.7,1401,0,6398,62,1777,1992,613
11952,.,0.142605,30.495325,.,21.8,23,21,2.1,1430,0,6045,92,1438,1943,577
11953,.,1.67028,33.70546,.,24.2,25.7,22.8,3,1691,0,6891,34,2240,2143,868
11954,.,0.62514,32.919586,.,23.2,24.4,22,2.4,1673,0,6537,52,1912,2035,679
11955,.,1.769088,34.857117,.,22.5,23.8,21.3,2.6,1701,0,6306,69,1686,2113,874
11956,.,0.726581,32.918507,.,23.3,24.6,22.3,2.3,1734,0,6562,50,1936,2035,670
11957,.,3.035457,34.04506,.,24.1,25.6,22.9,2.7,1066,0,6858,36,2211,2247,1281
11958,.,0.827927,31.843466,.,22.2,23.5,21.2,2.3,1444,0,6200,77,1589,1946,616
11959,.,-0.079571,31.635708,.,21.7,23,20.8,2.2,1359,0,6020,95,1419,1918,707
11960,.,-0.344248,31.571665,.,21.6,22.7,20.7,2,1226,0,5977,100,1380,1936,856
11961,.,0.487564,31.800924,.,22.1,23.4,21.3,2.1,1450,0,6130,84,1518,1950,588
11962,.,-0.292248,31.478722,.,21.7,22.8,20.9,1.9,1312,0,6020,95,1417,1948,802
11963,.,-0.151019,31.43755,.,21.7,22.8,20.9,1.9,1400,0,6017,95,1414,1934,709
11964,.,0.431405,33.81264,.,22.7,23.9,21.6,2.3,1842,0,6368,63,1745,2001,710
11965,.,0.431405,33.81264,.,22.7,23.9,21.6,2.3,1842,0,6368,63,1745,2001,710
11966,.,0.103999,33.783092,.,23.1,24.2,22,2.1,1741,0,6522,53,1897,1943,676
11967,.,0.389015,34.05781,.,22.6,23.8,21.2,2.6,1905,0,6306,69,1677,2016,711
11968,.,0.674983,33.519897,.,23.3,24.6,22.1,2.5,1795,0,6571,50,1944,2050,744
11969,.,1.149416,33.920567,.,23.5,24.8,22.2,2.7,1773,0,6647,46,2015,2095,831
11970,.,1.374773,34.302,.,24,25.2,22.7,2.5,1543,0,6838,37,2189,2210,967
11971,.,1.199716,34.158424,.,23.5,24.7,22.4,2.3,1662,0,6652,45,2020,2140,898
11972,.,0.808689,34.33627,.,22.3,23.4,21.1,2.4,1896,0,6214,76,1596,2067,776
11973,.,3.394554,31.942965,.,26.8,28.8,25.2,3.6,1130,0,7825,12,3166,2293,1169
11974,.,3.52507,31.713505,.,27,29.1,25.4,3.8,1176,0,7893,11,3234,2280,1106
11975,.,2.356898,31.417545,.,26.2,28.2,24.9,3.3,1196,0,7607,15,2953,2186,991
11976,.,1.779582,33.039524,.,24,25.3,22.8,2.5,1561,0,6814,38,2166,2061,771
11977,.,1.779582,33.039524,.,24,25.3,22.8,2.5,1561,0,6814,38,2166,2061,771
11978,.,1.256083,30.810326,.,22.6,23.7,21.2,2.5,1347,0,6324,68,1702,1879,558
11979,.,0.914467,31.071218,.,22.5,23.9,21.3,2.6,1391,0,6279,71,1664,1969,600
11980,.,-0.105038,30.26422,.,23.2,23.9,22,2,1330,0,6537,51,1906,1992,681
11981,.,0.41965,31.036463,.,21.2,22.5,20.2,2.3,1341,0,5810,123,1221,1912,613
11982,.,0.822012,30.792131,.,22,23.6,20.8,2.9,1403,0,6095,88,1481,1945,583
11983,.,1.035778,33.387863,.,23.7,25.2,22.3,2.8,1813,0,6713,42,2072,2078,744
11984,.,1.219726,33.38272,.,23.9,25.3,22.8,2.5,1686,0,6786,39,2142,2073,774
11985,.,3.201268,30.964247,.,24,26.3,22.7,3.6,1387,0,6824,39,2180,2113,764
11986,.,0.145367,31.23106,.,22,23.2,21.2,2,1334,0,6112,85,1499,1951,682
11987,.,0.389081,30.486662,.,21.5,22.9,20.7,2.2,1351,0,5925,106,1319,1935,620
11988,.,1.441958,31.155403,.,23.1,24.6,21.9,2.7,1403,0,6508,54,1877,1933,566
11989,.,0.591024,30.47159,.,20.7,22.2,19.6,2.6,1427,0,5635,151,1067,1898,541
11990,.,0.657477,34.15877,.,22.9,24.1,21.7,2.4,1891,0,6433,59,1812,2078,759
11991,.,3.417407,31.180962,.,24.8,27.2,23.4,3.7,1332,0,7107,28,2452,2150,868
11992,.,-0.522386,31.355343,.,21.3,22.3,20.4,1.9,1270,0,5854,116,1257,1918,824
11993,.,0.827927,31.843466,.,22.2,23.5,21.2,2.3,1444,0,6200,77,1589,1946,616
11994,.,0.923509,31.578562,.,22.7,24,21.6,2.4,1381,0,6358,64,1737,1985,639
11995,.,0.537968,31.368237,.,21.6,23,20.7,2.3,1365,0,5954,103,1354,1936,623
11996,.,0.389015,34.05781,.,22.6,23.8,21.2,2.6,1905,0,6306,69,1677,2016,711
11997,.,1.23299,33.331226,.,23.8,25.3,22.7,2.6,1670,0,6764,40,2121,2063,767
11998,.,1.199716,34.158424,.,23.5,24.7,22.4,2.3,1662,0,6652,45,2020,2140,898
11999,.,0.857629,34.366478,.,21.7,22.8,20.4,2.4,1924,0,6001,98,1405,2034,743
12000,.,0.869543,34.381268,.,21.1,22.1,19.9,2.2,1974,0,5796,125,1208,2006,703
12001,.,1.474652,31.338894,.,22.6,24.2,21.4,2.8,1453,0,6311,69,1694,1938,551
12002,.,0.914467,31.071218,.,22.5,23.9,21.3,2.6,1391,0,6279,71,1664,1969,600
12003,.,0.189983,30.549063,.,21.8,23.1,21,2.1,1423,0,6049,92,1442,1953,595
12004,.,1.727663,33.51835,.,24.1,25.6,22.9,2.7,1667,0,6869,35,2219,2129,852
12005,.,1.035778,33.387863,.,23.7,25.2,22.3,2.8,1813,0,6713,42,2072,2078,744
12006,.,1.845589,34.72316,.,21.8,23.1,20.8,2.2,1673,0,6042,94,1442,2050,849
12007,.,-0.292248,31.478722,.,21.7,22.8,20.9,1.9,1312,0,6020,95,1417,1948,802
12008,.,0.586751,31.718155,.,21.9,23.2,20.9,2.2,1460,0,6061,91,1457,1946,585
12009,.,0.66024,33.241806,.,23.1,24.4,21.9,2.5,1734,0,6491,55,1866,2024,719
12010,.,0.270254,31.648449,.,22,23.2,21.1,2.1,1429,0,6095,87,1485,1939,607
12011,.,0.726581,32.918507,.,23.3,24.6,22.3,2.3,1734,0,6562,50,1936,2035,670
12012,.,0.684433,32.301426,.,22.8,24,21.9,2.1,1528,0,6391,61,1767,1980,622
12013,.,1.374773,34.302,.,24,25.2,22.7,2.5,1543,0,6838,37,2189,2210,967
12014,.,0.808689,34.33627,.,22.3,23.4,21.1,2.4,1896,0,6214,76,1596,2067,776
12015,.,3.574262,31.132486,.,24.5,26.8,23.1,3.7,1257,0,7014,31,2363,2144,912
12016,.,0.827235,32.844086,.,23.4,24.7,22.4,2.3,1659,0,6615,47,1986,2057,695
12017,.,0.586751,31.718155,.,21.9,23.2,20.9,2.2,1460,0,6061,91,1457,1946,585
12018,.,1.035778,33.387863,.,23.7,25.2,22.3,2.8,1813,0,6713,42,2072,2078,744
12019,.,2.505306,32.383907,.,24.4,26.2,23,3.2,1488,0,6947,33,2294,2156,742
12020,.,1.769088,34.857117,.,22.5,23.8,21.3,2.6,1701,0,6306,69,1686,2113,874
12021,.,1.795213,32.899227,.,24.1,25.5,23,2.5,1502,0,6872,35,2225,2061,771
12022,.,1.135881,32.99088,.,23.6,24.9,22.5,2.4,1651,0,6672,44,2038,2056,715
12023,.,1.441958,31.155403,.,23.1,24.6,21.9,2.7,1403,0,6508,54,1877,1933,566
12024,.,1.746652,31.670069,.,23.3,25.1,22.2,2.9,1484,0,6581,50,1948,1995,591
12025,.,3.277292,30.97562,.,24,26.3,22.7,3.6,1393,0,6818,39,2174,2113,763
12026,.,1.23299,33.331226,.,23.8,25.3,22.7,2.6,1670,0,6764,40,2121,2063,767
12027,.,1.276098,34.371906,.,19.4,20.4,18.2,2.2,2159,0,5188,254,728,1931,579
12028,.,0.630706,31.787724,.,22.1,23.5,21.3,2.2,1399,0,6161,81,1546,1959,626
12029,.,0.586751,31.718155,.,21.9,23.2,20.9,2.2,1460,0,6061,91,1457,1946,585
12030,.,0.50234,32.128906,.,22.2,23.5,21.4,2.1,1475,0,6193,78,1573,1952,613
12031,.,1.382185,34.404453,.,20.3,21.4,19.2,2.2,1914,0,5519,174,979,1966,635
12032,.,1.374773,34.302,.,24,25.2,22.7,2.5,1543,0,6838,37,2189,2210,967
12033,.,1.374773,34.302,.,24,25.2,22.7,2.5,1543,0,6838,37,2189,2210,967
12034,.,1.035778,33.387863,.,23.7,25.2,22.3,2.8,1813,0,6713,42,2072,2078,744
12035,.,2.408638,33.064617,.,24.6,26.4,23.4,3,1560,0,7045,29,2389,2195,844
12036,.,-0.105038,30.26422,.,23.2,23.9,22,2,1330,0,6537,51,1906,1992,681
12037,.,-0.105038,30.26422,.,23.2,23.9,22,2,1330,0,6537,51,1906,1992,681
12038,.,0.822012,30.792131,.,22,23.6,20.8,2.9,1403,0,6095,88,1481,1945,583
12039,.,0.775407,33.347477,.,23.3,24.6,22.2,2.4,1796,0,6578,49,1951,2049,730
12040,.,0.630706,31.787724,.,22.1,23.5,21.3,2.2,1399,0,6161,81,1546,1959,626
12041,.,-0.105038,30.26422,.,23.2,23.9,22,2,1330,0,6537,51,1906,1992,681
12042,.,0.630706,31.787724,.,22.1,23.5,21.3,2.2,1399,0,6161,81,1546,1959,626
12043,.,0.630706,31.787724,.,22.1,23.5,21.3,2.2,1399,0,6161,81,1546,1959,626
12044,.,0.961449,33.591946,.,23.6,24.9,22.4,2.6,1823,0,6690,43,2056,2089,767
12045,.,1.020718,31.124216,.,22.8,24.3,21.6,2.7,1401,0,6398,62,1777,1992,613
12046,.,0.827235,32.844086,.,23.4,24.7,22.4,2.3,1659,0,6615,47,1986,2057,695
12047,.,0.869543,34.381268,.,21.1,22.1,19.9,2.2,1974,0,5796,125,1208,2006,703
12048,.,0.914467,31.071218,.,22.5,23.9,21.3,2.6,1391,0,6279,71,1664,1969,600
12049,.,-0.522386,31.355343,.,21.3,22.3,20.4,1.9,1270,0,5854,116,1257,1918,824
12050,.,1.199716,34.158424,.,23.5,24.7,22.4,2.3,1662,0,6652,45,2020,2140,898
12051,.,1.199716,34.158424,.,23.5,24.7,22.4,2.3,1662,0,6652,45,2020,2140,898
12052,.,0.822012,30.792131,.,22,23.6,20.8,2.9,1403,0,6095,88,1481,1945,583
12053,.,2.025595,32.71742,.,24,25.6,22.7,2.9,1542,0,6821,37,2176,2113,766
12054,.,0.471293,32.86459,.,22.9,24.1,21.7,2.3,1607,0,6431,59,1810,1999,678
12055,.,0.961449,33.591946,.,23.6,24.9,22.4,2.6,1823,0,6690,43,2056,2089,767
12056,.,0.274723,31.942652,.,22.2,23.3,21.3,2.1,1411,0,6173,79,1554,1947,622
12057,.,1.020718,31.124216,.,22.8,24.3,21.6,2.7,1401,0,6398,62,1777,1992,613
12058,.,0.274723,31.942652,.,22.2,23.3,21.3,2.1,1411,0,6173,79,1554,1947,622
12059,.,3.038332,34.147022,.,24,25.4,22.8,2.6,1064,0,6818,38,2173,2242,1281
12060,.,3.277292,30.97562,.,24,26.3,22.7,3.6,1393,0,6818,39,2174,2113,763
12061,.,2.145812,34.20444,.,23.9,25.3,22.6,2.7,1409,0,6774,40,2130,2151,939
12062,.,0.73291,32.95876,.,23.2,24.6,22.2,2.4,1755,0,6553,51,1927,2028,667
12063,.,2.42946,32.890602,.,24.4,26.1,23.2,2.9,1592,0,6979,31,2328,2171,792
12064,.,2.42946,32.890602,.,24.4,26.1,23.2,2.9,1592,0,6979,31,2328,2171,792
12065,.,2.092654,31.480083,.,26,27.6,24.7,3,1164,0,7527,16,2874,2116,954
12066,.,-0.402728,31.349895,.,21.4,22.5,20.5,1.9,1300,0,5894,110,1291,1921,792
12067,.,2.263628,32.898376,.,24.2,25.8,23.1,2.7,1619,0,6886,35,2237,2153,776
12068,.,-0.518612,31.194437,.,21.4,22.4,20.5,1.9,1247,0,5910,108,1305,1939,832
12069,.,0.274723,31.942652,.,22.2,23.3,21.3,2.1,1411,0,6173,79,1554,1947,622
12070,.,0.578552,30.161201,.,19,20.3,17.6,2.7,1478,0,5051,298,638,1862,451
12071,.,0.080449,29.85224,.,19.1,20.2,18.3,1.9,1693,0,5067,288,645,1838,401
12072,.,0.07161,32.092873,.,22.1,23.2,21.2,2,1502,0,6136,83,1526,1898,612
12073,.,0.640799,30.301283,.,20.2,21.6,18.8,2.8,1448,0,5464,186,932,1883,525
12074,.,0.265681,32.462757,.,22.1,23.3,21.1,2.2,1510,0,6138,83,1529,1920,604
12075,.,0.537968,31.368237,.,21.6,23,20.7,2.3,1365,0,5954,103,1354,1936,623
12076,.,0.376263,33.191013,.,22.2,23.3,21.2,2.1,1728,0,6200,77,1585,1926,637
12077,.,2.352501,32.25476,.,24.2,26,23,3.1,1516,0,6899,34,2250,2114,694
12078,.,0.31635,33.16036,.,22.5,23.4,21.5,1.9,1711,0,6282,70,1666,1927,636
12079,.,0.900534,33.101513,.,23.4,24.7,22.2,2.5,1804,0,6602,48,1973,2044,681
12080,.,1.218424,34.27043,.,23.7,25.1,22.3,2.8,1726,0,6730,43,2087,2197,922
12081,.,3.606782,34.126358,.,22.4,23.8,21.4,2.4,1379,0,6246,74,1633,2157,954
12082,.,2.297936,32.450832,.,24.3,26.1,23.1,3,1471,0,6926,33,2275,2146,775
12083,.,0.640799,30.301283,.,20.2,21.6,18.8,2.8,1448,0,5464,186,932,1883,525
12084,.,0.389081,30.486662,.,21.5,22.9,20.7,2.2,1351,0,5925,106,1319,1935,620
12085,.,-0.197683,31.810291,.,21.6,22.8,20.8,2,1398,0,5974,100,1377,1878,713
12086,.,3.52507,31.713505,.,27,29.1,25.4,3.8,1176,0,7893,11,3234,2280,1106
12087,.,-0.50883,31.333286,.,21.2,22.2,20.3,1.9,1272,0,5825,120,1232,1915,819
12088,.,0.058414,29.949335,.,21.6,23,20.8,2.2,1523,0,5959,102,1349,1940,556
12089,.,-0.887125,31.711088,.,22.2,23,21.1,1.9,1245,0,6195,77,1578,1893,897
12090,.,3.394554,31.942965,.,26.8,28.8,25.2,3.6,1130,0,7825,12,3166,2293,1169
12091,.,0.142605,30.495325,.,21.8,23,21,2.1,1430,0,6045,92,1438,1943,577
12092,.,3.394554,31.942965,.,26.8,28.8,25.2,3.6,1130,0,7825,12,3166,2293,1169
12093,.,0.923509,31.578562,.,22.7,24,21.6,2.4,1381,0,6358,64,1737,1985,639
12094,.,-0.151019,31.43755,.,21.7,22.8,20.9,1.9,1400,0,6017,95,1414,1934,709
12095,.,3.201268,30.964247,.,24,26.3,22.7,3.6,1387,0,6824,39,2180,2113,764
12096,.,0.058414,29.949335,.,21.6,23,20.8,2.2,1523,0,5959,102,1349,1940,556
12097,.,1.694317,31.711855,.,23.2,24.9,22,2.9,1496,0,6520,54,1894,2003,587
12098,.,2.356898,31.417545,.,26.2,28.2,24.9,3.3,1196,0,7607,15,2953,2186,991
12099,.,3.52507,31.713505,.,27,29.1,25.4,3.8,1176,0,7893,11,3234,2280,1106
12100,.,1.769088,34.857117,.,22.5,23.8,21.3,2.6,1701,0,6306,69,1686,2113,874
12101,.,3.097592,30.884706,.,23.3,25.6,22.1,3.5,1409,0,6583,51,1951,2074,708
12102,.,2.505306,32.383907,.,24.4,26.2,23,3.2,1488,0,6947,33,2294,2156,742
12103,.,0.354955,32.933506,.,22.1,23.1,21,2.1,1615,0,6163,82,1552,1942,646
12104,.,3.277292,30.97562,.,24,26.3,22.7,3.6,1393,0,6818,39,2174,2113,763
12105,.,-0.344248,31.571665,.,21.6,22.7,20.7,2,1226,0,5977,100,1380,1936,856
12106,.,-0.4712,31.363787,.,21.2,22.2,20.3,1.9,1308,0,5817,121,1225,1911,796
12107,.,-0.197683,31.810291,.,21.6,22.8,20.8,2,1398,0,5974,100,1377,1878,713
12108,.,0.827927,31.843466,.,22.2,23.5,21.2,2.3,1444,0,6200,77,1589,1946,616
12109,.,0.446488,31.825706,.,22.1,23.4,21.4,2,1439,0,6163,80,1547,1961,600
12110,.,-0.4712,31.363787,.,21.2,22.2,20.3,1.9,1308,0,5817,121,1225,1911,796
12111,.,0.07161,32.092873,.,22.1,23.2,21.2,2,1502,0,6136,83,1526,1898,612
12112,.,0.728758,30.64659,.,21.2,22.8,20,2.8,1386,0,5836,120,1245,1909,583
12113,.,-0.503361,31.61607,.,21.5,22.5,20.6,1.9,1188,0,5922,107,1323,1904,883
12114,.,0.543996,32.18982,.,22.7,24,21.8,2.1,1452,0,6360,64,1738,1989,663
12115,.,3.692333,33.964535,.,23.1,24.4,21.8,2.6,1327,0,6485,56,1859,2200,1031
12116,.,0.586751,31.718155,.,21.9,23.2,20.9,2.2,1460,0,6061,91,1457,1946,585
12117,.,-0.50883,31.333286,.,21.2,22.2,20.3,1.9,1272,0,5825,120,1232,1915,819
12118,.,0.73291,32.95876,.,23.2,24.6,22.2,2.4,1755,0,6553,51,1927,2028,667
12119,.,-0.344248,31.571665,.,21.6,22.7,20.7,2,1226,0,5977,100,1380,1936,856
12120,.,-0.197683,31.810291,.,21.6,22.8,20.8,2,1398,0,5974,100,1377,1878,713
12121,.,3.692333,33.964535,.,23.1,24.4,21.8,2.6,1327,0,6485,56,1859,2200,1031
12122,.,0.857629,34.366478,.,21.7,22.8,20.4,2.4,1924,0,6001,98,1405,2034,743
12123,.,-0.4712,31.363787,.,21.2,22.2,20.3,1.9,1308,0,5817,121,1225,1911,796
12124,.,-0.4712,31.363787,.,21.2,22.2,20.3,1.9,1308,0,5817,121,1225,1911,796
12125,.,0.662385,32.70914,.,23.1,24.5,22.2,2.3,1628,0,6514,53,1890,2029,670
12126,.,-0.079571,31.635708,.,21.7,23,20.8,2.2,1359,0,6020,95,1419,1918,707
12127,.,-0.079571,31.635708,.,21.7,23,20.8,2.2,1359,0,6020,95,1419,1918,707
12128,.,-0.4712,31.363787,.,21.2,22.2,20.3,1.9,1308,0,5817,121,1225,1911,796
12129,.,-0.576782,31.691637,.,21.8,22.8,20.9,2,1289,0,6034,93,1430,1883,809
12130,.,0.487564,31.800924,.,22.1,23.4,21.3,2.1,1450,0,6130,84,1518,1950,588
12131,.,0.376263,33.191013,.,22.2,23.3,21.2,2.1,1728,0,6200,77,1585,1926,637
12132,.,0.619389,32.812157,.,23.1,24.3,22.1,2.2,1618,0,6521,53,1897,2022,681
12133,.,-0.887125,31.711088,.,22.2,23,21.1,1.9,1245,0,6195,77,1578,1893,897
12134,.,0.802708,34.309647,.,22.4,23.5,21.2,2.3,1907,0,6248,73,1633,2069,776
12135,.,1.361871,31.451387,.,22.9,24.6,21.9,2.7,1473,0,6422,60,1793,1987,559
12136,.,-0.227396,30.402168,.,19.3,20.3,18.1,2.1,1416,0,5167,260,713,1823,491
12137,.,-0.295331,31.218782,.,21.3,22.3,20.4,1.9,1300,0,5878,113,1277,1922,765
12138,.,0.827927,31.843466,.,22.2,23.5,21.2,2.3,1444,0,6200,77,1589,1946,616
12139,.,-0.079571,31.635708,.,21.7,23,20.8,2.2,1359,0,6020,95,1419,1918,707
12140,.,-0.576782,31.691637,.,21.8,22.8,20.9,2,1289,0,6034,93,1430,1883,809
12141,.,0.376263,33.191013,.,22.2,23.3,21.2,2.1,1728,0,6200,77,1585,1926,637
12142,.,0.684824,32.82921,.,23.3,24.5,22.4,2.1,1652,0,6565,50,1939,2037,679
12143,.,0.684433,32.301426,.,22.8,24,21.9,2.1,1528,0,6391,61,1767,1980,622
12144,.,0.080449,29.85224,.,19.1,20.2,18.3,1.9,1693,0,5067,288,645,1838,401
12145,.,-0.560572,30.6788,.,20.8,21.6,19.7,1.8,1200,0,5676,143,1100,1933,791
12146,.,-0.197683,31.810291,.,21.6,22.8,20.8,2,1398,0,5974,100,1377,1878,713
12147,.,1.441958,31.155403,.,23.1,24.6,21.9,2.7,1403,0,6508,54,1877,1933,566
12148,.,0.216248,31.574783,.,22,23.1,21.1,2,1416,0,6101,86,1490,1944,620
12149,.,0.411417,33.14137,.,22.2,23.3,21.1,2.2,1700,0,6178,79,1565,1933,641
12150,.,-0.920324,29.80123,.,19,20,17.7,2.4,1488,0,5036,303,631,1824,411
12151,.,0.589527,32.623108,.,22.7,24.1,21.6,2.6,1614,0,6354,65,1737,1989,642
12152,.,0.11206,31.760345,.,22.1,23.2,21.2,2.1,1395,0,6139,83,1525,1943,670
12153,.,-0.079571,31.635708,.,21.7,23,20.8,2.2,1359,0,6020,95,1419,1918,707
12154,.,0.07161,32.092873,.,22.1,23.2,21.2,2,1502,0,6136,83,1526,1898,612
12155,.,0.630706,31.787724,.,22.1,23.5,21.3,2.2,1399,0,6161,81,1546,1959,626
12156,.,-0.982337,30.459738,.,21,21.8,20.1,1.7,1194,0,5752,130,1164,1949,824
12157,.,0.825317,34.272385,.,22.8,23.9,21.5,2.4,1908,0,6382,62,1764,2082,792
12158,.,-0.608761,30.67223,.,20.7,21.6,19.7,1.8,1158,0,5662,145,1089,1935,835
12159,.,0.822012,30.792131,.,22,23.6,20.8,2.9,1403,0,6095,88,1481,1945,583
12160,.,2.529953,30.786217,.,20.8,22.7,19.4,3.3,1387,0,5693,145,1126,1940,598
12161,.,1.276098,34.371906,.,19.4,20.4,18.2,2.2,2159,0,5188,254,728,1931,579
12162,.,2.769515,32.29514,.,24.3,26.3,23.1,3.2,1502,0,6942,33,2290,2142,721
12163,.,0.578552,30.161201,.,19,20.3,17.6,2.7,1478,0,5051,298,638,1862,451
12164,.,3.066576,31.065247,.,25,27.2,23.6,3.6,1355,0,7170,26,2510,2154,829
12165,.,3.442528,30.945656,.,23.3,25.6,22,3.6,1372,0,6588,51,1955,2080,758
12166,.,3.172371,30.908165,.,23.5,25.8,22.2,3.5,1399,0,6637,48,2002,2082,724
12167,.,2.584571,30.935251,.,22.1,24,20.6,3.4,1336,0,6151,85,1542,2001,694
12168,.,1.694317,31.711855,.,23.2,24.9,22,2.9,1496,0,6520,54,1894,2003,587
12169,.,1.029468,34.24618,.,20.8,22,19.9,2.1,1972,0,5684,142,1111,1998,721
12170,.,1.2608,33.797054,.,23.8,25.2,22.4,2.8,1766,0,6744,41,2102,2107,833
12171,.,1.018523,34.07295,.,23.7,24.9,22.5,2.4,1670,0,6715,42,2079,2159,878
12172,.,1.834834,32.384174,.,23.8,25.5,22.6,3,1480,0,6759,40,2118,2077,728
12173,.,3.281497,31.564133,.,27,29,25.5,3.5,1090,0,7888,11,3228,2289,1200
12174,.,-0.608761,30.67223,.,20.7,21.6,19.7,1.8,1158,0,5662,145,1089,1935,835
12175,.,-0.640431,29.805983,.,22.7,23.7,21.6,2.1,1466,0,6369,63,1747,1956,555
12176,.,0.142605,30.495325,.,21.8,23,21,2.1,1430,0,6045,92,1438,1943,577
12177,.,0.189983,30.549063,.,21.8,23.1,21,2.1,1423,0,6049,92,1442,1953,595
12178,.,-0.105038,30.26422,.,23.2,23.9,22,2,1330,0,6537,51,1906,1992,681
12179,.,2.11178,33.104233,.,24.2,25.9,23,3,1557,0,6894,35,2244,2151,844
12180,.,3.281497,31.564133,.,27,29,25.5,3.5,1090,0,7888,11,3228,2289,1200
12181,.,-1.255216,30.05682,.,17.7,18.6,16.2,2.4,1295,0,4575,501,385,1815,608
12182,.,-0.640431,29.805983,.,22.7,23.7,21.6,2.1,1466,0,6369,63,1747,1956,555
12183,.,0.142605,30.495325,.,21.8,23,21,2.1,1430,0,6045,92,1438,1943,577
12184,.,3.244452,31.158716,.,25.4,27.6,24,3.6,1322,0,7315,22,2664,2177,887
12185,.,1.256083,30.810326,.,22.6,23.7,21.2,2.5,1347,0,6324,68,1702,1879,558
12186,.,1.120547,34.05467,.,23.6,24.8,22.2,2.6,1706,0,6664,45,2032,2123,857
12187,.,3.277292,30.97562,.,24,26.3,22.7,3.6,1393,0,6818,39,2174,2113,763
12188,.,-1.380214,30.010633,.,17.6,18.4,16.4,2,1269,0,4533,520,365,1810,631
12189,.,2.761965,32.33206,.,24.3,26.3,23.1,3.2,1510,0,6933,33,2282,2144,722
12190,.,2.352501,32.25476,.,24.2,26,23,3.1,1516,0,6899,34,2250,2114,694
12191,.,2.330128,33.039772,.,24.3,26,23,3,1633,0,6914,34,2264,2152,787
12192,.,-1.1506,29.672838,.,17.9,19,16.7,2.3,1490,0,4646,464,417,1801,413
12193,.,1.588968,33.860134,.,24.1,25.5,22.7,2.9,1703,0,6847,36,2199,2129,860
12194,.,0.914467,31.071218,.,22.5,23.9,21.3,2.6,1391,0,6279,71,1664,1969,600
12195,.,3.281497,31.564133,.,27,29,25.5,3.5,1090,0,7888,11,3228,2289,1200
12196,.,1.218424,34.27043,.,23.7,25.1,22.3,2.8,1726,0,6730,43,2087,2197,922
12197,.,1.199716,34.158424,.,23.5,24.7,22.4,2.3,1662,0,6652,45,2020,2140,898
12198,.,2.584571,30.935251,.,22.1,24,20.6,3.4,1336,0,6151,85,1542,2001,694
12199,.,-0.556547,30.134388,.,19.6,20.5,18.6,2,1395,0,5247,236,768,1840,530
12200,.,3.00684,30.913631,.,23.3,25.5,22,3.5,1412,0,6562,52,1924,2063,698
12201,.,3.281497,31.564133,.,27,29,25.5,3.5,1090,0,7888,11,3228,2289,1200
12202,.,2.513627,30.881895,.,21,22.8,19.3,3.5,1366,0,5748,137,1182,1949,622
12203,.,1.441958,31.155403,.,23.1,24.6,21.9,2.7,1403,0,6508,54,1877,1933,566
12204,.,0.142605,30.495325,.,21.8,23,21,2.1,1430,0,6045,92,1438,1943,577
12205,.,1.151655,34.26159,.,22.6,23.8,21.5,2.4,1867,0,6325,68,1707,2111,842
12206,.,3.066576,31.065247,.,25,27.2,23.6,3.6,1355,0,7170,26,2510,2154,829
12207,.,1.120547,34.05467,.,23.6,24.8,22.2,2.6,1706,0,6664,45,2032,2123,857
12208,.,1.018523,34.07295,.,23.7,24.9,22.5,2.4,1670,0,6715,42,2079,2159,878
12209,.,2.584571,30.935251,.,22.1,24,20.6,3.4,1336,0,6151,85,1542,2001,694
12210,.,3.34776,31.193533,.,25,27.3,23.7,3.6,1309,0,7176,25,2520,2149,871
12211,.,1.746652,31.670069,.,23.3,25.1,22.2,2.9,1484,0,6581,50,1948,1995,591
12212,.,0.389081,30.486662,.,21.5,22.9,20.7,2.2,1351,0,5925,106,1319,1935,620
12213,.,3.172371,30.908165,.,23.5,25.8,22.2,3.5,1399,0,6637,48,2002,2082,724
12214,.,-0.855295,30.659582,.,19.7,20.5,18.7,1.8,1282,0,5308,221,814,1871,722
12215,.,1.740958,33.58334,.,24,25.4,22.8,2.6,1722,0,6805,38,2160,2112,829
12216,.,0.711118,34.173637,.,23,24.1,21.8,2.3,1907,0,6455,57,1832,2088,763
12217,.,3.606782,34.126358,.,22.4,23.8,21.4,2.4,1379,0,6246,74,1633,2157,954
12218,.,3.668089,31.715618,.,25.5,27.6,23.9,3.7,1204,0,7346,21,2694,2188,996
12219,.,2.542519,32.88744,.,24.7,26.4,23.4,3,1510,0,7066,28,2413,2196,824
12220,.,3.403118,30.961437,.,23.5,25.8,22.2,3.6,1383,0,6654,47,2019,2091,760
12221,.,0.822012,30.792131,.,22,23.6,20.8,2.9,1403,0,6095,88,1481,1945,583
12222,.,3.358724,31.559462,.,26.9,28.9,25.5,3.5,1069,0,7860,11,3202,2300,1231
12223,.,1.982359,33.05509,.,24.2,25.9,22.9,3,1514,0,6901,34,2250,2138,835
12224,.,2.42946,32.890602,.,24.4,26.1,23.2,2.9,1592,0,6979,31,2328,2171,792
12225,.,3.281497,31.564133,.,27,29,25.5,3.5,1090,0,7888,11,3228,2289,1200
12226,.,0.058414,29.949335,.,21.6,23,20.8,2.2,1523,0,5959,102,1349,1940,556
12227,.,0.887236,30.693213,.,22,23.4,20.7,2.8,1425,0,6099,88,1484,1908,540
12228,.,2.741375,30.961315,.,23.3,25.5,22,3.5,1393,0,6574,52,1936,2066,704
12229,.,3.574262,31.132486,.,24.5,26.8,23.1,3.7,1257,0,7014,31,2363,2144,912
12230,.,0.058414,29.949335,.,21.6,23,20.8,2.2,1523,0,5959,102,1349,1940,556
12231,.,0.142605,30.495325,.,21.8,23,21,2.1,1430,0,6045,92,1438,1943,577
12232,.,1.256083,30.810326,.,22.6,23.7,21.2,2.5,1347,0,6324,68,1702,1879,558
12233,.,0.802708,34.309647,.,22.4,23.5,21.2,2.3,1907,0,6248,73,1633,2069,776
12234,.,2.788371,30.909168,.,22.5,24.7,21.2,3.5,1408,0,6304,71,1686,2026,649
12235,.,2.244184,32.89699,.,24.1,25.8,23,2.8,1615,0,6865,36,2218,2142,773
12236,.,2.529953,30.786217,.,20.8,22.7,19.4,3.3,1387,0,5693,145,1126,1940,598
12237,.,1.474652,31.338894,.,22.6,24.2,21.4,2.8,1453,0,6311,69,1694,1938,551
12238,.,0.447067,30.165287,.,20.5,21.9,19.3,2.6,1313,0,5586,161,1030,1925,621
12239,.,0.578552,30.161201,.,19,20.3,17.6,2.7,1478,0,5051,298,638,1862,451
12240,.,0.887236,30.693213,.,22,23.4,20.7,2.8,1425,0,6099,88,1484,1908,540
12241,.,-0.105038,30.26422,.,23.2,23.9,22,2,1330,0,6537,51,1906,1992,681
12242,.,0.696135,34.002964,.,23.3,24.4,22.1,2.3,1849,0,6564,50,1938,2081,773
12243,.,2.505306,32.383907,.,24.4,26.2,23,3.2,1488,0,6947,33,2294,2156,742
12244,.,2.769515,32.29514,.,24.3,26.3,23.1,3.2,1502,0,6942,33,2290,2142,721
12245,.,2.513627,30.881895,.,21,22.8,19.3,3.5,1366,0,5748,137,1182,1949,622
12246,.,3.34776,31.193533,.,25,27.3,23.7,3.6,1309,0,7176,25,2520,2149,871
12247,.,0.142605,30.495325,.,21.8,23,21,2.1,1430,0,6045,92,1438,1943,577
12248,.,3.34776,31.193533,.,25,27.3,23.7,3.6,1309,0,7176,25,2520,2149,871
12249,.,3.34776,31.193533,.,25,27.3,23.7,3.6,1309,0,7176,25,2520,2149,871
12250,.,3.34776,31.193533,.,25,27.3,23.7,3.6,1309,0,7176,25,2520,2149,871
12251,.,0.785144,30.247507,.,22.5,23.8,21.1,2.6,1434,0,6281,71,1667,1948,552
12252,.,2.204746,33.17409,.,24,25.7,22.8,2.9,1646,0,6831,37,2186,2137,799
12253,.,1.149416,33.920567,.,23.5,24.8,22.2,2.7,1773,0,6647,46,2015,2095,831
12254,.,1.020718,31.124216,.,22.8,24.3,21.6,2.7,1401,0,6398,62,1777,1992,613
12255,.,2.311136,32.984913,.,24,25.7,22.9,2.9,1639,0,6830,37,2185,2137,766
12256,.,0.914467,31.071218,.,22.5,23.9,21.3,2.6,1391,0,6279,71,1664,1969,600
12257,.,2.788371,30.909168,.,22.5,24.7,21.2,3.5,1408,0,6304,71,1686,2026,649
12258,.,3.251354,31.404354,.,26.7,28.9,25.3,3.6,1127,0,7793,12,3136,2272,1146
12259,.,3.394554,31.942965,.,26.8,28.8,25.2,3.6,1130,0,7825,12,3166,2293,1169
12260,.,0.142605,30.495325,.,21.8,23,21,2.1,1430,0,6045,92,1438,1943,577
12261,.,-0.779665,29.653027,.,22.5,23.5,21.4,2.1,1482,0,6307,68,1690,1953,530
12262,.,0.591024,30.47159,.,20.7,22.2,19.6,2.6,1427,0,5635,151,1067,1898,541
12263,.,2.529953,30.786217,.,20.8,22.7,19.4,3.3,1387,0,5693,145,1126,1940,598
12264,.,0.589527,32.623108,.,22.7,24.1,21.6,2.6,1614,0,6354,65,1737,1989,642
12265,.,1.441958,31.155403,.,23.1,24.6,21.9,2.7,1403,0,6508,54,1877,1933,566
12266,.,1.474652,31.338894,.,22.6,24.2,21.4,2.8,1453,0,6311,69,1694,1938,551
12267,.,3.092294,30.889103,.,23.4,25.6,22.1,3.5,1408,0,6591,51,1959,2075,710
12268,.,1.795213,32.899227,.,24.1,25.5,23,2.5,1502,0,6872,35,2225,2061,771
12269,.,1.474652,31.338894,.,22.6,24.2,21.4,2.8,1453,0,6311,69,1694,1938,551
12270,.,0.940079,30.811918,.,22,23.5,20.8,2.8,1442,0,6108,87,1493,1905,523
12271,.,0.599729,30.642483,.,21.1,22.7,20.1,2.6,1392,0,5807,124,1219,1922,582
12272,.,-0.920324,29.80123,.,19,20,17.7,2.4,1488,0,5036,303,631,1824,411
12273,.,2.561206,32.940903,.,24.8,26.5,23.6,2.9,1468,0,7119,26,2464,2221,880
12274,.,3.574262,31.132486,.,24.5,26.8,23.1,3.7,1257,0,7014,31,2363,2144,912
12275,.,0.578552,30.161201,.,19,20.3,17.6,2.7,1478,0,5051,298,638,1862,451
12276,.,0.389081,30.486662,.,21.5,22.9,20.7,2.2,1351,0,5925,106,1319,1935,620
12277,.,2.092654,31.480083,.,26,27.6,24.7,3,1164,0,7527,16,2874,2116,954
12278,.,3.358724,31.559462,.,26.9,28.9,25.5,3.5,1069,0,7860,11,3202,2300,1231
12279,.,2.430733,32.74663,.,24.3,26,23.1,2.8,1581,0,6926,33,2274,2151,757
12280,.,3.281497,31.564133,.,27,29,25.5,3.5,1090,0,7888,11,3228,2289,1200
12281,.,3.442528,30.945656,.,23.3,25.6,22,3.6,1372,0,6588,51,1955,2080,758
12282,.,-0.556547,30.134388,.,19.6,20.5,18.6,2,1395,0,5247,236,768,1840,530
12283,.,2.713692,30.921421,.,22.7,24.8,21.4,3.5,1384,0,6368,66,1746,2037,674
12284,.,3.281497,31.564133,.,27,29,25.5,3.5,1090,0,7888,11,3228,2289,1200
12285,.,3.52507,31.713505,.,27,29.1,25.4,3.8,1176,0,7893,11,3234,2280,1106
12286,.,3.097592,30.884706,.,23.3,25.6,22.1,3.5,1409,0,6583,51,1951,2074,708
12287,.,3.281497,31.564133,.,27,29,25.5,3.5,1090,0,7888,11,3228,2289,1200
12288,.,0.822012,30.792131,.,22,23.6,20.8,2.9,1403,0,6095,88,1481,1945,583
12289,.,1.869531,33.948082,.,24.2,25.7,22.8,2.8,1624,0,6900,34,2249,2159,897
12290,.,3.00684,30.913631,.,23.3,25.5,22,3.5,1412,0,6562,52,1924,2063,698
12291,.,2.472384,31.062204,.,23.4,24.8,22,2.8,1249,0,6624,48,1986,2060,817
12292,.,2.513627,30.881895,.,21,22.8,19.3,3.5,1366,0,5748,137,1182,1949,622
12293,.,2.529953,30.786217,.,20.8,22.7,19.4,3.3,1387,0,5693,145,1126,1940,598
12294,.,3.251354,31.404354,.,26.7,28.9,25.3,3.6,1127,0,7793,12,3136,2272,1146
12295,.,3.442528,30.945656,.,23.3,25.6,22,3.6,1372,0,6588,51,1955,2080,758
12296,.,3.277292,30.97562,.,24,26.3,22.7,3.6,1393,0,6818,39,2174,2113,763
12297,.,3.244452,31.158716,.,25.4,27.6,24,3.6,1322,0,7315,22,2664,2177,887
12298,.,2.122121,33.191463,.,24,25.7,22.8,2.9,1613,0,6816,38,2172,2129,830
12299,.,2.092654,31.480083,.,26,27.6,24.7,3,1164,0,7527,16,2874,2116,954
12300,.,1.746652,31.670069,.,23.3,25.1,22.2,2.9,1484,0,6581,50,1948,1995,591
12301,.,2.584571,30.935251,.,22.1,24,20.6,3.4,1336,0,6151,85,1542,2001,694
12302,.,2.513627,30.881895,.,21,22.8,19.3,3.5,1366,0,5748,137,1182,1949,622
12303,.,3.574262,31.132486,.,24.5,26.8,23.1,3.7,1257,0,7014,31,2363,2144,912
12304,.,1.256083,30.810326,.,22.6,23.7,21.2,2.5,1347,0,6324,68,1702,1879,558
12305,.,-0.528356,29.95418,.,21.8,22.6,20.6,2,1476,0,6039,93,1421,1903,523
12306,.,0.640799,30.301283,.,20.2,21.6,18.8,2.8,1448,0,5464,186,932,1883,525
12307,.,2.58109,30.966335,.,22.9,24.5,21.4,3.1,1300,0,6418,61,1795,2039,750
12308,.,3.52507,31.713505,.,27,29.1,25.4,3.8,1176,0,7893,11,3234,2280,1106
12309,.,-0.105038,30.26422,.,23.2,23.9,22,2,1330,0,6537,51,1906,1992,681
12310,.,1.834834,32.384174,.,23.8,25.5,22.6,3,1480,0,6759,40,2118,2077,728
12311,.,1.020718,31.124216,.,22.8,24.3,21.6,2.7,1401,0,6398,62,1777,1992,613
12312,.,1.746652,31.670069,.,23.3,25.1,22.2,2.9,1484,0,6581,50,1948,1995,591
12313,.,3.066576,31.065247,.,25,27.2,23.6,3.6,1355,0,7170,26,2510,2154,829
12314,.,1.588968,33.860134,.,24.1,25.5,22.7,2.9,1703,0,6847,36,2199,2129,860
12315,.,2.311136,32.984913,.,24,25.7,22.9,2.9,1639,0,6830,37,2185,2137,766
12316,.,3.574262,31.132486,.,24.5,26.8,23.1,3.7,1257,0,7014,31,2363,2144,912
12317,.,0.589527,32.623108,.,22.7,24.1,21.6,2.6,1614,0,6354,65,1737,1989,642
12318,.,2.513627,30.881895,.,21,22.8,19.3,3.5,1366,0,5748,137,1182,1949,622
12319,.,2.788371,30.909168,.,22.5,24.7,21.2,3.5,1408,0,6304,71,1686,2026,649
12320,.,3.52507,31.713505,.,27,29.1,25.4,3.8,1176,0,7893,11,3234,2280,1106
12321,.,3.574262,31.132486,.,24.5,26.8,23.1,3.7,1257,0,7014,31,2363,2144,912
12322,.,3.091644,31.01994,.,24.3,26.6,22.9,3.7,1377,0,6916,35,2271,2110,780
12323,.,0.887236,30.693213,.,22,23.4,20.7,2.8,1425,0,6099,88,1484,1908,540
12324,.,3.52507,31.713505,.,27,29.1,25.4,3.8,1176,0,7893,11,3234,2280,1106
12325,.,3.442528,30.945656,.,23.3,25.6,22,3.6,1372,0,6588,51,1955,2080,758
12326,.,1.474652,31.338894,.,22.6,24.2,21.4,2.8,1453,0,6311,69,1694,1938,551
12327,.,3.52507,31.713505,.,27,29.1,25.4,3.8,1176,0,7893,11,3234,2280,1106
12328,.,1.199716,34.158424,.,23.5,24.7,22.4,2.3,1662,0,6652,45,2020,2140,898
12329,.,3.574262,31.132486,.,24.5,26.8,23.1,3.7,1257,0,7014,31,2363,2144,912
12330,.,3.52507,31.713505,.,27,29.1,25.4,3.8,1176,0,7893,11,3234,2280,1106
12331,.,0.940079,30.811918,.,22,23.5,20.8,2.8,1442,0,6108,87,1493,1905,523
12332,.,3.606782,34.126358,.,22.4,23.8,21.4,2.4,1379,0,6246,74,1633,2157,954
12333,.,0.578552,30.161201,.,19,20.3,17.6,2.7,1478,0,5051,298,638,1862,451
12334,.,0.447067,30.165287,.,20.5,21.9,19.3,2.6,1313,0,5586,161,1030,1925,621
12335,.,2.204746,33.17409,.,24,25.7,22.8,2.9,1646,0,6831,37,2186,2137,799
12336,.,0.662385,32.70914,.,23.1,24.5,22.2,2.3,1628,0,6514,53,1890,2029,670
12337,.,0.270254,31.648449,.,22,23.2,21.1,2.1,1429,0,6095,87,1485,1939,607
12338,.,-0.295331,31.218782,.,21.3,22.3,20.4,1.9,1300,0,5878,113,1277,1922,765
12339,.,0.41965,31.036463,.,21.2,22.5,20.2,2.3,1341,0,5810,123,1221,1912,613
12340,.,0.785144,30.247507,.,22.5,23.8,21.1,2.6,1434,0,6281,71,1667,1948,552
12341,.,2.316163,32.940353,.,24.1,25.8,22.9,2.9,1637,0,6841,37,2195,2138,761
12342,.,0.712145,32.52943,.,22.8,24.1,22,2.1,1568,0,6400,61,1771,1988,637
12343,.,2.364858,32.603275,.,24.3,26,23.1,2.9,1522,0,6916,34,2265,2139,754
12344,.,0.358215,30.085194,.,19.3,20.6,18.1,2.4,1489,0,5153,265,704,1862,470
12345,.,-0.344248,31.571665,.,21.6,22.7,20.7,2,1226,0,5977,100,1380,1936,856
12346,.,0.591024,30.47159,.,20.7,22.2,19.6,2.6,1427,0,5635,151,1067,1898,541
12347,.,-0.344248,31.571665,.,21.6,22.7,20.7,2,1226,0,5977,100,1380,1936,856
12348,.,-0.197683,31.810291,.,21.6,22.8,20.8,2,1398,0,5974,100,1377,1878,713
12349,.,2.092654,31.480083,.,26,27.6,24.7,3,1164,0,7527,16,2874,2116,954
12350,.,2.42946,32.890602,.,24.4,26.1,23.2,2.9,1592,0,6979,31,2328,2171,792
12351,.,1.905335,32.371994,.,23.9,25.5,22.8,2.7,1430,0,6803,38,2159,2109,763
12352,.,0.389081,30.486662,.,21.5,22.9,20.7,2.2,1351,0,5925,106,1319,1935,620
12353,.,1.445643,31.334763,.,22.8,24.4,21.6,2.8,1461,0,6382,63,1759,1955,557
12354,.,1.361871,31.451387,.,22.9,24.6,21.9,2.7,1473,0,6422,60,1793,1987,559
12355,.,0.270254,31.648449,.,22,23.2,21.1,2.1,1429,0,6095,87,1485,1939,607
12356,.,0.62514,32.919586,.,23.2,24.4,22,2.4,1673,0,6537,52,1912,2035,679
12357,.,-0.292248,31.478722,.,21.7,22.8,20.9,1.9,1312,0,6020,95,1417,1948,802
12358,.,2.42946,32.890602,.,24.4,26.1,23.2,2.9,1592,0,6979,31,2328,2171,792
12359,.,2.204746,33.17409,.,24,25.7,22.8,2.9,1646,0,6831,37,2186,2137,799
12360,.,2.364858,32.603275,.,24.3,26,23.1,2.9,1522,0,6916,34,2265,2139,754
12361,.,0.447067,30.165287,.,20.5,21.9,19.3,2.6,1313,0,5586,161,1030,1925,621
12362,.,0.597222,30.009207,.,19.5,20.2,18,2.3,1528,0,5205,250,741,1852,431
12363,.,-0.105038,30.26422,.,23.2,23.9,22,2,1330,0,6537,51,1906,1992,681
12364,.,0.684334,30.050503,.,22.8,23.5,21.5,2,1478,0,6383,62,1764,1999,616
12365,.,1.694317,31.711855,.,23.2,24.9,22,2.9,1496,0,6520,54,1894,2003,587
12366,.,0.599729,30.642483,.,21.1,22.7,20.1,2.6,1392,0,5807,124,1219,1922,582
12367,.,2.513627,30.881895,.,21,22.8,19.3,3.5,1366,0,5748,137,1182,1949,622
12368,.,2.42946,32.890602,.,24.4,26.1,23.2,2.9,1592,0,6979,31,2328,2171,792
12369,.,0.785144,30.247507,.,22.5,23.8,21.1,2.6,1434,0,6281,71,1667,1948,552
12370,.,0.358215,30.085194,.,19.3,20.6,18.1,2.4,1489,0,5153,265,704,1862,470
12371,.,2.316163,32.940353,.,24.1,25.8,22.9,2.9,1637,0,6841,37,2195,2138,761
12372,.,2.311136,32.984913,.,24,25.7,22.9,2.9,1639,0,6830,37,2185,2137,766
12373,.,1.779582,33.039524,.,24,25.3,22.8,2.5,1561,0,6814,38,2166,2061,771
12374,.,0.447067,30.165287,.,20.5,21.9,19.3,2.6,1313,0,5586,161,1030,1925,621
12375,.,0.080449,29.85224,.,19.1,20.2,18.3,1.9,1693,0,5067,288,645,1838,401
12376,.,0.41965,31.036463,.,21.2,22.5,20.2,2.3,1341,0,5810,123,1221,1912,613
12377,.,2.092654,31.480083,.,26,27.6,24.7,3,1164,0,7527,16,2874,2116,954
12378,.,1.474652,31.338894,.,22.6,24.2,21.4,2.8,1453,0,6311,69,1694,1938,551
12379,.,1.445643,31.334763,.,22.8,24.4,21.6,2.8,1461,0,6382,63,1759,1955,557
12380,.,2.092654,31.480083,.,26,27.6,24.7,3,1164,0,7527,16,2874,2116,954
12381,.,2.529953,30.786217,.,20.8,22.7,19.4,3.3,1387,0,5693,145,1126,1940,598
12382,.,2.364858,32.603275,.,24.3,26,23.1,2.9,1522,0,6916,34,2265,2139,754
12383,.,-0.079571,31.635708,.,21.7,23,20.8,2.2,1359,0,6020,95,1419,1918,707
12384,.,2.505306,32.383907,.,24.4,26.2,23,3.2,1488,0,6947,33,2294,2156,742
12385,.,2.092654,31.480083,.,26,27.6,24.7,3,1164,0,7527,16,2874,2116,954
12386,.,2.092654,31.480083,.,26,27.6,24.7,3,1164,0,7527,16,2874,2116,954
12387,.,0.411417,33.14137,.,22.2,23.3,21.1,2.2,1700,0,6178,79,1565,1933,641
12388,.,0.827235,32.844086,.,23.4,24.7,22.4,2.3,1659,0,6615,47,1986,2057,695
12389,.,0.827927,31.843466,.,22.2,23.5,21.2,2.3,1444,0,6200,77,1589,1946,616
12390,.,0.827235,32.844086,.,23.4,24.7,22.4,2.3,1659,0,6615,47,1986,2057,695
12391,.,1.256083,30.810326,.,22.6,23.7,21.2,2.5,1347,0,6324,68,1702,1879,558
12392,.,0.827927,31.843466,.,22.2,23.5,21.2,2.3,1444,0,6200,77,1589,1946,616
12393,.,1.256083,30.810326,.,22.6,23.7,21.2,2.5,1347,0,6324,68,1702,1879,558
12394,.,0.662385,32.70914,.,23.1,24.5,22.2,2.3,1628,0,6514,53,1890,2029,670
12395,.,1.978714,32.52962,.,24,25.7,22.8,2.9,1492,0,6830,37,2185,2107,757
12396,.,-0.640431,29.805983,.,22.7,23.7,21.6,2.1,1466,0,6369,63,1747,1956,555
12397,.,1.978714,32.52962,.,24,25.7,22.8,2.9,1492,0,6830,37,2185,2107,757
12398,.,-1.157262,30.06245,.,18.2,19.2,16.8,2.4,1314,0,4752,417,469,1832,592
12399,.,0.447067,30.165287,.,20.5,21.9,19.3,2.6,1313,0,5586,161,1030,1925,621
12400,.,0.01483,30.520327,.,21.3,22.4,20.3,2.1,1389,0,5871,114,1271,1908,592
12401,.,2.42946,32.890602,.,24.4,26.1,23.2,2.9,1592,0,6979,31,2328,2171,792
12402,.,-0.528356,29.95418,.,21.8,22.6,20.6,2,1476,0,6039,93,1421,1903,523
12403,.,0.619389,32.812157,.,23.1,24.3,22.1,2.2,1618,0,6521,53,1897,2022,681
12404,.,-0.291444,31.791344,.,21.6,22.6,20.7,2,1319,0,5963,102,1358,1880,773
12405,.,-0.503361,31.61607,.,21.5,22.5,20.6,1.9,1188,0,5922,107,1323,1904,883
12406,.,1.361871,31.451387,.,22.9,24.6,21.9,2.7,1473,0,6422,60,1793,1987,559
12407,.,-1.340851,29.768257,.,17.5,18.5,16.6,1.9,1296,0,4523,523,361,1837,593
12408,.,-1.340851,29.768257,.,17.5,18.5,16.6,1.9,1296,0,4523,523,361,1837,593
12409,.,-0.227396,30.402168,.,19.3,20.3,18.1,2.1,1416,0,5167,260,713,1823,491
12410,.,1.020718,31.124216,.,22.8,24.3,21.6,2.7,1401,0,6398,62,1777,1992,613
12411,.,0.827927,31.843466,.,22.2,23.5,21.2,2.3,1444,0,6200,77,1589,1946,616
12412,.,2.364858,32.603275,.,24.3,26,23.1,2.9,1522,0,6916,34,2265,2139,754
12413,.,0.684824,32.82921,.,23.3,24.5,22.4,2.1,1652,0,6565,50,1939,2037,679
12414,.,-1.340851,29.768257,.,17.5,18.5,16.6,1.9,1296,0,4523,523,361,1837,593
12415,.,-0.982337,30.459738,.,21,21.8,20.1,1.7,1194,0,5752,130,1164,1949,824
12416,.,0.358215,30.085194,.,19.3,20.6,18.1,2.4,1489,0,5153,265,704,1862,470
12417,.,0.252456,30.12,.,22.3,23.9,21.3,2.6,1219,0,6236,74,1624,2015,801
12418,.,1.445643,31.334763,.,22.8,24.4,21.6,2.8,1461,0,6382,63,1759,1955,557
12419,.,0.270254,31.648449,.,22,23.2,21.1,2.1,1429,0,6095,87,1485,1939,607
12420,.,-0.522386,31.355343,.,21.3,22.3,20.4,1.9,1270,0,5854,116,1257,1918,824
12421,.,-0.151019,31.43755,.,21.7,22.8,20.9,1.9,1400,0,6017,95,1414,1934,709
12422,.,-0.278874,30.890127,.,21,22.1,20.1,2,1292,0,5769,128,1185,1909,704
12423,.,0.662385,32.70914,.,23.1,24.5,22.2,2.3,1628,0,6514,53,1890,2029,670
12424,.,-0.982337,30.459738,.,21,21.8,20.1,1.7,1194,0,5752,130,1164,1949,824
12425,.,-0.982337,30.459738,.,21,21.8,20.1,1.7,1194,0,5752,130,1164,1949,824
12426,.,0.274723,31.942652,.,22.2,23.3,21.3,2.1,1411,0,6173,79,1554,1947,622
12427,.,-0.522386,31.355343,.,21.3,22.3,20.4,1.9,1270,0,5854,116,1257,1918,824
12428,.,-0.132563,30.47882,.,20.3,21.3,19.1,2.2,1404,0,5508,175,965,1866,548
12429,.,0.712145,32.52943,.,22.8,24.1,22,2.1,1568,0,6400,61,1771,1988,637
12430,.,-0.50883,31.333286,.,21.2,22.2,20.3,1.9,1272,0,5825,120,1232,1915,819
12431,.,-0.522386,31.355343,.,21.3,22.3,20.4,1.9,1270,0,5854,116,1257,1918,824
12432,.,0.376263,33.191013,.,22.2,23.3,21.2,2.1,1728,0,6200,77,1585,1926,637
12433,.,-0.248543,31.667816,.,21.5,22.7,20.6,2.1,1246,0,5950,103,1356,1908,813
12434,.,-0.292248,31.478722,.,21.7,22.8,20.9,1.9,1312,0,6020,95,1417,1948,802
12435,.,0.543996,32.18982,.,22.7,24,21.8,2.1,1452,0,6360,64,1738,1989,663
12436,.,-0.920324,29.80123,.,19,20,17.7,2.4,1488,0,5036,303,631,1824,411
12437,.,0.080449,29.85224,.,19.1,20.2,18.3,1.9,1693,0,5067,288,645,1838,401
12438,.,0.058414,29.949335,.,21.6,23,20.8,2.2,1523,0,5959,102,1349,1940,556
12439,.,0.586751,31.718155,.,21.9,23.2,20.9,2.2,1460,0,6061,91,1457,1946,585
12440,.,-0.887125,31.711088,.,22.2,23,21.1,1.9,1245,0,6195,77,1578,1893,897
12441,.,-0.887125,31.711088,.,22.2,23,21.1,1.9,1245,0,6195,77,1578,1893,897
12442,.,-0.292248,31.478722,.,21.7,22.8,20.9,1.9,1312,0,6020,95,1417,1948,802
12443,.,0.080449,29.85224,.,19.1,20.2,18.3,1.9,1693,0,5067,288,645,1838,401
12444,.,0.389081,30.486662,.,21.5,22.9,20.7,2.2,1351,0,5925,106,1319,1935,620
12445,.,0.578552,30.161201,.,19,20.3,17.6,2.7,1478,0,5051,298,638,1862,451
12446,.,0.578552,30.161201,.,19,20.3,17.6,2.7,1478,0,5051,298,638,1862,451
12447,.,1.588968,33.860134,.,24.1,25.5,22.7,2.9,1703,0,6847,36,2199,2129,860
12448,.,3.211271,31.011837,.,24.4,26.7,23,3.6,1405,0,6950,33,2304,2126,784
12449,.,1.588968,33.860134,.,24.1,25.5,22.7,2.9,1703,0,6847,36,2199,2129,860
12450,.,0.402623,32.081055,.,21.9,23.2,20.9,2.3,1491,0,6064,90,1459,1933,585
12451,.,0.402623,32.081055,.,21.9,23.2,20.9,2.3,1491,0,6064,90,1459,1933,585
12452,.,0.354955,32.933506,.,22.1,23.1,21,2.1,1615,0,6163,82,1552,1942,646
12453,.,-0.50883,31.333286,.,21.2,22.2,20.3,1.9,1272,0,5825,120,1232,1915,819
12454,.,0.543996,32.18982,.,22.7,24,21.8,2.1,1452,0,6360,64,1738,1989,663
12455,.,-0.576782,31.691637,.,21.8,22.8,20.9,2,1289,0,6034,93,1430,1883,809
12456,.,0.537968,31.368237,.,21.6,23,20.7,2.3,1365,0,5954,103,1354,1936,623
12457,.,0.578552,30.161201,.,19,20.3,17.6,2.7,1478,0,5051,298,638,1862,451
12458,.,0.326054,32.510406,.,22.2,23.4,21.1,2.4,1536,0,6171,80,1559,1935,610
12459,.,-0.197683,31.810291,.,21.6,22.8,20.8,2,1398,0,5974,100,1377,1878,713
12460,.,0.426389,31.837946,.,22.2,23.4,21.4,2,1427,0,6191,78,1571,1973,613
12461,.,0.589527,32.623108,.,22.7,24.1,21.6,2.6,1614,0,6354,65,1737,1989,642
12462,.,0.142605,30.495325,.,21.8,23,21,2.1,1430,0,6045,92,1438,1943,577
12463,.,0.625762,33.288773,.,22.8,24.1,21.5,2.6,1738,0,6378,63,1756,1996,706
12464,.,0.313519,33.870636,.,22.5,23.5,21.4,2.1,1842,0,6286,70,1671,1968,685
12465,.,0.545564,33.093765,.,22.9,24.1,21.7,2.4,1666,0,6433,59,1812,2008,697
12466,.,0.711598,33.684834,.,23.4,24.6,22.2,2.4,1817,0,6606,48,1977,2075,768
12467,.,0.775407,33.347477,.,23.3,24.6,22.2,2.4,1796,0,6578,49,1951,2049,730
12468,.,1.035778,33.387863,.,23.7,25.2,22.3,2.8,1813,0,6713,42,2072,2078,744
12469,.,0.924405,33.13051,.,23.3,24.7,22.1,2.5,1808,0,6582,49,1954,2037,686
12470,.,0.423704,33.61217,.,22.4,23.4,21.3,2.1,1815,0,6246,73,1634,1956,674
12471,.,0.545564,33.093765,.,22.9,24.1,21.7,2.4,1666,0,6433,59,1812,2008,697
12472,.,0.55132,33.125862,.,22.8,24.1,21.6,2.5,1674,0,6402,61,1777,2000,689
12473,.,0.313519,33.870636,.,22.5,23.5,21.4,2.1,1842,0,6286,70,1671,1968,685
12474,.,1.209233,33.047924,.,23.6,24.9,22.5,2.4,1639,0,6686,43,2050,2051,733
12475,.,0.711598,33.684834,.,23.4,24.6,22.2,2.4,1817,0,6606,48,1977,2075,768
12476,.,0.572828,33.474026,.,22.8,24,21.6,2.4,1739,0,6409,61,1783,2005,723
12477,.,1.088838,33.40216,.,23.8,25.2,22.4,2.8,1799,0,6736,41,2094,2080,755
12478,.,0.572828,33.474026,.,22.8,24,21.6,2.4,1739,0,6409,61,1783,2005,723
12479,.,0.775407,33.347477,.,23.3,24.6,22.2,2.4,1796,0,6578,49,1951,2049,730
12480,.,1.060103,33.010223,.,23.5,24.8,22.3,2.5,1728,0,6650,45,2017,2050,697
26066,.,17.75742,7.983353,.,28.9,34.1,19.9,14.3,163,0,8579,31,3893,2309,2146
26067,.,17.75742,7.983353,.,28.9,34.1,19.9,14.3,163,0,8579,31,3893,2309,2146
26068,.,17.75742,7.983353,.,28.9,34.1,19.9,14.3,163,0,8579,31,3893,2309,2146
26069,.,17.75742,7.983353,.,28.9,34.1,19.9,14.3,163,0,8579,31,3893,2309,2146
26070,.,17.354461,8.156618,.,28.5,33.7,20,13.7,183,0,8433,31,3750,2303,2120
26071,.,17.241458,8.33223,.,28.5,33.7,20.1,13.6,185,0,8458,29,3779,2309,2124
26072,.,17.241458,8.33223,.,28.5,33.7,20.1,13.6,185,0,8458,29,3779,2309,2124
26073,.,13.506423,11.883319,.,28.9,34.5,22,12.5,496,0,8584,14,3890,2413,1952
26074,.,11.955273,3.582988,.,29.6,34.7,26.1,8.6,698,0,8817,5,4128,2215,1547
26075,.,11.955273,3.582988,.,29.6,34.7,26.1,8.6,698,0,8817,5,4128,2215,1547
26076,.,13.784758,5.250537,.,29.6,35.4,23.5,11.8,428,0,8833,7,4136,2290,1862
26077,.,13.784758,5.250537,.,29.6,35.4,23.5,11.8,428,0,8833,7,4136,2290,1862
26078,.,14.024777,5.91946,.,29.4,34.9,22.8,12,459,0,8737,9,4040,2286,1827
26079,.,14.024777,5.91946,.,29.4,34.9,22.8,12,459,0,8737,9,4040,2286,1827
26080,.,12.671037,2.559675,.,29.8,35.1,25.3,9.8,647,0,8894,5,4200,2225,1625
26081,.,13.162429,8.341968,.,28.1,33.8,21.8,12,684,0,8277,16,3590,2280,1681
26082,.,13.162429,8.341968,.,28.1,33.8,21.8,12,684,0,8277,16,3590,2280,1681
56578,.,-19.8,30.883333,.,19.9,23.3,14.6,8.7,510,0,5338,363,1031,2188,1581
56579,.,-19.8,30.883333,.,19.9,23.3,14.6,8.7,510,0,5338,363,1031,2188,1581
56600,.,-17,31.433333,.,20.8,24,16.1,7.9,808,0,5684,235,1242,2113,1308
56605,.,-17,31.433333,.,20.8,24,16.1,7.9,808,0,5684,235,1242,2113,1308
56609,.,-17,31.433333,.,20.8,24,16.1,7.9,808,0,5684,235,1242,2113,1308
56631,.,-15.166667,35.283333,.,22.9,26.2,18.5,7.6,1149,0,6421,89,1823,2092,1267
56639,.,-14.966667,34.983333,.,23.6,26.8,19.2,7.6,1012,0,6683,72,2064,2207,1364
56645,.,-14.783333,35,.,23,26.4,18.6,7.8,1005,0,6471,92,1872,2122,1349
56650,.,-14.883333,35.033333,.,23.4,26.8,19,7.8,1026,0,6608,79,1997,2152,1334
56657,.,-13.766667,34.05,.,21.2,24,17.1,6.9,1012,0,5801,179,1296,2004,1300
56661,.,-13.683333,34.233333,.,23.8,27.1,19.9,7.2,925,0,6742,62,2111,2151,1440
56666,.,-12.8,34.2,.,24.5,28,21,7,1080,0,7006,41,2365,2065,1321
56673,.,-13.283333,34.133333,.,23.7,26.8,19.8,7,1014,0,6724,62,2100,2147,1361
56680,.,-13.233333,34.233333,.,24.3,27.8,20.5,7.3,1060,0,6937,48,2301,2109,1383
56687,.,-13.283333,34.133333,.,23.7,26.8,19.8,7,1014,0,6724,62,2100,2147,1361
56698,.,-13.233333,34.233333,.,24.3,27.8,20.5,7.3,1060,0,6937,48,2301,2109,1383
56796,.,-0.883333,37,.,19,20.5,17.1,3.4,1678,0,5055,305,657,1890,976
56797,.,-0.883333,37,.,19,20.5,17.1,3.4,1678,0,5055,305,657,1890,976
56800,.,-0.333333,37.633333,.,20,21.7,18,3.8,1915,0,5398,210,898,1908,925
56801,.,-0.333333,37.633333,.,20,21.7,18,3.8,1915,0,5398,210,898,1908,925
56803,.,-7.25,37.8,.,25,26.7,22.4,4.3,1142,0,7178,27,2525,2035,1088
56807,.,-7.25,37.8,.,25,26.7,22.4,4.3,1142,0,7178,27,2525,2035,1088
56839,.,8.4,39.2,.,20.8,22.8,19.1,3.7,937,0,5677,154,1128,2033,1186
56842,.,8.4,39.2,.,20.8,22.8,19.1,3.7,937,0,5677,154,1128,2033,1186
56862,.,-0.4,37.583333,.,19.8,21.4,17.9,3.5,1879,0,5308,231,823,1900,907
56866,.,-0.316667,37.7,.,21.5,23.2,19.4,3.8,1691,0,5935,113,1348,1966,1016
56879,.,9.75,-2.5,.,27.7,31.3,25.3,6,1173,0,8141,9,3471,2029,1100
56881,.,9.75,-2.5,.,27.7,31.3,25.3,6,1173,0,8141,9,3471,2029,1100
56903,.,0.1,34.4,.,21.6,22.6,20.1,2.5,2125,0,5958,104,1366,1982,638
56907,.,0.1,34.4,.,21.6,22.6,20.1,2.5,2125,0,5958,104,1366,1982,638
56909,.,-16.233333,27.433333,.,21.8,25.4,16.5,8.9,1081,0,6029,182,1535,2299,1384
56911,.,-16.233333,27.433333,.,21.8,25.4,16.5,8.9,1081,0,6029,182,1535,2299,1384
56915,.,-19.35,34.35,.,25.3,28.4,20.9,7.5,797,0,7286,33,2645,2333,1612
56922,.,-18.1,33.2,.,23,26.1,17.9,8.2,978,0,6456,106,1873,2238,1307
56928,.,-18.366667,33.216667,.,22.9,25.9,18,7.9,862,0,6413,105,1829,2212,1366
56935,.,-19,33.716667,.,23,25.9,18.6,7.3,860,0,6470,87,1863,2195,1397
56940,.,-14.516667,34.3,.,19.8,22.7,15.7,7,919,0,5305,305,925,1979,1295
56945,.,-19.05,33.4,.,22.4,25.3,17.9,7.4,792,0,6251,115,1677,2186,1433
56947,.,-19.05,33.4,.,22.4,25.3,17.9,7.4,792,0,6251,115,1677,2186,1433
56951,.,-14.333333,34.3,.,18.4,21.2,14.8,6.4,975,0,4824,459,614,1839,1182
56954,.,-14.333333,34.3,.,18.4,21.2,14.8,6.4,975,0,4824,459,614,1839,1182
56957,.,-14.333333,34.3,.,18.4,21.2,14.8,6.4,975,0,4824,459,614,1839,1182
56960,.,-14.333333,34.3,.,18.4,21.2,14.8,6.4,975,0,4824,459,614,1839,1182
56963,.,-14.333333,34.3,.,18.4,21.2,14.8,6.4,975,0,4824,459,614,1839,1182
56966,.,-13.583333,33.383333,.,21.9,24.9,17.7,7.2,872,0,6064,135,1515,2144,1423
56969,.,-13.583333,33.383333,.,21.9,24.9,17.7,7.2,872,0,6064,135,1515,2144,1423
56972,.,-13.583333,33.383333,.,21.9,24.9,17.7,7.2,872,0,6064,135,1515,2144,1423
56975,.,-13.583333,33.383333,.,21.9,24.9,17.7,7.2,872,0,6064,135,1515,2144,1423
56978,.,-13.583333,33.383333,.,21.9,24.9,17.7,7.2,872,0,6064,135,1515,2144,1423
56981,.,-13.233333,34.233333,.,24.3,27.8,20.5,7.3,1060,0,6937,48,2301,2109,1383
56984,.,-13.233333,34.233333,.,24.3,27.8,20.5,7.3,1060,0,6937,48,2301,2109,1383
56987,.,-13.233333,34.233333,.,24.3,27.8,20.5,7.3,1060,0,6937,48,2301,2109,1383
56990,.,-13.233333,34.233333,.,24.3,27.8,20.5,7.3,1060,0,6937,48,2301,2109,1383
56993,.,-13.233333,34.233333,.,24.3,27.8,20.5,7.3,1060,0,6937,48,2301,2109,1383
56995,.,-14.25,33.8,.,21.1,24.2,17.1,7.1,879,0,5792,176,1281,2049,1360
56998,.,-14.25,33.8,.,21.1,24.2,17.1,7.1,879,0,5792,176,1281,2049,1360
57001,.,-14.25,33.8,.,21.1,24.2,17.1,7.1,879,0,5792,176,1281,2049,1360
57005,.,-13.216667,33.2,.,21.9,24.8,17.8,7,920,0,6057,133,1507,2113,1369
57009,.,-13.216667,33.2,.,21.9,24.8,17.8,7,920,0,6057,133,1507,2113,1369
57014,.,-12.966667,33.716667,.,21.3,24,17.3,6.7,905,0,5853,162,1327,2002,1294
57017,.,-12.966667,33.716667,.,21.3,24,17.3,6.7,905,0,5853,162,1327,2002,1294
57021,.,-15.033333,34.916667,.,23.6,26.7,19.2,7.5,1018,0,6655,74,2039,2202,1363
57025,.,-15.033333,34.916667,.,23.6,26.7,19.2,7.5,1018,0,6655,74,2039,2202,1363
57032,.,-14.866667,34.716667,.,22.1,25,17.9,7.1,1008,0,6133,127,1576,2118,1344
57036,.,-14.866667,34.716667,.,22.1,25,17.9,7.1,1008,0,6133,127,1576,2118,1344
57040,.,-13.733333,34.45,.,24.5,28.1,20.6,7.6,1064,0,6996,45,2360,2126,1415
57043,.,-13.733333,34.45,.,24.5,28.1,20.6,7.6,1064,0,6996,45,2360,2126,1415
57047,.,-14.616667,34.3,.,20.4,23.5,16.3,7.2,947,0,5531,242,1085,2033,1330
57051,.,-14.616667,34.3,.,20.4,23.5,16.3,7.2,947,0,5531,242,1085,2033,1330
57057,.,-14.55,34.2,.,20.5,23.7,16.2,7.5,906,0,5579,237,1126,2052,1349
57067,.,-18.533333,33.983333,.,23.4,26.3,18.6,7.7,970,0,6617,80,2006,2259,1368
57071,.,-18.533333,33.983333,.,23.4,26.3,18.6,7.7,970,0,6617,80,2006,2259,1368
57078,.,-19.45,33.3,.,22.6,25.9,17.9,8.1,788,0,6328,113,1751,2226,1495
57082,.,-19.45,33.3,.,22.6,25.9,17.9,8.1,788,0,6328,113,1751,2226,1495
57088,.,-12.966667,33.716667,.,21.3,24,17.3,6.7,905,0,5853,162,1327,2002,1294
57090,.,-14.55,34.2,.,20.5,23.7,16.2,7.5,906,0,5579,237,1126,2052,1349
57306,.,-19.8,30.883333,.,19.9,23.3,14.6,8.7,510,0,5338,363,1031,2188,1581
57307,.,-19.8,30.883333,.,19.9,23.3,14.6,8.7,510,0,5338,363,1031,2188,1581
57328,.,-17,31.433333,.,20.8,24,16.1,7.9,808,0,5684,235,1242,2113,1308
57333,.,-17,31.433333,.,20.8,24,16.1,7.9,808,0,5684,235,1242,2113,1308
57337,.,-17,31.433333,.,20.8,24,16.1,7.9,808,0,5684,235,1242,2113,1308
57359,.,-15.166667,35.283333,.,22.9,26.2,18.5,7.6,1149,0,6421,89,1823,2092,1267
57367,.,-14.966667,34.983333,.,23.6,26.8,19.2,7.6,1012,0,6683,72,2064,2207,1364
57373,.,-14.783333,35,.,23,26.4,18.6,7.8,1005,0,6471,92,1872,2122,1349
57378,.,-14.883333,35.033333,.,23.4,26.8,19,7.8,1026,0,6608,79,1997,2152,1334
57385,.,-13.766667,34.05,.,21.2,24,17.1,6.9,1012,0,5801,179,1296,2004,1300
57389,.,-13.683333,34.233333,.,23.8,27.1,19.9,7.2,925,0,6742,62,2111,2151,1440
57394,.,-12.8,34.2,.,24.5,28,21,7,1080,0,7006,41,2365,2065,1321
57401,.,-13.283333,34.133333,.,23.7,26.8,19.8,7,1014,0,6724,62,2100,2147,1361
57408,.,-13.233333,34.233333,.,24.3,27.8,20.5,7.3,1060,0,6937,48,2301,2109,1383
57415,.,-13.283333,34.133333,.,23.7,26.8,19.8,7,1014,0,6724,62,2100,2147,1361
57426,.,-13.233333,34.233333,.,24.3,27.8,20.5,7.3,1060,0,6937,48,2301,2109,1383
57524,.,-0.883333,37,.,19,20.5,17.1,3.4,1678,0,5055,305,657,1890,976
57525,.,-0.883333,37,.,19,20.5,17.1,3.4,1678,0,5055,305,657,1890,976
57528,.,-0.333333,37.633333,.,20,21.7,18,3.8,1915,0,5398,210,898,1908,925
57529,.,-0.333333,37.633333,.,20,21.7,18,3.8,1915,0,5398,210,898,1908,925
57531,.,-7.25,37.8,.,25,26.7,22.4,4.3,1142,0,7178,27,2525,2035,1088
57535,.,-7.25,37.8,.,25,26.7,22.4,4.3,1142,0,7178,27,2525,2035,1088
57567,.,8.4,39.2,.,20.8,22.8,19.1,3.7,937,0,5677,154,1128,2033,1186
57570,.,8.4,39.2,.,20.8,22.8,19.1,3.7,937,0,5677,154,1128,2033,1186
57589,.,-0.4,37.583333,.,19.8,21.4,17.9,3.5,1879,0,5308,231,823,1900,907
57593,.,-0.316667,37.7,.,21.5,23.2,19.4,3.8,1691,0,5935,113,1348,1966,1016
57606,.,9.75,-2.5,.,27.7,31.3,25.3,6,1173,0,8141,9,3471,2029,1100
57608,.,9.75,-2.5,.,27.7,31.3,25.3,6,1173,0,8141,9,3471,2029,1100
57630,.,0.1,34.4,.,21.6,22.6,20.1,2.5,2125,0,5958,104,1366,1982,638
57634,.,0.1,34.4,.,21.6,22.6,20.1,2.5,2125,0,5958,104,1366,1982,638
57636,.,-16.233333,27.433333,.,21.8,25.4,16.5,8.9,1081,0,6029,182,1535,2299,1384
57638,.,-16.233333,27.433333,.,21.8,25.4,16.5,8.9,1081,0,6029,182,1535,2299,1384
57642,.,-19.35,34.35,.,25.3,28.4,20.9,7.5,797,0,7286,33,2645,2333,1612
57649,.,-18.1,33.2,.,23,26.1,17.9,8.2,978,0,6456,106,1873,2238,1307
57655,.,-18.366667,33.216667,.,22.9,25.9,18,7.9,862,0,6413,105,1829,2212,1366
57662,.,-19,33.716667,.,23,25.9,18.6,7.3,860,0,6470,87,1863,2195,1397
57667,.,-14.516667,34.3,.,19.8,22.7,15.7,7,919,0,5305,305,925,1979,1295
57671,.,-19.05,33.4,.,22.4,25.3,17.9,7.4,792,0,6251,115,1677,2186,1433
57673,.,-19.05,33.4,.,22.4,25.3,17.9,7.4,792,0,6251,115,1677,2186,1433
57677,.,-14.333333,34.3,.,18.4,21.2,14.8,6.4,975,0,4824,459,614,1839,1182
57680,.,-14.333333,34.3,.,18.4,21.2,14.8,6.4,975,0,4824,459,614,1839,1182
57683,.,-14.333333,34.3,.,18.4,21.2,14.8,6.4,975,0,4824,459,614,1839,1182
57686,.,-14.333333,34.3,.,18.4,21.2,14.8,6.4,975,0,4824,459,614,1839,1182
57689,.,-14.333333,34.3,.,18.4,21.2,14.8,6.4,975,0,4824,459,614,1839,1182
57692,.,-13.583333,33.383333,.,21.9,24.9,17.7,7.2,872,0,6064,135,1515,2144,1423
57695,.,-13.583333,33.383333,.,21.9,24.9,17.7,7.2,872,0,6064,135,1515,2144,1423
57698,.,-13.583333,33.383333,.,21.9,24.9,17.7,7.2,872,0,6064,135,1515,2144,1423
57701,.,-13.583333,33.383333,.,21.9,24.9,17.7,7.2,872,0,6064,135,1515,2144,1423
57704,.,-13.583333,33.383333,.,21.9,24.9,17.7,7.2,872,0,6064,135,1515,2144,1423
57707,.,-13.233333,34.233333,.,24.3,27.8,20.5,7.3,1060,0,6937,48,2301,2109,1383
57710,.,-13.233333,34.233333,.,24.3,27.8,20.5,7.3,1060,0,6937,48,2301,2109,1383
57713,.,-13.233333,34.233333,.,24.3,27.8,20.5,7.3,1060,0,6937,48,2301,2109,1383
57716,.,-13.233333,34.233333,.,24.3,27.8,20.5,7.3,1060,0,6937,48,2301,2109,1383
57719,.,-13.233333,34.233333,.,24.3,27.8,20.5,7.3,1060,0,6937,48,2301,2109,1383
57721,.,-14.25,33.8,.,21.1,24.2,17.1,7.1,879,0,5792,176,1281,2049,1360
57724,.,-14.25,33.8,.,21.1,24.2,17.1,7.1,879,0,5792,176,1281,2049,1360
57727,.,-14.25,33.8,.,21.1,24.2,17.1,7.1,879,0,5792,176,1281,2049,1360
57731,.,-13.216667,33.2,.,21.9,24.8,17.8,7,920,0,6057,133,1507,2113,1369
57735,.,-13.216667,33.2,.,21.9,24.8,17.8,7,920,0,6057,133,1507,2113,1369
57740,.,-12.966667,33.716667,.,21.3,24,17.3,6.7,905,0,5853,162,1327,2002,1294
57743,.,-12.966667,33.716667,.,21.3,24,17.3,6.7,905,0,5853,162,1327,2002,1294
57747,.,-15.033333,34.916667,.,23.6,26.7,19.2,7.5,1018,0,6655,74,2039,2202,1363
57751,.,-15.033333,34.916667,.,23.6,26.7,19.2,7.5,1018,0,6655,74,2039,2202,1363
57758,.,-14.866667,34.716667,.,22.1,25,17.9,7.1,1008,0,6133,127,1576,2118,1344
57762,.,-14.866667,34.716667,.,22.1,25,17.9,7.1,1008,0,6133,127,1576,2118,1344
57766,.,-13.733333,34.45,.,24.5,28.1,20.6,7.6,1064,0,6996,45,2360,2126,1415
57769,.,-13.733333,34.45,.,24.5,28.1,20.6,7.6,1064,0,6996,45,2360,2126,1415
57773,.,-14.616667,34.3,.,20.4,23.5,16.3,7.2,947,0,5531,242,1085,2033,1330
57777,.,-14.616667,34.3,.,20.4,23.5,16.3,7.2,947,0,5531,242,1085,2033,1330
57783,.,-14.55,34.2,.,20.5,23.7,16.2,7.5,906,0,5579,237,1126,2052,1349
57793,.,-18.533333,33.983333,.,23.4,26.3,18.6,7.7,970,0,6617,80,2006,2259,1368
57797,.,-18.533333,33.983333,.,23.4,26.3,18.6,7.7,970,0,6617,80,2006,2259,1368
57804,.,-19.45,33.3,.,22.6,25.9,17.9,8.1,788,0,6328,113,1751,2226,1495
57808,.,-19.45,33.3,.,22.6,25.9,17.9,8.1,788,0,6328,113,1751,2226,1495
57814,.,-12.966667,33.716667,.,21.3,24,17.3,6.7,905,0,5853,162,1327,2002,1294
57816,.,-14.55,34.2,.,20.5,23.7,16.2,7.5,906,0,5579,237,1126,2052,1349
109044,.,14.353816,37.890876,.,25.7,28.9,22.5,6.5,417,0,7425,23,2760,2163,1753
109045,.,14.353816,37.890876,.,25.7,28.9,22.5,6.5,417,0,7425,23,2760,2163,1753
109046,.,14.28859,38.210252,.,21.6,24.8,18.3,6.6,507,0,5989,131,1418,1942,1486
109047,.,14.28859,38.210252,.,21.6,24.8,18.3,6.6,507,0,5989,131,1418,1942,1486
109048,.,14.109761,38.473835,.,20.1,23.1,16.8,6.2,562,0,5431,242,979,1874,1398
109049,.,14.109761,38.473835,.,20.1,23.1,16.8,6.2,562,0,5431,242,979,1874,1398
109050,.,13.844084,38.480325,.,21.9,24.7,19.1,5.5,618,0,6084,110,1497,1968,1441
109051,.,13.844084,38.480325,.,21.9,24.7,19.1,5.5,618,0,6084,110,1497,1968,1441
109052,.,13.844084,38.480325,.,21.9,24.7,19.1,5.5,618,0,6084,110,1497,1968,1441
109053,.,13.844084,38.480325,.,21.9,24.7,19.1,5.5,618,0,6084,110,1497,1968,1441
109054,.,14.086276,37.983187,.,25.4,28.7,22.4,6.3,518,0,7326,25,2665,2144,1687
109055,.,14.086276,37.983187,.,25.4,28.7,22.4,6.3,518,0,7326,25,2665,2144,1687
109056,.,14.086276,37.983187,.,25.4,28.7,22.4,6.3,518,0,7326,25,2665,2144,1687
109057,.,13.642517,38.119182,.,24.4,27.6,21.9,5.6,760,0,6978,38,2328,2099,1597
109058,.,13.642517,38.119182,.,24.4,27.6,21.9,5.6,760,0,6978,38,2328,2099,1597
109059,.,14.283468,38.573016,.,22.4,25.4,19.2,6.2,524,0,6253,97,1655,1955,1486
109060,.,14.283468,38.573016,.,22.4,25.4,19.2,6.2,524,0,6253,97,1655,1955,1486
109061,.,14.283468,38.573016,.,22.4,25.4,19.2,6.2,524,0,6253,97,1655,1955,1486
109062,.,14.300796,39.059489,.,19.9,22.6,16.5,6.1,551,0,5378,266,950,1820,1327
109063,.,14.300796,39.059489,.,19.9,22.6,16.5,6.1,551,0,5378,266,950,1820,1327
109064,.,14.300796,39.059489,.,19.9,22.6,16.5,6.1,551,0,5378,266,950,1820,1327
109065,.,14.158357,39.225847,.,18.5,21.2,15.2,6,581,0,4879,442,618,1776,1240
109066,.,14.158357,39.225847,.,18.5,21.2,15.2,6,581,0,4879,442,618,1776,1240
109067,.,13.871339,38.636691,.,20.4,23.4,17.5,5.9,614,0,5562,207,1074,1895,1353
109068,.,13.871339,38.636691,.,20.4,23.4,17.5,5.9,614,0,5562,207,1074,1895,1353
109069,.,13.781327,38.986512,.,21.4,24.3,18.7,5.6,629,0,5905,137,1340,1904,1375
109070,.,13.781327,38.986512,.,21.4,24.3,18.7,5.6,629,0,5905,137,1340,1904,1375
109071,.,13.691823,39.201901,.,18.5,21.3,15.4,5.9,654,0,4857,444,599,1783,1254
109072,.,13.691823,39.201901,.,18.5,21.3,15.4,5.9,654,0,4857,444,599,1783,1254
109073,.,13.691823,39.201901,.,18.5,21.3,15.4,5.9,654,0,4857,444,599,1783,1254
109074,.,13.984371,39.533129,.,18.2,21.1,15.1,6,575,0,4762,486,546,1791,1259
109075,.,13.984371,39.533129,.,18.2,21.1,15.1,6,575,0,4762,486,546,1791,1259
109076,.,13.234958,39.163439,.,20.9,23.9,18.2,5.7,768,0,5711,169,1183,1922,1336
109077,.,13.234958,39.163439,.,20.9,23.9,18.2,5.7,768,0,5711,169,1183,1922,1336
109078,.,13.282024,39.44052,.,18.8,21.4,16.3,5.1,679,0,4991,368,656,1825,1295
109079,.,13.282024,39.44052,.,18.8,21.4,16.3,5.1,679,0,4991,368,656,1825,1295
109080,.,13.282024,39.44052,.,18.8,21.4,16.3,5.1,679,0,4991,368,656,1825,1295
109081,.,13.016851,39.367164,.,17.8,20.8,15.2,5.7,844,0,4635,542,481,1770,1162
109082,.,13.016851,39.367164,.,17.8,20.8,15.2,5.7,844,0,4635,542,481,1770,1162
109083,.,13.016851,39.367164,.,17.8,20.8,15.2,5.7,844,0,4635,542,481,1770,1162
109084,.,12.782627,39.306887,.,19,21.8,16.8,5,899,0,5038,348,682,1821,1179
109085,.,12.782627,39.306887,.,19,21.8,16.8,5,899,0,5038,348,682,1821,1179
109086,.,14.181991,36.479993,.,29.2,33.4,25.9,7.5,395,0,8680,5,3990,2398,2003
109087,.,14.181991,36.479993,.,29.2,33.4,25.9,7.5,395,0,8680,5,3990,2398,2003
109088,.,14.181991,36.479993,.,29.2,33.4,25.9,7.5,395,0,8680,5,3990,2398,2003
109089,.,14.181991,36.479993,.,29.2,33.4,25.9,7.5,395,0,8680,5,3990,2398,2003
109090,.,14.087235,37.501526,.,26.9,30.3,24,6.3,438,0,7867,13,3193,2222,1788
109091,.,14.087235,37.501526,.,26.9,30.3,24,6.3,438,0,7867,13,3193,2222,1788
109092,.,13.670993,37.406426,.,20.6,24.1,17.6,6.5,736,0,5631,199,1133,1951,1450
109093,.,13.670993,37.406426,.,20.6,24.1,17.6,6.5,736,0,5631,199,1133,1951,1450
109094,.,13.670993,37.406426,.,20.6,24.1,17.6,6.5,736,0,5631,199,1133,1951,1450
109095,.,13.73157,37.367253,.,21.5,25,18.5,6.5,678,0,5920,142,1369,1982,1493
109096,.,13.73157,37.367253,.,21.5,25,18.5,6.5,678,0,5920,142,1369,1982,1493
109097,.,13.73157,37.367253,.,21.5,25,18.5,6.5,678,0,5920,142,1369,1982,1493
109098,.,13.73157,37.367253,.,21.5,25,18.5,6.5,678,0,5920,142,1369,1982,1493
109099,.,13.73157,37.367253,.,21.5,25,18.5,6.5,678,0,5920,142,1369,1982,1493
109100,.,13.477439,37.121338,.,26.7,30.1,24.1,6,705,0,7769,15,3097,2264,1724
109101,.,13.477439,37.121338,.,26.7,30.1,24.1,6,705,0,7769,15,3097,2264,1724
109102,.,13.477439,37.121338,.,26.7,30.1,24.1,6,705,0,7769,15,3097,2264,1724
109103,.,13.477439,37.121338,.,26.7,30.1,24.1,6,705,0,7769,15,3097,2264,1724
109104,.,13.516058,37.627316,.,24.8,28.1,22.6,5.5,692,0,7117,31,2461,2121,1604
109105,.,13.516058,37.627316,.,24.8,28.1,22.6,5.5,692,0,7117,31,2461,2121,1604
109106,.,13.516058,37.627316,.,24.8,28.1,22.6,5.5,692,0,7117,31,2461,2121,1604
109107,.,13.372227,37.789874,.,23.9,27,21.7,5.3,905,0,6792,46,2154,2083,1536
109108,.,13.372227,37.789874,.,23.9,27,21.7,5.3,905,0,6792,46,2154,2083,1536
109109,.,13.205811,37.787655,.,21.3,24.1,19.1,5,823,0,5846,141,1295,1969,1396
109110,.,13.205811,37.787655,.,21.3,24.1,19.1,5,823,0,5846,141,1295,1969,1396
109111,.,12.805252,37.41838,.,22.1,25.2,19.7,5.5,1123,0,6155,98,1566,2029,1324
109112,.,12.805252,37.41838,.,22.1,25.2,19.7,5.5,1123,0,6155,98,1566,2029,1324
109113,.,12.338496,37.675021,.,17,19.9,15.2,4.8,1230,0,4346,683,352,1798,992
109114,.,12.338496,37.675021,.,17,19.9,15.2,4.8,1230,0,4346,683,352,1798,992
109115,.,12.801716,36.930314,.,25.1,28.4,22.4,6,1124,0,7204,29,2541,2169,1468
109116,.,12.801716,36.930314,.,25.1,28.4,22.4,6,1124,0,7204,29,2541,2169,1468
109117,.,12.801716,36.930314,.,25.1,28.4,22.4,6,1124,0,7204,29,2541,2169,1468
109118,.,12.39107,35.933589,.,28.1,31.8,25,6.8,883,0,8269,9,3588,2336,1675
109119,.,12.305988,37.838013,.,19.2,21.9,17.1,4.8,1238,0,5109,315,728,1887,1103
109120,.,12.356297,38.452442,.,22,24.4,20.2,4.2,1092,0,6117,97,1521,2007,1309
109121,.,12.356297,38.452442,.,22,24.4,20.2,4.2,1092,0,6117,97,1521,2007,1309
109122,.,12.356297,38.452442,.,22,24.4,20.2,4.2,1092,0,6117,97,1521,2007,1309
109123,.,11.238573,38.311341,.,18.2,20.6,16.5,4.2,1342,0,4764,441,514,1861,924
109124,.,11.238573,38.311341,.,18.2,20.6,16.5,4.2,1342,0,4764,441,514,1861,924
109125,.,11.689072,37.607455,.,19.1,21.8,17.3,4.5,1454,0,5079,321,706,1877,1042
109126,.,11.689072,37.607455,.,19.1,21.8,17.3,4.5,1454,0,5079,321,706,1877,1042
109127,.,11.689072,37.607455,.,19.1,21.8,17.3,4.5,1454,0,5079,321,706,1877,1042
109128,.,11.689072,37.607455,.,19.1,21.8,17.3,4.5,1454,0,5079,321,706,1877,1042
109129,.,11.689072,37.607455,.,19.1,21.8,17.3,4.5,1454,0,5079,321,706,1877,1042
109130,.,11.962526,39.098154,.,17.9,20.7,16.2,4.4,1088,0,4638,499,451,1803,1059
109131,.,11.41596,39.848571,.,20.8,23.6,18.1,5.5,1191,0,5692,180,1173,1935,1095
109132,.,11.41596,39.848571,.,20.8,23.6,18.1,5.5,1191,0,5692,180,1173,1935,1095
109133,.,11.41596,39.848571,.,20.8,23.6,18.1,5.5,1191,0,5692,180,1173,1935,1095
109134,.,11.08743,39.784391,.,19,21.8,16.6,5.2,1095,0,5067,352,716,1883,996
109135,.,11.08743,39.784391,.,19,21.8,16.6,5.2,1095,0,5067,352,716,1883,996
109136,.,11.08743,39.784391,.,19,21.8,16.6,5.2,1095,0,5067,352,716,1883,996
109137,.,11.08743,39.784391,.,19,21.8,16.6,5.2,1095,0,5067,352,716,1883,996
109138,.,11.026883,38.922935,.,14.9,17.5,12.6,4.9,1278,1,3579,1232,135,1683,841
109139,.,11.026883,38.922935,.,14.9,17.5,12.6,4.9,1278,1,3579,1232,135,1683,841
109140,.,11.026883,38.922935,.,14.9,17.5,12.6,4.9,1278,1,3579,1232,135,1683,841
109141,.,11.026883,38.922935,.,14.9,17.5,12.6,4.9,1278,1,3579,1232,135,1683,841
109142,.,10.579219,38.606253,.,19.5,21.8,17.9,3.9,1360,0,5214,270,781,1930,943
109143,.,10.579219,38.606253,.,19.5,21.8,17.9,3.9,1360,0,5214,270,781,1930,943
109144,.,10.177151,38.97278,.,21,23.2,19.4,3.8,1493,0,5751,146,1202,2002,1006
109145,.,10.177151,38.97278,.,21,23.2,19.4,3.8,1493,0,5751,146,1202,2002,1006
109146,.,10.177151,38.97278,.,21,23.2,19.4,3.8,1493,0,5751,146,1202,2002,1006
109147,.,10.528154,39.813107,.,16.5,19.4,13.6,5.8,1159,0,4141,839,283,1778,874
109148,.,10.125569,39.317306,.,18.6,21.2,16.7,4.5,1235,0,4916,375,592,1906,972
109149,.,10.907046,38.036517,.,16.1,18.6,14.6,4.1,1424,0,4010,887,230,1769,875
109150,.,10.907046,38.036517,.,16.1,18.6,14.6,4.1,1424,0,4010,887,230,1769,875
109151,.,10.418072,38.169712,.,16.5,19,14.7,4.3,1370,0,4142,802,267,1804,846
109152,.,10.418072,38.169712,.,16.5,19,14.7,4.3,1370,0,4142,802,267,1804,846
109153,.,10.418072,38.169712,.,16.5,19,14.7,4.3,1370,0,4142,802,267,1804,846
109154,.,10.421617,37.576549,.,17.6,20.2,15.7,4.5,1457,0,4548,549,422,1841,937
109155,.,10.421617,37.576549,.,17.6,20.2,15.7,4.5,1457,0,4548,549,422,1841,937
109156,.,9.991906,37.692553,.,19.8,22,18.2,3.8,1732,0,5323,239,863,1932,864
109157,.,9.991906,37.692553,.,19.8,22,18.2,3.8,1732,0,5323,239,863,1932,864
109158,.,11.651471,37.103281,.,20.4,23.7,18.4,5.2,1375,0,5528,201,1026,1982,1180
109159,.,11.651471,37.103281,.,20.4,23.7,18.4,5.2,1375,0,5528,201,1026,1982,1180
109160,.,11.651471,37.103281,.,20.4,23.7,18.4,5.2,1375,0,5528,201,1026,1982,1180
109161,.,11.374475,37.452325,.,18.3,21.1,16.5,4.6,1546,0,4782,442,542,1859,973
109162,.,11.374475,37.452325,.,18.3,21.1,16.5,4.6,1546,0,4782,442,542,1859,973
109163,.,11.396274,37.042616,.,19.7,22.9,17.6,5.3,1410,0,5286,262,855,1969,1124
109164,.,11.396274,37.042616,.,19.7,22.9,17.6,5.3,1410,0,5286,262,855,1969,1124
109165,.,10.792776,37.144541,.,18,21.1,15.9,5.2,1367,0,4669,498,494,1848,1013
109166,.,10.792776,37.144541,.,18,21.1,15.9,5.2,1367,0,4669,498,494,1848,1013
109167,.,10.792776,37.144541,.,18,21.1,15.9,5.2,1367,0,4669,498,494,1848,1013
109168,.,10.792776,37.144541,.,18,21.1,15.9,5.2,1367,0,4669,498,494,1848,1013
109169,.,10.589277,37.461598,.,18.6,21.3,16.4,4.9,1490,0,4881,397,597,1902,1013
109170,.,10.589277,37.461598,.,18.6,21.3,16.4,4.9,1490,0,4881,397,597,1902,1013
109171,.,10.589277,37.461598,.,18.6,21.3,16.4,4.9,1490,0,4881,397,597,1902,1013
109172,.,12.758064,38.99387,.,20.1,22.6,17.9,4.8,988,0,5424,225,954,1880,1226
109173,.,12.758064,38.99387,.,20.1,22.6,17.9,4.8,988,0,5424,225,954,1880,1226
109174,.,12.758064,38.99387,.,20.1,22.6,17.9,4.8,988,0,5424,225,954,1880,1226
109175,.,12.514444,38.824984,.,19.3,21.9,17.4,4.6,998,0,5152,302,755,1860,1191
109176,.,12.514444,38.824984,.,19.3,21.9,17.4,4.6,998,0,5152,302,755,1860,1191
109177,.,12.514444,38.824984,.,19.3,21.9,17.4,4.6,998,0,5152,302,755,1860,1191
109178,.,12.514444,38.824984,.,19.3,21.9,17.4,4.6,998,0,5152,302,755,1860,1191
109179,.,11.19134,36.949697,.,18.5,21.7,16,5.7,1414,0,4847,418,585,1898,1040
109180,.,11.19134,36.949697,.,18.5,21.7,16,5.7,1414,0,4847,418,585,1898,1040
109181,.,11.19134,36.949697,.,18.5,21.7,16,5.7,1414,0,4847,418,585,1898,1040
109182,.,11.19134,36.949697,.,18.5,21.7,16,5.7,1414,0,4847,418,585,1898,1040
109183,.,10.93707,36.654755,.,19.4,22.7,16.8,5.9,1591,0,5187,295,788,1927,1035
109184,.,10.93707,36.654755,.,19.4,22.7,16.8,5.9,1591,0,5187,295,788,1927,1035
109185,.,10.93707,36.654755,.,19.4,22.7,16.8,5.9,1591,0,5187,295,788,1927,1035
109186,.,11.063662,37.070379,.,17.6,20.8,15.3,5.5,1421,0,4524,572,418,1842,1017
109187,.,11.063662,37.070379,.,17.6,20.8,15.3,5.5,1421,0,4524,572,418,1842,1017
109188,.,11.063662,37.070379,.,17.6,20.8,15.3,5.5,1421,0,4524,572,418,1842,1017
109189,.,10.72069,39.886029,.,21.9,24.1,19.5,4.7,965,0,6066,111,1482,2070,1225
109190,.,10.72069,39.886029,.,21.9,24.1,19.5,4.7,965,0,6066,111,1482,2070,1225
109191,.,10.588352,39.907496,.,22,24.5,19.7,4.7,988,0,6124,102,1530,2068,1201
109192,.,10.588352,39.907496,.,22,24.5,19.7,4.7,988,0,6124,102,1530,2068,1201
109193,.,10.588352,39.907496,.,22,24.5,19.7,4.7,988,0,6124,102,1530,2068,1201
109194,.,11.003907,39.93879,.,20.6,23.3,17.9,5.4,1063,0,5606,198,1105,1939,1046
109195,.,11.003907,39.93879,.,20.6,23.3,17.9,5.4,1063,0,5606,198,1105,1939,1046
109196,.,10.987839,39.923407,.,20,22.8,17.3,5.5,1064,0,5418,246,962,1919,1030
109197,.,10.987839,39.923407,.,20,22.8,17.3,5.5,1064,0,5418,246,962,1919,1030
109198,.,10.987839,39.923407,.,20,22.8,17.3,5.5,1064,0,5418,246,962,1919,1030
109199,.,9.837059,34.915015,.,22.8,26.2,20.4,5.8,1476,0,6384,75,1772,2108,1184
109200,.,9.837059,34.915015,.,22.8,26.2,20.4,5.8,1476,0,6384,75,1772,2108,1184
109201,.,8.768865,35.567175,.,20.8,23.1,18.7,4.4,1839,0,5680,160,1143,2037,897
109202,.,8.768865,35.567175,.,20.8,23.1,18.7,4.4,1839,0,5680,160,1143,2037,897
109203,.,8.768865,35.567175,.,20.8,23.1,18.7,4.4,1839,0,5680,160,1143,2037,897
109204,.,8.768865,35.567175,.,20.8,23.1,18.7,4.4,1839,0,5680,160,1143,2037,897
109205,.,9.847087,36.342298,.,19.1,21.7,17.1,4.6,1776,0,5084,315,708,1900,913
109206,.,9.030842,36.403794,.,19,21.2,17.2,4,2083,0,5056,318,681,1899,770
109207,.,9.030842,36.403794,.,19,21.2,17.2,4,2083,0,5056,318,681,1899,770
109208,.,9.030842,36.403794,.,19,21.2,17.2,4,2083,0,5056,318,681,1899,770
109209,.,9.030842,36.403794,.,19,21.2,17.2,4,2083,0,5056,318,681,1899,770
109210,.,8.653678,36.607747,.,19.7,21.8,18.4,3.4,1671,0,5300,237,832,1976,849
109211,.,8.653678,36.607747,.,19.7,21.8,18.4,3.4,1671,0,5300,237,832,1976,849
109212,.,8.653678,36.607747,.,19.7,21.8,18.4,3.4,1671,0,5300,237,832,1976,849
109213,.,8.189306,36.469985,.,17.6,19.3,16.4,2.9,1857,0,4531,536,389,1889,669
109214,.,8.189306,36.469985,.,17.6,19.3,16.4,2.9,1857,0,4531,536,389,1889,669
109215,.,8.189306,36.469985,.,17.6,19.3,16.4,2.9,1857,0,4531,536,389,1889,669
109216,.,7.669124,36.925535,.,19.3,20.9,18.1,2.7,1546,0,5164,270,724,1996,768
109217,.,7.669124,36.925535,.,19.3,20.9,18.1,2.7,1546,0,5164,270,724,1996,768
109218,.,7.669124,36.925535,.,19.3,20.9,18.1,2.7,1546,0,5164,270,724,1996,768
109219,.,7.669124,36.925535,.,19.3,20.9,18.1,2.7,1546,0,5164,270,724,1996,768
109220,.,7.547831,37.081825,.,18.6,20.2,17.4,2.9,1627,0,4909,356,568,1947,708
109221,.,7.547831,37.081825,.,18.6,20.2,17.4,2.9,1627,0,4909,356,568,1947,708
109222,.,7.547831,37.081825,.,18.6,20.2,17.4,2.9,1627,0,4909,356,568,1947,708
109223,.,7.547831,37.081825,.,18.6,20.2,17.4,2.9,1627,0,4909,356,568,1947,708
109224,.,7.475567,36.442976,.,21.3,22.9,20.1,2.8,1623,0,5868,119,1291,2115,780
109225,.,7.475567,36.442976,.,21.3,22.9,20.1,2.8,1623,0,5868,119,1291,2115,780
109226,.,7.475567,36.442976,.,21.3,22.9,20.1,2.8,1623,0,5868,119,1291,2115,780
109227,.,8.466463,37.436921,.,20.6,22.3,19.1,3.1,1531,0,5600,167,1068,2027,913
109228,.,8.466463,37.436921,.,20.6,22.3,19.1,3.1,1531,0,5600,167,1068,2027,913
109229,.,10.016586,38.249227,.,18.1,20.2,16.6,3.5,1834,0,4709,460,482,1848,835
109230,.,10.016586,38.249227,.,18.1,20.2,16.6,3.5,1834,0,4709,460,482,1848,835
109231,.,10.016586,38.249227,.,18.1,20.2,16.6,3.5,1834,0,4709,460,482,1848,835
109232,.,9.891234,38.374431,.,16.7,18.8,15.1,3.8,1458,0,4218,738,281,1781,857
109233,.,9.891234,38.374431,.,16.7,18.8,15.1,3.8,1458,0,4218,738,281,1781,857
109234,.,8.738148,39.840529,.,24.3,26.7,22.1,4.6,763,0,6951,37,2315,2212,1448
109235,.,8.738148,39.840529,.,24.3,26.7,22.1,4.6,763,0,6951,37,2315,2212,1448
109236,.,8.738148,39.840529,.,24.3,26.7,22.1,4.6,763,0,6951,37,2315,2212,1448
109237,.,8.727179,39.1877,.,18.4,20.7,16.6,4.1,1221,0,4817,412,533,1920,895
109238,.,8.727179,39.1877,.,18.4,20.7,16.6,4.1,1221,0,4817,412,533,1920,895
109239,.,8.727179,39.1877,.,18.4,20.7,16.6,4.1,1221,0,4817,412,533,1920,895
109240,.,8.113327,38.775305,.,20.3,22.3,18.6,3.6,1013,0,5493,191,979,2029,1061
109241,.,8.113327,38.775305,.,20.3,22.3,18.6,3.6,1013,0,5493,191,979,2029,1061
109242,.,8.683492,38.805437,.,19.2,21.3,17.6,3.7,1051,0,5110,295,698,1982,1070
109243,.,8.088423,39.034925,.,20,22.3,18.4,3.9,1084,0,5396,215,907,2001,1034
109244,.,7.58861,39.794594,.,19.1,20.8,17.4,3.3,1264,0,5098,298,691,1965,782
109245,.,7.58861,39.794594,.,19.1,20.8,17.4,3.3,1264,0,5098,298,691,1965,782
109246,.,7.58861,39.794594,.,19.1,20.8,17.4,3.3,1264,0,5098,298,691,1965,782
109247,.,7.58861,39.794594,.,19.1,20.8,17.4,3.3,1264,0,5098,298,691,1965,782
109248,.,8.939001,40.471449,.,21.3,23.9,18.9,5.1,987,0,5861,139,1295,2030,1055
109249,.,8.939001,40.471449,.,21.3,23.9,18.9,5.1,987,0,5861,139,1295,2030,1055
109250,.,8.939001,40.471449,.,21.3,23.9,18.9,5.1,987,0,5861,139,1295,2030,1055
109251,.,8.652309,40.61785,.,20.6,23.1,18.4,4.7,1158,0,5632,177,1110,2044,1014
109252,.,8.652309,40.61785,.,20.6,23.1,18.4,4.7,1158,0,5632,177,1110,2044,1014
109253,.,8.652309,40.61785,.,20.6,23.1,18.4,4.7,1158,0,5632,177,1110,2044,1014
109254,.,9.009369,40.721875,.,19.5,22.1,16.7,5.3,998,0,5221,299,823,1958,1006
109255,.,9.009369,40.721875,.,19.5,22.1,16.7,5.3,998,0,5221,299,823,1958,1006
109256,.,9.009369,40.721875,.,19.5,22.1,16.7,5.3,998,0,5221,299,823,1958,1006
109257,.,9.183186,42.020688,.,21.1,24,17.9,6.1,683,0,5819,170,1296,2053,1364
109258,.,9.183186,42.020688,.,21.1,24,17.9,6.1,683,0,5819,170,1296,2053,1364
109259,.,9.37406,41.588459,.,18.1,21.1,14.5,6.6,871,0,4740,544,580,1876,1033
109260,.,9.37406,41.588459,.,18.1,21.1,14.5,6.6,871,0,4740,544,580,1876,1033
109261,.,9.37406,41.588459,.,18.1,21.1,14.5,6.6,871,0,4740,544,580,1876,1033
109262,.,9.062638,41.687471,.,19.9,22.5,17,5.6,918,0,5372,259,933,1965,1090
109263,.,9.062638,41.687471,.,19.9,22.5,17,5.6,918,0,5372,259,933,1965,1090
109264,.,9.15085,41.844056,.,18.5,21.2,15.1,6.1,872,0,4862,469,630,1900,1044
109265,.,9.15085,41.844056,.,18.5,21.2,15.1,6.1,872,0,4862,469,630,1900,1044
109266,.,5.595683,38.293619,.,19.2,20.5,18.2,2.2,1261,0,5125,273,688,1917,788
109267,.,5.595683,38.293619,.,19.2,20.5,18.2,2.2,1261,0,5125,273,688,1917,788
109268,.,8.720428,37.911457,.,15.4,17.3,14,3.3,1565,0,3725,1082,154,1754,681
109269,.,6.375893,38.726945,.,17,18.1,15.7,2.3,1370,0,4328,636,289,1840,604
109270,.,5.525706,38.762067,.,20.9,22.5,19.8,2.7,1101,0,5710,140,1145,1961,924
109271,.,7.349188,38.804934,.,17.8,19.7,16.4,3.3,1151,0,4603,498,420,1871,847
109272,.,7.349188,38.804934,.,17.8,19.7,16.4,3.3,1151,0,4603,498,420,1871,847
109273,.,7.268504,38.602092,.,19.1,21,17.7,3.3,1048,0,5093,296,683,1965,949
109274,.,7.268504,38.602092,.,19.1,21,17.7,3.3,1048,0,5093,296,683,1965,949
109275,.,7.268504,38.602092,.,19.1,21,17.7,3.3,1048,0,5093,296,683,1965,949
109276,.,9.015301,35.046541,.,20.2,22.8,18.4,4.5,1776,0,5464,208,973,1999,941
109277,.,9.015301,35.046541,.,20.2,22.8,18.4,4.5,1776,0,5464,208,973,1999,941
109278,.,9.015301,35.046541,.,20.2,22.8,18.4,4.5,1776,0,5464,208,973,1999,941
109279,.,9.015301,35.046541,.,20.2,22.8,18.4,4.5,1776,0,5464,208,973,1999,941
109280,.,8.614921,34.651436,.,20.4,22.7,18.4,4.3,1487,0,5534,187,1019,2012,880
109281,.,9.790075,37.505942,.,18.7,20.8,17.2,3.7,2019,0,4929,369,602,1880,878
109282,.,9.790075,37.505942,.,18.7,20.8,17.2,3.7,2019,0,4929,369,602,1880,878
109283,.,9.790075,37.505942,.,18.7,20.8,17.2,3.7,2019,0,4929,369,602,1880,878
109284,.,9.844081,37.127135,.,16.6,19.1,15.2,3.9,1895,0,4196,762,285,1776,759
109285,.,9.844081,37.127135,.,16.6,19.1,15.2,3.9,1895,0,4196,762,285,1776,759
109286,.,9.239758,42.441943,.,21.6,24.5,18.1,6.4,638,0,5975,148,1428,2041,1397
109287,.,9.301856,42.596492,.,21.8,24.6,18.2,6.4,604,0,6049,139,1489,2062,1452
109288,.,9.301856,42.596492,.,21.8,24.6,18.2,6.4,604,0,6049,139,1489,2062,1452
109289,.,9.301856,42.596492,.,21.8,24.6,18.2,6.4,604,0,6049,139,1489,2062,1452
109290,.,9.323408,43.278412,.,21.1,24.3,17,7.3,440,0,5802,204,1316,1989,1545
109291,.,9.323408,43.278412,.,21.1,24.3,17,7.3,440,0,5802,204,1316,1989,1545
109292,.,9.323408,43.278412,.,21.1,24.3,17,7.3,440,0,5802,204,1316,1989,1545
109293,.,9.323408,43.278412,.,21.1,24.3,17,7.3,440,0,5802,204,1316,1989,1545
109294,.,11.332329,36.272018,.,24.1,27.6,21.5,6.1,1323,0,6865,44,2213,2128,1292
109295,.,11.332329,36.272018,.,24.1,27.6,21.5,6.1,1323,0,6865,44,2213,2128,1292
109296,.,11.332329,36.272018,.,24.1,27.6,21.5,6.1,1323,0,6865,44,2213,2128,1292
109297,.,11.115609,36.376343,.,24.1,27.3,21,6.4,1840,0,6863,44,2215,2151,1255
109298,.,11.115609,36.376343,.,24.1,27.3,21,6.4,1840,0,6863,44,2215,2151,1255
109299,.,11.115609,36.376343,.,24.1,27.3,21,6.4,1840,0,6863,44,2215,2151,1255
109300,.,11.115609,36.376343,.,24.1,27.3,21,6.4,1840,0,6863,44,2215,2151,1255
109301,.,10.502376,36.004808,.,22.4,25.8,19.9,5.9,1518,0,6238,91,1635,2067,1154
109302,.,10.502376,36.004808,.,22.4,25.8,19.9,5.9,1518,0,6238,91,1635,2067,1154
109303,.,10.482209,34.786178,.,25.9,29.9,23.4,6.6,1210,0,7497,21,2827,2220,1358
109304,.,10.482209,34.786178,.,25.9,29.9,23.4,6.6,1210,0,7497,21,2827,2220,1358
109305,.,10.482209,34.786178,.,25.9,29.9,23.4,6.6,1210,0,7497,21,2827,2220,1358
109306,.,10.482209,34.786178,.,25.9,29.9,23.4,6.6,1210,0,7497,21,2827,2220,1358
109307,.,10.482209,34.786178,.,25.9,29.9,23.4,6.6,1210,0,7497,21,2827,2220,1358
109308,.,10.081238,34.68319,.,22.8,26.4,20.5,5.9,1375,0,6404,75,1790,2091,1192
109309,.,10.081238,34.68319,.,22.8,26.4,20.5,5.9,1375,0,6404,75,1790,2091,1192
109310,.,10.081238,34.68319,.,22.8,26.4,20.5,5.9,1375,0,6404,75,1790,2091,1192
109311,.,10.081238,34.68319,.,22.8,26.4,20.5,5.9,1375,0,6404,75,1790,2091,1192
109312,.,9.744228,34.787297,.,22.8,26.2,20.6,5.6,1294,0,6405,73,1790,2131,1206
109313,.,9.744228,34.787297,.,22.8,26.2,20.6,5.6,1294,0,6405,73,1790,2131,1206
109314,.,9.744228,34.787297,.,22.8,26.2,20.6,5.6,1294,0,6405,73,1790,2131,1206
109315,.,10.181368,35.281505,.,26.5,30,23.8,6.2,1346,0,7697,16,3030,2242,1368
109316,.,10.181368,35.281505,.,26.5,30,23.8,6.2,1346,0,7697,16,3030,2242,1368
109317,.,9.620333,34.534265,.,22.9,26.2,20.5,5.7,1395,0,6430,71,1814,2111,1171
109318,.,9.620333,34.534265,.,22.9,26.2,20.5,5.7,1395,0,6430,71,1814,2111,1171
109319,.,9.476512,34.420902,.,23.3,26.5,20.9,5.6,1336,0,6578,59,1948,2141,1182
109320,.,9.476512,34.420902,.,23.3,26.5,20.9,5.6,1336,0,6578,59,1948,2141,1182
109321,.,9.476512,34.420902,.,23.3,26.5,20.9,5.6,1336,0,6578,59,1948,2141,1182
109322,.,8.168632,38.646453,.,19.1,21.2,17.4,3.8,1139,0,5097,300,690,1959,939
109323,.,8.168632,38.646453,.,19.1,21.2,17.4,3.8,1139,0,5097,300,690,1959,939
109324,.,8.168632,38.646453,.,19.1,21.2,17.4,3.8,1139,0,5097,300,690,1959,939
109325,.,8.168632,38.646453,.,19.1,21.2,17.4,3.8,1139,0,5097,300,690,1959,939
109326,.,7.705385,37.650539,.,19.3,20.8,18,2.9,1689,0,5153,274,718,1977,753
109327,.,7.705385,37.650539,.,19.3,20.8,18,2.9,1689,0,5153,274,718,1977,753
109328,.,7.705385,37.650539,.,19.3,20.8,18,2.9,1689,0,5153,274,718,1977,753
109329,.,7.1743,37.949268,.,18.5,19.8,17.4,2.4,1295,0,4880,365,549,1927,721
109330,.,7.1743,37.949268,.,18.5,19.8,17.4,2.4,1295,0,4880,365,549,1927,721
109331,.,7.1743,37.949268,.,18.5,19.8,17.4,2.4,1295,0,4880,365,549,1927,721
109332,.,7.51326,37.646138,.,18.2,19.6,17.2,2.4,1542,0,4760,418,490,1906,715
109333,.,7.51326,37.646138,.,18.2,19.6,17.2,2.4,1542,0,4760,418,490,1906,715
109334,.,6.930849,38.595896,.,16.5,18,15.1,2.9,1199,0,4150,762,242,1805,727
109335,.,6.655807,38.324574,.,19.7,21.1,18.7,2.4,1261,0,5309,224,816,1996,765
109336,.,6.655807,38.324574,.,19.7,21.1,18.7,2.4,1261,0,5309,224,816,1996,765
109337,.,6.655807,38.324574,.,19.7,21.1,18.7,2.4,1261,0,5309,224,816,1996,765
109338,.,6.277612,38.311522,.,18,19.1,16.9,2.2,1488,0,4682,446,442,1846,590
109339,.,6.277612,38.311522,.,18,19.1,16.9,2.2,1488,0,4682,446,442,1846,590
109340,.,6.277612,38.311522,.,18,19.1,16.9,2.2,1488,0,4682,446,442,1846,590
109341,.,6.949926,37.886494,.,18.8,20,17.7,2.3,1522,0,4972,327,597,1924,628
109342,.,6.949926,37.886494,.,18.8,20,17.7,2.3,1522,0,4972,327,597,1924,628
109343,.,6.949926,37.886494,.,18.8,20,17.7,2.3,1522,0,4972,327,597,1924,628
109344,.,6.902101,37.734876,.,18.1,19.4,16.9,2.4,1627,0,4705,438,455,1887,598
109345,.,6.783019,37.550981,.,19.3,20.7,18.2,2.5,1612,0,5149,269,708,1950,588
109346,.,6.706858,37.409545,.,20.6,22,19.5,2.6,1539,0,5599,160,1054,2013,616
109347,.,6.706858,37.409545,.,20.6,22,19.5,2.6,1539,0,5599,160,1054,2013,616
109348,.,6.706858,37.409545,.,20.6,22,19.5,2.6,1539,0,5599,160,1054,2013,616
109349,.,6.706858,37.409545,.,20.6,22,19.5,2.6,1539,0,5599,160,1054,2013,616
109350,.,6.706858,37.409545,.,20.6,22,19.5,2.6,1539,0,5599,160,1054,2013,616
109351,.,7.190572,35.422831,.,23.8,25.5,22.1,3.3,1372,0,6734,43,2093,2223,986
109352,.,7.313182,36.595191,.,19.8,21.2,18.6,2.6,1602,0,5340,215,845,2008,699
109353,.,7.313182,36.595191,.,19.8,21.2,18.6,2.6,1602,0,5340,215,845,2008,699
109354,.,7.313182,36.595191,.,19.8,21.2,18.6,2.6,1602,0,5340,215,845,2008,699
109355,.,7.448677,35.868075,.,19.4,21,18.3,2.7,1463,0,5198,258,743,2027,801
109356,.,7.448677,35.868075,.,19.4,21,18.3,2.7,1463,0,5198,258,743,2027,801
109357,.,6.63095,36.785203,.,19.9,21.3,18.7,2.6,1493,0,5359,212,852,1989,633
109358,.,6.63095,36.785203,.,19.9,21.3,18.7,2.6,1493,0,5359,212,852,1989,633
109359,.,6.80493,35.864615,.,19.4,21,18.1,2.9,1556,0,5195,259,742,2010,594
109360,.,6.80493,35.864615,.,19.4,21,18.1,2.9,1556,0,5195,259,742,2010,594
109361,.,6.80493,35.864615,.,19.4,21,18.1,2.9,1556,0,5195,259,742,2010,594
109362,.,6.80493,35.864615,.,19.4,21,18.1,2.9,1556,0,5195,259,742,2010,594
109363,.,6.260068,35.264555,.,23.1,24.6,21.8,2.8,1327,0,6500,56,1873,2157,897
109364,.,6.260068,35.264555,.,23.1,24.6,21.8,2.8,1327,0,6500,56,1873,2157,897
109365,.,6.260068,35.264555,.,23.1,24.6,21.8,2.8,1327,0,6500,56,1873,2157,897
109366,.,6.260068,35.264555,.,23.1,24.6,21.8,2.8,1327,0,6500,56,1873,2157,897
109367,.,7.889126,37.545659,.,17.6,19,16.6,2.5,1933,0,4559,516,396,1870,598
109368,.,7.889126,37.545659,.,17.6,19,16.6,2.5,1933,0,4559,516,396,1870,598
109369,.,5.554167,37.841651,.,18.2,19.6,17.2,2.3,1325,0,4766,404,478,1871,676
109370,.,5.554167,37.841651,.,18.2,19.6,17.2,2.3,1325,0,4766,404,478,1871,676
109371,.,7.146379,36.89714,.,20.6,22,19.5,2.5,1660,0,5620,157,1071,2040,665
109372,.,7.146379,36.89714,.,20.6,22,19.5,2.5,1660,0,5620,157,1071,2040,665
109373,.,7.099243,37.128257,.,19.8,21.2,18.7,2.5,1566,0,5323,221,826,1977,641
109374,.,7.099243,37.128257,.,19.8,21.2,18.7,2.5,1566,0,5323,221,826,1977,641
109375,.,6.943022,37.295017,.,21.7,23,20.7,2.3,1562,0,6005,99,1409,2064,684
109376,.,6.943022,37.295017,.,21.7,23,20.7,2.3,1562,0,6005,99,1409,2064,684
109377,.,6.943022,37.295017,.,21.7,23,20.7,2.3,1562,0,6005,99,1409,2064,684
109378,.,7.036077,37.309279,.,19.3,20.7,18.1,2.6,1623,0,5155,269,713,1955,606
109379,.,7.036077,37.309279,.,19.3,20.7,18.1,2.6,1623,0,5155,269,713,1955,606
109380,.,7.036077,37.309279,.,19.3,20.7,18.1,2.6,1623,0,5155,269,713,1955,606
109381,.,6.363915,36.589217,.,20.9,22.4,20,2.5,1494,0,5725,139,1159,2054,662
109382,.,7.15975,36.836042,.,20.6,22,19.6,2.4,1656,0,5607,159,1052,2045,667
109383,.,8.07579,38.439597,.,18.9,20.9,17.3,3.6,1126,0,5016,327,640,1992,958
109384,.,8.07579,38.439597,.,18.9,20.9,17.3,3.6,1126,0,5016,327,640,1992,958
109385,.,8.07579,38.439597,.,18.9,20.9,17.3,3.6,1126,0,5016,327,640,1992,958
109386,.,8.07579,38.439597,.,18.9,20.9,17.3,3.6,1126,0,5016,327,640,1992,958
109387,.,7.793499,38.25056,.,18.3,20.1,16.8,3.3,1269,0,4810,403,518,1932,797
109388,.,7.79121,38.329508,.,18.6,20.4,17.1,3.4,1228,0,4915,361,577,1945,835
109389,.,7.79121,38.329508,.,18.6,20.4,17.1,3.4,1228,0,4915,361,577,1945,835
109390,.,7.79121,38.329508,.,18.6,20.4,17.1,3.4,1228,0,4915,361,577,1945,835
109391,.,7.79121,38.329508,.,18.6,20.4,17.1,3.4,1228,0,4915,361,577,1945,835
109392,.,7.79121,38.329508,.,18.6,20.4,17.1,3.4,1228,0,4915,361,577,1945,835
109393,.,7.65816,38.094632,.,17.9,19.5,16.4,3,1242,0,4643,475,431,1897,782
109394,.,7.65816,38.094632,.,17.9,19.5,16.4,3,1242,0,4643,475,431,1897,782
109395,.,7.65816,38.094632,.,17.9,19.5,16.4,3,1242,0,4643,475,431,1897,782
109396,.,7.405683,38.081075,.,18.9,20.2,17.6,2.6,1140,0,5006,321,624,1980,871
109397,.,7.405683,38.081075,.,18.9,20.2,17.6,2.6,1140,0,5006,321,624,1980,871
109398,.,7.276738,38.115738,.,19.4,20.6,18,2.6,1134,0,5178,266,733,2013,890
109399,.,7.276738,38.115738,.,19.4,20.6,18,2.6,1134,0,5178,266,733,2013,890
109400,.,7.276738,38.115738,.,19.4,20.6,18,2.6,1134,0,5178,266,733,2013,890
109401,.,7.276738,38.115738,.,-9999,-9999,-9999,-9999,-9999,-9999,-9999,-9999,-9999,-9999,-9999
109402,.,7.276738,38.115738,.,-9999,-9999,-9999,-9999,-9999,-9999,-9999,-9999,-9999,-9999,-9999
109403,.,7.276738,38.115738,.,-9999,-9999,-9999,-9999,-9999,-9999,-9999,-9999,-9999,-9999,-9999
109404,.,7.276738,38.115738,.,-9999,-9999,-9999,-9999,-9999,-9999,-9999,-9999,-9999,-9999,-9999
109405,.,7.276738,38.115738,.,-9999,-9999,-9999,-9999,-9999,-9999,-9999,-9999,-9999,-9999,-9999
109406,.,7.276738,38.115738,.,-9999,-9999,-9999,-9999,-9999,-9999,-9999,-9999,-9999,-9999,-9999
109407,.,7.276738,38.115738,.,-9999,-9999,-9999,-9999,-9999,-9999,-9999,-9999,-9999,-9999,-9999
109408,.,7.276738,38.115738,.,-9999,-9999,-9999,-9999,-9999,-9999,-9999,-9999,-9999,-9999,-9999
109409,.,7.276738,38.115738,.,-9999,-9999,-9999,-9999,-9999,-9999,-9999,-9999,-9999,-9999,-9999
109410,.,7.276738,38.115738,.,-9999,-9999,-9999,-9999,-9999,-9999,-9999,-9999,-9999,-9999,-9999
109411,.,7.276738,38.115738,.,-9999,-9999,-9999,-9999,-9999,-9999,-9999,-9999,-9999,-9999,-9999
109412,.,7.276738,38.115738,.,-9999,-9999,-9999,-9999,-9999,-9999,-9999,-9999,-9999,-9999,-9999
109413,.,7.276738,38.115738,.,-9999,-9999,-9999,-9999,-9999,-9999,-9999,-9999,-9999,-9999,-9999
109414,.,7.276738,38.115738,.,-9999,-9999,-9999,-9999,-9999,-9999,-9999,-9999,-9999,-9999,-9999
109415,.,7.276738,38.115738,.,-9999,-9999,-9999,-9999,-9999,-9999,-9999,-9999,-9999,-9999,-9999
109416,.,7.276738,38.115738,.,-9999,-9999,-9999,-9999,-9999,-9999,-9999,-9999,-9999,-9999,-9999
109417,.,7.276738,38.115738,.,-9999,-9999,-9999,-9999,-9999,-9999,-9999,-9999,-9999,-9999,-9999
109418,.,7.276738,38.115738,.,-9999,-9999,-9999,-9999,-9999,-9999,-9999,-9999,-9999,-9999,-9999
109419,.,7.276738,38.115738,.,-9999,-9999,-9999,-9999,-9999,-9999,-9999,-9999,-9999,-9999,-9999
109420,.,7.276738,38.115738,.,-9999,-9999,-9999,-9999,-9999,-9999,-9999,-9999,-9999,-9999,-9999
109421,.,7.276738,38.115738,.,-9999,-9999,-9999,-9999,-9999,-9999,-9999,-9999,-9999,-9999,-9999
109422,.,7.276738,38.115738,.,-9999,-9999,-9999,-9999,-9999,-9999,-9999,-9999,-9999,-9999,-9999
109423,.,7.276738,38.115738,.,-9999,-9999,-9999,-9999,-9999,-9999,-9999,-9999,-9999,-9999,-9999
