id,placeholder1,Lat,Lon,placeholder2
76,.,5.31524834074,7.4334346461,.
77,.,9.68199592163,11.8269506538,.
78,.,9.68199592163,11.8269506538,.
79,.,9.68199592163,11.8269506538,.
80,.,9.68199592163,11.8269506538,.
81,.,9.68199592163,11.8269506538,.
82,.,9.35668119389,12.1731637317,.
83,.,9.35668119389,12.1731637317,.
84,.,9.35668119389,12.1731637317,.
85,.,9.35668119389,12.1731637317,.
86,.,9.35668119389,12.1731637317,.
87,.,9.35668119389,12.1731637317,.
88,.,9.35668119389,12.1731637317,.
89,.,9.35668119389,12.1731637317,.
90,.,9.35668119389,12.1731637317,.
91,.,9.33287881009,11.7819675423,.
92,.,9.33287881009,11.7819675423,.
93,.,9.33287881009,11.7819675423,.
94,.,9.33287881009,11.7819675423,.
95,.,8.30266963237,12.0444336999,.
96,.,8.30266963237,12.0444336999,.
97,.,8.30266963237,12.0444336999,.
98,.,8.30266963237,12.0444336999,.
99,.,8.30266963237,12.0444336999,.
100,.,8.95937097796,12.1543140636,.
101,.,8.95937097796,12.1543140636,.
102,.,8.95937097796,12.1543140636,.
103,.,8.95937097796,12.1543140636,.
104,.,8.95937097796,12.1543140636,.
105,.,8.95937097796,12.1543140636,.
106,.,8.95937097796,12.1543140636,.
107,.,8.95937097796,12.1543140636,.
108,.,10.7021170344,13.4417466208,.
109,.,10.7021170344,13.4417466208,.
110,.,10.7021170344,13.4417466208,.
111,.,10.7021170344,13.4417466208,.
112,.,10.2710717474,13.3077304864,.
113,.,10.2710717474,13.3077304864,.
114,.,10.2710717474,13.3077304864,.
115,.,10.2686739218,13.2386102614,.
116,.,10.2686739218,13.2386102614,.
117,.,10.2686739218,13.2386102614,.
118,.,10.2686739218,13.2386102614,.
119,.,10.2832908043,12.8870466619,.
120,.,10.2832908043,12.8870466619,.
121,.,10.2832908043,12.8870466619,.
122,.,10.2832908043,12.8870466619,.
123,.,10.2832908043,12.8870466619,.
124,.,10.2832908043,12.8870466619,.
125,.,10.1941516025,12.4560676383,.
126,.,10.1941516025,12.4560676383,.
127,.,10.1941516025,12.4560676383,.
128,.,10.1941516025,12.4560676383,.
129,.,9.6929650288,12.6395843417,.
130,.,9.6929650288,12.6395843417,.
131,.,9.6929650288,12.6395843417,.
132,.,5.01159047312,7.94962641359,.
133,.,5.01159047312,7.94962641359,.
134,.,4.93447621662,7.96732908139,.
135,.,4.93447621662,7.96732908139,.
136,.,4.93447621662,7.96732908139,.
137,.,4.86465103466,7.84994924205,.
138,.,4.9211152487,8.02685220823,.
139,.,4.9211152487,8.02685220823,.
140,.,4.68817896818,7.70875490803,.
141,.,4.94791457045,7.7583190461,.
142,.,4.94791457045,7.7583190461,.
143,.,4.94791457045,7.7583190461,.
144,.,5.08858328195,7.73858652865,.
145,.,5.08858328195,7.73858652865,.
146,.,5.08858328195,7.73858652865,.
147,.,5.08858328195,7.73858652865,.
148,.,5.08858328195,7.73858652865,.
149,.,6.16779029063,7.00668904073,.
150,.,6.16779029063,7.00668904073,.
151,.,6.16779029063,7.00668904073,.
152,.,6.29487701088,7.06416881346,.
153,.,6.29487701088,7.06416881346,.
154,.,6.29487701088,7.06416881346,.
155,.,6.31316440344,6.96516116294,.
156,.,6.31316440344,6.96516116294,.
157,.,6.31316440344,6.96516116294,.
158,.,6.31316440344,6.96516116294,.
159,.,6.31316440344,6.96516116294,.
160,.,6.10137761736,7.18988708702,.
161,.,6.10137761736,7.18988708702,.
162,.,6.10137761736,7.18988708702,.
163,.,6.10137761736,7.18988708702,.
164,.,6.10137761736,7.18988708702,.
165,.,6.00420085033,7.05712166484,.
166,.,6.00420085033,7.05712166484,.
167,.,6.00420085033,7.05712166484,.
168,.,6.55332176691,7.02906000742,.
169,.,6.55332176691,7.02906000742,.
170,.,6.55332176691,7.02906000742,.
171,.,6.55332176691,7.02906000742,.
172,.,6.55332176691,7.02906000742,.
173,.,6.55332176691,7.02906000742,.
174,.,6.13080945767,6.95268589556,.
175,.,6.13080945767,6.95268589556,.
176,.,6.13080945767,6.95268589556,.
177,.,6.13080945767,6.95268589556,.
178,.,6.1245359666,6.94962416146,.
179,.,6.1245359666,6.94962416146,.
180,.,6.1245359666,6.94962416146,.
181,.,6.02557845775,7.02851464405,.
182,.,6.02557845775,7.02851464405,.
183,.,6.02557845775,7.02851464405,.
184,.,6.02557845775,7.02851464405,.
185,.,6.24153758762,6.9368284516,.
186,.,6.24153758762,6.9368284516,.
187,.,6.24153758762,6.9368284516,.
188,.,5.98776036565,7.09183471113,.
189,.,5.98776036565,7.09183471113,.
190,.,5.98776036565,7.09183471113,.
191,.,5.98776036565,7.09183471113,.
192,.,5.98776036565,7.09183471113,.
193,.,5.98776036565,7.09183471113,.
194,.,10.0746622967,9.60863965762,.
195,.,10.0746622967,9.60863965762,.
196,.,10.0746622967,9.60863965762,.
197,.,10.0746622967,9.60863965762,.
198,.,10.0746622967,9.60863965762,.
199,.,10.0746622967,9.60863965762,.
200,.,10.0746622967,9.60863965762,.
201,.,10.3043968777,9.84682965897,.
202,.,10.3043968777,9.84682965897,.
203,.,10.7770268111,9.17261204795,.
204,.,10.7770268111,9.17261204795,.
205,.,10.7770268111,9.17261204795,.
206,.,10.7770268111,9.17261204795,.
207,.,10.7770268111,9.17261204795,.
208,.,10.7770268111,9.17261204795,.
209,.,10.7770268111,9.17261204795,.
210,.,10.2374167796,10.1316668985,.
211,.,10.2374167796,10.1316668985,.
212,.,10.2374167796,10.1316668985,.
213,.,10.2374167796,10.1316668985,.
214,.,10.2374167796,10.1316668985,.
215,.,10.2374167796,10.1316668985,.
216,.,10.2374167796,10.1316668985,.
217,.,10.2374167796,10.1316668985,.
218,.,10.2374167796,10.1316668985,.
219,.,10.2374167796,10.1316668985,.
220,.,10.2374167796,10.1316668985,.
221,.,10.6546031992,10.4737639515,.
222,.,9.82282273233,10.9007882495,.
223,.,9.82282273233,10.9007882495,.
224,.,9.82282273233,10.9007882495,.
225,.,9.82282273233,10.9007882495,.
226,.,9.82282273233,10.9007882495,.
227,.,9.82282273233,10.9007882495,.
228,.,9.82282273233,10.9007882495,.
229,.,9.82282273233,10.9007882495,.
230,.,9.82282273233,10.9007882495,.
231,.,9.82282273233,10.9007882495,.
232,.,9.82282273233,10.9007882495,.
233,.,9.82282273233,10.9007882495,.
234,.,9.82282273233,10.9007882495,.
235,.,9.82282273233,10.9007882495,.
236,.,9.82282273233,10.9007882495,.
237,.,9.82282273233,10.9007882495,.
238,.,10.907719355,10.0246378001,.
239,.,10.907719355,10.0246378001,.
240,.,10.907719355,10.0246378001,.
241,.,10.907719355,10.0246378001,.
242,.,10.907719355,10.0246378001,.
243,.,10.907719355,10.0246378001,.
244,.,10.8547917358,9.80578418282,.
245,.,10.8547917358,9.80578418282,.
246,.,10.8547917358,9.80578418282,.
247,.,10.8547917358,9.80578418282,.
248,.,10.8547917358,9.80578418282,.
249,.,10.3669816879,9.50270725802,.
250,.,10.3669816879,9.50270725802,.
251,.,10.3669816879,9.50270725802,.
252,.,10.3669816879,9.50270725802,.
253,.,10.3669816879,9.50270725802,.
254,.,10.3669816879,9.50270725802,.
255,.,10.3669816879,9.50270725802,.
256,.,10.3669816879,9.50270725802,.
257,.,10.3669816879,9.50270725802,.
258,.,10.3669816879,9.50270725802,.
259,.,10.3669816879,9.50270725802,.
260,.,10.3669816879,9.50270725802,.
261,.,10.3669816879,9.50270725802,.
262,.,10.3669816879,9.50270725802,.
263,.,10.3669816879,9.50270725802,.
264,.,10.286224686,9.63766289493,.
265,.,10.286224686,9.63766289493,.
266,.,10.286224686,9.63766289493,.
267,.,10.286224686,9.63766289493,.
268,.,10.286224686,9.63766289493,.
269,.,10.286224686,9.63766289493,.
270,.,10.286224686,9.63766289493,.
271,.,10.286224686,9.63766289493,.
272,.,10.286224686,9.63766289493,.
273,.,10.286224686,9.63766289493,.
274,.,10.286224686,9.63766289493,.
275,.,10.286224686,9.63766289493,.
276,.,10.286224686,9.63766289493,.
277,.,11.0952703402,13.7115867298,.
278,.,11.0952703402,13.7115867298,.
279,.,11.0952703402,13.7115867298,.
280,.,11.0952703402,13.7115867298,.
281,.,11.1574179904,13.4246301277,.
282,.,11.1574179904,13.4246301277,.
283,.,11.1574179904,13.4246301277,.
284,.,11.1574179904,13.4246301277,.
285,.,11.1574179904,13.4246301277,.
286,.,11.1574179904,13.4246301277,.
287,.,11.1574179904,13.4246301277,.
288,.,10.7394632837,13.260100687,.
289,.,10.7394632837,13.260100687,.
290,.,10.484650388,12.3562981682,.
291,.,10.484650388,12.3562981682,.
292,.,10.484650388,12.3562981682,.
293,.,10.484650388,12.3562981682,.
294,.,10.484650388,12.3562981682,.
295,.,10.484650388,12.3562981682,.
296,.,10.484650388,12.3562981682,.
297,.,10.5770578857,12.1764651264,.
298,.,10.2772898378,12.2024280508,.
299,.,10.2772898378,12.2024280508,.
300,.,10.2772898378,12.2024280508,.
301,.,10.2772898378,12.2024280508,.
302,.,10.2772898378,12.2024280508,.
303,.,10.2772898378,12.2024280508,.
304,.,10.2772898378,12.2024280508,.
305,.,10.2772898378,12.2024280508,.
306,.,10.2772898378,12.2024280508,.
307,.,10.2772898378,12.2024280508,.
308,.,11.1033977064,12.3108671873,.
309,.,10.9806662217,12.9723469933,.
310,.,10.9806662217,12.9723469933,.
311,.,10.9806662217,12.9723469933,.
312,.,10.9806662217,12.9723469933,.
313,.,10.9806662217,12.9723469933,.
314,.,10.9806662217,12.9723469933,.
315,.,11.0643969104,12.7133017857,.
316,.,11.0643969104,12.7133017857,.
317,.,11.0643969104,12.7133017857,.
318,.,11.0643969104,12.7133017857,.
319,.,11.0643969104,12.7133017857,.
320,.,12.6718093326,13.630725102,.
321,.,6.44305604944,6.58324477885,.
322,.,6.13508730788,6.27951537976,.
323,.,10.2960624391,11.1851232783,.
324,.,10.2960624391,11.1851232783,.
325,.,10.4839449376,11.3966333392,.
326,.,10.4839449376,11.3966333392,.
327,.,10.1581945175,11.4693760711,.
328,.,10.1581945175,11.4693760711,.
329,.,10.1581945175,11.4693760711,.
330,.,10.1581945175,11.4693760711,.
331,.,10.1581945175,11.4693760711,.
332,.,9.91793841438,11.6894166432,.
333,.,9.91793841438,11.6894166432,.
334,.,9.91793841438,11.6894166432,.
335,.,9.91793841438,11.6894166432,.
336,.,9.91793841438,11.6894166432,.
337,.,9.91793841438,11.6894166432,.
338,.,9.91793841438,11.6894166432,.
339,.,9.58290889281,11.1869904596,.
340,.,9.58290889281,11.1869904596,.
341,.,9.58290889281,11.1869904596,.
342,.,9.58290889281,11.1869904596,.
343,.,9.58290889281,11.1869904596,.
344,.,9.58290889281,11.1869904596,.
345,.,9.58290889281,11.1869904596,.
346,.,9.58290889281,11.1869904596,.
347,.,9.58290889281,11.1869904596,.
348,.,9.76429656454,11.3007085104,.
349,.,9.76429656454,11.3007085104,.
350,.,9.76429656454,11.3007085104,.
351,.,9.76429656454,11.3007085104,.
352,.,9.76429656454,11.3007085104,.
353,.,9.76429656454,11.3007085104,.
354,.,9.76429656454,11.3007085104,.
355,.,9.76429656454,11.3007085104,.
356,.,9.76429656454,11.3007085104,.
357,.,9.86015744722,11.1997429657,.
358,.,9.86015744722,11.1997429657,.
359,.,9.86015744722,11.1997429657,.
360,.,9.86015744722,11.1997429657,.
361,.,9.86015744722,11.1997429657,.
362,.,9.86015744722,11.1997429657,.
363,.,11.441262395,9.47007916968,.
364,.,12.2871702475,9.7172267552,.
365,.,12.6823265282,10.423477946,.
366,.,12.6823265282,10.423477946,.
367,.,12.6823265282,10.423477946,.
368,.,12.6823265282,10.423477946,.
369,.,12.6823265282,10.423477946,.
370,.,12.6823265282,10.423477946,.
371,.,12.6823265282,10.423477946,.
372,.,12.6823265282,10.423477946,.
373,.,12.7060914988,8.25431289722,.
374,.,12.7060914988,8.25431289722,.
375,.,11.2572989757,8.18148303502,.
376,.,9.66595376123,7.95938581924,.
377,.,9.45636293174,7.40496850364,.
378,.,9.45636293174,7.40496850364,.
379,.,9.45636293174,7.40496850364,.
380,.,9.74238406029,8.46313813412,.
381,.,9.74238406029,8.46313813412,.
382,.,9.79652020018,9.81399830203,.
383,.,9.80356197873,9.77659971377,.
384,.,11.1419320413,8.81329488971,.
385,.,11.1419320413,8.81329488971,.
386,.,11.1419320413,8.81329488971,.
387,.,11.1419320413,8.81329488971,.
388,.,11.1419320413,8.81329488971,.
389,.,11.1419320413,8.81329488971,.
390,.,11.1419320413,8.81329488971,.
391,.,11.1419320413,8.81329488971,.
392,.,11.5595921311,9.01875772705,.
393,.,11.2616479843,8.37380695819,.
394,.,11.2616479843,8.37380695819,.
395,.,11.2616479843,8.37380695819,.
396,.,11.2616479843,8.37380695819,.
397,.,11.2616479843,8.37380695819,.
398,.,11.2616479843,8.37380695819,.
399,.,11.2616479843,8.37380695819,.
400,.,11.2616479843,8.37380695819,.
401,.,11.8996910359,8.60117569382,.
402,.,11.8996910359,8.60117569382,.
403,.,11.8996910359,8.60117569382,.
404,.,11.8996910359,8.60117569382,.
405,.,11.8996910359,8.60117569382,.
406,.,11.8996910359,8.60117569382,.
407,.,11.8996910359,8.60117569382,.
408,.,11.8996910359,8.60117569382,.
409,.,11.8996910359,8.60117569382,.
410,.,11.8996910359,8.60117569382,.
411,.,12.2157681712,8.23884299654,.
412,.,12.2157681712,8.23884299654,.
413,.,12.2157681712,8.23884299654,.
414,.,12.2157681712,8.23884299654,.
415,.,12.2157681712,8.23884299654,.
416,.,12.2157681712,8.23884299654,.
417,.,12.2157681712,8.23884299654,.
418,.,12.2157681712,8.23884299654,.
419,.,12.2157681712,8.23884299654,.
420,.,12.2157681712,8.23884299654,.
421,.,12.2157681712,8.23884299654,.
422,.,12.2157681712,8.23884299654,.
423,.,12.1483262237,8.36706976593,.
424,.,12.1483262237,8.36706976593,.
425,.,12.1483262237,8.36706976593,.
426,.,12.1483262237,8.36706976593,.
427,.,12.1483262237,8.36706976593,.
428,.,12.1483262237,8.36706976593,.
429,.,12.1483262237,8.36706976593,.
430,.,12.1483262237,8.36706976593,.
431,.,12.1483262237,8.36706976593,.
432,.,12.5235104109,8.55016318397,.
433,.,12.5235104109,8.55016318397,.
434,.,11.5544531259,7.85926829828,.
435,.,11.5544531259,7.85926829828,.
436,.,11.5544531259,7.85926829828,.
437,.,11.5544531259,7.85926829828,.
438,.,11.5544531259,7.85926829828,.
439,.,11.5544531259,7.85926829828,.
440,.,11.5544531259,7.85926829828,.
441,.,11.5544531259,7.85926829828,.
442,.,11.5544531259,7.85926829828,.
443,.,11.5544531259,7.85926829828,.
444,.,11.8291673477,7.91950109695,.
445,.,11.8291673477,7.91950109695,.
446,.,11.8291673477,7.91950109695,.
447,.,11.8291673477,7.91950109695,.
448,.,11.8291673477,7.91950109695,.
449,.,11.8291673477,7.91950109695,.
450,.,11.8291673477,7.91950109695,.
451,.,11.8291673477,7.91950109695,.
452,.,11.8291673477,7.91950109695,.
453,.,11.8291673477,7.91950109695,.
454,.,11.8291673477,7.91950109695,.
455,.,11.8291673477,7.91950109695,.
456,.,11.8291673477,7.91950109695,.
457,.,11.8785576374,8.44793698763,.
458,.,11.8785576374,8.44793698763,.
459,.,11.8785576374,8.44793698763,.
460,.,11.5432984179,8.56002089334,.
461,.,11.5432984179,8.56002089334,.
462,.,11.5432984179,8.56002089334,.
463,.,11.5241485116,8.63256828449,.
464,.,11.5241485116,8.63256828449,.
465,.,11.5241485116,8.63256828449,.
466,.,11.5241485116,8.63256828449,.
467,.,11.5241485116,8.63256828449,.
468,.,11.5241485116,8.63256828449,.
469,.,12.7794112921,7.64977181716,.
470,.,8.43075126585,4.57397047246,.
471,.,8.43075126585,4.57397047246,.
472,.,8.16654935232,4.98359605739,.
473,.,8.10138618274,5.24942505029,.
474,.,8.10138618274,5.24942505029,.
475,.,9.89311364116,8.86683118559,.
476,.,9.61002863215,8.87897461467,.
477,.,9.61002863215,8.87897461467,.
478,.,9.61002863215,8.87897461467,.
479,.,9.64891389659,8.78061607023,.
480,.,9.64891389659,8.78061607023,.
481,.,9.64891389659,8.78061607023,.
482,.,9.64891389659,8.78061607023,.
483,.,9.64891389659,8.78061607023,.
484,.,9.41770026627,9.07009067276,.
485,.,9.41770026627,9.07009067276,.
486,.,9.41770026627,9.07009067276,.
487,.,9.41770026627,9.07009067276,.
488,.,9.41770026627,9.07009067276,.
489,.,9.41770026627,9.07009067276,.
490,.,9.41770026627,9.07009067276,.
491,.,9.41770026627,9.07009067276,.
492,.,9.41770026627,9.07009067276,.
493,.,9.41770026627,9.07009067276,.
494,.,9.41770026627,9.07009067276,.
495,.,9.41770026627,9.07009067276,.
496,.,9.41770026627,9.07009067276,.
497,.,9.41770026627,9.07009067276,.
498,.,9.41770026627,9.07009067276,.
499,.,9.41770026627,9.07009067276,.
500,.,9.27522623056,9.80628007393,.
501,.,9.27522623056,9.80628007393,.
502,.,9.27522623056,9.80628007393,.
503,.,9.27522623056,9.80628007393,.
504,.,9.36755145505,9.96841391353,.
505,.,9.3886144547,9.45231354926,.
506,.,9.08325008923,9.87545223454,.
507,.,9.08325008923,9.87545223454,.
508,.,9.08325008923,9.87545223454,.
509,.,8.74629167618,9.60817054693,.
510,.,8.74629167618,9.60817054693,.
511,.,9.12877805025,8.95543491536,.
512,.,9.12877805025,8.95543491536,.
513,.,9.12877805025,8.95543491536,.
514,.,9.12877805025,8.95543491536,.
515,.,9.12877805025,8.95543491536,.
516,.,9.12877805025,8.95543491536,.
517,.,9.12877805025,8.95543491536,.
518,.,9.12877805025,8.95543491536,.
519,.,4.76075978363,7.16499712449,.
520,.,8.82539956842,11.1790836584,.
521,.,8.82539956842,11.1790836584,.
522,.,8.82539956842,11.1790836584,.
523,.,8.82539956842,11.1790836584,.
524,.,8.82539956842,11.1790836584,.
525,.,8.82539956842,11.1790836584,.
526,.,8.82539956842,11.1790836584,.
527,.,8.82539956842,11.1790836584,.
528,.,8.82539956842,11.1790836584,.
529,.,8.82539956842,11.1790836584,.
530,.,9.06398918316,11.6950075619,.
531,.,9.06398918316,11.6950075619,.
532,.,9.06398918316,11.6950075619,.
533,.,9.06398918316,11.6950075619,.
534,.,9.06398918316,11.6950075619,.
535,.,9.06398918316,11.6950075619,.
536,.,9.06398918316,11.6950075619,.
537,.,9.06398918316,11.6950075619,.
538,.,8.28819697301,10.567237298,.
539,.,8.28819697301,10.567237298,.
540,.,8.28819697301,10.567237298,.
541,.,8.28819697301,10.567237298,.
542,.,8.28819697301,10.567237298,.
543,.,8.28819697301,10.567237298,.
544,.,8.28819697301,10.567237298,.
545,.,8.28819697301,10.567237298,.
546,.,8.62181879098,10.8149500964,.
547,.,8.62181879098,10.8149500964,.
548,.,8.62181879098,10.8149500964,.
549,.,8.62181879098,10.8149500964,.
550,.,8.62181879098,10.8149500964,.
551,.,7.26414092367,9.919658635,.
552,.,7.26414092367,9.919658635,.
553,.,7.26414092367,9.919658635,.
554,.,7.26414092367,9.919658635,.
555,.,7.26414092367,9.919658635,.
556,.,7.26414092367,9.919658635,.
557,.,7.26414092367,9.919658635,.
558,.,7.26414092367,9.919658635,.
559,.,7.26414092367,9.919658635,.
560,.,7.24953956032,10.1621259421,.
561,.,7.24953956032,10.1621259421,.
562,.,7.24953956032,10.1621259421,.
563,.,7.24953956032,10.1621259421,.
564,.,7.24953956032,10.1621259421,.
565,.,7.24953956032,10.1621259421,.
566,.,7.24953956032,10.1621259421,.
567,.,7.24953956032,10.1621259421,.
568,.,7.24953956032,10.1621259421,.
569,.,7.24953956032,10.1621259421,.
570,.,7.74373029764,10.0675409929,.
571,.,7.74373029764,10.0675409929,.
572,.,7.74373029764,10.0675409929,.
573,.,7.74373029764,10.0675409929,.
574,.,7.74373029764,10.0675409929,.
575,.,7.74373029764,10.0675409929,.
576,.,7.74373029764,10.0675409929,.
577,.,7.74373029764,10.0675409929,.
578,.,11.2007416658,12.0652799906,.
21323,.,-6.65111878938,36.385741194,.
21324,.,-6.37526068613,35.648248455,.
21325,.,-5.95327908932,35.2443803339,.
21326,.,-6.05862648807,35.5220384869,.
21327,.,-3.2043831681,35.9282021584,.
21328,.,-3.48031588242,36.7020688529,.
21329,.,-5.6267573034,37.6685927029,.
21330,.,-2.14105174562,35.7472614596,.
21331,.,-3.19666242054,37.6153846051,.
21332,.,-3.11116496607,37.5964449399,.
21333,.,-3.33002288855,37.3828806193,.
21334,.,-3.309959701,37.4736877103,.
21335,.,-3.309959701,37.4736877103,.
21336,.,-3.20540870338,37.1875070453,.
21337,.,-3.61620540405,37.6915225532,.
21338,.,-4.7083554307,38.645927329,.
21339,.,-4.7083554307,38.645927329,.
21340,.,-6.94996821316,39.2278403359,.
21341,.,-5.07731168912,38.5989800945,.
21342,.,-5.07731168912,38.5989800945,.
21343,.,-5.07731168912,38.5989800945,.
21344,.,-5.07731168912,38.5989800945,.
21345,.,-4.99452992473,39.0835196393,.
21346,.,-4.99452992473,39.0835196393,.
21347,.,-4.99452992473,39.0835196393,.
21348,.,-4.99452992473,39.0835196393,.
21349,.,-5.5395720978,38.8611040564,.
21350,.,-5.72716172217,38.1861791414,.
21351,.,-5.72716172217,38.1861791414,.
21352,.,-5.82781215672,38.0603394025,.
21353,.,-5.63383007633,38.4015929745,.
21354,.,-5.63383007633,38.4015929745,.
21355,.,-5.42298105426,37.9863963309,.
21356,.,-5.42298105426,37.9863963309,.
21357,.,-5.42298105426,37.9863963309,.
21358,.,-5.4997730796,37.5569169935,.
21359,.,-5.4997730796,37.5569169935,.
21360,.,-6.54330156731,37.1816975904,.
21361,.,-8.1321512253,36.6683819796,.
21362,.,-8.73648359579,36.7207730581,.
21363,.,-6.75808075572,37.6508156867,.
21364,.,-5.97565914722,37.8158205906,.
21365,.,-6.18398114868,37.710676289,.
21366,.,-5.95640300975,37.6616795714,.
21367,.,-5.95640300975,37.6616795714,.
21368,.,-5.95640300975,37.6616795714,.
21369,.,-6.63099780505,38.3479253588,.
21370,.,-6.71596464204,38.7315688942,.
21371,.,-6.63099780505,38.3479253588,.
21372,.,-6.92920436859,38.726578886,.
21373,.,-7.64157104119,39.1077652564,.
21374,.,-8.04370016993,39.2240173613,.
21375,.,-6.79210740815,39.2464743776,.
21376,.,-6.72951843585,39.2152268568,.
21377,.,-6.68390160718,39.108878032,.
21378,.,-6.97561787507,39.1403490607,.
21379,.,-10.751944876,39.73563125,.
21380,.,-10.7580926217,39.6907536691,.
21381,.,-10.7641305791,39.7160296717,.
21382,.,-6.86625773034,39.261682296,.
21383,.,-6.86249740739,39.2491441327,.
21384,.,-6.85413441651,39.2604482083,.
21385,.,-6.86322347008,39.2594492011,.
21386,.,-8.57615732657,39.2324984112,.
21387,.,-8.57615732657,39.2324984112,.
21388,.,-8.43165519536,38.9633779265,.
21389,.,-8.43165519536,38.9633779265,.
21390,.,-8.43165519536,38.9633779265,.
21391,.,-8.43165519536,38.9633779265,.
21392,.,-8.43165519536,38.9633779265,.
21393,.,-8.43165519536,38.9633779265,.
21394,.,-8.82654342053,38.8787142366,.
21395,.,-8.74723373044,39.4151969769,.
21396,.,-10.1143183802,39.2443904846,.
21397,.,-9.92298061583,39.3283542137,.
21398,.,-10.5835328404,38.0272983408,.
21399,.,-10.224318615,37.8767559874,.
21400,.,-9.59511790628,37.4030965946,.
21401,.,-9.80360880851,37.9810496153,.
21402,.,-9.80360880851,37.9810496153,.
21403,.,-9.80360880851,37.9810496153,.
21404,.,-10.0718089881,38.9377086804,.
21405,.,-10.0718089881,38.9377086804,.
21406,.,-10.2387220352,38.9223753732,.
21407,.,-10.2387220352,38.9223753732,.
21408,.,-10.2405149954,39.8822220627,.
21409,.,-10.6298529789,39.8815677592,.
21410,.,-10.3865941942,39.9888639763,.
21411,.,-10.3911118727,39.8341703818,.
21412,.,-10.4334047139,39.779625615,.
21413,.,-10.4334047139,39.779625615,.
21414,.,-10.4334047139,39.779625615,.
21415,.,-10.2986281147,39.8851338765,.
21416,.,-10.55893687,39.8604429016,.
21417,.,-10.9505471404,39.2777689026,.
21418,.,-10.9505471404,39.2777689026,.
21419,.,-10.9208769633,39.2926942753,.
21420,.,-10.9208769633,39.2926942753,.
21421,.,-10.9208769633,39.2926942753,.
21422,.,-10.7466199513,39.5066535311,.
21423,.,-10.7466199513,39.5066535311,.
21424,.,-10.6288689992,39.764404286,.
21425,.,-10.6889448239,39.8021695743,.
21426,.,-10.9208769633,39.2926942753,.
21427,.,-10.7479750461,39.3326789828,.
21428,.,-10.9309871113,39.4037209019,.
21429,.,-10.9309871113,39.4037209019,.
21430,.,-10.727794833,39.4054147592,.
21431,.,-10.727794833,39.4054147592,.
21432,.,-10.727794833,39.4054147592,.
21433,.,-10.727794833,39.4054147592,.
21434,.,-10.727794833,39.4054147592,.
21435,.,-10.5783900886,39.3646393888,.
21436,.,-10.5783900886,39.3646393888,.
21437,.,-10.8334915333,39.3881477176,.
21438,.,-10.8334915333,39.3881477176,.
21439,.,-10.8334915333,39.3881477176,.
21440,.,-10.7221658578,38.8038733788,.
21441,.,-10.7221658578,38.8038733788,.
21442,.,-10.7221658578,38.8038733788,.
21443,.,-10.7780833291,38.767341617,.
21444,.,-10.7780833291,38.767341617,.
21445,.,-10.7780833291,38.767341617,.
21446,.,-10.7780833291,38.767341617,.
21447,.,-10.5673291727,38.9281219628,.
21448,.,-10.457002268,39.0766198864,.
21449,.,-10.457002268,39.0766198864,.
21450,.,-11.044048051,38.1831269594,.
21451,.,-10.9202339616,38.4762802371,.
21452,.,-10.7834295755,39.1128015083,.
21453,.,-10.7834295755,39.1128015083,.
21454,.,-10.7834295755,39.1128015083,.
21455,.,-10.7963029763,39.5170007783,.
21456,.,-10.7963029763,39.5170007783,.
21457,.,-10.7858977274,39.431281456,.
21458,.,-10.7858977274,39.431281456,.
21459,.,-10.7858977274,39.431281456,.
21460,.,-10.3119858029,40.1469602465,.
21461,.,-10.4324357076,40.1406954918,.
21462,.,-10.1111207494,39.8924229195,.
21463,.,-10.1063823411,39.6161568082,.
21464,.,-10.6603362736,37.0768710056,.
21465,.,-10.9714279638,37.39884616,.
21466,.,-11.0262823921,37.362473797,.
21467,.,-11.0262823921,37.362473797,.
21468,.,-11.0724511372,37.3192514844,.
21469,.,-11.4970123249,35.6076255042,.
21470,.,-10.6055254976,35.4889842628,.
21471,.,-10.7920607683,35.7555383543,.
21472,.,-10.7920607683,35.7555383543,.
21473,.,-11.315454126,34.7862970999,.
21474,.,-11.1703191963,34.9964716241,.
21475,.,-11.1703191963,34.9964716241,.
21476,.,-11.1087903236,34.6421658288,.
21477,.,-9.5771959017,34.3346305079,.
21478,.,-11.1087903236,34.6421658288,.
21479,.,-11.1087903236,34.6421658288,.
21480,.,-11.1087903236,34.6421658288,.
21481,.,-11.1087903236,34.6421658288,.
21482,.,-11.1087903236,34.6421658288,.
21483,.,-10.5663070877,34.6172289454,.
21484,.,-10.5663070877,34.6172289454,.
21485,.,-10.4816059183,35.6880209004,.
21486,.,-10.4816059183,35.6880209004,.
21487,.,-10.4816059183,35.6880209004,.
21488,.,-10.4816059183,35.6880209004,.
21489,.,-10.0987640029,35.9029472199,.
21490,.,-10.2839277311,35.8617141806,.
21491,.,-10.2839277311,35.8617141806,.
21492,.,-10.0987640029,35.9029472199,.
21493,.,-10.0987640029,35.9029472199,.
21494,.,-10.5480758644,36.3218622396,.
21495,.,-10.5480758644,36.3218622396,.
21496,.,-7.94041555694,35.0647803448,.
21497,.,-8.5211643997,35.3501453926,.
21498,.,-8.5211643997,35.3501453926,.
21499,.,-8.5211643997,35.3501453926,.
21500,.,-8.97687032959,33.9531951673,.
21501,.,-9.28034916915,34.718545934,.
21502,.,-9.28034916915,34.718545934,.
21503,.,-9.82215874178,34.4535367745,.
21504,.,-10.0842328565,34.5797913484,.
21505,.,-9.0018265714,34.0156453533,.
21506,.,-9.0018265714,34.0156453533,.
21507,.,-7.74167210469,35.6974412155,.
21508,.,-7.51307454079,36.4424381924,.
21509,.,-7.78742809841,33.4073727084,.
21510,.,-7.78742809841,33.4073727084,.
21511,.,-8.69687049164,33.2885568225,.
21512,.,-8.64453211194,32.2654265266,.
21513,.,-9.24647676,33.3549881327,.
21514,.,-9.42748897427,33.9739001079,.
21515,.,-9.42748897427,33.9739001079,.
21516,.,-9.42748897427,33.9739001079,.
21517,.,-9.63818045904,33.960012774,.
21518,.,-9.27083976088,33.6005397265,.
21519,.,-8.89051671507,33.0212269867,.
21520,.,-8.89051671507,33.0212269867,.
21521,.,-8.88662767683,33.1346796391,.
21522,.,-8.88662767683,33.1346796391,.
21523,.,-8.88662767683,33.1346796391,.
21524,.,-8.88662767683,33.1346796391,.
21525,.,-9.1470406289,32.8802095903,.
21526,.,-4.22922880862,34.4270412138,.
21527,.,-4.40128111102,34.2727126067,.
21528,.,-5.49992686326,34.9728845164,.
21529,.,-5.9523354229,34.0620684006,.
21530,.,-5.9523354229,34.0620684006,.
21531,.,-4.17047990318,33.799886636,.
21532,.,-4.92398402673,34.7040911478,.
21533,.,-4.3897205525,33.2270711755,.
21534,.,-4.3897205525,33.2270711755,.
21535,.,-4.3897205525,33.2270711755,.
21536,.,-4.3897205525,33.2270711755,.
21537,.,-6.23156949863,33.8885185652,.
21538,.,-4.20854611022,33.8045305644,.
21539,.,-4.14166441825,33.8735860692,.
21540,.,-5.15862107687,33.6901856276,.
21541,.,-4.0981152547,33.930043662,.
21542,.,-4.55691586066,33.4384077658,.
21543,.,-4.55691586066,33.4384077658,.
21544,.,-5.0194420396,33.6410114459,.
21545,.,-5.35523919838,33.825515146,.
21546,.,-4.25814783339,32.5436613294,.
21547,.,-4.21651088811,32.4392145519,.
21548,.,-4.25814783339,32.5436613294,.
21549,.,-4.57707107167,32.1558832487,.
21550,.,-4.57707107167,32.1558832487,.
21551,.,-4.57707107167,32.1558832487,.
21552,.,-4.57707107167,32.1558832487,.
21553,.,-5.63535494959,32.7546500005,.
21554,.,-5.62329479172,32.7482290608,.
21555,.,-5.628821094,32.9001260571,.
21556,.,-6.34858865514,33.8467021019,.
21557,.,-6.34858865514,33.8467021019,.
21558,.,-6.88027276176,33.4769554348,.
21559,.,-6.34858865514,33.8467021019,.
21560,.,-5.36028792404,32.7177355727,.
21561,.,-5.36028792404,32.7177355727,.
21562,.,-5.36028792404,32.7177355727,.
21563,.,-5.45016990531,32.6529186013,.
21564,.,-6.35251948139,31.2902087031,.
21565,.,-5.53771526836,30.3423851435,.
21566,.,-5.53771526836,30.3423851435,.
21567,.,-5.53771526836,30.3423851435,.
21568,.,-5.53771526836,30.3423851435,.
21569,.,-6.33327560237,31.0775359216,.
21570,.,-8.72443200082,31.9670078867,.
21571,.,-8.72443200082,31.9670078867,.
21572,.,-7.65728105563,31.579438749,.
21573,.,-7.65728105563,31.579438749,.
21574,.,-7.3715095723,30.6258299596,.
21575,.,-4.20147551938,30.4873385984,.
21576,.,-3.7800660554,30.4383971075,.
21577,.,-3.7800660554,30.4383971075,.
21578,.,-3.7800660554,30.4383971075,.
21579,.,-4.10225147063,30.2408191997,.
21580,.,-4.20027651316,30.5035959819,.
21581,.,-4.20027651316,30.5035959819,.
21582,.,-4.20027651316,30.5035959819,.
21583,.,-4.36537822954,30.4034608998,.
21584,.,-4.36537822954,30.4034608998,.
21585,.,-4.63662670588,29.8392921397,.
21586,.,-4.63662670588,29.8392921397,.
21587,.,-4.63662670588,29.8392921397,.
21588,.,-4.29895237066,30.1672464333,.
21589,.,-5.117649919,31.0358208178,.
21590,.,-5.117649919,31.0358208178,.
21591,.,-5.20721231615,32.0725489443,.
21592,.,-3.85752227814,33.0552983965,.
21593,.,-3.28503684765,32.8305776581,.
21594,.,-2.85444998758,34.008563583,.
21595,.,-3.35380296668,32.427921988,.
21596,.,-3.84943277246,32.6196090664,.
21597,.,-3.35380296668,32.427921988,.
21598,.,-3.35380296668,32.427921988,.
21599,.,-3.35380296668,32.427921988,.
21600,.,-3.35380296668,32.427921988,.
21601,.,-3.57304846021,32.1344940205,.
21602,.,-3.35380296668,32.427921988,.
21603,.,-3.35380296668,32.427921988,.
21604,.,-4.08606248904,32.2371517329,.
21605,.,-3.98210323587,32.4154167175,.
21606,.,-4.08606248904,32.2371517329,.
21607,.,-4.08606248904,32.2371517329,.
21608,.,-3.77660280422,32.1561364881,.
21609,.,-3.77660280422,32.1561364881,.
21610,.,-3.98688398789,31.9929290152,.
21611,.,-3.77660280422,32.1561364881,.
21612,.,-4.05729132523,32.0393147157,.
21613,.,-3.82098417103,32.184030663,.
21614,.,-3.58491166192,34.1925882823,.
21615,.,-3.58491166192,34.1925882823,.
21616,.,-3.7440520787,34.2645384852,.
21617,.,-3.47438859215,34.5484428787,.
21618,.,-3.58491166192,34.1925882823,.
21619,.,-3.38840000009,32.0096087096,.
21620,.,-3.38840000009,32.0096087096,.
21621,.,-3.64328730384,33.3969667478,.
21622,.,-3.6106580262,33.8310202863,.
21623,.,-3.83764168282,33.7000036199,.
21624,.,-3.83764168282,33.7000036199,.
21625,.,-3.83764168282,33.7000036199,.
21626,.,-3.83764168282,33.7000036199,.
21627,.,-3.83764168282,33.7000036199,.
21628,.,-3.83764168282,33.7000036199,.
21629,.,-3.83764168282,33.7000036199,.
21630,.,-3.83764168282,33.7000036199,.
21631,.,-1.81423214568,30.9435364572,.
21632,.,-1.81423214568,30.9435364572,.
21633,.,-1.05878345536,30.6970084519,.
21634,.,-1.05878345536,30.6970084519,.
21635,.,-1.21300950199,31.4639511867,.
21636,.,-1.21300950199,31.4639511867,.
21637,.,-1.21300950199,31.4639511867,.
21638,.,-1.21300950199,31.4639511867,.
21639,.,-1.63966858446,31.7208007838,.
21640,.,-1.63966858446,31.7208007838,.
21641,.,-1.57090512273,31.6720428483,.
21642,.,-1.57090512273,31.6720428483,.
21643,.,-2.88386098577,31.3440216743,.
21644,.,-3.15145875002,31.8957540638,.
21645,.,-3.15145875002,31.8957540638,.
21646,.,-3.15145875002,31.8957540638,.
21647,.,-3.15145875002,31.8957540638,.
21648,.,-2.57219214109,31.6684014376,.
21649,.,-2.82957223291,30.4602882795,.
21650,.,-2.82957223291,30.4602882795,.
21651,.,-2.82957223291,30.4602882795,.
21652,.,-2.49120729935,30.5842530817,.
21653,.,-2.49120729935,30.5842530817,.
21654,.,-2.49120729935,30.5842530817,.
21655,.,-2.12377817082,32.8944231645,.
21656,.,-2.62811997107,33.3153760793,.
21657,.,-2.62811997107,33.3153760793,.
21658,.,-2.62811997107,33.3153760793,.
21659,.,-2.62811997107,33.3153760793,.
21660,.,-2.73104742888,33.6159739151,.
21661,.,-2.73104742888,33.6159739151,.
21662,.,-2.72171635018,33.7802907533,.
21663,.,-2.7819715942,30.9914014242,.
21664,.,-5.25289477604,31.8944773978,.
21665,.,-2.50466535232,32.3028240529,.
21666,.,-2.90025987049,32.2395756923,.
21667,.,-3.38926811675,31.3704049237,.
21668,.,-3.148933066,31.7853369331,.
21669,.,-3.16867239779,31.9482611707,.
21670,.,-3.16867239779,31.9482611707,.
21671,.,-3.16867239779,31.9482611707,.
21672,.,-2.90412073398,33.4063729176,.
21673,.,-1.32477642235,34.3549724628,.
21674,.,-1.70650683046,34.2598241074,.
21675,.,-1.93224762008,33.8545993835,.
21676,.,-1.93224762008,33.8545993835,.
21677,.,-4.50737588519,35.2374903527,.
21678,.,-4.50737588519,35.2374903527,.
21679,.,-5.602051287,36.2553467569,.
21680,.,-5.63171173638,37.7425141926,.
21681,.,-5.47914941606,36.3127865005,.
21682,.,-5.8377118806,39.2199989495,.
21683,.,-4.38442104357,33.353740805,.
21684,.,-6.45661888376,36.7228609724,.
21685,.,-6.45661888376,36.7228609724,.
21686,.,-6.22961550562,36.4133257556,.
21687,.,-6.22961550562,36.4133257556,.
21688,.,-6.39156050233,35.8962090978,.
21689,.,-6.39156050233,35.8962090978,.
21690,.,-5.99373054953,35.8519810381,.
21691,.,-5.99373054953,35.8519810381,.
21692,.,-5.99373054953,35.8519810381,.
21693,.,-5.99373054953,35.8519810381,.
21694,.,-5.94781266137,35.9174573643,.
21695,.,-5.94781266137,35.9174573643,.
21696,.,-5.94781266137,35.9174573643,.
21697,.,-2.99639446215,36.0139642536,.
21698,.,-2.99639446215,36.0139642536,.
21699,.,-3.4163444345,36.6416252012,.
21700,.,-2.14105174562,35.7472614596,.
21701,.,-2.14105174562,35.7472614596,.
21702,.,-3.19666242054,37.6153846051,.
21703,.,-3.11116496607,37.5964449399,.
21704,.,-3.78652518976,37.7114070309,.
21705,.,-3.78652518976,37.7114070309,.
21706,.,-3.78652518976,37.7114070309,.
21707,.,-3.33002288855,37.3828806193,.
21708,.,-3.61620540405,37.6915225532,.
21709,.,-4.7083554307,38.645927329,.
21710,.,-4.7083554307,38.645927329,.
21711,.,-4.7083554307,38.645927329,.
21712,.,-4.7083554307,38.645927329,.
21713,.,-4.7083554307,38.645927329,.
21714,.,-4.7083554307,38.645927329,.
21715,.,-4.7083554307,38.645927329,.
21716,.,-4.7083554307,38.645927329,.
21717,.,-4.7083554307,38.645927329,.
21718,.,-4.71856321728,38.2843607005,.
21719,.,-4.71856321728,38.2843607005,.
21720,.,-5.17263422436,38.471922391,.
21721,.,-4.98131153326,38.5066666871,.
21722,.,-4.98131153326,38.5066666871,.
21723,.,-5.07731168912,38.5989800945,.
21724,.,-5.07731168912,38.5989800945,.
21725,.,-5.07731168912,38.5989800945,.
21726,.,-5.23669912757,38.6999865875,.
21727,.,-5.23669912757,38.6999865875,.
21728,.,-5.23669912757,38.6999865875,.
21729,.,-1.53069220975,33.7886601128,.
21730,.,-5.5395720978,38.8611040564,.
21731,.,-5.63383007633,38.4015929745,.
21732,.,-5.63383007633,38.4015929745,.
21733,.,-5.63383007633,38.4015929745,.
21734,.,-5.63383007633,38.4015929745,.
21735,.,-5.42298105426,37.9863963309,.
21736,.,-5.42298105426,37.9863963309,.
21737,.,-5.4997730796,37.5569169935,.
21738,.,-6.54330156731,37.1816975904,.
21739,.,-7.4597392176,37.6523901161,.
21740,.,-6.32726557264,37.0063895959,.
21741,.,-6.32726557264,37.0063895959,.
21742,.,-6.32726557264,37.0063895959,.
21743,.,-6.91555126169,37.8403473403,.
21744,.,-6.91555126169,37.8403473403,.
21745,.,-8.10366542894,36.5053730116,.
21746,.,-8.73648359579,36.7207730581,.
21747,.,-6.74183385373,37.6644579001,.
21748,.,-5.94164487602,37.78897686,.
21749,.,-5.95640300975,37.6616795714,.
21750,.,-5.95640300975,37.6616795714,.
21751,.,-7.18548767187,37.5598078741,.
21752,.,-6.22941763815,38.6897272079,.
21753,.,-7.61000042997,39.0663931206,.
21754,.,-8.0612162039,39.1512453409,.
21755,.,-8.0612162039,39.1512453409,.
21756,.,-4.4643588315,38.232321032,.
21757,.,-4.26078790667,34.8676303646,.
21758,.,-4.26078790667,34.8676303646,.
21759,.,-6.79667795597,39.2700921335,.
21760,.,-5.01557626094,38.3755912327,.
21761,.,-6.88280458724,37.8103504711,.
21762,.,-6.79074150183,39.1537641604,.
21763,.,-6.63280658746,36.7371002755,.
21764,.,-6.8635723468,39.1902501599,.
21765,.,-4.08875301465,33.0438151395,.
21766,.,-6.93588168729,39.2500224682,.
21767,.,-8.57615732657,39.2324984112,.
21768,.,-8.53693446544,39.168913487,.
21769,.,-8.43165519536,38.9633779265,.
21770,.,-8.43165519536,38.9633779265,.
21771,.,-8.82654342053,38.8787142366,.
21772,.,-8.74723373044,39.4151969769,.
21773,.,-10.2345027175,39.2819325784,.
21774,.,-10.2345027175,39.2819325784,.
21775,.,-10.1143183802,39.2443904846,.
21776,.,-10.1143183802,39.2443904846,.
21777,.,-10.5835328404,38.0272983408,.
21778,.,-10.5835328404,38.0272983408,.
21779,.,-9.80098472884,37.8975093759,.
21780,.,-10.224318615,37.8767559874,.
21781,.,-9.59511790628,37.4030965946,.
21782,.,-10.0718089881,38.9377086804,.
21783,.,-10.2387220352,38.9223753732,.
21784,.,-10.2387220352,38.9223753732,.
21785,.,-10.2387220352,38.9223753732,.
21786,.,-10.2387220352,38.9223753732,.
21787,.,-10.025120951,38.8901646492,.
21788,.,-10.025120951,38.8901646492,.
21789,.,-10.3911118727,39.8341703818,.
21790,.,-10.4334047139,39.779625615,.
21791,.,-10.4334047139,39.779625615,.
21792,.,-10.9505471404,39.2777689026,.
21793,.,-10.9208769633,39.2926942753,.
21794,.,-10.9309871113,39.4037209019,.
21795,.,-10.9309871113,39.4037209019,.
21796,.,-10.727794833,39.4054147592,.
21797,.,-10.727794833,39.4054147592,.
21798,.,-10.5783900886,39.3646393888,.
21799,.,-10.5783900886,39.3646393888,.
21800,.,-10.5783900886,39.3646393888,.
21801,.,-10.8334915333,39.3881477176,.
21802,.,-10.8334915333,39.3881477176,.
21803,.,-10.8334915333,39.3881477176,.
21804,.,-10.8334915333,39.3881477176,.
21805,.,-10.7221658578,38.8038733788,.
21806,.,-10.7221658578,38.8038733788,.
21807,.,-10.7221658578,38.8038733788,.
21808,.,-10.7780833291,38.767341617,.
21809,.,-10.7780833291,38.767341617,.
21810,.,-10.7780833291,38.767341617,.
21811,.,-10.5673291727,38.9281219628,.
21812,.,-10.457002268,39.0766198864,.
21813,.,-10.457002268,39.0766198864,.
21814,.,-10.457002268,39.0766198864,.
21815,.,-10.457002268,39.0766198864,.
21816,.,-10.457002268,39.0766198864,.
21817,.,-10.457002268,39.0766198864,.
21818,.,-10.9202339616,38.4762802371,.
21819,.,-10.7963029763,39.5170007783,.
21820,.,-10.7963029763,39.5170007783,.
21821,.,-10.7963029763,39.5170007783,.
21822,.,-10.7963029763,39.5170007783,.
21823,.,-10.7963029763,39.5170007783,.
21824,.,-10.6232050848,39.4103030275,.
21825,.,-10.7858977274,39.431281456,.
21826,.,-10.7692036472,39.447267831,.
21827,.,-10.2713208242,40.1741360126,.
21828,.,-10.9714279638,37.39884616,.
21829,.,-10.9714279638,37.39884616,.
21830,.,-11.0724511372,37.3192514844,.
21831,.,-11.0724511372,37.3192514844,.
21832,.,-11.0119370026,37.2691084887,.
21833,.,-11.0119370026,37.2691084887,.
21834,.,-11.0119370026,37.2691084887,.
21835,.,-11.0119370026,37.2691084887,.
21836,.,-10.5699281844,35.3534570885,.
21837,.,-10.5699281844,35.3534570885,.
21838,.,-10.5699281844,35.3534570885,.
21839,.,-10.6055254976,35.4889842628,.
21840,.,-10.6055254976,35.4889842628,.
21841,.,-10.7920607683,35.7555383543,.
21842,.,-10.7920607683,35.7555383543,.
21843,.,-10.7920607683,35.7555383543,.
21844,.,-10.7920607683,35.7555383543,.
21845,.,-11.315454126,34.7862970999,.
21846,.,-11.1703191963,34.9964716241,.
21847,.,-11.1703191963,34.9964716241,.
21848,.,-11.1703191963,34.9964716241,.
21849,.,-11.1703191963,34.9964716241,.
21850,.,-9.5771959017,34.3346305079,.
21851,.,-10.9874462869,34.8933878158,.
21852,.,-10.9874462869,34.8933878158,.
21853,.,-10.5663070877,34.6172289454,.
21854,.,-10.4816059183,35.6880209004,.
21855,.,-10.4816059183,35.6880209004,.
21856,.,-10.0987640029,35.9029472199,.
21857,.,-10.0987640029,35.9029472199,.
21858,.,-10.5480758644,36.3218622396,.
21859,.,-10.5480758644,36.3218622396,.
21860,.,-10.5480758644,36.3218622396,.
21861,.,-7.94041555694,35.0647803448,.
21862,.,-8.55092436269,34.8392741687,.
21863,.,-8.55092436269,34.8392741687,.
21864,.,-8.40262569289,34.7455834928,.
21865,.,-8.40262569289,34.7455834928,.
21866,.,-8.54986494767,35.3396465527,.
21867,.,-8.54986494767,35.3396465527,.
21868,.,-8.54986494767,35.3396465527,.
21869,.,-9.28034916915,34.718545934,.
21870,.,-9.28034916915,34.718545934,.
21871,.,-9.28034916915,34.718545934,.
21872,.,-9.82215874178,34.4535367745,.
21873,.,-9.82215874178,34.4535367745,.
21874,.,-9.82215874178,34.4535367745,.
21875,.,-9.82215874178,34.4535367745,.
21876,.,-10.078585888,34.6586064784,.
21877,.,-10.078585888,34.6586064784,.
21878,.,-7.74167210469,35.6974412155,.
21879,.,-7.78974533593,35.6726002468,.
21880,.,-7.51307454079,36.4424381924,.
21881,.,-7.78742809841,33.4073727084,.
21882,.,-7.78742809841,33.4073727084,.
21883,.,-7.78742809841,33.4073727084,.
21884,.,-7.78742809841,33.4073727084,.
21885,.,-8.69687049164,33.2885568225,.
21886,.,-8.69687049164,33.2885568225,.
21887,.,-8.42501368217,33.0209206742,.
21888,.,-8.42501368217,33.0209206742,.
21889,.,-9.24647676,33.3549881327,.
21890,.,-9.42748897427,33.9739001079,.
21891,.,-9.63818045904,33.960012774,.
21892,.,-9.63818045904,33.960012774,.
21893,.,-9.16790861732,33.543297528,.
21894,.,-9.16790861732,33.543297528,.
21895,.,-9.16790861732,33.543297528,.
21896,.,-9.43040863328,33.0661899602,.
21897,.,-8.89051671507,33.0212269867,.
21898,.,-8.89051671507,33.0212269867,.
21899,.,-8.89051671507,33.0212269867,.
21900,.,-8.89051671507,33.0212269867,.
21901,.,-8.89051671507,33.0212269867,.
21902,.,-8.89051671507,33.0212269867,.
21903,.,-8.89051671507,33.0212269867,.
21904,.,-8.89051671507,33.0212269867,.
21905,.,-8.80949246432,32.9634392031,.
21906,.,-8.88662767683,33.1346796391,.
21907,.,-8.88662767683,33.1346796391,.
21908,.,-8.88662767683,33.1346796391,.
21909,.,-8.88662767683,33.1346796391,.
21910,.,-9.1470406289,32.8802095903,.
21911,.,-9.23517882465,32.8414340596,.
21912,.,-9.1470406289,32.8802095903,.
21913,.,-9.1470406289,32.8802095903,.
21914,.,-9.1470406289,32.8802095903,.
21915,.,-8.63875390986,34.3312433193,.
21916,.,-4.22922880862,34.4270412138,.
21917,.,-4.22922880862,34.4270412138,.
21918,.,-4.22922880862,34.4270412138,.
21919,.,-4.22922880862,34.4270412138,.
21920,.,-4.22922880862,34.4270412138,.
21921,.,-4.40128111102,34.2727126067,.
21922,.,-4.40128111102,34.2727126067,.
21923,.,-5.56660153287,34.6680085336,.
21924,.,-5.77131404822,34.8217296339,.
21925,.,-6.20659233241,36.4225286999,.
21926,.,-5.9523354229,34.0620684006,.
21927,.,-5.9523354229,34.0620684006,.
21928,.,-4.23443225166,33.1746065593,.
21929,.,-4.3897205525,33.2270711755,.
21930,.,-4.14498264452,33.9851166376,.
21931,.,-6.30880338483,33.8643255846,.
21932,.,-4.20854611022,33.8045305644,.
21933,.,-4.20854611022,33.8045305644,.
21934,.,-4.20854611022,33.8045305644,.
21935,.,-4.0981152547,33.930043662,.
21936,.,-5.15862107687,33.6901856276,.
21937,.,-4.55691586066,33.4384077658,.
21938,.,-4.59984362208,32.1018266781,.
21939,.,-4.96519474055,33.5118957918,.
21940,.,-4.96519474055,33.5118957918,.
21941,.,-4.96519474055,33.5118957918,.
21942,.,-5.32580507355,33.9011293788,.
21943,.,-4.25814783339,32.5436613294,.
21944,.,-4.25814783339,32.5436613294,.
21945,.,-4.25814783339,32.5436613294,.
21946,.,-7.0388962362,33.5081523062,.
21947,.,-4.57707107167,32.1558832487,.
21948,.,-4.57707107167,32.1558832487,.
21949,.,-4.57707107167,32.1558832487,.
21950,.,-4.57707107167,32.1558832487,.
21951,.,-4.57707107167,32.1558832487,.
21952,.,-4.57707107167,32.1558832487,.
21953,.,-4.8017981767,32.3324276553,.
21954,.,-5.628821094,32.9001260571,.
21955,.,-5.628821094,32.9001260571,.
21956,.,-5.628821094,32.9001260571,.
21957,.,-5.628821094,32.9001260571,.
21958,.,-6.34858865514,33.8467021019,.
21959,.,-6.34858865514,33.8467021019,.
21960,.,-6.34858865514,33.8467021019,.
21961,.,-6.34858865514,33.8467021019,.
21962,.,-6.34858865514,33.8467021019,.
21963,.,-6.34858865514,33.8467021019,.
21964,.,-5.46889799637,32.89319864,.
21965,.,-5.49088812083,32.592267085,.
21966,.,-5.04052894667,32.7995963571,.
21967,.,-5.04052894667,32.7995963571,.
21968,.,-5.11964404335,32.8958618053,.
21969,.,-5.11964404335,32.8958618053,.
21970,.,-2.52521720098,32.9469028098,.
21971,.,-6.35251948139,31.2902087031,.
21972,.,-5.53771526836,30.3423851435,.
21973,.,-5.53771526836,30.3423851435,.
21974,.,-5.53771526836,30.3423851435,.
21975,.,-6.34827726448,31.0697396366,.
21976,.,-6.34827726448,31.0697396366,.
21977,.,-6.34827726448,31.0697396366,.
21978,.,-8.72443200082,31.9670078867,.
21979,.,-8.72443200082,31.9670078867,.
21980,.,-7.65728105563,31.579438749,.
21981,.,-7.8178464825,31.7755881766,.
21982,.,-7.8178464825,31.7755881766,.
21983,.,-7.8178464825,31.7755881766,.
21984,.,-7.8178464825,31.7755881766,.
21985,.,-7.8178464825,31.7755881766,.
21986,.,-7.53907285663,31.1187034155,.
21987,.,-7.53907285663,31.1187034155,.
21988,.,-7.53907285663,31.1187034155,.
21989,.,-7.53907285663,31.1187034155,.
21990,.,-7.53907285663,31.1187034155,.
21991,.,-7.53907285663,31.1187034155,.
21992,.,-7.64023302684,31.0159666444,.
21993,.,-7.64023302684,31.0159666444,.
21994,.,-7.3715095723,30.6258299596,.
21995,.,-7.94219772951,31.7018279567,.
21996,.,-7.94219772951,31.7018279567,.
21997,.,-7.94219772951,31.7018279567,.
21998,.,-7.94219772951,31.7018279567,.
21999,.,-7.94219772951,31.7018279567,.
22000,.,-2.89797861195,30.9466143082,.
22001,.,-2.89797861195,30.9466143082,.
22002,.,-3.65041588919,30.6650993675,.
22003,.,-3.65041588919,30.6650993675,.
22004,.,-3.65041588919,30.6650993675,.
22005,.,-3.7800660554,30.4383971075,.
22006,.,-4.07716363705,30.2600239284,.
22007,.,-4.07716363705,30.2600239284,.
22008,.,-4.20027651316,30.5035959819,.
22009,.,-4.36537822954,30.4034608998,.
22010,.,-4.63662670588,29.8392921397,.
22011,.,-4.63662670588,29.8392921397,.
22012,.,-4.63662670588,29.8392921397,.
22013,.,-4.25292596569,30.2327954399,.
22014,.,-4.29895237066,30.1672464333,.
22015,.,-5.1998121095,31.2002112955,.
22016,.,-5.117649919,31.0358208178,.
22017,.,-2.89710299533,34.1322853474,.
22018,.,-2.89710299533,34.1322853474,.
22019,.,-2.89710299533,34.1322853474,.
22020,.,-2.89710299533,34.1322853474,.
22021,.,-2.89710299533,34.1322853474,.
22022,.,-8.30456635839,36.6161615833,.
22023,.,-3.19409448404,33.490770172,.
22024,.,-3.84055356317,33.2726005305,.
22025,.,-3.28503684765,32.8305776581,.
22026,.,-3.28503684765,32.8305776581,.
22027,.,-3.14951342617,32.2153884222,.
22028,.,-3.57304846021,32.1344940205,.
22029,.,-4.08606248904,32.2371517329,.
22030,.,-4.08606248904,32.2371517329,.
22031,.,-3.77660280422,32.1561364881,.
22032,.,-3.01861754273,32.8671232883,.
22033,.,-3.92261023656,32.1145214182,.
22034,.,-3.77660280422,32.1561364881,.
22035,.,-3.77660280422,32.1561364881,.
22036,.,-3.77660280422,32.1561364881,.
22037,.,-3.43568810274,31.8388561822,.
22038,.,-3.39691539546,31.4947344511,.
22039,.,-3.58491166192,34.1925882823,.
22040,.,-6.12449340289,34.7100668886,.
22041,.,-3.58491166192,34.1925882823,.
22042,.,-3.64328730384,33.3969667478,.
22043,.,-3.64328730384,33.3969667478,.
22044,.,-3.6106580262,33.8310202863,.
22045,.,-3.71006345998,33.9407187688,.
22046,.,-1.38317016909,30.9581325381,.
22047,.,-1.21300950199,31.4639511867,.
22048,.,-1.21342211285,31.6654970309,.
22049,.,-1.57090512273,31.6720428483,.
22050,.,-3.15145875002,31.8957540638,.
22051,.,-3.15145875002,31.8957540638,.
22052,.,-2.49120729935,30.5842530817,.
22053,.,-2.62811997107,33.3153760793,.
22054,.,-2.62811997107,33.3153760793,.
22055,.,-2.62811997107,33.3153760793,.
22056,.,-2.72171635018,33.7802907533,.
22057,.,-2.72171635018,33.7802907533,.
22058,.,-2.7819715942,30.9914014242,.
22059,.,-2.72171635018,33.7802907533,.
22060,.,-1.56593452236,33.9358850667,.
22061,.,-2.23770502377,33.8490475062,.
22062,.,-3.53930567306,32.7290460997,.
22063,.,-2.69553768847,32.4673099596,.
22064,.,-2.37134247591,32.1579371727,.
22065,.,-2.63060736328,31.9699324196,.
22066,.,-2.63060736328,31.9699324196,.
22067,.,-2.80962830241,33.0034900267,.
22068,.,-2.80962830241,33.0034900267,.
22069,.,-2.42775938543,32.9454067619,.
22070,.,-1.32477642235,34.3549724628,.
22071,.,-1.32477642235,34.3549724628,.
22072,.,-1.32477642235,34.3549724628,.
22073,.,-1.32477642235,34.3549724628,.
22074,.,-1.32477642235,34.3549724628,.
22075,.,-1.32477642235,34.3549724628,.
22076,.,-1.32477642235,34.3549724628,.
22077,.,-1.32477642235,34.3549724628,.
22078,.,-1.32477642235,34.3549724628,.
22079,.,-1.32477642235,34.3549724628,.
22080,.,-1.70650683046,34.2598241074,.
22081,.,-1.70650683046,34.2598241074,.
22082,.,-1.70650683046,34.2598241074,.
22083,.,-1.70650683046,34.2598241074,.
22084,.,-1.56408604846,34.0737642344,.
22085,.,-1.56408604846,34.0737642344,.
22086,.,-1.89927282424,33.4015531872,.
22087,.,-1.93224762008,33.8545993835,.
22088,.,-1.86793575787,34.0079095325,.
22089,.,-1.93224762008,33.8545993835,.
22090,.,-4.22552609521,35.3247633708,.
22091,.,-4.22552609521,35.3247633708,.
22092,.,-4.22552609521,35.3247633708,.
22093,.,-4.22552609521,35.3247633708,.
22094,.,-4.22552609521,35.3247633708,.
22095,.,-4.50737588519,35.2374903527,.
22096,.,-4.50737588519,35.2374903527,.
22097,.,-4.05435990722,35.2540533105,.
22098,.,-4.05435990722,35.2540533105,.
22099,.,-4.05435990722,35.2540533105,.
22100,.,-3.95625131534,35.1843199334,.
22101,.,-4.05435990722,35.2540533105,.
22102,.,-4.33611813907,36.9525220701,.
22103,.,-3.58154835017,36.9675863737,.
22104,.,-5.47914941606,36.3127865005,.
22105,.,-5.83981508385,39.286841511,.
22106,.,-6.4122598357,39.5484180071,.
22107,.,-6.45661888376,36.7228609724,.
22108,.,-6.45661888376,36.7228609724,.
22109,.,-6.45661888376,36.7228609724,.
22110,.,-6.45661888376,36.7228609724,.
22111,.,-6.6140094868,36.508662736,.
22112,.,-5.99373054953,35.8519810381,.
22113,.,-6.20127305553,37.5754973429,.
22114,.,-6.05862648807,35.5220384869,.
22115,.,-2.14105174562,35.7472614596,.
22116,.,-2.14105174562,35.7472614596,.
22117,.,-5.17263422436,38.471922391,.
22118,.,-5.23669912757,38.6999865875,.
22119,.,-5.72716172217,38.1861791414,.
22120,.,-5.63383007633,38.4015929745,.
22121,.,-5.42298105426,37.9863963309,.
22122,.,-5.83344427318,37.4114677069,.
22123,.,-6.54330156731,37.1816975904,.
22124,.,-6.32726557264,37.0063895959,.
22125,.,-6.32726557264,37.0063895959,.
22126,.,-6.91555126169,37.8403473403,.
22127,.,-6.91555126169,37.8403473403,.
22128,.,-8.10366542894,36.5053730116,.
22129,.,-8.10366542894,36.5053730116,.
22130,.,-6.87541388162,37.5903849354,.
22131,.,-6.18398114868,37.710676289,.
22132,.,-7.18548767187,37.5598078741,.
22133,.,-6.63099780505,38.3479253588,.
22134,.,-6.63099780505,38.3479253588,.
22135,.,-6.72147821744,38.7188801621,.
22136,.,-6.74895092991,38.2008841611,.
22137,.,-8.04370016993,39.2240173613,.
22138,.,-10.0958807055,34.6921956077,.
22139,.,-7.77733483907,35.5883015172,.
22140,.,-6.15859522503,35.8938596987,.
22141,.,-8.57615732657,39.2324984112,.
22142,.,-8.43165519536,38.9633779265,.
22143,.,-8.43165519536,38.9633779265,.
22144,.,-10.2345027175,39.2819325784,.
22145,.,-10.2345027175,39.2819325784,.
22146,.,-10.5835328404,38.0272983408,.
22147,.,-10.224318615,37.8767559874,.
22148,.,-9.59511790628,37.4030965946,.
22149,.,-10.2387220352,38.9223753732,.
22150,.,-10.2387220352,38.9223753732,.
22151,.,-10.025120951,38.8901646492,.
22152,.,-10.025120951,38.8901646492,.
22153,.,-9.99362391971,39.6832319462,.
22154,.,-10.049443131,39.7026388808,.
22155,.,-10.6298529789,39.8815677592,.
22156,.,-10.2986281147,39.8851338765,.
22157,.,-10.9208769633,39.2926942753,.
22158,.,-10.727794833,39.4054147592,.
22159,.,-10.727794833,39.4054147592,.
22160,.,-10.4739907173,39.4059335135,.
22161,.,-10.5783900886,39.3646393888,.
22162,.,-10.8334915333,39.3881477176,.
22163,.,-10.7221658578,38.8038733788,.
22164,.,-10.7780833291,38.767341617,.
22165,.,-6.84745799491,39.3267036019,.
22166,.,-10.9202339616,38.4762802371,.
22167,.,-10.9202339616,38.4762802371,.
22168,.,-10.7834295755,39.1128015083,.
22169,.,-10.8339031339,39.6313789733,.
22170,.,-10.5746698516,38.8959056067,.
22171,.,-10.9714279638,37.39884616,.
22172,.,-10.9714279638,37.39884616,.
22173,.,-11.062240589,37.3051757552,.
22174,.,-11.0119370026,37.2691084887,.
22175,.,-10.5699281844,35.3534570885,.
22176,.,-10.5699281844,35.3534570885,.
22177,.,-10.5699281844,35.3534570885,.
22178,.,-10.6055254976,35.4889842628,.
22179,.,-10.7920607683,35.7555383543,.
22180,.,-11.1087903236,34.6421658288,.
22181,.,-11.1087903236,34.6421658288,.
22182,.,-10.5216624934,34.7134374332,.
22183,.,-7.77538883062,35.6855600237,.
22184,.,-10.4816059183,35.6880209004,.
22185,.,-10.0987640029,35.9029472199,.
22186,.,-10.0987640029,35.9029472199,.
22187,.,-10.1402762514,35.9746237308,.
22188,.,-7.67612602871,35.7363067122,.
22189,.,-8.55092436269,34.8392741687,.
22190,.,-8.55092436269,34.8392741687,.
22191,.,-8.40262569289,34.7455834928,.
22192,.,-8.54986494767,35.3396465527,.
22193,.,-8.97687032959,33.9531951673,.
22194,.,-8.97687032959,33.9531951673,.
22195,.,-9.28034916915,34.718545934,.
22196,.,-9.06518403736,34.7932079615,.
22197,.,-10.0842328565,34.5797913484,.
22198,.,-10.0842328565,34.5797913484,.
22199,.,-10.0842328565,34.5797913484,.
22200,.,-10.0842328565,34.5797913484,.
22201,.,-10.078585888,34.6586064784,.
22202,.,-7.78974533593,35.6726002468,.
22203,.,-7.78742809841,33.4073727084,.
22204,.,-8.44555605324,33.1463979267,.
22205,.,-8.69687049164,33.2885568225,.
22206,.,-9.42748897427,33.9739001079,.
22207,.,-9.27083976088,33.6005397265,.
22208,.,-9.43040863328,33.0661899602,.
22209,.,-8.89051671507,33.0212269867,.
22210,.,-8.88662767683,33.1346796391,.
22211,.,-8.88662767683,33.1346796391,.
22212,.,-9.1470406289,32.8802095903,.
22213,.,-9.1470406289,32.8802095903,.
22214,.,-9.1470406289,32.8802095903,.
22215,.,-9.1470406289,32.8802095903,.
22216,.,-4.22922880862,34.4270412138,.
22217,.,-4.22922880862,34.4270412138,.
22218,.,-5.35945720932,34.7191033321,.
22219,.,-5.45068075103,34.9908432489,.
22220,.,-5.73216989058,34.8534390268,.
22221,.,-5.9523354229,34.0620684006,.
22222,.,-4.92398402673,34.7040911478,.
22223,.,-4.23443225166,33.1746065593,.
22224,.,-4.3897205525,33.2270711755,.
22225,.,-4.16747283209,32.6660320397,.
22226,.,-6.37460943007,30.7380973746,.
22227,.,-4.28967822068,33.4538677983,.
22228,.,-4.96519474055,33.5118957918,.
22229,.,-4.25814783339,32.5436613294,.
22230,.,-4.25814783339,32.5436613294,.
22231,.,-4.57707107167,32.1558832487,.
22232,.,-4.57707107167,32.1558832487,.
22233,.,-4.57707107167,32.1558832487,.
22234,.,-5.628821094,32.9001260571,.
22235,.,-5.628821094,32.9001260571,.
22236,.,-5.66118714041,32.884384194,.
22237,.,-5.11964404335,32.8958618053,.
22238,.,-5.11964404335,32.8958618053,.
22239,.,-6.35251948139,31.2902087031,.
22240,.,-5.53771526836,30.3423851435,.
22241,.,-8.72443200082,31.9670078867,.
22242,.,-8.72443200082,31.9670078867,.
22243,.,-8.72443200082,31.9670078867,.
22244,.,-7.8178464825,31.7755881766,.
22245,.,-7.53907285663,31.1187034155,.
22246,.,-7.53907285663,31.1187034155,.
22247,.,-7.24093713258,31.1975142403,.
22248,.,-7.64023302684,31.0159666444,.
22249,.,-3.65041588919,30.6650993675,.
22250,.,-3.7800660554,30.4383971075,.
22251,.,-3.7800660554,30.4383971075,.
22252,.,-3.7800660554,30.4383971075,.
22253,.,-3.7800660554,30.4383971075,.
22254,.,-3.57186844276,30.7145840511,.
22255,.,-4.29895237066,30.1672464333,.
22256,.,-2.99002840861,34.1397854955,.
22257,.,-3.06142778268,33.7544627971,.
22258,.,-3.19409448404,33.490770172,.
22259,.,-5.01029401209,31.315247216,.
22260,.,-3.28503684765,32.8305776581,.
22261,.,-3.28503684765,32.8305776581,.
22262,.,-2.85444998758,34.008563583,.
22263,.,-3.35380296668,32.427921988,.
22264,.,-3.35380296668,32.427921988,.
22265,.,-3.9214649185,32.6788461765,.
22266,.,-4.15693939576,32.0738707979,.
22267,.,-4.08606248904,32.2371517329,.
22268,.,-3.4984479426,32.4599248014,.
22269,.,-3.77660280422,32.1561364881,.
22270,.,-3.34433689231,32.419543881,.
22271,.,-3.58491166192,34.1925882823,.
22272,.,-4.33641676169,33.9085287159,.
22273,.,-3.58491166192,34.1925882823,.
22274,.,-3.46449779055,34.5633427431,.
22275,.,-3.58491166192,34.1925882823,.
22276,.,-3.58491166192,34.1925882823,.
22277,.,-3.20156261007,34.0992940926,.
22278,.,-3.64328730384,33.3969667478,.
22279,.,-3.64328730384,33.3969667478,.
22280,.,-3.67992057834,33.4224443865,.
22281,.,-3.54734794407,33.3961003406,.
22282,.,-3.71006345998,33.9407187688,.
22283,.,-3.83764168282,33.7000036199,.
22284,.,-3.83764168282,33.7000036199,.
22285,.,-2.62811997107,33.3153760793,.
22286,.,-2.62811997107,33.3153760793,.
22287,.,-2.73104742888,33.6159739151,.
22288,.,-2.72635159156,33.6069935142,.
22289,.,-2.72171635018,33.7802907533,.
22290,.,-2.72171635018,33.7802907533,.
22291,.,-2.57888518167,33.4501651832,.
22292,.,-2.32639106574,33.9077227889,.
22293,.,-5.21914296252,31.7468405927,.
22294,.,-3.53930567306,32.7290460997,.
22295,.,-2.63060736328,31.9699324196,.
22296,.,-3.05933963904,31.7438970537,.
22297,.,-1.32477642235,34.3549724628,.
22298,.,-1.70650683046,34.2598241074,.
22299,.,-1.56408604846,34.0737642344,.
22300,.,-1.89927282424,33.4015531872,.
22301,.,-4.18987311926,35.6997133778,.
22302,.,-4.18987311926,35.6997133778,.
22303,.,-4.22552609521,35.3247633708,.
22304,.,-4.41601789005,35.3753468322,.
22305,.,-4.05435990722,35.2540533105,.
22306,.,-4.33611813907,36.9525220701,.
22307,.,-3.58154835017,36.9675863737,.
22308,.,-5.08575059837,35.8543891943,.
22309,.,-5.08575059837,35.8543891943,.
22310,.,-5.08575059837,35.8543891943,.
22311,.,-5.08575059837,35.8543891943,.
22312,.,-6.45661888376,36.7228609724,.
22313,.,-6.40602581971,36.8375470998,.
22314,.,-6.45661888376,36.7228609724,.
22315,.,-6.45661888376,36.7228609724,.
22316,.,-6.45661888376,36.7228609724,.
22317,.,-6.45661888376,36.7228609724,.
22318,.,-6.45661888376,36.7228609724,.
22319,.,-6.45661888376,36.7228609724,.
22320,.,-6.45661888376,36.7228609724,.
22321,.,-6.45661888376,36.7228609724,.
22322,.,-6.45661888376,36.7228609724,.
22323,.,-6.45661888376,36.7228609724,.
22324,.,-6.6140094868,36.508662736,.
22325,.,-6.6140094868,36.508662736,.
22326,.,-6.17725196362,36.475748798,.
22327,.,-6.17725196362,36.475748798,.
22328,.,-6.17725196362,36.475748798,.
22329,.,-6.17725196362,36.475748798,.
22330,.,-6.17725196362,36.475748798,.
22331,.,-6.17725196362,36.475748798,.
22332,.,-6.17725196362,36.475748798,.
22333,.,-6.17725196362,36.475748798,.
22334,.,-6.17725196362,36.475748798,.
22335,.,-6.22961550562,36.4133257556,.
22336,.,-6.22961550562,36.4133257556,.
22337,.,-5.79353089598,36.460209476,.
22338,.,-6.22961550562,36.4133257556,.
22339,.,-6.22961550562,36.4133257556,.
22340,.,-6.22961550562,36.4133257556,.
22341,.,-6.22961550562,36.4133257556,.
22342,.,-6.22961550562,36.4133257556,.
22343,.,-6.39156050233,35.8962090978,.
22344,.,-6.39156050233,35.8962090978,.
22345,.,-6.39156050233,35.8962090978,.
22346,.,-6.39156050233,35.8962090978,.
22347,.,-6.39156050233,35.8962090978,.
22348,.,-6.39156050233,35.8962090978,.
22349,.,-6.39156050233,35.8962090978,.
22350,.,-6.37526068613,35.648248455,.
22351,.,-6.37526068613,35.648248455,.
22352,.,-6.0903186215,35.862685268,.
22353,.,-5.95327908932,35.2443803339,.
22354,.,-5.95327908932,35.2443803339,.
22355,.,-5.95327908932,35.2443803339,.
22356,.,-5.99373054953,35.8519810381,.
22357,.,-5.99373054953,35.8519810381,.
22358,.,-5.99373054953,35.8519810381,.
22359,.,-5.99373054953,35.8519810381,.
22360,.,-5.94781266137,35.9174573643,.
22361,.,-5.94781266137,35.9174573643,.
22362,.,-5.94781266137,35.9174573643,.
22363,.,-5.94781266137,35.9174573643,.
22364,.,-6.12771646251,35.753639168,.
22365,.,-6.12771646251,35.753639168,.
22366,.,-5.94781266137,35.9174573643,.
22367,.,-6.05862648807,35.5220384869,.
22368,.,-6.05862648807,35.5220384869,.
22369,.,-6.05862648807,35.5220384869,.
22370,.,-6.05862648807,35.5220384869,.
22371,.,-3.2043831681,35.9282021584,.
22372,.,-3.40612394961,35.8336259833,.
22373,.,-2.99751217418,36.0181520964,.
22374,.,-3.2043831681,35.9282021584,.
22375,.,-3.2043831681,35.9282021584,.
22376,.,-3.2043831681,35.9282021584,.
22377,.,-2.99639446215,36.0139642536,.
22378,.,-2.99639446215,36.0139642536,.
22379,.,-2.99639446215,36.0139642536,.
22380,.,-2.99639446215,36.0139642536,.
22381,.,-2.99639446215,36.0139642536,.
22382,.,-2.99639446215,36.0139642536,.
22383,.,-2.99639446215,36.0139642536,.
22384,.,-3.35091290948,36.890037104,.
22385,.,-3.35091290948,36.890037104,.
22386,.,-3.42440127073,36.8396974116,.
22387,.,-3.42440127073,36.8396974116,.
22388,.,-3.42440127073,36.8396974116,.
22389,.,-3.42440127073,36.8396974116,.
22390,.,-3.42440127073,36.8396974116,.
22391,.,-3.42440127073,36.8396974116,.
22392,.,-3.42440127073,36.8396974116,.
22393,.,-3.55403345603,36.8797913366,.
22394,.,-3.4163444345,36.6416252012,.
22395,.,-3.48031588242,36.7020688529,.
22396,.,-3.48031588242,36.7020688529,.
22397,.,-3.48031588242,36.7020688529,.
22398,.,-3.48031588242,36.7020688529,.
22399,.,-3.48031588242,36.7020688529,.
22400,.,-3.38641750557,36.656785711,.
22401,.,-3.36435455982,35.7185072338,.
22402,.,-3.36412872548,35.802535621,.
22403,.,-3.36412872548,35.802535621,.
22404,.,-3.37218900977,35.7072148571,.
22405,.,-3.37218900977,35.7072148571,.
22406,.,-3.37218900977,35.7072148571,.
22407,.,-3.37218900977,35.7072148571,.
22408,.,-3.37218900977,35.7072148571,.
22409,.,-3.37218900977,35.7072148571,.
22410,.,-3.37218900977,35.7072148571,.
22411,.,-3.37218900977,35.7072148571,.
22412,.,-3.37218900977,35.7072148571,.
22413,.,-3.37218900977,35.7072148571,.
22414,.,-3.37218900977,35.7072148571,.
22415,.,-3.37218900977,35.7072148571,.
22416,.,-2.14105174562,35.7472614596,.
22417,.,-2.14105174562,35.7472614596,.
22418,.,-2.14105174562,35.7472614596,.
22419,.,-2.14105174562,35.7472614596,.
22420,.,-2.14105174562,35.7472614596,.
22421,.,-2.14105174562,35.7472614596,.
22422,.,-3.19666242054,37.6153846051,.
22423,.,-3.19666242054,37.6153846051,.
22424,.,-2.54661824172,33.0071942028,.
22425,.,-3.19666242054,37.6153846051,.
22426,.,-3.19666242054,37.6153846051,.
22427,.,-3.19666242054,37.6153846051,.
22428,.,-3.11116496607,37.5964449399,.
22429,.,-3.11116496607,37.5964449399,.
22430,.,-3.11116496607,37.5964449399,.
22431,.,-3.09666469117,37.6392104012,.
22432,.,-3.09666469117,37.6392104012,.
22433,.,-3.64001112137,37.6558845684,.
22434,.,-3.64001112137,37.6558845684,.
22435,.,-3.64001112137,37.6558845684,.
22436,.,-3.64001112137,37.6558845684,.
22437,.,-3.78652518976,37.7114070309,.
22438,.,-3.78652518976,37.7114070309,.
22439,.,-3.78652518976,37.7114070309,.
22440,.,-3.78652518976,37.7114070309,.
22441,.,-3.78652518976,37.7114070309,.
22442,.,-3.78652518976,37.7114070309,.
22443,.,-3.78652518976,37.7114070309,.
22444,.,-3.78652518976,37.7114070309,.
22445,.,-3.78652518976,37.7114070309,.
22446,.,-3.78652518976,37.7114070309,.
22447,.,-3.78652518976,37.7114070309,.
22448,.,-4.36689322845,38.0555552516,.
22449,.,-4.36689322845,38.0555552516,.
22450,.,-4.36689322845,38.0555552516,.
22451,.,-3.26310622768,37.5769874701,.
22452,.,-3.26310622768,37.5769874701,.
22453,.,-3.26310622768,37.5769874701,.
22454,.,-3.33002288855,37.3828806193,.
22455,.,-3.33002288855,37.3828806193,.
22456,.,-3.33002288855,37.3828806193,.
22457,.,-3.33002288855,37.3828806193,.
22458,.,-3.33002288855,37.3828806193,.
22459,.,-3.33002288855,37.3828806193,.
22460,.,-3.33002288855,37.3828806193,.
22461,.,-3.309959701,37.4736877103,.
22462,.,-3.309959701,37.4736877103,.
22463,.,-3.309959701,37.4736877103,.
22464,.,-3.20540870338,37.1875070453,.
22465,.,-3.20540870338,37.1875070453,.
22466,.,-3.20540870338,37.1875070453,.
22467,.,-3.20540870338,37.1875070453,.
22468,.,-3.31003442939,37.0669398336,.
22469,.,-3.31003442939,37.0669398336,.
22470,.,-3.31003442939,37.0669398336,.
22471,.,-3.31003442939,37.0669398336,.
22472,.,-3.31003442939,37.0669398336,.
22473,.,-3.31003442939,37.0669398336,.
22474,.,-3.31003442939,37.0669398336,.
22475,.,-3.31003442939,37.0669398336,.
22476,.,-3.31003442939,37.0669398336,.
22477,.,-3.31003442939,37.0669398336,.
22478,.,-3.31003442939,37.0669398336,.
22479,.,-3.31003442939,37.0669398336,.
22480,.,-3.32548796787,37.1600978561,.
22481,.,-3.32548796787,37.1600978561,.
22482,.,-3.48318072758,37.033461022,.
22483,.,-3.32548796787,37.1600978561,.
22484,.,-3.32548796787,37.1600978561,.
22485,.,-3.32548796787,37.1600978561,.
22486,.,-3.32548796787,37.1600978561,.
22487,.,-3.32548796787,37.1600978561,.
22488,.,-4.7083554307,38.645927329,.
22489,.,-4.7083554307,38.645927329,.
22490,.,-4.7083554307,38.645927329,.
22491,.,-4.7083554307,38.645927329,.
22492,.,-4.7083554307,38.645927329,.
22493,.,-4.7083554307,38.645927329,.
22494,.,-4.71856321728,38.2843607005,.
22495,.,-4.71856321728,38.2843607005,.
22496,.,-3.42867399019,36.7462207518,.
22497,.,-4.74054510873,38.3333868699,.
22498,.,-4.74054510873,38.3333868699,.
22499,.,-4.102399331,37.7209276825,.
22500,.,-5.02784418949,38.560969519,.
22501,.,-5.02784418949,38.560969519,.
22502,.,-5.02784418949,38.560969519,.
22503,.,-5.02784418949,38.560969519,.
22504,.,-5.02784418949,38.560969519,.
22505,.,-5.02784418949,38.560969519,.
22506,.,-5.02784418949,38.560969519,.
22507,.,-5.02784418949,38.560969519,.
22508,.,-5.02784418949,38.560969519,.
22509,.,-5.02784418949,38.560969519,.
22510,.,-5.0166034793,38.5229535408,.
22511,.,-5.17263422436,38.471922391,.
22512,.,-5.17263422436,38.471922391,.
22513,.,-5.17263422436,38.471922391,.
22514,.,-5.17263422436,38.471922391,.
22515,.,-5.17263422436,38.471922391,.
22516,.,-5.17263422436,38.471922391,.
22517,.,-5.17263422436,38.471922391,.
22518,.,-5.17263422436,38.471922391,.
22519,.,-5.17263422436,38.471922391,.
22520,.,-5.17263422436,38.471922391,.
22521,.,-5.17263422436,38.471922391,.
22522,.,-5.17263422436,38.471922391,.
22523,.,-4.98131153326,38.5066666871,.
22524,.,-4.98131153326,38.5066666871,.
22525,.,-4.98131153326,38.5066666871,.
22526,.,-4.98131153326,38.5066666871,.
22527,.,-4.98131153326,38.5066666871,.
22528,.,-4.98131153326,38.5066666871,.
22529,.,-4.98131153326,38.5066666871,.
22530,.,-4.98131153326,38.5066666871,.
22531,.,-4.98131153326,38.5066666871,.
22532,.,-4.98131153326,38.5066666871,.
22533,.,-4.98131153326,38.5066666871,.
22534,.,-4.98131153326,38.5066666871,.
22535,.,-4.98131153326,38.5066666871,.
22536,.,-4.98131153326,38.5066666871,.
22537,.,-4.98131153326,38.5066666871,.
22538,.,-5.07731168912,38.5989800945,.
22539,.,-5.23669912757,38.6999865875,.
22540,.,-5.23669912757,38.6999865875,.
22541,.,-5.23669912757,38.6999865875,.
22542,.,-5.23669912757,38.6999865875,.
22543,.,-5.23669912757,38.6999865875,.
22544,.,-4.99452992473,39.0835196393,.
22545,.,-4.99452992473,39.0835196393,.
22546,.,-4.99452992473,39.0835196393,.
22547,.,-5.5395720978,38.8611040564,.
22548,.,-5.5395720978,38.8611040564,.
22549,.,-5.5395720978,38.8611040564,.
22550,.,-5.5395720978,38.8611040564,.
22551,.,-5.5395720978,38.8611040564,.
22552,.,-5.72716172217,38.1861791414,.
22553,.,-5.22701081079,38.7652482979,.
22554,.,-5.72716172217,38.1861791414,.
22555,.,-5.72716172217,38.1861791414,.
22556,.,-5.75214456138,38.2888786038,.
22557,.,-5.63383007633,38.4015929745,.
22558,.,-5.42298105426,37.9863963309,.
22559,.,-5.42298105426,37.9863963309,.
22560,.,-5.42298105426,37.9863963309,.
22561,.,-5.42298105426,37.9863963309,.
22562,.,-5.42298105426,37.9863963309,.
22563,.,-5.42298105426,37.9863963309,.
22564,.,-5.4997730796,37.5569169935,.
22565,.,-5.4997730796,37.5569169935,.
22566,.,-5.4997730796,37.5569169935,.
22567,.,-5.4997730796,37.5569169935,.
22568,.,-5.4997730796,37.5569169935,.
22569,.,-5.4997730796,37.5569169935,.
22570,.,-6.54330156731,37.1816975904,.
22571,.,-6.54330156731,37.1816975904,.
22572,.,-6.54330156731,37.1816975904,.
22573,.,-6.54330156731,37.1816975904,.
22574,.,-6.54330156731,37.1816975904,.
22575,.,-6.54330156731,37.1816975904,.
22576,.,-6.54330156731,37.1816975904,.
22577,.,-6.3689808185,37.1182072109,.
22578,.,-6.32726557264,37.0063895959,.
22579,.,-6.32726557264,37.0063895959,.
22580,.,-6.32726557264,37.0063895959,.
22581,.,-6.32726557264,37.0063895959,.
22582,.,-6.32726557264,37.0063895959,.
22583,.,-6.78813727744,37.152960646,.
22584,.,-6.78813727744,37.152960646,.
22585,.,-6.32726557264,37.0063895959,.
22586,.,-6.91555126169,37.8403473403,.
22587,.,-6.91555126169,37.8403473403,.
22588,.,-6.91555126169,37.8403473403,.
22589,.,-8.1321512253,36.6683819796,.
22590,.,-7.11041144385,39.4924597163,.
22591,.,-8.1321512253,36.6683819796,.
22592,.,-8.10366542894,36.5053730116,.
22593,.,-8.10366542894,36.5053730116,.
22594,.,-8.10366542894,36.5053730116,.
22595,.,-8.10366542894,36.5053730116,.
22596,.,-8.10366542894,36.5053730116,.
22597,.,-8.66418953662,36.7207434958,.
22598,.,-8.66418953662,36.7207434958,.
22599,.,-8.66418953662,36.7207434958,.
22600,.,-8.66418953662,36.7207434958,.
22601,.,-8.66418953662,36.7207434958,.
22602,.,-8.66418953662,36.7207434958,.
22603,.,-8.66418953662,36.7207434958,.
22604,.,-8.73648359579,36.7207730581,.
22605,.,-8.73648359579,36.7207730581,.
22606,.,-8.73648359579,36.7207730581,.
22607,.,-8.73648359579,36.7207730581,.
22608,.,-8.73648359579,36.7207730581,.
22609,.,-8.75043667647,36.7575770679,.
22610,.,-8.73648359579,36.7207730581,.
22611,.,-8.73648359579,36.7207730581,.
22612,.,-8.73648359579,36.7207730581,.
22613,.,-8.73648359579,36.7207730581,.
22614,.,-8.73648359579,36.7207730581,.
22615,.,-6.82198392556,37.6612352508,.
22616,.,-5.02672948953,32.7932461138,.
22617,.,-6.87541388162,37.5903849354,.
22618,.,-6.87541388162,37.5903849354,.
22619,.,-6.87541388162,37.5903849354,.
22620,.,-6.80069379986,37.6456901616,.
22621,.,-6.80069379986,37.6456901616,.
22622,.,-6.80069379986,37.6456901616,.
22623,.,-6.89459476686,37.8573745187,.
22624,.,-6.13494245785,37.6413679333,.
22625,.,-6.74183385373,37.6644579001,.
22626,.,-6.18398114868,37.710676289,.
22627,.,-6.18398114868,37.710676289,.
22628,.,-6.14074614652,37.6397564468,.
22629,.,-6.15389253802,37.624660435,.
22630,.,-6.18398114868,37.710676289,.
22631,.,-6.18398114868,37.710676289,.
22632,.,-6.18398114868,37.710676289,.
22633,.,-6.18398114868,37.710676289,.
22634,.,-6.18398114868,37.710676289,.
22635,.,-6.18398114868,37.710676289,.
22636,.,-5.95640300975,37.6616795714,.
22637,.,-5.95640300975,37.6616795714,.
22638,.,-7.18548767187,37.5598078741,.
22639,.,-7.18548767187,37.5598078741,.
22640,.,-7.18548767187,37.5598078741,.
22641,.,-7.18548767187,37.5598078741,.
22642,.,-7.18548767187,37.5598078741,.
22643,.,-7.18548767187,37.5598078741,.
22644,.,-7.18548767187,37.5598078741,.
22645,.,-7.18548767187,37.5598078741,.
22646,.,-7.18548767187,37.5598078741,.
22647,.,-7.18548767187,37.5598078741,.
22648,.,-7.18548767187,37.5598078741,.
22649,.,-7.18548767187,37.5598078741,.
22650,.,-7.18548767187,37.5598078741,.
22651,.,-7.18548767187,37.5598078741,.
22652,.,-7.18548767187,37.5598078741,.
22653,.,-7.18548767187,37.5598078741,.
22654,.,-10.6527297923,35.6340135881,.
22655,.,-6.63099780505,38.3479253588,.
22656,.,-6.63099780505,38.3479253588,.
22657,.,-6.63099780505,38.3479253588,.
22658,.,-6.72147821744,38.7188801621,.
22659,.,-6.65362074631,38.2555389089,.
22660,.,-6.63099780505,38.3479253588,.
22661,.,-6.63099780505,38.3479253588,.
22662,.,-6.63099780505,38.3479253588,.
22663,.,-7.53756079452,38.9934444096,.
22664,.,-7.34480584397,39.0887670432,.
22665,.,-7.42396520811,39.1007129827,.
22666,.,-8.0612162039,39.1512453409,.
22667,.,-8.0612162039,39.1512453409,.
22668,.,-8.12542426146,39.2182188896,.
22669,.,-8.12542426146,39.2182188896,.
22670,.,-8.10023665912,39.1989026963,.
22671,.,-4.4643588315,38.232321032,.
22672,.,-4.4643588315,38.232321032,.
22673,.,-4.4643588315,38.232321032,.
22674,.,-6.99293278107,37.5558632917,.
22675,.,-6.99293278107,37.5558632917,.
22676,.,-6.77092942485,37.6378192799,.
22677,.,-5.18053536408,38.8240240068,.
22678,.,-4.26078790667,34.8676303646,.
22679,.,-6.79210740815,39.2464743776,.
22680,.,-3.91976924252,32.602309797,.
22681,.,-3.91976924252,32.602309797,.
22682,.,-3.91976924252,32.602309797,.
22683,.,-3.91976924252,32.602309797,.
22684,.,-6.79667795597,39.2700921335,.
22685,.,-6.75783061318,39.1326723098,.
22686,.,-6.75427940679,39.079784437,.
22687,.,-6.66645088806,39.0760318109,.
22688,.,-5.02040424139,33.1179866602,.
22689,.,-5.02040424139,33.1179866602,.
22690,.,-6.68390160718,39.108878032,.
22691,.,-6.68390160718,39.108878032,.
22692,.,-8.77753918659,36.3927721978,.
22693,.,-6.82070074798,37.6457488084,.
22694,.,-6.88280458724,37.8103504711,.
22695,.,-6.82242231171,39.2100451025,.
22696,.,-10.4790199274,35.2938606492,.
22697,.,-10.4790199274,35.2938606492,.
22698,.,-6.79749395314,39.1567049938,.
22699,.,-9.30240469601,32.7747464883,.
22700,.,-6.85750537196,39.2963515987,.
22701,.,-7.83194763503,35.7019296942,.
22702,.,-7.83194763503,35.7019296942,.
22703,.,-3.30867692625,37.4763603481,.
22704,.,-6.96716214027,39.0936511627,.
22705,.,-3.30048888845,37.1176900796,.
22706,.,-3.30048888845,37.1176900796,.
22707,.,-3.32813299969,36.6212522663,.
22708,.,-3.32813299969,36.6212522663,.
22709,.,-3.08433746379,37.5850022776,.
22710,.,-6.17605321245,35.7473714287,.
22711,.,-10.5221610884,38.9930401681,.
22712,.,-10.5221610884,38.9930401681,.
22713,.,-10.5221610884,38.9930401681,.
22714,.,-6.83261400896,39.0908725799,.
22715,.,-6.15859522503,35.8938596987,.
22716,.,-6.87746332709,39.3782221659,.
22717,.,-10.7580926217,39.6907536691,.
22718,.,-10.916402672,39.3427062603,.
22719,.,-10.1172590836,38.9210684263,.
22720,.,-5.07971628221,34.660948452,.
22721,.,-6.86249740739,39.2491441327,.
22722,.,-6.86249740739,39.2491441327,.
22723,.,-6.52183349562,37.217939493,.
22724,.,-10.9113323051,39.6383616081,.
22725,.,-10.667278448,35.6681399986,.
22726,.,-10.667278448,35.6681399986,.
22727,.,-6.87664628765,39.2945865436,.
22728,.,-10.2293588063,38.8215795291,.
22729,.,-10.2293588063,38.8215795291,.
22730,.,-10.2293588063,38.8215795291,.
22731,.,-8.57615732657,39.2324984112,.
22732,.,-8.57615732657,39.2324984112,.
22733,.,-8.57615732657,39.2324984112,.
22734,.,-8.37592375513,38.9522602605,.
22735,.,-8.82654342053,38.8787142366,.
22736,.,-8.82654342053,38.8787142366,.
22737,.,-8.86539522757,38.8843028789,.
22738,.,-8.86539522757,38.8843028789,.
22739,.,-8.82654342053,38.8787142366,.
22740,.,-8.82654342053,38.8787142366,.
22741,.,-8.82654342053,38.8787142366,.
22742,.,-10.8567162216,39.1481155257,.
22743,.,-10.8567162216,39.1481155257,.
22744,.,-8.92919042752,39.5343463596,.
22745,.,-10.0162589958,39.7073935083,.
22746,.,-10.2345027175,39.2819325784,.
22747,.,-10.1125056611,39.2705401629,.
22748,.,-10.1125056611,39.2705401629,.
22749,.,-10.2345027175,39.2819325784,.
22750,.,-10.2345027175,39.2819325784,.
22751,.,-10.7006983496,39.3718474105,.
22752,.,-10.2345027175,39.2819325784,.
22753,.,-10.1143183802,39.2443904846,.
22754,.,-10.1143183802,39.2443904846,.
22755,.,-10.1143183802,39.2443904846,.
22756,.,-10.1143183802,39.2443904846,.
22757,.,-10.1143183802,39.2443904846,.
22758,.,-10.1143183802,39.2443904846,.
22759,.,-10.1143183802,39.2443904846,.
22760,.,-10.1143183802,39.2443904846,.
22761,.,-10.1143183802,39.2443904846,.
22762,.,-10.1143183802,39.2443904846,.
22763,.,-10.1143183802,39.2443904846,.
22764,.,-10.1143183802,39.2443904846,.
22765,.,-9.92298061583,39.3283542137,.
22766,.,-9.92298061583,39.3283542137,.
22767,.,-9.92298061583,39.3283542137,.
22768,.,-9.92298061583,39.3283542137,.
22769,.,-9.92298061583,39.3283542137,.
22770,.,-10.5835328404,38.0272983408,.
22771,.,-10.9393721764,38.3953678051,.
22772,.,-10.7445486699,38.6585035453,.
22773,.,-10.7445486699,38.6585035453,.
22774,.,-8.43429359219,31.8926210335,.
22775,.,-9.80098472884,37.8975093759,.
22776,.,-9.80098472884,37.8975093759,.
22777,.,-9.80098472884,37.8975093759,.
22778,.,-9.80098472884,37.8975093759,.
22779,.,-9.80098472884,37.8975093759,.
22780,.,-9.80098472884,37.8975093759,.
22781,.,-9.67539818101,37.970119783,.
22782,.,-10.4135923991,37.9175690824,.
22783,.,-10.4135923991,37.9175690824,.
22784,.,-10.3698674946,38.6691469615,.
22785,.,-10.3698674946,38.6691469615,.
22786,.,-10.224318615,37.8767559874,.
22787,.,-10.224318615,37.8767559874,.
22788,.,-10.224318615,37.8767559874,.
22789,.,-9.68880747006,37.9429477872,.
22790,.,-9.59511790628,37.4030965946,.
22791,.,-9.59511790628,37.4030965946,.
22792,.,-9.59511790628,37.4030965946,.
22793,.,-9.80360880851,37.9810496153,.
22794,.,-9.80360880851,37.9810496153,.
22795,.,-9.80360880851,37.9810496153,.
22796,.,-9.80360880851,37.9810496153,.
22797,.,-10.0718089881,38.9377086804,.
22798,.,-10.0718089881,38.9377086804,.
22799,.,-10.4093880784,38.4584854963,.
22800,.,-10.0718089881,38.9377086804,.
22801,.,-10.2387220352,38.9223753732,.
22802,.,-10.2387220352,38.9223753732,.
22803,.,-10.2387220352,38.9223753732,.
22804,.,-10.2387220352,38.9223753732,.
22805,.,-10.2387220352,38.9223753732,.
22806,.,-10.2387220352,38.9223753732,.
22807,.,-10.025120951,38.8901646492,.
22808,.,-10.025120951,38.8901646492,.
22809,.,-10.025120951,38.8901646492,.
22810,.,-10.025120951,38.8901646492,.
22811,.,-10.025120951,38.8901646492,.
22812,.,-10.025120951,38.8901646492,.
22813,.,-10.025120951,38.8901646492,.
22814,.,-10.025120951,38.8901646492,.
22815,.,-10.025120951,38.8901646492,.
22816,.,-9.99362391971,39.6832319462,.
22817,.,-9.99362391971,39.6832319462,.
22818,.,-10.3142794462,39.3599927341,.
22819,.,-9.99362391971,39.6832319462,.
22820,.,-10.8363756837,38.7993439648,.
22821,.,-9.86794896417,39.7566228932,.
22822,.,-10.2172498723,39.8771129482,.
22823,.,-10.049443131,39.7026388808,.
22824,.,-10.049443131,39.7026388808,.
22825,.,-10.3050014356,39.7520958367,.
22826,.,-10.3050014356,39.7520958367,.
22827,.,-10.6298529789,39.8815677592,.
22828,.,-10.3865941942,39.9888639763,.
22829,.,-10.3911118727,39.8341703818,.
22830,.,-10.4334047139,39.779625615,.
22831,.,-10.2753682125,40.1823638829,.
22832,.,-10.7571102817,39.7564602661,.
22833,.,-10.1309192068,39.9964207479,.
22834,.,-10.1309192068,39.9964207479,.
22835,.,-10.9505471404,39.2777689026,.
22836,.,-10.9505471404,39.2777689026,.
22837,.,-10.9505471404,39.2777689026,.
22838,.,-10.9505471404,39.2777689026,.
22839,.,-10.9505471404,39.2777689026,.
22840,.,-10.9505471404,39.2777689026,.
22841,.,-10.9505471404,39.2777689026,.
22842,.,-10.9208769633,39.2926942753,.
22843,.,-10.8526338524,39.3925343551,.
22844,.,-10.9208769633,39.2926942753,.
22845,.,-10.7029155489,38.8143648296,.
22846,.,-10.9208769633,39.2926942753,.
22847,.,-10.9309871113,39.4037209019,.
22848,.,-10.9309871113,39.4037209019,.
22849,.,-10.9309871113,39.4037209019,.
22850,.,-10.9309871113,39.4037209019,.
22851,.,-10.9309871113,39.4037209019,.
22852,.,-10.9309871113,39.4037209019,.
22853,.,-10.9309871113,39.4037209019,.
22854,.,-10.9309871113,39.4037209019,.
22855,.,-10.727794833,39.4054147592,.
22856,.,-10.7013107284,39.3385682002,.
22857,.,-10.7013107284,39.3385682002,.
22858,.,-10.727794833,39.4054147592,.
22859,.,-10.727794833,39.4054147592,.
22860,.,-10.727794833,39.4054147592,.
22861,.,-10.727794833,39.4054147592,.
22862,.,-10.727794833,39.4054147592,.
22863,.,-10.727794833,39.4054147592,.
22864,.,-10.727794833,39.4054147592,.
22865,.,-10.5783900886,39.3646393888,.
22866,.,-10.5783900886,39.3646393888,.
22867,.,-10.5783900886,39.3646393888,.
22868,.,-10.7047053325,39.4104014733,.
22869,.,-10.5783900886,39.3646393888,.
22870,.,-10.5783900886,39.3646393888,.
22871,.,-10.8334915333,39.3881477176,.
22872,.,-10.8638518884,39.3435805857,.
22873,.,-10.8334915333,39.3881477176,.
22874,.,-10.8334915333,39.3881477176,.
22875,.,-10.8023137682,39.3275441437,.
22876,.,-10.8023137682,39.3275441437,.
22877,.,-10.8334915333,39.3881477176,.
22878,.,-10.8334915333,39.3881477176,.
22879,.,-10.8334915333,39.3881477176,.
22880,.,-10.8334915333,39.3881477176,.
22881,.,-10.3550762654,38.7885688803,.
22882,.,-10.8334915333,39.3881477176,.
22883,.,-10.8334915333,39.3881477176,.
22884,.,-10.8334915333,39.3881477176,.
22885,.,-10.8334915333,39.3881477176,.
22886,.,-10.8334915333,39.3881477176,.
22887,.,-10.8334915333,39.3881477176,.
22888,.,-10.7221658578,38.8038733788,.
22889,.,-10.7780833291,38.767341617,.
22890,.,-10.7780833291,38.767341617,.
22891,.,-10.7780833291,38.767341617,.
22892,.,-10.7780833291,38.767341617,.
22893,.,-10.7780833291,38.767341617,.
22894,.,-10.8499100642,38.7712088052,.
22895,.,-6.62158451008,39.1492093634,.
22896,.,-10.7780833291,38.767341617,.
22897,.,-10.7780833291,38.767341617,.
22898,.,-10.5673291727,38.9281219628,.
22899,.,-10.5673291727,38.9281219628,.
22900,.,-10.5673291727,38.9281219628,.
22901,.,-10.5673291727,38.9281219628,.
22902,.,-10.5673291727,38.9281219628,.
22903,.,-10.5673291727,38.9281219628,.
22904,.,-10.5673291727,38.9281219628,.
22905,.,-6.84745799491,39.3267036019,.
22906,.,-10.5673291727,38.9281219628,.
22907,.,-10.5673291727,38.9281219628,.
22908,.,-10.5673291727,38.9281219628,.
22909,.,-10.5673291727,38.9281219628,.
22910,.,-10.5673291727,38.9281219628,.
22911,.,-10.457002268,39.0766198864,.
22912,.,-10.457002268,39.0766198864,.
22913,.,-10.457002268,39.0766198864,.
22914,.,-10.457002268,39.0766198864,.
22915,.,-10.457002268,39.0766198864,.
22916,.,-10.457002268,39.0766198864,.
22917,.,-10.4349448141,39.1260184489,.
22918,.,-11.1304756689,38.528375051,.
22919,.,-10.9202339616,38.4762802371,.
22920,.,-10.9202339616,38.4762802371,.
22921,.,-10.9505694462,37.4387814884,.
22922,.,-10.9505694462,37.4387814884,.
22923,.,-10.9505694462,37.4387814884,.
22924,.,-10.9202339616,38.4762802371,.
22925,.,-10.9202339616,38.4762802371,.
22926,.,-10.9202339616,38.4762802371,.
22927,.,-10.9202339616,38.4762802371,.
22928,.,-10.9202339616,38.4762802371,.
22929,.,-10.7949647148,38.6445300857,.
22930,.,-10.7949647148,38.6445300857,.
22931,.,-10.7949647148,38.6445300857,.
22932,.,-10.9202339616,38.4762802371,.
22933,.,-10.7834295755,39.1128015083,.
22934,.,-10.7834295755,39.1128015083,.
22935,.,-10.7834295755,39.1128015083,.
22936,.,-10.7834295755,39.1128015083,.
22937,.,-10.7834295755,39.1128015083,.
22938,.,-10.7834295755,39.1128015083,.
22939,.,-10.7834295755,39.1128015083,.
22940,.,-10.8316089119,39.7388824298,.
22941,.,-9.94399101006,39.4945569053,.
22942,.,-10.7963029763,39.5170007783,.
22943,.,-10.7963029763,39.5170007783,.
22944,.,-10.7963029763,39.5170007783,.
22945,.,-10.8339031339,39.6313789733,.
22946,.,-10.7963029763,39.5170007783,.
22947,.,-10.7963029763,39.5170007783,.
22948,.,-10.7963029763,39.5170007783,.
22949,.,-10.7963029763,39.5170007783,.
22950,.,-10.7963029763,39.5170007783,.
22951,.,-10.7963029763,39.5170007783,.
22952,.,-10.5917164046,39.4096450057,.
22953,.,-10.7692036472,39.447267831,.
22954,.,-10.269359865,39.9954362495,.
22955,.,-10.3119858029,40.1469602465,.
22956,.,-10.1111207494,39.8924229195,.
22957,.,-10.3119858029,40.1469602465,.
22958,.,-10.3119858029,40.1469602465,.
22959,.,-10.5793690853,38.8901361881,.
22960,.,-10.5793690853,38.8901361881,.
22961,.,-10.5793690853,38.8901361881,.
22962,.,-10.565719741,38.9167426852,.
22963,.,-10.2096740114,40.0685180066,.
22964,.,-10.9714279638,37.39884616,.
22965,.,-10.9714279638,37.39884616,.
22966,.,-10.7956744316,37.7944945739,.
22967,.,-10.7956744316,37.7944945739,.
22968,.,-10.9714279638,37.39884616,.
22969,.,-10.9714279638,37.39884616,.
22970,.,-10.9714279638,37.39884616,.
22971,.,-10.9714279638,37.39884616,.
22972,.,-10.9714279638,37.39884616,.
22973,.,-10.9714279638,37.39884616,.
22974,.,-11.0262823921,37.362473797,.
22975,.,-11.062240589,37.3051757552,.
22976,.,-11.062240589,37.3051757552,.
22977,.,-11.062240589,37.3051757552,.
22978,.,-11.062240589,37.3051757552,.
22979,.,-11.0724511372,37.3192514844,.
22980,.,-11.0724511372,37.3192514844,.
22981,.,-11.0724511372,37.3192514844,.
22982,.,-11.0724511372,37.3192514844,.
22983,.,-11.0724511372,37.3192514844,.
22984,.,-11.0724511372,37.3192514844,.
22985,.,-11.0119370026,37.2691084887,.
22986,.,-11.0119370026,37.2691084887,.
22987,.,-11.0119370026,37.2691084887,.
22988,.,-11.0119370026,37.2691084887,.
22989,.,-11.4970123249,35.6076255042,.
22990,.,-11.4970123249,35.6076255042,.
22991,.,-11.4970123249,35.6076255042,.
22992,.,-11.4970123249,35.6076255042,.
22993,.,-11.4970123249,35.6076255042,.
22994,.,-11.4970123249,35.6076255042,.
22995,.,-11.4970123249,35.6076255042,.
22996,.,-11.4970123249,35.6076255042,.
22997,.,-11.4970123249,35.6076255042,.
22998,.,-11.4970123249,35.6076255042,.
22999,.,-10.5699281844,35.3534570885,.
23000,.,-10.5699281844,35.3534570885,.
23001,.,-10.5699281844,35.3534570885,.
23002,.,-10.5699281844,35.3534570885,.
23003,.,-10.5699281844,35.3534570885,.
23004,.,-10.5699281844,35.3534570885,.
23005,.,-10.5699281844,35.3534570885,.
23006,.,-10.5699281844,35.3534570885,.
23007,.,-10.5699281844,35.3534570885,.
23008,.,-10.5699281844,35.3534570885,.
23009,.,-10.5699281844,35.3534570885,.
23010,.,-10.5699281844,35.3534570885,.
23011,.,-10.5699281844,35.3534570885,.
23012,.,-10.6055254976,35.4889842628,.
23013,.,-10.6055254976,35.4889842628,.
23014,.,-10.6055254976,35.4889842628,.
23015,.,-10.6055254976,35.4889842628,.
23016,.,-10.6055254976,35.4889842628,.
23017,.,-10.7015940883,35.5923612601,.
23018,.,-10.6055254976,35.4889842628,.
23019,.,-10.6055254976,35.4889842628,.
23020,.,-10.6055254976,35.4889842628,.
23021,.,-10.6055254976,35.4889842628,.
23022,.,-10.6055254976,35.4889842628,.
23023,.,-10.6055254976,35.4889842628,.
23024,.,-10.6055254976,35.4889842628,.
23025,.,-10.6055254976,35.4889842628,.
23026,.,-10.6055254976,35.4889842628,.
23027,.,-10.6055254976,35.4889842628,.
23028,.,-10.0645321785,34.6588538,.
23029,.,-10.0645321785,34.6588538,.
23030,.,-10.7920607683,35.7555383543,.
23031,.,-10.7920607683,35.7555383543,.
23032,.,-10.7920607683,35.7555383543,.
23033,.,-10.7920607683,35.7555383543,.
23034,.,-11.315454126,34.7862970999,.
23035,.,-10.7132425922,35.6127398892,.
23036,.,-11.1703191963,34.9964716241,.
23037,.,-11.1703191963,34.9964716241,.
23038,.,-11.1703191963,34.9964716241,.
23039,.,-11.1703191963,34.9964716241,.
23040,.,-11.1703191963,34.9964716241,.
23041,.,-11.1703191963,34.9964716241,.
23042,.,-11.1703191963,34.9964716241,.
23043,.,-11.1703191963,34.9964716241,.
23044,.,-11.1703191963,34.9964716241,.
23045,.,-11.1703191963,34.9964716241,.
23046,.,-11.1703191963,34.9964716241,.
23047,.,-11.1087903236,34.6421658288,.
23048,.,-11.1087903236,34.6421658288,.
23049,.,-10.981236236,35.0422782094,.
23050,.,-10.9874462869,34.8933878158,.
23051,.,-10.9874462869,34.8933878158,.
23052,.,-10.9874462869,34.8933878158,.
23053,.,-10.9874462869,34.8933878158,.
23054,.,-10.9874462869,34.8933878158,.
23055,.,-10.9874462869,34.8933878158,.
23056,.,-10.9874462869,34.8933878158,.
23057,.,-10.9874462869,34.8933878158,.
23058,.,-10.9874462869,34.8933878158,.
23059,.,-10.9874462869,34.8933878158,.
23060,.,-11.2012125073,35.3468738771,.
23061,.,-10.9874462869,34.8933878158,.
23062,.,-10.9874462869,34.8933878158,.
23063,.,-10.5663070877,34.6172289454,.
23064,.,-10.5663070877,34.6172289454,.
23065,.,-10.5663070877,34.6172289454,.
23066,.,-10.814478961,35.2847225571,.
23067,.,-11.3667549011,35.0224675311,.
23068,.,-10.5663070877,34.6172289454,.
23069,.,-10.5216624934,34.7134374332,.
23070,.,-10.6280174276,34.6579888945,.
23071,.,-10.5663070877,34.6172289454,.
23072,.,-10.5663070877,34.6172289454,.
23073,.,-10.5663070877,34.6172289454,.
23074,.,-10.5663070877,34.6172289454,.
23075,.,-10.5663070877,34.6172289454,.
23076,.,-10.4816059183,35.6880209004,.
23077,.,-10.4816059183,35.6880209004,.
23078,.,-10.4816059183,35.6880209004,.
23079,.,-10.4816059183,35.6880209004,.
23080,.,-10.4816059183,35.6880209004,.
23081,.,-10.6236371171,35.6364571923,.
23082,.,-10.0987640029,35.9029472199,.
23083,.,-10.5480758644,36.3218622396,.
23084,.,-10.4604999998,36.1262454366,.
23085,.,-10.5480758644,36.3218622396,.
23086,.,-7.67612602871,35.7363067122,.
23087,.,-7.67612602871,35.7363067122,.
23088,.,-7.67612602871,35.7363067122,.
23089,.,-7.67612602871,35.7363067122,.
23090,.,-7.67612602871,35.7363067122,.
23091,.,-7.67612602871,35.7363067122,.
23092,.,-7.67612602871,35.7363067122,.
23093,.,-7.67612602871,35.7363067122,.
23094,.,-7.67612602871,35.7363067122,.
23095,.,-7.67612602871,35.7363067122,.
23096,.,-7.67612602871,35.7363067122,.
23097,.,-7.67612602871,35.7363067122,.
23098,.,-7.67612602871,35.7363067122,.
23099,.,-7.67612602871,35.7363067122,.
23100,.,-7.67612602871,35.7363067122,.
23101,.,-7.67612602871,35.7363067122,.
23102,.,-7.67612602871,35.7363067122,.
23103,.,-7.67612602871,35.7363067122,.
23104,.,-7.67612602871,35.7363067122,.
23105,.,-7.67612602871,35.7363067122,.
23106,.,-7.94041555694,35.0647803448,.
23107,.,-7.94041555694,35.0647803448,.
23108,.,-7.94041555694,35.0647803448,.
23109,.,-7.94041555694,35.0647803448,.
23110,.,-7.94041555694,35.0647803448,.
23111,.,-7.94041555694,35.0647803448,.
23112,.,-7.94041555694,35.0647803448,.
23113,.,-7.94041555694,35.0647803448,.
23114,.,-7.94041555694,35.0647803448,.
23115,.,-7.94041555694,35.0647803448,.
23116,.,-7.94041555694,35.0647803448,.
23117,.,-7.68556285032,35.9897789826,.
23118,.,-7.68556285032,35.9897789826,.
23119,.,-8.55092436269,34.8392741687,.
23120,.,-8.55092436269,34.8392741687,.
23121,.,-8.55092436269,34.8392741687,.
23122,.,-8.55092436269,34.8392741687,.
23123,.,-8.55092436269,34.8392741687,.
23124,.,-8.55092436269,34.8392741687,.
23125,.,-8.55092436269,34.8392741687,.
23126,.,-8.55092436269,34.8392741687,.
23127,.,-8.55092436269,34.8392741687,.
23128,.,-8.55092436269,34.8392741687,.
23129,.,-8.55092436269,34.8392741687,.
23130,.,-8.55092436269,34.8392741687,.
23131,.,-8.55092436269,34.8392741687,.
23132,.,-8.55092436269,34.8392741687,.
23133,.,-8.55092436269,34.8392741687,.
23134,.,-8.55092436269,34.8392741687,.
23135,.,-8.55092436269,34.8392741687,.
23136,.,-8.55092436269,34.8392741687,.
23137,.,-8.55092436269,34.8392741687,.
23138,.,-8.40262569289,34.7455834928,.
23139,.,-8.40262569289,34.7455834928,.
23140,.,-8.40262569289,34.7455834928,.
23141,.,-8.40262569289,34.7455834928,.
23142,.,-8.40262569289,34.7455834928,.
23143,.,-8.40262569289,34.7455834928,.
23144,.,-8.40262569289,34.7455834928,.
23145,.,-8.40262569289,34.7455834928,.
23146,.,-8.40262569289,34.7455834928,.
23147,.,-8.40262569289,34.7455834928,.
23148,.,-8.40262569289,34.7455834928,.
23149,.,-8.40262569289,34.7455834928,.
23150,.,-8.5211643997,35.3501453926,.
23151,.,-8.5211643997,35.3501453926,.
23152,.,-8.5211643997,35.3501453926,.
23153,.,-8.5211643997,35.3501453926,.
23154,.,-8.5211643997,35.3501453926,.
23155,.,-8.5211643997,35.3501453926,.
23156,.,-8.5211643997,35.3501453926,.
23157,.,-8.5211643997,35.3501453926,.
23158,.,-8.5211643997,35.3501453926,.
23159,.,-8.5211643997,35.3501453926,.
23160,.,-8.54986494767,35.3396465527,.
23161,.,-8.54986494767,35.3396465527,.
23162,.,-8.54986494767,35.3396465527,.
23163,.,-8.54986494767,35.3396465527,.
23164,.,-8.54986494767,35.3396465527,.
23165,.,-8.54986494767,35.3396465527,.
23166,.,-8.54986494767,35.3396465527,.
23167,.,-8.54986494767,35.3396465527,.
23168,.,-8.54986494767,35.3396465527,.
23169,.,-8.54986494767,35.3396465527,.
23170,.,-8.54986494767,35.3396465527,.
23171,.,-8.54986494767,35.3396465527,.
23172,.,-8.50050348016,35.0654615304,.
23173,.,-8.97687032959,33.9531951673,.
23174,.,-8.97687032959,33.9531951673,.
23175,.,-8.97687032959,33.9531951673,.
23176,.,-8.97687032959,33.9531951673,.
23177,.,-8.97687032959,33.9531951673,.
23178,.,-8.97687032959,33.9531951673,.
23179,.,-8.97687032959,33.9531951673,.
23180,.,-8.97687032959,33.9531951673,.
23181,.,-8.97687032959,33.9531951673,.
23182,.,-8.97687032959,33.9531951673,.
23183,.,-8.97687032959,33.9531951673,.
23184,.,-8.97687032959,33.9531951673,.
23185,.,-8.97687032959,33.9531951673,.
23186,.,-8.97687032959,33.9531951673,.
23187,.,-9.28034916915,34.718545934,.
23188,.,-9.28034916915,34.718545934,.
23189,.,-9.28034916915,34.718545934,.
23190,.,-9.28034916915,34.718545934,.
23191,.,-9.28034916915,34.718545934,.
23192,.,-9.28034916915,34.718545934,.
23193,.,-9.28034916915,34.718545934,.
23194,.,-9.28034916915,34.718545934,.
23195,.,-9.22929359548,34.6922449319,.
23196,.,-9.22929359548,34.6922449319,.
23197,.,-9.06518403736,34.7932079615,.
23198,.,-9.06518403736,34.7932079615,.
23199,.,-9.06518403736,34.7932079615,.
23200,.,-9.06518403736,34.7932079615,.
23201,.,-9.06518403736,34.7932079615,.
23202,.,-9.06518403736,34.7932079615,.
23203,.,-9.06518403736,34.7932079615,.
23204,.,-9.08712494708,34.8715501623,.
23205,.,-9.06518403736,34.7932079615,.
23206,.,-9.06518403736,34.7932079615,.
23207,.,-3.26560860131,37.4851479606,.
23208,.,-9.06518403736,34.7932079615,.
23209,.,-9.06518403736,34.7932079615,.
23210,.,-9.06518403736,34.7932079615,.
23211,.,-9.06518403736,34.7932079615,.
23212,.,-9.06518403736,34.7932079615,.
23213,.,-9.06518403736,34.7932079615,.
23214,.,-9.82215874178,34.4535367745,.
23215,.,-9.82215874178,34.4535367745,.
23216,.,-9.82215874178,34.4535367745,.
23217,.,-9.82215874178,34.4535367745,.
23218,.,-9.82215874178,34.4535367745,.
23219,.,-9.82215874178,34.4535367745,.
23220,.,-9.82215874178,34.4535367745,.
23221,.,-9.82215874178,34.4535367745,.
23222,.,-9.82215874178,34.4535367745,.
23223,.,-9.82215874178,34.4535367745,.
23224,.,-9.82215874178,34.4535367745,.
23225,.,-10.0842328565,34.5797913484,.
23226,.,-10.0842328565,34.5797913484,.
23227,.,-10.0572728253,34.5416040809,.
23228,.,-10.0842328565,34.5797913484,.
23229,.,-10.0842328565,34.5797913484,.
23230,.,-10.0842328565,34.5797913484,.
23231,.,-10.078585888,34.6586064784,.
23232,.,-10.078585888,34.6586064784,.
23233,.,-10.078585888,34.6586064784,.
23234,.,-10.078585888,34.6586064784,.
23235,.,-10.078585888,34.6586064784,.
23236,.,-10.078585888,34.6586064784,.
23237,.,-10.078585888,34.6586064784,.
23238,.,-10.078585888,34.6586064784,.
23239,.,-10.078585888,34.6586064784,.
23240,.,-10.078585888,34.6586064784,.
23241,.,-7.74434654068,35.7044597841,.
23242,.,-7.74434654068,35.7044597841,.
23243,.,-7.74434654068,35.7044597841,.
23244,.,-7.74434654068,35.7044597841,.
23245,.,-7.74434654068,35.7044597841,.
23246,.,-7.74167210469,35.6974412155,.
23247,.,-8.30213795584,35.2742376555,.
23248,.,-7.74167210469,35.6974412155,.
23249,.,-7.74167210469,35.6974412155,.
23250,.,-7.74167210469,35.6974412155,.
23251,.,-6.29644233158,36.4950984525,.
23252,.,-7.74167210469,35.6974412155,.
23253,.,-7.74167210469,35.6974412155,.
23254,.,-7.74167210469,35.6974412155,.
23255,.,-7.74167210469,35.6974412155,.
23256,.,-6.71242605849,37.6655963237,.
23257,.,-7.78974533593,35.6726002468,.
23258,.,-7.83304159879,35.6215171782,.
23259,.,-7.51307454079,36.4424381924,.
23260,.,-7.51307454079,36.4424381924,.
23261,.,-7.51307454079,36.4424381924,.
23262,.,-7.51307454079,36.4424381924,.
23263,.,-7.51307454079,36.4424381924,.
23264,.,-7.51307454079,36.4424381924,.
23265,.,-7.78742809841,33.4073727084,.
23266,.,-7.97633006884,33.292573887,.
23267,.,-8.44555605324,33.1463979267,.
23268,.,-8.44555605324,33.1463979267,.
23269,.,-8.44555605324,33.1463979267,.
23270,.,-8.44555605324,33.1463979267,.
23271,.,-8.44555605324,33.1463979267,.
23272,.,-8.69687049164,33.2885568225,.
23273,.,-8.69687049164,33.2885568225,.
23274,.,-8.69687049164,33.2885568225,.
23275,.,-8.69687049164,33.2885568225,.
23276,.,-8.69687049164,33.2885568225,.
23277,.,-8.69687049164,33.2885568225,.
23278,.,-8.69687049164,33.2885568225,.
23279,.,-8.69687049164,33.2885568225,.
23280,.,-8.69687049164,33.2885568225,.
23281,.,-8.69687049164,33.2885568225,.
23282,.,-8.42501368217,33.0209206742,.
23283,.,-8.42501368217,33.0209206742,.
23284,.,-8.42501368217,33.0209206742,.
23285,.,-8.42501368217,33.0209206742,.
23286,.,-8.42501368217,33.0209206742,.
23287,.,-8.42501368217,33.0209206742,.
23288,.,-8.64453211194,32.2654265266,.
23289,.,-9.24647676,33.3549881327,.
23290,.,-9.24647676,33.3549881327,.
23291,.,-9.20051459089,33.263969761,.
23292,.,-9.24647676,33.3549881327,.
23293,.,-9.24647676,33.3549881327,.
23294,.,-9.24647676,33.3549881327,.
23295,.,-9.24647676,33.3549881327,.
23296,.,-9.24647676,33.3549881327,.
23297,.,-9.24647676,33.3549881327,.
23298,.,-9.24647676,33.3549881327,.
23299,.,-9.24647676,33.3549881327,.
23300,.,-9.24647676,33.3549881327,.
23301,.,-9.24647676,33.3549881327,.
23302,.,-9.24647676,33.3549881327,.
23303,.,-9.24647676,33.3549881327,.
23304,.,-9.24647676,33.3549881327,.
23305,.,-9.24647676,33.3549881327,.
23306,.,-9.24647676,33.3549881327,.
23307,.,-9.24647676,33.3549881327,.
23308,.,-9.24647676,33.3549881327,.
23309,.,-9.24647676,33.3549881327,.
23310,.,-9.24647676,33.3549881327,.
23311,.,-9.24647676,33.3549881327,.
23312,.,-9.24647676,33.3549881327,.
23313,.,-9.24647676,33.3549881327,.
23314,.,-9.24647676,33.3549881327,.
23315,.,-9.24647676,33.3549881327,.
23316,.,-9.24647676,33.3549881327,.
23317,.,-9.24647676,33.3549881327,.
23318,.,-9.24647676,33.3549881327,.
23319,.,-9.24647676,33.3549881327,.
23320,.,-9.24647676,33.3549881327,.
23321,.,-9.24647676,33.3549881327,.
23322,.,-9.24647676,33.3549881327,.
23323,.,-9.24647676,33.3549881327,.
23324,.,-9.13846352133,33.3379480459,.
23325,.,-9.13846352133,33.3379480459,.
23326,.,-9.13846352133,33.3379480459,.
23327,.,-9.13846352133,33.3379480459,.
23328,.,-9.13846352133,33.3379480459,.
23329,.,-9.13846352133,33.3379480459,.
23330,.,-9.13846352133,33.3379480459,.
23331,.,-9.13846352133,33.3379480459,.
23332,.,-9.13846352133,33.3379480459,.
23333,.,-9.13846352133,33.3379480459,.
23334,.,-9.13846352133,33.3379480459,.
23335,.,-9.13846352133,33.3379480459,.
23336,.,-9.13846352133,33.3379480459,.
23337,.,-9.13846352133,33.3379480459,.
23338,.,-9.13846352133,33.3379480459,.
23339,.,-9.13846352133,33.3379480459,.
23340,.,-9.13846352133,33.3379480459,.
23341,.,-9.13846352133,33.3379480459,.
23342,.,-9.13846352133,33.3379480459,.
23343,.,-9.13846352133,33.3379480459,.
23344,.,-9.13846352133,33.3379480459,.
23345,.,-9.13846352133,33.3379480459,.
23346,.,-9.13846352133,33.3379480459,.
23347,.,-9.13846352133,33.3379480459,.
23348,.,-9.42748897427,33.9739001079,.
23349,.,-9.42748897427,33.9739001079,.
23350,.,-9.63818045904,33.960012774,.
23351,.,-9.63818045904,33.960012774,.
23352,.,-9.63818045904,33.960012774,.
23353,.,-6.8610237052,39.1606748934,.
23354,.,-9.63818045904,33.960012774,.
23355,.,-9.15958578279,33.8305097684,.
23356,.,-9.15958578279,33.8305097684,.
23357,.,-9.15958578279,33.8305097684,.
23358,.,-9.15958578279,33.8305097684,.
23359,.,-9.15958578279,33.8305097684,.
23360,.,-9.27083976088,33.6005397265,.
23361,.,-9.27083976088,33.6005397265,.
23362,.,-9.27083976088,33.6005397265,.
23363,.,-9.27083976088,33.6005397265,.
23364,.,-9.27083976088,33.6005397265,.
23365,.,-9.27083976088,33.6005397265,.
23366,.,-9.27083976088,33.6005397265,.
23367,.,-9.27083976088,33.6005397265,.
23368,.,-9.27083976088,33.6005397265,.
23369,.,-9.27083976088,33.6005397265,.
23370,.,-9.27083976088,33.6005397265,.
23371,.,-9.27083976088,33.6005397265,.
23372,.,-9.27083976088,33.6005397265,.
23373,.,-9.27083976088,33.6005397265,.
23374,.,-8.82569506997,33.8642773511,.
23375,.,-9.16790861732,33.543297528,.
23376,.,-9.16790861732,33.543297528,.
23377,.,-9.16790861732,33.543297528,.
23378,.,-9.16790861732,33.543297528,.
23379,.,-9.16790861732,33.543297528,.
23380,.,-9.47917554744,33.1292811917,.
23381,.,-9.47917554744,33.1292811917,.
23382,.,-9.47917554744,33.1292811917,.
23383,.,-9.27147812568,32.7961924978,.
23384,.,-9.27147812568,32.7961924978,.
23385,.,-9.47917554744,33.1292811917,.
23386,.,-9.47917554744,33.1292811917,.
23387,.,-9.47917554744,33.1292811917,.
23388,.,-9.47917554744,33.1292811917,.
23389,.,-9.47917554744,33.1292811917,.
23390,.,-9.47917554744,33.1292811917,.
23391,.,-9.47917554744,33.1292811917,.
23392,.,-9.47917554744,33.1292811917,.
23393,.,-9.47917554744,33.1292811917,.
23394,.,-9.47917554744,33.1292811917,.
23395,.,-9.47917554744,33.1292811917,.
23396,.,-9.47917554744,33.1292811917,.
23397,.,-9.47917554744,33.1292811917,.
23398,.,-9.47917554744,33.1292811917,.
23399,.,-9.47917554744,33.1292811917,.
23400,.,-9.47917554744,33.1292811917,.
23401,.,-9.47917554744,33.1292811917,.
23402,.,-9.47917554744,33.1292811917,.
23403,.,-9.47917554744,33.1292811917,.
23404,.,-9.47917554744,33.1292811917,.
23405,.,-9.47917554744,33.1292811917,.
23406,.,-9.47917554744,33.1292811917,.
23407,.,-9.47917554744,33.1292811917,.
23408,.,-9.43040863328,33.0661899602,.
23409,.,-9.43040863328,33.0661899602,.
23410,.,-9.43040863328,33.0661899602,.
23411,.,-9.43040863328,33.0661899602,.
23412,.,-9.43040863328,33.0661899602,.
23413,.,-9.43040863328,33.0661899602,.
23414,.,-9.43040863328,33.0661899602,.
23415,.,-9.31087929201,33.0699658571,.
23416,.,-9.43040863328,33.0661899602,.
23417,.,-9.43040863328,33.0661899602,.
23418,.,-9.43040863328,33.0661899602,.
23419,.,-9.43040863328,33.0661899602,.
23420,.,-9.43040863328,33.0661899602,.
23421,.,-9.43040863328,33.0661899602,.
23422,.,-9.43040863328,33.0661899602,.
23423,.,-9.43040863328,33.0661899602,.
23424,.,-8.89051671507,33.0212269867,.
23425,.,-8.89051671507,33.0212269867,.
23426,.,-8.89051671507,33.0212269867,.
23427,.,-8.89051671507,33.0212269867,.
23428,.,-8.89051671507,33.0212269867,.
23429,.,-8.89051671507,33.0212269867,.
23430,.,-8.89051671507,33.0212269867,.
23431,.,-8.89051671507,33.0212269867,.
23432,.,-8.89051671507,33.0212269867,.
23433,.,-8.89051671507,33.0212269867,.
23434,.,-8.89051671507,33.0212269867,.
23435,.,-8.89051671507,33.0212269867,.
23436,.,-8.89051671507,33.0212269867,.
23437,.,-8.89051671507,33.0212269867,.
23438,.,-8.89051671507,33.0212269867,.
23439,.,-8.89051671507,33.0212269867,.
23440,.,-8.89051671507,33.0212269867,.
23441,.,-8.88662767683,33.1346796391,.
23442,.,-8.88662767683,33.1346796391,.
23443,.,-8.88662767683,33.1346796391,.
23444,.,-8.88662767683,33.1346796391,.
23445,.,-8.88662767683,33.1346796391,.
23446,.,-8.90168147627,33.3447587554,.
23447,.,-9.1470406289,32.8802095903,.
23448,.,-9.1470406289,32.8802095903,.
23449,.,-9.1470406289,32.8802095903,.
23450,.,-9.1470406289,32.8802095903,.
23451,.,-9.1470406289,32.8802095903,.
23452,.,-9.1470406289,32.8802095903,.
23453,.,-9.1470406289,32.8802095903,.
23454,.,-9.1470406289,32.8802095903,.
23455,.,-8.63875390986,34.3312433193,.
23456,.,-8.63875390986,34.3312433193,.
23457,.,-8.63875390986,34.3312433193,.
23458,.,-8.63875390986,34.3312433193,.
23459,.,-8.63875390986,34.3312433193,.
23460,.,-8.63875390986,34.3312433193,.
23461,.,-8.63875390986,34.3312433193,.
23462,.,-8.91050242558,33.5714036638,.
23463,.,-8.91050242558,33.5714036638,.
23464,.,-8.91050242558,33.5714036638,.
23465,.,-8.91050242558,33.5714036638,.
23466,.,-8.91050242558,33.5714036638,.
23467,.,-8.91050242558,33.5714036638,.
23468,.,-8.91050242558,33.5714036638,.
23469,.,-8.91050242558,33.5714036638,.
23470,.,-8.91050242558,33.5714036638,.
23471,.,-8.91050242558,33.5714036638,.
23472,.,-8.91050242558,33.5714036638,.
23473,.,-8.91050242558,33.5714036638,.
23474,.,-8.92486538752,33.4877157393,.
23475,.,-4.22922880862,34.4270412138,.
23476,.,-4.22922880862,34.4270412138,.
23477,.,-3.14756942666,32.3253781674,.
23478,.,-4.22922880862,34.4270412138,.
23479,.,-4.43288216284,33.6211227718,.
23480,.,-4.43288216284,33.6211227718,.
23481,.,-4.40128111102,34.2727126067,.
23482,.,-4.40128111102,34.2727126067,.
23483,.,-4.40128111102,34.2727126067,.
23484,.,-4.40128111102,34.2727126067,.
23485,.,-4.40128111102,34.2727126067,.
23486,.,-4.40128111102,34.2727126067,.
23487,.,-4.40128111102,34.2727126067,.
23488,.,-4.40128111102,34.2727126067,.
23489,.,-4.40128111102,34.2727126067,.
23490,.,-5.56660153287,34.6680085336,.
23491,.,-5.56660153287,34.6680085336,.
23492,.,-5.56660153287,34.6680085336,.
23493,.,-5.56660153287,34.6680085336,.
23494,.,-5.56660153287,34.6680085336,.
23495,.,-5.44858551312,34.7177457271,.
23496,.,-5.49992686326,34.9728845164,.
23497,.,-5.49992686326,34.9728845164,.
23498,.,-5.49992686326,34.9728845164,.
23499,.,-5.49992686326,34.9728845164,.
23500,.,-5.45068075103,34.9908432489,.
23501,.,-5.49992686326,34.9728845164,.
23502,.,-5.49992686326,34.9728845164,.
23503,.,-5.49992686326,34.9728845164,.
23504,.,-5.9523354229,34.0620684006,.
23505,.,-5.9523354229,34.0620684006,.
23506,.,-5.9523354229,34.0620684006,.
23507,.,-5.9523354229,34.0620684006,.
23508,.,-5.9446435272,34.0707884286,.
23509,.,-5.08296520489,34.4622031746,.
23510,.,-4.92398402673,34.7040911478,.
23511,.,-4.59621251551,33.4768727632,.
23512,.,-4.59621251551,33.4768727632,.
23513,.,-4.58139968435,33.499337277,.
23514,.,-4.23443225166,33.1746065593,.
23515,.,-4.23443225166,33.1746065593,.
23516,.,-4.3897205525,33.2270711755,.
23517,.,-4.3897205525,33.2270711755,.
23518,.,-4.3897205525,33.2270711755,.
23519,.,-4.3897205525,33.2270711755,.
23520,.,-4.3897205525,33.2270711755,.
23521,.,-4.3049669534,33.172013576,.
23522,.,-4.3049669534,33.172013576,.
23523,.,-4.3049669534,33.172013576,.
23524,.,-4.3897205525,33.2270711755,.
23525,.,-4.05294035674,33.4596967817,.
23526,.,-4.31459027428,34.1444308533,.
23527,.,-4.14498264452,33.9851166376,.
23528,.,-4.06519358153,33.9406046926,.
23529,.,-4.06519358153,33.9406046926,.
23530,.,-4.14498264452,33.9851166376,.
23531,.,-4.14498264452,33.9851166376,.
23532,.,-4.14498264452,33.9851166376,.
23533,.,-6.22699665022,33.879064513,.
23534,.,-6.22699665022,33.879064513,.
23535,.,-6.22221083509,33.8816345431,.
23536,.,-6.98176234875,33.4546931392,.
23537,.,-4.14498264452,33.9851166376,.
23538,.,-4.14498264452,33.9851166376,.
23539,.,-4.63738606153,34.0762822093,.
23540,.,-4.3018130922,33.8809542643,.
23541,.,-4.3018130922,33.8809542643,.
23542,.,-4.20854611022,33.8045305644,.
23543,.,-4.20854611022,33.8045305644,.
23544,.,-4.0981152547,33.930043662,.
23545,.,-4.0981152547,33.930043662,.
23546,.,-4.0981152547,33.930043662,.
23547,.,-4.07518040831,33.808234988,.
23548,.,-4.0981152547,33.930043662,.
23549,.,-4.0981152547,33.930043662,.
23550,.,-4.0981152547,33.930043662,.
23551,.,-4.0981152547,33.930043662,.
23552,.,-4.55691586066,33.4384077658,.
23553,.,-4.55691586066,33.4384077658,.
23554,.,-4.55691586066,33.4384077658,.
23555,.,-4.68176310895,33.3472883115,.
23556,.,-4.28967822068,33.4538677983,.
23557,.,-4.96519474055,33.5118957918,.
23558,.,-4.21340766566,33.3473286486,.
23559,.,-4.96519474055,33.5118957918,.
23560,.,-4.96519474055,33.5118957918,.
23561,.,-4.96519474055,33.5118957918,.
23562,.,-4.96519474055,33.5118957918,.
23563,.,-4.25814783339,32.5436613294,.
23564,.,-4.23962382713,32.5429077028,.
23565,.,-4.25814783339,32.5436613294,.
23566,.,-4.25814783339,32.5436613294,.
23567,.,-4.25814783339,32.5436613294,.
23568,.,-4.05163220615,32.920730996,.
23569,.,-4.25814783339,32.5436613294,.
23570,.,-4.25814783339,32.5436613294,.
23571,.,-4.25814783339,32.5436613294,.
23572,.,-3.83155795395,32.6091928575,.
23573,.,-4.25814783339,32.5436613294,.
23574,.,-4.57707107167,32.1558832487,.
23575,.,-4.57707107167,32.1558832487,.
23576,.,-5.628821094,32.9001260571,.
23577,.,-5.60111056353,32.7398680789,.
23578,.,-5.628821094,32.9001260571,.
23579,.,-5.628821094,32.9001260571,.
23580,.,-5.628821094,32.9001260571,.
23581,.,-6.34858865514,33.8467021019,.
23582,.,-6.34858865514,33.8467021019,.
23583,.,-6.34858865514,33.8467021019,.
23584,.,-6.34858865514,33.8467021019,.
23585,.,-6.34858865514,33.8467021019,.
23586,.,-6.34858865514,33.8467021019,.
23587,.,-6.34458041362,33.9308391607,.
23588,.,-5.36028792404,32.7177355727,.
23589,.,-5.36028792404,32.7177355727,.
23590,.,-5.39733213239,32.6189768953,.
23591,.,-5.39733213239,32.6189768953,.
23592,.,-5.36028792404,32.7177355727,.
23593,.,-5.36028792404,32.7177355727,.
23594,.,-5.36028792404,32.7177355727,.
23595,.,-5.36028792404,32.7177355727,.
23596,.,-5.36028792404,32.7177355727,.
23597,.,-5.36028792404,32.7177355727,.
23598,.,-4.39169610424,32.7092410183,.
23599,.,-3.06729882385,33.9935181378,.
23600,.,-5.04052894667,32.7995963571,.
23601,.,-4.96285375573,32.7232824196,.
23602,.,-4.96285375573,32.7232824196,.
23603,.,-4.95262959157,32.8087651249,.
23604,.,-4.95262959157,32.8087651249,.
23605,.,-4.95262959157,32.8087651249,.
23606,.,-5.11964404335,32.8958618053,.
23607,.,-5.11964404335,32.8958618053,.
23608,.,-5.11964404335,32.8958618053,.
23609,.,-5.11964404335,32.8958618053,.
23610,.,-5.11964404335,32.8958618053,.
23611,.,-6.35251948139,31.2902087031,.
23612,.,-6.35251948139,31.2902087031,.
23613,.,-5.53771526836,30.3423851435,.
23614,.,-6.33327560237,31.0775359216,.
23615,.,-6.34827726448,31.0697396366,.
23616,.,-8.72443200082,31.9670078867,.
23617,.,-8.72443200082,31.9670078867,.
23618,.,-8.72443200082,31.9670078867,.
23619,.,-7.65728105563,31.579438749,.
23620,.,-7.65728105563,31.579438749,.
23621,.,-7.65728105563,31.579438749,.
23622,.,-7.65728105563,31.579438749,.
23623,.,-7.65728105563,31.579438749,.
23624,.,-7.6814534877,31.5539158846,.
23625,.,-7.6814534877,31.5539158846,.
23626,.,-7.65728105563,31.579438749,.
23627,.,-7.8178464825,31.7755881766,.
23628,.,-7.8178464825,31.7755881766,.
23629,.,-7.8178464825,31.7755881766,.
23630,.,-7.8178464825,31.7755881766,.
23631,.,-7.8178464825,31.7755881766,.
23632,.,-7.8178464825,31.7755881766,.
23633,.,-7.8178464825,31.7755881766,.
23634,.,-7.8178464825,31.7755881766,.
23635,.,-7.55806244537,31.1565599568,.
23636,.,-7.53907285663,31.1187034155,.
23637,.,-7.53907285663,31.1187034155,.
23638,.,-7.53907285663,31.1187034155,.
23639,.,-7.53907285663,31.1187034155,.
23640,.,-7.53907285663,31.1187034155,.
23641,.,-8.04840963372,31.6641173539,.
23642,.,-9.29598253735,32.7988413816,.
23643,.,-7.64023302684,31.0159666444,.
23644,.,-7.64023302684,31.0159666444,.
23645,.,-7.64023302684,31.0159666444,.
23646,.,-7.64023302684,31.0159666444,.
23647,.,-7.64023302684,31.0159666444,.
23648,.,-7.3715095723,30.6258299596,.
23649,.,-7.3715095723,30.6258299596,.
23650,.,-7.3715095723,30.6258299596,.
23651,.,-7.3715095723,30.6258299596,.
23652,.,-7.3715095723,30.6258299596,.
23653,.,-7.3715095723,30.6258299596,.
23654,.,-7.94219772951,31.7018279567,.
23655,.,-7.94219772951,31.7018279567,.
23656,.,-7.94219772951,31.7018279567,.
23657,.,-7.94219772951,31.7018279567,.
23658,.,-7.94219772951,31.7018279567,.
23659,.,-7.94219772951,31.7018279567,.
23660,.,-7.94219772951,31.7018279567,.
23661,.,-7.94219772951,31.7018279567,.
23662,.,-7.94219772951,31.7018279567,.
23663,.,-7.94219772951,31.7018279567,.
23664,.,-7.94219772951,31.7018279567,.
23665,.,-7.94219772951,31.7018279567,.
23666,.,-7.94219772951,31.7018279567,.
23667,.,-3.65041588919,30.6650993675,.
23668,.,-3.65041588919,30.6650993675,.
23669,.,-3.65041588919,30.6650993675,.
23670,.,-3.65041588919,30.6650993675,.
23671,.,-3.65041588919,30.6650993675,.
23672,.,-3.65041588919,30.6650993675,.
23673,.,-3.65041588919,30.6650993675,.
23674,.,-3.65041588919,30.6650993675,.
23675,.,-3.65041588919,30.6650993675,.
23676,.,-3.65041588919,30.6650993675,.
23677,.,-3.65041588919,30.6650993675,.
23678,.,-3.65041588919,30.6650993675,.
23679,.,-3.65041588919,30.6650993675,.
23680,.,-3.65041588919,30.6650993675,.
23681,.,-3.65041588919,30.6650993675,.
23682,.,-3.28367686206,30.9677952949,.
23683,.,-3.65041588919,30.6650993675,.
23684,.,-3.65041588919,30.6650993675,.
23685,.,-3.65041588919,30.6650993675,.
23686,.,-3.7800660554,30.4383971075,.
23687,.,-3.7800660554,30.4383971075,.
23688,.,-3.7800660554,30.4383971075,.
23689,.,-3.7800660554,30.4383971075,.
23690,.,-3.7800660554,30.4383971075,.
23691,.,-3.89113698852,30.6181480569,.
23692,.,-3.7800660554,30.4383971075,.
23693,.,-4.07716363705,30.2600239284,.
23694,.,-4.07716363705,30.2600239284,.
23695,.,-4.07716363705,30.2600239284,.
23696,.,-4.07716363705,30.2600239284,.
23697,.,-4.07716363705,30.2600239284,.
23698,.,-4.20027651316,30.5035959819,.
23699,.,-4.20027651316,30.5035959819,.
23700,.,-4.20027651316,30.5035959819,.
23701,.,-4.20027651316,30.5035959819,.
23702,.,-4.20027651316,30.5035959819,.
23703,.,-4.20027651316,30.5035959819,.
23704,.,-4.20027651316,30.5035959819,.
23705,.,-4.20027651316,30.5035959819,.
23706,.,-3.57186844276,30.7145840511,.
23707,.,-4.24196035574,30.470251415,.
23708,.,-4.20027651316,30.5035959819,.
23709,.,-4.20027651316,30.5035959819,.
23710,.,-4.20027651316,30.5035959819,.
23711,.,-4.36537822954,30.4034608998,.
23712,.,-4.63662670588,29.8392921397,.
23713,.,-4.63662670588,29.8392921397,.
23714,.,-4.63662670588,29.8392921397,.
23715,.,-4.63662670588,29.8392921397,.
23716,.,-4.49551374041,29.9125669037,.
23717,.,-4.63662670588,29.8392921397,.
23718,.,-4.63662670588,29.8392921397,.
23719,.,-4.25292596569,30.2327954399,.
23720,.,-4.29895237066,30.1672464333,.
23721,.,-4.29895237066,30.1672464333,.
23722,.,-4.29895237066,30.1672464333,.
23723,.,-4.5829947937,30.1014935028,.
23724,.,-4.5829947937,30.1014935028,.
23725,.,-4.5829947937,30.1014935028,.
23726,.,-5.117649919,31.0358208178,.
23727,.,-6.01595282708,29.7932244,.
23728,.,-5.10029146561,29.8105373506,.
23729,.,-5.10029146561,29.8105373506,.
23730,.,-6.01595282708,29.7932244,.
23731,.,-2.89710299533,34.1322853474,.
23732,.,-2.89710299533,34.1322853474,.
23733,.,-2.89710299533,34.1322853474,.
23734,.,-2.89710299533,34.1322853474,.
23735,.,-2.89710299533,34.1322853474,.
23736,.,-2.89710299533,34.1322853474,.
23737,.,-2.89710299533,34.1322853474,.
23738,.,-2.89710299533,34.1322853474,.
23739,.,-2.95524835434,34.1634300686,.
23740,.,-2.89710299533,34.1322853474,.
23741,.,-2.89710299533,34.1322853474,.
23742,.,-2.98998759389,34.1556273783,.
23743,.,-2.98998759389,34.1556273783,.
23744,.,-3.06142778268,33.7544627971,.
23745,.,-3.06142778268,33.7544627971,.
23746,.,-3.20294380356,33.6681308413,.
23747,.,-8.37401059269,36.7063284508,.
23748,.,-3.19409448404,33.490770172,.
23749,.,-3.19409448404,33.490770172,.
23750,.,-6.77538186386,39.208271083,.
23751,.,-3.8007352738,32.1546665023,.
23752,.,-3.7384363152,33.1654915825,.
23753,.,-5.20721231615,32.0725489443,.
23754,.,-5.28295052695,32.1365369706,.
23755,.,-3.85752227814,33.0552983965,.
23756,.,-3.85752227814,33.0552983965,.
23757,.,-3.91330495365,33.1217280561,.
23758,.,-3.84055356317,33.2726005305,.
23759,.,-3.28503684765,32.8305776581,.
23760,.,-3.28503684765,32.8305776581,.
23761,.,-3.28503684765,32.8305776581,.
23762,.,-3.28503684765,32.8305776581,.
23763,.,-4.03970547853,34.6430959992,.
23764,.,-3.28503684765,32.8305776581,.
23765,.,-3.35380296668,32.427921988,.
23766,.,-3.14951342617,32.2153884222,.
23767,.,-3.84943277246,32.6196090664,.
23768,.,-3.35380296668,32.427921988,.
23769,.,-3.44095329307,32.5662345929,.
23770,.,-3.44095329307,32.5662345929,.
23771,.,-4.08606248904,32.2371517329,.
23772,.,-3.69829790497,32.0980827142,.
23773,.,-5.1687383421,32.2465248422,.
23774,.,-3.77660280422,32.1561364881,.
23775,.,-3.77660280422,32.1561364881,.
23776,.,-3.77660280422,32.1561364881,.
23777,.,-3.77660280422,32.1561364881,.
23778,.,-3.77660280422,32.1561364881,.
23779,.,-2.70992304557,33.1614106489,.
23780,.,-2.70992304557,33.1614106489,.
23781,.,-3.77660280422,32.1561364881,.
23782,.,-3.77660280422,32.1561364881,.
23783,.,-2.89159942629,33.9793679692,.
23784,.,-2.89159942629,33.9793679692,.
23785,.,-2.89159942629,33.9793679692,.
23786,.,-3.58491166192,34.1925882823,.
23787,.,-3.58491166192,34.1925882823,.
23788,.,-3.58491166192,34.1925882823,.
23789,.,-3.58491166192,34.1925882823,.
23790,.,-3.58491166192,34.1925882823,.
23791,.,-3.58491166192,34.1925882823,.
23792,.,-3.20156261007,34.0992940926,.
23793,.,-3.20156261007,34.0992940926,.
23794,.,-3.20156261007,34.0992940926,.
23795,.,-3.20156261007,34.0992940926,.
23796,.,-6.09118937486,34.6382331477,.
23797,.,-3.62804977315,33.3261768833,.
23798,.,-3.62804977315,33.3261768833,.
23799,.,-3.64328730384,33.3969667478,.
23800,.,-3.64328730384,33.3969667478,.
23801,.,-3.64328730384,33.3969667478,.
23802,.,-3.55833666989,33.416700766,.
23803,.,-3.58437947895,33.5399787737,.
23804,.,-3.58437947895,33.5399787737,.
23805,.,-3.78862160398,33.4662297836,.
23806,.,-4.08718870875,33.5505744595,.
23807,.,-3.71006345998,33.9407187688,.
23808,.,-3.71006345998,33.9407187688,.
23809,.,-3.71006345998,33.9407187688,.
23810,.,-3.71006345998,33.9407187688,.
23811,.,-3.83764168282,33.7000036199,.
23812,.,-3.83764168282,33.7000036199,.
23813,.,-3.88191619038,33.7360317725,.
23814,.,-3.83764168282,33.7000036199,.
23815,.,-3.83764168282,33.7000036199,.
23816,.,-3.83764168282,33.7000036199,.
23817,.,-3.83764168282,33.7000036199,.
23818,.,-3.83764168282,33.7000036199,.
23819,.,-3.85784273361,33.6833953355,.
23820,.,-4.20013075891,33.9897132308,.
23821,.,-3.83764168282,33.7000036199,.
23822,.,-3.83764168282,33.7000036199,.
23823,.,-3.83764168282,33.7000036199,.
23824,.,-3.83764168282,33.7000036199,.
23825,.,-3.83764168282,33.7000036199,.
23826,.,-1.49855360207,31.0767292903,.
23827,.,-1.49855360207,31.0767292903,.
23828,.,-1.81423214568,30.9435364572,.
23829,.,-1.05878345536,30.6970084519,.
23830,.,-1.05878345536,30.6970084519,.
23831,.,-1.05878345536,30.6970084519,.
23832,.,-1.05878345536,30.6970084519,.
23833,.,-1.05878345536,30.6970084519,.
23834,.,-1.05878345536,30.6970084519,.
23835,.,-1.05878345536,30.6970084519,.
23836,.,-1.42892219115,30.8910626845,.
23837,.,-1.07931479015,31.4073034539,.
23838,.,-1.21342211285,31.6654970309,.
23839,.,-1.21342211285,31.6654970309,.
23840,.,-1.33849968632,31.6846828759,.
23841,.,-2.05796269381,31.4551035996,.
23842,.,-2.96821946247,32.010650635,.
23843,.,-2.96821946247,32.010650635,.
23844,.,-2.52856063922,30.6116372859,.
23845,.,-2.52856063922,30.6116372859,.
23846,.,-2.52856063922,30.6116372859,.
23847,.,-1.57090512273,31.6720428483,.
23848,.,-2.88615467371,30.7863366697,.
23849,.,-2.88615467371,30.7863366697,.
23850,.,-2.82957223291,30.4602882795,.
23851,.,-2.82957223291,30.4602882795,.
23852,.,-2.82957223291,30.4602882795,.
23853,.,-2.49120729935,30.5842530817,.
23854,.,-2.49120729935,30.5842530817,.
23855,.,-2.49120729935,30.5842530817,.
23856,.,-2.49120729935,30.5842530817,.
23857,.,-2.49120729935,30.5842530817,.
23858,.,-2.49120729935,30.5842530817,.
23859,.,-2.49120729935,30.5842530817,.
23860,.,-1.33945226163,31.787720184,.
23861,.,-1.33945226163,31.787720184,.
23862,.,-1.23291885814,31.3630712743,.
23863,.,-2.12377817082,32.8944231645,.
23864,.,-2.57535444595,33.0342193082,.
23865,.,-2.62811997107,33.3153760793,.
23866,.,-2.62811997107,33.3153760793,.
23867,.,-2.62811997107,33.3153760793,.
23868,.,-7.74980699896,35.7547693415,.
23869,.,-7.74980699896,35.7547693415,.
23870,.,-2.66900984673,33.2493099634,.
23871,.,-2.62811997107,33.3153760793,.
23872,.,-2.62811997107,33.3153760793,.
23873,.,-2.62811997107,33.3153760793,.
23874,.,-2.62811997107,33.3153760793,.
23875,.,-2.62811997107,33.3153760793,.
23876,.,-2.62811997107,33.3153760793,.
23877,.,-2.62811997107,33.3153760793,.
23878,.,-2.62811997107,33.3153760793,.
23879,.,-1.94853940442,33.8179536115,.
23880,.,-2.65785137397,33.2640666594,.
23881,.,-4.29724210043,33.1738581622,.
23882,.,-4.29724210043,33.1738581622,.
23883,.,-2.62811997107,33.3153760793,.
23884,.,-2.62811997107,33.3153760793,.
23885,.,-2.62811997107,33.3153760793,.
23886,.,-2.62811997107,33.3153760793,.
23887,.,-2.62811997107,33.3153760793,.
23888,.,-2.62811997107,33.3153760793,.
23889,.,-3.00950019425,31.8467613637,.
23890,.,-2.62811997107,33.3153760793,.
23891,.,-2.62811997107,33.3153760793,.
23892,.,-2.73104742888,33.6159739151,.
23893,.,-2.73104742888,33.6159739151,.
23894,.,-2.72171635018,33.7802907533,.
23895,.,-2.72171635018,33.7802907533,.
23896,.,-2.48763725757,31.9897689761,.
23897,.,-2.32639106574,33.9077227889,.
23898,.,-2.32639106574,33.9077227889,.
23899,.,-3.13523979938,32.1993122128,.
23900,.,-3.13523979938,32.1993122128,.
23901,.,-2.44698813377,32.6231271941,.
23902,.,-2.43582621128,32.1403404295,.
23903,.,-3.45895252979,31.9625928093,.
23904,.,-3.45895252979,31.9625928093,.
23905,.,-3.45895252979,31.9625928093,.
23906,.,-4.64487156513,31.7156817635,.
23907,.,-5.24526024215,31.6582267104,.
23908,.,-3.49394674675,32.8916484747,.
23909,.,-3.65744551297,33.4388355195,.
23910,.,-2.37134247591,32.1579371727,.
23911,.,-2.37134247591,32.1579371727,.
23912,.,-2.46606738566,32.6265852312,.
23913,.,-2.39750933875,32.0814182942,.
23914,.,-2.49643148146,32.3636082821,.
23915,.,-2.53161278736,32.0143476586,.
23916,.,-2.63060736328,31.9699324196,.
23917,.,-2.90025987049,32.2395756923,.
23918,.,-2.90025987049,32.2395756923,.
23919,.,-3.09380480611,32.0560039112,.
23920,.,-3.09380480611,32.0560039112,.
23921,.,-2.88774212349,34.1113863759,.
23922,.,-2.88774212349,34.1113863759,.
23923,.,-2.32694350967,31.7334545075,.
23924,.,-3.06949702245,31.9115056069,.
23925,.,-3.16867239779,31.9482611707,.
23926,.,-2.63729581521,31.7186005629,.
23927,.,-3.16867239779,31.9482611707,.
23928,.,-5.05834876716,32.4440489867,.
23929,.,-3.08312036715,33.2648303035,.
23930,.,-3.08312036715,33.2648303035,.
23931,.,-5.23118544107,31.769606343,.
23932,.,-2.80962830241,33.0034900267,.
23933,.,-2.80962830241,33.0034900267,.
23934,.,-2.80962830241,33.0034900267,.
23935,.,-2.80962830241,33.0034900267,.
23936,.,-2.80962830241,33.0034900267,.
23937,.,-2.80962830241,33.0034900267,.
23938,.,-3.76426294678,33.0922070181,.
23939,.,-2.80962830241,33.0034900267,.
23940,.,-2.80962830241,33.0034900267,.
23941,.,-2.80962830241,33.0034900267,.
23942,.,-2.80962830241,33.0034900267,.
23943,.,-2.54830614094,32.6882495426,.
23944,.,-2.42775938543,32.9454067619,.
23945,.,-2.42775938543,32.9454067619,.
23946,.,-2.59409326428,32.833782666,.
23947,.,-2.42775938543,32.9454067619,.
23948,.,-1.47761672789,34.4908220193,.
23949,.,-1.32477642235,34.3549724628,.
23950,.,-1.32477642235,34.3549724628,.
23951,.,-1.32477642235,34.3549724628,.
23952,.,-1.32477642235,34.3549724628,.
23953,.,-1.32477642235,34.3549724628,.
23954,.,-1.32477642235,34.3549724628,.
23955,.,-1.32477642235,34.3549724628,.
23956,.,-1.32477642235,34.3549724628,.
23957,.,-1.70650683046,34.2598241074,.
23958,.,-1.70650683046,34.2598241074,.
23959,.,-1.70650683046,34.2598241074,.
23960,.,-1.70650683046,34.2598241074,.
23961,.,-1.7047312846,34.216936902,.
23962,.,-1.56408604846,34.0737642344,.
23963,.,-1.56408604846,34.0737642344,.
23964,.,-1.89927282424,33.4015531872,.
23965,.,-1.89927282424,33.4015531872,.
23966,.,-2.03341558516,33.8688317223,.
23967,.,-2.03341558516,33.8688317223,.
23968,.,-2.03341558516,33.8688317223,.
23969,.,-1.93224762008,33.8545993835,.
23970,.,-1.93224762008,33.8545993835,.
23971,.,-1.93224762008,33.8545993835,.
23972,.,-1.93224762008,33.8545993835,.
23973,.,-1.86793575787,34.0079095325,.
23974,.,-1.93224762008,33.8545993835,.
23975,.,-4.18987311926,35.6997133778,.
23976,.,-4.18987311926,35.6997133778,.
23977,.,-4.18987311926,35.6997133778,.
23978,.,-4.18987311926,35.6997133778,.
23979,.,-4.18987311926,35.6997133778,.
23980,.,-4.18987311926,35.6997133778,.
23981,.,-4.18987311926,35.6997133778,.
23982,.,-4.18987311926,35.6997133778,.
23983,.,-4.18987311926,35.6997133778,.
23984,.,-4.18987311926,35.6997133778,.
23985,.,-4.18987311926,35.6997133778,.
23986,.,-4.22552609521,35.3247633708,.
23987,.,-4.22552609521,35.3247633708,.
23988,.,-4.22552609521,35.3247633708,.
23989,.,-4.22552609521,35.3247633708,.
23990,.,-4.22552609521,35.3247633708,.
23991,.,-4.22552609521,35.3247633708,.
23992,.,-4.22552609521,35.3247633708,.
23993,.,-4.22552609521,35.3247633708,.
23994,.,-4.50737588519,35.2374903527,.
23995,.,-4.50737588519,35.2374903527,.
23996,.,-4.50737588519,35.2374903527,.
23997,.,-4.50737588519,35.2374903527,.
23998,.,-4.50737588519,35.2374903527,.
23999,.,-4.50737588519,35.2374903527,.
24000,.,-4.49794444662,35.2436212289,.
24001,.,-4.49794444662,35.2436212289,.
24002,.,-4.50737588519,35.2374903527,.
24003,.,-4.50737588519,35.2374903527,.
24004,.,-4.50737588519,35.2374903527,.
24005,.,-4.50737588519,35.2374903527,.
24006,.,-4.3635512405,35.1663392135,.
24007,.,-3.95625131534,35.1843199334,.
24008,.,-4.05435990722,35.2540533105,.
24009,.,-4.05435990722,35.2540533105,.
24010,.,-4.05435990722,35.2540533105,.
24011,.,-4.05435990722,35.2540533105,.
24012,.,-4.05435990722,35.2540533105,.
24013,.,-4.05435990722,35.2540533105,.
24014,.,-4.05435990722,35.2540533105,.
24015,.,-4.05435990722,35.2540533105,.
24016,.,-4.05435990722,35.2540533105,.
24017,.,-4.05435990722,35.2540533105,.
24018,.,-4.05435990722,35.2540533105,.
24019,.,-3.23084200487,37.3005792955,.
24020,.,-4.33611813907,36.9525220701,.
24021,.,-4.33611813907,36.9525220701,.
24022,.,-3.57457175877,36.9385414623,.
24023,.,-3.57457175877,36.9385414623,.
24024,.,-3.5502446262,37.0133404712,.
24025,.,-3.5502446262,37.0133404712,.
24026,.,-3.5502446262,37.0133404712,.
24027,.,-3.5502446262,37.0133404712,.
24028,.,-3.5502446262,37.0133404712,.
24029,.,-3.5502446262,37.0133404712,.
24030,.,-3.47133326937,37.0181411234,.
24031,.,-3.58154835017,36.9675863737,.
24032,.,-3.58154835017,36.9675863737,.
24033,.,-3.58154835017,36.9675863737,.
24034,.,-5.47914941606,36.3127865005,.
24035,.,-5.47914941606,36.3127865005,.
24036,.,-5.47914941606,36.3127865005,.
24037,.,-5.47914941606,36.3127865005,.
24038,.,-5.47914941606,36.3127865005,.
24039,.,-5.47914941606,36.3127865005,.
24040,.,-5.47914941606,36.3127865005,.
24041,.,-5.47914941606,36.3127865005,.
24042,.,-5.47914941606,36.3127865005,.
24043,.,-5.47914941606,36.3127865005,.
24044,.,-5.47914941606,36.3127865005,.
24045,.,-5.47914941606,36.3127865005,.
24046,.,-5.8479143847,39.2957496052,.
24047,.,-5.83981508385,39.286841511,.
24048,.,-5.83981508385,39.286841511,.
24049,.,-5.83981508385,39.286841511,.
24050,.,-5.83981508385,39.286841511,.
24051,.,-5.83981508385,39.286841511,.
24052,.,-6.4122598357,39.5484180071,.
24053,.,-6.44203848384,39.4895249539,.
24054,.,-6.29604291728,39.2917985139,.
24055,.,-5.10338503179,39.6345641046,.
24056,.,-5.10338503179,39.6345641046,.
24057,.,-5.10338503179,39.6345641046,.
24058,.,-5.10338503179,39.6345641046,.
24059,.,-5.10338503179,39.6345641046,.
24060,.,-5.10338503179,39.6345641046,.
24061,.,-5.10338503179,39.6345641046,.
24062,.,-5.10338503179,39.6345641046,.
24063,.,-5.10338503179,39.6345641046,.
24064,.,-5.20484574508,39.7894822291,.
56580,.,-19.8,30.883333333333333,.
56688,.,-13.283333333333331,34.13333333333333,.
56690,.,-13.283333333333331,34.13333333333333,.
56699,.,-13.233333333333333,34.233333333333334,.
56701,.,-13.233333333333333,34.233333333333334,.
56798,.,-0.8833333333333333,37.0,.
56802,.,-0.3333333333333333,37.63333333333333,.
56804,.,-7.25,37.8,.
56805,.,-7.25,37.8,.
56808,.,-7.25,37.8,.
56809,.,-7.25,37.8,.
56844,.,-20.666666666666668,28.266666666666666,.
56847,.,-20.666666666666668,28.266666666666666,.
56850,.,-20.666666666666668,28.266666666666666,.
56867,.,-17.6,31.133333333333333,.
56883,.,9.75,-2.5,.
56885,.,9.75,-2.5,.
56887,.,9.75,-2.5,.
56910,.,-16.233333333333334,27.433333333333334,.
56912,.,-16.233333333333334,27.433333333333334,.
56916,.,-19.35,34.35,.
56923,.,-18.1,33.2,.
56929,.,-18.366666666666667,33.21666666666667,.
56936,.,-19.0,33.71666666666667,.
56941,.,-14.516666666666667,34.3,.
56946,.,-19.05,33.4,.
56948,.,-19.05,33.4,.
56996,.,-14.25,33.8,.
56999,.,-14.25,33.8,.
57002,.,-14.25,33.8,.
57006,.,-13.216666666666669,33.2,.
57010,.,-13.216666666666669,33.2,.
57012,.,-13.216666666666669,33.2,.
57015,.,-12.966666666666669,33.71666666666667,.
57018,.,-12.966666666666669,33.71666666666667,.
57022,.,-15.033333333333331,34.916666666666664,.
57026,.,-15.033333333333331,34.916666666666664,.
57029,.,-15.033333333333331,34.916666666666664,.
57033,.,-14.866666666666667,34.71666666666667,.
57037,.,-14.866666666666667,34.71666666666667,.
57044,.,-13.733333333333333,34.45,.
57048,.,-14.616666666666667,34.3,.
57052,.,-14.616666666666667,34.3,.
57058,.,-14.55,34.2,.
57061,.,-14.55,34.2,.
57064,.,-14.55,34.2,.
57068,.,-18.53333333333333,33.983333333333334,.
57072,.,-18.53333333333333,33.983333333333334,.
57075,.,-18.53333333333333,33.983333333333334,.
57079,.,-19.45,33.3,.
57083,.,-19.45,33.3,.
57086,.,-19.45,33.3,.
57089,.,-12.966666666666669,33.71666666666667,.
57091,.,-14.866666666666667,34.71666666666667,.
57093,.,-13.733333333333333,34.45,.
57308,.,-19.8,30.883333333333333,.
57416,.,-13.283333333333331,34.13333333333333,.
57418,.,-13.283333333333331,34.13333333333333,.
57427,.,-13.233333333333333,34.233333333333334,.
57429,.,-13.233333333333333,34.233333333333334,.
57526,.,-0.8833333333333333,37.0,.
57530,.,-0.3333333333333333,37.63333333333333,.
57532,.,-7.25,37.8,.
57533,.,-7.25,37.8,.
57536,.,-7.25,37.8,.
57537,.,-7.25,37.8,.
57574,.,-20.666666666666668,28.266666666666666,.
57577,.,-20.666666666666668,28.266666666666666,.
57594,.,-17.6,31.133333333333333,.
57610,.,9.75,-2.5,.
57612,.,9.75,-2.5,.
57614,.,9.75,-2.5,.
57637,.,-16.233333333333334,27.433333333333334,.
57639,.,-16.233333333333334,27.433333333333334,.
57643,.,-19.35,34.35,.
57650,.,-18.1,33.2,.
57656,.,-18.366666666666667,33.21666666666667,.
57663,.,-19.0,33.71666666666667,.
57668,.,-14.516666666666667,34.3,.
57672,.,-19.05,33.4,.
57674,.,-19.05,33.4,.
57722,.,-14.25,33.8,.
57725,.,-14.25,33.8,.
57728,.,-14.25,33.8,.
57732,.,-13.216666666666669,33.2,.
57736,.,-13.216666666666669,33.2,.
57738,.,-13.216666666666669,33.2,.
57741,.,-12.966666666666669,33.71666666666667,.
57744,.,-12.966666666666669,33.71666666666667,.
57748,.,-15.033333333333331,34.916666666666664,.
57752,.,-15.033333333333331,34.916666666666664,.
57755,.,-15.033333333333331,34.916666666666664,.
57759,.,-14.866666666666667,34.71666666666667,.
57763,.,-14.866666666666667,34.71666666666667,.
57770,.,-13.733333333333333,34.45,.
57774,.,-14.616666666666667,34.3,.
57778,.,-14.616666666666667,34.3,.
57784,.,-14.55,34.2,.
57787,.,-14.55,34.2,.
57790,.,-14.55,34.2,.
57794,.,-18.53333333333333,33.983333333333334,.
57798,.,-18.53333333333333,33.983333333333334,.
57801,.,-18.53333333333333,33.983333333333334,.
57805,.,-19.45,33.3,.
57809,.,-19.45,33.3,.
57812,.,-19.45,33.3,.
57815,.,-12.966666666666669,33.71666666666667,.
57817,.,-14.866666666666667,34.71666666666667,.
57819,.,-13.733333333333333,34.45,.
