id,placeholder1,Lat,Lon,placeholder2
66889,.,-1.5079578,29.77966,.
66890,.,-1.5079578,29.77966,.
66891,.,-1.5079578,29.77966,.
66892,.,-1.5079578,29.77966,.
66893,.,-1.5068384,29.78865,.
66894,.,-1.5068384,29.78865,.
66895,.,-1.5068384,29.78865,.
66896,.,-1.5068384,29.78865,.
66897,.,-1.5011748,29.78414,.
66898,.,-1.5011748,29.78414,.
66899,.,-1.5011748,29.78414,.
66900,.,-1.5011748,29.78414,.
66901,.,-1.5061567,29.78541,.
66902,.,-1.5061567,29.78541,.
66903,.,-1.5072012,29.77475,.
66904,.,-1.5072012,29.77475,.
66905,.,-1.5072012,29.77475,.
66906,.,-1.5072012,29.77475,.
66907,.,-1.5082758,29.78038,.
66908,.,-1.5082758,29.78038,.
66909,.,-1.5082758,29.78038,.
66910,.,-1.5082758,29.78038,.
66911,.,-1.5099401,29.78599,.
66912,.,-1.5099401,29.78599,.
66913,.,-1.5099401,29.78599,.
66914,.,-1.5075425,29.7891,.
66915,.,-1.5075425,29.7891,.
66916,.,-1.5075425,29.7891,.
66917,.,-1.5075425,29.7891,.
66918,.,-1.5183666,29.77972,.
66919,.,-1.5183666,29.77972,.
66920,.,-1.5183666,29.77972,.
66921,.,-1.5183666,29.77972,.
66922,.,-1.4971288,29.77041,.
66923,.,-1.4971288,29.77041,.
66924,.,-1.4971288,29.77041,.
66925,.,-1.505162,29.79087,.
66926,.,-1.505162,29.79087,.
66927,.,-1.505162,29.79087,.
66928,.,-1.505162,29.79087,.
66929,.,-1.5003545,29.78424,.
66930,.,-1.5003545,29.78424,.
66931,.,-1.5003545,29.78424,.
66932,.,-1.5137177,29.59214,.
66933,.,-1.5137177,29.59214,.
66934,.,-1.5137177,29.59214,.
66935,.,-1.5137177,29.59214,.
66936,.,-1.5080766,29.77803,.
66937,.,-1.5080766,29.77803,.
66938,.,-1.5080766,29.77803,.
66939,.,-1.5080766,29.77803,.
66940,.,-1.5171466,29.78141,.
66941,.,-1.5171466,29.78141,.
66942,.,-1.5171466,29.78141,.
66943,.,-1.5171466,29.78141,.
66944,.,-2.6774277,29.04552,.
66945,.,-2.6774277,29.04552,.
66946,.,-2.6774277,29.04552,.
66947,.,-2.6774277,29.04552,.
66948,.,-2.6774277,29.04552,.
66949,.,-2.6803424,29.04708,.
66950,.,-2.6803424,29.04708,.
66951,.,-2.6803424,29.04708,.
66952,.,-2.6803424,29.04708,.
66953,.,-2.6803424,29.04708,.
66954,.,-2.6224208,28.98991,.
66955,.,-2.6224208,28.98991,.
66956,.,-2.6224208,28.98991,.
66957,.,-2.6224208,28.98991,.
66958,.,-2.6224208,28.98991,.
66959,.,-2.6803877,29.04711,.
66960,.,-2.6803877,29.04711,.
66961,.,-2.6803877,29.04711,.
66962,.,-2.6803877,29.04711,.
66963,.,-2.6803877,29.04711,.
66964,.,-2.6803381,29.0471,.
66965,.,-2.6803381,29.0471,.
66966,.,-2.6803381,29.0471,.
66967,.,-2.6803381,29.0471,.
66968,.,-2.6803381,29.0471,.
66969,.,-2.6194025,28.99409,.
66970,.,-2.6194025,28.99409,.
66971,.,-2.6194025,28.99409,.
66972,.,-2.6194025,28.99409,.
66973,.,-2.6194025,28.99409,.
66974,.,-2.624817,29.00392,.
66975,.,-2.624817,29.00392,.
66976,.,-2.624817,29.00392,.
66977,.,-2.624817,29.00392,.
66978,.,-2.624817,29.00392,.
66979,.,-2.6189337,28.99282,.
66980,.,-2.6189337,28.99282,.
66981,.,-2.6189337,28.99282,.
66982,.,-2.6189337,28.99282,.
66983,.,-2.6189337,28.99282,.
66984,.,-2.6196251,28.99415,.
66985,.,-2.6196251,28.99415,.
66986,.,-2.6196251,28.99415,.
66987,.,-2.6196251,28.99415,.
66988,.,-2.6196251,28.99415,.
66989,.,-2.6652901,29.03125,.
66990,.,-2.6652901,29.03125,.
66991,.,-2.6652901,29.03125,.
66992,.,-2.6652901,29.03125,.
66993,.,-2.6652901,29.03125,.
66994,.,-2.6247329,29.00366,.
66995,.,-2.6247329,29.00366,.
66996,.,-2.6247329,29.00366,.
66997,.,-2.6247329,29.00366,.
66998,.,-2.6247329,29.00366,.
66999,.,-2.6193934,28.99414,.
67000,.,-2.6193934,28.99414,.
67001,.,-2.6193934,28.99414,.
67002,.,-2.6193934,28.99414,.
67003,.,-2.6193934,28.99414,.
67004,.,-2.6291037,29.0076,.
67005,.,-2.6291037,29.0076,.
67006,.,-2.6291037,29.0076,.
67007,.,-2.6291037,29.0076,.
67008,.,-2.6291037,29.0076,.
67009,.,-2.6803202,29.0472,.
67010,.,-2.6803202,29.0472,.
67011,.,-2.6803202,29.0472,.
67012,.,-2.6803946,29.04703,.
67013,.,-2.6803946,29.04703,.
67014,.,-2.6803946,29.04703,.
67015,.,-2.6803946,29.04703,.
67016,.,-2.6803946,29.04703,.
67017,.,-2.6803539,29.04709,.
67018,.,-2.6803539,29.04709,.
67019,.,-2.6803539,29.04709,.
67020,.,-2.6803539,29.04709,.
67021,.,-2.6803539,29.04709,.
67022,.,-2.6246779,29.0038,.
67023,.,-2.6246779,29.0038,.
67024,.,-2.6246779,29.0038,.
67025,.,-2.6246779,29.0038,.
67026,.,-2.6246779,29.0038,.
67027,.,-2.6247152,29.00394,.
67028,.,-2.6247152,29.00394,.
67029,.,-2.6247152,29.00394,.
67030,.,-2.6247152,29.00394,.
67031,.,-2.6247152,29.00394,.
67032,.,-2.6803514,29.04706,.
67033,.,-2.6803514,29.04706,.
67034,.,-2.6803514,29.04706,.
67035,.,-2.6803514,29.04706,.
67036,.,-2.6803514,29.04706,.
67037,.,-2.6803687,29.04708,.
67038,.,-2.6803687,29.04708,.
67039,.,-2.6803687,29.04708,.
67040,.,-2.6803687,29.04708,.
67041,.,-2.6803687,29.04708,.
67042,.,-2.6254543,29.00006,.
67043,.,-2.6254543,29.00006,.
67044,.,-2.6254543,29.00006,.
67045,.,-2.6254543,29.00006,.
67046,.,-2.6254543,29.00006,.
67047,.,-2.6764742,29.04516,.
67048,.,-2.6764742,29.04516,.
67049,.,-2.6764742,29.04516,.
67050,.,-2.619408,28.99415,.
67051,.,-2.619408,28.99415,.
67052,.,-2.619408,28.99415,.
67053,.,-2.619408,28.99415,.
67054,.,-2.619408,28.99415,.
67055,.,-2.6813312,29.04932,.
67056,.,-2.6813312,29.04932,.
67057,.,-2.6813312,29.04932,.
67058,.,-2.6813312,29.04932,.
67059,.,-2.6813312,29.04932,.
67060,.,-2.6803073,29.04715,.
67061,.,-2.6803073,29.04715,.
67062,.,-2.6803073,29.04715,.
67063,.,-2.6803073,29.04715,.
67064,.,-2.6803073,29.04715,.
67065,.,-2.6803657,29.04711,.
67066,.,-2.6803657,29.04711,.
67067,.,-2.6803657,29.04711,.
67068,.,-2.6803657,29.04711,.
67069,.,-2.6803657,29.04711,.
67070,.,-2.6802949,29.04707,.
67071,.,-2.6802949,29.04707,.
67072,.,-2.6802949,29.04707,.
67073,.,-2.6802949,29.04707,.
67074,.,-2.6802949,29.04707,.
67075,.,-2.680379,29.04709,.
67076,.,-2.680379,29.04709,.
67077,.,-2.680379,29.04709,.
67078,.,-2.680379,29.04709,.
67079,.,-2.680379,29.04709,.
67080,.,-2.6750201,29.04467,.
67081,.,-2.6750201,29.04467,.
67082,.,-2.6750201,29.04467,.
67083,.,-2.6750201,29.04467,.
67084,.,-2.6750201,29.04467,.
67085,.,-2.6840188,29.05142,.
67086,.,-2.6840188,29.05142,.
67087,.,-2.6840188,29.05142,.
67088,.,-2.6840188,29.05142,.
67089,.,-2.6840188,29.05142,.
67090,.,-2.6806462,29.04718,.
67091,.,-2.6806462,29.04718,.
67092,.,-2.6806462,29.04718,.
67093,.,-2.6806462,29.04718,.
67094,.,-2.6806462,29.04718,.
67095,.,-2.6230363,28.98978,.
67096,.,-2.6230363,28.98978,.
67097,.,-2.6230363,28.98978,.
67098,.,-2.6230363,28.98978,.
67099,.,-2.6230363,28.98978,.
67100,.,-2.6193697,28.99412,.
67101,.,-2.6193697,28.99412,.
67102,.,-2.6193697,28.99412,.
67103,.,-2.6193697,28.99412,.
67104,.,-2.6193697,28.99412,.
67105,.,-2.6247824,29.00353,.
67106,.,-2.6247824,29.00353,.
67107,.,-2.6247824,29.00353,.
67108,.,-2.6247824,29.00353,.
67109,.,-2.6247824,29.00353,.
67110,.,-2.6803362,29.04709,.
67111,.,-2.6803362,29.04709,.
67112,.,-2.6803362,29.04709,.
67113,.,-2.6803362,29.04709,.
67114,.,-2.6803362,29.04709,.
67115,.,-2.6803439,29.04712,.
67116,.,-2.6803439,29.04712,.
67117,.,-2.6803439,29.04712,.
67118,.,-2.6803439,29.04712,.
67119,.,-2.6803439,29.04712,.
67120,.,-2.6248676,29.00404,.
67121,.,-2.6248676,29.00404,.
67122,.,-2.6248676,29.00404,.
67123,.,-2.6248676,29.00404,.
67124,.,-2.6248676,29.00404,.
67125,.,-2.6247879,29.0038,.
67126,.,-2.6247879,29.0038,.
67127,.,-2.6247879,29.0038,.
67128,.,-2.6247879,29.0038,.
67129,.,-2.6247879,29.0038,.
67130,.,-2.6803312,29.04708,.
67131,.,-2.6803312,29.04708,.
67132,.,-2.6803312,29.04708,.
67133,.,-2.6803312,29.04708,.
67134,.,-2.6803312,29.04708,.
67135,.,-2.6661202,29.03129,.
67136,.,-2.6661202,29.03129,.
67137,.,-2.6661202,29.03129,.
67138,.,-2.6661202,29.03129,.
67139,.,-2.6661202,29.03129,.
67140,.,-2.624693,29.00402,.
67141,.,-2.624693,29.00402,.
67142,.,-2.624693,29.00402,.
67143,.,-2.624693,29.00402,.
67144,.,-2.624693,29.00402,.
67145,.,-2.6245978,29.00374,.
67146,.,-2.6245978,29.00374,.
67147,.,-2.6245978,29.00374,.
67148,.,-2.6245978,29.00374,.
67149,.,-2.6245978,29.00374,.
67150,.,-2.6238617,29.00357,.
67151,.,-2.6238617,29.00357,.
67152,.,-2.6238617,29.00357,.
67153,.,-2.6238617,29.00357,.
67154,.,-2.6238617,29.00357,.
67155,.,-2.6247423,29.0039,.
67156,.,-2.6247423,29.0039,.
67157,.,-2.6247423,29.0039,.
67158,.,-2.6247423,29.0039,.
67159,.,-2.6247423,29.0039,.
67160,.,-1.9252202,29.61359,.
67161,.,-1.9252202,29.61359,.
67162,.,-1.9252202,29.61359,.
67163,.,-1.9252202,29.61359,.
67164,.,-2.3274434,29.86665,.
67165,.,-2.3274434,29.86665,.
67166,.,-2.3274434,29.86665,.
67167,.,-2.3274434,29.86665,.
67168,.,-2.3274434,29.86665,.
67169,.,-2.3274434,29.86665,.
67170,.,-2.5540678,29.75217,.
67171,.,-2.5540678,29.75217,.
67172,.,-2.5540678,29.75217,.
67173,.,-2.5540678,29.75217,.
67174,.,-2.7246452,29.56969,.
67175,.,-2.7246452,29.56969,.
67176,.,-2.7246452,29.56969,.
67177,.,-2.7246452,29.56969,.
67178,.,-1.9088111,29.59308,.
67179,.,-1.9088111,29.59308,.
67180,.,-1.9088111,29.59308,.
67181,.,-1.9088111,29.59308,.
67182,.,-2.5514539,29.75502,.
67183,.,-2.5514539,29.75502,.
67184,.,-2.5514539,29.75502,.
67185,.,-2.3186312,29.85054,.
67186,.,-2.3186312,29.85054,.
67187,.,-2.3186312,29.85054,.
67188,.,-2.3186312,29.85054,.
67189,.,-2.3186312,29.85054,.
67190,.,-2.3186312,29.85054,.
67191,.,-2.4724271,29.80745,.
67192,.,-2.4724271,29.80745,.
67193,.,-2.4724271,29.80745,.
67194,.,-2.4724271,29.80745,.
67195,.,-2.4724271,29.80745,.
67196,.,-2.4724271,29.80745,.
67197,.,-2.3137607,29.84237,.
67198,.,-2.3137607,29.84237,.
67199,.,-2.3137607,29.84237,.
67200,.,-2.3137607,29.84237,.
67201,.,-2.3137607,29.84237,.
67202,.,-2.3137607,29.84237,.
67203,.,-2.7149407,29.57991,.
67204,.,-2.7149407,29.57991,.
67205,.,-2.7149407,29.57991,.
67206,.,-2.7149407,29.57991,.
67207,.,-1.9190704,29.62841,.
67208,.,-1.9190704,29.62841,.
67209,.,-1.9190704,29.62841,.
67210,.,-1.9190704,29.62841,.
67211,.,-2.4733844,29.81492,.
67212,.,-2.4733844,29.81492,.
67213,.,-2.4733844,29.81492,.
67214,.,-2.4733844,29.81492,.
67215,.,-2.4733844,29.81492,.
67216,.,-2.4733844,29.81492,.
67217,.,-2.7177514,29.58838,.
67218,.,-2.7177514,29.58838,.
67219,.,-2.7177514,29.58838,.
67220,.,-2.7177514,29.58838,.
67221,.,-2.3147804,29.8468,.
67222,.,-2.3147804,29.8468,.
67223,.,-2.3147804,29.8468,.
67224,.,-2.3147804,29.8468,.
67225,.,-2.3147804,29.8468,.
67226,.,-2.3147804,29.8468,.
67227,.,-1.9255928,29.61388,.
67228,.,-1.9255928,29.61388,.
67229,.,-1.9255928,29.61388,.
67230,.,-1.9255928,29.61388,.
67231,.,-2.554057,29.75146,.
67232,.,-2.554057,29.75146,.
67233,.,-2.554057,29.75146,.
67234,.,-2.554057,29.75146,.
67235,.,-2.49473,29.78501,.
67236,.,-2.49473,29.78501,.
67237,.,-2.7223768,29.57872,.
67238,.,-2.7223768,29.57872,.
67239,.,-2.7223768,29.57872,.
67240,.,-2.7223768,29.57872,.
67241,.,-2.3185812,29.85044,.
67242,.,-2.3185812,29.85044,.
67243,.,-2.3185812,29.85044,.
67244,.,-2.3185812,29.85044,.
67245,.,-2.3185812,29.85044,.
67246,.,-2.3185812,29.85044,.
67247,.,-2.3157928,29.84981,.
67248,.,-2.3157928,29.84981,.
67249,.,-2.3157928,29.84981,.
67250,.,-2.3157928,29.84981,.
67251,.,-2.3157928,29.84981,.
67252,.,-2.3157928,29.84981,.
67253,.,-1.9215437,29.62978,.
67254,.,-1.9215437,29.62978,.
67255,.,-1.9215437,29.62978,.
67256,.,-1.9215437,29.62978,.
67257,.,-2.5603803,29.75874,.
67258,.,-2.5603803,29.75874,.
67259,.,-2.5603803,29.75874,.
67260,.,-2.5603803,29.75874,.
67261,.,-2.7219807,29.5702,.
67262,.,-2.7219807,29.5702,.
67263,.,-2.7219807,29.5702,.
67264,.,-2.7219807,29.5702,.
67265,.,-2.7253695,29.56677,.
67266,.,-2.7253695,29.56677,.
67267,.,-2.7253695,29.56677,.
67268,.,-2.7253695,29.56677,.
67269,.,-1.9254587,29.61287,.
67270,.,-1.9254587,29.61287,.
67271,.,-1.9254587,29.61287,.
67272,.,-1.9254587,29.61287,.
67273,.,-2.4798289,29.80784,.
67274,.,-2.4798289,29.80784,.
67275,.,-2.4798289,29.80784,.
67276,.,-2.4798289,29.80784,.
67277,.,-2.4798289,29.80784,.
67278,.,-2.4798289,29.80784,.
67279,.,-2.315911,29.85204,.
67280,.,-2.315911,29.85204,.
67281,.,-2.315911,29.85204,.
67282,.,-2.315911,29.85204,.
67283,.,-2.315911,29.85204,.
67284,.,-2.315911,29.85204,.
67285,.,-2.7149171,29.57975,.
67286,.,-2.7149171,29.57975,.
67287,.,-2.7149171,29.57975,.
67288,.,-2.7149171,29.57975,.
67289,.,-1.9137433,29.60344,.
67290,.,-1.9137433,29.60344,.
67291,.,-1.9137433,29.60344,.
67292,.,-1.9137433,29.60344,.
67293,.,-1.9295015,29.63612,.
67294,.,-1.9295015,29.63612,.
67295,.,-1.9295015,29.63612,.
67296,.,-1.9295015,29.63612,.
67297,.,-2.3236372,29.86794,.
67298,.,-2.3236372,29.86794,.
67299,.,-2.3236372,29.86794,.
67300,.,-2.3236372,29.86794,.
67301,.,-2.3236372,29.86794,.
67302,.,-2.3236372,29.86794,.
67303,.,-1.927806,29.61789,.
67304,.,-1.927806,29.61789,.
67305,.,-1.927806,29.61789,.
67306,.,-2.7149241,29.57996,.
67307,.,-2.7149241,29.57996,.
67308,.,-2.7149241,29.57996,.
67309,.,-2.7149241,29.57996,.
67310,.,-2.4787756,29.81372,.
67311,.,-2.4787756,29.81372,.
67312,.,-2.4787756,29.81372,.
67313,.,-2.4787756,29.81372,.
67314,.,-2.4787756,29.81372,.
67315,.,-2.4787756,29.81372,.
67316,.,-2.7149231,29.57997,.
67317,.,-2.7149231,29.57997,.
67318,.,-2.7149231,29.57997,.
67319,.,-2.7149231,29.57997,.
67320,.,-2.3258129,29.86755,.
67321,.,-2.3258129,29.86755,.
67322,.,-2.3258129,29.86755,.
67323,.,-2.3258129,29.86755,.
67324,.,-2.3258129,29.86755,.
67325,.,-2.3258129,29.86755,.
67326,.,-2.4866178,29.79045,.
67327,.,-2.4866178,29.79045,.
67328,.,-2.4866178,29.79045,.
67329,.,-2.4866178,29.79045,.
67330,.,-2.4717404,29.80543,.
67331,.,-2.4717404,29.80543,.
67332,.,-2.4717404,29.80543,.
67333,.,-2.4717404,29.80543,.
67334,.,-2.7234571,29.57219,.
67335,.,-2.7234571,29.57219,.
67336,.,-2.7234571,29.57219,.
67337,.,-2.7234571,29.57219,.
67338,.,-2.3249878,29.8494,.
67339,.,-2.3249878,29.8494,.
67340,.,-2.3249878,29.8494,.
67341,.,-2.3249878,29.8494,.
67342,.,-2.3249878,29.8494,.
67343,.,-2.3249878,29.8494,.
67344,.,-2.714891,29.57991,.
67345,.,-2.714891,29.57991,.
67346,.,-2.714891,29.57991,.
67347,.,-2.714891,29.57991,.
67348,.,-2.7262194,29.58069,.
67349,.,-2.7262194,29.58069,.
67350,.,-2.7262194,29.58069,.
67351,.,-2.7262194,29.58069,.
67352,.,-2.463713,29.80761,.
67353,.,-2.463713,29.80761,.
67354,.,-2.463713,29.80761,.
67355,.,-2.463713,29.80761,.
67356,.,-2.463713,29.80761,.
67357,.,-2.463713,29.80761,.
67358,.,-2.714948,29.57992,.
67359,.,-2.714948,29.57992,.
67360,.,-2.714948,29.57992,.
67361,.,-2.714948,29.57992,.
67362,.,-1.9241077,29.62942,.
67363,.,-1.9241077,29.62942,.
67364,.,-1.9241077,29.62942,.
67365,.,-1.9241077,29.62942,.
67366,.,-2.3146469,29.84671,.
67367,.,-2.3146469,29.84671,.
67368,.,-2.3146469,29.84671,.
67369,.,-2.3146469,29.84671,.
67370,.,-2.3146469,29.84671,.
67371,.,-2.3146469,29.84671,.
67372,.,-2.47767,29.79578,.
67373,.,-2.47767,29.79578,.
67374,.,-2.47767,29.79578,.
67375,.,-2.47767,29.79578,.
67376,.,-2.47767,29.79578,.
67377,.,-2.47767,29.79578,.
67378,.,-1.9188611,29.61783,.
67379,.,-1.9188611,29.61783,.
67380,.,-1.9188611,29.61783,.
67381,.,-1.9188611,29.61783,.
67382,.,-2.3229098,29.84341,.
67383,.,-2.3229098,29.84341,.
67384,.,-2.3229098,29.84341,.
67385,.,-2.3229098,29.84341,.
67386,.,-2.3229098,29.84341,.
67387,.,-2.3229098,29.84341,.
67388,.,-2.3231115,29.86222,.
67389,.,-2.3231115,29.86222,.
67390,.,-2.3231115,29.86222,.
67391,.,-2.3231115,29.86222,.
67392,.,-2.3231115,29.86222,.
67393,.,-2.3231115,29.86222,.
67394,.,-2.3257457,29.85126,.
67395,.,-2.3257457,29.85126,.
67396,.,-2.3257457,29.85126,.
67397,.,-2.3257457,29.85126,.
67398,.,-2.3257457,29.85126,.
67399,.,-2.3257457,29.85126,.
67400,.,-1.9102153,29.59251,.
67401,.,-1.9102153,29.59251,.
67402,.,-1.9102153,29.59251,.
67403,.,-1.9102153,29.59251,.
67404,.,-2.4735337,29.80521,.
67405,.,-2.4735337,29.80521,.
67406,.,-2.4735337,29.80521,.
67407,.,-2.4735337,29.80521,.
67408,.,-2.4735337,29.80521,.
67409,.,-2.4735337,29.80521,.
67410,.,-2.7249188,29.56947,.
67411,.,-2.7249188,29.56947,.
67412,.,-2.7249188,29.56947,.
67413,.,-2.7249188,29.56947,.
67414,.,-1.9286055,29.62428,.
67415,.,-1.9286055,29.62428,.
67416,.,-1.9286055,29.62428,.
67417,.,-1.9286055,29.62428,.
67418,.,-2.3236222,29.86829,.
67419,.,-2.3236222,29.86829,.
67420,.,-2.3236222,29.86829,.
67421,.,-2.3236222,29.86829,.
67422,.,-2.3236222,29.86829,.
67423,.,-2.3236222,29.86829,.
67424,.,-2.7149057,29.57995,.
67425,.,-2.7149057,29.57995,.
67426,.,-2.7149057,29.57995,.
67427,.,-2.7149057,29.57995,.
67428,.,-2.7147115,29.57966,.
67429,.,-2.7147115,29.57966,.
67430,.,-2.7147115,29.57966,.
67431,.,-2.7147115,29.57966,.
67432,.,-1.9169657,29.6191,.
67433,.,-1.9169657,29.6191,.
67434,.,-1.9169657,29.6191,.
67435,.,-1.9169657,29.6191,.
67436,.,-2.5581513,29.7641,.
67437,.,-2.5581513,29.7641,.
67438,.,-2.5581513,29.7641,.
67439,.,-2.3092607,29.85156,.
67440,.,-2.3092607,29.85156,.
67441,.,-2.3092607,29.85156,.
67442,.,-2.3092607,29.85156,.
67443,.,-2.3092607,29.85156,.
67444,.,-2.3092607,29.85156,.
67445,.,-2.7231668,29.57182,.
67446,.,-2.7231668,29.57182,.
67447,.,-2.7231668,29.57182,.
67448,.,-2.7231668,29.57182,.
67449,.,-2.3268254,29.85199,.
67450,.,-2.3268254,29.85199,.
67451,.,-2.3268254,29.85199,.
67452,.,-2.3268254,29.85199,.
67453,.,-2.3268254,29.85199,.
67454,.,-2.3268254,29.85199,.
67455,.,-2.553648,29.75173,.
67456,.,-2.553648,29.75173,.
67457,.,-2.553648,29.75173,.
67458,.,-2.553648,29.75173,.
67459,.,-1.9178207,29.62933,.
67460,.,-1.9178207,29.62933,.
67461,.,-1.9178207,29.62933,.
67462,.,-1.9178207,29.62933,.
67463,.,-2.7203465,29.58088,.
67464,.,-2.7203465,29.58088,.
67465,.,-2.7203465,29.58088,.
67466,.,-2.7203465,29.58088,.
67467,.,-2.3277383,29.86812,.
67468,.,-2.3277383,29.86812,.
67469,.,-2.3277383,29.86812,.
67470,.,-2.3277383,29.86812,.
67471,.,-2.3277383,29.86812,.
67472,.,-2.3277383,29.86812,.
67473,.,-1.9238659,29.62997,.
67474,.,-1.9238659,29.62997,.
67475,.,-1.9238659,29.62997,.
67476,.,-1.9238659,29.62997,.
67477,.,-2.4736612,29.79978,.
67478,.,-2.4736612,29.79978,.
67479,.,-2.318621,29.84921,.
67480,.,-2.318621,29.84921,.
67481,.,-2.318621,29.84921,.
67482,.,-2.318621,29.84921,.
67483,.,-2.318621,29.84921,.
67484,.,-2.318621,29.84921,.
67485,.,-2.7149112,29.57994,.
67486,.,-2.7149112,29.57994,.
67487,.,-2.7149112,29.57994,.
67488,.,-2.7149112,29.57994,.
67489,.,-1.9230169,29.62023,.
67490,.,-1.9230169,29.62023,.
67491,.,-1.9230169,29.62023,.
67492,.,-1.9230169,29.62023,.
67493,.,-2.3214427,29.84519,.
67494,.,-2.3214427,29.84519,.
67495,.,-2.3214427,29.84519,.
67496,.,-2.3214427,29.84519,.
67497,.,-2.3214427,29.84519,.
67498,.,-2.3296579,29.84605,.
67499,.,-2.3296579,29.84605,.
67500,.,-2.3296579,29.84605,.
67501,.,-2.3296579,29.84605,.
67502,.,-2.3296579,29.84605,.
67503,.,-2.3296579,29.84605,.
67504,.,-2.3284263,29.86523,.
67505,.,-2.3284263,29.86523,.
67506,.,-2.3284263,29.86523,.
67507,.,-2.3284263,29.86523,.
67508,.,-2.3284263,29.86523,.
67509,.,-2.3284263,29.86523,.
67510,.,-2.7051323,29.5732064,.
67511,.,-2.7051323,29.5732064,.
67512,.,-2.7051323,29.5732064,.
67513,.,-2.7051323,29.5732064,.
67514,.,-1.9266175,29.63898,.
67515,.,-1.9266175,29.63898,.
67516,.,-1.9266175,29.63898,.
67517,.,-1.9266175,29.63898,.
67518,.,-2.7149027,29.57988,.
67519,.,-2.7149027,29.57988,.
67520,.,-2.7149027,29.57988,.
67521,.,-2.7149027,29.57988,.
67522,.,-2.5616867,29.75798,.
67523,.,-2.5616867,29.75798,.
67524,.,-2.5616867,29.75798,.
67525,.,-1.920205,29.62021,.
67526,.,-1.920205,29.62021,.
67527,.,-1.920205,29.62021,.
67528,.,-1.920205,29.62021,.
67529,.,-2.3267136,29.86875,.
67530,.,-2.3267136,29.86875,.
67531,.,-2.3267136,29.86875,.
67532,.,-2.3267136,29.86875,.
67533,.,-2.3267136,29.86875,.
67534,.,-2.3267136,29.86875,.
67535,.,-2.560412,29.757,.
67536,.,-2.560412,29.757,.
67537,.,-2.560412,29.757,.
67538,.,-2.560412,29.757,.
67539,.,-2.7175493,29.58851,.
67540,.,-2.7175493,29.58851,.
67541,.,-2.7175493,29.58851,.
67542,.,-2.7175493,29.58851,.
67543,.,-1.9178214,29.61488,.
67544,.,-1.9178214,29.61488,.
67545,.,-1.9178214,29.61488,.
67546,.,-1.9178214,29.61488,.
67547,.,-2.5531884,29.75902,.
67548,.,-2.5531884,29.75902,.
67549,.,-2.5531884,29.75902,.
67550,.,-2.5531884,29.75902,.
67551,.,-2.4890765,29.79035,.
67552,.,-2.4890765,29.79035,.
67553,.,-2.4890765,29.79035,.
67554,.,-2.4890765,29.79035,.
67555,.,-1.9220894,29.61314,.
67556,.,-1.9220894,29.61314,.
67557,.,-1.9220894,29.61314,.
67558,.,-2.4819167,29.80688,.
67559,.,-2.4819167,29.80688,.
67560,.,-2.4819167,29.80688,.
67561,.,-2.4819167,29.80688,.
67562,.,-2.4819167,29.80688,.
67563,.,-2.4819167,29.80688,.
67564,.,-2.47342,29.80647,.
67565,.,-2.47342,29.80647,.
67566,.,-2.47342,29.80647,.
67567,.,-2.47342,29.80647,.
67568,.,-2.47342,29.80647,.
67569,.,-2.47342,29.80647,.
67570,.,-2.7149255,29.57994,.
67571,.,-2.7149255,29.57994,.
67572,.,-2.7149255,29.57994,.
67573,.,-2.7149255,29.57994,.
67574,.,-1.9097332,29.59266,.
67575,.,-1.9097332,29.59266,.
67576,.,-1.9097332,29.59266,.
67577,.,-1.9097332,29.59266,.
67578,.,-2.714719,29.57967,.
67579,.,-2.714719,29.57967,.
67580,.,-2.714719,29.57967,.
67581,.,-2.714719,29.57967,.
67582,.,-2.5548332,29.75912,.
67583,.,-2.5548332,29.75912,.
67584,.,-2.5548332,29.75912,.
67585,.,-2.5492918,29.75205,.
67586,.,-2.5492918,29.75205,.
67587,.,-2.5492918,29.75205,.
67588,.,-2.5492918,29.75205,.
67589,.,-2.473382,29.80718,.
67590,.,-2.473382,29.80718,.
67591,.,-2.473382,29.80718,.
67592,.,-2.473382,29.80718,.
67593,.,-2.473382,29.80718,.
67594,.,-2.473382,29.80718,.
67595,.,-1.9251807,29.61347,.
67596,.,-1.9251807,29.61347,.
67597,.,-1.9251807,29.61347,.
67598,.,-2.7219514,29.57026,.
67599,.,-2.7219514,29.57026,.
67600,.,-2.7219514,29.57026,.
67601,.,-2.7240357,29.5808,.
67602,.,-2.7240357,29.5808,.
67603,.,-2.7240357,29.5808,.
67604,.,-2.7240357,29.5808,.
67605,.,-1.9189041,29.61558,.
67606,.,-1.9189041,29.61558,.
67607,.,-1.9189041,29.61558,.
67608,.,-2.3251687,29.86549,.
67609,.,-2.3251687,29.86549,.
67610,.,-2.3251687,29.86549,.
67611,.,-2.3251687,29.86549,.
67612,.,-2.3251687,29.86549,.
67613,.,-2.3251687,29.86549,.
67614,.,-2.3105042,29.85341,.
67615,.,-2.3105042,29.85341,.
67616,.,-2.3105042,29.85341,.
67617,.,-2.3105042,29.85341,.
67618,.,-2.3105042,29.85341,.
67619,.,-2.3105042,29.85341,.
67620,.,-2.3242226,29.86389,.
67621,.,-2.3242226,29.86389,.
67622,.,-2.3242226,29.86389,.
67623,.,-2.3242226,29.86389,.
67624,.,-2.3242226,29.86389,.
67625,.,-2.3242226,29.86389,.
67626,.,-2.4795248,29.80799,.
67627,.,-2.4795248,29.80799,.
67628,.,-2.4795248,29.80799,.
67629,.,-2.4795248,29.80799,.
67630,.,-2.4795248,29.80799,.
67631,.,-2.4795248,29.80799,.
67632,.,-2.4897097,29.78946,.
67633,.,-2.4897097,29.78946,.
67634,.,-2.4897097,29.78946,.
67635,.,-2.4897097,29.78946,.
67636,.,-1.9285423,29.62408,.
67637,.,-1.9285423,29.62408,.
67638,.,-1.9285423,29.62408,.
67639,.,-1.9285423,29.62408,.
67640,.,-2.4962321,29.78837,.
67641,.,-2.4962321,29.78837,.
67642,.,-2.4962321,29.78837,.
67643,.,-2.3406796,29.85297,.
67644,.,-2.3406796,29.85297,.
67645,.,-2.3406796,29.85297,.
67646,.,-2.3406796,29.85297,.
67647,.,-2.3406796,29.85297,.
67648,.,-2.3406796,29.85297,.
67649,.,-2.7051323,29.5732064,.
67650,.,-2.7051323,29.5732064,.
67651,.,-2.7051323,29.5732064,.
67652,.,-2.7051323,29.5732064,.
67653,.,-1.9187215,29.61504,.
67654,.,-1.9187215,29.61504,.
67655,.,-1.9187215,29.61504,.
67656,.,-1.9187215,29.61504,.
67657,.,-2.4747796,29.81193,.
67658,.,-2.4747796,29.81193,.
67659,.,-2.4747796,29.81193,.
67660,.,-2.4747796,29.81193,.
67661,.,-2.4747796,29.81193,.
67662,.,-2.4747796,29.81193,.
67663,.,-2.7243492,29.56824,.
67664,.,-2.7243492,29.56824,.
67665,.,-2.7243492,29.56824,.
67666,.,-2.7243492,29.56824,.
67667,.,-1.9172292,29.61963,.
67668,.,-1.9172292,29.61963,.
67669,.,-1.9172292,29.61963,.
67670,.,-1.9172292,29.61963,.
67671,.,-2.7149038,29.57995,.
67672,.,-2.7149038,29.57995,.
67673,.,-2.7149038,29.57995,.
67674,.,-2.7149038,29.57995,.
67675,.,-2.7244554,29.56871,.
67676,.,-2.7244554,29.56871,.
67677,.,-2.7244554,29.56871,.
67678,.,-2.7244554,29.56871,.
67679,.,-1.9180496,29.61717,.
67680,.,-1.9180496,29.61717,.
67681,.,-1.9180496,29.61717,.
67682,.,-1.9180496,29.61717,.
67683,.,-1.921707,29.61502,.
67684,.,-1.921707,29.61502,.
67685,.,-1.9250363,29.63039,.
67686,.,-1.9250363,29.63039,.
67687,.,-1.9250363,29.63039,.
67688,.,-1.9250363,29.63039,.
67689,.,-2.7235501,29.57193,.
67690,.,-2.7235501,29.57193,.
67691,.,-2.7235501,29.57193,.
67692,.,-2.7147117,29.57965,.
67693,.,-2.7147117,29.57965,.
67694,.,-2.7147117,29.57965,.
67695,.,-2.7147117,29.57965,.
67696,.,-2.3100016,29.84971,.
67697,.,-2.3100016,29.84971,.
67698,.,-2.3100016,29.84971,.
67699,.,-2.3100016,29.84971,.
67700,.,-2.3100016,29.84971,.
67701,.,-2.3100016,29.84971,.
67702,.,-2.5591657,29.75631,.
67703,.,-2.5591657,29.75631,.
67704,.,-2.5591657,29.75631,.
67705,.,-2.5591657,29.75631,.
67706,.,-2.4865401,29.7905,.
67707,.,-2.4865401,29.7905,.
67708,.,-2.4865401,29.7905,.
67709,.,-2.4865401,29.7905,.
67710,.,-2.3241176,29.86698,.
67711,.,-2.3241176,29.86698,.
67712,.,-2.3241176,29.86698,.
67713,.,-2.3241176,29.86698,.
67714,.,-2.3241176,29.86698,.
67715,.,-2.3241176,29.86698,.
67716,.,-2.3268246,29.86941,.
67717,.,-2.3268246,29.86941,.
67718,.,-2.3268246,29.86941,.
67719,.,-2.3268246,29.86941,.
67720,.,-2.3268246,29.86941,.
67721,.,-2.3268246,29.86941,.
67722,.,-1.9185439,29.61586,.
67723,.,-1.9185439,29.61586,.
67724,.,-1.9185439,29.61586,.
67725,.,-1.9185439,29.61586,.
67726,.,-2.7281919,29.58142,.
67727,.,-2.7281919,29.58142,.
67728,.,-2.7281919,29.58142,.
67729,.,-2.7281919,29.58142,.
67730,.,-1.9423005,29.39567,.
67731,.,-1.9423005,29.39567,.
67732,.,-1.9423005,29.39567,.
67733,.,-1.9423005,29.39567,.
67734,.,-2.0392605,29.51943,.
67735,.,-2.0392605,29.51943,.
67736,.,-2.0392605,29.51943,.
67737,.,-2.4715165,29.49305,.
67738,.,-2.4715165,29.49305,.
67739,.,-2.4715165,29.49305,.
67740,.,-2.4715165,29.49305,.
67741,.,-2.4200926,29.21519,.
67742,.,-2.4200926,29.21519,.
67743,.,-2.4200926,29.21519,.
67744,.,-2.4200926,29.21519,.
67745,.,-2.4899302,29.4822,.
67746,.,-2.4899302,29.4822,.
67747,.,-2.4899302,29.4822,.
67748,.,-1.9379719,29.37545,.
67749,.,-1.9379719,29.37545,.
67750,.,-1.9379719,29.37545,.
67751,.,-1.9379719,29.37545,.
67752,.,-2.4100873,29.20423,.
67753,.,-2.4100873,29.20423,.
67754,.,-2.4100873,29.20423,.
67755,.,-2.488092,29.49587,.
67756,.,-2.488092,29.49587,.
67757,.,-2.488092,29.49587,.
67758,.,-2.488092,29.49587,.
67759,.,-2.0653545,29.54411,.
67760,.,-2.0653545,29.54411,.
67761,.,-2.0653545,29.54411,.
67762,.,-2.0653545,29.54411,.
67763,.,-1.9393328,29.37425,.
67764,.,-1.9393328,29.37425,.
67765,.,-1.9393328,29.37425,.
67766,.,-1.9393328,29.37425,.
67767,.,-2.4951598,29.49386,.
67768,.,-2.4951598,29.49386,.
67769,.,-2.4951598,29.49386,.
67770,.,-2.4951598,29.49386,.
67771,.,-1.9380149,29.37546,.
67772,.,-1.9380149,29.37546,.
67773,.,-1.9380149,29.37546,.
67774,.,-1.9380149,29.37546,.
67775,.,-1.943407,29.39746,.
67776,.,-1.943407,29.39746,.
67777,.,-1.943407,29.39746,.
67778,.,-1.943407,29.39746,.
67779,.,-2.4391993,29.19533,.
67780,.,-2.4391993,29.19533,.
67781,.,-2.4391993,29.19533,.
67782,.,-2.4391993,29.19533,.
67783,.,-2.0809141,29.55958,.
67784,.,-2.0809141,29.55958,.
67785,.,-2.0809141,29.55958,.
67786,.,-2.0809141,29.55958,.
67787,.,-2.0768208,29.56067,.
67788,.,-2.0768208,29.56067,.
67789,.,-2.0768208,29.56067,.
67790,.,-2.0768208,29.56067,.
67791,.,-2.435219,29.19408,.
67792,.,-2.435219,29.19408,.
67793,.,-2.435219,29.19408,.
67794,.,-2.435219,29.19408,.
67795,.,-2.434761,29.1942,.
67796,.,-2.434761,29.1942,.
67797,.,-2.434761,29.1942,.
67798,.,-2.434761,29.1942,.
67799,.,-2.4131376,29.19848,.
67800,.,-2.4131376,29.19848,.
67801,.,-2.4131376,29.19848,.
67802,.,-2.4131376,29.19848,.
67803,.,-1.9395736,29.37378,.
67804,.,-1.9395736,29.37378,.
67805,.,-1.9395736,29.37378,.
67806,.,-1.9395736,29.37378,.
67807,.,-2.4852298,29.48711,.
67808,.,-2.4852298,29.48711,.
67809,.,-2.4852298,29.48711,.
67810,.,-2.4852298,29.48711,.
67811,.,-2.0544152,29.53532,.
67812,.,-2.0544152,29.53532,.
67813,.,-2.0544152,29.53532,.
67814,.,-2.0544152,29.53532,.
67815,.,-2.4887699,29.49009,.
67816,.,-2.4887699,29.49009,.
67817,.,-2.4887699,29.49009,.
67818,.,-2.4887699,29.49009,.
67819,.,-2.495203,29.49406,.
67820,.,-2.495203,29.49406,.
67821,.,-2.495203,29.49406,.
67822,.,-2.495203,29.49406,.
67823,.,-2.4924792,29.48577,.
67824,.,-2.4924792,29.48577,.
67825,.,-2.4924792,29.48577,.
67826,.,-2.4924792,29.48577,.
67827,.,-2.490533,29.48618,.
67828,.,-2.490533,29.48618,.
67829,.,-2.490533,29.48618,.
67830,.,-2.490533,29.48618,.
67831,.,-1.9384023,29.37636,.
67832,.,-1.9384023,29.37636,.
67833,.,-1.9384023,29.37636,.
67834,.,-1.9384023,29.37636,.
67835,.,-2.0369482,29.51697,.
67836,.,-2.0369482,29.51697,.
67837,.,-2.0369482,29.51697,.
67838,.,-2.0369482,29.51697,.
67839,.,-1.9390702,29.37442,.
67840,.,-1.9390702,29.37442,.
67841,.,-1.9390702,29.37442,.
67842,.,-1.9390702,29.37442,.
67843,.,-1.9391127,29.37445,.
67844,.,-1.9391127,29.37445,.
67845,.,-1.9391127,29.37445,.
67846,.,-1.9391127,29.37445,.
67847,.,-2.0651342,29.54555,.
67848,.,-2.0651342,29.54555,.
67849,.,-2.0651342,29.54555,.
67850,.,-2.0651342,29.54555,.
67851,.,-2.0658453,29.54461,.
67852,.,-2.0658453,29.54461,.
67853,.,-2.0658453,29.54461,.
67854,.,-2.0658453,29.54461,.
67855,.,-2.0768155,29.56067,.
67856,.,-2.0768155,29.56067,.
67857,.,-2.0768155,29.56067,.
67858,.,-2.0768155,29.56067,.
67859,.,-2.413561,29.1983,.
67860,.,-2.413561,29.1983,.
67861,.,-2.413561,29.1983,.
67862,.,-2.413561,29.1983,.
67863,.,-2.0376647,29.52145,.
67864,.,-2.0376647,29.52145,.
67865,.,-2.0376647,29.52145,.
67866,.,-2.0376647,29.52145,.
67867,.,-2.0351976,29.51419,.
67868,.,-2.0351976,29.51419,.
67869,.,-2.0351976,29.51419,.
67870,.,-2.0351976,29.51419,.
67871,.,-2.4951302,29.49394,.
67872,.,-2.4951302,29.49394,.
67873,.,-2.4951302,29.49394,.
67874,.,-2.4951302,29.49394,.
67875,.,-2.4404933,29.19692,.
67876,.,-2.4404933,29.19692,.
67877,.,-2.4404933,29.19692,.
67878,.,-2.4404933,29.19692,.
67879,.,-2.0396648,29.51791,.
67880,.,-2.0396648,29.51791,.
67881,.,-2.0396648,29.51791,.
67882,.,-2.0396648,29.51791,.
67883,.,-1.9422165,29.39582,.
67884,.,-1.9422165,29.39582,.
67885,.,-1.9422165,29.39582,.
67886,.,-1.9422165,29.39582,.
67887,.,-2.0377347,29.52135,.
67888,.,-2.0377347,29.52135,.
67889,.,-2.0377347,29.52135,.
67890,.,-2.0377347,29.52135,.
67891,.,-2.0364516,29.51728,.
67892,.,-2.0364516,29.51728,.
67893,.,-2.0364516,29.51728,.
67894,.,-2.0364516,29.51728,.
67895,.,-1.9387934,29.37631,.
67896,.,-1.9387934,29.37631,.
67897,.,-1.9387934,29.37631,.
67898,.,-1.9387934,29.37631,.
67899,.,-2.4860066,29.48563,.
67900,.,-2.4860066,29.48563,.
67901,.,-2.4860066,29.48563,.
67902,.,-2.4860066,29.48563,.
67903,.,-2.427265,29.20631,.
67904,.,-2.427265,29.20631,.
67905,.,-2.427265,29.20631,.
67906,.,-2.427265,29.20631,.
67907,.,-2.0773089,29.55726,.
67908,.,-2.0773089,29.55726,.
67909,.,-2.0773089,29.55726,.
67910,.,-2.0773089,29.55726,.
67911,.,-2.43839,29.19563,.
67912,.,-2.43839,29.19563,.
67913,.,-2.43839,29.19563,.
67914,.,-2.43839,29.19563,.
67915,.,-2.4114771,29.20391,.
67916,.,-2.4114771,29.20391,.
67917,.,-2.4114771,29.20391,.
67918,.,-2.4187563,29.20412,.
67919,.,-2.4187563,29.20412,.
67920,.,-2.4187563,29.20412,.
67921,.,-2.0323963,29.52176,.
67922,.,-2.0323963,29.52176,.
67923,.,-2.0786155,29.55458,.
67924,.,-2.0786155,29.55458,.
67925,.,-2.0786155,29.55458,.
67926,.,-2.0786155,29.55458,.
67927,.,-2.4956058,29.49204,.
67928,.,-2.4956058,29.49204,.
67929,.,-2.4956058,29.49204,.
67930,.,-2.4956058,29.49204,.
67931,.,-2.0771226,29.56124,.
67932,.,-2.0771226,29.56124,.
67933,.,-2.0771226,29.56124,.
67934,.,-2.0771226,29.56124,.
67935,.,-2.4202441,29.21519,.
67936,.,-2.4202441,29.21519,.
67937,.,-2.4202441,29.21519,.
67938,.,-2.4202441,29.21519,.
67939,.,-2.487388,29.49107,.
67940,.,-2.4911221,29.487,.
67941,.,-2.4911221,29.487,.
67942,.,-2.4911221,29.487,.
67943,.,-2.0724884,29.56204,.
67944,.,-2.0724884,29.56204,.
67945,.,-2.0724884,29.56204,.
67946,.,-2.0724884,29.56204,.
67947,.,-2.0733041,29.54625,.
67948,.,-2.0733041,29.54625,.
67949,.,-2.0733041,29.54625,.
67950,.,-2.0733041,29.54625,.
67951,.,-2.0840008,29.56258,.
67952,.,-2.0840008,29.56258,.
67953,.,-2.0840008,29.56258,.
67954,.,-2.0840008,29.56258,.
67955,.,-2.4936506,29.49729,.
67956,.,-2.4936506,29.49729,.
67957,.,-2.4936506,29.49729,.
67958,.,-2.4936506,29.49729,.
67959,.,-2.5087503,29.4968,.
67960,.,-2.5087503,29.4968,.
67961,.,-2.5087503,29.4968,.
67962,.,-2.4881263,29.49109,.
67963,.,-2.4881263,29.49109,.
67964,.,-2.4881263,29.49109,.
67965,.,-2.4881263,29.49109,.
67966,.,-2.4945471,29.49586,.
67967,.,-2.4945471,29.49586,.
67968,.,-2.4945471,29.49586,.
67969,.,-2.4945471,29.49586,.
67970,.,-2.4867119,29.49443,.
67971,.,-2.4867119,29.49443,.
67972,.,-1.9426958,29.39697,.
67973,.,-1.9426958,29.39697,.
67974,.,-1.9426958,29.39697,.
67975,.,-1.9426958,29.39697,.
67976,.,-2.4996253,29.49303,.
67977,.,-2.4996253,29.49303,.
67978,.,-2.4996253,29.49303,.
67979,.,-2.4996253,29.49303,.
67980,.,-1.9398774,29.37149,.
67981,.,-1.9398774,29.37149,.
67982,.,-1.9398774,29.37149,.
67983,.,-1.9398774,29.37149,.
67984,.,-2.4894513,29.48351,.
67985,.,-2.4894513,29.48351,.
67986,.,-2.4894513,29.48351,.
67987,.,-2.4894513,29.48351,.
67988,.,-2.0695785,29.56259,.
67989,.,-2.0695785,29.56259,.
67990,.,-2.0695785,29.56259,.
67991,.,-2.0695785,29.56259,.
67992,.,-2.4791946,29.46033,.
67993,.,-2.4791946,29.46033,.
67994,.,-2.4791946,29.46033,.
67995,.,-2.4791946,29.46033,.
67996,.,-1.9385091,29.37244,.
67997,.,-1.9385091,29.37244,.
67998,.,-1.9385091,29.37244,.
67999,.,-1.9385091,29.37244,.
68000,.,-1.9388099,29.37484,.
68001,.,-1.9388099,29.37484,.
68002,.,-1.9388099,29.37484,.
68003,.,-1.9388099,29.37484,.
68004,.,-2.4947743,29.49936,.
68005,.,-2.4947743,29.49936,.
68006,.,-2.4947743,29.49936,.
68007,.,-2.4947743,29.49936,.
68008,.,-2.4415355,29.19673,.
68009,.,-2.4415355,29.19673,.
68010,.,-2.4415355,29.19673,.
68011,.,-2.4415355,29.19673,.
68012,.,-2.4112646,29.20152,.
68013,.,-2.4112646,29.20152,.
68014,.,-2.4112646,29.20152,.
68015,.,-2.4112646,29.20152,.
68016,.,-1.9464222,29.39308,.
68017,.,-1.9464222,29.39308,.
68018,.,-1.9464222,29.39308,.
68019,.,-1.9464222,29.39308,.
68020,.,-2.4342699,29.19407,.
68021,.,-2.4342699,29.19407,.
68022,.,-2.4342699,29.19407,.
68023,.,-2.4342699,29.19407,.
68024,.,-2.4892092,29.48859,.
68025,.,-2.4892092,29.48859,.
68026,.,-2.4892092,29.48859,.
68027,.,-2.4892092,29.48859,.
68028,.,-2.0346549,29.51753,.
68029,.,-2.0346549,29.51753,.
68030,.,-2.0346549,29.51753,.
68031,.,-2.0346549,29.51753,.
68032,.,-2.4403918,29.19462,.
68033,.,-2.4403918,29.19462,.
68034,.,-2.4403918,29.19462,.
68035,.,-2.4403918,29.19462,.
68036,.,-2.4416041,29.19677,.
68037,.,-2.4416041,29.19677,.
68038,.,-2.4416041,29.19677,.
68039,.,-2.4416041,29.19677,.
68040,.,-2.0404844,29.52397,.
68041,.,-2.0404844,29.52397,.
68042,.,-2.0404844,29.52397,.
68043,.,-2.0404844,29.52397,.
68044,.,-2.4422169,29.19905,.
68045,.,-2.4422169,29.19905,.
68046,.,-2.4422169,29.19905,.
68047,.,-2.4422169,29.19905,.
68048,.,-2.4187137,29.20411,.
68049,.,-2.4187137,29.20411,.
68050,.,-2.4187137,29.20411,.
68051,.,-2.4187137,29.20411,.
68052,.,-2.4883653,29.48334,.
68053,.,-2.4883653,29.48334,.
68054,.,-2.4883653,29.48334,.
68055,.,-2.4883653,29.48334,.
68056,.,-2.4939236,29.49997,.
68057,.,-2.4939236,29.49997,.
68058,.,-2.4939236,29.49997,.
68059,.,-2.4939236,29.49997,.
68060,.,-2.4116784,29.20305,.
68061,.,-2.4116784,29.20305,.
68062,.,-2.4116784,29.20305,.
68063,.,-2.4116784,29.20305,.
68064,.,-2.4382992,29.19576,.
68065,.,-2.4382992,29.19576,.
68066,.,-2.4382992,29.19576,.
68067,.,-2.4382992,29.19576,.
68068,.,-2.4939084,29.49533,.
68069,.,-2.4939084,29.49533,.
68070,.,-2.4939084,29.49533,.
68071,.,-2.4939084,29.49533,.
68072,.,-2.4190672,29.20571,.
68073,.,-2.4190672,29.20571,.
68074,.,-2.4190672,29.20571,.
68075,.,-2.4190672,29.20571,.
68076,.,-2.0720971,29.55353,.
68077,.,-2.0720971,29.55353,.
68078,.,-2.0720971,29.55353,.
68079,.,-2.0720971,29.55353,.
68080,.,-2.0783157,29.55756,.
68081,.,-2.0783157,29.55756,.
68082,.,-2.0783157,29.55756,.
68083,.,-2.0783157,29.55756,.
68084,.,-2.4955961,29.49918,.
68085,.,-2.4955961,29.49918,.
68086,.,-2.4955961,29.49918,.
68087,.,-2.4955961,29.49918,.
68088,.,-2.422162,29.20082,.
68089,.,-2.422162,29.20082,.
68090,.,-2.422162,29.20082,.
68091,.,-2.422162,29.20082,.
68092,.,-2.4880945,29.48326,.
68093,.,-2.4880945,29.48326,.
68094,.,-2.4880945,29.48326,.
68095,.,-2.4880945,29.48326,.
68096,.,-1.9394997,29.37413,.
68097,.,-1.9394997,29.37413,.
68098,.,-1.9394997,29.37413,.
68099,.,-1.9394997,29.37413,.
68100,.,-2.4062418,29.2007,.
68101,.,-2.4062418,29.2007,.
68102,.,-2.4062418,29.2007,.
68103,.,-2.4062418,29.2007,.
68104,.,-1.9379891,29.37515,.
68105,.,-1.9379891,29.37515,.
68106,.,-1.9379891,29.37515,.
68107,.,-1.9379891,29.37515,.
68108,.,-2.4995639,29.49315,.
68109,.,-2.4995639,29.49315,.
68110,.,-2.4995639,29.49315,.
68111,.,-2.4995639,29.49315,.
68112,.,-2.4404213,29.19464,.
68113,.,-2.4404213,29.19464,.
68114,.,-2.4404213,29.19464,.
68115,.,-2.4404213,29.19464,.
68116,.,-1.9399129,29.37156,.
68117,.,-1.9399129,29.37156,.
68118,.,-1.9399129,29.37156,.
68119,.,-1.9399129,29.37156,.
68120,.,-2.4717306,29.03431,.
68121,.,-2.4717306,29.03431,.
68122,.,-2.4717306,29.03431,.
68123,.,-2.477746,29.03545,.
68124,.,-2.477746,29.03545,.
68125,.,-2.477746,29.03545,.
68126,.,-2.4812607,29.03563,.
68127,.,-2.4812607,29.03563,.
68128,.,-2.4812607,29.03563,.
68129,.,-2.4812607,29.03563,.
68130,.,-2.4812607,29.03563,.
68131,.,-2.4812607,29.03563,.
68132,.,-2.4340805,29.02176,.
68133,.,-2.4858077,29.03845,.
68134,.,-2.4858077,29.03845,.
68135,.,-2.4858077,29.03845,.
68136,.,-2.4858077,29.03845,.
68137,.,-2.4858077,29.03845,.
68138,.,-2.4858077,29.03845,.
68139,.,-2.476683,29.03431,.
68140,.,-2.476683,29.03431,.
68141,.,-2.476683,29.03431,.
68142,.,-2.4758396,29.03394,.
68143,.,-2.4758396,29.03394,.
68144,.,-2.4758396,29.03394,.
68145,.,-2.4347477,29.0312,.
68146,.,-2.4347477,29.0312,.
68147,.,-2.4347477,29.0312,.
68148,.,-2.4347477,29.0312,.
68149,.,-2.4347477,29.0312,.
68150,.,-2.4347477,29.0312,.
68151,.,-2.4325171,29.02223,.
68152,.,-2.4325171,29.02223,.
68153,.,-2.4325171,29.02223,.
68154,.,-2.4781825,29.03457,.
68155,.,-2.4781825,29.03457,.
68156,.,-2.4781825,29.03457,.
68157,.,-2.4781825,29.03457,.
68158,.,-2.4781825,29.03457,.
68159,.,-2.4781825,29.03457,.
68160,.,-2.4346428,29.02059,.
68161,.,-2.4346428,29.02059,.
68162,.,-2.4346428,29.02059,.
68163,.,-2.4343473,29.02747,.
68164,.,-2.4343473,29.02747,.
68165,.,-2.4343473,29.02747,.
68166,.,-2.4784303,29.03531,.
68167,.,-2.4784303,29.03531,.
68168,.,-2.4784303,29.03531,.
68169,.,-2.4784303,29.03531,.
68170,.,-2.4784303,29.03531,.
68171,.,-2.4784303,29.03531,.
68172,.,-2.4345875,29.02064,.
68173,.,-2.4345875,29.02064,.
68174,.,-2.4345875,29.02064,.
68175,.,-2.4931782,29.048,.
68176,.,-2.4931782,29.048,.
68177,.,-2.4931782,29.048,.
68178,.,-2.4856706,29.03811,.
68179,.,-2.4856706,29.03811,.
68180,.,-2.4856706,29.03811,.
68181,.,-2.4377628,29.0189,.
68182,.,-2.4377628,29.0189,.
68183,.,-2.4377628,29.0189,.
68184,.,-2.4377628,29.0189,.
68185,.,-2.4359457,29.02496,.
68186,.,-2.4359457,29.02496,.
68187,.,-2.4359457,29.02496,.
68188,.,-2.4342433,29.02385,.
68189,.,-2.4342433,29.02385,.
68190,.,-2.4342433,29.02385,.
68191,.,-2.4342433,29.02385,.
68192,.,-2.4342433,29.02385,.
68193,.,-2.4319528,29.02075,.
68194,.,-2.4319528,29.02075,.
68195,.,-2.4319528,29.02075,.
68196,.,-2.4319528,29.02075,.
68197,.,-2.4319528,29.02075,.
68198,.,-2.479169,29.03443,.
68199,.,-2.479169,29.03443,.
68200,.,-2.479169,29.03443,.
68201,.,-2.4371281,29.02009,.
68202,.,-2.4371281,29.02009,.
68203,.,-2.4371281,29.02009,.
68204,.,-2.4371281,29.02009,.
68205,.,-2.4390947,29.00871,.
68206,.,-2.4390947,29.00871,.
68207,.,-2.4390947,29.00871,.
68208,.,-2.4390947,29.00871,.
68209,.,-2.4390947,29.00871,.
68210,.,-2.4390947,29.00871,.
68211,.,-2.4889415,29.04707,.
68212,.,-2.4889415,29.04707,.
68213,.,-2.4889415,29.04707,.
68214,.,-2.4325436,29.02225,.
68215,.,-2.4325436,29.02225,.
68216,.,-2.4325436,29.02225,.
68217,.,-2.4348547,29.02068,.
68218,.,-2.4348547,29.02068,.
68219,.,-2.4348547,29.02068,.
68220,.,-2.4778258,29.03541,.
68221,.,-2.4778258,29.03541,.
68222,.,-2.4778258,29.03541,.
68223,.,-2.4744534,29.03127,.
68224,.,-2.4744534,29.03127,.
68225,.,-2.4744534,29.03127,.
68226,.,-2.4744534,29.03127,.
68227,.,-2.4744534,29.03127,.
68228,.,-2.4744534,29.03127,.
68229,.,-2.4347727,29.02064,.
68230,.,-2.4347727,29.02064,.
68231,.,-2.4347727,29.02064,.
68232,.,-2.4866203,29.03666,.
68233,.,-2.4866203,29.03666,.
68234,.,-2.4432945,29.01757,.
68235,.,-2.4432945,29.01757,.
68236,.,-2.4432945,29.01757,.
68237,.,-2.486188,29.02593,.
68238,.,-2.486188,29.02593,.
68239,.,-2.486188,29.02593,.
68240,.,-2.486188,29.02593,.
68241,.,-2.486188,29.02593,.
68242,.,-2.486188,29.02593,.
68243,.,-2.4778365,29.03622,.
68244,.,-2.4778365,29.03622,.
68245,.,-2.4778365,29.03622,.
68246,.,-2.4343998,29.02651,.
68247,.,-2.4343998,29.02651,.
68248,.,-2.4343998,29.02651,.
68249,.,-2.4343998,29.02651,.
68250,.,-2.4343998,29.02651,.
68251,.,-2.4343998,29.02651,.
68252,.,-2.4380301,29.02171,.
68253,.,-2.4380301,29.02171,.
68254,.,-2.4380301,29.02171,.
68255,.,-2.4319064,29.02365,.
68256,.,-2.4319064,29.02365,.
68257,.,-2.4319064,29.02365,.
68258,.,-2.4319064,29.02365,.
68259,.,-2.4319064,29.02365,.
68260,.,-2.438928,29.02155,.
68261,.,-2.438928,29.02155,.
68262,.,-2.438928,29.02155,.
68263,.,-2.438928,29.02155,.
68264,.,-2.438928,29.02155,.
68265,.,-2.4372748,29.02263,.
68266,.,-2.4372748,29.02263,.
68267,.,-2.4372748,29.02263,.
68268,.,-2.4865732,29.03656,.
68269,.,-2.4865732,29.03656,.
68270,.,-2.4865732,29.03656,.
68271,.,-2.4865732,29.03656,.
68272,.,-2.4865732,29.03656,.
68273,.,-2.4865732,29.03656,.
68274,.,-2.4382987,29.02076,.
68275,.,-2.4382987,29.02076,.
68276,.,-2.4382987,29.02076,.
68277,.,-2.4382987,29.02076,.
68278,.,-2.4340767,29.02046,.
68279,.,-2.4340767,29.02046,.
68280,.,-2.4340767,29.02046,.
68281,.,-2.4340767,29.02046,.
68282,.,-2.4340767,29.02046,.
68283,.,-2.4340767,29.02046,.
68284,.,-2.4340409,29.02184,.
68285,.,-2.4340409,29.02184,.
68286,.,-2.4340409,29.02184,.
68287,.,-2.4340409,29.02184,.
68288,.,-2.4340409,29.02184,.
68289,.,-2.4340409,29.02184,.
68290,.,-2.4373022,29.02309,.
68291,.,-2.4373022,29.02309,.
68292,.,-2.4373022,29.02309,.
68293,.,-2.4772138,29.03524,.
68294,.,-2.4772138,29.03524,.
68295,.,-2.4772138,29.03524,.
68296,.,-2.0665998,30.55552,.
68297,.,-2.0665998,30.55552,.
68298,.,-2.0665998,30.55552,.
68299,.,-2.0665998,30.55552,.
68300,.,-2.0665998,30.55552,.
68301,.,-2.0702104,30.55565,.
68302,.,-2.0702104,30.55565,.
68303,.,-2.0702104,30.55565,.
68304,.,-2.0702104,30.55565,.
68305,.,-2.0702104,30.55565,.
68306,.,-1.740426,30.4988,.
68307,.,-1.740426,30.4988,.
68308,.,-1.740426,30.4988,.
68309,.,-1.740426,30.4988,.
68310,.,-1.740426,30.4988,.
68311,.,-2.0754566,30.55205,.
68312,.,-2.0754566,30.55205,.
68313,.,-2.0754566,30.55205,.
68314,.,-2.0754566,30.55205,.
68315,.,-2.0754566,30.55205,.
68316,.,-1.7403149,30.49897,.
68317,.,-1.7403149,30.49897,.
68318,.,-1.7403149,30.49897,.
68319,.,-1.7403149,30.49897,.
68320,.,-1.7403149,30.49897,.
68321,.,-2.0267216,30.33605,.
68322,.,-2.0267216,30.33605,.
68323,.,-2.0267216,30.33605,.
68324,.,-2.0267216,30.33605,.
68325,.,-2.0267216,30.33605,.
68326,.,-1.744576,30.49239,.
68327,.,-1.744576,30.49239,.
68328,.,-1.744576,30.49239,.
68329,.,-1.744576,30.49239,.
68330,.,-1.744576,30.49239,.
68331,.,-1.7412086,30.4984,.
68332,.,-1.7412086,30.4984,.
68333,.,-1.7412086,30.4984,.
68334,.,-2.0266715,30.33602,.
68335,.,-2.0266715,30.33602,.
68336,.,-2.0266715,30.33602,.
68337,.,-2.0266715,30.33602,.
68338,.,-2.0266715,30.33602,.
68339,.,-2.0708045,30.55917,.
68340,.,-2.0708045,30.55917,.
68341,.,-2.0708045,30.55917,.
68342,.,-2.0708045,30.55917,.
68343,.,-2.0708045,30.55917,.
68344,.,-2.064255,30.55454,.
68345,.,-2.064255,30.55454,.
68346,.,-2.064255,30.55454,.
68347,.,-2.064255,30.55454,.
68348,.,-1.7402952,30.49923,.
68349,.,-1.7402952,30.49923,.
68350,.,-1.7402952,30.49923,.
68351,.,-1.7402952,30.49923,.
68352,.,-1.7402952,30.49923,.
68353,.,-1.7401513,30.49925,.
68354,.,-1.7401513,30.49925,.
68355,.,-1.7401513,30.49925,.
68356,.,-1.7401513,30.49925,.
68357,.,-1.7401513,30.49925,.
68358,.,-2.0267476,30.33604,.
68359,.,-2.0267476,30.33604,.
68360,.,-2.0267476,30.33604,.
68361,.,-2.0267476,30.33604,.
68362,.,-2.0267476,30.33604,.
68363,.,-2.0266635,30.33606,.
68364,.,-2.0266635,30.33606,.
68365,.,-2.0266635,30.33606,.
68366,.,-2.0266635,30.33606,.
68367,.,-2.0266635,30.33606,.
68368,.,-2.0752826,30.55282,.
68369,.,-2.0752826,30.55282,.
68370,.,-2.0752826,30.55282,.
68371,.,-2.0752826,30.55282,.
68372,.,-2.0752826,30.55282,.
68373,.,-2.0267328,30.33604,.
68374,.,-2.0267328,30.33604,.
68375,.,-2.0267328,30.33604,.
68376,.,-2.0267328,30.33604,.
68377,.,-2.0267328,30.33604,.
68378,.,-2.072256,30.55205,.
68379,.,-2.072256,30.55205,.
68380,.,-2.072256,30.55205,.
68381,.,-2.072256,30.55205,.
68382,.,-2.072256,30.55205,.
68383,.,-1.7403077,30.49896,.
68384,.,-1.7403077,30.49896,.
68385,.,-1.7403077,30.49896,.
68386,.,-1.7403077,30.49896,.
68387,.,-1.7403077,30.49896,.
68388,.,-2.0266701,30.33603,.
68389,.,-2.0266701,30.33603,.
68390,.,-2.0266701,30.33603,.
68391,.,-2.0266701,30.33603,.
68392,.,-2.0266701,30.33603,.
68393,.,-2.0266546,30.33599,.
68394,.,-2.0266546,30.33599,.
68395,.,-2.0266546,30.33599,.
68396,.,-2.0266546,30.33599,.
68397,.,-2.0266546,30.33599,.
68398,.,-1.7409431,30.49917,.
68399,.,-1.7409431,30.49917,.
68400,.,-1.7409431,30.49917,.
68401,.,-1.7409431,30.49917,.
68402,.,-1.7409431,30.49917,.
68403,.,-2.0703843,30.55365,.
68404,.,-2.0703843,30.55365,.
68405,.,-2.0703843,30.55365,.
68406,.,-2.0703843,30.55365,.
68407,.,-2.0703843,30.55365,.
68408,.,-2.0643324,30.55561,.
68409,.,-2.0643324,30.55561,.
68410,.,-2.0643324,30.55561,.
68411,.,-2.0643324,30.55561,.
68412,.,-2.0643324,30.55561,.
68413,.,-2.0736643,30.55301,.
68414,.,-2.0736643,30.55301,.
68415,.,-2.0736643,30.55301,.
68416,.,-2.0736643,30.55301,.
68417,.,-2.0736643,30.55301,.
68418,.,-1.7402357,30.49917,.
68419,.,-1.7402357,30.49917,.
68420,.,-1.7402357,30.49917,.
68421,.,-1.7402357,30.49917,.
68422,.,-1.7402357,30.49917,.
68423,.,-1.7403436,30.49925,.
68424,.,-1.7403436,30.49925,.
68425,.,-1.7403436,30.49925,.
68426,.,-1.7403436,30.49925,.
68427,.,-1.7403436,30.49925,.
68428,.,-2.0265534,30.33614,.
68429,.,-2.0265534,30.33614,.
68430,.,-2.0265534,30.33614,.
68431,.,-2.0265534,30.33614,.
68432,.,-2.0265534,30.33614,.
68433,.,-2.0266959,30.33602,.
68434,.,-2.0266959,30.33602,.
68435,.,-2.0266959,30.33602,.
68436,.,-2.0266959,30.33602,.
68437,.,-2.0266959,30.33602,.
68438,.,-2.0266457,30.33583,.
68439,.,-2.0266457,30.33583,.
68440,.,-2.0266457,30.33583,.
68441,.,-2.0266457,30.33583,.
68442,.,-2.0266457,30.33583,.
68443,.,-1.7402322,30.49919,.
68444,.,-1.7402322,30.49919,.
68445,.,-1.7402322,30.49919,.
68446,.,-1.7402322,30.49919,.
68447,.,-1.7402322,30.49919,.
68448,.,-1.74021,30.49896,.
68449,.,-1.74021,30.49896,.
68450,.,-1.74021,30.49896,.
68451,.,-1.74021,30.49896,.
68452,.,-1.74021,30.49896,.
68453,.,-2.0623003,30.55451,.
68454,.,-2.0623003,30.55451,.
68455,.,-2.0623003,30.55451,.
68456,.,-2.0623003,30.55451,.
68457,.,-2.0623003,30.55451,.
68458,.,-1.7409204,30.49935,.
68459,.,-1.7409204,30.49935,.
68460,.,-1.7409204,30.49935,.
68461,.,-1.7409204,30.49935,.
68462,.,-1.7409204,30.49935,.
68463,.,-1.7402476,30.49919,.
68464,.,-1.7402476,30.49919,.
68465,.,-1.7402476,30.49919,.
68466,.,-1.7402476,30.49919,.
68467,.,-1.7402476,30.49919,.
68468,.,-2.0267042,30.33602,.
68469,.,-2.0267042,30.33602,.
68470,.,-2.0267042,30.33602,.
68471,.,-2.0267042,30.33602,.
68472,.,-2.0267042,30.33602,.
68473,.,-2.0267268,30.33598,.
68474,.,-2.0267268,30.33598,.
68475,.,-2.0267268,30.33598,.
68476,.,-2.0267268,30.33598,.
68477,.,-2.0267268,30.33598,.
68478,.,-2.0266716,30.33623,.
68479,.,-2.0266716,30.33623,.
68480,.,-2.0266716,30.33623,.
68481,.,-2.0266716,30.33623,.
68482,.,-2.0266716,30.33623,.
68483,.,-1.7402352,30.4991,.
68484,.,-1.7402352,30.4991,.
68485,.,-1.7402352,30.4991,.
68486,.,-1.7402352,30.4991,.
68487,.,-1.7402352,30.4991,.
68488,.,-2.0266877,30.33598,.
68489,.,-2.0266877,30.33598,.
68490,.,-2.0266877,30.33598,.
68491,.,-2.0266877,30.33598,.
68492,.,-2.0266877,30.33598,.
68493,.,-1.7409434,30.49825,.
68494,.,-1.7409434,30.49825,.
68495,.,-1.7409434,30.49825,.
68496,.,-1.7409434,30.49825,.
68497,.,-1.7409434,30.49825,.
68498,.,-2.07122,30.55296,.
68499,.,-2.07122,30.55296,.
68500,.,-2.07122,30.55296,.
68501,.,-2.07122,30.55296,.
68502,.,-2.07122,30.55296,.
68503,.,-2.0267373,30.33601,.
68504,.,-2.0267373,30.33601,.
68505,.,-2.0267373,30.33601,.
68506,.,-2.0267373,30.33601,.
68507,.,-2.0267373,30.33601,.
68508,.,-2.0702128,30.54873,.
68509,.,-2.0702128,30.54873,.
68510,.,-2.0702128,30.54873,.
68511,.,-1.3772216,30.26241,.
68512,.,-1.3772216,30.26241,.
68513,.,-1.3772216,30.26241,.
68514,.,-1.3772216,30.26241,.
68515,.,-1.3772216,30.26241,.
68516,.,-1.3772216,30.26241,.
68517,.,-1.6053092,30.35543,.
68518,.,-1.6053092,30.35543,.
68519,.,-1.6053092,30.35543,.
68520,.,-1.6053092,30.35543,.
68521,.,-1.6053092,30.35543,.
68522,.,-1.6053092,30.35543,.
68523,.,-1.3811599,30.25782,.
68524,.,-1.3811599,30.25782,.
68525,.,-1.3811599,30.25782,.
68526,.,-1.3811599,30.25782,.
68527,.,-1.3811599,30.25782,.
68528,.,-1.3811599,30.25782,.
68529,.,-1.5603448,30.36371,.
68530,.,-1.5603448,30.36371,.
68531,.,-1.5603448,30.36371,.
68532,.,-1.5603448,30.36371,.
68533,.,-1.5603448,30.36371,.
68534,.,-1.5603448,30.36371,.
68535,.,-1.4212425,30.29114,.
68536,.,-1.4212425,30.29114,.
68537,.,-1.4212425,30.29114,.
68538,.,-1.4212425,30.29114,.
68539,.,-1.4212425,30.29114,.
68540,.,-1.4212425,30.29114,.
68541,.,-1.5603415,30.3637,.
68542,.,-1.5603415,30.3637,.
68543,.,-1.5603415,30.3637,.
68544,.,-1.5603415,30.3637,.
68545,.,-1.5603415,30.3637,.
68546,.,-1.5603415,30.3637,.
68547,.,-1.3721477,30.27217,.
68548,.,-1.3721477,30.27217,.
68549,.,-1.3721477,30.27217,.
68550,.,-1.3721477,30.27217,.
68551,.,-1.3721477,30.27217,.
68552,.,-1.3721477,30.27217,.
68553,.,-1.3772519,30.26249,.
68554,.,-1.3772519,30.26249,.
68555,.,-1.3772519,30.26249,.
68556,.,-1.3772519,30.26249,.
68557,.,-1.3772519,30.26249,.
68558,.,-1.3772519,30.26249,.
68559,.,-1.4312428,30.29874,.
68560,.,-1.4312428,30.29874,.
68561,.,-1.4312428,30.29874,.
68562,.,-1.4312428,30.29874,.
68563,.,-1.4312428,30.29874,.
68564,.,-1.4312428,30.29874,.
68565,.,-1.5603836,30.36357,.
68566,.,-1.5603836,30.36357,.
68567,.,-1.5603836,30.36357,.
68568,.,-1.5603836,30.36357,.
68569,.,-1.5603836,30.36357,.
68570,.,-1.5603836,30.36357,.
68571,.,-1.4349376,30.2959,.
68572,.,-1.4349376,30.2959,.
68573,.,-1.4349376,30.2959,.
68574,.,-1.4349376,30.2959,.
68575,.,-1.4349376,30.2959,.
68576,.,-1.4349376,30.2959,.
68577,.,-1.6052922,30.35543,.
68578,.,-1.6052922,30.35543,.
68579,.,-1.6052922,30.35543,.
68580,.,-1.6052922,30.35543,.
68581,.,-1.6052922,30.35543,.
68582,.,-1.6052922,30.35543,.
68583,.,-1.6053067,30.35544,.
68584,.,-1.6053067,30.35544,.
68585,.,-1.6053067,30.35544,.
68586,.,-1.6053067,30.35544,.
68587,.,-1.6053067,30.35544,.
68588,.,-1.6053067,30.35544,.
68589,.,-1.5518289,30.3498,.
68590,.,-1.5518289,30.3498,.
68591,.,-1.5518289,30.3498,.
68592,.,-1.5518289,30.3498,.
68593,.,-1.5518289,30.3498,.
68594,.,-1.5518289,30.3498,.
68595,.,-1.3717833,30.27229,.
68596,.,-1.3717833,30.27229,.
68597,.,-1.3717833,30.27229,.
68598,.,-1.3717833,30.27229,.
68599,.,-1.3717833,30.27229,.
68600,.,-1.3717833,30.27229,.
68601,.,-1.6052993,30.35542,.
68602,.,-1.6052993,30.35542,.
68603,.,-1.6052993,30.35542,.
68604,.,-1.6052993,30.35542,.
68605,.,-1.6052993,30.35542,.
68606,.,-1.6052993,30.35542,.
68607,.,-1.5603549,30.36367,.
68608,.,-1.5603549,30.36367,.
68609,.,-1.5603549,30.36367,.
68610,.,-1.5603549,30.36367,.
68611,.,-1.5603549,30.36367,.
68612,.,-1.5603549,30.36367,.
68613,.,-1.371763,30.27227,.
68614,.,-1.371763,30.27227,.
68615,.,-1.371763,30.27227,.
68616,.,-1.371763,30.27227,.
68617,.,-1.371763,30.27227,.
68618,.,-1.371763,30.27227,.
68619,.,-1.5603228,30.3637,.
68620,.,-1.5603228,30.3637,.
68621,.,-1.5603228,30.3637,.
68622,.,-1.5603228,30.3637,.
68623,.,-1.5603228,30.3637,.
68624,.,-1.5603228,30.3637,.
68625,.,-1.4212457,30.2911,.
68626,.,-1.4212457,30.2911,.
68627,.,-1.4212457,30.2911,.
68628,.,-1.4212457,30.2911,.
68629,.,-1.4212457,30.2911,.
68630,.,-1.4212457,30.2911,.
68631,.,-1.3745414,30.25396,.
68632,.,-1.3745414,30.25396,.
68633,.,-1.3745414,30.25396,.
68634,.,-1.3745414,30.25396,.
68635,.,-1.3745414,30.25396,.
68636,.,-1.3745414,30.25396,.
68637,.,-1.5603211,30.3637,.
68638,.,-1.5603211,30.3637,.
68639,.,-1.5603211,30.3637,.
68640,.,-1.5603211,30.3637,.
68641,.,-1.5603211,30.3637,.
68642,.,-1.5603211,30.3637,.
68643,.,-1.5603562,30.36373,.
68644,.,-1.5603562,30.36373,.
68645,.,-1.5603562,30.36373,.
68646,.,-1.5603562,30.36373,.
68647,.,-1.5603562,30.36373,.
68648,.,-1.5603562,30.36373,.
68649,.,-1.6053204,30.35543,.
68650,.,-1.6053204,30.35543,.
68651,.,-1.6053204,30.35543,.
68652,.,-1.6053204,30.35543,.
68653,.,-1.6053204,30.35543,.
68654,.,-1.6053204,30.35543,.
68655,.,-1.4212615,30.29101,.
68656,.,-1.4212615,30.29101,.
68657,.,-1.4212615,30.29101,.
68658,.,-1.4212615,30.29101,.
68659,.,-1.4212615,30.29101,.
68660,.,-1.4212615,30.29101,.
68661,.,-1.6053039,30.3554,.
68662,.,-1.6053039,30.3554,.
68663,.,-1.6053039,30.3554,.
68664,.,-1.6053039,30.3554,.
68665,.,-1.6053039,30.3554,.
68666,.,-1.6053039,30.3554,.
68667,.,-1.419066,30.29006,.
68668,.,-1.419066,30.29006,.
68669,.,-1.419066,30.29006,.
68670,.,-1.419066,30.29006,.
68671,.,-1.419066,30.29006,.
68672,.,-1.419066,30.29006,.
68673,.,-1.5603091,30.36369,.
68674,.,-1.5603091,30.36369,.
68675,.,-1.5603091,30.36369,.
68676,.,-1.5603091,30.36369,.
68677,.,-1.5603091,30.36369,.
68678,.,-1.5603091,30.36369,.
68679,.,-1.4312895,30.29877,.
68680,.,-1.4312895,30.29877,.
68681,.,-1.4312895,30.29877,.
68682,.,-1.4312895,30.29877,.
68683,.,-1.4312895,30.29877,.
68684,.,-1.4312895,30.29877,.
68685,.,-1.6053945,30.35541,.
68686,.,-1.6053945,30.35541,.
68687,.,-1.6053945,30.35541,.
68688,.,-1.6053945,30.35541,.
68689,.,-1.6053945,30.35541,.
68690,.,-1.601048,30.35093,.
68691,.,-1.601048,30.35093,.
68692,.,-1.601048,30.35093,.
68693,.,-1.601048,30.35093,.
68694,.,-1.601048,30.35093,.
68695,.,-1.601048,30.35093,.
68696,.,-1.4347663,30.29621,.
68697,.,-1.4347663,30.29621,.
68698,.,-1.4347663,30.29621,.
68699,.,-1.4347663,30.29621,.
68700,.,-1.4347663,30.29621,.
68701,.,-1.4347663,30.29621,.
68702,.,-1.6052663,30.35543,.
68703,.,-1.6052663,30.35543,.
68704,.,-1.6052663,30.35543,.
68705,.,-1.6052663,30.35543,.
68706,.,-1.6052663,30.35543,.
68707,.,-1.6052663,30.35543,.
68708,.,-1.6053294,30.35541,.
68709,.,-1.6053294,30.35541,.
68710,.,-1.6053294,30.35541,.
68711,.,-1.6053294,30.35541,.
68712,.,-1.6053294,30.35541,.
68713,.,-1.6053294,30.35541,.
68714,.,-1.3861011,30.25642,.
68715,.,-1.3861011,30.25642,.
68716,.,-1.3861011,30.25642,.
68717,.,-1.3861011,30.25642,.
68718,.,-1.3861011,30.25642,.
68719,.,-1.3861011,30.25642,.
68720,.,-1.5603469,30.36369,.
68721,.,-1.5603469,30.36369,.
68722,.,-1.5603469,30.36369,.
68723,.,-1.5603469,30.36369,.
68724,.,-1.5603469,30.36369,.
68725,.,-1.5603469,30.36369,.
68726,.,-1.56034,30.3637,.
68727,.,-1.56034,30.3637,.
68728,.,-1.56034,30.3637,.
68729,.,-1.56034,30.3637,.
68730,.,-1.56034,30.3637,.
68731,.,-1.56034,30.3637,.
68732,.,-1.5603558,30.3637,.
68733,.,-1.5603558,30.3637,.
68734,.,-1.5603558,30.3637,.
68735,.,-1.5603558,30.3637,.
68736,.,-1.5603558,30.3637,.
68737,.,-1.5603558,30.3637,.
68738,.,-1.4349418,30.29583,.
68739,.,-1.4349418,30.29583,.
68740,.,-1.4349418,30.29583,.
68741,.,-1.4349418,30.29583,.
68742,.,-1.4349418,30.29583,.
68743,.,-1.4349418,30.29583,.
68744,.,-1.4270179,30.29677,.
68745,.,-1.4270179,30.29677,.
68746,.,-1.4270179,30.29677,.
68747,.,-1.4270179,30.29677,.
68748,.,-1.4270179,30.29677,.
68749,.,-1.4270179,30.29677,.
68750,.,-1.3772341,30.26244,.
68751,.,-1.3772341,30.26244,.
68752,.,-1.3772341,30.26244,.
68753,.,-1.3772341,30.26244,.
68754,.,-1.3772341,30.26244,.
68755,.,-1.3772341,30.26244,.
68756,.,-1.5603365,30.36371,.
68757,.,-1.5603365,30.36371,.
68758,.,-1.5603365,30.36371,.
68759,.,-1.5603365,30.36371,.
68760,.,-1.5603365,30.36371,.
68761,.,-1.5603365,30.36371,.
68762,.,-1.6010404,30.35096,.
68763,.,-1.6010404,30.35096,.
68764,.,-1.6010404,30.35096,.
68765,.,-1.6010404,30.35096,.
68766,.,-1.6010404,30.35096,.
68767,.,-1.6010404,30.35096,.
68768,.,-1.6052964,30.35542,.
68769,.,-1.6052964,30.35542,.
68770,.,-1.6052964,30.35542,.
68771,.,-1.6052964,30.35542,.
68772,.,-1.6052964,30.35542,.
68773,.,-1.6052964,30.35542,.
68774,.,-1.5603543,30.3637,.
68775,.,-1.5603543,30.3637,.
68776,.,-1.5603543,30.3637,.
68777,.,-1.5603543,30.3637,.
68778,.,-1.5603543,30.3637,.
68779,.,-1.5603543,30.3637,.
68780,.,-1.5913647,30.36032,.
68781,.,-1.5913647,30.36032,.
68782,.,-1.5913647,30.36032,.
68783,.,-1.5913647,30.36032,.
68784,.,-1.5913647,30.36032,.
68785,.,-1.5913647,30.36032,.
68786,.,-1.5603009,30.36371,.
68787,.,-1.5603009,30.36371,.
68788,.,-1.5603009,30.36371,.
68789,.,-1.5603009,30.36371,.
68790,.,-1.5603009,30.36371,.
68791,.,-1.5603009,30.36371,.
68792,.,-1.6053037,30.35542,.
68793,.,-1.6053037,30.35542,.
68794,.,-1.6053037,30.35542,.
68795,.,-1.6053037,30.35542,.
68796,.,-1.6053037,30.35542,.
68797,.,-1.6053037,30.35542,.
68798,.,-1.4291174,30.29551,.
68799,.,-1.4291174,30.29551,.
68800,.,-1.4291174,30.29551,.
68801,.,-1.4291174,30.29551,.
68802,.,-1.4291174,30.29551,.
68803,.,-1.4291174,30.29551,.
68804,.,-1.5603217,30.36367,.
68805,.,-1.5603217,30.36367,.
68806,.,-1.5603217,30.36367,.
68807,.,-1.5603217,30.36367,.
68808,.,-1.5603217,30.36367,.
68809,.,-1.5603217,30.36367,.
68810,.,-1.43492,30.29586,.
68811,.,-1.43492,30.29586,.
68812,.,-1.43492,30.29586,.
68813,.,-1.43492,30.29586,.
68814,.,-1.43492,30.29586,.
68815,.,-1.43492,30.29586,.
68816,.,-1.4349217,30.2959,.
68817,.,-1.4349217,30.2959,.
68818,.,-1.4349217,30.2959,.
68819,.,-1.4349217,30.2959,.
68820,.,-1.4349217,30.2959,.
68821,.,-1.4349217,30.2959,.
68822,.,-1.3721082,30.26842,.
68823,.,-1.3721082,30.26842,.
68824,.,-1.3721082,30.26842,.
68825,.,-1.3721082,30.26842,.
68826,.,-1.3721082,30.26842,.
68827,.,-1.3721082,30.26842,.
68828,.,-1.6052831,30.35544,.
68829,.,-1.6052831,30.35544,.
68830,.,-1.6052831,30.35544,.
68831,.,-1.6052831,30.35544,.
68832,.,-1.6052831,30.35544,.
68833,.,-1.6052831,30.35544,.
68834,.,-1.4349422,30.29582,.
68835,.,-1.4349422,30.29582,.
68836,.,-1.4349422,30.29582,.
68837,.,-1.4349422,30.29582,.
68838,.,-1.4349422,30.29582,.
68839,.,-1.4349422,30.29582,.
68840,.,-1.6053144,30.3554,.
68841,.,-1.6053144,30.3554,.
68842,.,-1.6053144,30.3554,.
68843,.,-1.6053144,30.3554,.
68844,.,-1.6053144,30.3554,.
68845,.,-1.6053144,30.3554,.
68846,.,-1.3721431,30.26834,.
68847,.,-1.3721431,30.26834,.
68848,.,-1.3721431,30.26834,.
68849,.,-1.3721431,30.26834,.
68850,.,-1.3721431,30.26834,.
68851,.,-1.3721431,30.26834,.
68852,.,-1.431271,30.29874,.
68853,.,-1.431271,30.29874,.
68854,.,-1.431271,30.29874,.
68855,.,-1.431271,30.29874,.
68856,.,-1.431271,30.29874,.
68857,.,-1.6052853,30.35539,.
68858,.,-1.6052853,30.35539,.
68859,.,-1.6052853,30.35539,.
68860,.,-1.6052853,30.35539,.
68861,.,-1.6052853,30.35539,.
68862,.,-1.6052853,30.35539,.
68863,.,-1.6053097,30.35541,.
68864,.,-1.6053097,30.35541,.
68865,.,-1.6053097,30.35541,.
68866,.,-1.6053097,30.35541,.
68867,.,-1.6053097,30.35541,.
68868,.,-1.6053097,30.35541,.
68869,.,-1.605273,30.35551,.
68870,.,-1.605273,30.35551,.
68871,.,-1.605273,30.35551,.
68872,.,-1.605273,30.35551,.
68873,.,-1.605273,30.35551,.
68874,.,-1.605273,30.35551,.
68875,.,-1.4349679,30.29588,.
68876,.,-1.4349679,30.29588,.
68877,.,-1.4349679,30.29588,.
68878,.,-1.4349679,30.29588,.
68879,.,-1.4349679,30.29588,.
68880,.,-1.4349679,30.29588,.
68881,.,-1.6052814,30.35543,.
68882,.,-1.6052814,30.35543,.
68883,.,-1.6052814,30.35543,.
68884,.,-1.6052814,30.35543,.
68885,.,-1.6052814,30.35543,.
68886,.,-1.6052814,30.35543,.
68887,.,-1.5603799,30.36369,.
68888,.,-1.5603799,30.36369,.
68889,.,-1.5603799,30.36369,.
68890,.,-1.5603799,30.36369,.
68891,.,-1.5603799,30.36369,.
68892,.,-1.5603799,30.36369,.
68893,.,-1.5923468,30.36033,.
68894,.,-1.5923468,30.36033,.
68895,.,-1.5923468,30.36033,.
68896,.,-1.5923468,30.36033,.
68897,.,-1.5923468,30.36033,.
68898,.,-1.5923468,30.36033,.
68899,.,-1.5603324,30.3637,.
68900,.,-1.5603324,30.3637,.
68901,.,-1.5603324,30.3637,.
68902,.,-1.5603324,30.3637,.
68903,.,-1.5603324,30.3637,.
68904,.,-1.5603324,30.3637,.
68905,.,-1.4349523,30.29583,.
68906,.,-1.4349523,30.29583,.
68907,.,-1.4349523,30.29583,.
68908,.,-1.4349523,30.29583,.
68909,.,-1.4349523,30.29583,.
68910,.,-1.4349523,30.29583,.
68911,.,-1.427024,30.29676,.
68912,.,-1.427024,30.29676,.
68913,.,-1.427024,30.29676,.
68914,.,-1.427024,30.29676,.
68915,.,-1.427024,30.29676,.
68916,.,-1.427024,30.29676,.
68917,.,-1.4349113,30.29582,.
68918,.,-1.4349113,30.29582,.
68919,.,-1.4349113,30.29582,.
68920,.,-1.4349113,30.29582,.
68921,.,-1.4349113,30.29582,.
68922,.,-1.4349113,30.29582,.
68923,.,-1.4190005,30.28998,.
68924,.,-1.4190005,30.28998,.
68925,.,-1.4190005,30.28998,.
68926,.,-1.4190005,30.28998,.
68927,.,-1.4190005,30.28998,.
68928,.,-1.4190005,30.28998,.
68929,.,-1.6053399,30.35535,.
68930,.,-1.6053399,30.35535,.
68931,.,-1.6053399,30.35535,.
68932,.,-1.6053399,30.35535,.
68933,.,-1.6053399,30.35535,.
68934,.,-1.6053399,30.35535,.
68935,.,-1.5603592,30.36373,.
68936,.,-1.5603592,30.36373,.
68937,.,-1.5603592,30.36373,.
68938,.,-1.5603592,30.36373,.
68939,.,-1.5603592,30.36373,.
68940,.,-1.5603592,30.36373,.
68941,.,-1.3772481,30.26242,.
68942,.,-1.3772481,30.26242,.
68943,.,-1.3772481,30.26242,.
68944,.,-1.3772481,30.26242,.
68945,.,-1.3772481,30.26242,.
68946,.,-1.3772481,30.26242,.
68947,.,-1.5603331,30.36371,.
68948,.,-1.5603331,30.36371,.
68949,.,-1.5603331,30.36371,.
68950,.,-1.5603331,30.36371,.
68951,.,-1.5603331,30.36371,.
68952,.,-1.5603331,30.36371,.
68953,.,-1.6052988,30.35543,.
68954,.,-1.6052988,30.35543,.
68955,.,-1.6052988,30.35543,.
68956,.,-1.6052988,30.35543,.
68957,.,-1.6052988,30.35543,.
68958,.,-1.6052988,30.35543,.
68959,.,-1.3743695,30.25398,.
68960,.,-1.3743695,30.25398,.
68961,.,-1.3743695,30.25398,.
68962,.,-1.3743695,30.25398,.
68963,.,-1.3743695,30.25398,.
68964,.,-1.3743695,30.25398,.
68965,.,-1.6053076,30.35544,.
68966,.,-1.6053076,30.35544,.
68967,.,-1.6053076,30.35544,.
68968,.,-1.6053076,30.35544,.
68969,.,-1.6053076,30.35544,.
68970,.,-1.6053076,30.35544,.
68971,.,-1.3743073,30.25399,.
68972,.,-1.3743073,30.25399,.
68973,.,-1.3743073,30.25399,.
68974,.,-1.3743073,30.25399,.
68975,.,-1.3743073,30.25399,.
68976,.,-1.3743073,30.25399,.
68977,.,-1.3772313,30.26244,.
68978,.,-1.3772313,30.26244,.
68979,.,-1.3772313,30.26244,.
68980,.,-1.3772313,30.26244,.
68981,.,-1.3772313,30.26244,.
68982,.,-1.3772313,30.26244,.
68983,.,-1.6052706,30.35541,.
68984,.,-1.6052706,30.35541,.
68985,.,-1.6052706,30.35541,.
68986,.,-1.6052706,30.35541,.
68987,.,-1.6052706,30.35541,.
68988,.,-1.6052706,30.35541,.
68989,.,-2.1139963,29.31007,.
68990,.,-2.1139963,29.31007,.
68991,.,-2.1139963,29.31007,.
68992,.,-2.1139963,29.31007,.
68993,.,-2.1139963,29.31007,.
68994,.,-2.1139963,29.31007,.
68995,.,-2.3583046,29.09428,.
68996,.,-2.3583046,29.09428,.
68997,.,-2.3583046,29.09428,.
68998,.,-2.3583046,29.09428,.
68999,.,-2.3583046,29.09428,.
69000,.,-2.3583046,29.09428,.
69001,.,-2.3404255,29.14713,.
69002,.,-2.3404255,29.14713,.
69003,.,-2.3404255,29.14713,.
69004,.,-2.3404255,29.14713,.
69005,.,-2.3449974,29.15433,.
69006,.,-2.3449974,29.15433,.
69007,.,-2.1337932,29.34293,.
69008,.,-2.1337932,29.34293,.
69009,.,-2.1337932,29.34293,.
69010,.,-2.1337932,29.34293,.
69011,.,-2.0544006,29.41721,.
69012,.,-2.0544006,29.41721,.
69013,.,-2.0544006,29.41721,.
69014,.,-2.0544006,29.41721,.
69015,.,-2.1342976,29.34273,.
69016,.,-2.1342976,29.34273,.
69017,.,-2.1342976,29.34273,.
69018,.,-2.1342976,29.34273,.
69019,.,-2.1367661,29.33819,.
69020,.,-2.1367661,29.33819,.
69021,.,-2.1367661,29.33819,.
69022,.,-2.1367661,29.33819,.
69023,.,-2.3537408,29.09477,.
69024,.,-2.3537408,29.09477,.
69025,.,-2.3537408,29.09477,.
69026,.,-2.3537408,29.09477,.
69027,.,-2.3537408,29.09477,.
69028,.,-2.3537408,29.09477,.
69029,.,-2.3402938,29.15441,.
69030,.,-2.3402938,29.15441,.
69031,.,-2.3402938,29.15441,.
69032,.,-2.3402938,29.15441,.
69033,.,-2.1166421,29.3108,.
69034,.,-2.1166421,29.3108,.
69035,.,-2.1166421,29.3108,.
69036,.,-2.1166421,29.3108,.
69037,.,-2.1166421,29.3108,.
69038,.,-2.1166421,29.3108,.
69039,.,-2.0227698,29.37814,.
69040,.,-2.0227698,29.37814,.
69041,.,-2.0227698,29.37814,.
69042,.,-2.0227698,29.37814,.
69043,.,-2.0227698,29.37814,.
69044,.,-2.0227698,29.37814,.
69045,.,-2.0528533,29.42378,.
69046,.,-2.0528533,29.42378,.
69047,.,-2.0528533,29.42378,.
69048,.,-2.0528533,29.42378,.
69049,.,-2.3520136,29.0909,.
69050,.,-2.3520136,29.0909,.
69051,.,-2.3520136,29.0909,.
69052,.,-2.3520136,29.0909,.
69053,.,-2.3520136,29.0909,.
69054,.,-2.3520136,29.0909,.
69055,.,-2.3214186,29.14949,.
69056,.,-2.3214186,29.14949,.
69057,.,-2.3214186,29.14949,.
69058,.,-2.3214186,29.14949,.
69059,.,-2.1270838,29.3378,.
69060,.,-2.1270838,29.3378,.
69061,.,-2.1270838,29.3378,.
69062,.,-2.1270838,29.3378,.
69063,.,-2.0247683,29.38242,.
69064,.,-2.0247683,29.38242,.
69065,.,-2.0247683,29.38242,.
69066,.,-2.0247683,29.38242,.
69067,.,-2.0247683,29.38242,.
69068,.,-2.0247683,29.38242,.
69069,.,-2.0426266,29.42399,.
69070,.,-2.0426266,29.42399,.
69071,.,-2.0426266,29.42399,.
69072,.,-2.0426266,29.42399,.
69073,.,-2.0426266,29.42399,.
69074,.,-2.0426266,29.42399,.
69075,.,-2.1366021,29.34244,.
69076,.,-2.1366021,29.34244,.
69077,.,-2.1366021,29.34244,.
69078,.,-2.1366021,29.34244,.
69079,.,-2.0580245,29.42379,.
69080,.,-2.0580245,29.42379,.
69081,.,-2.0580245,29.42379,.
69082,.,-2.0580245,29.42379,.
69083,.,-2.0475026,29.42877,.
69084,.,-2.0475026,29.42877,.
69085,.,-2.0475026,29.42877,.
69086,.,-2.0475026,29.42877,.
69087,.,-2.0475026,29.42877,.
69088,.,-2.0475026,29.42877,.
69089,.,-2.0487355,29.40713,.
69090,.,-2.0487355,29.40713,.
69091,.,-2.0487355,29.40713,.
69092,.,-2.0487355,29.40713,.
69093,.,-2.0487355,29.40713,.
69094,.,-2.1179784,29.31352,.
69095,.,-2.1179784,29.31352,.
69096,.,-2.1179784,29.31352,.
69097,.,-2.1179784,29.31352,.
69098,.,-2.1179784,29.31352,.
69099,.,-2.1179784,29.31352,.
69100,.,-2.3709176,29.09445,.
69101,.,-2.3709176,29.09445,.
69102,.,-2.3709176,29.09445,.
69103,.,-2.3709176,29.09445,.
69104,.,-2.3709176,29.09445,.
69105,.,-2.3709176,29.09445,.
69106,.,-2.339275,29.1491,.
69107,.,-2.339275,29.1491,.
69108,.,-2.1358673,29.343,.
69109,.,-2.1358673,29.343,.
69110,.,-2.1358673,29.343,.
69111,.,-2.1358673,29.343,.
69112,.,-2.3418057,29.15038,.
69113,.,-2.3418057,29.15038,.
69114,.,-2.3418057,29.15038,.
69115,.,-2.3418057,29.15038,.
69116,.,-2.0550439,29.41383,.
69117,.,-2.0550439,29.41383,.
69118,.,-2.0550439,29.41383,.
69119,.,-2.0550439,29.41383,.
69120,.,-2.0550439,29.41383,.
69121,.,-2.0550439,29.41383,.
69122,.,-2.342702,29.14788,.
69123,.,-2.342702,29.14788,.
69124,.,-2.342702,29.14788,.
69125,.,-2.342702,29.14788,.
69126,.,-2.1378943,29.3388,.
69127,.,-2.1378943,29.3388,.
69128,.,-2.1378943,29.3388,.
69129,.,-2.0476067,29.42779,.
69130,.,-2.0476067,29.42779,.
69131,.,-2.0476067,29.42779,.
69132,.,-2.0476067,29.42779,.
69133,.,-2.3411775,29.15277,.
69134,.,-2.3411775,29.15277,.
69135,.,-2.3411775,29.15277,.
69136,.,-2.3411775,29.15277,.
69137,.,-2.0248136,29.38274,.
69138,.,-2.0248136,29.38274,.
69139,.,-2.0248136,29.38274,.
69140,.,-2.0248136,29.38274,.
69141,.,-2.0248136,29.38274,.
69142,.,-2.1138964,29.31008,.
69143,.,-2.1138964,29.31008,.
69144,.,-2.1138964,29.31008,.
69145,.,-2.1138964,29.31008,.
69146,.,-2.1361031,29.34226,.
69147,.,-2.1361031,29.34226,.
69148,.,-2.1361031,29.34226,.
69149,.,-2.1361031,29.34226,.
69150,.,-2.1184847,29.31313,.
69151,.,-2.1184847,29.31313,.
69152,.,-2.1184847,29.31313,.
69153,.,-2.1184847,29.31313,.
69154,.,-2.1184847,29.31313,.
69155,.,-2.0550664,29.41385,.
69156,.,-2.0550664,29.41385,.
69157,.,-2.0550664,29.41385,.
69158,.,-2.0550664,29.41385,.
69159,.,-2.0243353,29.37901,.
69160,.,-2.0243353,29.37901,.
69161,.,-2.0243353,29.37901,.
69162,.,-2.0243353,29.37901,.
69163,.,-2.0243353,29.37901,.
69164,.,-2.0243353,29.37901,.
69165,.,-2.3368669,29.15791,.
69166,.,-2.3368669,29.15791,.
69167,.,-2.3368669,29.15791,.
69168,.,-2.3368669,29.15791,.
69169,.,-2.0616788,29.41673,.
69170,.,-2.0616788,29.41673,.
69171,.,-2.0616788,29.41673,.
69172,.,-2.0616788,29.41673,.
69173,.,-2.0616788,29.41673,.
69174,.,-2.0616788,29.41673,.
69175,.,-2.3709368,29.0944,.
69176,.,-2.3709368,29.0944,.
69177,.,-2.3709368,29.0944,.
69178,.,-2.3709368,29.0944,.
69179,.,-2.3709368,29.0944,.
69180,.,-2.3709368,29.0944,.
69181,.,-2.1172715,29.31021,.
69182,.,-2.1172715,29.31021,.
69183,.,-2.1172715,29.31021,.
69184,.,-2.1172715,29.31021,.
69185,.,-2.1172715,29.31021,.
69186,.,-2.1172715,29.31021,.
69187,.,-2.3398661,29.15455,.
69188,.,-2.3398661,29.15455,.
69189,.,-2.3398661,29.15455,.
69190,.,-2.3398661,29.15455,.
69191,.,-2.0457224,29.42651,.
69192,.,-2.0457224,29.42651,.
69193,.,-2.0457224,29.42651,.
69194,.,-2.0457224,29.42651,.
69195,.,-2.0519993,29.40791,.
69196,.,-2.0519993,29.40791,.
69197,.,-2.0519993,29.40791,.
69198,.,-2.0519993,29.40791,.
69199,.,-2.0519993,29.40791,.
69200,.,-2.0519993,29.40791,.
69201,.,-2.0227747,29.37809,.
69202,.,-2.0227747,29.37809,.
69203,.,-2.0227747,29.37809,.
69204,.,-2.0227747,29.37809,.
69205,.,-2.0227747,29.37809,.
69206,.,-2.1270899,29.33787,.
69207,.,-2.1270899,29.33787,.
69208,.,-2.1270899,29.33787,.
69209,.,-2.1270899,29.33787,.
69210,.,-2.1284486,29.33774,.
69211,.,-2.1284486,29.33774,.
69212,.,-2.1284486,29.33774,.
69213,.,-2.1284486,29.33774,.
69214,.,-2.3404617,29.14715,.
69215,.,-2.3404617,29.14715,.
69216,.,-2.3404617,29.14715,.
69217,.,-2.0528473,29.42374,.
69218,.,-2.0528473,29.42374,.
69219,.,-2.0528473,29.42374,.
69220,.,-2.0528473,29.42374,.
69221,.,-2.0247514,29.38228,.
69222,.,-2.0247514,29.38228,.
69223,.,-2.0247514,29.38228,.
69224,.,-2.0247514,29.38228,.
69225,.,-2.1261167,29.33746,.
69226,.,-2.1261167,29.33746,.
69227,.,-2.1261167,29.33746,.
69228,.,-2.1261167,29.33746,.
69229,.,-2.0243371,29.3815,.
69230,.,-2.0243371,29.3815,.
69231,.,-2.0243371,29.3815,.
69232,.,-2.0243371,29.3815,.
69233,.,-2.0243371,29.3815,.
69234,.,-2.0243371,29.3815,.
69235,.,-2.3709189,29.09448,.
69236,.,-2.3709189,29.09448,.
69237,.,-2.3709189,29.09448,.
69238,.,-2.3709189,29.09448,.
69239,.,-2.3709189,29.09448,.
69240,.,-2.3709189,29.09448,.
69241,.,-2.0227544,29.37813,.
69242,.,-2.0227544,29.37813,.
69243,.,-2.0227544,29.37813,.
69244,.,-2.0227544,29.37813,.
69245,.,-2.0227544,29.37813,.
69246,.,-2.3404474,29.14717,.
69247,.,-2.3404474,29.14717,.
69248,.,-2.3404474,29.14717,.
69249,.,-2.3404474,29.14717,.
69250,.,-2.3215175,29.14956,.
69251,.,-2.3215175,29.14956,.
69252,.,-2.3215175,29.14956,.
69253,.,-2.3215175,29.14956,.
69254,.,-2.0456567,29.42633,.
69255,.,-2.0456567,29.42633,.
69256,.,-2.0456567,29.42633,.
69257,.,-2.0456567,29.42633,.
69258,.,-2.1364192,29.34231,.
69259,.,-2.1364192,29.34231,.
69260,.,-2.1364192,29.34231,.
69261,.,-2.1364192,29.34231,.
69262,.,-2.3701443,29.09276,.
69263,.,-2.3701443,29.09276,.
69264,.,-2.3701443,29.09276,.
69265,.,-2.3701443,29.09276,.
69266,.,-2.3701443,29.09276,.
69267,.,-2.3701443,29.09276,.
69268,.,-2.0244505,29.37678,.
69269,.,-2.0244505,29.37678,.
69270,.,-2.0244505,29.37678,.
69271,.,-2.0244505,29.37678,.
69272,.,-2.0244505,29.37678,.
69273,.,-2.0244505,29.37678,.
69274,.,-2.3427741,29.14789,.
69275,.,-2.3427741,29.14789,.
69276,.,-2.3427741,29.14789,.
69277,.,-2.0499701,29.40744,.
69278,.,-2.0499701,29.40744,.
69279,.,-2.0499701,29.40744,.
69280,.,-2.0499701,29.40744,.
69281,.,-2.0499701,29.40744,.
69282,.,-2.0499701,29.40744,.
69283,.,-2.0426027,29.424,.
69284,.,-2.0426027,29.424,.
69285,.,-2.0426027,29.424,.
69286,.,-2.0247204,29.38224,.
69287,.,-2.0247204,29.38224,.
69288,.,-2.0247204,29.38224,.
69289,.,-2.0247204,29.38224,.
69290,.,-2.0247204,29.38224,.
69291,.,-2.0247204,29.38224,.
69292,.,-2.0499463,29.41747,.
69293,.,-2.0499463,29.41747,.
69294,.,-2.0499463,29.41747,.
69295,.,-2.0499463,29.41747,.
69296,.,-2.3404344,29.14717,.
69297,.,-2.3404344,29.14717,.
69298,.,-2.1339236,29.33967,.
69299,.,-2.1339236,29.33967,.
69300,.,-2.1339236,29.33967,.
69301,.,-2.1339236,29.33967,.
69302,.,-2.0646299,29.40826,.
69303,.,-2.0646299,29.40826,.
69304,.,-2.0646299,29.40826,.
69305,.,-2.0646299,29.40826,.
69306,.,-2.0646299,29.40826,.
69307,.,-2.0646299,29.40826,.
69308,.,-2.0618118,29.41685,.
69309,.,-2.0618118,29.41685,.
69310,.,-2.0618118,29.41685,.
69311,.,-2.0618118,29.41685,.
69312,.,-2.1365733,29.34267,.
69313,.,-2.1365733,29.34267,.
69314,.,-2.1365733,29.34267,.
69315,.,-2.1365733,29.34267,.
69316,.,-2.3399464,29.13031,.
69317,.,-2.3399464,29.13031,.
69318,.,-2.3399464,29.13031,.
69319,.,-2.3399464,29.13031,.
69320,.,-2.3399464,29.13031,.
69321,.,-2.3399464,29.13031,.
69322,.,-2.0547907,29.4175,.
69323,.,-2.0547907,29.4175,.
69324,.,-2.0547907,29.4175,.
69325,.,-2.0547907,29.4175,.
69326,.,-2.0547907,29.4175,.
69327,.,-2.0547907,29.4175,.
69328,.,-2.1186092,29.31374,.
69329,.,-2.1186092,29.31374,.
69330,.,-2.1186092,29.31374,.
69331,.,-2.1186092,29.31374,.
69332,.,-2.1186092,29.31374,.
69333,.,-2.1186092,29.31374,.
69334,.,-2.0500488,29.40736,.
69335,.,-2.0500488,29.40736,.
69336,.,-2.0500488,29.40736,.
69337,.,-2.0500488,29.40736,.
69338,.,-2.0500488,29.40736,.
69339,.,-2.0500488,29.40736,.
69340,.,-2.1364766,29.34275,.
69341,.,-2.1364766,29.34275,.
69342,.,-2.1364766,29.34275,.
69343,.,-2.1364766,29.34275,.
69344,.,-2.3437849,29.15433,.
69345,.,-2.3437849,29.15433,.
69346,.,-2.3437849,29.15433,.
69347,.,-2.0248118,29.38228,.
69348,.,-2.0248118,29.38228,.
69349,.,-2.0248118,29.38228,.
69350,.,-2.0248118,29.38228,.
69351,.,-2.0248118,29.38228,.
69352,.,-2.3213481,29.14948,.
69353,.,-2.3213481,29.14948,.
69354,.,-2.3213481,29.14948,.
69355,.,-2.3213481,29.14948,.
69356,.,-2.0227486,29.37811,.
69357,.,-2.0227486,29.37811,.
69358,.,-2.0227486,29.37811,.
69359,.,-2.0227486,29.37811,.
69360,.,-2.0227486,29.37811,.
69361,.,-2.0227486,29.37811,.
69362,.,-2.0247727,29.38229,.
69363,.,-2.0247727,29.38229,.
69364,.,-2.0247727,29.38229,.
69365,.,-2.0247727,29.38229,.
69366,.,-2.0247727,29.38229,.
69367,.,-2.0247727,29.38229,.
69368,.,-2.3422107,29.1463,.
69369,.,-2.3422107,29.1463,.
69370,.,-2.3422107,29.1463,.
69371,.,-2.3422107,29.1463,.
69372,.,-2.0237957,29.37721,.
69373,.,-2.0237957,29.37721,.
69374,.,-2.0237957,29.37721,.
69375,.,-2.0237957,29.37721,.
69376,.,-2.0237957,29.37721,.
69377,.,-2.0237957,29.37721,.
69378,.,-2.1371356,29.33749,.
69379,.,-2.1371356,29.33749,.
69380,.,-2.1371356,29.33749,.
69381,.,-2.1371356,29.33749,.
69382,.,-2.0548489,29.41782,.
69383,.,-2.0548489,29.41782,.
69384,.,-2.0548489,29.41782,.
69385,.,-2.0548489,29.41782,.
69386,.,-2.1321683,29.34237,.
69387,.,-2.1321683,29.34237,.
69388,.,-2.1321683,29.34237,.
69389,.,-2.1321683,29.34237,.
69390,.,-2.1363029,29.33945,.
69391,.,-2.1363029,29.33945,.
69392,.,-2.1363029,29.33945,.
69393,.,-2.1363029,29.33945,.
69394,.,-2.3709009,29.09445,.
69395,.,-2.3709009,29.09445,.
69396,.,-2.3709009,29.09445,.
69397,.,-2.3709009,29.09445,.
69398,.,-2.3709009,29.09445,.
69399,.,-2.3709009,29.09445,.
69400,.,-2.3421711,29.15406,.
69401,.,-2.3421711,29.15406,.
69402,.,-2.3421711,29.15406,.
69403,.,-2.3421711,29.15406,.
69404,.,-2.0617162,29.41674,.
69405,.,-2.0617162,29.41674,.
69406,.,-2.0617162,29.41674,.
69407,.,-2.0617162,29.41674,.
69408,.,-2.1335927,29.3429,.
69409,.,-2.1335927,29.3429,.
69410,.,-2.1335927,29.3429,.
69411,.,-2.1335927,29.3429,.
69412,.,-2.0247274,29.38223,.
69413,.,-2.0247274,29.38223,.
69414,.,-2.0247274,29.38223,.
69415,.,-2.0247274,29.38223,.
69416,.,-2.0462186,29.42227,.
69417,.,-2.0462186,29.42227,.
69418,.,-2.0462186,29.42227,.
69419,.,-2.0462186,29.42227,.
69420,.,-2.1139856,29.30998,.
69421,.,-2.1139856,29.30998,.
69422,.,-2.1139856,29.30998,.
69423,.,-2.1139856,29.30998,.
69424,.,-2.1139856,29.30998,.
69425,.,-2.1197969,29.31276,.
69426,.,-2.1197969,29.31276,.
69427,.,-2.1197969,29.31276,.
69428,.,-2.1197969,29.31276,.
69429,.,-2.0447152,29.42328,.
69430,.,-2.0447152,29.42328,.
69431,.,-2.0447152,29.42328,.
69432,.,-2.3709075,29.09442,.
69433,.,-2.3709075,29.09442,.
69434,.,-2.3709075,29.09442,.
69435,.,-2.3709075,29.09442,.
69436,.,-2.3709075,29.09442,.
69437,.,-2.3709075,29.09442,.
69438,.,-2.4896352,29.87425,.
69439,.,-2.4896352,29.87425,.
69440,.,-2.5140223,29.87915,.
69441,.,-2.5140223,29.87915,.
69442,.,-2.5140223,29.87915,.
69443,.,-2.5240899,29.86374,.
69444,.,-2.5240899,29.86374,.
69445,.,-2.5240899,29.86374,.
69446,.,-2.5240899,29.86374,.
69447,.,-2.5240899,29.86374,.
69448,.,-2.5157621,29.87886,.
69449,.,-2.5157621,29.87886,.
69450,.,-2.5157621,29.87886,.
69451,.,-2.5157621,29.87886,.
69452,.,-2.5157621,29.87886,.
69453,.,-2.5065071,29.87877,.
69454,.,-2.5065071,29.87877,.
69455,.,-2.5065071,29.87877,.
69456,.,-2.4914734,29.86329,.
69457,.,-2.4914734,29.86329,.
69458,.,-2.4914734,29.86329,.
69459,.,-2.4914734,29.86329,.
69460,.,-2.5132667,29.87264,.
69461,.,-2.5132667,29.87264,.
69462,.,-2.5132667,29.87264,.
69463,.,-2.5300513,29.8757,.
69464,.,-2.5300513,29.8757,.
69465,.,-2.5300513,29.8757,.
69466,.,-2.5300513,29.8757,.
69467,.,-2.5300513,29.8757,.
69468,.,-2.4805945,29.87779,.
69469,.,-2.4805945,29.87779,.
69470,.,-2.4805945,29.87779,.
69471,.,-2.4918271,29.86331,.
69472,.,-2.4918271,29.86331,.
69473,.,-2.4918271,29.86331,.
69474,.,-2.4893977,29.85962,.
69475,.,-2.4893977,29.85962,.
69476,.,-2.4893977,29.85962,.
69477,.,-2.4893977,29.85962,.
69478,.,-2.4923792,29.86285,.
69479,.,-2.4923792,29.86285,.
69480,.,-2.4923792,29.86285,.
69481,.,-2.4923792,29.86285,.
69482,.,-2.4923792,29.86285,.
69483,.,-2.488912,29.87287,.
69484,.,-2.488912,29.87287,.
69485,.,-2.488912,29.87287,.
69486,.,-2.5105767,29.87222,.
69487,.,-2.5105767,29.87222,.
69488,.,-2.5105767,29.87222,.
69489,.,-2.5121051,29.88046,.
69490,.,-2.5121051,29.88046,.
69491,.,-2.5121051,29.88046,.
69492,.,-2.5121051,29.88046,.
69493,.,-2.5121051,29.88046,.
69494,.,-2.489588,29.87407,.
69495,.,-2.489588,29.87407,.
69496,.,-2.489588,29.87407,.
69497,.,-2.481005,29.87832,.
69498,.,-2.481005,29.87832,.
69499,.,-2.481005,29.87832,.
69500,.,-2.5122088,29.87386,.
69501,.,-2.5122088,29.87386,.
69502,.,-2.5122088,29.87386,.
69503,.,-2.5063299,29.87799,.
69504,.,-2.5063299,29.87799,.
69505,.,-2.5063299,29.87799,.
69506,.,-2.5082654,29.88068,.
69507,.,-2.5082654,29.88068,.
69508,.,-2.5082654,29.88068,.
69509,.,-2.5210567,29.87306,.
69510,.,-2.5210567,29.87306,.
69511,.,-2.5210567,29.87306,.
69512,.,-2.5210567,29.87306,.
69513,.,-2.5210567,29.87306,.
69514,.,-2.4889142,29.86123,.
69515,.,-2.4889142,29.86123,.
69516,.,-2.4889142,29.86123,.
69517,.,-2.5288195,29.87344,.
69518,.,-2.5288195,29.87344,.
69519,.,-2.5288195,29.87344,.
69520,.,-2.5288195,29.87344,.
69521,.,-2.5288195,29.87344,.
69522,.,-2.4920961,29.86299,.
69523,.,-2.4920961,29.86299,.
69524,.,-2.4920961,29.86299,.
69525,.,-2.4920961,29.86299,.
69526,.,-2.4920961,29.86299,.
69527,.,-2.5282814,29.8735,.
69528,.,-2.5282814,29.8735,.
69529,.,-2.5282814,29.8735,.
69530,.,-2.4854471,29.87422,.
69531,.,-2.4854471,29.87422,.
69532,.,-2.4854471,29.87422,.
69533,.,-2.4854471,29.87422,.
69534,.,-2.4854471,29.87422,.
69535,.,-2.5380645,29.86631,.
69536,.,-2.5380645,29.86631,.
69537,.,-2.5380645,29.86631,.
69538,.,-2.5291414,29.87294,.
69539,.,-2.5291414,29.87294,.
69540,.,-2.5291414,29.87294,.
69541,.,-2.5291414,29.87294,.
69542,.,-2.5291414,29.87294,.
69543,.,-2.4862349,29.87576,.
69544,.,-2.4862349,29.87576,.
69545,.,-2.4862349,29.87576,.
69546,.,-2.4862349,29.87576,.
69547,.,-2.4862349,29.87576,.
69548,.,-2.4857123,29.87502,.
69549,.,-2.4857123,29.87502,.
69550,.,-2.4857123,29.87502,.
69551,.,-2.5358132,29.86725,.
69552,.,-2.5358132,29.86725,.
69553,.,-2.5358132,29.86725,.
69554,.,-2.5052303,29.87456,.
69555,.,-2.5052303,29.87456,.
69556,.,-2.5052303,29.87456,.
69557,.,-2.5052303,29.87456,.
69558,.,-2.5052303,29.87456,.
69559,.,-2.4897883,29.87417,.
69560,.,-2.4897883,29.87417,.
69561,.,-2.4897883,29.87417,.
69562,.,-2.4925554,29.86258,.
69563,.,-2.4925554,29.86258,.
69564,.,-2.4925554,29.86258,.
69565,.,-2.4925554,29.86258,.
69566,.,-2.4925554,29.86258,.
69567,.,-2.4903439,29.85879,.
69568,.,-2.4903439,29.85879,.
69569,.,-2.4903439,29.85879,.
69570,.,-2.4925256,29.86178,.
69571,.,-2.4925256,29.86178,.
69572,.,-2.4925256,29.86178,.
69573,.,-2.4925256,29.86178,.
69574,.,-2.4925256,29.86178,.
69575,.,-2.5156885,29.87891,.
69576,.,-2.5156885,29.87891,.
69577,.,-2.5156885,29.87891,.
69578,.,-2.4905302,29.87431,.
69579,.,-2.4905302,29.87431,.
69580,.,-2.4905302,29.87431,.
69581,.,-2.4838663,29.87143,.
69582,.,-2.4838663,29.87143,.
69583,.,-2.4838663,29.87143,.
69584,.,-2.4838663,29.87143,.
69585,.,-2.4838663,29.87143,.
69586,.,-2.4901597,29.87468,.
69587,.,-2.4901597,29.87468,.
69588,.,-2.4901597,29.87468,.
69589,.,-2.4912175,29.87328,.
69590,.,-2.4912175,29.87328,.
69591,.,-2.4912175,29.87328,.
69592,.,-2.5085553,29.87272,.
69593,.,-2.5085553,29.87272,.
69594,.,-2.5085553,29.87272,.
69595,.,-2.4907861,29.86108,.
69596,.,-2.4907861,29.86108,.
69597,.,-2.4907861,29.86108,.
69598,.,-2.4878937,29.87486,.
69599,.,-2.4878937,29.87486,.
69600,.,-2.4878937,29.87486,.
69601,.,-2.4913482,29.86336,.
69602,.,-2.4913482,29.86336,.
69603,.,-2.4913482,29.86336,.
69604,.,-1.4685943,29.73669,.
69605,.,-1.4685943,29.73669,.
69606,.,-1.4685943,29.73669,.
69607,.,-1.4685943,29.73669,.
69608,.,-1.4367601,29.73374,.
69609,.,-1.4367601,29.73374,.
69610,.,-1.4367601,29.73374,.
69611,.,-1.4367601,29.73374,.
69612,.,-1.4307766,29.7218,.
69613,.,-1.4307766,29.7218,.
69614,.,-1.4307766,29.7218,.
69615,.,-1.4307766,29.7218,.
69616,.,-1.4323054,29.72186,.
69617,.,-1.4323054,29.72186,.
69618,.,-1.4323054,29.72186,.
69619,.,-1.4323054,29.72186,.
69620,.,-1.4684776,29.7365,.
69621,.,-1.4684776,29.7365,.
69622,.,-1.4684776,29.7365,.
69623,.,-1.4684776,29.7365,.
69624,.,-1.4311885,29.7216,.
69625,.,-1.4311885,29.7216,.
69626,.,-1.4311885,29.7216,.
69627,.,-1.4311885,29.7216,.
69628,.,-1.4331009,29.72238,.
69629,.,-1.4331009,29.72238,.
69630,.,-1.4331009,29.72238,.
69631,.,-1.4331009,29.72238,.
69632,.,-1.4684506,29.7364,.
69633,.,-1.4684506,29.7364,.
69634,.,-1.4684506,29.7364,.
69635,.,-1.4684506,29.7364,.
69636,.,-1.4684382,29.73644,.
69637,.,-1.4684382,29.73644,.
69638,.,-1.4684382,29.73644,.
69639,.,-1.4684382,29.73644,.
69640,.,-1.4326886,29.72199,.
69641,.,-1.4326886,29.72199,.
69642,.,-1.4326886,29.72199,.
69643,.,-1.4326886,29.72199,.
69644,.,-1.46582,29.74241,.
69645,.,-1.46582,29.74241,.
69646,.,-1.46582,29.74241,.
69647,.,-1.46582,29.74241,.
69648,.,-1.4684341,29.74216,.
69649,.,-1.4684341,29.74216,.
69650,.,-1.4684341,29.74216,.
69651,.,-1.4684341,29.74216,.
69652,.,-1.4685214,29.73646,.
69653,.,-1.4685214,29.73646,.
69654,.,-1.4685214,29.73646,.
69655,.,-1.4685214,29.73646,.
69656,.,-1.4335858,29.59685,.
69657,.,-1.4335858,29.59685,.
69658,.,-1.4335858,29.59685,.
69659,.,-1.4335858,29.59685,.
69660,.,-1.4315052,29.72133,.
69661,.,-1.4315052,29.72133,.
69662,.,-1.4315052,29.72133,.
69663,.,-1.4315052,29.72133,.
69664,.,-1.4685735,29.73639,.
69665,.,-1.4685735,29.73639,.
69666,.,-1.4685735,29.73639,.
69667,.,-1.4685735,29.73639,.
69668,.,-1.4366865,29.73374,.
69669,.,-1.4366865,29.73374,.
69670,.,-1.4366865,29.73374,.
69671,.,-1.4685218,29.73649,.
69672,.,-1.4685218,29.73649,.
69673,.,-1.4685218,29.73649,.
69674,.,-1.4329455,29.722,.
69675,.,-1.4329455,29.722,.
69676,.,-1.4329455,29.722,.
69677,.,-1.4329455,29.722,.
69678,.,-1.4684651,29.73641,.
69679,.,-1.4684651,29.73641,.
69680,.,-1.4684651,29.73641,.
69681,.,-1.432043,29.72142,.
69682,.,-1.432043,29.72142,.
69683,.,-1.432043,29.72142,.
69684,.,-1.432043,29.72142,.
69685,.,-1.4330251,29.72231,.
69686,.,-1.4330251,29.72231,.
69687,.,-1.4330251,29.72231,.
69688,.,-1.4330251,29.72231,.
69689,.,-1.4684903,29.73645,.
69690,.,-1.4684903,29.73645,.
69691,.,-1.4684903,29.73645,.
69692,.,-1.4684903,29.73645,.
69693,.,-1.4317251,29.72126,.
69694,.,-1.4317251,29.72126,.
69695,.,-1.4317251,29.72126,.
69696,.,-1.4317251,29.72126,.
69697,.,-1.4683859,29.73643,.
69698,.,-1.4683859,29.73643,.
69699,.,-1.4683859,29.73643,.
69700,.,-1.4683859,29.73643,.
69701,.,-1.4699278,29.73706,.
69702,.,-1.4699278,29.73706,.
69703,.,-1.4699278,29.73706,.
69704,.,-1.4699278,29.73706,.
69705,.,-1.4684985,29.73639,.
69706,.,-1.4684985,29.73639,.
69707,.,-1.4684985,29.73639,.
69708,.,-1.4684985,29.73639,.
69709,.,-1.4348247,29.7236,.
69710,.,-1.4348247,29.7236,.
69711,.,-1.4348247,29.7236,.
69712,.,-1.4348247,29.7236,.
69713,.,-1.4335781,29.72281,.
69714,.,-1.4335781,29.72281,.
69715,.,-1.4335781,29.72281,.
69716,.,-1.4335781,29.72281,.
69717,.,-1.4347821,29.72361,.
69718,.,-1.4347821,29.72361,.
69719,.,-1.4347821,29.72361,.
69720,.,-1.4347821,29.72361,.
69721,.,-1.5093054,29.8279708,.
69722,.,-1.5093054,29.8279708,.
69723,.,-1.5093054,29.8279708,.
69724,.,-1.5093054,29.8279708,.
69725,.,-1.5154116,29.8259898,.
69726,.,-1.5154116,29.8259898,.
69727,.,-1.5154116,29.8259898,.
69728,.,-1.5154116,29.8259898,.
69729,.,-1.5154116,29.8259898,.
69730,.,-1.5169726,29.8206015,.
69731,.,-1.5169726,29.8206015,.
69732,.,-1.5169726,29.8206015,.
69733,.,-1.5169726,29.8206015,.
69734,.,-1.5169726,29.8206015,.
69735,.,-1.5160457,29.8256,.
69736,.,-1.5160457,29.8256,.
69737,.,-1.5160457,29.8256,.
69738,.,-1.5160457,29.8256,.
69739,.,-1.5160457,29.8256,.
69740,.,-1.5160805,29.8250999,.
69741,.,-1.5160805,29.8250999,.
69742,.,-1.5160805,29.8250999,.
69743,.,-1.5160805,29.8250999,.
69744,.,-1.5160805,29.8250999,.
69745,.,-1.5029566,29.8285324,.
69746,.,-1.5029566,29.8285324,.
69747,.,-1.5029566,29.8285324,.
69748,.,-1.5029566,29.8285324,.
69749,.,-1.5085608,29.8345906,.
69750,.,-1.5085608,29.8345906,.
69751,.,-1.5085608,29.8345906,.
69752,.,-1.5085608,29.8345906,.
69753,.,-1.5085608,29.8345906,.
69754,.,-1.5144031,29.8344654,.
69755,.,-1.5144031,29.8344654,.
69756,.,-1.5144031,29.8344654,.
69757,.,-1.5144031,29.8344654,.
69758,.,-1.5144031,29.8344654,.
69759,.,-1.5075503,29.8322159,.
69760,.,-1.5075503,29.8322159,.
69761,.,-1.5075503,29.8322159,.
69762,.,-1.5075503,29.8322159,.
69763,.,-1.5075503,29.8322159,.
69764,.,-1.5064455,29.8304318,.
69765,.,-1.5064455,29.8304318,.
69766,.,-1.5064455,29.8304318,.
69767,.,-1.5064455,29.8304318,.
69768,.,-1.5064455,29.8304318,.
69769,.,-1.5093804,29.7838586,.
69770,.,-1.5093804,29.7838586,.
69771,.,-1.5093804,29.7838586,.
69772,.,-1.5093804,29.7838586,.
69773,.,-1.5093804,29.7838586,.
69774,.,-1.5045949,29.7908319,.
69775,.,-1.5045949,29.7908319,.
69776,.,-1.5045949,29.7908319,.
69777,.,-1.5045949,29.7908319,.
69778,.,-1.5045949,29.7908319,.
69779,.,-1.4349158,29.5961221,.
69780,.,-1.4349158,29.5961221,.
69781,.,-1.4349158,29.5961221,.
69782,.,-1.4349158,29.5961221,.
69783,.,-1.4349158,29.5961221,.
69784,.,-1.5091195,29.7823645,.
69785,.,-1.5091195,29.7823645,.
69786,.,-1.5091195,29.7823645,.
69787,.,-1.5091195,29.7823645,.
69788,.,-1.5091195,29.7823645,.
69789,.,-1.5021801,29.7843623,.
69790,.,-1.5021801,29.7843623,.
69791,.,-1.5021801,29.7843623,.
69792,.,-1.5021801,29.7843623,.
69793,.,-1.5043033,29.7846738,.
69794,.,-1.5043033,29.7846738,.
69795,.,-1.5043033,29.7846738,.
69796,.,-1.5043033,29.7846738,.
69797,.,-1.5043033,29.7846738,.
69798,.,-1.5115204,29.7846702,.
69799,.,-1.5115204,29.7846702,.
69800,.,-1.5115204,29.7846702,.
69801,.,-1.5115204,29.7846702,.
69802,.,-1.5115086,29.7845879,.
69803,.,-1.5115086,29.7845879,.
69804,.,-1.5115086,29.7845879,.
69805,.,-1.5115086,29.7845879,.
69806,.,-1.5115086,29.7845879,.
69807,.,-1.5054394,29.788844,.
69808,.,-1.5054394,29.788844,.
69809,.,-1.5054394,29.788844,.
69810,.,-1.5054394,29.788844,.
69811,.,-1.5054394,29.788844,.
69812,.,-1.5066271,29.797764,.
69813,.,-1.5066271,29.797764,.
69814,.,-1.5066271,29.797764,.
69815,.,-1.5066271,29.797764,.
69816,.,-1.5066271,29.797764,.
69817,.,-1.5112104,29.7949079,.
69818,.,-1.5112104,29.7949079,.
69819,.,-1.5112104,29.7949079,.
69820,.,-1.5112104,29.7949079,.
69821,.,-1.5112104,29.7949079,.
69822,.,-1.506877,29.798072,.
69823,.,-1.506877,29.798072,.
69824,.,-1.506877,29.798072,.
69825,.,-1.506877,29.798072,.
69826,.,-1.506877,29.798072,.
69827,.,-1.5069253,29.79869,.
69828,.,-1.5069253,29.79869,.
69829,.,-1.5069253,29.79869,.
69830,.,-1.5069253,29.79869,.
69831,.,-1.5069253,29.79869,.
69832,.,-1.5098651,29.7994737,.
69833,.,-1.5098651,29.7994737,.
69834,.,-1.5098651,29.7994737,.
69835,.,-1.5098651,29.7994737,.
69836,.,-1.5098651,29.7994737,.
69837,.,-1.5094278,29.799451,.
69838,.,-1.5094278,29.799451,.
69839,.,-1.5094278,29.799451,.
69840,.,-1.5094278,29.799451,.
69841,.,-1.5094278,29.799451,.
69842,.,-1.5106053,29.7970145,.
69843,.,-1.5106053,29.7970145,.
69844,.,-1.5106053,29.7970145,.
69845,.,-1.5106053,29.7970145,.
69846,.,-1.5106053,29.7970145,.
69847,.,-1.5084423,29.7997739,.
69848,.,-1.5084423,29.7997739,.
69849,.,-1.5084423,29.7997739,.
69850,.,-1.5084423,29.7997739,.
69851,.,-1.5084423,29.7997739,.
69852,.,-1.5088615,29.7970727,.
69853,.,-1.5088615,29.7970727,.
69854,.,-1.5088615,29.7970727,.
69855,.,-1.5088615,29.7970727,.
69856,.,-1.5088615,29.7970727,.
69857,.,-1.5067186,29.7981265,.
69858,.,-1.5067186,29.7981265,.
69859,.,-1.5067186,29.7981265,.
69860,.,-1.5067186,29.7981265,.
69861,.,-1.5067186,29.7981265,.
69862,.,-1.91049749,29.59294295,.
69863,.,-1.91049749,29.59294295,.
69864,.,-1.91049749,29.59294295,.
69865,.,-1.91049749,29.59294295,.
69866,.,-1.91049749,29.59294295,.
69867,.,-1.9178744,29.62919376,.
69868,.,-1.9178744,29.62919376,.
69869,.,-1.9178744,29.62919376,.
69870,.,-1.9178744,29.62919376,.
69871,.,-1.9178744,29.62919376,.
69872,.,-1.91393135,29.60274507,.
69873,.,-1.91393135,29.60274507,.
69874,.,-1.91393135,29.60274507,.
69875,.,-1.91393135,29.60274507,.
69876,.,-1.91393135,29.60274507,.
69877,.,-1.91385864,29.60273878,.
69878,.,-1.91385864,29.60273878,.
69879,.,-1.91385864,29.60273878,.
69880,.,-1.91385864,29.60273878,.
69881,.,-1.91385864,29.60273878,.
69882,.,-1.91334233,29.60341542,.
69883,.,-1.91334233,29.60341542,.
69884,.,-1.91334233,29.60341542,.
69885,.,-1.91334233,29.60341542,.
69886,.,-1.91334233,29.60341542,.
69887,.,-1.91910419,29.61428152,.
69888,.,-1.91910419,29.61428152,.
69889,.,-1.91910419,29.61428152,.
69890,.,-1.91910419,29.61428152,.
69891,.,-1.91910419,29.61428152,.
69892,.,-1.93242282,29.61822936,.
69893,.,-1.93242282,29.61822936,.
69894,.,-1.93242282,29.61822936,.
69895,.,-1.93242282,29.61822936,.
69896,.,-1.93242282,29.61822936,.
69897,.,-1.91325677,29.60342104,.
69898,.,-1.91325677,29.60342104,.
69899,.,-1.91325677,29.60342104,.
69900,.,-1.91325677,29.60342104,.
69901,.,-1.91325677,29.60342104,.
69902,.,-1.91323323,29.60342788,.
69903,.,-1.91323323,29.60342788,.
69904,.,-1.91323323,29.60342788,.
69905,.,-1.91323323,29.60342788,.
69906,.,-1.91323323,29.60342788,.
69907,.,-1.91321836,29.60337471,.
69908,.,-1.91321836,29.60337471,.
69909,.,-1.91321836,29.60337471,.
69910,.,-1.91321836,29.60337471,.
69911,.,-1.91321836,29.60337471,.
69912,.,-1.9367155,29.62282316,.
69913,.,-1.9367155,29.62282316,.
69914,.,-1.9367155,29.62282316,.
69915,.,-1.9367155,29.62282316,.
69916,.,-1.9367155,29.62282316,.
69917,.,-1.92776596,29.62035078,.
69918,.,-1.92776596,29.62035078,.
69919,.,-1.92776596,29.62035078,.
69920,.,-1.92776596,29.62035078,.
69921,.,-1.92776596,29.62035078,.
69922,.,-1.92570135,29.6358378,.
69923,.,-1.92570135,29.6358378,.
69924,.,-1.92570135,29.6358378,.
69925,.,-1.92570135,29.6358378,.
69926,.,-1.92570135,29.6358378,.
69927,.,-1.91054729,29.59432174,.
69928,.,-1.91054729,29.59432174,.
69929,.,-1.91054729,29.59432174,.
69930,.,-1.91054729,29.59432174,.
69931,.,-1.91054729,29.59432174,.
69932,.,-1.91046164,29.59441578,.
69933,.,-1.91046164,29.59441578,.
69934,.,-1.91046164,29.59441578,.
69935,.,-1.91046164,29.59441578,.
69936,.,-1.91046164,29.59441578,.
69937,.,-1.90967142,29.59258394,.
69938,.,-1.90967142,29.59258394,.
69939,.,-1.90967142,29.59258394,.
69940,.,-1.90967142,29.59258394,.
69941,.,-1.90967142,29.59258394,.
69942,.,-1.91774208,29.62922588,.
69943,.,-1.91774208,29.62922588,.
69944,.,-1.91774208,29.62922588,.
69945,.,-1.91774208,29.62922588,.
69946,.,-1.91774208,29.62922588,.
69947,.,-1.90964259,29.59261203,.
69948,.,-1.90964259,29.59261203,.
69949,.,-1.90964259,29.59261203,.
69950,.,-1.90964259,29.59261203,.
69951,.,-1.90964259,29.59261203,.
69952,.,-1.90833331,29.59326631,.
69953,.,-1.90833331,29.59326631,.
69954,.,-1.90833331,29.59326631,.
69955,.,-1.90833331,29.59326631,.
69956,.,-1.90833331,29.59326631,.
69957,.,-2.71831348,29.57637258,.
69958,.,-2.71831348,29.57637258,.
69959,.,-2.71831348,29.57637258,.
69960,.,-2.71831348,29.57637258,.
69961,.,-2.71831348,29.57637258,.
69962,.,-2.71948692,29.58095278,.
69963,.,-2.71948692,29.58095278,.
69964,.,-2.71948692,29.58095278,.
69965,.,-2.71948692,29.58095278,.
69966,.,-2.71948692,29.58095278,.
69967,.,-2.71892132,29.5798779,.
69968,.,-2.71892132,29.5798779,.
69969,.,-2.71892132,29.5798779,.
69970,.,-2.71892132,29.5798779,.
69971,.,-2.71892132,29.5798779,.
69972,.,-2.72309987,29.57146862,.
69973,.,-2.72309987,29.57146862,.
69974,.,-2.72309987,29.57146862,.
69975,.,-2.72309987,29.57146862,.
69976,.,-2.72309987,29.57146862,.
69977,.,-2.72093417,29.56843736,.
69978,.,-2.72093417,29.56843736,.
69979,.,-2.72093417,29.56843736,.
69980,.,-2.72093417,29.56843736,.
69981,.,-2.72093417,29.56843736,.
69982,.,-2.71878696,29.57937718,.
69983,.,-2.71878696,29.57937718,.
69984,.,-2.71878696,29.57937718,.
69985,.,-2.71878696,29.57937718,.
69986,.,-2.71878696,29.57937718,.
69987,.,-2.7237215,29.5717433,.
69988,.,-2.7237215,29.5717433,.
69989,.,-2.7237215,29.5717433,.
69990,.,-2.7237215,29.5717433,.
69991,.,-2.7237215,29.5717433,.
69992,.,-2.71970271,29.58059004,.
69993,.,-2.71970271,29.58059004,.
69994,.,-2.71970271,29.58059004,.
69995,.,-2.71970271,29.58059004,.
69996,.,-2.71970271,29.58059004,.
69997,.,-2.7168466,29.58087693,.
69998,.,-2.7168466,29.58087693,.
69999,.,-2.7168466,29.58087693,.
70000,.,-2.7168466,29.58087693,.
70001,.,-2.7168466,29.58087693,.
70002,.,-2.7211984,29.5689637,.
70003,.,-2.7211984,29.5689637,.
70004,.,-2.7211984,29.5689637,.
70005,.,-2.7211984,29.5689637,.
70006,.,-2.7211984,29.5689637,.
70007,.,-2.100348614,29.48561057,.
70008,.,-2.100348614,29.48561057,.
70009,.,-2.100348614,29.48561057,.
70010,.,-2.100348614,29.48561057,.
70011,.,-2.100348614,29.48561057,.
70012,.,-2.109375119,29.46735108,.
70013,.,-2.109375119,29.46735108,.
70014,.,-2.109375119,29.46735108,.
70015,.,-2.109375119,29.46735108,.
70016,.,-2.109375119,29.46735108,.
70017,.,-2.109331878,29.4674625,.
70018,.,-2.109331878,29.4674625,.
70019,.,-2.109331878,29.4674625,.
70020,.,-2.109331878,29.4674625,.
70021,.,-2.109331878,29.4674625,.
70022,.,-2.10869731,29.474717,.
70023,.,-2.10869731,29.474717,.
70024,.,-2.10869731,29.474717,.
70025,.,-2.10869731,29.474717,.
70026,.,-2.10869731,29.474717,.
70027,.,-2.120882459,29.4768504,.
70028,.,-2.120882459,29.4768504,.
70029,.,-2.120882459,29.4768504,.
70030,.,-2.120882459,29.4768504,.
70031,.,-2.120882459,29.4768504,.
70032,.,-2.1292086,29.4789706,.
70033,.,-2.1292086,29.4789706,.
70034,.,-2.1292086,29.4789706,.
70035,.,-2.1292086,29.4789706,.
70036,.,-2.1292086,29.4789706,.
70037,.,-2.12931,29.4789147,.
70038,.,-2.12931,29.4789147,.
70039,.,-2.12931,29.4789147,.
70040,.,-2.12931,29.4789147,.
70041,.,-2.12931,29.4789147,.
70042,.,-2.128840757,29.47801891,.
70043,.,-2.128840757,29.47801891,.
70044,.,-2.128840757,29.47801891,.
70045,.,-2.128840757,29.47801891,.
70046,.,-2.128840757,29.47801891,.
70047,.,-2.134623555,29.4835064,.
70048,.,-2.134623555,29.4835064,.
70049,.,-2.134623555,29.4835064,.
70050,.,-2.134623555,29.4835064,.
70051,.,-2.12147994,29.47683266,.
70052,.,-2.12147994,29.47683266,.
70053,.,-2.12147994,29.47683266,.
70054,.,-2.12147994,29.47683266,.
70055,.,-2.12147994,29.47683266,.
70056,.,-2.116566721,29.48097613,.
70057,.,-2.116566721,29.48097613,.
70058,.,-2.116566721,29.48097613,.
70059,.,-2.116566721,29.48097613,.
70060,.,-2.116566721,29.48097613,.
70061,.,-1.9106635,29.399917,.
70062,.,-1.9106635,29.399917,.
70063,.,-1.9106635,29.399917,.
70064,.,-1.9106635,29.399917,.
70065,.,-1.9106635,29.399917,.
70066,.,-1.915986,29.4079817,.
70067,.,-1.915986,29.4079817,.
70068,.,-1.915986,29.4079817,.
70069,.,-1.915986,29.4079817,.
70070,.,-1.915986,29.4079817,.
70071,.,-1.9110124,29.4001321,.
70072,.,-1.9110124,29.4001321,.
70073,.,-1.9110124,29.4001321,.
70074,.,-1.9110124,29.4001321,.
70075,.,-1.9110124,29.4001321,.
70076,.,-1.9172397,29.4030409,.
70077,.,-1.9172397,29.4030409,.
70078,.,-1.9172397,29.4030409,.
70079,.,-1.9172397,29.4030409,.
70080,.,-1.9172397,29.4030409,.
70081,.,-1.9170787,29.4031051,.
70082,.,-1.9170787,29.4031051,.
70083,.,-1.9170787,29.4031051,.
70084,.,-1.9170787,29.4031051,.
70085,.,-1.9170787,29.4031051,.
70086,.,-1.9171088,29.403142,.
70087,.,-1.9171088,29.403142,.
70088,.,-1.9171088,29.403142,.
70089,.,-1.9171088,29.403142,.
70090,.,-1.9171088,29.403142,.
70091,.,-1.9188994,29.4053681,.
70092,.,-1.9188994,29.4053681,.
70093,.,-1.9188994,29.4053681,.
70094,.,-1.9188994,29.4053681,.
70095,.,-1.9188994,29.4053681,.
70096,.,-1.9197401,29.4047833,.
70097,.,-1.9197401,29.4047833,.
70098,.,-1.9197401,29.4047833,.
70099,.,-1.9197401,29.4047833,.
70100,.,-1.9197401,29.4047833,.
70101,.,-1.9173028,29.4029788,.
70102,.,-1.9173028,29.4029788,.
70103,.,-1.9173028,29.4029788,.
70104,.,-1.9173028,29.4029788,.
70105,.,-1.9173028,29.4029788,.
70106,.,-1.9201436,29.4060272,.
70107,.,-1.9201436,29.4060272,.
70108,.,-1.9201436,29.4060272,.
70109,.,-1.9201436,29.4060272,.
70110,.,-1.9201436,29.4060272,.
70111,.,-1.9190091,29.4040247,.
70112,.,-1.9190091,29.4040247,.
70113,.,-1.9190091,29.4040247,.
70114,.,-1.9190091,29.4040247,.
70115,.,-1.9190091,29.4040247,.
70116,.,-1.9189169,29.4053381,.
70117,.,-1.9189169,29.4053381,.
70118,.,-1.9189169,29.4053381,.
70119,.,-1.9189169,29.4053381,.
70120,.,-1.9189169,29.4053381,.
70121,.,-1.9158451,29.4079324,.
70122,.,-1.9158451,29.4079324,.
70123,.,-1.9158451,29.4079324,.
70124,.,-1.9158451,29.4079324,.
70125,.,-1.9158451,29.4079324,.
70126,.,-1.9171154,29.4030972,.
70127,.,-1.9171154,29.4030972,.
70128,.,-1.9171154,29.4030972,.
70129,.,-1.9171154,29.4030972,.
70130,.,-1.9171154,29.4030972,.
70131,.,-1.9121097,29.4009292,.
70132,.,-1.9121097,29.4009292,.
70133,.,-1.9121097,29.4009292,.
70134,.,-1.9121097,29.4009292,.
70135,.,-1.9121097,29.4009292,.
70136,.,-1.471783646,29.73842079,.
70137,.,-1.471783646,29.73842079,.
70138,.,-1.471783646,29.73842079,.
70139,.,-1.471783646,29.73842079,.
70140,.,-1.471783646,29.73842079,.
70141,.,-1.472293857,29.73812371,.
70142,.,-1.472293857,29.73812371,.
70143,.,-1.472293857,29.73812371,.
70144,.,-1.472293857,29.73812371,.
70145,.,-1.472293857,29.73812371,.
70146,.,-1.431207667,29.72876177,.
70147,.,-1.431207667,29.72876177,.
70148,.,-1.431207667,29.72876177,.
70149,.,-1.431207667,29.72876177,.
70150,.,-1.431207667,29.72876177,.
70151,.,-1.473109476,29.7377487,.
70152,.,-1.473109476,29.7377487,.
70153,.,-1.473109476,29.7377487,.
70154,.,-1.473109476,29.7377487,.
70155,.,-1.473109476,29.7377487,.
70156,.,-1.431817018,29.73069903,.
70157,.,-1.431817018,29.73069903,.
70158,.,-1.431817018,29.73069903,.
70159,.,-1.431817018,29.73069903,.
70160,.,-1.431817018,29.73069903,.
70161,.,-1.43244067,29.72992077,.
70162,.,-1.43244067,29.72992077,.
70163,.,-1.43244067,29.72992077,.
70164,.,-1.43244067,29.72992077,.
70165,.,-1.43244067,29.72992077,.
70166,.,-1.447692823,29.72637122,.
70167,.,-1.447692823,29.72637122,.
70168,.,-1.447692823,29.72637122,.
70169,.,-1.447692823,29.72637122,.
70170,.,-1.447692823,29.72637122,.
70171,.,-1.431807361,29.73054781,.
70172,.,-1.431807361,29.73054781,.
70173,.,-1.431807361,29.73054781,.
70174,.,-1.431807361,29.73054781,.
70175,.,-1.431807361,29.73054781,.
70176,.,-1.474267583,29.73799668,.
70177,.,-1.474267583,29.73799668,.
70178,.,-1.474267583,29.73799668,.
70179,.,-1.474267583,29.73799668,.
70180,.,-1.474267583,29.73799668,.
70181,.,-1.474729216,29.73690384,.
70182,.,-1.474729216,29.73690384,.
70183,.,-1.474729216,29.73690384,.
70184,.,-1.474729216,29.73690384,.
70185,.,-1.474729216,29.73690384,.
70186,.,-1.475116025,29.73659679,.
70187,.,-1.475116025,29.73659679,.
70188,.,-1.475116025,29.73659679,.
70189,.,-1.475116025,29.73659679,.
70190,.,-1.475116025,29.73659679,.
70191,.,-1.475503563,29.73627928,.
70192,.,-1.475503563,29.73627928,.
70193,.,-1.475503563,29.73627928,.
70194,.,-1.475503563,29.73627928,.
70195,.,-1.475503563,29.73627928,.
70196,.,-1.474039172,29.73759306,.
70197,.,-1.474039172,29.73759306,.
70198,.,-1.474039172,29.73759306,.
70199,.,-1.474039172,29.73759306,.
70200,.,-1.474039172,29.73759306,.
70201,.,-1.447698703,29.72643627,.
70202,.,-1.447698703,29.72643627,.
70203,.,-1.447698703,29.72643627,.
70204,.,-1.447698703,29.72643627,.
70205,.,-1.447698703,29.72643627,.
70206,.,-1.431790843,29.73066368,.
70207,.,-1.431790843,29.73066368,.
70208,.,-1.431790843,29.73066368,.
70209,.,-1.431790843,29.73066368,.
70210,.,-1.431790843,29.73066368,.
70211,.,-1.7394096,30.5014286,.
70212,.,-1.7394096,30.5014286,.
70213,.,-1.7394096,30.5014286,.
70214,.,-1.7394096,30.5014286,.
70215,.,-1.7394096,30.5014286,.
70216,.,-1.7394096,30.5014286,.
70217,.,-1.8341363,30.4561349,.
70218,.,-1.8341363,30.4561349,.
70219,.,-1.8341363,30.4561349,.
70220,.,-1.8341363,30.4561349,.
70221,.,-1.8341363,30.4561349,.
70222,.,-1.8341363,30.4561349,.
70223,.,-1.736249,30.4918628,.
70224,.,-1.736249,30.4918628,.
70225,.,-1.736249,30.4918628,.
70226,.,-1.736249,30.4918628,.
70227,.,-1.736249,30.4918628,.
70228,.,-1.736249,30.4918628,.
70229,.,-1.8341289,30.4560115,.
70230,.,-1.8341289,30.4560115,.
70231,.,-1.8341289,30.4560115,.
70232,.,-1.8341289,30.4560115,.
70233,.,-1.8341289,30.4560115,.
70234,.,-1.8341289,30.4560115,.
70235,.,-1.834119,30.4560384,.
70236,.,-1.834119,30.4560384,.
70237,.,-1.834119,30.4560384,.
70238,.,-1.834119,30.4560384,.
70239,.,-1.834119,30.4560384,.
70240,.,-1.7426108,30.4980529,.
70241,.,-1.7426108,30.4980529,.
70242,.,-1.7426108,30.4980529,.
70243,.,-1.7426108,30.4980529,.
70244,.,-1.7426108,30.4980529,.
70245,.,-1.7426108,30.4980529,.
70246,.,-1.748971,30.4986385,.
70247,.,-1.748971,30.4986385,.
70248,.,-1.748971,30.4986385,.
70249,.,-1.748971,30.4986385,.
70250,.,-1.748971,30.4986385,.
70251,.,-1.8341163,30.4560684,.
70252,.,-1.8341163,30.4560684,.
70253,.,-1.8341163,30.4560684,.
70254,.,-1.8341163,30.4560684,.
70255,.,-1.8341163,30.4560684,.
70256,.,-1.8341163,30.4560684,.
70257,.,-1.8341105,30.4560908,.
70258,.,-1.8341105,30.4560908,.
70259,.,-1.8341105,30.4560908,.
70260,.,-1.8341105,30.4560908,.
70261,.,-1.8341105,30.4560908,.
70262,.,-1.8341105,30.4560908,.
70263,.,-1.8370754,30.4688657,.
70264,.,-1.8370754,30.4688657,.
70265,.,-1.8370754,30.4688657,.
70266,.,-1.8370754,30.4688657,.
70267,.,-1.8370754,30.4688657,.
70268,.,-1.8370754,30.4688657,.
70269,.,-1.8315872,30.468714,.
70270,.,-1.8315872,30.468714,.
70271,.,-1.8315872,30.468714,.
70272,.,-1.8315872,30.468714,.
70273,.,-1.8315872,30.468714,.
70274,.,-1.8315872,30.468714,.
70275,.,-1.8282312,30.4856491,.
70276,.,-1.8282312,30.4856491,.
70277,.,-1.8282312,30.4856491,.
70278,.,-1.8282312,30.4856491,.
70279,.,-1.8282312,30.4856491,.
70280,.,-1.8282312,30.4856491,.
70281,.,-1.826021,30.4582946,.
70282,.,-1.826021,30.4582946,.
70283,.,-1.826021,30.4582946,.
70284,.,-1.826021,30.4582946,.
70285,.,-1.826021,30.4582946,.
70286,.,-1.826021,30.4582946,.
70287,.,-1.834113,30.4560954,.
70288,.,-1.834113,30.4560954,.
70289,.,-1.834113,30.4560954,.
70290,.,-1.834113,30.4560954,.
70291,.,-1.834113,30.4560954,.
70292,.,-1.8363719,30.4655454,.
70293,.,-1.8363719,30.4655454,.
70294,.,-1.8363719,30.4655454,.
70295,.,-1.8363719,30.4655454,.
70296,.,-1.8363719,30.4655454,.
70297,.,-1.8363719,30.4655454,.
70298,.,-1.8312323,30.4649524,.
70299,.,-1.8312323,30.4649524,.
70300,.,-1.8312323,30.4649524,.
70301,.,-1.8335584,30.4653741,.
70302,.,-1.8335584,30.4653741,.
70303,.,-1.8335584,30.4653741,.
70304,.,-1.8335584,30.4653741,.
70305,.,-1.8335584,30.4653741,.
70306,.,-1.8335584,30.4653741,.
70307,.,-1.8317714,30.465003,.
70308,.,-1.8317714,30.465003,.
70309,.,-1.8317714,30.465003,.
70310,.,-1.8317714,30.465003,.
70311,.,-1.8317714,30.465003,.
70312,.,-1.8317714,30.465003,.
70313,.,-1.8319003,30.4682942,.
70314,.,-1.8319003,30.4682942,.
70315,.,-1.8319003,30.4682942,.
70316,.,-1.8319003,30.4682942,.
70317,.,-1.8319003,30.4682942,.
70318,.,-1.8319003,30.4682942,.
70319,.,-2.0756322,30.55230031,.
70320,.,-2.0756322,30.55230031,.
70321,.,-2.0756322,30.55230031,.
70322,.,-2.0756322,30.55230031,.
70323,.,-2.0756322,30.55230031,.
70324,.,-2.0756322,30.55230031,.
70325,.,-2.071093754,30.55310864,.
70326,.,-2.071093754,30.55310864,.
70327,.,-2.071093754,30.55310864,.
70328,.,-2.071093754,30.55310864,.
70329,.,-2.071093754,30.55310864,.
70330,.,-2.071093754,30.55310864,.
70331,.,-2.070399456,30.55654418,.
70332,.,-2.070399456,30.55654418,.
70333,.,-2.070399456,30.55654418,.
70334,.,-2.070399456,30.55654418,.
70335,.,-2.070399456,30.55654418,.
70336,.,-2.070399456,30.55654418,.
70337,.,-2.0729799,30.55185792,.
70338,.,-2.0729799,30.55185792,.
70339,.,-2.0729799,30.55185792,.
70340,.,-2.0729799,30.55185792,.
70341,.,-2.0729799,30.55185792,.
70342,.,-2.0729799,30.55185792,.
70343,.,-2.071738411,30.55258556,.
70344,.,-2.071738411,30.55258556,.
70345,.,-2.071738411,30.55258556,.
70346,.,-2.071738411,30.55258556,.
70347,.,-2.071738411,30.55258556,.
70348,.,-2.071738411,30.55258556,.
70349,.,-2.075228053,30.55268329,.
70350,.,-2.075228053,30.55268329,.
70351,.,-2.075228053,30.55268329,.
70352,.,-2.075228053,30.55268329,.
70353,.,-2.075228053,30.55268329,.
70354,.,-2.075228053,30.55268329,.
70355,.,-2.062368835,30.55483578,.
70356,.,-2.062368835,30.55483578,.
70357,.,-2.062368835,30.55483578,.
70358,.,-2.062368835,30.55483578,.
70359,.,-2.062368835,30.55483578,.
70360,.,-2.062368835,30.55483578,.
70361,.,-2.070983392,30.55631652,.
70362,.,-2.070983392,30.55631652,.
70363,.,-2.070983392,30.55631652,.
70364,.,-2.070983392,30.55631652,.
70365,.,-2.070983392,30.55631652,.
70366,.,-2.070983392,30.55631652,.
70367,.,-2.069845986,30.55449983,.
70368,.,-2.069845986,30.55449983,.
70369,.,-2.069845986,30.55449983,.
70370,.,-2.069845986,30.55449983,.
70371,.,-2.069845986,30.55449983,.
70372,.,-2.069845986,30.55449983,.
70373,.,-2.072292992,30.55194253,.
70374,.,-2.072292992,30.55194253,.
70375,.,-2.072292992,30.55194253,.
70376,.,-2.072292992,30.55194253,.
70377,.,-2.072292992,30.55194253,.
70378,.,-2.072292992,30.55194253,.
70379,.,-2.080019446,30.49702234,.
70380,.,-2.080019446,30.49702234,.
70381,.,-2.080019446,30.49702234,.
70382,.,-2.080019446,30.49702234,.
70383,.,-2.080019446,30.49702234,.
70384,.,-2.080019446,30.49702234,.
70385,.,-2.073974646,30.49276197,.
70386,.,-2.073974646,30.49276197,.
70387,.,-2.073974646,30.49276197,.
70388,.,-2.073974646,30.49276197,.
70389,.,-2.073974646,30.49276197,.
70390,.,-2.073974646,30.49276197,.
70391,.,-2.074366579,30.50330646,.
70392,.,-2.074366579,30.50330646,.
70393,.,-2.074366579,30.50330646,.
70394,.,-2.074366579,30.50330646,.
70395,.,-2.074366579,30.50330646,.
70396,.,-2.074366579,30.50330646,.
70397,.,-1.9520272,30.430365,.
70398,.,-1.9520272,30.430365,.
70399,.,-1.9520272,30.430365,.
70400,.,-1.9520272,30.430365,.
70401,.,-1.9520272,30.430365,.
70402,.,-1.9520272,30.430365,.
70403,.,-2.071776943,30.50325255,.
70404,.,-2.071776943,30.50325255,.
70405,.,-2.071776943,30.50325255,.
70406,.,-2.071776943,30.50325255,.
70407,.,-2.071776943,30.50325255,.
70408,.,-2.071776943,30.50325255,.
70409,.,-2.070356014,30.50839829,.
70410,.,-2.070356014,30.50839829,.
70411,.,-2.070356014,30.50839829,.
70412,.,-2.070356014,30.50839829,.
70413,.,-2.070356014,30.50839829,.
70414,.,-2.070356014,30.50839829,.
70415,.,-2.070448869,30.49258406,.
70416,.,-2.070448869,30.49258406,.
70417,.,-2.070448869,30.49258406,.
70418,.,-2.070448869,30.49258406,.
70419,.,-2.070448869,30.49258406,.
70420,.,-2.070448869,30.49258406,.
70421,.,-2.071157898,30.49231728,.
70422,.,-2.071157898,30.49231728,.
70423,.,-2.071157898,30.49231728,.
70424,.,-2.071157898,30.49231728,.
70425,.,-2.071157898,30.49231728,.
70426,.,-2.071157898,30.49231728,.
70427,.,-2.07529384,30.50462502,.
70428,.,-2.07529384,30.50462502,.
70429,.,-2.07529384,30.50462502,.
70430,.,-2.07529384,30.50462502,.
70431,.,-2.07529384,30.50462502,.
70432,.,-2.07529384,30.50462502,.
70433,.,-2.0203749,30.3379542,.
70434,.,-2.0203749,30.3379542,.
70435,.,-2.0203749,30.3379542,.
70436,.,-2.0203749,30.3379542,.
70437,.,-2.0203749,30.3379542,.
70438,.,-2.0203749,30.3379542,.
70439,.,-2.0236254,30.3369045,.
70440,.,-2.0236254,30.3369045,.
70441,.,-2.0236254,30.3369045,.
70442,.,-2.0236254,30.3369045,.
70443,.,-2.0236254,30.3369045,.
70444,.,-2.0236254,30.3369045,.
70445,.,-2.0239712,30.3372042,.
70446,.,-2.0239712,30.3372042,.
70447,.,-2.0239712,30.3372042,.
70448,.,-2.0239712,30.3372042,.
70449,.,-2.0239712,30.3372042,.
70450,.,-2.0239712,30.3372042,.
70451,.,-2.0241954,30.3374515,.
70452,.,-2.0241954,30.3374515,.
70453,.,-2.0241954,30.3374515,.
70454,.,-2.0241954,30.3374515,.
70455,.,-2.0241954,30.3374515,.
70456,.,-2.0241954,30.3374515,.
70457,.,-2.0245423,30.3377654,.
70458,.,-2.0245423,30.3377654,.
70459,.,-2.0245423,30.3377654,.
70460,.,-2.0245423,30.3377654,.
70461,.,-2.0245423,30.3377654,.
70462,.,-2.0245423,30.3377654,.
70463,.,-1.590264843,30.35927376,.
70464,.,-1.590264843,30.35927376,.
70465,.,-1.590264843,30.35927376,.
70466,.,-1.590264843,30.35927376,.
70467,.,-1.590264843,30.35927376,.
70468,.,-1.590484686,30.359462,.
70469,.,-1.590484686,30.359462,.
70470,.,-1.590484686,30.359462,.
70471,.,-1.590372647,30.35925012,.
70472,.,-1.590372647,30.35925012,.
70473,.,-1.590372647,30.35925012,.
70474,.,-1.590372647,30.35925012,.
70475,.,-1.590372647,30.35925012,.
70476,.,-1.600098381,30.35047743,.
70477,.,-1.600098381,30.35047743,.
70478,.,-1.600098381,30.35047743,.
70479,.,-1.600098381,30.35047743,.
70480,.,-1.600098381,30.35047743,.
70481,.,-1.600098381,30.35047743,.
70482,.,-1.596269473,30.35307343,.
70483,.,-1.596269473,30.35307343,.
70484,.,-1.596269473,30.35307343,.
70485,.,-1.596269473,30.35307343,.
70486,.,-1.596269473,30.35307343,.
70487,.,-1.596269473,30.35307343,.
70488,.,-1.601342982,30.35266201,.
70489,.,-1.601342982,30.35266201,.
70490,.,-1.601342982,30.35266201,.
70491,.,-1.601342982,30.35266201,.
70492,.,-1.601342982,30.35266201,.
70493,.,-1.601342982,30.35266201,.
70494,.,-1.601411824,30.35259047,.
70495,.,-1.601411824,30.35259047,.
70496,.,-1.601411824,30.35259047,.
70497,.,-1.601411824,30.35259047,.
70498,.,-1.601411824,30.35259047,.
70499,.,-1.601411824,30.35259047,.
70500,.,-1.60135717,30.35273775,.
70501,.,-1.60135717,30.35273775,.
70502,.,-1.60135717,30.35273775,.
70503,.,-1.60135717,30.35273775,.
70504,.,-1.60135717,30.35273775,.
70505,.,-1.607698241,30.35836009,.
70506,.,-1.607698241,30.35836009,.
70507,.,-1.607698241,30.35836009,.
70508,.,-1.607698241,30.35836009,.
70509,.,-1.607698241,30.35836009,.
70510,.,-1.607682229,30.35831859,.
70511,.,-1.607682229,30.35831859,.
70512,.,-1.607682229,30.35831859,.
70513,.,-1.607682229,30.35831859,.
70514,.,-1.607682229,30.35831859,.
70515,.,-1.607682229,30.35831859,.
70516,.,-1.600903155,30.34928541,.
70517,.,-1.600903155,30.34928541,.
70518,.,-1.600903155,30.34928541,.
70519,.,-1.600903155,30.34928541,.
70520,.,-1.600903155,30.34928541,.
70521,.,-1.600903155,30.34928541,.
70522,.,-1.611297147,30.36596536,.
70523,.,-1.611297147,30.36596536,.
70524,.,-1.611297147,30.36596536,.
70525,.,-1.611297147,30.36596536,.
70526,.,-1.611297147,30.36596536,.
70527,.,-1.611297147,30.36596536,.
70528,.,-1.606701762,30.35685981,.
70529,.,-1.606701762,30.35685981,.
70530,.,-1.606701762,30.35685981,.
70531,.,-1.606701762,30.35685981,.
70532,.,-1.606701762,30.35685981,.
70533,.,-1.606701762,30.35685981,.
70534,.,-1.589625912,30.35969712,.
70535,.,-1.589625912,30.35969712,.
70536,.,-1.589625912,30.35969712,.
70537,.,-1.589625912,30.35969712,.
70538,.,-1.589625912,30.35969712,.
70539,.,-1.589625912,30.35969712,.
70540,.,-1.590446714,30.35888715,.
70541,.,-1.590446714,30.35888715,.
70542,.,-1.590446714,30.35888715,.
70543,.,-1.590446714,30.35888715,.
70544,.,-1.590446714,30.35888715,.
70545,.,-1.590446714,30.35888715,.
70546,.,-1.563428809,30.36516039,.
70547,.,-1.563428809,30.36516039,.
70548,.,-1.563428809,30.36516039,.
70549,.,-1.563428809,30.36516039,.
70550,.,-1.563428809,30.36516039,.
70551,.,-1.563428809,30.36516039,.
70552,.,-1.563674027,30.36436937,.
70553,.,-1.563674027,30.36436937,.
70554,.,-1.563674027,30.36436937,.
70555,.,-1.563674027,30.36436937,.
70556,.,-1.563674027,30.36436937,.
70557,.,-1.563674027,30.36436937,.
70558,.,-1.558401471,30.34975568,.
70559,.,-1.558401471,30.34975568,.
70560,.,-1.558401471,30.34975568,.
70561,.,-1.558401471,30.34975568,.
70562,.,-1.558401471,30.34975568,.
70563,.,-1.558401471,30.34975568,.
70564,.,-1.571106997,30.3511261,.
70565,.,-1.571106997,30.3511261,.
70566,.,-1.571106997,30.3511261,.
70567,.,-1.571106997,30.3511261,.
70568,.,-1.571106997,30.3511261,.
70569,.,-1.571106997,30.3511261,.
70570,.,-1.558254615,30.3497437,.
70571,.,-1.558254615,30.3497437,.
70572,.,-1.558254615,30.3497437,.
70573,.,-1.558254615,30.3497437,.
70574,.,-1.558254615,30.3497437,.
70575,.,-1.558254615,30.3497437,.
70576,.,-1.552126623,30.34974908,.
70577,.,-1.552126623,30.34974908,.
70578,.,-1.552126623,30.34974908,.
70579,.,-1.552126623,30.34974908,.
70580,.,-1.552126623,30.34974908,.
70581,.,-1.552126623,30.34974908,.
70582,.,-1.551815081,30.34977698,.
70583,.,-1.551815081,30.34977698,.
70584,.,-1.551815081,30.34977698,.
70585,.,-1.551815081,30.34977698,.
70586,.,-1.551815081,30.34977698,.
70587,.,-1.551815081,30.34977698,.
70588,.,-1.563047009,30.36543571,.
70589,.,-1.563047009,30.36543571,.
70590,.,-1.563047009,30.36543571,.
70591,.,-1.563047009,30.36543571,.
70592,.,-1.563047009,30.36543571,.
70593,.,-1.563047009,30.36543571,.
70594,.,-1.551711141,30.34974313,.
70595,.,-1.551711141,30.34974313,.
70596,.,-1.551711141,30.34974313,.
70597,.,-1.551711141,30.34974313,.
70598,.,-1.551711141,30.34974313,.
70599,.,-1.551711141,30.34974313,.
70600,.,-1.546423769,30.35214129,.
70601,.,-1.546423769,30.35214129,.
70602,.,-1.546423769,30.35214129,.
70603,.,-1.546423769,30.35214129,.
70604,.,-1.546423769,30.35214129,.
70605,.,-1.546423769,30.35214129,.
70606,.,-1.560338516,30.36367898,.
70607,.,-1.560338516,30.36367898,.
70608,.,-1.560338516,30.36367898,.
70609,.,-1.560338516,30.36367898,.
70610,.,-1.560338516,30.36367898,.
70611,.,-1.560338516,30.36367898,.
70612,.,-1.560325129,30.36367886,.
70613,.,-1.560325129,30.36367886,.
70614,.,-1.560325129,30.36367886,.
70615,.,-1.560325129,30.36367886,.
70616,.,-1.560325129,30.36367886,.
70617,.,-1.560325129,30.36367886,.
70618,.,-1.55442099,30.34814161,.
70619,.,-1.55442099,30.34814161,.
70620,.,-1.55442099,30.34814161,.
70621,.,-1.55442099,30.34814161,.
70622,.,-1.55442099,30.34814161,.
70623,.,-1.55442099,30.34814161,.
70624,.,-1.562889275,30.36520106,.
70625,.,-1.562889275,30.36520106,.
70626,.,-1.562889275,30.36520106,.
70627,.,-1.562889275,30.36520106,.
70628,.,-1.562889275,30.36520106,.
70629,.,-1.562889275,30.36520106,.
70630,.,-1.562714508,30.3655305,.
70631,.,-1.562714508,30.3655305,.
70632,.,-1.562714508,30.3655305,.
70633,.,-1.562714508,30.3655305,.
70634,.,-1.562714508,30.3655305,.
70635,.,-1.562714508,30.3655305,.
70636,.,-1.434666619,30.29810998,.
70637,.,-1.434666619,30.29810998,.
70638,.,-1.434666619,30.29810998,.
70639,.,-1.434666619,30.29810998,.
70640,.,-1.434666619,30.29810998,.
70641,.,-1.434666619,30.29810998,.
70642,.,-1.434605381,30.2980812,.
70643,.,-1.434605381,30.2980812,.
70644,.,-1.434605381,30.2980812,.
70645,.,-1.434605381,30.2980812,.
70646,.,-1.434605381,30.2980812,.
70647,.,-1.434605381,30.2980812,.
70648,.,-1.434632561,30.29811193,.
70649,.,-1.434632561,30.29811193,.
70650,.,-1.427049437,30.29680114,.
70651,.,-1.427049437,30.29680114,.
70652,.,-1.427049437,30.29680114,.
70653,.,-1.427049437,30.29680114,.
70654,.,-1.427049437,30.29680114,.
70655,.,-1.427049437,30.29680114,.
70656,.,-1.429404769,30.29687125,.
70657,.,-1.429404769,30.29687125,.
70658,.,-1.429404769,30.29687125,.
70659,.,-1.429404769,30.29687125,.
70660,.,-1.429404769,30.29687125,.
70661,.,-1.429404769,30.29687125,.
70662,.,-1.429349235,30.2968527,.
70663,.,-1.429349235,30.2968527,.
70664,.,-1.429349235,30.2968527,.
70665,.,-1.429349235,30.2968527,.
70666,.,-1.429349235,30.2968527,.
70667,.,-1.429349235,30.2968527,.
70668,.,-1.429286514,30.29679741,.
70669,.,-1.429286514,30.29679741,.
70670,.,-1.429286514,30.29679741,.
70671,.,-1.429286514,30.29679741,.
70672,.,-1.429286514,30.29679741,.
70673,.,-1.429286514,30.29679741,.
70674,.,-1.429412574,30.29686803,.
70675,.,-1.429412574,30.29686803,.
70676,.,-1.429412574,30.29686803,.
70677,.,-1.429412574,30.29686803,.
70678,.,-1.429412574,30.29686803,.
70679,.,-1.429412574,30.29686803,.
70680,.,-1.4036265,30.2781338,.
70681,.,-1.4036265,30.2781338,.
70682,.,-1.4036265,30.2781338,.
70683,.,-1.4036265,30.2781338,.
70684,.,-1.4036265,30.2781338,.
70685,.,-1.4036265,30.2781338,.
70686,.,-1.419217186,30.29013507,.
70687,.,-1.419217186,30.29013507,.
70688,.,-1.419217186,30.29013507,.
70689,.,-1.419217186,30.29013507,.
70690,.,-1.419217186,30.29013507,.
70691,.,-1.419217186,30.29013507,.
70692,.,-1.419335527,30.28998704,.
70693,.,-1.419335527,30.28998704,.
70694,.,-1.419335527,30.28998704,.
70695,.,-1.419335527,30.28998704,.
70696,.,-1.419335527,30.28998704,.
70697,.,-1.419335527,30.28998704,.
70698,.,-1.419256912,30.2901793,.
70699,.,-1.419256912,30.2901793,.
70700,.,-1.419256912,30.2901793,.
70701,.,-1.419256912,30.2901793,.
70702,.,-1.419256912,30.2901793,.
70703,.,-1.419256912,30.2901793,.
70704,.,-1.419251604,30.29008291,.
70705,.,-1.419251604,30.29008291,.
70706,.,-1.419251604,30.29008291,.
70707,.,-1.419251604,30.29008291,.
70708,.,-1.419251604,30.29008291,.
70709,.,-1.419251604,30.29008291,.
70710,.,-1.419141571,30.29007763,.
70711,.,-1.419141571,30.29007763,.
70712,.,-1.419141571,30.29007763,.
70713,.,-1.419141571,30.29007763,.
70714,.,-1.419141571,30.29007763,.
70715,.,-1.419141571,30.29007763,.
70716,.,-1.419063221,30.29008979,.
70717,.,-1.419063221,30.29008979,.
70718,.,-1.419063221,30.29008979,.
70719,.,-1.419063221,30.29008979,.
70720,.,-1.419063221,30.29008979,.
70721,.,-1.419063221,30.29008979,.
70722,.,-1.3793606,30.250379,.
70723,.,-1.3793606,30.250379,.
70724,.,-1.3793606,30.250379,.
70725,.,-1.3793606,30.250379,.
70726,.,-1.3793606,30.250379,.
70727,.,-1.3793606,30.250379,.
70728,.,-1.3667872,30.3003042,.
70729,.,-1.3667872,30.3003042,.
70730,.,-1.3667872,30.3003042,.
70731,.,-1.3667872,30.3003042,.
70732,.,-1.3667872,30.3003042,.
70733,.,-1.3667872,30.3003042,.
70734,.,-1.383347311,30.26244532,.
70735,.,-1.383347311,30.26244532,.
70736,.,-1.383347311,30.26244532,.
70737,.,-1.383347311,30.26244532,.
70738,.,-1.383347311,30.26244532,.
70739,.,-1.383347311,30.26244532,.
70740,.,-1.37496733,30.26243028,.
70741,.,-1.37496733,30.26243028,.
70742,.,-1.37496733,30.26243028,.
70743,.,-1.37496733,30.26243028,.
70744,.,-1.37496733,30.26243028,.
70745,.,-1.37496733,30.26243028,.
70746,.,-1.374558814,30.26309627,.
70747,.,-1.374558814,30.26309627,.
70748,.,-1.374558814,30.26309627,.
70749,.,-1.374558814,30.26309627,.
70750,.,-1.374558814,30.26309627,.
70751,.,-1.374558814,30.26309627,.
70752,.,-1.382043199,30.25822378,.
70753,.,-1.382043199,30.25822378,.
70754,.,-1.382043199,30.25822378,.
70755,.,-1.382043199,30.25822378,.
70756,.,-1.382043199,30.25822378,.
70757,.,-1.382043199,30.25822378,.
70758,.,-1.382794766,30.25875611,.
70759,.,-1.382794766,30.25875611,.
70760,.,-1.382794766,30.25875611,.
70761,.,-1.382794766,30.25875611,.
70762,.,-1.382794766,30.25875611,.
70763,.,-1.382794766,30.25875611,.
70764,.,-1.383056248,30.25928095,.
70765,.,-1.383056248,30.25928095,.
70766,.,-1.383056248,30.25928095,.
70767,.,-1.383056248,30.25928095,.
70768,.,-1.383056248,30.25928095,.
70769,.,-1.383056248,30.25928095,.
70770,.,-1.377115793,30.26223568,.
70771,.,-1.377115793,30.26223568,.
70772,.,-1.377115793,30.26223568,.
70773,.,-1.377115793,30.26223568,.
70774,.,-1.377115793,30.26223568,.
70775,.,-1.377115793,30.26223568,.
70776,.,-1.371159455,30.26643376,.
70777,.,-1.371159455,30.26643376,.
70778,.,-1.371159455,30.26643376,.
70779,.,-1.371159455,30.26643376,.
70780,.,-1.371159455,30.26643376,.
70781,.,-1.371159455,30.26643376,.
70782,.,-1.382704119,30.2586006,.
70783,.,-1.382704119,30.2586006,.
70784,.,-1.382704119,30.2586006,.
70785,.,-1.382704119,30.2586006,.
70786,.,-1.382704119,30.2586006,.
70787,.,-1.382704119,30.2586006,.
70788,.,-1.369871803,30.27005088,.
70789,.,-1.369871803,30.27005088,.
70790,.,-1.369871803,30.27005088,.
70791,.,-1.369871803,30.27005088,.
70792,.,-1.369871803,30.27005088,.
70793,.,-1.370322093,30.26652289,.
70794,.,-1.370322093,30.26652289,.
70795,.,-1.370322093,30.26652289,.
70796,.,-1.370322093,30.26652289,.
70797,.,-1.370322093,30.26652289,.
70798,.,-1.369743135,30.27097723,.
70799,.,-1.369743135,30.27097723,.
70800,.,-1.369743135,30.27097723,.
70801,.,-1.369743135,30.27097723,.
70802,.,-1.369743135,30.27097723,.
70803,.,-1.369743135,30.27097723,.
70804,.,-1.369874544,30.27013028,.
70805,.,-1.369874544,30.27013028,.
70806,.,-1.369874544,30.27013028,.
70807,.,-1.369874544,30.27013028,.
70808,.,-1.369874544,30.27013028,.
70809,.,-1.369874544,30.27013028,.
70810,.,-2.51972713,29.86769523,.
70811,.,-2.51972713,29.86769523,.
70812,.,-2.51972713,29.86769523,.
70813,.,-2.51972713,29.86769523,.
70814,.,-2.51972713,29.86769523,.
70815,.,-2.51972713,29.86769523,.
70816,.,-2.50623213,29.8786855,.
70817,.,-2.50623213,29.8786855,.
70818,.,-2.50623213,29.8786855,.
70819,.,-2.50623213,29.8786855,.
70820,.,-2.50623213,29.8786855,.
70821,.,-2.50623213,29.8786855,.
70822,.,-2.50711339,29.87947386,.
70823,.,-2.50711339,29.87947386,.
70824,.,-2.50711339,29.87947386,.
70825,.,-2.50711339,29.87947386,.
70826,.,-2.50711339,29.87947386,.
70827,.,-2.50711339,29.87947386,.
70828,.,-2.5297148,29.87381192,.
70829,.,-2.5297148,29.87381192,.
70830,.,-2.5297148,29.87381192,.
70831,.,-2.5297148,29.87381192,.
70832,.,-2.5297148,29.87381192,.
70833,.,-2.5297148,29.87381192,.
70834,.,-2.53124809,29.87234961,.
70835,.,-2.53124809,29.87234961,.
70836,.,-2.53124809,29.87234961,.
70837,.,-2.53124809,29.87234961,.
70838,.,-2.53124809,29.87234961,.
70839,.,-2.53124809,29.87234961,.
70840,.,-2.50379046,29.88100146,.
70841,.,-2.50379046,29.88100146,.
70842,.,-2.50379046,29.88100146,.
70843,.,-2.50379046,29.88100146,.
70844,.,-2.50379046,29.88100146,.
70845,.,-2.50528443,29.87451021,.
70846,.,-2.50528443,29.87451021,.
70847,.,-2.50528443,29.87451021,.
70848,.,-2.50528443,29.87451021,.
70849,.,-2.50528443,29.87451021,.
70850,.,-2.50528443,29.87451021,.
70851,.,-2.51591763,29.87896829,.
70852,.,-2.51591763,29.87896829,.
70853,.,-2.51591763,29.87896829,.
70854,.,-2.51591763,29.87896829,.
70855,.,-2.51591763,29.87896829,.
70856,.,-2.51591763,29.87896829,.
70857,.,-2.50559587,29.88083504,.
70858,.,-2.50559587,29.88083504,.
70859,.,-2.50559587,29.88083504,.
70860,.,-2.50559587,29.88083504,.
70861,.,-2.50559587,29.88083504,.
70862,.,-2.50559587,29.88083504,.
70863,.,-2.52176402,29.87293555,.
70864,.,-2.52176402,29.87293555,.
70865,.,-2.52176402,29.87293555,.
70866,.,-2.52176402,29.87293555,.
70867,.,-2.52176402,29.87293555,.
70868,.,-2.52176402,29.87293555,.
70869,.,-2.5157048,29.87880787,.
70870,.,-2.5157048,29.87880787,.
70871,.,-2.5157048,29.87880787,.
70872,.,-2.5157048,29.87880787,.
70873,.,-2.5157048,29.87880787,.
70874,.,-2.50848189,29.87272611,.
70875,.,-2.50848189,29.87272611,.
70876,.,-2.50848189,29.87272611,.
70877,.,-2.50848189,29.87272611,.
70878,.,-2.50848189,29.87272611,.
70879,.,-2.50848189,29.87272611,.
70880,.,-2.50919825,29.8798903,.
70881,.,-2.50919825,29.8798903,.
70882,.,-2.50919825,29.8798903,.
70883,.,-2.50919825,29.8798903,.
70884,.,-2.50919825,29.8798903,.
70885,.,-2.50919825,29.8798903,.
70886,.,-2.53003534,29.87561847,.
70887,.,-2.53003534,29.87561847,.
70888,.,-2.53003534,29.87561847,.
70889,.,-2.53003534,29.87561847,.
70890,.,-2.53003534,29.87561847,.
70891,.,-2.53003534,29.87561847,.
70892,.,-2.4907451,29.86330558,.
70893,.,-2.4907451,29.86330558,.
70894,.,-2.4907451,29.86330558,.
70895,.,-2.4907451,29.86330558,.
70896,.,-2.4907451,29.86330558,.
70897,.,-2.4907451,29.86330558,.
70898,.,-2.48952556,29.8628775,.
70899,.,-2.48952556,29.8628775,.
70900,.,-2.48952556,29.8628775,.
70901,.,-2.48952556,29.8628775,.
70902,.,-2.48952556,29.8628775,.
70903,.,-2.48952556,29.8628775,.
70904,.,-2.49124412,29.87310456,.
70905,.,-2.49124412,29.87310456,.
70906,.,-2.49124412,29.87310456,.
70907,.,-2.49124412,29.87310456,.
70908,.,-2.49124412,29.87310456,.
70909,.,-2.49124412,29.87310456,.
70910,.,-2.48861394,29.87217377,.
70911,.,-2.48861394,29.87217377,.
70912,.,-2.48861394,29.87217377,.
70913,.,-2.48861394,29.87217377,.
70914,.,-2.48861394,29.87217377,.
70915,.,-2.48861394,29.87217377,.
70916,.,-2.49177163,29.86377765,.
70917,.,-2.49177163,29.86377765,.
70918,.,-2.49177163,29.86377765,.
70919,.,-2.49177163,29.86377765,.
70920,.,-2.49177163,29.86377765,.
70921,.,-2.49177163,29.86377765,.
70922,.,-2.48546135,29.87427655,.
70923,.,-2.48546135,29.87427655,.
70924,.,-2.48546135,29.87427655,.
70925,.,-2.48546135,29.87427655,.
70926,.,-2.48546135,29.87427655,.
70927,.,-2.48546135,29.87427655,.
70928,.,-2.48968593,29.87423106,.
70929,.,-2.48968593,29.87423106,.
70930,.,-2.48968593,29.87423106,.
70931,.,-2.48968593,29.87423106,.
70932,.,-2.48968593,29.87423106,.
70933,.,-2.48968593,29.87423106,.
70934,.,-2.49198015,29.86280038,.
70935,.,-2.49198015,29.86280038,.
70936,.,-2.49198015,29.86280038,.
70937,.,-2.49198015,29.86280038,.
70938,.,-2.49198015,29.86280038,.
70939,.,-2.49198015,29.86280038,.
70940,.,-2.48935277,29.85963192,.
70941,.,-2.48935277,29.85963192,.
70942,.,-2.48935277,29.85963192,.
70943,.,-2.48935277,29.85963192,.
70944,.,-2.48935277,29.85963192,.
70945,.,-2.48935277,29.85963192,.
70946,.,-2.48908518,29.86125613,.
70947,.,-2.48908518,29.86125613,.
70948,.,-2.48908518,29.86125613,.
70949,.,-2.48908518,29.86125613,.
70950,.,-2.48908518,29.86125613,.
70951,.,-2.48908518,29.86125613,.
70952,.,-2.48078515,29.87830819,.
70953,.,-2.48078515,29.87830819,.
70954,.,-2.48078515,29.87830819,.
70955,.,-2.48078515,29.87830819,.
70956,.,-2.48078515,29.87830819,.
70957,.,-2.48078515,29.87830819,.
70958,.,-2.48109154,29.87826122,.
70959,.,-2.48109154,29.87826122,.
70960,.,-2.48109154,29.87826122,.
70961,.,-2.48109154,29.87826122,.
70962,.,-2.48109154,29.87826122,.
70963,.,-2.48109154,29.87826122,.
70964,.,-2.49255463,29.8625105,.
70965,.,-2.49255463,29.8625105,.
70966,.,-2.49255463,29.8625105,.
70967,.,-2.49255463,29.8625105,.
70968,.,-2.49255463,29.8625105,.
70969,.,-2.49255463,29.8625105,.
70970,.,-2.49237743,29.8626308,.
70971,.,-2.49237743,29.8626308,.
70972,.,-2.49237743,29.8626308,.
70973,.,-2.49237743,29.8626308,.
70974,.,-2.49237743,29.8626308,.
70975,.,-2.49237743,29.8626308,.
70976,.,-2.48881835,29.87279139,.
70977,.,-2.48881835,29.87279139,.
70978,.,-2.48881835,29.87279139,.
70979,.,-2.48881835,29.87279139,.
70980,.,-2.48881835,29.87279139,.
70981,.,-2.48881835,29.87279139,.
70982,.,-2.48417377,29.87195817,.
70983,.,-2.48417377,29.87195817,.
70984,.,-2.48417377,29.87195817,.
70985,.,-2.48417377,29.87195817,.
70986,.,-2.48417377,29.87195817,.
70987,.,-2.48417377,29.87195817,.
70988,.,-2.623577721,29.00401289,.
70989,.,-2.623577721,29.00401289,.
70990,.,-2.623577721,29.00401289,.
70991,.,-2.623577721,29.00401289,.
70992,.,-2.623577721,29.00401289,.
70993,.,-2.623577721,29.00401289,.
70994,.,-2.628061956,29.00610702,.
70995,.,-2.628061956,29.00610702,.
70996,.,-2.628061956,29.00610702,.
70997,.,-2.628061956,29.00610702,.
70998,.,-2.628061956,29.00610702,.
70999,.,-2.628061956,29.00610702,.
71000,.,-2.624677293,29.00363306,.
71001,.,-2.624677293,29.00363306,.
71002,.,-2.624677293,29.00363306,.
71003,.,-2.624677293,29.00363306,.
71004,.,-2.624677293,29.00363306,.
71005,.,-2.624677293,29.00363306,.
71006,.,-2.630875255,29.01025412,.
71007,.,-2.630875255,29.01025412,.
71008,.,-2.630875255,29.01025412,.
71009,.,-2.630875255,29.01025412,.
71010,.,-2.630875255,29.01025412,.
71011,.,-2.630875255,29.01025412,.
71012,.,-2.6305825,29.0102344,.
71013,.,-2.6305825,29.0102344,.
71014,.,-2.6305825,29.0102344,.
71015,.,-2.6305825,29.0102344,.
71016,.,-2.6305825,29.0102344,.
71017,.,-2.6305825,29.0102344,.
71018,.,-2.629286966,29.00758742,.
71019,.,-2.629286966,29.00758742,.
71020,.,-2.629286966,29.00758742,.
71021,.,-2.629286966,29.00758742,.
71022,.,-2.629286966,29.00758742,.
71023,.,-2.629286966,29.00758742,.
71024,.,-2.63053973,29.00984747,.
71025,.,-2.63053973,29.00984747,.
71026,.,-2.63053973,29.00984747,.
71027,.,-2.63053973,29.00984747,.
71028,.,-2.63053973,29.00984747,.
71029,.,-2.63053973,29.00984747,.
71030,.,-2.625141733,29.0024598,.
71031,.,-2.625141733,29.0024598,.
71032,.,-2.625141733,29.0024598,.
71033,.,-2.625141733,29.0024598,.
71034,.,-2.625141733,29.0024598,.
71035,.,-2.625141733,29.0024598,.
71036,.,-2.625163976,29.00313471,.
71037,.,-2.625163976,29.00313471,.
71038,.,-2.625163976,29.00313471,.
71039,.,-2.625163976,29.00313471,.
71040,.,-2.625163976,29.00313471,.
71041,.,-2.625163976,29.00313471,.
71042,.,-2.629014434,29.00749858,.
71043,.,-2.629014434,29.00749858,.
71044,.,-2.629014434,29.00749858,.
71045,.,-2.629014434,29.00749858,.
71046,.,-2.629014434,29.00749858,.
71047,.,-2.629014434,29.00749858,.
71048,.,-2.681363177,29.04913267,.
71049,.,-2.681363177,29.04913267,.
71050,.,-2.681363177,29.04913267,.
71051,.,-2.681363177,29.04913267,.
71052,.,-2.681363177,29.04913267,.
71053,.,-2.681363177,29.04913267,.
71054,.,-2.676994645,29.04331247,.
71055,.,-2.676994645,29.04331247,.
71056,.,-2.676994645,29.04331247,.
71057,.,-2.676994645,29.04331247,.
71058,.,-2.676994645,29.04331247,.
71059,.,-2.676994645,29.04331247,.
71060,.,-2.678156821,29.04697336,.
71061,.,-2.678156821,29.04697336,.
71062,.,-2.678156821,29.04697336,.
71063,.,-2.678156821,29.04697336,.
71064,.,-2.678156821,29.04697336,.
71065,.,-2.678156821,29.04697336,.
71066,.,-2.67892928,29.0428145,.
71067,.,-2.67892928,29.0428145,.
71068,.,-2.67892928,29.0428145,.
71069,.,-2.67892928,29.0428145,.
71070,.,-2.67892928,29.0428145,.
71071,.,-2.67892928,29.0428145,.
71072,.,-2.678173081,29.04696201,.
71073,.,-2.678173081,29.04696201,.
71074,.,-2.678173081,29.04696201,.
71075,.,-2.678173081,29.04696201,.
71076,.,-2.678173081,29.04696201,.
71077,.,-2.678173081,29.04696201,.
71078,.,-2.669655221,29.03284492,.
71079,.,-2.669655221,29.03284492,.
71080,.,-2.669655221,29.03284492,.
71081,.,-2.669655221,29.03284492,.
71082,.,-2.669655221,29.03284492,.
71083,.,-2.669655221,29.03284492,.
71084,.,-2.669259595,29.04189277,.
71085,.,-2.669259595,29.04189277,.
71086,.,-2.669259595,29.04189277,.
71087,.,-2.669259595,29.04189277,.
71088,.,-2.669259595,29.04189277,.
71089,.,-2.669259595,29.04189277,.
71090,.,-2.669500087,29.0420213,.
71091,.,-2.669500087,29.0420213,.
71092,.,-2.669500087,29.0420213,.
71093,.,-2.669500087,29.0420213,.
71094,.,-2.669500087,29.0420213,.
71095,.,-2.669500087,29.0420213,.
71096,.,-2.677201222,29.04886385,.
71097,.,-2.677201222,29.04886385,.
71098,.,-2.677201222,29.04886385,.
71099,.,-2.677201222,29.04886385,.
71100,.,-2.677201222,29.04886385,.
71101,.,-2.677201222,29.04886385,.
71102,.,-2.678930063,29.04797092,.
71103,.,-2.678930063,29.04797092,.
71104,.,-2.678930063,29.04797092,.
71105,.,-2.678930063,29.04797092,.
71106,.,-2.678930063,29.04797092,.
71107,.,-2.678930063,29.04797092,.
71108,.,-2.678240172,29.03978094,.
71109,.,-2.678240172,29.03978094,.
71110,.,-2.678240172,29.03978094,.
71111,.,-2.678240172,29.03978094,.
71112,.,-2.678240172,29.03978094,.
71113,.,-2.67814919,29.04702301,.
71114,.,-2.67814919,29.04702301,.
71115,.,-2.67814919,29.04702301,.
71116,.,-2.67814919,29.04702301,.
71117,.,-2.67814919,29.04702301,.
71118,.,-2.67814919,29.04702301,.
71119,.,-2.676377013,29.03804088,.
71120,.,-2.676377013,29.03804088,.
71121,.,-2.676377013,29.03804088,.
71122,.,-2.676377013,29.03804088,.
71123,.,-2.676377013,29.03804088,.
71124,.,-2.676377013,29.03804088,.
71125,.,-2.674506273,29.03360992,.
71126,.,-2.674506273,29.03360992,.
71127,.,-2.674506273,29.03360992,.
71128,.,-2.674506273,29.03360992,.
71129,.,-2.674506273,29.03360992,.
71130,.,-2.674506273,29.03360992,.
71131,.,-2.670862354,29.03286139,.
71132,.,-2.670862354,29.03286139,.
71133,.,-2.670862354,29.03286139,.
71134,.,-2.670862354,29.03286139,.
71135,.,-2.670862354,29.03286139,.
71136,.,-2.670862354,29.03286139,.
71137,.,-2.683767095,29.05240132,.
71138,.,-2.683767095,29.05240132,.
71139,.,-2.683767095,29.05240132,.
71140,.,-2.683767095,29.05240132,.
71141,.,-2.683767095,29.05240132,.
71142,.,-2.683767095,29.05240132,.
71143,.,-2.683654282,29.05291713,.
71144,.,-2.683654282,29.05291713,.
71145,.,-2.683654282,29.05291713,.
71146,.,-2.683654282,29.05291713,.
71147,.,-2.683654282,29.05291713,.
71148,.,-2.683654282,29.05291713,.
71149,.,-2.683693875,29.05341681,.
71150,.,-2.683693875,29.05341681,.
71151,.,-2.683693875,29.05341681,.
71152,.,-2.683693875,29.05341681,.
71153,.,-2.683693875,29.05341681,.
71154,.,-2.683693875,29.05341681,.
71155,.,-2.677434002,29.04307705,.
71156,.,-2.677434002,29.04307705,.
71157,.,-2.677434002,29.04307705,.
71158,.,-2.677434002,29.04307705,.
71159,.,-2.677434002,29.04307705,.
71160,.,-2.677434002,29.04307705,.
71161,.,-2.679817186,29.04606135,.
71162,.,-2.679817186,29.04606135,.
71163,.,-2.679817186,29.04606135,.
71164,.,-2.679817186,29.04606135,.
71165,.,-2.679817186,29.04606135,.
71166,.,-2.679817186,29.04606135,.
71167,.,-2.32435352,29.84960993,.
71168,.,-2.32435352,29.84960993,.
71169,.,-2.32435352,29.84960993,.
71170,.,-2.32435352,29.84960993,.
71171,.,-2.32435352,29.84960993,.
71172,.,-2.32435352,29.84960993,.
71173,.,-2.32458535,29.85555949,.
71174,.,-2.32458535,29.85555949,.
71175,.,-2.32458535,29.85555949,.
71176,.,-2.32458535,29.85555949,.
71177,.,-2.32458535,29.85555949,.
71178,.,-2.32458535,29.85555949,.
71179,.,-2.31045622,29.84968292,.
71180,.,-2.31045622,29.84968292,.
71181,.,-2.31045622,29.84968292,.
71182,.,-2.31045622,29.84968292,.
71183,.,-2.31045622,29.84968292,.
71184,.,-2.31045622,29.84968292,.
71185,.,-2.31028333,29.84985485,.
71186,.,-2.31028333,29.84985485,.
71187,.,-2.31028333,29.84985485,.
71188,.,-2.31028333,29.84985485,.
71189,.,-2.31028333,29.84985485,.
71190,.,-2.31028333,29.84985485,.
71191,.,-2.31600576,29.84986812,.
71192,.,-2.31600576,29.84986812,.
71193,.,-2.31600576,29.84986812,.
71194,.,-2.31600576,29.84986812,.
71195,.,-2.31600576,29.84986812,.
71196,.,-2.31600576,29.84986812,.
71197,.,-2.32150926,29.84527313,.
71198,.,-2.32150926,29.84527313,.
71199,.,-2.32150926,29.84527313,.
71200,.,-2.32150926,29.84527313,.
71201,.,-2.32150926,29.84527313,.
71202,.,-2.32150926,29.84527313,.
71203,.,-2.32297761,29.84324808,.
71204,.,-2.32297761,29.84324808,.
71205,.,-2.32297761,29.84324808,.
71206,.,-2.32297761,29.84324808,.
71207,.,-2.32297761,29.84324808,.
71208,.,-2.32297761,29.84324808,.
71209,.,-2.31816331,29.85003119,.
71210,.,-2.31816331,29.85003119,.
71211,.,-2.31816331,29.85003119,.
71212,.,-2.31816331,29.85003119,.
71213,.,-2.31816331,29.85003119,.
71214,.,-2.31816331,29.85003119,.
71215,.,-2.31373968,29.84251977,.
71216,.,-2.31373968,29.84251977,.
71217,.,-2.31373968,29.84251977,.
71218,.,-2.31373968,29.84251977,.
71219,.,-2.31373968,29.84251977,.
71220,.,-2.31373968,29.84251977,.
71221,.,-2.32580899,29.85126467,.
71222,.,-2.32580899,29.85126467,.
71223,.,-2.32580899,29.85126467,.
71224,.,-2.32580899,29.85126467,.
71225,.,-2.32580899,29.85126467,.
71226,.,-2.32580899,29.85126467,.
71227,.,-2.32691263,29.86747966,.
71228,.,-2.32691263,29.86747966,.
71229,.,-2.32691263,29.86747966,.
71230,.,-2.32691263,29.86747966,.
71231,.,-2.32691263,29.86747966,.
71232,.,-2.32691263,29.86747966,.
71233,.,-2.32826873,29.86051463,.
71234,.,-2.32826873,29.86051463,.
71235,.,-2.32826873,29.86051463,.
71236,.,-2.32826873,29.86051463,.
71237,.,-2.32826873,29.86051463,.
71238,.,-2.32826873,29.86051463,.
71239,.,-2.32759665,29.86680897,.
71240,.,-2.32759665,29.86680897,.
71241,.,-2.32759665,29.86680897,.
71242,.,-2.32759665,29.86680897,.
71243,.,-2.32759665,29.86680897,.
71244,.,-2.32759665,29.86680897,.
71245,.,-2.32280516,29.86322557,.
71246,.,-2.32280516,29.86322557,.
71247,.,-2.32280516,29.86322557,.
71248,.,-2.32280516,29.86322557,.
71249,.,-2.32280516,29.86322557,.
71250,.,-2.32280516,29.86322557,.
71251,.,-2.32801409,29.86795512,.
71252,.,-2.32801409,29.86795512,.
71253,.,-2.32801409,29.86795512,.
71254,.,-2.32801409,29.86795512,.
71255,.,-2.32801409,29.86795512,.
71256,.,-2.32801409,29.86795512,.
71257,.,-2.32337022,29.86835427,.
71258,.,-2.32337022,29.86835427,.
71259,.,-2.32337022,29.86835427,.
71260,.,-2.32337022,29.86835427,.
71261,.,-2.32337022,29.86835427,.
71262,.,-2.32337022,29.86835427,.
71263,.,-2.32262352,29.86146034,.
71264,.,-2.32262352,29.86146034,.
71265,.,-2.32262352,29.86146034,.
71266,.,-2.32262352,29.86146034,.
71267,.,-2.32262352,29.86146034,.
71268,.,-2.32262352,29.86146034,.
71269,.,-2.32614853,29.86904685,.
71270,.,-2.32614853,29.86904685,.
71271,.,-2.32614853,29.86904685,.
71272,.,-2.32614853,29.86904685,.
71273,.,-2.32614853,29.86904685,.
71274,.,-2.32614853,29.86904685,.
71275,.,-2.32589112,29.86764446,.
71276,.,-2.32589112,29.86764446,.
71277,.,-2.32589112,29.86764446,.
71278,.,-2.32589112,29.86764446,.
71279,.,-2.32589112,29.86764446,.
71280,.,-2.32589112,29.86764446,.
71281,.,-2.32288425,29.86692857,.
71282,.,-2.32288425,29.86692857,.
71283,.,-2.32288425,29.86692857,.
71284,.,-2.32288425,29.86692857,.
71285,.,-2.32288425,29.86692857,.
71286,.,-2.32288425,29.86692857,.
71287,.,-2.4387643,29.0215388,.
71288,.,-2.4387643,29.0215388,.
71289,.,-2.4387643,29.0215388,.
71290,.,-2.4387643,29.0215388,.
71291,.,-2.4387643,29.0215388,.
71292,.,-2.4387643,29.0215388,.
71293,.,-2.4323905,29.0209928,.
71294,.,-2.4323905,29.0209928,.
71295,.,-2.4323905,29.0209928,.
71296,.,-2.4323905,29.0209928,.
71297,.,-2.4323905,29.0209928,.
71298,.,-2.4323905,29.0209928,.
71299,.,-2.4880081,29.0404235,.
71300,.,-2.4880081,29.0404235,.
71301,.,-2.4880081,29.0404235,.
71302,.,-2.4880081,29.0404235,.
71303,.,-2.4880081,29.0404235,.
71304,.,-2.4880081,29.0404235,.
71305,.,-2.4880081,29.0404235,.
71306,.,-2.4880081,29.0404235,.
71307,.,-2.4880081,29.0404235,.
71308,.,-2.4880081,29.0404235,.
71309,.,-2.4880081,29.0404235,.
71310,.,-2.4880081,29.0404235,.
71311,.,-2.4721834,28.9691242,.
71312,.,-2.4721834,28.9691242,.
71313,.,-2.4721834,28.9691242,.
71314,.,-2.4721834,28.9691242,.
71315,.,-2.4721834,28.9691242,.
71316,.,-2.4721834,28.9691242,.
71317,.,-2.434784,29.0270291,.
71318,.,-2.434784,29.0270291,.
71319,.,-2.434784,29.0270291,.
71320,.,-2.434784,29.0270291,.
71321,.,-2.434784,29.0270291,.
71322,.,-2.434784,29.0270291,.
71323,.,-2.4323599,29.0317453,.
71324,.,-2.4323599,29.0317453,.
71325,.,-2.4323599,29.0317453,.
71326,.,-2.4323599,29.0317453,.
71327,.,-2.4323599,29.0317453,.
71328,.,-2.4323599,29.0317453,.
71329,.,-2.4347064,29.020884,.
71330,.,-2.4347064,29.020884,.
71331,.,-2.4347064,29.020884,.
71332,.,-2.4347064,29.020884,.
71333,.,-2.4347064,29.020884,.
71334,.,-2.4347064,29.020884,.
71335,.,-2.4351929,29.023345,.
71336,.,-2.4351929,29.023345,.
71337,.,-2.4351929,29.023345,.
71338,.,-2.4351929,29.023345,.
71339,.,-2.4351929,29.023345,.
71340,.,-2.4351929,29.023345,.
71341,.,-2.4317807,29.0202825,.
71342,.,-2.4317807,29.0202825,.
71343,.,-2.4317807,29.0202825,.
71344,.,-2.4317807,29.0202825,.
71345,.,-2.4317807,29.0202825,.
71346,.,-2.4317807,29.0202825,.
71347,.,-2.4722218,28.96901,.
71348,.,-2.4722218,28.96901,.
71349,.,-2.4722218,28.96901,.
71350,.,-2.4722218,28.96901,.
71351,.,-2.4722218,28.96901,.
71352,.,-2.4722218,28.96901,.
71353,.,-2.4355666,29.0206331,.
71354,.,-2.4355666,29.0206331,.
71355,.,-2.4355666,29.0206331,.
71356,.,-2.4355666,29.0206331,.
71357,.,-2.4355666,29.0206331,.
71358,.,-2.4355666,29.0206331,.
71359,.,-2.4313076,29.025668,.
71360,.,-2.4313076,29.025668,.
71361,.,-2.4313076,29.025668,.
71362,.,-2.4313076,29.025668,.
71363,.,-2.4313076,29.025668,.
71364,.,-2.4313076,29.025668,.
71365,.,-2.4313681,29.0257418,.
71366,.,-2.4313681,29.0257418,.
71367,.,-2.4313681,29.0257418,.
71368,.,-2.4313681,29.0257418,.
71369,.,-2.4313681,29.0257418,.
71370,.,-2.4313681,29.0257418,.
71371,.,-2.4318087,29.0184343,.
71372,.,-2.4318087,29.0184343,.
71373,.,-2.4318087,29.0184343,.
71374,.,-2.4318087,29.0184343,.
71375,.,-2.4318087,29.0184343,.
71376,.,-2.4318087,29.0184343,.
71377,.,-2.4317082,29.0184313,.
71378,.,-2.4317082,29.0184313,.
71379,.,-2.4317082,29.0184313,.
71380,.,-2.4317082,29.0184313,.
71381,.,-2.4317082,29.0184313,.
71382,.,-2.4317082,29.0184313,.
71383,.,-2.4337827,29.0333157,.
71384,.,-2.4337827,29.0333157,.
71385,.,-2.4337827,29.0333157,.
71386,.,-2.4337827,29.0333157,.
71387,.,-2.4337827,29.0333157,.
71388,.,-2.4337827,29.0333157,.
71389,.,-2.4346816,29.0213293,.
71390,.,-2.4346816,29.0213293,.
71391,.,-2.4346816,29.0213293,.
71392,.,-2.4346816,29.0213293,.
71393,.,-2.4346816,29.0213293,.
71394,.,-2.4346816,29.0213293,.
71395,.,-2.4970736,29.039466,.
71396,.,-2.4970736,29.039466,.
71397,.,-2.4970736,29.039466,.
71398,.,-2.4970736,29.039466,.
71399,.,-2.4970736,29.039466,.
71400,.,-2.4970736,29.039466,.
71401,.,-2.4849657,29.039665,.
71402,.,-2.4849657,29.039665,.
71403,.,-2.4849657,29.039665,.
71404,.,-2.4849657,29.039665,.
71405,.,-2.4849657,29.039665,.
71406,.,-2.4849657,29.039665,.
71407,.,-2.4858092,29.036256,.
71408,.,-2.4858092,29.036256,.
71409,.,-2.4858092,29.036256,.
71410,.,-2.4858092,29.036256,.
71411,.,-2.4858092,29.036256,.
71412,.,-2.4858092,29.036256,.
71413,.,-2.4860036,29.0363683,.
71414,.,-2.4860036,29.0363683,.
71415,.,-2.4860036,29.0363683,.
71416,.,-2.4860036,29.0363683,.
71417,.,-2.4860036,29.0363683,.
71418,.,-2.4860036,29.0363683,.
71419,.,-2.4881417,29.0345693,.
71420,.,-2.4881417,29.0345693,.
71421,.,-2.4881417,29.0345693,.
71422,.,-2.4881417,29.0345693,.
71423,.,-2.4881417,29.0345693,.
71424,.,-2.4881417,29.0345693,.
71425,.,-2.4878019,29.0353315,.
71426,.,-2.4878019,29.0353315,.
71427,.,-2.4878019,29.0353315,.
71428,.,-2.4878019,29.0353315,.
71429,.,-2.4878019,29.0353315,.
71430,.,-2.4878019,29.0353315,.
71431,.,-2.4804156,29.0347557,.
71432,.,-2.4804156,29.0347557,.
71433,.,-2.4804156,29.0347557,.
71434,.,-2.4804156,29.0347557,.
71435,.,-2.4804156,29.0347557,.
71436,.,-2.4804156,29.0347557,.
71437,.,-2.4772196,29.0354141,.
71438,.,-2.4772196,29.0354141,.
71439,.,-2.4772196,29.0354141,.
71440,.,-2.4772196,29.0354141,.
71441,.,-2.4772196,29.0354141,.
71442,.,-2.4772196,29.0354141,.
71443,.,-2.4780306,29.0358833,.
71444,.,-2.4780306,29.0358833,.
71445,.,-2.4780306,29.0358833,.
71446,.,-2.4780306,29.0358833,.
71447,.,-2.4780306,29.0358833,.
71448,.,-2.4780306,29.0358833,.
71449,.,-2.360255206,29.08239004,.
71450,.,-2.360255206,29.08239004,.
71451,.,-2.360255206,29.08239004,.
71452,.,-2.360255206,29.08239004,.
71453,.,-2.360255206,29.08239004,.
71454,.,-2.360255206,29.08239004,.
71455,.,-2.360173148,29.08437578,.
71456,.,-2.360173148,29.08437578,.
71457,.,-2.360173148,29.08437578,.
71458,.,-2.360173148,29.08437578,.
71459,.,-2.360173148,29.08437578,.
71460,.,-2.360173148,29.08437578,.
71461,.,-2.360541956,29.08209614,.
71462,.,-2.360541956,29.08209614,.
71463,.,-2.360541956,29.08209614,.
71464,.,-2.360541956,29.08209614,.
71465,.,-2.360541956,29.08209614,.
71466,.,-2.360541956,29.08209614,.
71467,.,-2.36019312,29.08439938,.
71468,.,-2.36019312,29.08439938,.
71469,.,-2.36019312,29.08439938,.
71470,.,-2.36019312,29.08439938,.
71471,.,-2.36019312,29.08439938,.
71472,.,-2.36019312,29.08439938,.
71473,.,-2.360231634,29.08449062,.
71474,.,-2.360231634,29.08449062,.
71475,.,-2.360231634,29.08449062,.
71476,.,-2.360231634,29.08449062,.
71477,.,-2.360231634,29.08449062,.
71478,.,-2.360231634,29.08449062,.
71479,.,-2.360176665,29.08451573,.
71480,.,-2.360176665,29.08451573,.
71481,.,-2.360176665,29.08451573,.
71482,.,-2.360176665,29.08451573,.
71483,.,-2.360176665,29.08451573,.
71484,.,-2.360176665,29.08451573,.
71485,.,-2.360144722,29.08439788,.
71486,.,-2.360144722,29.08439788,.
71487,.,-2.360144722,29.08439788,.
71488,.,-2.360144722,29.08439788,.
71489,.,-2.360144722,29.08439788,.
71490,.,-2.360144722,29.08439788,.
71491,.,-2.33992161,29.13027073,.
71492,.,-2.33992161,29.13027073,.
71493,.,-2.33992161,29.13027073,.
71494,.,-2.33992161,29.13027073,.
71495,.,-2.33992161,29.13027073,.
71496,.,-2.33992161,29.13027073,.
71497,.,-2.339924671,29.13040739,.
71498,.,-2.339924671,29.13040739,.
71499,.,-2.339924671,29.13040739,.
71500,.,-2.339924671,29.13040739,.
71501,.,-2.339924671,29.13040739,.
71502,.,-2.339924671,29.13040739,.
71503,.,-2.360220368,29.08443611,.
71504,.,-2.360220368,29.08443611,.
71505,.,-2.360220368,29.08443611,.
71506,.,-2.360220368,29.08443611,.
71507,.,-2.360220368,29.08443611,.
71508,.,-2.360220368,29.08443611,.
71509,.,-2.044284937,29.42247735,.
71510,.,-2.044284937,29.42247735,.
71511,.,-2.044284937,29.42247735,.
71512,.,-2.044284937,29.42247735,.
71513,.,-2.044284937,29.42247735,.
71514,.,-2.044284937,29.42247735,.
71515,.,-2.044474454,29.42364325,.
71516,.,-2.044474454,29.42364325,.
71517,.,-2.044474454,29.42364325,.
71518,.,-2.044474454,29.42364325,.
71519,.,-2.044474454,29.42364325,.
71520,.,-2.044474454,29.42364325,.
71521,.,-2.044555921,29.42366109,.
71522,.,-2.044555921,29.42366109,.
71523,.,-2.044555921,29.42366109,.
71524,.,-2.044555921,29.42366109,.
71525,.,-2.044555921,29.42366109,.
71526,.,-2.044555921,29.42366109,.
71527,.,-2.044484912,29.42367607,.
71528,.,-2.044484912,29.42367607,.
71529,.,-2.044484912,29.42367607,.
71530,.,-2.044484912,29.42367607,.
71531,.,-2.044484912,29.42367607,.
71532,.,-2.044484912,29.42367607,.
71533,.,-2.048188835,29.4135361,.
71534,.,-2.048188835,29.4135361,.
71535,.,-2.048188835,29.4135361,.
71536,.,-2.048188835,29.4135361,.
71537,.,-2.048188835,29.4135361,.
71538,.,-2.048188835,29.4135361,.
71539,.,-2.063493002,29.41227684,.
71540,.,-2.063493002,29.41227684,.
71541,.,-2.063493002,29.41227684,.
71542,.,-2.063493002,29.41227684,.
71543,.,-2.063493002,29.41227684,.
71544,.,-2.063493002,29.41227684,.
71545,.,-2.063403873,29.41224605,.
71546,.,-2.063403873,29.41224605,.
71547,.,-2.063403873,29.41224605,.
71548,.,-2.063403873,29.41224605,.
71549,.,-2.063403873,29.41224605,.
71550,.,-2.063403873,29.41224605,.
71551,.,-2.062874919,29.41219233,.
71552,.,-2.062874919,29.41219233,.
71553,.,-2.062874919,29.41219233,.
71554,.,-2.062874919,29.41219233,.
71555,.,-2.062874919,29.41219233,.
71556,.,-2.062874919,29.41219233,.
71557,.,-2.0518453,29.4138745,.
71558,.,-2.0518453,29.4138745,.
71559,.,-2.0518453,29.4138745,.
71560,.,-2.0518453,29.4138745,.
71561,.,-2.0518453,29.4138745,.
71562,.,-2.0518453,29.4138745,.
71563,.,-2.4929496,29.7936835,.
71564,.,-2.4929496,29.7936835,.
71565,.,-2.4929496,29.7936835,.
71566,.,-2.4929496,29.7936835,.
71567,.,-2.4946987,29.7847095,.
71568,.,-2.4946987,29.7847095,.
71569,.,-2.4946987,29.7847095,.
71570,.,-2.4946987,29.7847095,.
71571,.,-2.4888157,29.7901443,.
71572,.,-2.4888157,29.7901443,.
71573,.,-2.4888157,29.7901443,.
71574,.,-2.4888157,29.7901443,.
71575,.,-2.4736529,29.8054102,.
71576,.,-2.4736529,29.8054102,.
71577,.,-2.4736529,29.8054102,.
71578,.,-2.4736529,29.8054102,.
71579,.,-2.4846052,29.7930586,.
71580,.,-2.4846052,29.7930586,.
71581,.,-2.4846052,29.7930586,.
71582,.,-2.4846052,29.7930586,.
71583,.,-2.47347,29.7998507,.
71584,.,-2.47347,29.7998507,.
71585,.,-2.47347,29.7998507,.
71586,.,-2.47347,29.7998507,.
71587,.,-2.4865552,29.790604,.
71588,.,-2.4865552,29.790604,.
71589,.,-2.4865552,29.790604,.
71590,.,-2.4865552,29.790604,.
71591,.,-2.4865237,29.7904245,.
71592,.,-2.4865237,29.7904245,.
71593,.,-2.4865237,29.7904245,.
71594,.,-2.4865237,29.7904245,.
71595,.,-2.4736153,29.8050438,.
71596,.,-2.4736153,29.8050438,.
71597,.,-2.4736153,29.8050438,.
71598,.,-2.4736153,29.8050438,.
71599,.,-2.4945557,29.7842641,.
71600,.,-2.4945557,29.7842641,.
71601,.,-2.4945557,29.7842641,.
71602,.,-2.4945557,29.7842641,.
71603,.,-2.5427598,29.7513512,.
71604,.,-2.5427598,29.7513512,.
71605,.,-2.5427598,29.7513512,.
71606,.,-2.5427598,29.7513512,.
71607,.,-2.5537914,29.75206,.
71608,.,-2.5537914,29.75206,.
71609,.,-2.5537914,29.75206,.
71610,.,-2.5537914,29.75206,.
71611,.,-2.558741,29.7578928,.
71612,.,-2.558741,29.7578928,.
71613,.,-2.558741,29.7578928,.
71614,.,-2.558741,29.7578928,.
71615,.,-2.5580758,29.7640028,.
71616,.,-2.5580758,29.7640028,.
71617,.,-2.5580758,29.7640028,.
71618,.,-2.5580758,29.7640028,.
71619,.,-2.5540546,29.7516541,.
71620,.,-2.5540546,29.7516541,.
71621,.,-2.5540546,29.7516541,.
71622,.,-2.5540546,29.7516541,.
71623,.,-2.5593827,29.7562013,.
71624,.,-2.5593827,29.7562013,.
71625,.,-2.5593827,29.7562013,.
71626,.,-2.5593827,29.7562013,.
71627,.,-2.5606638,29.7587966,.
71628,.,-2.5606638,29.7587966,.
71629,.,-2.5606638,29.7587966,.
71630,.,-2.5606638,29.7587966,.
71631,.,-2.5550262,29.7610284,.
71632,.,-2.5550262,29.7610284,.
71633,.,-2.5550262,29.7610284,.
71634,.,-2.5550262,29.7610284,.
71635,.,-2.5508161,29.7552797,.
71636,.,-2.5508161,29.7552797,.
71637,.,-2.5508161,29.7552797,.
71638,.,-2.5508161,29.7552797,.
71639,.,-2.5531434,29.7589089,.
71640,.,-2.5531434,29.7589089,.
71641,.,-2.5531434,29.7589089,.
71642,.,-2.5531434,29.7589089,.
71643,.,-2.72434019,29.56939661,.
71644,.,-2.72434019,29.56939661,.
71645,.,-2.72434019,29.56939661,.
71646,.,-2.72434019,29.56939661,.
71647,.,-2.72468297,29.56969634,.
71648,.,-2.72468297,29.56969634,.
71649,.,-2.72468297,29.56969634,.
71650,.,-2.72468297,29.56969634,.
71651,.,-2.72183143,29.56972666,.
71652,.,-2.72183143,29.56972666,.
71653,.,-2.72183143,29.56972666,.
71654,.,-2.72183143,29.56972666,.
71655,.,-2.7228379,29.57049801,.
71656,.,-2.7228379,29.57049801,.
71657,.,-2.7228379,29.57049801,.
71658,.,-2.7228379,29.57049801,.
71659,.,-2.7229595,29.57202373,.
71660,.,-2.7229595,29.57202373,.
71661,.,-2.7229595,29.57202373,.
71662,.,-2.7229595,29.57202373,.
71663,.,-2.72400477,29.56947457,.
71664,.,-2.72400477,29.56947457,.
71665,.,-2.72400477,29.56947457,.
71666,.,-2.72400477,29.56947457,.
71667,.,-2.72450206,29.56904089,.
71668,.,-2.72450206,29.56904089,.
71669,.,-2.72450206,29.56904089,.
71670,.,-2.72450206,29.56904089,.
71671,.,-2.72348383,29.57098008,.
71672,.,-2.72348383,29.57098008,.
71673,.,-2.72348383,29.57098008,.
71674,.,-2.72348383,29.57098008,.
71675,.,-2.72334381,29.57203297,.
71676,.,-2.72334381,29.57203297,.
71677,.,-2.72334381,29.57203297,.
71678,.,-2.72334381,29.57203297,.
71679,.,-2.7237163,29.5717194,.
71680,.,-2.7237163,29.5717194,.
71681,.,-2.7237163,29.5717194,.
71682,.,-2.7237163,29.5717194,.
71683,.,-2.414326209,29.2133134,.
71684,.,-2.414326209,29.2133134,.
71685,.,-2.414326209,29.2133134,.
71686,.,-2.414326209,29.2133134,.
71687,.,-2.415950833,29.21181116,.
71688,.,-2.415950833,29.21181116,.
71689,.,-2.415950833,29.21181116,.
71690,.,-2.415950833,29.21181116,.
71691,.,-2.416837188,29.21301317,.
71692,.,-2.416837188,29.21301317,.
71693,.,-2.416837188,29.21301317,.
71694,.,-2.416837188,29.21301317,.
71695,.,-2.406960903,29.20276762,.
71696,.,-2.406960903,29.20276762,.
71697,.,-2.406960903,29.20276762,.
71698,.,-2.406960903,29.20276762,.
71699,.,-2.418536151,29.20336612,.
71700,.,-2.418536151,29.20336612,.
71701,.,-2.418536151,29.20336612,.
71702,.,-2.418536151,29.20336612,.
71703,.,-2.436263818,29.20701808,.
71704,.,-2.436263818,29.20701808,.
71705,.,-2.436263818,29.20701808,.
71706,.,-2.436263818,29.20701808,.
71707,.,-2.405667515,29.20194184,.
71708,.,-2.405667515,29.20194184,.
71709,.,-2.405667515,29.20194184,.
71710,.,-2.405667515,29.20194184,.
71711,.,-2.415966672,29.21183649,.
71712,.,-2.415966672,29.21183649,.
71713,.,-2.415966672,29.21183649,.
71714,.,-2.415966672,29.21183649,.
71715,.,-2.41502739,29.2097109,.
71716,.,-2.41502739,29.2097109,.
71717,.,-2.41502739,29.2097109,.
71718,.,-2.437713551,29.20195477,.
71719,.,-2.437713551,29.20195477,.
71720,.,-2.437713551,29.20195477,.
71721,.,-2.437713551,29.20195477,.
71722,.,-2.404041575,29.22849317,.
71723,.,-2.404041575,29.22849317,.
71724,.,-2.404041575,29.22849317,.
71725,.,-2.404041575,29.22849317,.
71726,.,-2.399312468,29.22188985,.
71727,.,-2.399312468,29.22188985,.
71728,.,-2.399312468,29.22188985,.
71729,.,-2.399312468,29.22188985,.
71730,.,-2.400422324,29.22536957,.
71731,.,-2.400422324,29.22536957,.
71732,.,-2.400422324,29.22536957,.
71733,.,-2.400422324,29.22536957,.
71734,.,-2.397980096,29.21976456,.
71735,.,-2.397980096,29.21976456,.
71736,.,-2.397980096,29.21976456,.
71737,.,-2.397980096,29.21976456,.
71738,.,-2.394941058,29.21965817,.
71739,.,-2.394941058,29.21965817,.
71740,.,-2.394941058,29.21965817,.
71741,.,-2.394941058,29.21965817,.
71742,.,-2.395713515,29.22053967,.
71743,.,-2.395713515,29.22053967,.
71744,.,-2.395713515,29.22053967,.
71745,.,-2.395713515,29.22053967,.
71746,.,-2.399555414,29.22474978,.
71747,.,-2.399555414,29.22474978,.
71748,.,-2.399555414,29.22474978,.
71749,.,-2.399555414,29.22474978,.
71750,.,-2.404296565,29.22804987,.
71751,.,-2.404296565,29.22804987,.
71752,.,-2.404296565,29.22804987,.
71753,.,-2.404296565,29.22804987,.
71754,.,-2.404900615,29.22558906,.
71755,.,-2.404900615,29.22558906,.
71756,.,-2.404900615,29.22558906,.
71757,.,-2.404900615,29.22558906,.
71758,.,-2.069487168,29.56175891,.
71759,.,-2.069487168,29.56175891,.
71760,.,-2.069487168,29.56175891,.
71761,.,-2.069487168,29.56175891,.
71762,.,-2.080529937,29.55956288,.
71763,.,-2.080529937,29.55956288,.
71764,.,-2.080529937,29.55956288,.
71765,.,-2.080529937,29.55956288,.
71766,.,-2.081606461,29.56157149,.
71767,.,-2.081606461,29.56157149,.
71768,.,-2.081606461,29.56157149,.
71769,.,-2.081606461,29.56157149,.
71770,.,-2.076531377,29.56085248,.
71771,.,-2.076531377,29.56085248,.
71772,.,-2.076531377,29.56085248,.
71773,.,-2.076531377,29.56085248,.
71774,.,-2.0769459,29.5576108,.
71775,.,-2.0769459,29.5576108,.
71776,.,-2.0769459,29.5576108,.
71777,.,-2.0769459,29.5576108,.
71778,.,-2.07713799,29.5574258,.
71779,.,-2.07713799,29.5574258,.
71780,.,-2.07713799,29.5574258,.
71781,.,-2.07713799,29.5574258,.
71782,.,-2.06493887,29.56338083,.
71783,.,-2.06493887,29.56338083,.
71784,.,-2.06493887,29.56338083,.
71785,.,-2.06493887,29.56338083,.
71786,.,-2.070246411,29.56265213,.
71787,.,-2.070246411,29.56265213,.
71788,.,-2.070246411,29.56265213,.
71789,.,-2.070246411,29.56265213,.
71790,.,-2.078396095,29.55758493,.
71791,.,-2.078396095,29.55758493,.
71792,.,-2.078396095,29.55758493,.
71793,.,-2.078396095,29.55758493,.
71794,.,-2.070182316,29.56284252,.
71795,.,-2.070182316,29.56284252,.
71796,.,-2.070182316,29.56284252,.
71797,.,-2.070182316,29.56284252,.
71798,.,-2.072044622,29.545534,.
71799,.,-2.072044622,29.545534,.
71800,.,-2.072044622,29.545534,.
71801,.,-2.072044622,29.545534,.
71802,.,-2.076054316,29.56057512,.
71803,.,-2.076054316,29.56057512,.
71804,.,-2.076054316,29.56057512,.
71805,.,-2.076054316,29.56057512,.
71806,.,-2.075571105,29.55959148,.
71807,.,-2.075571105,29.55959148,.
71808,.,-2.075571105,29.55959148,.
71809,.,-2.075571105,29.55959148,.
71810,.,-2.073043713,29.55985744,.
71811,.,-2.073043713,29.55985744,.
71812,.,-2.073043713,29.55985744,.
71813,.,-2.073043713,29.55985744,.
71814,.,-2.1399856,29.3381563,.
71815,.,-2.1399856,29.3381563,.
71816,.,-2.1399856,29.3381563,.
71817,.,-2.1399856,29.3381563,.
71818,.,-2.1236913,29.3443446,.
71819,.,-2.1236913,29.3443446,.
71820,.,-2.1236913,29.3443446,.
71821,.,-2.1130503,29.3191578,.
71822,.,-2.1130503,29.3191578,.
71823,.,-2.1130503,29.3191578,.
71824,.,-2.1130503,29.3191578,.
71825,.,-2.1179088,29.3135069,.
71826,.,-2.1179088,29.3135069,.
71827,.,-2.1179088,29.3135069,.
71828,.,-2.1179088,29.3135069,.
71829,.,-2.332680418,29.1566787,.
71830,.,-2.332680418,29.1566787,.
71831,.,-2.332680418,29.1566787,.
71832,.,-2.332680418,29.1566787,.
71833,.,-2.341581741,29.15068362,.
71834,.,-2.341581741,29.15068362,.
71835,.,-2.341581741,29.15068362,.
71836,.,-2.336921125,29.14879071,.
71837,.,-2.336921125,29.14879071,.
71838,.,-2.336921125,29.14879071,.
71839,.,-2.336921125,29.14879071,.
71840,.,-2.34020543,29.14739338,.
71841,.,-2.34020543,29.14739338,.
71842,.,-2.34020543,29.14739338,.
71843,.,-2.34020543,29.14739338,.
71844,.,-2.340128185,29.14741006,.
71845,.,-2.340128185,29.14741006,.
71846,.,-2.340128185,29.14741006,.
71847,.,-2.340128185,29.14741006,.
71848,.,-2.34220579,29.15371855,.
71849,.,-2.34220579,29.15371855,.
71850,.,-2.34220579,29.15371855,.
71851,.,-2.34220579,29.15371855,.
71852,.,-2.342268712,29.15384848,.
71853,.,-2.342268712,29.15384848,.
71854,.,-2.342268712,29.15384848,.
71855,.,-2.342268712,29.15384848,.
71856,.,-2.342322538,29.15396041,.
71857,.,-2.342322538,29.15396041,.
71858,.,-2.342322538,29.15396041,.
71859,.,-2.342322538,29.15396041,.
71860,.,-2.34233681,29.15421205,.
71861,.,-2.34233681,29.15421205,.
71862,.,-2.34233681,29.15421205,.
71863,.,-2.34233681,29.15421205,.
71864,.,-2.342068296,29.15423545,.
71865,.,-2.342068296,29.15423545,.
71866,.,-2.342068296,29.15423545,.
71867,.,-2.342068296,29.15423545,.
