id,placeholder1,Latitude,Longitude,Elevation,MAT,MWMT,MCMT,TD,MAP,DD_0,DD5,DD_18,DD18,Eref,CMD
24065,.,-8.7089,32.262899,.,20.9,23.5,18.4,5.2,1117,0,5718,154,1169,2020,1074
24066,.,-3.111907,33.77277,.,22.5,24.2,21,3.3,917,0,6282,70,1663,2063,1247
24067,.,-2.598848,30.587112,.,21,22.6,19.8,2.8,1205,0,5764,134,1189,1944,889
24068,.,-7.169421,37.576362,.,21.1,22.8,19.5,3.3,1148,0,5785,130,1212,1900,1010
24069,.,-11.005775,37.487496,.,24.8,27.1,22.2,5,984,0,7095,31,2445,2157,1351
24070,.,-3.226452,37.213665,.,21.2,23.1,18.7,4.4,1685,0,5833,134,1274,2035,1023
24071,.,-4.896474,35.63331,.,22,23.7,19.7,4,809,0,6108,94,1515,2118,1464
24072,.,-9.241635,33.52306,.,21,23.3,17.9,5.4,1112,0,5742,160,1201,2050,1109
24073,.,-7.512282,36.101559,.,20.4,22.1,18.4,3.7,932,0,5520,182,988,1953,1225
24074,.,-5.076621,30.676516,.,23.2,25.4,21.7,3.7,1019,0,6542,53,1920,2082,1095
24075,.,-7.290174,39.210596,.,26.5,28.1,24.8,3.2,1238,0,7699,13,3043,1963,989
24076,.,-5.241335,32.723778,.,23.7,26.2,21.9,4.3,871,0,6702,44,2069,2195,1374
24077,.,-5.241335,32.723778,.,23.7,26.2,21.9,4.3,871,0,6702,44,2069,2195,1374
24078,.,-3.912616,34.758765,.,24,26.1,21.9,4.2,746,0,6841,37,2199,2152,1439
24079,.,-5.843553,35.963128,.,21.8,23.7,19.6,4.1,843,0,6046,100,1458,2082,1433
24080,.,-8.119428,35.717141,.,18.4,20.2,16.2,4,830,0,4821,400,535,1861,1142
24081,.,-3.617599,33.542168,.,23.2,25.1,21.7,3.5,899,0,6524,53,1901,2103,1262
24082,.,-3.617599,33.542168,.,23.2,25.1,21.7,3.5,899,0,6524,53,1901,2103,1262
24083,.,-4.990456,32.820974,.,23.3,25.7,21.6,4.1,909,0,6578,50,1953,2146,1292
24084,.,-4.579074,35.524792,.,20.7,22.3,18.6,3.7,920,0,5643,160,1091,2069,1348
24085,.,-4.44718,33.260241,.,23.1,25.3,21.5,3.8,861,0,6508,54,1886,2140,1329
24086,.,-4.57998,32.623994,.,23.2,25.5,21.8,3.7,923,0,6556,51,1931,2135,1262
24087,.,-3.866089,33.994448,.,23.8,25.8,22.1,3.7,847,0,6747,41,2113,2166,1374
24088,.,-3.364677,37.04618,.,23.4,25.3,21,4.3,1228,0,6616,53,1982,2140,1304
24089,.,-3.364677,37.04618,.,23.4,25.3,21,4.3,1228,0,6616,53,1982,2140,1304
24090,.,-3.364677,37.04618,.,23.4,25.3,21,4.3,1228,0,6616,53,1982,2140,1304
24091,.,-3.184448,36.71383,.,16.8,18.1,15.3,2.8,1094,0,4254,688,279,1783,907
24092,.,-3.184448,36.71383,.,16.8,18.1,15.3,2.8,1094,0,4254,688,279,1783,907
24093,.,-3.184448,36.71383,.,16.8,18.1,15.3,2.8,1094,0,4254,688,279,1783,907
24094,.,-5.015585,36.251167,.,22.2,23.7,19.9,3.8,765,0,6169,87,1572,2096,1458
24095,.,-5.015585,36.251167,.,22.2,23.7,19.9,3.8,765,0,6169,87,1572,2096,1458
24096,.,-5.015585,36.251167,.,22.2,23.7,19.9,3.8,765,0,6169,87,1572,2096,1458
24097,.,-2.555948,32.134145,.,23,25,21.8,3.1,1116,0,6470,57,1850,1955,1017
24098,.,-2.598848,30.587112,.,21,22.6,19.8,2.8,1205,0,5764,134,1189,1944,889
24099,.,-1.11682,30.90903,.,20.5,21.6,19.7,1.9,1374,0,5590,160,1035,1846,738
24100,.,-2.120532,33.533694,.,23.3,24.8,22.3,2.5,1263,0,6588,48,1964,1930,950
24101,.,-1.182844,34.325749,.,21.4,22.5,19.9,2.6,1655,0,5897,110,1295,1903,763
24102,.,-1.182844,34.325749,.,21.4,22.5,19.9,2.6,1655,0,5897,110,1295,1903,763
24103,.,-1.182844,34.325749,.,21.4,22.5,19.9,2.6,1655,0,5897,110,1295,1903,763
24104,.,-8.7089,32.262899,.,20.9,23.5,18.4,5.2,1117,0,5718,154,1169,2020,1074
24105,.,-10.542527,40.278737,.,26.5,28.3,24.7,3.7,1305,0,7713,13,3056,2096,1186
24106,.,-10.677433,38.897797,.,25.4,27.6,23.1,4.5,1123,0,7326,22,2669,2167,1334
24107,.,-3.551871,33.128562,.,23.2,25.2,21.7,3.4,916,0,6527,53,1904,2081,1252
24108,.,-3.551871,33.128562,.,23.2,25.2,21.7,3.4,916,0,6527,53,1904,2081,1252
24109,.,-3.319339,32.408018,.,22.8,24.6,21.8,2.8,972,0,6401,61,1782,2049,1182
24110,.,-4.174485,32.086785,.,23.5,25.6,22.2,3.4,986,0,6635,47,2010,2132,1226
24111,.,-2.497087,34.186432,.,22.3,23.8,20.9,2.9,996,0,6214,76,1601,2049,1191
24112,.,-3.111907,33.77277,.,22.5,24.2,21,3.3,917,0,6282,70,1663,2063,1247
24113,.,-3.49967,36.531622,.,21.7,23.3,19.3,4,1108,0,6007,108,1426,2092,1323
24114,.,-3.49967,36.531622,.,21.7,23.3,19.3,4,1108,0,6007,108,1426,2092,1323
24115,.,-3.370863,36.797238,.,21.3,23,18.9,4.1,1380,0,5850,130,1288,2037,1108
24116,.,-3.370863,36.797238,.,21.3,23,18.9,4.1,1380,0,5850,130,1288,2037,1108
24117,.,-3.255846,36.599674,.,19.3,20.9,17.3,3.5,1034,0,5160,273,728,1933,1099
24118,.,-6.658715,36.082637,.,24.5,26.3,22.1,4.3,786,0,6989,33,2338,2230,1568
24119,.,-3.261416,37.331498,.,21.5,23.5,19,4.4,1795,0,5923,121,1353,2047,994
24120,.,-9.3162,33.45282,.,17.9,20,15.2,4.8,1158,0,4634,508,463,1868,988
24121,.,-9.3162,33.45282,.,17.9,20,15.2,4.8,1158,0,4634,508,463,1868,988
24122,.,-4.274588,34.696006,.,21.4,23.6,19.4,4.2,774,0,5906,114,1316,2042,1315
24123,.,-5.241335,32.723778,.,23.7,26.2,21.9,4.3,871,0,6702,44,2069,2195,1374
24124,.,-5.259484,31.723745,.,23.8,26.3,22.1,4.2,948,0,6769,40,2136,2160,1256
24125,.,-5.517354,38.472839,.,25.4,27.1,23.5,3.6,1114,0,7320,22,2664,2042,1141
24126,.,-5.517354,38.472839,.,25.4,27.1,23.5,3.6,1114,0,7320,22,2664,2042,1141
24127,.,-5.087859,39.073956,.,26.8,28.7,25,3.6,1242,0,7836,12,3179,1980,1037
24128,.,-5.816526,38.666304,.,26.6,28.3,24.7,3.6,1126,0,7729,13,3075,2060,1152
24129,.,-4.135903,33.388877,.,23.3,25.5,21.7,3.7,863,0,6578,50,1953,2109,1296
24130,.,-4.593752,30.087674,.,20.9,23,19.7,3.4,1235,0,5721,142,1152,1934,868
24131,.,-10.791146,39.19783,.,23.8,26,21.7,4.2,1284,0,6746,42,2106,2046,1175
24132,.,-6.072361,38.244658,.,25.3,27.1,23.3,3.7,1029,0,7299,22,2644,2061,1209
24133,.,-6.072361,38.244658,.,25.3,27.1,23.3,3.7,1029,0,7299,22,2644,2061,1209
24134,.,-7.290174,39.210596,.,26.5,28.1,24.8,3.2,1238,0,7699,13,3043,1963,989
24135,.,-7.724349,38.943138,.,26.2,28.1,24.4,3.6,1231,0,7614,15,2958,1973,933
24136,.,-7.362932,30.625977,.,25,28.8,22.3,6.4,1110,0,7195,27,2549,2154,1121
24137,.,-4.896474,35.63331,.,22,23.7,19.7,4,809,0,6108,94,1515,2118,1464
24138,.,-2.555948,32.134145,.,23,25,21.8,3.1,1116,0,6470,57,1850,1955,1017
24139,.,-4.990456,32.820974,.,23.3,25.7,21.6,4.1,909,0,6578,50,1953,2146,1292
24140,.,-3.01235,33.913939,.,22.4,24.1,20.9,3.2,925,0,6242,74,1627,2051,1233
24141,.,-5.241335,32.723778,.,23.7,26.2,21.9,4.3,871,0,6702,44,2069,2195,1374
24142,.,-10.67974,35.65443,.,21.3,24,18.4,5.6,810,0,5850,140,1293,1913,1266
24143,.,-9.63154,39.71346,.,26.6,28.3,24.8,3.5,1293,0,7738,13,3081,2001,1002
24144,.,-4.448473,32.239933,.,23.4,25.8,22,3.8,948,0,6616,48,1987,2108,1234
24145,.,-1.77941,34.445366,.,21.7,23.2,20.1,3.1,1111,0,5999,99,1404,1982,1058
24146,.,-2.773482,33.191684,.,22.5,24,21.1,2.9,1042,0,6274,71,1655,1991,1131
24147,.,-3.866089,33.994448,.,23.8,25.8,22.1,3.7,847,0,6747,41,2113,2166,1374
24148,.,-6.72782,32.034034,.,22.9,25.6,20.8,4.8,936,0,6446,61,1821,2142,1270
24149,.,-3.19998,36.971792,.,21,22.8,18.5,4.3,1209,0,5760,145,1210,2026,1177
24150,.,-4.135903,33.388877,.,23.3,25.5,21.7,3.7,863,0,6578,50,1953,2109,1296
24151,.,-3.158048,31.327736,.,22,23.8,20.8,3,1141,0,6125,87,1516,1975,996
24152,.,-3.551871,33.128562,.,23.2,25.2,21.7,3.4,916,0,6527,53,1904,2081,1252
24153,.,-2.497087,34.186432,.,22.3,23.8,20.9,2.9,996,0,6214,76,1601,2049,1191
24154,.,-5.125203,34.465577,.,22.8,25.2,20.5,4.7,740,0,6393,65,1771,2130,1431
24155,.,-6.219149,39.401456,.,26.8,28.5,25.1,3.3,1491,0,7834,11,3175,1916,907
24156,.,-8.541018,39.242374,.,26.6,28.3,24.9,3.4,1185,0,7744,13,3088,2019,985
24157,.,-10.968459,39.367638,.,24.8,27,22.7,4.3,1338,0,7095,29,2441,2105,1205
24158,.,-10.461805,39.041961,.,26.2,28,24,4,1209,0,7616,15,2959,2208,1316
24159,.,-3.364677,37.04618,.,23.4,25.3,21,4.3,1228,0,6616,53,1982,2140,1304
24160,.,-6.291397,36.68088,.,22.4,24.3,20.1,4.1,766,0,6257,78,1650,2105,1460
24161,.,-5.015585,36.251167,.,22.2,23.7,19.9,3.8,765,0,6169,87,1572,2096,1458
24162,.,-2.555948,32.134145,.,23,25,21.8,3.1,1116,0,6470,57,1850,1955,1017
24163,.,-7.425803,35.842,.,22.2,24.2,19.7,4.6,760,0,6178,88,1578,2038,1400
24164,.,-8.560051,35.319559,.,17.6,19.4,15.6,3.8,1210,0,4532,539,398,1819,1056
24165,.,-1.368193,31.139508,.,21.2,22.4,20.3,2,1380,0,5827,121,1234,1880,746
24166,.,-1.11682,30.90903,.,20.5,21.6,19.7,1.9,1374,0,5590,160,1035,1846,738
24167,.,-1.11682,30.90903,.,20.5,21.6,19.7,1.9,1374,0,5590,160,1035,1846,738
24168,.,-1.11682,30.90903,.,20.5,21.6,19.7,1.9,1374,0,5590,160,1035,1846,738
24169,.,-10.251263,39.425468,.,26.2,28,24.5,3.5,1277,0,7596,15,2940,2152,1197
24170,.,-2.120532,33.533694,.,23.3,24.8,22.3,2.5,1263,0,6588,48,1964,1930,950
24171,.,-2.120532,33.533694,.,23.3,24.8,22.3,2.5,1263,0,6588,48,1964,1930,950
24172,.,-1.182844,34.325749,.,21.4,22.5,19.9,2.6,1655,0,5897,110,1295,1903,763
24173,.,-8.932959,33.353008,.,20.6,23.4,17.5,6,903,0,5609,181,1088,2050,1208
24174,.,-9.317077,34.748527,.,17.6,19.5,15.3,4.2,941,0,4532,553,410,1795,1086
24175,.,-7.403818,30.676293,.,25,28.9,22.4,6.5,1108,0,7177,28,2533,2178,1143
24176,.,-3.866089,33.994448,.,23.8,25.8,22.1,3.7,847,0,6747,41,2113,2166,1374
24177,.,-3.866089,33.994448,.,23.8,25.8,22.1,3.7,847,0,6747,41,2113,2166,1374
24178,.,-3.866089,33.994448,.,23.8,25.8,22.1,3.7,847,0,6747,41,2113,2166,1374
24179,.,-3.319339,32.408018,.,22.8,24.6,21.8,2.8,972,0,6401,61,1782,2049,1182
24180,.,-4.174485,32.086785,.,23.5,25.6,22.2,3.4,986,0,6635,47,2010,2132,1226
24181,.,-3.18041,34.31841,.,22.1,23.9,20.5,3.4,853,0,6155,82,1546,2083,1285
24182,.,-3.111907,33.77277,.,22.5,24.2,21,3.3,917,0,6282,70,1663,2063,1247
24183,.,-4.922258,32.969155,.,23.1,25.4,21.4,4,877,0,6503,55,1882,2127,1299
24184,.,-5.816526,38.666304,.,26.6,28.3,24.7,3.6,1126,0,7729,13,3075,2060,1152
24185,.,-3.49967,36.531622,.,21.7,23.3,19.3,4,1108,0,6007,108,1426,2092,1323
24186,.,-6.801792,39.225936,.,26.7,28.2,25,3.1,1161,0,7795,12,3138,2007,1088
24187,.,-6.801792,39.225936,.,26.7,28.2,25,3.1,1161,0,7795,12,3138,2007,1088
24188,.,-6.158228,36.208681,.,24,26,21.6,4.4,707,0,6818,41,2168,2205,1589
24189,.,-6.158228,36.208681,.,24,26,21.6,4.4,707,0,6818,41,2168,2205,1589
24190,.,-8.08497,35.440556,.,19,20.9,16.6,4.4,776,0,5035,324,662,1921,1219
24191,.,-8.08497,35.440556,.,19,20.9,16.6,4.4,776,0,5035,324,662,1921,1219
24192,.,-8.08497,35.440556,.,19,20.9,16.6,4.4,776,0,5035,324,662,1921,1219
24193,.,-7.512282,36.101559,.,20.4,22.1,18.4,3.7,932,0,5520,182,988,1953,1225
24194,.,-2.78889,31.435396,.,21.7,23.4,20.6,2.8,1114,0,6009,99,1393,1961,1004
24195,.,-1.516872,30.887048,.,21.4,22.5,20.3,2.2,1279,0,5886,114,1288,1900,855
24196,.,-4.80936,29.603563,.,24.3,26.9,23.1,3.8,1192,0,6938,33,2301,1928,838
24197,.,-3.881778,37.659698,.,23,24.8,20.5,4.4,854,0,6469,64,1846,2017,1212
24198,.,-5.26005,39.8199,.,26.7,28.2,25.2,3,1729,0,7796,12,3137,1804,840
24199,.,-4.484781,29.76894,.,20,22.3,18.7,3.5,1314,0,5385,214,889,1823,714
24200,.,-6.219149,39.401456,.,26.8,28.5,25.1,3.3,1491,0,7834,11,3175,1916,907
24201,.,-9.875056,39.300098,.,25.3,26.7,23.3,3.4,1229,0,7282,22,2624,2047,1106
24202,.,-4.579074,35.524792,.,20.7,22.3,18.6,3.7,920,0,5643,160,1091,2069,1348
24203,.,-4.579074,35.524792,.,20.7,22.3,18.6,3.7,920,0,5643,160,1091,2069,1348
24204,.,-4.579074,35.524792,.,20.7,22.3,18.6,3.7,920,0,5643,160,1091,2069,1348
24205,.,-4.579074,35.524792,.,20.7,22.3,18.6,3.7,920,0,5643,160,1091,2069,1348
24206,.,-9.3162,33.45282,.,17.9,20,15.2,4.8,1158,0,4634,508,463,1868,988
24207,.,-8.941709,32.938265,.,20.1,22.7,17.3,5.4,950,0,5414,220,930,1956,1097
24208,.,-5.049547,32.984859,.,23.1,25.5,21.5,4.1,869,0,6518,54,1896,2129,1306
24209,.,-4.627231,38.23038,.,17.9,19.3,16.3,3,1060,0,4637,469,428,1754,882
24210,.,-4.627231,38.23038,.,17.9,19.3,16.3,3,1060,0,4637,469,428,1754,882
24211,.,-1.53316,34.571869,.,22.3,23.9,20.9,3,1211,0,6236,74,1621,2059,1013
24212,.,-10.677433,38.897797,.,25.4,27.6,23.1,4.5,1123,0,7326,22,2669,2167,1334
24213,.,-10.745027,38.80083,.,25.3,27.7,23.1,4.6,1112,0,7298,23,2643,2156,1334
24214,.,-3.255846,36.599674,.,19.3,20.9,17.3,3.5,1034,0,5160,273,728,1933,1099
24215,.,-5.95674,35.253826,.,25,27,22.6,4.4,674,0,7181,26,2524,2287,1683
24216,.,-3.356622,31.573305,.,22.8,24.5,21.7,2.8,1078,0,6386,63,1770,2029,1079
24217,.,-1.802503,31.551092,.,20.6,22.1,19.6,2.5,1422,0,5609,158,1051,1827,750
24218,.,-1.516872,30.887048,.,21.4,22.5,20.3,2.2,1279,0,5886,114,1288,1900,855
24219,.,-1.886481,33.734502,.,22,23.1,20.6,2.5,1194,0,6104,86,1499,1919,983
24220,.,-2.653203,33.436965,.,22.9,24.5,21.4,3.1,1030,0,6416,60,1793,2004,1149
24221,.,-2.653203,33.436965,.,22.9,24.5,21.4,3.1,1030,0,6416,60,1793,2004,1149
24222,.,-2.653203,33.436965,.,22.9,24.5,21.4,3.1,1030,0,6416,60,1793,2004,1149
24223,.,-10.880927,36.17429,.,23.3,26.2,20.3,5.9,734,0,6581,62,1955,2048,1413
24224,.,-3.315465,33.450113,.,23,24.9,21.6,3.3,892,0,6481,55,1860,2106,1298
24225,.,-3.315465,33.450113,.,23,24.9,21.6,3.3,892,0,6481,55,1860,2106,1298
24226,.,-4.44718,33.260241,.,23.1,25.3,21.5,3.8,861,0,6508,54,1886,2140,1329
24227,.,-7.425803,35.842,.,22.2,24.2,19.7,4.6,760,0,6178,88,1578,2038,1400
24228,.,-7.425803,35.842,.,22.2,24.2,19.7,4.6,760,0,6178,88,1578,2038,1400
24229,.,-3.158048,31.327736,.,22,23.8,20.8,3,1141,0,6125,87,1516,1975,996
24230,.,-2.598848,30.587112,.,21,22.6,19.8,2.8,1205,0,5764,134,1189,1944,889
24231,.,-10.542527,40.278737,.,26.5,28.3,24.7,3.7,1305,0,7713,13,3056,2096,1186
24232,.,-9.317077,34.748527,.,17.6,19.5,15.3,4.2,941,0,4532,553,410,1795,1086
24233,.,-3.551871,33.128562,.,23.2,25.2,21.7,3.4,916,0,6527,53,1904,2081,1252
24234,.,-1.773823,31.149453,.,20.5,21.8,19.4,2.4,1400,0,5575,165,1025,1872,776
24235,.,-4.587936,30.12575,.,21.7,23.8,20.4,3.4,1195,0,5995,102,1379,1983,907
24236,.,-5.241335,32.723778,.,23.7,26.2,21.9,4.3,871,0,6702,44,2069,2195,1374
24237,.,-5.049547,32.984859,.,23.1,25.5,21.5,4.1,869,0,6518,54,1896,2129,1306
24238,.,-4.448473,32.239933,.,23.4,25.8,22,3.8,948,0,6616,48,1987,2108,1234
24239,.,-2.497087,34.186432,.,22.3,23.8,20.9,2.9,996,0,6214,76,1601,2049,1191
24240,.,-3.111907,33.77277,.,22.5,24.2,21,3.3,917,0,6282,70,1663,2063,1247
24241,.,-3.892251,30.629229,.,21.7,23.8,20.4,3.3,1208,0,6010,101,1394,1954,900
24242,.,-10.384776,35.632655,.,22.3,24.8,19.1,5.7,756,0,6213,92,1619,1926,1311
24243,.,-3.713495,33.138062,.,23,25,21.5,3.5,925,0,6458,57,1839,2090,1244
24244,.,-4.95425,38.674339,.,24.6,26.2,22.7,3.5,1300,0,7019,31,2366,1983,980
24245,.,-5.015585,36.251167,.,22.2,23.7,19.9,3.8,765,0,6169,87,1572,2096,1458
24246,.,-8.560051,35.319559,.,17.6,19.4,15.6,3.8,1210,0,4532,539,398,1819,1056
24247,.,-5.883548,39.32223,.,26.8,28.3,25,3.3,1644,0,7831,11,3172,1893,899
24248,.,-3.904589,30.33944,.,22.3,24.3,21.1,3.2,1128,0,6237,76,1622,2019,949
24249,.,-5.070873,29.788731,.,24.6,27.7,23.1,4.6,1088,0,7044,30,2401,1997,958
24250,.,-2.981403,37.540106,.,18.8,20.3,16.6,3.7,1507,0,4977,334,615,1871,887
24251,.,-4.353883,37.975329,.,18.9,20.4,17.7,2.7,1204,0,4996,317,614,1826,889
24252,.,-4.079988,37.770758,.,23.1,24.9,20.8,4,840,0,6502,59,1882,2031,1225
24253,.,-8.756346,39.419454,.,26.7,28.3,24.8,3.5,1280,0,7776,12,3118,1956,921
24254,.,-10.251263,39.425468,.,26.2,28,24.5,3.5,1277,0,7596,15,2940,2152,1197
24255,.,-10.251263,39.425468,.,26.2,28,24.5,3.5,1277,0,7596,15,2940,2152,1197
24256,.,-10.330262,38.186448,.,25.4,27.3,23.1,4.2,1020,0,7323,22,2668,2184,1316
24257,.,-4.706229,35.198891,.,21.4,23.2,19.3,3.9,784,0,5884,120,1311,2118,1442
24258,.,-5.510995,36.456897,.,20.9,22.7,18.8,3.9,754,0,5707,148,1148,2014,1395
24259,.,-5.510995,36.456897,.,20.9,22.7,18.8,3.9,754,0,5707,148,1148,2014,1395
24260,.,-1.53316,34.571869,.,22.3,23.9,20.9,3,1211,0,6236,74,1621,2059,1013
24261,.,-1.53316,34.571869,.,22.3,23.9,20.9,3,1211,0,6236,74,1621,2059,1013
24262,.,-1.903882,34.00504,.,21.5,22.8,20.2,2.6,1222,0,5942,105,1350,1943,997
24263,.,-2.120532,33.533694,.,23.3,24.8,22.3,2.5,1263,0,6588,48,1964,1930,950
24264,.,-8.848529,34.05057,.,22.2,24.8,19.3,5.5,891,0,6194,89,1593,2090,1256
24265,.,-8.848529,34.05057,.,22.2,24.8,19.3,5.5,891,0,6194,89,1593,2090,1256
24266,.,-10.542527,40.278737,.,26.5,28.3,24.7,3.7,1305,0,7713,13,3056,2096,1186
24267,.,-10.879358,39.069355,.,25.8,28.3,23.4,4.9,1227,0,7472,19,2814,2208,1319
24268,.,-10.963992,38.53004,.,25.9,28.2,23.5,4.7,1115,0,7489,18,2830,2220,1368
24269,.,-10.677433,38.897797,.,25.4,27.6,23.1,4.5,1123,0,7326,22,2669,2167,1334
24270,.,-2.562896,33.034388,.,22.5,24.2,21.3,2.9,1153,0,6287,69,1670,1923,1018
24271,.,-3.208694,33.333071,.,23.1,24.9,21.8,3.1,916,0,6497,54,1874,2090,1267
24272,.,-9.119179,34.532283,.,19,21.4,16.5,5,894,0,5057,326,688,1915,1156
24273,.,-9.119179,34.532283,.,19,21.4,16.5,5,894,0,5057,326,688,1915,1156
24274,.,-4.785695,33.703627,.,23.6,25.8,21.9,3.9,847,0,6670,45,2038,2178,1424
24275,.,-4.922258,32.969155,.,23.1,25.4,21.4,4,877,0,6503,55,1882,2127,1299
24276,.,-4.922258,32.969155,.,23.1,25.4,21.4,4,877,0,6503,55,1882,2127,1299
24277,.,-4.990456,32.820974,.,23.3,25.7,21.6,4.1,909,0,6578,50,1953,2146,1292
24278,.,-4.990456,32.820974,.,23.3,25.7,21.6,4.1,909,0,6578,50,1953,2146,1292
24279,.,-4.990456,32.820974,.,23.3,25.7,21.6,4.1,909,0,6578,50,1953,2146,1292
24280,.,-4.870593,31.726693,.,23.7,26,22.1,4,987,0,6713,43,2084,2132,1208
24281,.,-4.859922,38.399556,.,19.5,21,18.3,2.6,1404,0,5213,247,748,1809,831
24282,.,-4.859922,38.399556,.,19.5,21,18.3,2.6,1404,0,5213,247,748,1809,831
24283,.,-4.859922,38.399556,.,19.5,21,18.3,2.6,1404,0,5213,247,748,1809,831
24284,.,-5.816526,38.666304,.,26.6,28.3,24.7,3.6,1126,0,7729,13,3075,2060,1152
24285,.,-2.096407,31.381676,.,22.1,23.6,21.1,2.5,1260,0,6155,83,1537,1971,941
24286,.,-9.875056,39.300098,.,25.3,26.7,23.3,3.4,1229,0,7282,22,2624,2047,1106
24287,.,-10.276102,38.459645,.,25.6,27.4,23.2,4.2,1047,0,7405,19,2747,2161,1295
24288,.,-10.276102,38.459645,.,25.6,27.4,23.2,4.2,1047,0,7405,19,2747,2161,1295
24289,.,-9.3162,33.45282,.,17.9,20,15.2,4.8,1158,0,4634,508,463,1868,988
24290,.,-9.3162,33.45282,.,17.9,20,15.2,4.8,1158,0,4634,508,463,1868,988
24291,.,-9.3162,33.45282,.,17.9,20,15.2,4.8,1158,0,4634,508,463,1868,988
24292,.,-9.3162,33.45282,.,17.9,20,15.2,4.8,1158,0,4634,508,463,1868,988
24293,.,-8.102618,36.669904,.,26.5,28.9,23.8,5,1212,0,7706,15,3044,2216,1314
24294,.,-6.069506,36.880023,.,22,24,19.7,4.3,973,0,6097,97,1507,2053,1320
24295,.,-10.791146,39.19783,.,23.8,26,21.7,4.2,1284,0,6746,42,2106,2046,1175
24296,.,-10.801111,39.863195,.,25.9,27.9,24,3.9,1281,0,7516,17,2854,2121,1251
24297,.,-2.653203,33.436965,.,22.9,24.5,21.4,3.1,1030,0,6416,60,1793,2004,1149
24298,.,-2.653203,33.436965,.,22.9,24.5,21.4,3.1,1030,0,6416,60,1793,2004,1149
24299,.,-2.507489,32.902198,.,23.4,25.3,22.5,2.8,1122,0,6607,47,1982,1948,1020
24300,.,-8.737525,34.764719,.,21.3,23.5,18.4,5.1,744,0,5846,134,1282,1990,1290
24301,.,-6.072361,38.244658,.,25.3,27.1,23.3,3.7,1029,0,7299,22,2644,2061,1209
24302,.,-11.09013,37.481496,.,24.5,27,21.8,5.1,994,0,7009,35,2357,2127,1315
24303,.,-10.880927,36.17429,.,23.3,26.2,20.3,5.9,734,0,6581,62,1955,2048,1413
24304,.,-3.315465,33.450113,.,23,24.9,21.6,3.3,892,0,6481,55,1860,2106,1298
24305,.,-3.721711,32.992311,.,23.3,25.3,21.9,3.4,924,0,6567,50,1941,2117,1272
24306,.,-3.859588,32.159792,.,23.1,25.1,21.8,3.3,982,0,6505,55,1882,2073,1191
24307,.,-2.757952,34.038789,.,22.3,24,20.9,3.1,957,0,6214,76,1599,2030,1202
24308,.,-2.757952,34.038789,.,22.3,24,20.9,3.1,957,0,6214,76,1599,2030,1202
24309,.,-2.440637,34.127939,.,22.4,23.8,21.1,2.8,1016,0,6243,73,1627,2027,1167
24310,.,-2.440637,34.127939,.,22.4,23.8,21.1,2.8,1016,0,6243,73,1627,2027,1167
24311,.,-3.01235,33.913939,.,22.4,24.1,20.9,3.2,925,0,6242,74,1627,2051,1233
24312,.,-5.73389,34.840642,.,22.3,24.2,20,4.2,838,0,6205,84,1603,2115,1454
24313,.,-4.44718,33.260241,.,23.1,25.3,21.5,3.8,861,0,6508,54,1886,2140,1329
24314,.,-4.135903,33.388877,.,23.3,25.5,21.7,3.7,863,0,6578,50,1953,2109,1296
24315,.,-5.885208,33.010026,.,23.5,26.1,21.5,4.5,843,0,6638,48,2008,2187,1387
24316,.,-5.423581,38.979191,.,26.9,28.6,25.1,3.5,1232,0,7852,11,3195,1992,1060
24317,.,-5.423581,38.979191,.,26.9,28.6,25.1,3.5,1232,0,7852,11,3195,1992,1060
24318,.,-3.47104,32.656339,.,23.1,25.1,21.9,3.1,941,0,6522,53,1898,2094,1244
24319,.,-2.598848,30.587112,.,21,22.6,19.8,2.8,1205,0,5764,134,1189,1944,889
24320,.,-8.7089,32.262899,.,20.9,23.5,18.4,5.2,1117,0,5718,154,1169,2020,1074
24321,.,-2.743856,32.039835,.,22.9,24.8,21.5,3.3,1058,0,6436,59,1819,1973,1060
24322,.,-2.743856,32.039835,.,22.9,24.8,21.5,3.3,1058,0,6436,59,1819,1973,1060
24323,.,-6.120354,30.941731,.,22,24.4,20.1,4.3,1100,0,6103,91,1490,2062,1076
24324,.,-1.726895,34.273927,.,21.9,23.3,20.5,2.8,1184,0,6079,89,1475,1955,995
24325,.,-3.452131,34.016534,.,23.1,24.9,21.5,3.4,842,0,6492,55,1870,2133,1357
24326,.,-3.452131,34.016534,.,23.1,24.9,21.5,3.4,842,0,6492,55,1870,2133,1357
24327,.,-5.73389,34.840642,.,22.3,24.2,20,4.2,838,0,6205,84,1603,2115,1454
24328,.,-4.25266,30.073065,.,22,24,20.8,3.2,1118,0,6104,90,1486,2016,943
24329,.,-2.111289,33.039585,.,23.8,26.2,22.5,3.7,1401,0,6757,40,2127,1919,880
24330,.,-3.866089,33.994448,.,23.8,25.8,22.1,3.7,847,0,6747,41,2113,2166,1374
24331,.,-2.620348,33.774256,.,22.9,24.3,21.6,2.7,988,0,6419,59,1789,2043,1208
24332,.,-3.642559,34.297041,.,23.4,25.4,21.8,3.6,820,0,6627,47,1997,2172,1417
24333,.,-3.18041,34.31841,.,22.1,23.9,20.5,3.4,853,0,6155,82,1546,2083,1285
24334,.,-3.111907,33.77277,.,22.5,24.2,21,3.3,917,0,6282,70,1663,2063,1247
24335,.,-5.713724,37.63525,.,24.3,26.1,22.1,4,1048,0,6926,36,2273,2099,1265
24336,.,-5.076621,30.676516,.,23.2,25.4,21.7,3.7,1019,0,6542,53,1920,2082,1095
24337,.,-5.076621,30.676516,.,23.2,25.4,21.7,3.7,1019,0,6542,53,1920,2082,1095
24338,.,-5.73389,34.840642,.,22.3,24.2,20,4.2,838,0,6205,84,1603,2115,1454
24339,.,-5.843553,35.963128,.,21.8,23.7,19.6,4.1,843,0,6046,100,1458,2082,1433
24340,.,-2.365002,31.772272,.,23.1,24.8,22.2,2.6,1234,0,6492,54,1873,1911,918
24341,.,-2.365002,31.772272,.,23.1,24.8,22.2,2.6,1234,0,6492,54,1873,1911,918
24342,.,-8.119428,35.717141,.,18.4,20.2,16.2,4,830,0,4821,400,535,1861,1142
24343,.,-1.368193,31.139508,.,21.2,22.4,20.3,2,1380,0,5827,121,1234,1880,746
24344,.,-1.11682,30.90903,.,20.5,21.6,19.7,1.9,1374,0,5590,160,1035,1846,738
24345,.,-9.605362,39.482828,.,26.7,28.2,24.7,3.5,1143,0,7788,12,3130,2084,1154
24346,.,-10.251263,39.425468,.,26.2,28,24.5,3.5,1277,0,7596,15,2940,2152,1197
24347,.,-5.510995,36.456897,.,20.9,22.7,18.8,3.9,754,0,5707,148,1148,2014,1395
24348,.,-9.241635,33.52306,.,21,23.3,17.9,5.4,1112,0,5742,160,1201,2050,1109
24349,.,-8.869043,32.784189,.,20.4,23.1,17.6,5.5,982,0,5542,190,1032,1962,1081
24350,.,-8.848529,34.05057,.,22.2,24.8,19.3,5.5,891,0,6194,89,1593,2090,1256
24351,.,-9.119179,34.532283,.,19,21.4,16.5,5,894,0,5057,326,688,1915,1156
24352,.,-10.141647,34.587338,.,22,24.8,18.9,5.9,896,0,6115,105,1532,1850,1130
24353,.,-8.884386,31.959839,.,20,22.8,17.1,5.6,1084,0,5391,228,918,2029,1084
24354,.,-7.403818,30.676293,.,25,28.9,22.4,6.5,1108,0,7177,28,2533,2178,1143
24355,.,-10.67974,35.65443,.,21.3,24,18.4,5.6,810,0,5850,140,1293,1913,1266
24356,.,-10.67974,35.65443,.,21.3,24,18.4,5.6,810,0,5850,140,1293,1913,1266
24357,.,-3.866089,33.994448,.,23.8,25.8,22.1,3.7,847,0,6747,41,2113,2166,1374
24358,.,-3.551871,33.128562,.,23.2,25.2,21.7,3.4,916,0,6527,53,1904,2081,1252
24359,.,-3.319339,32.408018,.,22.8,24.6,21.8,2.8,972,0,6401,61,1782,2049,1182
24360,.,-3.319339,32.408018,.,22.8,24.6,21.8,2.8,972,0,6401,61,1782,2049,1182
24361,.,-4.22199,32.679842,.,23.2,25.4,21.8,3.6,950,0,6535,52,1910,2120,1247
24362,.,-2.497087,34.186432,.,22.3,23.8,20.9,2.9,996,0,6214,76,1601,2049,1191
24363,.,-2.497087,34.186432,.,22.3,23.8,20.9,2.9,996,0,6214,76,1601,2049,1191
24364,.,-2.497087,34.186432,.,22.3,23.8,20.9,2.9,996,0,6214,76,1601,2049,1191
24365,.,-3.642559,34.297041,.,23.4,25.4,21.8,3.6,820,0,6627,47,1997,2172,1417
24366,.,-3.18041,34.31841,.,22.1,23.9,20.5,3.4,853,0,6155,82,1546,2083,1285
24367,.,-3.18041,34.31841,.,22.1,23.9,20.5,3.4,853,0,6155,82,1546,2083,1285
24368,.,-2.373944,33.612749,.,23.1,24.6,21.8,2.7,1058,0,6514,52,1891,1969,1092
24369,.,-5.852405,35.073446,.,24.7,26.7,22.5,4.2,851,0,7085,29,2431,2286,1632
24370,.,-4.0157,33.057911,.,23.6,25.8,22.2,3.6,866,0,6692,43,2064,2184,1367
24371,.,-5.106635,32.296262,.,23.6,26,21.9,4.1,955,0,6674,45,2043,2151,1252
24372,.,-4.942597,38.20529,.,25.1,27.1,22.9,4.2,1131,0,7226,25,2573,2115,1272
24373,.,-8.636406,35.114016,.,18.3,20.2,16.4,3.9,947,0,4789,414,518,1860,1138
24374,.,-8.636406,35.114016,.,18.3,20.2,16.4,3.9,947,0,4789,414,518,1860,1138
24375,.,-8.636406,35.114016,.,18.3,20.2,16.4,3.9,947,0,4789,414,518,1860,1138
24376,.,-8.636406,35.114016,.,18.3,20.2,16.4,3.9,947,0,4789,414,518,1860,1138
24377,.,-8.538976,35.609771,.,19,21.2,16.8,4.5,1442,0,5033,325,662,1855,1002
24378,.,-8.538976,35.609771,.,19,21.2,16.8,4.5,1442,0,5033,325,662,1855,1002
24379,.,-8.538976,35.609771,.,19,21.2,16.8,4.5,1442,0,5033,325,662,1855,1002
24380,.,-4.51288,30.604461,.,23,25.1,21.7,3.4,1039,0,6459,58,1839,2073,1076
24381,.,-4.914458,29.703758,.,24.5,27.3,23.1,4.2,1104,0,7006,31,2366,1994,941
24382,.,-4.484781,29.76894,.,20,22.3,18.7,3.5,1314,0,5385,214,889,1823,714
24383,.,-4.587936,30.12575,.,21.7,23.8,20.4,3.4,1195,0,5995,102,1379,1983,907
24384,.,-4.587936,30.12575,.,21.7,23.8,20.4,3.4,1195,0,5995,102,1379,1983,907
24385,.,-3.881778,37.659698,.,23,24.8,20.5,4.4,854,0,6469,64,1846,2017,1212
24386,.,-3.881778,37.659698,.,23,24.8,20.5,4.4,854,0,6469,64,1846,2017,1212
24387,.,-5.26005,39.8199,.,26.7,28.2,25.2,3,1729,0,7796,12,3137,1804,840
24388,.,-4.335905,35.703686,.,21.3,22.9,19.2,3.8,1050,0,5856,125,1287,2072,1312
24389,.,-1.886481,33.734502,.,22,23.1,20.6,2.5,1194,0,6104,86,1499,1919,983
24390,.,-9.229183,33.663125,.,20.3,22.5,17.4,5.1,1408,0,5506,204,1012,2012,1066
24391,.,-9.3162,33.45282,.,17.9,20,15.2,4.8,1158,0,4634,508,463,1868,988
24392,.,-2.440637,34.127939,.,22.4,23.8,21.1,2.8,1016,0,6243,73,1627,2027,1167
24393,.,-4.50435,34.951515,.,20.9,22.8,18.8,4,724,0,5708,145,1141,2071,1393
24394,.,-5.162004,38.576962,.,24.6,26.3,22.7,3.6,1392,0,7021,31,2368,2003,1012
24395,.,-8.511262,35.057685,.,18.5,20.4,16.2,4.2,828,0,4849,394,556,1845,1134
24396,.,-10.276102,38.459645,.,25.6,27.4,23.2,4.2,1047,0,7405,19,2747,2161,1295
24397,.,-5.885208,33.010026,.,23.5,26.1,21.5,4.5,843,0,6638,48,2008,2187,1387
24398,.,-10.330262,38.186448,.,25.4,27.3,23.1,4.2,1020,0,7323,22,2668,2184,1316
24399,.,-5.510995,36.456897,.,20.9,22.7,18.8,3.9,754,0,5707,148,1148,2014,1395
24400,.,-2.497087,34.186432,.,22.3,23.8,20.9,2.9,996,0,6214,76,1601,2049,1191
24401,.,-3.315465,33.450113,.,23,24.9,21.6,3.3,892,0,6481,55,1860,2106,1298
24402,.,-2.598848,30.587112,.,21,22.6,19.8,2.8,1205,0,5764,134,1189,1944,889
24403,.,-2.598848,30.587112,.,21,22.6,19.8,2.8,1205,0,5764,134,1189,1944,889
24404,.,-8.869043,32.784189,.,20.4,23.1,17.6,5.5,982,0,5542,190,1032,1962,1081
24405,.,-8.848529,34.05057,.,22.2,24.8,19.3,5.5,891,0,6194,89,1593,2090,1256
24406,.,-2.931193,34.411798,.,21.5,23.3,19.9,3.4,856,0,5936,107,1347,2043,1250
24407,.,-4.0157,33.057911,.,23.6,25.8,22.2,3.6,866,0,6692,43,2064,2184,1367
24408,.,-4.922258,32.969155,.,23.1,25.4,21.4,4,877,0,6503,55,1882,2127,1299
24409,.,-4.922258,32.969155,.,23.1,25.4,21.4,4,877,0,6503,55,1882,2127,1299
24410,.,-5.106635,32.296262,.,23.6,26,21.9,4.1,955,0,6674,45,2043,2151,1252
24411,.,-5.349959,32.589073,.,23.7,26.3,21.9,4.3,878,0,6728,42,2093,2203,1367
24412,.,-4.870593,31.726693,.,23.7,26,22.1,4,987,0,6713,43,2084,2132,1208
24413,.,-4.859922,38.399556,.,19.5,21,18.3,2.6,1404,0,5213,247,748,1809,831
24414,.,-4.942597,38.20529,.,25.1,27.1,22.9,4.2,1131,0,7226,25,2573,2115,1272
24415,.,-4.942597,38.20529,.,25.1,27.1,22.9,4.2,1131,0,7226,25,2573,2115,1272
24416,.,-5.816526,38.666304,.,26.6,28.3,24.7,3.6,1126,0,7729,13,3075,2060,1152
24417,.,-3.190474,32.344759,.,22.2,23.9,21.1,2.8,1043,0,6181,80,1567,1999,1112
24418,.,-8.543091,36.473191,.,26.7,28.9,24,4.9,845,0,7788,12,3117,2188,1385
24419,.,-10.968459,39.367638,.,24.8,27,22.7,4.3,1338,0,7095,29,2441,2105,1205
24420,.,-2.97837,31.943305,.,22.5,24.1,21.5,2.6,1114,0,6288,70,1676,1975,1063
24421,.,-3.208694,33.333071,.,23.1,24.9,21.8,3.1,916,0,6497,54,1874,2090,1267
24422,.,-3.18041,34.31841,.,22.1,23.9,20.5,3.4,853,0,6155,82,1546,2083,1285
24423,.,-4.859922,38.399556,.,19.5,21,18.3,2.6,1404,0,5213,247,748,1809,831
24424,.,-5.816526,38.666304,.,26.6,28.3,24.7,3.6,1126,0,7729,13,3075,2060,1152
24425,.,-5.816526,38.666304,.,26.6,28.3,24.7,3.6,1126,0,7729,13,3075,2060,1152
24426,.,-5.816526,38.666304,.,26.6,28.3,24.7,3.6,1126,0,7729,13,3075,2060,1152
24427,.,-5.713724,37.63525,.,24.3,26.1,22.1,4,1048,0,6926,36,2273,2099,1265
24428,.,-5.95674,35.253826,.,25,27,22.6,4.4,674,0,7181,26,2524,2287,1683
24429,.,-3.47295,31.875466,.,22.5,24.3,21.4,2.8,1081,0,6298,70,1679,2007,1091
24430,.,-8.08497,35.440556,.,19,20.9,16.6,4.4,776,0,5035,324,662,1921,1219
24431,.,-8.636406,35.114016,.,18.3,20.2,16.4,3.9,947,0,4789,414,518,1860,1138
24432,.,-1.334697,30.695946,.,21.3,22.6,20.2,2.3,1293,0,5857,118,1264,1918,791
24433,.,-5.076621,30.676516,.,23.2,25.4,21.7,3.7,1019,0,6542,53,1920,2082,1095
24434,.,-3.19286,37.594183,.,19.4,21.1,17.3,3.9,1918,0,5193,270,757,1912,725
24435,.,-9.63154,39.71346,.,26.6,28.3,24.8,3.5,1293,0,7738,13,3081,2001,1002
24436,.,-9.875056,39.300098,.,25.3,26.7,23.3,3.4,1229,0,7282,22,2624,2047,1106
24437,.,-4.335905,35.703686,.,21.3,22.9,19.2,3.8,1050,0,5856,125,1287,2072,1312
24438,.,-4.579074,35.524792,.,20.7,22.3,18.6,3.7,920,0,5643,160,1091,2069,1348
24439,.,-10.791146,39.19783,.,23.8,26,21.7,4.2,1284,0,6746,42,2106,2046,1175
24440,.,-10.791146,39.19783,.,23.8,26,21.7,4.2,1284,0,6746,42,2106,2046,1175
24441,.,-10.461805,39.041961,.,26.2,28,24,4,1209,0,7616,15,2959,2208,1316
24442,.,-10.461805,39.041961,.,26.2,28,24,4,1209,0,7616,15,2959,2208,1316
24443,.,-10.801111,39.863195,.,25.9,27.9,24,3.9,1281,0,7516,17,2854,2121,1251
24444,.,-10.422734,39.371462,.,24.6,26.4,22.5,3.9,1249,0,7043,29,2389,2055,1164
24445,.,-10.853167,38.835247,.,25.6,28.1,23.3,4.8,1167,0,7405,20,2747,2175,1322
24446,.,-2.963763,33.341336,.,23,24.7,21.8,2.9,934,0,6469,56,1847,2063,1239
24447,.,-3.084428,32.959094,.,22.7,24.4,21.5,2.9,1009,0,6369,63,1746,2016,1163
24448,.,-3.084428,32.959094,.,22.7,24.4,21.5,2.9,1009,0,6369,63,1746,2016,1163
24449,.,-9.053215,34.847918,.,18.4,20.4,16.1,4.3,829,0,4840,403,557,1822,1126
24450,.,-3.315465,33.450113,.,23,24.9,21.6,3.3,892,0,6481,55,1860,2106,1298
24451,.,-5.73389,34.840642,.,22.3,24.2,20,4.2,838,0,6205,84,1603,2115,1454
24452,.,-4.57998,32.623994,.,23.2,25.5,21.8,3.7,923,0,6556,51,1931,2135,1262
24453,.,-5.259484,31.723745,.,23.8,26.3,22.1,4.2,948,0,6769,40,2136,2160,1256
24454,.,-5.259484,31.723745,.,23.8,26.3,22.1,4.2,948,0,6769,40,2136,2160,1256
24455,.,-5.517354,38.472839,.,25.4,27.1,23.5,3.6,1114,0,7320,22,2664,2042,1141
24456,.,-5.841927,37.257067,.,22.8,24.6,20.6,3.9,934,0,6386,66,1768,2048,1259
24457,.,-4.896474,35.63331,.,22,23.7,19.7,4,809,0,6108,94,1515,2118,1464
24458,.,-1.11682,30.90903,.,20.5,21.6,19.7,1.9,1374,0,5590,160,1035,1846,738
24459,.,-1.903882,34.00504,.,21.5,22.8,20.2,2.6,1222,0,5942,105,1350,1943,997
24460,.,-1.182844,34.325749,.,21.4,22.5,19.9,2.6,1655,0,5897,110,1295,1903,763
24461,.,-8.869043,32.784189,.,20.4,23.1,17.6,5.5,982,0,5542,190,1032,1962,1081
24462,.,-8.7089,32.262899,.,20.9,23.5,18.4,5.2,1117,0,5718,154,1169,2020,1074
24463,.,-8.7089,32.262899,.,20.9,23.5,18.4,5.2,1117,0,5718,154,1169,2020,1074
24464,.,-7.51522,36.851158,.,24.4,26.1,22.1,4,1084,0,6949,33,2300,2111,1221
24465,.,-10.736283,39.193158,.,24.4,26.6,22.2,4.4,1238,0,6962,33,2311,2121,1253
24466,.,-10.736283,39.193158,.,24.4,26.6,22.2,4.4,1238,0,6962,33,2311,2121,1253
24467,.,-7.190809,38.927625,.,26,27.5,24.2,3.3,1160,0,7528,16,2874,2007,1027
24468,.,-7.934762,31.613775,.,18.8,21.7,16.7,5,1041,0,4983,344,631,1918,985
24469,.,-11.005775,37.487496,.,24.8,27.1,22.2,5,984,0,7095,31,2445,2157,1351
24470,.,-2.931193,34.411798,.,21.5,23.3,19.9,3.4,856,0,5936,107,1347,2043,1250
24471,.,-3.642559,34.297041,.,23.4,25.4,21.8,3.6,820,0,6627,47,1997,2172,1417
24472,.,-2.373944,33.612749,.,23.1,24.6,21.8,2.7,1058,0,6514,52,1891,1969,1092
24473,.,-4.585708,33.363623,.,23.1,25.3,21.5,3.8,858,0,6496,55,1875,2143,1340
24474,.,-4.870593,31.726693,.,23.7,26,22.1,4,987,0,6713,43,2084,2132,1208
24475,.,-4.942597,38.20529,.,25.1,27.1,22.9,4.2,1131,0,7226,25,2573,2115,1272
24476,.,-3.013518,32.537231,.,22.6,24.2,21.5,2.7,984,0,6335,66,1714,2032,1173
24477,.,-8.636406,35.114016,.,18.3,20.2,16.4,3.9,947,0,4789,414,518,1860,1138
24478,.,-8.538976,35.609771,.,19,21.2,16.8,4.5,1442,0,5033,325,662,1855,1002
24479,.,-8.538976,35.609771,.,19,21.2,16.8,4.5,1442,0,5033,325,662,1855,1002
24480,.,-2.096407,31.381676,.,22.1,23.6,21.1,2.5,1260,0,6155,83,1537,1971,941
24481,.,-1.334697,30.695946,.,21.3,22.6,20.2,2.3,1293,0,5857,118,1264,1918,791
24482,.,-6.120354,30.941731,.,22,24.4,20.1,4.3,1100,0,6103,91,1490,2062,1076
24483,.,-6.120354,30.941731,.,22,24.4,20.1,4.3,1100,0,6103,91,1490,2062,1076
24484,.,-6.72782,32.034034,.,22.9,25.6,20.8,4.8,936,0,6446,61,1821,2142,1270
24485,.,-3.892251,30.629229,.,21.7,23.8,20.4,3.3,1208,0,6010,101,1394,1954,900
24486,.,-4.484781,29.76894,.,20,22.3,18.7,3.5,1314,0,5385,214,889,1823,714
24487,.,-3.19286,37.594183,.,19.4,21.1,17.3,3.9,1918,0,5193,270,757,1912,725
24488,.,-3.881778,37.659698,.,23,24.8,20.5,4.4,854,0,6469,64,1846,2017,1212
24489,.,-10.131454,38.94476,.,25,26.7,22.5,4.2,1166,0,7182,25,2528,2067,1168
24490,.,-1.726895,34.273927,.,21.9,23.3,20.5,2.8,1184,0,6079,89,1475,1955,995
24491,.,-3.47104,32.656339,.,23.1,25.1,21.9,3.1,941,0,6522,53,1898,2094,1244
24492,.,-3.946218,34.303596,.,24.1,26.3,22.4,3.9,768,0,6864,35,2224,2208,1480
24493,.,-4.50435,34.951515,.,20.9,22.8,18.8,4,724,0,5708,145,1141,2071,1393
24494,.,-5.241335,32.723778,.,23.7,26.2,21.9,4.3,871,0,6702,44,2069,2195,1374
24495,.,-5.517354,38.472839,.,25.4,27.1,23.5,3.6,1114,0,7320,22,2664,2042,1141
24496,.,-5.841927,37.257067,.,22.8,24.6,20.6,3.9,934,0,6386,66,1768,2048,1259
24497,.,-8.119428,35.717141,.,18.4,20.2,16.2,4,830,0,4821,400,535,1861,1142
24498,.,-1.572398,31.51138,.,22.1,23.5,21.1,2.4,1351,0,6151,83,1534,1928,860
24499,.,-7.093726,31.066526,.,23.5,26.3,21.3,5.1,1020,0,6640,49,2013,2164,1189
24500,.,-1.182844,34.325749,.,21.4,22.5,19.9,2.6,1655,0,5897,110,1295,1903,763
24501,.,-7.871688,32.490649,.,22.9,25.5,20,5.5,1090,0,6423,70,1804,2087,1113
24502,.,-10.746087,38.696987,.,25.2,27.5,22.8,4.7,1095,0,7245,24,2591,2143,1323
24503,.,-10.963992,38.53004,.,25.9,28.2,23.5,4.7,1115,0,7489,18,2830,2220,1368
24504,.,-9.119179,34.532283,.,19,21.4,16.5,5,894,0,5057,326,688,1915,1156
24505,.,-10.141647,34.587338,.,22,24.8,18.9,5.9,896,0,6115,105,1532,1850,1130
24506,.,-5.713724,37.63525,.,24.3,26.1,22.1,4,1048,0,6926,36,2273,2099,1265
24507,.,-3.190474,32.344759,.,22.2,23.9,21.1,2.8,1043,0,6181,80,1567,1999,1112
24508,.,-8.538976,35.609771,.,19,21.2,16.8,4.5,1442,0,5033,325,662,1855,1002
24509,.,-4.593752,30.087674,.,20.9,23,19.7,3.4,1235,0,5721,142,1152,1934,868
24510,.,-4.335905,35.703686,.,21.3,22.9,19.2,3.8,1050,0,5856,125,1287,2072,1312
24511,.,-4.579074,35.524792,.,20.7,22.3,18.6,3.7,920,0,5643,160,1091,2069,1348
24512,.,-6.069506,36.880023,.,22,24,19.7,4.3,973,0,6097,97,1507,2053,1320
24513,.,-2.653203,33.436965,.,22.9,24.5,21.4,3.1,1030,0,6416,60,1793,2004,1149
24514,.,-11.09013,37.481496,.,24.5,27,21.8,5.1,994,0,7009,35,2357,2127,1315
24515,.,-11.09013,37.481496,.,24.5,27,21.8,5.1,994,0,7009,35,2357,2127,1315
24516,.,-3.713495,33.138062,.,23,25,21.5,3.5,925,0,6458,57,1839,2090,1244
24517,.,-3.859588,32.159792,.,23.1,25.1,21.8,3.3,982,0,6505,55,1882,2073,1191
24518,.,-3.452131,34.016534,.,23.1,24.9,21.5,3.4,842,0,6492,55,1870,2133,1357
24519,.,-4.50435,34.951515,.,20.9,22.8,18.8,4,724,0,5708,145,1141,2071,1393
24520,.,-4.274588,34.696006,.,21.4,23.6,19.4,4.2,774,0,5906,114,1316,2042,1315
24521,.,-5.241335,32.723778,.,23.7,26.2,21.9,4.3,871,0,6702,44,2069,2195,1374
24522,.,-5.841927,37.257067,.,22.8,24.6,20.6,3.9,934,0,6386,66,1768,2048,1259
24523,.,-3.355158,36.607789,.,20.8,22.4,18.5,3.9,1259,0,5670,157,1129,2043,1190
24524,.,-5.843553,35.963128,.,21.8,23.7,19.6,4.1,843,0,6046,100,1458,2082,1433
24525,.,-5.843553,35.963128,.,21.8,23.7,19.6,4.1,843,0,6046,100,1458,2082,1433
24526,.,-5.843553,35.963128,.,21.8,23.7,19.6,4.1,843,0,6046,100,1458,2082,1433
24527,.,-5.015585,36.251167,.,22.2,23.7,19.9,3.8,765,0,6169,87,1572,2096,1458
24528,.,-3.282914,31.944414,.,22.7,24.4,21.6,2.8,1011,0,6368,64,1753,2024,1140
24529,.,-3.282914,31.944414,.,22.7,24.4,21.6,2.8,1011,0,6368,64,1753,2024,1140
24530,.,-2.365002,31.772272,.,23.1,24.8,22.2,2.6,1234,0,6492,54,1873,1911,918
24531,.,-2.365002,31.772272,.,23.1,24.8,22.2,2.6,1234,0,6492,54,1873,1911,918
24532,.,-2.365002,31.772272,.,23.1,24.8,22.2,2.6,1234,0,6492,54,1873,1911,918
24533,.,-2.365002,31.772272,.,23.1,24.8,22.2,2.6,1234,0,6492,54,1873,1911,918
24534,.,-7.425803,35.842,.,22.2,24.2,19.7,4.6,760,0,6178,88,1578,2038,1400
24535,.,-7.425803,35.842,.,22.2,24.2,19.7,4.6,760,0,6178,88,1578,2038,1400
24536,.,-7.425803,35.842,.,22.2,24.2,19.7,4.6,760,0,6178,88,1578,2038,1400
24537,.,-7.425803,35.842,.,22.2,24.2,19.7,4.6,760,0,6178,88,1578,2038,1400
24538,.,-7.741634,35.653049,.,20.3,22.2,17.8,4.4,748,0,5518,186,998,1925,1260
24539,.,-8.119428,35.717141,.,18.4,20.2,16.2,4,830,0,4821,400,535,1861,1142
24540,.,-1.368193,31.139508,.,21.2,22.4,20.3,2,1380,0,5827,121,1234,1880,746
24541,.,-3.158048,31.327736,.,22,23.8,20.8,3,1141,0,6125,87,1516,1975,996
24542,.,-6.342617,31.058254,.,23.2,25.8,21.2,4.6,1120,0,6552,53,1930,2140,1137
24543,.,-7.093726,31.066526,.,23.5,26.3,21.3,5.1,1020,0,6640,49,2013,2164,1189
24544,.,-4.480451,29.668727,.,23.6,26.5,22,4.4,1185,0,6670,47,2045,1961,844
24545,.,-4.25266,30.073065,.,22,24,20.8,3.2,1118,0,6104,90,1486,2016,943
24546,.,-4.079988,37.770758,.,23.1,24.9,20.8,4,840,0,6502,59,1882,2031,1225
24547,.,-3.396678,37.295766,.,24.3,26.3,21.9,4.4,1217,0,6923,37,2267,2171,1349
24548,.,-10.251263,39.425468,.,26.2,28,24.5,3.5,1277,0,7596,15,2940,2152,1197
24549,.,-10.251263,39.425468,.,26.2,28,24.5,3.5,1277,0,7596,15,2940,2152,1197
24550,.,-10.251263,39.425468,.,26.2,28,24.5,3.5,1277,0,7596,15,2940,2152,1197
24551,.,-10.330262,38.186448,.,25.4,27.3,23.1,4.2,1020,0,7323,22,2668,2184,1316
24552,.,-3.851768,35.542686,.,19.4,21,17.4,3.5,1058,0,5175,267,737,1912,1067
24553,.,-5.510995,36.456897,.,20.9,22.7,18.8,3.9,754,0,5707,148,1148,2014,1395
24554,.,-1.53316,34.571869,.,22.3,23.9,20.9,3,1211,0,6236,74,1621,2059,1013
24555,.,-7.871688,32.490649,.,22.9,25.5,20,5.5,1090,0,6423,70,1804,2087,1113
24556,.,-8.932959,33.353008,.,20.6,23.4,17.5,6,903,0,5609,181,1088,2050,1208
24557,.,-8.869043,32.784189,.,20.4,23.1,17.6,5.5,982,0,5542,190,1032,1962,1081
24558,.,-8.869043,32.784189,.,20.4,23.1,17.6,5.5,982,0,5542,190,1032,1962,1081
24559,.,-10.494627,39.02206,.,25.9,27.8,23.4,4.3,1204,0,7488,17,2825,2179,1288
24560,.,-10.879358,39.069355,.,25.8,28.3,23.4,4.9,1227,0,7472,19,2814,2208,1319
24561,.,-10.677433,38.897797,.,25.4,27.6,23.1,4.5,1123,0,7326,22,2669,2167,1334
24562,.,-3.208694,33.333071,.,23.1,24.9,21.8,3.1,916,0,6497,54,1874,2090,1267
24563,.,-2.775328,33.006372,.,22.9,24.4,21.5,2.9,1028,0,6425,59,1800,1987,1128
24564,.,-9.317077,34.748527,.,17.6,19.5,15.3,4.2,941,0,4532,553,410,1795,1086
24565,.,-9.119179,34.532283,.,19,21.4,16.5,5,894,0,5057,326,688,1915,1156
24566,.,-7.640116,39.165421,.,26.3,28,24.6,3.3,1254,0,7652,14,2997,1956,917
24567,.,-8.884386,31.959839,.,20,22.8,17.1,5.6,1084,0,5391,228,918,2029,1084
24568,.,-8.884386,31.959839,.,20,22.8,17.1,5.6,1084,0,5391,228,918,2029,1084
24569,.,-11.005775,37.487496,.,24.8,27.1,22.2,5,984,0,7095,31,2445,2157,1351
24570,.,-11.005775,37.487496,.,24.8,27.1,22.2,5,984,0,7095,31,2445,2157,1351
24571,.,-10.721375,35.148643,.,22.2,24.8,19.1,5.7,754,0,6181,100,1595,1987,1343
24572,.,-3.866089,33.994448,.,23.8,25.8,22.1,3.7,847,0,6747,41,2113,2166,1374
24573,.,-3.551871,33.128562,.,23.2,25.2,21.7,3.4,916,0,6527,53,1904,2081,1252
24574,.,-3.551871,33.128562,.,23.2,25.2,21.7,3.4,916,0,6527,53,1904,2081,1252
24575,.,-4.22199,32.679842,.,23.2,25.4,21.8,3.6,950,0,6535,52,1910,2120,1247
24576,.,-4.174485,32.086785,.,23.5,25.6,22.2,3.4,986,0,6635,47,2010,2132,1226
24577,.,-4.174485,32.086785,.,23.5,25.6,22.2,3.4,986,0,6635,47,2010,2132,1226
24578,.,-3.18041,34.31841,.,22.1,23.9,20.5,3.4,853,0,6155,82,1546,2083,1285
24579,.,-3.111907,33.77277,.,22.5,24.2,21,3.3,917,0,6282,70,1663,2063,1247
24580,.,-3.111907,33.77277,.,22.5,24.2,21,3.3,917,0,6282,70,1663,2063,1247
24581,.,-2.373944,33.612749,.,23.1,24.6,21.8,2.7,1058,0,6514,52,1891,1969,1092
24582,.,-5.852405,35.073446,.,24.7,26.7,22.5,4.2,851,0,7085,29,2431,2286,1632
24583,.,-4.808453,34.726763,.,21.4,23.5,19.4,4.1,688,0,5911,114,1331,2103,1456
24584,.,-4.0157,33.057911,.,23.6,25.8,22.2,3.6,866,0,6692,43,2064,2184,1367
24585,.,-4.237172,33.565064,.,23.2,25.2,21.6,3.6,842,0,6524,53,1900,2126,1334
24586,.,-4.785695,33.703627,.,23.6,25.8,21.9,3.9,847,0,6670,45,2038,2178,1424
24587,.,-4.785695,33.703627,.,23.6,25.8,21.9,3.9,847,0,6670,45,2038,2178,1424
24588,.,-4.922258,32.969155,.,23.1,25.4,21.4,4,877,0,6503,55,1882,2127,1299
24589,.,-4.922258,32.969155,.,23.1,25.4,21.4,4,877,0,6503,55,1882,2127,1299
24590,.,-5.349959,32.589073,.,23.7,26.3,21.9,4.3,878,0,6728,42,2093,2203,1367
24591,.,-5.349959,32.589073,.,23.7,26.3,21.9,4.3,878,0,6728,42,2093,2203,1367
24592,.,-4.990456,32.820974,.,23.3,25.7,21.6,4.1,909,0,6578,50,1953,2146,1292
24593,.,-4.990456,32.820974,.,23.3,25.7,21.6,4.1,909,0,6578,50,1953,2146,1292
24594,.,-4.990456,32.820974,.,23.3,25.7,21.6,4.1,909,0,6578,50,1953,2146,1292
24595,.,-4.859922,38.399556,.,19.5,21,18.3,2.6,1404,0,5213,247,748,1809,831
24596,.,-4.859922,38.399556,.,19.5,21,18.3,2.6,1404,0,5213,247,748,1809,831
24597,.,-4.859922,38.399556,.,19.5,21,18.3,2.6,1404,0,5213,247,748,1809,831
24598,.,-4.859922,38.399556,.,19.5,21,18.3,2.6,1404,0,5213,247,748,1809,831
24599,.,-4.942597,38.20529,.,25.1,27.1,22.9,4.2,1131,0,7226,25,2573,2115,1272
24600,.,-5.713724,37.63525,.,24.3,26.1,22.1,4,1048,0,6926,36,2273,2099,1265
24601,.,-5.713724,37.63525,.,24.3,26.1,22.1,4,1048,0,6926,36,2273,2099,1265
24602,.,-5.713724,37.63525,.,24.3,26.1,22.1,4,1048,0,6926,36,2273,2099,1265
24603,.,-5.713724,37.63525,.,24.3,26.1,22.1,4,1048,0,6926,36,2273,2099,1265
24604,.,-5.713724,37.63525,.,24.3,26.1,22.1,4,1048,0,6926,36,2273,2099,1265
24605,.,-3.49967,36.531622,.,21.7,23.3,19.3,4,1108,0,6007,108,1426,2092,1323
24606,.,-6.658715,36.082637,.,24.5,26.3,22.1,4.3,786,0,6989,33,2338,2230,1568
24607,.,-2.743856,32.039835,.,22.9,24.8,21.5,3.3,1058,0,6436,59,1819,1973,1060
24608,.,-3.013518,32.537231,.,22.6,24.2,21.5,2.7,984,0,6335,66,1714,2032,1173
24609,.,-3.356622,31.573305,.,22.8,24.5,21.7,2.8,1078,0,6386,63,1770,2029,1079
24610,.,-3.356622,31.573305,.,22.8,24.5,21.7,2.8,1078,0,6386,63,1770,2029,1079
24611,.,-3.47295,31.875466,.,22.5,24.3,21.4,2.8,1081,0,6298,70,1679,2007,1091
24612,.,-8.08497,35.440556,.,19,20.9,16.6,4.4,776,0,5035,324,662,1921,1219
24613,.,-8.08497,35.440556,.,19,20.9,16.6,4.4,776,0,5035,324,662,1921,1219
24614,.,-8.08497,35.440556,.,19,20.9,16.6,4.4,776,0,5035,324,662,1921,1219
24615,.,-8.636406,35.114016,.,18.3,20.2,16.4,3.9,947,0,4789,414,518,1860,1138
24616,.,-8.636406,35.114016,.,18.3,20.2,16.4,3.9,947,0,4789,414,518,1860,1138
24617,.,-8.636406,35.114016,.,18.3,20.2,16.4,3.9,947,0,4789,414,518,1860,1138
24618,.,-8.538976,35.609771,.,19,21.2,16.8,4.5,1442,0,5033,325,662,1855,1002
24619,.,-8.538976,35.609771,.,19,21.2,16.8,4.5,1442,0,5033,325,662,1855,1002
24620,.,-7.802841,35.717637,.,19.9,21.8,17.3,4.6,741,0,5359,225,871,1916,1256
24621,.,-7.512282,36.101559,.,20.4,22.1,18.4,3.7,932,0,5520,182,988,1953,1225
24622,.,-1.417565,31.488754,.,22.3,23.4,21.4,2.1,1324,0,6220,75,1603,1931,844
24623,.,-1.516872,30.887048,.,21.4,22.5,20.3,2.2,1279,0,5886,114,1288,1900,855
24624,.,-4.51288,30.604461,.,23,25.1,21.7,3.4,1039,0,6459,58,1839,2073,1076
24625,.,-4.51288,30.604461,.,23,25.1,21.7,3.4,1039,0,6459,58,1839,2073,1076
24626,.,-4.51288,30.604461,.,23,25.1,21.7,3.4,1039,0,6459,58,1839,2073,1076
24627,.,-4.51288,30.604461,.,23,25.1,21.7,3.4,1039,0,6459,58,1839,2073,1076
24628,.,-4.484781,29.76894,.,20,22.3,18.7,3.5,1314,0,5385,214,889,1823,714
24629,.,-3.261416,37.331498,.,21.5,23.5,19,4.4,1795,0,5923,121,1353,2047,994
24630,.,-3.261416,37.331498,.,21.5,23.5,19,4.4,1795,0,5923,121,1353,2047,994
24631,.,-3.226452,37.213665,.,21.2,23.1,18.7,4.4,1685,0,5833,134,1274,2035,1023
24632,.,-3.226452,37.213665,.,21.2,23.1,18.7,4.4,1685,0,5833,134,1274,2035,1023
24633,.,-3.226452,37.213665,.,21.2,23.1,18.7,4.4,1685,0,5833,134,1274,2035,1023
24634,.,-3.19998,36.971792,.,21,22.8,18.5,4.3,1209,0,5760,145,1210,2026,1177
24635,.,-9.63154,39.71346,.,26.6,28.3,24.8,3.5,1293,0,7738,13,3081,2001,1002
24636,.,-9.875056,39.300098,.,25.3,26.7,23.3,3.4,1229,0,7282,22,2624,2047,1106
24637,.,-10.131454,38.94476,.,25,26.7,22.5,4.2,1166,0,7182,25,2528,2067,1168
24638,.,-4.335905,35.703686,.,21.3,22.9,19.2,3.8,1050,0,5856,125,1287,2072,1312
24639,.,-1.726895,34.273927,.,21.9,23.3,20.5,2.8,1184,0,6079,89,1475,1955,995
24640,.,-1.726895,34.273927,.,21.9,23.3,20.5,2.8,1184,0,6079,89,1475,1955,995
24641,.,-8.912928,33.345906,.,20.6,23.4,17.5,5.9,911,0,5592,183,1074,2040,1190
24642,.,-8.912928,33.345906,.,20.6,23.4,17.5,5.9,911,0,5592,183,1074,2040,1190
24643,.,-8.912928,33.345906,.,20.6,23.4,17.5,5.9,911,0,5592,183,1074,2040,1190
24644,.,-9.3162,33.45282,.,17.9,20,15.2,4.8,1158,0,4634,508,463,1868,988
24645,.,-9.3162,33.45282,.,17.9,20,15.2,4.8,1158,0,4634,508,463,1868,988
24646,.,-9.3162,33.45282,.,17.9,20,15.2,4.8,1158,0,4634,508,463,1868,988
24647,.,-9.3162,33.45282,.,17.9,20,15.2,4.8,1158,0,4634,508,463,1868,988
24648,.,-9.3162,33.45282,.,17.9,20,15.2,4.8,1158,0,4634,508,463,1868,988
24649,.,-9.3162,33.45282,.,17.9,20,15.2,4.8,1158,0,4634,508,463,1868,988
24650,.,-8.941709,32.938265,.,20.1,22.7,17.3,5.4,950,0,5414,220,930,1956,1097
24651,.,-8.941709,32.938265,.,20.1,22.7,17.3,5.4,950,0,5414,220,930,1956,1097
24652,.,-8.263527,34.7332,.,23.1,25.6,20.4,5.2,760,0,6501,60,1877,2127,1400
24653,.,-8.768188,34.336964,.,22.5,25,19.5,5.5,779,0,6283,80,1673,2054,1312
24654,.,-7.19139,37.877543,.,26.8,28.7,25,3.6,1276,0,7831,12,3174,2159,1219
24655,.,-8.102618,36.669904,.,26.5,28.9,23.8,5,1212,0,7706,15,3044,2216,1314
24656,.,-6.069506,36.880023,.,22,24,19.7,4.3,973,0,6097,97,1507,2053,1320
24657,.,-6.069506,36.880023,.,22,24,19.7,4.3,973,0,6097,97,1507,2053,1320
24658,.,-6.069506,36.880023,.,22,24,19.7,4.3,973,0,6097,97,1507,2053,1320
24659,.,-10.386694,39.729021,.,26.6,28.3,24.4,3.9,1213,0,7752,12,3093,2159,1274
24660,.,-10.791146,39.19783,.,23.8,26,21.7,4.2,1284,0,6746,42,2106,2046,1175
24661,.,-10.461805,39.041961,.,26.2,28,24,4,1209,0,7616,15,2959,2208,1316
24662,.,-10.853167,38.835247,.,25.6,28.1,23.3,4.8,1167,0,7405,20,2747,2175,1322
24663,.,-2.653203,33.436965,.,22.9,24.5,21.4,3.1,1030,0,6416,60,1793,2004,1149
24664,.,-2.653203,33.436965,.,22.9,24.5,21.4,3.1,1030,0,6416,60,1793,2004,1149
24665,.,-3.205755,33.433727,.,23,24.8,21.6,3.2,907,0,6451,57,1831,2098,1283
24666,.,-3.205755,33.433727,.,23,24.8,21.6,3.2,907,0,6451,57,1831,2098,1283
24667,.,-3.084428,32.959094,.,22.7,24.4,21.5,2.9,1009,0,6369,63,1746,2016,1163
24668,.,-8.737525,34.764719,.,21.3,23.5,18.4,5.1,744,0,5846,134,1282,1990,1290
24669,.,-8.855329,34.815961,.,19.4,21.5,16.9,4.5,766,0,5192,275,763,1861,1175
24670,.,-7.290174,39.210596,.,26.5,28.1,24.8,3.2,1238,0,7699,13,3043,1963,989
24671,.,-7.724349,38.943138,.,26.2,28.1,24.4,3.6,1231,0,7614,15,2958,1973,933
24672,.,-3.315465,33.450113,.,23,24.9,21.6,3.3,892,0,6481,55,1860,2106,1298
24673,.,-3.315465,33.450113,.,23,24.9,21.6,3.3,892,0,6481,55,1860,2106,1298
24674,.,-3.315465,33.450113,.,23,24.9,21.6,3.3,892,0,6481,55,1860,2106,1298
24675,.,-3.721711,32.992311,.,23.3,25.3,21.9,3.4,924,0,6567,50,1941,2117,1272
24676,.,-3.721711,32.992311,.,23.3,25.3,21.9,3.4,924,0,6567,50,1941,2117,1272
24677,.,-2.757952,34.038789,.,22.3,24,20.9,3.1,957,0,6214,76,1599,2030,1202
24678,.,-2.440637,34.127939,.,22.4,23.8,21.1,2.8,1016,0,6243,73,1627,2027,1167
24679,.,-2.440637,34.127939,.,22.4,23.8,21.1,2.8,1016,0,6243,73,1627,2027,1167
24680,.,-3.01235,33.913939,.,22.4,24.1,20.9,3.2,925,0,6242,74,1627,2051,1233
24681,.,-3.946218,34.303596,.,24.1,26.3,22.4,3.9,768,0,6864,35,2224,2208,1480
24682,.,-3.946218,34.303596,.,24.1,26.3,22.4,3.9,768,0,6864,35,2224,2208,1480
24683,.,-3.946218,34.303596,.,24.1,26.3,22.4,3.9,768,0,6864,35,2224,2208,1480
24684,.,-3.199691,33.512852,.,22.8,24.6,21.4,3.2,912,0,6407,60,1790,2092,1273
24685,.,-4.50435,34.951515,.,20.9,22.8,18.8,4,724,0,5708,145,1141,2071,1393
24686,.,-4.50435,34.951515,.,20.9,22.8,18.8,4,724,0,5708,145,1141,2071,1393
24687,.,-4.50435,34.951515,.,20.9,22.8,18.8,4,724,0,5708,145,1141,2071,1393
24688,.,-5.692854,34.484681,.,22.5,24.7,20.3,4.4,739,0,6280,74,1666,2168,1481
24689,.,-4.274588,34.696006,.,21.4,23.6,19.4,4.2,774,0,5906,114,1316,2042,1315
24690,.,-4.274588,34.696006,.,21.4,23.6,19.4,4.2,774,0,5906,114,1316,2042,1315
24691,.,-5.049547,32.984859,.,23.1,25.5,21.5,4.1,869,0,6518,54,1896,2129,1306
24692,.,-5.885208,33.010026,.,23.5,26.1,21.5,4.5,843,0,6638,48,2008,2187,1387
24693,.,-5.885208,33.010026,.,23.5,26.1,21.5,4.5,843,0,6638,48,2008,2187,1387
24694,.,-5.885208,33.010026,.,23.5,26.1,21.5,4.5,843,0,6638,48,2008,2187,1387
24695,.,-4.627231,38.23038,.,17.9,19.3,16.3,3,1060,0,4637,469,428,1754,882
24696,.,-5.162004,38.576962,.,24.6,26.3,22.7,3.6,1392,0,7021,31,2368,2003,1012
24697,.,-4.95425,38.674339,.,24.6,26.2,22.7,3.5,1300,0,7019,31,2366,1983,980
24698,.,-5.517354,38.472839,.,25.4,27.1,23.5,3.6,1114,0,7320,22,2664,2042,1141
24699,.,-10.880927,36.17429,.,23.3,26.2,20.3,5.9,734,0,6581,62,1955,2048,1413
24700,.,-2.532659,32.939053,.,22.9,24.6,21.9,2.8,1152,0,6452,57,1831,1917,1000
24701,.,-2.775328,33.006372,.,22.9,24.4,21.5,2.9,1028,0,6425,59,1800,1987,1128
24702,.,-7.871688,32.490649,.,22.9,25.5,20,5.5,1090,0,6423,70,1804,2087,1113
24703,.,-3.551871,33.128562,.,23.2,25.2,21.7,3.4,916,0,6527,53,1904,2081,1252
24704,.,-8.7089,32.262899,.,20.9,23.5,18.4,5.2,1117,0,5718,154,1169,2020,1074
24705,.,-2.555948,32.134145,.,23,25,21.8,3.1,1116,0,6470,57,1850,1955,1017
24706,.,-4.135903,33.388877,.,23.3,25.5,21.7,3.7,863,0,6578,50,1953,2109,1296
24707,.,-4.22199,32.679842,.,23.2,25.4,21.8,3.6,950,0,6535,52,1910,2120,1247
24708,.,-4.50435,34.951515,.,20.9,22.8,18.8,4,724,0,5708,145,1141,2071,1393
24709,.,-6.949101,39.27885,.,26.7,28.1,24.9,3.2,1351,0,7788,12,3130,1950,1023
24710,.,-6.291397,36.68088,.,22.4,24.3,20.1,4.1,766,0,6257,78,1650,2105,1460
24711,.,-8.560051,35.319559,.,17.6,19.4,15.6,3.8,1210,0,4532,539,398,1819,1056
24712,.,-8.560051,35.319559,.,17.6,19.4,15.6,3.8,1210,0,4532,539,398,1819,1056
24713,.,-2.598848,30.587112,.,21,22.6,19.8,2.8,1205,0,5764,134,1189,1944,889
24714,.,-11.005775,37.487496,.,24.8,27.1,22.2,5,984,0,7095,31,2445,2157,1351
24715,.,-10.721375,35.148643,.,22.2,24.8,19.1,5.7,754,0,6181,100,1595,1987,1343
24716,.,-4.174485,32.086785,.,23.5,25.6,22.2,3.4,986,0,6635,47,2010,2132,1226
24717,.,-8.538976,35.609771,.,19,21.2,16.8,4.5,1442,0,5033,325,662,1855,1002
24718,.,-10.276102,38.459645,.,25.6,27.4,23.2,4.2,1047,0,7405,19,2747,2161,1295
24719,.,-8.912928,33.345906,.,20.6,23.4,17.5,5.9,911,0,5592,183,1074,2040,1190
24720,.,-9.229183,33.663125,.,20.3,22.5,17.4,5.1,1408,0,5506,204,1012,2012,1066
24721,.,-9.3162,33.45282,.,17.9,20,15.2,4.8,1158,0,4634,508,463,1868,988
24722,.,-7.19139,37.877543,.,26.8,28.7,25,3.6,1276,0,7831,12,3174,2159,1219
24723,.,-6.930559,39.237711,.,26.7,28.1,25,3.1,1271,0,7794,12,3136,1981,1069
24724,.,-10.422734,39.371462,.,24.6,26.4,22.5,3.9,1249,0,7043,29,2389,2055,1164
24725,.,-7.169421,37.576362,.,21.1,22.8,19.5,3.3,1148,0,5785,130,1212,1900,1010
24726,.,-9.119179,34.532283,.,19,21.4,16.5,5,894,0,5057,326,688,1915,1156
24727,.,-4.174485,32.086785,.,23.5,25.6,22.2,3.4,986,0,6635,47,2010,2132,1226
24728,.,-3.205755,33.433727,.,23,24.8,21.6,3.2,907,0,6451,57,1831,2098,1283
24729,.,-3.946218,34.303596,.,24.1,26.3,22.4,3.9,768,0,6864,35,2224,2208,1480
24730,.,-6.120354,30.941731,.,22,24.4,20.1,4.3,1100,0,6103,91,1490,2062,1076
24731,.,-2.365002,31.772272,.,23.1,24.8,22.2,2.6,1234,0,6492,54,1873,1911,918
24732,.,-9.241635,33.52306,.,21,23.3,17.9,5.4,1112,0,5742,160,1201,2050,1109
24733,.,-2.373944,33.612749,.,23.1,24.6,21.8,2.7,1058,0,6514,52,1891,1969,1092
24734,.,-3.19998,36.971792,.,21,22.8,18.5,4.3,1209,0,5760,145,1210,2026,1177
24735,.,-8.263527,34.7332,.,23.1,25.6,20.4,5.2,760,0,6501,60,1877,2127,1400
24736,.,-10.386694,39.729021,.,26.6,28.3,24.4,3.9,1213,0,7752,12,3093,2159,1274
24737,.,-10.386694,39.729021,.,26.6,28.3,24.4,3.9,1213,0,7752,12,3093,2159,1274
24738,.,-3.452131,34.016534,.,23.1,24.9,21.5,3.4,842,0,6492,55,1870,2133,1357
24739,.,-2.329542,33.66656,.,23.2,24.5,21.8,2.7,1060,0,6530,51,1906,1980,1102
24740,.,-2.329542,33.66656,.,23.2,24.5,21.8,2.7,1060,0,6530,51,1906,1980,1102
24741,.,-5.885208,33.010026,.,23.5,26.1,21.5,4.5,843,0,6638,48,2008,2187,1387
24742,.,-6.366154,38.579926,.,26.2,27.9,24.3,3.5,1107,0,7615,15,2961,2013,1171
24743,.,-7.190809,38.927625,.,26,27.5,24.2,3.3,1160,0,7528,16,2874,2007,1027
24744,.,-8.560051,35.319559,.,17.6,19.4,15.6,3.8,1210,0,4532,539,398,1819,1056
24745,.,-2.598848,30.587112,.,21,22.6,19.8,2.8,1205,0,5764,134,1189,1944,889
24746,.,-11.005775,37.487496,.,24.8,27.1,22.2,5,984,0,7095,31,2445,2157,1351
24747,.,-2.497087,34.186432,.,22.3,23.8,20.9,2.9,996,0,6214,76,1601,2049,1191
24748,.,-3.190474,32.344759,.,22.2,23.9,21.1,2.8,1043,0,6181,80,1567,1999,1112
24749,.,-7.512282,36.101559,.,20.4,22.1,18.4,3.7,932,0,5520,182,988,1953,1225
24750,.,-4.587936,30.12575,.,21.7,23.8,20.4,3.4,1195,0,5995,102,1379,1983,907
24751,.,-4.587936,30.12575,.,21.7,23.8,20.4,3.4,1195,0,5995,102,1379,1983,907
24752,.,-5.517354,38.472839,.,25.4,27.1,23.5,3.6,1114,0,7320,22,2664,2042,1141
24753,.,-9.241635,33.52306,.,21,23.3,17.9,5.4,1112,0,5742,160,1201,2050,1109
24754,.,-7.403818,30.676293,.,25,28.9,22.4,6.5,1108,0,7177,28,2533,2178,1143
24755,.,-8.912928,33.345906,.,20.6,23.4,17.5,5.9,911,0,5592,183,1074,2040,1190
24756,.,-3.912616,34.758765,.,24,26.1,21.9,4.2,746,0,6841,37,2199,2152,1439
24757,.,-5.843553,35.963128,.,21.8,23.7,19.6,4.1,843,0,6046,100,1458,2082,1433
24758,.,-3.282914,31.944414,.,22.7,24.4,21.6,2.8,1011,0,6368,64,1753,2024,1140
24759,.,-7.425803,35.842,.,22.2,24.2,19.7,4.6,760,0,6178,88,1578,2038,1400
24760,.,-6.366154,38.579926,.,26.2,27.9,24.3,3.5,1107,0,7615,15,2961,2013,1171
24761,.,-2.497087,34.186432,.,22.3,23.8,20.9,2.9,996,0,6214,76,1601,2049,1191
24762,.,-3.642559,34.297041,.,23.4,25.4,21.8,3.6,820,0,6627,47,1997,2172,1417
24763,.,-3.18041,34.31841,.,22.1,23.9,20.5,3.4,853,0,6155,82,1546,2083,1285
24764,.,-3.111907,33.77277,.,22.5,24.2,21,3.3,917,0,6282,70,1663,2063,1247
24765,.,-4.585708,33.363623,.,23.1,25.3,21.5,3.8,858,0,6496,55,1875,2143,1340
24766,.,-2.279175,35.697197,.,20.9,22.2,18.8,3.4,1805,0,5707,145,1138,1965,841
24767,.,-3.356622,31.573305,.,22.8,24.5,21.7,2.8,1078,0,6386,63,1770,2029,1079
24768,.,-1.417565,31.488754,.,22.3,23.4,21.4,2.1,1324,0,6220,75,1603,1931,844
24769,.,-5.076621,30.676516,.,23.2,25.4,21.7,3.7,1019,0,6542,53,1920,2082,1095
24770,.,-3.19286,37.594183,.,19.4,21.1,17.3,3.9,1918,0,5193,270,757,1912,725
24771,.,-8.541018,39.242374,.,26.6,28.3,24.9,3.4,1185,0,7744,13,3088,2019,985
24772,.,-8.543091,36.473191,.,26.7,28.9,24,4.9,845,0,7788,12,3117,2188,1385
24773,.,-10.791146,39.19783,.,23.8,26,21.7,4.2,1284,0,6746,42,2106,2046,1175
24774,.,-10.422734,39.371462,.,24.6,26.4,22.5,3.9,1249,0,7043,29,2389,2055,1164
24775,.,-10.422734,39.371462,.,24.6,26.4,22.5,3.9,1249,0,7043,29,2389,2055,1164
24776,.,-10.853167,38.835247,.,25.6,28.1,23.3,4.8,1167,0,7405,20,2747,2175,1322
24777,.,-3.199691,33.512852,.,22.8,24.6,21.4,3.2,912,0,6407,60,1790,2092,1273
24778,.,-4.44718,33.260241,.,23.1,25.3,21.5,3.8,861,0,6508,54,1886,2140,1329
24779,.,-3.912616,34.758765,.,24,26.1,21.9,4.2,746,0,6841,37,2199,2152,1439
24780,.,-3.184448,36.71383,.,16.8,18.1,15.3,2.8,1094,0,4254,688,279,1783,907
24781,.,-3.184448,36.71383,.,16.8,18.1,15.3,2.8,1094,0,4254,688,279,1783,907
24782,.,-5.843553,35.963128,.,21.8,23.7,19.6,4.1,843,0,6046,100,1458,2082,1433
24783,.,-5.843553,35.963128,.,21.8,23.7,19.6,4.1,843,0,6046,100,1458,2082,1433
24784,.,-1.11682,30.90903,.,20.5,21.6,19.7,1.9,1374,0,5590,160,1035,1846,738
24785,.,-6.774731,37.644682,.,25.5,27,23,4,882,0,7372,20,2713,2136,1370
24786,.,-10.542527,40.278737,.,26.5,28.3,24.7,3.7,1305,0,7713,13,3056,2096,1186
24787,.,-10.542527,40.278737,.,26.5,28.3,24.7,3.7,1305,0,7713,13,3056,2096,1186
24788,.,-10.494627,39.02206,.,25.9,27.8,23.4,4.3,1204,0,7488,17,2825,2179,1288
24789,.,-10.963992,38.53004,.,25.9,28.2,23.5,4.7,1115,0,7489,18,2830,2220,1368
24790,.,-10.141647,34.587338,.,22,24.8,18.9,5.9,896,0,6115,105,1532,1850,1130
24791,.,-4.174485,32.086785,.,23.5,25.6,22.2,3.4,986,0,6635,47,2010,2132,1226
24792,.,-2.373944,33.612749,.,23.1,24.6,21.8,2.7,1058,0,6514,52,1891,1969,1092
24793,.,-4.922258,32.969155,.,23.1,25.4,21.4,4,877,0,6503,55,1882,2127,1299
24794,.,-5.106635,32.296262,.,23.6,26,21.9,4.1,955,0,6674,45,2043,2151,1252
24795,.,-3.255846,36.599674,.,19.3,20.9,17.3,3.5,1034,0,5160,273,728,1933,1099
24796,.,-2.743856,32.039835,.,22.9,24.8,21.5,3.3,1058,0,6436,59,1819,1973,1060
24797,.,-6.72782,32.034034,.,22.9,25.6,20.8,4.8,936,0,6446,61,1821,2142,1270
24798,.,-4.80936,29.603563,.,24.3,26.9,23.1,3.8,1192,0,6938,33,2301,1928,838
24799,.,-4.914458,29.703758,.,24.5,27.3,23.1,4.2,1104,0,7006,31,2366,1994,941
24800,.,-5.076621,30.676516,.,23.2,25.4,21.7,3.7,1019,0,6542,53,1920,2082,1095
24801,.,-4.484781,29.76894,.,20,22.3,18.7,3.5,1314,0,5385,214,889,1823,714
24802,.,-4.593752,30.087674,.,20.9,23,19.7,3.4,1235,0,5721,142,1152,1934,868
24803,.,-3.315223,37.53009,.,21.6,23.7,19.3,4.4,1665,0,5977,114,1402,2015,963
24804,.,-3.261416,37.331498,.,21.5,23.5,19,4.4,1795,0,5923,121,1353,2047,994
24805,.,-10.131454,38.94476,.,25,26.7,22.5,4.2,1166,0,7182,25,2528,2067,1168
24806,.,-1.886481,33.734502,.,22,23.1,20.6,2.5,1194,0,6104,86,1499,1919,983
24807,.,-3.01235,33.913939,.,22.4,24.1,20.9,3.2,925,0,6242,74,1627,2051,1233
24808,.,-3.452131,34.016534,.,23.1,24.9,21.5,3.4,842,0,6492,55,1870,2133,1357
24809,.,-4.50435,34.951515,.,20.9,22.8,18.8,4,724,0,5708,145,1141,2071,1393
24810,.,-4.448473,32.239933,.,23.4,25.8,22,3.8,948,0,6616,48,1987,2108,1234
24811,.,-5.517354,38.472839,.,25.4,27.1,23.5,3.6,1114,0,7320,22,2664,2042,1141
24812,.,-3.912616,34.758765,.,24,26.1,21.9,4.2,746,0,6841,37,2199,2152,1439
24813,.,-3.912616,34.758765,.,24,26.1,21.9,4.2,746,0,6841,37,2199,2152,1439
24814,.,-8.119428,35.717141,.,18.4,20.2,16.2,4,830,0,4821,400,535,1861,1142
24815,.,-6.342617,31.058254,.,23.2,25.8,21.2,4.6,1120,0,6552,53,1930,2140,1137
24816,.,-3.904589,30.33944,.,22.3,24.3,21.1,3.2,1128,0,6237,76,1622,2019,949
24817,.,-10.746087,38.696987,.,25.2,27.5,22.8,4.7,1095,0,7245,24,2591,2143,1323
24818,.,-10.880774,39.50718,.,25.1,27.2,23.1,4.2,1325,0,7222,24,2568,2120,1212
24819,.,-7.934762,31.613775,.,18.8,21.7,16.7,5,1041,0,4983,344,631,1918,985
24820,.,-10.721375,35.148643,.,22.2,24.8,19.1,5.7,754,0,6181,100,1595,1987,1343
24821,.,-10.721375,35.148643,.,22.2,24.8,19.1,5.7,754,0,6181,100,1595,1987,1343
24822,.,-3.617599,33.542168,.,23.2,25.1,21.7,3.5,899,0,6524,53,1901,2103,1262
24823,.,-3.617599,33.542168,.,23.2,25.1,21.7,3.5,899,0,6524,53,1901,2103,1262
24824,.,-2.620348,33.774256,.,22.9,24.3,21.6,2.7,988,0,6419,59,1789,2043,1208
24825,.,-3.18041,34.31841,.,22.1,23.9,20.5,3.4,853,0,6155,82,1546,2083,1285
24826,.,-3.190474,32.344759,.,22.2,23.9,21.1,2.8,1043,0,6181,80,1567,1999,1112
24827,.,-1.334697,30.695946,.,21.3,22.6,20.2,2.3,1293,0,5857,118,1264,1918,791
24828,.,-6.72782,32.034034,.,22.9,25.6,20.8,4.8,936,0,6446,61,1821,2142,1270
24829,.,-4.51288,30.604461,.,23,25.1,21.7,3.4,1039,0,6459,58,1839,2073,1076
24830,.,-4.579074,35.524792,.,20.7,22.3,18.6,3.7,920,0,5643,160,1091,2069,1348
24831,.,-1.298843,33.991878,.,22.6,23.7,21.1,2.6,1418,0,6313,67,1692,1916,845
24832,.,-10.687878,35.658679,.,21.2,23.9,18.3,5.6,820,0,5825,144,1272,1909,1255
24833,.,-2.757952,34.038789,.,22.3,24,20.9,3.1,957,0,6214,76,1599,2030,1202
24834,.,-5.049547,32.984859,.,23.1,25.5,21.5,4.1,869,0,6518,54,1896,2129,1306
24835,.,-3.364677,37.04618,.,23.4,25.3,21,4.3,1228,0,6616,53,1982,2140,1304
24836,.,-3.364677,37.04618,.,23.4,25.3,21,4.3,1228,0,6616,53,1982,2140,1304
24837,.,-3.364677,37.04618,.,23.4,25.3,21,4.3,1228,0,6616,53,1982,2140,1304
24838,.,-3.912616,34.758765,.,24,26.1,21.9,4.2,746,0,6841,37,2199,2152,1439
24839,.,-3.184448,36.71383,.,16.8,18.1,15.3,2.8,1094,0,4254,688,279,1783,907
24840,.,-3.184448,36.71383,.,16.8,18.1,15.3,2.8,1094,0,4254,688,279,1783,907
24841,.,-3.184448,36.71383,.,16.8,18.1,15.3,2.8,1094,0,4254,688,279,1783,907
24842,.,-6.80597,39.163006,.,26.5,27.9,24.9,3,1148,0,7707,13,3050,1978,1060
24843,.,-6.864447,39.124358,.,26.4,27.7,24.7,3,1122,0,7670,14,3014,1979,1075
24844,.,-6.291397,36.68088,.,22.4,24.3,20.1,4.1,766,0,6257,78,1650,2105,1460
24845,.,-3.282914,31.944414,.,22.7,24.4,21.6,2.8,1011,0,6368,64,1753,2024,1140
24846,.,-2.365002,31.772272,.,23.1,24.8,22.2,2.6,1234,0,6492,54,1873,1911,918
24847,.,-8.511262,35.057685,.,18.5,20.4,16.2,4.2,828,0,4849,394,556,1845,1134
24848,.,-8.511262,35.057685,.,18.5,20.4,16.2,4.2,828,0,4849,394,556,1845,1134
24849,.,-8.560051,35.319559,.,17.6,19.4,15.6,3.8,1210,0,4532,539,398,1819,1056
24850,.,-7.741634,35.653049,.,20.3,22.2,17.8,4.4,748,0,5518,186,998,1925,1260
24851,.,-7.741634,35.653049,.,20.3,22.2,17.8,4.4,748,0,5518,186,998,1925,1260
24852,.,-8.119428,35.717141,.,18.4,20.2,16.2,4,830,0,4821,400,535,1861,1142
24853,.,-8.119428,35.717141,.,18.4,20.2,16.2,4,830,0,4821,400,535,1861,1142
24854,.,-8.119428,35.717141,.,18.4,20.2,16.2,4,830,0,4821,400,535,1861,1142
24855,.,-8.119428,35.717141,.,18.4,20.2,16.2,4,830,0,4821,400,535,1861,1142
24856,.,-8.119428,35.717141,.,18.4,20.2,16.2,4,830,0,4821,400,535,1861,1142
24857,.,-8.119428,35.717141,.,18.4,20.2,16.2,4,830,0,4821,400,535,1861,1142
24858,.,-1.368193,31.139508,.,21.2,22.4,20.3,2,1380,0,5827,121,1234,1880,746
24859,.,-1.595455,31.640147,.,21.3,22.7,20.2,2.5,1527,0,5853,118,1260,1825,708
24860,.,-1.595455,31.640147,.,21.3,22.7,20.2,2.5,1527,0,5853,118,1260,1825,708
24861,.,-2.598848,30.587112,.,21,22.6,19.8,2.8,1205,0,5764,134,1189,1944,889
24862,.,-1.153843,31.779294,.,22,23.3,21,2.2,1759,0,6127,84,1512,1830,677
24863,.,-1.153843,31.779294,.,22,23.3,21,2.2,1759,0,6127,84,1512,1830,677
24864,.,-1.153843,31.779294,.,22,23.3,21,2.2,1759,0,6127,84,1512,1830,677
24865,.,-1.11682,30.90903,.,20.5,21.6,19.7,1.9,1374,0,5590,160,1035,1846,738
24866,.,-6.342617,31.058254,.,23.2,25.8,21.2,4.6,1120,0,6552,53,1930,2140,1137
24867,.,-6.342617,31.058254,.,23.2,25.8,21.2,4.6,1120,0,6552,53,1930,2140,1137
24868,.,-7.093726,31.066526,.,23.5,26.3,21.3,5.1,1020,0,6640,49,2013,2164,1189
24869,.,-7.093726,31.066526,.,23.5,26.3,21.3,5.1,1020,0,6640,49,2013,2164,1189
24870,.,-7.093726,31.066526,.,23.5,26.3,21.3,5.1,1020,0,6640,49,2013,2164,1189
24871,.,-7.093726,31.066526,.,23.5,26.3,21.3,5.1,1020,0,6640,49,2013,2164,1189
24872,.,-7.093726,31.066526,.,23.5,26.3,21.3,5.1,1020,0,6640,49,2013,2164,1189
24873,.,-3.406001,30.891981,.,21.9,23.8,20.9,3,1162,0,6093,90,1465,2000,953
24874,.,-3.406001,30.891981,.,21.9,23.8,20.9,3,1162,0,6093,90,1465,2000,953
24875,.,-3.406001,30.891981,.,21.9,23.8,20.9,3,1162,0,6093,90,1465,2000,953
24876,.,-3.406001,30.891981,.,21.9,23.8,20.9,3,1162,0,6093,90,1465,2000,953
24877,.,-2.981403,37.540106,.,18.8,20.3,16.6,3.7,1507,0,4977,334,615,1871,887
24878,.,-4.079988,37.770758,.,23.1,24.9,20.8,4,840,0,6502,59,1882,2031,1225
24879,.,-4.079988,37.770758,.,23.1,24.9,20.8,4,840,0,6502,59,1882,2031,1225
24880,.,-3.332037,37.330661,.,23.6,25.5,21.2,4.3,1567,0,6676,50,2037,2145,1174
24881,.,-3.332037,37.330661,.,23.6,25.5,21.2,4.3,1567,0,6676,50,2037,2145,1174
24882,.,-3.332037,37.330661,.,23.6,25.5,21.2,4.3,1567,0,6676,50,2037,2145,1174
24883,.,-3.332037,37.330661,.,23.6,25.5,21.2,4.3,1567,0,6676,50,2037,2145,1174
24884,.,-3.396678,37.295766,.,24.3,26.3,21.9,4.4,1217,0,6923,37,2267,2171,1349
24885,.,-3.396678,37.295766,.,24.3,26.3,21.9,4.4,1217,0,6923,37,2267,2171,1349
24886,.,-3.396678,37.295766,.,24.3,26.3,21.9,4.4,1217,0,6923,37,2267,2171,1349
24887,.,-9.605362,39.482828,.,26.7,28.2,24.7,3.5,1143,0,7788,12,3130,2084,1154
24888,.,-10.251263,39.425468,.,26.2,28,24.5,3.5,1277,0,7596,15,2940,2152,1197
24889,.,-9.858399,37.984964,.,24.8,26.8,22.6,4.1,988,0,7092,29,2442,2129,1235
24890,.,-8.869043,32.784189,.,20.4,23.1,17.6,5.5,982,0,5542,190,1032,1962,1081
24891,.,-8.848529,34.05057,.,22.2,24.8,19.3,5.5,891,0,6194,89,1593,2090,1256
24892,.,-8.848529,34.05057,.,22.2,24.8,19.3,5.5,891,0,6194,89,1593,2090,1256
24893,.,-10.879358,39.069355,.,25.8,28.3,23.4,4.9,1227,0,7472,19,2814,2208,1319
24894,.,-10.745027,38.80083,.,25.3,27.7,23.1,4.6,1112,0,7298,23,2643,2156,1334
24895,.,-2.102759,33.072613,.,23.8,26.2,22.5,3.7,1399,0,6753,41,2124,1910,871
24896,.,-2.773482,33.191684,.,22.5,24,21.1,2.9,1042,0,6274,71,1655,1991,1131
24897,.,-3.208694,33.333071,.,23.1,24.9,21.8,3.1,916,0,6497,54,1874,2090,1267
24898,.,-9.119179,34.532283,.,19,21.4,16.5,5,894,0,5057,326,688,1915,1156
24899,.,-9.119179,34.532283,.,19,21.4,16.5,5,894,0,5057,326,688,1915,1156
24900,.,-10.141647,34.587338,.,22,24.8,18.9,5.9,896,0,6115,105,1532,1850,1130
24901,.,-6.366154,38.579926,.,26.2,27.9,24.3,3.5,1107,0,7615,15,2961,2013,1171
24902,.,-6.366154,38.579926,.,26.2,27.9,24.3,3.5,1107,0,7615,15,2961,2013,1171
24903,.,-6.366154,38.579926,.,26.2,27.9,24.3,3.5,1107,0,7615,15,2961,2013,1171
24904,.,-7.190809,38.927625,.,26,27.5,24.2,3.3,1160,0,7528,16,2874,2007,1027
24905,.,-7.640116,39.165421,.,26.3,28,24.6,3.3,1254,0,7652,14,2997,1956,917
24906,.,-8.884386,31.959839,.,20,22.8,17.1,5.6,1084,0,5391,228,918,2029,1084
24907,.,-7.403818,30.676293,.,25,28.9,22.4,6.5,1108,0,7177,28,2533,2178,1143
24908,.,-7.403818,30.676293,.,25,28.9,22.4,6.5,1108,0,7177,28,2533,2178,1143
24909,.,-7.403818,30.676293,.,25,28.9,22.4,6.5,1108,0,7177,28,2533,2178,1143
24910,.,-7.403818,30.676293,.,25,28.9,22.4,6.5,1108,0,7177,28,2533,2178,1143
24911,.,-7.934762,31.613775,.,18.8,21.7,16.7,5,1041,0,4983,344,631,1918,985
24912,.,-7.934762,31.613775,.,18.8,21.7,16.7,5,1041,0,4983,344,631,1918,985
24913,.,-11.005775,37.487496,.,24.8,27.1,22.2,5,984,0,7095,31,2445,2157,1351
24914,.,-11.005775,37.487496,.,24.8,27.1,22.2,5,984,0,7095,31,2445,2157,1351
24915,.,-10.721375,35.148643,.,22.2,24.8,19.1,5.7,754,0,6181,100,1595,1987,1343
24916,.,-10.721375,35.148643,.,22.2,24.8,19.1,5.7,754,0,6181,100,1595,1987,1343
24917,.,-10.721375,35.148643,.,22.2,24.8,19.1,5.7,754,0,6181,100,1595,1987,1343
24918,.,-10.721375,35.148643,.,22.2,24.8,19.1,5.7,754,0,6181,100,1595,1987,1343
24919,.,-3.617599,33.542168,.,23.2,25.1,21.7,3.5,899,0,6524,53,1901,2103,1262
24920,.,-3.319339,32.408018,.,22.8,24.6,21.8,2.8,972,0,6401,61,1782,2049,1182
24921,.,-2.620348,33.774256,.,22.9,24.3,21.6,2.7,988,0,6419,59,1789,2043,1208
24922,.,-2.797486,33.99475,.,22.4,24.1,20.9,3.1,943,0,6253,72,1636,2052,1230
24923,.,-3.18041,34.31841,.,22.1,23.9,20.5,3.4,853,0,6155,82,1546,2083,1285
24924,.,-3.111907,33.77277,.,22.5,24.2,21,3.3,917,0,6282,70,1663,2063,1247
24925,.,-3.111907,33.77277,.,22.5,24.2,21,3.3,917,0,6282,70,1663,2063,1247
24926,.,-2.373944,33.612749,.,23.1,24.6,21.8,2.7,1058,0,6514,52,1891,1969,1092
24927,.,-4.585708,33.363623,.,23.1,25.3,21.5,3.8,858,0,6496,55,1875,2143,1340
24928,.,-4.0157,33.057911,.,23.6,25.8,22.2,3.6,866,0,6692,43,2064,2184,1367
24929,.,-4.0157,33.057911,.,23.6,25.8,22.2,3.6,866,0,6692,43,2064,2184,1367
24930,.,-4.0157,33.057911,.,23.6,25.8,22.2,3.6,866,0,6692,43,2064,2184,1367
24931,.,-4.0157,33.057911,.,23.6,25.8,22.2,3.6,866,0,6692,43,2064,2184,1367
24932,.,-4.237172,33.565064,.,23.2,25.2,21.6,3.6,842,0,6524,53,1900,2126,1334
24933,.,-4.237172,33.565064,.,23.2,25.2,21.6,3.6,842,0,6524,53,1900,2126,1334
24934,.,-4.785695,33.703627,.,23.6,25.8,21.9,3.9,847,0,6670,45,2038,2178,1424
24935,.,-4.785695,33.703627,.,23.6,25.8,21.9,3.9,847,0,6670,45,2038,2178,1424
24936,.,-4.785695,33.703627,.,23.6,25.8,21.9,3.9,847,0,6670,45,2038,2178,1424
24937,.,-4.785695,33.703627,.,23.6,25.8,21.9,3.9,847,0,6670,45,2038,2178,1424
24938,.,-4.922258,32.969155,.,23.1,25.4,21.4,4,877,0,6503,55,1882,2127,1299
24939,.,-4.922258,32.969155,.,23.1,25.4,21.4,4,877,0,6503,55,1882,2127,1299
24940,.,-5.106635,32.296262,.,23.6,26,21.9,4.1,955,0,6674,45,2043,2151,1252
24941,.,-5.349959,32.589073,.,23.7,26.3,21.9,4.3,878,0,6728,42,2093,2203,1367
24942,.,-5.349959,32.589073,.,23.7,26.3,21.9,4.3,878,0,6728,42,2093,2203,1367
24943,.,-5.349959,32.589073,.,23.7,26.3,21.9,4.3,878,0,6728,42,2093,2203,1367
24944,.,-4.990456,32.820974,.,23.3,25.7,21.6,4.1,909,0,6578,50,1953,2146,1292
24945,.,-4.990456,32.820974,.,23.3,25.7,21.6,4.1,909,0,6578,50,1953,2146,1292
24946,.,-4.870593,31.726693,.,23.7,26,22.1,4,987,0,6713,43,2084,2132,1208
24947,.,-4.870593,31.726693,.,23.7,26,22.1,4,987,0,6713,43,2084,2132,1208
24948,.,-4.870593,31.726693,.,23.7,26,22.1,4,987,0,6713,43,2084,2132,1208
24949,.,-4.859922,38.399556,.,19.5,21,18.3,2.6,1404,0,5213,247,748,1809,831
24950,.,-4.859922,38.399556,.,19.5,21,18.3,2.6,1404,0,5213,247,748,1809,831
24951,.,-4.859922,38.399556,.,19.5,21,18.3,2.6,1404,0,5213,247,748,1809,831
24952,.,-4.859922,38.399556,.,19.5,21,18.3,2.6,1404,0,5213,247,748,1809,831
24953,.,-4.859922,38.399556,.,19.5,21,18.3,2.6,1404,0,5213,247,748,1809,831
24954,.,-4.859922,38.399556,.,19.5,21,18.3,2.6,1404,0,5213,247,748,1809,831
24955,.,-4.942597,38.20529,.,25.1,27.1,22.9,4.2,1131,0,7226,25,2573,2115,1272
24956,.,-4.942597,38.20529,.,25.1,27.1,22.9,4.2,1131,0,7226,25,2573,2115,1272
24957,.,-3.49967,36.531622,.,21.7,23.3,19.3,4,1108,0,6007,108,1426,2092,1323
24958,.,-2.279175,35.697197,.,20.9,22.2,18.8,3.4,1805,0,5707,145,1138,1965,841
24959,.,-3.255846,36.599674,.,19.3,20.9,17.3,3.5,1034,0,5160,273,728,1933,1099
24960,.,-6.658715,36.082637,.,24.5,26.3,22.1,4.3,786,0,6989,33,2338,2230,1568
24961,.,-6.658715,36.082637,.,24.5,26.3,22.1,4.3,786,0,6989,33,2338,2230,1568
24962,.,-6.158228,36.208681,.,24,26,21.6,4.4,707,0,6818,41,2168,2205,1589
24963,.,-5.95674,35.253826,.,25,27,22.6,4.4,674,0,7181,26,2524,2287,1683
24964,.,-3.47295,31.875466,.,22.5,24.3,21.4,2.8,1081,0,6298,70,1679,2007,1091
24965,.,-8.08497,35.440556,.,19,20.9,16.6,4.4,776,0,5035,324,662,1921,1219
24966,.,-8.636406,35.114016,.,18.3,20.2,16.4,3.9,947,0,4789,414,518,1860,1138
24967,.,-8.538976,35.609771,.,19,21.2,16.8,4.5,1442,0,5033,325,662,1855,1002
24968,.,-8.538976,35.609771,.,19,21.2,16.8,4.5,1442,0,5033,325,662,1855,1002
24969,.,-7.512282,36.101559,.,20.4,22.1,18.4,3.7,932,0,5520,182,988,1953,1225
24970,.,-7.512282,36.101559,.,20.4,22.1,18.4,3.7,932,0,5520,182,988,1953,1225
24971,.,-1.417565,31.488754,.,22.3,23.4,21.4,2.1,1324,0,6220,75,1603,1931,844
24972,.,-2.096407,31.381676,.,22.1,23.6,21.1,2.5,1260,0,6155,83,1537,1971,941
24973,.,-2.096407,31.381676,.,22.1,23.6,21.1,2.5,1260,0,6155,83,1537,1971,941
24974,.,-4.484781,29.76894,.,20,22.3,18.7,3.5,1314,0,5385,214,889,1823,714
24975,.,-4.484781,29.76894,.,20,22.3,18.7,3.5,1314,0,5385,214,889,1823,714
24976,.,-4.484781,29.76894,.,20,22.3,18.7,3.5,1314,0,5385,214,889,1823,714
24977,.,-4.484781,29.76894,.,20,22.3,18.7,3.5,1314,0,5385,214,889,1823,714
24978,.,-4.587936,30.12575,.,21.7,23.8,20.4,3.4,1195,0,5995,102,1379,1983,907
24979,.,-3.881778,37.659698,.,23,24.8,20.5,4.4,854,0,6469,64,1846,2017,1212
24980,.,-3.315223,37.53009,.,21.6,23.7,19.3,4.4,1665,0,5977,114,1402,2015,963
24981,.,-4.484781,29.76894,.,20,22.3,18.7,3.5,1314,0,5385,214,889,1823,714
24982,.,-8.541018,39.242374,.,26.6,28.3,24.9,3.4,1185,0,7744,13,3088,2019,985
24983,.,-9.63154,39.71346,.,26.6,28.3,24.8,3.5,1293,0,7738,13,3081,2001,1002
24984,.,-10.276102,38.459645,.,25.6,27.4,23.2,4.2,1047,0,7405,19,2747,2161,1295
24985,.,-10.276102,38.459645,.,25.6,27.4,23.2,4.2,1047,0,7405,19,2747,2161,1295
24986,.,-10.131454,38.94476,.,25,26.7,22.5,4.2,1166,0,7182,25,2528,2067,1168
24987,.,-10.131454,38.94476,.,25,26.7,22.5,4.2,1166,0,7182,25,2528,2067,1168
24988,.,-10.131454,38.94476,.,25,26.7,22.5,4.2,1166,0,7182,25,2528,2067,1168
24989,.,-1.298843,33.991878,.,22.6,23.7,21.1,2.6,1418,0,6313,67,1692,1916,845
24990,.,-1.298843,33.991878,.,22.6,23.7,21.1,2.6,1418,0,6313,67,1692,1916,845
24991,.,-1.298843,33.991878,.,22.6,23.7,21.1,2.6,1418,0,6313,67,1692,1916,845
24992,.,-1.298843,33.991878,.,22.6,23.7,21.1,2.6,1418,0,6313,67,1692,1916,845
24993,.,-1.298843,33.991878,.,22.6,23.7,21.1,2.6,1418,0,6313,67,1692,1916,845
24994,.,-1.298843,33.991878,.,22.6,23.7,21.1,2.6,1418,0,6313,67,1692,1916,845
24995,.,-9.229183,33.663125,.,20.3,22.5,17.4,5.1,1408,0,5506,204,1012,2012,1066
24996,.,-9.3162,33.45282,.,17.9,20,15.2,4.8,1158,0,4634,508,463,1868,988
24997,.,-8.941709,32.938265,.,20.1,22.7,17.3,5.4,950,0,5414,220,930,1956,1097
24998,.,-8.263527,34.7332,.,23.1,25.6,20.4,5.2,760,0,6501,60,1877,2127,1400
24999,.,-8.263527,34.7332,.,23.1,25.6,20.4,5.2,760,0,6501,60,1877,2127,1400
25000,.,-8.263527,34.7332,.,23.1,25.6,20.4,5.2,760,0,6501,60,1877,2127,1400
25001,.,-8.102618,36.669904,.,26.5,28.9,23.8,5,1212,0,7706,15,3044,2216,1314
25002,.,-6.069506,36.880023,.,22,24,19.7,4.3,973,0,6097,97,1507,2053,1320
25003,.,-6.069506,36.880023,.,22,24,19.7,4.3,973,0,6097,97,1507,2053,1320
25004,.,-6.069506,36.880023,.,22,24,19.7,4.3,973,0,6097,97,1507,2053,1320
25005,.,-6.069506,36.880023,.,22,24,19.7,4.3,973,0,6097,97,1507,2053,1320
25006,.,-6.148942,36.884387,.,21.5,23.3,19.3,3.9,892,0,5937,114,1359,1997,1274
25007,.,-10.386694,39.729021,.,26.6,28.3,24.4,3.9,1213,0,7752,12,3093,2159,1274
25008,.,-10.968459,39.367638,.,24.8,27,22.7,4.3,1338,0,7095,29,2441,2105,1205
25009,.,-10.968459,39.367638,.,24.8,27,22.7,4.3,1338,0,7095,29,2441,2105,1205
25010,.,-10.968459,39.367638,.,24.8,27,22.7,4.3,1338,0,7095,29,2441,2105,1205
25011,.,-10.968459,39.367638,.,24.8,27,22.7,4.3,1338,0,7095,29,2441,2105,1205
25012,.,-10.791146,39.19783,.,23.8,26,21.7,4.2,1284,0,6746,42,2106,2046,1175
25013,.,-10.461805,39.041961,.,26.2,28,24,4,1209,0,7616,15,2959,2208,1316
25014,.,-10.801111,39.863195,.,25.9,27.9,24,3.9,1281,0,7516,17,2854,2121,1251
25015,.,-10.801111,39.863195,.,25.9,27.9,24,3.9,1281,0,7516,17,2854,2121,1251
25016,.,-10.422734,39.371462,.,24.6,26.4,22.5,3.9,1249,0,7043,29,2389,2055,1164
25017,.,-10.422734,39.371462,.,24.6,26.4,22.5,3.9,1249,0,7043,29,2389,2055,1164
25018,.,-10.853167,38.835247,.,25.6,28.1,23.3,4.8,1167,0,7405,20,2747,2175,1322
25019,.,-10.853167,38.835247,.,25.6,28.1,23.3,4.8,1167,0,7405,20,2747,2175,1322
25020,.,-2.653203,33.436965,.,22.9,24.5,21.4,3.1,1030,0,6416,60,1793,2004,1149
25021,.,-2.653203,33.436965,.,22.9,24.5,21.4,3.1,1030,0,6416,60,1793,2004,1149
25022,.,-2.653203,33.436965,.,22.9,24.5,21.4,3.1,1030,0,6416,60,1793,2004,1149
25023,.,-2.507489,32.902198,.,23.4,25.3,22.5,2.8,1122,0,6607,47,1982,1948,1020
25024,.,-3.205755,33.433727,.,23,24.8,21.6,3.2,907,0,6451,57,1831,2098,1283
25025,.,-2.963763,33.341336,.,23,24.7,21.8,2.9,934,0,6469,56,1847,2063,1239
25026,.,-2.828391,32.819702,.,23,24.5,21.7,2.8,1029,0,6485,55,1863,1993,1126
25027,.,-2.340419,32.495097,.,23.6,25.5,22.7,2.8,1295,0,6673,44,2047,1927,937
25028,.,-3.084428,32.959094,.,22.7,24.4,21.5,2.9,1009,0,6369,63,1746,2016,1163
25029,.,-3.084428,32.959094,.,22.7,24.4,21.5,2.9,1009,0,6369,63,1746,2016,1163
25030,.,-8.737525,34.764719,.,21.3,23.5,18.4,5.1,744,0,5846,134,1282,1990,1290
25031,.,-9.053215,34.847918,.,18.4,20.4,16.1,4.3,829,0,4840,403,557,1822,1126
25032,.,-9.053215,34.847918,.,18.4,20.4,16.1,4.3,829,0,4840,403,557,1822,1126
25033,.,-9.053215,34.847918,.,18.4,20.4,16.1,4.3,829,0,4840,403,557,1822,1126
25034,.,-9.053215,34.847918,.,18.4,20.4,16.1,4.3,829,0,4840,403,557,1822,1126
25035,.,-9.053215,34.847918,.,18.4,20.4,16.1,4.3,829,0,4840,403,557,1822,1126
25036,.,-6.072361,38.244658,.,25.3,27.1,23.3,3.7,1029,0,7299,22,2644,2061,1209
25037,.,-6.072361,38.244658,.,25.3,27.1,23.3,3.7,1029,0,7299,22,2644,2061,1209
25038,.,-6.072361,38.244658,.,25.3,27.1,23.3,3.7,1029,0,7299,22,2644,2061,1209
25039,.,-8.181343,31.988606,.,24.2,27.3,21.4,6,1148,0,6879,39,2242,2297,1199
25040,.,-8.181343,31.988606,.,24.2,27.3,21.4,6,1148,0,6879,39,2242,2297,1199
25041,.,-7.362932,30.625977,.,25,28.8,22.3,6.4,1110,0,7195,27,2549,2154,1121
25042,.,-11.09013,37.481496,.,24.5,27,21.8,5.1,994,0,7009,35,2357,2127,1315
25043,.,-11.09013,37.481496,.,24.5,27,21.8,5.1,994,0,7009,35,2357,2127,1315
25044,.,-10.687878,35.658679,.,21.2,23.9,18.3,5.6,820,0,5825,144,1272,1909,1255
25045,.,-10.687878,35.658679,.,21.2,23.9,18.3,5.6,820,0,5825,144,1272,1909,1255
25046,.,-10.687878,35.658679,.,21.2,23.9,18.3,5.6,820,0,5825,144,1272,1909,1255
25047,.,-10.880927,36.17429,.,23.3,26.2,20.3,5.9,734,0,6581,62,1955,2048,1413
25048,.,-10.880927,36.17429,.,23.3,26.2,20.3,5.9,734,0,6581,62,1955,2048,1413
25049,.,-10.880927,36.17429,.,23.3,26.2,20.3,5.9,734,0,6581,62,1955,2048,1413
25050,.,-3.315465,33.450113,.,23,24.9,21.6,3.3,892,0,6481,55,1860,2106,1298
25051,.,-3.315465,33.450113,.,23,24.9,21.6,3.3,892,0,6481,55,1860,2106,1298
25052,.,-3.713495,33.138062,.,23,25,21.5,3.5,925,0,6458,57,1839,2090,1244
25053,.,-3.713495,33.138062,.,23,25,21.5,3.5,925,0,6458,57,1839,2090,1244
25054,.,-3.713495,33.138062,.,23,25,21.5,3.5,925,0,6458,57,1839,2090,1244
25055,.,-3.713495,33.138062,.,23,25,21.5,3.5,925,0,6458,57,1839,2090,1244
25056,.,-3.713495,33.138062,.,23,25,21.5,3.5,925,0,6458,57,1839,2090,1244
25057,.,-3.713495,33.138062,.,23,25,21.5,3.5,925,0,6458,57,1839,2090,1244
25058,.,-3.881223,32.689968,.,23.1,25.2,21.8,3.5,933,0,6511,54,1889,2088,1240
25059,.,-3.850672,32.610458,.,23.1,25.1,21.7,3.4,946,0,6493,55,1871,2090,1231
25060,.,-2.757952,34.038789,.,22.3,24,20.9,3.1,957,0,6214,76,1599,2030,1202
25061,.,-2.440637,34.127939,.,22.4,23.8,21.1,2.8,1016,0,6243,73,1627,2027,1167
25062,.,-2.440637,34.127939,.,22.4,23.8,21.1,2.8,1016,0,6243,73,1627,2027,1167
25063,.,-2.440637,34.127939,.,22.4,23.8,21.1,2.8,1016,0,6243,73,1627,2027,1167
25064,.,-2.440637,34.127939,.,22.4,23.8,21.1,2.8,1016,0,6243,73,1627,2027,1167
25065,.,-2.440637,34.127939,.,22.4,23.8,21.1,2.8,1016,0,6243,73,1627,2027,1167
25066,.,-2.440637,34.127939,.,22.4,23.8,21.1,2.8,1016,0,6243,73,1627,2027,1167
25067,.,-3.01235,33.913939,.,22.4,24.1,20.9,3.2,925,0,6242,74,1627,2051,1233
25068,.,-3.946218,34.303596,.,24.1,26.3,22.4,3.9,768,0,6864,35,2224,2208,1480
25069,.,-3.452131,34.016534,.,23.1,24.9,21.5,3.4,842,0,6492,55,1870,2133,1357
25070,.,-3.199691,33.512852,.,22.8,24.6,21.4,3.2,912,0,6407,60,1790,2092,1273
25071,.,-3.199691,33.512852,.,22.8,24.6,21.4,3.2,912,0,6407,60,1790,2092,1273
25072,.,-5.73389,34.840642,.,22.3,24.2,20,4.2,838,0,6205,84,1603,2115,1454
25073,.,-4.274588,34.696006,.,21.4,23.6,19.4,4.2,774,0,5906,114,1316,2042,1315
25074,.,-4.57998,32.623994,.,23.2,25.5,21.8,3.7,923,0,6556,51,1931,2135,1262
25075,.,-4.290017,33.868964,.,23.8,25.8,22.1,3.8,833,0,6738,41,2105,2194,1428
25076,.,-4.135903,33.388877,.,23.3,25.5,21.7,3.7,863,0,6578,50,1953,2109,1296
25077,.,-4.135903,33.388877,.,23.3,25.5,21.7,3.7,863,0,6578,50,1953,2109,1296
25078,.,-4.135903,33.388877,.,23.3,25.5,21.7,3.7,863,0,6578,50,1953,2109,1296
25079,.,-5.049547,32.984859,.,23.1,25.5,21.5,4.1,869,0,6518,54,1896,2129,1306
25080,.,-5.049547,32.984859,.,23.1,25.5,21.5,4.1,869,0,6518,54,1896,2129,1306
25081,.,-5.049547,32.984859,.,23.1,25.5,21.5,4.1,869,0,6518,54,1896,2129,1306
25082,.,-5.885208,33.010026,.,23.5,26.1,21.5,4.5,843,0,6638,48,2008,2187,1387
25083,.,-5.259484,31.723745,.,23.8,26.3,22.1,4.2,948,0,6769,40,2136,2160,1256
25084,.,-5.162004,38.576962,.,24.6,26.3,22.7,3.6,1392,0,7021,31,2368,2003,1012
25085,.,-5.517354,38.472839,.,25.4,27.1,23.5,3.6,1114,0,7320,22,2664,2042,1141
25086,.,-5.162004,38.576962,.,24.6,26.3,22.7,3.6,1392,0,7021,31,2368,2003,1012
25087,.,-4.95425,38.674339,.,24.6,26.2,22.7,3.5,1300,0,7019,31,2366,1983,980
25088,.,-7.102633,39.52852,.,26.8,28.3,25.1,3.2,1456,0,7806,12,3148,1882,891
25089,.,-3.255846,36.599674,.,19.3,20.9,17.3,3.5,1034,0,5160,273,728,1933,1099
25090,.,-8.768188,34.336964,.,22.5,25,19.5,5.5,779,0,6283,80,1673,2054,1312
25091,.,-3.912616,34.758765,.,24,26.1,21.9,4.2,746,0,6841,37,2199,2152,1439
25092,.,-8.560051,35.319559,.,17.6,19.4,15.6,3.8,1210,0,4532,539,398,1819,1056
25093,.,-3.111907,33.77277,.,22.5,24.2,21,3.3,917,0,6282,70,1663,2063,1247
25094,.,-4.237172,33.565064,.,23.2,25.2,21.6,3.6,842,0,6524,53,1900,2126,1334
25095,.,-5.713724,37.63525,.,24.3,26.1,22.1,4,1048,0,6926,36,2273,2099,1265
25096,.,-7.512282,36.101559,.,20.4,22.1,18.4,3.7,932,0,5520,182,988,1953,1225
25097,.,-10.276102,38.459645,.,25.6,27.4,23.2,4.2,1047,0,7405,19,2747,2161,1295
25098,.,-10.000583,39.70506,.,26.6,28.3,24.8,3.5,1233,0,7750,12,3092,2070,1128
25099,.,-4.335905,35.703686,.,21.3,22.9,19.2,3.8,1050,0,5856,125,1287,2072,1312
25100,.,-3.084428,32.959094,.,22.7,24.4,21.5,2.9,1009,0,6369,63,1746,2016,1163
25101,.,-2.329542,33.66656,.,23.2,24.5,21.8,2.7,1060,0,6530,51,1906,1980,1102
25102,.,-2.329542,33.66656,.,23.2,24.5,21.8,2.7,1060,0,6530,51,1906,1980,1102
25103,.,-4.44718,33.260241,.,23.1,25.3,21.5,3.8,861,0,6508,54,1886,2140,1329
25104,.,-6.729344,30.4156,.,24.9,28.1,22.7,5.4,1130,0,7138,27,2493,2083,1042
25105,.,-7.093726,31.066526,.,23.5,26.3,21.3,5.1,1020,0,6640,49,2013,2164,1189
25106,.,-7.871688,32.490649,.,22.9,25.5,20,5.5,1090,0,6423,70,1804,2087,1113
25107,.,-10.736283,39.193158,.,24.4,26.6,22.2,4.4,1238,0,6962,33,2311,2121,1253
25108,.,-10.736283,39.193158,.,24.4,26.6,22.2,4.4,1238,0,6962,33,2311,2121,1253
25109,.,-10.494627,39.02206,.,25.9,27.8,23.4,4.3,1204,0,7488,17,2825,2179,1288
25110,.,-5.106635,32.296262,.,23.6,26,21.9,4.1,955,0,6674,45,2043,2151,1252
25111,.,-2.279175,35.697197,.,20.9,22.2,18.8,3.4,1805,0,5707,145,1138,1965,841
25112,.,-3.892251,30.629229,.,21.7,23.8,20.4,3.3,1208,0,6010,101,1394,1954,900
25113,.,-4.593752,30.087674,.,20.9,23,19.7,3.4,1235,0,5721,142,1152,1934,868
25114,.,-3.19286,37.594183,.,19.4,21.1,17.3,3.9,1918,0,5193,270,757,1912,725
25115,.,-4.335905,35.703686,.,21.3,22.9,19.2,3.8,1050,0,5856,125,1287,2072,1312
25116,.,-4.204058,35.756107,.,21.6,23.4,19.4,3.9,899,0,5976,107,1392,2075,1327
25117,.,-5.049547,32.984859,.,23.1,25.5,21.5,4.1,869,0,6518,54,1896,2129,1306
25118,.,-4.859922,38.399556,.,19.5,21,18.3,2.6,1404,0,5213,247,748,1809,831
25119,.,-3.364677,37.04618,.,23.4,25.3,21,4.3,1228,0,6616,53,1982,2140,1304
25120,.,-3.184448,36.71383,.,16.8,18.1,15.3,2.8,1094,0,4254,688,279,1783,907
25121,.,-3.184448,36.71383,.,16.8,18.1,15.3,2.8,1094,0,4254,688,279,1783,907
25122,.,-4.896474,35.63331,.,22,23.7,19.7,4,809,0,6108,94,1515,2118,1464
25123,.,-6.291397,36.68088,.,22.4,24.3,20.1,4.1,766,0,6257,78,1650,2105,1460
25124,.,-5.843553,35.963128,.,21.8,23.7,19.6,4.1,843,0,6046,100,1458,2082,1433
25125,.,-5.843553,35.963128,.,21.8,23.7,19.6,4.1,843,0,6046,100,1458,2082,1433
25126,.,-5.843553,35.963128,.,21.8,23.7,19.6,4.1,843,0,6046,100,1458,2082,1433
25127,.,-5.015585,36.251167,.,22.2,23.7,19.9,3.8,765,0,6169,87,1572,2096,1458
25128,.,-2.555948,32.134145,.,23,25,21.8,3.1,1116,0,6470,57,1850,1955,1017
25129,.,-7.425803,35.842,.,22.2,24.2,19.7,4.6,760,0,6178,88,1578,2038,1400
25130,.,-8.511262,35.057685,.,18.5,20.4,16.2,4.2,828,0,4849,394,556,1845,1134
25131,.,-8.511262,35.057685,.,18.5,20.4,16.2,4.2,828,0,4849,394,556,1845,1134
25132,.,-7.741634,35.653049,.,20.3,22.2,17.8,4.4,748,0,5518,186,998,1925,1260
25133,.,-2.041004,31.518359,.,21.2,22.8,20.1,2.7,1404,0,5831,122,1239,1874,813
25134,.,-2.598848,30.587112,.,21,22.6,19.8,2.8,1205,0,5764,134,1189,1944,889
25135,.,-3.332037,37.330661,.,23.6,25.5,21.2,4.3,1567,0,6676,50,2037,2145,1174
25136,.,-9.241635,33.52306,.,21,23.3,17.9,5.4,1112,0,5742,160,1201,2050,1109
25137,.,-8.7089,32.262899,.,20.9,23.5,18.4,5.2,1117,0,5718,154,1169,2020,1074
25138,.,-9.317077,34.748527,.,17.6,19.5,15.3,4.2,941,0,4532,553,410,1795,1086
25139,.,-9.119179,34.532283,.,19,21.4,16.5,5,894,0,5057,326,688,1915,1156
25140,.,-9.119179,34.532283,.,19,21.4,16.5,5,894,0,5057,326,688,1915,1156
25141,.,-9.119179,34.532283,.,19,21.4,16.5,5,894,0,5057,326,688,1915,1156
25142,.,-2.497087,34.186432,.,22.3,23.8,20.9,2.9,996,0,6214,76,1601,2049,1191
25143,.,-4.585708,33.363623,.,23.1,25.3,21.5,3.8,858,0,6496,55,1875,2143,1340
25144,.,-4.585708,33.363623,.,23.1,25.3,21.5,3.8,858,0,6496,55,1875,2143,1340
25145,.,-4.237172,33.565064,.,23.2,25.2,21.6,3.6,842,0,6524,53,1900,2126,1334
25146,.,-4.922258,32.969155,.,23.1,25.4,21.4,4,877,0,6503,55,1882,2127,1299
25147,.,-4.859922,38.399556,.,19.5,21,18.3,2.6,1404,0,5213,247,748,1809,831
25148,.,-6.824115,39.216743,.,26.7,28.1,25,3.1,1157,0,7784,12,3127,2007,1091
25149,.,-6.158228,36.208681,.,24,26,21.6,4.4,707,0,6818,41,2168,2205,1589
25150,.,-6.158228,36.208681,.,24,26,21.6,4.4,707,0,6818,41,2168,2205,1589
25151,.,-1.261614,31.851833,.,22.2,23.6,21.4,2.2,1897,0,6192,77,1570,1807,637
25152,.,-4.914458,29.703758,.,24.5,27.3,23.1,4.2,1104,0,7006,31,2366,1994,941
25153,.,-8.541018,39.242374,.,26.6,28.3,24.9,3.4,1185,0,7744,13,3088,2019,985
25154,.,-1.298843,33.991878,.,22.6,23.7,21.1,2.6,1418,0,6313,67,1692,1916,845
25155,.,-8.912928,33.345906,.,20.6,23.4,17.5,5.9,911,0,5592,183,1074,2040,1190
25156,.,-6.790978,37.692138,.,25.4,27,23,4,975,0,7323,21,2666,2121,1279
25157,.,-10.461805,39.041961,.,26.2,28,24,4,1209,0,7616,15,2959,2208,1316
25158,.,-2.653203,33.436965,.,22.9,24.5,21.4,3.1,1030,0,6416,60,1793,2004,1149
25159,.,-3.205755,33.433727,.,23,24.8,21.6,3.2,907,0,6451,57,1831,2098,1283
25160,.,-2.340419,32.495097,.,23.6,25.5,22.7,2.8,1295,0,6673,44,2047,1927,937
25161,.,-3.946218,34.303596,.,24.1,26.3,22.4,3.9,768,0,6864,35,2224,2208,1480
25162,.,-4.50435,34.951515,.,20.9,22.8,18.8,4,724,0,5708,145,1141,2071,1393
25163,.,-4.50435,34.951515,.,20.9,22.8,18.8,4,724,0,5708,145,1141,2071,1393
25164,.,-5.73389,34.840642,.,22.3,24.2,20,4.2,838,0,6205,84,1603,2115,1454
25165,.,-4.274588,34.696006,.,21.4,23.6,19.4,4.2,774,0,5906,114,1316,2042,1315
25166,.,-4.135903,33.388877,.,23.3,25.5,21.7,3.7,863,0,6578,50,1953,2109,1296
25167,.,-5.241335,32.723778,.,23.7,26.2,21.9,4.3,871,0,6702,44,2069,2195,1374
25168,.,-5.259484,31.723745,.,23.8,26.3,22.1,4.2,948,0,6769,40,2136,2160,1256
25169,.,-4.448473,32.239933,.,23.4,25.8,22,3.8,948,0,6616,48,1987,2108,1234
25170,.,-8.884386,31.959839,.,20,22.8,17.1,5.6,1084,0,5391,228,918,2029,1084
25171,.,-8.119428,35.717141,.,18.4,20.2,16.2,4,830,0,4821,400,535,1861,1142
25172,.,-1.5393,31.144818,.,20.5,21.7,19.4,2.2,1425,0,5572,165,1022,1847,744
25173,.,-3.721711,32.992311,.,23.3,25.3,21.9,3.4,924,0,6567,50,1941,2117,1272
25174,.,-3.713495,33.138062,.,23,25,21.5,3.5,925,0,6458,57,1839,2090,1244
25175,.,-2.555948,32.134145,.,23,25,21.8,3.1,1116,0,6470,57,1850,1955,1017
25176,.,-3.881223,32.689968,.,23.1,25.2,21.8,3.5,933,0,6511,54,1889,2088,1240
25177,.,-4.50435,34.951515,.,20.9,22.8,18.8,4,724,0,5708,145,1141,2071,1393
25178,.,-5.73389,34.840642,.,22.3,24.2,20,4.2,838,0,6205,84,1603,2115,1454
25179,.,-4.95425,38.674339,.,24.6,26.2,22.7,3.5,1300,0,7019,31,2366,1983,980
25180,.,-7.934762,31.613775,.,18.8,21.7,16.7,5,1041,0,4983,344,631,1918,985
25181,.,-6.125767,35.734303,.,23.2,25,20.8,4.3,697,0,6537,57,1904,2139,1547
25182,.,-1.886481,33.734502,.,22,23.1,20.6,2.5,1194,0,6104,86,1499,1919,983
25183,.,-3.912616,34.758765,.,24,26.1,21.9,4.2,746,0,6841,37,2199,2152,1439
25184,.,-4.174485,32.086785,.,23.5,25.6,22.2,3.4,986,0,6635,47,2010,2132,1226
25185,.,-4.174485,32.086785,.,23.5,25.6,22.2,3.4,986,0,6635,47,2010,2132,1226
25186,.,-3.642559,34.297041,.,23.4,25.4,21.8,3.6,820,0,6627,47,1997,2172,1417
25187,.,-3.642559,34.297041,.,23.4,25.4,21.8,3.6,820,0,6627,47,1997,2172,1417
25188,.,-3.18041,34.31841,.,22.1,23.9,20.5,3.4,853,0,6155,82,1546,2083,1285
25189,.,-4.870593,31.726693,.,23.7,26,22.1,4,987,0,6713,43,2084,2132,1208
25190,.,-3.356622,31.573305,.,22.8,24.5,21.7,2.8,1078,0,6386,63,1770,2029,1079
25191,.,-1.417565,31.488754,.,22.3,23.4,21.4,2.1,1324,0,6220,75,1603,1931,844
25192,.,-3.19286,37.594183,.,19.4,21.1,17.3,3.9,1918,0,5193,270,757,1912,725
25193,.,-1.624962,33.9258,.,22.1,23.2,20.6,2.6,1260,0,6152,81,1544,1927,914
25194,.,-7.871688,32.490649,.,22.9,25.5,20,5.5,1090,0,6423,70,1804,2087,1113
25195,.,-10.736283,39.193158,.,24.4,26.6,22.2,4.4,1238,0,6962,33,2311,2121,1253
25196,.,-10.880774,39.50718,.,25.1,27.2,23.1,4.2,1325,0,7222,24,2568,2120,1212
25197,.,-10.963992,38.53004,.,25.9,28.2,23.5,4.7,1115,0,7489,18,2830,2220,1368
25198,.,-10.963992,38.53004,.,25.9,28.2,23.5,4.7,1115,0,7489,18,2830,2220,1368
25199,.,-10.677433,38.897797,.,25.4,27.6,23.1,4.5,1123,0,7326,22,2669,2167,1334
25200,.,-2.102759,33.072613,.,23.8,26.2,22.5,3.7,1399,0,6753,41,2124,1910,871
25201,.,-3.551871,33.128562,.,23.2,25.2,21.7,3.4,916,0,6527,53,1904,2081,1252
25202,.,-4.785695,33.703627,.,23.6,25.8,21.9,3.9,847,0,6670,45,2038,2178,1424
25203,.,-4.922258,32.969155,.,23.1,25.4,21.4,4,877,0,6503,55,1882,2127,1299
25204,.,-5.106635,32.296262,.,23.6,26,21.9,4.1,955,0,6674,45,2043,2151,1252
25205,.,-3.370863,36.797238,.,21.3,23,18.9,4.1,1380,0,5850,130,1288,2037,1108
25206,.,-3.255846,36.599674,.,19.3,20.9,17.3,3.5,1034,0,5160,273,728,1933,1099
25207,.,-2.743856,32.039835,.,22.9,24.8,21.5,3.3,1058,0,6436,59,1819,1973,1060
25208,.,-3.013518,32.537231,.,22.6,24.2,21.5,2.7,984,0,6335,66,1714,2032,1173
25209,.,-6.72782,32.034034,.,22.9,25.6,20.8,4.8,936,0,6446,61,1821,2142,1270
25210,.,-5.076621,30.676516,.,23.2,25.4,21.7,3.7,1019,0,6542,53,1920,2082,1095
25211,.,-10.131454,38.94476,.,25,26.7,22.5,4.2,1166,0,7182,25,2528,2067,1168
25212,.,-4.335905,35.703686,.,21.3,22.9,19.2,3.8,1050,0,5856,125,1287,2072,1312
25213,.,-4.579074,35.524792,.,20.7,22.3,18.6,3.7,920,0,5643,160,1091,2069,1348
25214,.,-4.50435,34.951515,.,20.9,22.8,18.8,4,724,0,5708,145,1141,2071,1393
25215,.,-4.135903,33.388877,.,23.3,25.5,21.7,3.7,863,0,6578,50,1953,2109,1296
25216,.,-5.241335,32.723778,.,23.7,26.2,21.9,4.3,871,0,6702,44,2069,2195,1374
25217,.,-6.954393,39.083735,.,26.3,27.7,24.6,3.1,1125,0,7648,14,2992,1998,1093
25218,.,-3.208694,33.333071,.,23.1,24.9,21.8,3.1,916,0,6497,54,1874,2090,1267
25219,.,-4.237172,33.565064,.,23.2,25.2,21.6,3.6,842,0,6524,53,1900,2126,1334
25220,.,-4.870593,31.726693,.,23.7,26,22.1,4,987,0,6713,43,2084,2132,1208
25221,.,-5.713724,37.63525,.,24.3,26.1,22.1,4,1048,0,6926,36,2273,2099,1265
25222,.,-3.013518,32.537231,.,22.6,24.2,21.5,2.7,984,0,6335,66,1714,2032,1173
25223,.,-1.516872,30.887048,.,21.4,22.5,20.3,2.2,1279,0,5886,114,1288,1900,855
25224,.,-8.768188,34.336964,.,22.5,25,19.5,5.5,779,0,6283,80,1673,2054,1312
25225,.,-3.47104,32.656339,.,23.1,25.1,21.9,3.1,941,0,6522,53,1898,2094,1244
25226,.,-6.954393,39.083735,.,26.3,27.7,24.6,3.1,1125,0,7648,14,2992,1998,1093
25227,.,-6.893276,39.262709,.,26.8,28.1,25,3.1,1285,0,7811,12,3153,1977,1065
25228,.,-6.291397,36.68088,.,22.4,24.3,20.1,4.1,766,0,6257,78,1650,2105,1460
25229,.,-5.843553,35.963128,.,21.8,23.7,19.6,4.1,843,0,6046,100,1458,2082,1433
25230,.,-5.015585,36.251167,.,22.2,23.7,19.9,3.8,765,0,6169,87,1572,2096,1458
25231,.,-8.560051,35.319559,.,17.6,19.4,15.6,3.8,1210,0,4532,539,398,1819,1056
25232,.,-8.560051,35.319559,.,17.6,19.4,15.6,3.8,1210,0,4532,539,398,1819,1056
25233,.,-8.560051,35.319559,.,17.6,19.4,15.6,3.8,1210,0,4532,539,398,1819,1056
25234,.,-7.741634,35.653049,.,20.3,22.2,17.8,4.4,748,0,5518,186,998,1925,1260
25235,.,-7.741634,35.653049,.,20.3,22.2,17.8,4.4,748,0,5518,186,998,1925,1260
25236,.,-1.5393,31.144818,.,20.5,21.7,19.4,2.2,1425,0,5572,165,1022,1847,744
25237,.,-1.680202,31.720507,.,22.3,23.8,21.2,2.6,1517,0,6215,76,1590,1853,720
25238,.,-2.041004,31.518359,.,21.2,22.8,20.1,2.7,1404,0,5831,122,1239,1874,813
25239,.,-6.342617,31.058254,.,23.2,25.8,21.2,4.6,1120,0,6552,53,1930,2140,1137
25240,.,-7.093726,31.066526,.,23.5,26.3,21.3,5.1,1020,0,6640,49,2013,2164,1189
25241,.,-4.25266,30.073065,.,22,24,20.8,3.2,1118,0,6104,90,1486,2016,943
25242,.,-4.25266,30.073065,.,22,24,20.8,3.2,1118,0,6104,90,1486,2016,943
25243,.,-4.25266,30.073065,.,22,24,20.8,3.2,1118,0,6104,90,1486,2016,943
25244,.,-3.406001,30.891981,.,21.9,23.8,20.9,3,1162,0,6093,90,1465,2000,953
25245,.,-4.353883,37.975329,.,18.9,20.4,17.7,2.7,1204,0,4996,317,614,1826,889
25246,.,-3.851768,35.542686,.,19.4,21,17.4,3.5,1058,0,5175,267,737,1912,1067
25247,.,-8.932959,33.353008,.,20.6,23.4,17.5,6,903,0,5609,181,1088,2050,1208
25248,.,-8.932959,33.353008,.,20.6,23.4,17.5,6,903,0,5609,181,1088,2050,1208
25249,.,-9.241635,33.52306,.,21,23.3,17.9,5.4,1112,0,5742,160,1201,2050,1109
25250,.,-8.848529,34.05057,.,22.2,24.8,19.3,5.5,891,0,6194,89,1593,2090,1256
25251,.,-8.919834,33.417476,.,19.3,21.9,16.5,5.4,905,0,5145,299,744,1958,1137
25252,.,-2.773482,33.191684,.,22.5,24,21.1,2.9,1042,0,6274,71,1655,1991,1131
25253,.,-2.773482,33.191684,.,22.5,24,21.1,2.9,1042,0,6274,71,1655,1991,1131
25254,.,-9.317077,34.748527,.,17.6,19.5,15.3,4.2,941,0,4532,553,410,1795,1086
25255,.,-10.141647,34.587338,.,22,24.8,18.9,5.9,896,0,6115,105,1532,1850,1130
25256,.,-6.366154,38.579926,.,26.2,27.9,24.3,3.5,1107,0,7615,15,2961,2013,1171
25257,.,-2.620348,33.774256,.,22.9,24.3,21.6,2.7,988,0,6419,59,1789,2043,1208
25258,.,-2.620348,33.774256,.,22.9,24.3,21.6,2.7,988,0,6419,59,1789,2043,1208
25259,.,-4.0157,33.057911,.,23.6,25.8,22.2,3.6,866,0,6692,43,2064,2184,1367
25260,.,-4.237172,33.565064,.,23.2,25.2,21.6,3.6,842,0,6524,53,1900,2126,1334
25261,.,-4.785695,33.703627,.,23.6,25.8,21.9,3.9,847,0,6670,45,2038,2178,1424
25262,.,-4.785695,33.703627,.,23.6,25.8,21.9,3.9,847,0,6670,45,2038,2178,1424
25263,.,-4.785695,33.703627,.,23.6,25.8,21.9,3.9,847,0,6670,45,2038,2178,1424
25264,.,-4.922258,32.969155,.,23.1,25.4,21.4,4,877,0,6503,55,1882,2127,1299
25265,.,-4.922258,32.969155,.,23.1,25.4,21.4,4,877,0,6503,55,1882,2127,1299
25266,.,-5.349959,32.589073,.,23.7,26.3,21.9,4.3,878,0,6728,42,2093,2203,1367
25267,.,-5.349959,32.589073,.,23.7,26.3,21.9,4.3,878,0,6728,42,2093,2203,1367
25268,.,-4.859922,38.399556,.,19.5,21,18.3,2.6,1404,0,5213,247,748,1809,831
25269,.,-4.859922,38.399556,.,19.5,21,18.3,2.6,1404,0,5213,247,748,1809,831
25270,.,-4.859922,38.399556,.,19.5,21,18.3,2.6,1404,0,5213,247,748,1809,831
25271,.,-2.279175,35.697197,.,20.9,22.2,18.8,3.4,1805,0,5707,145,1138,1965,841
25272,.,-3.255846,36.599674,.,19.3,20.9,17.3,3.5,1034,0,5160,273,728,1933,1099
25273,.,-3.255846,36.599674,.,19.3,20.9,17.3,3.5,1034,0,5160,273,728,1933,1099
25274,.,-3.356622,31.573305,.,22.8,24.5,21.7,2.8,1078,0,6386,63,1770,2029,1079
25275,.,-1.417565,31.488754,.,22.3,23.4,21.4,2.1,1324,0,6220,75,1603,1931,844
25276,.,-2.096407,31.381676,.,22.1,23.6,21.1,2.5,1260,0,6155,83,1537,1971,941
25277,.,-4.914458,29.703758,.,24.5,27.3,23.1,4.2,1104,0,7006,31,2366,1994,941
25278,.,-4.914458,29.703758,.,24.5,27.3,23.1,4.2,1104,0,7006,31,2366,1994,941
25279,.,-4.587936,30.12575,.,21.7,23.8,20.4,3.4,1195,0,5995,102,1379,1983,907
25280,.,-4.587936,30.12575,.,21.7,23.8,20.4,3.4,1195,0,5995,102,1379,1983,907
25281,.,-3.19286,37.594183,.,19.4,21.1,17.3,3.9,1918,0,5193,270,757,1912,725
25282,.,-3.226452,37.213665,.,21.2,23.1,18.7,4.4,1685,0,5833,134,1274,2035,1023
25283,.,-1.886481,33.734502,.,22,23.1,20.6,2.5,1194,0,6104,86,1499,1919,983
25284,.,-8.941709,32.938265,.,20.1,22.7,17.3,5.4,950,0,5414,220,930,1956,1097
25285,.,-8.102618,36.669904,.,26.5,28.9,23.8,5,1212,0,7706,15,3044,2216,1314
25286,.,-8.144825,36.684594,.,26.5,28.9,23.8,5.1,1075,0,7724,14,3059,2247,1367
25287,.,-10.968459,39.367638,.,24.8,27,22.7,4.3,1338,0,7095,29,2441,2105,1205
25288,.,-10.968459,39.367638,.,24.8,27,22.7,4.3,1338,0,7095,29,2441,2105,1205
25289,.,-10.968459,39.367638,.,24.8,27,22.7,4.3,1338,0,7095,29,2441,2105,1205
25290,.,-10.968459,39.367638,.,24.8,27,22.7,4.3,1338,0,7095,29,2441,2105,1205
25291,.,-10.791146,39.19783,.,23.8,26,21.7,4.2,1284,0,6746,42,2106,2046,1175
25292,.,-10.461805,39.041961,.,26.2,28,24,4,1209,0,7616,15,2959,2208,1316
25293,.,-10.461805,39.041961,.,26.2,28,24,4,1209,0,7616,15,2959,2208,1316
25294,.,-10.853167,38.835247,.,25.6,28.1,23.3,4.8,1167,0,7405,20,2747,2175,1322
25295,.,-2.653203,33.436965,.,22.9,24.5,21.4,3.1,1030,0,6416,60,1793,2004,1149
25296,.,-8.737525,34.764719,.,21.3,23.5,18.4,5.1,744,0,5846,134,1282,1990,1290
25297,.,-9.053215,34.847918,.,18.4,20.4,16.1,4.3,829,0,4840,403,557,1822,1126
25298,.,-9.053215,34.847918,.,18.4,20.4,16.1,4.3,829,0,4840,403,557,1822,1126
25299,.,-9.053215,34.847918,.,18.4,20.4,16.1,4.3,829,0,4840,403,557,1822,1126
25300,.,-9.053215,34.847918,.,18.4,20.4,16.1,4.3,829,0,4840,403,557,1822,1126
25301,.,-9.053215,34.847918,.,18.4,20.4,16.1,4.3,829,0,4840,403,557,1822,1126
25302,.,-8.855329,34.815961,.,19.4,21.5,16.9,4.5,766,0,5192,275,763,1861,1175
25303,.,-8.181343,31.988606,.,24.2,27.3,21.4,6,1148,0,6879,39,2242,2297,1199
25304,.,-7.362932,30.625977,.,25,28.8,22.3,6.4,1110,0,7195,27,2549,2154,1121
25305,.,-7.362932,30.625977,.,25,28.8,22.3,6.4,1110,0,7195,27,2549,2154,1121
25306,.,-11.09013,37.481496,.,24.5,27,21.8,5.1,994,0,7009,35,2357,2127,1315
25307,.,-10.687878,35.658679,.,21.2,23.9,18.3,5.6,820,0,5825,144,1272,1909,1255
25308,.,-3.315465,33.450113,.,23,24.9,21.6,3.3,892,0,6481,55,1860,2106,1298
25309,.,-3.721711,32.992311,.,23.3,25.3,21.9,3.4,924,0,6567,50,1941,2117,1272
25310,.,-3.721711,32.992311,.,23.3,25.3,21.9,3.4,924,0,6567,50,1941,2117,1272
25311,.,-3.713495,33.138062,.,23,25,21.5,3.5,925,0,6458,57,1839,2090,1244
25312,.,-3.713495,33.138062,.,23,25,21.5,3.5,925,0,6458,57,1839,2090,1244
25313,.,-3.859588,32.159792,.,23.1,25.1,21.8,3.3,982,0,6505,55,1882,2073,1191
25314,.,-3.859588,32.159792,.,23.1,25.1,21.8,3.3,982,0,6505,55,1882,2073,1191
25315,.,-3.881223,32.689968,.,23.1,25.2,21.8,3.5,933,0,6511,54,1889,2088,1240
25316,.,-3.881223,32.689968,.,23.1,25.2,21.8,3.5,933,0,6511,54,1889,2088,1240
25317,.,-2.757952,34.038789,.,22.3,24,20.9,3.1,957,0,6214,76,1599,2030,1202
25318,.,-2.440637,34.127939,.,22.4,23.8,21.1,2.8,1016,0,6243,73,1627,2027,1167
25319,.,-3.01235,33.913939,.,22.4,24.1,20.9,3.2,925,0,6242,74,1627,2051,1233
25320,.,-3.199691,33.512852,.,22.8,24.6,21.4,3.2,912,0,6407,60,1790,2092,1273
25321,.,-4.50435,34.951515,.,20.9,22.8,18.8,4,724,0,5708,145,1141,2071,1393
25322,.,-5.73389,34.840642,.,22.3,24.2,20,4.2,838,0,6205,84,1603,2115,1454
25323,.,-5.692854,34.484681,.,22.5,24.7,20.3,4.4,739,0,6280,74,1666,2168,1481
25324,.,-4.44718,33.260241,.,23.1,25.3,21.5,3.8,861,0,6508,54,1886,2140,1329
25325,.,-4.135903,33.388877,.,23.3,25.5,21.7,3.7,863,0,6578,50,1953,2109,1296
25326,.,-5.885208,33.010026,.,23.5,26.1,21.5,4.5,843,0,6638,48,2008,2187,1387
25327,.,-4.448473,32.239933,.,23.4,25.8,22,3.8,948,0,6616,48,1987,2108,1234
25328,.,-5.162004,38.576962,.,24.6,26.3,22.7,3.6,1392,0,7021,31,2368,2003,1012
25329,.,-5.162004,38.576962,.,24.6,26.3,22.7,3.6,1392,0,7021,31,2368,2003,1012
25330,.,-5.162004,38.576962,.,24.6,26.3,22.7,3.6,1392,0,7021,31,2368,2003,1012
25331,.,-5.841927,37.257067,.,22.8,24.6,20.6,3.9,934,0,6386,66,1768,2048,1259
25332,.,-7.741634,35.653049,.,20.3,22.2,17.8,4.4,748,0,5518,186,998,1925,1260
25333,.,-9.241635,33.52306,.,21,23.3,17.9,5.4,1112,0,5742,160,1201,2050,1109
25334,.,-7.403818,30.676293,.,25,28.9,22.4,6.5,1108,0,7177,28,2533,2178,1143
25335,.,-6.158228,36.208681,.,24,26,21.6,4.4,707,0,6818,41,2168,2205,1589
25336,.,-8.102618,36.669904,.,26.5,28.9,23.8,5,1212,0,7706,15,3044,2216,1314
25337,.,-9.317077,34.748527,.,17.6,19.5,15.3,4.2,941,0,4532,553,410,1795,1086
25338,.,-3.551871,33.128562,.,23.2,25.2,21.7,3.4,916,0,6527,53,1904,2081,1252
25339,.,-3.208694,33.333071,.,23.1,24.9,21.8,3.1,916,0,6497,54,1874,2090,1267
25340,.,-2.555948,32.134145,.,23,25,21.8,3.1,1116,0,6470,57,1850,1955,1017
25341,.,-8.511262,35.057685,.,18.5,20.4,16.2,4.2,828,0,4849,394,556,1845,1134
25342,.,-7.871688,32.490649,.,22.9,25.5,20,5.5,1090,0,6423,70,1804,2087,1113
25343,.,-3.617599,33.542168,.,23.2,25.1,21.7,3.5,899,0,6524,53,1901,2103,1262
25344,.,-4.335905,35.703686,.,21.3,22.9,19.2,3.8,1050,0,5856,125,1287,2072,1312
25345,.,-10.968459,39.367638,.,24.8,27,22.7,4.3,1338,0,7095,29,2441,2105,1205
25346,.,-2.653203,33.436965,.,22.9,24.5,21.4,3.1,1030,0,6416,60,1793,2004,1149
25347,.,-8.737525,34.764719,.,21.3,23.5,18.4,5.1,744,0,5846,134,1282,1990,1290
25348,.,-8.737525,34.764719,.,21.3,23.5,18.4,5.1,744,0,5846,134,1282,1990,1290
25349,.,-11.09013,37.481496,.,24.5,27,21.8,5.1,994,0,7009,35,2357,2127,1315
25350,.,-3.47104,32.656339,.,23.1,25.1,21.9,3.1,941,0,6522,53,1898,2094,1244
25351,.,-3.01235,33.913939,.,22.4,24.1,20.9,3.2,925,0,6242,74,1627,2051,1233
25352,.,-3.452131,34.016534,.,23.1,24.9,21.5,3.4,842,0,6492,55,1870,2133,1357
25353,.,-3.199691,33.512852,.,22.8,24.6,21.4,3.2,912,0,6407,60,1790,2092,1273
25354,.,-3.199691,33.512852,.,22.8,24.6,21.4,3.2,912,0,6407,60,1790,2092,1273
25355,.,-5.692854,34.484681,.,22.5,24.7,20.3,4.4,739,0,6280,74,1666,2168,1481
25356,.,-4.448473,32.239933,.,23.4,25.8,22,3.8,948,0,6616,48,1987,2108,1234
25357,.,-8.560051,35.319559,.,17.6,19.4,15.6,3.8,1210,0,4532,539,398,1819,1056
25358,.,-3.912616,34.758765,.,24,26.1,21.9,4.2,746,0,6841,37,2199,2152,1439
25359,.,-3.912616,34.758765,.,24,26.1,21.9,4.2,746,0,6841,37,2199,2152,1439
25360,.,-2.97837,31.943305,.,22.5,24.1,21.5,2.6,1114,0,6288,70,1676,1975,1063
25361,.,-4.22199,32.679842,.,23.2,25.4,21.8,3.6,950,0,6535,52,1910,2120,1247
25362,.,-2.931193,34.411798,.,21.5,23.3,19.9,3.4,856,0,5936,107,1347,2043,1250
25363,.,-4.585708,33.363623,.,23.1,25.3,21.5,3.8,858,0,6496,55,1875,2143,1340
25364,.,-6.824115,39.216743,.,26.7,28.1,25,3.1,1157,0,7784,12,3127,2007,1091
25365,.,-4.95425,38.674339,.,24.6,26.2,22.7,3.5,1300,0,7019,31,2366,1983,980
25366,.,-9.317077,34.748527,.,17.6,19.5,15.3,4.2,941,0,4532,553,410,1795,1086
25367,.,-4.174485,32.086785,.,23.5,25.6,22.2,3.4,986,0,6635,47,2010,2132,1226
25368,.,-5.852405,35.073446,.,24.7,26.7,22.5,4.2,851,0,7085,29,2431,2286,1632
25369,.,-4.922258,32.969155,.,23.1,25.4,21.4,4,877,0,6503,55,1882,2127,1299
25370,.,-5.816526,38.666304,.,26.6,28.3,24.7,3.6,1126,0,7729,13,3075,2060,1152
25371,.,-10.276102,38.459645,.,25.6,27.4,23.2,4.2,1047,0,7405,19,2747,2161,1295
25372,.,-10.276102,38.459645,.,25.6,27.4,23.2,4.2,1047,0,7405,19,2747,2161,1295
25373,.,-4.335905,35.703686,.,21.3,22.9,19.2,3.8,1050,0,5856,125,1287,2072,1312
25374,.,-1.726895,34.273927,.,21.9,23.3,20.5,2.8,1184,0,6079,89,1475,1955,995
25375,.,-10.745027,38.80083,.,25.3,27.7,23.1,4.6,1112,0,7298,23,2643,2156,1334
25376,.,-6.80597,39.163006,.,26.5,27.9,24.9,3,1148,0,7707,13,3050,1978,1060
25377,.,-6.887772,39.178295,.,26.6,28,24.9,3.1,1141,0,7755,12,3099,2013,1106
25378,.,-6.291397,36.68088,.,22.4,24.3,20.1,4.1,766,0,6257,78,1650,2105,1460
25379,.,-5.015585,36.251167,.,22.2,23.7,19.9,3.8,765,0,6169,87,1572,2096,1458
25380,.,-2.555948,32.134145,.,23,25,21.8,3.1,1116,0,6470,57,1850,1955,1017
25381,.,-2.555948,32.134145,.,23,25,21.8,3.1,1116,0,6470,57,1850,1955,1017
25382,.,-8.511262,35.057685,.,18.5,20.4,16.2,4.2,828,0,4849,394,556,1845,1134
25383,.,-8.511262,35.057685,.,18.5,20.4,16.2,4.2,828,0,4849,394,556,1845,1134
25384,.,-8.560051,35.319559,.,17.6,19.4,15.6,3.8,1210,0,4532,539,398,1819,1056
25385,.,-8.560051,35.319559,.,17.6,19.4,15.6,3.8,1210,0,4532,539,398,1819,1056
25386,.,-8.560051,35.319559,.,17.6,19.4,15.6,3.8,1210,0,4532,539,398,1819,1056
25387,.,-1.572398,31.51138,.,22.1,23.5,21.1,2.4,1351,0,6151,83,1534,1928,860
25388,.,-1.572398,31.51138,.,22.1,23.5,21.1,2.4,1351,0,6151,83,1534,1928,860
25389,.,-1.572398,31.51138,.,22.1,23.5,21.1,2.4,1351,0,6151,83,1534,1928,860
25390,.,-3.158048,31.327736,.,22,23.8,20.8,3,1141,0,6125,87,1516,1975,996
25391,.,-3.158048,31.327736,.,22,23.8,20.8,3,1141,0,6125,87,1516,1975,996
25392,.,-4.25266,30.073065,.,22,24,20.8,3.2,1118,0,6104,90,1486,2016,943
25393,.,-4.25266,30.073065,.,22,24,20.8,3.2,1118,0,6104,90,1486,2016,943
25394,.,-3.406001,30.891981,.,21.9,23.8,20.9,3,1162,0,6093,90,1465,2000,953
25395,.,-2.981403,37.540106,.,18.8,20.3,16.6,3.7,1507,0,4977,334,615,1871,887
25396,.,-3.303976,37.456634,.,20.3,22.3,18.2,4.1,1710,0,5505,193,984,1942,886
25397,.,-8.7089,32.262899,.,20.9,23.5,18.4,5.2,1117,0,5718,154,1169,2020,1074
25398,.,-10.736283,39.193158,.,24.4,26.6,22.2,4.4,1238,0,6962,33,2311,2121,1253
25399,.,-10.963992,38.53004,.,25.9,28.2,23.5,4.7,1115,0,7489,18,2830,2220,1368
25400,.,-10.963992,38.53004,.,25.9,28.2,23.5,4.7,1115,0,7489,18,2830,2220,1368
25401,.,-10.677433,38.897797,.,25.4,27.6,23.1,4.5,1123,0,7326,22,2669,2167,1334
25402,.,-2.773482,33.191684,.,22.5,24,21.1,2.9,1042,0,6274,71,1655,1991,1131
25403,.,-4.585708,33.363623,.,23.1,25.3,21.5,3.8,858,0,6496,55,1875,2143,1340
25404,.,-4.0157,33.057911,.,23.6,25.8,22.2,3.6,866,0,6692,43,2064,2184,1367
25405,.,-4.237172,33.565064,.,23.2,25.2,21.6,3.6,842,0,6524,53,1900,2126,1334
25406,.,-4.237172,33.565064,.,23.2,25.2,21.6,3.6,842,0,6524,53,1900,2126,1334
25407,.,-5.106635,32.296262,.,23.6,26,21.9,4.1,955,0,6674,45,2043,2151,1252
25408,.,-7.102633,39.52852,.,26.8,28.3,25.1,3.2,1456,0,7806,12,3148,1882,891
25409,.,-4.484781,29.76894,.,20,22.3,18.7,3.5,1314,0,5385,214,889,1823,714
25410,.,-9.3162,33.45282,.,17.9,20,15.2,4.8,1158,0,4634,508,463,1868,988
25411,.,-6.148942,36.884387,.,21.5,23.3,19.3,3.9,892,0,5937,114,1359,1997,1274
25412,.,-10.968459,39.367638,.,24.8,27,22.7,4.3,1338,0,7095,29,2441,2105,1205
25413,.,-10.791146,39.19783,.,23.8,26,21.7,4.2,1284,0,6746,42,2106,2046,1175
25414,.,-10.461805,39.041961,.,26.2,28,24,4,1209,0,7616,15,2959,2208,1316
25415,.,-10.801111,39.863195,.,25.9,27.9,24,3.9,1281,0,7516,17,2854,2121,1251
25416,.,-10.422734,39.371462,.,24.6,26.4,22.5,3.9,1249,0,7043,29,2389,2055,1164
25417,.,-10.853167,38.835247,.,25.6,28.1,23.3,4.8,1167,0,7405,20,2747,2175,1322
25418,.,-10.853167,38.835247,.,25.6,28.1,23.3,4.8,1167,0,7405,20,2747,2175,1322
25419,.,-10.853167,38.835247,.,25.6,28.1,23.3,4.8,1167,0,7405,20,2747,2175,1322
25420,.,-2.828391,32.819702,.,23,24.5,21.7,2.8,1029,0,6485,55,1863,1993,1126
25421,.,-2.828391,32.819702,.,23,24.5,21.7,2.8,1029,0,6485,55,1863,1993,1126
25422,.,-2.828391,32.819702,.,23,24.5,21.7,2.8,1029,0,6485,55,1863,1993,1126
25423,.,-8.181343,31.988606,.,24.2,27.3,21.4,6,1148,0,6879,39,2242,2297,1199
25424,.,-10.687878,35.658679,.,21.2,23.9,18.3,5.6,820,0,5825,144,1272,1909,1255
25425,.,-3.47104,32.656339,.,23.1,25.1,21.9,3.1,941,0,6522,53,1898,2094,1244
25426,.,-2.757952,34.038789,.,22.3,24,20.9,3.1,957,0,6214,76,1599,2030,1202
25427,.,-2.757952,34.038789,.,22.3,24,20.9,3.1,957,0,6214,76,1599,2030,1202
25428,.,-2.757952,34.038789,.,22.3,24,20.9,3.1,957,0,6214,76,1599,2030,1202
25429,.,-2.440637,34.127939,.,22.4,23.8,21.1,2.8,1016,0,6243,73,1627,2027,1167
25430,.,-3.01235,33.913939,.,22.4,24.1,20.9,3.2,925,0,6242,74,1627,2051,1233
25431,.,-3.01235,33.913939,.,22.4,24.1,20.9,3.2,925,0,6242,74,1627,2051,1233
25432,.,-3.452131,34.016534,.,23.1,24.9,21.5,3.4,842,0,6492,55,1870,2133,1357
25433,.,-3.199691,33.512852,.,22.8,24.6,21.4,3.2,912,0,6407,60,1790,2092,1273
25434,.,-5.73389,34.840642,.,22.3,24.2,20,4.2,838,0,6205,84,1603,2115,1454
25435,.,-4.290017,33.868964,.,23.8,25.8,22.1,3.8,833,0,6738,41,2105,2194,1428
25436,.,-4.135903,33.388877,.,23.3,25.5,21.7,3.7,863,0,6578,50,1953,2109,1296
25437,.,-5.241335,32.723778,.,23.7,26.2,21.9,4.3,871,0,6702,44,2069,2195,1374
25438,.,-5.841927,37.257067,.,22.8,24.6,20.6,3.9,934,0,6386,66,1768,2048,1259
25439,.,-5.841927,37.257067,.,22.8,24.6,20.6,3.9,934,0,6386,66,1768,2048,1259
25440,.,-4.585708,33.363623,.,23.1,25.3,21.5,3.8,858,0,6496,55,1875,2143,1340
25441,.,-5.106635,32.296262,.,23.6,26,21.9,4.1,955,0,6674,45,2043,2151,1252
25442,.,-9.241635,33.52306,.,21,23.3,17.9,5.4,1112,0,5742,160,1201,2050,1109
25443,.,-6.158228,36.208681,.,24,26,21.6,4.4,707,0,6818,41,2168,2205,1589
25444,.,-3.47104,32.656339,.,23.1,25.1,21.9,3.1,941,0,6522,53,1898,2094,1244
25445,.,-3.859588,32.159792,.,23.1,25.1,21.8,3.3,982,0,6505,55,1882,2073,1191
25446,.,-3.184448,36.71383,.,16.8,18.1,15.3,2.8,1094,0,4254,688,279,1783,907
25447,.,-6.86704,39.154186,.,26.5,27.9,24.8,3.1,1129,0,7729,13,3072,1996,1086
25448,.,-10.677433,38.897797,.,25.4,27.6,23.1,4.5,1123,0,7326,22,2669,2167,1334
25449,.,-10.141647,34.587338,.,22,24.8,18.9,5.9,896,0,6115,105,1532,1850,1130
25450,.,-2.931193,34.411798,.,21.5,23.3,19.9,3.4,856,0,5936,107,1347,2043,1250
25451,.,-7.425803,35.842,.,22.2,24.2,19.7,4.6,760,0,6178,88,1578,2038,1400
25452,.,-8.511262,35.057685,.,18.5,20.4,16.2,4.2,828,0,4849,394,556,1845,1134
25453,.,-8.511262,35.057685,.,18.5,20.4,16.2,4.2,828,0,4849,394,556,1845,1134
25454,.,-1.368193,31.139508,.,21.2,22.4,20.3,2,1380,0,5827,121,1234,1880,746
25455,.,-1.572398,31.51138,.,22.1,23.5,21.1,2.4,1351,0,6151,83,1534,1928,860
25456,.,-1.572398,31.51138,.,22.1,23.5,21.1,2.4,1351,0,6151,83,1534,1928,860
25457,.,-1.572398,31.51138,.,22.1,23.5,21.1,2.4,1351,0,6151,83,1534,1928,860
25458,.,-1.572398,31.51138,.,22.1,23.5,21.1,2.4,1351,0,6151,83,1534,1928,860
25459,.,-3.406001,30.891981,.,21.9,23.8,20.9,3,1162,0,6093,90,1465,2000,953
25460,.,-3.406001,30.891981,.,21.9,23.8,20.9,3,1162,0,6093,90,1465,2000,953
25461,.,-3.406001,30.891981,.,21.9,23.8,20.9,3,1162,0,6093,90,1465,2000,953
25462,.,-9.858399,37.984964,.,24.8,26.8,22.6,4.1,988,0,7092,29,2442,2129,1235
25463,.,-8.7089,32.262899,.,20.9,23.5,18.4,5.2,1117,0,5718,154,1169,2020,1074
25464,.,-10.879358,39.069355,.,25.8,28.3,23.4,4.9,1227,0,7472,19,2814,2208,1319
25465,.,-10.677433,38.897797,.,25.4,27.6,23.1,4.5,1123,0,7326,22,2669,2167,1334
25466,.,-3.551871,33.128562,.,23.2,25.2,21.7,3.4,916,0,6527,53,1904,2081,1252
25467,.,-5.349959,32.589073,.,23.7,26.3,21.9,4.3,878,0,6728,42,2093,2203,1367
25468,.,-4.870593,31.726693,.,23.7,26,22.1,4,987,0,6713,43,2084,2132,1208
25469,.,-4.859922,38.399556,.,19.5,21,18.3,2.6,1404,0,5213,247,748,1809,831
25470,.,-5.95674,35.253826,.,25,27,22.6,4.4,674,0,7181,26,2524,2287,1683
25471,.,-1.417565,31.488754,.,22.3,23.4,21.4,2.1,1324,0,6220,75,1603,1931,844
25472,.,-4.335905,35.703686,.,21.3,22.9,19.2,3.8,1050,0,5856,125,1287,2072,1312
25473,.,-9.3162,33.45282,.,17.9,20,15.2,4.8,1158,0,4634,508,463,1868,988
25474,.,-9.3162,33.45282,.,17.9,20,15.2,4.8,1158,0,4634,508,463,1868,988
25475,.,-9.3162,33.45282,.,17.9,20,15.2,4.8,1158,0,4634,508,463,1868,988
25476,.,-2.653203,33.436965,.,22.9,24.5,21.4,3.1,1030,0,6416,60,1793,2004,1149
25477,.,-3.205755,33.433727,.,23,24.8,21.6,3.2,907,0,6451,57,1831,2098,1283
25478,.,-3.205755,33.433727,.,23,24.8,21.6,3.2,907,0,6451,57,1831,2098,1283
25479,.,-8.737525,34.764719,.,21.3,23.5,18.4,5.1,744,0,5846,134,1282,1990,1290
25480,.,-9.053215,34.847918,.,18.4,20.4,16.1,4.3,829,0,4840,403,557,1822,1126
25481,.,-10.384776,35.632655,.,22.3,24.8,19.1,5.7,756,0,6213,92,1619,1926,1311
25482,.,-10.940313,35.000625,.,20.1,22.9,16.9,6,835,0,5422,239,963,1844,1167
25483,.,-10.880927,36.17429,.,23.3,26.2,20.3,5.9,734,0,6581,62,1955,2048,1413
25484,.,-3.315465,33.450113,.,23,24.9,21.6,3.3,892,0,6481,55,1860,2106,1298
25485,.,-3.859588,32.159792,.,23.1,25.1,21.8,3.3,982,0,6505,55,1882,2073,1191
25486,.,-3.01235,33.913939,.,22.4,24.1,20.9,3.2,925,0,6242,74,1627,2051,1233
25487,.,-5.692854,34.484681,.,22.5,24.7,20.3,4.4,739,0,6280,74,1666,2168,1481
25488,.,-5.125203,34.465577,.,22.8,25.2,20.5,4.7,740,0,6393,65,1771,2130,1431
25489,.,-6.829153,39.219501,.,26.7,28.1,25,3.1,1160,0,7787,12,3130,2008,1094
25490,.,-3.199691,33.512852,.,22.8,24.6,21.4,3.2,912,0,6407,60,1790,2092,1273
25491,.,-3.642559,34.297041,.,23.4,25.4,21.8,3.6,820,0,6627,47,1997,2172,1417
25492,.,-5.125203,34.465577,.,22.8,25.2,20.5,4.7,740,0,6393,65,1771,2130,1431
25493,.,-10.746087,38.696987,.,25.2,27.5,22.8,4.7,1095,0,7245,24,2591,2143,1323
25494,.,-10.746087,38.696987,.,25.2,27.5,22.8,4.7,1095,0,7245,24,2591,2143,1323
25495,.,-8.884386,31.959839,.,20,22.8,17.1,5.6,1084,0,5391,228,918,2029,1084
25496,.,-5.713724,37.63525,.,24.3,26.1,22.1,4,1048,0,6926,36,2273,2099,1265
25497,.,-10.000583,39.70506,.,26.6,28.3,24.8,3.5,1233,0,7750,12,3092,2070,1128
25498,.,-3.396678,37.295766,.,24.3,26.3,21.9,4.4,1217,0,6923,37,2267,2171,1349
25499,.,-2.120532,33.533694,.,23.3,24.8,22.3,2.5,1263,0,6588,48,1964,1930,950
25500,.,-4.896474,35.63331,.,22,23.7,19.7,4,809,0,6108,94,1515,2118,1464
25501,.,-8.511262,35.057685,.,18.5,20.4,16.2,4.2,828,0,4849,394,556,1845,1134
25502,.,-7.093726,31.066526,.,23.5,26.3,21.3,5.1,1020,0,6640,49,2013,2164,1189
25503,.,-4.706229,35.198891,.,21.4,23.2,19.3,3.9,784,0,5884,120,1311,2118,1442
25504,.,-8.932959,33.353008,.,20.6,23.4,17.5,6,903,0,5609,181,1088,2050,1208
25505,.,-8.869043,32.784189,.,20.4,23.1,17.6,5.5,982,0,5542,190,1032,1962,1081
25506,.,-10.963992,38.53004,.,25.9,28.2,23.5,4.7,1115,0,7489,18,2830,2220,1368
25507,.,-4.859922,38.399556,.,19.5,21,18.3,2.6,1404,0,5213,247,748,1809,831
25508,.,-4.859922,38.399556,.,19.5,21,18.3,2.6,1404,0,5213,247,748,1809,831
25509,.,-4.859922,38.399556,.,19.5,21,18.3,2.6,1404,0,5213,247,748,1809,831
25510,.,-4.859922,38.399556,.,19.5,21,18.3,2.6,1404,0,5213,247,748,1809,831
25511,.,-6.158228,36.208681,.,24,26,21.6,4.4,707,0,6818,41,2168,2205,1589
25512,.,-4.484781,29.76894,.,20,22.3,18.7,3.5,1314,0,5385,214,889,1823,714
25513,.,-3.664891,37.449175,.,25,27,22.1,4.9,723,0,7177,28,2527,2175,1478
25514,.,-8.912928,33.345906,.,20.6,23.4,17.5,5.9,911,0,5592,183,1074,2040,1190
25515,.,-10.968459,39.367638,.,24.8,27,22.7,4.3,1338,0,7095,29,2441,2105,1205
25516,.,-3.713495,33.138062,.,23,25,21.5,3.5,925,0,6458,57,1839,2090,1244
25517,.,-3.859588,32.159792,.,23.1,25.1,21.8,3.3,982,0,6505,55,1882,2073,1191
25518,.,-3.881223,32.689968,.,23.1,25.2,21.8,3.5,933,0,6511,54,1889,2088,1240
25519,.,-3.850672,32.610458,.,23.1,25.1,21.7,3.4,946,0,6493,55,1871,2090,1231
25520,.,-4.95425,38.674339,.,24.6,26.2,22.7,3.5,1300,0,7019,31,2366,1983,980
25521,.,-1.581037,30.966869,.,21.2,22.4,20.2,2.2,1265,0,5820,123,1232,1902,864
25522,.,-1.417565,31.488754,.,22.3,23.4,21.4,2.1,1324,0,6220,75,1603,1931,844
25523,.,-5.162004,38.576962,.,24.6,26.3,22.7,3.6,1392,0,7021,31,2368,2003,1012
25524,.,-5.349959,32.589073,.,23.7,26.3,21.9,4.3,878,0,6728,42,2093,2203,1367
25525,.,-3.370863,36.797238,.,21.3,23,18.9,4.1,1380,0,5850,130,1288,2037,1108
25526,.,-7.425803,35.842,.,22.2,24.2,19.7,4.6,760,0,6178,88,1578,2038,1400
25527,.,-8.869043,32.784189,.,20.4,23.1,17.6,5.5,982,0,5542,190,1032,1962,1081
25528,.,-4.0157,33.057911,.,23.6,25.8,22.2,3.6,866,0,6692,43,2064,2184,1367
25529,.,-4.0157,33.057911,.,23.6,25.8,22.2,3.6,866,0,6692,43,2064,2184,1367
25530,.,-4.990456,32.820974,.,23.3,25.7,21.6,4.1,909,0,6578,50,1953,2146,1292
25531,.,-4.870593,31.726693,.,23.7,26,22.1,4,987,0,6713,43,2084,2132,1208
25532,.,-4.859922,38.399556,.,19.5,21,18.3,2.6,1404,0,5213,247,748,1809,831
25533,.,-10.968459,39.367638,.,24.8,27,22.7,4.3,1338,0,7095,29,2441,2105,1205
25534,.,-10.461805,39.041961,.,26.2,28,24,4,1209,0,7616,15,2959,2208,1316
25535,.,-2.653203,33.436965,.,22.9,24.5,21.4,3.1,1030,0,6416,60,1793,2004,1149
25536,.,-8.737525,34.764719,.,21.3,23.5,18.4,5.1,744,0,5846,134,1282,1990,1290
25537,.,-10.384776,35.632655,.,22.3,24.8,19.1,5.7,756,0,6213,92,1619,1926,1311
25538,.,-10.384776,35.632655,.,22.3,24.8,19.1,5.7,756,0,6213,92,1619,1926,1311
25539,.,-7.102633,39.52852,.,26.8,28.3,25.1,3.2,1456,0,7806,12,3148,1882,891
25540,.,-9.875056,39.300098,.,25.3,26.7,23.3,3.4,1229,0,7282,22,2624,2047,1106
25541,.,-6.291397,36.68088,.,22.4,24.3,20.1,4.1,766,0,6257,78,1650,2105,1460
25542,.,-5.883548,39.32223,.,26.8,28.3,25,3.3,1644,0,7831,11,3172,1893,899
25543,.,-11.09013,37.481496,.,24.5,27,21.8,5.1,994,0,7009,35,2357,2127,1315
25544,.,-10.384776,35.632655,.,22.3,24.8,19.1,5.7,756,0,6213,92,1619,1926,1311
25545,.,-10.384776,35.632655,.,22.3,24.8,19.1,5.7,756,0,6213,92,1619,1926,1311
25546,.,-3.713495,33.138062,.,23,25,21.5,3.5,925,0,6458,57,1839,2090,1244
25547,.,-3.859588,32.159792,.,23.1,25.1,21.8,3.3,982,0,6505,55,1882,2073,1191
25548,.,-8.869043,32.784189,.,20.4,23.1,17.6,5.5,982,0,5542,190,1032,1962,1081
25549,.,-4.896474,35.63331,.,22,23.7,19.7,4,809,0,6108,94,1515,2118,1464
25550,.,-3.49967,36.531622,.,21.7,23.3,19.3,4,1108,0,6007,108,1426,2092,1323
25551,.,-2.041004,31.518359,.,21.2,22.8,20.1,2.7,1404,0,5831,122,1239,1874,813
25552,.,-2.041004,31.518359,.,21.2,22.8,20.1,2.7,1404,0,5831,122,1239,1874,813
25553,.,-4.859922,38.399556,.,19.5,21,18.3,2.6,1404,0,5213,247,748,1809,831
25554,.,-4.859922,38.399556,.,19.5,21,18.3,2.6,1404,0,5213,247,748,1809,831
25555,.,-4.335905,35.703686,.,21.3,22.9,19.2,3.8,1050,0,5856,125,1287,2072,1312
25556,.,-2.653203,33.436965,.,22.9,24.5,21.4,3.1,1030,0,6416,60,1793,2004,1149
25557,.,-11.09013,37.481496,.,24.5,27,21.8,5.1,994,0,7009,35,2357,2127,1315
25558,.,-11.09013,37.481496,.,24.5,27,21.8,5.1,994,0,7009,35,2357,2127,1315
25559,.,-3.452131,34.016534,.,23.1,24.9,21.5,3.4,842,0,6492,55,1870,2133,1357
25560,.,-8.737525,34.764719,.,21.3,23.5,18.4,5.1,744,0,5846,134,1282,1990,1290
25561,.,-3.859588,32.159792,.,23.1,25.1,21.8,3.3,982,0,6505,55,1882,2073,1191
25562,.,-4.44718,33.260241,.,23.1,25.3,21.5,3.8,861,0,6508,54,1886,2140,1329
25563,.,-3.255846,36.599674,.,19.3,20.9,17.3,3.5,1034,0,5160,273,728,1933,1099
25564,.,-3.406001,30.891981,.,21.9,23.8,20.9,3,1162,0,6093,90,1465,2000,953
25565,.,-3.406001,30.891981,.,21.9,23.8,20.9,3,1162,0,6093,90,1465,2000,953
25566,.,-4.706229,35.198891,.,21.4,23.2,19.3,3.9,784,0,5884,120,1311,2118,1442
25567,.,-8.7089,32.262899,.,20.9,23.5,18.4,5.2,1117,0,5718,154,1169,2020,1074
25568,.,-4.22199,32.679842,.,23.2,25.4,21.8,3.6,950,0,6535,52,1910,2120,1247
25569,.,-4.22199,32.679842,.,23.2,25.4,21.8,3.6,950,0,6535,52,1910,2120,1247
25570,.,-3.946218,34.303596,.,24.1,26.3,22.4,3.9,768,0,6864,35,2224,2208,1480
25571,.,-3.406001,30.891981,.,21.9,23.8,20.9,3,1162,0,6093,90,1465,2000,953
25572,.,-3.406001,30.891981,.,21.9,23.8,20.9,3,1162,0,6093,90,1465,2000,953
25573,.,-9.858399,37.984964,.,24.8,26.8,22.6,4.1,988,0,7092,29,2442,2129,1235
25574,.,-1.368193,31.139508,.,21.2,22.4,20.3,2,1380,0,5827,121,1234,1880,746
25575,.,-8.511262,35.057685,.,18.5,20.4,16.2,4.2,828,0,4849,394,556,1845,1134
56791,.,-17.816667,31.566667,.,20.7,24.4,16.3,8.1,508,0,5629,237,1179,2178,1606
56793,.,-17.816667,31.566667,.,20.7,24.4,16.3,8.1,508,0,5629,237,1179,2178,1606
56811,.,-0.516667,37.266667,.,20.2,21.5,18.5,3,1791,0,5475,188,944,1930,850
56814,.,-0.516667,37.266667,.,20.2,21.5,18.5,3,1791,0,5475,188,944,1930,850
56817,.,-0.516667,37.266667,.,20.2,21.5,18.5,3,1791,0,5475,188,944,1930,850
56820,.,-0.516667,37.266667,.,20.2,21.5,18.5,3,1791,0,5475,188,944,1930,850
56823,.,-0.516667,37.266667,.,20.2,21.5,18.5,3,1791,0,5475,188,944,1930,850
56826,.,-0.516667,37.266667,.,20.2,21.5,18.5,3,1791,0,5475,188,944,1930,850
56829,.,-0.516667,37.266667,.,20.2,21.5,18.5,3,1791,0,5475,188,944,1930,850
56832,.,-0.516667,37.266667,.,20.2,21.5,18.5,3,1791,0,5475,188,944,1930,850
56835,.,-0.516667,37.266667,.,20.2,21.5,18.5,3,1791,0,5475,188,944,1930,850
56846,.,-20.666667,28.266667,.,21,25.2,15.2,10.1,415,0,5760,262,1348,2404,1919
56849,.,-20.666667,28.266667,.,21,25.2,15.2,10.1,415,0,5760,262,1348,2404,1919
56852,.,-20.666667,28.266667,.,21,25.2,15.2,10.1,415,0,5760,262,1348,2404,1919
56854,.,-20.666667,28.266667,.,21,25.2,15.2,10.1,415,0,5760,262,1348,2404,1919
56856,.,-20.666667,28.266667,.,21,25.2,15.2,10.1,415,0,5760,262,1348,2404,1919
56858,.,-20.666667,28.266667,.,21,25.2,15.2,10.1,415,0,5760,262,1348,2404,1919
56870,.,-17.6,31.133333,.,19.6,23.1,15.4,7.8,530,0,5249,330,899,2054,1488
56873,.,-17.6,31.133333,.,19.6,23.1,15.4,7.8,530,0,5249,330,899,2054,1488
56876,.,-17.6,31.133333,.,19.6,23.1,15.4,7.8,530,0,5249,330,899,2054,1488
57094,.,-2.35,30.25,.,21.2,22.7,20.1,2.6,1266,0,5813,125,1229,1925,798
57095,.,-2.35,30.25,.,21.2,22.7,20.1,2.6,1266,0,5813,125,1229,1925,798
57099,.,8.183333,38.85,.,20.8,22.2,18.6,3.7,962,0,5672,160,1130,2092,1178
57519,.,-17.816667,31.566667,.,20.7,24.4,16.3,8.1,508,0,5629,237,1179,2178,1606
57521,.,-17.816667,31.566667,.,20.7,24.4,16.3,8.1,508,0,5629,237,1179,2178,1606
57539,.,-0.516667,37.266667,.,20.2,21.5,18.5,3,1791,0,5475,188,944,1930,850
57542,.,-0.516667,37.266667,.,20.2,21.5,18.5,3,1791,0,5475,188,944,1930,850
57545,.,-0.516667,37.266667,.,20.2,21.5,18.5,3,1791,0,5475,188,944,1930,850
57548,.,-0.516667,37.266667,.,20.2,21.5,18.5,3,1791,0,5475,188,944,1930,850
57551,.,-0.516667,37.266667,.,20.2,21.5,18.5,3,1791,0,5475,188,944,1930,850
57554,.,-0.516667,37.266667,.,20.2,21.5,18.5,3,1791,0,5475,188,944,1930,850
57557,.,-0.516667,37.266667,.,20.2,21.5,18.5,3,1791,0,5475,188,944,1930,850
57560,.,-0.516667,37.266667,.,20.2,21.5,18.5,3,1791,0,5475,188,944,1930,850
57563,.,-0.516667,37.266667,.,20.2,21.5,18.5,3,1791,0,5475,188,944,1930,850
57573,.,-20.666667,28.266667,.,21,25.2,15.2,10.1,415,0,5760,262,1348,2404,1919
57576,.,-20.666667,28.266667,.,21,25.2,15.2,10.1,415,0,5760,262,1348,2404,1919
57579,.,-20.666667,28.266667,.,21,25.2,15.2,10.1,415,0,5760,262,1348,2404,1919
57581,.,-20.666667,28.266667,.,21,25.2,15.2,10.1,415,0,5760,262,1348,2404,1919
57583,.,-20.666667,28.266667,.,21,25.2,15.2,10.1,415,0,5760,262,1348,2404,1919
57585,.,-20.666667,28.266667,.,21,25.2,15.2,10.1,415,0,5760,262,1348,2404,1919
57597,.,-17.6,31.133333,.,19.6,23.1,15.4,7.8,530,0,5249,330,899,2054,1488
57600,.,-17.6,31.133333,.,19.6,23.1,15.4,7.8,530,0,5249,330,899,2054,1488
57603,.,-17.6,31.133333,.,19.6,23.1,15.4,7.8,530,0,5249,330,899,2054,1488
57820,.,-2.35,30.25,.,21.2,22.7,20.1,2.6,1266,0,5813,125,1229,1925,798
57821,.,-2.35,30.25,.,21.2,22.7,20.1,2.6,1266,0,5813,125,1229,1925,798
57825,.,8.183333,38.85,.,20.8,22.2,18.6,3.7,962,0,5672,160,1130,2092,1178
59774,.,-2.614232,29.01078,.,21.7,23.4,20.7,2.7,1391,0,6006,100,1393,1960,603
59775,.,-2.614232,29.01078,.,21.7,23.4,20.7,2.7,1391,0,6006,100,1393,1960,603
59776,.,-2.614232,29.01078,.,21.7,23.4,20.7,2.7,1391,0,6006,100,1393,1960,603
59777,.,-2.614232,29.01078,.,21.7,23.4,20.7,2.7,1391,0,6006,100,1393,1960,603
59778,.,-2.614232,29.01078,.,21.7,23.4,20.7,2.7,1391,0,6006,100,1393,1960,603
59779,.,-2.614232,29.01078,.,21.7,23.4,20.7,2.7,1391,0,6006,100,1393,1960,603
59780,.,-2.614232,29.01078,.,21.7,23.4,20.7,2.7,1391,0,6006,100,1393,1960,603
59781,.,-2.614232,29.01078,.,21.7,23.4,20.7,2.7,1391,0,6006,100,1393,1960,603
59782,.,-2.614232,29.01078,.,21.7,23.4,20.7,2.7,1391,0,6006,100,1393,1960,603
59783,.,-2.614232,29.01078,.,21.7,23.4,20.7,2.7,1391,0,6006,100,1393,1960,603
59784,.,-2.614232,29.01078,.,21.7,23.4,20.7,2.7,1391,0,6006,100,1393,1960,603
59785,.,-2.614232,29.01078,.,21.7,23.4,20.7,2.7,1391,0,6006,100,1393,1960,603
59786,.,-2.614232,29.01078,.,21.7,23.4,20.7,2.7,1391,0,6006,100,1393,1960,603
59787,.,-2.614232,29.01078,.,21.7,23.4,20.7,2.7,1391,0,6006,100,1393,1960,603
59788,.,-2.614232,29.01078,.,21.7,23.4,20.7,2.7,1391,0,6006,100,1393,1960,603
59789,.,-2.614232,29.01078,.,21.7,23.4,20.7,2.7,1391,0,6006,100,1393,1960,603
59790,.,-2.614232,29.01078,.,21.7,23.4,20.7,2.7,1391,0,6006,100,1393,1960,603
59791,.,-2.614232,29.01078,.,21.7,23.4,20.7,2.7,1391,0,6006,100,1393,1960,603
59792,.,-2.614232,29.01078,.,21.7,23.4,20.7,2.7,1391,0,6006,100,1393,1960,603
59793,.,-2.614232,29.01078,.,21.7,23.4,20.7,2.7,1391,0,6006,100,1393,1960,603
59794,.,-2.614232,29.01078,.,21.7,23.4,20.7,2.7,1391,0,6006,100,1393,1960,603
59795,.,-2.614232,29.01078,.,21.7,23.4,20.7,2.7,1391,0,6006,100,1393,1960,603
59796,.,-2.614232,29.01078,.,21.7,23.4,20.7,2.7,1391,0,6006,100,1393,1960,603
59797,.,-2.614232,29.01078,.,21.7,23.4,20.7,2.7,1391,0,6006,100,1393,1960,603
59798,.,-2.614232,29.01078,.,21.7,23.4,20.7,2.7,1391,0,6006,100,1393,1960,603
59799,.,-2.614232,29.01078,.,21.7,23.4,20.7,2.7,1391,0,6006,100,1393,1960,603
59800,.,-2.614232,29.01078,.,21.7,23.4,20.7,2.7,1391,0,6006,100,1393,1960,603
59801,.,-2.614232,29.01078,.,21.7,23.4,20.7,2.7,1391,0,6006,100,1393,1960,603
59802,.,-2.614232,29.01078,.,21.7,23.4,20.7,2.7,1391,0,6006,100,1393,1960,603
59803,.,-2.614232,29.01078,.,21.7,23.4,20.7,2.7,1391,0,6006,100,1393,1960,603
59804,.,-2.614232,29.01078,.,21.7,23.4,20.7,2.7,1391,0,6006,100,1393,1960,603
59805,.,-2.614232,29.01078,.,21.7,23.4,20.7,2.7,1391,0,6006,100,1393,1960,603
59806,.,-2.614232,29.01078,.,21.7,23.4,20.7,2.7,1391,0,6006,100,1393,1960,603
59807,.,-2.614232,29.01078,.,21.7,23.4,20.7,2.7,1391,0,6006,100,1393,1960,603
59808,.,-2.614232,29.01078,.,21.7,23.4,20.7,2.7,1391,0,6006,100,1393,1960,603
59809,.,-2.614232,29.01078,.,21.7,23.4,20.7,2.7,1391,0,6006,100,1393,1960,603
59810,.,-2.614232,29.01078,.,21.7,23.4,20.7,2.7,1391,0,6006,100,1393,1960,603
59811,.,-2.614232,29.01078,.,21.7,23.4,20.7,2.7,1391,0,6006,100,1393,1960,603
59812,.,-2.614232,29.01078,.,21.7,23.4,20.7,2.7,1391,0,6006,100,1393,1960,603
59813,.,-2.614232,29.01078,.,21.7,23.4,20.7,2.7,1391,0,6006,100,1393,1960,603
59814,.,-2.614232,29.01078,.,21.7,23.4,20.7,2.7,1391,0,6006,100,1393,1960,603
59815,.,-2.614232,29.01078,.,21.7,23.4,20.7,2.7,1391,0,6006,100,1393,1960,603
59816,.,-2.614232,29.01078,.,21.7,23.4,20.7,2.7,1391,0,6006,100,1393,1960,603
59817,.,-2.614232,29.01078,.,21.7,23.4,20.7,2.7,1391,0,6006,100,1393,1960,603
59818,.,-2.614232,29.01078,.,21.7,23.4,20.7,2.7,1391,0,6006,100,1393,1960,603
59819,.,-2.614232,29.01078,.,21.7,23.4,20.7,2.7,1391,0,6006,100,1393,1960,603
59820,.,-2.614232,29.01078,.,21.7,23.4,20.7,2.7,1391,0,6006,100,1393,1960,603
59821,.,-2.614232,29.01078,.,21.7,23.4,20.7,2.7,1391,0,6006,100,1393,1960,603
59822,.,-2.614232,29.01078,.,21.7,23.4,20.7,2.7,1391,0,6006,100,1393,1960,603
59823,.,-2.614232,29.01078,.,21.7,23.4,20.7,2.7,1391,0,6006,100,1393,1960,603
59824,.,-2.614232,29.01078,.,21.7,23.4,20.7,2.7,1391,0,6006,100,1393,1960,603
59825,.,-2.614232,29.01078,.,21.7,23.4,20.7,2.7,1391,0,6006,100,1393,1960,603
59826,.,-2.614232,29.01078,.,21.7,23.4,20.7,2.7,1391,0,6006,100,1393,1960,603
59827,.,-2.614232,29.01078,.,21.7,23.4,20.7,2.7,1391,0,6006,100,1393,1960,603
59828,.,-2.614232,29.01078,.,21.7,23.4,20.7,2.7,1391,0,6006,100,1393,1960,603
59829,.,-2.614232,29.01078,.,21.7,23.4,20.7,2.7,1391,0,6006,100,1393,1960,603
59830,.,-2.614232,29.01078,.,21.7,23.4,20.7,2.7,1391,0,6006,100,1393,1960,603
59831,.,-2.614232,29.01078,.,21.7,23.4,20.7,2.7,1391,0,6006,100,1393,1960,603
59832,.,-2.614232,29.01078,.,21.7,23.4,20.7,2.7,1391,0,6006,100,1393,1960,603
59833,.,-2.614232,29.01078,.,21.7,23.4,20.7,2.7,1391,0,6006,100,1393,1960,603
59834,.,-2.614232,29.01078,.,21.7,23.4,20.7,2.7,1391,0,6006,100,1393,1960,603
59835,.,-2.3846,29.788,.,19.4,21.1,18.3,2.8,1314,0,5185,264,740,1853,667
59836,.,-2.3846,29.788,.,19.4,21.1,18.3,2.8,1314,0,5185,264,740,1853,667
59837,.,-2.3846,29.788,.,19.4,21.1,18.3,2.8,1314,0,5185,264,740,1853,667
59838,.,-2.3846,29.788,.,19.4,21.1,18.3,2.8,1314,0,5185,264,740,1853,667
59839,.,-2.3846,29.788,.,19.4,21.1,18.3,2.8,1314,0,5185,264,740,1853,667
59840,.,-2.3846,29.788,.,19.4,21.1,18.3,2.8,1314,0,5185,264,740,1853,667
59841,.,-2.3846,29.788,.,19.4,21.1,18.3,2.8,1314,0,5185,264,740,1853,667
59842,.,-2.3846,29.788,.,19.4,21.1,18.3,2.8,1314,0,5185,264,740,1853,667
59843,.,-2.3846,29.788,.,19.4,21.1,18.3,2.8,1314,0,5185,264,740,1853,667
59844,.,-2.3846,29.788,.,19.4,21.1,18.3,2.8,1314,0,5185,264,740,1853,667
59845,.,-2.3846,29.788,.,19.4,21.1,18.3,2.8,1314,0,5185,264,740,1853,667
59846,.,-2.3846,29.788,.,19.4,21.1,18.3,2.8,1314,0,5185,264,740,1853,667
59847,.,-2.3846,29.788,.,19.4,21.1,18.3,2.8,1314,0,5185,264,740,1853,667
59848,.,-2.3846,29.788,.,19.4,21.1,18.3,2.8,1314,0,5185,264,740,1853,667
59849,.,-2.3846,29.788,.,19.4,21.1,18.3,2.8,1314,0,5185,264,740,1853,667
59850,.,-2.3846,29.788,.,19.4,21.1,18.3,2.8,1314,0,5185,264,740,1853,667
59851,.,-2.3846,29.788,.,19.4,21.1,18.3,2.8,1314,0,5185,264,740,1853,667
59852,.,-2.3846,29.788,.,19.4,21.1,18.3,2.8,1314,0,5185,264,740,1853,667
59853,.,-2.3846,29.788,.,19.4,21.1,18.3,2.8,1314,0,5185,264,740,1853,667
59854,.,-2.3846,29.788,.,19.4,21.1,18.3,2.8,1314,0,5185,264,740,1853,667
59855,.,-2.3846,29.788,.,19.4,21.1,18.3,2.8,1314,0,5185,264,740,1853,667
59856,.,-2.3846,29.788,.,19.4,21.1,18.3,2.8,1314,0,5185,264,740,1853,667
59857,.,-2.3846,29.788,.,19.4,21.1,18.3,2.8,1314,0,5185,264,740,1853,667
59858,.,-2.3846,29.788,.,19.4,21.1,18.3,2.8,1314,0,5185,264,740,1853,667
59859,.,-2.3846,29.788,.,19.4,21.1,18.3,2.8,1314,0,5185,264,740,1853,667
59860,.,-2.3846,29.788,.,19.4,21.1,18.3,2.8,1314,0,5185,264,740,1853,667
59861,.,-2.3846,29.788,.,19.4,21.1,18.3,2.8,1314,0,5185,264,740,1853,667
59862,.,-2.3846,29.788,.,19.4,21.1,18.3,2.8,1314,0,5185,264,740,1853,667
59863,.,-2.3846,29.788,.,19.4,21.1,18.3,2.8,1314,0,5185,264,740,1853,667
59864,.,-2.3846,29.788,.,19.4,21.1,18.3,2.8,1314,0,5185,264,740,1853,667
59865,.,-2.3846,29.788,.,19.4,21.1,18.3,2.8,1314,0,5185,264,740,1853,667
59866,.,-2.3846,29.788,.,19.4,21.1,18.3,2.8,1314,0,5185,264,740,1853,667
59867,.,-2.3846,29.788,.,19.4,21.1,18.3,2.8,1314,0,5185,264,740,1853,667
59868,.,-2.3846,29.788,.,19.4,21.1,18.3,2.8,1314,0,5185,264,740,1853,667
59869,.,-2.3846,29.788,.,19.4,21.1,18.3,2.8,1314,0,5185,264,740,1853,667
59870,.,-2.3846,29.788,.,19.4,21.1,18.3,2.8,1314,0,5185,264,740,1853,667
59871,.,-2.3846,29.788,.,19.4,21.1,18.3,2.8,1314,0,5185,264,740,1853,667
59872,.,-2.3846,29.788,.,19.4,21.1,18.3,2.8,1314,0,5185,264,740,1853,667
59873,.,-2.3846,29.788,.,19.4,21.1,18.3,2.8,1314,0,5185,264,740,1853,667
59874,.,-2.3846,29.788,.,19.4,21.1,18.3,2.8,1314,0,5185,264,740,1853,667
59875,.,-2.3846,29.788,.,19.4,21.1,18.3,2.8,1314,0,5185,264,740,1853,667
59876,.,-2.3846,29.788,.,19.4,21.1,18.3,2.8,1314,0,5185,264,740,1853,667
59877,.,-2.3846,29.788,.,19.4,21.1,18.3,2.8,1314,0,5185,264,740,1853,667
59878,.,-2.3846,29.788,.,19.4,21.1,18.3,2.8,1314,0,5185,264,740,1853,667
59879,.,-2.3846,29.788,.,19.4,21.1,18.3,2.8,1314,0,5185,264,740,1853,667
59880,.,-2.3846,29.788,.,19.4,21.1,18.3,2.8,1314,0,5185,264,740,1853,667
59881,.,-2.3846,29.788,.,19.4,21.1,18.3,2.8,1314,0,5185,264,740,1853,667
59882,.,-2.3846,29.788,.,19.4,21.1,18.3,2.8,1314,0,5185,264,740,1853,667
59883,.,-2.3846,29.788,.,19.4,21.1,18.3,2.8,1314,0,5185,264,740,1853,667
59884,.,-2.3846,29.788,.,19.4,21.1,18.3,2.8,1314,0,5185,264,740,1853,667
59885,.,-2.3846,29.788,.,19.4,21.1,18.3,2.8,1314,0,5185,264,740,1853,667
59886,.,-2.3846,29.788,.,19.4,21.1,18.3,2.8,1314,0,5185,264,740,1853,667
59887,.,-2.3846,29.788,.,19.4,21.1,18.3,2.8,1314,0,5185,264,740,1853,667
59888,.,-2.3846,29.788,.,19.4,21.1,18.3,2.8,1314,0,5185,264,740,1853,667
59889,.,-2.3846,29.788,.,19.4,21.1,18.3,2.8,1314,0,5185,264,740,1853,667
59890,.,-2.3846,29.788,.,19.4,21.1,18.3,2.8,1314,0,5185,264,740,1853,667
59891,.,-2.3846,29.788,.,19.4,21.1,18.3,2.8,1314,0,5185,264,740,1853,667
59892,.,-2.3846,29.788,.,19.4,21.1,18.3,2.8,1314,0,5185,264,740,1853,667
59893,.,-2.3846,29.788,.,19.4,21.1,18.3,2.8,1314,0,5185,264,740,1853,667
59894,.,-2.3846,29.788,.,19.4,21.1,18.3,2.8,1314,0,5185,264,740,1853,667
59895,.,-2.3846,29.788,.,19.4,21.1,18.3,2.8,1314,0,5185,264,740,1853,667
59896,.,-2.3846,29.788,.,19.4,21.1,18.3,2.8,1314,0,5185,264,740,1853,667
59897,.,-2.3846,29.788,.,19.4,21.1,18.3,2.8,1314,0,5185,264,740,1853,667
59898,.,-2.3846,29.788,.,19.4,21.1,18.3,2.8,1314,0,5185,264,740,1853,667
59899,.,-2.3846,29.788,.,19.4,21.1,18.3,2.8,1314,0,5185,264,740,1853,667
59900,.,-2.0994,29.46187,.,17.6,19.2,16.7,2.6,1458,0,4558,517,388,1756,418
59901,.,-2.0994,29.46187,.,17.6,19.2,16.7,2.6,1458,0,4558,517,388,1756,418
59902,.,-2.0994,29.46187,.,17.6,19.2,16.7,2.6,1458,0,4558,517,388,1756,418
59903,.,-2.0994,29.46187,.,17.6,19.2,16.7,2.6,1458,0,4558,517,388,1756,418
59904,.,-2.4082,29.22598,.,17.3,19.1,16,3,1546,0,4452,585,347,1720,337
59905,.,-2.4082,29.22598,.,17.3,19.1,16,3,1546,0,4452,585,347,1720,337
59906,.,-2.0994,29.46187,.,17.6,19.2,16.7,2.6,1458,0,4558,517,388,1756,418
59907,.,-2.0994,29.46187,.,17.6,19.2,16.7,2.6,1458,0,4558,517,388,1756,418
59908,.,-2.0994,29.46187,.,17.6,19.2,16.7,2.6,1458,0,4558,517,388,1756,418
59909,.,-2.0994,29.46187,.,17.6,19.2,16.7,2.6,1458,0,4558,517,388,1756,418
59910,.,-2.0994,29.46187,.,17.6,19.2,16.7,2.6,1458,0,4558,517,388,1756,418
59911,.,-2.0994,29.46187,.,17.6,19.2,16.7,2.6,1458,0,4558,517,388,1756,418
59912,.,-2.0994,29.46187,.,17.6,19.2,16.7,2.6,1458,0,4558,517,388,1756,418
59913,.,-2.0994,29.46187,.,17.6,19.2,16.7,2.6,1458,0,4558,517,388,1756,418
59914,.,-2.0994,29.46187,.,17.6,19.2,16.7,2.6,1458,0,4558,517,388,1756,418
59915,.,-2.0994,29.46187,.,17.6,19.2,16.7,2.6,1458,0,4558,517,388,1756,418
59916,.,-2.0994,29.46187,.,17.6,19.2,16.7,2.6,1458,0,4558,517,388,1756,418
59917,.,-2.0994,29.46187,.,17.6,19.2,16.7,2.6,1458,0,4558,517,388,1756,418
59918,.,-2.0994,29.46187,.,17.6,19.2,16.7,2.6,1458,0,4558,517,388,1756,418
59919,.,-2.0994,29.46187,.,17.6,19.2,16.7,2.6,1458,0,4558,517,388,1756,418
59920,.,-2.0994,29.46187,.,17.6,19.2,16.7,2.6,1458,0,4558,517,388,1756,418
59921,.,-2.0994,29.46187,.,17.6,19.2,16.7,2.6,1458,0,4558,517,388,1756,418
59922,.,-2.4082,29.22598,.,17.3,19.1,16,3,1546,0,4452,585,347,1720,337
59923,.,-2.4082,29.22598,.,17.3,19.1,16,3,1546,0,4452,585,347,1720,337
59924,.,-2.49579,29.49569,.,17.1,18.9,15.9,3,1470,0,4359,637,311,1752,421
59925,.,-2.49579,29.49569,.,17.1,18.9,15.9,3,1470,0,4359,637,311,1752,421
59926,.,-2.49579,29.49569,.,17.1,18.9,15.9,3,1470,0,4359,637,311,1752,421
59927,.,-2.0994,29.46187,.,17.6,19.2,16.7,2.6,1458,0,4558,517,388,1756,418
59928,.,-2.0994,29.46187,.,17.6,19.2,16.7,2.6,1458,0,4558,517,388,1756,418
59929,.,-2.0994,29.46187,.,17.6,19.2,16.7,2.6,1458,0,4558,517,388,1756,418
59930,.,-2.0994,29.46187,.,17.6,19.2,16.7,2.6,1458,0,4558,517,388,1756,418
59931,.,-2.0994,29.46187,.,17.6,19.2,16.7,2.6,1458,0,4558,517,388,1756,418
59932,.,-2.0994,29.46187,.,17.6,19.2,16.7,2.6,1458,0,4558,517,388,1756,418
59933,.,-2.0994,29.46187,.,17.6,19.2,16.7,2.6,1458,0,4558,517,388,1756,418
59934,.,-2.0994,29.46187,.,17.6,19.2,16.7,2.6,1458,0,4558,517,388,1756,418
59935,.,-2.49579,29.49569,.,17.1,18.9,15.9,3,1470,0,4359,637,311,1752,421
59936,.,-2.49579,29.49569,.,17.1,18.9,15.9,3,1470,0,4359,637,311,1752,421
59937,.,-2.49579,29.49569,.,17.1,18.9,15.9,3,1470,0,4359,637,311,1752,421
59938,.,-2.49579,29.49569,.,17.1,18.9,15.9,3,1470,0,4359,637,311,1752,421
59939,.,-2.4082,29.22598,.,17.3,19.1,16,3,1546,0,4452,585,347,1720,337
59940,.,-2.4082,29.22598,.,17.3,19.1,16,3,1546,0,4452,585,347,1720,337
59941,.,-2.4082,29.22598,.,17.3,19.1,16,3,1546,0,4452,585,347,1720,337
59942,.,-2.49579,29.49569,.,17.1,18.9,15.9,3,1470,0,4359,637,311,1752,421
59943,.,-2.49579,29.49569,.,17.1,18.9,15.9,3,1470,0,4359,637,311,1752,421
59944,.,-2.49579,29.49569,.,17.1,18.9,15.9,3,1470,0,4359,637,311,1752,421
59945,.,-2.49579,29.49569,.,17.1,18.9,15.9,3,1470,0,4359,637,311,1752,421
59946,.,-2.49579,29.49569,.,17.1,18.9,15.9,3,1470,0,4359,637,311,1752,421
59947,.,-2.49579,29.49569,.,17.1,18.9,15.9,3,1470,0,4359,637,311,1752,421
59948,.,-2.49579,29.49569,.,17.1,18.9,15.9,3,1470,0,4359,637,311,1752,421
59949,.,-2.49579,29.49569,.,17.1,18.9,15.9,3,1470,0,4359,637,311,1752,421
59950,.,-2.49579,29.49569,.,17.1,18.9,15.9,3,1470,0,4359,637,311,1752,421
59951,.,-2.49579,29.49569,.,17.1,18.9,15.9,3,1470,0,4359,637,311,1752,421
59952,.,-2.49579,29.49569,.,17.1,18.9,15.9,3,1470,0,4359,637,311,1752,421
59953,.,-2.49579,29.49569,.,17.1,18.9,15.9,3,1470,0,4359,637,311,1752,421
59954,.,-2.49579,29.49569,.,17.1,18.9,15.9,3,1470,0,4359,637,311,1752,421
59955,.,-2.49579,29.49569,.,17.1,18.9,15.9,3,1470,0,4359,637,311,1752,421
59956,.,-2.4082,29.22598,.,17.3,19.1,16,3,1546,0,4452,585,347,1720,337
59957,.,-2.4082,29.22598,.,17.3,19.1,16,3,1546,0,4452,585,347,1720,337
59958,.,-2.4082,29.22598,.,17.3,19.1,16,3,1546,0,4452,585,347,1720,337
59959,.,-2.49579,29.49569,.,17.1,18.9,15.9,3,1470,0,4359,637,311,1752,421
59960,.,-2.49579,29.49569,.,17.1,18.9,15.9,3,1470,0,4359,637,311,1752,421
59961,.,-2.49579,29.49569,.,17.1,18.9,15.9,3,1470,0,4359,637,311,1752,421
59962,.,-2.0994,29.46187,.,17.6,19.2,16.7,2.6,1458,0,4558,517,388,1756,418
59963,.,-2.0994,29.46187,.,17.6,19.2,16.7,2.6,1458,0,4558,517,388,1756,418
59964,.,-2.0994,29.46187,.,17.6,19.2,16.7,2.6,1458,0,4558,517,388,1756,418
59965,.,-2.0994,29.46187,.,17.6,19.2,16.7,2.6,1458,0,4558,517,388,1756,418
59966,.,-2.49579,29.49569,.,17.1,18.9,15.9,3,1470,0,4359,637,311,1752,421
59967,.,-2.49579,29.49569,.,17.1,18.9,15.9,3,1470,0,4359,637,311,1752,421
59968,.,-2.49579,29.49569,.,17.1,18.9,15.9,3,1470,0,4359,637,311,1752,421
59969,.,-2.4082,29.22598,.,17.3,19.1,16,3,1546,0,4452,585,347,1720,337
59970,.,-2.4082,29.22598,.,17.3,19.1,16,3,1546,0,4452,585,347,1720,337
59971,.,-2.4082,29.22598,.,17.3,19.1,16,3,1546,0,4452,585,347,1720,337
59972,.,-2.4082,29.22598,.,17.3,19.1,16,3,1546,0,4452,585,347,1720,337
59973,.,-2.4082,29.22598,.,17.3,19.1,16,3,1546,0,4452,585,347,1720,337
59974,.,-2.49579,29.49569,.,17.1,18.9,15.9,3,1470,0,4359,637,311,1752,421
59975,.,-2.49579,29.49569,.,17.1,18.9,15.9,3,1470,0,4359,637,311,1752,421
59976,.,-2.49579,29.49569,.,17.1,18.9,15.9,3,1470,0,4359,637,311,1752,421
59977,.,-2.49579,29.49569,.,17.1,18.9,15.9,3,1470,0,4359,637,311,1752,421
59978,.,-2.49579,29.49569,.,17.1,18.9,15.9,3,1470,0,4359,637,311,1752,421
59979,.,-2.49579,29.49569,.,17.1,18.9,15.9,3,1470,0,4359,637,311,1752,421
59980,.,-2.49579,29.49569,.,17.1,18.9,15.9,3,1470,0,4359,637,311,1752,421
59981,.,-2.49579,29.49569,.,17.1,18.9,15.9,3,1470,0,4359,637,311,1752,421
59982,.,-2.49579,29.49569,.,17.1,18.9,15.9,3,1470,0,4359,637,311,1752,421
59983,.,-2.49579,29.49569,.,17.1,18.9,15.9,3,1470,0,4359,637,311,1752,421
59984,.,-2.49579,29.49569,.,17.1,18.9,15.9,3,1470,0,4359,637,311,1752,421
59985,.,-2.49579,29.49569,.,17.1,18.9,15.9,3,1470,0,4359,637,311,1752,421
59986,.,-2.49579,29.49569,.,17.1,18.9,15.9,3,1470,0,4359,637,311,1752,421
59987,.,-2.0994,29.46187,.,17.6,19.2,16.7,2.6,1458,0,4558,517,388,1756,418
59988,.,-2.0994,29.46187,.,17.6,19.2,16.7,2.6,1458,0,4558,517,388,1756,418
59989,.,-2.49579,29.49569,.,17.1,18.9,15.9,3,1470,0,4359,637,311,1752,421
59990,.,-2.49579,29.49569,.,17.1,18.9,15.9,3,1470,0,4359,637,311,1752,421
59991,.,-2.49579,29.49569,.,17.1,18.9,15.9,3,1470,0,4359,637,311,1752,421
59992,.,-2.49579,29.49569,.,17.1,18.9,15.9,3,1470,0,4359,637,311,1752,421
59993,.,-2.49579,29.49569,.,17.1,18.9,15.9,3,1470,0,4359,637,311,1752,421
59994,.,-2.49579,29.49569,.,17.1,18.9,15.9,3,1470,0,4359,637,311,1752,421
59995,.,-2.49579,29.49569,.,17.1,18.9,15.9,3,1470,0,4359,637,311,1752,421
59996,.,-2.49579,29.49569,.,17.1,18.9,15.9,3,1470,0,4359,637,311,1752,421
59997,.,-2.49579,29.49569,.,17.1,18.9,15.9,3,1470,0,4359,637,311,1752,421
59998,.,-2.49579,29.49569,.,17.1,18.9,15.9,3,1470,0,4359,637,311,1752,421
59999,.,-2.49579,29.49569,.,17.1,18.9,15.9,3,1470,0,4359,637,311,1752,421
60000,.,-2.49579,29.49569,.,17.1,18.9,15.9,3,1470,0,4359,637,311,1752,421
60001,.,-2.0994,29.46187,.,17.6,19.2,16.7,2.6,1458,0,4558,517,388,1756,418
60002,.,-2.0994,29.46187,.,17.6,19.2,16.7,2.6,1458,0,4558,517,388,1756,418
60003,.,-2.0994,29.46187,.,17.6,19.2,16.7,2.6,1458,0,4558,517,388,1756,418
60004,.,-2.0994,29.46187,.,17.6,19.2,16.7,2.6,1458,0,4558,517,388,1756,418
60005,.,-2.0994,29.46187,.,17.6,19.2,16.7,2.6,1458,0,4558,517,388,1756,418
60006,.,-2.0994,29.46187,.,17.6,19.2,16.7,2.6,1458,0,4558,517,388,1756,418
60007,.,-2.0994,29.46187,.,17.6,19.2,16.7,2.6,1458,0,4558,517,388,1756,418
60008,.,-2.0994,29.46187,.,17.6,19.2,16.7,2.6,1458,0,4558,517,388,1756,418
60009,.,-2.4082,29.22598,.,17.3,19.1,16,3,1546,0,4452,585,347,1720,337
60010,.,-2.4082,29.22598,.,17.3,19.1,16,3,1546,0,4452,585,347,1720,337
60011,.,-2.4082,29.22598,.,17.3,19.1,16,3,1546,0,4452,585,347,1720,337
60012,.,-2.4082,29.22598,.,17.3,19.1,16,3,1546,0,4452,585,347,1720,337
60013,.,-2.4082,29.22598,.,17.3,19.1,16,3,1546,0,4452,585,347,1720,337
60014,.,-2.4082,29.22598,.,17.3,19.1,16,3,1546,0,4452,585,347,1720,337
60015,.,-2.4082,29.22598,.,17.3,19.1,16,3,1546,0,4452,585,347,1720,337
60016,.,-2.4082,29.22598,.,17.3,19.1,16,3,1546,0,4452,585,347,1720,337
60017,.,-2.4082,29.22598,.,17.3,19.1,16,3,1546,0,4452,585,347,1720,337
60018,.,-2.4082,29.22598,.,17.3,19.1,16,3,1546,0,4452,585,347,1720,337
60019,.,-2.4082,29.22598,.,17.3,19.1,16,3,1546,0,4452,585,347,1720,337
60020,.,-2.4082,29.22598,.,17.3,19.1,16,3,1546,0,4452,585,347,1720,337
60021,.,-2.49579,29.49569,.,17.1,18.9,15.9,3,1470,0,4359,637,311,1752,421
60022,.,-2.49579,29.49569,.,17.1,18.9,15.9,3,1470,0,4359,637,311,1752,421
60023,.,-2.49579,29.49569,.,17.1,18.9,15.9,3,1470,0,4359,637,311,1752,421
60024,.,-2.49579,29.49569,.,17.1,18.9,15.9,3,1470,0,4359,637,311,1752,421
60025,.,-2.49579,29.49569,.,17.1,18.9,15.9,3,1470,0,4359,637,311,1752,421
60026,.,-2.49579,29.49569,.,17.1,18.9,15.9,3,1470,0,4359,637,311,1752,421
60027,.,-2.49579,29.49569,.,17.1,18.9,15.9,3,1470,0,4359,637,311,1752,421
60028,.,-2.49579,29.49569,.,17.1,18.9,15.9,3,1470,0,4359,637,311,1752,421
60029,.,-2.49579,29.49569,.,17.1,18.9,15.9,3,1470,0,4359,637,311,1752,421
60030,.,-2.49579,29.49569,.,17.1,18.9,15.9,3,1470,0,4359,637,311,1752,421
60031,.,-2.49579,29.49569,.,17.1,18.9,15.9,3,1470,0,4359,637,311,1752,421
60032,.,-2.0994,29.46187,.,17.6,19.2,16.7,2.6,1458,0,4558,517,388,1756,418
60033,.,-2.0994,29.46187,.,17.6,19.2,16.7,2.6,1458,0,4558,517,388,1756,418
60034,.,-2.4082,29.22598,.,17.3,19.1,16,3,1546,0,4452,585,347,1720,337
60035,.,-2.4082,29.22598,.,17.3,19.1,16,3,1546,0,4452,585,347,1720,337
60036,.,-2.4082,29.22598,.,17.3,19.1,16,3,1546,0,4452,585,347,1720,337
60037,.,-2.0994,29.46187,.,17.6,19.2,16.7,2.6,1458,0,4558,517,388,1756,418
60038,.,-2.0994,29.46187,.,17.6,19.2,16.7,2.6,1458,0,4558,517,388,1756,418
60039,.,-2.0994,29.46187,.,17.6,19.2,16.7,2.6,1458,0,4558,517,388,1756,418
60040,.,-2.0994,29.46187,.,17.6,19.2,16.7,2.6,1458,0,4558,517,388,1756,418
60041,.,-2.0994,29.46187,.,17.6,19.2,16.7,2.6,1458,0,4558,517,388,1756,418
60042,.,-2.0994,29.46187,.,17.6,19.2,16.7,2.6,1458,0,4558,517,388,1756,418
60043,.,-2.0994,29.46187,.,17.6,19.2,16.7,2.6,1458,0,4558,517,388,1756,418
60044,.,-2.0994,29.46187,.,17.6,19.2,16.7,2.6,1458,0,4558,517,388,1756,418
60045,.,-2.0994,29.46187,.,17.6,19.2,16.7,2.6,1458,0,4558,517,388,1756,418
60046,.,-2.4082,29.22598,.,17.3,19.1,16,3,1546,0,4452,585,347,1720,337
60047,.,-2.49579,29.49569,.,17.1,18.9,15.9,3,1470,0,4359,637,311,1752,421
60048,.,-2.49579,29.49569,.,17.1,18.9,15.9,3,1470,0,4359,637,311,1752,421
60049,.,-2.533009,28.957407,.,18.2,19.6,17.1,2.6,1503,0,4767,415,486,1793,467
60050,.,-2.49272,28.93443,.,18.6,20.1,17.4,2.7,1463,0,4915,355,568,1812,466
60051,.,-2.533009,28.957407,.,18.2,19.6,17.1,2.6,1503,0,4767,415,486,1793,467
60052,.,-2.533009,28.957407,.,18.2,19.6,17.1,2.6,1503,0,4767,415,486,1793,467
60053,.,-2.533009,28.957407,.,18.2,19.6,17.1,2.6,1503,0,4767,415,486,1793,467
60054,.,-2.533009,28.957407,.,18.2,19.6,17.1,2.6,1503,0,4767,415,486,1793,467
60055,.,-2.49272,28.93443,.,18.6,20.1,17.4,2.7,1463,0,4915,355,568,1812,466
60056,.,-2.49272,28.93443,.,18.6,20.1,17.4,2.7,1463,0,4915,355,568,1812,466
60057,.,-2.49272,28.93443,.,18.6,20.1,17.4,2.7,1463,0,4915,355,568,1812,466
60058,.,-2.533009,28.957407,.,18.2,19.6,17.1,2.6,1503,0,4767,415,486,1793,467
60059,.,-2.533009,28.957407,.,18.2,19.6,17.1,2.6,1503,0,4767,415,486,1793,467
60060,.,-2.49272,28.93443,.,18.6,20.1,17.4,2.7,1463,0,4915,355,568,1812,466
60061,.,-2.49272,28.93443,.,18.6,20.1,17.4,2.7,1463,0,4915,355,568,1812,466
60062,.,-2.49272,28.93443,.,18.6,20.1,17.4,2.7,1463,0,4915,355,568,1812,466
60063,.,-2.49272,28.93443,.,18.6,20.1,17.4,2.7,1463,0,4915,355,568,1812,466
60064,.,-2.49272,28.93443,.,18.6,20.1,17.4,2.7,1463,0,4915,355,568,1812,466
60065,.,-2.533009,28.957407,.,18.2,19.6,17.1,2.6,1503,0,4767,415,486,1793,467
60066,.,-2.533009,28.957407,.,18.2,19.6,17.1,2.6,1503,0,4767,415,486,1793,467
60067,.,-2.533009,28.957407,.,18.2,19.6,17.1,2.6,1503,0,4767,415,486,1793,467
60068,.,-2.49272,28.93443,.,18.6,20.1,17.4,2.7,1463,0,4915,355,568,1812,466
60069,.,-2.49272,28.93443,.,18.6,20.1,17.4,2.7,1463,0,4915,355,568,1812,466
60070,.,-2.49272,28.93443,.,18.6,20.1,17.4,2.7,1463,0,4915,355,568,1812,466
60071,.,-2.49272,28.93443,.,18.6,20.1,17.4,2.7,1463,0,4915,355,568,1812,466
60072,.,-2.49272,28.93443,.,18.6,20.1,17.4,2.7,1463,0,4915,355,568,1812,466
60073,.,-2.49272,28.93443,.,18.6,20.1,17.4,2.7,1463,0,4915,355,568,1812,466
60074,.,-2.49272,28.93443,.,18.6,20.1,17.4,2.7,1463,0,4915,355,568,1812,466
60075,.,-2.533009,28.957407,.,18.2,19.6,17.1,2.6,1503,0,4767,415,486,1793,467
60076,.,-2.533009,28.957407,.,18.2,19.6,17.1,2.6,1503,0,4767,415,486,1793,467
60077,.,-2.533009,28.957407,.,18.2,19.6,17.1,2.6,1503,0,4767,415,486,1793,467
60078,.,-2.49272,28.93443,.,18.6,20.1,17.4,2.7,1463,0,4915,355,568,1812,466
60079,.,-2.49272,28.93443,.,18.6,20.1,17.4,2.7,1463,0,4915,355,568,1812,466
60080,.,-2.49272,28.93443,.,18.6,20.1,17.4,2.7,1463,0,4915,355,568,1812,466
60081,.,-2.533009,28.957407,.,18.2,19.6,17.1,2.6,1503,0,4767,415,486,1793,467
60082,.,-2.49272,28.93443,.,18.6,20.1,17.4,2.7,1463,0,4915,355,568,1812,466
60083,.,-2.49272,28.93443,.,18.6,20.1,17.4,2.7,1463,0,4915,355,568,1812,466
60084,.,-2.533009,28.957407,.,18.2,19.6,17.1,2.6,1503,0,4767,415,486,1793,467
60085,.,-2.533009,28.957407,.,18.2,19.6,17.1,2.6,1503,0,4767,415,486,1793,467
60086,.,-2.533009,28.957407,.,18.2,19.6,17.1,2.6,1503,0,4767,415,486,1793,467
60087,.,-2.49272,28.93443,.,18.6,20.1,17.4,2.7,1463,0,4915,355,568,1812,466
60088,.,-2.49272,28.93443,.,18.6,20.1,17.4,2.7,1463,0,4915,355,568,1812,466
60089,.,-2.49272,28.93443,.,18.6,20.1,17.4,2.7,1463,0,4915,355,568,1812,466
60090,.,-2.49272,28.93443,.,18.6,20.1,17.4,2.7,1463,0,4915,355,568,1812,466
60091,.,-2.49272,28.93443,.,18.6,20.1,17.4,2.7,1463,0,4915,355,568,1812,466
60092,.,-2.49272,28.93443,.,18.6,20.1,17.4,2.7,1463,0,4915,355,568,1812,466
60093,.,-2.49272,28.93443,.,18.6,20.1,17.4,2.7,1463,0,4915,355,568,1812,466
60094,.,-2.533009,28.957407,.,18.2,19.6,17.1,2.6,1503,0,4767,415,486,1793,467
60095,.,-2.533009,28.957407,.,18.2,19.6,17.1,2.6,1503,0,4767,415,486,1793,467
60096,.,-2.49272,28.93443,.,18.6,20.1,17.4,2.7,1463,0,4915,355,568,1812,466
60097,.,-2.533009,28.957407,.,18.2,19.6,17.1,2.6,1503,0,4767,415,486,1793,467
60098,.,-2.533009,28.957407,.,18.2,19.6,17.1,2.6,1503,0,4767,415,486,1793,467
60099,.,-2.49272,28.93443,.,18.6,20.1,17.4,2.7,1463,0,4915,355,568,1812,466
60100,.,-2.49272,28.93443,.,18.6,20.1,17.4,2.7,1463,0,4915,355,568,1812,466
60101,.,-2.49272,28.93443,.,18.6,20.1,17.4,2.7,1463,0,4915,355,568,1812,466
60102,.,-2.49272,28.93443,.,18.6,20.1,17.4,2.7,1463,0,4915,355,568,1812,466
60103,.,-2.49272,28.93443,.,18.6,20.1,17.4,2.7,1463,0,4915,355,568,1812,466
60104,.,-2.533009,28.957407,.,18.2,19.6,17.1,2.6,1503,0,4767,415,486,1793,467
60105,.,-2.533009,28.957407,.,18.2,19.6,17.1,2.6,1503,0,4767,415,486,1793,467
60106,.,-2.533009,28.957407,.,18.2,19.6,17.1,2.6,1503,0,4767,415,486,1793,467
60107,.,-2.03125,30.28684,.,20.3,21.8,19.2,2.6,1241,0,5518,179,984,1885,780
60108,.,-2.03125,30.28684,.,20.3,21.8,19.2,2.6,1241,0,5518,179,984,1885,780
60109,.,-2.03125,30.28684,.,20.3,21.8,19.2,2.6,1241,0,5518,179,984,1885,780
60110,.,-1.649243,30.240996,.,19.3,20.7,18.3,2.4,1318,0,5142,273,707,1837,690
60111,.,-1.649243,30.240996,.,19.3,20.7,18.3,2.4,1318,0,5142,273,707,1837,690
60112,.,-1.649243,30.240996,.,19.3,20.7,18.3,2.4,1318,0,5142,273,707,1837,690
60113,.,-1.649243,30.240996,.,19.3,20.7,18.3,2.4,1318,0,5142,273,707,1837,690
60114,.,-1.649243,30.240996,.,19.3,20.7,18.3,2.4,1318,0,5142,273,707,1837,690
60115,.,-1.649243,30.240996,.,19.3,20.7,18.3,2.4,1318,0,5142,273,707,1837,690
60116,.,-1.649243,30.240996,.,19.3,20.7,18.3,2.4,1318,0,5142,273,707,1837,690
60117,.,-2.03125,30.28684,.,20.3,21.8,19.2,2.6,1241,0,5518,179,984,1885,780
60118,.,-2.03125,30.28684,.,20.3,21.8,19.2,2.6,1241,0,5518,179,984,1885,780
60119,.,-2.03125,30.28684,.,20.3,21.8,19.2,2.6,1241,0,5518,179,984,1885,780
60120,.,-2.03125,30.28684,.,20.3,21.8,19.2,2.6,1241,0,5518,179,984,1885,780
60121,.,-2.03125,30.28684,.,20.3,21.8,19.2,2.6,1241,0,5518,179,984,1885,780
60122,.,-2.03125,30.28684,.,20.3,21.8,19.2,2.6,1241,0,5518,179,984,1885,780
60123,.,-2.03125,30.28684,.,20.3,21.8,19.2,2.6,1241,0,5518,179,984,1885,780
60124,.,-2.03125,30.28684,.,20.3,21.8,19.2,2.6,1241,0,5518,179,984,1885,780
60125,.,-1.649243,30.240996,.,19.3,20.7,18.3,2.4,1318,0,5142,273,707,1837,690
60126,.,-1.649243,30.240996,.,19.3,20.7,18.3,2.4,1318,0,5142,273,707,1837,690
60127,.,-1.649243,30.240996,.,19.3,20.7,18.3,2.4,1318,0,5142,273,707,1837,690
60128,.,-1.649243,30.240996,.,19.3,20.7,18.3,2.4,1318,0,5142,273,707,1837,690
60129,.,-1.649243,30.240996,.,19.3,20.7,18.3,2.4,1318,0,5142,273,707,1837,690
60130,.,-2.03125,30.28684,.,20.3,21.8,19.2,2.6,1241,0,5518,179,984,1885,780
60131,.,-2.03125,30.28684,.,20.3,21.8,19.2,2.6,1241,0,5518,179,984,1885,780
60132,.,-2.03125,30.28684,.,20.3,21.8,19.2,2.6,1241,0,5518,179,984,1885,780
60133,.,-2.03125,30.28684,.,20.3,21.8,19.2,2.6,1241,0,5518,179,984,1885,780
60134,.,-2.03125,30.28684,.,20.3,21.8,19.2,2.6,1241,0,5518,179,984,1885,780
60135,.,-2.03125,30.28684,.,20.3,21.8,19.2,2.6,1241,0,5518,179,984,1885,780
60136,.,-1.649243,30.240996,.,19.3,20.7,18.3,2.4,1318,0,5142,273,707,1837,690
60137,.,-1.649243,30.240996,.,19.3,20.7,18.3,2.4,1318,0,5142,273,707,1837,690
60138,.,-1.649243,30.240996,.,19.3,20.7,18.3,2.4,1318,0,5142,273,707,1837,690
60139,.,-1.649243,30.240996,.,19.3,20.7,18.3,2.4,1318,0,5142,273,707,1837,690
60140,.,-1.649243,30.240996,.,19.3,20.7,18.3,2.4,1318,0,5142,273,707,1837,690
60141,.,-1.649243,30.240996,.,19.3,20.7,18.3,2.4,1318,0,5142,273,707,1837,690
60142,.,-1.649243,30.240996,.,19.3,20.7,18.3,2.4,1318,0,5142,273,707,1837,690
60143,.,-1.649243,30.240996,.,19.3,20.7,18.3,2.4,1318,0,5142,273,707,1837,690
60144,.,-1.649243,30.240996,.,19.3,20.7,18.3,2.4,1318,0,5142,273,707,1837,690
60145,.,-2.03125,30.28684,.,20.3,21.8,19.2,2.6,1241,0,5518,179,984,1885,780
60146,.,-2.03125,30.28684,.,20.3,21.8,19.2,2.6,1241,0,5518,179,984,1885,780
60147,.,-1.649243,30.240996,.,19.3,20.7,18.3,2.4,1318,0,5142,273,707,1837,690
60148,.,-1.649243,30.240996,.,19.3,20.7,18.3,2.4,1318,0,5142,273,707,1837,690
60149,.,-1.649243,30.240996,.,19.3,20.7,18.3,2.4,1318,0,5142,273,707,1837,690
60150,.,-1.649243,30.240996,.,19.3,20.7,18.3,2.4,1318,0,5142,273,707,1837,690
60151,.,-1.649243,30.240996,.,19.3,20.7,18.3,2.4,1318,0,5142,273,707,1837,690
60152,.,-1.649243,30.240996,.,19.3,20.7,18.3,2.4,1318,0,5142,273,707,1837,690
60153,.,-2.03125,30.28684,.,20.3,21.8,19.2,2.6,1241,0,5518,179,984,1885,780
60154,.,-2.03125,30.28684,.,20.3,21.8,19.2,2.6,1241,0,5518,179,984,1885,780
60155,.,-2.03125,30.28684,.,20.3,21.8,19.2,2.6,1241,0,5518,179,984,1885,780
60156,.,-2.03125,30.28684,.,20.3,21.8,19.2,2.6,1241,0,5518,179,984,1885,780
60157,.,-2.03125,30.28684,.,20.3,21.8,19.2,2.6,1241,0,5518,179,984,1885,780
60158,.,-2.03125,30.28684,.,20.3,21.8,19.2,2.6,1241,0,5518,179,984,1885,780
60159,.,-2.03125,30.28684,.,20.3,21.8,19.2,2.6,1241,0,5518,179,984,1885,780
60160,.,-2.03125,30.28684,.,20.3,21.8,19.2,2.6,1241,0,5518,179,984,1885,780
60161,.,-2.03125,30.28684,.,20.3,21.8,19.2,2.6,1241,0,5518,179,984,1885,780
60162,.,-2.03125,30.28684,.,20.3,21.8,19.2,2.6,1241,0,5518,179,984,1885,780
60163,.,-2.03125,30.28684,.,20.3,21.8,19.2,2.6,1241,0,5518,179,984,1885,780
60164,.,-1.649243,30.240996,.,19.3,20.7,18.3,2.4,1318,0,5142,273,707,1837,690
60165,.,-1.649243,30.240996,.,19.3,20.7,18.3,2.4,1318,0,5142,273,707,1837,690
60166,.,-1.649243,30.240996,.,19.3,20.7,18.3,2.4,1318,0,5142,273,707,1837,690
60167,.,-1.649243,30.240996,.,19.3,20.7,18.3,2.4,1318,0,5142,273,707,1837,690
60168,.,-1.649243,30.240996,.,19.3,20.7,18.3,2.4,1318,0,5142,273,707,1837,690
60169,.,-1.649243,30.240996,.,19.3,20.7,18.3,2.4,1318,0,5142,273,707,1837,690
60170,.,-1.649243,30.240996,.,19.3,20.7,18.3,2.4,1318,0,5142,273,707,1837,690
60171,.,-1.649243,30.240996,.,19.3,20.7,18.3,2.4,1318,0,5142,273,707,1837,690
60172,.,-2.03125,30.28684,.,20.3,21.8,19.2,2.6,1241,0,5518,179,984,1885,780
60173,.,-2.03125,30.28684,.,20.3,21.8,19.2,2.6,1241,0,5518,179,984,1885,780
60174,.,-2.03125,30.28684,.,20.3,21.8,19.2,2.6,1241,0,5518,179,984,1885,780
60175,.,-2.03125,30.28684,.,20.3,21.8,19.2,2.6,1241,0,5518,179,984,1885,780
60176,.,-1.649243,30.240996,.,19.3,20.7,18.3,2.4,1318,0,5142,273,707,1837,690
60177,.,-1.649243,30.240996,.,19.3,20.7,18.3,2.4,1318,0,5142,273,707,1837,690
60178,.,-1.649243,30.240996,.,19.3,20.7,18.3,2.4,1318,0,5142,273,707,1837,690
60179,.,-1.649243,30.240996,.,19.3,20.7,18.3,2.4,1318,0,5142,273,707,1837,690
60180,.,-2.03125,30.28684,.,20.3,21.8,19.2,2.6,1241,0,5518,179,984,1885,780
60181,.,-2.03125,30.28684,.,20.3,21.8,19.2,2.6,1241,0,5518,179,984,1885,780
60182,.,-2.03125,30.28684,.,20.3,21.8,19.2,2.6,1241,0,5518,179,984,1885,780
60183,.,-2.03125,30.28684,.,20.3,21.8,19.2,2.6,1241,0,5518,179,984,1885,780
60184,.,-2.03125,30.28684,.,20.3,21.8,19.2,2.6,1241,0,5518,179,984,1885,780
60185,.,-2.03125,30.28684,.,20.3,21.8,19.2,2.6,1241,0,5518,179,984,1885,780
60186,.,-2.03125,30.28684,.,20.3,21.8,19.2,2.6,1241,0,5518,179,984,1885,780
60187,.,-2.03125,30.28684,.,20.3,21.8,19.2,2.6,1241,0,5518,179,984,1885,780
60188,.,-2.03125,30.28684,.,20.3,21.8,19.2,2.6,1241,0,5518,179,984,1885,780
60189,.,-2.03125,30.28684,.,20.3,21.8,19.2,2.6,1241,0,5518,179,984,1885,780
60190,.,-2.03125,30.28684,.,20.3,21.8,19.2,2.6,1241,0,5518,179,984,1885,780
60191,.,-2.03125,30.28684,.,20.3,21.8,19.2,2.6,1241,0,5518,179,984,1885,780
60192,.,-2.03125,30.28684,.,20.3,21.8,19.2,2.6,1241,0,5518,179,984,1885,780
60193,.,-2.03125,30.28684,.,20.3,21.8,19.2,2.6,1241,0,5518,179,984,1885,780
60194,.,-2.03125,30.28684,.,20.3,21.8,19.2,2.6,1241,0,5518,179,984,1885,780
60195,.,-2.03125,30.28684,.,20.3,21.8,19.2,2.6,1241,0,5518,179,984,1885,780
60196,.,-2.03125,30.28684,.,20.3,21.8,19.2,2.6,1241,0,5518,179,984,1885,780
60197,.,-2.03125,30.28684,.,20.3,21.8,19.2,2.6,1241,0,5518,179,984,1885,780
60198,.,-2.03125,30.28684,.,20.3,21.8,19.2,2.6,1241,0,5518,179,984,1885,780
60199,.,-2.03125,30.28684,.,20.3,21.8,19.2,2.6,1241,0,5518,179,984,1885,780
60200,.,-1.649243,30.240996,.,19.3,20.7,18.3,2.4,1318,0,5142,273,707,1837,690
60201,.,-1.649243,30.240996,.,19.3,20.7,18.3,2.4,1318,0,5142,273,707,1837,690
60202,.,-1.649243,30.240996,.,19.3,20.7,18.3,2.4,1318,0,5142,273,707,1837,690
60203,.,-1.649243,30.240996,.,19.3,20.7,18.3,2.4,1318,0,5142,273,707,1837,690
60204,.,-1.649243,30.240996,.,19.3,20.7,18.3,2.4,1318,0,5142,273,707,1837,690
60205,.,-1.649243,30.240996,.,19.3,20.7,18.3,2.4,1318,0,5142,273,707,1837,690
60206,.,-1.649243,30.240996,.,19.3,20.7,18.3,2.4,1318,0,5142,273,707,1837,690
60207,.,-1.649243,30.240996,.,19.3,20.7,18.3,2.4,1318,0,5142,273,707,1837,690
60208,.,-1.649243,30.240996,.,19.3,20.7,18.3,2.4,1318,0,5142,273,707,1837,690
60209,.,-1.649243,30.240996,.,19.3,20.7,18.3,2.4,1318,0,5142,273,707,1837,690
60210,.,-1.649243,30.240996,.,19.3,20.7,18.3,2.4,1318,0,5142,273,707,1837,690
60211,.,-2.03125,30.28684,.,20.3,21.8,19.2,2.6,1241,0,5518,179,984,1885,780
60212,.,-2.03125,30.28684,.,20.3,21.8,19.2,2.6,1241,0,5518,179,984,1885,780
60213,.,-2.03125,30.28684,.,20.3,21.8,19.2,2.6,1241,0,5518,179,984,1885,780
60214,.,-2.03125,30.28684,.,20.3,21.8,19.2,2.6,1241,0,5518,179,984,1885,780
60215,.,-2.3266,29.13643,.,20,21.8,19,2.7,1422,0,5410,205,901,1849,489
60216,.,-2.3266,29.13643,.,20,21.8,19,2.7,1422,0,5410,205,901,1849,489
60217,.,-2.084365,29.430213,.,18.3,20,17.3,2.7,1414,0,4809,399,510,1777,440
60218,.,-2.084365,29.430213,.,18.3,20,17.3,2.7,1414,0,4809,399,510,1777,440
60219,.,-2.084365,29.430213,.,18.3,20,17.3,2.7,1414,0,4809,399,510,1777,440
60220,.,-2.121007,29.324058,.,19.3,21.2,18.4,2.8,1429,0,5154,274,719,1808,466
60221,.,-2.121007,29.324058,.,19.3,21.2,18.4,2.8,1429,0,5154,274,719,1808,466
60222,.,-2.121007,29.324058,.,19.3,21.2,18.4,2.8,1429,0,5154,274,719,1808,466
60223,.,-2.121007,29.324058,.,19.3,21.2,18.4,2.8,1429,0,5154,274,719,1808,466
60224,.,-2.121007,29.324058,.,19.3,21.2,18.4,2.8,1429,0,5154,274,719,1808,466
60225,.,-2.3266,29.13643,.,20,21.8,19,2.7,1422,0,5410,205,901,1849,489
60226,.,-2.3266,29.13643,.,20,21.8,19,2.7,1422,0,5410,205,901,1849,489
60227,.,-2.3266,29.13643,.,20,21.8,19,2.7,1422,0,5410,205,901,1849,489
60228,.,-2.121007,29.324058,.,19.3,21.2,18.4,2.8,1429,0,5154,274,719,1808,466
60229,.,-2.121007,29.324058,.,19.3,21.2,18.4,2.8,1429,0,5154,274,719,1808,466
60230,.,-2.121007,29.324058,.,19.3,21.2,18.4,2.8,1429,0,5154,274,719,1808,466
60231,.,-2.3266,29.13643,.,20,21.8,19,2.7,1422,0,5410,205,901,1849,489
60232,.,-2.3266,29.13643,.,20,21.8,19,2.7,1422,0,5410,205,901,1849,489
60233,.,-2.3266,29.13643,.,20,21.8,19,2.7,1422,0,5410,205,901,1849,489
60234,.,-2.121007,29.324058,.,19.3,21.2,18.4,2.8,1429,0,5154,274,719,1808,466
60235,.,-2.121007,29.324058,.,19.3,21.2,18.4,2.8,1429,0,5154,274,719,1808,466
60236,.,-2.121007,29.324058,.,19.3,21.2,18.4,2.8,1429,0,5154,274,719,1808,466
60237,.,-2.121007,29.324058,.,19.3,21.2,18.4,2.8,1429,0,5154,274,719,1808,466
60238,.,-2.3266,29.13643,.,20,21.8,19,2.7,1422,0,5410,205,901,1849,489
60239,.,-2.3266,29.13643,.,20,21.8,19,2.7,1422,0,5410,205,901,1849,489
60240,.,-2.3266,29.13643,.,20,21.8,19,2.7,1422,0,5410,205,901,1849,489
60241,.,-2.121007,29.324058,.,19.3,21.2,18.4,2.8,1429,0,5154,274,719,1808,466
60242,.,-2.121007,29.324058,.,19.3,21.2,18.4,2.8,1429,0,5154,274,719,1808,466
60243,.,-2.121007,29.324058,.,19.3,21.2,18.4,2.8,1429,0,5154,274,719,1808,466
60244,.,-2.3266,29.13643,.,20,21.8,19,2.7,1422,0,5410,205,901,1849,489
60245,.,-2.3266,29.13643,.,20,21.8,19,2.7,1422,0,5410,205,901,1849,489
60246,.,-2.3266,29.13643,.,20,21.8,19,2.7,1422,0,5410,205,901,1849,489
60247,.,-2.121007,29.324058,.,19.3,21.2,18.4,2.8,1429,0,5154,274,719,1808,466
60248,.,-2.121007,29.324058,.,19.3,21.2,18.4,2.8,1429,0,5154,274,719,1808,466
60249,.,-2.121007,29.324058,.,19.3,21.2,18.4,2.8,1429,0,5154,274,719,1808,466
60250,.,-2.084365,29.430213,.,18.3,20,17.3,2.7,1414,0,4809,399,510,1777,440
60251,.,-2.084365,29.430213,.,18.3,20,17.3,2.7,1414,0,4809,399,510,1777,440
60252,.,-2.084365,29.430213,.,18.3,20,17.3,2.7,1414,0,4809,399,510,1777,440
60253,.,-2.084365,29.430213,.,18.3,20,17.3,2.7,1414,0,4809,399,510,1777,440
60254,.,-2.084365,29.430213,.,18.3,20,17.3,2.7,1414,0,4809,399,510,1777,440
60255,.,-2.084365,29.430213,.,18.3,20,17.3,2.7,1414,0,4809,399,510,1777,440
60256,.,-2.3266,29.13643,.,20,21.8,19,2.7,1422,0,5410,205,901,1849,489
60257,.,-2.3266,29.13643,.,20,21.8,19,2.7,1422,0,5410,205,901,1849,489
60258,.,-2.3266,29.13643,.,20,21.8,19,2.7,1422,0,5410,205,901,1849,489
60259,.,-2.084365,29.430213,.,18.3,20,17.3,2.7,1414,0,4809,399,510,1777,440
60260,.,-2.084365,29.430213,.,18.3,20,17.3,2.7,1414,0,4809,399,510,1777,440
60261,.,-2.084365,29.430213,.,18.3,20,17.3,2.7,1414,0,4809,399,510,1777,440
60262,.,-2.3266,29.13643,.,20,21.8,19,2.7,1422,0,5410,205,901,1849,489
60263,.,-2.3266,29.13643,.,20,21.8,19,2.7,1422,0,5410,205,901,1849,489
60264,.,-2.3266,29.13643,.,20,21.8,19,2.7,1422,0,5410,205,901,1849,489
60265,.,-2.084365,29.430213,.,18.3,20,17.3,2.7,1414,0,4809,399,510,1777,440
60266,.,-2.084365,29.430213,.,18.3,20,17.3,2.7,1414,0,4809,399,510,1777,440
60267,.,-2.084365,29.430213,.,18.3,20,17.3,2.7,1414,0,4809,399,510,1777,440
60268,.,-2.084365,29.430213,.,18.3,20,17.3,2.7,1414,0,4809,399,510,1777,440
60269,.,-2.084365,29.430213,.,18.3,20,17.3,2.7,1414,0,4809,399,510,1777,440
60270,.,-2.084365,29.430213,.,18.3,20,17.3,2.7,1414,0,4809,399,510,1777,440
60271,.,-2.121007,29.324058,.,19.3,21.2,18.4,2.8,1429,0,5154,274,719,1808,466
60272,.,-2.121007,29.324058,.,19.3,21.2,18.4,2.8,1429,0,5154,274,719,1808,466
60273,.,-2.3266,29.13643,.,20,21.8,19,2.7,1422,0,5410,205,901,1849,489
60274,.,-2.3266,29.13643,.,20,21.8,19,2.7,1422,0,5410,205,901,1849,489
60275,.,-2.3266,29.13643,.,20,21.8,19,2.7,1422,0,5410,205,901,1849,489
60276,.,-2.121007,29.324058,.,19.3,21.2,18.4,2.8,1429,0,5154,274,719,1808,466
60277,.,-2.084365,29.430213,.,18.3,20,17.3,2.7,1414,0,4809,399,510,1777,440
60278,.,-2.084365,29.430213,.,18.3,20,17.3,2.7,1414,0,4809,399,510,1777,440
60279,.,-2.084365,29.430213,.,18.3,20,17.3,2.7,1414,0,4809,399,510,1777,440
60280,.,-2.084365,29.430213,.,18.3,20,17.3,2.7,1414,0,4809,399,510,1777,440
60281,.,-2.084365,29.430213,.,18.3,20,17.3,2.7,1414,0,4809,399,510,1777,440
60282,.,-2.084365,29.430213,.,18.3,20,17.3,2.7,1414,0,4809,399,510,1777,440
60283,.,-2.084365,29.430213,.,18.3,20,17.3,2.7,1414,0,4809,399,510,1777,440
60284,.,-2.121007,29.324058,.,19.3,21.2,18.4,2.8,1429,0,5154,274,719,1808,466
60285,.,-2.121007,29.324058,.,19.3,21.2,18.4,2.8,1429,0,5154,274,719,1808,466
60286,.,-2.121007,29.324058,.,19.3,21.2,18.4,2.8,1429,0,5154,274,719,1808,466
60287,.,-2.121007,29.324058,.,19.3,21.2,18.4,2.8,1429,0,5154,274,719,1808,466
60288,.,-2.121007,29.324058,.,19.3,21.2,18.4,2.8,1429,0,5154,274,719,1808,466
60289,.,-2.3266,29.13643,.,20,21.8,19,2.7,1422,0,5410,205,901,1849,489
60290,.,-2.3266,29.13643,.,20,21.8,19,2.7,1422,0,5410,205,901,1849,489
60291,.,-2.3266,29.13643,.,20,21.8,19,2.7,1422,0,5410,205,901,1849,489
60292,.,-2.3266,29.13643,.,20,21.8,19,2.7,1422,0,5410,205,901,1849,489
60293,.,-2.3266,29.13643,.,20,21.8,19,2.7,1422,0,5410,205,901,1849,489
60294,.,-2.3266,29.13643,.,20,21.8,19,2.7,1422,0,5410,205,901,1849,489
60295,.,-2.3266,29.13643,.,20,21.8,19,2.7,1422,0,5410,205,901,1849,489
60296,.,-2.3266,29.13643,.,20,21.8,19,2.7,1422,0,5410,205,901,1849,489
60297,.,-2.3266,29.13643,.,20,21.8,19,2.7,1422,0,5410,205,901,1849,489
60298,.,-2.3266,29.13643,.,20,21.8,19,2.7,1422,0,5410,205,901,1849,489
60299,.,-2.084365,29.430213,.,18.3,20,17.3,2.7,1414,0,4809,399,510,1777,440
60300,.,-2.084365,29.430213,.,18.3,20,17.3,2.7,1414,0,4809,399,510,1777,440
60301,.,-2.121007,29.324058,.,19.3,21.2,18.4,2.8,1429,0,5154,274,719,1808,466
60302,.,-2.121007,29.324058,.,19.3,21.2,18.4,2.8,1429,0,5154,274,719,1808,466
60303,.,-2.3266,29.13643,.,20,21.8,19,2.7,1422,0,5410,205,901,1849,489
60304,.,-2.3266,29.13643,.,20,21.8,19,2.7,1422,0,5410,205,901,1849,489
60305,.,-2.3266,29.13643,.,20,21.8,19,2.7,1422,0,5410,205,901,1849,489
60306,.,-2.3266,29.13643,.,20,21.8,19,2.7,1422,0,5410,205,901,1849,489
60307,.,-2.3266,29.13643,.,20,21.8,19,2.7,1422,0,5410,205,901,1849,489
60308,.,-2.3266,29.13643,.,20,21.8,19,2.7,1422,0,5410,205,901,1849,489
60309,.,-2.3266,29.13643,.,20,21.8,19,2.7,1422,0,5410,205,901,1849,489
60310,.,-2.3266,29.13643,.,20,21.8,19,2.7,1422,0,5410,205,901,1849,489
60311,.,-2.121007,29.324058,.,19.3,21.2,18.4,2.8,1429,0,5154,274,719,1808,466
60312,.,-2.084365,29.430213,.,18.3,20,17.3,2.7,1414,0,4809,399,510,1777,440
60313,.,-2.084365,29.430213,.,18.3,20,17.3,2.7,1414,0,4809,399,510,1777,440
60314,.,-2.084365,29.430213,.,18.3,20,17.3,2.7,1414,0,4809,399,510,1777,440
60315,.,-2.121007,29.324058,.,19.3,21.2,18.4,2.8,1429,0,5154,274,719,1808,466
60316,.,-2.121007,29.324058,.,19.3,21.2,18.4,2.8,1429,0,5154,274,719,1808,466
60317,.,-2.121007,29.324058,.,19.3,21.2,18.4,2.8,1429,0,5154,274,719,1808,466
60318,.,-2.084365,29.430213,.,18.3,20,17.3,2.7,1414,0,4809,399,510,1777,440
60319,.,-2.084365,29.430213,.,18.3,20,17.3,2.7,1414,0,4809,399,510,1777,440
60320,.,-2.084365,29.430213,.,18.3,20,17.3,2.7,1414,0,4809,399,510,1777,440
60321,.,-2.084365,29.430213,.,18.3,20,17.3,2.7,1414,0,4809,399,510,1777,440
60322,.,-2.084365,29.430213,.,18.3,20,17.3,2.7,1414,0,4809,399,510,1777,440
60323,.,-2.084365,29.430213,.,18.3,20,17.3,2.7,1414,0,4809,399,510,1777,440
60324,.,-2.084365,29.430213,.,18.3,20,17.3,2.7,1414,0,4809,399,510,1777,440
60325,.,-2.084365,29.430213,.,18.3,20,17.3,2.7,1414,0,4809,399,510,1777,440
60326,.,-2.084365,29.430213,.,18.3,20,17.3,2.7,1414,0,4809,399,510,1777,440
60327,.,-2.084365,29.430213,.,18.3,20,17.3,2.7,1414,0,4809,399,510,1777,440
60328,.,-2.084365,29.430213,.,18.3,20,17.3,2.7,1414,0,4809,399,510,1777,440
60329,.,-2.084365,29.430213,.,18.3,20,17.3,2.7,1414,0,4809,399,510,1777,440
60330,.,-2.084365,29.430213,.,18.3,20,17.3,2.7,1414,0,4809,399,510,1777,440
60331,.,-2.084365,29.430213,.,18.3,20,17.3,2.7,1414,0,4809,399,510,1777,440
60332,.,-2.084365,29.430213,.,18.3,20,17.3,2.7,1414,0,4809,399,510,1777,440
60333,.,-2.084365,29.430213,.,18.3,20,17.3,2.7,1414,0,4809,399,510,1777,440
60334,.,-2.084365,29.430213,.,18.3,20,17.3,2.7,1414,0,4809,399,510,1777,440
60335,.,-2.084365,29.430213,.,18.3,20,17.3,2.7,1414,0,4809,399,510,1777,440
60336,.,-2.084365,29.430213,.,18.3,20,17.3,2.7,1414,0,4809,399,510,1777,440
60337,.,-2.121007,29.324058,.,19.3,21.2,18.4,2.8,1429,0,5154,274,719,1808,466
60338,.,-2.121007,29.324058,.,19.3,21.2,18.4,2.8,1429,0,5154,274,719,1808,466
60339,.,-2.121007,29.324058,.,19.3,21.2,18.4,2.8,1429,0,5154,274,719,1808,466
60340,.,-2.3266,29.13643,.,20,21.8,19,2.7,1422,0,5410,205,901,1849,489
60341,.,-2.3266,29.13643,.,20,21.8,19,2.7,1422,0,5410,205,901,1849,489
60342,.,-2.3266,29.13643,.,20,21.8,19,2.7,1422,0,5410,205,901,1849,489
60343,.,-2.084365,29.430213,.,18.3,20,17.3,2.7,1414,0,4809,399,510,1777,440
60344,.,-2.084365,29.430213,.,18.3,20,17.3,2.7,1414,0,4809,399,510,1777,440
60345,.,-2.084365,29.430213,.,18.3,20,17.3,2.7,1414,0,4809,399,510,1777,440
60346,.,-2.121007,29.324058,.,19.3,21.2,18.4,2.8,1429,0,5154,274,719,1808,466
60347,.,-2.084365,29.430213,.,18.3,20,17.3,2.7,1414,0,4809,399,510,1777,440
60348,.,-2.084365,29.430213,.,18.3,20,17.3,2.7,1414,0,4809,399,510,1777,440
60349,.,-2.084365,29.430213,.,18.3,20,17.3,2.7,1414,0,4809,399,510,1777,440
60350,.,-2.084365,29.430213,.,18.3,20,17.3,2.7,1414,0,4809,399,510,1777,440
60351,.,-2.084365,29.430213,.,18.3,20,17.3,2.7,1414,0,4809,399,510,1777,440
60352,.,-2.084365,29.430213,.,18.3,20,17.3,2.7,1414,0,4809,399,510,1777,440
60353,.,-2.084365,29.430213,.,18.3,20,17.3,2.7,1414,0,4809,399,510,1777,440
60354,.,-2.084365,29.430213,.,18.3,20,17.3,2.7,1414,0,4809,399,510,1777,440
60355,.,-2.121007,29.324058,.,19.3,21.2,18.4,2.8,1429,0,5154,274,719,1808,466
60356,.,-2.121007,29.324058,.,19.3,21.2,18.4,2.8,1429,0,5154,274,719,1808,466
60357,.,-2.121007,29.324058,.,19.3,21.2,18.4,2.8,1429,0,5154,274,719,1808,466
60358,.,-2.121007,29.324058,.,19.3,21.2,18.4,2.8,1429,0,5154,274,719,1808,466
60359,.,-2.121007,29.324058,.,19.3,21.2,18.4,2.8,1429,0,5154,274,719,1808,466
60360,.,-2.3266,29.13643,.,20,21.8,19,2.7,1422,0,5410,205,901,1849,489
60361,.,-2.3266,29.13643,.,20,21.8,19,2.7,1422,0,5410,205,901,1849,489
60362,.,-2.3266,29.13643,.,20,21.8,19,2.7,1422,0,5410,205,901,1849,489
60363,.,-2.121007,29.324058,.,19.3,21.2,18.4,2.8,1429,0,5154,274,719,1808,466
60364,.,-2.121007,29.324058,.,19.3,21.2,18.4,2.8,1429,0,5154,274,719,1808,466
60365,.,-2.3266,29.13643,.,20,21.8,19,2.7,1422,0,5410,205,901,1849,489
60366,.,-2.3266,29.13643,.,20,21.8,19,2.7,1422,0,5410,205,901,1849,489
60367,.,-2.3266,29.13643,.,20,21.8,19,2.7,1422,0,5410,205,901,1849,489
60368,.,-2.3266,29.13643,.,20,21.8,19,2.7,1422,0,5410,205,901,1849,489
60369,.,-2.3266,29.13643,.,20,21.8,19,2.7,1422,0,5410,205,901,1849,489
60370,.,-2.084365,29.430213,.,18.3,20,17.3,2.7,1414,0,4809,399,510,1777,440
60371,.,-2.084365,29.430213,.,18.3,20,17.3,2.7,1414,0,4809,399,510,1777,440
60372,.,-2.121007,29.324058,.,19.3,21.2,18.4,2.8,1429,0,5154,274,719,1808,466
60373,.,-2.121007,29.324058,.,19.3,21.2,18.4,2.8,1429,0,5154,274,719,1808,466
60374,.,-2.121007,29.324058,.,19.3,21.2,18.4,2.8,1429,0,5154,274,719,1808,466
60375,.,-2.634894,29.862871,.,20,21.6,18.9,2.8,1264,0,5400,207,895,1889,731
60376,.,-2.405393,29.787698,.,19.5,21.2,18.4,2.7,1315,0,5211,256,759,1860,672
60377,.,-2.405393,29.787698,.,19.5,21.2,18.4,2.7,1315,0,5211,256,759,1860,672
60378,.,-2.405393,29.787698,.,19.5,21.2,18.4,2.7,1315,0,5211,256,759,1860,672
60379,.,-2.634894,29.862871,.,20,21.6,18.9,2.8,1264,0,5400,207,895,1889,731
60380,.,-2.634894,29.862871,.,20,21.6,18.9,2.8,1264,0,5400,207,895,1889,731
60381,.,-2.634894,29.862871,.,20,21.6,18.9,2.8,1264,0,5400,207,895,1889,731
60382,.,-2.634894,29.862871,.,20,21.6,18.9,2.8,1264,0,5400,207,895,1889,731
60383,.,-2.634894,29.862871,.,20,21.6,18.9,2.8,1264,0,5400,207,895,1889,731
60384,.,-2.634894,29.862871,.,20,21.6,18.9,2.8,1264,0,5400,207,895,1889,731
60385,.,-2.634894,29.862871,.,20,21.6,18.9,2.8,1264,0,5400,207,895,1889,731
60386,.,-2.634894,29.862871,.,20,21.6,18.9,2.8,1264,0,5400,207,895,1889,731
60387,.,-2.634894,29.862871,.,20,21.6,18.9,2.8,1264,0,5400,207,895,1889,731
60388,.,-2.634894,29.862871,.,20,21.6,18.9,2.8,1264,0,5400,207,895,1889,731
60389,.,-2.405393,29.787698,.,19.5,21.2,18.4,2.7,1315,0,5211,256,759,1860,672
60390,.,-2.405393,29.787698,.,19.5,21.2,18.4,2.7,1315,0,5211,256,759,1860,672
60391,.,-2.405393,29.787698,.,19.5,21.2,18.4,2.7,1315,0,5211,256,759,1860,672
60392,.,-2.405393,29.787698,.,19.5,21.2,18.4,2.7,1315,0,5211,256,759,1860,672
60393,.,-2.405393,29.787698,.,19.5,21.2,18.4,2.7,1315,0,5211,256,759,1860,672
60394,.,-2.405393,29.787698,.,19.5,21.2,18.4,2.7,1315,0,5211,256,759,1860,672
60395,.,-2.405393,29.787698,.,19.5,21.2,18.4,2.7,1315,0,5211,256,759,1860,672
60396,.,-2.405393,29.787698,.,19.5,21.2,18.4,2.7,1315,0,5211,256,759,1860,672
60397,.,-2.405393,29.787698,.,19.5,21.2,18.4,2.7,1315,0,5211,256,759,1860,672
60398,.,-2.405393,29.787698,.,19.5,21.2,18.4,2.7,1315,0,5211,256,759,1860,672
60399,.,-2.405393,29.787698,.,19.5,21.2,18.4,2.7,1315,0,5211,256,759,1860,672
60400,.,-2.405393,29.787698,.,19.5,21.2,18.4,2.7,1315,0,5211,256,759,1860,672
60401,.,-2.405393,29.787698,.,19.5,21.2,18.4,2.7,1315,0,5211,256,759,1860,672
60402,.,-2.405393,29.787698,.,19.5,21.2,18.4,2.7,1315,0,5211,256,759,1860,672
60403,.,-2.405393,29.787698,.,19.5,21.2,18.4,2.7,1315,0,5211,256,759,1860,672
60404,.,-2.405393,29.787698,.,19.5,21.2,18.4,2.7,1315,0,5211,256,759,1860,672
60405,.,-2.405393,29.787698,.,19.5,21.2,18.4,2.7,1315,0,5211,256,759,1860,672
60406,.,-2.634894,29.862871,.,20,21.6,18.9,2.8,1264,0,5400,207,895,1889,731
60407,.,-2.634894,29.862871,.,20,21.6,18.9,2.8,1264,0,5400,207,895,1889,731
60408,.,-2.634894,29.862871,.,20,21.6,18.9,2.8,1264,0,5400,207,895,1889,731
60409,.,-2.634894,29.862871,.,20,21.6,18.9,2.8,1264,0,5400,207,895,1889,731
60410,.,-2.634894,29.862871,.,20,21.6,18.9,2.8,1264,0,5400,207,895,1889,731
60411,.,-2.634894,29.862871,.,20,21.6,18.9,2.8,1264,0,5400,207,895,1889,731
60412,.,-2.405393,29.787698,.,19.5,21.2,18.4,2.7,1315,0,5211,256,759,1860,672
60413,.,-2.405393,29.787698,.,19.5,21.2,18.4,2.7,1315,0,5211,256,759,1860,672
60414,.,-2.405393,29.787698,.,19.5,21.2,18.4,2.7,1315,0,5211,256,759,1860,672
60415,.,-2.405393,29.787698,.,19.5,21.2,18.4,2.7,1315,0,5211,256,759,1860,672
60416,.,-2.405393,29.787698,.,19.5,21.2,18.4,2.7,1315,0,5211,256,759,1860,672
60417,.,-2.405393,29.787698,.,19.5,21.2,18.4,2.7,1315,0,5211,256,759,1860,672
60418,.,-2.634894,29.862871,.,20,21.6,18.9,2.8,1264,0,5400,207,895,1889,731
60419,.,-2.634894,29.862871,.,20,21.6,18.9,2.8,1264,0,5400,207,895,1889,731
60420,.,-2.634894,29.862871,.,20,21.6,18.9,2.8,1264,0,5400,207,895,1889,731
60421,.,-2.634894,29.862871,.,20,21.6,18.9,2.8,1264,0,5400,207,895,1889,731
60422,.,-2.634894,29.862871,.,20,21.6,18.9,2.8,1264,0,5400,207,895,1889,731
60423,.,-2.634894,29.862871,.,20,21.6,18.9,2.8,1264,0,5400,207,895,1889,731
60424,.,-2.634894,29.862871,.,20,21.6,18.9,2.8,1264,0,5400,207,895,1889,731
60425,.,-2.634894,29.862871,.,20,21.6,18.9,2.8,1264,0,5400,207,895,1889,731
60426,.,-2.634894,29.862871,.,20,21.6,18.9,2.8,1264,0,5400,207,895,1889,731
60427,.,-2.634894,29.862871,.,20,21.6,18.9,2.8,1264,0,5400,207,895,1889,731
60428,.,-2.634894,29.862871,.,20,21.6,18.9,2.8,1264,0,5400,207,895,1889,731
60429,.,-2.634894,29.862871,.,20,21.6,18.9,2.8,1264,0,5400,207,895,1889,731
60430,.,-2.634894,29.862871,.,20,21.6,18.9,2.8,1264,0,5400,207,895,1889,731
60431,.,-2.405393,29.787698,.,19.5,21.2,18.4,2.7,1315,0,5211,256,759,1860,672
60432,.,-2.405393,29.787698,.,19.5,21.2,18.4,2.7,1315,0,5211,256,759,1860,672
60433,.,-2.405393,29.787698,.,19.5,21.2,18.4,2.7,1315,0,5211,256,759,1860,672
60434,.,-2.405393,29.787698,.,19.5,21.2,18.4,2.7,1315,0,5211,256,759,1860,672
60435,.,-2.405393,29.787698,.,19.5,21.2,18.4,2.7,1315,0,5211,256,759,1860,672
60436,.,-2.405393,29.787698,.,19.5,21.2,18.4,2.7,1315,0,5211,256,759,1860,672
60437,.,-2.405393,29.787698,.,19.5,21.2,18.4,2.7,1315,0,5211,256,759,1860,672
60438,.,-2.405393,29.787698,.,19.5,21.2,18.4,2.7,1315,0,5211,256,759,1860,672
60439,.,-2.405393,29.787698,.,19.5,21.2,18.4,2.7,1315,0,5211,256,759,1860,672
60440,.,-2.405393,29.787698,.,19.5,21.2,18.4,2.7,1315,0,5211,256,759,1860,672
60441,.,-2.405393,29.787698,.,19.5,21.2,18.4,2.7,1315,0,5211,256,759,1860,672
60442,.,-2.405393,29.787698,.,19.5,21.2,18.4,2.7,1315,0,5211,256,759,1860,672
60443,.,-2.405393,29.787698,.,19.5,21.2,18.4,2.7,1315,0,5211,256,759,1860,672
60444,.,-2.405393,29.787698,.,19.5,21.2,18.4,2.7,1315,0,5211,256,759,1860,672
60445,.,-2.405393,29.787698,.,19.5,21.2,18.4,2.7,1315,0,5211,256,759,1860,672
60446,.,-2.405393,29.787698,.,19.5,21.2,18.4,2.7,1315,0,5211,256,759,1860,672
60447,.,-2.634894,29.862871,.,20,21.6,18.9,2.8,1264,0,5400,207,895,1889,731
60448,.,-2.634894,29.862871,.,20,21.6,18.9,2.8,1264,0,5400,207,895,1889,731
60449,.,-2.634894,29.862871,.,20,21.6,18.9,2.8,1264,0,5400,207,895,1889,731
60450,.,-2.634894,29.862871,.,20,21.6,18.9,2.8,1264,0,5400,207,895,1889,731
60451,.,-2.634894,29.862871,.,20,21.6,18.9,2.8,1264,0,5400,207,895,1889,731
60452,.,-2.634894,29.862871,.,20,21.6,18.9,2.8,1264,0,5400,207,895,1889,731
60453,.,-2.634894,29.862871,.,20,21.6,18.9,2.8,1264,0,5400,207,895,1889,731
60454,.,-2.634894,29.862871,.,20,21.6,18.9,2.8,1264,0,5400,207,895,1889,731
60455,.,-2.634894,29.862871,.,20,21.6,18.9,2.8,1264,0,5400,207,895,1889,731
60456,.,-2.634894,29.862871,.,20,21.6,18.9,2.8,1264,0,5400,207,895,1889,731
60457,.,-2.634894,29.862871,.,20,21.6,18.9,2.8,1264,0,5400,207,895,1889,731
60458,.,-2.634894,29.862871,.,20,21.6,18.9,2.8,1264,0,5400,207,895,1889,731
60459,.,-2.634894,29.862871,.,20,21.6,18.9,2.8,1264,0,5400,207,895,1889,731
60460,.,-2.634894,29.862871,.,20,21.6,18.9,2.8,1264,0,5400,207,895,1889,731
60461,.,-2.634894,29.862871,.,20,21.6,18.9,2.8,1264,0,5400,207,895,1889,731
60462,.,-2.634894,29.862871,.,20,21.6,18.9,2.8,1264,0,5400,207,895,1889,731
60463,.,-2.634894,29.862871,.,20,21.6,18.9,2.8,1264,0,5400,207,895,1889,731
60464,.,-2.634894,29.862871,.,20,21.6,18.9,2.8,1264,0,5400,207,895,1889,731
60465,.,-2.405393,29.787698,.,19.5,21.2,18.4,2.7,1315,0,5211,256,759,1860,672
60466,.,-2.405393,29.787698,.,19.5,21.2,18.4,2.7,1315,0,5211,256,759,1860,672
60467,.,-2.405393,29.787698,.,19.5,21.2,18.4,2.7,1315,0,5211,256,759,1860,672
60468,.,-2.634894,29.862871,.,20,21.6,18.9,2.8,1264,0,5400,207,895,1889,731
60469,.,-2.634894,29.862871,.,20,21.6,18.9,2.8,1264,0,5400,207,895,1889,731
60470,.,-2.634894,29.862871,.,20,21.6,18.9,2.8,1264,0,5400,207,895,1889,731
60471,.,-2.634894,29.862871,.,20,21.6,18.9,2.8,1264,0,5400,207,895,1889,731
60472,.,-2.405393,29.787698,.,19.5,21.2,18.4,2.7,1315,0,5211,256,759,1860,672
60473,.,-2.405393,29.787698,.,19.5,21.2,18.4,2.7,1315,0,5211,256,759,1860,672
60474,.,-2.405393,29.787698,.,19.5,21.2,18.4,2.7,1315,0,5211,256,759,1860,672
60475,.,-2.405393,29.787698,.,19.5,21.2,18.4,2.7,1315,0,5211,256,759,1860,672
60476,.,-2.405393,29.787698,.,19.5,21.2,18.4,2.7,1315,0,5211,256,759,1860,672
60477,.,-2.405393,29.787698,.,19.5,21.2,18.4,2.7,1315,0,5211,256,759,1860,672
60478,.,-2.405393,29.787698,.,19.5,21.2,18.4,2.7,1315,0,5211,256,759,1860,672
60479,.,-2.405393,29.787698,.,19.5,21.2,18.4,2.7,1315,0,5211,256,759,1860,672
60480,.,-2.405393,29.787698,.,19.5,21.2,18.4,2.7,1315,0,5211,256,759,1860,672
60481,.,-2.405393,29.787698,.,19.5,21.2,18.4,2.7,1315,0,5211,256,759,1860,672
60482,.,-2.405393,29.787698,.,19.5,21.2,18.4,2.7,1315,0,5211,256,759,1860,672
60483,.,-2.634894,29.862871,.,20,21.6,18.9,2.8,1264,0,5400,207,895,1889,731
60484,.,-2.634894,29.862871,.,20,21.6,18.9,2.8,1264,0,5400,207,895,1889,731
60485,.,-2.405393,29.787698,.,19.5,21.2,18.4,2.7,1315,0,5211,256,759,1860,672
60486,.,-2.405393,29.787698,.,19.5,21.2,18.4,2.7,1315,0,5211,256,759,1860,672
60487,.,-2.405393,29.787698,.,19.5,21.2,18.4,2.7,1315,0,5211,256,759,1860,672
60488,.,-2.405393,29.787698,.,19.5,21.2,18.4,2.7,1315,0,5211,256,759,1860,672
60489,.,-2.634894,29.862871,.,20,21.6,18.9,2.8,1264,0,5400,207,895,1889,731
60490,.,-2.634894,29.862871,.,20,21.6,18.9,2.8,1264,0,5400,207,895,1889,731
60491,.,-2.634894,29.862871,.,20,21.6,18.9,2.8,1264,0,5400,207,895,1889,731
60492,.,-2.405393,29.787698,.,19.5,21.2,18.4,2.7,1315,0,5211,256,759,1860,672
60493,.,-2.405393,29.787698,.,19.5,21.2,18.4,2.7,1315,0,5211,256,759,1860,672
60494,.,-2.405393,29.787698,.,19.5,21.2,18.4,2.7,1315,0,5211,256,759,1860,672
60495,.,-2.405393,29.787698,.,19.5,21.2,18.4,2.7,1315,0,5211,256,759,1860,672
60496,.,-2.634894,29.862871,.,20,21.6,18.9,2.8,1264,0,5400,207,895,1889,731
60497,.,-2.634894,29.862871,.,20,21.6,18.9,2.8,1264,0,5400,207,895,1889,731
60498,.,-2.634894,29.862871,.,20,21.6,18.9,2.8,1264,0,5400,207,895,1889,731
60499,.,-2.634894,29.862871,.,20,21.6,18.9,2.8,1264,0,5400,207,895,1889,731
60500,.,-2.634894,29.862871,.,20,21.6,18.9,2.8,1264,0,5400,207,895,1889,731
60501,.,-2.634894,29.862871,.,20,21.6,18.9,2.8,1264,0,5400,207,895,1889,731
60502,.,-2.614232,29.01078,.,21.7,23.4,20.7,2.7,1391,0,6006,100,1393,1960,603
60503,.,-2.614232,29.01078,.,21.7,23.4,20.7,2.7,1391,0,6006,100,1393,1960,603
60504,.,-2.614232,29.01078,.,21.7,23.4,20.7,2.7,1391,0,6006,100,1393,1960,603
60505,.,-2.614232,29.01078,.,21.7,23.4,20.7,2.7,1391,0,6006,100,1393,1960,603
60506,.,-2.614232,29.01078,.,21.7,23.4,20.7,2.7,1391,0,6006,100,1393,1960,603
60507,.,-2.614232,29.01078,.,21.7,23.4,20.7,2.7,1391,0,6006,100,1393,1960,603
60508,.,-2.614232,29.01078,.,21.7,23.4,20.7,2.7,1391,0,6006,100,1393,1960,603
60509,.,-2.614232,29.01078,.,21.7,23.4,20.7,2.7,1391,0,6006,100,1393,1960,603
60510,.,-2.614232,29.01078,.,21.7,23.4,20.7,2.7,1391,0,6006,100,1393,1960,603
60511,.,-2.614232,29.01078,.,21.7,23.4,20.7,2.7,1391,0,6006,100,1393,1960,603
60512,.,-2.614232,29.01078,.,21.7,23.4,20.7,2.7,1391,0,6006,100,1393,1960,603
60513,.,-2.614232,29.01078,.,21.7,23.4,20.7,2.7,1391,0,6006,100,1393,1960,603
60514,.,-2.614232,29.01078,.,21.7,23.4,20.7,2.7,1391,0,6006,100,1393,1960,603
60515,.,-2.614232,29.01078,.,21.7,23.4,20.7,2.7,1391,0,6006,100,1393,1960,603
60516,.,-2.614232,29.01078,.,21.7,23.4,20.7,2.7,1391,0,6006,100,1393,1960,603
60517,.,-2.614232,29.01078,.,21.7,23.4,20.7,2.7,1391,0,6006,100,1393,1960,603
60518,.,-2.551988,29.746494,.,19,20.8,17.8,3,1332,0,5038,314,647,1849,637
60519,.,-2.551988,29.746494,.,19,20.8,17.8,3,1332,0,5038,314,647,1849,637
60520,.,-2.551988,29.746494,.,19,20.8,17.8,3,1332,0,5038,314,647,1849,637
60521,.,-2.551988,29.746494,.,19,20.8,17.8,3,1332,0,5038,314,647,1849,637
60522,.,-2.551988,29.746494,.,19,20.8,17.8,3,1332,0,5038,314,647,1849,637
60523,.,-2.551988,29.746494,.,19,20.8,17.8,3,1332,0,5038,314,647,1849,637
60524,.,-2.551988,29.746494,.,19,20.8,17.8,3,1332,0,5038,314,647,1849,637
60525,.,-2.551988,29.746494,.,19,20.8,17.8,3,1332,0,5038,314,647,1849,637
60526,.,-2.551988,29.746494,.,19,20.8,17.8,3,1332,0,5038,314,647,1849,637
60527,.,-2.551988,29.746494,.,19,20.8,17.8,3,1332,0,5038,314,647,1849,637
60528,.,-2.47767,29.79578,.,19.8,21.5,18.7,2.8,1312,0,5330,224,844,1880,693
60529,.,-2.47767,29.79578,.,19.8,21.5,18.7,2.8,1312,0,5330,224,844,1880,693
60530,.,-2.47767,29.79578,.,19.8,21.5,18.7,2.8,1312,0,5330,224,844,1880,693
60531,.,-2.47767,29.79578,.,19.8,21.5,18.7,2.8,1312,0,5330,224,844,1880,693
60532,.,-2.47767,29.79578,.,19.8,21.5,18.7,2.8,1312,0,5330,224,844,1880,693
60533,.,-2.47767,29.79578,.,19.8,21.5,18.7,2.8,1312,0,5330,224,844,1880,693
60534,.,-2.47767,29.79578,.,19.8,21.5,18.7,2.8,1312,0,5330,224,844,1880,693
60535,.,-2.551988,29.746494,.,19,20.8,17.8,3,1332,0,5038,314,647,1849,637
60536,.,-2.551988,29.746494,.,19,20.8,17.8,3,1332,0,5038,314,647,1849,637
60537,.,-2.551988,29.746494,.,19,20.8,17.8,3,1332,0,5038,314,647,1849,637
60538,.,-2.551988,29.746494,.,19,20.8,17.8,3,1332,0,5038,314,647,1849,637
60539,.,-2.551988,29.746494,.,19,20.8,17.8,3,1332,0,5038,314,647,1849,637
60540,.,-2.551988,29.746494,.,19,20.8,17.8,3,1332,0,5038,314,647,1849,637
60541,.,-2.47767,29.79578,.,19.8,21.5,18.7,2.8,1312,0,5330,224,844,1880,693
60542,.,-2.47767,29.79578,.,19.8,21.5,18.7,2.8,1312,0,5330,224,844,1880,693
60543,.,-2.551988,29.746494,.,19,20.8,17.8,3,1332,0,5038,314,647,1849,637
60544,.,-2.551988,29.746494,.,19,20.8,17.8,3,1332,0,5038,314,647,1849,637
60545,.,-2.551988,29.746494,.,19,20.8,17.8,3,1332,0,5038,314,647,1849,637
60546,.,-2.47767,29.79578,.,19.8,21.5,18.7,2.8,1312,0,5330,224,844,1880,693
60547,.,-2.47767,29.79578,.,19.8,21.5,18.7,2.8,1312,0,5330,224,844,1880,693
60548,.,-2.47767,29.79578,.,19.8,21.5,18.7,2.8,1312,0,5330,224,844,1880,693
60549,.,-2.47767,29.79578,.,19.8,21.5,18.7,2.8,1312,0,5330,224,844,1880,693
60550,.,-2.47767,29.79578,.,19.8,21.5,18.7,2.8,1312,0,5330,224,844,1880,693
60551,.,-2.551988,29.746494,.,19,20.8,17.8,3,1332,0,5038,314,647,1849,637
60552,.,-2.551988,29.746494,.,19,20.8,17.8,3,1332,0,5038,314,647,1849,637
60553,.,-2.551988,29.746494,.,19,20.8,17.8,3,1332,0,5038,314,647,1849,637
60554,.,-2.551988,29.746494,.,19,20.8,17.8,3,1332,0,5038,314,647,1849,637
60555,.,-2.47767,29.79578,.,19.8,21.5,18.7,2.8,1312,0,5330,224,844,1880,693
60556,.,-2.47767,29.79578,.,19.8,21.5,18.7,2.8,1312,0,5330,224,844,1880,693
60557,.,-2.47767,29.79578,.,19.8,21.5,18.7,2.8,1312,0,5330,224,844,1880,693
60558,.,-2.47767,29.79578,.,19.8,21.5,18.7,2.8,1312,0,5330,224,844,1880,693
60559,.,-2.47767,29.79578,.,19.8,21.5,18.7,2.8,1312,0,5330,224,844,1880,693
60560,.,-2.47767,29.79578,.,19.8,21.5,18.7,2.8,1312,0,5330,224,844,1880,693
60561,.,-2.47767,29.79578,.,19.8,21.5,18.7,2.8,1312,0,5330,224,844,1880,693
60562,.,-2.47767,29.79578,.,19.8,21.5,18.7,2.8,1312,0,5330,224,844,1880,693
60563,.,-2.551988,29.746494,.,19,20.8,17.8,3,1332,0,5038,314,647,1849,637
60564,.,-2.551988,29.746494,.,19,20.8,17.8,3,1332,0,5038,314,647,1849,637
60565,.,-2.551988,29.746494,.,19,20.8,17.8,3,1332,0,5038,314,647,1849,637
60566,.,-2.551988,29.746494,.,19,20.8,17.8,3,1332,0,5038,314,647,1849,637
60567,.,-2.551988,29.746494,.,19,20.8,17.8,3,1332,0,5038,314,647,1849,637
60568,.,-2.551988,29.746494,.,19,20.8,17.8,3,1332,0,5038,314,647,1849,637
60569,.,-2.551988,29.746494,.,19,20.8,17.8,3,1332,0,5038,314,647,1849,637
60570,.,-2.551988,29.746494,.,19,20.8,17.8,3,1332,0,5038,314,647,1849,637
60571,.,-2.551988,29.746494,.,19,20.8,17.8,3,1332,0,5038,314,647,1849,637
60572,.,-2.551988,29.746494,.,19,20.8,17.8,3,1332,0,5038,314,647,1849,637
60573,.,-2.551988,29.746494,.,19,20.8,17.8,3,1332,0,5038,314,647,1849,637
60574,.,-2.551988,29.746494,.,19,20.8,17.8,3,1332,0,5038,314,647,1849,637
60575,.,-2.551988,29.746494,.,19,20.8,17.8,3,1332,0,5038,314,647,1849,637
60576,.,-2.551988,29.746494,.,19,20.8,17.8,3,1332,0,5038,314,647,1849,637
60577,.,-2.551988,29.746494,.,19,20.8,17.8,3,1332,0,5038,314,647,1849,637
60578,.,-2.551988,29.746494,.,19,20.8,17.8,3,1332,0,5038,314,647,1849,637
60579,.,-2.551988,29.746494,.,19,20.8,17.8,3,1332,0,5038,314,647,1849,637
60580,.,-2.551988,29.746494,.,19,20.8,17.8,3,1332,0,5038,314,647,1849,637
60581,.,-2.47767,29.79578,.,19.8,21.5,18.7,2.8,1312,0,5330,224,844,1880,693
60582,.,-2.47767,29.79578,.,19.8,21.5,18.7,2.8,1312,0,5330,224,844,1880,693
60583,.,-2.47767,29.79578,.,19.8,21.5,18.7,2.8,1312,0,5330,224,844,1880,693
60584,.,-2.47767,29.79578,.,19.8,21.5,18.7,2.8,1312,0,5330,224,844,1880,693
60585,.,-2.47767,29.79578,.,19.8,21.5,18.7,2.8,1312,0,5330,224,844,1880,693
60586,.,-2.47767,29.79578,.,19.8,21.5,18.7,2.8,1312,0,5330,224,844,1880,693
60587,.,-2.47767,29.79578,.,19.8,21.5,18.7,2.8,1312,0,5330,224,844,1880,693
60588,.,-2.47767,29.79578,.,19.8,21.5,18.7,2.8,1312,0,5330,224,844,1880,693
60589,.,-2.47767,29.79578,.,19.8,21.5,18.7,2.8,1312,0,5330,224,844,1880,693
60590,.,-2.47767,29.79578,.,19.8,21.5,18.7,2.8,1312,0,5330,224,844,1880,693
60591,.,-2.47767,29.79578,.,19.8,21.5,18.7,2.8,1312,0,5330,224,844,1880,693
60592,.,-2.47767,29.79578,.,19.8,21.5,18.7,2.8,1312,0,5330,224,844,1880,693
60593,.,-2.47767,29.79578,.,19.8,21.5,18.7,2.8,1312,0,5330,224,844,1880,693
60594,.,-2.47767,29.79578,.,19.8,21.5,18.7,2.8,1312,0,5330,224,844,1880,693
60595,.,-2.47767,29.79578,.,19.8,21.5,18.7,2.8,1312,0,5330,224,844,1880,693
60596,.,-2.47767,29.79578,.,19.8,21.5,18.7,2.8,1312,0,5330,224,844,1880,693
60597,.,-2.47767,29.79578,.,19.8,21.5,18.7,2.8,1312,0,5330,224,844,1880,693
60598,.,-2.47767,29.79578,.,19.8,21.5,18.7,2.8,1312,0,5330,224,844,1880,693
60599,.,-2.47767,29.79578,.,19.8,21.5,18.7,2.8,1312,0,5330,224,844,1880,693
60600,.,-2.47767,29.79578,.,19.8,21.5,18.7,2.8,1312,0,5330,224,844,1880,693
60601,.,-2.47767,29.79578,.,19.8,21.5,18.7,2.8,1312,0,5330,224,844,1880,693
60602,.,-2.47767,29.79578,.,19.8,21.5,18.7,2.8,1312,0,5330,224,844,1880,693
60603,.,-2.47767,29.79578,.,19.8,21.5,18.7,2.8,1312,0,5330,224,844,1880,693
60604,.,-2.47767,29.79578,.,19.8,21.5,18.7,2.8,1312,0,5330,224,844,1880,693
60605,.,-2.551988,29.746494,.,19,20.8,17.8,3,1332,0,5038,314,647,1849,637
60606,.,-2.551988,29.746494,.,19,20.8,17.8,3,1332,0,5038,314,647,1849,637
60607,.,-2.551988,29.746494,.,19,20.8,17.8,3,1332,0,5038,314,647,1849,637
60608,.,-2.551988,29.746494,.,19,20.8,17.8,3,1332,0,5038,314,647,1849,637
60609,.,-2.47767,29.79578,.,19.8,21.5,18.7,2.8,1312,0,5330,224,844,1880,693
60610,.,-2.47767,29.79578,.,19.8,21.5,18.7,2.8,1312,0,5330,224,844,1880,693
60611,.,-2.47767,29.79578,.,19.8,21.5,18.7,2.8,1312,0,5330,224,844,1880,693
60612,.,-2.47767,29.79578,.,19.8,21.5,18.7,2.8,1312,0,5330,224,844,1880,693
60613,.,-2.551988,29.746494,.,19,20.8,17.8,3,1332,0,5038,314,647,1849,637
60614,.,-2.551988,29.746494,.,19,20.8,17.8,3,1332,0,5038,314,647,1849,637
60615,.,-2.551988,29.746494,.,19,20.8,17.8,3,1332,0,5038,314,647,1849,637
60616,.,-2.551988,29.746494,.,19,20.8,17.8,3,1332,0,5038,314,647,1849,637
60617,.,-2.551988,29.746494,.,19,20.8,17.8,3,1332,0,5038,314,647,1849,637
60618,.,-2.551988,29.746494,.,19,20.8,17.8,3,1332,0,5038,314,647,1849,637
60619,.,-2.551988,29.746494,.,19,20.8,17.8,3,1332,0,5038,314,647,1849,637
60620,.,-2.551988,29.746494,.,19,20.8,17.8,3,1332,0,5038,314,647,1849,637
60621,.,-2.551988,29.746494,.,19,20.8,17.8,3,1332,0,5038,314,647,1849,637
60622,.,-2.551988,29.746494,.,19,20.8,17.8,3,1332,0,5038,314,647,1849,637
60623,.,-2.551988,29.746494,.,19,20.8,17.8,3,1332,0,5038,314,647,1849,637
60624,.,-2.551988,29.746494,.,19,20.8,17.8,3,1332,0,5038,314,647,1849,637
60625,.,-2.47767,29.79578,.,19.8,21.5,18.7,2.8,1312,0,5330,224,844,1880,693
60626,.,-2.47767,29.79578,.,19.8,21.5,18.7,2.8,1312,0,5330,224,844,1880,693
60627,.,-2.47767,29.79578,.,19.8,21.5,18.7,2.8,1312,0,5330,224,844,1880,693
60628,.,-2.47767,29.79578,.,19.8,21.5,18.7,2.8,1312,0,5330,224,844,1880,693
60629,.,-2.551988,29.746494,.,19,20.8,17.8,3,1332,0,5038,314,647,1849,637
60630,.,-2.551988,29.746494,.,19,20.8,17.8,3,1332,0,5038,314,647,1849,637
60631,.,-2.551988,29.746494,.,19,20.8,17.8,3,1332,0,5038,314,647,1849,637
60632,.,-2.551988,29.746494,.,19,20.8,17.8,3,1332,0,5038,314,647,1849,637
60633,.,-2.551988,29.746494,.,19,20.8,17.8,3,1332,0,5038,314,647,1849,637
60634,.,-2.47767,29.79578,.,19.8,21.5,18.7,2.8,1312,0,5330,224,844,1880,693
60635,.,-2.47767,29.79578,.,19.8,21.5,18.7,2.8,1312,0,5330,224,844,1880,693
60636,.,-2.47767,29.79578,.,19.8,21.5,18.7,2.8,1312,0,5330,224,844,1880,693
60637,.,-1.906922,29.385175,.,17.5,19.3,16.5,2.8,1455,0,4495,553,362,1702,394
60638,.,-1.906922,29.385175,.,17.5,19.3,16.5,2.8,1455,0,4495,553,362,1702,394
60639,.,-1.906922,29.385175,.,17.5,19.3,16.5,2.8,1455,0,4495,553,362,1702,394
60640,.,-1.906922,29.385175,.,17.5,19.3,16.5,2.8,1455,0,4495,553,362,1702,394
60641,.,-1.906922,29.385175,.,17.5,19.3,16.5,2.8,1455,0,4495,553,362,1702,394
60642,.,-1.906922,29.385175,.,17.5,19.3,16.5,2.8,1455,0,4495,553,362,1702,394
60643,.,-1.906922,29.385175,.,17.5,19.3,16.5,2.8,1455,0,4495,553,362,1702,394
60644,.,-1.906922,29.385175,.,17.5,19.3,16.5,2.8,1455,0,4495,553,362,1702,394
60645,.,-1.906922,29.385175,.,17.5,19.3,16.5,2.8,1455,0,4495,553,362,1702,394
60646,.,-1.906922,29.385175,.,17.5,19.3,16.5,2.8,1455,0,4495,553,362,1702,394
60647,.,-1.906922,29.385175,.,17.5,19.3,16.5,2.8,1455,0,4495,553,362,1702,394
60648,.,-1.906922,29.385175,.,17.5,19.3,16.5,2.8,1455,0,4495,553,362,1702,394
60649,.,-1.906922,29.385175,.,17.5,19.3,16.5,2.8,1455,0,4495,553,362,1702,394
60650,.,-1.906922,29.385175,.,17.5,19.3,16.5,2.8,1455,0,4495,553,362,1702,394
60651,.,-1.906922,29.385175,.,17.5,19.3,16.5,2.8,1455,0,4495,553,362,1702,394
60652,.,-1.906922,29.385175,.,17.5,19.3,16.5,2.8,1455,0,4495,553,362,1702,394
60653,.,-2.4082,29.22598,.,17.3,19.1,16,3,1546,0,4452,585,347,1720,337
60654,.,-2.4082,29.22598,.,17.3,19.1,16,3,1546,0,4452,585,347,1720,337
60655,.,-2.4082,29.22598,.,17.3,19.1,16,3,1546,0,4452,585,347,1720,337
60656,.,-2.4082,29.22598,.,17.3,19.1,16,3,1546,0,4452,585,347,1720,337
60657,.,-2.4082,29.22598,.,17.3,19.1,16,3,1546,0,4452,585,347,1720,337
60658,.,-2.4082,29.22598,.,17.3,19.1,16,3,1546,0,4452,585,347,1720,337
60659,.,-2.4082,29.22598,.,17.3,19.1,16,3,1546,0,4452,585,347,1720,337
60660,.,-2.4082,29.22598,.,17.3,19.1,16,3,1546,0,4452,585,347,1720,337
60661,.,-2.4082,29.22598,.,17.3,19.1,16,3,1546,0,4452,585,347,1720,337
60662,.,-1.906922,29.385175,.,17.5,19.3,16.5,2.8,1455,0,4495,553,362,1702,394
60663,.,-1.906922,29.385175,.,17.5,19.3,16.5,2.8,1455,0,4495,553,362,1702,394
60664,.,-1.906922,29.385175,.,17.5,19.3,16.5,2.8,1455,0,4495,553,362,1702,394
60665,.,-1.906922,29.385175,.,17.5,19.3,16.5,2.8,1455,0,4495,553,362,1702,394
60666,.,-1.906922,29.385175,.,17.5,19.3,16.5,2.8,1455,0,4495,553,362,1702,394
60667,.,-1.906922,29.385175,.,17.5,19.3,16.5,2.8,1455,0,4495,553,362,1702,394
60668,.,-1.906922,29.385175,.,17.5,19.3,16.5,2.8,1455,0,4495,553,362,1702,394
60669,.,-1.906922,29.385175,.,17.5,19.3,16.5,2.8,1455,0,4495,553,362,1702,394
60670,.,-1.906922,29.385175,.,17.5,19.3,16.5,2.8,1455,0,4495,553,362,1702,394
60671,.,-1.906922,29.385175,.,17.5,19.3,16.5,2.8,1455,0,4495,553,362,1702,394
60672,.,-1.906922,29.385175,.,17.5,19.3,16.5,2.8,1455,0,4495,553,362,1702,394
60673,.,-1.906922,29.385175,.,17.5,19.3,16.5,2.8,1455,0,4495,553,362,1702,394
60674,.,-1.906922,29.385175,.,17.5,19.3,16.5,2.8,1455,0,4495,553,362,1702,394
60675,.,-1.906922,29.385175,.,17.5,19.3,16.5,2.8,1455,0,4495,553,362,1702,394
60676,.,-1.906922,29.385175,.,17.5,19.3,16.5,2.8,1455,0,4495,553,362,1702,394
60677,.,-1.906922,29.385175,.,17.5,19.3,16.5,2.8,1455,0,4495,553,362,1702,394
60678,.,-1.906922,29.385175,.,17.5,19.3,16.5,2.8,1455,0,4495,553,362,1702,394
60679,.,-1.906922,29.385175,.,17.5,19.3,16.5,2.8,1455,0,4495,553,362,1702,394
60680,.,-1.906922,29.385175,.,17.5,19.3,16.5,2.8,1455,0,4495,553,362,1702,394
60681,.,-1.906922,29.385175,.,17.5,19.3,16.5,2.8,1455,0,4495,553,362,1702,394
60682,.,-1.906922,29.385175,.,17.5,19.3,16.5,2.8,1455,0,4495,553,362,1702,394
60683,.,-1.906922,29.385175,.,17.5,19.3,16.5,2.8,1455,0,4495,553,362,1702,394
60684,.,-1.906922,29.385175,.,17.5,19.3,16.5,2.8,1455,0,4495,553,362,1702,394
60685,.,-1.906922,29.385175,.,17.5,19.3,16.5,2.8,1455,0,4495,553,362,1702,394
60686,.,-1.906922,29.385175,.,17.5,19.3,16.5,2.8,1455,0,4495,553,362,1702,394
60687,.,-1.906922,29.385175,.,17.5,19.3,16.5,2.8,1455,0,4495,553,362,1702,394
60688,.,-1.906922,29.385175,.,17.5,19.3,16.5,2.8,1455,0,4495,553,362,1702,394
60689,.,-2.4082,29.22598,.,17.3,19.1,16,3,1546,0,4452,585,347,1720,337
60690,.,-2.4082,29.22598,.,17.3,19.1,16,3,1546,0,4452,585,347,1720,337
60691,.,-2.4082,29.22598,.,17.3,19.1,16,3,1546,0,4452,585,347,1720,337
60692,.,-2.4082,29.22598,.,17.3,19.1,16,3,1546,0,4452,585,347,1720,337
60693,.,-1.906922,29.385175,.,17.5,19.3,16.5,2.8,1455,0,4495,553,362,1702,394
60694,.,-1.906922,29.385175,.,17.5,19.3,16.5,2.8,1455,0,4495,553,362,1702,394
60695,.,-1.906922,29.385175,.,17.5,19.3,16.5,2.8,1455,0,4495,553,362,1702,394
60696,.,-1.906922,29.385175,.,17.5,19.3,16.5,2.8,1455,0,4495,553,362,1702,394
60697,.,-2.4082,29.22598,.,17.3,19.1,16,3,1546,0,4452,585,347,1720,337
60698,.,-2.4082,29.22598,.,17.3,19.1,16,3,1546,0,4452,585,347,1720,337
60699,.,-2.4082,29.22598,.,17.3,19.1,16,3,1546,0,4452,585,347,1720,337
60700,.,-2.4082,29.22598,.,17.3,19.1,16,3,1546,0,4452,585,347,1720,337
60701,.,-2.4082,29.22598,.,17.3,19.1,16,3,1546,0,4452,585,347,1720,337
60702,.,-2.4082,29.22598,.,17.3,19.1,16,3,1546,0,4452,585,347,1720,337
60703,.,-2.4082,29.22598,.,17.3,19.1,16,3,1546,0,4452,585,347,1720,337
60704,.,-2.4082,29.22598,.,17.3,19.1,16,3,1546,0,4452,585,347,1720,337
60705,.,-2.4082,29.22598,.,17.3,19.1,16,3,1546,0,4452,585,347,1720,337
60706,.,-2.4082,29.22598,.,17.3,19.1,16,3,1546,0,4452,585,347,1720,337
60707,.,-2.4082,29.22598,.,17.3,19.1,16,3,1546,0,4452,585,347,1720,337
60708,.,-2.4082,29.22598,.,17.3,19.1,16,3,1546,0,4452,585,347,1720,337
60709,.,-2.4082,29.22598,.,17.3,19.1,16,3,1546,0,4452,585,347,1720,337
60710,.,-2.4082,29.22598,.,17.3,19.1,16,3,1546,0,4452,585,347,1720,337
60711,.,-2.4082,29.22598,.,17.3,19.1,16,3,1546,0,4452,585,347,1720,337
60712,.,-2.4082,29.22598,.,17.3,19.1,16,3,1546,0,4452,585,347,1720,337
60713,.,-2.4082,29.22598,.,17.3,19.1,16,3,1546,0,4452,585,347,1720,337
60714,.,-2.4082,29.22598,.,17.3,19.1,16,3,1546,0,4452,585,347,1720,337
60715,.,-1.906922,29.385175,.,17.5,19.3,16.5,2.8,1455,0,4495,553,362,1702,394
60716,.,-1.906922,29.385175,.,17.5,19.3,16.5,2.8,1455,0,4495,553,362,1702,394
60717,.,-1.906922,29.385175,.,17.5,19.3,16.5,2.8,1455,0,4495,553,362,1702,394
60718,.,-1.906922,29.385175,.,17.5,19.3,16.5,2.8,1455,0,4495,553,362,1702,394
60719,.,-1.906922,29.385175,.,17.5,19.3,16.5,2.8,1455,0,4495,553,362,1702,394
60720,.,-1.906922,29.385175,.,17.5,19.3,16.5,2.8,1455,0,4495,553,362,1702,394
60721,.,-1.906922,29.385175,.,17.5,19.3,16.5,2.8,1455,0,4495,553,362,1702,394
60722,.,-1.906922,29.385175,.,17.5,19.3,16.5,2.8,1455,0,4495,553,362,1702,394
60723,.,-2.4082,29.22598,.,17.3,19.1,16,3,1546,0,4452,585,347,1720,337
60724,.,-2.4082,29.22598,.,17.3,19.1,16,3,1546,0,4452,585,347,1720,337
60725,.,-2.4082,29.22598,.,17.3,19.1,16,3,1546,0,4452,585,347,1720,337
60726,.,-1.906922,29.385175,.,17.5,19.3,16.5,2.8,1455,0,4495,553,362,1702,394
60727,.,-1.906922,29.385175,.,17.5,19.3,16.5,2.8,1455,0,4495,553,362,1702,394
60728,.,-1.906922,29.385175,.,17.5,19.3,16.5,2.8,1455,0,4495,553,362,1702,394
60729,.,-1.906922,29.385175,.,17.5,19.3,16.5,2.8,1455,0,4495,553,362,1702,394
60730,.,-1.906922,29.385175,.,17.5,19.3,16.5,2.8,1455,0,4495,553,362,1702,394
60731,.,-1.906922,29.385175,.,17.5,19.3,16.5,2.8,1455,0,4495,553,362,1702,394
60732,.,-1.906922,29.385175,.,17.5,19.3,16.5,2.8,1455,0,4495,553,362,1702,394
60733,.,-1.906922,29.385175,.,17.5,19.3,16.5,2.8,1455,0,4495,553,362,1702,394
60734,.,-1.906922,29.385175,.,17.5,19.3,16.5,2.8,1455,0,4495,553,362,1702,394
60735,.,-1.906922,29.385175,.,17.5,19.3,16.5,2.8,1455,0,4495,553,362,1702,394
60736,.,-1.906922,29.385175,.,17.5,19.3,16.5,2.8,1455,0,4495,553,362,1702,394
60737,.,-2.4082,29.22598,.,17.3,19.1,16,3,1546,0,4452,585,347,1720,337
60738,.,-2.4082,29.22598,.,17.3,19.1,16,3,1546,0,4452,585,347,1720,337
60739,.,-1.906922,29.385175,.,17.5,19.3,16.5,2.8,1455,0,4495,553,362,1702,394
60740,.,-1.906922,29.385175,.,17.5,19.3,16.5,2.8,1455,0,4495,553,362,1702,394
60741,.,-1.906922,29.385175,.,17.5,19.3,16.5,2.8,1455,0,4495,553,362,1702,394
60742,.,-1.906922,29.385175,.,17.5,19.3,16.5,2.8,1455,0,4495,553,362,1702,394
60743,.,-1.906922,29.385175,.,17.5,19.3,16.5,2.8,1455,0,4495,553,362,1702,394
60744,.,-1.906922,29.385175,.,17.5,19.3,16.5,2.8,1455,0,4495,553,362,1702,394
60745,.,-1.906922,29.385175,.,17.5,19.3,16.5,2.8,1455,0,4495,553,362,1702,394
60746,.,-1.906922,29.385175,.,17.5,19.3,16.5,2.8,1455,0,4495,553,362,1702,394
60747,.,-1.906922,29.385175,.,17.5,19.3,16.5,2.8,1455,0,4495,553,362,1702,394
60748,.,-1.906922,29.385175,.,17.5,19.3,16.5,2.8,1455,0,4495,553,362,1702,394
60749,.,-1.906922,29.385175,.,17.5,19.3,16.5,2.8,1455,0,4495,553,362,1702,394
60750,.,-2.49272,28.93443,.,18.6,20.1,17.4,2.7,1463,0,4915,355,568,1812,466
60751,.,-2.49272,28.93443,.,18.6,20.1,17.4,2.7,1463,0,4915,355,568,1812,466
60752,.,-2.49272,28.93443,.,18.6,20.1,17.4,2.7,1463,0,4915,355,568,1812,466
60753,.,-2.49272,28.93443,.,18.6,20.1,17.4,2.7,1463,0,4915,355,568,1812,466
60754,.,-2.49272,28.93443,.,18.6,20.1,17.4,2.7,1463,0,4915,355,568,1812,466
60755,.,-2.49272,28.93443,.,18.6,20.1,17.4,2.7,1463,0,4915,355,568,1812,466
60756,.,-2.49272,28.93443,.,18.6,20.1,17.4,2.7,1463,0,4915,355,568,1812,466
60757,.,-2.49272,28.93443,.,18.6,20.1,17.4,2.7,1463,0,4915,355,568,1812,466
60758,.,-2.49272,28.93443,.,18.6,20.1,17.4,2.7,1463,0,4915,355,568,1812,466
60759,.,-2.49272,28.93443,.,18.6,20.1,17.4,2.7,1463,0,4915,355,568,1812,466
60760,.,-2.49272,28.93443,.,18.6,20.1,17.4,2.7,1463,0,4915,355,568,1812,466
60761,.,-2.49272,28.93443,.,18.6,20.1,17.4,2.7,1463,0,4915,355,568,1812,466
60762,.,-2.49272,28.93443,.,18.6,20.1,17.4,2.7,1463,0,4915,355,568,1812,466
60763,.,-2.49272,28.93443,.,18.6,20.1,17.4,2.7,1463,0,4915,355,568,1812,466
60764,.,-2.49272,28.93443,.,18.6,20.1,17.4,2.7,1463,0,4915,355,568,1812,466
60765,.,-2.49272,28.93443,.,18.6,20.1,17.4,2.7,1463,0,4915,355,568,1812,466
60766,.,-2.49272,28.93443,.,18.6,20.1,17.4,2.7,1463,0,4915,355,568,1812,466
60767,.,-2.49272,28.93443,.,18.6,20.1,17.4,2.7,1463,0,4915,355,568,1812,466
60768,.,-2.49272,28.93443,.,18.6,20.1,17.4,2.7,1463,0,4915,355,568,1812,466
60769,.,-2.49272,28.93443,.,18.6,20.1,17.4,2.7,1463,0,4915,355,568,1812,466
60770,.,-2.49272,28.93443,.,18.6,20.1,17.4,2.7,1463,0,4915,355,568,1812,466
60771,.,-2.49272,28.93443,.,18.6,20.1,17.4,2.7,1463,0,4915,355,568,1812,466
60772,.,-2.49272,28.93443,.,18.6,20.1,17.4,2.7,1463,0,4915,355,568,1812,466
60773,.,-2.49272,28.93443,.,18.6,20.1,17.4,2.7,1463,0,4915,355,568,1812,466
60774,.,-2.49272,28.93443,.,18.6,20.1,17.4,2.7,1463,0,4915,355,568,1812,466
60775,.,-2.49272,28.93443,.,18.6,20.1,17.4,2.7,1463,0,4915,355,568,1812,466
60776,.,-2.49272,28.93443,.,18.6,20.1,17.4,2.7,1463,0,4915,355,568,1812,466
60777,.,-2.49272,28.93443,.,18.6,20.1,17.4,2.7,1463,0,4915,355,568,1812,466
60778,.,-2.49272,28.93443,.,18.6,20.1,17.4,2.7,1463,0,4915,355,568,1812,466
60779,.,-2.49272,28.93443,.,18.6,20.1,17.4,2.7,1463,0,4915,355,568,1812,466
60780,.,-2.49272,28.93443,.,18.6,20.1,17.4,2.7,1463,0,4915,355,568,1812,466
60781,.,-2.49272,28.93443,.,18.6,20.1,17.4,2.7,1463,0,4915,355,568,1812,466
60782,.,-2.49272,28.93443,.,18.6,20.1,17.4,2.7,1463,0,4915,355,568,1812,466
60783,.,-2.49272,28.93443,.,18.6,20.1,17.4,2.7,1463,0,4915,355,568,1812,466
60784,.,-2.49272,28.93443,.,18.6,20.1,17.4,2.7,1463,0,4915,355,568,1812,466
60785,.,-2.49272,28.93443,.,18.6,20.1,17.4,2.7,1463,0,4915,355,568,1812,466
60786,.,-2.49272,28.93443,.,18.6,20.1,17.4,2.7,1463,0,4915,355,568,1812,466
60787,.,-2.49272,28.93443,.,18.6,20.1,17.4,2.7,1463,0,4915,355,568,1812,466
60788,.,-2.49272,28.93443,.,18.6,20.1,17.4,2.7,1463,0,4915,355,568,1812,466
60789,.,-2.49272,28.93443,.,18.6,20.1,17.4,2.7,1463,0,4915,355,568,1812,466
60790,.,-2.49272,28.93443,.,18.6,20.1,17.4,2.7,1463,0,4915,355,568,1812,466
60791,.,-2.49272,28.93443,.,18.6,20.1,17.4,2.7,1463,0,4915,355,568,1812,466
60792,.,-2.49272,28.93443,.,18.6,20.1,17.4,2.7,1463,0,4915,355,568,1812,466
60793,.,-2.49272,28.93443,.,18.6,20.1,17.4,2.7,1463,0,4915,355,568,1812,466
60794,.,-2.49272,28.93443,.,18.6,20.1,17.4,2.7,1463,0,4915,355,568,1812,466
60795,.,-2.49272,28.93443,.,18.6,20.1,17.4,2.7,1463,0,4915,355,568,1812,466
60796,.,-2.49272,28.93443,.,18.6,20.1,17.4,2.7,1463,0,4915,355,568,1812,466
60797,.,-1.586477,30.354511,.,20.6,22.1,19.7,2.4,1230,0,5629,155,1070,1909,809
60798,.,-1.586477,30.354511,.,20.6,22.1,19.7,2.4,1230,0,5629,155,1070,1909,809
60799,.,-1.586477,30.354511,.,20.6,22.1,19.7,2.4,1230,0,5629,155,1070,1909,809
60800,.,-1.586477,30.354511,.,20.6,22.1,19.7,2.4,1230,0,5629,155,1070,1909,809
60801,.,-1.586477,30.354511,.,20.6,22.1,19.7,2.4,1230,0,5629,155,1070,1909,809
60802,.,-1.586477,30.354511,.,20.6,22.1,19.7,2.4,1230,0,5629,155,1070,1909,809
60803,.,-1.586477,30.354511,.,20.6,22.1,19.7,2.4,1230,0,5629,155,1070,1909,809
60804,.,-1.586477,30.354511,.,20.6,22.1,19.7,2.4,1230,0,5629,155,1070,1909,809
60805,.,-1.586477,30.354511,.,20.6,22.1,19.7,2.4,1230,0,5629,155,1070,1909,809
60806,.,-1.586477,30.354511,.,20.6,22.1,19.7,2.4,1230,0,5629,155,1070,1909,809
60807,.,-1.586477,30.354511,.,20.6,22.1,19.7,2.4,1230,0,5629,155,1070,1909,809
60808,.,-1.586477,30.354511,.,20.6,22.1,19.7,2.4,1230,0,5629,155,1070,1909,809
60809,.,-1.586477,30.354511,.,20.6,22.1,19.7,2.4,1230,0,5629,155,1070,1909,809
60810,.,-1.586477,30.354511,.,20.6,22.1,19.7,2.4,1230,0,5629,155,1070,1909,809
60811,.,-1.586477,30.354511,.,20.6,22.1,19.7,2.4,1230,0,5629,155,1070,1909,809
60812,.,-1.586477,30.354511,.,20.6,22.1,19.7,2.4,1230,0,5629,155,1070,1909,809
60813,.,-1.586477,30.354511,.,20.6,22.1,19.7,2.4,1230,0,5629,155,1070,1909,809
60814,.,-1.586477,30.354511,.,20.6,22.1,19.7,2.4,1230,0,5629,155,1070,1909,809
60815,.,-1.586477,30.354511,.,20.6,22.1,19.7,2.4,1230,0,5629,155,1070,1909,809
60816,.,-1.586477,30.354511,.,20.6,22.1,19.7,2.4,1230,0,5629,155,1070,1909,809
60817,.,-1.586477,30.354511,.,20.6,22.1,19.7,2.4,1230,0,5629,155,1070,1909,809
60818,.,-1.586477,30.354511,.,20.6,22.1,19.7,2.4,1230,0,5629,155,1070,1909,809
60819,.,-1.586477,30.354511,.,20.6,22.1,19.7,2.4,1230,0,5629,155,1070,1909,809
60820,.,-1.586477,30.354511,.,20.6,22.1,19.7,2.4,1230,0,5629,155,1070,1909,809
60821,.,-1.586477,30.354511,.,20.6,22.1,19.7,2.4,1230,0,5629,155,1070,1909,809
60822,.,-1.586477,30.354511,.,20.6,22.1,19.7,2.4,1230,0,5629,155,1070,1909,809
60823,.,-1.586477,30.354511,.,20.6,22.1,19.7,2.4,1230,0,5629,155,1070,1909,809
60824,.,-1.586477,30.354511,.,20.6,22.1,19.7,2.4,1230,0,5629,155,1070,1909,809
60825,.,-1.586477,30.354511,.,20.6,22.1,19.7,2.4,1230,0,5629,155,1070,1909,809
60826,.,-1.586477,30.354511,.,20.6,22.1,19.7,2.4,1230,0,5629,155,1070,1909,809
60827,.,-1.586477,30.354511,.,20.6,22.1,19.7,2.4,1230,0,5629,155,1070,1909,809
60828,.,-1.586477,30.354511,.,20.6,22.1,19.7,2.4,1230,0,5629,155,1070,1909,809
60829,.,-1.586477,30.354511,.,20.6,22.1,19.7,2.4,1230,0,5629,155,1070,1909,809
60830,.,-1.586477,30.354511,.,20.6,22.1,19.7,2.4,1230,0,5629,155,1070,1909,809
60831,.,-1.586477,30.354511,.,20.6,22.1,19.7,2.4,1230,0,5629,155,1070,1909,809
60832,.,-1.586477,30.354511,.,20.6,22.1,19.7,2.4,1230,0,5629,155,1070,1909,809
60833,.,-1.586477,30.354511,.,20.6,22.1,19.7,2.4,1230,0,5629,155,1070,1909,809
60834,.,-1.586477,30.354511,.,20.6,22.1,19.7,2.4,1230,0,5629,155,1070,1909,809
60835,.,-1.586477,30.354511,.,20.6,22.1,19.7,2.4,1230,0,5629,155,1070,1909,809
60836,.,-1.586477,30.354511,.,20.6,22.1,19.7,2.4,1230,0,5629,155,1070,1909,809
60837,.,-1.586477,30.354511,.,20.6,22.1,19.7,2.4,1230,0,5629,155,1070,1909,809
60838,.,-1.586477,30.354511,.,20.6,22.1,19.7,2.4,1230,0,5629,155,1070,1909,809
60839,.,-1.586477,30.354511,.,20.6,22.1,19.7,2.4,1230,0,5629,155,1070,1909,809
60840,.,-1.586477,30.354511,.,20.6,22.1,19.7,2.4,1230,0,5629,155,1070,1909,809
60841,.,-1.586477,30.354511,.,20.6,22.1,19.7,2.4,1230,0,5629,155,1070,1909,809
60842,.,-1.586477,30.354511,.,20.6,22.1,19.7,2.4,1230,0,5629,155,1070,1909,809
60843,.,-1.586477,30.354511,.,20.6,22.1,19.7,2.4,1230,0,5629,155,1070,1909,809
60844,.,-1.586477,30.354511,.,20.6,22.1,19.7,2.4,1230,0,5629,155,1070,1909,809
60845,.,-1.586477,30.354511,.,20.6,22.1,19.7,2.4,1230,0,5629,155,1070,1909,809
60846,.,-1.586477,30.354511,.,20.6,22.1,19.7,2.4,1230,0,5629,155,1070,1909,809
60847,.,-1.586477,30.354511,.,20.6,22.1,19.7,2.4,1230,0,5629,155,1070,1909,809
60848,.,-1.586477,30.354511,.,20.6,22.1,19.7,2.4,1230,0,5629,155,1070,1909,809
60849,.,-1.586477,30.354511,.,20.6,22.1,19.7,2.4,1230,0,5629,155,1070,1909,809
60850,.,-1.586477,30.354511,.,20.6,22.1,19.7,2.4,1230,0,5629,155,1070,1909,809
60851,.,-1.586477,30.354511,.,20.6,22.1,19.7,2.4,1230,0,5629,155,1070,1909,809
60852,.,-1.586477,30.354511,.,20.6,22.1,19.7,2.4,1230,0,5629,155,1070,1909,809
60853,.,-1.586477,30.354511,.,20.6,22.1,19.7,2.4,1230,0,5629,155,1070,1909,809
60854,.,-1.865427,29.360738,.,17.4,19.3,16.4,2.9,1444,0,4488,558,359,1690,384
60855,.,-1.865427,29.360738,.,17.4,19.3,16.4,2.9,1444,0,4488,558,359,1690,384
60856,.,-1.865427,29.360738,.,17.4,19.3,16.4,2.9,1444,0,4488,558,359,1690,384
60857,.,-1.865427,29.360738,.,17.4,19.3,16.4,2.9,1444,0,4488,558,359,1690,384
60858,.,-1.865427,29.360738,.,17.4,19.3,16.4,2.9,1444,0,4488,558,359,1690,384
60859,.,-1.865427,29.360738,.,17.4,19.3,16.4,2.9,1444,0,4488,558,359,1690,384
60860,.,-1.865427,29.360738,.,17.4,19.3,16.4,2.9,1444,0,4488,558,359,1690,384
60861,.,-1.865427,29.360738,.,17.4,19.3,16.4,2.9,1444,0,4488,558,359,1690,384
60862,.,-1.865427,29.360738,.,17.4,19.3,16.4,2.9,1444,0,4488,558,359,1690,384
60863,.,-1.865427,29.360738,.,17.4,19.3,16.4,2.9,1444,0,4488,558,359,1690,384
60864,.,-1.865427,29.360738,.,17.4,19.3,16.4,2.9,1444,0,4488,558,359,1690,384
60865,.,-1.865427,29.360738,.,17.4,19.3,16.4,2.9,1444,0,4488,558,359,1690,384
60866,.,-1.865427,29.360738,.,17.4,19.3,16.4,2.9,1444,0,4488,558,359,1690,384
60867,.,-1.865427,29.360738,.,17.4,19.3,16.4,2.9,1444,0,4488,558,359,1690,384
60868,.,-1.865427,29.360738,.,17.4,19.3,16.4,2.9,1444,0,4488,558,359,1690,384
60869,.,-1.865427,29.360738,.,17.4,19.3,16.4,2.9,1444,0,4488,558,359,1690,384
60870,.,-2.084365,29.430213,.,18.3,20,17.3,2.7,1414,0,4809,399,510,1777,440
60871,.,-2.084365,29.430213,.,18.3,20,17.3,2.7,1414,0,4809,399,510,1777,440
60872,.,-2.084365,29.430213,.,18.3,20,17.3,2.7,1414,0,4809,399,510,1777,440
60873,.,-2.084365,29.430213,.,18.3,20,17.3,2.7,1414,0,4809,399,510,1777,440
60874,.,-1.865427,29.360738,.,17.4,19.3,16.4,2.9,1444,0,4488,558,359,1690,384
60875,.,-1.865427,29.360738,.,17.4,19.3,16.4,2.9,1444,0,4488,558,359,1690,384
60876,.,-1.865427,29.360738,.,17.4,19.3,16.4,2.9,1444,0,4488,558,359,1690,384
60877,.,-1.865427,29.360738,.,17.4,19.3,16.4,2.9,1444,0,4488,558,359,1690,384
60878,.,-2.084365,29.430213,.,18.3,20,17.3,2.7,1414,0,4809,399,510,1777,440
60879,.,-2.084365,29.430213,.,18.3,20,17.3,2.7,1414,0,4809,399,510,1777,440
60880,.,-2.084365,29.430213,.,18.3,20,17.3,2.7,1414,0,4809,399,510,1777,440
60881,.,-2.084365,29.430213,.,18.3,20,17.3,2.7,1414,0,4809,399,510,1777,440
60882,.,-1.865427,29.360738,.,17.4,19.3,16.4,2.9,1444,0,4488,558,359,1690,384
60883,.,-1.865427,29.360738,.,17.4,19.3,16.4,2.9,1444,0,4488,558,359,1690,384
60884,.,-1.865427,29.360738,.,17.4,19.3,16.4,2.9,1444,0,4488,558,359,1690,384
60885,.,-1.865427,29.360738,.,17.4,19.3,16.4,2.9,1444,0,4488,558,359,1690,384
60886,.,-1.865427,29.360738,.,17.4,19.3,16.4,2.9,1444,0,4488,558,359,1690,384
60887,.,-1.865427,29.360738,.,17.4,19.3,16.4,2.9,1444,0,4488,558,359,1690,384
60888,.,-1.865427,29.360738,.,17.4,19.3,16.4,2.9,1444,0,4488,558,359,1690,384
60889,.,-1.865427,29.360738,.,17.4,19.3,16.4,2.9,1444,0,4488,558,359,1690,384
60890,.,-1.865427,29.360738,.,17.4,19.3,16.4,2.9,1444,0,4488,558,359,1690,384
60891,.,-1.865427,29.360738,.,17.4,19.3,16.4,2.9,1444,0,4488,558,359,1690,384
60892,.,-1.865427,29.360738,.,17.4,19.3,16.4,2.9,1444,0,4488,558,359,1690,384
60893,.,-1.865427,29.360738,.,17.4,19.3,16.4,2.9,1444,0,4488,558,359,1690,384
60894,.,-1.865427,29.360738,.,17.4,19.3,16.4,2.9,1444,0,4488,558,359,1690,384
60895,.,-1.865427,29.360738,.,17.4,19.3,16.4,2.9,1444,0,4488,558,359,1690,384
60896,.,-2.084365,29.430213,.,18.3,20,17.3,2.7,1414,0,4809,399,510,1777,440
60897,.,-2.084365,29.430213,.,18.3,20,17.3,2.7,1414,0,4809,399,510,1777,440
60898,.,-2.084365,29.430213,.,18.3,20,17.3,2.7,1414,0,4809,399,510,1777,440
60899,.,-2.084365,29.430213,.,18.3,20,17.3,2.7,1414,0,4809,399,510,1777,440
60900,.,-1.865427,29.360738,.,17.4,19.3,16.4,2.9,1444,0,4488,558,359,1690,384
60901,.,-1.865427,29.360738,.,17.4,19.3,16.4,2.9,1444,0,4488,558,359,1690,384
60902,.,-1.865427,29.360738,.,17.4,19.3,16.4,2.9,1444,0,4488,558,359,1690,384
60903,.,-1.865427,29.360738,.,17.4,19.3,16.4,2.9,1444,0,4488,558,359,1690,384
60904,.,-1.865427,29.360738,.,17.4,19.3,16.4,2.9,1444,0,4488,558,359,1690,384
60905,.,-1.865427,29.360738,.,17.4,19.3,16.4,2.9,1444,0,4488,558,359,1690,384
60906,.,-1.865427,29.360738,.,17.4,19.3,16.4,2.9,1444,0,4488,558,359,1690,384
60907,.,-1.865427,29.360738,.,17.4,19.3,16.4,2.9,1444,0,4488,558,359,1690,384
60908,.,-1.865427,29.360738,.,17.4,19.3,16.4,2.9,1444,0,4488,558,359,1690,384
60909,.,-1.865427,29.360738,.,17.4,19.3,16.4,2.9,1444,0,4488,558,359,1690,384
60910,.,-1.865427,29.360738,.,17.4,19.3,16.4,2.9,1444,0,4488,558,359,1690,384
60911,.,-1.865427,29.360738,.,17.4,19.3,16.4,2.9,1444,0,4488,558,359,1690,384
60912,.,-1.865427,29.360738,.,17.4,19.3,16.4,2.9,1444,0,4488,558,359,1690,384
60913,.,-1.865427,29.360738,.,17.4,19.3,16.4,2.9,1444,0,4488,558,359,1690,384
60914,.,-1.865427,29.360738,.,17.4,19.3,16.4,2.9,1444,0,4488,558,359,1690,384
60915,.,-2.084365,29.430213,.,18.3,20,17.3,2.7,1414,0,4809,399,510,1777,440
60916,.,-2.084365,29.430213,.,18.3,20,17.3,2.7,1414,0,4809,399,510,1777,440
60917,.,-2.084365,29.430213,.,18.3,20,17.3,2.7,1414,0,4809,399,510,1777,440
60918,.,-2.084365,29.430213,.,18.3,20,17.3,2.7,1414,0,4809,399,510,1777,440
60919,.,-2.084365,29.430213,.,18.3,20,17.3,2.7,1414,0,4809,399,510,1777,440
60920,.,-2.084365,29.430213,.,18.3,20,17.3,2.7,1414,0,4809,399,510,1777,440
60921,.,-2.084365,29.430213,.,18.3,20,17.3,2.7,1414,0,4809,399,510,1777,440
60922,.,-2.084365,29.430213,.,18.3,20,17.3,2.7,1414,0,4809,399,510,1777,440
60923,.,-1.865427,29.360738,.,17.4,19.3,16.4,2.9,1444,0,4488,558,359,1690,384
60924,.,-1.865427,29.360738,.,17.4,19.3,16.4,2.9,1444,0,4488,558,359,1690,384
60925,.,-1.865427,29.360738,.,17.4,19.3,16.4,2.9,1444,0,4488,558,359,1690,384
60926,.,-1.865427,29.360738,.,17.4,19.3,16.4,2.9,1444,0,4488,558,359,1690,384
60927,.,-1.865427,29.360738,.,17.4,19.3,16.4,2.9,1444,0,4488,558,359,1690,384
60928,.,-1.865427,29.360738,.,17.4,19.3,16.4,2.9,1444,0,4488,558,359,1690,384
60929,.,-1.865427,29.360738,.,17.4,19.3,16.4,2.9,1444,0,4488,558,359,1690,384
60930,.,-1.865427,29.360738,.,17.4,19.3,16.4,2.9,1444,0,4488,558,359,1690,384
60931,.,-2.084365,29.430213,.,18.3,20,17.3,2.7,1414,0,4809,399,510,1777,440
60932,.,-2.084365,29.430213,.,18.3,20,17.3,2.7,1414,0,4809,399,510,1777,440
60933,.,-2.084365,29.430213,.,18.3,20,17.3,2.7,1414,0,4809,399,510,1777,440
60934,.,-2.084365,29.430213,.,18.3,20,17.3,2.7,1414,0,4809,399,510,1777,440
60935,.,-1.865427,29.360738,.,17.4,19.3,16.4,2.9,1444,0,4488,558,359,1690,384
60936,.,-1.865427,29.360738,.,17.4,19.3,16.4,2.9,1444,0,4488,558,359,1690,384
60937,.,-1.865427,29.360738,.,17.4,19.3,16.4,2.9,1444,0,4488,558,359,1690,384
60938,.,-1.865427,29.360738,.,17.4,19.3,16.4,2.9,1444,0,4488,558,359,1690,384
60939,.,-1.865427,29.360738,.,17.4,19.3,16.4,2.9,1444,0,4488,558,359,1690,384
60940,.,-1.865427,29.360738,.,17.4,19.3,16.4,2.9,1444,0,4488,558,359,1690,384
60941,.,-1.865427,29.360738,.,17.4,19.3,16.4,2.9,1444,0,4488,558,359,1690,384
105623,.,-3.232855,29.754494,.,18.9,20.8,17.7,3,1334,0,5000,328,625,1856,656
105624,.,-3.280434,29.699084,.,18.9,20.8,17.7,3.1,1342,0,4993,331,620,1846,624
105625,.,-3.341281,29.686391,.,18.5,20.4,17.2,3.2,1339,0,4851,387,538,1818,601
105626,.,-3.341281,29.686391,.,18.5,20.4,17.2,3.2,1339,0,4851,387,538,1818,601
105627,.,-3.280434,29.699084,.,18.9,20.8,17.7,3.1,1342,0,4993,331,620,1846,624
105628,.,-3.341281,29.686391,.,18.5,20.4,17.2,3.2,1339,0,4851,387,538,1818,601
105629,.,-3.341281,29.686391,.,18.5,20.4,17.2,3.2,1339,0,4851,387,538,1818,601
105630,.,-3.341281,29.686391,.,18.5,20.4,17.2,3.2,1339,0,4851,387,538,1818,601
105631,.,-3.294329,29.661955,.,18.5,20.3,17.3,3.1,1359,0,4850,386,536,1815,590
105632,.,-3.280434,29.699084,.,18.9,20.8,17.7,3.1,1342,0,4993,331,620,1846,624
105633,.,-3.294329,29.661955,.,18.5,20.3,17.3,3.1,1359,0,4850,386,536,1815,590
105634,.,-3.294329,29.661955,.,18.5,20.3,17.3,3.1,1359,0,4850,386,536,1815,590
105635,.,-3.337977,29.628271,.,17.8,19.6,16.4,3.2,1385,0,4601,503,412,1776,562
105636,.,-3.337977,29.628271,.,17.8,19.6,16.4,3.2,1385,0,4601,503,412,1776,562
105637,.,-3.239636,29.74204,.,18.8,20.7,17.7,3.1,1340,0,4981,336,613,1851,644
105638,.,-3.341281,29.686391,.,18.5,20.4,17.2,3.2,1339,0,4851,387,538,1818,601
105639,.,-3.220614,29.775282,.,19,20.9,17.9,3,1321,0,5054,310,659,1869,678
105640,.,-3.311426,29.655757,.,18.3,20.2,17,3.1,1365,0,4782,415,500,1804,583
105641,.,-3.311426,29.655757,.,18.3,20.2,17,3.1,1365,0,4782,415,500,1804,583
105642,.,-3.296632,29.912039,.,19.9,21.8,18.7,3.1,1244,0,5359,220,869,1923,760
105643,.,-3.296632,29.912039,.,19.9,21.8,18.7,3.1,1244,0,5359,220,869,1923,760
105644,.,-3.251364,29.706682,.,18.7,20.6,17.5,3.1,1347,0,4930,354,583,1836,618
105645,.,-3.280434,29.699084,.,18.9,20.8,17.7,3.1,1342,0,4993,331,620,1846,624
105646,.,-3.252754,29.731763,.,18.8,20.7,17.6,3.1,1344,0,4975,338,610,1849,636
105647,.,-3.232855,29.754494,.,18.9,20.8,17.7,3,1334,0,5000,328,625,1856,656
105648,.,-3.280434,29.699084,.,18.9,20.8,17.7,3.1,1342,0,4993,331,620,1846,624
105649,.,-3.323196,29.627308,.,17.8,19.6,16.5,3.2,1383,0,4608,499,415,1777,564
105650,.,-3.311426,29.655757,.,18.3,20.2,17,3.1,1365,0,4782,415,500,1804,583
105651,.,-3.341281,29.686391,.,18.5,20.4,17.2,3.2,1339,0,4851,387,538,1818,601
105652,.,-3.232855,29.754494,.,18.9,20.8,17.7,3,1334,0,5000,328,625,1856,656
105653,.,-3.323196,29.627308,.,17.8,19.6,16.5,3.2,1383,0,4608,499,415,1777,564
105654,.,-3.232855,29.754494,.,18.9,20.8,17.7,3,1334,0,5000,328,625,1856,656
105655,.,-3.296632,29.912039,.,19.9,21.8,18.7,3.1,1244,0,5359,220,869,1923,760
105656,.,-3.357116,29.626917,.,17.7,19.5,16.4,3.2,1388,0,4571,518,399,1772,557
105657,.,-3.294329,29.661955,.,18.5,20.3,17.3,3.1,1359,0,4850,386,536,1815,590
105658,.,-3.266712,29.70303,.,18.8,20.8,17.7,3.1,1344,0,4986,333,617,1845,624
105659,.,-3.323196,29.627308,.,17.8,19.6,16.5,3.2,1383,0,4608,499,415,1777,564
105660,.,-3.232855,29.754494,.,18.9,20.8,17.7,3,1334,0,5000,328,625,1856,656
105661,.,-3.341281,29.686391,.,18.5,20.4,17.2,3.2,1339,0,4851,387,538,1818,601
105662,.,-3.323196,29.627308,.,17.8,19.6,16.5,3.2,1383,0,4608,499,415,1777,564
105663,.,-3.239636,29.74204,.,18.8,20.7,17.7,3.1,1340,0,4981,336,613,1851,644
105664,.,-3.323196,29.627308,.,17.8,19.6,16.5,3.2,1383,0,4608,499,415,1777,564
105665,.,-3.357116,29.626917,.,17.7,19.5,16.4,3.2,1388,0,4571,518,399,1772,557
105666,.,-3.280434,29.699084,.,18.9,20.8,17.7,3.1,1342,0,4993,331,620,1846,624
105667,.,-3.280434,29.699084,.,18.9,20.8,17.7,3.1,1342,0,4993,331,620,1846,624
105668,.,-3.280434,29.699084,.,18.9,20.8,17.7,3.1,1342,0,4993,331,620,1846,624
105669,.,-3.280434,29.699084,.,18.9,20.8,17.7,3.1,1342,0,4993,331,620,1846,624
105670,.,-3.296632,29.912039,.,19.9,21.8,18.7,3.1,1244,0,5359,220,869,1923,760
105671,.,-3.232855,29.754494,.,18.9,20.8,17.7,3,1334,0,5000,328,625,1856,656
105672,.,-3.296632,29.912039,.,19.9,21.8,18.7,3.1,1244,0,5359,220,869,1923,760
105673,.,-3.239636,29.74204,.,18.8,20.7,17.7,3.1,1340,0,4981,336,613,1851,644
105674,.,-3.294329,29.661955,.,18.5,20.3,17.3,3.1,1359,0,4850,386,536,1815,590
105675,.,-3.357116,29.626917,.,17.7,19.5,16.4,3.2,1388,0,4571,518,399,1772,557
105676,.,-3.323196,29.627308,.,17.8,19.6,16.5,3.2,1383,0,4608,499,415,1777,564
105677,.,-3.341281,29.686391,.,18.5,20.4,17.2,3.2,1339,0,4851,387,538,1818,601
105678,.,-3.266712,29.70303,.,18.8,20.8,17.7,3.1,1344,0,4986,333,617,1845,624
105679,.,-3.323196,29.627308,.,17.8,19.6,16.5,3.2,1383,0,4608,499,415,1777,564
105680,.,-3.280434,29.699084,.,18.9,20.8,17.7,3.1,1342,0,4993,331,620,1846,624
105681,.,-3.239636,29.74204,.,18.8,20.7,17.7,3.1,1340,0,4981,336,613,1851,644
105682,.,-3.311426,29.655757,.,18.3,20.2,17,3.1,1365,0,4782,415,500,1804,583
105683,.,-3.294329,29.661955,.,18.5,20.3,17.3,3.1,1359,0,4850,386,536,1815,590
105684,.,-3.266712,29.70303,.,18.8,20.8,17.7,3.1,1344,0,4986,333,617,1845,624
105685,.,-3.280434,29.699084,.,18.9,20.8,17.7,3.1,1342,0,4993,331,620,1846,624
105686,.,-3.294329,29.661955,.,18.5,20.3,17.3,3.1,1359,0,4850,386,536,1815,590
105687,.,-3.232855,29.754494,.,18.9,20.8,17.7,3,1334,0,5000,328,625,1856,656
105688,.,-3.251364,29.706682,.,18.7,20.6,17.5,3.1,1347,0,4930,354,583,1836,618
105689,.,-3.280434,29.699084,.,18.9,20.8,17.7,3.1,1342,0,4993,331,620,1846,624
105690,.,-3.280434,29.699084,.,18.9,20.8,17.7,3.1,1342,0,4993,331,620,1846,624
105691,.,-3.311426,29.655757,.,18.3,20.2,17,3.1,1365,0,4782,415,500,1804,583
105692,.,-3.220614,29.775282,.,19,20.9,17.9,3,1321,0,5054,310,659,1869,678
105693,.,-3.252754,29.731763,.,18.8,20.7,17.6,3.1,1344,0,4975,338,610,1849,636
105694,.,-3.251364,29.706682,.,18.7,20.6,17.5,3.1,1347,0,4930,354,583,1836,618
105695,.,-3.323196,29.627308,.,17.8,19.6,16.5,3.2,1383,0,4608,499,415,1777,564
105696,.,-3.341281,29.686391,.,18.5,20.4,17.2,3.2,1339,0,4851,387,538,1818,601
105697,.,-3.341281,29.686391,.,18.5,20.4,17.2,3.2,1339,0,4851,387,538,1818,601
105698,.,-3.337977,29.628271,.,17.8,19.6,16.4,3.2,1385,0,4601,503,412,1776,562
105699,.,-3.280434,29.699084,.,18.9,20.8,17.7,3.1,1342,0,4993,331,620,1846,624
105700,.,-3.341281,29.686391,.,18.5,20.4,17.2,3.2,1339,0,4851,387,538,1818,601
105701,.,-3.239636,29.74204,.,18.8,20.7,17.7,3.1,1340,0,4981,336,613,1851,644
105702,.,-3.323196,29.627308,.,17.8,19.6,16.5,3.2,1383,0,4608,499,415,1777,564
105703,.,-3.337977,29.628271,.,17.8,19.6,16.4,3.2,1385,0,4601,503,412,1776,562
105704,.,-3.239636,29.74204,.,18.8,20.7,17.7,3.1,1340,0,4981,336,613,1851,644
105705,.,-3.294329,29.661955,.,18.5,20.3,17.3,3.1,1359,0,4850,386,536,1815,590
105706,.,-3.337977,29.628271,.,17.8,19.6,16.4,3.2,1385,0,4601,503,412,1776,562
105707,.,-3.294329,29.661955,.,18.5,20.3,17.3,3.1,1359,0,4850,386,536,1815,590
105708,.,-3.357116,29.626917,.,17.7,19.5,16.4,3.2,1388,0,4571,518,399,1772,557
105709,.,-3.323196,29.627308,.,17.8,19.6,16.5,3.2,1383,0,4608,499,415,1777,564
105710,.,-3.266712,29.70303,.,18.8,20.8,17.7,3.1,1344,0,4986,333,617,1845,624
105711,.,-3.311426,29.655757,.,18.3,20.2,17,3.1,1365,0,4782,415,500,1804,583
105712,.,-3.266712,29.70303,.,18.8,20.8,17.7,3.1,1344,0,4986,333,617,1845,624
105713,.,-3.294329,29.661955,.,18.5,20.3,17.3,3.1,1359,0,4850,386,536,1815,590
105714,.,-3.337977,29.628271,.,17.8,19.6,16.4,3.2,1385,0,4601,503,412,1776,562
105715,.,-3.294329,29.661955,.,18.5,20.3,17.3,3.1,1359,0,4850,386,536,1815,590
105716,.,-3.311426,29.655757,.,18.3,20.2,17,3.1,1365,0,4782,415,500,1804,583
105717,.,-3.280434,29.699084,.,18.9,20.8,17.7,3.1,1342,0,4993,331,620,1846,624
105718,.,-3.311426,29.655757,.,18.3,20.2,17,3.1,1365,0,4782,415,500,1804,583
105719,.,-3.311426,29.655757,.,18.3,20.2,17,3.1,1365,0,4782,415,500,1804,583
105720,.,-3.280434,29.699084,.,18.9,20.8,17.7,3.1,1342,0,4993,331,620,1846,624
105721,.,-3.341281,29.686391,.,18.5,20.4,17.2,3.2,1339,0,4851,387,538,1818,601
105722,.,-3.357116,29.626917,.,17.7,19.5,16.4,3.2,1388,0,4571,518,399,1772,557
105723,.,-3.357116,29.626917,.,17.7,19.5,16.4,3.2,1388,0,4571,518,399,1772,557
105724,.,-3.357116,29.626917,.,17.7,19.5,16.4,3.2,1388,0,4571,518,399,1772,557
105725,.,-3.248354,29.90403,.,19.8,21.7,18.6,3.1,1250,0,5317,231,839,1912,745
105726,.,-3.280434,29.699084,.,18.9,20.8,17.7,3.1,1342,0,4993,331,620,1846,624
105727,.,-3.266712,29.70303,.,18.8,20.8,17.7,3.1,1344,0,4986,333,617,1845,624
105728,.,-3.252754,29.731763,.,18.8,20.7,17.6,3.1,1344,0,4975,338,610,1849,636
105729,.,-3.357116,29.626917,.,17.7,19.5,16.4,3.2,1388,0,4571,518,399,1772,557
105730,.,-3.341281,29.686391,.,18.5,20.4,17.2,3.2,1339,0,4851,387,538,1818,601
105731,.,-3.266712,29.70303,.,18.8,20.8,17.7,3.1,1344,0,4986,333,617,1845,624
105732,.,-3.294329,29.661955,.,18.5,20.3,17.3,3.1,1359,0,4850,386,536,1815,590
105733,.,-3.323196,29.627308,.,17.8,19.6,16.5,3.2,1383,0,4608,499,415,1777,564
105734,.,-3.252754,29.731763,.,18.8,20.7,17.6,3.1,1344,0,4975,338,610,1849,636
105735,.,-3.294329,29.661955,.,18.5,20.3,17.3,3.1,1359,0,4850,386,536,1815,590
105736,.,-3.337977,29.628271,.,17.8,19.6,16.4,3.2,1385,0,4601,503,412,1776,562
105737,.,-3.294329,29.661955,.,18.5,20.3,17.3,3.1,1359,0,4850,386,536,1815,590
105738,.,-3.341281,29.686391,.,18.5,20.4,17.2,3.2,1339,0,4851,387,538,1818,601
105739,.,-3.252754,29.731763,.,18.8,20.7,17.6,3.1,1344,0,4975,338,610,1849,636
105740,.,-3.266712,29.70303,.,18.8,20.8,17.7,3.1,1344,0,4986,333,617,1845,624
105741,.,-3.294329,29.661955,.,18.5,20.3,17.3,3.1,1359,0,4850,386,536,1815,590
105742,.,-3.280434,29.699084,.,18.9,20.8,17.7,3.1,1342,0,4993,331,620,1846,624
105743,.,-3.337977,29.628271,.,17.8,19.6,16.4,3.2,1385,0,4601,503,412,1776,562
105744,.,-3.341281,29.686391,.,18.5,20.4,17.2,3.2,1339,0,4851,387,538,1818,601
105745,.,-3.323196,29.627308,.,17.8,19.6,16.5,3.2,1383,0,4608,499,415,1777,564
105746,.,-3.357116,29.626917,.,17.7,19.5,16.4,3.2,1388,0,4571,518,399,1772,557
105747,.,-3.296632,29.912039,.,19.9,21.8,18.7,3.1,1244,0,5359,220,869,1923,760
105748,.,-3.294329,29.661955,.,18.5,20.3,17.3,3.1,1359,0,4850,386,536,1815,590
105749,.,-3.337977,29.628271,.,17.8,19.6,16.4,3.2,1385,0,4601,503,412,1776,562
105750,.,-3.280434,29.699084,.,18.9,20.8,17.7,3.1,1342,0,4993,331,620,1846,624
105751,.,-3.323196,29.627308,.,17.8,19.6,16.5,3.2,1383,0,4608,499,415,1777,564
105752,.,-3.220614,29.775282,.,19,20.9,17.9,3,1321,0,5054,310,659,1869,678
105753,.,-3.248354,29.90403,.,19.8,21.7,18.6,3.1,1250,0,5317,231,839,1912,745
105754,.,-3.220614,29.775282,.,19,20.9,17.9,3,1321,0,5054,310,659,1869,678
105755,.,-3.357116,29.626917,.,17.7,19.5,16.4,3.2,1388,0,4571,518,399,1772,557
105756,.,-3.220614,29.775282,.,19,20.9,17.9,3,1321,0,5054,310,659,1869,678
105757,.,-3.220614,29.775282,.,19,20.9,17.9,3,1321,0,5054,310,659,1869,678
105758,.,-3.280434,29.699084,.,18.9,20.8,17.7,3.1,1342,0,4993,331,620,1846,624
105759,.,-3.296632,29.912039,.,19.9,21.8,18.7,3.1,1244,0,5359,220,869,1923,760
105760,.,-3.311426,29.655757,.,18.3,20.2,17,3.1,1365,0,4782,415,500,1804,583
105761,.,-3.357116,29.626917,.,17.7,19.5,16.4,3.2,1388,0,4571,518,399,1772,557
105762,.,-3.311426,29.655757,.,18.3,20.2,17,3.1,1365,0,4782,415,500,1804,583
105763,.,-3.280434,29.699084,.,18.9,20.8,17.7,3.1,1342,0,4993,331,620,1846,624
105764,.,-3.239636,29.74204,.,18.8,20.7,17.7,3.1,1340,0,4981,336,613,1851,644
105765,.,-3.337977,29.628271,.,17.8,19.6,16.4,3.2,1385,0,4601,503,412,1776,562
105766,.,-3.323196,29.627308,.,17.8,19.6,16.5,3.2,1383,0,4608,499,415,1777,564
105767,.,-3.252754,29.731763,.,18.8,20.7,17.6,3.1,1344,0,4975,338,610,1849,636
105768,.,-3.323196,29.627308,.,17.8,19.6,16.5,3.2,1383,0,4608,499,415,1777,564
105769,.,-3.252754,29.731763,.,18.8,20.7,17.6,3.1,1344,0,4975,338,610,1849,636
105770,.,-3.357116,29.626917,.,17.7,19.5,16.4,3.2,1388,0,4571,518,399,1772,557
105771,.,-3.311426,29.655757,.,18.3,20.2,17,3.1,1365,0,4782,415,500,1804,583
105772,.,-3.311426,29.655757,.,18.3,20.2,17,3.1,1365,0,4782,415,500,1804,583
105773,.,-3.220614,29.775282,.,19,20.9,17.9,3,1321,0,5054,310,659,1869,678
105774,.,-3.280434,29.699084,.,18.9,20.8,17.7,3.1,1342,0,4993,331,620,1846,624
105775,.,-3.311426,29.655757,.,18.3,20.2,17,3.1,1365,0,4782,415,500,1804,583
105776,.,-3.232855,29.754494,.,18.9,20.8,17.7,3,1334,0,5000,328,625,1856,656
105777,.,-3.232855,29.754494,.,18.9,20.8,17.7,3,1334,0,5000,328,625,1856,656
105778,.,-3.294329,29.661955,.,18.5,20.3,17.3,3.1,1359,0,4850,386,536,1815,590
105779,.,-3.357116,29.626917,.,17.7,19.5,16.4,3.2,1388,0,4571,518,399,1772,557
105780,.,-3.251364,29.706682,.,18.7,20.6,17.5,3.1,1347,0,4930,354,583,1836,618
105781,.,-3.337977,29.628271,.,17.8,19.6,16.4,3.2,1385,0,4601,503,412,1776,562
105782,.,-3.323196,29.627308,.,17.8,19.6,16.5,3.2,1383,0,4608,499,415,1777,564
105783,.,-3.248354,29.90403,.,19.8,21.7,18.6,3.1,1250,0,5317,231,839,1912,745
105784,.,-3.251364,29.706682,.,18.7,20.6,17.5,3.1,1347,0,4930,354,583,1836,618
105785,.,-3.280434,29.699084,.,18.9,20.8,17.7,3.1,1342,0,4993,331,620,1846,624
105786,.,-3.280434,29.699084,.,18.9,20.8,17.7,3.1,1342,0,4993,331,620,1846,624
105787,.,-3.337977,29.628271,.,17.8,19.6,16.4,3.2,1385,0,4601,503,412,1776,562
105788,.,-3.280434,29.699084,.,18.9,20.8,17.7,3.1,1342,0,4993,331,620,1846,624
105789,.,-3.337977,29.628271,.,17.8,19.6,16.4,3.2,1385,0,4601,503,412,1776,562
105790,.,-3.341281,29.686391,.,18.5,20.4,17.2,3.2,1339,0,4851,387,538,1818,601
105791,.,-3.357116,29.626917,.,17.7,19.5,16.4,3.2,1388,0,4571,518,399,1772,557
105792,.,-3.296632,29.912039,.,19.9,21.8,18.7,3.1,1244,0,5359,220,869,1923,760
105793,.,-3.323196,29.627308,.,17.8,19.6,16.5,3.2,1383,0,4608,499,415,1777,564
105794,.,-3.266712,29.70303,.,18.8,20.8,17.7,3.1,1344,0,4986,333,617,1845,624
105795,.,-3.266712,29.70303,.,18.8,20.8,17.7,3.1,1344,0,4986,333,617,1845,624
105796,.,-3.341281,29.686391,.,18.5,20.4,17.2,3.2,1339,0,4851,387,538,1818,601
105797,.,-3.341281,29.686391,.,18.5,20.4,17.2,3.2,1339,0,4851,387,538,1818,601
105798,.,-3.294329,29.661955,.,18.5,20.3,17.3,3.1,1359,0,4850,386,536,1815,590
105799,.,-3.311426,29.655757,.,18.3,20.2,17,3.1,1365,0,4782,415,500,1804,583
105800,.,-3.341281,29.686391,.,18.5,20.4,17.2,3.2,1339,0,4851,387,538,1818,601
105801,.,-3.280434,29.699084,.,18.9,20.8,17.7,3.1,1342,0,4993,331,620,1846,624
105802,.,-3.357116,29.626917,.,17.7,19.5,16.4,3.2,1388,0,4571,518,399,1772,557
105803,.,-3.294329,29.661955,.,18.5,20.3,17.3,3.1,1359,0,4850,386,536,1815,590
105804,.,-3.341281,29.686391,.,18.5,20.4,17.2,3.2,1339,0,4851,387,538,1818,601
105805,.,-3.357116,29.626917,.,17.7,19.5,16.4,3.2,1388,0,4571,518,399,1772,557
105806,.,-3.252754,29.731763,.,18.8,20.7,17.6,3.1,1344,0,4975,338,610,1849,636
105807,.,-3.232855,29.754494,.,18.9,20.8,17.7,3,1334,0,5000,328,625,1856,656
105808,.,-3.337977,29.628271,.,17.8,19.6,16.4,3.2,1385,0,4601,503,412,1776,562
105809,.,-3.357116,29.626917,.,17.7,19.5,16.4,3.2,1388,0,4571,518,399,1772,557
105810,.,-3.251364,29.706682,.,18.7,20.6,17.5,3.1,1347,0,4930,354,583,1836,618
105811,.,-3.252754,29.731763,.,18.8,20.7,17.6,3.1,1344,0,4975,338,610,1849,636
105812,.,-3.323196,29.627308,.,17.8,19.6,16.5,3.2,1383,0,4608,499,415,1777,564
105813,.,-3.232855,29.754494,.,18.9,20.8,17.7,3,1334,0,5000,328,625,1856,656
105814,.,-3.337977,29.628271,.,17.8,19.6,16.4,3.2,1385,0,4601,503,412,1776,562
105815,.,-3.357116,29.626917,.,17.7,19.5,16.4,3.2,1388,0,4571,518,399,1772,557
105816,.,-3.311426,29.655757,.,18.3,20.2,17,3.1,1365,0,4782,415,500,1804,583
105817,.,-3.280434,29.699084,.,18.9,20.8,17.7,3.1,1342,0,4993,331,620,1846,624
105818,.,-3.280434,29.699084,.,18.9,20.8,17.7,3.1,1342,0,4993,331,620,1846,624
105819,.,-3.252754,29.731763,.,18.8,20.7,17.6,3.1,1344,0,4975,338,610,1849,636
105820,.,-3.239636,29.74204,.,18.8,20.7,17.7,3.1,1340,0,4981,336,613,1851,644
105821,.,-3.341281,29.686391,.,18.5,20.4,17.2,3.2,1339,0,4851,387,538,1818,601
105822,.,-3.311426,29.655757,.,18.3,20.2,17,3.1,1365,0,4782,415,500,1804,583
105823,.,-3.239636,29.74204,.,18.8,20.7,17.7,3.1,1340,0,4981,336,613,1851,644
105824,.,-3.337977,29.628271,.,17.8,19.6,16.4,3.2,1385,0,4601,503,412,1776,562
105825,.,-3.341281,29.686391,.,18.5,20.4,17.2,3.2,1339,0,4851,387,538,1818,601
