id,placeholder1,Latitude,Longitude,Elevation,MAT,MWMT,MCMT,TD,MAP,DD_0,DD5,DD_18,DD18,Eref,CMD
57101,.,-13.966667,33.65,.,21.4,24.2,18,6.2,910,0,5903,150,1364,2110,1300
57103,.,-13.966667,33.65,.,21.4,24.2,18,6.2,910,0,5903,150,1364,2110,1300
57105,.,-13.966667,33.65,.,21.4,24.2,18,6.2,910,0,5903,150,1364,2110,1300
57827,.,-13.966667,33.65,.,21.4,24.2,18,6.2,910,0,5903,150,1364,2110,1300
57829,.,-13.966667,33.65,.,21.4,24.2,18,6.2,910,0,5903,150,1364,2110,1300
57831,.,-13.966667,33.65,.,21.4,24.2,18,6.2,910,0,5903,150,1364,2110,1300
57959,.,-1.910206,30.504669,.,20.6,21.8,19.3,2.5,1108,0,5615,158,1053,1911,800
57960,.,-1.910206,30.504669,.,20.6,21.8,19.3,2.5,1108,0,5615,158,1053,1911,800
57961,.,-1.910206,30.504669,.,20.6,21.8,19.3,2.5,1108,0,5615,158,1053,1911,800
57962,.,-1.910206,30.504669,.,20.6,21.8,19.3,2.5,1108,0,5615,158,1053,1911,800
57963,.,-1.910206,30.504669,.,20.6,21.8,19.3,2.5,1108,0,5615,158,1053,1911,800
57964,.,-1.910206,30.504669,.,20.6,21.8,19.3,2.5,1108,0,5615,158,1053,1911,800
57965,.,-1.910206,30.504669,.,20.6,21.8,19.3,2.5,1108,0,5615,158,1053,1911,800
57966,.,-1.910206,30.504669,.,20.6,21.8,19.3,2.5,1108,0,5615,158,1053,1911,800
57967,.,-1.910206,30.504669,.,20.6,21.8,19.3,2.5,1108,0,5615,158,1053,1911,800
57968,.,-1.910206,30.504669,.,20.6,21.8,19.3,2.5,1108,0,5615,158,1053,1911,800
57969,.,-1.910206,30.504669,.,20.6,21.8,19.3,2.5,1108,0,5615,158,1053,1911,800
57970,.,-1.910206,30.504669,.,20.6,21.8,19.3,2.5,1108,0,5615,158,1053,1911,800
57971,.,-1.910206,30.504669,.,20.6,21.8,19.3,2.5,1108,0,5615,158,1053,1911,800
57972,.,-1.910206,30.504669,.,20.6,21.8,19.3,2.5,1108,0,5615,158,1053,1911,800
57973,.,-1.910206,30.504669,.,20.6,21.8,19.3,2.5,1108,0,5615,158,1053,1911,800
57974,.,-1.910206,30.504669,.,20.6,21.8,19.3,2.5,1108,0,5615,158,1053,1911,800
57975,.,-1.910206,30.504669,.,20.6,21.8,19.3,2.5,1108,0,5615,158,1053,1911,800
57976,.,-1.910206,30.504669,.,20.6,21.8,19.3,2.5,1108,0,5615,158,1053,1911,800
57977,.,-1.910206,30.504669,.,20.6,21.8,19.3,2.5,1108,0,5615,158,1053,1911,800
57978,.,-1.910206,30.504669,.,20.6,21.8,19.3,2.5,1108,0,5615,158,1053,1911,800
57979,.,-1.910206,30.504669,.,20.6,21.8,19.3,2.5,1108,0,5615,158,1053,1911,800
57980,.,-1.910206,30.504669,.,20.6,21.8,19.3,2.5,1108,0,5615,158,1053,1911,800
57981,.,-1.910206,30.504669,.,20.6,21.8,19.3,2.5,1108,0,5615,158,1053,1911,800
57982,.,-1.910206,30.504669,.,20.6,21.8,19.3,2.5,1108,0,5615,158,1053,1911,800
57983,.,-1.910206,30.504669,.,20.6,21.8,19.3,2.5,1108,0,5615,158,1053,1911,800
57984,.,-1.910206,30.504669,.,20.6,21.8,19.3,2.5,1108,0,5615,158,1053,1911,800
57985,.,-1.910206,30.504669,.,20.6,21.8,19.3,2.5,1108,0,5615,158,1053,1911,800
57986,.,-1.910206,30.504669,.,20.6,21.8,19.3,2.5,1108,0,5615,158,1053,1911,800
57987,.,-1.910206,30.504669,.,20.6,21.8,19.3,2.5,1108,0,5615,158,1053,1911,800
57988,.,-1.910206,30.504669,.,20.6,21.8,19.3,2.5,1108,0,5615,158,1053,1911,800
57989,.,-1.910206,30.504669,.,20.6,21.8,19.3,2.5,1108,0,5615,158,1053,1911,800
57990,.,-1.910206,30.504669,.,20.6,21.8,19.3,2.5,1108,0,5615,158,1053,1911,800
57991,.,-1.910206,30.504669,.,20.6,21.8,19.3,2.5,1108,0,5615,158,1053,1911,800
57992,.,-1.910206,30.504669,.,20.6,21.8,19.3,2.5,1108,0,5615,158,1053,1911,800
57993,.,-1.910206,30.504669,.,20.6,21.8,19.3,2.5,1108,0,5615,158,1053,1911,800
57994,.,-1.910206,30.504669,.,20.6,21.8,19.3,2.5,1108,0,5615,158,1053,1911,800
57995,.,-1.910206,30.504669,.,20.6,21.8,19.3,2.5,1108,0,5615,158,1053,1911,800
57996,.,-1.910206,30.504669,.,20.6,21.8,19.3,2.5,1108,0,5615,158,1053,1911,800
57997,.,-1.910206,30.504669,.,20.6,21.8,19.3,2.5,1108,0,5615,158,1053,1911,800
57998,.,-1.910206,30.504669,.,20.6,21.8,19.3,2.5,1108,0,5615,158,1053,1911,800
57999,.,-1.910206,30.504669,.,20.6,21.8,19.3,2.5,1108,0,5615,158,1053,1911,800
58000,.,-1.910206,30.504669,.,20.6,21.8,19.3,2.5,1108,0,5615,158,1053,1911,800
58001,.,-1.910206,30.504669,.,20.6,21.8,19.3,2.5,1108,0,5615,158,1053,1911,800
58002,.,-1.910206,30.504669,.,20.6,21.8,19.3,2.5,1108,0,5615,158,1053,1911,800
58003,.,-1.910206,30.504669,.,20.6,21.8,19.3,2.5,1108,0,5615,158,1053,1911,800
58004,.,-1.910206,30.504669,.,20.6,21.8,19.3,2.5,1108,0,5615,158,1053,1911,800
58005,.,-1.910206,30.504669,.,20.6,21.8,19.3,2.5,1108,0,5615,158,1053,1911,800
58006,.,-1.910206,30.504669,.,20.6,21.8,19.3,2.5,1108,0,5615,158,1053,1911,800
58007,.,-1.910206,30.504669,.,20.6,21.8,19.3,2.5,1108,0,5615,158,1053,1911,800
58008,.,-1.910206,30.504669,.,20.6,21.8,19.3,2.5,1108,0,5615,158,1053,1911,800
58009,.,-1.910206,30.504669,.,20.6,21.8,19.3,2.5,1108,0,5615,158,1053,1911,800
58010,.,-1.910206,30.504669,.,20.6,21.8,19.3,2.5,1108,0,5615,158,1053,1911,800
58011,.,-1.910206,30.504669,.,20.6,21.8,19.3,2.5,1108,0,5615,158,1053,1911,800
58012,.,-1.910206,30.504669,.,20.6,21.8,19.3,2.5,1108,0,5615,158,1053,1911,800
58013,.,-1.910206,30.504669,.,20.6,21.8,19.3,2.5,1108,0,5615,158,1053,1911,800
58014,.,-1.910206,30.504669,.,20.6,21.8,19.3,2.5,1108,0,5615,158,1053,1911,800
58015,.,-1.910206,30.504669,.,20.6,21.8,19.3,2.5,1108,0,5615,158,1053,1911,800
58016,.,-1.910206,30.504669,.,20.6,21.8,19.3,2.5,1108,0,5615,158,1053,1911,800
58017,.,-1.910206,30.504669,.,20.6,21.8,19.3,2.5,1108,0,5615,158,1053,1911,800
58018,.,-1.910206,30.504669,.,20.6,21.8,19.3,2.5,1108,0,5615,158,1053,1911,800
58019,.,-1.910206,30.504669,.,20.6,21.8,19.3,2.5,1108,0,5615,158,1053,1911,800
58020,.,-1.910206,30.504669,.,20.6,21.8,19.3,2.5,1108,0,5615,158,1053,1911,800
58021,.,-1.910206,30.504669,.,20.6,21.8,19.3,2.5,1108,0,5615,158,1053,1911,800
58022,.,-1.910206,30.504669,.,20.6,21.8,19.3,2.5,1108,0,5615,158,1053,1911,800
58023,.,-2.059703,29.407312,.,19.4,21.2,18.5,2.7,1301,0,5192,261,744,1836,525
58024,.,-2.059703,29.407312,.,19.4,21.2,18.5,2.7,1301,0,5192,261,744,1836,525
58025,.,-2.059703,29.407312,.,19.4,21.2,18.5,2.7,1301,0,5192,261,744,1836,525
58026,.,-2.059703,29.407312,.,19.4,21.2,18.5,2.7,1301,0,5192,261,744,1836,525
58027,.,-2.059703,29.407312,.,19.4,21.2,18.5,2.7,1301,0,5192,261,744,1836,525
58028,.,-2.059703,29.407312,.,19.4,21.2,18.5,2.7,1301,0,5192,261,744,1836,525
58029,.,-2.059703,29.407312,.,19.4,21.2,18.5,2.7,1301,0,5192,261,744,1836,525
58030,.,-2.059703,29.407312,.,19.4,21.2,18.5,2.7,1301,0,5192,261,744,1836,525
58031,.,-2.059703,29.407312,.,19.4,21.2,18.5,2.7,1301,0,5192,261,744,1836,525
58032,.,-2.059703,29.407312,.,19.4,21.2,18.5,2.7,1301,0,5192,261,744,1836,525
58033,.,-2.059703,29.407312,.,19.4,21.2,18.5,2.7,1301,0,5192,261,744,1836,525
58034,.,-2.059703,29.407312,.,19.4,21.2,18.5,2.7,1301,0,5192,261,744,1836,525
58035,.,-2.059703,29.407312,.,19.4,21.2,18.5,2.7,1301,0,5192,261,744,1836,525
58036,.,-2.059703,29.407312,.,19.4,21.2,18.5,2.7,1301,0,5192,261,744,1836,525
58037,.,-2.059703,29.407312,.,19.4,21.2,18.5,2.7,1301,0,5192,261,744,1836,525
58038,.,-2.059703,29.407312,.,19.4,21.2,18.5,2.7,1301,0,5192,261,744,1836,525
58039,.,-2.059703,29.407312,.,19.4,21.2,18.5,2.7,1301,0,5192,261,744,1836,525
58040,.,-2.059703,29.407312,.,19.4,21.2,18.5,2.7,1301,0,5192,261,744,1836,525
58041,.,-2.059703,29.407312,.,19.4,21.2,18.5,2.7,1301,0,5192,261,744,1836,525
58042,.,-2.059703,29.407312,.,19.4,21.2,18.5,2.7,1301,0,5192,261,744,1836,525
58043,.,-2.059703,29.407312,.,19.4,21.2,18.5,2.7,1301,0,5192,261,744,1836,525
58044,.,-2.059703,29.407312,.,19.4,21.2,18.5,2.7,1301,0,5192,261,744,1836,525
58045,.,-2.059703,29.407312,.,19.4,21.2,18.5,2.7,1301,0,5192,261,744,1836,525
58046,.,-2.059703,29.407312,.,19.4,21.2,18.5,2.7,1301,0,5192,261,744,1836,525
58047,.,-2.059703,29.407312,.,19.4,21.2,18.5,2.7,1301,0,5192,261,744,1836,525
58048,.,-2.059703,29.407312,.,19.4,21.2,18.5,2.7,1301,0,5192,261,744,1836,525
58049,.,-2.059703,29.407312,.,19.4,21.2,18.5,2.7,1301,0,5192,261,744,1836,525
58050,.,-2.059703,29.407312,.,19.4,21.2,18.5,2.7,1301,0,5192,261,744,1836,525
58051,.,-2.059703,29.407312,.,19.4,21.2,18.5,2.7,1301,0,5192,261,744,1836,525
58052,.,-2.059703,29.407312,.,19.4,21.2,18.5,2.7,1301,0,5192,261,744,1836,525
58053,.,-2.059703,29.407312,.,19.4,21.2,18.5,2.7,1301,0,5192,261,744,1836,525
58054,.,-2.059703,29.407312,.,19.4,21.2,18.5,2.7,1301,0,5192,261,744,1836,525
58055,.,-2.059703,29.407312,.,19.4,21.2,18.5,2.7,1301,0,5192,261,744,1836,525
58056,.,-2.059703,29.407312,.,19.4,21.2,18.5,2.7,1301,0,5192,261,744,1836,525
58057,.,-2.059703,29.407312,.,19.4,21.2,18.5,2.7,1301,0,5192,261,744,1836,525
58058,.,-2.059703,29.407312,.,19.4,21.2,18.5,2.7,1301,0,5192,261,744,1836,525
58059,.,-2.059703,29.407312,.,19.4,21.2,18.5,2.7,1301,0,5192,261,744,1836,525
58060,.,-2.059703,29.407312,.,19.4,21.2,18.5,2.7,1301,0,5192,261,744,1836,525
58061,.,-2.059703,29.407312,.,19.4,21.2,18.5,2.7,1301,0,5192,261,744,1836,525
58062,.,-2.059703,29.407312,.,19.4,21.2,18.5,2.7,1301,0,5192,261,744,1836,525
58063,.,-2.059703,29.407312,.,19.4,21.2,18.5,2.7,1301,0,5192,261,744,1836,525
58064,.,-2.059703,29.407312,.,19.4,21.2,18.5,2.7,1301,0,5192,261,744,1836,525
58065,.,-2.059703,29.407312,.,19.4,21.2,18.5,2.7,1301,0,5192,261,744,1836,525
58066,.,-2.059703,29.407312,.,19.4,21.2,18.5,2.7,1301,0,5192,261,744,1836,525
58067,.,-2.059703,29.407312,.,19.4,21.2,18.5,2.7,1301,0,5192,261,744,1836,525
58068,.,-2.059703,29.407312,.,19.4,21.2,18.5,2.7,1301,0,5192,261,744,1836,525
58069,.,-2.059703,29.407312,.,19.4,21.2,18.5,2.7,1301,0,5192,261,744,1836,525
58070,.,-2.059703,29.407312,.,19.4,21.2,18.5,2.7,1301,0,5192,261,744,1836,525
58071,.,-2.059703,29.407312,.,19.4,21.2,18.5,2.7,1301,0,5192,261,744,1836,525
58072,.,-2.059703,29.407312,.,19.4,21.2,18.5,2.7,1301,0,5192,261,744,1836,525
58073,.,-2.059703,29.407312,.,19.4,21.2,18.5,2.7,1301,0,5192,261,744,1836,525
58074,.,-2.059703,29.407312,.,19.4,21.2,18.5,2.7,1301,0,5192,261,744,1836,525
58075,.,-2.059703,29.407312,.,19.4,21.2,18.5,2.7,1301,0,5192,261,744,1836,525
58076,.,-2.059703,29.407312,.,19.4,21.2,18.5,2.7,1301,0,5192,261,744,1836,525
58077,.,-2.059703,29.407312,.,19.4,21.2,18.5,2.7,1301,0,5192,261,744,1836,525
58078,.,-2.059703,29.407312,.,19.4,21.2,18.5,2.7,1301,0,5192,261,744,1836,525
58079,.,-2.059703,29.407312,.,19.4,21.2,18.5,2.7,1301,0,5192,261,744,1836,525
58080,.,-2.059703,29.407312,.,19.4,21.2,18.5,2.7,1301,0,5192,261,744,1836,525
58081,.,-2.059703,29.407312,.,19.4,21.2,18.5,2.7,1301,0,5192,261,744,1836,525
58082,.,-1.910206,30.504669,.,20.6,21.8,19.3,2.5,1108,0,5615,158,1053,1911,800
58083,.,-1.910206,30.504669,.,20.6,21.8,19.3,2.5,1108,0,5615,158,1053,1911,800
58084,.,-1.910206,30.504669,.,20.6,21.8,19.3,2.5,1108,0,5615,158,1053,1911,800
58085,.,-1.910206,30.504669,.,20.6,21.8,19.3,2.5,1108,0,5615,158,1053,1911,800
58086,.,-1.910206,30.504669,.,20.6,21.8,19.3,2.5,1108,0,5615,158,1053,1911,800
58087,.,-1.910206,30.504669,.,20.6,21.8,19.3,2.5,1108,0,5615,158,1053,1911,800
58088,.,-1.910206,30.504669,.,20.6,21.8,19.3,2.5,1108,0,5615,158,1053,1911,800
58089,.,-1.910206,30.504669,.,20.6,21.8,19.3,2.5,1108,0,5615,158,1053,1911,800
58090,.,-1.910206,30.504669,.,20.6,21.8,19.3,2.5,1108,0,5615,158,1053,1911,800
58091,.,-1.910206,30.504669,.,20.6,21.8,19.3,2.5,1108,0,5615,158,1053,1911,800
58092,.,-1.910206,30.504669,.,20.6,21.8,19.3,2.5,1108,0,5615,158,1053,1911,800
58093,.,-1.910206,30.504669,.,20.6,21.8,19.3,2.5,1108,0,5615,158,1053,1911,800
58094,.,-1.910206,30.504669,.,20.6,21.8,19.3,2.5,1108,0,5615,158,1053,1911,800
58095,.,-1.910206,30.504669,.,20.6,21.8,19.3,2.5,1108,0,5615,158,1053,1911,800
58096,.,-1.910206,30.504669,.,20.6,21.8,19.3,2.5,1108,0,5615,158,1053,1911,800
58097,.,-1.910206,30.504669,.,20.6,21.8,19.3,2.5,1108,0,5615,158,1053,1911,800
58098,.,-1.910206,30.504669,.,20.6,21.8,19.3,2.5,1108,0,5615,158,1053,1911,800
58099,.,-1.910206,30.504669,.,20.6,21.8,19.3,2.5,1108,0,5615,158,1053,1911,800
58100,.,-1.910206,30.504669,.,20.6,21.8,19.3,2.5,1108,0,5615,158,1053,1911,800
58101,.,-1.910206,30.504669,.,20.6,21.8,19.3,2.5,1108,0,5615,158,1053,1911,800
58102,.,-1.910206,30.504669,.,20.6,21.8,19.3,2.5,1108,0,5615,158,1053,1911,800
58103,.,-1.910206,30.504669,.,20.6,21.8,19.3,2.5,1108,0,5615,158,1053,1911,800
58104,.,-1.910206,30.504669,.,20.6,21.8,19.3,2.5,1108,0,5615,158,1053,1911,800
58105,.,-1.910206,30.504669,.,20.6,21.8,19.3,2.5,1108,0,5615,158,1053,1911,800
58106,.,-1.910206,30.504669,.,20.6,21.8,19.3,2.5,1108,0,5615,158,1053,1911,800
58107,.,-1.910206,30.504669,.,20.6,21.8,19.3,2.5,1108,0,5615,158,1053,1911,800
58108,.,-1.910206,30.504669,.,20.6,21.8,19.3,2.5,1108,0,5615,158,1053,1911,800
58109,.,-1.910206,30.504669,.,20.6,21.8,19.3,2.5,1108,0,5615,158,1053,1911,800
58110,.,-1.910206,30.504669,.,20.6,21.8,19.3,2.5,1108,0,5615,158,1053,1911,800
58111,.,-1.910206,30.504669,.,20.6,21.8,19.3,2.5,1108,0,5615,158,1053,1911,800
58112,.,-1.910206,30.504669,.,20.6,21.8,19.3,2.5,1108,0,5615,158,1053,1911,800
58113,.,-1.910206,30.504669,.,20.6,21.8,19.3,2.5,1108,0,5615,158,1053,1911,800
58114,.,-1.910206,30.504669,.,20.6,21.8,19.3,2.5,1108,0,5615,158,1053,1911,800
58115,.,-1.910206,30.504669,.,20.6,21.8,19.3,2.5,1108,0,5615,158,1053,1911,800
58116,.,-1.910206,30.504669,.,20.6,21.8,19.3,2.5,1108,0,5615,158,1053,1911,800
58117,.,-1.910206,30.504669,.,20.6,21.8,19.3,2.5,1108,0,5615,158,1053,1911,800
58118,.,-2.059703,29.407312,.,19.4,21.2,18.5,2.7,1301,0,5192,261,744,1836,525
58119,.,-2.059703,29.407312,.,19.4,21.2,18.5,2.7,1301,0,5192,261,744,1836,525
58120,.,-2.059703,29.407312,.,19.4,21.2,18.5,2.7,1301,0,5192,261,744,1836,525
58121,.,-2.059703,29.407312,.,19.4,21.2,18.5,2.7,1301,0,5192,261,744,1836,525
58122,.,-2.059703,29.407312,.,19.4,21.2,18.5,2.7,1301,0,5192,261,744,1836,525
58123,.,-2.059703,29.407312,.,19.4,21.2,18.5,2.7,1301,0,5192,261,744,1836,525
58124,.,-2.059703,29.407312,.,19.4,21.2,18.5,2.7,1301,0,5192,261,744,1836,525
58125,.,-2.059703,29.407312,.,19.4,21.2,18.5,2.7,1301,0,5192,261,744,1836,525
58126,.,-2.059703,29.407312,.,19.4,21.2,18.5,2.7,1301,0,5192,261,744,1836,525
58127,.,-2.059703,29.407312,.,19.4,21.2,18.5,2.7,1301,0,5192,261,744,1836,525
58128,.,-2.059703,29.407312,.,19.4,21.2,18.5,2.7,1301,0,5192,261,744,1836,525
58129,.,-2.059703,29.407312,.,19.4,21.2,18.5,2.7,1301,0,5192,261,744,1836,525
58130,.,-2.059703,29.407312,.,19.4,21.2,18.5,2.7,1301,0,5192,261,744,1836,525
58131,.,-2.059703,29.407312,.,19.4,21.2,18.5,2.7,1301,0,5192,261,744,1836,525
58132,.,-2.059703,29.407312,.,19.4,21.2,18.5,2.7,1301,0,5192,261,744,1836,525
58133,.,-2.059703,29.407312,.,19.4,21.2,18.5,2.7,1301,0,5192,261,744,1836,525
58134,.,-2.059703,29.407312,.,19.4,21.2,18.5,2.7,1301,0,5192,261,744,1836,525
58135,.,-2.059703,29.407312,.,19.4,21.2,18.5,2.7,1301,0,5192,261,744,1836,525
58136,.,-2.059703,29.407312,.,19.4,21.2,18.5,2.7,1301,0,5192,261,744,1836,525
58137,.,-2.059703,29.407312,.,19.4,21.2,18.5,2.7,1301,0,5192,261,744,1836,525
58138,.,-2.059703,29.407312,.,19.4,21.2,18.5,2.7,1301,0,5192,261,744,1836,525
58139,.,-2.059703,29.407312,.,19.4,21.2,18.5,2.7,1301,0,5192,261,744,1836,525
58140,.,-2.059703,29.407312,.,19.4,21.2,18.5,2.7,1301,0,5192,261,744,1836,525
58141,.,-2.059703,29.407312,.,19.4,21.2,18.5,2.7,1301,0,5192,261,744,1836,525
58142,.,-2.059703,29.407312,.,19.4,21.2,18.5,2.7,1301,0,5192,261,744,1836,525
58143,.,-2.059703,29.407312,.,19.4,21.2,18.5,2.7,1301,0,5192,261,744,1836,525
58144,.,-2.059703,29.407312,.,19.4,21.2,18.5,2.7,1301,0,5192,261,744,1836,525
58145,.,-2.059703,29.407312,.,19.4,21.2,18.5,2.7,1301,0,5192,261,744,1836,525
58146,.,-2.059703,29.407312,.,19.4,21.2,18.5,2.7,1301,0,5192,261,744,1836,525
58147,.,-2.059703,29.407312,.,19.4,21.2,18.5,2.7,1301,0,5192,261,744,1836,525
58148,.,-2.059703,29.407312,.,19.4,21.2,18.5,2.7,1301,0,5192,261,744,1836,525
58149,.,-2.059703,29.407312,.,19.4,21.2,18.5,2.7,1301,0,5192,261,744,1836,525
58150,.,-2.059703,29.407312,.,19.4,21.2,18.5,2.7,1301,0,5192,261,744,1836,525
58151,.,-2.059703,29.407312,.,19.4,21.2,18.5,2.7,1301,0,5192,261,744,1836,525
58152,.,-2.059703,29.407312,.,19.4,21.2,18.5,2.7,1301,0,5192,261,744,1836,525
58153,.,-2.059703,29.407312,.,19.4,21.2,18.5,2.7,1301,0,5192,261,744,1836,525
58154,.,-2.059703,29.407312,.,19.4,21.2,18.5,2.7,1301,0,5192,261,744,1836,525
58155,.,-2.059703,29.407312,.,19.4,21.2,18.5,2.7,1301,0,5192,261,744,1836,525
58156,.,-2.059703,29.407312,.,19.4,21.2,18.5,2.7,1301,0,5192,261,744,1836,525
58157,.,-2.059703,29.407312,.,19.4,21.2,18.5,2.7,1301,0,5192,261,744,1836,525
58158,.,-2.059703,29.407312,.,19.4,21.2,18.5,2.7,1301,0,5192,261,744,1836,525
58159,.,-2.059703,29.407312,.,19.4,21.2,18.5,2.7,1301,0,5192,261,744,1836,525
58160,.,-2.059703,29.407312,.,19.4,21.2,18.5,2.7,1301,0,5192,261,744,1836,525
58161,.,-2.059703,29.407312,.,19.4,21.2,18.5,2.7,1301,0,5192,261,744,1836,525
58162,.,-2.059703,29.407312,.,19.4,21.2,18.5,2.7,1301,0,5192,261,744,1836,525
58163,.,-2.059703,29.407312,.,19.4,21.2,18.5,2.7,1301,0,5192,261,744,1836,525
58164,.,-2.059703,29.407312,.,19.4,21.2,18.5,2.7,1301,0,5192,261,744,1836,525
58165,.,-2.059703,29.407312,.,19.4,21.2,18.5,2.7,1301,0,5192,261,744,1836,525
61808,.,-1.5113,29.77043,.,18.5,19.9,17,2.9,1230,0,4865,377,540,1859,625
61809,.,-1.5113,29.77043,.,18.5,19.9,17,2.9,1230,0,4865,377,540,1859,625
61810,.,-1.5113,29.77043,.,18.5,19.9,17,2.9,1230,0,4865,377,540,1859,625
61811,.,-1.5113,29.77043,.,18.5,19.9,17,2.9,1230,0,4865,377,540,1859,625
61812,.,-1.5113,29.77043,.,18.5,19.9,17,2.9,1230,0,4865,377,540,1859,625
61813,.,-1.5113,29.77043,.,18.5,19.9,17,2.9,1230,0,4865,377,540,1859,625
61814,.,-1.5113,29.77043,.,18.5,19.9,17,2.9,1230,0,4865,377,540,1859,625
61815,.,-1.5113,29.77043,.,18.5,19.9,17,2.9,1230,0,4865,377,540,1859,625
61816,.,-1.5113,29.77043,.,18.5,19.9,17,2.9,1230,0,4865,377,540,1859,625
61817,.,-1.5113,29.77043,.,18.5,19.9,17,2.9,1230,0,4865,377,540,1859,625
61818,.,-1.5113,29.77043,.,18.5,19.9,17,2.9,1230,0,4865,377,540,1859,625
61819,.,-1.5113,29.77043,.,18.5,19.9,17,2.9,1230,0,4865,377,540,1859,625
61820,.,-1.5113,29.77043,.,18.5,19.9,17,2.9,1230,0,4865,377,540,1859,625
61821,.,-1.5113,29.77043,.,18.5,19.9,17,2.9,1230,0,4865,377,540,1859,625
61822,.,-1.5113,29.77043,.,18.5,19.9,17,2.9,1230,0,4865,377,540,1859,625
61823,.,-1.5113,29.77043,.,18.5,19.9,17,2.9,1230,0,4865,377,540,1859,625
61824,.,-1.5113,29.77043,.,18.5,19.9,17,2.9,1230,0,4865,377,540,1859,625
61825,.,-1.5113,29.77043,.,18.5,19.9,17,2.9,1230,0,4865,377,540,1859,625
61826,.,-1.5113,29.77043,.,18.5,19.9,17,2.9,1230,0,4865,377,540,1859,625
61827,.,-1.5113,29.77043,.,18.5,19.9,17,2.9,1230,0,4865,377,540,1859,625
61828,.,-1.5113,29.77043,.,18.5,19.9,17,2.9,1230,0,4865,377,540,1859,625
61829,.,-1.5113,29.77043,.,18.5,19.9,17,2.9,1230,0,4865,377,540,1859,625
61830,.,-1.5113,29.77043,.,18.5,19.9,17,2.9,1230,0,4865,377,540,1859,625
61831,.,-1.5113,29.77043,.,18.5,19.9,17,2.9,1230,0,4865,377,540,1859,625
61832,.,-1.5113,29.77043,.,18.5,19.9,17,2.9,1230,0,4865,377,540,1859,625
61833,.,-1.5113,29.77043,.,18.5,19.9,17,2.9,1230,0,4865,377,540,1859,625
61834,.,-1.5113,29.77043,.,18.5,19.9,17,2.9,1230,0,4865,377,540,1859,625
61835,.,-1.5113,29.77043,.,18.5,19.9,17,2.9,1230,0,4865,377,540,1859,625
61836,.,-1.5113,29.77043,.,18.5,19.9,17,2.9,1230,0,4865,377,540,1859,625
61837,.,-1.5113,29.77043,.,18.5,19.9,17,2.9,1230,0,4865,377,540,1859,625
61838,.,-1.5113,29.77043,.,18.5,19.9,17,2.9,1230,0,4865,377,540,1859,625
61839,.,-1.5113,29.77043,.,18.5,19.9,17,2.9,1230,0,4865,377,540,1859,625
61840,.,-1.5113,29.77043,.,18.5,19.9,17,2.9,1230,0,4865,377,540,1859,625
61841,.,-1.5113,29.77043,.,18.5,19.9,17,2.9,1230,0,4865,377,540,1859,625
61842,.,-1.5113,29.77043,.,18.5,19.9,17,2.9,1230,0,4865,377,540,1859,625
61843,.,-1.5113,29.77043,.,18.5,19.9,17,2.9,1230,0,4865,377,540,1859,625
61844,.,-1.5113,29.77043,.,18.5,19.9,17,2.9,1230,0,4865,377,540,1859,625
61845,.,-1.5113,29.77043,.,18.5,19.9,17,2.9,1230,0,4865,377,540,1859,625
61846,.,-1.5113,29.77043,.,18.5,19.9,17,2.9,1230,0,4865,377,540,1859,625
61847,.,-1.5113,29.77043,.,18.5,19.9,17,2.9,1230,0,4865,377,540,1859,625
61848,.,-1.5113,29.77043,.,18.5,19.9,17,2.9,1230,0,4865,377,540,1859,625
61849,.,-1.5113,29.77043,.,18.5,19.9,17,2.9,1230,0,4865,377,540,1859,625
61850,.,-1.5113,29.77043,.,18.5,19.9,17,2.9,1230,0,4865,377,540,1859,625
61851,.,-1.5113,29.77043,.,18.5,19.9,17,2.9,1230,0,4865,377,540,1859,625
61852,.,-2.705132,29.573206,.,18.7,20.2,17.5,2.7,1306,0,4925,361,581,1864,548
61853,.,-2.705132,29.573206,.,18.7,20.2,17.5,2.7,1306,0,4925,361,581,1864,548
61854,.,-2.705132,29.573206,.,18.7,20.2,17.5,2.7,1306,0,4925,361,581,1864,548
61855,.,-2.705132,29.573206,.,18.7,20.2,17.5,2.7,1306,0,4925,361,581,1864,548
61856,.,-2.705132,29.573206,.,18.7,20.2,17.5,2.7,1306,0,4925,361,581,1864,548
61857,.,-2.705132,29.573206,.,18.7,20.2,17.5,2.7,1306,0,4925,361,581,1864,548
61858,.,-2.705132,29.573206,.,18.7,20.2,17.5,2.7,1306,0,4925,361,581,1864,548
61859,.,-2.705132,29.573206,.,18.7,20.2,17.5,2.7,1306,0,4925,361,581,1864,548
61860,.,-2.705132,29.573206,.,18.7,20.2,17.5,2.7,1306,0,4925,361,581,1864,548
61861,.,-2.705132,29.573206,.,18.7,20.2,17.5,2.7,1306,0,4925,361,581,1864,548
61862,.,-2.705132,29.573206,.,18.7,20.2,17.5,2.7,1306,0,4925,361,581,1864,548
61863,.,-2.705132,29.573206,.,18.7,20.2,17.5,2.7,1306,0,4925,361,581,1864,548
61864,.,-2.705132,29.573206,.,18.7,20.2,17.5,2.7,1306,0,4925,361,581,1864,548
61865,.,-2.705132,29.573206,.,18.7,20.2,17.5,2.7,1306,0,4925,361,581,1864,548
61866,.,-2.705132,29.573206,.,18.7,20.2,17.5,2.7,1306,0,4925,361,581,1864,548
61867,.,-2.705132,29.573206,.,18.7,20.2,17.5,2.7,1306,0,4925,361,581,1864,548
61868,.,-2.705132,29.573206,.,18.7,20.2,17.5,2.7,1306,0,4925,361,581,1864,548
61869,.,-2.705132,29.573206,.,18.7,20.2,17.5,2.7,1306,0,4925,361,581,1864,548
61870,.,-2.705132,29.573206,.,18.7,20.2,17.5,2.7,1306,0,4925,361,581,1864,548
61871,.,-2.705132,29.573206,.,18.7,20.2,17.5,2.7,1306,0,4925,361,581,1864,548
61872,.,-2.705132,29.573206,.,18.7,20.2,17.5,2.7,1306,0,4925,361,581,1864,548
61873,.,-2.705132,29.573206,.,18.7,20.2,17.5,2.7,1306,0,4925,361,581,1864,548
61874,.,-2.705132,29.573206,.,18.7,20.2,17.5,2.7,1306,0,4925,361,581,1864,548
61875,.,-2.705132,29.573206,.,18.7,20.2,17.5,2.7,1306,0,4925,361,581,1864,548
61876,.,-2.705132,29.573206,.,18.7,20.2,17.5,2.7,1306,0,4925,361,581,1864,548
61877,.,-2.705132,29.573206,.,18.7,20.2,17.5,2.7,1306,0,4925,361,581,1864,548
61878,.,-2.705132,29.573206,.,18.7,20.2,17.5,2.7,1306,0,4925,361,581,1864,548
61879,.,-2.705132,29.573206,.,18.7,20.2,17.5,2.7,1306,0,4925,361,581,1864,548
61880,.,-2.705132,29.573206,.,18.7,20.2,17.5,2.7,1306,0,4925,361,581,1864,548
61881,.,-2.705132,29.573206,.,18.7,20.2,17.5,2.7,1306,0,4925,361,581,1864,548
61882,.,-2.705132,29.573206,.,18.7,20.2,17.5,2.7,1306,0,4925,361,581,1864,548
61883,.,-2.705132,29.573206,.,18.7,20.2,17.5,2.7,1306,0,4925,361,581,1864,548
61884,.,-2.705132,29.573206,.,18.7,20.2,17.5,2.7,1306,0,4925,361,581,1864,548
61885,.,-2.705132,29.573206,.,18.7,20.2,17.5,2.7,1306,0,4925,361,581,1864,548
61886,.,-2.705132,29.573206,.,18.7,20.2,17.5,2.7,1306,0,4925,361,581,1864,548
61887,.,-2.705132,29.573206,.,18.7,20.2,17.5,2.7,1306,0,4925,361,581,1864,548
61888,.,-2.705132,29.573206,.,18.7,20.2,17.5,2.7,1306,0,4925,361,581,1864,548
61889,.,-2.705132,29.573206,.,18.7,20.2,17.5,2.7,1306,0,4925,361,581,1864,548
61890,.,-2.705132,29.573206,.,18.7,20.2,17.5,2.7,1306,0,4925,361,581,1864,548
61891,.,-2.705132,29.573206,.,18.7,20.2,17.5,2.7,1306,0,4925,361,581,1864,548
61892,.,-2.705132,29.573206,.,18.7,20.2,17.5,2.7,1306,0,4925,361,581,1864,548
61893,.,-2.705132,29.573206,.,18.7,20.2,17.5,2.7,1306,0,4925,361,581,1864,548
61894,.,-2.705132,29.573206,.,18.7,20.2,17.5,2.7,1306,0,4925,361,581,1864,548
61895,.,-2.705132,29.573206,.,18.7,20.2,17.5,2.7,1306,0,4925,361,581,1864,548
61896,.,-2.705132,29.573206,.,18.7,20.2,17.5,2.7,1306,0,4925,361,581,1864,548
61897,.,-2.705132,29.573206,.,18.7,20.2,17.5,2.7,1306,0,4925,361,581,1864,548
61898,.,-2.705132,29.573206,.,18.7,20.2,17.5,2.7,1306,0,4925,361,581,1864,548
61899,.,-2.705132,29.573206,.,18.7,20.2,17.5,2.7,1306,0,4925,361,581,1864,548
61900,.,-2.705132,29.573206,.,18.7,20.2,17.5,2.7,1306,0,4925,361,581,1864,548
61901,.,-2.705132,29.573206,.,18.7,20.2,17.5,2.7,1306,0,4925,361,581,1864,548
61902,.,-2.705132,29.573206,.,18.7,20.2,17.5,2.7,1306,0,4925,361,581,1864,548
61903,.,-2.705132,29.573206,.,18.7,20.2,17.5,2.7,1306,0,4925,361,581,1864,548
61904,.,-2.705132,29.573206,.,18.7,20.2,17.5,2.7,1306,0,4925,361,581,1864,548
61905,.,-2.0356,29.52913,.,16.9,18.5,15.9,2.6,1440,0,4284,674,280,1743,395
61906,.,-2.0356,29.52913,.,16.9,18.5,15.9,2.6,1440,0,4284,674,280,1743,395
61907,.,-2.0356,29.52913,.,16.9,18.5,15.9,2.6,1440,0,4284,674,280,1743,395
61908,.,-2.0356,29.52913,.,16.9,18.5,15.9,2.6,1440,0,4284,674,280,1743,395
61909,.,-2.0356,29.52913,.,16.9,18.5,15.9,2.6,1440,0,4284,674,280,1743,395
61910,.,-2.0356,29.52913,.,16.9,18.5,15.9,2.6,1440,0,4284,674,280,1743,395
61911,.,-2.0356,29.52913,.,16.9,18.5,15.9,2.6,1440,0,4284,674,280,1743,395
61912,.,-2.0356,29.52913,.,16.9,18.5,15.9,2.6,1440,0,4284,674,280,1743,395
61913,.,-2.109804,29.459021,.,18,19.7,16.9,2.8,1350,0,4694,449,450,1787,446
61914,.,-2.109804,29.459021,.,18,19.7,16.9,2.8,1350,0,4694,449,450,1787,446
61915,.,-2.109804,29.459021,.,18,19.7,16.9,2.8,1350,0,4694,449,450,1787,446
61916,.,-2.109804,29.459021,.,18,19.7,16.9,2.8,1350,0,4694,449,450,1787,446
61917,.,-2.109804,29.459021,.,18,19.7,16.9,2.8,1350,0,4694,449,450,1787,446
61918,.,-1.940512,29.627638,.,19.1,20.3,18.1,2.2,1276,0,5071,295,658,1852,562
61919,.,-1.940512,29.627638,.,19.1,20.3,18.1,2.2,1276,0,5071,295,658,1852,562
61920,.,-1.940512,29.627638,.,19.1,20.3,18.1,2.2,1276,0,5071,295,658,1852,562
61921,.,-2.0356,29.52913,.,16.9,18.5,15.9,2.6,1440,0,4284,674,280,1743,395
61922,.,-2.0356,29.52913,.,16.9,18.5,15.9,2.6,1440,0,4284,674,280,1743,395
61923,.,-2.0356,29.52913,.,16.9,18.5,15.9,2.6,1440,0,4284,674,280,1743,395
61924,.,-2.0356,29.52913,.,16.9,18.5,15.9,2.6,1440,0,4284,674,280,1743,395
61925,.,-2.0356,29.52913,.,16.9,18.5,15.9,2.6,1440,0,4284,674,280,1743,395
61926,.,-2.109804,29.459021,.,18,19.7,16.9,2.8,1350,0,4694,449,450,1787,446
61927,.,-2.109804,29.459021,.,18,19.7,16.9,2.8,1350,0,4694,449,450,1787,446
61928,.,-2.109804,29.459021,.,18,19.7,16.9,2.8,1350,0,4694,449,450,1787,446
61929,.,-2.109804,29.459021,.,18,19.7,16.9,2.8,1350,0,4694,449,450,1787,446
61930,.,-2.109804,29.459021,.,18,19.7,16.9,2.8,1350,0,4694,449,450,1787,446
61931,.,-2.109804,29.459021,.,18,19.7,16.9,2.8,1350,0,4694,449,450,1787,446
61932,.,-1.940512,29.627638,.,19.1,20.3,18.1,2.2,1276,0,5071,295,658,1852,562
61933,.,-1.940512,29.627638,.,19.1,20.3,18.1,2.2,1276,0,5071,295,658,1852,562
61934,.,-1.940512,29.627638,.,19.1,20.3,18.1,2.2,1276,0,5071,295,658,1852,562
61935,.,-1.940512,29.627638,.,19.1,20.3,18.1,2.2,1276,0,5071,295,658,1852,562
61936,.,-2.4189,29.21439,.,17.9,19.8,16.5,3.3,1447,0,4650,480,435,1761,366
61937,.,-2.4189,29.21439,.,17.9,19.8,16.5,3.3,1447,0,4650,480,435,1761,366
61938,.,-2.4189,29.21439,.,17.9,19.8,16.5,3.3,1447,0,4650,480,435,1761,366
61939,.,-2.4189,29.21439,.,17.9,19.8,16.5,3.3,1447,0,4650,480,435,1761,366
61940,.,-2.4189,29.21439,.,17.9,19.8,16.5,3.3,1447,0,4650,480,435,1761,366
61941,.,-1.940512,29.627638,.,19.1,20.3,18.1,2.2,1276,0,5071,295,658,1852,562
61942,.,-1.940512,29.627638,.,19.1,20.3,18.1,2.2,1276,0,5071,295,658,1852,562
61943,.,-1.940512,29.627638,.,19.1,20.3,18.1,2.2,1276,0,5071,295,658,1852,562
61944,.,-1.940512,29.627638,.,19.1,20.3,18.1,2.2,1276,0,5071,295,658,1852,562
61945,.,-2.4189,29.21439,.,17.9,19.8,16.5,3.3,1447,0,4650,480,435,1761,366
61946,.,-2.4189,29.21439,.,17.9,19.8,16.5,3.3,1447,0,4650,480,435,1761,366
61947,.,-2.4189,29.21439,.,17.9,19.8,16.5,3.3,1447,0,4650,480,435,1761,366
61948,.,-2.4189,29.21439,.,17.9,19.8,16.5,3.3,1447,0,4650,480,435,1761,366
61949,.,-2.4189,29.21439,.,17.9,19.8,16.5,3.3,1447,0,4650,480,435,1761,366
61950,.,-2.109804,29.459021,.,18,19.7,16.9,2.8,1350,0,4694,449,450,1787,446
61951,.,-2.109804,29.459021,.,18,19.7,16.9,2.8,1350,0,4694,449,450,1787,446
61952,.,-2.109804,29.459021,.,18,19.7,16.9,2.8,1350,0,4694,449,450,1787,446
61953,.,-2.109804,29.459021,.,18,19.7,16.9,2.8,1350,0,4694,449,450,1787,446
61954,.,-2.109804,29.459021,.,18,19.7,16.9,2.8,1350,0,4694,449,450,1787,446
61955,.,-2.109804,29.459021,.,18,19.7,16.9,2.8,1350,0,4694,449,450,1787,446
61956,.,-2.4189,29.21439,.,17.9,19.8,16.5,3.3,1447,0,4650,480,435,1761,366
61957,.,-2.4189,29.21439,.,17.9,19.8,16.5,3.3,1447,0,4650,480,435,1761,366
61958,.,-2.4189,29.21439,.,17.9,19.8,16.5,3.3,1447,0,4650,480,435,1761,366
61959,.,-2.4189,29.21439,.,17.9,19.8,16.5,3.3,1447,0,4650,480,435,1761,366
61960,.,-2.4189,29.21439,.,17.9,19.8,16.5,3.3,1447,0,4650,480,435,1761,366
61961,.,-2.4189,29.21439,.,17.9,19.8,16.5,3.3,1447,0,4650,480,435,1761,366
61962,.,-2.4189,29.21439,.,17.9,19.8,16.5,3.3,1447,0,4650,480,435,1761,366
61963,.,-2.4189,29.21439,.,17.9,19.8,16.5,3.3,1447,0,4650,480,435,1761,366
61964,.,-2.4189,29.21439,.,17.9,19.8,16.5,3.3,1447,0,4650,480,435,1761,366
61965,.,-2.4189,29.21439,.,17.9,19.8,16.5,3.3,1447,0,4650,480,435,1761,366
61966,.,-2.109804,29.459021,.,18,19.7,16.9,2.8,1350,0,4694,449,450,1787,446
61967,.,-2.109804,29.459021,.,18,19.7,16.9,2.8,1350,0,4694,449,450,1787,446
61968,.,-2.109804,29.459021,.,18,19.7,16.9,2.8,1350,0,4694,449,450,1787,446
61969,.,-2.109804,29.459021,.,18,19.7,16.9,2.8,1350,0,4694,449,450,1787,446
61970,.,-2.4189,29.21439,.,17.9,19.8,16.5,3.3,1447,0,4650,480,435,1761,366
61971,.,-2.4189,29.21439,.,17.9,19.8,16.5,3.3,1447,0,4650,480,435,1761,366
61972,.,-2.4189,29.21439,.,17.9,19.8,16.5,3.3,1447,0,4650,480,435,1761,366
61973,.,-2.4189,29.21439,.,17.9,19.8,16.5,3.3,1447,0,4650,480,435,1761,366
61974,.,-2.4189,29.21439,.,17.9,19.8,16.5,3.3,1447,0,4650,480,435,1761,366
61975,.,-2.4189,29.21439,.,17.9,19.8,16.5,3.3,1447,0,4650,480,435,1761,366
61976,.,-2.0356,29.52913,.,16.9,18.5,15.9,2.6,1440,0,4284,674,280,1743,395
61977,.,-2.0356,29.52913,.,16.9,18.5,15.9,2.6,1440,0,4284,674,280,1743,395
61978,.,-2.0356,29.52913,.,16.9,18.5,15.9,2.6,1440,0,4284,674,280,1743,395
61979,.,-2.0356,29.52913,.,16.9,18.5,15.9,2.6,1440,0,4284,674,280,1743,395
61980,.,-2.0356,29.52913,.,16.9,18.5,15.9,2.6,1440,0,4284,674,280,1743,395
61981,.,-2.0356,29.52913,.,16.9,18.5,15.9,2.6,1440,0,4284,674,280,1743,395
61982,.,-2.0356,29.52913,.,16.9,18.5,15.9,2.6,1440,0,4284,674,280,1743,395
61983,.,-2.0356,29.52913,.,16.9,18.5,15.9,2.6,1440,0,4284,674,280,1743,395
61984,.,-2.49579,29.49569,.,17.5,19,16.2,2.9,1364,0,4500,556,366,1785,448
61985,.,-2.49579,29.49569,.,17.5,19,16.2,2.9,1364,0,4500,556,366,1785,448
61986,.,-2.49579,29.49569,.,17.5,19,16.2,2.9,1364,0,4500,556,366,1785,448
61987,.,-2.49579,29.49569,.,17.5,19,16.2,2.9,1364,0,4500,556,366,1785,448
61988,.,-2.0356,29.52913,.,16.9,18.5,15.9,2.6,1440,0,4284,674,280,1743,395
61989,.,-2.0356,29.52913,.,16.9,18.5,15.9,2.6,1440,0,4284,674,280,1743,395
61990,.,-2.0356,29.52913,.,16.9,18.5,15.9,2.6,1440,0,4284,674,280,1743,395
61991,.,-2.0356,29.52913,.,16.9,18.5,15.9,2.6,1440,0,4284,674,280,1743,395
61992,.,-2.0356,29.52913,.,16.9,18.5,15.9,2.6,1440,0,4284,674,280,1743,395
61993,.,-2.49579,29.49569,.,17.5,19,16.2,2.9,1364,0,4500,556,366,1785,448
61994,.,-2.4189,29.21439,.,17.9,19.8,16.5,3.3,1447,0,4650,480,435,1761,366
61995,.,-2.4189,29.21439,.,17.9,19.8,16.5,3.3,1447,0,4650,480,435,1761,366
61996,.,-2.4189,29.21439,.,17.9,19.8,16.5,3.3,1447,0,4650,480,435,1761,366
61997,.,-2.4189,29.21439,.,17.9,19.8,16.5,3.3,1447,0,4650,480,435,1761,366
61998,.,-2.4189,29.21439,.,17.9,19.8,16.5,3.3,1447,0,4650,480,435,1761,366
61999,.,-2.4189,29.21439,.,17.9,19.8,16.5,3.3,1447,0,4650,480,435,1761,366
62000,.,-2.109804,29.459021,.,18,19.7,16.9,2.8,1350,0,4694,449,450,1787,446
62001,.,-2.109804,29.459021,.,18,19.7,16.9,2.8,1350,0,4694,449,450,1787,446
62002,.,-2.109804,29.459021,.,18,19.7,16.9,2.8,1350,0,4694,449,450,1787,446
62003,.,-2.0356,29.52913,.,16.9,18.5,15.9,2.6,1440,0,4284,674,280,1743,395
62004,.,-2.0356,29.52913,.,16.9,18.5,15.9,2.6,1440,0,4284,674,280,1743,395
62005,.,-2.0356,29.52913,.,16.9,18.5,15.9,2.6,1440,0,4284,674,280,1743,395
62006,.,-2.0356,29.52913,.,16.9,18.5,15.9,2.6,1440,0,4284,674,280,1743,395
62007,.,-2.0356,29.52913,.,16.9,18.5,15.9,2.6,1440,0,4284,674,280,1743,395
62008,.,-2.0356,29.52913,.,16.9,18.5,15.9,2.6,1440,0,4284,674,280,1743,395
62009,.,-2.0356,29.52913,.,16.9,18.5,15.9,2.6,1440,0,4284,674,280,1743,395
62010,.,-2.0356,29.52913,.,16.9,18.5,15.9,2.6,1440,0,4284,674,280,1743,395
62011,.,-1.940512,29.627638,.,19.1,20.3,18.1,2.2,1276,0,5071,295,658,1852,562
62012,.,-1.940512,29.627638,.,19.1,20.3,18.1,2.2,1276,0,5071,295,658,1852,562
62013,.,-1.940512,29.627638,.,19.1,20.3,18.1,2.2,1276,0,5071,295,658,1852,562
62014,.,-1.940512,29.627638,.,19.1,20.3,18.1,2.2,1276,0,5071,295,658,1852,562
62015,.,-2.109804,29.459021,.,18,19.7,16.9,2.8,1350,0,4694,449,450,1787,446
62016,.,-2.109804,29.459021,.,18,19.7,16.9,2.8,1350,0,4694,449,450,1787,446
62017,.,-2.4189,29.21439,.,17.9,19.8,16.5,3.3,1447,0,4650,480,435,1761,366
62018,.,-2.4189,29.21439,.,17.9,19.8,16.5,3.3,1447,0,4650,480,435,1761,366
62019,.,-2.4189,29.21439,.,17.9,19.8,16.5,3.3,1447,0,4650,480,435,1761,366
62020,.,-2.4189,29.21439,.,17.9,19.8,16.5,3.3,1447,0,4650,480,435,1761,366
62021,.,-2.4189,29.21439,.,17.9,19.8,16.5,3.3,1447,0,4650,480,435,1761,366
62022,.,-2.4189,29.21439,.,17.9,19.8,16.5,3.3,1447,0,4650,480,435,1761,366
62023,.,-2.4189,29.21439,.,17.9,19.8,16.5,3.3,1447,0,4650,480,435,1761,366
62024,.,-2.4189,29.21439,.,17.9,19.8,16.5,3.3,1447,0,4650,480,435,1761,366
62025,.,-2.0356,29.52913,.,16.9,18.5,15.9,2.6,1440,0,4284,674,280,1743,395
62026,.,-2.0356,29.52913,.,16.9,18.5,15.9,2.6,1440,0,4284,674,280,1743,395
62027,.,-2.0356,29.52913,.,16.9,18.5,15.9,2.6,1440,0,4284,674,280,1743,395
62028,.,-2.0356,29.52913,.,16.9,18.5,15.9,2.6,1440,0,4284,674,280,1743,395
62029,.,-2.0356,29.52913,.,16.9,18.5,15.9,2.6,1440,0,4284,674,280,1743,395
62030,.,-2.49579,29.49569,.,17.5,19,16.2,2.9,1364,0,4500,556,366,1785,448
62031,.,-2.49579,29.49569,.,17.5,19,16.2,2.9,1364,0,4500,556,366,1785,448
62032,.,-2.49579,29.49569,.,17.5,19,16.2,2.9,1364,0,4500,556,366,1785,448
62033,.,-2.49579,29.49569,.,17.5,19,16.2,2.9,1364,0,4500,556,366,1785,448
62034,.,-2.49579,29.49569,.,17.5,19,16.2,2.9,1364,0,4500,556,366,1785,448
62035,.,-2.49579,29.49569,.,17.5,19,16.2,2.9,1364,0,4500,556,366,1785,448
62036,.,-2.49579,29.49569,.,17.5,19,16.2,2.9,1364,0,4500,556,366,1785,448
62037,.,-2.49579,29.49569,.,17.5,19,16.2,2.9,1364,0,4500,556,366,1785,448
62038,.,-2.49579,29.49569,.,17.5,19,16.2,2.9,1364,0,4500,556,366,1785,448
62039,.,-2.49579,29.49569,.,17.5,19,16.2,2.9,1364,0,4500,556,366,1785,448
62040,.,-1.940512,29.627638,.,19.1,20.3,18.1,2.2,1276,0,5071,295,658,1852,562
62041,.,-1.940512,29.627638,.,19.1,20.3,18.1,2.2,1276,0,5071,295,658,1852,562
62042,.,-1.940512,29.627638,.,19.1,20.3,18.1,2.2,1276,0,5071,295,658,1852,562
62043,.,-2.4189,29.21439,.,17.9,19.8,16.5,3.3,1447,0,4650,480,435,1761,366
62044,.,-2.4189,29.21439,.,17.9,19.8,16.5,3.3,1447,0,4650,480,435,1761,366
62045,.,-2.4189,29.21439,.,17.9,19.8,16.5,3.3,1447,0,4650,480,435,1761,366
62046,.,-2.4189,29.21439,.,17.9,19.8,16.5,3.3,1447,0,4650,480,435,1761,366
62047,.,-2.4189,29.21439,.,17.9,19.8,16.5,3.3,1447,0,4650,480,435,1761,366
62048,.,-2.4189,29.21439,.,17.9,19.8,16.5,3.3,1447,0,4650,480,435,1761,366
62049,.,-2.4189,29.21439,.,17.9,19.8,16.5,3.3,1447,0,4650,480,435,1761,366
62050,.,-2.4189,29.21439,.,17.9,19.8,16.5,3.3,1447,0,4650,480,435,1761,366
62051,.,-2.4189,29.21439,.,17.9,19.8,16.5,3.3,1447,0,4650,480,435,1761,366
62052,.,-2.4189,29.21439,.,17.9,19.8,16.5,3.3,1447,0,4650,480,435,1761,366
62053,.,-1.940512,29.627638,.,19.1,20.3,18.1,2.2,1276,0,5071,295,658,1852,562
62054,.,-1.940512,29.627638,.,19.1,20.3,18.1,2.2,1276,0,5071,295,658,1852,562
62055,.,-1.940512,29.627638,.,19.1,20.3,18.1,2.2,1276,0,5071,295,658,1852,562
62056,.,-2.0356,29.52913,.,16.9,18.5,15.9,2.6,1440,0,4284,674,280,1743,395
62057,.,-2.0356,29.52913,.,16.9,18.5,15.9,2.6,1440,0,4284,674,280,1743,395
62058,.,-2.0356,29.52913,.,16.9,18.5,15.9,2.6,1440,0,4284,674,280,1743,395
62059,.,-2.0356,29.52913,.,16.9,18.5,15.9,2.6,1440,0,4284,674,280,1743,395
62060,.,-2.0356,29.52913,.,16.9,18.5,15.9,2.6,1440,0,4284,674,280,1743,395
62061,.,-2.49579,29.49569,.,17.5,19,16.2,2.9,1364,0,4500,556,366,1785,448
62062,.,-2.49579,29.49569,.,17.5,19,16.2,2.9,1364,0,4500,556,366,1785,448
62063,.,-2.49579,29.49569,.,17.5,19,16.2,2.9,1364,0,4500,556,366,1785,448
62064,.,-2.49579,29.49569,.,17.5,19,16.2,2.9,1364,0,4500,556,366,1785,448
62065,.,-2.49579,29.49569,.,17.5,19,16.2,2.9,1364,0,4500,556,366,1785,448
62066,.,-2.49579,29.49569,.,17.5,19,16.2,2.9,1364,0,4500,556,366,1785,448
62067,.,-2.49579,29.49569,.,17.5,19,16.2,2.9,1364,0,4500,556,366,1785,448
62068,.,-2.49579,29.49569,.,17.5,19,16.2,2.9,1364,0,4500,556,366,1785,448
62069,.,-2.49579,29.49569,.,17.5,19,16.2,2.9,1364,0,4500,556,366,1785,448
62070,.,-2.49579,29.49569,.,17.5,19,16.2,2.9,1364,0,4500,556,366,1785,448
62071,.,-2.49579,29.49569,.,17.5,19,16.2,2.9,1364,0,4500,556,366,1785,448
62072,.,-2.49579,29.49569,.,17.5,19,16.2,2.9,1364,0,4500,556,366,1785,448
62073,.,-2.49579,29.49569,.,17.5,19,16.2,2.9,1364,0,4500,556,366,1785,448
62074,.,-2.49579,29.49569,.,17.5,19,16.2,2.9,1364,0,4500,556,366,1785,448
62075,.,-2.49579,29.49569,.,17.5,19,16.2,2.9,1364,0,4500,556,366,1785,448
62076,.,-2.49579,29.49569,.,17.5,19,16.2,2.9,1364,0,4500,556,366,1785,448
62077,.,-2.4189,29.21439,.,17.9,19.8,16.5,3.3,1447,0,4650,480,435,1761,366
62078,.,-2.4189,29.21439,.,17.9,19.8,16.5,3.3,1447,0,4650,480,435,1761,366
62079,.,-2.4189,29.21439,.,17.9,19.8,16.5,3.3,1447,0,4650,480,435,1761,366
62080,.,-2.4189,29.21439,.,17.9,19.8,16.5,3.3,1447,0,4650,480,435,1761,366
62081,.,-2.4189,29.21439,.,17.9,19.8,16.5,3.3,1447,0,4650,480,435,1761,366
62082,.,-2.4189,29.21439,.,17.9,19.8,16.5,3.3,1447,0,4650,480,435,1761,366
62083,.,-2.49579,29.49569,.,17.5,19,16.2,2.9,1364,0,4500,556,366,1785,448
62084,.,-2.49579,29.49569,.,17.5,19,16.2,2.9,1364,0,4500,556,366,1785,448
62085,.,-2.49579,29.49569,.,17.5,19,16.2,2.9,1364,0,4500,556,366,1785,448
62086,.,-2.49579,29.49569,.,17.5,19,16.2,2.9,1364,0,4500,556,366,1785,448
62087,.,-2.49579,29.49569,.,17.5,19,16.2,2.9,1364,0,4500,556,366,1785,448
62088,.,-2.49579,29.49569,.,17.5,19,16.2,2.9,1364,0,4500,556,366,1785,448
62089,.,-2.109804,29.459021,.,18,19.7,16.9,2.8,1350,0,4694,449,450,1787,446
62090,.,-2.109804,29.459021,.,18,19.7,16.9,2.8,1350,0,4694,449,450,1787,446
62091,.,-2.109804,29.459021,.,18,19.7,16.9,2.8,1350,0,4694,449,450,1787,446
62092,.,-2.109804,29.459021,.,18,19.7,16.9,2.8,1350,0,4694,449,450,1787,446
62093,.,-2.109804,29.459021,.,18,19.7,16.9,2.8,1350,0,4694,449,450,1787,446
62094,.,-2.49579,29.49569,.,17.5,19,16.2,2.9,1364,0,4500,556,366,1785,448
62095,.,-2.49579,29.49569,.,17.5,19,16.2,2.9,1364,0,4500,556,366,1785,448
62096,.,-2.49579,29.49569,.,17.5,19,16.2,2.9,1364,0,4500,556,366,1785,448
62097,.,-2.49579,29.49569,.,17.5,19,16.2,2.9,1364,0,4500,556,366,1785,448
62098,.,-2.49579,29.49569,.,17.5,19,16.2,2.9,1364,0,4500,556,366,1785,448
62099,.,-2.49579,29.49569,.,17.5,19,16.2,2.9,1364,0,4500,556,366,1785,448
62100,.,-2.0356,29.52913,.,16.9,18.5,15.9,2.6,1440,0,4284,674,280,1743,395
62101,.,-2.0356,29.52913,.,16.9,18.5,15.9,2.6,1440,0,4284,674,280,1743,395
62102,.,-2.0356,29.52913,.,16.9,18.5,15.9,2.6,1440,0,4284,674,280,1743,395
62103,.,-2.0356,29.52913,.,16.9,18.5,15.9,2.6,1440,0,4284,674,280,1743,395
62104,.,-2.0356,29.52913,.,16.9,18.5,15.9,2.6,1440,0,4284,674,280,1743,395
62105,.,-2.0356,29.52913,.,16.9,18.5,15.9,2.6,1440,0,4284,674,280,1743,395
62106,.,-2.0356,29.52913,.,16.9,18.5,15.9,2.6,1440,0,4284,674,280,1743,395
62107,.,-2.0356,29.52913,.,16.9,18.5,15.9,2.6,1440,0,4284,674,280,1743,395
62108,.,-1.940512,29.627638,.,19.1,20.3,18.1,2.2,1276,0,5071,295,658,1852,562
62109,.,-1.940512,29.627638,.,19.1,20.3,18.1,2.2,1276,0,5071,295,658,1852,562
62110,.,-2.49579,29.49569,.,17.5,19,16.2,2.9,1364,0,4500,556,366,1785,448
62111,.,-2.49579,29.49569,.,17.5,19,16.2,2.9,1364,0,4500,556,366,1785,448
62112,.,-2.49579,29.49569,.,17.5,19,16.2,2.9,1364,0,4500,556,366,1785,448
62113,.,-2.49579,29.49569,.,17.5,19,16.2,2.9,1364,0,4500,556,366,1785,448
62114,.,-2.49579,29.49569,.,17.5,19,16.2,2.9,1364,0,4500,556,366,1785,448
62115,.,-1.940512,29.627638,.,19.1,20.3,18.1,2.2,1276,0,5071,295,658,1852,562
62116,.,-1.940512,29.627638,.,19.1,20.3,18.1,2.2,1276,0,5071,295,658,1852,562
62117,.,-1.940512,29.627638,.,19.1,20.3,18.1,2.2,1276,0,5071,295,658,1852,562
62118,.,-2.4189,29.21439,.,17.9,19.8,16.5,3.3,1447,0,4650,480,435,1761,366
62119,.,-2.4189,29.21439,.,17.9,19.8,16.5,3.3,1447,0,4650,480,435,1761,366
62120,.,-2.4189,29.21439,.,17.9,19.8,16.5,3.3,1447,0,4650,480,435,1761,366
62121,.,-2.4189,29.21439,.,17.9,19.8,16.5,3.3,1447,0,4650,480,435,1761,366
62122,.,-2.4189,29.21439,.,17.9,19.8,16.5,3.3,1447,0,4650,480,435,1761,366
62123,.,-2.49579,29.49569,.,17.5,19,16.2,2.9,1364,0,4500,556,366,1785,448
62124,.,-2.49579,29.49569,.,17.5,19,16.2,2.9,1364,0,4500,556,366,1785,448
62125,.,-2.49579,29.49569,.,17.5,19,16.2,2.9,1364,0,4500,556,366,1785,448
62126,.,-2.49579,29.49569,.,17.5,19,16.2,2.9,1364,0,4500,556,366,1785,448
62127,.,-2.4189,29.21439,.,17.9,19.8,16.5,3.3,1447,0,4650,480,435,1761,366
62128,.,-2.4189,29.21439,.,17.9,19.8,16.5,3.3,1447,0,4650,480,435,1761,366
62129,.,-2.4189,29.21439,.,17.9,19.8,16.5,3.3,1447,0,4650,480,435,1761,366
62130,.,-2.4189,29.21439,.,17.9,19.8,16.5,3.3,1447,0,4650,480,435,1761,366
62131,.,-2.4189,29.21439,.,17.9,19.8,16.5,3.3,1447,0,4650,480,435,1761,366
62132,.,-2.4189,29.21439,.,17.9,19.8,16.5,3.3,1447,0,4650,480,435,1761,366
62133,.,-2.4189,29.21439,.,17.9,19.8,16.5,3.3,1447,0,4650,480,435,1761,366
62134,.,-2.4189,29.21439,.,17.9,19.8,16.5,3.3,1447,0,4650,480,435,1761,366
62135,.,-2.4189,29.21439,.,17.9,19.8,16.5,3.3,1447,0,4650,480,435,1761,366
62136,.,-2.4189,29.21439,.,17.9,19.8,16.5,3.3,1447,0,4650,480,435,1761,366
62137,.,-2.4189,29.21439,.,17.9,19.8,16.5,3.3,1447,0,4650,480,435,1761,366
62138,.,-2.4189,29.21439,.,17.9,19.8,16.5,3.3,1447,0,4650,480,435,1761,366
62139,.,-2.4189,29.21439,.,17.9,19.8,16.5,3.3,1447,0,4650,480,435,1761,366
62140,.,-2.4189,29.21439,.,17.9,19.8,16.5,3.3,1447,0,4650,480,435,1761,366
62141,.,-2.4189,29.21439,.,17.9,19.8,16.5,3.3,1447,0,4650,480,435,1761,366
62142,.,-2.4189,29.21439,.,17.9,19.8,16.5,3.3,1447,0,4650,480,435,1761,366
62143,.,-2.4189,29.21439,.,17.9,19.8,16.5,3.3,1447,0,4650,480,435,1761,366
62144,.,-2.4189,29.21439,.,17.9,19.8,16.5,3.3,1447,0,4650,480,435,1761,366
62145,.,-1.940512,29.627638,.,19.1,20.3,18.1,2.2,1276,0,5071,295,658,1852,562
62146,.,-1.940512,29.627638,.,19.1,20.3,18.1,2.2,1276,0,5071,295,658,1852,562
62147,.,-1.940512,29.627638,.,19.1,20.3,18.1,2.2,1276,0,5071,295,658,1852,562
62148,.,-1.940512,29.627638,.,19.1,20.3,18.1,2.2,1276,0,5071,295,658,1852,562
62149,.,-1.940512,29.627638,.,19.1,20.3,18.1,2.2,1276,0,5071,295,658,1852,562
62150,.,-1.940512,29.627638,.,19.1,20.3,18.1,2.2,1276,0,5071,295,658,1852,562
62151,.,-1.940512,29.627638,.,19.1,20.3,18.1,2.2,1276,0,5071,295,658,1852,562
62152,.,-1.940512,29.627638,.,19.1,20.3,18.1,2.2,1276,0,5071,295,658,1852,562
62153,.,-1.940512,29.627638,.,19.1,20.3,18.1,2.2,1276,0,5071,295,658,1852,562
62154,.,-2.109804,29.459021,.,18,19.7,16.9,2.8,1350,0,4694,449,450,1787,446
62155,.,-2.109804,29.459021,.,18,19.7,16.9,2.8,1350,0,4694,449,450,1787,446
62156,.,-2.109804,29.459021,.,18,19.7,16.9,2.8,1350,0,4694,449,450,1787,446
62157,.,-2.109804,29.459021,.,18,19.7,16.9,2.8,1350,0,4694,449,450,1787,446
62158,.,-2.109804,29.459021,.,18,19.7,16.9,2.8,1350,0,4694,449,450,1787,446
62159,.,-2.109804,29.459021,.,18,19.7,16.9,2.8,1350,0,4694,449,450,1787,446
62160,.,-2.109804,29.459021,.,18,19.7,16.9,2.8,1350,0,4694,449,450,1787,446
62161,.,-2.109804,29.459021,.,18,19.7,16.9,2.8,1350,0,4694,449,450,1787,446
62162,.,-2.109804,29.459021,.,18,19.7,16.9,2.8,1350,0,4694,449,450,1787,446
62163,.,-2.109804,29.459021,.,18,19.7,16.9,2.8,1350,0,4694,449,450,1787,446
62164,.,-2.4189,29.21439,.,17.9,19.8,16.5,3.3,1447,0,4650,480,435,1761,366
62165,.,-2.4189,29.21439,.,17.9,19.8,16.5,3.3,1447,0,4650,480,435,1761,366
62166,.,-2.4189,29.21439,.,17.9,19.8,16.5,3.3,1447,0,4650,480,435,1761,366
62167,.,-2.4189,29.21439,.,17.9,19.8,16.5,3.3,1447,0,4650,480,435,1761,366
62168,.,-2.4189,29.21439,.,17.9,19.8,16.5,3.3,1447,0,4650,480,435,1761,366
62169,.,-2.4189,29.21439,.,17.9,19.8,16.5,3.3,1447,0,4650,480,435,1761,366
62170,.,-2.49579,29.49569,.,17.5,19,16.2,2.9,1364,0,4500,556,366,1785,448
62171,.,-2.49579,29.49569,.,17.5,19,16.2,2.9,1364,0,4500,556,366,1785,448
62172,.,-2.49579,29.49569,.,17.5,19,16.2,2.9,1364,0,4500,556,366,1785,448
62173,.,-2.49579,29.49569,.,17.5,19,16.2,2.9,1364,0,4500,556,366,1785,448
62174,.,-2.49579,29.49569,.,17.5,19,16.2,2.9,1364,0,4500,556,366,1785,448
62175,.,-2.49579,29.49569,.,17.5,19,16.2,2.9,1364,0,4500,556,366,1785,448
62176,.,-2.49579,29.49569,.,17.5,19,16.2,2.9,1364,0,4500,556,366,1785,448
62177,.,-2.49579,29.49569,.,17.5,19,16.2,2.9,1364,0,4500,556,366,1785,448
62178,.,-2.49579,29.49569,.,17.5,19,16.2,2.9,1364,0,4500,556,366,1785,448
62179,.,-2.109804,29.459021,.,18,19.7,16.9,2.8,1350,0,4694,449,450,1787,446
62180,.,-2.109804,29.459021,.,18,19.7,16.9,2.8,1350,0,4694,449,450,1787,446
62181,.,-2.109804,29.459021,.,18,19.7,16.9,2.8,1350,0,4694,449,450,1787,446
62182,.,-2.109804,29.459021,.,18,19.7,16.9,2.8,1350,0,4694,449,450,1787,446
62183,.,-2.109804,29.459021,.,18,19.7,16.9,2.8,1350,0,4694,449,450,1787,446
62184,.,-2.109804,29.459021,.,18,19.7,16.9,2.8,1350,0,4694,449,450,1787,446
62185,.,-2.109804,29.459021,.,18,19.7,16.9,2.8,1350,0,4694,449,450,1787,446
62186,.,-2.109804,29.459021,.,18,19.7,16.9,2.8,1350,0,4694,449,450,1787,446
62187,.,-2.109804,29.459021,.,18,19.7,16.9,2.8,1350,0,4694,449,450,1787,446
62188,.,-2.4189,29.21439,.,17.9,19.8,16.5,3.3,1447,0,4650,480,435,1761,366
62189,.,-2.4189,29.21439,.,17.9,19.8,16.5,3.3,1447,0,4650,480,435,1761,366
62190,.,-2.4189,29.21439,.,17.9,19.8,16.5,3.3,1447,0,4650,480,435,1761,366
62191,.,-2.4189,29.21439,.,17.9,19.8,16.5,3.3,1447,0,4650,480,435,1761,366
62192,.,-2.4189,29.21439,.,17.9,19.8,16.5,3.3,1447,0,4650,480,435,1761,366
62193,.,-2.4189,29.21439,.,17.9,19.8,16.5,3.3,1447,0,4650,480,435,1761,366
62194,.,-2.49579,29.49569,.,17.5,19,16.2,2.9,1364,0,4500,556,366,1785,448
62195,.,-2.49579,29.49569,.,17.5,19,16.2,2.9,1364,0,4500,556,366,1785,448
62196,.,-2.49579,29.49569,.,17.5,19,16.2,2.9,1364,0,4500,556,366,1785,448
62197,.,-2.49579,29.49569,.,17.5,19,16.2,2.9,1364,0,4500,556,366,1785,448
62198,.,-2.49579,29.49569,.,17.5,19,16.2,2.9,1364,0,4500,556,366,1785,448
62199,.,-2.49579,29.49569,.,17.5,19,16.2,2.9,1364,0,4500,556,366,1785,448
62200,.,-1.940512,29.627638,.,19.1,20.3,18.1,2.2,1276,0,5071,295,658,1852,562
62201,.,-1.940512,29.627638,.,19.1,20.3,18.1,2.2,1276,0,5071,295,658,1852,562
62202,.,-1.940512,29.627638,.,19.1,20.3,18.1,2.2,1276,0,5071,295,658,1852,562
62203,.,-1.940512,29.627638,.,19.1,20.3,18.1,2.2,1276,0,5071,295,658,1852,562
62204,.,-1.940512,29.627638,.,19.1,20.3,18.1,2.2,1276,0,5071,295,658,1852,562
62205,.,-1.940512,29.627638,.,19.1,20.3,18.1,2.2,1276,0,5071,295,658,1852,562
62206,.,-1.940512,29.627638,.,19.1,20.3,18.1,2.2,1276,0,5071,295,658,1852,562
62207,.,-1.940512,29.627638,.,19.1,20.3,18.1,2.2,1276,0,5071,295,658,1852,562
62208,.,-1.940512,29.627638,.,19.1,20.3,18.1,2.2,1276,0,5071,295,658,1852,562
62209,.,-1.940512,29.627638,.,19.1,20.3,18.1,2.2,1276,0,5071,295,658,1852,562
62210,.,-1.940512,29.627638,.,19.1,20.3,18.1,2.2,1276,0,5071,295,658,1852,562
62211,.,-2.109804,29.459021,.,18,19.7,16.9,2.8,1350,0,4694,449,450,1787,446
62212,.,-2.109804,29.459021,.,18,19.7,16.9,2.8,1350,0,4694,449,450,1787,446
62213,.,-2.109804,29.459021,.,18,19.7,16.9,2.8,1350,0,4694,449,450,1787,446
62214,.,-2.109804,29.459021,.,18,19.7,16.9,2.8,1350,0,4694,449,450,1787,446
62215,.,-2.4189,29.21439,.,17.9,19.8,16.5,3.3,1447,0,4650,480,435,1761,366
62216,.,-2.4189,29.21439,.,17.9,19.8,16.5,3.3,1447,0,4650,480,435,1761,366
62217,.,-2.4189,29.21439,.,17.9,19.8,16.5,3.3,1447,0,4650,480,435,1761,366
62218,.,-2.4189,29.21439,.,17.9,19.8,16.5,3.3,1447,0,4650,480,435,1761,366
62219,.,-2.4189,29.21439,.,17.9,19.8,16.5,3.3,1447,0,4650,480,435,1761,366
62220,.,-1.940512,29.627638,.,19.1,20.3,18.1,2.2,1276,0,5071,295,658,1852,562
62221,.,-1.940512,29.627638,.,19.1,20.3,18.1,2.2,1276,0,5071,295,658,1852,562
62222,.,-1.940512,29.627638,.,19.1,20.3,18.1,2.2,1276,0,5071,295,658,1852,562
62223,.,-1.940512,29.627638,.,19.1,20.3,18.1,2.2,1276,0,5071,295,658,1852,562
62224,.,-1.940512,29.627638,.,19.1,20.3,18.1,2.2,1276,0,5071,295,658,1852,562
62225,.,-1.940512,29.627638,.,19.1,20.3,18.1,2.2,1276,0,5071,295,658,1852,562
62226,.,-1.940512,29.627638,.,19.1,20.3,18.1,2.2,1276,0,5071,295,658,1852,562
62227,.,-1.940512,29.627638,.,19.1,20.3,18.1,2.2,1276,0,5071,295,658,1852,562
62228,.,-1.940512,29.627638,.,19.1,20.3,18.1,2.2,1276,0,5071,295,658,1852,562
62229,.,-2.109804,29.459021,.,18,19.7,16.9,2.8,1350,0,4694,449,450,1787,446
62230,.,-2.109804,29.459021,.,18,19.7,16.9,2.8,1350,0,4694,449,450,1787,446
62231,.,-2.0356,29.52913,.,16.9,18.5,15.9,2.6,1440,0,4284,674,280,1743,395
62232,.,-2.0356,29.52913,.,16.9,18.5,15.9,2.6,1440,0,4284,674,280,1743,395
62233,.,-2.0356,29.52913,.,16.9,18.5,15.9,2.6,1440,0,4284,674,280,1743,395
62234,.,-2.0356,29.52913,.,16.9,18.5,15.9,2.6,1440,0,4284,674,280,1743,395
62235,.,-1.42967,29.717591,.,17.4,18.8,16.2,2.6,1242,0,4491,553,357,1807,576
62236,.,-1.42967,29.717591,.,17.4,18.8,16.2,2.6,1242,0,4491,553,357,1807,576
62237,.,-1.42967,29.717591,.,17.4,18.8,16.2,2.6,1242,0,4491,553,357,1807,576
62238,.,-1.42967,29.717591,.,17.4,18.8,16.2,2.6,1242,0,4491,553,357,1807,576
62239,.,-1.42967,29.717591,.,17.4,18.8,16.2,2.6,1242,0,4491,553,357,1807,576
62240,.,-1.42967,29.717591,.,17.4,18.8,16.2,2.6,1242,0,4491,553,357,1807,576
62241,.,-1.42967,29.717591,.,17.4,18.8,16.2,2.6,1242,0,4491,553,357,1807,576
62242,.,-1.42967,29.717591,.,17.4,18.8,16.2,2.6,1242,0,4491,553,357,1807,576
62243,.,-1.42967,29.717591,.,17.4,18.8,16.2,2.6,1242,0,4491,553,357,1807,576
62244,.,-1.42967,29.717591,.,17.4,18.8,16.2,2.6,1242,0,4491,553,357,1807,576
62245,.,-1.42967,29.717591,.,17.4,18.8,16.2,2.6,1242,0,4491,553,357,1807,576
62246,.,-1.42967,29.717591,.,17.4,18.8,16.2,2.6,1242,0,4491,553,357,1807,576
62247,.,-1.42967,29.717591,.,17.4,18.8,16.2,2.6,1242,0,4491,553,357,1807,576
62248,.,-1.42967,29.717591,.,17.4,18.8,16.2,2.6,1242,0,4491,553,357,1807,576
62249,.,-1.42967,29.717591,.,17.4,18.8,16.2,2.6,1242,0,4491,553,357,1807,576
62250,.,-1.42967,29.717591,.,17.4,18.8,16.2,2.6,1242,0,4491,553,357,1807,576
62251,.,-1.42967,29.717591,.,17.4,18.8,16.2,2.6,1242,0,4491,553,357,1807,576
62252,.,-1.42967,29.717591,.,17.4,18.8,16.2,2.6,1242,0,4491,553,357,1807,576
62253,.,-1.42967,29.717591,.,17.4,18.8,16.2,2.6,1242,0,4491,553,357,1807,576
62254,.,-1.42967,29.717591,.,17.4,18.8,16.2,2.6,1242,0,4491,553,357,1807,576
62255,.,-1.42967,29.717591,.,17.4,18.8,16.2,2.6,1242,0,4491,553,357,1807,576
62256,.,-1.42967,29.717591,.,17.4,18.8,16.2,2.6,1242,0,4491,553,357,1807,576
62257,.,-1.42967,29.717591,.,17.4,18.8,16.2,2.6,1242,0,4491,553,357,1807,576
62258,.,-1.42967,29.717591,.,17.4,18.8,16.2,2.6,1242,0,4491,553,357,1807,576
62259,.,-1.42967,29.717591,.,17.4,18.8,16.2,2.6,1242,0,4491,553,357,1807,576
62260,.,-1.42967,29.717591,.,17.4,18.8,16.2,2.6,1242,0,4491,553,357,1807,576
62261,.,-1.42967,29.717591,.,17.4,18.8,16.2,2.6,1242,0,4491,553,357,1807,576
62262,.,-1.42967,29.717591,.,17.4,18.8,16.2,2.6,1242,0,4491,553,357,1807,576
62263,.,-1.42967,29.717591,.,17.4,18.8,16.2,2.6,1242,0,4491,553,357,1807,576
62264,.,-1.42967,29.717591,.,17.4,18.8,16.2,2.6,1242,0,4491,553,357,1807,576
62265,.,-1.42967,29.717591,.,17.4,18.8,16.2,2.6,1242,0,4491,553,357,1807,576
62266,.,-1.42967,29.717591,.,17.4,18.8,16.2,2.6,1242,0,4491,553,357,1807,576
62267,.,-1.42967,29.717591,.,17.4,18.8,16.2,2.6,1242,0,4491,553,357,1807,576
62268,.,-1.42967,29.717591,.,17.4,18.8,16.2,2.6,1242,0,4491,553,357,1807,576
62269,.,-1.42967,29.717591,.,17.4,18.8,16.2,2.6,1242,0,4491,553,357,1807,576
62270,.,-1.42967,29.717591,.,17.4,18.8,16.2,2.6,1242,0,4491,553,357,1807,576
62271,.,-1.42967,29.717591,.,17.4,18.8,16.2,2.6,1242,0,4491,553,357,1807,576
62272,.,-1.42967,29.717591,.,17.4,18.8,16.2,2.6,1242,0,4491,553,357,1807,576
62273,.,-1.42967,29.717591,.,17.4,18.8,16.2,2.6,1242,0,4491,553,357,1807,576
62274,.,-1.42967,29.717591,.,17.4,18.8,16.2,2.6,1242,0,4491,553,357,1807,576
62275,.,-1.42967,29.717591,.,17.4,18.8,16.2,2.6,1242,0,4491,553,357,1807,576
62276,.,-1.42967,29.717591,.,17.4,18.8,16.2,2.6,1242,0,4491,553,357,1807,576
62277,.,-1.42967,29.717591,.,17.4,18.8,16.2,2.6,1242,0,4491,553,357,1807,576
62278,.,-1.42967,29.717591,.,17.4,18.8,16.2,2.6,1242,0,4491,553,357,1807,576
62279,.,-1.42967,29.717591,.,17.4,18.8,16.2,2.6,1242,0,4491,553,357,1807,576
62280,.,-1.42967,29.717591,.,17.4,18.8,16.2,2.6,1242,0,4491,553,357,1807,576
62281,.,-1.42967,29.717591,.,17.4,18.8,16.2,2.6,1242,0,4491,553,357,1807,576
62282,.,-1.42967,29.717591,.,17.4,18.8,16.2,2.6,1242,0,4491,553,357,1807,576
62283,.,-1.42967,29.717591,.,17.4,18.8,16.2,2.6,1242,0,4491,553,357,1807,576
62284,.,-1.42967,29.717591,.,17.4,18.8,16.2,2.6,1242,0,4491,553,357,1807,576
62285,.,-1.42967,29.717591,.,17.4,18.8,16.2,2.6,1242,0,4491,553,357,1807,576
62286,.,-1.42967,29.717591,.,17.4,18.8,16.2,2.6,1242,0,4491,553,357,1807,576
62287,.,-1.42967,29.717591,.,17.4,18.8,16.2,2.6,1242,0,4491,553,357,1807,576
62288,.,-1.42967,29.717591,.,17.4,18.8,16.2,2.6,1242,0,4491,553,357,1807,576
62289,.,-1.42967,29.717591,.,17.4,18.8,16.2,2.6,1242,0,4491,553,357,1807,576
62290,.,-1.42967,29.717591,.,17.4,18.8,16.2,2.6,1242,0,4491,553,357,1807,576
62291,.,-1.42967,29.717591,.,17.4,18.8,16.2,2.6,1242,0,4491,553,357,1807,576
62292,.,-1.42967,29.717591,.,17.4,18.8,16.2,2.6,1242,0,4491,553,357,1807,576
62293,.,-1.42967,29.717591,.,17.4,18.8,16.2,2.6,1242,0,4491,553,357,1807,576
62294,.,-1.42967,29.717591,.,17.4,18.8,16.2,2.6,1242,0,4491,553,357,1807,576
62295,.,-1.42967,29.717591,.,17.4,18.8,16.2,2.6,1242,0,4491,553,357,1807,576
62296,.,-1.42967,29.717591,.,17.4,18.8,16.2,2.6,1242,0,4491,553,357,1807,576
62297,.,-1.42967,29.717591,.,17.4,18.8,16.2,2.6,1242,0,4491,553,357,1807,576
62298,.,-1.42967,29.717591,.,17.4,18.8,16.2,2.6,1242,0,4491,553,357,1807,576
62299,.,-1.42967,29.717591,.,17.4,18.8,16.2,2.6,1242,0,4491,553,357,1807,576
62300,.,-1.42967,29.717591,.,17.4,18.8,16.2,2.6,1242,0,4491,553,357,1807,576
62301,.,-1.42967,29.717591,.,17.4,18.8,16.2,2.6,1242,0,4491,553,357,1807,576
62302,.,-1.42967,29.717591,.,17.4,18.8,16.2,2.6,1242,0,4491,553,357,1807,576
62303,.,-1.42967,29.717591,.,17.4,18.8,16.2,2.6,1242,0,4491,553,357,1807,576
62304,.,-1.42967,29.717591,.,17.4,18.8,16.2,2.6,1242,0,4491,553,357,1807,576
62305,.,-1.42967,29.717591,.,17.4,18.8,16.2,2.6,1242,0,4491,553,357,1807,576
62306,.,-1.42967,29.717591,.,17.4,18.8,16.2,2.6,1242,0,4491,553,357,1807,576
62307,.,-1.42967,29.717591,.,17.4,18.8,16.2,2.6,1242,0,4491,553,357,1807,576
62308,.,-1.42967,29.717591,.,17.4,18.8,16.2,2.6,1242,0,4491,553,357,1807,576
62309,.,-1.42967,29.717591,.,17.4,18.8,16.2,2.6,1242,0,4491,553,357,1807,576
75666,.,-0.513806,34.576065,.,22.8,23.7,21.2,2.6,1571,0,6383,62,1768,1995,551
75667,.,-0.504094,34.56769,.,22.9,23.9,21.3,2.6,1531,0,6425,59,1807,2002,570
75668,.,-0.514152,34.576978,.,22.8,23.7,21.1,2.6,1574,0,6381,62,1765,1995,550
75669,.,-0.505047,34.567181,.,22.9,23.9,21.3,2.6,1532,0,6423,59,1805,2002,570
75670,.,-0.554164,34.594257,.,22.3,23.3,20.7,2.5,1693,0,6222,75,1615,1967,492
75671,.,-0.520445,34.577688,.,22.7,23.7,21.1,2.6,1589,0,6360,64,1746,1992,544
75672,.,-0.531833,34.617152,.,22.4,23.4,20.8,2.6,1702,0,6262,72,1653,1977,496
75673,.,-0.539015,34.595892,.,22.4,23.4,20.8,2.6,1666,0,6268,71,1659,1975,504
75674,.,-0.538853,34.595686,.,22.4,23.4,20.8,2.6,1666,0,6269,71,1660,1975,504
75675,.,-0.552541,34.593904,.,22.3,23.3,20.8,2.5,1689,0,6228,75,1621,1968,494
75676,.,-0.556116,34.591988,.,22.3,23.3,20.7,2.5,1692,0,6221,75,1614,1966,493
75677,.,-0.389775,34.543716,.,22.8,24.1,21.4,2.7,1345,0,6407,60,1789,1973,612
75678,.,-0.390514,34.544256,.,22.8,24.1,21.4,2.7,1345,0,6407,60,1789,1973,612
75679,.,-0.390172,34.540507,.,22.8,24,21.4,2.7,1348,0,6390,62,1773,1968,608
75680,.,-0.543839,34.734218,.,21.5,22.5,20,2.5,2051,0,5936,106,1342,1936,389
75681,.,-0.395334,34.523931,.,22.5,23.7,21.1,2.7,1366,0,6276,71,1659,1940,582
75682,.,-0.347406,34.570436,.,23.3,24.6,22,2.6,1298,0,6588,48,1960,2016,691
75683,.,-0.347264,34.570704,.,23.3,24.6,22,2.6,1298,0,6589,48,1961,2016,691
75684,.,-0.392665,34.539513,.,22.7,24,21.3,2.7,1351,0,6374,63,1758,1965,604
75685,.,-0.389702,34.544333,.,22.8,24.1,21.4,2.7,1344,0,6411,60,1793,1974,613
75686,.,-0.386617,34.539157,.,22.8,24.1,21.4,2.7,1346,0,6398,61,1781,1968,611
75687,.,-0.398869,34.530107,.,22.6,23.9,21.2,2.7,1360,0,6321,67,1708,1953,592
75688,.,-0.399761,34.525879,.,22.5,23.8,21.1,2.7,1363,0,6303,68,1691,1948,588
75689,.,-0.385723,34.53984,.,22.8,24.1,21.4,2.7,1345,0,6405,61,1787,1970,613
75690,.,-0.400203,34.523288,.,22.5,23.8,21.1,2.7,1364,0,6292,69,1681,1945,585
75691,.,-0.352379,34.57038,.,23.3,24.6,22,2.6,1298,0,6581,49,1951,2013,686
75692,.,-0.403138,34.530609,.,22.6,23.9,21.2,2.7,1359,0,6342,65,1728,1958,595
75693,.,-0.511593,34.593527,.,22.7,23.7,21.1,2.6,1604,0,6362,64,1748,1991,534
75694,.,-0.511488,34.593308,.,22.7,23.7,21.1,2.6,1604,0,6363,64,1748,1991,535
75695,.,-0.511499,34.595792,.,22.7,23.7,21.1,2.6,1609,0,6359,64,1745,1991,532
75696,.,-0.524557,34.590307,.,22.6,23.6,21,2.6,1625,0,6326,66,1714,1986,525
75697,.,-0.480887,34.598808,.,23,24,21.3,2.7,1547,0,6452,57,1833,2002,561
75698,.,-0.522177,34.590657,.,22.6,23.6,21,2.6,1621,0,6333,66,1721,1987,528
75699,.,-0.534136,34.600555,.,22.5,23.4,20.9,2.6,1667,0,6276,71,1666,1977,504
75700,.,-0.522221,34.59351,.,22.6,23.6,21,2.6,1628,0,6328,66,1716,1987,524
75701,.,-0.481316,34.599591,.,22.9,24,21.3,2.7,1549,0,6450,57,1830,2002,559
75702,.,-0.534185,34.601362,.,22.5,23.4,20.8,2.6,1669,0,6274,71,1665,1976,504
75703,.,-0.511737,34.595346,.,22.7,23.7,21.1,2.6,1609,0,6359,64,1745,1991,532
75704,.,-0.490534,34.609933,.,22.8,23.8,21.2,2.6,1591,0,6401,61,1784,1996,540
75705,.,-0.490752,34.61266,.,22.8,23.8,21.2,2.6,1596,0,6394,61,1778,1995,538
75706,.,-0.537699,34.618076,.,22.4,23.3,20.8,2.6,1719,0,6239,74,1631,1973,490
75707,.,-0.543485,34.63663,.,22.2,23.2,20.6,2.5,1786,0,6191,78,1580,1969,472
75708,.,-0.537105,34.617737,.,22.4,23.3,20.8,2.6,1716,0,6241,73,1634,1974,491
75709,.,-0.535157,34.619308,.,22.4,23.3,20.8,2.6,1716,0,6247,73,1639,1975,492
75710,.,-0.537211,34.619834,.,22.4,23.3,20.8,2.6,1722,0,6238,74,1631,1974,489
75711,.,-0.541098,34.637146,.,22.2,23.2,20.7,2.5,1780,0,6200,77,1588,1971,474
75712,.,-0.538112,34.612313,.,22.4,23.3,20.8,2.6,1704,0,6244,73,1637,1973,493
75713,.,-0.670285,34.620575,.,21.8,22.8,20.3,2.5,1887,0,6038,94,1430,1968,444
75714,.,-0.662629,34.613913,.,21.8,22.9,20.4,2.5,1858,0,6059,91,1449,1970,452
75715,.,-0.789147,34.591689,.,21.6,22.7,20.2,2.5,1810,0,5974,101,1374,1970,516
75716,.,-0.82542,34.569691,.,21.7,22.8,20.3,2.5,1743,0,6010,97,1406,1982,550
75717,.,-0.812122,34.562166,.,21.9,22.9,20.5,2.5,1718,0,6066,91,1455,1990,560
75718,.,-0.825484,34.571547,.,21.7,22.8,20.3,2.5,1747,0,6006,97,1403,1981,548
75719,.,-0.760231,34.605286,.,21.5,22.6,20.2,2.4,1858,0,5947,105,1351,1962,485
75720,.,0.137206,34.800664,.,20.9,22.2,19.7,2.5,2136,0,5728,136,1148,1967,428
75721,.,0.122555,34.857416,.,20.4,21.6,19.2,2.5,2135,0,5541,169,997,1930,409
75722,.,0.110855,34.869743,.,20.2,21.4,19,2.4,2121,0,5464,184,937,1917,400
75723,.,0.038783,34.813753,.,20.8,22,19.5,2.5,2043,0,5687,143,1114,1940,424
75724,.,0.04721,34.822621,.,20.6,21.8,19.3,2.5,2056,0,5622,154,1062,1932,420
75725,.,0.046294,34.8082,.,20.7,21.9,19.4,2.5,2058,0,5658,148,1091,1936,422
75726,.,0.044436,34.819328,.,20.7,21.8,19.3,2.5,2052,0,5644,150,1079,1935,421
75727,.,0.045825,34.830112,.,20.6,21.7,19.2,2.5,2052,0,5608,157,1050,1930,419
75728,.,0.048113,34.820186,.,20.6,21.8,19.3,2.5,2059,0,5625,154,1064,1932,420
75729,.,0.0379,34.814488,.,20.8,22,19.5,2.5,2042,0,5689,143,1116,1940,425
75730,.,0.039883,34.828136,.,20.7,21.8,19.3,2.5,2042,0,5637,151,1074,1934,422
75731,.,0.043561,34.834406,.,20.6,21.7,19.2,2.5,2047,0,5604,157,1047,1929,420
75732,.,0.044298,34.819208,.,20.7,21.8,19.3,2.5,2052,0,5645,150,1080,1935,421
75733,.,0.048499,34.82199,.,20.6,21.7,19.3,2.5,2059,0,5619,155,1059,1931,420
75734,.,0.036179,34.828345,.,20.7,21.8,19.4,2.5,2035,0,5651,149,1085,1935,423
75735,.,0.048653,34.820425,.,20.6,21.8,19.3,2.5,2059,0,5622,154,1062,1932,420
75736,.,0.013609,34.817911,.,21.2,22.4,19.8,2.6,1981,0,5824,122,1245,1960,439
75737,.,0.047146,34.82215,.,20.6,21.8,19.3,2.5,2056,0,5624,154,1063,1932,420
75738,.,0.047496,34.821898,.,20.6,21.8,19.3,2.5,2057,0,5623,154,1063,1932,420
75739,.,0.047994,34.821701,.,20.6,21.8,19.3,2.5,2058,0,5622,154,1061,1932,420
75740,.,0.045584,34.819131,.,20.7,21.8,19.3,2.5,2054,0,5639,151,1075,1934,421
75741,.,0.047229,34.822014,.,20.6,21.8,19.3,2.5,2057,0,5624,154,1063,1932,420
75742,.,0.037272,34.812604,.,20.8,22,19.5,2.5,2041,0,5698,141,1123,1942,425
75743,.,0.04483,34.818679,.,20.7,21.8,19.3,2.5,2053,0,5644,150,1079,1935,421
75744,.,0.043642,34.833706,.,20.6,21.7,19.2,2.5,2047,0,5606,157,1049,1929,420
75745,.,0.044672,34.817228,.,20.7,21.8,19.4,2.5,2053,0,5649,149,1083,1935,422
75746,.,0.046522,34.831011,.,20.6,21.7,19.2,2.5,2053,0,5603,158,1046,1929,419
75747,.,0.173966,34.888802,.,20.7,22,19.5,2.5,2092,0,5637,151,1074,1963,420
75748,.,0.178601,34.893511,.,20.7,22,19.5,2.5,2080,0,5643,150,1079,1966,421
75749,.,0.155206,34.915576,.,20.2,21.5,19.1,2.4,2113,0,5470,183,942,1932,410
75750,.,0.154393,34.91556,.,20.2,21.5,19.1,2.4,2113,0,5467,184,939,1931,409
75751,.,0.16214,34.893485,.,20.5,21.8,19.3,2.4,2107,0,5573,163,1023,1948,415
75752,.,0.154407,34.915553,.,20.2,21.5,19.1,2.4,2113,0,5467,184,939,1931,409
75753,.,0.161495,34.893113,.,20.5,21.8,19.3,2.4,2108,0,5572,163,1022,1948,415
75754,.,0.174877,34.890387,.,20.7,21.9,19.5,2.5,2089,0,5636,151,1073,1964,420
75755,.,0.172841,34.889365,.,20.6,21.9,19.5,2.5,2093,0,5630,152,1069,1962,420
75756,.,0.173623,34.890107,.,20.7,21.9,19.5,2.5,2091,0,5631,152,1070,1962,420
75757,.,0.179839,34.892787,.,20.7,22,19.5,2.5,2079,0,5650,149,1085,1968,421
75758,.,0.193959,35.053919,.,19,20.4,18.1,2.3,1972,0,5059,293,647,1892,426
75759,.,0.163537,35.002019,.,19.5,20.7,18.5,2.3,2011,0,5205,248,742,1904,405
75760,.,0.17273,35.007854,.,19.4,20.7,18.4,2.3,2007,0,5185,254,728,1903,404
75761,.,0.166475,35.003497,.,19.4,20.7,18.5,2.3,2010,0,5200,250,738,1904,404
75762,.,0.168796,35.004318,.,19.4,20.7,18.4,2.3,2009,0,5196,251,736,1904,404
75763,.,0.172028,35.018793,.,19.3,20.6,18.4,2.3,1996,0,5164,260,714,1902,405
75764,.,0.163855,35.002524,.,19.5,20.7,18.5,2.3,2010,0,5204,248,741,1904,405
75765,.,0.164295,35.019361,.,19.4,20.6,18.4,2.3,1995,0,5170,258,718,1901,406
75766,.,-0.023487,34.753027,.,21.8,23,20.4,2.6,1875,0,6057,92,1449,1992,476
75767,.,-0.023606,34.753112,.,21.9,23,20.4,2.6,1874,0,6059,92,1450,1992,476
75768,.,-0.022993,34.757352,.,21.9,23.1,20.5,2.6,1873,0,6077,90,1474,1996,478
75769,.,0.216711,35.080528,.,18.9,20.3,17.9,2.4,1963,0,5005,312,615,1890,441
75770,.,0.183761,35.102636,.,18.8,20.1,17.8,2.3,1931,0,4969,324,594,1882,438
75771,.,0.213414,35.043238,.,19,20.3,18,2.4,1991,0,5033,302,632,1887,415
75772,.,0.213258,35.049187,.,19,20.3,18,2.4,1987,0,5033,302,632,1889,420
75773,.,0.190085,35.088328,.,18.9,20.2,17.9,2.3,1945,0,4993,315,608,1885,438
75774,.,0.200709,35.114212,.,18.8,20.1,17.8,2.4,1920,0,4959,328,588,1887,451
75775,.,0.184525,35.102196,.,18.8,20.1,17.8,2.3,1932,0,4969,324,593,1882,438
75776,.,0.211569,35.048952,.,19,20.4,18,2.4,1986,0,5036,301,634,1889,420
75777,.,0.176789,35.08834,.,18.9,20.2,17.9,2.3,1937,0,5007,310,616,1886,432
75778,.,0.216742,35.077463,.,18.9,20.3,17.9,2.4,1965,0,5009,310,618,1890,440
75779,.,0.214013,35.043459,.,19,20.3,18,2.4,1992,0,5032,302,631,1887,415
75780,.,0.185657,35.102564,.,18.8,20.1,17.8,2.3,1932,0,4967,325,592,1882,439
75781,.,0.185315,35.10003,.,18.8,20.1,17.8,2.3,1934,0,4972,323,595,1883,438
75782,.,0.205514,35.035964,.,19,20.4,18.1,2.3,1993,0,5056,294,646,1889,411
75783,.,0.190527,35.087241,.,18.9,20.2,17.9,2.3,1946,0,4995,314,609,1885,437
75784,.,0.171997,35.082855,.,18.9,20.3,18,2.3,1938,0,5023,305,626,1888,429
75785,.,0.021405,34.834411,.,20.8,21.9,19.4,2.5,2006,0,5683,144,1111,1940,427
75786,.,0.023244,34.864207,.,20.5,21.6,19.1,2.5,2003,0,5561,166,1014,1925,420
75787,.,0.036713,34.892244,.,20.1,21.2,18.8,2.5,2029,0,5421,195,905,1908,406
75788,.,0.030873,34.868093,.,20.4,21.5,19,2.5,2018,0,5527,172,987,1920,416
75789,.,0.036713,34.892244,.,20.1,21.2,18.8,2.5,2029,0,5421,195,905,1908,406
75790,.,0.030495,34.854548,.,20.5,21.6,19.2,2.5,2017,0,5577,163,1026,1926,420
75791,.,0.024297,34.861066,.,20.5,21.6,19.1,2.5,2005,0,5569,164,1020,1925,420
75792,.,0.023569,34.837063,.,20.7,21.9,19.4,2.5,2009,0,5665,147,1096,1937,425
75793,.,0.032411,34.86677,.,20.4,21.5,19,2.5,2021,0,5528,172,987,1920,416
75794,.,0.020697,34.831655,.,20.8,22,19.5,2.5,2005,0,5698,141,1123,1942,428
75795,.,0.012735,34.833871,.,21,22.1,19.6,2.5,1972,0,5753,132,1177,1950,435
75796,.,0.036713,34.892244,.,20.1,21.2,18.8,2.5,2029,0,5421,195,905,1908,406
75797,.,0.062812,34.887762,.,19.9,21.1,18.6,2.4,2078,0,5353,210,854,1897,396
75798,.,0.036713,34.892244,.,20.1,21.2,18.8,2.5,2029,0,5421,195,905,1908,406
75799,.,0.023569,34.837063,.,20.7,21.9,19.4,2.5,2009,0,5665,147,1096,1937,425
75800,.,0.027244,34.85249,.,20.5,21.7,19.2,2.5,2011,0,5592,160,1038,1928,421
75801,.,0.015879,34.834603,.,20.9,22.1,19.5,2.5,1985,0,5724,137,1153,1946,432
75802,.,0.022363,34.865132,.,20.5,21.6,19.1,2.5,2002,0,5561,166,1013,1925,420
75803,.,0.029,34.979489,.,19.5,20.7,18.3,2.4,2041,0,5227,242,758,1892,390
75804,.,0.044272,34.971486,.,19.3,20.5,18.2,2.3,2063,0,5156,262,710,1883,386
75805,.,0.039569,34.993401,.,19.3,20.5,18.2,2.3,2055,0,5145,266,703,1886,388
75806,.,0.043114,34.999581,.,19.2,20.4,18.1,2.3,2058,0,5121,273,687,1885,388
75807,.,0.059042,34.984781,.,19,20.2,17.9,2.3,2082,0,5041,298,637,1872,382
75808,.,0.026696,34.979215,.,19.6,20.7,18.4,2.4,2038,0,5242,238,768,1894,391
75809,.,0.058393,34.984134,.,19,20.2,17.9,2.3,2081,0,5045,297,639,1872,382
75810,.,0.029881,34.993672,.,19.4,20.6,18.3,2.3,2042,0,5196,251,737,1891,390
75811,.,0.044258,34.971137,.,19.3,20.5,18.2,2.3,2063,0,5158,262,711,1883,386
75812,.,0.030929,34.995003,.,19.4,20.6,18.3,2.3,2044,0,5188,253,731,1891,390
75813,.,0.038036,34.974375,.,19.4,20.6,18.2,2.3,2053,0,5184,254,728,1887,388
75814,.,0.043113,34.999554,.,19.2,20.4,18.1,2.3,2058,0,5121,273,687,1885,388
75815,.,0.03335,34.991736,.,19.4,20.6,18.2,2.3,2047,0,5181,255,726,1889,389
75816,.,0.027222,34.990684,.,19.5,20.7,18.3,2.3,2039,0,5216,246,750,1893,391
75817,.,0.0406,35.00115,.,19.2,20.5,18.1,2.3,2055,0,5131,270,694,1886,389
75818,.,0.126666,34.898871,.,20.1,21.3,19,2.4,2119,0,5426,192,908,1916,400
75819,.,0.12323,34.883288,.,20.2,21.4,19,2.4,2124,0,5463,184,937,1920,402
75820,.,0.144891,34.90372,.,20.2,21.5,19.1,2.4,2127,0,5468,183,941,1925,407
75821,.,0.288424,34.763392,.,21.3,22.7,20.1,2.6,2237,0,5867,116,1284,2014,416
75822,.,0.144949,34.901892,.,20.2,21.5,19.1,2.4,2128,0,5475,182,946,1926,408
75823,.,0.124599,34.877755,.,20.2,21.5,19.1,2.4,2127,0,5485,180,953,1923,404
75824,.,0.157532,34.905689,.,20.3,21.6,19.2,2.4,2111,0,5513,174,975,1938,412
75825,.,0.122482,34.906875,.,20,21.2,18.9,2.3,2114,0,5386,201,877,1911,397
75826,.,0.152264,34.897071,.,20.3,21.6,19.2,2.4,2120,0,5521,173,981,1936,411
75827,.,0.152264,34.897071,.,20.3,21.6,19.2,2.4,2120,0,5521,173,981,1936,411
75828,.,0.127496,34.880251,.,20.2,21.5,19.1,2.4,2128,0,5487,179,955,1924,405
75829,.,0.148964,34.905022,.,20.2,21.5,19.1,2.4,2122,0,5480,181,950,1929,409
75830,.,0.124975,34.886133,.,20.2,21.4,19,2.4,2124,0,5460,185,934,1920,402
75831,.,0.122988,34.907111,.,20,21.2,18.9,2.3,2114,0,5386,201,878,1911,397
75832,.,0.128058,34.881692,.,20.2,21.5,19.1,2.4,2128,0,5484,180,953,1924,405
75833,.,0.12402,34.878358,.,20.2,21.5,19.1,2.4,2127,0,5481,181,950,1923,404
75834,.,0.152264,34.897071,.,20.3,21.6,19.2,2.4,2120,0,5521,173,981,1936,411
75835,.,0.137893,34.900139,.,20.2,21.4,19,2.4,2125,0,5458,185,932,1922,405
75836,.,0.123966,34.931148,.,19.7,21,18.7,2.3,2105,0,5310,220,821,1903,394
75837,.,0.393738,34.864446,.,20.9,22.3,19.6,2.7,2140,0,5709,140,1142,2008,472
75838,.,0.135503,34.901674,.,20.1,21.4,19,2.4,2123,0,5445,188,922,1920,403
75839,.,0.1408,34.905201,.,20.1,21.4,19,2.4,2124,0,5450,187,927,1922,405
75840,.,0.123011,34.926096,.,19.8,21,18.7,2.3,2106,0,5324,216,831,1905,394
75841,.,0.13076,34.901432,.,20.1,21.3,19,2.4,2120,0,5430,191,911,1918,401
75842,.,0.123997,34.898895,.,20,21.3,18.9,2.3,2118,0,5417,194,901,1914,398
75843,.,0.127764,34.920357,.,19.9,21.1,18.8,2.3,2111,0,5358,208,857,1909,397
75844,.,0.140932,34.896785,.,20.2,21.5,19.1,2.4,2128,0,5479,181,949,1925,406
75845,.,0.13877,34.916237,.,20,21.3,18.9,2.4,2118,0,5407,197,894,1917,403
75846,.,0.133198,34.893086,.,20.2,21.4,19,2.4,2125,0,5465,184,938,1922,404
75847,.,0.125206,34.930993,.,19.8,21,18.7,2.3,2105,0,5314,219,825,1904,394
75848,.,0.12294,34.930702,.,19.7,21,18.7,2.3,2105,0,5308,220,813,1903,393
75849,.,0.139998,34.903835,.,20.1,21.4,19,2.4,2124,0,5452,187,928,1922,405
75850,.,0.150432,34.907879,.,20.2,21.5,19.1,2.4,2120,0,5477,182,947,1929,409
75851,.,0.129023,34.897574,.,20.1,21.3,19,2.4,2121,0,5438,190,917,1918,401
75852,.,0.142929,34.901543,.,20.2,21.5,19.1,2.4,2127,0,5469,183,941,1925,407
75853,.,0.12536,34.920295,.,19.9,21.1,18.8,2.3,2110,0,5350,210,851,1908,396
75854,.,0.134644,34.917838,.,20,21.2,18.9,2.4,2115,0,5389,201,880,1914,401
75855,.,0.140267,34.894598,.,20.2,21.5,19.1,2.4,2129,0,5484,180,952,1926,407
75856,.,0.193949,35.054819,.,19,20.4,18.1,2.3,1971,0,5057,294,646,1891,426
75857,.,0.125242,34.930914,.,19.8,21,18.7,2.3,2106,0,5315,218,825,1904,394
75858,.,0.185314,34.946356,.,20.1,21.5,19,2.5,2086,0,5449,188,926,1943,415
75859,.,0.131735,34.899857,.,20.1,21.4,19,2.4,2122,0,5439,190,918,1919,402
75860,.,0.037081,34.822859,.,20.7,21.9,19.4,2.5,2038,0,5665,147,1097,1937,423
75861,.,0.03673,34.822808,.,20.8,21.9,19.4,2.5,2037,0,5667,146,1098,1938,424
75862,.,0.084827,34.84037,.,20.3,21.5,19.1,2.4,2104,0,5520,173,981,1921,407
75863,.,0.091568,34.8425,.,20.3,21.5,19.1,2.4,2110,0,5514,174,976,1921,405
75864,.,0.090239,34.843578,.,20.3,21.5,19.1,2.4,2109,0,5513,174,975,1921,405
75865,.,0.090618,34.844392,.,20.3,21.5,19.1,2.4,2109,0,5511,175,974,1921,405
75866,.,0.109621,34.837408,.,20.4,21.6,19.2,2.4,2126,0,5541,169,997,1928,406
75867,.,0.082321,34.842416,.,20.3,21.5,19.1,2.4,2101,0,5517,174,978,1920,407
75868,.,0.082454,34.86704,.,20.1,21.3,18.9,2.4,2098,0,5447,188,924,1911,401
75869,.,0.083403,34.868733,.,20.1,21.3,18.9,2.4,2098,0,5441,189,920,1911,400
75870,.,0.097369,34.848792,.,20.3,21.5,19,2.4,2115,0,5501,177,966,1920,403
75871,.,0.070015,34.868797,.,20.1,21.3,18.8,2.4,2086,0,5438,190,918,1909,403
75872,.,0.084188,34.849025,.,20.3,21.5,19,2.4,2103,0,5504,176,968,1919,406
75873,.,0.082387,34.866979,.,20.1,21.3,18.9,2.4,2098,0,5447,188,924,1911,401
75874,.,0.109621,34.837408,.,20.4,21.6,19.2,2.4,2126,0,5541,169,997,1928,406
75875,.,0.097369,34.848792,.,20.3,21.5,19,2.4,2115,0,5501,177,966,1920,403
75876,.,0.091606,34.842532,.,20.3,21.5,19.1,2.4,2110,0,5514,174,976,1921,405
75877,.,0.08003,34.849261,.,20.3,21.4,19,2.4,2098,0,5505,176,969,1918,407
75878,.,0.151899,34.899671,.,20.3,21.6,19.2,2.4,2120,0,5510,175,973,1934,410
75879,.,0.161506,34.888553,.,20.5,21.8,19.3,2.5,2111,0,5586,160,1033,1950,416
75880,.,0.0952,34.407728,.,22,23.1,20.6,2.5,1915,0,6094,88,1481,1977,436
75881,.,0.043007,34.295847,.,22.2,23.2,21,2.3,1774,0,6180,79,1574,1968,491
75882,.,0.013954,34.283935,.,22.3,23.3,21.1,2.2,1746,0,6211,76,1602,1969,505
75883,.,0.044534,34.302038,.,22.2,23.2,20.9,2.3,1785,0,6169,80,1561,1967,486
75884,.,0.033992,34.287977,.,22.2,23.3,21,2.2,1759,0,6194,77,1586,1968,498
75885,.,0.042915,34.276142,.,22.3,23.3,21.1,2.3,1741,0,6219,75,1610,1973,507
75886,.,0.046378,34.301612,.,22.2,23.2,20.9,2.3,1785,0,6171,80,1562,1967,487
75887,.,0.045303,34.303264,.,22.2,23.2,20.9,2.3,1787,0,6167,80,1559,1967,485
75888,.,0.008322,34.278785,.,22.3,23.3,21.2,2.2,1733,0,6228,74,1619,1971,511
75889,.,0.035363,34.280859,.,22.3,23.3,21.1,2.3,1748,0,6209,76,1601,1971,504
75890,.,0.032769,34.286278,.,22.2,23.3,21,2.2,1756,0,6197,77,1590,1969,499
75891,.,0.033968,34.332298,.,22,23.1,20.8,2.4,1848,0,6123,84,1506,1965,463
75892,.,0.012632,34.280091,.,22.3,23.3,21.1,2.2,1738,0,6221,75,1611,1970,508
75893,.,0.015922,34.286419,.,22.3,23.3,21.1,2.2,1751,0,6202,77,1594,1968,502
75894,.,0.011873,34.28024,.,22.3,23.3,21.1,2.2,1738,0,6221,75,1612,1970,508
75895,.,0.012272,34.287692,.,22.3,23.3,21.1,2.2,1751,0,6205,76,1597,1968,502
75896,.,0.040973,34.281333,.,22.3,23.3,21,2.3,1750,0,6209,76,1601,1972,503
75897,.,0.039951,34.29691,.,22.2,23.2,21,2.3,1775,0,6177,79,1571,1967,490
75898,.,0.01705,34.28192,.,22.3,23.3,21.1,2.2,1744,0,6211,76,1602,1969,505
75899,.,0.001582,34.243484,.,22.6,23.6,21.4,2.2,1661,0,6309,67,1694,1980,538
75900,.,-0.057242,34.109051,.,23.2,24.5,22.1,2.4,1374,0,6550,50,1925,1965,642
75901,.,0.029858,34.337351,.,22,23.1,20.7,2.4,1861,0,6120,85,1503,1966,459
75902,.,0.032644,34.333955,.,22,23.1,20.8,2.4,1852,0,6122,85,1505,1966,462
75903,.,0.039559,34.278081,.,22.3,23.3,21.1,2.3,1744,0,6215,76,1607,1972,506
75904,.,0.036715,34.344395,.,22,23.1,20.7,2.4,1875,0,6112,86,1496,1968,454
75905,.,0.023616,34.291516,.,22.2,23.2,21,2.2,1763,0,6183,78,1569,1965,495
75906,.,0.041715,34.296454,.,22.2,23.2,21,2.3,1775,0,6178,79,1572,1967,491
75907,.,0.037235,34.280173,.,22.3,23.3,21.1,2.3,1747,0,6211,76,1603,1971,504
75908,.,-0.086491,34.235386,.,22.6,23.7,21.6,2.2,1588,0,6340,64,1723,1956,550
75909,.,-0.033296,34.38888,.,22.2,23.3,21,2.3,1920,0,6191,78,1574,1986,442
75910,.,0.018811,34.389024,.,22,23.2,20.8,2.5,1960,0,6127,84,1510,1979,421
75911,.,-0.01289,34.400624,.,22.2,23.4,20.9,2.4,1983,0,6193,78,1577,1995,419
75912,.,0.018825,34.389044,.,22,23.2,20.8,2.5,1960,0,6127,84,1510,1979,421
75913,.,-0.006461,34.41074,.,22.2,23.4,20.9,2.5,1984,0,6176,79,1562,1993,414
75914,.,-0.031313,34.385673,.,22.2,23.3,21,2.3,1922,0,6198,77,1583,1988,443
75915,.,-0.02728,34.387861,.,22.3,23.4,21,2.4,1942,0,6204,76,1589,1992,436
75916,.,-0.029739,34.3717,.,22.3,23.4,21,2.3,1901,0,6212,76,1596,1988,456
75917,.,-0.038122,34.401958,.,22.2,23.2,20.9,2.3,1913,0,6171,79,1556,1981,441
75918,.,-0.038034,34.402037,.,22.2,23.2,20.9,2.3,1914,0,6171,79,1556,1982,441
75919,.,-0.024607,34.42942,.,22.2,23.4,20.9,2.4,1966,0,6183,78,1568,1995,424
75920,.,-0.028752,34.373175,.,22.3,23.4,21,2.4,1907,0,6212,76,1597,1989,453
75921,.,-0.023306,34.425855,.,22.2,23.4,21,2.4,1971,0,6188,78,1572,1996,423
75922,.,-0.02354,34.428384,.,22.2,23.4,20.9,2.4,1970,0,6186,78,1570,1996,423
75923,.,-0.013197,34.400072,.,22.2,23.4,21,2.4,1983,0,6194,77,1578,1995,420
75924,.,0.135345,34.322546,.,22.6,23.7,21.2,2.5,1779,0,6312,68,1699,2018,511
75925,.,0.12888,34.346707,.,22.4,23.5,21.1,2.5,1816,0,6270,71,1659,2010,495
75926,.,0.126035,34.331718,.,22.5,23.6,21.1,2.5,1798,0,6281,70,1670,2010,500
75927,.,0.133239,34.32935,.,22.5,23.6,21.1,2.5,1790,0,6299,69,1687,2015,506
75928,.,0.107685,34.308529,.,22.4,23.5,21.1,2.4,1775,0,6262,72,1651,1996,500
75929,.,0.128729,34.346273,.,22.4,23.5,21.1,2.5,1815,0,6270,71,1659,2010,495
75930,.,0.102974,34.299549,.,22.4,23.5,21.1,2.4,1764,0,6256,72,1646,1990,501
75931,.,0.109165,34.305691,.,22.4,23.5,21.1,2.4,1770,0,6267,72,1656,1996,502
75932,.,0.125623,34.324404,.,22.5,23.6,21.1,2.5,1788,0,6288,70,1677,2010,504
75933,.,0.126379,34.331555,.,22.5,23.6,21.1,2.5,1797,0,6282,70,1671,2010,501
75934,.,0.132751,34.325955,.,22.5,23.6,21.1,2.5,1785,0,6302,69,1690,2015,507
75935,.,0.14148,34.318717,.,22.6,23.8,21.2,2.6,1771,0,6331,66,1717,2023,516
75936,.,0.133667,34.324409,.,22.5,23.7,21.1,2.5,1783,0,6306,68,1693,2016,509
75937,.,0.098094,34.316709,.,22.3,23.4,21,2.4,1793,0,6234,74,1625,1990,492
75938,.,0.129388,34.334405,.,22.5,23.6,21.1,2.5,1799,0,6285,70,1674,2012,501
75939,.,0.103129,34.299861,.,22.4,23.5,21.1,2.4,1765,0,6256,72,1646,1990,501
75940,.,0.107486,34.307942,.,22.4,23.5,21.1,2.4,1774,0,6261,72,1651,1995,500
75941,.,0.132339,34.339123,.,22.5,23.6,21.1,2.5,1803,0,6285,70,1674,2013,501
75942,.,0.13128,34.33889,.,22.5,23.6,21.1,2.5,1804,0,6284,70,1672,2013,501
75943,.,0.139925,34.331966,.,22.6,23.7,21.1,2.5,1788,0,6310,68,1697,2019,510
75944,.,0.142687,34.316357,.,22.6,23.8,21.2,2.6,1767,0,6337,66,1722,2024,518
75945,.,0.103333,34.300472,.,22.4,23.5,21.1,2.4,1765,0,6256,72,1646,1991,501
75946,.,0.02531,34.372124,.,22,23.2,20.7,2.5,1931,0,6114,85,1499,1975,433
75947,.,0.025168,34.374704,.,22,23.2,20.7,2.5,1935,0,6115,85,1500,1975,431
75948,.,0.035036,34.386017,.,22,23.2,20.7,2.4,1942,0,6105,86,1491,1974,425
75949,.,0.035462,34.399845,.,22,23.2,20.7,2.5,1959,0,6102,87,1489,1976,416
75950,.,0.0456,34.376996,.,21.9,23.1,20.7,2.4,1921,0,6093,88,1480,1971,435
75951,.,0.022872,34.376121,.,22,23.2,20.7,2.5,1939,0,6118,85,1502,1976,430
75952,.,0.047526,34.448871,.,21.8,23,20.4,2.6,1992,0,6051,92,1444,1976,411
75953,.,0.017254,34.371464,.,22,23.2,20.7,2.5,1934,0,6128,84,1511,1977,434
75954,.,0.041051,34.411295,.,21.9,23.1,20.6,2.5,1966,0,6085,89,1474,1975,412
75955,.,0.03182,34.392709,.,22,23.2,20.7,2.4,1954,0,6109,86,1494,1976,421
75956,.,0.02777,34.400618,.,22,23.2,20.7,2.5,1968,0,6114,86,1499,1978,413
75957,.,0.063334,34.424272,.,21.7,22.9,20.4,2.5,1953,0,6020,96,1415,1965,418
75958,.,0.022309,34.376363,.,22,23.2,20.7,2.5,1940,0,6118,85,1503,1976,429
75959,.,0.05925,34.426355,.,21.8,22.9,20.4,2.5,1960,0,6024,95,1419,1967,416
75960,.,0.037653,34.389128,.,22,23.1,20.7,2.4,1943,0,6102,87,1488,1974,424
75961,.,0.0277,34.400727,.,22,23.2,20.7,2.5,1968,0,6114,86,1499,1978,413
75962,.,0.018535,34.371927,.,22,23.2,20.7,2.5,1935,0,6125,84,1508,1977,433
75963,.,0.035528,34.38377,.,22,23.1,20.7,2.4,1938,0,6104,87,1490,1974,427
75964,.,0.037183,34.399031,.,22,23.1,20.7,2.4,1956,0,6100,87,1487,1975,418
75965,.,0.031467,34.393153,.,22,23.2,20.7,2.4,1955,0,6109,86,1495,1976,420
75966,.,0.016268,34.367519,.,22.1,23.2,20.7,2.5,1928,0,6130,84,1520,1977,437
75967,.,0.027498,34.400594,.,22,23.2,20.7,2.5,1968,0,6114,85,1499,1978,413
75968,.,0.085049,34.404759,.,21.9,23.1,20.6,2.5,1918,0,6087,89,1474,1975,435
75969,.,0.069764,34.392464,.,21.9,23.1,20.6,2.4,1917,0,6083,89,1471,1971,437
75970,.,0.087031,34.40862,.,21.9,23.1,20.6,2.5,1922,0,6081,89,1469,1974,433
75971,.,0.079087,34.410444,.,21.9,23,20.5,2.5,1930,0,6066,91,1456,1972,429
75972,.,0.053299,34.410291,.,21.9,23,20.5,2.5,1951,0,6062,91,1453,1970,419
75973,.,0.080798,34.41406,.,21.9,23,20.5,2.5,1933,0,6060,91,1451,1971,427
75974,.,0.060064,34.380013,.,21.9,23,20.6,2.4,1911,0,6077,89,1465,1968,438
75975,.,0.077119,34.403876,.,21.9,23,20.6,2.5,1923,0,6077,90,1466,1972,433
75976,.,0.075983,34.398174,.,21.9,23.1,20.6,2.4,1917,0,6087,89,1475,1973,437
75977,.,0.055098,34.385189,.,21.9,23.1,20.6,2.4,1922,0,6081,89,1470,1969,434
75978,.,0.07974,34.411667,.,21.9,23,20.5,2.5,1931,0,6064,91,1454,1971,428
75979,.,0.058965,34.382359,.,21.9,23,20.6,2.4,1915,0,6077,89,1466,1968,437
75980,.,0.07838,34.409177,.,21.9,23,20.6,2.5,1929,0,6068,91,1458,1972,430
75981,.,0.078757,34.415457,.,21.8,23,20.5,2.5,1936,0,6055,92,1446,1970,425
75982,.,0.062316,34.385096,.,21.9,23,20.6,2.4,1915,0,6073,90,1462,1968,437
75983,.,0.075484,34.400128,.,21.9,23.1,20.6,2.4,1920,0,6082,89,1470,1972,435
75984,.,0.079412,34.408684,.,21.9,23,20.6,2.5,1927,0,6070,90,1460,1972,431
75985,.,0.076325,34.39968,.,21.9,23.1,20.6,2.4,1919,0,6084,89,1472,1973,436
75986,.,0.078085,34.418892,.,21.8,23,20.5,2.5,1941,0,6047,93,1439,1970,423
75987,.,0.074607,34.403252,.,21.9,23,20.6,2.5,1924,0,6074,90,1464,1971,433
75988,.,0.080178,34.416181,.,21.8,23,20.5,2.5,1936,0,6055,92,1446,1971,425
75989,.,0.079699,34.403969,.,21.9,23.1,20.6,2.5,1921,0,6081,89,1469,1973,434
75990,.,0.079395,34.403817,.,21.9,23,20.6,2.5,1921,0,6080,89,1469,1973,434
75991,.,0.080826,34.411562,.,21.9,23,20.5,2.5,1930,0,6066,91,1456,1972,429
75992,.,0.085493,34.40735,.,21.9,23.1,20.6,2.5,1922,0,6082,89,1470,1974,433
75993,.,0.091799,34.338098,.,22.2,23.3,20.9,2.4,1831,0,6194,78,1588,1986,476
75994,.,0.096676,34.349345,.,22.2,23.3,20.9,2.4,1845,0,6196,78,1590,1990,472
75995,.,0.091916,34.337681,.,22.2,23.3,20.9,2.4,1830,0,6195,78,1589,1987,476
75996,.,-0.010591,34.338121,.,22.3,23.4,21,2.4,1855,0,6210,76,1602,1982,475
75997,.,-0.024481,34.345781,.,22.3,23.5,21.1,2.3,1861,0,6234,74,1624,1988,477
75998,.,-0.089344,34.27845,.,22.5,23.5,21.4,2.1,1649,0,6278,69,1665,1956,538
75999,.,-0.023731,34.344762,.,22.3,23.5,21.1,2.3,1861,0,6235,73,1625,1988,477
76000,.,0.012154,34.342313,.,22.1,23.2,20.8,2.4,1874,0,6145,82,1525,1973,459
76001,.,-0.009047,34.344718,.,22.3,23.4,21,2.4,1872,0,6204,76,1588,1984,469
76002,.,-0.018894,34.344048,.,22.3,23.5,21.1,2.4,1867,0,6232,74,1622,1988,475
76003,.,-0.020663,34.299799,.,22.4,23.4,21.2,2.2,1759,0,6253,72,1642,1976,506
76004,.,-0.024793,34.34628,.,22.3,23.5,21.1,2.3,1862,0,6233,74,1623,1988,477
76005,.,-0.018831,34.344031,.,22.3,23.5,21.1,2.4,1867,0,6231,74,1622,1988,475
76006,.,0.001621,34.346904,.,22.2,23.3,20.9,2.4,1882,0,6173,79,1557,1979,462
76007,.,-0.007698,34.344421,.,22.2,23.4,21,2.4,1872,0,6200,77,1585,1983,469
76008,.,-0.00804,34.343784,.,22.2,23.4,21,2.4,1870,0,6201,77,1586,1983,469
76009,.,-0.025075,34.343338,.,22.3,23.5,21.1,2.3,1854,0,6234,73,1624,1987,479
76010,.,-0.015239,34.328804,.,22.3,23.4,21.1,2.3,1829,0,6226,74,1617,1981,484
76011,.,-0.02432,34.345444,.,22.3,23.5,21.1,2.3,1861,0,6234,74,1624,1988,477
76012,.,-0.008275,34.339002,.,22.3,23.4,21,2.4,1858,0,6203,76,1595,1981,473
76013,.,0.012154,34.342313,.,22.1,23.2,20.8,2.4,1874,0,6145,82,1525,1973,459
76014,.,-0.003682,34.323348,.,22.2,23.3,21,2.3,1819,0,6196,77,1588,1973,481
76015,.,-0.02507,34.342123,.,22.3,23.5,21.1,2.3,1851,0,6234,73,1624,1986,480
76016,.,0.191815,34.143696,.,22.7,23.8,21.2,2.6,1642,0,6372,63,1755,1994,553
76017,.,0.190524,34.150197,.,22.7,23.8,21.3,2.6,1643,0,6375,63,1758,1996,553
76018,.,0.198479,34.15461,.,22.7,23.8,21.2,2.6,1653,0,6370,63,1754,1997,551
76019,.,0.197278,34.155602,.,22.7,23.8,21.2,2.6,1652,0,6372,63,1755,1998,552
76020,.,0.181196,34.136361,.,22.8,23.8,21.3,2.5,1621,0,6389,62,1771,1994,560
76021,.,-0.031671,34.472056,.,22.1,23.2,20.8,2.4,1901,0,6138,83,1520,1977,445
76022,.,-0.044603,34.465617,.,22.1,23.2,20.9,2.3,1884,0,6154,81,1541,1978,456
76023,.,-0.023236,34.441933,.,22.2,23.3,20.9,2.4,1963,0,6173,79,1559,1994,424
76024,.,-0.02991,34.453294,.,22.1,23.3,20.9,2.4,1928,0,6154,81,1542,1984,435
76025,.,-0.025129,34.429357,.,22.2,23.4,20.9,2.4,1964,0,6182,79,1567,1995,425
76026,.,-0.018093,34.485928,.,22,23.1,20.7,2.4,1909,0,6103,86,1489,1972,435
76027,.,-0.043036,34.463805,.,22.1,23.2,20.9,2.3,1888,0,6153,81,1540,1978,454
76028,.,-0.017035,34.436101,.,22.2,23.4,20.9,2.5,1982,0,6180,79,1565,1998,417
76029,.,-0.017335,34.48635,.,22,23.1,20.7,2.4,1910,0,6103,87,1489,1972,435
76030,.,-0.044221,34.465316,.,22.1,23.2,20.9,2.3,1885,0,6154,81,1541,1978,455
76031,.,-0.01923,34.434494,.,22.2,23.4,20.9,2.4,1980,0,6184,78,1569,1998,419
76032,.,-0.005142,34.467317,.,22.1,23.2,20.8,2.5,1953,0,6132,84,1522,1985,422
76033,.,-0.031464,34.472206,.,22.1,23.2,20.8,2.4,1902,0,6138,83,1520,1977,445
76034,.,-0.017955,34.48575,.,22,23.1,20.7,2.4,1909,0,6103,86,1489,1972,435
76035,.,-0.017231,34.486345,.,22,23.1,20.7,2.4,1910,0,6103,87,1489,1973,435
76036,.,-0.022161,34.459729,.,22.1,23.3,20.8,2.4,1937,0,6146,82,1534,1984,429
76037,.,-0.020423,34.449418,.,22.1,23.3,20.9,2.4,1958,0,6163,80,1550,1991,424
76038,.,-0.026435,34.441099,.,22.2,23.3,20.9,2.4,1954,0,6171,80,1556,1992,427
76039,.,-0.007221,34.46243,.,22.1,23.3,20.8,2.5,1956,0,6138,83,1527,1986,420
76040,.,-0.019521,34.450292,.,22.1,23.3,20.9,2.4,1958,0,6161,81,1548,1990,424
76041,.,-0.030838,34.473043,.,22.1,23.2,20.8,2.4,1902,0,6136,83,1519,1976,444
76042,.,-0.016606,34.485921,.,22,23.1,20.7,2.4,1911,0,6103,86,1489,1973,435
76043,.,-0.020264,34.449351,.,22.1,23.3,20.9,2.4,1959,0,6163,80,1550,1991,424
76044,.,0.184248,34.192262,.,22.8,23.9,21.4,2.5,1650,0,6398,61,1780,2014,555
76045,.,0.184528,34.191479,.,22.8,23.9,21.4,2.5,1650,0,6398,61,1780,2014,555
76046,.,0.182861,34.19447,.,22.8,23.9,21.4,2.5,1650,0,6398,61,1780,2015,555
76047,.,0.173075,34.190084,.,22.8,23.9,21.4,2.5,1637,0,6397,61,1779,2014,558
76048,.,0.218825,34.230788,.,22.7,23.9,21.2,2.7,1713,0,6361,64,1746,2018,544
76049,.,0.192921,34.204582,.,22.8,23.9,21.3,2.6,1667,0,6393,62,1775,2018,553
76050,.,0.225677,34.224597,.,22.7,23.9,21.2,2.7,1718,0,6354,65,1739,2014,543
76051,.,0.221531,34.227179,.,22.7,23.9,21.2,2.7,1714,0,6358,65,1743,2016,544
76052,.,0.172432,34.218434,.,22.8,23.9,21.4,2.5,1659,0,6394,62,1776,2021,554
76053,.,0.212479,34.219509,.,22.7,23.9,21.2,2.6,1699,0,6371,64,1755,2018,547
76054,.,0.200073,34.207281,.,22.8,23.9,21.3,2.6,1677,0,6385,62,1768,2018,551
76055,.,0.214853,34.226816,.,22.7,23.9,21.2,2.6,1706,0,6367,64,1751,2018,546
76056,.,0.109104,34.173977,.,22.7,23.7,21.5,2.2,1537,0,6373,62,1755,1990,569
76057,.,0.163832,34.219028,.,22.8,23.8,21.4,2.5,1655,0,6390,62,1773,2019,554
76058,.,0.218147,34.229623,.,22.7,23.9,21.2,2.7,1711,0,6362,64,1747,2018,545
76059,.,0.1637,34.218982,.,22.8,23.8,21.4,2.5,1655,0,6390,62,1773,2019,554
76060,.,0.207411,34.209706,.,22.7,23.9,21.3,2.6,1688,0,6377,63,1761,2017,549
76061,.,0.219549,34.228886,.,22.7,23.9,21.2,2.7,1713,0,6360,65,1745,2017,544
76062,.,0.220415,34.216806,.,22.7,23.9,21.2,2.7,1708,0,6362,64,1747,2015,545
76063,.,0.218295,34.216158,.,22.7,23.9,21.2,2.6,1705,0,6365,64,1749,2015,546
76064,.,0.214698,34.228057,.,22.7,23.9,21.2,2.6,1706,0,6367,64,1751,2019,546
76065,.,0.168586,34.214273,.,22.8,23.9,21.4,2.5,1653,0,6393,62,1775,2019,555
76066,.,0.167028,34.216239,.,22.8,23.9,21.4,2.5,1654,0,6392,62,1775,2019,555
76067,.,0.225307,34.225416,.,22.7,23.9,21.2,2.7,1718,0,6354,65,1740,2014,543
76068,.,0.207462,34.209796,.,22.7,23.9,21.3,2.6,1688,0,6377,63,1761,2017,549
76069,.,0.166566,34.21985,.,22.8,23.9,21.4,2.5,1657,0,6391,62,1774,2020,554
76070,.,0.212358,34.221808,.,22.7,23.9,21.2,2.6,1700,0,6370,64,1754,2018,547
76071,.,0.220245,34.229511,.,22.7,23.9,21.2,2.7,1714,0,6360,65,1744,2017,544
76072,.,0.134321,34.136253,.,22.9,23.9,21.7,2.3,1505,0,6440,58,1818,2001,606
76073,.,0.11323,34.120332,.,23,24,21.8,2.2,1389,0,6455,56,1832,1997,667
76074,.,0.126871,34.136961,.,22.9,23.9,21.7,2.2,1482,0,6435,58,1814,1999,613
76075,.,0.106151,34.135331,.,22.9,23.9,21.7,2.1,1411,0,6426,58,1804,1992,637
76076,.,0.129754,34.129304,.,22.9,23.9,21.7,2.3,1478,0,6441,58,1820,1999,619
76077,.,0.118675,34.14531,.,22.9,23.9,21.7,2.2,1478,0,6419,59,1798,1995,603
76078,.,0.115504,34.13072,.,22.9,23.9,21.7,2.2,1429,0,6438,58,1816,1996,638
76079,.,0.111732,34.17449,.,22.7,23.7,21.5,2.2,1542,0,6375,62,1758,1991,569
76080,.,0.14346,34.154729,.,22.9,23.9,21.6,2.3,1554,0,6437,58,1816,2010,588
76081,.,0.097483,34.132157,.,22.9,23.9,21.8,2.1,1386,0,6441,57,1819,1994,653
76082,.,0.080119,34.149066,.,22.9,24,21.8,2.2,1411,0,6440,57,1818,1995,634
76083,.,0.118375,34.146848,.,22.9,23.9,21.7,2.2,1481,0,6416,59,1796,1995,601
76084,.,0.076807,34.146264,.,22.9,24,21.8,2.2,1396,0,6450,57,1826,1996,643
76085,.,0.110734,34.129838,.,22.9,23.9,21.7,2.2,1408,0,6439,58,1816,1995,647
76086,.,0.106911,34.14419,.,22.8,23.8,21.7,2.1,1445,0,6407,60,1787,1989,610
76087,.,0.240392,34.181439,.,22.7,23.8,21.2,2.6,1705,0,6348,65,1733,2004,543
76088,.,0.238716,34.164914,.,22.6,23.8,21.2,2.6,1695,0,6338,66,1724,1997,541
76089,.,0.20353,34.171509,.,22.7,23.8,21.3,2.6,1665,0,6375,63,1758,2004,551
76090,.,0.201633,34.190472,.,22.8,23.9,21.3,2.6,1670,0,6385,62,1768,2012,552
76091,.,0.239246,34.163829,.,22.6,23.8,21.2,2.6,1695,0,6337,66,1723,1996,541
76092,.,0.27844,34.166439,.,22.5,23.6,21.2,2.5,1712,0,6304,69,1691,1988,530
76093,.,0.240661,34.151771,.,22.6,23.7,21.2,2.6,1688,0,6327,67,1713,1990,539
76094,.,0.28645,34.163233,.,22.5,23.6,21.2,2.4,1713,0,6299,69,1686,1986,528
76095,.,0.202004,34.188849,.,22.8,23.9,21.3,2.6,1670,0,6385,62,1768,2012,552
76096,.,0.193712,34.158779,.,22.7,23.8,21.3,2.6,1649,0,6377,63,1760,2000,553
76097,.,0.196445,34.155941,.,22.7,23.8,21.3,2.6,1651,0,6373,63,1756,1998,552
76098,.,0.194137,34.160035,.,22.7,23.8,21.3,2.6,1650,0,6377,63,1760,2000,553
76099,.,0.24058,34.181714,.,22.7,23.8,21.2,2.6,1706,0,6348,65,1733,2004,543
76100,.,0.20633,34.16897,.,22.7,23.8,21.2,2.6,1667,0,6371,63,1755,2003,550
76101,.,0.240486,34.179719,.,22.7,23.8,21.2,2.6,1704,0,6347,65,1732,2004,543
76102,.,0.198434,34.186544,.,22.8,23.9,21.3,2.6,1664,0,6387,62,1770,2011,552
76103,.,0.264616,34.146221,.,22.5,23.6,21.1,2.5,1693,0,6292,70,1680,1980,529
76104,.,0.256214,34.157851,.,22.6,23.7,21.2,2.5,1697,0,6313,68,1700,1988,535
76105,.,0.259429,34.149819,.,22.5,23.7,21.2,2.5,1693,0,6302,69,1689,1983,532
76106,.,0.254066,34.199442,.,22.6,23.8,21.2,2.6,1721,0,6343,66,1728,2005,540
76107,.,0.27844,34.166439,.,22.5,23.6,21.2,2.5,1712,0,6304,69,1691,1988,530
76108,.,0.255839,34.156526,.,22.6,23.7,21.2,2.5,1696,0,6312,68,1699,1988,535
76109,.,0.244882,34.182801,.,22.7,23.8,21.2,2.6,1708,0,6345,65,1730,2004,542
76110,.,0.194493,34.159853,.,22.7,23.8,21.3,2.6,1650,0,6377,63,1760,2000,552
76111,.,0.205211,34.16763,.,22.7,23.8,21.2,2.6,1665,0,6371,63,1755,2003,550
76112,.,0.263179,34.172795,.,22.6,23.7,21.2,2.5,1711,0,6320,67,1707,1994,535
76113,.,0.264092,34.173797,.,22.6,23.7,21.2,2.5,1712,0,6320,67,1707,1994,535
76114,.,-0.330061,35.088099,.,21.2,22.4,19.7,2.8,1982,0,5841,120,1260,1949,420
76115,.,-0.365229,35.062706,.,20.5,21.6,19.1,2.6,2006,0,5569,164,1020,1906,381
76116,.,-0.345377,35.076984,.,20.9,22,19.4,2.7,1995,0,5715,138,1138,1928,400
76117,.,-0.345331,35.070608,.,20.9,22.1,19.4,2.7,1985,0,5729,136,1149,1929,402
76118,.,-0.33579,35.079691,.,21.2,22.3,19.6,2.7,1976,0,5812,124,1235,1943,415
76119,.,-0.373802,35.074892,.,20.3,21.4,18.9,2.5,2011,0,5498,178,964,1900,373
76120,.,-0.390824,35.056253,.,20.2,21.3,18.8,2.5,2019,0,5472,184,944,1896,369
76121,.,-0.373833,35.074752,.,20.3,21.4,18.9,2.5,2011,0,5498,178,964,1900,373
76122,.,-0.336141,35.07975,.,21.1,22.3,19.6,2.7,1977,0,5808,124,1232,1943,415
76123,.,-0.323101,35.062465,.,21.8,23,20.1,2.9,1898,0,6032,95,1435,1975,449
76124,.,-0.345209,35.07026,.,20.9,22.1,19.4,2.7,1984,0,5731,136,1151,1930,403
76125,.,-0.367232,35.054357,.,20.6,21.8,19.2,2.6,1996,0,5627,153,1066,1915,388
76126,.,-0.345252,35.076604,.,20.9,22.1,19.4,2.7,1994,0,5717,138,1139,1929,400
76127,.,-0.353953,35.05961,.,20.7,21.9,19.3,2.6,1995,0,5661,147,1094,1917,392
76128,.,-0.322747,35.062952,.,21.8,23,20.1,2.9,1898,0,6034,95,1437,1976,449
76129,.,-0.353842,35.059534,.,20.7,21.9,19.3,2.6,1994,0,5663,147,1095,1917,392
76130,.,-0.34219,35.073661,.,21,22.2,19.5,2.7,1981,0,5758,132,1182,1934,407
76131,.,-0.323941,35.063421,.,21.7,22.9,20.1,2.9,1903,0,6017,97,1421,1973,446
76132,.,-0.449634,35.064284,.,20,21.1,18.5,2.6,1983,0,5396,200,886,1899,370
76133,.,-0.462199,35.058904,.,20,21.1,18.6,2.5,1973,0,5415,196,900,1906,377
76134,.,-0.488925,35.063291,.,20,21.1,18.6,2.6,1923,0,5408,198,894,1917,396
76135,.,-0.480438,35.04745,.,20.1,21.2,18.7,2.5,1963,0,5444,189,921,1914,385
76136,.,-0.468567,35.045389,.,20.2,21.2,18.7,2.5,1980,0,5457,186,932,1911,380
76137,.,-0.487416,35.063232,.,20,21.1,18.6,2.5,1927,0,5408,197,895,1917,395
76138,.,-0.48079,35.047719,.,20.1,21.2,18.7,2.5,1962,0,5442,189,920,1914,386
76139,.,-0.46277,35.071496,.,20,21.1,18.5,2.6,1955,0,5398,200,887,1908,381
76140,.,-0.470645,35.050072,.,20.1,21.2,18.7,2.5,1972,0,5442,190,921,1911,382
76141,.,-0.448105,35.062097,.,20,21.1,18.6,2.6,1988,0,5399,200,888,1898,368
76142,.,-0.447493,35.083771,.,19.9,21.1,18.5,2.6,1965,0,5381,204,875,1903,375
76143,.,-0.46082,35.12861,.,19.8,21,18.3,2.7,1882,0,5337,216,836,1918,397
76144,.,-0.453368,35.128127,.,19.8,21,18.3,2.7,1902,0,5331,217,832,1914,390
76145,.,-0.442605,35.179178,.,19.5,20.7,17.9,2.8,1900,0,5215,248,752,1903,383
76146,.,-0.443532,35.179241,.,19.5,20.7,17.9,2.8,1897,0,5216,248,753,1903,384
76147,.,-0.456892,35.132886,.,19.8,21,18.2,2.7,1887,0,5326,218,829,1916,394
76148,.,-0.457422,35.132667,.,19.8,21,18.2,2.7,1886,0,5327,218,829,1917,394
76149,.,-0.458282,35.128595,.,19.8,21,18.3,2.7,1889,0,5334,216,834,1917,395
76150,.,-0.45931,35.136196,.,19.8,21,18.2,2.7,1877,0,5323,219,826,1918,397
76151,.,-0.458341,35.127118,.,19.8,21,18.3,2.7,1890,0,5337,215,836,1917,394
76152,.,-0.412832,35.064253,.,20,21.1,18.6,2.5,2007,0,5390,202,882,1889,360
76153,.,-0.406532,35.077921,.,19.9,21,18.5,2.5,2000,0,5360,209,860,1888,360
76154,.,-0.406468,35.079108,.,19.9,21,18.5,2.5,1999,0,5358,210,858,1887,360
76155,.,-0.412087,35.064243,.,20,21.1,18.6,2.5,2007,0,5390,202,882,1889,360
76156,.,-0.446002,35.098427,.,19.9,21.1,18.4,2.6,1952,0,5370,207,867,1906,378
76157,.,-0.458499,35.085516,.,20,21.1,18.5,2.6,1942,0,5386,203,879,1909,384
76158,.,-0.457798,35.089878,.,20,21.1,18.5,2.6,1937,0,5383,204,876,1910,385
76159,.,-0.458841,35.093172,.,19.9,21.1,18.5,2.6,1931,0,5381,204,875,1912,387
76160,.,-0.466203,35.089291,.,20,21.1,18.5,2.6,1922,0,5388,202,880,1914,392
76161,.,-0.462748,35.092334,.,20,21.1,18.5,2.6,1924,0,5384,203,877,1913,390
76162,.,-0.353409,35.031707,.,21.4,22.5,19.9,2.6,1919,0,5910,110,1319,1955,428
76163,.,-0.426638,35.055205,.,20.1,21.2,18.7,2.6,2012,0,5434,192,915,1896,365
76164,.,-0.41998,35.05593,.,20.1,21.2,18.7,2.5,2014,0,5433,192,914,1895,365
76165,.,-0.431251,35.064343,.,20,21.1,18.5,2.6,2001,0,5391,202,882,1892,361
76166,.,-0.426591,35.055689,.,20.1,21.2,18.7,2.6,2011,0,5431,192,913,1896,365
76167,.,-0.430877,35.054421,.,20.1,21.2,18.7,2.6,2011,0,5436,191,916,1897,365
76168,.,-0.408561,35.045057,.,20.3,21.4,18.9,2.5,2034,0,5514,175,977,1904,372
76169,.,-0.432293,35.064357,.,20,21.1,18.5,2.6,2001,0,5391,202,882,1892,361
76170,.,-0.432248,35.064402,.,20,21.1,18.5,2.6,2001,0,5391,202,882,1892,361
76171,.,-0.414182,35.054518,.,20.1,21.3,18.7,2.5,2018,0,5445,189,924,1896,366
76172,.,-0.429351,35.051743,.,20.1,21.3,18.7,2.6,2014,0,5451,188,928,1899,367
76173,.,-0.431628,35.050189,.,20.2,21.3,18.7,2.6,2014,0,5457,187,933,1901,367
76174,.,-0.443539,35.055424,.,20.1,21.2,18.6,2.6,1999,0,5427,193,909,1900,368
76175,.,-0.432859,35.064529,.,20,21.1,18.5,2.6,2001,0,5390,202,882,1892,361
76176,.,-0.44194,35.057082,.,20.1,21.2,18.6,2.6,2000,0,5419,195,904,1898,366
76177,.,-0.424822,35.058864,.,20,21.2,18.6,2.6,2008,0,5414,196,900,1893,363
76178,.,0.245371,34.171725,.,22.6,23.8,21.2,2.6,1702,0,6336,66,1722,1998,541
76179,.,0.245226,34.171545,.,22.6,23.8,21.2,2.6,1701,0,6336,66,1722,1998,541
76180,.,0.202516,34.195777,.,22.8,23.9,21.3,2.6,1674,0,6384,62,1767,2014,551
76181,.,0.271345,34.162756,.,22.5,23.6,21.2,2.5,1707,0,6301,69,1689,1986,531
76182,.,0.237534,34.171794,.,22.7,23.8,21.2,2.6,1699,0,6344,66,1729,2000,543
76183,.,0.276581,34.197862,.,22.6,23.7,21.2,2.5,1731,0,6330,67,1716,2000,535
76184,.,0.241474,34.16807,.,22.6,23.8,21.2,2.6,1698,0,6338,66,1723,1998,541
76185,.,0.241401,34.16759,.,22.6,23.8,21.2,2.6,1698,0,6337,66,1723,1997,541
76186,.,0.218907,34.157497,.,22.7,23.8,21.2,2.6,1676,0,6354,65,1738,1997,546
76187,.,0.236695,34.16662,.,22.6,23.8,21.2,2.6,1695,0,6341,66,1727,1998,542
76188,.,0.253167,34.147876,.,22.6,23.7,21.2,2.5,1689,0,6308,68,1695,1984,534
76189,.,0.233872,34.159918,.,22.6,23.8,21.2,2.6,1690,0,6340,66,1726,1996,542
76190,.,0.218538,34.14961,.,22.7,23.8,21.2,2.6,1672,0,6350,65,1734,1993,546
76191,.,0.243709,34.169567,.,22.6,23.8,21.2,2.6,1700,0,6336,66,1722,1998,541
76192,.,0.252925,34.145669,.,22.5,23.7,21.2,2.5,1688,0,6307,68,1694,1983,534
76193,.,0.201056,34.197514,.,22.8,23.9,21.3,2.6,1673,0,6385,62,1768,2015,551
76194,.,0.234045,34.267122,.,22.7,23.8,21.2,2.5,1736,0,6352,65,1737,2022,540
76195,.,0.23443,34.266717,.,22.7,23.8,21.2,2.5,1736,0,6352,65,1737,2022,540
76196,.,0.325052,34.224498,.,22.7,23.8,21.4,2.4,1750,0,6372,63,1755,2011,527
76197,.,0.325103,34.224428,.,22.7,23.8,21.4,2.4,1750,0,6372,63,1755,2011,527
76198,.,0.358809,34.174121,.,23,24.1,21.7,2.4,1731,0,6460,56,1837,2031,531
76199,.,0.304514,34.198372,.,22.6,23.6,21.2,2.4,1738,0,6319,67,1705,1995,528
76200,.,0.27093,34.187802,.,22.6,23.7,21.2,2.5,1725,0,6329,67,1715,1999,536
76201,.,0.286594,34.174153,.,22.6,23.6,21.2,2.4,1720,0,6308,68,1695,1990,530
76202,.,0.285801,34.18973,.,22.6,23.7,21.2,2.5,1730,0,6321,67,1708,1996,533
76203,.,0.287553,34.202701,.,22.6,23.7,21.2,2.5,1735,0,6328,67,1714,1999,532
76204,.,0.298695,34.19791,.,22.6,23.6,21.2,2.4,1736,0,6321,67,1707,1996,529
76205,.,0.304662,34.198373,.,22.6,23.6,21.2,2.4,1738,0,6319,67,1705,1995,528
76206,.,0.286226,34.189935,.,22.6,23.7,21.2,2.5,1730,0,6321,67,1708,1996,532
76207,.,0.299343,34.197058,.,22.6,23.6,21.2,2.4,1736,0,6320,67,1706,1996,529
76208,.,0.287438,34.202573,.,22.6,23.7,21.2,2.5,1735,0,6328,67,1714,1999,532
76209,.,0.304509,34.198288,.,22.6,23.6,21.2,2.4,1738,0,6318,67,1705,1995,528
76210,.,0.273168,34.201509,.,22.6,23.7,21.2,2.5,1732,0,6333,66,1719,2001,536
76211,.,0.273232,34.201916,.,22.6,23.7,21.2,2.5,1732,0,6333,66,1719,2001,536
76212,.,0.304509,34.198288,.,22.6,23.6,21.2,2.4,1738,0,6318,67,1705,1995,528
76213,.,0.29458,34.195986,.,22.6,23.6,21.2,2.4,1734,0,6321,67,1707,1996,530
76214,.,0.300215,34.207974,.,22.6,23.7,21.2,2.4,1740,0,6329,66,1715,1999,529
76215,.,0.277627,34.198537,.,22.6,23.7,21.2,2.5,1731,0,6330,67,1716,2000,535
76216,.,0.323453,34.281064,.,22.7,23.8,21.3,2.5,1768,0,6344,65,1729,2018,527
76217,.,0.312656,34.287556,.,22.6,23.7,21.2,2.5,1768,0,6325,67,1711,2016,529
76218,.,0.326778,34.287998,.,22.7,23.8,21.4,2.4,1770,0,6353,65,1738,2021,527
76219,.,0.308391,34.252984,.,22.6,23.7,21.3,2.5,1757,0,6332,66,1717,2008,528
76220,.,0.314253,34.274394,.,22.6,23.7,21.2,2.5,1764,0,6322,67,1708,2013,528
76221,.,0.317606,34.272848,.,22.6,23.7,21.2,2.5,1764,0,6329,67,1715,2014,528
76222,.,0.314272,34.256734,.,22.6,23.7,21.3,2.5,1759,0,6332,66,1717,2010,527
76223,.,0.336824,34.295819,.,22.7,23.9,21.4,2.4,1774,0,6375,63,1758,2026,526
76224,.,0.31327,34.306732,.,22.6,23.8,21.3,2.5,1775,0,6335,66,1720,2022,529
76225,.,0.318813,34.303289,.,22.7,23.8,21.3,2.5,1774,0,6343,65,1728,2022,529
76226,.,0.30964,34.306146,.,22.6,23.8,21.3,2.5,1773,0,6336,66,1721,2022,530
76227,.,0.323453,34.281064,.,22.7,23.8,21.3,2.5,1768,0,6344,65,1729,2018,527
76228,.,0.31582,34.274151,.,22.6,23.7,21.2,2.5,1764,0,6326,67,1711,2013,528
76229,.,0.315764,34.274308,.,22.6,23.7,21.2,2.5,1765,0,6325,67,1711,2013,528
76230,.,0.326268,34.299119,.,22.7,23.8,21.4,2.4,1774,0,6356,64,1740,2023,528
76231,.,0.337047,34.296042,.,22.7,23.9,21.4,2.4,1774,0,6376,63,1758,2026,526
76232,.,0.327532,34.297635,.,22.7,23.8,21.4,2.4,1774,0,6358,64,1742,2024,527
76233,.,0.317338,34.272735,.,22.6,23.7,21.2,2.5,1764,0,6328,67,1714,2013,528
76234,.,0.332047,34.293641,.,22.7,23.8,21.4,2.4,1773,0,6365,64,1749,2024,527
76235,.,0.257298,34.09275,.,22.8,23.9,21.5,2.3,1646,0,6390,62,1772,1985,540
76236,.,0.268751,34.087923,.,22.9,24,21.6,2.3,1647,0,6426,59,1805,1994,543
76237,.,0.238616,34.101099,.,22.6,23.7,21.4,2.4,1647,0,6341,65,1726,1973,536
76238,.,0.262023,34.077655,.,22.9,23.9,21.6,2.3,1635,0,6422,59,1802,1993,545
76239,.,0.248196,34.097171,.,22.7,23.8,21.4,2.4,1646,0,6364,63,1748,1979,538
76240,.,0.26848,34.088095,.,22.9,24,21.6,2.3,1647,0,6425,59,1804,1994,543
76241,.,0.269524,34.088011,.,22.9,24,21.6,2.3,1648,0,6428,59,1807,1995,543
76242,.,0.302133,34.055772,.,23.1,24.2,21.8,2.5,1659,0,6499,54,1873,2024,556
76243,.,0.157591,34.012511,.,23.1,24.2,21.9,2.3,1438,0,6490,54,1867,1968,616
76244,.,0.248756,34.094254,.,22.7,23.8,21.5,2.3,1644,0,6368,63,1751,1980,539
76245,.,0.302124,34.056249,.,23.1,24.2,21.8,2.5,1659,0,6499,54,1874,2024,556
76246,.,0.238655,34.101158,.,22.6,23.7,21.4,2.4,1647,0,6341,65,1726,1973,536
76247,.,0.212259,34.102666,.,22.7,23.7,21.4,2.4,1635,0,6349,65,1734,1974,544
76248,.,0.3696,34.186795,.,23,24.1,21.8,2.3,1741,0,6477,55,1853,2037,529
76249,.,0.372549,34.183881,.,23,24.1,21.8,2.4,1741,0,6482,55,1858,2038,529
76250,.,0.377108,34.179275,.,23.1,24.2,21.8,2.4,1743,0,6489,55,1864,2040,529
76251,.,0.372878,34.183869,.,23,24.1,21.8,2.4,1741,0,6483,55,1858,2038,529
76252,.,0.374865,34.183419,.,23,24.1,21.8,2.4,1742,0,6486,55,1862,2039,529
76253,.,0.351486,34.383414,.,22.7,23.8,21.4,2.4,1815,0,6347,65,1731,2042,527
76254,.,0.42952,34.151102,.,23,24.2,21.8,2.4,1791,0,6481,55,1858,2037,504
76255,.,0.283142,34.249313,.,22.6,23.8,21.2,2.5,1751,0,6338,66,1723,2008,532
76256,.,0.293029,34.253303,.,22.6,23.7,21.2,2.5,1754,0,6334,66,1720,2009,530
76257,.,0.282518,34.249855,.,22.6,23.8,21.2,2.5,1751,0,6338,66,1723,2008,532
76258,.,0.29489,34.247781,.,22.6,23.7,21.2,2.5,1753,0,6337,66,1722,2008,530
76259,.,0.273437,34.328242,.,22.8,23.9,21.4,2.5,1762,0,6382,63,1765,2045,545
76260,.,0.287675,34.369985,.,22.7,24,21.4,2.6,1779,0,6373,63,1756,2052,545
76261,.,0.42055,34.269242,.,23.1,24.2,21.9,2.3,1756,0,6492,54,1867,2064,549
76262,.,0.423953,34.272619,.,23.1,24.3,21.9,2.3,1755,0,6494,54,1869,2066,551
76263,.,0.336299,34.149512,.,22.8,23.8,21.5,2.3,1714,0,6387,62,1769,2010,529
76264,.,0.337045,34.125581,.,22.9,24,21.6,2.4,1710,0,6434,58,1813,2018,535
76265,.,0.335577,34.148576,.,22.8,23.8,21.5,2.3,1713,0,6384,62,1766,2009,529
76266,.,0.337672,34.126105,.,22.9,24,21.6,2.4,1710,0,6435,58,1814,2019,535
76267,.,0.315799,34.376412,.,22.7,23.9,21.4,2.5,1797,0,6348,65,1732,2045,536
76268,.,0.400015,34.120704,.,23.1,24.2,21.7,2.5,1771,0,6493,55,1869,2035,518
76269,.,0.28659,34.174415,.,22.6,23.6,21.2,2.4,1720,0,6308,68,1695,1990,530
76270,.,0.497262,34.253602,.,23.1,24.3,21.9,2.3,1782,0,6489,55,1864,2064,547
76271,.,0.28659,34.174415,.,22.6,23.6,21.2,2.4,1720,0,6308,68,1695,1990,530
76272,.,0.298473,34.265602,.,22.6,23.7,21.2,2.5,1759,0,6326,67,1712,2010,529
76273,.,0.27469,34.100472,.,22.8,24,21.6,2.4,1661,0,6412,60,1793,1992,538
76274,.,0.28072,34.119255,.,22.7,23.8,21.4,2.4,1678,0,6365,64,1748,1988,533
76275,.,0.280965,34.122419,.,22.7,23.8,21.4,2.4,1681,0,6355,64,1739,1987,532
76276,.,0.28072,34.119255,.,22.7,23.8,21.4,2.4,1678,0,6365,64,1748,1988,533
76277,.,0.257204,34.092938,.,22.8,23.9,21.5,2.3,1646,0,6390,62,1771,1985,540
76278,.,0.296124,34.115269,.,22.8,23.9,21.5,2.4,1682,0,6386,62,1768,1994,533
76279,.,0.296124,34.115269,.,22.8,23.9,21.5,2.4,1682,0,6386,62,1768,1994,533
76280,.,0.297534,34.092603,.,22.9,24,21.7,2.4,1669,0,6444,58,1823,2007,542
76281,.,0.330629,34.124269,.,22.9,24,21.6,2.4,1706,0,6418,60,1798,2012,533
76282,.,0.325846,34.204734,.,22.7,23.7,21.4,2.3,1742,0,6361,64,1745,2007,527
76283,.,0.377043,34.203365,.,23,24.1,21.8,2.3,1746,0,6482,55,1858,2041,529
76284,.,0.369538,34.189114,.,23,24.1,21.8,2.3,1742,0,6476,55,1852,2037,529
76285,.,0.320597,34.212563,.,22.7,23.7,21.4,2.4,1745,0,6352,64,1736,2004,526
76286,.,0.32584,34.204709,.,22.7,23.7,21.4,2.3,1742,0,6361,64,1745,2007,527
76287,.,0.325715,34.205132,.,22.7,23.7,21.4,2.3,1743,0,6361,64,1744,2007,527
76288,.,0.147188,34.107945,.,22.9,23.9,21.6,2.4,1533,0,6431,58,1810,1991,593
76289,.,0.14641,34.108337,.,22.9,23.9,21.6,2.4,1531,0,6432,58,1811,1991,594
76290,.,0.191418,34.068469,.,22.7,23.8,21.5,2.3,1573,0,6371,63,1754,1963,556
76291,.,0.139174,34.108182,.,22.9,24,21.6,2.4,1494,0,6441,58,1820,1993,615
76292,.,0.125494,34.069364,.,23,24.1,21.8,2.3,1408,0,6476,55,1851,1985,650
76293,.,0.151412,34.109488,.,22.9,23.9,21.5,2.4,1543,0,6427,59,1806,1991,588
76294,.,0.133046,34.081799,.,23,24,21.7,2.3,1446,0,6456,56,1833,1986,635
76295,.,0.191736,34.069877,.,22.7,23.8,21.5,2.3,1575,0,6371,63,1754,1964,556
76296,.,0.180458,34.080451,.,22.8,23.9,21.5,2.4,1573,0,6389,61,1771,1972,564
76297,.,0.144005,34.068267,.,22.9,24,21.6,2.3,1487,0,6435,58,1814,1978,609
76298,.,0.132259,34.082256,.,23,24,21.7,2.3,1442,0,6458,56,1835,1987,637
76299,.,0.180547,34.079839,.,22.8,23.9,21.5,2.4,1572,0,6389,61,1771,1972,564
76300,.,0.32676,34.133994,.,22.7,23.8,21.5,2.3,1708,0,6379,62,1761,2003,529
76301,.,0.291547,34.126699,.,22.7,23.8,21.4,2.4,1689,0,6346,65,1731,1988,530
76302,.,0.307478,34.136959,.,22.6,23.7,21.3,2.3,1704,0,6316,67,1702,1984,524
76303,.,0.280716,34.124158,.,22.7,23.8,21.4,2.4,1682,0,6350,65,1734,1986,531
76304,.,0.330819,34.133668,.,22.8,23.9,21.5,2.3,1709,0,6394,61,1776,2008,531
76305,.,0.324996,34.135039,.,22.7,23.8,21.5,2.3,1708,0,6370,63,1753,2001,529
76306,.,0.304581,34.137052,.,22.6,23.7,21.3,2.3,1702,0,6315,67,1702,1984,525
76307,.,0.328633,34.132246,.,22.8,23.9,21.5,2.3,1708,0,6390,62,1772,2006,531
76308,.,0.292294,34.125584,.,22.7,23.8,21.4,2.4,1688,0,6350,65,1734,1988,530
76309,.,0.408905,34.140155,.,23.1,24.2,21.7,2.5,1776,0,6490,55,1866,2037,514
76310,.,0.281725,34.260283,.,22.6,23.7,21.2,2.5,1754,0,6334,66,1720,2010,531
76311,.,0.280875,34.180368,.,22.6,23.7,21.2,2.5,1723,0,6316,68,1703,1994,532
76312,.,0.274093,34.143138,.,22.5,23.6,21.2,2.4,1694,0,6291,70,1679,1979,527
76313,.,0.279245,34.180254,.,22.6,23.7,21.2,2.5,1722,0,6317,68,1704,1994,533
76314,.,0.28072,34.119255,.,22.7,23.8,21.4,2.4,1678,0,6365,64,1748,1988,533
76315,.,0.27976,34.180652,.,22.6,23.7,21.2,2.5,1723,0,6317,68,1704,1994,533
76316,.,0.297416,34.188261,.,22.6,23.6,21.2,2.4,1732,0,6313,68,1700,1994,529
76317,.,0.274066,34.140792,.,22.5,23.6,21.2,2.4,1692,0,6298,69,1685,1980,527
76318,.,0.28072,34.119255,.,22.7,23.8,21.4,2.4,1678,0,6365,64,1748,1988,533
76319,.,0.281118,34.140965,.,22.5,23.6,21.2,2.4,1695,0,6298,69,1686,1980,526
76320,.,0.283168,34.090223,.,22.9,24,21.7,2.3,1658,0,6437,58,1816,2001,543
76321,.,0.292858,34.180688,.,22.6,23.6,21.2,2.4,1726,0,6310,68,1697,1992,529
76322,.,0.292858,34.180688,.,22.6,23.6,21.2,2.4,1726,0,6310,68,1697,1992,529
76323,.,0.291603,34.18187,.,22.6,23.6,21.2,2.4,1727,0,6312,68,1699,1993,530
76324,.,0.28072,34.119255,.,22.7,23.8,21.4,2.4,1678,0,6365,64,1748,1988,533
76325,.,0.377554,34.259214,.,23,24.1,21.7,2.3,1759,0,6450,57,1828,2041,531
76326,.,0.316962,34.198904,.,22.6,23.6,21.3,2.4,1740,0,6330,66,1715,1998,526
76327,.,0.379233,34.260152,.,23,24.1,21.7,2.3,1759,0,6452,57,1830,2042,531
76328,.,0.380509,34.257244,.,23,24.1,21.7,2.3,1758,0,6456,57,1833,2043,532
76329,.,0.327185,34.335932,.,22.7,23.8,21.4,2.5,1785,0,6354,64,1738,2033,530
76330,.,0.330057,34.345358,.,22.7,23.8,21.4,2.5,1788,0,6353,65,1737,2036,531
76331,.,0.329716,34.345961,.,22.7,23.8,21.4,2.5,1788,0,6353,65,1737,2036,531
76332,.,0.324345,34.345109,.,22.7,23.8,21.4,2.5,1786,0,6349,65,1733,2035,531
76333,.,0.292481,34.352795,.,22.7,23.9,21.4,2.5,1773,0,6367,64,1750,2047,543
76334,.,0.320673,34.347874,.,22.7,23.8,21.4,2.5,1786,0,6345,65,1729,2035,532
76335,.,0.295689,34.351192,.,22.7,23.9,21.4,2.5,1775,0,6362,64,1746,2044,541
76336,.,0.319712,34.335079,.,22.7,23.8,21.3,2.5,1783,0,6346,65,1730,2032,530
76337,.,0.221378,34.277692,.,22.7,23.8,21.3,2.5,1735,0,6362,64,1747,2028,541
76338,.,0.221327,34.27778,.,22.7,23.8,21.3,2.5,1735,0,6363,64,1747,2028,541
76339,.,0.436087,34.185563,.,23.1,24.3,21.8,2.4,1777,0,6488,55,1864,2045,516
76340,.,0.448987,34.169127,.,23.1,24.3,21.9,2.4,1789,0,6493,55,1869,2044,509
76341,.,0.444986,34.194391,.,23.1,24.3,21.8,2.4,1777,0,6489,55,1864,2049,521
76342,.,0.452521,34.185243,.,23.1,24.3,21.8,2.4,1783,0,6491,55,1866,2048,516
76343,.,0.336144,34.207438,.,22.8,23.8,21.5,2.4,1744,0,6391,61,1773,2015,528
76344,.,0.32104,34.27845,.,22.6,23.8,21.3,2.5,1766,0,6338,66,1723,2016,527
76345,.,0.381757,34.189025,.,23.1,24.2,21.8,2.3,1745,0,6499,54,1873,2044,529
76346,.,0.374507,34.18689,.,23,24.1,21.8,2.4,1743,0,6486,55,1861,2040,529
76347,.,0.392342,34.339884,.,22.9,24.1,21.8,2.3,1776,0,6432,59,1810,2056,542
76348,.,0.408987,34.35228,.,22.9,24.1,21.8,2.3,1773,0,6432,58,1810,2063,548
76349,.,0.43062,34.176873,.,23.1,24.2,21.8,2.4,1778,0,6490,55,1865,2044,514
76350,.,0.422355,34.175576,.,23.1,24.2,21.8,2.4,1773,0,6496,54,1871,2045,517
76351,.,0.362619,34.207427,.,23,24.1,21.7,2.4,1745,0,6456,57,1833,2033,530
76352,.,0.362361,34.207519,.,23,24.1,21.7,2.4,1745,0,6455,57,1833,2033,530
76353,.,0.283065,34.249471,.,22.6,23.8,21.2,2.5,1751,0,6338,66,1723,2008,532
76354,.,0.450629,34.153907,.,23.1,24.2,21.9,2.4,1797,0,6500,54,1875,2042,504
76355,.,0.313971,34.384945,.,22.7,23.9,21.4,2.5,1801,0,6350,65,1734,2048,537
76356,.,0.431363,34.103294,.,23,24.2,21.7,2.4,1801,0,6478,56,1854,2026,503
76357,.,0.274554,34.22288,.,22.6,23.8,21.2,2.6,1741,0,6341,66,1726,2005,535
76358,.,0.280771,34.1192,.,22.7,23.8,21.4,2.4,1678,0,6365,64,1748,1988,533
76359,.,0.280771,34.1192,.,22.7,23.8,21.4,2.4,1678,0,6365,64,1748,1988,533
76360,.,0.177935,34.500192,.,21.9,23.1,20.6,2.6,1944,0,6080,90,1469,1989,442
76361,.,0.177746,34.500107,.,21.9,23.1,20.6,2.6,1944,0,6080,90,1468,1989,441
76362,.,0.177743,34.500147,.,21.9,23.1,20.6,2.6,1944,0,6080,90,1468,1989,441
76363,.,0.192878,34.541402,.,21.8,23.1,20.5,2.6,1971,0,6055,93,1446,1991,445
76364,.,0.178683,34.546495,.,21.8,23,20.4,2.6,1979,0,6025,96,1420,1984,436
76365,.,0.196462,34.546048,.,21.8,23.1,20.5,2.6,1977,0,6053,93,1445,1991,445
76366,.,0.192805,34.541469,.,21.8,23.1,20.5,2.6,1971,0,6055,93,1446,1991,445
76367,.,0.265569,34.44301,.,22.5,23.7,21.2,2.5,1829,0,6284,70,1671,2037,517
76368,.,0.265992,34.442337,.,22.5,23.7,21.2,2.5,1828,0,6285,70,1673,2038,517
76369,.,0.250565,34.427934,.,22.5,23.7,21.2,2.5,1817,0,6289,70,1677,2037,521
76370,.,0.261561,34.455626,.,22.4,23.7,21.2,2.5,1847,0,6262,72,1651,2034,507
76371,.,0.25428,34.439457,.,22.5,23.7,21.2,2.5,1828,0,6274,71,1662,2035,516
76372,.,0.241117,34.444308,.,22.4,23.6,21.1,2.5,1841,0,6248,73,1638,2029,508
76373,.,0.269929,34.455285,.,22.5,23.7,21.2,2.5,1843,0,6276,71,1664,2038,511
76374,.,0.254682,34.439304,.,22.5,23.7,21.2,2.5,1828,0,6274,71,1662,2035,516
76375,.,0.250557,34.427977,.,22.5,23.7,21.2,2.5,1817,0,6289,70,1677,2037,521
76376,.,0.241288,34.443329,.,22.4,23.6,21.1,2.5,1839,0,6250,73,1640,2029,509
76377,.,0.260937,34.439375,.,22.5,23.7,21.2,2.5,1825,0,6282,70,1670,2037,518
76378,.,0.262262,34.424053,.,22.6,23.8,21.3,2.5,1810,0,6313,68,1699,2043,527
76379,.,0.283536,34.469427,.,22.5,23.8,21.3,2.5,1856,0,6281,70,1669,2044,513
76380,.,0.280859,34.46766,.,22.5,23.7,21.2,2.5,1855,0,6279,71,1666,2043,512
76381,.,0.274221,34.481539,.,22.4,23.7,21.2,2.5,1876,0,6255,73,1644,2038,500
76382,.,0.302378,34.475151,.,22.5,23.8,21.4,2.4,1856,0,6305,68,1691,2054,525
76383,.,0.281758,34.473208,.,22.5,23.7,21.2,2.5,1861,0,6275,71,1662,2043,510
76384,.,0.30431,34.472037,.,22.6,23.8,21.4,2.4,1851,0,6310,68,1696,2055,528
76385,.,0.262935,34.480342,.,22.3,23.6,21.1,2.6,1880,0,6234,75,1624,2031,494
76386,.,0.28095,34.46707,.,22.5,23.7,21.2,2.5,1854,0,6280,71,1667,2043,513
76387,.,0.25733,34.475377,.,22.3,23.6,21,2.6,1875,0,6228,75,1619,2028,493
76388,.,0.28862,34.4847,.,22.5,23.7,21.3,2.5,1877,0,6274,71,1662,2044,509
76389,.,0.284508,34.467601,.,22.5,23.8,21.3,2.5,1853,0,6284,70,1672,2045,515
76390,.,0.275641,34.46424,.,22.5,23.7,21.2,2.5,1852,0,6275,71,1663,2040,510
76391,.,0.288331,34.478614,.,22.5,23.8,21.3,2.5,1866,0,6280,71,1667,2046,512
76392,.,0.25713,34.475273,.,22.3,23.6,21,2.6,1875,0,6228,75,1619,2027,493
76393,.,0.289102,34.502877,.,22.4,23.7,21.2,2.5,1911,0,6257,72,1646,2040,502
76394,.,0.304158,34.476169,.,22.5,23.8,21.4,2.4,1856,0,6307,68,1693,2055,526
76395,.,0.302441,34.474556,.,22.5,23.8,21.4,2.4,1855,0,6305,68,1691,2054,525
76396,.,0.26614,34.468201,.,22.4,23.7,21.1,2.5,1861,0,6254,73,1644,2034,502
76397,.,0.302504,34.479784,.,22.5,23.8,21.4,2.4,1862,0,6301,69,1687,2053,523
76398,.,0.285191,34.469333,.,22.5,23.8,21.3,2.5,1855,0,6284,70,1671,2045,515
76399,.,0.298361,34.501423,.,22.4,23.7,21.2,2.5,1905,0,6266,72,1654,2044,508
76400,.,0.275494,34.461793,.,22.5,23.7,21.2,2.5,1849,0,6277,71,1665,2040,511
76401,.,0.287881,34.48549,.,22.4,23.7,21.2,2.5,1879,0,6272,71,1660,2044,508
76402,.,0.275048,34.462843,.,22.5,23.7,21.2,2.5,1851,0,6275,71,1663,2040,510
76403,.,0.283522,34.469589,.,22.5,23.8,21.3,2.5,1856,0,6281,70,1668,2044,513
76404,.,0.26541,34.469483,.,22.4,23.7,21.1,2.5,1863,0,6252,73,1641,2034,500
76405,.,0.262918,34.48021,.,22.3,23.6,21.1,2.6,1879,0,6234,75,1624,2031,494
76406,.,0.263067,34.48032,.,22.3,23.6,21.1,2.6,1879,0,6234,75,1625,2031,494
76407,.,0.257091,34.475271,.,22.3,23.6,21,2.6,1875,0,6228,75,1619,2027,493
76408,.,0.298819,34.42769,.,22.6,23.9,21.4,2.5,1808,0,6340,66,1723,2057,540
76409,.,0.23339,34.558078,.,22,23.3,20.7,2.6,2003,0,6099,88,1485,2004,456
76410,.,0.228314,34.542311,.,22,23.3,20.7,2.6,1980,0,6098,88,1484,2001,457
76411,.,0.21938,34.546824,.,21.9,23.2,20.6,2.6,1984,0,6083,89,1471,1998,453
76412,.,0.233542,34.557815,.,22,23.3,20.7,2.6,2003,0,6100,88,1485,2005,456
76413,.,0.234847,34.568943,.,21.9,23.2,20.7,2.6,2015,0,6091,89,1478,2005,455
76414,.,0.228314,34.542311,.,22,23.3,20.7,2.6,1980,0,6098,88,1484,2001,457
76415,.,0.225168,34.563901,.,21.9,23.2,20.6,2.6,2009,0,6074,90,1463,1999,451
76416,.,0.233449,34.55848,.,22,23.3,20.7,2.6,2003,0,6099,88,1485,2004,456
76417,.,0.235642,34.568501,.,21.9,23.3,20.7,2.6,2015,0,6094,88,1480,2005,456
76418,.,0.219222,34.547322,.,21.9,23.2,20.6,2.6,1984,0,6082,90,1470,1998,453
76419,.,0.223105,34.565035,.,21.9,23.2,20.6,2.6,2008,0,6069,91,1459,1998,450
76420,.,0.197737,34.402921,.,22.4,23.6,21.1,2.5,1823,0,6268,72,1657,2025,506
76421,.,0.210494,34.41433,.,22.4,23.6,21.1,2.6,1826,0,6261,72,1651,2026,508
76422,.,0.317725,34.486218,.,22.5,23.8,21.4,2.4,1867,0,6307,68,1693,2058,527
76423,.,0.32605,34.486664,.,22.6,23.9,21.4,2.5,1863,0,6310,68,1696,2062,531
76424,.,0.314576,34.487184,.,22.5,23.8,21.4,2.4,1871,0,6304,68,1690,2056,526
76425,.,0.314146,34.488377,.,22.5,23.8,21.4,2.4,1874,0,6302,69,1688,2055,525
76426,.,0.325974,34.486398,.,22.6,23.9,21.4,2.5,1862,0,6310,68,1696,2062,531
76427,.,0.169437,34.460412,.,22,23.3,20.7,2.6,1913,0,6125,85,1508,1994,447
76428,.,0.170418,34.479948,.,21.9,23.1,20.6,2.6,1934,0,6087,89,1475,1987,438
76429,.,0.157754,34.459494,.,22,23.2,20.6,2.6,1921,0,6112,87,1497,1990,439
76430,.,0.170417,34.480295,.,21.9,23.1,20.6,2.6,1934,0,6087,89,1475,1987,438
76431,.,0.15328,34.435345,.,22.1,23.3,20.7,2.6,1901,0,6159,82,1554,1997,451
76432,.,0.156854,34.455054,.,22,23.2,20.7,2.6,1917,0,6120,86,1504,1991,440
76433,.,0.163662,34.475295,.,21.9,23.1,20.6,2.6,1933,0,6086,89,1474,1986,435
76434,.,0.169241,34.461527,.,22,23.3,20.7,2.6,1914,0,6122,86,1505,1993,446
76435,.,0.152545,34.435931,.,22.1,23.3,20.7,2.6,1903,0,6158,82,1545,1996,450
76436,.,0.15828,34.444444,.,22.1,23.3,20.7,2.6,1906,0,6145,83,1534,1995,448
76437,.,0.155786,34.461607,.,22,23.2,20.6,2.6,1925,0,6104,87,1490,1988,436
76438,.,0.156344,34.455056,.,22,23.2,20.7,2.6,1918,0,6120,86,1504,1991,440
76439,.,0.154172,34.446141,.,22.1,23.3,20.7,2.6,1911,0,6137,84,1526,1993,444
76440,.,0.208961,34.479867,.,22.1,23.3,20.7,2.6,1911,0,6139,84,1535,2000,465
76441,.,0.205858,34.483984,.,22.1,23.3,20.7,2.6,1916,0,6132,85,1528,1999,462
76442,.,0.206154,34.484475,.,22.1,23.3,20.7,2.6,1917,0,6132,85,1528,1999,462
76443,.,0.205458,34.472825,.,22.1,23.4,20.8,2.6,1903,0,6147,83,1542,2002,466
76444,.,0.203099,34.498006,.,22,23.3,20.7,2.6,1931,0,6116,86,1499,1998,457
76445,.,0.205078,34.467898,.,22.1,23.4,20.8,2.6,1897,0,6156,82,1550,2004,468
76446,.,0.215357,34.481666,.,22.1,23.4,20.8,2.6,1909,0,6145,83,1540,2002,469
76447,.,0.205721,34.468352,.,22.1,23.4,20.8,2.6,1897,0,6156,82,1550,2004,468
76448,.,0.208961,34.479867,.,22.1,23.3,20.7,2.6,1911,0,6139,84,1535,2000,465
76449,.,0.208428,34.468174,.,22.1,23.4,20.8,2.6,1895,0,6160,82,1554,2005,470
76450,.,0.215357,34.481666,.,22.1,23.4,20.8,2.6,1909,0,6145,83,1540,2002,469
76451,.,0.206036,34.484166,.,22.1,23.3,20.7,2.6,1917,0,6132,85,1528,1999,462
76452,.,0.208157,34.467857,.,22.1,23.4,20.8,2.6,1895,0,6160,82,1554,2005,470
76453,.,0.205669,34.472945,.,22.1,23.4,20.8,2.6,1903,0,6148,83,1543,2002,466
76454,.,0.199046,34.485417,.,22,23.3,20.7,2.6,1921,0,6123,85,1513,1996,458
76455,.,0.209349,34.479346,.,22.1,23.3,20.8,2.6,1910,0,6140,84,1536,2000,465
76456,.,0.208449,34.46819,.,22.1,23.4,20.8,2.6,1895,0,6160,82,1554,2005,470
76457,.,0.190136,34.562611,.,21.7,23,20.4,2.6,1989,0,6020,96,1416,1985,441
76458,.,0.192823,34.541575,.,21.8,23.1,20.5,2.6,1971,0,6055,93,1446,1991,445
76459,.,0.266261,34.517281,.,22.3,23.6,21,2.6,1944,0,6226,75,1617,2030,486
76460,.,0.205757,34.526794,.,21.9,23.2,20.6,2.6,1958,0,6089,89,1476,1997,452
76461,.,0.268382,34.522502,.,22.3,23.6,21.1,2.6,1953,0,6229,75,1620,2032,486
76462,.,0.192882,34.54147,.,21.8,23.1,20.5,2.6,1971,0,6055,93,1446,1991,445
76463,.,0.220896,34.506633,.,22,23.3,20.7,2.6,1934,0,6125,85,1515,2002,465
76464,.,0.192242,34.540048,.,21.8,23.1,20.5,2.6,1970,0,6056,92,1447,1991,445
76465,.,0.25168,34.531768,.,22.2,23.5,20.9,2.6,1965,0,6174,80,1566,2019,474
76466,.,0.192578,34.540737,.,21.8,23.1,20.5,2.6,1971,0,6056,92,1447,1991,445
76467,.,0.264604,34.517863,.,22.3,23.6,21,2.6,1945,0,6221,76,1612,2029,485
76468,.,0.182,34.596267,.,21.6,22.8,20.3,2.5,2022,0,5962,103,1365,1978,434
76469,.,0.191588,34.541483,.,21.8,23.1,20.5,2.6,1971,0,6054,93,1445,1990,444
76470,.,0.167104,34.56651,.,21.6,22.9,20.3,2.6,2001,0,5980,101,1381,1977,428
76471,.,0.199642,34.54952,.,21.8,23.1,20.5,2.6,1981,0,6053,93,1444,1991,446
76472,.,0.215726,34.579573,.,21.8,23.1,20.5,2.6,2018,0,6035,95,1429,1992,447
76473,.,0.199539,34.549681,.,21.8,23.1,20.5,2.6,1981,0,6052,93,1444,1991,446
76474,.,0.182,34.596267,.,21.6,22.8,20.3,2.5,2022,0,5962,103,1365,1978,434
76475,.,0.215927,34.58465,.,21.8,23,20.5,2.6,2023,0,6028,96,1423,1991,446
76476,.,0.199244,34.549885,.,21.8,23.1,20.5,2.6,1981,0,6052,93,1443,1991,446
76477,.,0.219035,34.579305,.,21.8,23.1,20.5,2.6,2019,0,6041,94,1434,1994,448
76478,.,0.192754,34.541536,.,21.8,23.1,20.5,2.6,1971,0,6055,93,1446,1991,445
76479,.,0.198606,34.53995,.,21.9,23.1,20.5,2.6,1971,0,6064,92,1454,1993,447
76480,.,0.355165,34.428605,.,22.6,23.9,21.4,2.4,1843,0,6336,66,1721,2053,531
76481,.,0.050113,34.381465,.,21.9,23.1,20.7,2.4,1922,0,6088,88,1475,1970,434
76482,.,0.354436,34.428197,.,22.6,23.9,21.4,2.4,1842,0,6337,66,1721,2053,531
76483,.,0.352077,34.434032,.,22.6,23.9,21.4,2.4,1844,0,6337,66,1721,2056,533
76484,.,0.35505,34.426293,.,22.6,23.9,21.4,2.4,1841,0,6337,66,1721,2052,530
76485,.,0.358551,34.612785,.,22.2,23.5,20.9,2.6,2036,0,6175,80,1561,2048,491
76486,.,0.356635,34.586927,.,22.3,23.6,21.1,2.6,1996,0,6216,76,1605,2053,500
76487,.,0.358955,34.595005,.,22.3,23.6,21,2.6,2007,0,6208,77,1598,2052,497
76488,.,0.566835,34.564038,.,22,23.3,20.9,2.4,1976,0,6113,86,1505,2035,505
76489,.,0.359431,34.613003,.,22.2,23.5,20.9,2.6,2035,0,6176,80,1562,2048,491
76490,.,0.566813,34.565354,.,22,23.3,20.9,2.5,1976,0,6112,86,1504,2035,506
76491,.,0.359001,34.613019,.,22.2,23.5,20.9,2.6,2035,0,6176,80,1562,2048,491
76492,.,0.355667,34.626058,.,22.1,23.4,20.9,2.6,2057,0,6144,83,1533,2043,487
76493,.,0.358986,34.595921,.,22.3,23.6,21,2.6,2009,0,6207,77,1597,2052,497
76494,.,0.356869,34.594708,.,22.3,23.6,21,2.6,2010,0,6204,77,1595,2051,497
76495,.,0.427123,34.427303,.,22.7,23.9,21.5,2.4,1845,0,6347,65,1730,2059,521
76496,.,0.427045,34.42821,.,22.7,23.9,21.5,2.4,1846,0,6345,65,1729,2059,521
76497,.,0.429329,34.426356,.,22.7,23.9,21.5,2.4,1844,0,6349,65,1733,2060,522
76498,.,0.27796,34.551226,.,22.3,23.6,21,2.6,1993,0,6214,77,1603,2036,482
76499,.,0.298361,34.501423,.,22.4,23.7,21.2,2.5,1905,0,6266,72,1654,2044,508
76500,.,0.271292,34.53953,.,22.3,23.6,21,2.6,1978,0,6224,76,1612,2034,483
76501,.,0.276802,34.549764,.,22.3,23.6,21,2.6,1992,0,6215,76,1605,2035,482
76502,.,0.289743,34.534797,.,22.3,23.6,21.1,2.5,1966,0,6226,75,1615,2036,490
76503,.,0.28817,34.50454,.,22.4,23.7,21.2,2.5,1915,0,6255,73,1644,2040,500
76504,.,0.234226,34.522656,.,22.1,23.4,20.8,2.6,1951,0,6130,85,1520,2006,466
76505,.,0.277454,34.537712,.,22.3,23.6,21,2.6,1974,0,6225,75,1613,2035,485
76506,.,0.283471,34.536103,.,22.3,23.6,21.1,2.5,1970,0,6226,75,1614,2036,487
76507,.,0.246379,34.559512,.,22.1,23.4,20.8,2.6,2005,0,6137,84,1526,2015,464
76508,.,0.298361,34.501423,.,22.4,23.7,21.2,2.5,1905,0,6266,72,1654,2044,508
76509,.,0.280788,34.52938,.,22.3,23.6,21.1,2.5,1961,0,6231,75,1622,2035,488
76510,.,0.272137,34.539843,.,22.3,23.6,21,2.6,1979,0,6223,76,1612,2035,483
76511,.,0.221527,34.621172,.,21.7,23,20.4,2.6,2062,0,5996,99,1395,1993,447
76512,.,0.278268,34.549495,.,22.3,23.6,21,2.6,1991,0,6215,76,1604,2036,482
76513,.,0.287927,34.50454,.,22.4,23.7,21.2,2.5,1915,0,6255,73,1644,2039,500
76514,.,0.278871,34.554437,.,22.3,23.6,21,2.6,1998,0,6211,77,1601,2036,481
76515,.,0.180718,34.53764,.,21.8,23,20.5,2.6,1971,0,6042,94,1435,1987,439
76516,.,0.248155,34.501514,.,22.2,23.5,20.9,2.6,1919,0,6187,79,1578,2018,481
76517,.,0.255896,34.494845,.,22.3,23.6,21,2.6,1907,0,6210,77,1600,2024,487
76518,.,0.248095,34.501475,.,22.2,23.5,20.9,2.6,1919,0,6187,79,1578,2018,481
76519,.,0.255642,34.493882,.,22.3,23.6,21,2.6,1905,0,6210,77,1600,2024,487
76520,.,0.271126,34.507683,.,22.4,23.6,21.1,2.5,1927,0,6242,74,1632,2034,491
76521,.,0.235466,34.500451,.,22.1,23.4,20.8,2.6,1922,0,6156,82,1550,2009,474
76522,.,0.257366,34.494359,.,22.3,23.6,21,2.6,1906,0,6214,76,1603,2025,488
76523,.,0.271537,34.508177,.,22.4,23.6,21.1,2.5,1927,0,6242,74,1632,2034,491
76524,.,0.27834,34.494227,.,22.4,23.7,21.2,2.5,1899,0,6254,73,1643,2038,498
76525,.,0.278226,34.490301,.,22.4,23.7,21.2,2.5,1891,0,6256,73,1645,2039,500
76526,.,0.278288,34.491945,.,22.4,23.7,21.2,2.5,1894,0,6255,73,1645,2038,499
76527,.,0.271712,34.507801,.,22.4,23.6,21.1,2.5,1927,0,6242,74,1632,2034,491
76528,.,0.25915,34.486284,.,22.3,23.6,21,2.6,1891,0,6223,76,1614,2027,491
76529,.,0.25884,34.486093,.,22.3,23.6,21,2.6,1891,0,6222,76,1613,2027,491
76530,.,0.230562,34.524351,.,22,23.3,20.8,2.6,1954,0,6118,86,1510,2003,464
76531,.,0.230513,34.524384,.,22,23.3,20.8,2.6,1954,0,6118,86,1509,2003,464
76532,.,0.227951,34.506799,.,22.1,23.3,20.8,2.6,1932,0,6132,84,1521,2003,468
76533,.,0.28463,34.723536,.,21.5,22.9,20.3,2.6,2220,0,5945,106,1351,2017,422
76534,.,0.2202,34.500433,.,22.1,23.3,20.8,2.6,1927,0,6131,85,1520,2002,466
76535,.,0.227936,34.506904,.,22.1,23.3,20.8,2.6,1932,0,6132,84,1521,2003,468
76536,.,0.19752,34.543075,.,21.9,23.1,20.5,2.6,1974,0,6059,92,1449,1992,446
76537,.,0.228873,34.419318,.,22.5,23.7,21.1,2.5,1818,0,6275,71,1663,2032,518
76538,.,0.207263,34.429666,.,22.3,23.6,21,2.6,1845,0,6229,75,1620,2021,497
76539,.,0.198471,34.428173,.,22.3,23.6,20.9,2.6,1850,0,6220,76,1612,2017,491
76540,.,0.207685,34.433582,.,22.3,23.6,21,2.6,1849,0,6222,76,1614,2020,495
76541,.,0.229193,34.423852,.,22.4,23.7,21.1,2.5,1822,0,6268,72,1657,2031,517
76542,.,0.230804,34.430142,.,22.4,23.7,21.1,2.5,1828,0,6259,72,1648,2030,514
76543,.,0.210337,34.440328,.,22.3,23.5,21,2.6,1855,0,6213,77,1603,2019,492
76544,.,0.223699,34.414926,.,22.5,23.7,21.1,2.6,1817,0,6276,71,1665,2031,517
76545,.,0.23641,34.439343,.,22.4,23.6,21.1,2.5,1836,0,6250,73,1640,2030,511
76546,.,0.199348,34.451885,.,22.2,23.5,20.8,2.6,1879,0,6178,80,1570,2009,474
76547,.,0.239821,34.436855,.,22.4,23.7,21.1,2.5,1831,0,6259,72,1648,2031,514
76548,.,0.199991,34.447301,.,22.2,23.5,20.9,2.6,1872,0,6187,79,1579,2011,478
76549,.,0.198465,34.42801,.,22.3,23.6,21,2.6,1850,0,6221,76,1613,2018,491
76550,.,0.200532,34.428146,.,22.3,23.6,21,2.6,1848,0,6223,76,1615,2018,492
76551,.,0.229194,34.421602,.,22.4,23.7,21.1,2.5,1820,0,6272,71,1660,2032,518
76552,.,0.257237,34.446958,.,22.4,23.7,21.2,2.5,1837,0,6267,72,1656,2034,512
76553,.,0.229279,34.419678,.,22.5,23.7,21.1,2.5,1818,0,6275,71,1663,2032,518
76554,.,0.207228,34.429663,.,22.3,23.6,21,2.6,1845,0,6229,75,1620,2021,497
76555,.,0.236043,34.437351,.,22.4,23.6,21.1,2.5,1833,0,6253,73,1643,2030,513
76556,.,0.219631,34.444612,.,22.3,23.6,21,2.6,1854,0,6218,76,1607,2021,496
76557,.,0.198781,34.451448,.,22.2,23.5,20.8,2.6,1879,0,6178,80,1570,2008,474
76558,.,0.226955,34.4218,.,22.4,23.7,21.1,2.6,1822,0,6268,72,1657,2031,516
76559,.,0.228634,34.426132,.,22.4,23.7,21.1,2.5,1825,0,6263,72,1652,2031,515
76560,.,0.224432,34.417491,.,22.5,23.7,21.1,2.6,1819,0,6273,71,1661,2031,516
76561,.,0.168684,34.37094,.,22.4,23.6,21.1,2.5,1814,0,6272,71,1661,2017,502
76562,.,0.170762,34.40876,.,22.3,23.5,21,2.5,1853,0,6223,76,1615,2012,484
76563,.,-0.222389,34.072468,.,23.9,25.4,23.1,2.3,1400,0,6784,38,2152,1994,615
76564,.,0.164039,34.420827,.,22.2,23.4,20.9,2.6,1873,0,6194,78,1585,2005,471
76565,.,0.163941,34.421165,.,22.2,23.4,20.9,2.6,1874,0,6193,79,1585,2005,470
76566,.,0.170759,34.409166,.,22.3,23.5,21,2.5,1854,0,6222,76,1614,2012,484
76567,.,0.170506,34.41932,.,22.3,23.5,20.9,2.6,1865,0,6204,78,1594,2008,476
76568,.,0.165715,34.404413,.,22.3,23.5,21,2.5,1853,0,6223,76,1615,2011,484
76569,.,0.176412,34.392904,.,22.4,23.6,21.1,2.5,1830,0,6256,73,1646,2019,498
76570,.,0.168318,34.414186,.,22.3,23.5,20.9,2.6,1862,0,6210,77,1600,2009,479
76571,.,0.166639,34.415917,.,22.3,23.5,20.9,2.6,1865,0,6205,77,1596,2008,476
76572,.,0.175543,34.393525,.,22.4,23.6,21,2.5,1832,0,6254,73,1645,2018,497
76573,.,0.177063,34.393402,.,22.4,23.6,21.1,2.5,1830,0,6257,73,1647,2019,498
76574,.,0.164282,34.40175,.,22.3,23.5,21,2.5,1851,0,6226,75,1618,2011,485
76575,.,0.164904,34.403774,.,22.3,23.5,21,2.5,1853,0,6223,76,1615,2010,484
76576,.,0.168946,34.370206,.,22.5,23.6,21.1,2.5,1813,0,6273,71,1662,2017,503
76577,.,0.165108,34.400676,.,22.3,23.5,21,2.5,1849,0,6229,75,1621,2011,487
76578,.,0.176447,34.393012,.,22.4,23.6,21.1,2.5,1831,0,6256,73,1646,2019,498
76579,.,0.164323,34.401836,.,22.3,23.5,21,2.5,1851,0,6226,75,1618,2011,485
76580,.,0.163358,34.400679,.,22.3,23.5,21,2.5,1851,0,6226,75,1618,2011,485
76581,.,0.199591,34.544359,.,21.9,23.1,20.5,2.6,1976,0,6060,92,1450,1992,447
76582,.,0.192624,34.541545,.,21.8,23.1,20.5,2.6,1971,0,6055,93,1446,1991,445
76583,.,0.233721,34.466155,.,22.2,23.5,20.9,2.6,1876,0,6197,78,1588,2016,487
76584,.,0.19283,34.541378,.,21.8,23.1,20.5,2.6,1971,0,6055,93,1446,1991,445
76585,.,0.209406,34.557362,.,21.8,23.1,20.5,2.6,1993,0,6057,92,1448,1993,447
76586,.,0.172951,34.506121,.,21.9,23.1,20.5,2.6,1952,0,6065,91,1456,1987,437
76587,.,0.184685,34.507204,.,21.9,23.1,20.6,2.6,1945,0,6086,89,1474,1992,446
76588,.,0.173302,34.504462,.,21.9,23.1,20.5,2.6,1950,0,6068,91,1458,1987,438
76589,.,0.192806,34.541414,.,21.8,23.1,20.5,2.6,1971,0,6055,93,1446,1991,445
76590,.,0.192764,34.541437,.,21.8,23.1,20.5,2.6,1971,0,6055,93,1446,1991,445
76591,.,0.207777,34.496441,.,22,23.3,20.7,2.6,1927,0,6122,86,1513,1999,460
76592,.,0.223904,34.446541,.,22.3,23.6,21,2.6,1854,0,6220,76,1609,2021,498
76593,.,1.058545,35.158182,.,19.6,20.9,18.5,2.4,1935,0,5274,233,792,1983,752
76594,.,1.061994,35.165629,.,19.6,20.9,18.5,2.4,1931,0,5264,235,785,1978,750
76595,.,1.062,35.165681,.,19.6,20.9,18.5,2.4,1931,0,5264,235,785,1978,750
76596,.,1.061773,35.197974,.,19.5,20.6,18.4,2.3,1907,0,5207,250,747,1957,739
76597,.,1.040212,35.200787,.,19.6,20.8,18.4,2.3,1892,0,5244,241,773,1968,746
76598,.,1.061532,35.198171,.,19.5,20.6,18.4,2.3,1907,0,5207,250,747,1957,739
76599,.,1.04753,35.197744,.,19.5,20.7,18.4,2.3,1898,0,5237,242,768,1966,744
76600,.,1.06207,35.165624,.,19.6,20.9,18.5,2.4,1931,0,5264,235,785,1978,750
76601,.,1.062005,35.165768,.,19.6,20.9,18.5,2.4,1930,0,5264,235,785,1978,750
76602,.,1.044,35.202223,.,19.5,20.7,18.4,2.3,1894,0,5232,244,764,1965,744
76603,.,1.054489,35.154607,.,19.7,20.9,18.6,2.4,1936,0,5278,232,795,1986,753
76604,.,1.042338,35.201702,.,19.5,20.8,18.4,2.3,1893,0,5237,242,768,1966,745
76605,.,1.040082,35.201198,.,19.6,20.8,18.4,2.3,1892,0,5244,241,772,1968,746
76606,.,1.059827,35.199062,.,19.5,20.6,18.4,2.3,1905,0,5208,250,747,1957,739
76607,.,1.055258,35.200369,.,19.5,20.7,18.4,2.3,1902,0,5213,249,751,1959,740
76608,.,1.055285,35.200424,.,19.5,20.7,18.4,2.3,1902,0,5213,249,751,1959,740
76609,.,1.073525,35.205186,.,19.2,20.4,18.2,2.2,1921,0,5132,272,697,1944,727
76610,.,1.049214,35.196722,.,19.5,20.7,18.4,2.3,1900,0,5237,242,767,1965,744
76611,.,1.072638,35.204062,.,19.3,20.4,18.2,2.2,1920,0,5141,269,702,1945,728
76612,.,1.044322,35.204863,.,19.5,20.7,18.4,2.3,1893,0,5224,246,759,1962,742
76613,.,1.043224,35.209056,.,19.5,20.7,18.4,2.3,1891,0,5215,248,753,1960,741
76614,.,1.041094,35.201081,.,19.6,20.8,18.4,2.3,1893,0,5242,241,771,1967,745
76615,.,1.044363,35.204395,.,19.5,20.7,18.4,2.3,1893,0,5226,245,760,1963,743
76616,.,0.888933,35.107602,.,19.8,21.3,18.7,2.6,1872,0,5330,219,841,2010,732
76617,.,0.880511,35.113014,.,19.7,21.3,18.7,2.6,1869,0,5309,225,826,2005,726
76618,.,0.895279,35.109404,.,19.8,21.3,18.8,2.6,1872,0,5338,217,846,2012,736
76619,.,0.887994,35.106435,.,19.8,21.3,18.8,2.6,1872,0,5330,219,841,2010,731
76620,.,0.889403,35.109416,.,19.8,21.3,18.7,2.6,1871,0,5328,220,840,2010,732
76621,.,1.001637,35.115243,.,19.7,21.2,18.6,2.5,1882,0,5285,230,807,2000,752
76622,.,1.00513,35.117945,.,19.7,21.2,18.6,2.5,1885,0,5282,231,806,1999,752
76623,.,0.991683,35.109754,.,19.7,21.2,18.7,2.6,1879,0,5292,228,813,2003,752
76624,.,0.993622,35.112043,.,19.7,21.2,18.7,2.6,1880,0,5290,229,811,2002,752
76625,.,0.993394,35.109564,.,19.7,21.2,18.7,2.6,1879,0,5291,228,812,2003,752
76626,.,1.000591,35.115474,.,19.7,21.2,18.6,2.6,1882,0,5285,230,808,2001,752
76627,.,0.997128,35.122457,.,19.7,21.2,18.6,2.6,1886,0,5284,230,807,2000,752
76628,.,0.992589,35.111468,.,19.7,21.2,18.7,2.6,1880,0,5291,228,812,2003,752
76629,.,1.012922,35.107868,.,19.7,21.2,18.6,2.5,1876,0,5279,231,804,2000,752
76630,.,0.993666,35.11074,.,19.7,21.2,18.7,2.6,1879,0,5290,229,812,2002,752
76631,.,0.986591,35.11142,.,19.7,21.3,18.7,2.6,1879,0,5294,228,814,2004,752
76632,.,1.001659,35.115261,.,19.7,21.2,18.6,2.5,1882,0,5284,230,807,2000,752
76633,.,0.999877,35.115229,.,19.7,21.2,18.6,2.6,1882,0,5285,230,808,2001,752
76634,.,1.006336,35.108269,.,19.7,21.2,18.7,2.5,1877,0,5283,230,807,2001,752
76635,.,0.954273,35.034918,.,19.8,21.2,18.8,2.4,1820,0,5313,222,827,2002,752
76636,.,0.97743,35.081387,.,19.7,21.3,18.7,2.6,1853,0,5308,224,824,2006,754
76637,.,0.987735,35.070751,.,19.8,21.3,18.8,2.5,1843,0,5311,223,826,2007,757
76638,.,0.956113,35.031902,.,19.8,21.2,18.8,2.4,1820,0,5312,223,826,2001,753
76639,.,0.987192,35.071066,.,19.8,21.3,18.8,2.5,1844,0,5311,223,826,2007,756
76640,.,0.959733,35.069199,.,19.7,21.3,18.7,2.6,1834,0,5309,223,825,2004,749
76641,.,0.954607,35.033085,.,19.8,21.2,18.8,2.4,1820,0,5313,222,827,2001,752
76642,.,0.978983,35.080667,.,19.7,21.3,18.7,2.6,1852,0,5307,224,823,2006,754
76643,.,0.98206,35.07172,.,19.7,21.3,18.8,2.5,1843,0,5309,223,825,2006,755
76644,.,1.104909,35.104059,.,19.5,21,18.5,2.5,1930,0,5226,246,766,1984,742
76645,.,0.981564,34.971936,.,19.8,21.2,18.9,2.3,1814,0,5313,222,827,2013,769
76646,.,1.104199,35.054002,.,19.5,20.9,18.5,2.4,1904,0,5204,252,744,1972,741
76647,.,1.104317,35.104038,.,19.5,21,18.5,2.5,1929,0,5227,246,767,1984,742
76648,.,1.100763,35.082876,.,19.5,21,18.5,2.5,1918,0,5213,250,750,1978,741
76649,.,1.093206,35.088948,.,19.5,21,18.5,2.5,1914,0,5227,246,767,1982,744
76650,.,0.982159,34.97404,.,19.8,21.2,18.9,2.3,1815,0,5311,223,826,2013,769
76651,.,1.100725,35.082859,.,19.5,21,18.5,2.5,1918,0,5213,250,750,1978,741
76652,.,1.102339,35.079825,.,19.5,21,18.5,2.5,1919,0,5207,251,746,1976,740
76653,.,1.091358,35.08949,.,19.5,21,18.5,2.5,1912,0,5229,245,768,1983,744
76654,.,1.099713,35.074817,.,19.5,21,18.5,2.4,1914,0,5208,251,747,1976,740
76655,.,0.667529,34.558791,.,21.5,22.8,20.5,2.4,1959,0,5937,106,1342,2024,536
76656,.,0.604431,34.601691,.,21.7,23.1,20.6,2.5,1980,0,6022,96,1416,2033,522
76657,.,0.615695,34.606769,.,21.7,23.1,20.5,2.5,1975,0,6002,98,1399,2035,530
76658,.,0.604957,34.601237,.,21.7,23.1,20.6,2.5,1980,0,6022,96,1416,2033,522
76659,.,0.615495,34.604041,.,21.7,23.1,20.5,2.5,1975,0,6002,99,1399,2033,528
76660,.,0.615903,34.606203,.,21.7,23.1,20.5,2.5,1975,0,6001,99,1399,2034,529
76661,.,0.681597,34.52767,.,21.8,23.1,20.8,2.3,1942,0,6047,93,1439,2039,549
76662,.,0.661045,34.539404,.,21.7,23,20.6,2.4,1957,0,5999,98,1396,2026,531
76663,.,0.681586,34.527714,.,21.8,23.1,20.8,2.3,1942,0,6047,93,1439,2039,549
76664,.,0.67786,34.531637,.,21.8,23.1,20.7,2.3,1946,0,6031,94,1425,2036,545
76665,.,0.681681,34.524691,.,21.8,23.1,20.8,2.3,1941,0,6058,91,1448,2040,549
76666,.,0.677572,34.532109,.,21.8,23.1,20.7,2.3,1946,0,6029,95,1423,2035,545
76667,.,0.67541,34.535366,.,21.7,23,20.7,2.3,1948,0,6017,96,1412,2033,543
76668,.,0.683926,34.525534,.,21.8,23.1,20.8,2.3,1940,0,6056,92,1447,2041,551
76669,.,0.659225,34.540095,.,21.7,23,20.6,2.4,1958,0,5996,99,1394,2025,530
76670,.,0.622776,34.490935,.,22.2,23.5,21.1,2.4,1948,0,6198,77,1589,2043,528
76671,.,0.622699,34.490741,.,22.2,23.5,21.1,2.4,1948,0,6199,77,1590,2043,528
76672,.,0.668101,34.538693,.,21.7,23,20.6,2.4,1953,0,6003,98,1400,2029,537
76673,.,0.684349,34.553047,.,21.6,22.9,20.6,2.3,1948,0,5957,103,1360,2032,549
76674,.,0.66806,34.538467,.,21.7,23,20.6,2.4,1953,0,6004,98,1401,2029,537
76675,.,0.678385,34.542946,.,21.7,23,20.6,2.3,1949,0,5992,99,1390,2032,545
76676,.,0.678359,34.543588,.,21.7,22.9,20.6,2.3,1949,0,5990,99,1388,2032,545
76677,.,0.682324,34.547313,.,21.6,22.9,20.6,2.3,1948,0,5977,101,1377,2033,548
76678,.,0.671135,34.51697,.,21.9,23.2,20.8,2.4,1944,0,6078,89,1466,2037,541
76679,.,0.650258,34.524082,.,21.8,23.1,20.7,2.5,1959,0,6040,94,1432,2023,522
76680,.,0.64426,34.521125,.,21.8,23.2,20.7,2.5,1961,0,6049,93,1440,2022,518
76681,.,0.653893,34.519606,.,21.8,23.2,20.7,2.5,1956,0,6056,92,1447,2027,526
76682,.,0.650425,34.524036,.,21.8,23.1,20.7,2.5,1959,0,6040,94,1433,2024,522
76683,.,0.654379,34.520599,.,21.8,23.2,20.7,2.5,1956,0,6053,92,1444,2026,526
76684,.,0.655624,34.519002,.,21.9,23.2,20.7,2.5,1955,0,6059,92,1449,2028,527
76685,.,0.67082,34.516397,.,21.9,23.2,20.8,2.4,1944,0,6080,89,1467,2037,541
76686,.,0.672123,34.517448,.,21.9,23.2,20.8,2.4,1944,0,6077,89,1465,2037,542
76687,.,0.654345,34.520225,.,21.8,23.2,20.7,2.5,1956,0,6054,92,1445,2027,526
76688,.,0.654123,34.522933,.,21.8,23.1,20.7,2.5,1957,0,6046,93,1438,2026,525
76689,.,0.653794,34.522327,.,21.8,23.1,20.7,2.5,1957,0,6047,93,1439,2026,525
76690,.,0.661218,34.457084,.,22.5,23.8,21.3,2.4,1921,0,6277,70,1662,2060,556
76691,.,0.644292,34.43347,.,22.7,24,21.6,2.4,1921,0,6357,64,1740,2069,556
76692,.,0.660835,34.457689,.,22.5,23.8,21.3,2.4,1922,0,6275,71,1660,2060,556
76693,.,0.674861,34.436635,.,22.6,24,21.5,2.5,1905,0,6341,65,1725,2071,569
76694,.,0.651022,34.451597,.,22.5,23.8,21.4,2.4,1926,0,6294,69,1677,2060,552
76695,.,0.65134,34.451802,.,22.5,23.8,21.4,2.4,1926,0,6293,69,1677,2060,552
76696,.,0.64116,34.434241,.,22.7,24,21.6,2.4,1921,0,6359,64,1742,2069,555
76697,.,0.664554,34.453085,.,22.5,23.8,21.4,2.4,1917,0,6292,69,1676,2063,560
76698,.,0.666985,34.440964,.,22.6,23.9,21.5,2.4,1911,0,6332,66,1717,2069,564
76699,.,0.670711,34.433863,.,22.6,23.9,21.5,2.4,1909,0,6341,65,1725,2070,566
76700,.,0.639498,34.436302,.,22.7,24,21.6,2.4,1921,0,6357,64,1740,2069,554
76701,.,0.670711,34.433863,.,22.6,23.9,21.5,2.4,1909,0,6341,65,1725,2070,566
76702,.,0.660594,34.457658,.,22.5,23.8,21.3,2.4,1922,0,6275,71,1660,2060,556
76703,.,0.648436,34.542246,.,21.6,23,20.5,2.5,1965,0,5987,100,1385,2019,521
76704,.,0.662713,34.523622,.,21.8,23.1,20.7,2.4,1952,0,6049,93,1441,2030,533
76705,.,0.660352,34.545601,.,21.6,23,20.6,2.4,1959,0,5979,101,1379,2024,531
76706,.,0.661697,34.537158,.,21.7,23,20.6,2.4,1956,0,6006,98,1403,2026,532
76707,.,0.659872,34.547184,.,21.6,22.9,20.5,2.4,1960,0,5974,101,1375,2023,530
76708,.,0.658795,34.541763,.,21.7,23,20.6,2.4,1959,0,5991,99,1389,2024,529
76709,.,0.660651,34.539733,.,21.7,23,20.6,2.4,1958,0,5998,99,1395,2025,531
76710,.,0.63791,34.521508,.,21.9,23.2,20.7,2.5,1960,0,6061,92,1451,2023,516
76711,.,0.650823,34.551221,.,21.6,22.9,20.5,2.4,1966,0,5961,103,1363,2019,523
76712,.,0.585787,34.507789,.,22.3,23.6,21.1,2.5,1948,0,6210,76,1601,2045,519
76713,.,0.713427,34.587898,.,21.3,22.7,20.4,2.3,1936,0,5876,114,1289,2038,582
76714,.,0.723346,34.56528,.,21.3,22.5,20.3,2.2,1936,0,5847,118,1264,2025,571
76715,.,0.742355,34.595407,.,21.1,22.5,20.1,2.3,1934,0,5802,124,1226,2034,601
76716,.,0.723705,34.564696,.,21.2,22.5,20.3,2.2,1936,0,5846,118,1263,2024,571
76717,.,0.719479,34.590109,.,21.3,22.6,20.3,2.3,1933,0,5868,115,1282,2039,587
76718,.,0.723832,34.56546,.,21.3,22.5,20.3,2.2,1936,0,5846,118,1263,2025,572
76719,.,0.743559,34.652503,.,21.3,22.6,20.3,2.3,1891,0,5857,117,1273,2060,644
76720,.,0.634063,34.589548,.,21.6,23,20.5,2.5,1966,0,5972,102,1373,2029,531
76721,.,0.638201,34.602434,.,21.6,23,20.5,2.5,1962,0,5966,103,1368,2033,538
76722,.,0.633698,34.58939,.,21.6,23,20.5,2.5,1966,0,5973,102,1373,2029,531
76723,.,0.645586,34.586909,.,21.5,22.9,20.4,2.5,1963,0,5944,105,1349,2026,533
76724,.,0.636741,34.598684,.,21.6,23,20.5,2.5,1963,0,5968,102,1369,2032,536
76725,.,0.6359,34.601358,.,21.6,23,20.5,2.5,1963,0,5970,102,1371,2033,537
76726,.,0.645456,34.586269,.,21.5,22.9,20.4,2.5,1963,0,5944,105,1349,2026,533
76727,.,0.641207,34.596145,.,21.6,23,20.5,2.5,1962,0,5959,104,1361,2030,537
76728,.,0.649607,34.495415,.,22.1,23.4,20.9,2.4,1948,0,6133,84,1529,2037,533
76729,.,0.757101,34.572344,.,20.9,22.2,19.9,2.2,1954,0,5706,139,1130,2014,586
76730,.,0.627699,34.564564,.,21.7,23,20.6,2.4,1970,0,5992,99,1390,2024,519
76731,.,0.627117,34.560925,.,21.7,23,20.6,2.4,1970,0,5998,98,1395,2023,518
76732,.,0.68587,34.483756,.,22.3,23.6,21.2,2.5,1909,0,6214,76,1604,2059,565
76733,.,0.639443,34.465561,.,22.4,23.7,21.3,2.4,1937,0,6249,73,1636,2053,543
76734,.,0.604209,34.479915,.,22.5,23.7,21.3,2.4,1944,0,6282,70,1667,2055,530
76735,.,0.60438,34.480167,.,22.5,23.7,21.3,2.4,1945,0,6281,70,1665,2054,530
76736,.,0.128027,34.540559,.,21.6,22.8,20.2,2.5,2011,0,5966,103,1368,1971,409
76737,.,0.117778,34.523022,.,21.6,22.8,20.2,2.6,2017,0,5967,103,1369,1970,403
76738,.,0.107542,34.53903,.,21.6,22.7,20.2,2.6,2030,0,5957,104,1360,1970,401
76739,.,0.116191,34.520972,.,21.6,22.8,20.2,2.6,2019,0,5966,103,1369,1970,402
76740,.,0.108062,34.538744,.,21.6,22.7,20.2,2.6,2030,0,5957,104,1360,1970,401
76741,.,0.084292,34.52192,.,21.6,22.8,20.2,2.6,2019,0,5980,101,1380,1968,406
76742,.,0.093099,34.51552,.,21.6,22.7,20.2,2.6,2027,0,5972,102,1373,1968,399
76743,.,0.092262,34.515757,.,21.6,22.7,20.2,2.6,2027,0,5973,102,1374,1968,399
76744,.,0.092048,34.516142,.,21.6,22.7,20.2,2.6,2026,0,5973,102,1374,1968,400
76745,.,0.110538,34.525313,.,21.6,22.8,20.2,2.6,2026,0,5960,104,1363,1969,399
76746,.,0.137831,34.508282,.,21.7,22.9,20.4,2.5,1983,0,6002,99,1400,1973,412
76747,.,0.123145,34.503058,.,21.6,22.8,20.3,2.6,2005,0,5987,100,1387,1971,400
76748,.,0.136636,34.493936,.,21.7,22.9,20.4,2.5,1977,0,6016,97,1412,1974,410
76749,.,0.135049,34.495489,.,21.7,22.9,20.4,2.5,1981,0,6012,97,1408,1974,409
76750,.,0.129044,34.505039,.,21.7,22.9,20.3,2.5,1996,0,5993,100,1393,1972,405
76751,.,0.129287,34.503598,.,21.7,22.9,20.3,2.5,1995,0,5995,99,1394,1972,405
76752,.,0.134017,34.500321,.,21.7,22.9,20.4,2.5,1985,0,6005,98,1403,1973,408
76753,.,0.141755,34.510026,.,21.7,22.9,20.4,2.5,1978,0,6005,98,1403,1974,415
76754,.,0.132395,34.506027,.,21.7,22.9,20.3,2.5,1991,0,5997,99,1396,1973,408
76755,.,0.139539,34.498021,.,21.7,22.9,20.4,2.5,1974,0,6016,97,1412,1975,413
76756,.,0.132671,34.503328,.,21.7,22.9,20.3,2.5,1989,0,6000,99,1398,1973,408
76757,.,0.123905,34.502308,.,21.7,22.8,20.3,2.6,2004,0,5989,100,1388,1971,400
76758,.,0.137179,34.507842,.,21.7,22.9,20.4,2.5,1984,0,6001,99,1400,1973,412
76759,.,0.136912,34.501159,.,21.7,22.9,20.4,2.5,1981,0,6008,98,1406,1974,411
76760,.,0.135808,34.501414,.,21.7,22.9,20.4,2.5,1983,0,6006,98,1404,1974,410
76761,.,0.133717,34.500685,.,21.7,22.9,20.3,2.5,1986,0,6004,98,1402,1973,408
76762,.,0.129447,34.497081,.,21.7,22.9,20.3,2.5,1992,0,6001,99,1399,1973,404
76763,.,0.136538,34.499021,.,21.7,22.9,20.4,2.5,1980,0,6010,98,1407,1974,410
76764,.,0.139182,34.49755,.,21.7,22.9,20.4,2.5,1974,0,6016,97,1412,1975,413
76765,.,0.136756,34.498701,.,21.7,22.9,20.4,2.5,1980,0,6011,98,1408,1974,411
76766,.,0.134374,34.49927,.,21.7,22.9,20.4,2.5,1984,0,6007,98,1404,1973,409
76767,.,0.129629,34.497159,.,21.7,22.9,20.3,2.5,1992,0,6001,99,1400,1973,404
76768,.,0.130043,34.504165,.,21.7,22.9,20.3,2.5,1994,0,5996,99,1394,1972,406
76769,.,0.130121,34.49559,.,21.7,22.9,20.3,2.5,1990,0,6004,98,1402,1973,404
76770,.,0.120589,34.531279,.,21.6,22.8,20.2,2.6,2016,0,5966,103,1369,1970,405
76771,.,0.182149,34.580577,.,21.6,22.9,20.3,2.6,2008,0,5983,101,1383,1980,435
76772,.,0.172974,34.590545,.,21.6,22.8,20.3,2.5,2020,0,5964,103,1366,1978,430
76773,.,0.106529,34.574574,.,21.5,22.6,20.1,2.5,2035,0,5933,106,1339,1969,405
76774,.,0.166661,34.58699,.,21.6,22.8,20.3,2.5,2019,0,5963,103,1366,1978,428
76775,.,0.169905,34.587156,.,21.6,22.8,20.3,2.5,2018,0,5965,103,1368,1978,429
76776,.,0.181688,34.596042,.,21.6,22.8,20.3,2.5,2022,0,5962,103,1365,1978,434
76777,.,0.166441,34.566123,.,21.6,22.9,20.3,2.6,2001,0,5979,101,1380,1977,427
76778,.,0.0925,34.515881,.,21.6,22.7,20.2,2.6,2027,0,5972,102,1374,1968,399
76779,.,0.181351,34.581676,.,21.6,22.9,20.3,2.6,2009,0,5981,101,1381,1980,435
76780,.,0.084224,34.521908,.,21.6,22.8,20.2,2.6,2019,0,5980,101,1380,1968,406
76781,.,0.076694,34.532916,.,21.6,22.7,20.2,2.5,2015,0,5966,102,1368,1965,408
76782,.,0.169166,34.576521,.,21.6,22.8,20.3,2.5,2009,0,5974,102,1375,1978,429
76783,.,0.092347,34.51568,.,21.6,22.7,20.2,2.6,2027,0,5973,102,1374,1968,399
76784,.,0.169812,34.587197,.,21.6,22.8,20.3,2.5,2018,0,5965,103,1367,1978,429
76785,.,0.182518,34.575197,.,21.7,22.9,20.3,2.6,2002,0,5991,100,1390,1981,436
76786,.,0.181747,34.58068,.,21.6,22.9,20.3,2.6,2008,0,5983,101,1383,1980,435
76787,.,0.169616,34.575853,.,21.6,22.8,20.3,2.5,2008,0,5975,102,1376,1978,429
76788,.,0.167725,34.574087,.,21.6,22.8,20.3,2.5,2008,0,5975,102,1376,1978,428
76789,.,0.167545,34.574069,.,21.6,22.8,20.3,2.5,2008,0,5974,102,1376,1978,428
76790,.,0.106529,34.574574,.,21.5,22.6,20.1,2.5,2035,0,5933,106,1339,1969,405
76791,.,0.173098,34.59044,.,21.6,22.8,20.3,2.5,2020,0,5964,103,1367,1978,430
76792,.,0.1825,34.575241,.,21.7,22.9,20.3,2.6,2002,0,5991,100,1390,1981,436
76793,.,0.166689,34.58706,.,21.6,22.8,20.3,2.5,2019,0,5963,103,1366,1978,428
76794,.,0.166058,34.574104,.,21.6,22.8,20.3,2.5,2008,0,5973,102,1374,1977,427
76795,.,0.148384,34.502857,.,21.8,23,20.4,2.5,1965,0,6024,96,1419,1977,420
76796,.,0.149078,34.504025,.,21.8,23,20.4,2.5,1965,0,6024,96,1419,1977,420
76797,.,0.09235,34.516008,.,21.6,22.7,20.2,2.6,2027,0,5972,102,1374,1968,399
76798,.,0.085197,34.504744,.,21.7,22.8,20.2,2.6,2025,0,5987,100,1387,1969,399
76799,.,0.085197,34.504744,.,21.7,22.8,20.2,2.6,2025,0,5987,100,1387,1969,399
76800,.,0.092344,34.516062,.,21.6,22.7,20.2,2.6,2027,0,5972,102,1374,1968,399
76801,.,0.027558,34.493947,.,21.9,23.1,20.5,2.6,1984,0,6073,90,1462,1982,422
76802,.,0.001649,34.497951,.,21.9,23.1,20.6,2.5,1940,0,6077,89,1466,1976,426
76803,.,0.022228,34.483757,.,22,23.2,20.6,2.6,1985,0,6113,86,1505,1990,424
76804,.,0.000419,34.501896,.,21.9,23,20.5,2.5,1936,0,6068,90,1458,1974,426
76805,.,-0.016633,34.496997,.,21.9,23.1,20.6,2.4,1907,0,6087,88,1475,1971,435
76806,.,0.085197,34.504744,.,21.7,22.8,20.2,2.6,2025,0,5987,100,1387,1969,399
76807,.,0.092416,34.51593,.,21.6,22.7,20.2,2.6,2027,0,5972,102,1374,1968,399
76808,.,0.021734,34.484593,.,22,23.2,20.6,2.6,1984,0,6111,86,1504,1990,424
76809,.,0.026556,34.493206,.,21.9,23.1,20.5,2.6,1983,0,6076,90,1465,1983,422
76810,.,-0.000196,34.503598,.,21.9,23,20.5,2.5,1934,0,6064,91,1455,1973,427
76811,.,-0.017119,34.498225,.,21.9,23,20.6,2.4,1906,0,6085,88,1473,1971,435
76812,.,0.085197,34.504744,.,21.7,22.8,20.2,2.6,2025,0,5987,100,1387,1969,399
76813,.,0.085197,34.504744,.,21.7,22.8,20.2,2.6,2025,0,5987,100,1387,1969,399
76814,.,0.060579,34.527589,.,21.7,22.8,20.3,2.5,2002,0,5989,100,1388,1966,416
76815,.,0.109589,34.459731,.,21.7,22.9,20.3,2.5,1994,0,6010,98,1406,1970,398
76816,.,0.052953,34.483734,.,21.8,23,20.4,2.6,2011,0,6052,92,1445,1979,412
76817,.,0.085197,34.504744,.,21.7,22.8,20.2,2.6,2025,0,5987,100,1387,1969,399
76818,.,0.053901,34.483056,.,21.8,23,20.4,2.6,2012,0,6051,93,1444,1979,412
76819,.,0.070098,34.4736,.,21.7,22.9,20.3,2.6,2017,0,6021,96,1417,1973,403
76820,.,0.06861,34.473243,.,21.7,22.9,20.3,2.6,2016,0,6023,96,1418,1973,404
76821,.,0.085197,34.504744,.,21.7,22.8,20.2,2.6,2025,0,5987,100,1387,1969,399
76822,.,0.092041,34.516475,.,21.6,22.7,20.2,2.6,2026,0,5973,102,1374,1968,400
76823,.,0.038366,34.465888,.,21.9,23.1,20.5,2.6,2000,0,6086,89,1474,1984,414
76824,.,0.068476,34.473117,.,21.7,22.9,20.3,2.6,2016,0,6023,96,1418,1973,404
76825,.,0.109589,34.459731,.,21.7,22.9,20.3,2.5,1994,0,6010,98,1406,1970,398
76826,.,0.080398,34.489821,.,21.7,22.9,20.3,2.6,2027,0,6002,98,1400,1971,396
76827,.,0.084292,34.52192,.,21.6,22.8,20.2,2.6,2019,0,5980,101,1380,1968,406
76828,.,0.070022,34.473664,.,21.7,22.9,20.3,2.6,2017,0,6021,96,1417,1973,403
76829,.,0.069016,34.473032,.,21.7,22.9,20.3,2.6,2016,0,6022,96,1418,1973,404
76830,.,0.072579,34.538265,.,21.6,22.7,20.2,2.5,2013,0,5955,104,1359,1963,408
76831,.,0.067461,34.536283,.,21.6,22.7,20.2,2.5,2009,0,5961,103,1363,1962,410
76832,.,0.072441,34.538326,.,21.6,22.7,20.2,2.5,2013,0,5955,104,1358,1963,408
76833,.,0.074311,34.532506,.,21.6,22.7,20.2,2.5,2013,0,5968,102,1370,1965,409
76834,.,0.067628,34.536816,.,21.6,22.7,20.2,2.5,2010,0,5959,103,1362,1962,410
76835,.,0.099449,34.514237,.,21.6,22.7,20.2,2.6,2032,0,5963,103,1366,1968,394
76836,.,0.067741,34.536439,.,21.6,22.7,20.2,2.5,2010,0,5960,103,1363,1962,410
76837,.,0.070814,34.540861,.,21.5,22.7,20.2,2.5,2012,0,5948,104,1353,1961,408
76838,.,0.084269,34.521855,.,21.6,22.8,20.2,2.6,2019,0,5980,101,1380,1968,406
76839,.,0.091501,34.514237,.,21.6,22.8,20.2,2.6,2027,0,5974,102,1376,1969,399
76840,.,0.071645,34.539745,.,21.5,22.7,20.2,2.5,2013,0,5951,104,1355,1962,408
76841,.,0.136546,34.570444,.,21.5,22.7,20.2,2.5,2019,0,5947,105,1351,1971,414
76842,.,0.094724,34.558504,.,21.5,22.7,20.1,2.5,2028,0,5941,106,1346,1966,405
76843,.,0.105749,34.549754,.,21.6,22.7,20.2,2.5,2032,0,5956,104,1359,1970,403
76844,.,0.096043,34.56626,.,21.5,22.6,20.1,2.5,2030,0,5934,106,1340,1966,405
76845,.,0.112585,34.549711,.,21.6,22.7,20.2,2.5,2026,0,5957,104,1360,1971,405
76846,.,0.066341,34.561995,.,21.4,22.5,20,2.5,2014,0,5886,112,1298,1951,402
76847,.,0.100489,34.549769,.,21.6,22.7,20.2,2.5,2031,0,5952,104,1356,1969,403
76848,.,0.111655,34.554478,.,21.6,22.7,20.2,2.5,2028,0,5956,104,1359,1971,406
76849,.,0.118844,34.561348,.,21.6,22.7,20.2,2.5,2024,0,5954,104,1357,1971,409
76850,.,0.087927,34.542097,.,21.5,22.7,20.2,2.5,2023,0,5950,104,1354,1965,404
76851,.,0.118938,34.564244,.,21.5,22.7,20.2,2.5,2025,0,5951,104,1355,1971,409
76852,.,0.095719,34.560199,.,21.5,22.7,20.1,2.5,2028,0,5941,105,1346,1967,405
76853,.,0.103487,34.564232,.,21.5,22.7,20.2,2.5,2033,0,5951,104,1355,1971,406
76854,.,0.110967,34.549793,.,21.6,22.7,20.2,2.5,2028,0,5957,104,1360,1971,405
76855,.,0.101723,34.563005,.,21.5,22.7,20.2,2.5,2031,0,5950,104,1354,1970,406
76856,.,0.088169,34.534749,.,21.6,22.7,20.2,2.5,2023,0,5959,103,1362,1967,404
76857,.,0.211002,34.371995,.,22.6,23.8,21.2,2.6,1787,0,6316,68,1703,2033,525
76858,.,0.184906,34.380932,.,22.5,23.6,21.1,2.5,1812,0,6275,71,1664,2022,506
76859,.,0.223366,34.381403,.,22.6,23.8,21.2,2.6,1787,0,6325,67,1710,2038,531
76860,.,0.222696,34.372867,.,22.6,23.8,21.2,2.6,1781,0,6332,67,1718,2038,533
76861,.,0.207198,34.38421,.,22.5,23.7,21.2,2.6,1800,0,6301,69,1688,2031,519
76862,.,0.202402,34.377022,.,22.5,23.7,21.1,2.6,1797,0,6300,69,1687,2029,518
76863,.,0.224947,34.3713,.,22.6,23.8,21.2,2.6,1779,0,6337,66,1723,2040,535
76864,.,0.198662,34.37851,.,22.5,23.7,21.1,2.6,1800,0,6294,70,1682,2027,515
76865,.,0.206555,34.3848,.,22.5,23.7,21.2,2.6,1800,0,6300,69,1687,2031,518
76866,.,0.222768,34.3671,.,22.6,23.8,21.2,2.6,1777,0,6339,66,1724,2039,535
76867,.,0.199339,34.378637,.,22.5,23.7,21.1,2.6,1800,0,6295,69,1682,2028,515
76868,.,0.227381,34.365791,.,22.7,23.9,21.2,2.6,1773,0,6347,65,1732,2042,539
76869,.,0.221661,34.369609,.,22.6,23.8,21.2,2.6,1779,0,6334,66,1720,2038,534
76870,.,0.200752,34.376032,.,22.5,23.7,21.1,2.6,1797,0,6298,69,1686,2028,517
76871,.,0.226207,34.381605,.,22.6,23.8,21.2,2.6,1785,0,6328,67,1714,2039,532
76872,.,0.199057,34.378139,.,22.5,23.7,21.1,2.6,1800,0,6295,69,1682,2027,515
76873,.,0.197785,34.391212,.,22.5,23.7,21.1,2.5,1812,0,6284,70,1672,2027,511
76874,.,0.209702,34.373519,.,22.6,23.8,21.2,2.6,1789,0,6313,68,1700,2032,524
76875,.,0.202384,34.374781,.,22.5,23.7,21.1,2.6,1795,0,6302,69,1689,2029,519
76876,.,0.204254,34.377734,.,22.5,23.7,21.1,2.6,1796,0,6302,69,1689,2030,519
76877,.,0.2252,34.368722,.,22.6,23.9,21.2,2.6,1777,0,6341,66,1726,2040,537
76878,.,0.203416,34.375834,.,22.5,23.7,21.1,2.6,1795,0,6302,69,1690,2029,519
76879,.,0.210587,34.374204,.,22.6,23.8,21.2,2.6,1789,0,6314,68,1700,2033,524
76880,.,0.200609,34.387791,.,22.5,23.7,21.1,2.5,1807,0,6290,70,1678,2028,514
76881,.,0.203718,34.387819,.,22.5,23.7,21.1,2.6,1805,0,6294,70,1681,2029,516
76882,.,0.22184,34.368122,.,22.6,23.8,21.2,2.6,1778,0,6336,66,1722,2039,534
76883,.,0.227354,34.366187,.,22.7,23.9,21.2,2.6,1774,0,6347,66,1732,2042,539
76884,.,0.207127,34.383973,.,22.5,23.7,21.2,2.6,1799,0,6301,69,1688,2031,519
76885,.,0.118486,34.465839,.,21.7,22.9,20.4,2.5,1988,0,6020,96,1416,1973,401
76886,.,0.116684,34.46958,.,21.7,22.9,20.3,2.5,1998,0,6009,98,1406,1972,399
76887,.,0.112077,34.468418,.,21.7,22.9,20.3,2.6,2005,0,6001,99,1399,1970,396
76888,.,0.117639,34.464348,.,21.7,22.9,20.4,2.5,1988,0,6021,96,1416,1973,401
76889,.,0.103616,34.445429,.,21.7,22.9,20.4,2.6,1975,0,6017,97,1413,1969,406
76890,.,0.113523,34.471429,.,21.7,22.9,20.3,2.6,2008,0,5999,99,1398,1970,396
76891,.,0.117297,34.465218,.,21.7,22.9,20.4,2.5,1990,0,6018,97,1414,1973,400
76892,.,0.16242,34.487748,.,21.9,23.1,20.5,2.5,1944,0,6066,91,1456,1983,432
76893,.,0.167887,34.485993,.,21.9,23.1,20.6,2.6,1940,0,6077,90,1466,1985,436
76894,.,0.16031,34.517619,.,21.8,23,20.4,2.6,1969,0,6029,96,1424,1981,427
76895,.,0.161782,34.504709,.,21.8,23,20.5,2.6,1958,0,6046,94,1439,1982,429
76896,.,0.146525,34.54003,.,21.6,22.8,20.3,2.5,1993,0,5976,102,1377,1972,416
76897,.,0.165064,34.505483,.,21.8,23,20.5,2.6,1956,0,6051,93,1443,1984,432
76898,.,0.160851,34.518544,.,21.8,23,20.4,2.6,1969,0,6029,96,1424,1981,427
76899,.,0.163088,34.521878,.,21.8,23,20.4,2.6,1970,0,6029,95,1424,1982,429
76900,.,0.161498,34.520615,.,21.8,23,20.4,2.6,1970,0,6028,96,1423,1981,428
76901,.,0.107679,34.620037,.,21.3,22.4,20,2.4,2055,0,5866,115,1281,1961,402
76902,.,0.10793,34.620009,.,21.3,22.4,20,2.4,2055,0,5867,115,1281,1961,403
76903,.,0.107408,34.576279,.,21.5,22.6,20.1,2.5,2035,0,5930,107,1336,1968,405
76904,.,0.015205,34.459881,.,22.1,23.3,20.7,2.6,1994,0,6134,84,1524,1992,415
76905,.,-0.025038,34.499631,.,21.9,23.1,20.6,2.4,1893,0,6092,88,1479,1970,443
76906,.,0.012856,34.473744,.,22,23.3,20.7,2.6,1976,0,6130,84,1520,1990,423
76907,.,-0.003287,34.46294,.,22.1,23.3,20.8,2.5,1962,0,6136,83,1526,1987,420
76908,.,0.01309,34.474243,.,22,23.3,20.7,2.6,1976,0,6130,84,1520,1990,423
76909,.,0.014076,34.462174,.,22.1,23.3,20.7,2.6,1990,0,6133,84,1523,1991,417
76910,.,0.014907,34.461271,.,22.1,23.3,20.7,2.6,1992,0,6133,84,1523,1992,416
76911,.,-0.011502,34.469139,.,22,23.2,20.8,2.5,1939,0,6130,84,1519,1982,426
76912,.,-0.003045,34.46362,.,22.1,23.3,20.8,2.5,1961,0,6136,83,1525,1987,420
76913,.,0.013306,34.460766,.,22.1,23.3,20.7,2.6,1990,0,6134,84,1524,1991,416
76914,.,0.013316,34.473238,.,22.1,23.3,20.7,2.6,1978,0,6130,84,1520,1990,422
76915,.,-0.00234,34.460799,.,22.1,23.3,20.8,2.5,1966,0,6138,83,1527,1988,418
76916,.,0.007516,34.460628,.,22.1,23.3,20.7,2.5,1981,0,6136,83,1525,1990,417
76917,.,0.006361,34.456062,.,22.1,23.3,20.7,2.5,1985,0,6139,83,1528,1990,415
76918,.,0.205343,34.298749,.,22.7,23.8,21.2,2.6,1741,0,6361,64,1745,2031,537
76919,.,0.20269,34.30417,.,22.7,23.8,21.2,2.6,1744,0,6356,65,1741,2031,535
76920,.,0.209813,34.318524,.,22.7,23.8,21.3,2.6,1752,0,6358,65,1743,2035,535
76921,.,0.203849,34.297602,.,22.7,23.8,21.2,2.6,1740,0,6360,64,1745,2031,537
76922,.,0.206692,34.299883,.,22.7,23.8,21.3,2.6,1742,0,6361,64,1746,2032,537
76923,.,0.211008,34.308856,.,22.7,23.9,21.3,2.6,1747,0,6364,64,1749,2035,537
76924,.,0.210284,34.317093,.,22.7,23.9,21.3,2.6,1751,0,6360,64,1744,2035,535
76925,.,0.211715,34.305354,.,22.7,23.9,21.3,2.6,1745,0,6365,64,1750,2034,538
76926,.,0.210203,34.316923,.,22.7,23.9,21.3,2.6,1751,0,6360,64,1744,2035,535
76927,.,0.210685,34.320582,.,22.7,23.8,21.3,2.6,1753,0,6357,65,1742,2035,535
76928,.,0.208866,34.316605,.,22.7,23.8,21.3,2.6,1751,0,6358,65,1743,2034,535
76929,.,0.208472,34.315776,.,22.7,23.8,21.3,2.6,1751,0,6358,64,1743,2034,535
76930,.,0.208207,34.315341,.,22.7,23.8,21.3,2.6,1750,0,6358,64,1743,2034,535
76931,.,0.208708,34.313484,.,22.7,23.8,21.3,2.6,1749,0,6360,64,1745,2034,535
76932,.,0.210977,34.294969,.,22.7,23.8,21.3,2.6,1740,0,6365,64,1749,2032,539
76933,.,0.213193,34.299473,.,22.7,23.8,21.3,2.6,1742,0,6366,64,1751,2034,539
76934,.,0.201075,34.300997,.,22.7,23.8,21.2,2.6,1741,0,6357,65,1741,2030,535
76935,.,0.213837,34.298695,.,22.7,23.8,21.3,2.6,1742,0,6367,64,1751,2034,539
76936,.,0.208792,34.315388,.,22.7,23.8,21.3,2.6,1750,0,6359,64,1744,2034,535
76937,.,0.203713,34.31819,.,22.7,23.8,21.2,2.6,1752,0,6349,65,1735,2031,532
76938,.,0.205716,34.304882,.,22.7,23.8,21.3,2.6,1744,0,6359,64,1744,2032,536
76939,.,0.209067,34.317056,.,22.7,23.8,21.3,2.6,1751,0,6358,65,1743,2034,535
76940,.,0.204529,34.318312,.,22.7,23.8,21.2,2.6,1752,0,6351,65,1736,2032,532
76941,.,0.144483,34.335674,.,22.6,23.7,21.2,2.5,1790,0,6315,68,1702,2022,511
76942,.,0.145723,34.339671,.,22.6,23.7,21.1,2.5,1794,0,6312,68,1699,2022,510
76943,.,0.081648,34.444663,.,21.7,22.9,20.3,2.6,1975,0,6010,97,1407,1967,410
76944,.,0.069458,34.448362,.,21.7,22.9,20.3,2.6,1981,0,6007,98,1404,1967,411
76945,.,0.081343,34.44475,.,21.7,22.9,20.3,2.6,1975,0,6010,97,1406,1967,410
76946,.,0.168377,34.231758,.,22.8,23.9,21.4,2.5,1669,0,6390,62,1772,2023,552
76947,.,0.177795,34.261084,.,22.8,23.9,21.3,2.6,1704,0,6384,63,1767,2030,546
76948,.,0.156188,34.233133,.,22.8,23.8,21.4,2.4,1665,0,6384,62,1767,2019,550
76949,.,0.170469,34.255079,.,22.8,23.9,21.3,2.6,1695,0,6385,62,1768,2027,546
76950,.,0.176457,34.258875,.,22.8,23.9,21.3,2.6,1701,0,6384,62,1767,2029,546
76951,.,0.203698,34.201832,.,22.8,23.9,21.3,2.6,1679,0,6382,63,1765,2015,551
76952,.,0.178959,34.244913,.,22.8,23.9,21.3,2.6,1687,0,6390,62,1772,2028,550
76953,.,0.204538,34.200856,.,22.8,23.9,21.3,2.6,1680,0,6381,63,1765,2015,550
76954,.,0.206592,34.200276,.,22.8,23.9,21.3,2.6,1682,0,6379,63,1763,2015,550
76955,.,0.221602,34.204447,.,22.7,23.9,21.2,2.6,1703,0,6363,64,1748,2013,546
76956,.,0.210382,34.205931,.,22.7,23.9,21.3,2.6,1690,0,6375,63,1758,2015,549
76957,.,0.17071,34.255121,.,22.8,23.9,21.3,2.6,1695,0,6385,62,1768,2027,546
76958,.,0.20696,34.207211,.,22.7,23.9,21.3,2.6,1686,0,6378,63,1762,2016,549
76959,.,0.222532,34.206967,.,22.7,23.9,21.2,2.7,1705,0,6362,64,1746,2013,546
76960,.,0.205616,34.201377,.,22.8,23.9,21.3,2.6,1681,0,6380,63,1763,2015,550
76961,.,0.155705,34.232916,.,22.8,23.8,21.4,2.4,1665,0,6384,62,1767,2018,550
76962,.,0.204395,34.200848,.,22.8,23.9,21.3,2.6,1679,0,6381,63,1765,2015,550
76963,.,0.156207,34.247698,.,22.8,23.8,21.4,2.5,1681,0,6383,62,1766,2021,546
76964,.,0.178799,34.257951,.,22.8,23.9,21.3,2.6,1701,0,6385,62,1768,2030,547
76965,.,0.208951,34.203058,.,22.7,23.9,21.3,2.6,1686,0,6377,63,1760,2015,549
76966,.,0.17087,34.255012,.,22.8,23.9,21.3,2.6,1695,0,6385,62,1768,2027,546
76967,.,0.181468,34.570758,.,21.7,22.9,20.3,2.6,1999,0,5995,99,1394,1981,436
76968,.,0.173458,34.559052,.,21.7,22.9,20.4,2.6,1992,0,5998,99,1397,1980,432
76969,.,0.177645,34.569464,.,21.7,22.9,20.3,2.6,1999,0,5992,100,1391,1980,434
76970,.,0.174365,34.557205,.,21.7,22.9,20.4,2.6,1990,0,6003,98,1400,1981,433
76971,.,0.170367,34.553054,.,21.7,22.9,20.4,2.6,1989,0,6002,99,1399,1980,431
76972,.,0.158551,34.573008,.,21.6,22.8,20.3,2.5,2011,0,5964,103,1367,1976,423
76973,.,0.160261,34.569213,.,21.6,22.8,20.3,2.5,2007,0,5969,102,1371,1976,424
76974,.,0.180346,34.568786,.,21.7,22.9,20.3,2.6,1997,0,5997,99,1395,1981,435
76975,.,0.112336,34.408559,.,22,23.2,20.7,2.5,1904,0,6121,85,1512,1983,444
76976,.,0.108049,34.404475,.,22,23.2,20.7,2.5,1900,0,6123,85,1513,1983,444
76977,.,0.143325,34.533438,.,21.6,22.8,20.3,2.5,1992,0,5980,101,1381,1972,415
76978,.,0.140316,34.595074,.,21.5,22.7,20.2,2.5,2034,0,5940,106,1345,1976,417
76979,.,0.140219,34.594928,.,21.5,22.7,20.2,2.5,2034,0,5939,106,1345,1976,417
76980,.,0.138994,34.60145,.,21.5,22.7,20.2,2.5,2039,0,5935,106,1341,1976,417
76981,.,0.102811,34.593696,.,21.4,22.5,20,2.5,2040,0,5893,112,1304,1963,403
76982,.,0.129142,34.467134,.,21.8,23,20.4,2.5,1970,0,6041,94,1435,1977,409
76983,.,0.135299,34.46781,.,21.8,23,20.5,2.5,1959,0,6054,93,1445,1978,415
76984,.,0.141913,34.463605,.,21.9,23.1,20.5,2.5,1941,0,6078,90,1467,1982,424
76985,.,0.148309,34.457901,.,22,23.2,20.6,2.6,1927,0,6104,87,1490,1987,433
76986,.,0.1359,34.466316,.,21.8,23,20.5,2.5,1956,0,6058,92,1449,1979,417
76987,.,0.135423,34.450334,.,21.9,23.1,20.6,2.6,1938,0,6092,89,1479,1984,427
76988,.,0.129599,34.467179,.,21.8,23,20.4,2.5,1969,0,6042,94,1435,1977,410
76989,.,0.137134,34.466518,.,21.9,23,20.5,2.5,1953,0,6060,92,1451,1980,418
76990,.,0.14783,34.457856,.,22,23.2,20.6,2.6,1927,0,6103,87,1489,1987,433
76991,.,0.057264,34.439917,.,21.7,22.9,20.3,2.6,1976,0,6014,97,1411,1968,413
76992,.,0.058512,34.442232,.,21.7,22.9,20.3,2.6,1977,0,6012,97,1409,1968,413
76993,.,0.039537,34.468665,.,21.9,23.1,20.5,2.6,2001,0,6084,89,1472,1984,415
76994,.,0.132049,34.356772,.,22.4,23.5,21,2.5,1826,0,6262,72,1652,2010,493
76995,.,0.132639,34.360578,.,22.4,23.5,21,2.5,1830,0,6255,73,1646,2009,491
76996,.,-0.817015,34.64472,.,20.9,22,19.5,2.4,1882,0,5714,138,1137,1928,467
76997,.,-0.725676,34.675985,.,21,22,19.6,2.4,2071,0,5742,133,1160,1926,387
76998,.,-0.720676,34.670416,.,21,22.1,19.7,2.4,2057,0,5772,128,1192,1930,389
76999,.,-0.728085,34.673552,.,21,22,19.6,2.4,2062,0,5739,133,1158,1926,390
77000,.,-0.719138,34.663797,.,21.1,22.1,19.7,2.4,2036,0,5794,125,1210,1932,396
77001,.,-0.726111,34.674417,.,21,22,19.6,2.4,2066,0,5744,133,1162,1926,389
77002,.,-0.720433,34.669848,.,21.1,22.1,19.7,2.4,2055,0,5774,128,1194,1930,390
77003,.,-0.71865,34.668378,.,21.1,22.1,19.7,2.4,2051,0,5784,126,1202,1931,391
77004,.,-0.725147,34.655734,.,21.1,22.1,19.7,2.4,2008,0,5791,126,1208,1931,406
77005,.,-0.731878,34.696336,.,20.7,21.8,19.4,2.4,2093,0,5652,148,1086,1915,374
77006,.,-0.734973,34.697611,.,20.7,21.7,19.3,2.4,2083,0,5633,151,1071,1912,376
77007,.,-0.722477,34.6531,.,21.1,22.2,19.8,2.4,2000,0,5808,123,1222,1933,408
77008,.,-0.729411,34.656149,.,21,22.1,19.7,2.4,2007,0,5774,128,1193,1928,406
77009,.,-0.759212,34.640059,.,21,22.1,19.7,2.4,1950,0,5759,131,1181,1929,436
77010,.,-0.759673,34.640212,.,21,22,19.7,2.4,1950,0,5757,131,1179,1928,436
77011,.,-0.839997,34.629553,.,21.2,22.3,19.9,2.5,1833,0,5845,118,1263,1958,507
77012,.,-0.82807,34.663239,.,20.7,21.8,19.4,2.4,1874,0,5643,149,1079,1922,464
77013,.,-0.827989,34.663261,.,20.7,21.8,19.4,2.4,1874,0,5643,150,1079,1922,464
77014,.,-0.830544,34.656227,.,20.8,21.9,19.5,2.4,1866,0,5688,142,1116,1930,473
77015,.,-0.838861,34.631888,.,21.2,22.3,19.8,2.5,1837,0,5834,119,1245,1956,504
77016,.,-0.823869,34.664634,.,20.7,21.7,19.3,2.4,1883,0,5633,151,1072,1919,459
77017,.,-0.843548,34.63602,.,21.2,22.3,19.8,2.5,1834,0,5830,120,1241,1958,507
77018,.,-0.839571,34.630125,.,21.2,22.3,19.9,2.5,1834,0,5842,118,1260,1957,506
77019,.,-0.828667,34.663387,.,20.7,21.8,19.4,2.4,1872,0,5642,150,1079,1922,464
77020,.,-0.831113,34.657545,.,20.8,21.9,19.5,2.4,1865,0,5680,143,1110,1929,472
77021,.,-0.842376,34.637106,.,21.2,22.3,19.8,2.5,1836,0,5823,121,1235,1956,505
77022,.,-0.823754,34.663651,.,20.7,21.7,19.3,2.4,1883,0,5638,150,1076,1920,459
77023,.,-0.842602,34.636921,.,21.2,22.3,19.8,2.5,1836,0,5824,121,1236,1956,505
77024,.,-0.797151,34.751579,.,19.9,21,18.6,2.4,1833,0,5366,206,855,1887,430
77025,.,-0.768853,34.759626,.,19.7,20.7,18.4,2.3,1884,0,5279,228,793,1867,393
77026,.,-0.7688,34.759336,.,19.7,20.7,18.4,2.3,1885,0,5281,227,794,1867,394
77027,.,-0.795513,34.749959,.,19.9,21,18.6,2.4,1841,0,5374,204,861,1888,430
77028,.,-0.797694,34.749735,.,19.9,21,18.6,2.4,1836,0,5378,203,871,1889,432
77029,.,-0.79635,34.751563,.,19.9,21,18.6,2.4,1835,0,5365,206,854,1887,429
77030,.,-0.796905,34.749771,.,19.9,21,18.6,2.4,1838,0,5377,204,870,1888,431
77031,.,-0.76406,34.750153,.,19.9,20.9,18.6,2.4,1927,0,5351,210,844,1877,394
77032,.,-0.76385,34.749423,.,19.9,20.9,18.6,2.4,1929,0,5356,209,847,1877,394
77033,.,-0.757784,34.633325,.,21.1,22.2,19.8,2.4,1933,0,5799,124,1215,1935,445
77034,.,-0.768078,34.624487,.,21.2,22.3,19.9,2.4,1906,0,5823,121,1235,1941,462
77035,.,-0.751244,34.630661,.,21.2,22.2,19.9,2.4,1928,0,5829,120,1240,1940,445
77036,.,-0.768078,34.624487,.,21.2,22.3,19.9,2.4,1906,0,5823,121,1235,1941,462
77037,.,-0.75512,34.633535,.,21.1,22.2,19.8,2.4,1934,0,5804,124,1219,1936,443
77038,.,-0.925508,34.768783,.,19.5,20.6,18.4,2.1,1533,0,5217,244,750,1896,522
77039,.,-0.86185,34.729816,.,19.8,20.9,18.6,2.3,1714,0,5344,211,839,1894,468
77040,.,-0.877687,34.754852,.,19.7,20.8,18.5,2.3,1628,0,5290,225,800,1895,488
77041,.,-0.861697,34.729345,.,19.8,20.9,18.6,2.3,1715,0,5345,211,840,1894,468
77042,.,-0.910869,34.766318,.,19.6,20.7,18.5,2.2,1558,0,5241,238,766,1897,513
77043,.,-0.914109,34.769051,.,19.5,20.6,18.5,2.2,1549,0,5233,240,761,1896,516
77044,.,-0.883159,34.703109,.,20,21.1,18.8,2.3,1714,0,5393,200,883,1900,478
77045,.,-0.926585,34.767972,.,19.5,20.6,18.4,2.1,1533,0,5216,244,749,1896,523
77046,.,-0.913038,34.769662,.,19.5,20.7,18.5,2.2,1550,0,5234,240,761,1896,515
77047,.,-0.877928,34.754666,.,19.7,20.8,18.5,2.3,1628,0,5290,225,801,1895,488
77048,.,-0.922958,34.762653,.,19.5,20.6,18.5,2.2,1546,0,5224,242,754,1895,518
77049,.,-0.925733,34.768742,.,19.5,20.6,18.4,2.1,1533,0,5217,244,750,1896,522
77050,.,-0.922118,34.763417,.,19.5,20.6,18.5,2.2,1546,0,5225,242,755,1895,518
77051,.,-0.86672,34.723885,.,19.9,21,18.6,2.3,1714,0,5354,209,846,1895,470
77052,.,-0.884374,34.707772,.,20,21,18.8,2.3,1704,0,5383,202,875,1900,480
77053,.,-0.911202,34.7667,.,19.5,20.7,18.5,2.2,1557,0,5240,238,765,1897,513
77054,.,-0.867589,34.725133,.,19.9,20.9,18.6,2.3,1710,0,5351,210,844,1895,471
77055,.,-0.883378,34.702295,.,20,21.1,18.8,2.3,1715,0,5395,199,884,1900,478
77056,.,-0.875872,34.755099,.,19.7,20.8,18.5,2.3,1631,0,5290,225,800,1895,486
77057,.,-0.870021,34.725327,.,19.9,20.9,18.6,2.3,1704,0,5350,210,843,1896,473
77058,.,-0.775967,34.704367,.,20.2,21.3,18.9,2.4,1966,0,5485,180,953,1893,417
77059,.,-0.787117,34.719841,.,20.3,21.4,18.9,2.4,1928,0,5499,177,964,1902,432
77060,.,-0.776361,34.704638,.,20.2,21.3,18.9,2.4,1965,0,5486,180,954,1894,417
77061,.,-0.788149,34.721664,.,20.3,21.4,18.9,2.5,1923,0,5499,177,965,1903,434
77062,.,-0.795919,34.742794,.,20.1,21.1,18.7,2.4,1858,0,5418,194,901,1895,435
77063,.,-0.777891,34.711489,.,20.3,21.3,18.9,2.4,1957,0,5490,179,957,1896,421
77064,.,-0.776242,34.710643,.,20.2,21.3,18.9,2.4,1961,0,5488,179,956,1896,420
77065,.,-0.784399,34.701827,.,20.3,21.3,18.9,2.4,1952,0,5496,177,962,1896,422
77066,.,-0.782402,34.709293,.,20.3,21.3,18.9,2.4,1949,0,5494,178,961,1898,424
77067,.,-0.79205,34.71697,.,20.3,21.4,18.9,2.4,1919,0,5503,176,967,1903,435
77068,.,-0.778138,34.712563,.,20.3,21.3,18.9,2.4,1955,0,5491,179,958,1897,422
77069,.,-0.782289,34.709535,.,20.3,21.3,18.9,2.4,1949,0,5494,178,961,1898,424
77070,.,-0.776121,34.705352,.,20.2,21.3,18.9,2.4,1965,0,5486,180,954,1894,417
77071,.,-0.786262,34.73022,.,20.3,21.3,18.9,2.5,1917,0,5491,178,958,1904,435
77072,.,-0.78573,34.727685,.,20.3,21.4,18.9,2.5,1923,0,5498,177,963,1904,435
77073,.,-0.783126,34.709926,.,20.3,21.3,18.9,2.4,1947,0,5495,178,961,1898,425
77074,.,-0.750075,34.783335,.,19.5,20.6,18.3,2.3,1867,0,5217,244,750,1860,374
77075,.,-0.768443,34.787764,.,19.5,20.6,18.2,2.3,1785,0,5213,246,747,1866,412
77076,.,-0.770624,34.792172,.,19.5,20.6,18.2,2.4,1759,0,5216,245,749,1869,423
77077,.,-0.770065,34.790979,.,19.5,20.6,18.2,2.4,1766,0,5215,245,748,1868,420
77078,.,-0.779701,34.649679,.,20.8,21.8,19.5,2.3,1949,0,5678,143,1108,1918,436
77079,.,-0.776073,34.662175,.,20.6,21.6,19.3,2.3,1963,0,5612,155,1054,1908,426
77080,.,-0.775813,34.662429,.,20.6,21.6,19.3,2.3,1963,0,5611,155,1053,1908,426
77081,.,-0.770062,34.648469,.,20.8,21.9,19.5,2.3,1963,0,5687,142,1115,1918,431
77082,.,-0.768457,34.667767,.,20.5,21.6,19.2,2.3,1978,0,5587,160,1034,1903,418
77083,.,-0.776053,34.661715,.,20.6,21.7,19.3,2.3,1962,0,5615,155,1056,1908,426
77084,.,-0.776436,34.667556,.,20.5,21.6,19.2,2.3,1965,0,5584,160,1032,1904,423
77085,.,-0.776319,34.661574,.,20.6,21.7,19.3,2.3,1962,0,5616,154,1057,1908,426
77086,.,-0.777039,34.661397,.,20.6,21.7,19.3,2.3,1961,0,5617,154,1058,1909,427
77087,.,-0.774994,34.650551,.,20.8,21.8,19.5,2.3,1957,0,5673,144,1104,1917,433
77088,.,-0.72745,34.641033,.,21.2,22.2,19.8,2.4,1964,0,5830,120,1241,1936,421
77089,.,-0.729439,34.653772,.,21.1,22.1,19.7,2.4,2000,0,5779,127,1198,1928,408
77090,.,-0.731769,34.653079,.,21,22.1,19.7,2.4,1996,0,5774,128,1193,1928,410
77091,.,-0.736604,34.802078,.,19.4,20.5,18.2,2.3,1837,0,5199,249,738,1862,369
77092,.,-0.741955,34.804449,.,19.4,20.5,18.2,2.3,1808,0,5201,249,739,1864,383
77093,.,-0.744074,34.796103,.,19.5,20.5,18.2,2.3,1836,0,5210,247,745,1863,378
77094,.,-0.740206,34.806135,.,19.4,20.5,18.2,2.3,1807,0,5198,250,737,1864,381
77095,.,-0.744124,34.796091,.,19.5,20.5,18.2,2.3,1835,0,5210,247,745,1863,378
77096,.,-0.741473,34.803808,.,19.4,20.5,18.2,2.3,1813,0,5202,249,739,1864,381
77097,.,-0.748829,34.801197,.,19.5,20.6,18.2,2.3,1798,0,5209,247,744,1866,394
77098,.,-0.744338,34.796332,.,19.5,20.5,18.2,2.3,1834,0,5210,247,745,1863,379
77099,.,-0.742453,34.804334,.,19.4,20.5,18.2,2.3,1807,0,5202,249,740,1865,384
77100,.,-0.738412,34.768825,.,19.6,20.7,18.3,2.3,1966,0,5248,236,771,1858,343
77101,.,-0.739717,34.763769,.,19.7,20.7,18.4,2.3,1974,0,5281,227,793,1863,348
77102,.,-0.737929,34.767354,.,19.6,20.7,18.4,2.3,1971,0,5259,233,778,1860,343
77103,.,-0.739966,34.803833,.,19.4,20.5,18.2,2.3,1818,0,5200,249,738,1863,378
77104,.,-0.73867,34.76553,.,19.6,20.7,18.4,2.3,1973,0,5270,230,786,1861,345
77105,.,-0.748993,34.802718,.,19.5,20.6,18.2,2.3,1791,0,5209,247,744,1867,396
77106,.,-0.851795,34.704608,.,20,21.1,18.7,2.4,1783,0,5397,199,886,1892,456
77107,.,-0.850356,34.707643,.,20,21.1,18.7,2.4,1781,0,5397,199,886,1893,456
77108,.,-0.851726,34.705097,.,20,21.1,18.7,2.4,1782,0,5396,199,886,1892,456
77109,.,-0.769525,34.647584,.,20.8,21.9,19.5,2.3,1963,0,5693,141,1120,1919,431
77110,.,-0.770411,34.647886,.,20.8,21.9,19.5,2.3,1963,0,5689,142,1117,1919,431
77111,.,-0.779074,34.765858,.,19.6,20.6,18.3,2.3,1840,0,5247,236,770,1864,400
77112,.,-0.774987,34.772798,.,19.5,20.5,18.2,2.3,1828,0,5206,248,742,1858,395
77113,.,-0.795328,34.770299,.,19.6,20.7,18.3,2.3,1789,0,5249,236,772,1868,416
77114,.,-0.776332,34.770107,.,19.5,20.5,18.2,2.3,1835,0,5213,246,747,1858,394
77115,.,-0.774635,34.7728,.,19.5,20.5,18.2,2.3,1829,0,5205,248,742,1858,394
77116,.,-0.79218,34.770687,.,19.6,20.6,18.3,2.3,1795,0,5240,238,766,1866,412
77117,.,-0.778333,34.761069,.,19.7,20.7,18.4,2.3,1855,0,5279,228,792,1869,403
77118,.,-0.775209,34.763537,.,19.6,20.7,18.3,2.3,1856,0,5256,234,777,1865,398
77119,.,-0.795632,34.770306,.,19.6,20.7,18.3,2.3,1788,0,5250,235,772,1868,416
77120,.,-0.774716,34.772247,.,19.5,20.5,18.2,2.3,1831,0,5205,248,742,1857,393
77121,.,-0.779778,34.766149,.,19.6,20.6,18.3,2.3,1837,0,5246,236,770,1864,401
77122,.,-0.781299,34.765941,.,19.6,20.6,18.3,2.3,1834,0,5251,235,773,1865,403
77123,.,-0.774635,34.763301,.,19.6,20.7,18.3,2.3,1858,0,5257,234,777,1864,397
77124,.,-0.775795,34.772022,.,19.5,20.5,18.2,2.3,1829,0,5207,247,743,1858,394
77125,.,-0.781614,34.766331,.,19.6,20.6,18.3,2.3,1832,0,5249,236,771,1865,403
77126,.,-0.794224,34.769583,.,19.6,20.7,18.3,2.3,1793,0,5251,235,773,1868,415
77127,.,-0.780286,34.765443,.,19.6,20.7,18.3,2.3,1838,0,5252,235,774,1865,402
77128,.,-0.792047,34.770429,.,19.6,20.6,18.3,2.3,1796,0,5242,238,767,1866,412
77129,.,-0.817634,34.646833,.,20.9,21.9,19.5,2.4,1883,0,5705,139,1131,1927,466
77130,.,-0.786129,34.70354,.,20.3,21.3,18.9,2.4,1947,0,5499,177,964,1897,424
77131,.,-0.737338,34.671898,.,20.9,21.9,19.5,2.4,2040,0,5703,139,1128,1920,397
77132,.,-0.736644,34.677139,.,20.8,21.9,19.5,2.4,2055,0,5692,141,1119,1919,393
77133,.,-0.743645,34.700903,.,20.5,21.6,19.2,2.4,2056,0,5586,160,1033,1905,383
77134,.,-0.74406,34.7012,.,20.5,21.6,19.2,2.4,2055,0,5583,160,1031,1905,384
77135,.,-0.72328,34.766108,.,19.7,20.8,18.5,2.3,2021,0,5296,223,805,1863,326
77136,.,0.46206,35.127703,.,18.9,20.3,17.7,2.6,1865,0,5020,309,627,1920,583
77137,.,0.447751,35.148309,.,18.9,20.3,17.7,2.7,1849,0,4998,317,615,1926,596
77138,.,0.474543,35.145295,.,18.9,20.3,17.7,2.6,1853,0,4990,320,610,1921,601
77139,.,0.468493,35.154811,.,18.8,20.3,17.6,2.6,1843,0,4981,323,604,1922,607
77140,.,0.462234,35.120483,.,19,20.4,17.8,2.6,1869,0,5030,305,632,1919,577
77141,.,0.431649,35.152254,.,18.8,20.3,17.6,2.7,1845,0,4982,323,605,1924,592
77142,.,0.462254,35.120485,.,19,20.4,17.8,2.6,1869,0,5030,305,632,1919,577
77143,.,0.444293,35.144948,.,18.9,20.4,17.7,2.7,1853,0,5005,315,618,1927,592
77144,.,0.473218,35.144142,.,18.9,20.3,17.7,2.6,1854,0,4993,319,611,1921,599
77145,.,0.444314,35.146386,.,18.9,20.4,17.7,2.7,1852,0,5003,315,618,1927,594
77146,.,0.466222,35.149322,.,18.8,20.3,17.7,2.6,1849,0,4989,320,609,1922,602
77147,.,0.495547,35.133686,.,19,20.4,17.8,2.6,1857,0,5029,306,633,1926,604
77148,.,0.493833,35.137508,.,18.9,20.4,17.8,2.6,1855,0,5023,308,629,1927,606
77149,.,0.446258,35.148206,.,18.9,20.3,17.7,2.7,1850,0,4999,317,615,1926,596
77150,.,0.447607,35.143909,.,18.9,20.3,17.7,2.7,1854,0,5004,315,618,1926,592
77151,.,0.445186,35.145537,.,18.9,20.4,17.7,2.7,1852,0,5004,315,618,1927,593
77152,.,0.440981,35.058679,.,19.1,20.4,17.9,2.5,1924,0,5077,288,660,1903,515
77153,.,0.426441,35.097188,.,18.9,20.2,17.7,2.5,1896,0,5002,314,615,1899,531
77154,.,0.437922,35.042074,.,19,20.3,17.8,2.5,1943,0,5028,304,630,1893,496
77155,.,0.437527,35.066114,.,19.1,20.4,17.9,2.5,1919,0,5074,290,658,1903,517
77156,.,0.440804,35.067787,.,19.1,20.4,17.9,2.5,1916,0,5078,288,661,1905,522
77157,.,0.4173,35.071608,.,18.9,20.2,17.8,2.5,1929,0,5013,310,621,1897,504
77158,.,0.439929,35.069761,.,19.1,20.4,17.9,2.5,1915,0,5073,290,658,1905,522
77159,.,0.416508,35.04166,.,18.8,20.1,17.8,2.4,1952,0,4972,324,596,1886,480
77160,.,0.441378,35.067946,.,19.1,20.4,17.9,2.5,1915,0,5079,288,662,1906,522
77161,.,0.435212,35.066772,.,19.1,20.4,17.9,2.5,1920,0,5067,292,654,1902,516
77162,.,0.419534,35.070063,.,18.9,20.3,17.8,2.5,1929,0,5021,307,626,1898,505
77163,.,0.42576,35.094186,.,18.9,20.2,17.7,2.5,1899,0,5004,313,616,1899,529
77164,.,0.440047,35.062599,.,19.1,20.4,17.9,2.5,1921,0,5084,286,665,1905,517
77165,.,0.325067,35.04656,.,18.8,20.2,17.8,2.4,1976,0,4957,330,588,1892,453
77166,.,0.330941,35.024448,.,18.7,20.1,17.8,2.3,2011,0,4929,340,572,1878,432
77167,.,0.364612,35.022349,.,18.6,20,17.7,2.2,2000,0,4900,350,555,1873,442
77168,.,0.311661,35.019489,.,18.7,20.2,17.8,2.4,2020,0,4941,336,578,1878,420
77169,.,0.313373,35.02279,.,18.7,20.2,17.8,2.4,2016,0,4941,336,579,1879,423
77170,.,0.330941,35.024448,.,18.7,20.1,17.8,2.3,2011,0,4929,340,572,1878,432
77171,.,0.320854,35.048415,.,18.8,20.2,17.8,2.4,1973,0,4961,328,591,1894,454
77172,.,0.305993,35.021437,.,18.7,20.2,17.8,2.4,2022,0,4943,335,580,1877,418
77173,.,0.368749,35.022472,.,18.6,19.9,17.7,2.2,1995,0,4897,352,553,1872,443
77174,.,0.204196,35.085095,.,18.9,20.2,17.9,2.4,1953,0,4999,314,611,1888,440
77175,.,0.303348,35.028788,.,18.7,20.2,17.8,2.4,2012,0,4951,332,584,1882,425
77176,.,0.320323,35.047623,.,18.8,20.2,17.8,2.4,1975,0,4961,328,590,1894,453
77177,.,0.305312,35.021166,.,18.7,20.2,17.8,2.4,2023,0,4943,335,580,1877,418
77178,.,0.301132,35.027498,.,18.7,20.2,17.8,2.4,2016,0,4951,332,584,1881,423
77179,.,0.320534,35.048142,.,18.8,20.2,17.8,2.4,1974,0,4961,328,591,1894,453
77180,.,0.268031,35.034514,.,18.8,20.2,17.9,2.3,2023,0,4969,325,594,1881,415
77181,.,0.524641,35.152601,.,19,20.5,17.8,2.7,1840,0,5044,302,644,1941,636
77182,.,0.496389,35.162164,.,18.9,20.3,17.7,2.6,1835,0,4992,320,612,1927,625
77183,.,0.529431,35.159727,.,18.9,20.5,17.8,2.7,1833,0,5025,309,632,1937,639
77184,.,0.514775,35.147444,.,19,20.5,17.8,2.7,1847,0,5049,301,646,1940,629
77185,.,0.508403,35.137204,.,19,20.5,17.8,2.6,1853,0,5042,302,641,1933,615
77186,.,0.528472,35.159069,.,19,20.5,17.8,2.7,1834,0,5027,308,633,1937,639
77187,.,0.52839,35.156344,.,19,20.5,17.8,2.7,1836,0,5033,306,637,1939,638
77188,.,0.508142,35.149792,.,19,20.5,17.8,2.7,1845,0,5032,306,636,1936,625
77189,.,0.495671,35.270347,.,18,19.5,17,2.5,1607,0,4682,446,445,1875,693
77190,.,0.524515,35.152511,.,19,20.5,17.8,2.7,1840,0,5045,302,644,1941,635
77191,.,0.532304,35.150778,.,19,20.5,17.8,2.7,1840,0,5044,302,644,1940,636
77192,.,0.517506,35.126704,.,19,20.5,17.9,2.6,1855,0,5048,300,644,1929,609
77193,.,0.514751,35.147469,.,19,20.5,17.8,2.7,1847,0,5049,301,646,1940,629
77194,.,0.507061,35.138103,.,19,20.5,17.8,2.6,1853,0,5040,303,640,1933,615
77195,.,0.531847,35.149646,.,19,20.5,17.8,2.7,1841,0,5047,301,645,1941,636
77196,.,0.497756,35.159987,.,18.9,20.4,17.7,2.7,1837,0,4997,318,615,1928,624
77197,.,0.527192,35.160219,.,18.9,20.5,17.8,2.7,1833,0,5024,309,632,1937,639
77198,.,0.517839,35.126934,.,19,20.5,17.9,2.6,1855,0,5048,300,644,1929,609
77199,.,0.505352,35.160348,.,18.9,20.4,17.7,2.7,1836,0,5007,315,621,1931,629
77200,.,0.517802,35.127158,.,19,20.5,17.9,2.6,1855,0,5048,300,644,1929,609
77201,.,0.509153,35.151214,.,19,20.5,17.8,2.7,1844,0,5031,307,635,1936,627
77202,.,-0.469986,34.898482,.,21,22,19.6,2.4,2010,0,5773,128,1192,1931,390
77203,.,-0.476706,34.903104,.,21,21.9,19.5,2.4,2040,0,5744,133,1162,1929,383
77204,.,-0.491083,34.895507,.,20.7,21.6,19.3,2.3,2030,0,5638,150,1074,1913,369
77205,.,-0.474442,34.899827,.,21,22,19.6,2.4,2026,0,5757,130,1172,1930,386
77206,.,-0.488102,34.902777,.,20.7,21.7,19.3,2.3,2041,0,5652,148,1085,1916,370
77207,.,-0.499508,34.898527,.,20.4,21.4,19.1,2.3,2029,0,5551,166,1004,1901,358
77208,.,-0.474211,34.895183,.,21,22,19.6,2.4,2017,0,5767,129,1180,1930,387
77209,.,-0.473771,34.899821,.,21,22,19.6,2.4,2024,0,5759,130,1174,1930,386
77210,.,-0.491091,34.895331,.,20.7,21.6,19.3,2.3,2030,0,5638,150,1074,1913,369
77211,.,-0.490903,34.895414,.,20.7,21.6,19.3,2.3,2030,0,5640,150,1076,1913,369
77212,.,-0.486981,34.903767,.,20.7,21.7,19.3,2.3,2043,0,5661,146,1093,1918,370
77213,.,-0.474225,34.895111,.,21,22,19.6,2.4,2017,0,5767,129,1180,1930,387
77214,.,-0.474246,34.895167,.,21,22,19.6,2.4,2017,0,5767,129,1180,1930,387
77215,.,-0.483139,34.920738,.,20.7,21.7,19.3,2.4,2078,0,5666,145,1097,1921,371
77216,.,-0.498044,34.896943,.,20.5,21.4,19.1,2.3,2029,0,5568,163,1018,1903,361
77217,.,-0.4767,34.903048,.,21,21.9,19.5,2.4,2040,0,5744,132,1162,1929,383
77218,.,-0.482323,34.918942,.,20.8,21.8,19.3,2.4,2076,0,5677,143,1106,1922,373
77219,.,-0.476237,34.895819,.,21,22,19.6,2.4,2024,0,5759,130,1174,1930,385
77220,.,-0.474038,34.89863,.,21,22,19.6,2.4,2023,0,5761,130,1175,1930,386
77221,.,-0.385169,34.963208,.,21.3,22.4,19.9,2.5,1789,0,5861,116,1276,1939,426
77222,.,-0.384916,34.964178,.,21.3,22.4,19.9,2.5,1789,0,5860,116,1275,1939,425
77223,.,-0.378544,34.978874,.,21.2,22.3,19.8,2.5,1792,0,5843,118,1261,1938,421
77224,.,-0.384547,34.960752,.,21.3,22.4,19.9,2.5,1782,0,5871,115,1285,1940,429
77225,.,-0.373438,34.986716,.,21.3,22.4,19.8,2.5,1813,0,5864,116,1279,1942,424
77226,.,-0.384823,34.962966,.,21.3,22.4,19.9,2.5,1787,0,5864,116,1278,1939,426
77227,.,-0.398024,34.97729,.,21,22.2,19.7,2.5,1855,0,5773,129,1186,1930,406
77228,.,-0.386084,34.979567,.,21.2,22.3,19.7,2.5,1819,0,5811,123,1233,1935,414
77229,.,-0.373378,34.987111,.,21.3,22.4,19.8,2.5,1815,0,5865,116,1279,1942,424
77230,.,-0.392248,34.954782,.,21.3,22.4,19.8,2.5,1803,0,5854,117,1270,1936,423
77231,.,-0.369618,34.957309,.,21.5,22.6,20,2.6,1720,0,5948,105,1351,1949,452
77232,.,-0.383833,34.959956,.,21.3,22.4,19.9,2.5,1778,0,5877,114,1290,1940,430
77233,.,-0.398691,34.977709,.,21,22.2,19.6,2.5,1858,0,5770,129,1184,1930,405
77234,.,-0.384261,34.96041,.,21.3,22.4,19.9,2.5,1781,0,5874,114,1287,1940,429
77235,.,-0.378601,34.978829,.,21.2,22.3,19.8,2.5,1792,0,5843,118,1261,1938,421
77236,.,-0.383077,34.932325,.,21.6,22.6,20.1,2.5,1728,0,5962,103,1364,1949,454
77237,.,-0.397977,34.93658,.,21.4,22.4,19.9,2.5,1798,0,5882,113,1294,1937,432
77238,.,-0.400118,34.927709,.,21.4,22.5,20,2.5,1787,0,5901,110,1311,1940,436
77239,.,-0.40305,34.955108,.,21.2,22.3,19.8,2.5,1840,0,5821,121,1242,1933,413
77240,.,-0.397631,34.936585,.,21.4,22.4,19.9,2.5,1797,0,5883,113,1295,1937,432
77241,.,-0.382757,34.931833,.,21.6,22.7,20.1,2.6,1726,0,5965,102,1367,1949,455
77242,.,-0.398326,34.947008,.,21.3,22.4,19.8,2.5,1814,0,5853,117,1269,1935,423
77243,.,-0.402814,34.945481,.,21.3,22.3,19.8,2.5,1825,0,5847,118,1264,1934,420
77244,.,-0.396015,34.946765,.,21.3,22.4,19.9,2.5,1807,0,5859,116,1274,1935,425
77245,.,-0.407069,34.936024,.,21.3,22.4,19.9,2.5,1822,0,5862,116,1277,1936,424
77246,.,-0.39448,34.947482,.,21.3,22.4,19.9,2.5,1801,0,5864,116,1278,1936,427
77247,.,-0.391443,34.812391,.,22.2,23.2,20.6,2.6,1577,0,6170,80,1560,1956,517
77248,.,-0.472358,34.92576,.,20.9,21.9,19.4,2.4,2067,0,5715,137,1137,1927,380
77249,.,-0.472279,34.925692,.,20.9,21.9,19.4,2.4,2066,0,5716,137,1138,1927,380
77250,.,-0.472719,34.925531,.,20.9,21.9,19.4,2.4,2068,0,5715,137,1137,1927,380
77251,.,-0.472005,34.921394,.,20.9,21.9,19.5,2.4,2057,0,5724,136,1145,1928,382
77252,.,-0.469498,34.918117,.,20.9,21.9,19.5,2.4,2041,0,5738,134,1156,1929,385
77253,.,-0.46996,34.92816,.,20.9,21.9,19.4,2.4,2060,0,5718,137,1139,1927,382
77254,.,-0.472842,34.921458,.,20.9,21.9,19.5,2.4,2061,0,5722,136,1143,1928,381
77255,.,-0.470942,34.921057,.,20.9,21.9,19.5,2.4,2052,0,5728,135,1148,1928,383
77256,.,-0.437484,34.873628,.,21.5,22.6,20.1,2.5,1870,0,5941,105,1346,1944,430
77257,.,-0.440671,34.871172,.,21.5,22.6,20.1,2.5,1877,0,5937,106,1342,1943,427
77258,.,-0.469716,34.934006,.,20.9,21.9,19.4,2.5,2069,0,5707,139,1131,1927,380
77259,.,-0.461615,34.90646,.,21.1,22.1,19.6,2.4,1994,0,5784,127,1201,1932,395
77260,.,-0.461332,34.90883,.,21.1,22.1,19.6,2.4,1996,0,5780,127,1197,1931,394
77261,.,-0.45584,34.906469,.,21.1,22.1,19.7,2.4,1974,0,5801,124,1215,1933,400
77262,.,-0.454551,34.906804,.,21.1,22.1,19.7,2.4,1970,0,5804,124,1218,1933,401
77263,.,-0.461922,34.897242,.,21.1,22.1,19.7,2.4,1984,0,5801,124,1215,1933,398
77264,.,-0.457519,34.904251,.,21.1,22.1,19.7,2.4,1978,0,5800,124,1215,1933,399
77265,.,-0.468693,34.935713,.,20.9,21.9,19.4,2.5,2066,0,5707,139,1130,1927,380
77266,.,-0.460312,34.915232,.,21,22,19.6,2.4,2000,0,5770,129,1189,1931,393
77267,.,-0.455798,34.904223,.,21.1,22.1,19.7,2.4,1972,0,5806,123,1219,1933,401
77268,.,-0.470127,34.933424,.,20.9,21.9,19.4,2.5,2070,0,5707,139,1131,1927,380
77269,.,-0.470492,34.932913,.,20.9,21.9,19.4,2.5,2071,0,5707,139,1131,1927,380
77270,.,-0.454621,34.906559,.,21.1,22.1,19.7,2.4,1970,0,5804,123,1218,1933,401
77271,.,-0.453045,34.902008,.,21.2,22.2,19.7,2.4,1961,0,5818,121,1239,1934,404
77272,.,-0.457893,34.902238,.,21.1,22.1,19.7,2.4,1977,0,5803,124,1217,1933,400
77273,.,-0.435263,34.915913,.,21.2,22.3,19.8,2.5,1901,0,5842,118,1259,1936,413
77274,.,-0.444648,34.915309,.,21.2,22.2,19.8,2.4,1938,0,5816,122,1237,1934,406
77275,.,-0.446233,34.91573,.,21.2,22.2,19.7,2.4,1944,0,5811,123,1223,1934,405
77276,.,-0.445756,34.913217,.,21.2,22.2,19.8,2.4,1941,0,5817,122,1238,1934,406
77277,.,-0.425533,34.906449,.,21.4,22.4,19.9,2.5,1858,0,5889,112,1300,1941,426
77278,.,-0.44627,34.915669,.,21.2,22.2,19.7,2.4,1944,0,5811,123,1224,1934,405
77279,.,-0.454118,34.913438,.,21.1,22.1,19.7,2.4,1974,0,5792,125,1208,1932,399
77280,.,-0.447248,34.912551,.,21.2,22.2,19.7,2.4,1947,0,5814,122,1227,1934,405
77281,.,-0.425809,34.937186,.,21.2,22.2,19.8,2.5,1876,0,5817,122,1238,1933,408
77282,.,-0.41889,34.943624,.,21.2,22.2,19.8,2.5,1869,0,5816,122,1237,1933,409
77283,.,-0.358402,34.965847,.,21.6,22.7,20.1,2.6,1696,0,5969,102,1370,1953,459
77284,.,-0.347112,34.99223,.,21.8,22.9,20.3,2.6,1737,0,6035,94,1436,1969,464
77285,.,-0.367844,35.001873,.,21.4,22.5,19.9,2.6,1866,0,5897,111,1308,1950,427
77286,.,-0.358332,34.966227,.,21.6,22.7,20.1,2.6,1697,0,5968,102,1369,1953,459
77287,.,-0.367351,35.002216,.,21.4,22.5,19.9,2.6,1866,0,5900,111,1310,1951,427
77288,.,-0.351854,34.980984,.,21.6,22.7,20.1,2.6,1710,0,5971,102,1371,1955,458
77289,.,-0.345991,34.984129,.,21.8,22.9,20.3,2.6,1697,0,6041,94,1441,1969,470
77290,.,-0.3451,34.9825,.,21.8,22.9,20.3,2.6,1686,0,6050,93,1449,1970,473
77291,.,-0.359457,34.986267,.,21.5,22.5,20,2.6,1762,0,5928,107,1334,1950,443
77292,.,-0.398094,34.98706,.,21,22.1,19.6,2.5,1900,0,5757,131,1173,1930,403
77293,.,-0.394656,34.990049,.,21,22.1,19.6,2.5,1906,0,5764,130,1178,1931,404
77294,.,-0.394534,34.99139,.,21,22.1,19.6,2.5,1913,0,5763,130,1177,1931,403
77295,.,-0.394758,34.986316,.,21,22.1,19.6,2.5,1886,0,5768,130,1182,1931,405
77296,.,-0.403127,34.986827,.,21,22.1,19.6,2.5,1913,0,5747,133,1164,1929,401
77297,.,-0.371749,34.951381,.,21.6,22.6,20.1,2.6,1716,0,5957,103,1359,1950,454
77298,.,-0.365058,34.940268,.,21.7,22.8,20.2,2.6,1666,0,6023,96,1418,1959,473
77299,.,-0.404653,34.965266,.,21.1,22.2,19.7,2.5,1861,0,5791,126,1207,1931,407
77300,.,-0.376635,34.99217,.,21.3,22.3,19.8,2.5,1852,0,5850,118,1266,1942,420
77301,.,-0.393274,34.965232,.,21.2,22.3,19.8,2.5,1821,0,5821,122,1241,1934,413
77302,.,-0.385809,34.979321,.,21.2,22.3,19.7,2.5,1817,0,5813,123,1234,1935,414
77303,.,-0.371333,34.95453,.,21.5,22.6,20.1,2.6,1721,0,5949,104,1352,1949,452
77304,.,-0.372077,34.951598,.,21.6,22.6,20.1,2.6,1718,0,5955,104,1357,1950,454
77305,.,-0.36669,34.943557,.,21.7,22.8,20.2,2.6,1680,0,6005,98,1401,1956,468
77306,.,-0.41885,34.842045,.,21.8,22.9,20.4,2.6,1734,0,6048,93,1447,1949,460
77307,.,-0.454596,34.944485,.,20.9,21.9,19.5,2.4,2000,0,5723,136,1144,1927,388
77308,.,0.158093,34.656899,.,21.4,22.7,20.1,2.5,2069,0,5903,111,1313,1976,426
77309,.,0.235289,34.819676,.,21,22.4,19.8,2.6,2235,0,5763,131,1194,1996,411
77310,.,0.235109,34.819815,.,21,22.4,19.8,2.6,2235,0,5763,131,1193,1995,411
77311,.,0.235677,34.819212,.,21,22.4,19.8,2.6,2235,0,5764,131,1194,1996,411
77312,.,0.242699,34.830187,.,21,22.4,19.8,2.6,2227,0,5763,131,1194,1998,415
77313,.,0.24233,34.83179,.,21,22.4,19.8,2.6,2226,0,5761,132,1192,1997,415
77314,.,0.119967,34.795909,.,20.8,22,19.5,2.4,2126,0,5668,146,1098,1951,417
77315,.,0.112447,34.774391,.,20.8,22,19.5,2.4,2117,0,5682,143,1110,1948,411
77316,.,0.13344,34.782018,.,21,22.2,19.7,2.5,2125,0,5751,132,1176,1967,426
77317,.,0.134118,34.782528,.,21,22.2,19.7,2.5,2125,0,5753,132,1177,1968,426
77318,.,0.114869,34.781858,.,20.8,22,19.5,2.4,2120,0,5676,144,1105,1949,413
77319,.,0.13189,34.782851,.,21,22.2,19.7,2.5,2125,0,5743,133,1160,1965,425
77320,.,0.11501,34.786427,.,20.8,21.9,19.5,2.4,2121,0,5667,146,1098,1948,413
77321,.,0.114484,34.789607,.,20.7,21.9,19.5,2.4,2122,0,5658,147,1091,1947,413
77322,.,0.120679,34.793731,.,20.8,22,19.5,2.5,2126,0,5675,144,1105,1952,417
77323,.,0.121992,34.792567,.,20.8,22,19.5,2.5,2126,0,5683,143,1111,1953,418
77324,.,0.132942,34.782586,.,21,22.2,19.7,2.5,2125,0,5748,132,1164,1967,425
77325,.,0.10325,34.765883,.,20.7,21.9,19.5,2.4,2114,0,5662,146,1094,1941,405
77326,.,0.105561,34.771884,.,20.7,21.9,19.5,2.4,2115,0,5659,147,1092,1942,406
77327,.,0.103627,34.766377,.,20.7,21.9,19.5,2.4,2114,0,5662,146,1094,1941,405
77328,.,0.103204,34.765873,.,20.7,21.9,19.5,2.4,2114,0,5662,146,1094,1941,405
77329,.,0.140163,34.789404,.,21,22.3,19.7,2.5,2131,0,5764,130,1192,1972,430
77330,.,0.116912,34.751847,.,20.9,22.1,19.7,2.5,2112,0,5732,135,1151,1956,414
77331,.,0.104615,34.771688,.,20.7,21.9,19.5,2.4,2115,0,5656,148,1089,1941,406
77332,.,0.136711,34.783486,.,21,22.3,19.7,2.5,2127,0,5762,130,1191,1970,428
77333,.,0.161332,34.615372,.,21.5,22.7,20.2,2.5,2042,0,5938,106,1344,1978,426
77334,.,0.168208,34.621279,.,21.5,22.7,20.2,2.5,2041,0,5932,107,1338,1976,427
77335,.,0.151246,34.622706,.,21.5,22.7,20.2,2.5,2051,0,5933,107,1339,1978,423
77336,.,0.15597,34.6135,.,21.5,22.7,20.2,2.5,2043,0,5940,106,1345,1978,424
77337,.,0.154595,34.628087,.,21.5,22.7,20.2,2.5,2053,0,5928,107,1335,1977,424
77338,.,0.153772,34.622198,.,21.5,22.7,20.2,2.5,2050,0,5933,107,1339,1978,424
77339,.,0.150999,34.623547,.,21.5,22.7,20.2,2.5,2052,0,5932,107,1338,1978,423
77340,.,0.154542,34.628201,.,21.5,22.7,20.2,2.5,2053,0,5928,107,1335,1977,424
77341,.,0.158984,34.611945,.,21.5,22.7,20.2,2.5,2041,0,5941,106,1346,1978,425
77342,.,0.155273,34.628072,.,21.5,22.7,20.2,2.5,2052,0,5928,107,1335,1977,424
77343,.,0.150748,34.623574,.,21.5,22.7,20.2,2.5,2052,0,5932,107,1338,1978,423
77344,.,0.160934,34.614456,.,21.5,22.7,20.2,2.5,2041,0,5939,106,1344,1978,425
77345,.,0.161377,34.61497,.,21.5,22.7,20.2,2.5,2041,0,5938,106,1344,1978,426
77346,.,0.151343,34.610583,.,21.5,22.7,20.2,2.5,2043,0,5942,106,1347,1979,423
77347,.,0.172997,34.609849,.,21.5,22.7,20.2,2.5,2034,0,5944,105,1349,1977,429
77348,.,0.182787,34.610323,.,21.5,22.7,20.2,2.5,2031,0,5944,106,1349,1976,432
77349,.,0.177995,34.60873,.,21.5,22.7,20.2,2.5,2032,0,5945,105,1350,1977,431
77350,.,0.169011,34.601887,.,21.5,22.7,20.2,2.5,2032,0,5951,104,1355,1978,429
77351,.,0.20211,34.607148,.,21.6,22.9,20.3,2.5,2036,0,5973,102,1374,1983,440
77352,.,0.169937,34.60507,.,21.5,22.7,20.2,2.5,2034,0,5949,105,1353,1978,429
77353,.,0.16946,34.60669,.,21.5,22.7,20.2,2.5,2035,0,5947,105,1351,1978,429
77354,.,0.16098,34.601819,.,21.5,22.7,20.2,2.5,2034,0,5950,105,1354,1978,426
77355,.,0.170121,34.611935,.,21.5,22.7,20.2,2.5,2036,0,5941,106,1347,1977,428
77356,.,0.172309,34.610693,.,21.5,22.7,20.2,2.5,2035,0,5943,106,1348,1977,429
77357,.,0.146183,34.593833,.,21.5,22.7,20.2,2.5,2032,0,5947,105,1352,1977,419
77358,.,0.160807,34.602043,.,21.5,22.7,20.2,2.5,2034,0,5950,105,1354,1978,426
77359,.,0.169937,34.60507,.,21.5,22.7,20.2,2.5,2034,0,5949,105,1353,1978,429
77360,.,0.157072,34.596326,.,21.5,22.7,20.2,2.5,2031,0,5951,104,1355,1978,424
77361,.,0.157031,34.596291,.,21.5,22.7,20.2,2.5,2031,0,5951,104,1355,1978,424
77362,.,0.177998,34.608718,.,21.5,22.7,20.2,2.5,2032,0,5945,105,1350,1977,431
77363,.,0.170062,34.602486,.,21.5,22.7,20.2,2.5,2032,0,5951,105,1355,1978,429
77364,.,0.164822,34.58977,.,21.6,22.8,20.3,2.5,2023,0,5960,103,1363,1978,427
77365,.,0.157383,34.596368,.,21.5,22.7,20.2,2.5,2031,0,5952,104,1356,1978,424
77366,.,0.169937,34.60507,.,21.5,22.7,20.2,2.5,2034,0,5949,105,1353,1978,429
77367,.,0.169937,34.60507,.,21.5,22.7,20.2,2.5,2034,0,5949,105,1353,1978,429
77368,.,0.182395,34.610244,.,21.5,22.7,20.2,2.5,2031,0,5944,106,1349,1976,432
77369,.,0.17744,34.6082,.,21.5,22.7,20.2,2.5,2032,0,5946,105,1351,1977,431
77370,.,0.182773,34.611556,.,21.5,22.7,20.2,2.5,2031,0,5942,106,1347,1976,432
77371,.,0.155855,34.685581,.,21.3,22.6,20,2.5,2094,0,5879,114,1292,1977,430
77372,.,0.228197,34.829473,.,21,22.3,19.7,2.6,2231,0,5750,133,1176,1992,412
77373,.,0.208074,34.814932,.,21.1,22.4,19.9,2.5,2189,0,5798,126,1224,1999,420
77374,.,0.217854,34.816906,.,21.1,22.4,19.8,2.5,2211,0,5778,129,1206,1996,415
77375,.,0.204199,34.807137,.,21.2,22.4,19.9,2.5,2182,0,5810,124,1233,1999,422
77376,.,0.228197,34.829473,.,21,22.3,19.7,2.6,2231,0,5750,133,1176,1992,412
77377,.,0.217267,34.816664,.,21.1,22.4,19.8,2.5,2210,0,5779,129,1207,1996,415
77378,.,0.208185,34.834656,.,21.1,22.4,19.8,2.6,2176,0,5779,129,1207,1996,421
77379,.,0.204825,34.806613,.,21.1,22.4,19.9,2.5,2184,0,5809,124,1233,1999,422
77380,.,0.208877,34.838917,.,21.1,22.4,19.8,2.6,2175,0,5774,130,1203,1995,421
77381,.,0.208673,34.839026,.,21.1,22.4,19.8,2.6,2175,0,5774,130,1203,1995,421
77382,.,0.2085,34.815303,.,21.1,22.4,19.9,2.5,2190,0,5797,126,1223,1999,420
77383,.,0.216419,34.816125,.,21.1,22.4,19.8,2.5,2208,0,5781,128,1209,1996,416
77384,.,0.20416,34.806809,.,21.2,22.4,19.9,2.5,2182,0,5810,124,1233,1999,422
77385,.,0.229647,34.827748,.,21,22.3,19.7,2.6,2233,0,5750,133,1176,1992,411
77386,.,0.207634,34.835496,.,21.1,22.4,19.8,2.6,2174,0,5779,129,1207,1996,422
77387,.,0.207096,34.814732,.,21.1,22.4,19.9,2.5,2187,0,5800,125,1225,1999,421
77388,.,0.207369,34.837056,.,21.1,22.4,19.8,2.6,2173,0,5778,129,1206,1995,422
77389,.,0.240045,34.789771,.,21.2,22.5,19.9,2.5,2246,0,5811,124,1235,2001,410
77390,.,0.23415,34.723551,.,21.4,22.7,20.2,2.6,2220,0,5903,111,1314,2003,416
77391,.,0.234052,34.797236,.,21.1,22.4,19.9,2.5,2245,0,5792,127,1218,1997,409
77392,.,0.219121,34.710768,.,21.5,22.7,20.2,2.6,2172,0,5917,109,1326,2001,423
77393,.,0.222812,34.693108,.,21.6,22.9,20.3,2.6,2151,0,5958,104,1361,2005,427
77394,.,0.22049,34.696893,.,21.5,22.8,20.3,2.6,2153,0,5946,105,1351,2004,427
77395,.,0.219,34.711614,.,21.4,22.7,20.2,2.6,2174,0,5915,109,1325,2000,423
77396,.,0.221862,34.69048,.,21.6,22.9,20.3,2.6,2144,0,5961,103,1365,2005,428
77397,.,0.114267,34.725113,.,21,22.2,19.7,2.4,2105,0,5760,131,1189,1956,412
77398,.,0.115489,34.738785,.,21,22.2,19.7,2.4,2109,0,5745,133,1161,1956,413
77399,.,0.120512,34.738991,.,21,22.2,19.7,2.5,2109,0,5760,131,1189,1960,416
77400,.,0.121255,34.764655,.,20.9,22.1,19.7,2.5,2116,0,5732,135,1151,1958,417
77401,.,0.114718,34.738636,.,21,22.2,19.7,2.4,2108,0,5743,133,1160,1955,412
77402,.,0.114403,34.725661,.,21,22.2,19.7,2.4,2105,0,5760,131,1189,1956,412
77403,.,0.103546,34.690438,.,21.1,22.2,19.8,2.4,2099,0,5791,126,1216,1955,406
77404,.,0.114901,34.755204,.,20.9,22.1,19.6,2.5,2113,0,5721,137,1142,1953,413
77405,.,0.114704,34.738905,.,21,22.1,19.7,2.4,2109,0,5742,133,1159,1955,412
77406,.,0.099578,34.785201,.,20.6,21.8,19.4,2.4,2115,0,5620,154,1060,1936,404
77407,.,0.116113,34.738445,.,21,22.2,19.7,2.4,2109,0,5747,133,1170,1956,413
77408,.,0.112017,34.755179,.,20.9,22.1,19.6,2.4,2113,0,5710,138,1133,1951,411
77409,.,0.11455,34.725691,.,21,22.2,19.7,2.4,2105,0,5760,131,1189,1957,412
77410,.,0.100643,34.78592,.,20.6,21.8,19.4,2.4,2116,0,5620,154,1060,1936,405
77411,.,0.121973,34.76457,.,20.9,22.1,19.7,2.5,2116,0,5735,134,1154,1959,418
77412,.,0.114612,34.738486,.,21,22.1,19.7,2.4,2108,0,5742,133,1159,1955,412
77413,.,0.110998,34.754151,.,20.9,22.1,19.6,2.4,2112,0,5708,139,1131,1950,410
77414,.,0.099062,34.784976,.,20.6,21.8,19.4,2.4,2115,0,5620,154,1060,1936,404
77415,.,0.200585,34.654217,.,21.5,22.8,20.2,2.6,2063,0,5928,108,1336,1984,434
77416,.,0.200303,34.654612,.,21.5,22.8,20.2,2.6,2063,0,5928,108,1335,1984,433
77417,.,0.136921,34.724023,.,21.2,22.4,19.9,2.5,2108,0,5822,121,1242,1975,426
77418,.,0.126923,34.719256,.,21.1,22.3,19.8,2.5,2106,0,5801,124,1224,1966,419
77419,.,0.257173,34.828261,.,21.1,22.5,19.9,2.6,2223,0,5782,129,1210,2004,418
77420,.,0.362665,34.95039,.,19.6,21,18.5,2.5,2055,0,5248,238,772,1930,448
77421,.,0.363526,34.950139,.,19.6,21,18.5,2.5,2054,0,5253,237,776,1931,449
77422,.,0.343473,34.713405,.,21.7,23.1,20.4,2.7,2153,0,5991,100,1391,2032,451
77423,.,0.375492,34.933609,.,20.2,21.6,19,2.6,2043,0,5480,183,952,1973,468
77424,.,0.365483,34.936332,.,20.1,21.5,18.9,2.6,2062,0,5444,191,924,1965,463
77425,.,0.368014,34.916303,.,20.5,21.9,19.3,2.6,2057,0,5587,162,1035,1991,473
77426,.,0.39485,34.909259,.,20.6,22,19.4,2.6,2057,0,5625,155,1066,2000,477
77427,.,0.31089,34.661864,.,22,23.4,20.7,2.6,2162,0,6105,87,1498,2040,457
77428,.,0.205745,34.937661,.,20.4,21.7,19.1,2.6,2092,0,5531,172,990,1957,419
77429,.,0.203541,34.936641,.,20.4,21.7,19.2,2.6,2093,0,5533,171,992,1957,419
77430,.,0.203369,34.92636,.,20.5,21.8,19.3,2.6,2092,0,5569,164,1020,1963,420
77431,.,0.205743,34.937508,.,20.4,21.7,19.1,2.6,2092,0,5532,171,991,1957,419
77432,.,0.207125,34.93636,.,20.4,21.7,19.2,2.6,2092,0,5537,170,995,1958,419
77433,.,0.203676,34.926078,.,20.5,21.8,19.3,2.6,2092,0,5570,164,1021,1963,420
77434,.,0.196991,34.928054,.,20.4,21.8,19.2,2.5,2091,0,5558,166,1012,1961,420
77435,.,0.201859,34.938397,.,20.3,21.7,19.1,2.6,2092,0,5521,173,983,1955,418
77436,.,0.195125,34.923824,.,20.5,21.8,19.3,2.5,2089,0,5572,163,1023,1963,420
77437,.,0.195176,34.924399,.,20.5,21.8,19.3,2.5,2089,0,5570,164,1021,1962,420
77438,.,0.196817,34.927752,.,20.4,21.8,19.2,2.5,2091,0,5559,166,1013,1961,420
77439,.,0.33913,34.71296,.,21.7,23.1,20.4,2.6,2159,0,5992,100,1392,2031,449
77440,.,0.354533,34.707831,.,21.7,23.1,20.4,2.7,2130,0,6000,99,1399,2034,455
77441,.,0.350703,34.705807,.,21.7,23.1,20.4,2.7,2132,0,6005,99,1403,2034,455
77442,.,0.364737,34.688614,.,21.8,23.2,20.5,2.6,2098,0,6035,95,1430,2034,463
77443,.,0.351238,34.706578,.,21.7,23.1,20.4,2.7,2132,0,6003,99,1402,2034,455
77444,.,0.358774,34.700077,.,21.7,23.1,20.5,2.6,2117,0,6015,97,1412,2034,459
77445,.,0.364966,34.685818,.,21.8,23.2,20.6,2.6,2096,0,6040,94,1434,2034,464
77446,.,0.343906,34.71299,.,21.7,23.1,20.4,2.7,2152,0,5991,100,1392,2032,451
77447,.,0.339103,34.713033,.,21.7,23.1,20.4,2.6,2159,0,5992,100,1392,2031,449
77448,.,0.364439,34.687313,.,21.8,23.2,20.5,2.6,2096,0,6038,95,1432,2034,463
77449,.,0.358774,34.700075,.,21.7,23.1,20.5,2.6,2117,0,6015,97,1412,2034,459
77450,.,0.364979,34.685813,.,21.8,23.2,20.6,2.6,2096,0,6040,94,1434,2034,464
77451,.,0.350752,34.705787,.,21.7,23.1,20.4,2.7,2132,0,6005,99,1403,2034,455
77452,.,0.34388,34.712945,.,21.7,23.1,20.4,2.7,2152,0,5991,100,1392,2032,451
77453,.,0.346878,34.704688,.,21.7,23.1,20.5,2.6,2136,0,6008,98,1406,2034,454
77454,.,0.354527,34.707849,.,21.7,23.1,20.4,2.7,2130,0,6000,99,1399,2034,455
77455,.,0.352958,34.7129,.,21.7,23.1,20.4,2.7,2139,0,5990,100,1390,2033,453
77456,.,0.36326,34.685671,.,21.8,23.2,20.6,2.6,2096,0,6041,94,1434,2034,463
77457,.,0.363069,34.685577,.,21.8,23.2,20.6,2.6,2096,0,6041,94,1434,2034,463
77458,.,0.347054,34.705681,.,21.7,23.1,20.5,2.6,2138,0,6006,98,1404,2034,454
77459,.,0.353744,34.713222,.,21.7,23.1,20.4,2.7,2139,0,5989,100,1390,2033,453
77460,.,0.346779,34.705764,.,21.7,23.1,20.5,2.6,2138,0,6006,98,1404,2034,454
77461,.,0.33982,34.713116,.,21.7,23.1,20.4,2.6,2158,0,5992,100,1392,2031,450
77462,.,0.352997,34.712867,.,21.7,23.1,20.4,2.7,2139,0,5990,100,1390,2033,453
77463,.,0.331186,34.646008,.,22,23.4,20.8,2.6,2121,0,6120,86,1512,2041,475
77464,.,0.331661,34.645856,.,22,23.4,20.8,2.6,2120,0,6120,86,1511,2041,475
77465,.,0.319474,34.617571,.,22.2,23.5,20.9,2.6,2079,0,6168,81,1561,2045,482
77466,.,0.330519,34.628537,.,22.1,23.5,20.9,2.6,2090,0,6148,83,1536,2043,480
77467,.,0.315484,34.593747,.,22.2,23.6,21,2.6,2039,0,6189,79,1580,2044,488
77468,.,0.339849,34.632216,.,22.1,23.4,20.8,2.6,2085,0,6137,84,1527,2042,481
77469,.,0.312372,34.590539,.,22.2,23.6,21,2.6,2037,0,6188,79,1580,2043,487
77470,.,0.316819,34.592081,.,22.2,23.6,21,2.6,2036,0,6190,79,1581,2044,488
77471,.,0.328158,34.63234,.,22.1,23.4,20.8,2.6,2100,0,6143,83,1532,2043,478
77472,.,0.329388,34.630537,.,22.1,23.5,20.9,2.6,2095,0,6145,83,1534,2043,479
77473,.,0.33494,34.623311,.,22.1,23.5,20.9,2.6,2076,0,6154,82,1542,2044,483
77474,.,0.340185,34.632287,.,22.1,23.4,20.8,2.6,2085,0,6137,84,1527,2042,482
77475,.,0.324585,34.619405,.,22.1,23.5,20.9,2.6,2078,0,6164,81,1557,2044,482
77476,.,0.315329,34.594064,.,22.2,23.6,21,2.6,2040,0,6189,79,1580,2044,487
77477,.,0.345438,34.632942,.,22.1,23.4,20.8,2.6,2079,0,6133,84,1524,2042,483
77478,.,0.31782,34.619932,.,22.1,23.5,20.9,2.6,2086,0,6165,81,1558,2044,481
77479,.,0.343916,34.636452,.,22,23.4,20.8,2.6,2086,0,6128,85,1519,2041,481
77480,.,0.323291,34.615471,.,22.2,23.5,20.9,2.6,2072,0,6170,81,1563,2045,483
77481,.,0.316558,34.59358,.,22.2,23.6,21,2.6,2038,0,6189,79,1581,2044,488
77482,.,0.330786,34.628418,.,22.1,23.5,20.9,2.6,2089,0,6148,83,1536,2043,480
77483,.,0.329665,34.630524,.,22.1,23.5,20.9,2.6,2094,0,6145,83,1534,2043,479
77484,.,0.319269,34.597979,.,22.2,23.6,21,2.6,2042,0,6189,79,1580,2045,488
77485,.,0.319564,34.617585,.,22.2,23.5,20.9,2.6,2079,0,6168,81,1561,2045,482
77486,.,0.320523,34.595122,.,22.2,23.6,21,2.6,2037,0,6190,79,1581,2045,488
77487,.,0.334029,34.642218,.,22,23.4,20.8,2.6,2110,0,6124,85,1515,2041,477
77488,.,0.343512,34.636096,.,22,23.4,20.8,2.6,2086,0,6129,85,1520,2041,481
77489,.,0.339549,34.631058,.,22.1,23.4,20.8,2.6,2083,0,6139,84,1529,2042,482
77490,.,0.228694,34.783917,.,21.2,22.5,19.9,2.5,2252,0,5810,124,1234,1997,409
77491,.,0.247921,34.816714,.,21.1,22.4,19.9,2.6,2234,0,5784,128,1212,2002,413
77492,.,0.248881,34.816663,.,21.1,22.4,19.9,2.6,2234,0,5786,128,1213,2003,414
77493,.,0.248604,34.816967,.,21.1,22.4,19.9,2.6,2233,0,5785,128,1213,2002,414
77494,.,0.227946,34.786362,.,21.1,22.5,19.9,2.5,2248,0,5806,125,1230,1996,409
77495,.,0.240227,34.80855,.,21.1,22.4,19.9,2.6,2239,0,5782,128,1210,1999,411
77496,.,0.227442,34.786402,.,21.1,22.5,19.9,2.5,2247,0,5806,125,1230,1996,409
77497,.,0.239781,34.806287,.,21.1,22.4,19.9,2.6,2240,0,5785,128,1213,1999,411
77498,.,0.414842,34.864036,.,20.8,22.3,19.6,2.7,2134,0,5696,142,1131,2003,467
77499,.,0.381908,34.914651,.,20.6,21.9,19.3,2.6,2051,0,5599,159,1045,1995,475
77500,.,0.384242,34.876147,.,20.9,22.3,19.6,2.7,2115,0,5710,140,1142,2011,474
77501,.,0.389326,34.872267,.,20.9,22.3,19.6,2.7,2124,0,5707,141,1140,2010,473
77502,.,0.369932,34.861198,.,20.9,22.3,19.6,2.7,2147,0,5720,138,1151,2012,469
77503,.,0.402347,34.866152,.,20.9,22.3,19.6,2.7,2135,0,5703,141,1137,2007,471
77504,.,0.3686,34.859781,.,20.9,22.3,19.6,2.7,2151,0,5720,138,1151,2012,468
77505,.,0.376396,34.847758,.,20.9,22.4,19.7,2.7,2167,0,5727,137,1157,2011,466
77506,.,0.414842,34.864036,.,20.8,22.3,19.6,2.7,2134,0,5696,142,1131,2003,467
77507,.,0.36895,34.859479,.,20.9,22.3,19.6,2.7,2151,0,5720,138,1151,2011,468
77508,.,0.389283,34.872224,.,20.9,22.3,19.6,2.7,2124,0,5707,140,1140,2010,473
77509,.,0.395215,34.909201,.,20.6,22,19.4,2.6,2057,0,5625,155,1066,2000,477
77510,.,0.402294,34.866225,.,20.9,22.3,19.6,2.7,2135,0,5703,141,1137,2007,471
77511,.,0.332758,34.818414,.,21.1,22.5,19.8,2.7,2190,0,5785,128,1213,2020,449
77512,.,0.276886,34.729432,.,21.5,22.9,20.3,2.6,2228,0,5924,108,1333,2013,415
77513,.,0.40783,34.879185,.,20.8,22.2,19.6,2.7,2108,0,5690,143,1126,2006,472
77514,.,0.41872,34.901151,.,20.7,22,19.4,2.6,2058,0,5638,152,1076,1997,474
77515,.,0.413759,34.868996,.,20.8,22.2,19.6,2.7,2125,0,5693,143,1129,2004,468
77516,.,0.418061,34.901285,.,20.7,22,19.4,2.6,2058,0,5638,152,1076,1997,474
77517,.,0.423757,34.879844,.,20.8,22.2,19.6,2.6,2099,0,5679,145,1118,2002,470
77518,.,0.423416,34.878938,.,20.8,22.2,19.6,2.6,2101,0,5680,145,1118,2002,470
77519,.,0.41133,34.885197,.,20.8,22.2,19.5,2.6,2095,0,5683,145,1121,2005,473
77520,.,0.414089,34.886417,.,20.8,22.2,19.5,2.6,2091,0,5681,145,1110,2004,473
77521,.,0.407968,34.878823,.,20.8,22.2,19.6,2.7,2109,0,5690,143,1126,2006,472
77522,.,0.416004,34.90864,.,20.5,21.9,19.3,2.6,2044,0,5595,160,1042,1990,473
77523,.,0.401657,34.890745,.,20.8,22.2,19.5,2.6,2090,0,5686,144,1123,2008,476
77524,.,0.411692,34.891057,.,20.8,22.2,19.5,2.6,2083,0,5679,145,1109,2005,475
77525,.,0.310903,34.7796,.,21.2,22.7,20,2.7,2235,0,5835,121,1256,2015,425
77526,.,0.266235,34.619461,.,22.1,23.4,20.9,2.5,2075,0,6152,82,1547,2033,464
77527,.,0.250669,34.643538,.,21.9,23.2,20.7,2.6,2111,0,6074,91,1463,2018,455
77528,.,0.265973,34.619598,.,22.1,23.4,20.9,2.5,2075,0,6151,83,1539,2032,464
77529,.,0.252594,34.643043,.,21.9,23.2,20.7,2.6,2111,0,6081,90,1469,2020,456
77530,.,0.264448,34.63521,.,22,23.4,20.8,2.6,2104,0,6130,85,1520,2030,459
77531,.,0.245311,34.632807,.,21.9,23.2,20.6,2.6,2091,0,6063,92,1453,2013,456
77532,.,0.240788,34.635782,.,21.8,23.1,20.6,2.6,2094,0,6044,94,1437,2010,455
77533,.,0.252196,34.638017,.,21.9,23.2,20.7,2.6,2102,0,6083,89,1471,2019,456
77534,.,0.240323,34.634859,.,21.8,23.1,20.6,2.6,2092,0,6043,94,1436,2009,454
77535,.,0.266447,34.617315,.,22.1,23.4,20.9,2.5,2071,0,6155,82,1549,2033,465
77536,.,0.264564,34.635382,.,22,23.4,20.8,2.6,2105,0,6130,85,1520,2030,459
77537,.,0.407413,34.670061,.,21.9,23.3,20.7,2.6,2070,0,6074,90,1463,2036,475
77538,.,0.416839,34.690889,.,21.8,23.2,20.6,2.6,2073,0,6041,94,1434,2035,476
77539,.,0.409519,34.688264,.,21.8,23.2,20.6,2.6,2077,0,6039,94,1432,2031,473
77540,.,0.339291,34.82089,.,21.1,22.5,19.8,2.7,2187,0,5779,129,1207,2019,452
77541,.,0.340668,34.811603,.,21.1,22.6,19.9,2.7,2192,0,5790,127,1217,2020,451
77542,.,0.338709,34.660809,.,21.9,23.3,20.7,2.6,2116,0,6091,89,1486,2039,468
77543,.,0.318236,34.721853,.,21.6,23,20.4,2.6,2194,0,5974,102,1376,2026,441
77544,.,0.318092,34.717811,.,21.6,23,20.4,2.6,2191,0,5984,101,1385,2027,442
77545,.,0.331079,34.727043,.,21.6,23,20.3,2.7,2184,0,5961,104,1365,2027,443
77546,.,0.296266,34.712653,.,21.6,23,20.4,2.6,2206,0,5982,101,1384,2023,433
77547,.,0.315621,34.720896,.,21.6,23,20.4,2.6,2196,0,5976,102,1378,2026,441
77548,.,0.297364,34.713985,.,21.6,23,20.4,2.6,2206,0,5980,101,1382,2023,433
77549,.,0.340661,34.671309,.,21.9,23.3,20.7,2.6,2117,0,6073,91,1463,2038,463
77550,.,0.247721,34.797532,.,21.1,22.5,19.9,2.6,2241,0,5809,124,1233,2004,411
77551,.,0.247456,34.797939,.,21.1,22.5,19.9,2.6,2241,0,5808,125,1232,2003,411
77552,.,0.250075,34.796706,.,21.2,22.5,20,2.6,2240,0,5813,124,1237,2005,411
77553,.,0.250352,34.796779,.,21.2,22.5,20,2.6,2240,0,5813,124,1237,2005,411
77554,.,0.254475,34.796701,.,21.2,22.5,20,2.6,2240,0,5818,123,1241,2007,412
77555,.,0.246125,34.793276,.,21.2,22.5,20,2.6,2242,0,5813,124,1236,2003,411
77556,.,0.242052,34.801702,.,21.1,22.5,19.9,2.6,2241,0,5795,126,1222,2001,411
77557,.,0.257453,34.798436,.,21.2,22.5,20,2.6,2239,0,5820,123,1243,2008,413
77558,.,0.266327,34.805631,.,21.2,22.6,20,2.6,2237,0,5825,122,1247,2012,415
77559,.,0.247061,34.800681,.,21.1,22.5,19.9,2.6,2240,0,5804,125,1229,2003,411
77560,.,0.265345,34.805484,.,21.2,22.6,20,2.6,2237,0,5824,122,1246,2012,415
77561,.,0.253907,34.796059,.,21.2,22.5,20,2.6,2240,0,5818,123,1241,2006,412
77562,.,0.244852,34.798966,.,21.1,22.5,19.9,2.6,2241,0,5803,125,1228,2002,411
77563,.,0.245243,34.803093,.,21.1,22.5,19.9,2.6,2240,0,5798,126,1224,2002,411
77564,.,0.288824,34.817088,.,21.2,22.6,19.9,2.6,2216,0,5809,125,1234,2016,428
77565,.,0.274662,34.807042,.,21.2,22.6,20,2.6,2234,0,5828,122,1250,2015,418
77566,.,0.281323,34.796282,.,21.2,22.6,20,2.6,2232,0,5834,121,1255,2015,419
77567,.,0.289923,34.824627,.,21.1,22.5,19.9,2.7,2208,0,5799,126,1225,2016,430
77568,.,0.283144,34.796366,.,21.2,22.6,20,2.6,2231,0,5833,121,1254,2015,420
77569,.,0.289382,34.823998,.,21.1,22.5,19.9,2.7,2209,0,5800,126,1226,2016,430
77570,.,0.289269,34.817667,.,21.1,22.6,19.9,2.6,2215,0,5808,125,1233,2016,428
77571,.,0.281737,34.792985,.,21.2,22.6,20,2.6,2233,0,5836,121,1257,2015,418
77572,.,0.289422,34.82425,.,21.1,22.5,19.9,2.7,2208,0,5799,126,1225,2016,430
77573,.,0.289568,34.811123,.,21.2,22.6,20,2.6,2221,0,5816,123,1240,2017,427
77574,.,0.280272,34.792707,.,21.2,22.6,20,2.6,2233,0,5837,120,1258,2015,418
77575,.,0.289437,34.809555,.,21.2,22.6,20,2.6,2221,0,5818,123,1241,2017,427
77576,.,0.288781,34.810155,.,21.2,22.6,20,2.6,2222,0,5818,123,1241,2017,426
77577,.,0.263034,34.709072,.,21.6,22.9,20.4,2.6,2216,0,5961,104,1365,2014,421
77578,.,0.294431,34.700836,.,21.7,23.1,20.5,2.6,2201,0,6010,98,1408,2026,437
77579,.,0.289144,34.690254,.,21.8,23.1,20.6,2.6,2200,0,6031,95,1426,2026,438
77580,.,0.294449,34.700645,.,21.7,23.1,20.5,2.6,2201,0,6010,98,1408,2026,437
77581,.,0.294596,34.700632,.,21.7,23.1,20.5,2.6,2201,0,6010,98,1408,2026,437
77582,.,0.366057,34.711866,.,21.7,23.1,20.4,2.6,2134,0,5995,100,1395,2032,456
77583,.,0.377974,34.683734,.,21.8,23.2,20.6,2.6,2092,0,6041,94,1434,2031,466
77584,.,0.37806,34.683098,.,21.8,23.2,20.6,2.6,2092,0,6042,94,1435,2031,466
77585,.,0.364482,34.702922,.,21.7,23.1,20.5,2.6,2120,0,6011,98,1408,2033,459
77586,.,0.367557,34.679337,.,21.8,23.2,20.6,2.6,2092,0,6050,93,1443,2034,466
77587,.,0.366277,34.711215,.,21.7,23.1,20.4,2.6,2133,0,5997,99,1396,2032,457
77588,.,0.36933,34.683875,.,21.8,23.2,20.6,2.6,2094,0,6042,94,1436,2033,465
77589,.,0.368322,34.679772,.,21.8,23.2,20.6,2.6,2092,0,6049,93,1442,2034,465
77590,.,0.370761,34.676577,.,21.8,23.2,20.6,2.6,2091,0,6055,93,1446,2034,467
77591,.,0.364337,34.702838,.,21.7,23.1,20.5,2.6,2120,0,6011,98,1408,2033,459
77592,.,0.37078,34.676461,.,21.8,23.2,20.6,2.6,2090,0,6055,93,1447,2034,467
77593,.,0.372261,34.692765,.,21.8,23.2,20.5,2.6,2103,0,6027,96,1422,2031,463
77594,.,0.367324,34.679588,.,21.8,23.2,20.6,2.6,2093,0,6050,93,1442,2034,465
77595,.,0.369644,34.683757,.,21.8,23.2,20.6,2.6,2094,0,6042,94,1436,2033,465
77596,.,0.372346,34.692777,.,21.8,23.2,20.5,2.6,2103,0,6027,96,1422,2031,463
77597,.,0.366199,34.711163,.,21.7,23.1,20.4,2.6,2133,0,5997,99,1396,2032,457
77598,.,0.36967,34.683753,.,21.8,23.2,20.6,2.6,2094,0,6042,94,1436,2033,465
77599,.,0.364497,34.701,.,21.7,23.1,20.5,2.6,2117,0,6014,97,1411,2033,459
77600,.,0.326276,34.795857,.,21.2,22.6,19.9,2.7,2208,0,5819,123,1242,2019,439
77601,.,0.31799,34.798212,.,21.2,22.6,19.9,2.7,2211,0,5816,123,1239,2019,436
77602,.,0.305494,34.777274,.,21.2,22.7,20,2.6,2237,0,5840,120,1260,2015,422
77603,.,0.268354,34.818602,.,21.2,22.5,19.9,2.6,2231,0,5812,124,1236,2012,418
77604,.,0.373674,34.678231,.,21.8,23.2,20.6,2.6,2091,0,6051,93,1443,2033,467
77605,.,0.67271,34.650978,.,21.6,22.9,20.5,2.4,1932,0,5955,104,1358,2060,594
77606,.,0.637999,34.641577,.,21.6,23,20.5,2.5,1963,0,5987,100,1386,2052,563
77607,.,0.663637,34.693088,.,21.7,23,20.7,2.4,1925,0,5998,98,1396,2068,607
77608,.,0.609594,34.629537,.,21.7,23.1,20.5,2.6,1982,0,6014,97,1409,2045,539
77609,.,0.63982,34.661243,.,21.7,23.1,20.6,2.5,1960,0,6006,98,1403,2060,575
77610,.,0.663637,34.693088,.,21.7,23,20.7,2.4,1925,0,5998,98,1396,2068,607
77611,.,0.654278,34.653817,.,21.6,23,20.6,2.4,1948,0,5981,100,1381,2058,580
77612,.,0.639896,34.661214,.,21.7,23.1,20.6,2.5,1960,0,6006,98,1403,2060,575
77613,.,0.663637,34.693088,.,21.7,23,20.7,2.4,1925,0,5998,98,1396,2068,607
77614,.,0.650159,34.652085,.,21.6,23,20.6,2.4,1952,0,5984,100,1384,2057,577
77615,.,0.639227,34.642657,.,21.6,23,20.5,2.5,1962,0,5987,100,1386,2053,564
77616,.,0.65029,34.653128,.,21.6,23,20.6,2.4,1952,0,5986,100,1385,2058,577
77617,.,0.65467,34.653426,.,21.6,23,20.6,2.4,1948,0,5980,101,1380,2058,580
77618,.,0.640914,34.642146,.,21.6,23,20.5,2.5,1961,0,5985,100,1384,2053,565
77619,.,0.657477,34.657458,.,21.6,23,20.6,2.4,1944,0,5982,100,1381,2060,585
77620,.,0.638388,34.640943,.,21.6,23,20.5,2.5,1962,0,5987,100,1385,2052,563
77621,.,0.638628,34.643894,.,21.7,23,20.5,2.5,1962,0,5988,100,1387,2053,565
77622,.,0.64998,34.653383,.,21.6,23,20.6,2.4,1952,0,5986,100,1385,2058,577
77623,.,0.651013,34.645836,.,21.6,23,20.5,2.5,1953,0,5976,101,1376,2056,574
77624,.,0.648791,34.644769,.,21.6,23,20.5,2.5,1954,0,5978,101,1378,2055,572
77625,.,0.640886,34.662251,.,21.7,23.1,20.6,2.5,1959,0,6007,98,1403,2060,577
77626,.,0.631098,34.643187,.,21.7,23,20.5,2.5,1968,0,5995,99,1393,2052,560
77627,.,0.809527,34.744126,.,20.5,21.8,19.6,2.2,1863,0,5564,165,1016,2026,664
77628,.,0.822606,34.724588,.,20.1,21.4,19.3,2.1,1901,0,5444,189,922,1997,638
77629,.,0.823514,34.73453,.,20.2,21.5,19.3,2.1,1885,0,5455,187,930,2000,646
77630,.,0.814994,34.745186,.,20.4,21.7,19.5,2.2,1867,0,5540,169,997,2021,662
77631,.,0.799673,34.732121,.,20.5,21.8,19.6,2.2,1865,0,5573,163,1023,2028,661
77632,.,0.810723,34.730435,.,20.4,21.8,19.6,2.2,1867,0,5559,165,1012,2021,655
77633,.,0.811735,34.732052,.,20.4,21.8,19.6,2.2,1866,0,5559,165,1011,2021,656
77634,.,0.824244,34.733502,.,20.1,21.4,19.3,2.1,1887,0,5446,189,924,1999,645
77635,.,0.825256,34.722257,.,20,21.3,19.2,2.1,1915,0,5411,196,897,1990,632
77636,.,0.82109,34.738881,.,20.2,21.6,19.4,2.2,1878,0,5482,181,952,2007,652
77637,.,0.807165,34.689976,.,20.3,21.6,19.4,2.2,1943,0,5497,178,963,2006,636
77638,.,0.79771,34.701475,.,20.4,21.7,19.6,2.2,1908,0,5553,167,1007,2020,647
77639,.,0.81502,34.693546,.,20.1,21.5,19.3,2.2,1958,0,5449,188,926,1996,627
77640,.,0.797982,34.707916,.,20.4,21.8,19.6,2.2,1898,0,5557,166,1010,2022,650
77641,.,0.904721,34.792343,.,18.7,20,17.9,2.1,1950,0,4932,339,572,1907,597
77642,.,0.896886,34.785159,.,18.7,20,17.9,2.1,1961,0,4925,342,568,1906,593
77643,.,0.903359,34.780412,.,18.5,19.8,17.7,2.2,2008,0,4867,364,535,1897,579
77644,.,0.9008,34.785719,.,18.6,19.9,17.8,2.1,1972,0,4910,348,559,1904,590
77645,.,0.908159,34.807273,.,18.9,20.2,18.2,2.1,1874,0,5012,310,619,1920,620
77646,.,0.896739,34.790675,.,18.8,20.1,18,2.1,1936,0,4955,331,585,1911,601
77647,.,0.900908,34.785722,.,18.6,19.9,17.8,2.1,1972,0,4910,348,559,1904,590
77648,.,0.907073,34.777675,.,18.4,19.7,17.5,2.2,2039,0,4831,379,516,1892,571
77649,.,0.908179,34.778125,.,18.4,19.7,17.5,2.2,2041,0,4828,380,514,1892,570
77650,.,0.903714,34.79904,.,18.8,20.1,18,2.1,1913,0,4976,323,597,1914,609
77651,.,0.901916,34.783245,.,18.6,19.9,17.7,2.1,1988,0,4891,355,549,1901,585
77652,.,0.909422,34.779688,.,18.4,19.7,17.5,2.2,2038,0,4832,379,516,1892,571
77653,.,0.900194,34.794862,.,18.8,20.1,18,2.1,1926,0,4964,327,590,1912,605
77654,.,0.904067,34.777837,.,18.5,19.8,17.6,2.2,2025,0,4848,372,525,1894,574
77655,.,0.75773,34.590192,.,20.9,22.2,19.9,2.3,1947,0,5732,135,1160,2023,600
77656,.,0.581763,34.559631,.,22,23.3,20.9,2.4,1971,0,6104,87,1489,2035,510
77657,.,0.632527,34.632758,.,21.7,23,20.5,2.5,1966,0,5989,100,1387,2047,554
77658,.,0.938194,34.758895,.,17.5,18.8,16.5,2.3,2321,0,4513,531,365,1847,495
77659,.,0.93688,34.765231,.,17.7,19,16.7,2.3,2275,0,4567,502,388,1854,509
77660,.,0.592834,34.5641,.,21.9,23.2,20.8,2.4,1971,0,6085,89,1472,2034,513
77661,.,0.931884,34.772068,.,17.9,19.2,17,2.3,2200,0,4651,460,425,1866,529
77662,.,0.945575,34.763225,.,17.6,18.9,16.6,2.3,2301,0,4540,517,376,1850,498
77663,.,0.932733,34.772049,.,17.9,19.2,16.9,2.3,2204,0,4646,463,423,1865,528
77664,.,0.934679,34.770461,.,17.8,19.1,16.9,2.3,2228,0,4621,475,411,1862,522
77665,.,0.936658,34.758947,.,17.5,18.8,16.6,2.3,2315,0,4521,527,368,1848,497
77666,.,0.935376,34.770595,.,17.8,19.1,16.9,2.3,2231,0,4618,477,410,1861,522
77667,.,0.937937,34.758678,.,17.5,18.8,16.5,2.3,2322,0,4512,532,364,1847,495
77668,.,0.933455,34.768644,.,17.8,19.1,16.8,2.3,2233,0,4615,478,409,1861,520
77669,.,0.642646,34.633328,.,21.6,23,20.5,2.5,1959,0,5978,101,1378,2048,560
77670,.,0.643286,34.633279,.,21.6,23,20.5,2.5,1959,0,5977,101,1377,2048,561
77671,.,0.635395,34.635736,.,21.6,23,20.5,2.5,1964,0,5987,100,1386,2049,558
77672,.,0.638369,34.638588,.,21.6,23,20.5,2.5,1962,0,5985,100,1384,2051,561
77673,.,0.906104,34.842238,.,19.6,21,18.8,2.1,1806,0,5261,234,781,1969,684
77674,.,0.909921,34.842106,.,19.6,21,18.8,2.1,1805,0,5254,236,775,1968,683
77675,.,0.9084,34.828948,.,19.3,20.7,18.6,2.1,1822,0,5162,262,714,1949,659
77676,.,0.906104,34.842238,.,19.6,21,18.8,2.1,1806,0,5261,234,781,1969,684
77677,.,0.903725,34.821172,.,19.2,20.5,18.5,2,1832,0,5116,276,684,1939,646
77678,.,0.909379,34.835736,.,19.5,20.8,18.7,2.1,1813,0,5209,248,745,1959,671
77679,.,0.907315,34.828165,.,19.3,20.7,18.6,2.1,1823,0,5159,263,712,1948,658
77680,.,0.907421,34.834324,.,19.4,20.8,18.7,2.1,1815,0,5203,250,741,1957,669
77681,.,0.910737,34.835605,.,19.5,20.8,18.7,2.1,1813,0,5206,249,743,1958,671
77682,.,0.903966,34.820618,.,19.2,20.5,18.5,2,1832,0,5112,277,681,1938,645
77683,.,0.904836,34.84044,.,19.6,20.9,18.8,2.1,1808,0,5251,237,773,1967,680
77684,.,0.826275,34.792562,.,20.3,21.7,19.5,2.2,1843,0,5511,175,974,2017,682
77685,.,0.637685,34.623677,.,21.6,23,20.5,2.5,1962,0,5978,101,1378,2043,551
77686,.,0.639454,34.614676,.,21.6,23,20.5,2.5,1961,0,5971,102,1372,2039,547
77687,.,0.637652,34.623713,.,21.6,23,20.5,2.5,1962,0,5978,101,1378,2043,551
77688,.,0.637115,34.622112,.,21.6,23,20.5,2.5,1963,0,5978,101,1378,2042,550
77689,.,0.641325,34.614189,.,21.6,23,20.5,2.5,1960,0,5968,102,1369,2039,547
77690,.,0.635297,34.621149,.,21.6,23,20.5,2.5,1964,0,5980,101,1380,2042,549
77691,.,0.642573,34.611928,.,21.6,23,20.5,2.5,1959,0,5964,103,1367,2037,546
77692,.,0.637143,34.622436,.,21.6,23,20.5,2.5,1963,0,5978,101,1378,2043,550
77693,.,0.637897,34.623358,.,21.6,23,20.5,2.5,1962,0,5977,101,1378,2043,551
77694,.,0.64081,34.617408,.,21.6,23,20.5,2.5,1960,0,5970,102,1371,2040,549
77695,.,0.640051,34.621391,.,21.6,23,20.5,2.5,1961,0,5974,102,1374,2042,551
77696,.,0.631729,34.621363,.,21.6,23,20.5,2.5,1966,0,5984,100,1384,2042,547
77697,.,0.639166,34.615642,.,21.6,23,20.5,2.5,1961,0,5971,102,1373,2039,547
77698,.,0.636947,34.621523,.,21.6,23,20.5,2.5,1963,0,5978,101,1378,2042,550
77699,.,0.634934,34.625352,.,21.6,23,20.5,2.5,1964,0,5982,101,1382,2044,551
77700,.,0.666883,34.589213,.,21.5,22.8,20.4,2.4,1956,0,5932,107,1337,2034,551
77701,.,0.672768,34.597928,.,21.5,22.8,20.4,2.4,1953,0,5929,107,1335,2040,561
77702,.,0.672235,34.598646,.,21.5,22.8,20.4,2.4,1953,0,5929,107,1336,2040,561
77703,.,0.678203,34.597286,.,21.5,22.8,20.4,2.4,1951,0,5924,107,1331,2041,565
77704,.,0.658227,34.583445,.,21.5,22.9,20.4,2.4,1960,0,5935,106,1340,2029,541
77705,.,0.676499,34.595674,.,21.5,22.8,20.4,2.4,1952,0,5926,107,1332,2040,562
77706,.,0.712811,34.589753,.,21.3,22.7,20.4,2.3,1936,0,5878,113,1291,2039,583
77707,.,0.658725,34.581965,.,21.5,22.9,20.4,2.4,1960,0,5934,106,1340,2028,541
77708,.,0.676534,34.595775,.,21.5,22.8,20.4,2.4,1952,0,5926,107,1332,2040,562
77709,.,0.676914,34.60747,.,21.5,22.8,20.4,2.4,1949,0,5927,107,1334,2045,570
77710,.,0.691841,34.589749,.,21.4,22.7,20.4,2.3,1947,0,5911,109,1320,2041,571
77711,.,0.66217,34.583524,.,21.5,22.8,20.4,2.4,1958,0,5933,107,1339,2030,544
77712,.,0.716984,34.588231,.,21.3,22.6,20.3,2.3,1934,0,5871,114,1284,2038,585
77713,.,0.662774,34.584168,.,21.5,22.8,20.4,2.4,1958,0,5933,107,1338,2030,545
77714,.,0.676342,34.595071,.,21.5,22.8,20.4,2.4,1952,0,5926,107,1332,2040,562
77715,.,0.656513,34.582715,.,21.5,22.9,20.4,2.4,1961,0,5936,106,1341,2028,539
77716,.,0.840113,34.761558,.,19.9,21.3,19.2,2.1,1877,0,5379,204,874,1991,651
77717,.,0.857122,34.766301,.,19.6,21,18.9,2,1889,0,5272,231,788,1968,637
77718,.,0.84013,34.761683,.,19.9,21.3,19.2,2.1,1877,0,5379,204,874,1991,651
77719,.,0.840109,34.761728,.,19.9,21.3,19.2,2.1,1877,0,5380,204,874,1991,651
77720,.,0.857052,34.766206,.,19.6,21,18.9,2,1889,0,5273,231,788,1968,637
77721,.,0.822438,34.857256,.,20.3,21.7,19.4,2.3,1806,0,5522,174,983,2020,706
77722,.,0.850146,34.784765,.,19.9,21.3,19.1,2.1,1856,0,5375,205,870,1986,659
77723,.,0.838705,34.760821,.,20,21.3,19.2,2.1,1877,0,5387,203,879,1992,651
77724,.,0.838021,34.760436,.,20,21.3,19.2,2.1,1877,0,5390,202,882,1993,652
77725,.,0.822466,34.857486,.,20.3,21.7,19.4,2.3,1806,0,5522,174,983,2020,706
77726,.,0.839803,34.76086,.,19.9,21.3,19.2,2.1,1878,0,5379,204,874,1990,650
77727,.,0.84111,34.756421,.,19.9,21.2,19.1,2.1,1885,0,5357,210,857,1985,646
77728,.,0.839653,34.760717,.,19.9,21.3,19.2,2.1,1878,0,5380,204,874,1991,650
77729,.,0.837717,34.763625,.,20,21.3,19.2,2.1,1872,0,5401,199,890,1996,654
77730,.,0.819353,34.748355,.,20.3,21.6,19.5,2.2,1871,0,5507,176,971,2015,660
77731,.,0.803361,34.657188,.,20.3,21.6,19.4,2.3,2012,0,5513,175,976,2006,607
77732,.,0.610373,34.617117,.,21.7,23.1,20.5,2.6,1979,0,6011,97,1407,2039,533
77733,.,0.620968,34.622157,.,21.7,23.1,20.5,2.5,1973,0,5998,99,1396,2042,541
77734,.,0.609513,34.614104,.,21.7,23.1,20.5,2.6,1980,0,6012,97,1408,2038,531
77735,.,0.609473,34.614919,.,21.7,23.1,20.5,2.6,1980,0,6012,97,1408,2038,531
77736,.,0.627356,34.627861,.,21.7,23,20.5,2.5,1970,0,5993,99,1391,2045,548
77737,.,0.631907,34.62848,.,21.6,23,20.5,2.5,1966,0,5987,100,1386,2045,551
77738,.,0.597392,34.621287,.,21.8,23.1,20.6,2.6,1987,0,6026,96,1420,2041,529
77739,.,0.623518,34.614726,.,21.7,23,20.5,2.5,1971,0,5993,99,1391,2039,538
77740,.,0.779895,34.719459,.,20.6,21.9,19.8,2.1,1870,0,5605,157,1049,2039,664
77741,.,0.581592,34.559644,.,22,23.3,20.9,2.4,1971,0,6104,87,1489,2035,510
77742,.,0.816935,34.670535,.,20,21.3,19.1,2.2,2033,0,5398,200,888,1985,595
77743,.,0.816686,34.670025,.,20,21.3,19.1,2.2,2033,0,5401,199,890,1986,595
77744,.,0.803057,34.696898,.,20.4,21.7,19.5,2.2,1923,0,5526,172,986,2013,642
77745,.,0.802885,34.697204,.,20.4,21.7,19.5,2.2,1922,0,5527,172,987,2013,642
77746,.,0.809791,34.611987,.,20,21.2,19,2.2,2120,0,5395,200,885,1979,581
77747,.,0.815071,34.613433,.,19.8,21.1,18.9,2.2,2141,0,5339,214,843,1970,576
77748,.,0.84159,34.856036,.,20.3,21.6,19.4,2.3,1809,0,5498,179,964,2015,706
77749,.,0.848994,34.86022,.,20.3,21.6,19.3,2.3,1809,0,5490,180,958,2014,708
77750,.,0.850291,34.854272,.,20.2,21.6,19.3,2.3,1812,0,5486,181,955,2012,705
77751,.,0.84159,34.856036,.,20.3,21.6,19.4,2.3,1809,0,5498,179,964,2015,706
77752,.,0.846473,34.849304,.,20.2,21.6,19.3,2.3,1814,0,5485,181,954,2011,702
77753,.,0.850342,34.854465,.,20.2,21.6,19.3,2.3,1812,0,5486,181,955,2012,705
77754,.,0.84159,34.856036,.,20.3,21.6,19.4,2.3,1809,0,5498,179,964,2015,706
77755,.,0.821805,34.855583,.,20.3,21.7,19.4,2.3,1807,0,5523,174,984,2020,705
77756,.,0.856196,34.856172,.,20.2,21.6,19.3,2.2,1811,0,5476,183,947,2010,706
77757,.,0.8222,34.855881,.,20.3,21.7,19.4,2.3,1807,0,5522,174,983,2020,705
77758,.,0.846718,34.847965,.,20.2,21.6,19.3,2.2,1814,0,5483,181,953,2010,701
77759,.,0.840667,34.857286,.,20.3,21.6,19.4,2.3,1809,0,5499,178,965,2015,706
77760,.,0.841345,34.856036,.,20.3,21.6,19.4,2.3,1809,0,5498,178,964,2015,706
77761,.,0.616341,34.559023,.,21.8,23.1,20.7,2.4,1968,0,6038,94,1431,2028,516
77762,.,0.852682,34.86785,.,20.3,21.6,19.3,2.3,1805,0,5490,180,958,2015,713
77763,.,0.852666,34.867842,.,20.3,21.6,19.3,2.3,1805,0,5490,180,958,2015,713
77764,.,0.778667,34.595825,.,20.6,21.9,19.6,2.3,1992,0,5611,156,1053,2007,588
77765,.,0.645891,34.641589,.,21.6,23,20.5,2.5,1957,0,5979,101,1379,2053,568
77766,.,0.745132,34.60206,.,21.1,22.4,20.1,2.3,1934,0,5799,125,1216,2037,607
77767,.,0.717321,34.634281,.,21.4,22.8,20.4,2.4,1912,0,5909,110,1318,2060,620
77768,.,0.708648,34.63395,.,21.4,22.8,20.4,2.4,1918,0,5914,109,1322,2059,613
77769,.,0.717526,34.633972,.,21.4,22.8,20.4,2.4,1912,0,5908,110,1318,2059,620
77770,.,0.707501,34.633448,.,21.4,22.8,20.4,2.4,1919,0,5914,109,1323,2058,612
77771,.,-0.58231,34.749545,.,21.1,22.1,19.7,2.4,2155,0,5796,125,1212,1920,362
77772,.,-0.588055,34.750907,.,21.1,22.1,19.7,2.4,2166,0,5785,126,1196,1919,360
77773,.,-0.593413,34.762592,.,20.9,21.9,19.6,2.4,2185,0,5730,135,1150,1912,352
77774,.,-0.590396,34.725694,.,21.4,22.4,19.9,2.5,2139,0,5882,113,1294,1933,373
77775,.,-0.563647,34.74556,.,21.2,22.2,19.8,2.5,2119,0,5831,120,1242,1922,369
77776,.,-0.60336,34.743652,.,21.1,22.1,19.7,2.4,2185,0,5801,124,1216,1924,360
77777,.,-0.583563,34.746752,.,21.1,22.2,19.7,2.4,2154,0,5807,123,1221,1921,363
77778,.,-0.589682,34.747723,.,21.1,22.1,19.7,2.4,2165,0,5797,124,1213,1921,361
77779,.,-0.593126,34.748267,.,21.1,22.1,19.7,2.4,2172,0,5791,125,1208,1921,360
77780,.,-0.587873,34.75085,.,21.1,22.1,19.7,2.4,2165,0,5785,126,1196,1919,360
77781,.,-0.58808,34.750931,.,21.1,22.1,19.7,2.4,2166,0,5785,126,1196,1919,360
77782,.,-0.592567,34.726532,.,21.3,22.4,19.9,2.5,2145,0,5877,113,1290,1933,372
77783,.,-0.582849,34.749888,.,21.1,22.1,19.7,2.4,2156,0,5794,125,1210,1919,362
77784,.,-0.588566,34.747077,.,21.1,22.1,19.7,2.4,2163,0,5801,124,1216,1921,362
77785,.,-0.590008,34.725636,.,21.4,22.4,19.9,2.5,2138,0,5882,113,1294,1933,373
77786,.,-0.543077,34.876333,.,19.6,20.6,18.5,2.2,2008,0,5270,230,786,1861,326
77787,.,-0.542937,34.876332,.,19.6,20.6,18.5,2.2,2008,0,5271,230,786,1861,326
77788,.,-0.530733,34.88291,.,19.8,20.8,18.6,2.2,2019,0,5334,213,831,1869,333
77789,.,-0.530554,34.883187,.,19.8,20.8,18.6,2.2,2018,0,5334,213,831,1869,333
77790,.,-0.528065,34.886282,.,19.8,20.8,18.6,2.2,2019,0,5339,212,835,1870,333
77791,.,-0.527976,34.886875,.,19.8,20.8,18.6,2.2,2018,0,5337,213,834,1870,333
77792,.,-0.549263,34.803557,.,20.5,21.6,19.3,2.3,2101,0,5588,159,1034,1888,338
77793,.,-0.601812,34.75373,.,21,22,19.6,2.4,2191,0,5759,130,1175,1918,355
77794,.,-0.546423,34.768055,.,21.1,22.1,19.7,2.4,2105,0,5782,127,1193,1911,360
77795,.,-0.549524,34.772233,.,21,22,19.6,2.4,2115,0,5754,131,1170,1907,356
77796,.,-0.537185,34.768923,.,21.1,22.1,19.7,2.4,2085,0,5804,123,1218,1914,364
77797,.,-0.546683,34.76755,.,21.1,22.1,19.7,2.4,2105,0,5783,127,1195,1911,361
77798,.,-0.674285,34.786367,.,19.9,20.9,18.7,2.3,2076,0,5366,206,855,1869,305
77799,.,-0.674072,34.785936,.,19.9,20.9,18.7,2.3,2079,0,5369,205,857,1870,305
77800,.,-0.549521,34.772271,.,21,22,19.6,2.4,2115,0,5754,131,1170,1907,356
77801,.,-0.535069,34.769453,.,21.1,22.1,19.7,2.4,2082,0,5808,123,1221,1914,365
77802,.,-0.572424,34.845646,.,19.6,20.6,18.5,2.2,2038,0,5262,232,781,1856,313
77803,.,-0.58078,34.839199,.,19.7,20.7,18.5,2.2,2046,0,5286,226,798,1858,314
77804,.,-0.571278,34.831587,.,19.9,20.9,18.7,2.2,2074,0,5369,205,857,1866,318
77805,.,-0.566935,34.834682,.,19.9,20.9,18.7,2.2,2070,0,5357,208,848,1865,318
77806,.,-0.580621,34.839002,.,19.7,20.7,18.5,2.2,2046,0,5288,225,799,1859,314
77807,.,-0.567229,34.840662,.,19.8,20.8,18.6,2.2,2056,0,5314,219,818,1861,316
77808,.,-0.580888,34.839511,.,19.7,20.7,18.5,2.2,2045,0,5283,227,796,1858,313
77809,.,-0.567323,34.835313,.,19.9,20.9,18.7,2.2,2068,0,5351,210,844,1864,317
77810,.,-0.572715,34.832334,.,19.9,20.9,18.7,2.2,2071,0,5360,208,850,1865,317
77811,.,-0.567524,34.835711,.,19.9,20.9,18.7,2.2,2067,0,5348,210,842,1864,317
77812,.,-0.657444,34.85243,.,18.9,20,17.9,2.2,1846,0,5025,304,625,1839,312
77813,.,-0.673691,34.770566,.,20.2,21.2,18.9,2.3,2142,0,5465,184,937,1879,308
77814,.,-0.633992,34.837909,.,19.3,20.3,18.2,2.2,1964,0,5141,267,699,1845,305
77815,.,-0.694475,34.782967,.,19.8,20.8,18.5,2.3,2037,0,5315,219,818,1864,309
77816,.,-0.763664,34.865559,.,19,20.2,17.9,2.3,1561,0,5053,295,644,1871,456
77817,.,-0.634919,34.825208,.,19.5,20.6,18.4,2.2,2018,0,5226,242,756,1853,305
77818,.,-0.635669,34.825923,.,19.5,20.6,18.4,2.2,2014,0,5218,244,750,1852,305
77819,.,-0.691594,34.784657,.,19.8,20.8,18.5,2.3,2037,0,5314,219,817,1864,308
77820,.,-0.641339,34.8466,.,19.1,20.1,18,2.2,1909,0,5064,291,649,1838,304
77821,.,-0.650185,34.839733,.,19.1,20.2,18,2.2,1920,0,5093,281,667,1842,303
77822,.,-0.621377,34.816023,.,19.9,21,18.7,2.3,2081,0,5363,207,853,1867,310
77823,.,-0.634626,34.82445,.,19.5,20.6,18.4,2.2,2022,0,5233,240,760,1854,305
77824,.,-0.673775,34.770728,.,20.2,21.2,18.9,2.3,2142,0,5464,184,936,1879,308
77825,.,-0.637331,34.839882,.,19.2,20.3,18.1,2.2,1948,0,5118,274,683,1843,304
77826,.,-0.6742,34.786123,.,19.9,20.9,18.7,2.3,2078,0,5368,206,856,1869,305
77827,.,-0.650363,34.802921,.,19.8,20.8,18.6,2.2,2079,0,5322,217,823,1863,306
77828,.,-0.653413,34.808362,.,19.6,20.7,18.5,2.2,2049,0,5272,229,788,1858,303
77829,.,-0.631806,34.804215,.,20,21,18.8,2.3,2105,0,5392,200,882,1871,312
77830,.,-0.663387,34.788434,.,20,21,18.7,2.3,2098,0,5393,200,882,1872,309
77831,.,-0.64739,34.799284,.,19.9,20.9,18.7,2.3,2101,0,5360,207,850,1867,309
77832,.,-0.650849,34.802315,.,19.8,20.9,18.6,2.2,2080,0,5326,216,826,1864,306
77833,.,-0.649955,34.801102,.,19.8,20.9,18.6,2.3,2087,0,5338,213,834,1865,307
77834,.,-0.64567,34.791554,.,20.1,21.1,18.8,2.3,2134,0,5431,191,911,1876,314
77835,.,-0.648832,34.798757,.,19.9,20.9,18.7,2.3,2099,0,5361,207,850,1867,309
77836,.,-0.658235,34.80301,.,19.7,20.8,18.5,2.2,2055,0,5303,222,809,1862,304
77837,.,-0.632382,34.803124,.,20,21,18.8,2.3,2108,0,5397,199,885,1871,312
77838,.,-0.647012,34.798246,.,19.9,21,18.7,2.3,2106,0,5370,205,857,1868,309
77839,.,-0.649847,34.798121,.,19.9,20.9,18.7,2.3,2098,0,5363,207,852,1868,309
77840,.,-0.652669,34.79636,.,19.9,21,18.7,2.3,2097,0,5369,205,857,1869,309
77841,.,-0.663797,34.787712,.,20,21,18.7,2.3,2099,0,5396,199,885,1873,309
77842,.,-0.650376,34.802805,.,19.8,20.8,18.6,2.2,2079,0,5323,216,824,1863,306
77843,.,-0.592587,34.840446,.,19.6,20.6,18.4,2.2,2030,0,5241,238,766,1855,311
77844,.,-0.577335,34.852644,.,19.4,20.4,18.3,2.2,2013,0,5191,252,732,1849,310
77845,.,-0.581831,34.848913,.,19.4,20.5,18.3,2.2,2017,0,5203,248,741,1850,310
77846,.,-0.577376,34.852697,.,19.4,20.4,18.3,2.2,2013,0,5190,252,732,1849,310
77847,.,-0.591285,34.839581,.,19.6,20.6,18.4,2.2,2034,0,5253,235,774,1856,312
77848,.,-0.582552,34.849341,.,19.4,20.5,18.3,2.2,2014,0,5197,250,736,1850,310
77849,.,-0.590206,34.837258,.,19.7,20.7,18.5,2.2,2042,0,5277,228,791,1858,312
77850,.,-0.582657,34.849468,.,19.4,20.5,18.3,2.2,2014,0,5196,251,735,1849,310
77851,.,-0.551192,34.807702,.,20.5,21.5,19.2,2.3,2103,0,5561,164,1013,1885,335
77852,.,-0.674558,34.783783,.,19.9,21,18.7,2.3,2086,0,5381,203,865,1871,305
77853,.,-0.534315,34.803306,.,20.6,21.6,19.3,2.3,2073,0,5623,153,1063,1892,346
77854,.,-0.549908,34.803653,.,20.5,21.6,19.3,2.3,2102,0,5586,160,1033,1888,338
77855,.,-0.537355,34.822195,.,20.4,21.4,19.1,2.3,2072,0,5532,170,990,1883,338
77856,.,-0.536138,34.836407,.,20.3,21.2,19,2.2,2064,0,5489,178,956,1881,336
77857,.,-0.69067,34.784508,.,19.8,20.8,18.5,2.3,2041,0,5317,218,819,1864,307
77858,.,-0.542225,34.82681,.,20.3,21.3,19,2.2,2073,0,5497,177,962,1880,334
77859,.,-0.536098,34.833764,.,20.3,21.3,19,2.2,2065,0,5498,177,963,1881,337
77860,.,-0.545513,34.824986,.,20.3,21.3,19,2.2,2078,0,5493,178,959,1879,332
77861,.,-0.57298,34.803844,.,20.4,21.5,19.2,2.3,2129,0,5550,166,1004,1885,329
77862,.,-0.561155,34.80665,.,20.4,21.5,19.2,2.3,2122,0,5545,167,1000,1883,330
77863,.,-0.571623,34.807213,.,20.4,21.4,19.1,2.3,2126,0,5534,170,991,1883,328
77864,.,-0.665773,34.758389,.,20.4,21.4,19.1,2.4,2172,0,5555,165,1008,1891,318
77865,.,-0.66357,34.748203,.,20.6,21.6,19.2,2.4,2185,0,5606,156,1049,1898,323
77866,.,-0.561235,34.806735,.,20.4,21.5,19.2,2.3,2122,0,5544,167,999,1883,330
77867,.,-0.570148,34.814957,.,20.3,21.3,19,2.3,2115,0,5490,178,957,1878,324
77868,.,-0.571331,34.807938,.,20.4,21.4,19.1,2.3,2125,0,5530,170,989,1883,327
77869,.,-0.562333,34.813666,.,20.3,21.3,19.1,2.3,2118,0,5505,175,968,1879,326
77870,.,-0.56658,34.769875,.,20.9,22,19.5,2.4,2149,0,5725,136,1147,1905,350
77871,.,-0.5742,34.759348,.,21,22,19.6,2.4,2151,0,5763,130,1178,1913,357
77872,.,-0.5745,34.773019,.,20.8,21.9,19.5,2.4,2160,0,5702,139,1128,1904,347
77873,.,-0.574028,34.771866,.,20.9,21.9,19.5,2.4,2161,0,5709,138,1133,1905,348
77874,.,-0.568147,34.756144,.,21.1,22.1,19.7,2.4,2138,0,5782,127,1194,1915,360
77875,.,-0.582631,34.789599,.,20.6,21.6,19.3,2.3,2151,0,5614,154,1055,1894,336
77876,.,-0.568861,34.750094,.,21.1,22.2,19.7,2.5,2133,0,5807,123,1221,1919,365
77877,.,-0.56709,34.756248,.,21.1,22.1,19.7,2.5,2136,0,5783,127,1194,1915,360
77878,.,-0.593457,34.735771,.,21.2,22.3,19.8,2.4,2160,0,5844,118,1261,1928,367
77879,.,-0.599489,34.754274,.,21,22,19.6,2.4,2188,0,5759,130,1175,1917,355
77880,.,-0.549045,34.783833,.,20.8,21.8,19.5,2.4,2109,0,5693,141,1120,1900,349
77881,.,-0.647728,34.802349,.,19.8,20.9,18.6,2.3,2089,0,5334,214,831,1864,307
77882,.,0.788202,34.980765,.,20.3,21.7,19.3,2.5,1833,0,5502,179,968,2028,700
77883,.,0.802173,34.989857,.,20.2,21.6,19.2,2.5,1829,0,5459,188,935,2020,702
77884,.,0.785022,34.989941,.,20.2,21.7,19.2,2.5,1834,0,5487,182,957,2023,696
77885,.,0.800789,34.97365,.,20.2,21.7,19.3,2.5,1828,0,5486,182,957,2026,706
77886,.,0.791632,34.990234,.,20.2,21.7,19.2,2.5,1832,0,5476,185,948,2022,698
77887,.,0.787262,34.980987,.,20.3,21.7,19.3,2.5,1833,0,5503,179,970,2028,699
77888,.,0.792456,34.992026,.,20.2,21.7,19.2,2.5,1831,0,5471,186,945,2021,698
77889,.,0.800668,34.989408,.,20.2,21.6,19.2,2.5,1829,0,5462,188,938,2020,701
77890,.,0.789238,34.993621,.,20.2,21.7,19.2,2.5,1832,0,5472,185,946,2021,696
77891,.,0.804056,34.987991,.,20.2,21.6,19.2,2.5,1828,0,5458,188,935,2020,703
77892,.,0.800804,34.973732,.,20.2,21.7,19.3,2.5,1828,0,5486,182,956,2026,706
77893,.,0.786849,34.991268,.,20.2,21.7,19.2,2.5,1833,0,5481,183,953,2022,696
77894,.,0.788483,34.993967,.,20.2,21.7,19.2,2.5,1833,0,5473,185,946,2021,696
77895,.,0.800633,34.990155,.,20.2,21.6,19.2,2.5,1829,0,5461,188,937,2020,701
77896,.,0.803259,34.989292,.,20.2,21.6,19.2,2.5,1829,0,5458,188,935,2020,702
77897,.,0.616913,35.097448,.,19.2,20.7,18.1,2.6,1844,0,5123,276,691,1936,620
77898,.,0.623219,35.095278,.,19.2,20.8,18.2,2.6,1844,0,5132,273,696,1939,622
77899,.,0.622462,35.093633,.,19.3,20.8,18.2,2.6,1846,0,5135,272,698,1939,621
77900,.,0.630898,35.05241,.,19.5,21,18.4,2.6,1884,0,5218,247,753,1945,607
77901,.,0.585452,35.026686,.,19.7,21.2,18.6,2.6,1912,0,5310,223,824,1961,592
77902,.,0.630898,35.05241,.,19.5,21,18.4,2.6,1884,0,5218,247,753,1945,607
77903,.,0.585857,35.027258,.,19.7,21.2,18.5,2.6,1911,0,5307,223,822,1961,593
77904,.,0.772712,35.196834,.,19,20.6,18,2.6,1756,0,5045,302,643,1941,704
77905,.,0.78579,35.201127,.,19,20.6,18,2.6,1760,0,5052,299,648,1946,709
77906,.,0.770841,35.19509,.,19,20.6,18,2.6,1758,0,5046,302,644,1940,703
77907,.,0.775913,35.176563,.,19.2,20.7,18.1,2.6,1790,0,5101,284,678,1950,697
77908,.,0.776263,35.17717,.,19.2,20.7,18.1,2.6,1790,0,5100,284,677,1950,698
77909,.,0.784413,35.200596,.,19,20.6,18,2.6,1760,0,5052,300,648,1945,709
77910,.,0.785612,35.208416,.,19,20.5,17.9,2.6,1748,0,5035,305,637,1944,712
77911,.,0.785198,35.200626,.,19,20.6,18,2.6,1761,0,5053,299,648,1946,709
77912,.,0.786862,35.207119,.,19,20.6,18,2.6,1751,0,5040,304,640,1945,712
77913,.,0.774636,35.207747,.,18.9,20.5,17.9,2.6,1738,0,5022,310,630,1938,709
77914,.,0.770902,35.196567,.,19,20.6,18,2.6,1755,0,5043,303,642,1940,704
77915,.,0.77275,35.109753,.,19.6,21.2,18.5,2.6,1858,0,5266,236,795,1974,680
77916,.,0.770063,35.082708,.,19.8,21.3,18.7,2.6,1869,0,5341,216,849,1987,681
77917,.,0.722558,34.931591,.,20.5,22,19.5,2.5,1855,0,5590,161,1037,2036,668
77918,.,0.718689,34.927616,.,20.5,22,19.5,2.5,1859,0,5590,161,1037,2034,664
77919,.,0.705764,34.952556,.,20.3,21.8,19.2,2.5,1874,0,5509,177,974,2011,640
77920,.,0.705528,34.957986,.,20.2,21.7,19.2,2.5,1877,0,5483,183,954,2004,636
77921,.,0.702187,34.952947,.,20.3,21.7,19.2,2.5,1878,0,5502,179,969,2008,635
77922,.,0.731883,34.907118,.,20.5,21.9,19.5,2.4,1843,0,5570,165,1022,2031,671
77923,.,0.710887,34.954584,.,20.3,21.8,19.2,2.5,1870,0,5507,178,972,2012,645
77924,.,0.71186,34.955632,.,20.3,21.7,19.2,2.5,1870,0,5504,178,970,2011,645
77925,.,0.699699,34.954404,.,20.3,21.7,19.2,2.5,1882,0,5491,181,960,2004,631
77926,.,0.708795,34.958027,.,20.2,21.7,19.2,2.5,1874,0,5488,182,958,2006,640
77927,.,0.709514,34.958787,.,20.2,21.7,19.2,2.5,1873,0,5486,182,956,2006,640
77928,.,0.731172,34.906881,.,20.5,21.9,19.5,2.4,1843,0,5570,165,1022,2030,670
77929,.,0.78151,34.804973,.,20.6,22,19.8,2.2,1832,0,5616,156,1058,2041,694
77930,.,0.703907,34.951196,.,20.3,21.8,19.2,2.5,1876,0,5513,176,977,2011,638
77931,.,0.705059,34.976245,.,20,21.4,18.9,2.5,1887,0,5394,203,887,1981,622
77932,.,0.704235,34.97539,.,20,21.4,18.9,2.5,1888,0,5396,202,888,1981,622
77933,.,0.711174,34.964377,.,20.2,21.6,19.1,2.5,1874,0,5463,187,939,2000,638
77934,.,0.740137,34.858474,.,20.6,22.1,19.7,2.4,1843,0,5628,154,1067,2041,678
77935,.,0.724677,34.869147,.,20.6,22.1,19.7,2.4,1859,0,5628,154,1067,2037,665
77936,.,0.742501,34.893291,.,20.4,21.9,19.5,2.4,1835,0,5560,166,1013,2028,676
77937,.,0.736907,34.863739,.,20.6,22,19.7,2.4,1845,0,5621,155,1062,2039,675
77938,.,1.022758,34.980407,.,19.7,21.1,18.8,2.3,1815,0,5293,228,813,2007,775
77939,.,0.736743,34.863826,.,20.6,22,19.7,2.4,1845,0,5621,155,1062,2039,675
77940,.,0.726886,34.871145,.,20.6,22,19.7,2.4,1854,0,5619,155,1060,2036,666
77941,.,0.740387,34.894676,.,20.4,21.9,19.5,2.3,1836,0,5559,167,1012,2028,674
77942,.,0.724677,34.869147,.,20.6,22.1,19.7,2.4,1859,0,5628,154,1067,2037,665
77943,.,0.738013,34.864894,.,20.6,22,19.7,2.4,1844,0,5618,156,1059,2039,676
77944,.,0.845636,35.041515,.,19.8,21.4,18.8,2.6,1836,0,5346,215,852,2005,708
77945,.,0.835296,35.029288,.,19.9,21.5,18.9,2.5,1825,0,5372,209,871,2008,707
77946,.,0.838761,35.042379,.,19.9,21.4,18.8,2.6,1839,0,5352,213,857,2005,706
77947,.,0.832362,35.039677,.,19.9,21.4,18.9,2.6,1838,0,5363,211,864,2005,704
77948,.,0.832362,35.039677,.,19.9,21.4,18.9,2.6,1838,0,5363,211,864,2005,704
77949,.,0.85432,35.038316,.,19.8,21.4,18.8,2.5,1830,0,5341,216,849,2006,712
77950,.,0.83825,35.030941,.,19.9,21.4,18.9,2.5,1826,0,5367,210,868,2008,708
77951,.,0.83825,35.030941,.,19.9,21.4,18.9,2.5,1826,0,5367,210,868,2008,708
77952,.,0.842529,35.050966,.,19.8,21.4,18.8,2.6,1847,0,5337,217,846,2002,705
77953,.,0.835015,35.028659,.,19.9,21.5,18.9,2.5,1824,0,5373,208,872,2008,707
77954,.,0.834204,35.042432,.,19.9,21.4,18.9,2.6,1841,0,5357,212,861,2005,704
77955,.,0.853983,35.038579,.,19.8,21.4,18.8,2.5,1830,0,5341,216,848,2006,712
77956,.,0.832362,35.039677,.,19.9,21.4,18.9,2.6,1838,0,5363,211,864,2005,704
77957,.,0.7317,34.907046,.,20.5,21.9,19.5,2.4,1843,0,5570,165,1022,2031,671
77958,.,0.707448,34.925502,.,20.5,22,19.5,2.5,1873,0,5593,161,1040,2031,652
77959,.,0.605657,34.9467,.,20.1,21.6,19,2.6,1973,0,5453,189,930,1977,558
77960,.,0.728038,34.901982,.,20.5,21.9,19.5,2.4,1846,0,5570,165,1021,2029,666
77961,.,0.715087,34.895251,.,20.6,22,19.6,2.4,1875,0,5601,159,1046,2031,656
77962,.,0.709241,34.905088,.,20.6,22,19.6,2.4,1883,0,5608,158,1052,2032,652
77963,.,0.7073,34.92525,.,20.5,22,19.5,2.5,1874,0,5594,160,1040,2031,652
77964,.,0.712846,34.89992,.,20.6,22,19.6,2.4,1879,0,5604,158,1048,2032,655
77965,.,0.709233,34.904739,.,20.6,22,19.6,2.4,1884,0,5609,158,1052,2032,652
77966,.,0.719876,34.89954,.,20.5,21.9,19.5,2.4,1863,0,5587,161,1035,2030,660
77967,.,0.732103,34.910075,.,20.5,21.9,19.5,2.4,1843,0,5573,164,1024,2032,672
77968,.,0.72807,34.901973,.,20.5,21.9,19.5,2.4,1846,0,5570,165,1021,2029,666
77969,.,0.710898,34.905993,.,20.6,22,19.5,2.4,1880,0,5605,158,1048,2032,654
77970,.,0.713132,34.900008,.,20.6,22,19.6,2.4,1878,0,5603,158,1047,2032,655
77971,.,0.802623,35.080603,.,19.8,21.3,18.8,2.6,1869,0,5345,215,852,1996,694
77972,.,0.790884,35.073105,.,19.9,21.4,18.8,2.6,1871,0,5363,211,865,1997,690
77973,.,0.798631,35.083252,.,19.8,21.3,18.8,2.6,1869,0,5341,216,849,1994,692
77974,.,0.798824,35.083276,.,19.8,21.3,18.8,2.6,1869,0,5341,216,849,1994,692
77975,.,0.823346,35.080903,.,19.8,21.3,18.8,2.6,1867,0,5331,219,842,1997,700
77976,.,0.802614,35.080482,.,19.8,21.3,18.8,2.6,1869,0,5346,215,852,1996,694
77977,.,0.802634,35.08059,.,19.8,21.3,18.8,2.6,1869,0,5345,215,852,1996,694
77978,.,0.806363,35.076728,.,19.9,21.4,18.8,2.5,1870,0,5350,214,855,1998,695
77979,.,0.802597,35.080562,.,19.8,21.3,18.8,2.6,1869,0,5345,215,852,1996,694
77980,.,0.806254,35.07695,.,19.9,21.4,18.8,2.5,1870,0,5350,214,855,1998,695
77981,.,0.806657,35.076322,.,19.9,21.4,18.8,2.5,1870,0,5351,214,856,1998,695
77982,.,0.802642,35.080475,.,19.8,21.3,18.8,2.6,1869,0,5346,215,852,1996,694
77983,.,0.731542,34.95665,.,20.4,21.8,19.3,2.5,1850,0,5530,173,990,2023,667
77984,.,0.731479,34.935169,.,20.5,22,19.5,2.5,1847,0,5594,160,1041,2040,678
77985,.,0.731658,34.956553,.,20.4,21.8,19.3,2.5,1850,0,5530,173,990,2023,668
77986,.,0.731451,34.935233,.,20.5,22,19.5,2.5,1847,0,5594,160,1041,2040,678
77987,.,0.731991,34.955785,.,20.4,21.8,19.3,2.5,1850,0,5533,172,993,2024,668
77988,.,0.72964,34.931036,.,20.5,22,19.5,2.5,1848,0,5591,161,1038,2038,676
77989,.,0.731749,34.935063,.,20.5,22,19.5,2.5,1847,0,5594,160,1041,2040,678
77990,.,0.731044,34.933925,.,20.5,22,19.5,2.5,1847,0,5593,160,1040,2039,677
77991,.,0.747036,34.954558,.,20.4,21.9,19.4,2.5,1841,0,5552,169,1008,2030,681
77992,.,0.717311,34.94522,.,20.4,21.9,19.4,2.5,1861,0,5556,168,1010,2026,659
77993,.,0.717391,34.945086,.,20.4,21.9,19.4,2.5,1860,0,5557,168,1011,2026,659
77994,.,0.717029,34.940818,.,20.5,22,19.4,2.5,1859,0,5574,164,1025,2031,661
77995,.,0.715413,34.947872,.,20.4,21.9,19.3,2.5,1863,0,5543,170,1000,2022,655
77996,.,0.800423,35.080799,.,19.8,21.3,18.8,2.6,1869,0,5345,215,852,1995,693
77997,.,0.654036,34.979285,.,19.9,21.4,18.9,2.5,1937,0,5369,208,868,1967,588
77998,.,0.628422,34.984556,.,20,21.4,18.9,2.5,1942,0,5394,202,886,1974,587
77999,.,0.62804,34.978458,.,20,21.5,19,2.5,1946,0,5414,198,901,1977,586
78000,.,0.652013,34.980006,.,19.9,21.4,18.9,2.5,1937,0,5370,208,868,1967,587
78001,.,0.623604,34.985396,.,20,21.4,18.9,2.5,1942,0,5400,201,891,1975,587
78002,.,0.654832,34.978775,.,19.9,21.4,18.9,2.5,1936,0,5371,208,869,1968,588
78003,.,0.625714,34.989095,.,20,21.4,18.9,2.5,1939,0,5385,204,879,1972,588
78004,.,0.619433,34.99436,.,19.9,21.4,18.8,2.5,1936,0,5379,206,875,1972,589
78005,.,0.654712,34.978634,.,19.9,21.4,18.9,2.5,1936,0,5372,208,870,1968,588
78006,.,0.652309,34.980499,.,19.9,21.3,18.9,2.5,1937,0,5368,209,867,1967,588
78007,.,0.653954,34.968782,.,20.1,21.5,19,2.5,1939,0,5420,196,906,1978,591
78008,.,0.793566,35.084676,.,19.8,21.3,18.8,2.6,1869,0,5338,217,847,1992,690
78009,.,0.658282,34.978667,.,19.9,21.4,18.9,2.5,1934,0,5367,209,867,1967,589
78010,.,0.744966,35.088576,.,19.6,21.1,18.5,2.6,1860,0,5253,239,786,1971,665
78011,.,0.760329,35.093593,.,19.7,21.2,18.6,2.6,1863,0,5282,231,806,1976,674
78012,.,0.779551,34.812476,.,20.6,22,19.8,2.2,1829,0,5620,155,1061,2041,696
78013,.,0.760217,35.094793,.,19.7,21.2,18.6,2.6,1862,0,5278,232,803,1976,674
78014,.,0.746448,35.089585,.,19.6,21.1,18.5,2.6,1860,0,5255,238,787,1971,666
78015,.,0.75019,35.108092,.,19.5,21,18.4,2.6,1852,0,5219,248,762,1966,669
78016,.,0.750256,35.105561,.,19.5,21.1,18.4,2.6,1854,0,5224,247,766,1967,669
78017,.,0.749955,35.100955,.,19.5,21.1,18.5,2.6,1857,0,5235,244,773,1968,668
78018,.,0.734949,35.094734,.,19.5,21,18.4,2.6,1855,0,5212,250,757,1964,660
78019,.,0.749499,35.107796,.,19.5,21,18.4,2.6,1852,0,5218,248,761,1966,669
78020,.,0.754064,35.117492,.,19.5,21,18.4,2.6,1844,0,5208,251,755,1965,673
78021,.,0.726809,35.091828,.,19.4,21,18.4,2.6,1855,0,5199,254,741,1960,655
78022,.,0.7498,35.101118,.,19.5,21.1,18.5,2.6,1857,0,5234,244,773,1968,668
78023,.,0.735252,35.093886,.,19.5,21,18.4,2.6,1856,0,5215,249,759,1964,660
78024,.,0.749972,35.100906,.,19.5,21.1,18.5,2.6,1857,0,5235,244,773,1968,668
78025,.,0.749419,35.107818,.,19.5,21,18.4,2.6,1852,0,5218,248,761,1966,669
78026,.,0.760452,35.120452,.,19.5,21,18.4,2.6,1844,0,5216,249,760,1966,676
78027,.,0.914449,35.156354,.,19.7,21.2,18.7,2.5,1857,0,5300,227,819,2003,742
78028,.,0.914665,35.156485,.,19.7,21.2,18.7,2.5,1857,0,5300,226,819,2003,742
78029,.,0.887293,35.15392,.,19.6,21.1,18.5,2.6,1855,0,5256,238,788,1995,728
78030,.,0.882145,35.141478,.,19.6,21.1,18.6,2.6,1862,0,5269,235,797,1996,724
78031,.,0.914826,35.13977,.,19.8,21.3,18.7,2.6,1865,0,5318,222,832,2007,742
78032,.,0.912195,35.129798,.,19.8,21.3,18.7,2.6,1868,0,5323,221,835,2009,741
78033,.,0.914768,35.154559,.,19.7,21.2,18.7,2.5,1858,0,5303,226,821,2004,742
78034,.,0.732072,34.907068,.,20.5,21.9,19.5,2.4,1842,0,5570,165,1021,2031,671
78035,.,0.703349,34.9785,.,19.9,21.4,18.9,2.5,1891,0,5379,206,875,1976,618
78036,.,0.710065,34.983928,.,20,21.4,18.9,2.5,1883,0,5391,203,885,1981,628
78037,.,0.707738,34.981731,.,20,21.4,18.9,2.5,1886,0,5386,205,880,1979,625
78038,.,0.714832,34.973036,.,20.1,21.5,19,2.5,1873,0,5433,194,916,1993,637
78039,.,0.738752,34.898472,.,20.4,21.9,19.5,2.4,1837,0,5560,167,1013,2028,674
78040,.,0.715112,34.977359,.,20,21.5,19,2.5,1874,0,5415,198,902,1989,635
78041,.,0.722957,34.973887,.,20.1,21.6,19.1,2.5,1862,0,5450,190,928,2000,647
78042,.,0.702755,34.978278,.,19.9,21.4,18.9,2.5,1892,0,5378,206,875,1976,618
78043,.,0.70494,34.986403,.,19.9,21.4,18.9,2.5,1890,0,5374,207,872,1976,622
78044,.,0.722128,34.9707,.,20.2,21.6,19.1,2.5,1863,0,5460,188,936,2002,648
78045,.,0.721002,34.974805,.,20.1,21.6,19.1,2.5,1865,0,5441,192,922,1997,644
78046,.,0.707672,34.981699,.,20,21.4,18.9,2.5,1886,0,5386,205,880,1979,624
78047,.,0.707719,34.981802,.,20,21.4,18.9,2.5,1886,0,5386,205,880,1979,625
78048,.,0.727439,34.979177,.,20.1,21.6,19.1,2.5,1857,0,5441,192,922,1998,649
78049,.,0.728055,34.979763,.,20.1,21.6,19.1,2.5,1857,0,5443,191,924,1999,651
78050,.,0.714197,34.974387,.,20.1,21.5,19,2.5,1874,0,5426,195,910,1991,635
78051,.,0.73104,34.978131,.,20.2,21.6,19.1,2.5,1854,0,5454,189,932,2002,654
78052,.,0.721523,34.972175,.,20.1,21.6,19.1,2.5,1864,0,5453,189,931,2000,646
78053,.,0.725463,34.983034,.,20.1,21.5,19,2.5,1862,0,5438,193,919,1997,648
78054,.,0.79245,35.003628,.,20.1,21.6,19.1,2.5,1831,0,5447,191,927,2015,694
78055,.,0.792547,35.00482,.,20.1,21.6,19.1,2.5,1831,0,5445,191,925,2014,694
78056,.,0.791252,35.00287,.,20.1,21.6,19.1,2.5,1831,0,5450,190,929,2015,694
78057,.,0.770784,34.964241,.,20.5,21.9,19.4,2.5,1831,0,5563,167,1016,2037,698
78058,.,0.782106,34.952783,.,20.4,21.9,19.4,2.5,1825,0,5554,168,1009,2036,704
78059,.,0.781348,34.966182,.,20.4,21.8,19.4,2.5,1830,0,5538,172,996,2034,701
78060,.,0.77297,34.9565,.,20.5,21.9,19.5,2.5,1827,0,5569,165,1021,2038,701
78061,.,0.777435,34.95707,.,20.4,21.9,19.4,2.5,1827,0,5559,167,1013,2037,702
78062,.,0.780908,34.967791,.,20.4,21.8,19.4,2.5,1830,0,5536,172,995,2033,700
78063,.,0.771863,34.964188,.,20.5,21.9,19.4,2.5,1831,0,5561,167,1014,2037,698
78064,.,0.781318,34.966073,.,20.4,21.8,19.4,2.5,1830,0,5538,172,996,2034,701
78065,.,0.78218,34.952634,.,20.4,21.9,19.4,2.5,1825,0,5555,168,1010,2036,704
78066,.,0.782853,34.95118,.,20.4,21.9,19.4,2.5,1824,0,5555,168,1010,2036,705
78067,.,0.817459,35.036923,.,19.9,21.5,18.9,2.6,1839,0,5382,206,878,2006,699
78068,.,0.830208,35.072039,.,19.8,21.3,18.8,2.6,1866,0,5331,219,841,1999,701
78069,.,0.818206,35.051805,.,19.9,21.4,18.9,2.5,1857,0,5366,210,867,2003,698
78070,.,0.806647,35.057754,.,19.9,21.4,18.9,2.5,1867,0,5374,208,873,2003,695
78071,.,0.830273,35.071781,.,19.8,21.3,18.8,2.6,1866,0,5331,219,842,1999,701
78072,.,0.820147,35.05416,.,19.9,21.4,18.9,2.5,1859,0,5362,211,864,2003,699
78073,.,0.810644,35.058421,.,19.9,21.4,18.9,2.5,1867,0,5369,209,869,2003,697
78074,.,0.817816,35.051857,.,19.9,21.4,18.9,2.5,1857,0,5367,210,867,2003,698
78075,.,0.824479,35.071644,.,19.8,21.3,18.8,2.5,1867,0,5339,217,847,1999,700
78076,.,0.824603,35.072407,.,19.8,21.3,18.8,2.5,1867,0,5338,217,846,1999,700
78077,.,0.801444,35.054012,.,19.9,21.4,18.9,2.5,1863,0,5382,206,878,2003,694
78078,.,0.804905,35.052947,.,19.9,21.4,18.9,2.5,1862,0,5379,207,877,2003,695
78079,.,0.865901,35.038791,.,19.8,21.4,18.8,2.5,1827,0,5345,215,852,2010,720
78080,.,0.875478,35.036259,.,19.9,21.4,18.9,2.5,1822,0,5351,214,856,2014,728
78081,.,0.865893,35.038754,.,19.8,21.4,18.8,2.5,1827,0,5345,215,852,2010,720
78082,.,0.756284,35.070135,.,19.8,21.3,18.7,2.6,1870,0,5335,217,844,1985,673
78083,.,0.746103,34.998362,.,20.2,21.6,19.1,2.5,1856,0,5470,186,944,2010,671
78084,.,0.770359,35.017641,.,20.1,21.6,19,2.5,1840,0,5435,194,917,2007,681
78085,.,-0.848028,34.878056,.,18.6,19.7,17.7,2,1501,0,4902,347,552,1862,478
78086,.,-0.908795,34.905952,.,18.5,19.6,17.4,2.2,1498,0,4869,361,535,1868,496
78087,.,-0.899135,34.91142,.,18.5,19.6,17.5,2.2,1509,0,4880,357,541,1870,488
78088,.,-0.895132,34.873844,.,18.7,19.8,17.6,2.1,1491,0,4931,337,569,1868,494
78089,.,-0.907141,34.907432,.,18.5,19.6,17.4,2.2,1500,0,4872,360,537,1868,495
78090,.,-0.916132,34.902614,.,18.5,19.6,17.4,2.2,1490,0,4857,366,528,1866,502
78091,.,-0.900679,34.908355,.,18.5,19.6,17.5,2.2,1506,0,4879,357,540,1869,488
78092,.,-0.899887,34.909241,.,18.5,19.6,17.5,2.2,1507,0,4879,357,541,1869,488
78093,.,-0.911608,34.902998,.,18.5,19.6,17.4,2.2,1494,0,4863,363,532,1866,497
78094,.,-0.901939,34.913934,.,18.5,19.6,17.4,2.2,1508,0,4879,357,540,1870,493
78095,.,-0.894691,34.871859,.,18.7,19.8,17.7,2.1,1490,0,4935,335,571,1868,495
78096,.,-0.913111,34.904392,.,18.5,19.6,17.4,2.2,1493,0,4863,364,531,1867,500
78097,.,-0.823778,34.82064,.,19.1,20.3,18,2.3,1580,0,5094,281,669,1870,466
78098,.,-0.84147,34.824204,.,19,20.1,18,2.1,1551,0,5061,291,647,1870,479
78099,.,-0.822345,34.785298,.,19.5,20.6,18.3,2.3,1675,0,5221,243,752,1877,451
78100,.,-0.824254,34.820311,.,19.1,20.3,18,2.3,1580,0,5094,281,669,1870,466
78101,.,-0.821776,34.785319,.,19.5,20.6,18.3,2.3,1677,0,5221,243,752,1877,450
78102,.,-0.836156,34.823797,.,19.1,20.2,18,2.2,1558,0,5069,289,653,1870,475
78103,.,-0.809239,34.827052,.,19.2,20.3,17.9,2.4,1586,0,5101,279,674,1871,462
78104,.,-0.822565,34.784832,.,19.5,20.6,18.3,2.3,1676,0,5222,243,753,1877,451
78105,.,-0.803832,34.803279,.,19.4,20.5,18.1,2.4,1656,0,5177,256,723,1873,449
78106,.,-0.827337,34.801344,.,19.3,20.4,18.1,2.3,1619,0,5153,263,707,1874,461
78107,.,-0.825762,34.818113,.,19.2,20.3,18,2.3,1581,0,5097,280,671,1870,466
78108,.,-0.808548,34.824794,.,19.2,20.3,18,2.4,1591,0,5109,277,679,1871,461
78109,.,-0.805463,34.824188,.,19.2,20.3,18,2.4,1597,0,5118,274,684,1872,461
78110,.,-0.805568,34.828998,.,19.2,20.3,18,2.3,1586,0,5105,278,676,1872,463
78111,.,-0.803175,34.826793,.,19.2,20.3,18,2.4,1594,0,5117,274,684,1873,462
78112,.,-0.825886,34.815728,.,19.2,20.3,18,2.3,1586,0,5103,278,674,1871,465
78113,.,-0.856019,34.912657,.,18.4,19.4,17.4,2,1513,0,4815,382,505,1857,466
78114,.,-0.870809,34.922872,.,18.4,19.5,17.4,2.1,1521,0,4829,376,513,1863,473
78115,.,-0.870066,34.923829,.,18.4,19.4,17.4,2.1,1522,0,4827,378,512,1863,473
78116,.,-0.861974,34.93618,.,18.3,19.4,17.2,2.1,1533,0,4794,391,495,1860,466
78117,.,-0.869433,34.913283,.,18.4,19.5,17.4,2.1,1513,0,4837,373,517,1862,472
78118,.,-0.855886,34.913047,.,18.4,19.4,17.4,2,1513,0,4814,383,504,1857,465
78119,.,-0.883859,34.916625,.,18.5,19.5,17.4,2.1,1516,0,4859,365,529,1867,481
78120,.,-0.890169,34.959,.,18.5,19.6,17.4,2.2,1531,0,4861,364,531,1871,491
78121,.,-0.743952,34.830219,.,19.3,20.4,18.1,2.3,1704,0,5139,268,698,1866,411
78122,.,-0.740565,34.83349,.,19.2,20.3,18,2.3,1703,0,5122,273,687,1864,407
78123,.,-0.750938,34.830395,.,19.3,20.4,18.1,2.3,1682,0,5150,264,706,1870,425
78124,.,-0.744308,34.828598,.,19.3,20.4,18.1,2.3,1709,0,5145,266,702,1866,410
78125,.,-0.748151,34.846651,.,19.1,20.3,18,2.3,1634,0,5093,282,669,1867,432
78126,.,-0.748564,34.838503,.,19.2,20.3,18,2.3,1661,0,5120,273,686,1868,427
78127,.,-0.738744,34.834666,.,19.2,20.3,18,2.3,1704,0,5114,275,682,1862,404
78128,.,-0.720247,34.834669,.,19.2,20.3,18,2.3,1756,0,5097,280,671,1855,372
78129,.,-0.74865,34.831046,.,19.3,20.4,18.1,2.3,1687,0,5144,266,701,1869,421
78130,.,-0.738372,34.833783,.,19.2,20.3,18,2.3,1708,0,5116,274,683,1862,403
78131,.,-0.732548,34.84225,.,19.1,20.2,17.9,2.3,1693,0,5076,287,657,1858,400
78132,.,-0.738375,34.835753,.,19.2,20.3,18,2.3,1701,0,5110,276,679,1862,405
78133,.,-0.738218,34.834494,.,19.2,20.3,18,2.3,1706,0,5114,275,682,1862,403
78134,.,-0.741942,34.829007,.,19.3,20.4,18.1,2.3,1715,0,5139,267,698,1865,406
78135,.,-0.748989,34.847916,.,19.1,20.3,17.9,2.3,1628,0,5091,283,667,1868,435
78136,.,-0.694837,34.78771,.,19.7,20.8,18.5,2.3,2016,0,5293,224,802,1862,310
78137,.,-0.702352,34.782771,.,19.7,20.8,18.5,2.3,2017,0,5295,223,804,1862,314
78138,.,-0.736821,34.80452,.,19.4,20.5,18.2,2.3,1826,0,5197,250,736,1862,372
78139,.,-0.715364,34.780132,.,19.6,20.7,18.4,2.3,1993,0,5269,230,785,1860,322
78140,.,-0.71498,34.781482,.,19.6,20.7,18.4,2.3,1988,0,5266,231,783,1860,322
78141,.,-0.84165,34.980744,.,18.6,19.7,17.4,2.3,1548,0,4890,353,547,1873,472
78142,.,-0.849792,34.978535,.,18.5,19.6,17.3,2.3,1549,0,4881,356,542,1872,473
78143,.,-0.885334,35.00792,.,18.6,19.7,17.4,2.4,1468,0,4910,346,559,1879,530
78144,.,-0.841787,34.980868,.,18.6,19.7,17.4,2.3,1548,0,4891,353,548,1873,472
78145,.,-0.836004,34.973727,.,18.5,19.6,17.3,2.3,1550,0,4870,361,536,1869,465
78146,.,-0.840436,34.975495,.,18.5,19.6,17.3,2.3,1550,0,4875,359,539,1871,468
78147,.,-0.842883,34.981657,.,18.6,19.7,17.4,2.3,1546,0,4892,352,548,1874,474
78148,.,-0.835558,34.978143,.,18.6,19.7,17.3,2.3,1552,0,4886,354,545,1872,467
78149,.,-0.837534,34.982288,.,18.6,19.7,17.4,2.3,1546,0,4897,350,551,1874,472
78150,.,-0.721213,34.883634,.,18.7,19.8,17.6,2.2,1613,0,4953,329,583,1848,399
78151,.,-0.773725,34.880718,.,18.8,20,17.7,2.3,1536,0,4988,317,604,1867,456
78152,.,-0.762988,34.871008,.,19,20.1,17.8,2.3,1557,0,5028,303,628,1868,452
78153,.,-0.762774,34.909366,.,18.6,19.6,17.4,2.2,1526,0,4886,354,545,1853,435
78154,.,-0.768069,34.867081,.,19,20.1,17.9,2.3,1551,0,5054,295,644,1873,462
78155,.,-0.779321,34.881918,.,18.8,19.9,17.7,2.2,1532,0,4972,323,594,1865,456
78156,.,-0.721633,34.883293,.,18.7,19.8,17.6,2.2,1613,0,4954,329,583,1848,400
78157,.,-0.721624,34.880979,.,18.8,19.9,17.6,2.3,1618,0,4959,327,586,1848,399
78158,.,-0.765686,34.865429,.,19,20.2,17.9,2.3,1557,0,5057,293,646,1873,460
78159,.,-0.758163,34.886517,.,18.8,19.9,17.6,2.3,1550,0,4957,328,585,1859,438
78160,.,-0.720954,34.880352,.,18.8,19.9,17.6,2.3,1621,0,4962,326,588,1848,399
78161,.,-0.762902,34.872914,.,18.9,20,17.8,2.3,1556,0,5020,306,623,1867,451
78162,.,-0.779725,34.883067,.,18.8,19.9,17.7,2.2,1532,0,4965,325,590,1865,455
78163,.,-0.763272,34.87271,.,18.9,20.1,17.8,2.3,1555,0,5021,305,624,1868,452
78164,.,-0.763255,34.871816,.,18.9,20.1,17.8,2.3,1556,0,5025,304,626,1868,452
78165,.,-0.806479,34.791344,.,19.5,20.6,18.2,2.3,1692,0,5208,247,744,1873,442
78166,.,-0.83853,34.888017,.,18.5,19.6,17.6,2,1504,0,4871,360,535,1859,468
78167,.,0.567797,34.915853,.,19.8,21.2,18.8,2.4,1990,0,5340,215,845,1937,506
78168,.,0.553966,34.849351,.,21,22.4,19.8,2.6,2055,0,5758,132,1190,2013,519
78169,.,0.435456,34.857313,.,20.8,22.3,19.6,2.7,2141,0,5687,144,1124,1998,457
78170,.,0.545023,34.922213,.,19.4,20.7,18.5,2.3,1989,0,5177,258,725,1908,480
78171,.,0.544959,34.921346,.,19.4,20.7,18.5,2.3,1990,0,5185,256,730,1909,480
78172,.,0.435456,34.857313,.,20.8,22.3,19.6,2.7,2141,0,5687,144,1124,1998,457
78173,.,0.548732,34.951849,.,19.3,20.6,18.3,2.3,1964,0,5135,270,697,1908,500
78174,.,0.494913,34.892964,.,20.3,21.7,19.2,2.5,2036,0,5520,174,982,1969,474
78175,.,0.59396,34.865693,.,20.8,22.2,19.7,2.5,2022,0,5691,143,1127,2005,545
78176,.,0.593102,34.866025,.,20.8,22.2,19.7,2.5,2023,0,5688,143,1124,2005,544
78177,.,0.605687,34.865619,.,20.9,22.2,19.7,2.5,2012,0,5703,141,1137,2010,556
78178,.,0.603376,34.860097,.,20.9,22.3,19.8,2.5,2017,0,5731,137,1166,2015,557
78179,.,0.548993,34.772258,.,21.7,23.1,20.5,2.6,2060,0,6016,98,1414,2065,546
78180,.,0.545724,34.773151,.,21.7,23.1,20.5,2.6,2058,0,6012,98,1411,2063,543
78181,.,0.54773,34.772197,.,21.7,23.1,20.5,2.6,2059,0,6015,98,1413,2064,545
78182,.,0.54504,34.773895,.,21.7,23.1,20.5,2.6,2058,0,6010,98,1409,2063,542
78183,.,0.552423,34.772289,.,21.7,23.2,20.5,2.6,2060,0,6018,97,1416,2065,549
78184,.,0.539893,34.78229,.,21.7,23.1,20.5,2.6,2055,0,5994,100,1395,2059,536
78185,.,0.542876,34.777786,.,21.7,23.1,20.5,2.6,2057,0,6003,99,1402,2061,540
78186,.,0.541109,34.765494,.,21.7,23.2,20.5,2.6,2056,0,6016,98,1414,2063,539
78187,.,0.545082,34.774193,.,21.7,23.1,20.5,2.6,2058,0,6010,98,1409,2063,542
78188,.,0.442332,34.908222,.,20.4,21.8,19.3,2.5,2030,0,5548,169,1004,1977,468
78189,.,0.428804,34.910428,.,20.5,21.8,19.3,2.5,2032,0,5562,166,1015,1981,469
78190,.,0.444584,34.904785,.,20.5,21.8,19.3,2.5,2036,0,5572,165,1023,1982,470
78191,.,0.428762,34.910644,.,20.5,21.8,19.3,2.5,2031,0,5561,167,1014,1981,469
78192,.,0.442127,34.904685,.,20.5,21.9,19.3,2.5,2037,0,5579,163,1028,1983,470
78193,.,0.437185,34.899936,.,20.6,22,19.4,2.5,2048,0,5629,154,1068,1992,473
78194,.,0.441591,34.908148,.,20.4,21.8,19.3,2.5,2030,0,5551,168,1007,1978,468
78195,.,0.442046,34.904811,.,20.5,21.9,19.3,2.5,2036,0,5578,163,1028,1983,470
78196,.,0.437337,34.899821,.,20.6,22,19.4,2.5,2048,0,5629,154,1068,1992,473
78197,.,0.451185,34.912949,.,20.2,21.6,19.1,2.5,2020,0,5472,185,945,1963,464
78198,.,0.644792,34.891436,.,20.8,22.1,19.7,2.5,1936,0,5667,147,1107,2024,591
78199,.,0.644701,34.891341,.,20.8,22.1,19.7,2.5,1936,0,5667,147,1107,2024,591
78200,.,0.495894,34.731186,.,21.8,23.2,20.6,2.7,2074,0,6037,95,1432,2054,504
78201,.,0.490904,34.732328,.,21.8,23.2,20.5,2.7,2081,0,6028,96,1424,2051,499
78202,.,0.491143,34.733208,.,21.8,23.2,20.5,2.7,2082,0,6026,96,1422,2051,499
78203,.,0.483812,34.746159,.,21.6,23,20.4,2.7,2105,0,5979,102,1380,2042,487
78204,.,0.474932,34.730783,.,21.7,23.2,20.5,2.7,2098,0,6016,97,1413,2045,488
78205,.,0.483184,34.744572,.,21.6,23.1,20.4,2.7,2104,0,5982,101,1384,2042,487
78206,.,0.478164,34.749783,.,21.6,23,20.3,2.7,2116,0,5959,104,1363,2038,481
78207,.,0.553826,34.782539,.,21.7,23.1,20.5,2.6,2056,0,6001,99,1401,2062,548
78208,.,0.503999,34.723712,.,21.8,23.3,20.6,2.6,2057,0,6056,93,1448,2058,511
78209,.,0.50376,34.725069,.,21.8,23.3,20.6,2.6,2058,0,6055,93,1447,2058,511
78210,.,0.477615,34.749703,.,21.6,23,20.3,2.7,2117,0,5959,104,1363,2038,481
78211,.,0.495908,34.731115,.,21.8,23.2,20.6,2.7,2074,0,6037,95,1432,2054,504
78212,.,0.495345,34.732337,.,21.8,23.2,20.6,2.7,2075,0,6033,95,1428,2053,503
78213,.,0.483846,34.747124,.,21.6,23,20.4,2.7,2106,0,5976,102,1378,2041,487
78214,.,0.440591,34.936227,.,19.8,21.1,18.7,2.4,1973,0,5323,219,833,1935,452
78215,.,0.44051,34.936101,.,19.8,21.1,18.7,2.4,1973,0,5324,218,835,1935,452
78216,.,0.440176,34.935677,.,19.8,21.2,18.8,2.4,1974,0,5331,217,839,1936,452
78217,.,0.438171,34.931794,.,19.9,21.3,18.9,2.4,1980,0,5377,206,873,1944,455
78218,.,0.437304,34.933674,.,19.9,21.3,18.8,2.4,1976,0,5368,208,867,1943,455
78219,.,0.437869,34.931956,.,19.9,21.3,18.9,2.4,1980,0,5378,206,874,1945,455
78220,.,0.437119,34.932793,.,19.9,21.3,18.9,2.4,1978,0,5376,206,872,1944,455
78221,.,0.436948,34.931696,.,20,21.3,18.9,2.4,1981,0,5385,204,879,1946,456
78222,.,0.433863,34.93109,.,20,21.3,18.9,2.4,1984,0,5399,201,890,1950,458
78223,.,0.443623,34.934798,.,19.8,21.1,18.7,2.4,1978,0,5311,222,825,1933,451
78224,.,0.442162,34.935713,.,19.8,21.1,18.7,2.4,1975,0,5314,221,827,1933,451
78225,.,0.432759,34.933795,.,20,21.3,18.9,2.4,1979,0,5383,204,878,1947,457
78226,.,0.441995,34.936139,.,19.8,21.1,18.7,2.4,1974,0,5312,222,826,1933,451
78227,.,0.63041,34.955942,.,20.2,21.6,19.1,2.5,1958,0,5474,184,946,1987,580
78228,.,0.628216,34.960113,.,20.2,21.6,19.1,2.5,1956,0,5461,187,937,1985,580
78229,.,0.616215,34.835086,.,21.1,22.6,20,2.5,2015,0,5809,124,1234,2039,577
78230,.,0.606518,34.81443,.,21.3,22.7,20.2,2.5,2050,0,5878,115,1294,2052,576
78231,.,0.604851,34.825574,.,21.3,22.7,20.1,2.5,2043,0,5849,119,1268,2044,572
78232,.,0.588728,34.834236,.,21.2,22.6,20,2.5,2042,0,5825,122,1247,2034,555
78233,.,0.602682,34.851863,.,21,22.4,19.9,2.5,2023,0,5768,131,1199,2024,561
78234,.,0.606592,34.814558,.,21.3,22.7,20.2,2.5,2050,0,5878,115,1293,2052,576
78235,.,0.587765,34.833946,.,21.2,22.6,20,2.5,2043,0,5826,122,1248,2034,554
78236,.,0.601901,34.816635,.,21.3,22.7,20.2,2.5,2052,0,5879,115,1294,2051,573
78237,.,0.595033,34.804888,.,21.4,22.8,20.3,2.5,2053,0,5907,111,1319,2053,569
78238,.,0.596041,34.806381,.,21.4,22.8,20.3,2.5,2053,0,5905,111,1316,2053,570
78239,.,0.594978,34.805499,.,21.4,22.8,20.3,2.5,2053,0,5907,111,1318,2053,569
78240,.,0.625792,34.849614,.,21,22.5,19.9,2.6,1989,0,5773,130,1203,2037,583
78241,.,0.644139,34.843445,.,21.1,22.5,19.9,2.6,1962,0,5775,130,1204,2045,600
78242,.,0.681659,34.919186,.,20.6,22,19.5,2.5,1912,0,5615,157,1057,2027,627
78243,.,0.626269,34.849948,.,21,22.5,19.9,2.6,1988,0,5773,130,1202,2037,584
78244,.,0.634576,34.85033,.,21,22.5,19.9,2.6,1975,0,5771,130,1201,2041,592
78245,.,0.649297,34.891298,.,20.8,22.2,19.7,2.5,1935,0,5671,147,1111,2027,596
78246,.,0.64395,34.843044,.,21.1,22.5,19.9,2.6,1963,0,5776,130,1205,2045,599
78247,.,0.634503,34.850812,.,21,22.5,19.9,2.6,1974,0,5770,131,1200,2041,592
78248,.,0.489512,34.732672,.,21.8,23.2,20.5,2.7,2084,0,6026,96,1422,2050,498
78249,.,0.487057,34.734244,.,21.7,23.2,20.5,2.7,2089,0,6019,97,1415,2048,495
78250,.,0.470342,34.730788,.,21.7,23.2,20.5,2.7,2099,0,6012,98,1410,2044,487
78251,.,0.46508,34.734303,.,21.7,23.1,20.4,2.7,2105,0,5998,99,1397,2042,484
78252,.,0.480357,34.72722,.,21.8,23.2,20.5,2.7,2089,0,6030,95,1426,2048,493
78253,.,0.486234,34.701235,.,21.9,23.3,20.7,2.6,2042,0,6083,90,1472,2059,502
78254,.,0.480409,34.727214,.,21.8,23.2,20.5,2.7,2089,0,6030,95,1426,2048,493
78255,.,0.487756,34.7021,.,21.9,23.3,20.7,2.6,2043,0,6081,90,1471,2058,503
78256,.,0.491489,34.717173,.,21.8,23.3,20.6,2.6,2062,0,6057,92,1449,2055,503
78257,.,0.440568,34.85575,.,20.8,22.3,19.6,2.7,2140,0,5694,143,1130,1999,457
78258,.,0.613192,34.916186,.,20.3,21.7,19.2,2.5,1981,0,5522,174,983,1983,553
78259,.,0.618599,34.95166,.,20.2,21.6,19.1,2.5,1965,0,5470,185,943,1984,571
78260,.,0.61132,34.914777,.,20.3,21.7,19.2,2.5,1984,0,5520,175,982,1981,550
78261,.,0.440568,34.85575,.,20.8,22.3,19.6,2.7,2140,0,5694,143,1130,1999,457
78262,.,0.606959,34.944383,.,20.2,21.6,19,2.6,1974,0,5455,188,932,1977,557
78263,.,0.605057,34.933298,.,20.2,21.6,19,2.6,1982,0,5460,187,936,1974,547
78264,.,0.606812,34.945362,.,20.2,21.6,19,2.6,1973,0,5455,189,932,1978,557
78265,.,0.440568,34.85575,.,20.8,22.3,19.6,2.7,2140,0,5694,143,1130,1999,457
78266,.,0.612168,34.912925,.,20.4,21.8,19.3,2.5,1983,0,5526,173,987,1982,551
78267,.,0.603888,34.955869,.,20.1,21.6,19,2.6,1967,0,5450,190,928,1979,565
78268,.,0.614567,34.914796,.,20.4,21.8,19.3,2.5,1980,0,5529,173,989,1984,554
78269,.,0.608488,34.916225,.,20.3,21.7,19.2,2.5,1986,0,5508,177,973,1978,547
78270,.,0.613455,34.917862,.,20.3,21.7,19.2,2.5,1981,0,5519,175,981,1983,553
78271,.,0.606716,34.935284,.,20.2,21.6,19,2.6,1980,0,5460,187,936,1975,550
78272,.,0.605823,34.933262,.,20.2,21.6,19,2.6,1981,0,5462,187,937,1975,548
78273,.,0.433617,34.736473,.,21.6,23.1,20.4,2.7,2120,0,5973,103,1375,2037,474
78274,.,0.463364,34.774281,.,21.4,22.8,20.1,2.7,2141,0,5896,112,1308,2031,472
78275,.,0.464118,34.773364,.,21.4,22.8,20.1,2.7,2140,0,5897,112,1309,2031,472
78276,.,0.465992,34.780277,.,21.4,22.8,20.1,2.7,2139,0,5887,114,1300,2030,472
78277,.,0.433622,34.736536,.,21.6,23.1,20.4,2.7,2120,0,5973,103,1375,2037,474
78278,.,0.432535,34.7356,.,21.6,23.1,20.4,2.7,2121,0,5974,102,1377,2037,473
78279,.,0.452102,34.767568,.,21.4,22.9,20.2,2.7,2141,0,5915,110,1325,2035,473
78280,.,0.451245,34.76519,.,21.5,22.9,20.2,2.7,2139,0,5920,109,1329,2035,474
78281,.,0.451099,34.765485,.,21.5,22.9,20.2,2.7,2140,0,5920,109,1329,2035,474
78282,.,0.581423,34.881382,.,20.5,21.9,19.5,2.5,2018,0,5595,160,1040,1983,527
78283,.,0.589085,34.87889,.,20.6,22,19.5,2.5,2016,0,5616,156,1057,1989,534
78284,.,0.581474,34.881396,.,20.5,21.9,19.5,2.5,2018,0,5595,160,1040,1983,527
78285,.,0.487267,34.88802,.,20.6,22,19.4,2.6,2044,0,5598,159,1044,1985,478
78286,.,0.441686,34.867018,.,20.8,22.2,19.6,2.6,2115,0,5685,144,1122,1999,463
78287,.,0.448687,34.912065,.,20.3,21.6,19.1,2.5,2022,0,5490,181,959,1967,465
78288,.,0.442499,34.867464,.,20.8,22.2,19.6,2.6,2113,0,5686,144,1123,1999,463
78289,.,0.449195,34.911665,.,20.3,21.6,19.1,2.5,2023,0,5492,180,961,1967,465
78290,.,0.559406,34.89197,.,20.3,21.7,19.2,2.4,2015,0,5508,177,972,1963,505
78291,.,-1.019822,34.527972,.,21.2,22.3,19.8,2.5,1659,0,5819,122,1240,1960,578
78292,.,-1.019175,34.512678,.,21.2,22.3,19.8,2.5,1652,0,5823,121,1243,1952,572
78293,.,-1.01342,34.515637,.,21.2,22.3,19.9,2.4,1652,0,5833,120,1252,1954,574
78294,.,-1.017054,34.5061,.,21.2,22.3,19.9,2.4,1652,0,5836,119,1255,1952,573
78295,.,-1.025371,34.513991,.,21.2,22.3,19.8,2.5,1651,0,5815,122,1228,1951,572
78296,.,-1.017174,34.530007,.,21.2,22.3,19.8,2.5,1660,0,5827,121,1247,1964,580
78297,.,-1.01792,34.53442,.,21.2,22.3,19.8,2.5,1664,0,5831,120,1250,1969,583
78298,.,-1.029548,34.508842,.,21.2,22.3,19.8,2.5,1650,0,5824,121,1245,1952,573
78299,.,-1.0188,34.528753,.,21.2,22.3,19.8,2.5,1659,0,5822,121,1243,1962,579
78300,.,-1.018876,34.512947,.,21.2,22.3,19.8,2.5,1652,0,5823,121,1243,1952,572
78301,.,-1.019594,34.535324,.,21.2,22.3,19.8,2.5,1665,0,5828,121,1248,1969,584
78302,.,-1.012978,34.515667,.,21.2,22.3,19.9,2.4,1652,0,5834,119,1253,1955,574
78303,.,-1.025436,34.514024,.,21.2,22.3,19.8,2.5,1651,0,5815,122,1228,1951,572
78304,.,-1.015189,34.504991,.,21.2,22.3,19.9,2.4,1652,0,5842,118,1260,1953,573
78305,.,-1.02689,34.439134,.,21.8,22.9,20.4,2.5,1662,0,6056,92,1449,1976,592
78306,.,-1.018768,34.432525,.,21.9,22.9,20.4,2.5,1663,0,6068,91,1460,1975,592
78307,.,-0.992902,34.41965,.,21.7,22.8,20.3,2.4,1655,0,6023,95,1417,1959,586
78308,.,-1.021598,34.444632,.,21.8,22.8,20.3,2.5,1661,0,6027,95,1420,1972,588
78309,.,-1.01526,34.446805,.,21.7,22.7,20.3,2.5,1660,0,6008,97,1404,1968,586
78310,.,-0.999571,34.401916,.,21.9,22.9,20.4,2.5,1653,0,6077,90,1468,1966,594
78311,.,-1.005857,34.401136,.,22,23,20.5,2.5,1657,0,6102,87,1491,1970,596
78312,.,-1.002461,34.418602,.,21.8,22.9,20.4,2.5,1658,0,6054,92,1448,1966,590
78313,.,-1.026604,34.439873,.,21.8,22.9,20.4,2.5,1662,0,6052,92,1446,1975,591
78314,.,-1.022935,34.446752,.,21.7,22.8,20.3,2.5,1660,0,6018,96,1413,1971,588
78315,.,-1.024958,34.437751,.,21.9,22.9,20.4,2.5,1663,0,6061,91,1454,1976,592
78316,.,-1.023647,34.438203,.,21.8,22.9,20.4,2.5,1663,0,6058,92,1451,1976,592
78317,.,-0.997541,34.402376,.,21.9,22.9,20.4,2.5,1652,0,6068,90,1460,1964,593
78318,.,-0.995006,34.421329,.,21.8,22.8,20.3,2.4,1657,0,6027,95,1420,1960,586
78319,.,-1.02014,34.446119,.,21.7,22.8,20.3,2.5,1661,0,6018,96,1413,1970,587
78320,.,-1.021076,34.442451,.,21.8,22.8,20.4,2.5,1662,0,6037,94,1432,1973,589
78321,.,-1.025918,34.438821,.,21.8,22.9,20.4,2.5,1663,0,6057,92,1450,1976,592
78322,.,-1.003665,34.418584,.,21.8,22.9,20.4,2.5,1659,0,6058,92,1451,1967,590
78323,.,-1.027705,34.438818,.,21.8,22.9,20.4,2.5,1663,0,6058,92,1451,1976,592
78324,.,-1.001425,34.401824,.,21.9,22.9,20.5,2.5,1654,0,6084,89,1475,1967,594
78325,.,-1.000314,34.402454,.,21.9,22.9,20.4,2.5,1654,0,6079,89,1470,1966,594
78326,.,-1.015078,34.447175,.,21.7,22.7,20.3,2.5,1660,0,6006,97,1403,1967,585
78327,.,-1.018897,34.432173,.,21.9,22.9,20.4,2.5,1663,0,6070,90,1462,1975,592
78328,.,-0.995073,34.419661,.,21.8,22.8,20.3,2.4,1656,0,6030,95,1423,1961,587
78329,.,-0.996238,34.417496,.,21.8,22.8,20.4,2.5,1656,0,6037,94,1429,1962,588
78330,.,-0.996805,34.421774,.,21.8,22.8,20.3,2.5,1657,0,6031,95,1424,1962,587
78331,.,-0.996077,34.519821,.,21.3,22.4,20,2.4,1648,0,5873,114,1286,1963,577
78332,.,-0.991728,34.501612,.,21.4,22.5,20,2.4,1651,0,5903,110,1313,1963,577
78333,.,-0.991983,34.502808,.,21.4,22.5,20,2.4,1651,0,5901,110,1311,1963,577
78334,.,-0.98915,34.502656,.,21.4,22.5,20.1,2.4,1651,0,5908,109,1317,1964,578
78335,.,-0.999777,34.529446,.,21.3,22.4,19.9,2.4,1658,0,5865,115,1280,1968,580
78336,.,-0.994865,34.50672,.,21.4,22.4,20,2.4,1651,0,5890,112,1301,1962,577
78337,.,-0.981538,34.527164,.,21.4,22.5,20.1,2.4,1653,0,5906,110,1315,1972,581
78338,.,-1.001869,34.534088,.,21.3,22.4,19.9,2.5,1663,0,5862,116,1277,1971,582
78339,.,-1.007768,34.516733,.,21.3,22.3,19.9,2.4,1651,0,5846,118,1263,1957,575
78340,.,-1.007713,34.516707,.,21.3,22.3,19.9,2.4,1651,0,5847,118,1264,1957,575
78341,.,-1.007461,34.517484,.,21.3,22.3,19.9,2.4,1651,0,5846,118,1263,1957,575
78342,.,-1.005225,34.536268,.,21.3,22.4,19.9,2.5,1665,0,5857,117,1273,1972,583
78343,.,-0.996165,34.519388,.,21.3,22.4,20,2.4,1649,0,5873,114,1286,1963,577
78344,.,-0.991684,34.502899,.,21.4,22.5,20,2.4,1651,0,5902,110,1312,1963,577
78345,.,-0.994747,34.506865,.,21.4,22.4,20,2.4,1651,0,5890,112,1301,1962,577
78346,.,-0.998728,34.53208,.,21.3,22.4,19.9,2.4,1661,0,5868,115,1282,1970,581
78347,.,-1.004792,34.534339,.,21.3,22.4,19.9,2.5,1663,0,5857,117,1272,1970,582
78348,.,-0.993763,34.502589,.,21.4,22.5,20,2.4,1651,0,5897,111,1307,1962,577
78349,.,-0.981013,34.527758,.,21.4,22.5,20.1,2.4,1654,0,5907,110,1316,1972,581
78350,.,-0.993668,34.504339,.,21.4,22.5,20,2.4,1651,0,5896,111,1306,1962,577
78351,.,-0.989141,34.502703,.,21.4,22.5,20.1,2.4,1651,0,5908,109,1317,1964,578
78352,.,-0.920947,34.390118,.,22.3,23.3,20.8,2.5,1583,0,6211,76,1605,1999,626
78353,.,-0.929088,34.391795,.,22.2,23.2,20.7,2.5,1593,0,6193,78,1588,1995,623
78354,.,-1.042872,34.483303,.,21.4,22.5,20,2.5,1648,0,5901,110,1311,1962,581
78355,.,-1.021291,34.491441,.,21.3,22.3,19.9,2.4,1651,0,5847,118,1264,1951,572
78356,.,-1.017156,34.484527,.,21.3,22.4,20,2.4,1652,0,5863,115,1278,1952,572
78357,.,-1.015788,34.490276,.,21.3,22.4,19.9,2.4,1652,0,5859,116,1274,1952,573
78358,.,-1.016809,34.487532,.,21.3,22.4,19.9,2.4,1652,0,5860,116,1275,1952,572
78359,.,-0.995725,34.470287,.,21.5,22.6,20.1,2.5,1657,0,5936,106,1341,1959,577
78360,.,-0.998037,34.470664,.,21.5,22.6,20.1,2.5,1656,0,5932,106,1338,1958,577
78361,.,-1.043419,34.482579,.,21.4,22.5,20,2.5,1648,0,5905,110,1314,1962,581
78362,.,-1.043651,34.48259,.,21.4,22.5,20,2.5,1648,0,5905,110,1314,1962,581
78363,.,-1.021316,34.491225,.,21.3,22.3,19.9,2.4,1651,0,5847,118,1264,1951,572
78364,.,-1.01639,34.491588,.,21.3,22.4,19.9,2.4,1652,0,5856,116,1272,1952,573
78365,.,-0.995893,34.470318,.,21.5,22.6,20.1,2.5,1657,0,5936,106,1341,1959,577
78366,.,-1.018236,34.490549,.,21.3,22.4,19.9,2.4,1652,0,5853,117,1269,1952,572
78367,.,-1.019155,34.494353,.,21.3,22.3,19.9,2.4,1652,0,5846,118,1263,1951,572
78368,.,-1.016523,34.498439,.,21.3,22.4,19.9,2.4,1652,0,5847,118,1264,1952,573
78369,.,-0.952504,34.505898,.,21.5,22.6,20.1,2.4,1655,0,5937,106,1342,1967,575
78370,.,-1.014526,34.497376,.,21.3,22.4,19.9,2.4,1652,0,5853,117,1269,1953,573
78371,.,-0.958166,34.515248,.,21.5,22.5,20.1,2.4,1653,0,5923,108,1330,1968,576
78372,.,-0.995973,34.458769,.,21.6,22.6,20.2,2.5,1658,0,5959,103,1361,1959,578
78373,.,-0.987194,34.45227,.,21.6,22.6,20.2,2.4,1660,0,5965,102,1367,1956,578
78374,.,-1.017543,34.499626,.,21.2,22.3,19.9,2.4,1652,0,5843,118,1261,1952,572
78375,.,-0.955569,34.511678,.,21.5,22.5,20.1,2.4,1654,0,5928,107,1334,1967,576
78376,.,-1.002316,34.482665,.,21.4,22.5,20,2.5,1654,0,5899,111,1309,1957,575
78377,.,-0.997501,34.454575,.,21.6,22.6,20.2,2.5,1659,0,5968,102,1369,1959,579
78378,.,-0.996442,34.464342,.,21.5,22.6,20.1,2.5,1658,0,5947,105,1351,1959,578
78379,.,-0.993078,34.456352,.,21.6,22.6,20.2,2.5,1659,0,5963,103,1364,1958,578
78380,.,-0.996623,34.464621,.,21.5,22.6,20.1,2.5,1658,0,5947,105,1350,1959,578
78381,.,-0.995302,34.464425,.,21.5,22.6,20.1,2.5,1658,0,5948,105,1351,1959,578
78382,.,-1.002911,34.482559,.,21.4,22.5,20,2.5,1654,0,5898,111,1308,1956,575
78383,.,-0.998465,34.484153,.,21.4,22.5,20,2.5,1654,0,5907,110,1315,1958,575
78384,.,-0.990369,34.460765,.,21.6,22.6,20.1,2.5,1659,0,5956,104,1358,1958,578
78385,.,-0.904278,34.444687,.,22,23,20.5,2.5,1616,0,6096,88,1485,1986,596
78386,.,-0.865934,34.448928,.,22,23,20.6,2.5,1596,0,6105,87,1493,1991,599
78387,.,-0.899522,34.472739,.,21.6,22.7,20.3,2.5,1642,0,5988,100,1386,1967,576
78388,.,-0.906802,34.44011,.,22,23,20.6,2.5,1613,0,6112,86,1499,1988,599
78389,.,-0.907779,34.438979,.,22,23.1,20.6,2.5,1613,0,6116,86,1503,1989,600
78390,.,-0.911013,34.468508,.,21.7,22.8,20.3,2.5,1640,0,6007,97,1403,1971,580
78391,.,-0.901782,34.496192,.,21.6,22.6,20.2,2.4,1659,0,5962,103,1364,1970,572
78392,.,-0.898954,34.478549,.,21.6,22.7,20.2,2.5,1648,0,5965,103,1366,1964,572
78393,.,-0.899196,34.478828,.,21.6,22.7,20.2,2.5,1648,0,5964,103,1365,1963,572
78394,.,-0.904936,34.456972,.,21.8,22.9,20.4,2.5,1628,0,6049,93,1440,1978,588
78395,.,-0.872296,34.463061,.,21.8,22.8,20.4,2.5,1617,0,6037,94,1429,1977,585
78396,.,-0.906988,34.440383,.,22,23,20.6,2.5,1614,0,6111,86,1499,1988,599
78397,.,-0.910873,34.468597,.,21.7,22.8,20.3,2.5,1640,0,6007,98,1403,1971,580
78398,.,-0.901258,34.457028,.,21.8,22.9,20.4,2.5,1626,0,6049,93,1440,1978,588
78399,.,-1.024069,34.448537,.,21.7,22.8,20.3,2.5,1660,0,6011,97,1406,1970,587
78400,.,-1.054037,34.452589,.,21.8,22.8,20.3,2.5,1657,0,6028,95,1422,1977,592
78401,.,-1.022234,34.451022,.,21.7,22.7,20.3,2.5,1659,0,5997,99,1395,1968,586
78402,.,-1.026116,34.465261,.,21.5,22.6,20.1,2.4,1655,0,5937,106,1342,1961,580
78403,.,-1.012108,34.451614,.,21.6,22.7,20.2,2.5,1659,0,5986,100,1385,1964,583
78404,.,-1.031678,34.453015,.,21.7,22.7,20.3,2.5,1658,0,5999,98,1397,1970,587
78405,.,-0.999618,34.459926,.,21.6,22.6,20.2,2.5,1658,0,5956,104,1359,1959,579
78406,.,-1.032487,34.447203,.,21.8,22.8,20.3,2.5,1660,0,6025,95,1419,1973,589
78407,.,-1.043956,34.449065,.,21.8,22.8,20.3,2.5,1659,0,6029,95,1423,1975,591
78408,.,-1.025663,34.464867,.,21.5,22.6,20.1,2.4,1655,0,5938,106,1343,1961,580
78409,.,-1.040087,34.475808,.,21.5,22.5,20.1,2.5,1650,0,5920,108,1327,1963,581
78410,.,-1.125807,34.466393,.,21.8,22.9,20.3,2.6,1625,0,6035,94,1428,1986,607
78411,.,-1.120614,34.487472,.,21.8,22.8,20.3,2.6,1613,0,6030,95,1423,1992,613
78412,.,-0.979548,34.425679,.,21.6,22.6,20.2,2.4,1654,0,5975,101,1376,1950,579
78413,.,-0.998548,34.436945,.,21.7,22.7,20.3,2.4,1662,0,6008,97,1404,1961,583
78414,.,-0.978623,34.439075,.,21.6,22.6,20.2,2.4,1660,0,5963,103,1365,1950,575
78415,.,-0.977165,34.427207,.,21.6,22.6,20.2,2.4,1654,0,5980,100,1380,1951,580
78416,.,-0.973841,34.427318,.,21.7,22.7,20.3,2.4,1652,0,5992,99,1390,1954,582
78417,.,-0.973624,34.426717,.,21.7,22.7,20.3,2.4,1651,0,5993,99,1391,1954,582
78418,.,-0.994262,34.437526,.,21.7,22.7,20.3,2.4,1662,0,5997,99,1395,1958,581
78419,.,-0.987708,34.430763,.,21.7,22.7,20.2,2.4,1658,0,5991,99,1390,1955,581
78420,.,-0.994377,34.438122,.,21.7,22.7,20.3,2.4,1662,0,5997,99,1394,1959,581
78421,.,-1.002825,34.378679,.,22.1,23.2,20.6,2.5,1635,0,6166,81,1557,1978,607
78422,.,-1.003415,34.379533,.,22.1,23.2,20.6,2.5,1636,0,6165,81,1555,1978,607
78423,.,-1.083696,34.552539,.,21.3,22.5,19.7,2.7,1606,0,5859,117,1276,1995,619
78424,.,-0.9771,34.397249,.,21.7,22.7,20.3,2.4,1637,0,6012,97,1408,1953,591
78425,.,-0.988815,34.422064,.,21.7,22.7,20.3,2.4,1655,0,6007,97,1403,1956,584
78426,.,-0.989956,34.421085,.,21.7,22.7,20.3,2.4,1655,0,6012,97,1407,1957,585
78427,.,-1.0309,34.47987,.,21.4,22.4,20,2.4,1650,0,5884,113,1296,1956,576
78428,.,-0.989919,34.422444,.,21.7,22.7,20.3,2.4,1656,0,6010,97,1405,1957,584
78429,.,-0.977198,34.398652,.,21.7,22.7,20.3,2.4,1638,0,6010,97,1406,1953,591
78430,.,-1.0309,34.47987,.,21.4,22.4,20,2.4,1650,0,5884,113,1296,1956,576
78431,.,-0.977079,34.397387,.,21.7,22.7,20.3,2.4,1637,0,6012,97,1408,1953,591
78432,.,-0.97746,34.350222,.,22.4,23.4,20.8,2.6,1581,0,6242,74,1634,1993,629
78433,.,-0.978714,34.355626,.,22.3,23.3,20.8,2.6,1589,0,6218,76,1612,1989,625
78434,.,-0.980075,34.35443,.,22.3,23.4,20.8,2.6,1589,0,6225,75,1619,1990,626
78435,.,-0.97857,34.358298,.,22.3,23.3,20.7,2.6,1593,0,6204,77,1599,1986,623
78436,.,-1.094299,34.40469,.,22,23,20.4,2.6,1661,0,6105,86,1493,1978,597
78437,.,-1.092507,34.404235,.,22,23,20.4,2.6,1661,0,6108,86,1495,1978,597
78438,.,-1.108114,34.412094,.,21.9,23,20.4,2.6,1655,0,6087,88,1476,1977,598
78439,.,-1.112156,34.430938,.,21.9,22.9,20.3,2.6,1650,0,6071,90,1462,1980,600
78440,.,-1.111024,34.432763,.,21.9,23,20.3,2.6,1650,0,6071,90,1463,1981,600
78441,.,-1.112187,34.430465,.,21.9,22.9,20.3,2.6,1650,0,6071,90,1463,1980,600
78442,.,-1.108592,34.411758,.,21.9,23,20.4,2.6,1655,0,6086,88,1476,1976,598
78443,.,-1.107001,34.410719,.,21.9,23,20.4,2.6,1656,0,6088,88,1478,1976,597
78444,.,-0.994766,34.45473,.,21.6,22.6,20.2,2.5,1659,0,5966,102,1368,1959,579
78445,.,-0.994766,34.454713,.,21.6,22.6,20.2,2.5,1659,0,5966,102,1368,1959,579
78446,.,-1.00794,34.508902,.,21.3,22.4,19.9,2.4,1651,0,5855,117,1271,1957,574
78447,.,-1.043216,34.52098,.,21.1,22.2,19.7,2.5,1645,0,5790,126,1207,1949,572
78448,.,-1.062978,34.531277,.,21.1,22.2,19.6,2.6,1642,0,5781,128,1200,1957,581
78449,.,-1.039517,34.551928,.,21.2,22.3,19.7,2.7,1666,0,5820,122,1242,1984,599
78450,.,-1.007408,34.56463,.,21.3,22.5,19.8,2.6,1688,0,5868,115,1283,1995,599
78451,.,0.471877,34.116854,.,23.2,24.3,22,2.3,1808,0,6528,52,1901,2037,499
78452,.,0.488394,34.121193,.,23.3,24.4,22.1,2.3,1800,0,6558,50,1933,2048,508
78453,.,0.469216,34.1189,.,23.2,24.3,22,2.3,1807,0,6525,52,1898,2037,499
78454,.,0.478153,34.118353,.,23.2,24.3,22,2.3,1809,0,6539,51,1914,2040,500
78455,.,0.413634,34.222659,.,23.1,24.2,21.9,2.3,1757,0,6498,54,1872,2055,535
78456,.,0.417925,34.218577,.,23.1,24.2,21.9,2.3,1759,0,6498,54,1872,2055,534
78457,.,0.422377,34.231011,.,23.1,24.2,21.9,2.3,1759,0,6495,54,1870,2059,539
78458,.,0.434617,34.2722,.,23.1,24.3,21.9,2.3,1754,0,6503,54,1877,2071,555
78459,.,0.434617,34.2722,.,23.1,24.3,21.9,2.3,1754,0,6503,54,1877,2071,555
78460,.,0.421466,34.266644,.,23.1,24.2,21.9,2.3,1756,0,6493,54,1868,2064,549
78461,.,0.417324,34.220115,.,23.1,24.2,21.9,2.3,1759,0,6498,54,1872,2055,534
78462,.,0.450683,34.144328,.,23.1,24.2,21.9,2.4,1801,0,6502,54,1877,2040,501
78463,.,0.478354,34.140503,.,23.2,24.3,22.1,2.2,1802,0,6556,50,1930,2050,508
78464,.,0.496843,34.136535,.,23.3,24.4,22.2,2.2,1790,0,6577,49,1951,2059,520
78465,.,0.495912,34.124805,.,23.3,24.4,22.2,2.3,1793,0,6572,49,1946,2054,516
78466,.,0.490635,34.126761,.,23.3,24.4,22.1,2.3,1797,0,6565,50,1939,2051,512
78467,.,0.471735,34.146538,.,23.2,24.3,22.1,2.2,1800,0,6545,51,1920,2050,508
78468,.,0.4874,34.131839,.,23.3,24.4,22.1,2.3,1798,0,6562,50,1937,2051,511
78469,.,0.492078,34.128807,.,23.3,24.4,22.2,2.3,1795,0,6568,50,1942,2053,514
78470,.,0.491008,34.127862,.,23.3,24.4,22.1,2.3,1797,0,6566,50,1940,2052,513
78471,.,0.450683,34.144328,.,23.1,24.2,21.9,2.4,1801,0,6502,54,1877,2040,501
78472,.,0.481762,34.129707,.,23.2,24.4,22.1,2.3,1803,0,6553,50,1928,2047,506
78473,.,0.478354,34.140503,.,23.2,24.3,22.1,2.2,1802,0,6556,50,1930,2050,508
78474,.,0.451307,34.331976,.,23,24.3,21.9,2.4,1757,0,6473,56,1849,2077,561
78475,.,0.44486,34.329678,.,23,24.3,21.9,2.4,1756,0,6474,56,1849,2077,560
78476,.,0.449584,34.317451,.,23.1,24.3,22,2.4,1754,0,6487,55,1862,2079,562
78477,.,0.446148,34.335918,.,23,24.3,21.9,2.4,1758,0,6468,56,1844,2076,559
78478,.,0.438426,34.328855,.,23,24.3,21.9,2.4,1755,0,6474,56,1849,2076,559
78479,.,0.451756,34.33328,.,23,24.3,21.9,2.4,1758,0,6472,56,1848,2077,561
78480,.,0.444819,34.329643,.,23,24.3,21.9,2.4,1756,0,6474,56,1850,2077,560
78481,.,0.446597,34.329881,.,23,24.3,21.9,2.4,1756,0,6474,56,1850,2077,560
78482,.,0.431486,34.349776,.,22.9,24.2,21.8,2.4,1762,0,6447,57,1825,2069,554
78483,.,0.441202,34.333098,.,23,24.3,21.9,2.4,1756,0,6470,56,1845,2075,559
78484,.,0.438355,34.328871,.,23,24.3,21.9,2.4,1755,0,6473,56,1849,2076,559
78485,.,0.440202,34.332239,.,23,24.3,21.9,2.4,1756,0,6470,56,1846,2075,559
78486,.,0.449714,34.317343,.,23.1,24.3,22,2.4,1754,0,6487,55,1862,2079,562
78487,.,0.450416,34.331644,.,23,24.3,21.9,2.4,1757,0,6473,56,1849,2077,561
78488,.,0.440035,34.331283,.,23,24.3,21.9,2.4,1756,0,6471,56,1847,2075,559
78489,.,0.438349,34.328903,.,23,24.3,21.9,2.4,1755,0,6473,56,1849,2076,559
78490,.,0.440293,34.363104,.,22.9,24.2,21.8,2.4,1770,0,6436,58,1814,2071,551
78491,.,0.44018,34.364086,.,22.9,24.2,21.8,2.4,1771,0,6435,58,1813,2071,551
78492,.,0.47817,34.518609,.,22.3,23.6,21.1,2.5,1931,0,6225,75,1614,2041,491
78493,.,0.442694,34.333723,.,23,24.3,21.9,2.4,1757,0,6469,56,1845,2075,559
78494,.,0.44697,34.338176,.,23,24.3,21.9,2.4,1758,0,6466,56,1842,2076,559
78495,.,0.431563,34.349631,.,22.9,24.2,21.8,2.4,1762,0,6448,57,1825,2069,554
78496,.,0.44618,34.335919,.,23,24.3,21.9,2.4,1758,0,6468,56,1844,2076,559
78497,.,0.43178,34.350373,.,22.9,24.2,21.8,2.4,1762,0,6447,57,1824,2069,554
78498,.,0.44684,34.329953,.,23,24.3,21.9,2.4,1756,0,6474,56,1850,2077,560
78499,.,0.404187,34.171173,.,23.1,24.2,21.8,2.4,1761,0,6508,54,1882,2046,523
78500,.,0.372922,34.149322,.,23,24.1,21.7,2.4,1735,0,6479,55,1855,2036,530
78501,.,0.40236,34.153433,.,23.1,24.2,21.8,2.5,1766,0,6498,54,1873,2040,520
78502,.,0.368415,34.149124,.,23,24.1,21.7,2.4,1730,0,6475,56,1851,2035,531
78503,.,0.377737,34.153467,.,23,24.2,21.7,2.4,1741,0,6484,55,1860,2037,528
78504,.,0.404647,34.171785,.,23.1,24.2,21.8,2.4,1761,0,6508,54,1882,2046,522
78505,.,0.373863,34.14809,.,23,24.1,21.7,2.4,1736,0,6479,55,1855,2036,529
78506,.,0.412094,34.187436,.,23.1,24.3,21.9,2.4,1760,0,6511,53,1884,2049,524
78507,.,0.401164,34.153134,.,23.1,24.2,21.8,2.5,1766,0,6498,54,1874,2040,520
78508,.,0.412198,34.152786,.,23.1,24.2,21.8,2.4,1775,0,6492,55,1868,2039,514
78509,.,0.39032,34.14749,.,23.1,24.2,21.7,2.5,1756,0,6493,55,1869,2038,524
78510,.,0.440021,34.168302,.,23,24.2,21.8,2.4,1788,0,6484,55,1860,2041,508
78511,.,0.429611,34.168805,.,23.1,24.2,21.8,2.4,1782,0,6488,55,1864,2042,511
78512,.,0.449301,34.158916,.,23.1,24.2,21.9,2.4,1794,0,6496,54,1871,2042,506
78513,.,0.438929,34.168684,.,23,24.2,21.8,2.4,1788,0,6483,55,1859,2041,508
78514,.,0.450515,34.111174,.,23.1,24.2,21.8,2.4,1807,0,6494,54,1869,2030,498
78515,.,0.449752,34.161199,.,23.1,24.2,21.9,2.4,1793,0,6496,54,1871,2043,507
78516,.,0.428212,34.167784,.,23.1,24.2,21.8,2.4,1781,0,6488,55,1864,2042,511
78517,.,0.423846,34.170033,.,23.1,24.2,21.8,2.4,1777,0,6492,55,1868,2043,514
78518,.,0.461017,34.15749,.,23.1,24.3,21.9,2.3,1796,0,6515,53,1888,2046,508
78519,.,0.444562,34.163304,.,23.1,24.2,21.8,2.4,1792,0,6489,55,1865,2042,506
78520,.,0.464681,34.164483,.,23.1,24.3,21.9,2.4,1793,0,6514,53,1887,2048,510
78521,.,0.439853,34.16794,.,23,24.2,21.8,2.4,1789,0,6484,55,1860,2041,508
78522,.,0.458617,34.154891,.,23.1,24.3,21.9,2.3,1797,0,6513,53,1886,2045,506
78523,.,0.465096,34.164357,.,23.1,24.3,21.9,2.4,1793,0,6514,53,1887,2048,510
78524,.,0.379014,34.244051,.,23,24.1,21.8,2.3,1755,0,6462,56,1839,2043,531
78525,.,0.408819,34.243993,.,23.1,24.2,21.9,2.3,1756,0,6491,54,1866,2056,540
78526,.,0.410675,34.240314,.,23.1,24.2,21.9,2.3,1756,0,6493,54,1868,2057,539
78527,.,0.447834,34.247555,.,23.1,24.3,21.9,2.4,1763,0,6499,54,1874,2066,548
78528,.,0.386025,34.252623,.,23,24.1,21.8,2.3,1756,0,6468,56,1844,2047,534
78529,.,0.405981,34.253809,.,23.1,24.2,21.9,2.3,1756,0,6487,55,1862,2056,541
78530,.,0.403174,34.244616,.,23.1,24.2,21.9,2.3,1755,0,6490,54,1864,2055,538
78531,.,0.405501,34.255306,.,23,24.2,21.9,2.3,1756,0,6486,55,1861,2056,541
78532,.,0.49508,34.257813,.,23.1,24.3,22,2.4,1780,0,6494,54,1869,2067,550
78533,.,0.490929,34.241398,.,23,24.3,21.9,2.4,1782,0,6485,55,1859,2058,541
78534,.,0.491663,34.258336,.,23.1,24.3,22,2.4,1778,0,6497,54,1871,2068,551
78535,.,0.490514,34.252522,.,23.1,24.3,22,2.4,1779,0,6494,54,1868,2065,548
78536,.,0.483919,34.24733,.,23.1,24.3,21.9,2.4,1777,0,6495,54,1869,2063,545
78537,.,0.493438,34.257754,.,23.1,24.3,22,2.4,1779,0,6495,54,1870,2067,550
78538,.,0.364146,34.112185,.,23.1,24.2,21.8,2.5,1734,0,6501,54,1876,2037,536
78539,.,0.363219,34.11284,.,23.1,24.2,21.8,2.5,1733,0,6500,54,1875,2037,536
78540,.,0.37687,34.118371,.,23.1,24.2,21.8,2.5,1746,0,6495,54,1871,2036,529
78541,.,0.364018,34.11224,.,23.1,24.2,21.8,2.5,1734,0,6501,54,1876,2037,536
78542,.,0.381905,34.128404,.,23.1,24.2,21.7,2.5,1750,0,6492,55,1867,2036,527
78543,.,0.893839,34.877183,.,20,21.4,19.2,2.3,1792,0,5410,198,897,2005,718
78544,.,0.819507,34.971893,.,20.1,21.6,19.2,2.4,1823,0,5453,189,931,2023,713
78545,.,0.817893,34.972386,.,20.2,21.6,19.2,2.4,1824,0,5455,189,933,2023,712
78546,.,0.84017,34.970573,.,20.1,21.6,19.1,2.4,1816,0,5423,196,909,2023,723
78547,.,0.821136,34.971489,.,20.1,21.6,19.2,2.4,1823,0,5451,190,930,2023,714
78548,.,0.819779,34.964521,.,20.2,21.7,19.2,2.4,1821,0,5463,187,939,2024,714
78549,.,0.807958,34.985743,.,20.2,21.6,19.2,2.5,1828,0,5455,189,932,2020,705
78550,.,0.81981,34.981327,.,20.1,21.6,19.1,2.5,1825,0,5440,192,921,2021,711
78551,.,0.840516,34.970521,.,20.1,21.6,19.1,2.4,1816,0,5423,196,909,2023,723
78552,.,0.819808,34.972042,.,20.1,21.6,19.2,2.4,1823,0,5452,190,931,2023,713
78553,.,0.822606,34.953331,.,20.2,21.7,19.3,2.4,1818,0,5476,184,949,2026,718
78554,.,0.823201,34.964751,.,20.2,21.6,19.2,2.4,1820,0,5458,188,935,2024,716
78555,.,0.840428,34.970219,.,20.1,21.6,19.1,2.4,1816,0,5423,196,909,2023,723
78556,.,0.825693,34.97343,.,20.1,21.6,19.2,2.4,1822,0,5441,192,922,2022,716
78557,.,0.820598,34.968498,.,20.2,21.6,19.2,2.4,1822,0,5456,189,934,2023,714
78558,.,0.82377,34.955984,.,20.2,21.7,19.2,2.4,1818,0,5471,186,945,2026,718
78559,.,0.822259,34.970574,.,20.1,21.6,19.2,2.4,1822,0,5451,190,929,2023,715
78560,.,0.825658,34.973373,.,20.1,21.6,19.2,2.4,1822,0,5441,192,922,2022,716
78561,.,0.819338,34.972272,.,20.1,21.6,19.2,2.4,1823,0,5453,189,931,2023,713
78562,.,0.819479,34.981384,.,20.1,21.6,19.1,2.5,1825,0,5440,192,921,2020,711
78563,.,0.807869,34.985645,.,20.2,21.6,19.2,2.5,1828,0,5455,189,933,2020,705
78564,.,0.82048,34.981117,.,20.1,21.6,19.1,2.5,1825,0,5439,193,920,2021,712
78565,.,0.820438,34.972026,.,20.1,21.6,19.2,2.4,1823,0,5451,190,930,2023,714
78566,.,0.817655,34.959825,.,20.2,21.7,19.2,2.4,1821,0,5473,185,946,2025,714
78567,.,0.821045,34.961724,.,20.2,21.7,19.2,2.4,1820,0,5466,187,941,2025,716
78568,.,0.822142,34.961149,.,20.2,21.7,19.2,2.4,1820,0,5465,187,940,2025,716
78569,.,0.818588,34.972001,.,20.2,21.6,19.2,2.4,1824,0,5454,189,932,2023,713
78570,.,0.811556,34.817052,.,20.5,21.9,19.6,2.3,1823,0,5588,160,1035,2031,701
78571,.,0.811556,34.817052,.,20.5,21.9,19.6,2.3,1823,0,5588,160,1035,2031,701
78572,.,0.982205,34.973743,.,19.8,21.2,18.9,2.3,1815,0,5311,223,826,2013,769
78573,.,0.777847,34.824716,.,20.6,22,19.7,2.3,1826,0,5612,157,1055,2042,698
78574,.,0.89089,34.932335,.,20.1,21.6,19.3,2.3,1790,0,5444,192,925,2031,751
78575,.,0.980028,34.979156,.,19.7,21.2,18.9,2.3,1817,0,5308,224,823,2011,768
78576,.,0.770677,34.81468,.,20.6,22,19.8,2.2,1830,0,5626,154,1066,2044,695
78577,.,0.772432,34.815049,.,20.6,22,19.8,2.2,1829,0,5624,154,1065,2043,695
78578,.,0.784752,34.826334,.,20.6,22,19.7,2.3,1824,0,5604,158,1048,2039,699
78579,.,0.770677,34.814663,.,20.6,22,19.8,2.2,1830,0,5626,154,1066,2044,695
78580,.,0.789828,34.807149,.,20.6,21.9,19.7,2.2,1830,0,5610,157,1053,2039,696
78581,.,0.769593,34.812401,.,20.6,22,19.8,2.2,1831,0,5630,153,1069,2044,694
78582,.,0.769738,34.812634,.,20.6,22,19.8,2.2,1831,0,5629,154,1069,2044,694
78583,.,0.837799,34.930855,.,20.3,21.7,19.3,2.4,1807,0,5492,181,962,2029,727
78584,.,0.825444,34.943234,.,20.2,21.7,19.3,2.4,1814,0,5489,182,959,2029,721
78585,.,1.038654,34.859537,.,19.4,20.7,18.6,2.2,1762,0,5182,256,726,1981,748
78586,.,1.038911,34.859515,.,19.4,20.7,18.6,2.2,1762,0,5182,256,726,1981,748
78587,.,1.02935,34.85903,.,19.4,20.8,18.6,2.2,1762,0,5195,252,735,1980,742
78588,.,1.027332,34.861633,.,19.5,20.8,18.7,2.2,1762,0,5206,249,743,1982,743
78589,.,1.030058,34.858596,.,19.4,20.8,18.6,2.2,1762,0,5192,253,733,1980,742
78590,.,1.029482,34.860722,.,19.4,20.8,18.6,2.2,1762,0,5200,251,738,1981,743
78591,.,1.048545,34.879257,.,19.5,20.9,18.6,2.3,1765,0,5220,245,752,1994,775
78592,.,1.035572,34.861338,.,19.4,20.8,18.6,2.2,1762,0,5192,253,733,1982,748
78593,.,1.029281,34.857796,.,19.4,20.8,18.6,2.2,1762,0,5191,253,732,1979,740
78594,.,1.046918,34.937952,.,19.6,21,18.7,2.4,1797,0,5271,233,796,2012,789
78595,.,1.027605,34.861634,.,19.5,20.8,18.7,2.2,1762,0,5206,249,742,1982,743
78596,.,1.02781,34.860555,.,19.4,20.8,18.7,2.2,1762,0,5202,250,740,1981,742
78597,.,1.043314,34.938785,.,19.7,21.1,18.7,2.3,1798,0,5275,232,799,2013,787
78598,.,1.029313,34.860254,.,19.4,20.8,18.6,2.2,1762,0,5199,251,738,1981,743
78599,.,1.035331,34.860861,.,19.4,20.8,18.6,2.2,1762,0,5191,253,733,1981,747
78600,.,1.040257,34.859859,.,19.4,20.7,18.5,2.2,1762,0,5181,256,725,1981,749
78601,.,1.038622,34.870736,.,19.5,20.8,18.6,2.2,1764,0,5216,246,749,1989,760
78602,.,1.037797,34.857499,.,19.4,20.7,18.6,2.2,1762,0,5177,257,723,1979,745
78603,.,1.035224,34.860953,.,19.4,20.8,18.6,2.2,1762,0,5192,253,733,1982,747
78604,.,1.0333,34.858531,.,19.4,20.8,18.6,2.2,1762,0,5187,254,730,1980,743
78605,.,0.891207,34.932744,.,20.1,21.6,19.3,2.3,1790,0,5443,192,924,2031,751
78606,.,1.138689,34.926176,.,19.6,21,18.7,2.3,1801,0,5263,234,782,1997,789
78607,.,0.890523,34.931989,.,20.1,21.6,19.3,2.3,1791,0,5444,192,925,2031,750
78608,.,1.138617,34.926316,.,19.6,21,18.7,2.3,1801,0,5263,234,782,1997,789
78609,.,1.1385,34.926166,.,19.6,21,18.7,2.3,1801,0,5263,234,782,1997,789
78610,.,0.996235,34.897361,.,19.9,21.3,19.1,2.2,1765,0,5370,207,867,2011,769
78611,.,0.890634,34.932656,.,20.1,21.6,19.3,2.3,1791,0,5444,192,925,2031,751
78612,.,0.984239,34.969396,.,19.8,21.2,18.9,2.3,1813,0,5314,222,828,2014,769
78613,.,0.978729,34.891873,.,20,21.4,19.1,2.2,1761,0,5387,203,880,2009,758
78614,.,0.977345,34.861133,.,19.7,21.1,19,2.2,1764,0,5310,221,822,1987,730
78615,.,0.978327,34.891741,.,20,21.4,19.1,2.2,1761,0,5387,203,880,2009,758
78616,.,0.994807,34.900782,.,19.9,21.3,19.1,2.2,1768,0,5368,208,866,2012,768
78617,.,0.993196,34.897127,.,19.9,21.3,19.1,2.2,1764,0,5374,206,871,2011,767
78618,.,0.993436,34.897406,.,19.9,21.3,19.1,2.2,1765,0,5374,206,870,2011,767
78619,.,0.977469,34.861277,.,19.7,21.1,19,2.2,1764,0,5310,221,823,1987,730
78620,.,0.991489,34.89771,.,19.9,21.3,19.1,2.2,1765,0,5376,206,872,2011,767
78621,.,0.978921,34.864509,.,19.8,21.2,19,2.2,1763,0,5318,219,828,1990,733
78622,.,0.987411,34.901084,.,19.9,21.3,19.1,2.2,1767,0,5378,205,874,2013,766
78623,.,0.979654,34.986872,.,19.7,21.2,18.9,2.3,1817,0,5304,225,821,2007,766
78624,.,0.953365,34.913166,.,20,21.4,19.2,2.2,1779,0,5391,203,884,2016,755
78625,.,0.975383,34.868395,.,19.8,21.2,19,2.2,1764,0,5329,217,836,1992,735
78626,.,0.976324,34.868677,.,19.8,21.2,19,2.2,1764,0,5329,217,837,1993,736
78627,.,0.979497,34.891725,.,20,21.4,19.1,2.2,1761,0,5386,203,879,2009,758
78628,.,1.003147,34.851918,.,19.5,20.9,18.8,2.1,1770,0,5220,245,752,1975,722
78629,.,0.971476,34.869175,.,19.8,21.2,19,2.2,1764,0,5332,216,839,1992,735
78630,.,0.977333,34.865536,.,19.8,21.2,19,2.2,1764,0,5321,219,831,1990,734
78631,.,0.976287,34.869508,.,19.8,21.2,19,2.2,1763,0,5331,216,838,1993,737
78632,.,0.994587,34.850211,.,19.5,20.9,18.8,2.1,1775,0,5230,243,758,1975,716
78633,.,0.979334,34.866326,.,19.8,21.2,19,2.2,1763,0,5322,218,831,1991,735
78634,.,1.0019,34.851654,.,19.5,20.9,18.8,2.1,1770,0,5221,245,753,1975,721
78635,.,0.995433,34.852574,.,19.6,21,18.8,2.1,1768,0,5242,239,767,1978,722
78636,.,0.971614,34.869095,.,19.8,21.2,19,2.2,1764,0,5332,216,839,1992,735
78637,.,0.970576,34.870501,.,19.8,21.2,19,2.2,1764,0,5336,215,842,1993,736
78638,.,0.799045,34.86866,.,20.4,21.8,19.5,2.3,1809,0,5546,169,1002,2030,707
78639,.,0.814613,34.852241,.,20.4,21.8,19.4,2.3,1806,0,5535,171,993,2022,704
78640,.,0.784732,34.852843,.,20.5,21.9,19.6,2.4,1815,0,5581,163,1030,2038,703
78641,.,0.779602,34.812355,.,20.6,22,19.8,2.2,1829,0,5620,155,1061,2041,696
78642,.,0.811956,34.856764,.,20.4,21.8,19.4,2.3,1805,0,5535,171,994,2023,706
78643,.,0.811956,34.856764,.,20.4,21.8,19.4,2.3,1805,0,5535,171,994,2023,706
78644,.,0.787439,34.854059,.,20.5,21.9,19.5,2.4,1814,0,5575,164,1025,2036,703
78645,.,0.779738,34.812519,.,20.6,22,19.8,2.2,1829,0,5620,155,1061,2041,696
78646,.,0.800858,34.868779,.,20.4,21.8,19.5,2.3,1809,0,5544,170,1001,2030,707
78647,.,0.785679,34.854284,.,20.5,21.9,19.5,2.4,1814,0,5578,163,1027,2037,703
78648,.,0.785352,34.854218,.,20.5,21.9,19.5,2.4,1814,0,5578,163,1028,2037,703
78649,.,0.787132,34.855299,.,20.5,21.9,19.5,2.4,1814,0,5574,164,1025,2036,703
78650,.,0.815923,34.852851,.,20.4,21.8,19.4,2.3,1806,0,5532,172,991,2022,705
78651,.,0.787329,34.846248,.,20.5,21.9,19.6,2.3,1816,0,5583,162,1031,2037,702
78652,.,0.787578,34.860366,.,20.5,21.9,19.5,2.4,1813,0,5569,165,1020,2035,704
78653,.,0.827913,34.886114,.,20.3,21.7,19.4,2.3,1801,0,5514,175,977,2026,719
78654,.,0.816274,34.901539,.,20.3,21.7,19.4,2.3,1804,0,5516,175,979,2031,720
78655,.,0.817449,34.919289,.,20.3,21.7,19.4,2.4,1809,0,5510,177,975,2030,719
78656,.,0.816759,34.902758,.,20.3,21.7,19.4,2.3,1805,0,5516,176,979,2031,720
78657,.,0.827021,34.886859,.,20.3,21.7,19.4,2.3,1801,0,5515,175,978,2027,719
78658,.,0.838429,34.902031,.,20.3,21.7,19.4,2.3,1798,0,5507,177,972,2027,727
78659,.,0.840484,34.910317,.,20.3,21.7,19.4,2.3,1800,0,5501,178,968,2028,728
78660,.,0.843733,34.898101,.,20.3,21.7,19.4,2.3,1795,0,5507,177,971,2026,729
78661,.,0.816217,34.901519,.,20.3,21.7,19.4,2.3,1804,0,5516,175,979,2031,720
78662,.,0.818514,34.917772,.,20.3,21.7,19.4,2.4,1809,0,5510,177,975,2030,719
78663,.,0.81491,34.916991,.,20.3,21.7,19.4,2.4,1809,0,5512,177,976,2031,718
78664,.,0.843294,34.906627,.,20.3,21.7,19.4,2.3,1798,0,5502,178,968,2027,729
78665,.,0.82733,34.885509,.,20.3,21.7,19.4,2.3,1801,0,5514,175,978,2026,719
78666,.,0.890992,34.881963,.,20.1,21.5,19.2,2.3,1792,0,5424,195,908,2009,721
78667,.,0.889251,34.881115,.,20.1,21.5,19.2,2.3,1792,0,5426,194,910,2009,720
78668,.,0.86444,34.900148,.,20.2,21.6,19.3,2.3,1791,0,5486,181,956,2023,732
78669,.,0.886622,34.879908,.,20.1,21.5,19.2,2.3,1793,0,5429,193,912,2009,720
78670,.,0.884583,34.878585,.,20.1,21.5,19.2,2.3,1794,0,5431,193,914,2009,719
78671,.,0.880464,34.88576,.,20.1,21.5,19.2,2.3,1792,0,5450,189,928,2014,724
78672,.,0.891172,34.881707,.,20.1,21.5,19.2,2.3,1792,0,5423,195,907,2009,721
78673,.,0.880472,34.88226,.,20.1,21.5,19.2,2.3,1793,0,5445,190,924,2012,722
78674,.,0.884762,34.882612,.,20.1,21.5,19.2,2.3,1793,0,5437,192,918,2011,722
78675,.,0.879614,34.882852,.,20.1,21.5,19.2,2.3,1793,0,5448,189,926,2013,722
78676,.,0.860127,34.896561,.,20.3,21.7,19.3,2.3,1791,0,5495,179,962,2023,732
78677,.,0.863485,34.899161,.,20.2,21.6,19.3,2.3,1791,0,5488,181,957,2023,732
78678,.,0.855879,34.902006,.,20.3,21.7,19.3,2.3,1793,0,5498,179,964,2024,732
78679,.,0.875462,34.889802,.,20.2,21.6,19.3,2.3,1792,0,5464,186,939,2017,727
78680,.,0.912564,35.013083,.,19.9,21.3,18.9,2.4,1811,0,5352,213,856,2018,750
78681,.,0.931806,35.015652,.,19.8,21.3,18.9,2.4,1816,0,5337,216,845,2012,754
78682,.,0.913193,35.012336,.,19.9,21.3,18.9,2.4,1811,0,5352,213,856,2018,750
78683,.,0.915413,35.0087,.,19.9,21.3,18.9,2.4,1811,0,5351,213,855,2017,751
78684,.,0.9224,35.013756,.,19.8,21.3,18.9,2.4,1813,0,5344,215,850,2015,752
78685,.,0.915213,35.013557,.,19.9,21.3,18.9,2.4,1811,0,5350,214,854,2017,751
78686,.,0.900267,34.998049,.,19.9,21.4,19,2.4,1808,0,5371,209,870,2023,747
78687,.,0.948127,34.953527,.,19.9,21.3,19,2.3,1807,0,5350,214,855,2019,758
78688,.,0.911908,35.018159,.,19.9,21.3,18.9,2.4,1811,0,5350,213,855,2018,750
78689,.,0.915213,35.013557,.,19.9,21.3,18.9,2.4,1811,0,5350,214,854,2017,751
78690,.,0.922275,35.013894,.,19.8,21.3,18.9,2.4,1813,0,5344,215,850,2015,752
78691,.,0.867023,35.001734,.,19.9,21.4,19,2.5,1810,0,5374,208,872,2019,730
78692,.,0.920986,35.014358,.,19.8,21.3,18.9,2.4,1813,0,5345,215,851,2015,752
78693,.,0.867115,35.00164,.,19.9,21.4,19,2.5,1810,0,5374,208,872,2019,730
78694,.,-0.449753,35.014187,.,20.5,21.6,19.1,2.5,2022,0,5581,161,1029,1919,381
78695,.,-0.449604,35.011191,.,20.5,21.6,19.1,2.5,2021,0,5587,160,1034,1919,381
78696,.,-0.447736,35.025779,.,20.4,21.5,19,2.5,2021,0,5552,167,1006,1917,379
78697,.,-0.531617,35.00493,.,19.6,20.6,18.2,2.4,1914,0,5240,238,766,1880,364
78698,.,-0.531086,35.004963,.,19.6,20.6,18.2,2.4,1915,0,5245,237,769,1881,364
78699,.,-0.490693,35.021027,.,20.2,21.2,18.7,2.5,1976,0,5460,185,934,1909,380
78700,.,-0.520466,35.024409,.,19.9,20.9,18.4,2.5,1916,0,5346,212,842,1899,388
78701,.,-0.488496,35.025782,.,20.2,21.2,18.7,2.5,1974,0,5462,185,935,1911,381
78702,.,-0.525481,34.999986,.,19.7,20.7,18.3,2.4,1933,0,5283,227,796,1883,361
78703,.,-0.524759,34.997022,.,19.7,20.7,18.3,2.3,1937,0,5286,226,798,1882,358
78704,.,-0.518042,35.022255,.,19.9,20.9,18.4,2.5,1924,0,5353,210,846,1899,386
78705,.,-0.456564,34.954392,.,20.8,21.8,19.4,2.4,2011,0,5689,142,1116,1923,384
78706,.,-0.457319,34.964243,.,20.7,21.7,19.3,2.4,2014,0,5658,147,1091,1920,381
78707,.,-0.456993,34.964293,.,20.7,21.7,19.3,2.4,2014,0,5659,147,1092,1920,381
78708,.,-0.454973,34.951737,.,20.8,21.9,19.4,2.4,2004,0,5701,140,1126,1924,386
78709,.,-0.464714,34.98408,.,20.5,21.5,19.1,2.4,2019,0,5582,161,1029,1912,373
78710,.,-0.665395,34.897693,.,18.7,19.8,17.6,2.2,1699,0,4929,338,568,1838,338
78711,.,-0.666515,34.889966,.,18.7,19.8,17.6,2.2,1716,0,4942,333,576,1838,335
78712,.,-0.669634,34.8969,.,18.7,19.8,17.6,2.2,1691,0,4940,334,575,1839,344
78713,.,-0.656465,34.886967,.,18.7,19.8,17.6,2.2,1747,0,4924,340,566,1833,323
78714,.,-0.665849,34.889196,.,18.7,19.8,17.6,2.2,1720,0,4942,333,576,1838,334
78715,.,-0.669903,34.895061,.,18.7,19.8,17.6,2.2,1695,0,4940,334,575,1839,343
78716,.,-0.666822,34.887315,.,18.7,19.8,17.6,2.2,1723,0,4948,331,580,1838,334
78717,.,-0.669685,34.896603,.,18.7,19.8,17.6,2.2,1692,0,4939,334,574,1839,344
78718,.,-0.666039,34.888865,.,18.7,19.8,17.6,2.2,1721,0,4943,333,577,1838,334
78719,.,-0.504836,34.95475,.,20,21,18.7,2.3,2015,0,5406,196,884,1889,343
78720,.,-0.650471,34.94586,.,18.8,19.9,17.6,2.3,1671,0,4980,320,599,1856,363
78721,.,-0.621064,34.861066,.,18.9,20,17.9,2.1,1904,0,5020,306,622,1834,305
78722,.,-0.621797,34.887211,.,18.7,19.7,17.6,2.1,1822,0,4925,339,566,1828,308
78723,.,-0.618969,34.860141,.,18.9,20,17.9,2.1,1912,0,5026,304,626,1835,305
78724,.,-0.621889,34.888227,.,18.7,19.7,17.6,2.1,1819,0,4922,341,564,1828,308
78725,.,-0.619,34.860049,.,18.9,20,17.9,2.1,1912,0,5026,304,626,1835,305
78726,.,-0.605394,34.863349,.,19,20,17.9,2.1,1934,0,5032,302,630,1834,306
78727,.,-0.603379,34.892883,.,18.7,19.7,17.6,2.1,1845,0,4926,339,567,1827,309
78728,.,-0.604844,34.863211,.,19,20,17.9,2.1,1936,0,5033,301,630,1835,306
78729,.,-0.605226,34.863306,.,19,20,17.9,2.1,1935,0,5032,301,630,1835,306
78730,.,-0.649953,34.946329,.,18.8,19.9,17.6,2.3,1672,0,4979,320,599,1856,363
78731,.,-0.622051,34.888215,.,18.7,19.7,17.6,2.1,1819,0,4922,341,564,1828,308
78732,.,-0.605291,34.862707,.,19,20,17.9,2.1,1937,0,5034,301,631,1835,306
78733,.,-0.621521,34.887167,.,18.7,19.7,17.6,2.1,1823,0,4926,339,566,1828,308
78734,.,-0.620782,34.860755,.,18.9,20,17.9,2.1,1905,0,5021,305,623,1834,305
78735,.,-0.623028,34.938836,.,18.6,19.7,17.5,2.2,1728,0,4909,346,557,1838,329
78736,.,-0.501891,34.938636,.,20.1,21.1,18.8,2.3,2041,0,5445,188,921,1893,344
78737,.,-0.502023,34.953206,.,20.1,21,18.8,2.3,2024,0,5430,191,910,1892,346
78738,.,-0.478785,34.938896,.,20.8,21.8,19.3,2.5,2118,0,5671,145,1101,1924,372
78739,.,-0.623619,34.942864,.,18.6,19.7,17.5,2.2,1724,0,4911,345,558,1839,332
78740,.,-0.499854,34.944935,.,20.2,21.1,18.8,2.3,2040,0,5458,185,931,1895,347
78741,.,-0.478865,34.938707,.,20.8,21.8,19.3,2.5,2119,0,5671,145,1101,1924,372
78742,.,-0.477593,34.937933,.,20.8,21.8,19.3,2.5,2114,0,5677,144,1106,1925,373
78743,.,-0.4956,34.94036,.,20.3,21.3,18.9,2.3,2061,0,5504,175,967,1901,352
78744,.,-0.500013,34.950274,.,20.1,21.1,18.8,2.3,2033,0,5450,187,925,1894,348
78745,.,-0.489543,34.943191,.,20.4,21.4,19,2.4,2076,0,5557,165,1009,1909,359
78746,.,-0.493548,34.942812,.,20.3,21.3,19,2.3,2064,0,5520,172,980,1904,354
78747,.,-0.696573,34.842414,.,19.1,20.2,17.9,2.2,1791,0,5072,288,655,1851,342
78748,.,-0.696023,34.83647,.,19.1,20.2,18,2.2,1815,0,5094,281,669,1852,336
78749,.,-0.45427,34.970133,.,20.7,21.7,19.3,2.4,2010,0,5652,148,1086,1919,381
78750,.,-0.492309,34.796255,.,21.4,22.4,19.9,2.5,1961,0,5901,110,1311,1935,391
78751,.,-0.497668,34.798179,.,21.3,22.3,19.8,2.4,1980,0,5856,116,1271,1928,384
78752,.,-0.498514,34.798851,.,21.3,22.2,19.8,2.4,1983,0,5847,117,1264,1927,383
78753,.,-0.51112,34.799555,.,21,22,19.6,2.4,2021,0,5749,132,1166,1910,367
78754,.,-0.490458,34.794168,.,21.5,22.5,20,2.5,1953,0,5920,108,1327,1938,394
78755,.,-0.491721,34.798776,.,21.4,22.4,19.9,2.5,1963,0,5898,110,1308,1936,391
78756,.,-0.478022,34.799128,.,21.7,22.7,20.2,2.5,1921,0,5996,98,1394,1952,412
78757,.,-0.497671,34.795236,.,21.3,22.3,19.9,2.4,1977,0,5866,115,1280,1929,385
78758,.,-0.482771,34.803698,.,21.6,22.6,20.1,2.5,1945,0,5957,103,1359,1947,404
78759,.,-0.498912,34.798638,.,21.2,22.2,19.8,2.4,1984,0,5845,118,1262,1926,383
78760,.,-0.485599,34.808624,.,21.5,22.5,20,2.5,1960,0,5924,107,1331,1942,398
78761,.,-0.497646,34.795265,.,21.3,22.3,19.9,2.4,1977,0,5866,115,1280,1929,385
78762,.,-0.495606,34.798194,.,21.3,22.3,19.9,2.4,1974,0,5871,114,1285,1931,387
78763,.,-0.487648,34.796814,.,21.5,22.5,20,2.5,1948,0,5933,106,1339,1941,398
78764,.,-0.479125,34.732589,.,21.7,22.8,20.3,2.5,1810,0,6020,96,1415,1943,429
78765,.,-0.481252,34.804621,.,21.6,22.6,20.1,2.5,1942,0,5967,102,1369,1949,406
78766,.,-0.495915,34.798541,.,21.3,22.3,19.9,2.4,1975,0,5868,114,1282,1930,386
78767,.,-0.49049,34.794273,.,21.5,22.5,20,2.5,1953,0,5919,108,1327,1938,394
78768,.,-0.485624,34.807962,.,21.5,22.5,20,2.5,1959,0,5925,107,1332,1942,398
78769,.,-0.488523,34.848358,.,21.1,22,19.7,2.3,2009,0,5786,126,1203,1924,382
78770,.,-0.501099,34.72113,.,21.8,22.8,20.3,2.5,1870,0,6057,92,1450,1951,430
78771,.,-0.500981,34.721347,.,21.8,22.8,20.3,2.5,1870,0,6056,92,1450,1951,430
78772,.,-0.493857,34.720306,.,21.9,22.8,20.3,2.5,1841,0,6060,91,1453,1951,433
78773,.,-0.495478,34.736843,.,21.7,22.7,20.2,2.5,1885,0,6010,97,1406,1943,419
78774,.,-0.450114,34.693694,.,22.4,23.4,20.8,2.7,1620,0,6243,73,1629,1970,509
78775,.,-0.4502,34.693637,.,22.4,23.4,20.8,2.7,1620,0,6243,73,1629,1970,509
78776,.,-0.507106,34.7244,.,21.8,22.7,20.3,2.5,1903,0,6044,93,1436,1950,425
78777,.,-0.505663,34.725244,.,21.8,22.7,20.3,2.5,1900,0,6040,93,1433,1949,425
78778,.,-0.501608,34.721297,.,21.8,22.8,20.3,2.5,1872,0,6056,92,1450,1951,430
78779,.,-0.493881,34.713891,.,21.9,22.9,20.4,2.5,1823,0,6087,88,1485,1955,440
78780,.,-0.450202,34.693753,.,22.4,23.4,20.8,2.7,1620,0,6243,73,1628,1970,509
78781,.,-0.495234,34.7368,.,21.7,22.7,20.2,2.5,1884,0,6010,97,1407,1943,419
78782,.,-0.493039,34.707558,.,22,23,20.4,2.5,1803,0,6114,86,1510,1960,446
78783,.,-0.493458,34.713684,.,21.9,22.9,20.4,2.5,1821,0,6088,88,1486,1955,440
78784,.,-0.490783,34.719998,.,21.9,22.8,20.3,2.5,1828,0,6061,91,1454,1950,435
78785,.,-1.015583,35.055177,.,19.3,20.5,17.9,2.6,1303,0,5153,265,710,1937,657
78786,.,-0.498495,34.73744,.,21.7,22.7,20.2,2.5,1898,0,6007,97,1404,1943,416
78787,.,-0.492089,34.707782,.,22,23,20.4,2.5,1801,0,6113,86,1509,1959,446
78788,.,-0.498527,34.737391,.,21.7,22.7,20.2,2.5,1898,0,6007,97,1404,1943,416
78789,.,-0.501475,34.721068,.,21.8,22.8,20.3,2.5,1871,0,6057,92,1451,1951,430
78790,.,-0.551562,34.748122,.,21.3,22.3,19.8,2.5,2091,0,5853,117,1269,1924,373
78791,.,-0.379492,34.770394,.,22.5,23.6,21,2.6,1475,0,6305,68,1694,1975,567
78792,.,-0.535929,34.723003,.,21.7,22.6,20.1,2.5,1997,0,6007,97,1403,1947,407
78793,.,-0.447219,34.690275,.,22.4,23.5,20.8,2.7,1603,0,6259,72,1650,1972,517
78794,.,-0.476779,34.698966,.,22.1,23.1,20.6,2.6,1731,0,6159,81,1552,1964,466
78795,.,-0.476773,34.698915,.,22.1,23.1,20.6,2.6,1731,0,6160,81,1552,1964,467
78796,.,-0.456008,34.687627,.,22.4,23.4,20.8,2.7,1631,0,6249,73,1634,1973,507
78797,.,-0.476702,34.698554,.,22.1,23.1,20.6,2.6,1730,0,6161,81,1554,1964,467
78798,.,-0.464263,34.688111,.,22.3,23.4,20.7,2.6,1662,0,6231,75,1618,1972,496
78799,.,-0.455566,34.688104,.,22.4,23.4,20.8,2.7,1630,0,6248,73,1634,1973,507
78800,.,-0.466103,34.665152,.,22.5,23.5,20.9,2.6,1622,0,6295,69,1684,1981,519
78801,.,-0.447444,34.6904,.,22.4,23.5,20.8,2.7,1604,0,6258,72,1649,1972,517
78802,.,-0.479095,34.708114,.,22,23,20.5,2.5,1760,0,6113,86,1509,1957,452
78803,.,-0.476506,34.751497,.,21.8,22.8,20.3,2.5,1831,0,6037,94,1430,1948,426
78804,.,-0.484969,34.718658,.,21.9,22.9,20.4,2.5,1804,0,6066,91,1459,1951,438
78805,.,-0.479323,34.749407,.,21.8,22.8,20.3,2.5,1839,0,6025,95,1419,1947,423
78806,.,-0.505631,34.746327,.,21.6,22.6,20.1,2.5,1944,0,5978,101,1378,1939,404
78807,.,-0.470839,34.872975,.,21.2,22.2,19.8,2.4,1985,0,5826,120,1237,1933,392
78808,.,-0.467679,34.760784,.,21.9,22.9,20.4,2.6,1810,0,6077,89,1475,1953,435
78809,.,-0.46339,34.745314,.,21.9,23,20.4,2.5,1767,0,6090,88,1488,1951,446
78810,.,-0.464174,34.74769,.,21.9,23,20.4,2.5,1774,0,6087,88,1485,1951,444
78811,.,-0.451938,34.750214,.,22.1,23.1,20.5,2.6,1729,0,6139,83,1533,1955,460
78812,.,-0.456877,34.746917,.,22,23,20.5,2.6,1743,0,6118,85,1513,1953,454
78813,.,-0.462641,34.750629,.,21.9,23,20.4,2.5,1773,0,6095,87,1492,1952,445
78814,.,-0.456862,34.746924,.,22,23,20.5,2.6,1743,0,6118,85,1513,1953,454
78815,.,-0.465092,34.749563,.,21.9,22.9,20.4,2.5,1781,0,6084,89,1482,1951,442
78816,.,-0.461165,34.752165,.,22,23,20.4,2.5,1770,0,6101,87,1498,1953,446
78817,.,-0.463135,34.74369,.,21.9,23,20.4,2.5,1764,0,6091,88,1488,1950,447
78818,.,-0.463144,34.743076,.,21.9,23,20.4,2.5,1763,0,6090,88,1488,1950,447
78819,.,-0.464491,34.745987,.,21.9,23,20.4,2.5,1773,0,6086,88,1484,1950,444
78820,.,-0.458828,34.74939,.,22,23,20.5,2.5,1755,0,6110,86,1506,1953,450
78821,.,-0.50293,34.818931,.,21,22,19.6,2.4,2011,0,5747,132,1164,1915,372
78822,.,-0.510995,34.800245,.,21,22,19.6,2.4,2020,0,5747,132,1164,1910,367
78823,.,-0.51089,34.800177,.,21,22,19.6,2.4,2020,0,5748,132,1165,1910,367
78824,.,-0.494006,34.84531,.,21,21.9,19.6,2.3,2016,0,5754,131,1170,1920,377
78825,.,-0.492629,34.847846,.,21,21.9,19.6,2.3,2016,0,5758,130,1173,1920,378
78826,.,-0.521781,34.752303,.,21.5,22.4,20,2.4,2021,0,5921,107,1328,1931,386
78827,.,-0.481214,34.640093,.,22.7,23.7,21.1,2.6,1625,0,6348,65,1734,1992,530
78828,.,-0.693483,34.770113,.,19.9,21,18.7,2.3,2093,0,5376,204,862,1868,307
78829,.,-0.69481,34.770148,.,19.9,21,18.6,2.3,2089,0,5371,205,858,1868,308
78830,.,-0.702019,34.770915,.,19.8,20.9,18.6,2.3,2068,0,5342,212,837,1865,312
78831,.,-0.860736,34.492465,.,21.7,22.7,20.2,2.5,1645,0,5988,100,1387,1972,573
78832,.,-0.693179,34.770314,.,19.9,21,18.7,2.3,2093,0,5376,204,862,1868,306
78833,.,-0.695557,34.771531,.,19.9,21,18.6,2.3,2083,0,5362,207,851,1867,308
78834,.,-0.691385,34.777117,.,19.9,20.9,18.6,2.3,2070,0,5350,210,843,1866,306
78835,.,-0.701566,34.771099,.,19.8,20.9,18.6,2.3,2069,0,5343,212,837,1865,311
78836,.,-0.697317,34.771626,.,19.9,20.9,18.6,2.3,2078,0,5355,209,847,1866,309
78837,.,-0.699136,34.771846,.,19.9,20.9,18.6,2.3,2072,0,5348,210,841,1866,310
78838,.,-0.859151,34.49327,.,21.7,22.7,20.2,2.5,1646,0,5991,100,1389,1973,573
78839,.,-0.529544,34.581,.,22.6,23.6,21,2.6,1615,0,6327,66,1715,1986,530
78840,.,-0.593458,34.574442,.,22.2,23.2,20.7,2.5,1693,0,6190,78,1579,1972,501
78841,.,-0.647021,34.610254,.,21.9,22.9,20.4,2.5,1832,0,6076,90,1467,1968,455
78842,.,-0.570362,34.572204,.,22.3,23.4,20.8,2.6,1668,0,6235,74,1628,1973,508
78843,.,-0.64884,34.600622,.,22,23,20.5,2.5,1798,0,6098,87,1487,1973,469
78844,.,-0.646289,34.608998,.,21.9,22.9,20.4,2.5,1826,0,6080,89,1471,1969,457
78845,.,-0.645211,34.608797,.,21.9,22.9,20.4,2.5,1824,0,6082,89,1472,1969,457
78846,.,-0.581346,34.566481,.,22.3,23.4,20.8,2.6,1665,0,6227,75,1620,1975,512
78847,.,-0.567354,34.570589,.,22.4,23.4,20.8,2.6,1662,0,6244,73,1636,1974,510
78848,.,-0.646985,34.609652,.,21.9,22.9,20.4,2.5,1829,0,6078,89,1469,1969,456
78849,.,-0.557464,34.598101,.,22.3,23.2,20.7,2.5,1708,0,6202,77,1597,1963,486
78850,.,-0.581203,34.5708,.,22.3,23.3,20.7,2.6,1674,0,6219,76,1612,1973,507
78851,.,-0.651089,34.600932,.,22,23,20.5,2.5,1801,0,6097,87,1486,1973,469
78852,.,-0.642208,34.613768,.,21.9,22.9,20.4,2.5,1843,0,6065,91,1457,1965,448
78853,.,-0.562983,34.555775,.,22.4,23.5,20.8,2.7,1626,0,6273,71,1663,1977,525
78854,.,-0.567363,34.570047,.,22.4,23.4,20.8,2.6,1661,0,6245,73,1637,1974,511
78855,.,-0.565774,34.55221,.,22.4,23.5,20.8,2.6,1621,0,6267,71,1658,1976,527
78856,.,-0.585332,34.633729,.,21.8,22.8,20.4,2.5,1869,0,6049,92,1443,1947,433
78857,.,-0.590604,34.635585,.,21.8,22.8,20.3,2.4,1884,0,6026,95,1420,1943,425
78858,.,-0.587972,34.637368,.,21.8,22.8,20.3,2.4,1887,0,6028,95,1422,1944,425
78859,.,-0.571736,34.626677,.,22,23,20.5,2.5,1823,0,6107,86,1495,1953,451
78860,.,-0.540995,34.643594,.,22.2,23.2,20.6,2.6,1797,0,6192,78,1581,1971,470
78861,.,-0.559965,34.631486,.,22.1,23,20.5,2.5,1820,0,6133,84,1526,1957,457
78862,.,-0.575112,34.624963,.,22,23,20.5,2.5,1821,0,6103,87,1492,1953,451
78863,.,-0.587122,34.630931,.,21.8,22.8,20.4,2.5,1860,0,6053,92,1447,1947,435
78864,.,-0.562575,34.630984,.,22,23,20.5,2.5,1826,0,6123,85,1518,1955,455
78865,.,-0.804435,34.513529,.,22.1,23.1,20.6,2.5,1632,0,6140,83,1531,2004,582
78866,.,-0.692996,34.771876,.,19.9,21,18.6,2.3,2089,0,5369,205,857,1868,306
78867,.,-0.692998,34.771927,.,19.9,21,18.6,2.3,2088,0,5369,205,857,1867,306
78868,.,-0.806639,34.512623,.,22.1,23.1,20.6,2.5,1633,0,6137,84,1521,2003,582
78869,.,-0.751852,34.556572,.,22,23,20.5,2.5,1706,0,6099,87,1487,1992,547
78870,.,-0.6929,34.771909,.,19.9,21,18.6,2.3,2089,0,5369,205,857,1868,306
78871,.,-0.793593,34.587773,.,21.6,22.7,20.3,2.5,1797,0,5987,100,1386,1973,522
78872,.,-0.776868,34.590969,.,21.6,22.7,20.2,2.5,1811,0,5974,101,1374,1969,513
78873,.,-0.79381,34.585823,.,21.7,22.7,20.3,2.5,1792,0,5993,99,1391,1974,525
78874,.,-0.800986,34.598467,.,21.6,22.6,20.2,2.4,1827,0,5955,103,1358,1967,510
78875,.,-0.788286,34.593387,.,21.6,22.7,20.2,2.5,1815,0,5968,102,1369,1969,513
78876,.,-0.797232,34.575476,.,21.8,22.8,20.4,2.5,1761,0,6026,95,1420,1981,539
78877,.,-0.7937,34.592261,.,21.6,22.7,20.2,2.5,1811,0,5972,101,1373,1970,516
78878,.,-0.775922,34.587826,.,21.6,22.7,20.3,2.5,1802,0,5984,100,1383,1971,517
78879,.,-0.786723,34.591269,.,21.6,22.7,20.2,2.5,1809,0,5974,101,1375,1970,515
78880,.,-0.784363,34.585956,.,21.7,22.7,20.3,2.5,1795,0,5991,99,1390,1973,522
78881,.,-0.787328,34.590922,.,21.6,22.7,20.2,2.5,1808,0,5976,101,1376,1970,516
78882,.,-0.827371,34.591764,.,21.6,22.6,20.2,2.4,1795,0,5964,102,1367,1972,528
78883,.,-0.792805,34.591412,.,21.6,22.7,20.2,2.5,1808,0,5975,101,1376,1971,517
78884,.,-0.793067,34.591823,.,21.6,22.7,20.2,2.5,1809,0,5974,101,1374,1970,517
78885,.,-0.785468,34.587573,.,21.6,22.7,20.3,2.5,1799,0,5986,100,1385,1972,520
78886,.,-0.798289,34.582269,.,21.7,22.8,20.3,2.5,1780,0,6005,98,1401,1977,531
78887,.,-0.797902,34.58793,.,21.6,22.7,20.3,2.5,1797,0,5987,100,1386,1973,523
78888,.,-0.69295,34.771867,.,19.9,21,18.6,2.3,2089,0,5369,205,857,1868,306
78889,.,-0.829138,34.593492,.,21.6,22.6,20.2,2.4,1798,0,5960,103,1363,1972,527
78890,.,-0.823189,34.592303,.,21.6,22.6,20.2,2.4,1799,0,5967,102,1369,1972,526
78891,.,-0.798484,34.586815,.,21.7,22.7,20.3,2.5,1793,0,5990,99,1389,1974,525
78892,.,-0.78504,34.587763,.,21.6,22.7,20.3,2.5,1800,0,5986,100,1385,1972,520
78893,.,-0.79767,34.581347,.,21.7,22.8,20.3,2.5,1778,0,6008,97,1404,1977,532
78894,.,-0.785013,34.589771,.,21.6,22.7,20.2,2.5,1805,0,5979,101,1379,1971,517
78895,.,-0.790701,34.592141,.,21.6,22.7,20.2,2.5,1811,0,5972,101,1373,1970,515
78896,.,-0.7765,34.587413,.,21.6,22.7,20.3,2.5,1801,0,5986,100,1385,1971,518
78897,.,-0.790221,34.585507,.,21.7,22.7,20.3,2.5,1792,0,5994,99,1392,1974,524
78898,.,-0.822012,34.593546,.,21.6,22.6,20.2,2.4,1803,0,5965,102,1367,1972,524
78899,.,-0.796854,34.594577,.,21.6,22.7,20.2,2.5,1817,0,5966,102,1368,1969,514
78900,.,-0.692942,34.771896,.,19.9,21,18.6,2.3,2089,0,5369,205,857,1868,306
78901,.,-0.782753,34.542432,.,22,23.1,20.6,2.5,1676,0,6120,85,1506,2000,566
78902,.,-0.796964,34.593594,.,21.6,22.7,20.2,2.5,1814,0,5969,102,1370,1970,515
78903,.,-0.799474,34.582959,.,21.7,22.8,20.3,2.5,1782,0,6003,98,1400,1977,530
78904,.,-0.789387,34.583222,.,21.7,22.8,20.3,2.5,1785,0,6001,98,1398,1975,527
78905,.,-0.892081,34.503228,.,21.6,22.7,20.2,2.4,1664,0,5968,102,1369,1974,571
78906,.,-0.798262,34.529805,.,22,23.1,20.6,2.5,1655,0,6127,85,1512,2002,575
78907,.,-0.902379,34.529126,.,21.6,22.6,20.2,2.5,1678,0,5954,104,1357,1979,570
78908,.,-0.796826,34.529786,.,22,23.1,20.6,2.5,1653,0,6130,84,1514,2002,575
78909,.,-0.891674,34.503273,.,21.6,22.7,20.2,2.4,1664,0,5969,102,1370,1974,571
78910,.,-0.691708,34.771011,.,19.9,21,18.7,2.3,2096,0,5378,203,863,1868,305
78911,.,-0.694578,34.768939,.,19.9,21,18.7,2.3,2092,0,5378,203,864,1869,308
78912,.,-0.692922,34.771784,.,19.9,21,18.6,2.3,2089,0,5370,205,857,1868,306
78913,.,-0.693008,34.771911,.,19.9,21,18.6,2.3,2088,0,5369,205,857,1867,306
78914,.,-0.693198,34.772065,.,19.9,21,18.6,2.3,2087,0,5368,206,856,1867,306
78915,.,-0.694323,34.771341,.,19.9,21,18.6,2.3,2087,0,5367,206,855,1867,307
78916,.,-0.691488,34.768358,.,20,21,18.7,2.3,2101,0,5392,200,882,1870,306
78917,.,-0.692949,34.771929,.,19.9,21,18.6,2.3,2088,0,5369,205,857,1868,306
78918,.,-0.693045,34.771883,.,19.9,21,18.6,2.3,2088,0,5369,205,857,1867,306
78919,.,-0.690733,34.770918,.,19.9,21,18.7,2.3,2099,0,5382,202,873,1868,305
78920,.,-0.693102,34.77185,.,19.9,21,18.6,2.3,2088,0,5369,205,857,1867,306
78921,.,-0.684802,34.785436,.,19.8,20.9,18.6,2.3,2052,0,5331,215,829,1865,305
78922,.,-0.692544,34.77213,.,19.9,21,18.6,2.3,2089,0,5370,205,857,1868,306
78923,.,-0.692875,34.771923,.,19.9,21,18.6,2.3,2089,0,5369,205,857,1868,306
78924,.,-0.693515,34.770281,.,19.9,21,18.7,2.3,2092,0,5375,204,861,1868,307
78925,.,-0.692812,34.772368,.,19.9,21,18.6,2.3,2087,0,5368,206,856,1867,306
78926,.,-0.69271,34.771777,.,19.9,21,18.6,2.3,2090,0,5371,205,858,1868,306
78927,.,-0.762018,34.499151,.,22.3,23.4,20.9,2.5,1585,0,6217,76,1610,2017,594
78928,.,-0.762018,34.499151,.,22.3,23.4,20.9,2.5,1585,0,6217,76,1610,2017,594
78929,.,-0.761824,34.499249,.,22.3,23.4,20.9,2.5,1585,0,6217,76,1610,2017,594
78930,.,-0.761824,34.499249,.,22.3,23.4,20.9,2.5,1585,0,6217,76,1610,2017,594
78931,.,-0.643662,34.517246,.,22.1,23.1,20.6,2.5,1609,0,6139,83,1524,1972,539
78932,.,-0.762018,34.499151,.,22.3,23.4,20.9,2.5,1585,0,6217,76,1610,2017,594
78933,.,-0.762018,34.499151,.,22.3,23.4,20.9,2.5,1585,0,6217,76,1610,2017,594
78934,.,-0.811657,34.488355,.,22.1,23.2,20.7,2.4,1605,0,6157,82,1547,2006,590
78935,.,-0.643662,34.517246,.,22.1,23.1,20.6,2.5,1609,0,6139,83,1524,1972,539
78936,.,-0.78876,34.481754,.,22.3,23.3,20.9,2.5,1579,0,6208,77,1601,2015,599
78937,.,-0.698546,34.476106,.,22.1,23.3,20.6,2.7,1575,0,6160,82,1551,1996,573
78938,.,-0.798563,34.503348,.,22.1,23.2,20.7,2.5,1614,0,6164,81,1560,2008,585
78939,.,-0.817421,34.479306,.,22.1,23.1,20.7,2.4,1597,0,6144,83,1528,2003,591
78940,.,-0.774931,34.469903,.,22.3,23.4,20.9,2.5,1561,0,6236,74,1628,2019,609
78941,.,-0.798563,34.503348,.,22.1,23.2,20.7,2.5,1614,0,6164,81,1560,2008,585
78942,.,-0.776622,34.489402,.,22.3,23.4,20.9,2.5,1579,0,6222,75,1614,2018,600
78943,.,-0.819192,34.480942,.,22.1,23.1,20.7,2.4,1601,0,6134,84,1519,2001,589
78944,.,-0.798563,34.503348,.,22.1,23.2,20.7,2.5,1614,0,6164,81,1560,2008,585
78945,.,-0.762018,34.499151,.,22.3,23.4,20.9,2.5,1585,0,6217,76,1610,2017,594
78946,.,-0.798563,34.503348,.,22.1,23.2,20.7,2.5,1614,0,6164,81,1560,2008,585
78947,.,-0.813452,34.486806,.,22.1,23.2,20.7,2.4,1604,0,6154,82,1543,2006,590
78948,.,-0.606217,34.529088,.,22.2,23.2,20.7,2.5,1614,0,6184,79,1574,1964,528
78949,.,-0.631799,34.525074,.,22.1,23.1,20.6,2.5,1616,0,6152,82,1543,1969,533
78950,.,-0.635952,34.515544,.,22.1,23.1,20.6,2.5,1604,0,6149,82,1541,1970,539
78951,.,-0.620193,34.51743,.,22.2,23.2,20.7,2.5,1600,0,6169,80,1559,1966,536
78952,.,-0.610324,34.529295,.,22.2,23.2,20.7,2.5,1615,0,6179,79,1569,1965,528
78953,.,-0.61547,34.516619,.,22.2,23.2,20.7,2.5,1597,0,6176,80,1566,1965,536
78954,.,-0.620528,34.517506,.,22.2,23.2,20.7,2.5,1600,0,6169,80,1559,1966,536
78955,.,-0.556337,34.458448,.,22.9,23.9,21.3,2.5,1473,0,6417,59,1799,1998,594
78956,.,-0.554895,34.460496,.,22.9,23.9,21.3,2.5,1470,0,6420,59,1802,1999,595
78957,.,-0.65234,34.524041,.,22.1,23.1,20.6,2.5,1618,0,6140,83,1532,1976,538
78958,.,-0.603342,34.48874,.,22.3,23.4,20.8,2.6,1561,0,6223,75,1617,1969,551
78959,.,-0.630899,34.519706,.,22.1,23.1,20.6,2.5,1607,0,6155,82,1546,1969,537
78960,.,-0.601184,34.480203,.,22.4,23.4,20.8,2.6,1548,0,6241,74,1633,1972,558
78961,.,-0.668466,34.531242,.,22.1,23.1,20.6,2.5,1629,0,6149,82,1541,1985,539
78962,.,-0.608535,34.476111,.,22.3,23.4,20.8,2.6,1551,0,6218,76,1611,1969,556
78963,.,-0.603414,34.488634,.,22.3,23.4,20.8,2.6,1560,0,6223,75,1617,1969,551
78964,.,-0.608671,34.504888,.,22.2,23.3,20.7,2.5,1581,0,6196,78,1584,1966,542
78965,.,-0.607497,34.506849,.,22.2,23.3,20.7,2.5,1583,0,6196,78,1584,1965,541
78966,.,-0.639914,34.45162,.,22,23.1,20.6,2.5,1554,0,6122,85,1509,1957,553
78967,.,-0.693378,34.771803,.,19.9,21,18.6,2.3,2088,0,5368,205,856,1867,306
78968,.,-0.693203,34.771749,.,19.9,21,18.6,2.3,2089,0,5369,205,857,1867,306
78969,.,-0.679893,34.458072,.,22,23.2,20.5,2.7,1570,0,6126,85,1513,1975,559
78970,.,-0.693035,34.771686,.,19.9,21,18.6,2.3,2089,0,5370,205,857,1868,306
78971,.,-0.669469,34.471015,.,22,23.2,20.6,2.6,1574,0,6130,84,1516,1975,557
78972,.,-0.693173,34.771732,.,19.9,21,18.6,2.3,2089,0,5369,205,857,1867,306
78973,.,-0.670471,34.458811,.,22,23.2,20.5,2.6,1568,0,6123,85,1510,1971,557
78974,.,-0.672925,34.459121,.,22,23.2,20.5,2.6,1569,0,6124,85,1511,1972,557
78975,.,-0.693128,34.771819,.,19.9,21,18.6,2.3,2088,0,5369,205,857,1867,306
78976,.,-0.671842,34.470448,.,22.1,23.2,20.5,2.7,1574,0,6131,84,1517,1976,558
78977,.,-0.61474,34.520046,.,22.2,23.2,20.7,2.5,1600,0,6174,80,1564,1965,534
78978,.,-0.669503,34.4707,.,22,23.2,20.6,2.6,1574,0,6130,84,1516,1975,557
78979,.,-0.693047,34.771882,.,19.9,21,18.6,2.3,2088,0,5369,205,857,1867,306
78980,.,-0.693034,34.771951,.,19.9,21,18.6,2.3,2088,0,5369,205,856,1867,306
78981,.,-0.693474,34.772161,.,19.9,21,18.6,2.3,2086,0,5366,206,855,1867,307
78982,.,-0.760101,34.595305,.,21.6,22.7,20.2,2.5,1827,0,5980,101,1380,1968,499
78983,.,-0.697571,34.769958,.,19.9,21,18.6,2.3,2082,0,5363,207,852,1867,309
78984,.,-0.696559,34.767278,.,19.9,21,18.7,2.3,2089,0,5381,203,873,1869,310
78985,.,-0.705162,34.761611,.,20,21,18.7,2.3,2076,0,5383,202,875,1871,318
78986,.,-0.692863,34.77205,.,19.9,21,18.6,2.3,2088,0,5369,205,857,1867,306
78987,.,-0.693798,34.77249,.,19.9,21,18.6,2.3,2084,0,5364,207,853,1867,307
78988,.,-0.761462,34.595133,.,21.6,22.7,20.2,2.5,1827,0,5977,101,1378,1968,500
78989,.,-0.693044,34.771832,.,19.9,21,18.6,2.3,2089,0,5369,205,857,1868,306
78990,.,0.739925,34.420939,.,22.4,23.8,21.3,2.5,1893,0,6264,72,1651,2059,585
78991,.,0.739704,34.420117,.,22.4,23.8,21.3,2.5,1893,0,6265,72,1652,2059,585
78992,.,0.73981,34.419245,.,22.4,23.8,21.3,2.5,1893,0,6265,72,1652,2058,585
78993,.,0.786111,34.421731,.,22.2,23.5,21.1,2.4,1900,0,6197,78,1589,2049,589
78994,.,0.730869,34.429786,.,22.5,23.8,21.3,2.5,1892,0,6279,70,1665,2064,587
78995,.,0.791376,34.464012,.,21.5,22.7,20.4,2.3,1935,0,5946,104,1350,2021,578
78996,.,0.754023,34.418524,.,22.4,23.7,21.3,2.4,1889,0,6251,73,1639,2055,589
78997,.,0.770323,34.414739,.,22.4,23.7,21.3,2.4,1884,0,6250,73,1638,2053,594
78998,.,0.75159,34.408019,.,22.5,23.8,21.3,2.5,1891,0,6275,71,1661,2057,587
78999,.,0.728936,34.419451,.,22.5,23.8,21.3,2.5,1896,0,6278,71,1664,2061,581
79000,.,0.728943,34.427616,.,22.5,23.8,21.3,2.5,1893,0,6283,70,1668,2064,585
79001,.,0.744775,34.434439,.,22.4,23.7,21.2,2.4,1888,0,6240,74,1629,2058,589
79002,.,0.72588,34.420516,.,22.5,23.8,21.3,2.5,1897,0,6280,70,1666,2062,580
79003,.,0.791376,34.464012,.,21.5,22.7,20.4,2.3,1935,0,5946,104,1350,2021,578
79004,.,0.740737,34.431818,.,22.4,23.7,21.3,2.4,1889,0,6254,73,1642,2060,588
79005,.,0.739745,34.420137,.,22.4,23.8,21.3,2.5,1893,0,6265,72,1652,2059,585
79006,.,0.708591,34.460075,.,22.3,23.6,21.2,2.4,1897,0,6236,74,1624,2059,575
79007,.,0.681274,34.511041,.,22,23.3,20.9,2.4,1933,0,6107,86,1492,2045,552
79008,.,0.70728,34.461933,.,22.3,23.6,21.2,2.4,1898,0,6232,74,1621,2058,574
79009,.,0.710903,34.469827,.,22.2,23.5,21.1,2.4,1898,0,6196,78,1588,2053,572
79010,.,0.709772,34.45562,.,22.4,23.7,21.3,2.4,1896,0,6249,73,1636,2061,577
79011,.,0.70661,34.462145,.,22.3,23.6,21.2,2.4,1898,0,6233,74,1622,2059,574
79012,.,0.800902,34.465998,.,21.3,22.5,20.2,2.2,1954,0,5869,114,1283,2012,573
79013,.,0.748912,34.411022,.,22.4,23.8,21.3,2.5,1892,0,6269,71,1656,2057,586
79014,.,0.712307,34.461396,.,22.3,23.6,21.2,2.4,1896,0,6223,75,1613,2057,575
79015,.,0.77182,34.392147,.,22.6,23.9,21.5,2.4,1881,0,6340,65,1721,2064,601
79016,.,0.75623,34.4055,.,22.5,23.8,21.3,2.5,1890,0,6282,70,1668,2057,590
79017,.,0.758101,34.406815,.,22.5,23.8,21.3,2.5,1889,0,6280,70,1665,2057,591
79018,.,0.790016,34.39033,.,22.6,23.9,21.5,2.4,1883,0,6324,67,1707,2062,599
79019,.,0.758273,34.406433,.,22.5,23.8,21.3,2.5,1889,0,6281,70,1666,2057,591
79020,.,0.763762,34.407213,.,22.5,23.8,21.3,2.4,1886,0,6280,70,1666,2057,593
79021,.,0.722209,34.446954,.,22.4,23.7,21.3,2.4,1892,0,6259,72,1646,2063,583
79022,.,0.789649,34.389865,.,22.6,23.9,21.5,2.4,1883,0,6326,67,1708,2062,599
79023,.,0.769306,34.386562,.,22.7,24,21.5,2.5,1880,0,6353,64,1736,2065,601
79024,.,0.722568,34.44631,.,22.4,23.7,21.3,2.4,1892,0,6261,72,1648,2063,584
79025,.,0.762461,34.389712,.,22.6,24,21.5,2.5,1885,0,6334,66,1716,2063,596
79026,.,0.718428,34.36587,.,22.7,24,21.5,2.5,1910,0,6349,65,1732,2058,568
79027,.,0.758379,34.406128,.,22.5,23.8,21.3,2.5,1889,0,6282,70,1667,2057,591
79028,.,0.76048,34.408693,.,22.5,23.8,21.3,2.4,1888,0,6274,71,1661,2056,592
79029,.,0.794103,34.549363,.,19.9,21.2,19.1,2.1,2085,0,5373,205,868,1956,544
79030,.,0.793582,34.547685,.,20,21.3,19.1,2.1,2080,0,5394,200,884,1959,546
79031,.,0.793785,34.549177,.,19.9,21.2,19.1,2.1,2083,0,5379,204,873,1957,545
79032,.,0.812025,34.555469,.,19.1,20.4,18.3,2.1,2190,0,5067,291,653,1907,518
79033,.,0.793434,34.547845,.,20,21.3,19.1,2.1,2079,0,5394,200,884,1959,546
79034,.,0.681198,34.46505,.,22.4,23.8,21.3,2.5,1907,0,6264,72,1651,2064,567
79035,.,0.582035,34.558231,.,22,23.3,20.9,2.4,1971,0,6106,87,1491,2035,510
79036,.,0.673067,34.438924,.,22.6,23.9,21.5,2.5,1906,0,6338,66,1722,2071,568
79037,.,0.673615,34.439394,.,22.6,23.9,21.5,2.5,1906,0,6336,66,1721,2071,568
79038,.,0.581997,34.558319,.,22,23.3,20.9,2.4,1971,0,6106,87,1491,2035,510
79039,.,0.582,34.55834,.,22,23.3,20.9,2.4,1971,0,6106,87,1491,2035,510
79040,.,0.667564,34.473019,.,22.3,23.6,21.2,2.4,1922,0,6228,75,1617,2055,556
79041,.,0.676088,34.450304,.,22.5,23.9,21.4,2.5,1907,0,6304,68,1687,2067,567
79042,.,0.669637,34.465933,.,22.4,23.7,21.3,2.4,1918,0,6253,73,1640,2059,559
79043,.,0.667381,34.472109,.,22.3,23.6,21.2,2.4,1922,0,6231,74,1620,2056,556
79044,.,0.673998,34.453859,.,22.5,23.8,21.4,2.5,1910,0,6293,69,1677,2065,565
79045,.,0.655181,34.469788,.,22.3,23.6,21.2,2.4,1932,0,6228,75,1617,2052,549
79046,.,0.684841,34.455804,.,22.5,23.8,21.4,2.5,1902,0,6291,69,1676,2068,571
79047,.,0.684755,34.455273,.,22.5,23.8,21.4,2.5,1902,0,6293,69,1677,2068,571
79048,.,0.673037,34.451824,.,22.5,23.8,21.4,2.5,1910,0,6299,69,1682,2066,565
79049,.,0.67548,34.457648,.,22.5,23.8,21.3,2.5,1910,0,6282,70,1667,2064,565
79050,.,0.669345,34.431914,.,22.6,23.9,21.5,2.4,1911,0,6341,65,1725,2069,565
79051,.,0.766754,34.369328,.,22.8,24.2,21.6,2.5,1878,0,6395,61,1776,2070,603
79052,.,0.681079,34.515659,.,21.9,23.2,20.9,2.3,1937,0,6090,88,1477,2043,550
79053,.,0.679827,34.509056,.,22,23.3,20.9,2.4,1933,0,6114,86,1497,2045,551
79054,.,0.68139,34.51358,.,22,23.2,20.9,2.4,1935,0,6098,87,1484,2044,551
79055,.,0.681463,34.514449,.,22,23.2,20.9,2.4,1936,0,6095,87,1481,2044,551
79056,.,0.665622,34.501177,.,22,23.4,20.9,2.4,1939,0,6129,84,1518,2042,542
79057,.,0.67944,34.50905,.,22,23.3,20.9,2.4,1933,0,6113,86,1497,2045,551
79058,.,0.680002,34.509332,.,22,23.3,20.9,2.4,1933,0,6113,86,1496,2045,551
79059,.,0.674893,34.426013,.,22.6,23.9,21.5,2.4,1913,0,6332,66,1716,2067,565
79060,.,0.680389,34.502698,.,22.1,23.4,21,2.4,1928,0,6138,83,1526,2048,553
79061,.,0.680389,34.502698,.,22.1,23.4,21,2.4,1928,0,6138,83,1526,2048,553
79062,.,0.696401,34.507775,.,21.9,23.2,20.9,2.3,1924,0,6091,88,1478,2044,558
79063,.,0.70876,34.500745,.,21.9,23.2,20.8,2.3,1916,0,6075,90,1464,2039,561
79064,.,0.705156,34.496408,.,22,23.3,20.9,2.4,1914,0,6107,86,1492,2043,562
79065,.,0.680389,34.502698,.,22.1,23.4,21,2.4,1928,0,6138,83,1526,2048,553
79066,.,0.709102,34.500562,.,21.9,23.2,20.8,2.3,1916,0,6075,90,1464,2039,561
79067,.,0.699189,34.484885,.,22.2,23.5,21.1,2.4,1906,0,6175,80,1568,2052,565
79068,.,0.581975,34.558277,.,22,23.3,20.9,2.4,1971,0,6106,87,1491,2035,510
79069,.,0.695444,34.486513,.,22.2,23.5,21.1,2.4,1908,0,6180,79,1573,2054,565
79070,.,0.704609,34.495715,.,22,23.3,20.9,2.4,1913,0,6112,86,1496,2044,562
79071,.,0.709015,34.499496,.,21.9,23.2,20.8,2.3,1915,0,6080,89,1468,2039,561
79072,.,0.73767,34.468441,.,22.1,23.3,21,2.3,1895,0,6136,83,1526,2043,577
79073,.,0.760143,34.474895,.,21.9,23.1,20.8,2.3,1899,0,6066,91,1457,2037,583
79074,.,0.053418,35.570684,.,15,16.4,14.2,2.3,1636,0,3611,1175,123,1703,481
79075,.,0.76012,34.474812,.,21.9,23.1,20.8,2.3,1899,0,6067,90,1457,2037,583
79076,.,0.751979,34.492301,.,21.7,22.9,20.6,2.3,1913,0,5998,98,1397,2029,577
79077,.,0.823468,34.44002,.,21.6,22.7,20.4,2.3,1965,0,5959,103,1362,2025,576
79078,.,0.818921,34.432908,.,21.8,23,20.7,2.3,1949,0,6051,92,1444,2036,584
79079,.,0.811693,34.436088,.,21.9,23.1,20.8,2.3,1944,0,6084,89,1473,2041,586
79080,.,0.824728,34.439647,.,21.6,22.7,20.4,2.3,1966,0,5953,103,1357,2024,576
79081,.,0.81204,34.436295,.,21.9,23.1,20.7,2.3,1945,0,6082,89,1471,2040,586
79082,.,0.790341,34.417224,.,22.3,23.5,21.1,2.4,1900,0,6212,76,1603,2051,591
79083,.,0.816018,34.437312,.,21.8,23,20.7,2.3,1951,0,6049,92,1442,2037,584
79084,.,0.814586,34.432427,.,21.9,23.1,20.8,2.3,1942,0,6086,89,1475,2040,586
79085,.,0.722042,34.447212,.,22.4,23.7,21.3,2.4,1892,0,6258,72,1645,2062,583
79086,.,0.71307,34.434551,.,22.5,23.9,21.4,2.5,1894,0,6304,68,1688,2069,582
79087,.,0.718466,34.441368,.,22.5,23.8,21.4,2.4,1891,0,6286,70,1671,2067,584
79088,.,0.708614,34.444239,.,22.5,23.8,21.4,2.4,1894,0,6290,69,1675,2067,580
79089,.,0.718843,34.440492,.,22.5,23.8,21.4,2.4,1891,0,6289,70,1674,2068,585
79090,.,0.718429,34.441839,.,22.5,23.8,21.3,2.4,1891,0,6284,70,1670,2067,584
79091,.,0.765269,34.532694,.,21,22.3,20.1,2.2,1956,0,5769,129,1197,2012,577
79092,.,0.764075,34.531399,.,21.1,22.3,20.1,2.2,1954,0,5778,127,1204,2012,576
79093,.,0.7733,34.478284,.,21.7,22.9,20.6,2.3,1907,0,6014,96,1411,2032,585
79094,.,0.756403,34.552583,.,20.9,22.2,20,2.2,1955,0,5729,135,1148,2010,576
79095,.,0.773478,34.478544,.,21.7,22.9,20.6,2.3,1907,0,6012,97,1409,2032,585
79096,.,0.773626,34.477684,.,21.7,22.9,20.6,2.3,1907,0,6014,96,1410,2032,585
79097,.,0.747454,34.450844,.,22.2,23.5,21.1,2.4,1891,0,6179,79,1565,2050,584
79098,.,0.773817,34.477922,.,21.7,22.9,20.6,2.3,1908,0,6011,97,1408,2032,585
79099,.,0.775657,34.470635,.,21.7,22.9,20.6,2.3,1908,0,6022,95,1417,2032,584
79100,.,0.763728,34.547409,.,20.9,22.2,19.9,2.2,1959,0,5717,137,1138,2008,577
79101,.,0.768224,34.455974,.,22,23.2,20.9,2.3,1894,0,6106,86,1492,2040,585
79102,.,0.788969,34.458121,.,21.7,22.9,20.6,2.3,1926,0,5996,98,1395,2027,580
79103,.,0.768926,34.456205,.,22,23.2,20.9,2.3,1894,0,6103,87,1490,2040,585
79104,.,0.777747,34.460742,.,21.8,23,20.7,2.3,1908,0,6045,93,1438,2033,583
79105,.,0.792117,34.463665,.,21.5,22.7,20.4,2.3,1936,0,5943,105,1348,2021,577
79106,.,0.770046,34.45472,.,22,23.2,20.9,2.4,1893,0,6105,87,1491,2039,585
79107,.,0.77567,34.470255,.,21.7,22.9,20.6,2.3,1908,0,6023,95,1418,2032,584
79108,.,0.791027,34.472428,.,21.4,22.6,20.3,2.2,1940,0,5895,111,1306,2016,575
79109,.,0.770639,34.449063,.,22,23.3,20.9,2.4,1891,0,6119,85,1510,2040,585
79110,.,0.772038,34.467679,.,21.8,23.1,20.7,2.3,1900,0,6058,91,1449,2036,586
79111,.,0.774415,34.47991,.,21.7,22.9,20.6,2.3,1911,0,5998,98,1396,2030,584
79112,.,0.59806,34.556402,.,21.9,23.2,20.8,2.4,1967,0,6091,88,1477,2034,513
79113,.,0.669572,34.435762,.,22.6,23.9,21.5,2.4,1909,0,6342,65,1726,2070,566
79114,.,0.770962,34.497111,.,21.5,22.7,20.4,2.3,1926,0,5933,106,1339,2026,583
79115,.,0.671346,34.434927,.,22.6,23.9,21.5,2.4,1908,0,6341,65,1725,2070,567
79116,.,0.669483,34.431927,.,22.6,23.9,21.5,2.4,1911,0,6341,65,1725,2069,565
79117,.,0.678365,34.45257,.,22.5,23.8,21.4,2.5,1906,0,6298,69,1682,2067,568
79118,.,0.671125,34.438414,.,22.6,23.9,21.5,2.4,1907,0,6340,65,1724,2071,567
79119,.,0.738769,34.454352,.,22.2,23.5,21.1,2.4,1892,0,6190,78,1582,2052,582
79120,.,0.758462,34.507574,.,21.4,22.6,20.4,2.2,1932,0,5904,110,1313,2021,576
79121,.,0.758536,34.507651,.,21.4,22.6,20.4,2.2,1932,0,5903,110,1313,2021,576
79122,.,0.725256,34.518512,.,21.5,22.7,20.5,2.3,1924,0,5930,106,1336,2019,557
79123,.,0.729865,34.518163,.,21.4,22.7,20.4,2.3,1923,0,5914,108,1323,2017,558
79124,.,0.7251,34.518542,.,21.5,22.7,20.5,2.3,1924,0,5931,106,1337,2020,557
79125,.,-0.716117,34.702247,.,20.8,21.8,19.4,2.4,2115,0,5672,144,1103,1915,358
79126,.,-0.701279,34.690775,.,21,22,19.6,2.4,2131,0,5769,129,1190,1928,362
79127,.,-0.668709,34.692968,.,21.1,22.1,19.7,2.4,2149,0,5792,125,1208,1925,350
79128,.,-0.677743,34.683299,.,21.2,22.2,19.8,2.4,2126,0,5833,119,1243,1933,362
79129,.,-0.717083,34.694239,.,20.9,21.9,19.5,2.4,2114,0,5708,138,1132,1921,364
79130,.,-0.716033,34.702208,.,20.8,21.8,19.4,2.4,2115,0,5672,144,1103,1915,358
79131,.,-0.631139,34.734079,.,21,22,19.6,2.4,2208,0,5763,130,1178,1919,347
79132,.,-0.696092,34.692166,.,21.1,22.1,19.6,2.4,2136,0,5777,128,1196,1928,359
79133,.,-0.663298,34.721684,.,20.9,21.9,19.4,2.4,2189,0,5704,139,1129,1911,334
79134,.,-0.676261,34.683781,.,21.2,22.2,19.8,2.4,2128,0,5830,120,1241,1933,361
79135,.,-0.719089,34.722516,.,20.5,21.5,19.1,2.4,2107,0,5568,163,1019,1899,344
79136,.,-0.701778,34.683295,.,21.1,22.1,19.7,2.4,2114,0,5798,124,1213,1932,369
79137,.,-0.687944,34.668139,.,21.4,22.4,19.9,2.4,2068,0,5893,111,1304,1946,385
79138,.,-0.718543,34.717997,.,20.5,21.6,19.2,2.4,2109,0,5591,159,1037,1902,347
79139,.,-0.70387,34.681182,.,21.1,22.1,19.7,2.4,2105,0,5798,124,1213,1933,371
79140,.,-0.70303,34.682835,.,21.1,22.1,19.7,2.4,2112,0,5795,125,1211,1932,370
79141,.,-0.685682,34.668535,.,21.4,22.4,19.9,2.4,2069,0,5892,111,1303,1945,384
79142,.,-0.701396,34.683288,.,21.1,22.1,19.7,2.4,2115,0,5799,124,1214,1933,369
79143,.,-0.689277,34.677936,.,21.3,22.3,19.8,2.4,2104,0,5854,116,1261,1940,372
79144,.,-0.701754,34.683011,.,21.1,22.1,19.7,2.4,2113,0,5798,124,1214,1933,369
79145,.,-0.687627,34.668127,.,21.4,22.4,19.9,2.4,2068,0,5894,111,1305,1946,385
79146,.,-0.652607,34.741768,.,20.8,21.8,19.4,2.4,2209,0,5672,144,1102,1907,331
79147,.,-0.656657,34.728909,.,20.8,21.9,19.5,2.4,2209,0,5703,139,1128,1911,333
79148,.,-0.635703,34.733008,.,21,22,19.6,2.4,2213,0,5754,131,1170,1918,344
79149,.,-0.634523,34.732409,.,21,22,19.6,2.4,2211,0,5759,130,1174,1918,345
79150,.,-0.644948,34.777424,.,20.4,21.4,19.1,2.3,2186,0,5552,166,1006,1890,323
79151,.,-0.644955,34.777733,.,20.4,21.4,19.1,2.3,2185,0,5550,166,1004,1890,323
79152,.,-0.661804,34.734866,.,20.7,21.8,19.4,2.4,2197,0,5664,146,1096,1906,329
79153,.,-0.658465,34.727465,.,20.8,21.9,19.5,2.4,2204,0,5701,139,1126,1911,333
79154,.,-0.659869,34.733172,.,20.8,21.8,19.4,2.4,2202,0,5677,143,1107,1908,330
79155,.,-0.63389,34.730481,.,21,22,19.6,2.4,2211,0,5767,129,1181,1920,346
79156,.,-0.62508,34.733889,.,21.1,22.1,19.7,2.4,2201,0,5781,127,1199,1921,351
79157,.,-0.625291,34.733807,.,21.1,22.1,19.7,2.4,2201,0,5781,127,1199,1921,351
79158,.,-0.64494,34.777765,.,20.4,21.4,19.1,2.3,2185,0,5550,166,1004,1890,323
79159,.,-0.631762,34.735307,.,21,22,19.6,2.4,2208,0,5757,130,1173,1918,346
79160,.,-0.668579,34.715098,.,20.9,21.9,19.5,2.4,2175,0,5714,137,1137,1913,336
79161,.,-0.671396,34.712195,.,20.9,21.9,19.5,2.4,2169,0,5720,136,1142,1915,337
79162,.,-0.662901,34.709956,.,21,22,19.5,2.4,2173,0,5740,133,1158,1916,339
79163,.,-0.672813,34.714165,.,20.9,21.9,19.5,2.4,2170,0,5710,138,1134,1913,336
79164,.,-0.651695,34.724781,.,20.9,21.9,19.5,2.4,2209,0,5726,135,1147,1914,337
79165,.,-0.64061,34.731412,.,21,22,19.6,2.4,2219,0,5745,132,1162,1917,341
79166,.,-0.651675,34.723059,.,20.9,21.9,19.5,2.4,2206,0,5729,135,1150,1914,337
79167,.,-0.671111,34.712564,.,20.9,21.9,19.5,2.4,2170,0,5719,137,1142,1914,337
79168,.,-0.650065,34.725952,.,20.9,21.9,19.5,2.4,2213,0,5729,135,1149,1914,337
79169,.,-0.698278,34.732798,.,20.5,21.5,19.1,2.4,2138,0,5562,164,1014,1894,328
79170,.,-0.69783,34.731361,.,20.5,21.5,19.1,2.4,2141,0,5571,163,1022,1895,329
79171,.,-0.696217,34.723146,.,20.6,21.7,19.2,2.5,2145,0,5618,154,1059,1902,334
79172,.,-0.621383,34.683581,.,21.3,22.3,19.9,2.4,2080,0,5863,115,1278,1927,365
79173,.,-0.706296,34.659677,.,21.3,22.3,19.9,2.4,2028,0,5854,117,1269,1941,396
79174,.,-0.701613,34.65476,.,21.4,22.4,20,2.4,2012,0,5887,112,1298,1946,402
79175,.,-0.715723,34.656388,.,21.2,22.2,19.8,2.4,2013,0,5826,120,1238,1936,403
79176,.,-0.716468,34.652294,.,21.2,22.2,19.8,2.4,1999,0,5834,119,1244,1937,408
79177,.,-0.701636,34.654775,.,21.4,22.4,20,2.4,2012,0,5886,112,1298,1946,402
79178,.,-0.717188,34.654198,.,21.2,22.2,19.8,2.4,2005,0,5826,120,1238,1936,406
79179,.,-0.715608,34.666707,.,21.1,22.1,19.7,2.4,2047,0,5799,124,1215,1933,391
79180,.,-0.715077,34.664353,.,21.1,22.2,19.8,2.4,2040,0,5808,123,1222,1934,394
79181,.,-0.702685,34.654513,.,21.4,22.4,19.9,2.4,2010,0,5883,113,1295,1945,402
79182,.,-0.709175,34.642457,.,21.4,22.4,20,2.4,1969,0,5896,111,1306,1947,419
79183,.,-0.718053,34.650022,.,21.2,22.2,19.8,2.4,1991,0,5834,119,1244,1937,410
79184,.,-0.7151,34.650826,.,21.2,22.3,19.9,2.4,1994,0,5844,118,1261,1938,409
79185,.,-0.715634,34.650692,.,21.2,22.3,19.9,2.4,1994,0,5842,118,1259,1938,409
79186,.,-0.706461,34.659625,.,21.3,22.3,19.9,2.4,2027,0,5853,117,1269,1941,396
79187,.,-0.565715,34.725492,.,21.4,22.4,19.9,2.5,2093,0,5913,109,1322,1936,383
79188,.,-0.576867,34.716162,.,21.5,22.5,20,2.5,2085,0,5928,107,1334,1939,383
79189,.,-0.57725,34.723688,.,21.4,22.4,19.9,2.5,2109,0,5904,110,1314,1935,379
79190,.,-0.568216,34.722457,.,21.5,22.5,20,2.5,2089,0,5922,108,1329,1937,384
79191,.,-0.575429,34.695063,.,21.7,22.7,20.2,2.5,2018,0,5998,98,1395,1949,399
79192,.,-0.60691,34.74352,.,21.1,22.1,19.7,2.4,2188,0,5793,125,1209,1923,358
79193,.,-0.57879,34.724112,.,21.4,22.4,19.9,2.5,2113,0,5901,110,1311,1935,379
79194,.,-0.60677,34.729358,.,21.3,22.3,19.8,2.4,2177,0,5853,117,1269,1931,365
79195,.,-0.608893,34.741244,.,21.1,22.1,19.7,2.4,2188,0,5797,124,1213,1923,358
79196,.,-0.609104,34.741705,.,21.1,22.1,19.7,2.4,2189,0,5795,125,1211,1923,358
79197,.,-0.61726,34.736169,.,21.1,22.1,19.7,2.4,2193,0,5795,125,1211,1923,355
79198,.,-0.609554,34.739111,.,21.1,22.1,19.7,2.4,2187,0,5804,123,1219,1924,359
79199,.,-0.619678,34.736786,.,21.1,22.1,19.7,2.4,2196,0,5786,126,1203,1922,353
79200,.,-0.61942,34.737439,.,21.1,22.1,19.7,2.4,2196,0,5784,126,1201,1922,353
79201,.,-0.614789,34.738949,.,21.1,22.1,19.7,2.4,2192,0,5791,125,1207,1923,355
79202,.,-0.723069,34.732552,.,20.3,21.4,19,2.4,2092,0,5506,175,970,1890,340
79203,.,-0.670939,34.667171,.,21.4,22.4,19.9,2.4,2064,0,5886,112,1298,1941,380
79204,.,-0.667021,34.668826,.,21.3,22.4,19.9,2.4,2070,0,5877,113,1290,1938,376
79205,.,-0.669672,34.668549,.,21.3,22.4,19.9,2.4,2069,0,5880,113,1292,1940,378
79206,.,-0.677606,34.669622,.,21.4,22.4,19.9,2.4,2073,0,5882,113,1294,1942,379
79207,.,-0.66963,34.668588,.,21.3,22.4,19.9,2.4,2069,0,5880,113,1292,1940,377
79208,.,-0.678776,34.668619,.,21.4,22.4,19.9,2.4,2069,0,5887,112,1298,1943,381
79209,.,-0.668385,34.667588,.,21.4,22.4,19.9,2.4,2065,0,5883,113,1295,1940,378
79210,.,-0.679582,34.672701,.,21.3,22.3,19.9,2.4,2085,0,5873,114,1286,1941,376
79211,.,0.482533,34.15311,.,23.2,24.4,22.1,2.3,1796,0,6553,50,1928,2055,513
79212,.,0.48246,34.153086,.,23.2,24.4,22.1,2.3,1796,0,6553,50,1928,2055,513
79213,.,0.621864,34.373271,.,23,24.2,21.8,2.4,1888,0,6454,57,1831,2082,565
79214,.,0.614138,34.28705,.,23.4,24.7,22.4,2.3,1837,0,6622,46,1995,2109,595
79215,.,0.442834,34.417568,.,22.7,24,21.6,2.4,1835,0,6371,63,1753,2066,529
79216,.,0.552847,34.385762,.,22.9,24.2,21.8,2.4,1830,0,6445,58,1823,2088,565
79217,.,0.438984,34.38471,.,22.8,24.1,21.7,2.4,1793,0,6408,60,1787,2069,541
79218,.,0.423563,34.374716,.,22.8,24.1,21.7,2.4,1787,0,6412,60,1792,2066,543
79219,.,0.44584,34.377408,.,22.9,24.1,21.7,2.4,1786,0,6422,59,1801,2072,546
79220,.,0.579778,34.406193,.,22.9,24.2,21.7,2.4,1874,0,6426,59,1805,2083,557
79221,.,0.594618,34.421512,.,22.8,24.1,21.7,2.5,1899,0,6408,60,1789,2078,553
79222,.,0.594484,34.422222,.,22.8,24.1,21.7,2.5,1900,0,6408,60,1788,2078,552
79223,.,0.544515,34.422799,.,22.8,24.1,21.7,2.5,1867,0,6406,60,1787,2079,550
79224,.,0.579538,34.406349,.,22.9,24.2,21.7,2.4,1874,0,6426,59,1805,2083,557
79225,.,0.497176,34.218847,.,23,24.3,21.9,2.4,1787,0,6482,55,1857,2052,533
79226,.,0.688067,34.416091,.,22.5,23.8,21.4,2.4,1919,0,6296,69,1679,2057,563
79227,.,0.68562,34.372955,.,22.5,23.8,21.4,2.4,1937,0,6296,69,1680,2043,549
79228,.,0.522119,34.135545,.,23.4,24.6,22.4,2.2,1772,0,6610,47,1982,2073,539
79229,.,0.735844,34.425606,.,22.4,23.8,21.3,2.5,1892,0,6268,71,1655,2061,586
79230,.,0.741051,34.422376,.,22.4,23.8,21.3,2.5,1892,0,6261,72,1648,2059,586
79231,.,0.760143,34.413935,.,22.4,23.7,21.3,2.4,1888,0,6258,72,1646,2055,591
79232,.,0.687566,34.393594,.,22.4,23.7,21.3,2.4,1941,0,6259,72,1645,2042,550
79233,.,0.604678,34.424477,.,22.8,24.1,21.7,2.5,1908,0,6403,61,1783,2077,552
79234,.,0.636495,34.423461,.,22.8,24,21.6,2.4,1917,0,6381,62,1762,2073,557
79235,.,0.63629,34.423409,.,22.8,24,21.6,2.4,1917,0,6381,62,1762,2073,557
79236,.,0.546747,34.200103,.,23.1,24.4,22.1,2.3,1789,0,6520,53,1896,2064,547
79237,.,0.462427,34.108819,.,23.1,24.3,21.9,2.4,1809,0,6510,53,1884,2032,496
79238,.,0.688022,34.386996,.,22.4,23.7,21.3,2.4,1939,0,6269,71,1654,2042,550
79239,.,0.475436,34.380577,.,22.9,24.2,21.8,2.4,1790,0,6440,58,1818,2080,555
79240,.,-0.015383,35.340898,.,18.8,19.8,17.8,2,1786,0,4981,319,600,1874,476
79241,.,-0.024373,35.350568,.,18.4,19.4,17.5,1.9,1788,0,4843,371,521,1855,465
79242,.,-0.015113,35.362547,.,18.4,19.4,17.5,2,1759,0,4838,373,518,1857,487
79243,.,-0.011121,35.361115,.,18.5,19.5,17.5,2,1760,0,4866,361,534,1862,492
79244,.,-0.000001,35.362199,.,18.6,19.7,17.6,2.1,1750,0,4919,341,564,1872,509
79245,.,-0.023593,35.360328,.,18.3,19.3,17.3,1.9,1770,0,4793,391,494,1850,473
79246,.,-0.003658,35.350784,.,18.8,19.8,17.7,2.1,1773,0,4970,323,594,1878,496
79247,.,-0.000106,35.362133,.,18.6,19.7,17.6,2.1,1750,0,4919,341,564,1872,508
79248,.,-0.021782,35.362926,.,18.3,19.3,17.4,1.9,1763,0,4798,389,497,1850,478
79249,.,-0.024373,35.350568,.,18.4,19.4,17.5,1.9,1788,0,4843,371,521,1855,465
79250,.,-0.011289,35.372788,.,18.3,19.3,17.4,2,1731,0,4804,387,500,1855,502
79251,.,-0.024373,35.350568,.,18.4,19.4,17.5,1.9,1788,0,4843,371,521,1855,465
79252,.,0.007242,35.34186,.,19.1,20.2,17.9,2.2,1769,0,5085,284,665,1897,508
79253,.,-0.000001,35.362199,.,18.6,19.7,17.6,2.1,1750,0,4919,341,564,1872,509
79254,.,-0.017275,35.328905,.,19.1,20.1,18,2.1,1793,0,5068,289,653,1885,471
79255,.,-0.011615,35.356269,.,18.6,19.6,17.6,2,1772,0,4889,353,547,1864,487
79256,.,-0.004441,35.358489,.,18.6,19.7,17.6,2.1,1761,0,4917,342,563,1871,499
79257,.,-0.080558,35.281452,.,19.9,21,18.6,2.4,1788,0,5352,211,847,1933,456
79258,.,-0.069818,35.273653,.,20.1,21.2,18.8,2.4,1777,0,5434,192,915,1941,464
79259,.,-0.082914,35.275012,.,20.1,21.2,18.7,2.4,1780,0,5432,192,913,1944,463
79260,.,-0.086068,35.271733,.,20.2,21.3,18.8,2.5,1776,0,5475,183,947,1950,466
79261,.,-0.07087,35.273323,.,20.1,21.2,18.8,2.4,1777,0,5439,190,919,1942,464
79262,.,-0.082639,35.271548,.,20.2,21.3,18.8,2.5,1775,0,5473,183,945,1949,466
79263,.,-0.068975,35.263722,.,20.4,21.6,19.1,2.5,1765,0,5557,166,1010,1959,477
79264,.,-0.066781,35.256256,.,20.7,21.8,19.3,2.5,1756,0,5650,149,1085,1972,489
79265,.,-0.067273,35.255961,.,20.7,21.8,19.3,2.5,1756,0,5655,149,1089,1973,489
79266,.,-0.071338,35.269037,.,20.3,21.4,18.9,2.5,1772,0,5491,179,959,1949,470
79267,.,-0.080589,35.28153,.,19.9,20.9,18.6,2.4,1788,0,5351,211,846,1933,456
79268,.,-0.027684,35.303545,.,19.7,20.7,18.5,2.2,1797,0,5279,228,794,1912,466
79269,.,-0.033825,35.325882,.,18.9,19.9,17.9,2,1803,0,5000,312,612,1877,452
79270,.,-0.004446,35.398322,.,17.9,19,17,1.9,1671,0,4666,448,431,1840,527
79271,.,-0.007218,35.378888,.,18.3,19.3,17.3,2,1714,0,4788,394,491,1854,512
79272,.,0.006164,35.372541,.,18.5,19.6,17.5,2.1,1722,0,4882,355,543,1869,523
79273,.,0.005971,35.38819,.,18.2,19.3,17.3,2,1686,0,4776,398,486,1855,532
79274,.,-0.004504,35.388724,.,18.1,19.2,17.2,2,1689,0,4741,414,467,1849,522
79275,.,-0.004388,35.388494,.,18.2,19.2,17.2,2,1690,0,4742,413,468,1849,522
79276,.,0.008786,35.381289,.,18.4,19.5,17.4,2,1700,0,4833,375,516,1863,531
79277,.,-0.067708,35.244329,.,21.1,22.3,19.6,2.6,1742,0,5805,125,1230,1996,506
79278,.,-0.071059,35.248382,.,21,22.1,19.5,2.6,1746,0,5756,132,1188,1989,501
79279,.,-0.068584,35.256439,.,20.7,21.8,19.3,2.5,1756,0,5650,149,1085,1972,488
79280,.,-0.068635,35.25624,.,20.7,21.8,19.3,2.6,1756,0,5653,149,1087,1973,489
79281,.,-0.060129,35.262854,.,20.5,21.6,19.1,2.5,1764,0,5575,163,1024,1959,480
79282,.,-0.069031,35.244407,.,21.1,22.3,19.6,2.6,1742,0,5806,125,1230,1996,506
79283,.,-0.064799,35.253401,.,20.8,21.9,19.4,2.6,1753,0,5685,143,1113,1977,493
79284,.,-0.068755,35.256928,.,20.7,21.8,19.3,2.5,1757,0,5644,150,1080,1972,488
79285,.,-0.068073,35.237291,.,21.4,22.6,19.9,2.7,1733,0,5896,112,1309,2009,517
79286,.,-0.067617,35.242559,.,21.2,22.4,19.7,2.7,1739,0,5828,122,1249,1999,509
79287,.,-0.071556,35.275841,.,20,21.1,18.7,2.4,1780,0,5411,197,890,1939,462
79288,.,-0.065148,35.256281,.,20.7,21.8,19.3,2.5,1756,0,5648,150,1084,1971,488
79289,.,-0.068904,35.24847,.,21,22.1,19.5,2.6,1747,0,5753,133,1185,1988,500
79290,.,-0.072288,35.236418,.,21.4,22.6,19.9,2.7,1732,0,5911,110,1321,2012,519
79291,.,-0.067509,35.247776,.,21,22.2,19.5,2.6,1746,0,5761,131,1191,1989,501
79292,.,-0.068242,35.237296,.,21.4,22.6,19.9,2.7,1733,0,5896,112,1309,2009,517
79293,.,-0.067652,35.248529,.,21,22.1,19.5,2.6,1747,0,5751,133,1183,1987,500
79294,.,0.04742,35.193966,.,20.1,21.3,18.8,2.5,1772,0,5443,189,921,1961,483
79295,.,-0.071519,35.251748,.,20.9,22,19.4,2.6,1751,0,5713,139,1143,1983,496
79296,.,-0.071586,35.275469,.,20,21.1,18.7,2.4,1780,0,5415,196,893,1939,462
79297,.,-0.065082,35.256156,.,20.7,21.8,19.3,2.5,1756,0,5650,149,1085,1972,489
79298,.,0.063693,34.734695,.,20.6,21.7,19.3,2.4,2119,0,5618,155,1058,1933,406
79299,.,0.062002,34.723524,.,20.7,21.8,19.3,2.4,2111,0,5637,151,1074,1935,404
79300,.,0.065649,34.743365,.,20.6,21.7,19.3,2.4,2115,0,5614,155,1055,1931,406
79301,.,0.060993,34.717925,.,20.7,21.8,19.4,2.4,2100,0,5654,148,1087,1937,403
79302,.,0.057864,34.729468,.,20.7,21.8,19.3,2.4,2109,0,5637,151,1074,1936,406
79303,.,0.062225,34.723553,.,20.7,21.8,19.3,2.4,2112,0,5636,151,1073,1935,404
79304,.,0.065356,34.730735,.,20.6,21.7,19.3,2.4,2120,0,5626,153,1065,1935,406
79305,.,0.066023,34.726405,.,20.7,21.8,19.3,2.4,2117,0,5637,151,1073,1936,405
79306,.,0.05742,34.727831,.,20.7,21.8,19.3,2.4,2106,0,5642,150,1077,1936,406
79307,.,0.064346,34.734579,.,20.6,21.7,19.3,2.4,2119,0,5620,154,1060,1933,406
79308,.,0.057427,34.710703,.,20.8,21.8,19.4,2.4,2082,0,5675,144,1104,1938,403
79309,.,-0.031278,34.582098,.,21.5,22.6,20.2,2.4,1885,0,5947,104,1352,1956,456
79310,.,0.036008,34.596431,.,21.1,22.2,19.8,2.4,1994,0,5800,124,1224,1943,407
79311,.,0.030893,34.606388,.,21,22.1,19.7,2.4,1991,0,5765,130,1194,1939,408
79312,.,0.038017,34.610589,.,21.1,22.1,19.7,2.4,2002,0,5777,128,1204,1942,406
79313,.,0.049805,34.615359,.,21.1,22.2,19.8,2.4,2018,0,5802,124,1225,1948,402
79314,.,-0.029812,34.580779,.,21.5,22.6,20.2,2.4,1888,0,5940,105,1345,1955,454
79315,.,0.04761,34.616355,.,21.1,22.2,19.8,2.4,2015,0,5794,125,1218,1947,403
79316,.,0.048777,34.619946,.,21.1,22.2,19.8,2.4,2018,0,5792,126,1216,1947,402
79317,.,0.036977,34.609917,.,21.1,22.1,19.7,2.4,2000,0,5776,128,1203,1942,406
79318,.,0.04839,34.621316,.,21.1,22.2,19.8,2.4,2018,0,5788,126,1213,1946,402
79319,.,0.025578,34.609552,.,21,22,19.6,2.4,1986,0,5746,133,1168,1936,409
79320,.,0.0814,34.661643,.,21.1,22.2,19.8,2.4,2062,0,5793,125,1217,1952,399
79321,.,0.094603,34.614124,.,21.3,22.4,19.9,2.5,2047,0,5859,116,1274,1959,401
79322,.,0.094205,34.61522,.,21.3,22.4,19.9,2.5,2047,0,5858,116,1273,1959,400
79323,.,0.094899,34.614032,.,21.3,22.4,19.9,2.5,2047,0,5859,116,1275,1959,401
79324,.,0.09192,34.616266,.,21.3,22.4,19.9,2.5,2047,0,5855,117,1271,1958,400
79325,.,0.091551,34.616006,.,21.3,22.4,19.9,2.5,2046,0,5855,117,1271,1958,400
79326,.,0.092162,34.613398,.,21.3,22.4,19.9,2.5,2045,0,5858,116,1274,1959,401
79327,.,0.11638,34.63152,.,21.3,22.5,20,2.5,2064,0,5873,114,1287,1965,407
79328,.,0.09142,34.611287,.,21.3,22.4,19.9,2.5,2043,0,5860,116,1275,1959,401
79329,.,0.10995,34.649877,.,21.3,22.4,19.9,2.5,2078,0,5845,118,1262,1961,403
79330,.,0.093638,34.614573,.,21.3,22.4,19.9,2.5,2046,0,5858,116,1273,1959,401
79331,.,0.088504,34.610894,.,21.3,22.4,19.9,2.5,2042,0,5859,116,1274,1958,401
79332,.,0.112741,34.622684,.,21.3,22.4,20,2.5,2057,0,5873,114,1287,1964,405
79333,.,0.104524,34.626809,.,21.3,22.4,19.9,2.4,2061,0,5855,117,1271,1960,400
79334,.,0.088235,34.623478,.,21.2,22.3,19.9,2.4,2049,0,5845,118,1262,1957,400
79335,.,0.088642,34.622561,.,21.3,22.3,19.9,2.4,2049,0,5846,118,1263,1957,400
79336,.,0.088393,34.623566,.,21.2,22.3,19.9,2.4,2049,0,5845,118,1262,1957,400
79337,.,0.028072,34.562923,.,21.3,22.5,20,2.5,1974,0,5878,114,1291,1948,410
79338,.,0.069058,34.774579,.,20.5,21.6,19.2,2.4,2103,0,5591,160,1036,1925,408
79339,.,0.073077,34.80826,.,20.5,21.6,19.2,2.5,2096,0,5576,162,1025,1927,412
79340,.,0.077595,34.801317,.,20.5,21.6,19.2,2.4,2101,0,5582,161,1029,1928,410
79341,.,0.077961,34.800906,.,20.5,21.6,19.2,2.4,2101,0,5582,161,1030,1928,410
79342,.,0.073669,34.812743,.,20.5,21.6,19.2,2.5,2095,0,5572,163,1022,1927,412
79343,.,0.02964,34.772287,.,21.1,22.3,19.8,2.5,2032,0,5808,124,1231,1961,434
79344,.,0.063724,34.774709,.,20.5,21.6,19.2,2.4,2101,0,5582,161,1029,1923,409
79345,.,0.060504,34.784488,.,20.5,21.7,19.2,2.4,2093,0,5591,160,1037,1925,412
79346,.,0.052912,34.78396,.,20.7,21.8,19.3,2.5,2078,0,5639,151,1076,1933,417
79347,.,0.053802,34.787333,.,20.7,21.8,19.3,2.5,2078,0,5632,152,1069,1932,417
79348,.,0.068908,34.774663,.,20.5,21.6,19.2,2.4,2103,0,5590,160,1036,1925,408
79349,.,0.02588,34.728338,.,21,22.1,19.7,2.4,2023,0,5752,132,1182,1947,413
79350,.,0.074186,34.812022,.,20.5,21.6,19.2,2.5,2096,0,5573,163,1023,1927,412
79351,.,0.059002,34.771458,.,20.6,21.7,19.2,2.4,2095,0,5605,157,1048,1926,411
79352,.,0.069368,34.774613,.,20.5,21.6,19.2,2.4,2103,0,5591,160,1037,1925,408
79353,.,0.059819,34.767872,.,20.6,21.7,19.2,2.4,2098,0,5601,158,1045,1926,410
79354,.,0.078863,34.80146,.,20.5,21.6,19.2,2.4,2102,0,5582,161,1030,1928,410
79355,.,0.070318,34.794864,.,20.5,21.6,19.2,2.4,2098,0,5582,161,1030,1926,411
79356,.,0.075604,34.792638,.,20.5,21.6,19.2,2.4,2102,0,5588,160,1034,1928,409
79357,.,0.061375,34.784588,.,20.5,21.6,19.2,2.4,2095,0,5586,161,1032,1924,412
79358,.,0.029133,34.773567,.,21.2,22.3,19.8,2.5,2031,0,5810,124,1232,1961,434
79359,.,0.050299,34.74197,.,20.7,21.8,19.4,2.4,2085,0,5665,146,1096,1938,411
79360,.,0.054541,34.772205,.,20.7,21.8,19.3,2.5,2085,0,5636,152,1072,1931,415
79361,.,0.069525,34.794719,.,20.5,21.6,19.2,2.4,2097,0,5582,161,1030,1926,411
79362,.,0.077883,34.794708,.,20.5,21.7,19.2,2.4,2103,0,5588,160,1034,1928,409
79363,.,0.043103,34.729816,.,20.8,21.9,19.5,2.4,2069,0,5692,142,1118,1941,410
79364,.,-0.02072,34.743174,.,21.6,22.8,20.2,2.6,1908,0,5978,101,1380,1976,461
79365,.,0.052065,34.758659,.,20.7,21.8,19.4,2.4,2084,0,5655,148,1088,1935,414
79366,.,-0.02072,34.743174,.,21.6,22.8,20.2,2.6,1908,0,5978,101,1380,1976,461
79367,.,0.051172,34.756571,.,20.7,21.8,19.4,2.4,2083,0,5661,147,1092,1936,414
79368,.,0.050209,34.742138,.,20.7,21.8,19.4,2.4,2085,0,5666,146,1097,1938,411
79369,.,0.054636,34.735983,.,20.7,21.8,19.4,2.4,2098,0,5647,149,1082,1936,408
79370,.,0.042824,34.729701,.,20.8,21.9,19.5,2.4,2068,0,5693,142,1118,1941,410
79371,.,-0.02072,34.743174,.,21.6,22.8,20.2,2.6,1908,0,5978,101,1380,1976,461
79372,.,0.050209,34.742138,.,20.7,21.8,19.4,2.4,2085,0,5666,146,1097,1938,411
79373,.,0.049341,34.74024,.,20.8,21.8,19.4,2.4,2083,0,5670,146,1100,1939,411
79374,.,0.050209,34.742138,.,20.7,21.8,19.4,2.4,2085,0,5666,146,1097,1938,411
79375,.,0.050209,34.742138,.,20.7,21.8,19.4,2.4,2085,0,5666,146,1097,1938,411
79376,.,0.039742,34.735477,.,20.9,22,19.5,2.4,2059,0,5709,139,1132,1943,413
79377,.,0.009724,34.703875,.,21,22.1,19.7,2.4,1991,0,5759,131,1189,1944,418
79378,.,0.002915,34.705271,.,21.1,22.2,19.8,2.5,1971,0,5805,124,1229,1951,424
79379,.,0.01059,34.70397,.,21,22.1,19.6,2.4,1993,0,5754,132,1184,1944,417
79380,.,-0.013749,34.686519,.,21.5,22.6,20.1,2.6,1910,0,5937,106,1343,1970,447
79381,.,-0.013048,34.686219,.,21.5,22.6,20.1,2.6,1913,0,5930,107,1337,1969,445
79382,.,0.025839,34.735251,.,21,22.1,19.7,2.5,2023,0,5766,130,1195,1950,417
79383,.,0.020522,34.763367,.,21.3,22.4,19.9,2.5,2012,0,5857,117,1273,1968,436
79384,.,0.022662,34.762288,.,21.2,22.3,19.9,2.5,2017,0,5841,119,1259,1965,434
79385,.,0.022489,34.738202,.,21.1,22.2,19.7,2.5,2014,0,5787,127,1213,1953,419
79386,.,0.022418,34.738392,.,21.1,22.2,19.7,2.5,2014,0,5788,127,1213,1953,420
79387,.,0.025273,34.759364,.,21.2,22.3,19.8,2.5,2023,0,5818,122,1240,1961,431
79388,.,0.023471,34.759248,.,21.2,22.3,19.8,2.5,2019,0,5829,121,1249,1963,432
79389,.,0.02278,34.760948,.,21.2,22.3,19.8,2.5,2017,0,5837,120,1256,1964,433
79390,.,0.075322,34.702879,.,20.9,22,19.5,2.4,2085,0,5716,138,1137,1943,402
79391,.,0.074746,34.702199,.,20.9,22,19.5,2.4,2084,0,5716,137,1138,1943,402
79392,.,0.075531,34.687034,.,21,22,19.6,2.4,2067,0,5753,131,1175,1947,400
79393,.,0.07473,34.702153,.,20.9,22,19.5,2.4,2084,0,5716,137,1138,1943,402
79394,.,0.080778,34.690523,.,21,22.1,19.6,2.4,2076,0,5754,131,1176,1948,402
79395,.,0.079991,34.69179,.,21,22,19.6,2.4,2077,0,5750,132,1172,1947,402
79396,.,0.076607,34.705569,.,20.9,22,19.5,2.4,2089,0,5712,138,1134,1943,403
79397,.,0.080562,34.690683,.,21,22.1,19.6,2.4,2076,0,5753,131,1175,1948,402
79398,.,0.073354,34.682012,.,21,22.1,19.6,2.4,2062,0,5757,131,1178,1947,399
79399,.,0.076287,34.705405,.,20.9,22,19.5,2.4,2089,0,5712,138,1134,1943,403
79400,.,0.020475,34.648377,.,20.8,21.8,19.5,2.4,2007,0,5669,145,1099,1929,405
79401,.,0.014762,34.641649,.,20.9,21.9,19.6,2.4,1987,0,5710,138,1132,1933,409
79402,.,0.02638,34.662272,.,20.8,21.8,19.5,2.4,2020,0,5669,145,1099,1930,404
79403,.,0.022864,34.650971,.,20.8,21.8,19.5,2.4,2011,0,5670,145,1100,1929,405
79404,.,0.013294,34.660469,.,20.9,21.9,19.5,2.4,1993,0,5707,139,1130,1934,411
79405,.,0.01976,34.659991,.,20.7,21.8,19.4,2.4,2012,0,5663,146,1094,1929,406
79406,.,0.024823,34.650819,.,20.8,21.9,19.5,2.4,2012,0,5676,144,1104,1931,404
79407,.,0.024813,34.650787,.,20.8,21.9,19.5,2.4,2012,0,5676,144,1104,1931,404
79408,.,0.020847,34.648776,.,20.7,21.8,19.5,2.4,2008,0,5666,145,1097,1929,405
79409,.,0.276882,34.729352,.,21.5,22.9,20.3,2.6,2228,0,5924,108,1333,2013,415
79410,.,0.276882,34.729352,.,21.5,22.9,20.3,2.6,2228,0,5924,108,1333,2013,415
79411,.,0.685878,34.681392,.,21.6,22.9,20.6,2.3,1896,0,5971,102,1372,2068,621
79412,.,0.684462,34.681079,.,21.6,22.9,20.6,2.3,1898,0,5973,101,1374,2068,620
79413,.,0.68042,34.671511,.,21.6,22.9,20.6,2.3,1910,0,5968,102,1369,2066,612
79414,.,0.71666,34.667087,.,21.4,22.8,20.4,2.3,1888,0,5911,109,1320,2068,639
79415,.,0.680364,34.689467,.,21.6,23,20.6,2.3,1900,0,5980,101,1380,2069,620
79416,.,0.679143,34.674452,.,21.6,22.9,20.6,2.3,1910,0,5973,101,1374,2066,612
79417,.,0.661546,34.673247,.,21.7,23,20.6,2.4,1934,0,5995,99,1393,2065,597
79418,.,0.683818,34.676761,.,21.6,22.9,20.6,2.3,1902,0,5969,102,1370,2067,617
79419,.,0.680349,34.689492,.,21.6,23,20.6,2.3,1900,0,5980,101,1380,2069,620
79420,.,0.667567,34.672298,.,21.6,23,20.6,2.4,1926,0,5986,100,1385,2065,601
79421,.,0.680466,34.689586,.,21.6,23,20.6,2.3,1899,0,5980,101,1380,2069,620
79422,.,0.765324,34.730253,.,20.6,22,19.8,2.2,1862,0,5625,154,1065,2045,669
79423,.,0.765237,34.730074,.,20.6,22,19.8,2.2,1862,0,5625,154,1065,2045,669
79424,.,0.730664,34.671974,.,21.4,22.7,20.4,2.3,1877,0,5882,113,1295,2069,652
79425,.,0.740108,34.667961,.,21.3,22.6,20.3,2.3,1881,0,5848,118,1265,2063,651
79426,.,0.731029,34.671581,.,21.3,22.7,20.4,2.3,1878,0,5881,113,1294,2068,652
79427,.,0.73199,34.671546,.,21.3,22.7,20.4,2.3,1878,0,5877,114,1290,2068,652
79428,.,0.74399,34.662889,.,21.2,22.6,20.3,2.3,1884,0,5839,119,1258,2061,649
79429,.,0.751548,34.671674,.,21.1,22.4,20.2,2.2,1879,0,5795,125,1220,2057,653
79430,.,0.757279,34.67125,.,21,22.4,20.1,2.2,1879,0,5772,129,1200,2054,653
79431,.,0.736275,34.66925,.,21.3,22.6,20.3,2.3,1880,0,5862,116,1277,2065,651
79432,.,0.751235,34.657201,.,21.2,22.5,20.2,2.3,1887,0,5821,122,1242,2057,647
79433,.,0.563716,34.557898,.,22,23.4,20.9,2.5,1973,0,6128,84,1519,2037,506
79434,.,0.744194,34.66408,.,21.2,22.6,20.3,2.3,1883,0,5837,119,1256,2061,649
79435,.,0.73311,34.669331,.,21.3,22.7,20.4,2.3,1880,0,5875,114,1288,2067,651
79436,.,0.784629,34.76829,.,20.6,21.9,19.7,2.2,1848,0,5602,158,1047,2042,683
79437,.,0.797835,34.784189,.,20.5,21.9,19.7,2.2,1843,0,5592,160,1039,2038,687
79438,.,0.802228,34.783358,.,20.5,21.9,19.7,2.2,1844,0,5587,161,1035,2037,687
79439,.,0.789427,34.7943,.,20.6,21.9,19.7,2.2,1837,0,5605,158,1049,2040,691
79440,.,0.790723,34.776723,.,20.6,21.9,19.7,2.2,1846,0,5597,159,1043,2040,685
79441,.,0.796451,34.78231,.,20.5,21.9,19.7,2.2,1844,0,5593,160,1039,2039,687
79442,.,0.797835,34.785621,.,20.5,21.9,19.7,2.2,1842,0,5593,160,1039,2038,688
79443,.,0.802115,34.781388,.,20.5,21.9,19.7,2.2,1845,0,5586,161,1034,2037,686
79444,.,0.796294,34.782226,.,20.5,21.9,19.7,2.2,1844,0,5593,160,1040,2039,687
79445,.,0.757434,34.814919,.,20.7,22.1,19.8,2.3,1836,0,5653,149,1088,2049,688
79446,.,0.790278,34.776941,.,20.6,21.9,19.7,2.2,1845,0,5598,159,1043,2041,685
79447,.,0.787679,34.795586,.,20.6,21.9,19.7,2.2,1836,0,5607,157,1051,2040,692
79448,.,0.800129,34.782841,.,20.5,21.9,19.7,2.2,1844,0,5589,161,1036,2038,687
79449,.,0.800124,34.782814,.,20.5,21.9,19.7,2.2,1844,0,5589,161,1036,2038,687
79450,.,0.790751,34.776711,.,20.6,21.9,19.7,2.2,1846,0,5597,159,1043,2040,685
79451,.,0.797124,34.779937,.,20.5,21.9,19.7,2.2,1845,0,5591,160,1038,2039,686
79452,.,0.796847,34.798591,.,20.6,21.9,19.7,2.2,1835,0,5600,159,1045,2037,693
79453,.,0.796667,34.780527,.,20.5,21.9,19.7,2.2,1845,0,5592,160,1039,2039,686
79454,.,0.662391,34.727173,.,21.5,22.9,20.5,2.4,1930,0,5943,105,1348,2060,609
79455,.,0.64254,34.745592,.,21.4,22.8,20.3,2.5,1961,0,5906,110,1316,2051,589
79456,.,0.664045,34.723827,.,21.5,22.9,20.5,2.4,1928,0,5944,105,1349,2060,609
79457,.,0.6621,34.727135,.,21.5,22.9,20.5,2.4,1931,0,5944,105,1349,2060,609
79458,.,0.64254,34.745592,.,21.4,22.8,20.3,2.5,1961,0,5906,110,1316,2051,589
79459,.,0.657935,34.716645,.,21.6,23,20.6,2.4,1935,0,5973,102,1374,2063,605
79460,.,0.673566,34.716052,.,21.5,22.8,20.5,2.4,1914,0,5933,106,1339,2060,615
79461,.,0.6528,34.731345,.,21.6,22.9,20.5,2.4,1943,0,5959,103,1362,2061,603
79462,.,0.655668,34.717281,.,21.6,23,20.6,2.4,1939,0,5978,101,1378,2064,604
79463,.,0.667783,34.727244,.,21.5,22.8,20.4,2.4,1923,0,5927,107,1334,2058,611
79464,.,0.657859,34.718084,.,21.6,22.9,20.6,2.4,1936,0,5971,102,1372,2063,605
79465,.,0.665849,34.726517,.,21.5,22.9,20.5,2.4,1926,0,5934,106,1340,2059,610
79466,.,0.673473,34.723406,.,21.5,22.8,20.4,2.4,1915,0,5918,108,1326,2057,614
79467,.,0.659408,34.716449,.,21.6,22.9,20.6,2.4,1933,0,5969,102,1371,2063,606
79468,.,0.609523,34.753189,.,21.5,22.9,20.4,2.5,2030,0,5942,106,1347,2053,575
79469,.,0.66597,34.727996,.,21.5,22.8,20.5,2.4,1926,0,5931,107,1337,2058,611
79470,.,0.656809,34.716827,.,21.6,23,20.6,2.4,1937,0,5975,101,1376,2063,605
79471,.,0.671256,34.727223,.,21.4,22.8,20.4,2.4,1919,0,5917,109,1325,2057,613
79472,.,0.654507,34.734507,.,21.5,22.9,20.4,2.4,1941,0,5937,106,1343,2058,602
79473,.,0.65913,34.729931,.,21.5,22.9,20.5,2.4,1935,0,5947,105,1351,2060,607
79474,.,0.65247,34.734338,.,21.5,22.9,20.5,2.4,1944,0,5944,105,1349,2059,601
79475,.,0.623227,34.748355,.,21.5,22.9,20.4,2.5,2000,0,5930,107,1337,2053,581
79476,.,0.661874,34.722795,.,21.5,22.9,20.5,2.4,1931,0,5952,104,1356,2061,608
79477,.,0.749607,34.731562,.,20.8,22.1,19.9,2.2,1860,0,5671,146,1101,2046,663
79478,.,0.749668,34.731762,.,20.8,22.1,19.9,2.2,1860,0,5670,146,1101,2046,663
79479,.,0.750806,34.733895,.,20.7,22.1,19.9,2.2,1860,0,5665,147,1097,2046,664
79480,.,0.750644,34.730178,.,20.8,22.1,19.9,2.2,1861,0,5668,146,1100,2046,663
79481,.,0.749249,34.731676,.,20.8,22.1,19.9,2.2,1860,0,5671,146,1102,2046,663
79482,.,0.750756,34.734506,.,20.7,22.1,19.9,2.2,1860,0,5665,147,1097,2046,665
79483,.,0.749706,34.730337,.,20.8,22.1,19.9,2.2,1861,0,5671,146,1102,2046,663
79484,.,0.750753,34.73449,.,20.7,22.1,19.9,2.2,1860,0,5665,147,1097,2046,665
79485,.,0.738317,34.733895,.,20.8,22.2,20,2.2,1860,0,5701,141,1126,2047,659
79486,.,0.73825,34.733896,.,20.8,22.2,20,2.2,1860,0,5701,141,1126,2047,659
79487,.,0.734006,34.727802,.,20.9,22.3,20,2.2,1860,0,5725,137,1154,2048,656
79488,.,0.731175,34.723984,.,21,22.3,20.1,2.2,1861,0,5746,133,1178,2050,655
79489,.,0.745582,34.72162,.,20.9,22.2,20,2.2,1862,0,5705,140,1129,2049,661
79490,.,0.738568,34.723029,.,20.9,22.3,20,2.2,1861,0,5724,137,1145,2050,658
79491,.,0.730701,34.726259,.,21,22.3,20.1,2.2,1860,0,5740,134,1173,2049,654
79492,.,0.745502,34.722667,.,20.8,22.2,20,2.2,1862,0,5702,140,1127,2049,661
79493,.,0.73941,34.721524,.,20.9,22.3,20.1,2.2,1862,0,5726,136,1146,2050,658
79494,.,0.692194,34.746561,.,21.1,22.5,20.1,2.4,1898,0,5791,126,1217,2046,623
79495,.,0.68202,34.782383,.,20.9,22.4,19.9,2.4,1921,0,5732,136,1161,2041,615
79496,.,0.64998,34.74622,.,21.4,22.8,20.3,2.4,1949,0,5887,113,1300,2050,594
79497,.,0.562165,34.72655,.,21.7,23.1,20.6,2.5,2046,0,6021,97,1417,2066,551
79498,.,0.623227,34.748355,.,21.5,22.9,20.4,2.5,2000,0,5930,107,1337,2053,581
79499,.,0.623227,34.748355,.,21.5,22.9,20.4,2.5,2000,0,5930,107,1337,2053,581
79500,.,0.644222,34.730217,.,21.6,23,20.6,2.4,1955,0,5987,100,1386,2064,599
79501,.,0.645273,34.730089,.,21.6,23,20.6,2.4,1953,0,5987,100,1386,2064,599
79502,.,0.616731,34.735576,.,21.7,23.1,20.5,2.5,2005,0,5989,100,1388,2061,583
79503,.,0.653091,34.748943,.,21.3,22.7,20.3,2.4,1946,0,5866,116,1281,2047,594
79504,.,0.623227,34.748355,.,21.5,22.9,20.4,2.5,2000,0,5930,107,1337,2053,581
79505,.,0.507763,34.676717,.,21.9,23.3,20.7,2.6,2027,0,6089,89,1485,2055,507
79506,.,0.52078,34.709066,.,21.9,23.3,20.7,2.6,2038,0,6074,91,1464,2062,520
79507,.,0.593014,34.775978,.,21.5,22.9,20.4,2.5,2055,0,5934,107,1341,2052,567
79508,.,0.507196,34.67652,.,21.9,23.3,20.7,2.6,2027,0,6090,89,1486,2055,507
79509,.,0.52153,34.708196,.,21.9,23.3,20.7,2.6,2038,0,6074,91,1464,2062,521
79510,.,0.522757,34.676581,.,21.9,23.2,20.7,2.5,2032,0,6073,91,1463,2052,511
79511,.,0.554968,34.671653,.,21.8,23.2,20.6,2.6,2028,0,6051,93,1442,2054,529
79512,.,0.526502,34.677196,.,21.9,23.2,20.7,2.5,2032,0,6071,91,1461,2053,514
79513,.,0.518197,34.70625,.,21.9,23.3,20.7,2.6,2039,0,6075,90,1465,2061,518
79514,.,0.745556,34.771145,.,20.7,22.1,19.8,2.2,1852,0,5645,151,1081,2047,671
79515,.,0.756101,34.770109,.,20.7,22,19.8,2.2,1848,0,5635,152,1073,2046,677
79516,.,0.731019,34.753211,.,20.8,22.2,19.9,2.3,1859,0,5689,143,1117,2048,659
79517,.,0.753654,34.751605,.,20.7,22.1,19.9,2.2,1856,0,5647,150,1083,2046,671
79518,.,0.756101,34.770109,.,20.7,22,19.8,2.2,1848,0,5635,152,1073,2046,677
79519,.,0.73902,34.762513,.,20.7,22.1,19.9,2.3,1856,0,5662,147,1095,2047,666
79520,.,0.756101,34.770109,.,20.7,22,19.8,2.2,1848,0,5635,152,1073,2046,677
79521,.,0.734302,34.754429,.,20.8,22.2,19.9,2.3,1859,0,5681,144,1110,2048,661
79522,.,0.760022,34.770109,.,20.6,22,19.8,2.2,1847,0,5631,153,1070,2046,679
79523,.,0.748704,34.750242,.,20.7,22.1,19.9,2.2,1857,0,5658,148,1092,2047,668
79524,.,0.671074,34.679356,.,21.7,23,20.6,2.4,1918,0,5989,100,1388,2067,608
79525,.,0.671074,34.679356,.,21.7,23,20.6,2.4,1918,0,5989,100,1388,2067,608
79526,.,0.751775,34.793974,.,20.7,22.1,19.9,2.2,1844,0,5655,149,1089,2049,680
79527,.,0.751775,34.793974,.,20.7,22.1,19.9,2.2,1844,0,5655,149,1089,2049,680
79528,.,0.57956,34.553033,.,22,23.3,20.9,2.4,1969,0,6119,85,1510,2036,510
79529,.,0.675201,34.788825,.,21,22.4,19.9,2.5,1932,0,5743,134,1170,2042,611
79530,.,0.660764,34.776888,.,21,22.4,20,2.5,1941,0,5750,133,1176,2035,592
79531,.,0.618909,34.676701,.,21.8,23.2,20.7,2.5,1981,0,6043,93,1436,2066,573
79532,.,0.654276,34.792276,.,21,22.5,20,2.5,1955,0,5769,130,1198,2038,593
79533,.,0.662241,34.77627,.,21,22.4,20,2.5,1939,0,5748,133,1174,2035,594
79534,.,0.64298,34.78427,.,21.1,22.5,20,2.5,1967,0,5780,128,1208,2035,582
79535,.,0.674812,34.784153,.,21,22.4,19.9,2.5,1930,0,5741,135,1168,2040,609
79536,.,0.675236,34.788718,.,21,22.4,19.9,2.5,1932,0,5743,134,1170,2042,611
79537,.,0.656885,34.765749,.,21.1,22.5,20,2.5,1942,0,5774,129,1203,2036,589
79538,.,0.647657,34.781957,.,21,22.5,20,2.5,1958,0,5768,130,1197,2034,584
79539,.,0.666584,34.768212,.,21,22.4,20,2.4,1931,0,5751,133,1183,2035,597
79540,.,0.674924,34.784054,.,21,22.4,19.9,2.5,1930,0,5740,135,1168,2040,609
79541,.,0.678841,34.786567,.,20.9,22.4,19.9,2.5,1927,0,5738,135,1166,2042,614
79542,.,0.579691,34.552973,.,22,23.3,20.9,2.4,1969,0,6119,85,1509,2036,510
79543,.,0.678122,34.786377,.,20.9,22.4,19.9,2.5,1928,0,5739,135,1166,2042,613
79544,.,0.677036,34.785324,.,21,22.4,19.9,2.5,1928,0,5739,135,1167,2041,611
79545,.,0.676998,34.78639,.,21,22.4,19.9,2.5,1929,0,5740,135,1167,2042,612
79546,.,0.674469,34.784001,.,21,22.4,19.9,2.5,1930,0,5741,135,1168,2040,608
79547,.,0.568994,34.729444,.,21.7,23.1,20.6,2.5,2043,0,6018,97,1415,2066,555
79548,.,0.562848,34.754962,.,21.8,23.1,20.6,2.6,2058,0,6023,97,1420,2067,556
79549,.,0.569133,34.729395,.,21.7,23.1,20.6,2.5,2043,0,6018,97,1415,2066,556
79550,.,0.570317,34.73713,.,21.7,23.1,20.6,2.5,2046,0,6016,97,1413,2065,557
79551,.,0.541043,34.748943,.,21.8,23.2,20.6,2.6,2051,0,6029,96,1425,2064,539
79552,.,0.571013,34.736668,.,21.7,23.1,20.6,2.5,2046,0,6016,97,1413,2065,557
79553,.,0.541265,34.751467,.,21.8,23.2,20.6,2.6,2052,0,6027,96,1423,2064,539
79554,.,0.568327,34.729744,.,21.7,23.1,20.6,2.5,2044,0,6018,97,1415,2066,555
79555,.,0.541669,34.751567,.,21.8,23.2,20.6,2.6,2052,0,6027,96,1423,2064,539
79556,.,0.563008,34.755137,.,21.7,23.1,20.6,2.6,2058,0,6023,97,1420,2067,556
79557,.,0.716057,34.74991,.,20.9,22.3,20,2.3,1874,0,5728,136,1157,2047,645
79558,.,0.711908,34.754916,.,20.9,22.3,20,2.3,1878,0,5725,137,1154,2046,642
79559,.,0.71438,34.752153,.,20.9,22.3,20,2.3,1876,0,5726,137,1155,2046,644
79560,.,0.707995,34.754571,.,20.9,22.3,20,2.3,1882,0,5733,136,1161,2045,638
79561,.,0.707892,34.754542,.,20.9,22.3,20,2.3,1883,0,5734,135,1162,2045,638
79562,.,0.71438,34.752153,.,20.9,22.3,20,2.3,1876,0,5726,137,1155,2046,644
79563,.,0.718727,34.74791,.,20.9,22.3,20,2.3,1871,0,5726,137,1155,2047,648
79564,.,0.711315,34.740764,.,21,22.4,20.1,2.3,1878,0,5761,131,1191,2048,640
79565,.,0.71119,34.741985,.,21,22.4,20.1,2.3,1878,0,5758,131,1189,2047,640
79566,.,0.707995,34.754571,.,20.9,22.3,20,2.3,1882,0,5733,136,1161,2045,638
79567,.,0.718611,34.742698,.,20.9,22.3,20,2.3,1871,0,5738,135,1165,2048,647
79568,.,0.520989,34.720638,.,21.9,23.3,20.7,2.6,2038,0,6070,91,1461,2064,523
79569,.,0.520169,34.714869,.,21.9,23.3,20.7,2.6,2038,0,6072,91,1462,2063,522
79570,.,0.650873,34.777032,.,21,22.5,20,2.5,1952,0,5760,131,1190,2033,584
79571,.,0.528456,34.710466,.,21.9,23.3,20.7,2.6,2038,0,6067,91,1458,2063,526
79572,.,0.522075,34.716219,.,21.9,23.3,20.7,2.6,2038,0,6071,91,1461,2063,523
79573,.,0.524337,34.725421,.,21.9,23.3,20.7,2.6,2039,0,6065,92,1456,2065,527
79574,.,0.524715,34.71859,.,21.9,23.3,20.7,2.6,2038,0,6067,91,1458,2064,525
79575,.,0.675578,34.746003,.,21.2,22.6,20.2,2.4,1917,0,5831,121,1251,2047,611
79576,.,0.694684,34.740556,.,21.1,22.5,20.2,2.3,1894,0,5804,124,1228,2047,626
79577,.,0.694474,34.739961,.,21.1,22.5,20.2,2.3,1894,0,5807,124,1230,2047,626
79578,.,0.676073,34.748851,.,21.2,22.6,20.2,2.4,1917,0,5818,122,1240,2046,611
79579,.,0.690842,34.732783,.,21.2,22.6,20.3,2.3,1896,0,5840,119,1258,2049,624
79580,.,0.693902,34.739294,.,21.2,22.5,20.2,2.3,1894,0,5810,123,1233,2048,626
79581,.,0.690427,34.733073,.,21.2,22.6,20.3,2.3,1896,0,5840,119,1259,2049,623
79582,.,0.701482,34.691987,.,21.5,22.8,20.5,2.3,1881,0,5927,107,1334,2068,637
79583,.,0.670674,34.752241,.,21.2,22.6,20.2,2.4,1925,0,5815,123,1237,2044,606
79584,.,0.686799,34.783314,.,20.9,22.4,19.9,2.4,1917,0,5727,137,1157,2043,620
79585,.,0.686853,34.783467,.,20.9,22.4,19.9,2.4,1917,0,5727,137,1157,2043,620
79586,.,0.689649,34.786948,.,20.9,22.4,19.9,2.4,1915,0,5727,137,1156,2045,625
79587,.,0.707326,34.803186,.,20.9,22.4,19.9,2.4,1893,0,5723,138,1153,2054,649
79588,.,0.713224,34.792335,.,20.9,22.3,19.9,2.4,1880,0,5706,140,1139,2051,651
79589,.,0.713043,34.792934,.,20.9,22.3,19.9,2.4,1881,0,5707,140,1140,2051,651
79590,.,0.73704,34.818152,.,20.8,22.2,19.9,2.3,1847,0,5692,143,1127,2055,677
79591,.,0.706067,34.811726,.,20.9,22.4,19.9,2.5,1898,0,5731,136,1160,2057,651
79592,.,0.718738,34.818908,.,20.9,22.3,19.9,2.4,1873,0,5716,139,1147,2056,663
79593,.,0.70961,34.815793,.,20.9,22.4,19.9,2.4,1891,0,5727,137,1157,2056,655
79594,.,0.720096,34.818944,.,20.9,22.3,19.9,2.4,1870,0,5715,139,1146,2056,665
79595,.,0.710139,34.815634,.,20.9,22.4,19.9,2.4,1890,0,5727,137,1156,2057,656
79596,.,0.706665,34.811033,.,20.9,22.4,19.9,2.4,1897,0,5730,136,1159,2057,652
79597,.,0.735215,34.81677,.,20.8,22.2,19.9,2.3,1848,0,5697,142,1132,2056,676
79598,.,0.719947,34.81887,.,20.9,22.3,19.9,2.4,1870,0,5715,139,1147,2056,665
79599,.,0.721292,34.813202,.,20.9,22.3,19.9,2.4,1867,0,5721,138,1152,2059,666
79600,.,0.707857,34.801707,.,20.9,22.3,19.9,2.4,1892,0,5721,138,1151,2054,649
79601,.,0.71022,34.815966,.,20.9,22.4,19.9,2.4,1890,0,5726,137,1156,2056,656
79602,.,0.722066,34.765136,.,20.8,22.2,19.9,2.3,1867,0,5683,144,1112,2047,653
79603,.,0.723467,34.802734,.,20.9,22.3,19.9,2.4,1863,0,5709,140,1142,2056,665
79604,.,0.562619,34.727073,.,21.7,23.1,20.6,2.5,2046,0,6020,97,1416,2066,551
79605,.,0.769242,34.741341,.,20.6,22,19.8,2.2,1858,0,5615,156,1057,2045,675
79606,.,0.769354,34.741306,.,20.6,22,19.8,2.2,1858,0,5615,156,1057,2045,675
94835,.,-7.885584,35.683488,.,19.7,21.4,17,4.5,777,0,5304,238,833,1906,1191
94836,.,-7.836488,35.747698,.,20.1,21.7,17.2,4.5,770,0,5416,210,912,1912,1196
94837,.,-7.977792,35.64317,.,19.3,21.1,16.6,4.4,809,0,5163,278,738,1894,1153
94838,.,-7.977792,35.64317,.,19.3,21.1,16.6,4.4,809,0,5163,278,738,1894,1153
94839,.,-8.061102,35.690533,.,19.1,20.6,16.5,4.1,854,0,5057,312,671,1882,1102
94840,.,-7.836488,35.747698,.,20.1,21.7,17.2,4.5,770,0,5416,210,912,1912,1196
94841,.,-7.836488,35.747698,.,20.1,21.7,17.2,4.5,770,0,5416,210,912,1912,1196
94842,.,-8.190669,35.756803,.,17.7,19.1,15.8,3.2,1123,0,4563,512,399,1804,874
94843,.,-8.061102,35.690533,.,19.1,20.6,16.5,4.1,854,0,5057,312,671,1882,1102
94844,.,-7.977792,35.64317,.,19.3,21.1,16.6,4.4,809,0,5163,278,738,1894,1153
94845,.,-7.867316,35.728932,.,20,21.6,17.1,4.4,769,0,5379,220,887,1916,1202
94846,.,-8.117395,35.669847,.,18.7,20.3,16.3,4,898,0,4941,352,599,1861,1045
94847,.,-8.117395,35.669847,.,18.7,20.3,16.3,4,898,0,4941,352,599,1861,1045
94848,.,-7.973689,35.791713,.,18.8,20.4,16.5,3.9,893,0,4982,334,620,1862,1047
94849,.,-7.973689,35.791713,.,18.8,20.4,16.5,3.9,893,0,4982,334,620,1862,1047
94850,.,-7.957083,35.597148,.,19.6,21.3,17,4.4,804,0,5240,255,788,1901,1164
94851,.,-7.957083,35.597148,.,19.6,21.3,17,4.4,804,0,5240,255,788,1901,1164
94852,.,-7.49404,36.11473,.,20,21.4,18,3.3,976,0,5402,205,892,1904,1021
94853,.,-7.986398,35.838212,.,18.3,19.8,16.3,3.5,990,0,4785,407,504,1823,952
94854,.,-7.56685,36.108497,.,20.7,22.1,18.3,3.7,913,0,5631,161,1083,1957,1099
94855,.,-7.56685,36.108497,.,20.7,22.1,18.3,3.7,913,0,5631,161,1083,1957,1099
94856,.,-7.986398,35.838212,.,18.3,19.8,16.3,3.5,990,0,4785,407,504,1823,952
94857,.,-8.078299,35.82748,.,18.3,19.8,16.3,3.4,1052,0,4786,407,505,1818,911
94858,.,-8.078299,35.82748,.,18.3,19.8,16.3,3.4,1052,0,4786,407,505,1818,911
94859,.,-7.957083,35.597148,.,19.6,21.3,17,4.4,804,0,5240,255,788,1901,1164
94860,.,-7.885584,35.683488,.,19.7,21.4,17,4.5,777,0,5304,238,833,1906,1191
94861,.,-7.723569,35.84571,.,20.8,22.5,18,4.5,730,0,5680,155,1126,1943,1249
94862,.,-7.502538,36.01797,.,20.4,22,18.2,3.8,803,0,5553,175,1007,1909,1164
94863,.,-7.977792,35.64317,.,19.3,21.1,16.6,4.4,809,0,5163,278,738,1894,1153
94864,.,-7.977792,35.64317,.,19.3,21.1,16.6,4.4,809,0,5163,278,738,1894,1153
94865,.,-7.885584,35.683488,.,19.7,21.4,17,4.5,777,0,5304,238,833,1906,1191
94866,.,-8.02113,35.592765,.,19.1,20.9,16.6,4.3,834,0,5085,303,688,1884,1123
94867,.,-7.502538,36.01797,.,20.4,22,18.2,3.8,803,0,5553,175,1007,1909,1164
94868,.,-7.502538,36.01797,.,20.4,22,18.2,3.8,803,0,5553,175,1007,1909,1164
94869,.,-8.02113,35.592765,.,19.1,20.9,16.6,4.3,834,0,5085,303,688,1884,1123
94870,.,-8.078299,35.82748,.,18.3,19.8,16.3,3.4,1052,0,4786,407,505,1818,911
94871,.,-7.836488,35.747698,.,20.1,21.7,17.2,4.5,770,0,5416,210,912,1912,1196
94872,.,-7.973689,35.791713,.,18.8,20.4,16.5,3.9,893,0,4982,334,620,1862,1047
94873,.,-7.977792,35.64317,.,19.3,21.1,16.6,4.4,809,0,5163,278,738,1894,1153
94874,.,-7.977792,35.64317,.,19.3,21.1,16.6,4.4,809,0,5163,278,738,1894,1153
94875,.,-7.49404,36.11473,.,20,21.4,18,3.3,976,0,5402,205,892,1904,1021
94876,.,-7.49404,36.11473,.,20,21.4,18,3.3,976,0,5402,205,892,1904,1021
94877,.,-7.973689,35.791713,.,18.8,20.4,16.5,3.9,893,0,4982,334,620,1862,1047
94878,.,-7.973689,35.791713,.,18.8,20.4,16.5,3.9,893,0,4982,334,620,1862,1047
94879,.,-8.078299,35.82748,.,18.3,19.8,16.3,3.4,1052,0,4786,407,505,1818,911
94880,.,-8.078299,35.82748,.,18.3,19.8,16.3,3.4,1052,0,4786,407,505,1818,911
94881,.,-7.723569,35.84571,.,20.8,22.5,18,4.5,730,0,5680,155,1126,1943,1249
94882,.,-7.56685,36.108497,.,20.7,22.1,18.3,3.7,913,0,5631,161,1083,1957,1099
94883,.,-7.977792,35.64317,.,19.3,21.1,16.6,4.4,809,0,5163,278,738,1894,1153
94884,.,-7.977792,35.64317,.,19.3,21.1,16.6,4.4,809,0,5163,278,738,1894,1153
94885,.,-7.973689,35.791713,.,18.8,20.4,16.5,3.9,893,0,4982,334,620,1862,1047
94886,.,-7.502538,36.01797,.,20.4,22,18.2,3.8,803,0,5553,175,1007,1909,1164
94887,.,-7.502538,36.01797,.,20.4,22,18.2,3.8,803,0,5553,175,1007,1909,1164
94888,.,-7.885584,35.683488,.,19.7,21.4,17,4.5,777,0,5304,238,833,1906,1191
94889,.,-7.821247,35.794958,.,20,21.7,17.3,4.3,804,0,5407,211,904,1912,1159
94890,.,-7.986398,35.838212,.,18.3,19.8,16.3,3.5,990,0,4785,407,504,1823,952
94891,.,-7.986398,35.838212,.,18.3,19.8,16.3,3.5,990,0,4785,407,504,1823,952
94892,.,-7.56685,36.108497,.,20.7,22.1,18.3,3.7,913,0,5631,161,1083,1957,1099
94893,.,-8.061102,35.690533,.,19.1,20.6,16.5,4.1,854,0,5057,312,671,1882,1102
94894,.,-8.061102,35.690533,.,19.1,20.6,16.5,4.1,854,0,5057,312,671,1882,1102
94895,.,-8.061102,35.690533,.,19.1,20.6,16.5,4.1,854,0,5057,312,671,1882,1102
94896,.,-7.885584,35.683488,.,19.7,21.4,17,4.5,777,0,5304,238,833,1906,1191
94897,.,-7.885584,35.683488,.,19.7,21.4,17,4.5,777,0,5304,238,833,1906,1191
94898,.,-7.986398,35.838212,.,18.3,19.8,16.3,3.5,990,0,4785,407,504,1823,952
94899,.,-8.02113,35.592765,.,19.1,20.9,16.6,4.3,834,0,5085,303,688,1884,1123
94900,.,-8.190669,35.756803,.,17.7,19.1,15.8,3.2,1123,0,4563,512,399,1804,874
94901,.,-8.190669,35.756803,.,17.7,19.1,15.8,3.2,1123,0,4563,512,399,1804,874
94902,.,-7.502538,36.01797,.,20.4,22,18.2,3.8,803,0,5553,175,1007,1909,1164
94903,.,-7.502538,36.01797,.,20.4,22,18.2,3.8,803,0,5553,175,1007,1909,1164
94904,.,-8.078299,35.82748,.,18.3,19.8,16.3,3.4,1052,0,4786,407,505,1818,911
94905,.,-8.183202,35.538921,.,18.5,20.1,16.3,3.9,921,0,4877,376,562,1867,1025
94906,.,-8.078299,35.82748,.,18.3,19.8,16.3,3.4,1052,0,4786,407,505,1818,911
94907,.,-8.183202,35.538921,.,18.5,20.1,16.3,3.9,921,0,4877,376,562,1867,1025
94908,.,-8.029015,35.674895,.,19,20.6,16.4,4.2,839,0,5031,320,654,1870,1104
94909,.,-7.723569,35.84571,.,20.8,22.5,18,4.5,730,0,5680,155,1126,1943,1249
94910,.,-8.190669,35.756803,.,17.7,19.1,15.8,3.2,1123,0,4563,512,399,1804,874
94911,.,-8.190669,35.756803,.,17.7,19.1,15.8,3.2,1123,0,4563,512,399,1804,874
94912,.,-7.836488,35.747698,.,20.1,21.7,17.2,4.5,770,0,5416,210,912,1912,1196
94913,.,-7.885584,35.683488,.,19.7,21.4,17,4.5,777,0,5304,238,833,1906,1191
94914,.,-8.078299,35.82748,.,18.3,19.8,16.3,3.4,1052,0,4786,407,505,1818,911
94915,.,-8.078299,35.82748,.,18.3,19.8,16.3,3.4,1052,0,4786,407,505,1818,911
94916,.,-8.078299,35.82748,.,18.3,19.8,16.3,3.4,1052,0,4786,407,505,1818,911
94917,.,-8.183202,35.538921,.,18.5,20.1,16.3,3.9,921,0,4877,376,562,1867,1025
94918,.,-8.183202,35.538921,.,18.5,20.1,16.3,3.9,921,0,4877,376,562,1867,1025
94919,.,-7.836488,35.747698,.,20.1,21.7,17.2,4.5,770,0,5416,210,912,1912,1196
94920,.,-8.117395,35.669847,.,18.7,20.3,16.3,4,898,0,4941,352,599,1861,1045
94921,.,-8.117395,35.669847,.,18.7,20.3,16.3,4,898,0,4941,352,599,1861,1045
94922,.,-7.885584,35.683488,.,19.7,21.4,17,4.5,777,0,5304,238,833,1906,1191
94923,.,-7.502538,36.01797,.,20.4,22,18.2,3.8,803,0,5553,175,1007,1909,1164
94924,.,-7.502538,36.01797,.,20.4,22,18.2,3.8,803,0,5553,175,1007,1909,1164
94925,.,-7.957083,35.597148,.,19.6,21.3,17,4.4,804,0,5240,255,788,1901,1164
94926,.,-7.957083,35.597148,.,19.6,21.3,17,4.4,804,0,5240,255,788,1901,1164
94927,.,-7.957083,35.597148,.,19.6,21.3,17,4.4,804,0,5240,255,788,1901,1164
94928,.,-7.867316,35.728932,.,20,21.6,17.1,4.4,769,0,5379,220,887,1916,1202
94929,.,-7.49404,36.11473,.,20,21.4,18,3.3,976,0,5402,205,892,1904,1021
94930,.,-7.986398,35.838212,.,18.3,19.8,16.3,3.5,990,0,4785,407,504,1823,952
94931,.,-8.029015,35.674895,.,19,20.6,16.4,4.2,839,0,5031,320,654,1870,1104
94932,.,-7.986398,35.838212,.,18.3,19.8,16.3,3.5,990,0,4785,407,504,1823,952
94933,.,-7.986398,35.838212,.,18.3,19.8,16.3,3.5,990,0,4785,407,504,1823,952
94934,.,-7.973689,35.791713,.,18.8,20.4,16.5,3.9,893,0,4982,334,620,1862,1047
94935,.,-7.973689,35.791713,.,18.8,20.4,16.5,3.9,893,0,4982,334,620,1862,1047
94936,.,-8.117395,35.669847,.,18.7,20.3,16.3,4,898,0,4941,352,599,1861,1045
94937,.,-8.117395,35.669847,.,18.7,20.3,16.3,4,898,0,4941,352,599,1861,1045
94938,.,-7.867316,35.728932,.,20,21.6,17.1,4.4,769,0,5379,220,887,1916,1202
94939,.,-7.723569,35.84571,.,20.8,22.5,18,4.5,730,0,5680,155,1126,1943,1249
94940,.,-7.723569,35.84571,.,20.8,22.5,18,4.5,730,0,5680,155,1126,1943,1249
94941,.,-7.723569,35.84571,.,20.8,22.5,18,4.5,730,0,5680,155,1126,1943,1249
94942,.,-7.49404,36.11473,.,20,21.4,18,3.3,976,0,5402,205,892,1904,1021
94943,.,-7.867316,35.728932,.,20,21.6,17.1,4.4,769,0,5379,220,887,1916,1202
94944,.,-7.502538,36.01797,.,20.4,22,18.2,3.8,803,0,5553,175,1007,1909,1164
94945,.,-7.502538,36.01797,.,20.4,22,18.2,3.8,803,0,5553,175,1007,1909,1164
94946,.,-8.183202,35.538921,.,18.5,20.1,16.3,3.9,921,0,4877,376,562,1867,1025
94947,.,-7.885584,35.683488,.,19.7,21.4,17,4.5,777,0,5304,238,833,1906,1191
94948,.,-8.02113,35.592765,.,19.1,20.9,16.6,4.3,834,0,5085,303,688,1884,1123
94949,.,-8.02113,35.592765,.,19.1,20.9,16.6,4.3,834,0,5085,303,688,1884,1123
94950,.,-7.836488,35.747698,.,20.1,21.7,17.2,4.5,770,0,5416,210,912,1912,1196
94951,.,-8.078299,35.82748,.,18.3,19.8,16.3,3.4,1052,0,4786,407,505,1818,911
94952,.,-7.723569,35.84571,.,20.8,22.5,18,4.5,730,0,5680,155,1126,1943,1249
94953,.,-7.723569,35.84571,.,20.8,22.5,18,4.5,730,0,5680,155,1126,1943,1249
94954,.,-8.02113,35.592765,.,19.1,20.9,16.6,4.3,834,0,5085,303,688,1884,1123
94955,.,-8.02113,35.592765,.,19.1,20.9,16.6,4.3,834,0,5085,303,688,1884,1123
94956,.,-7.502538,36.01797,.,20.4,22,18.2,3.8,803,0,5553,175,1007,1909,1164
94957,.,-7.502538,36.01797,.,20.4,22,18.2,3.8,803,0,5553,175,1007,1909,1164
94958,.,-7.502538,36.01797,.,20.4,22,18.2,3.8,803,0,5553,175,1007,1909,1164
94959,.,-7.885584,35.683488,.,19.7,21.4,17,4.5,777,0,5304,238,833,1906,1191
94960,.,-7.867316,35.728932,.,20,21.6,17.1,4.4,769,0,5379,220,887,1916,1202
94961,.,-8.02113,35.592765,.,19.1,20.9,16.6,4.3,834,0,5085,303,688,1884,1123
94962,.,-7.885584,35.683488,.,19.7,21.4,17,4.5,777,0,5304,238,833,1906,1191
94963,.,-8.02113,35.592765,.,19.1,20.9,16.6,4.3,834,0,5085,303,688,1884,1123
94964,.,-8.029015,35.674895,.,19,20.6,16.4,4.2,839,0,5031,320,654,1870,1104
94965,.,-8.078299,35.82748,.,18.3,19.8,16.3,3.4,1052,0,4786,407,505,1818,911
94966,.,-7.959004,35.740936,.,19.3,20.8,16.6,4.2,821,0,5130,288,716,1886,1132
94967,.,-7.49404,36.11473,.,20,21.4,18,3.3,976,0,5402,205,892,1904,1021
94968,.,-7.49404,36.11473,.,20,21.4,18,3.3,976,0,5402,205,892,1904,1021
94969,.,-7.977792,35.64317,.,19.3,21.1,16.6,4.4,809,0,5163,278,738,1894,1153
94970,.,-7.885584,35.683488,.,19.7,21.4,17,4.5,777,0,5304,238,833,1906,1191
94971,.,-7.867316,35.728932,.,20,21.6,17.1,4.4,769,0,5379,220,887,1916,1202
94972,.,-8.029015,35.674895,.,19,20.6,16.4,4.2,839,0,5031,320,654,1870,1104
94973,.,-7.986398,35.838212,.,18.3,19.8,16.3,3.5,990,0,4785,407,504,1823,952
94974,.,-7.986398,35.838212,.,18.3,19.8,16.3,3.5,990,0,4785,407,504,1823,952
94975,.,-7.56685,36.108497,.,20.7,22.1,18.3,3.7,913,0,5631,161,1083,1957,1099
94976,.,-8.02113,35.592765,.,19.1,20.9,16.6,4.3,834,0,5085,303,688,1884,1123
94977,.,-8.02113,35.592765,.,19.1,20.9,16.6,4.3,834,0,5085,303,688,1884,1123
94978,.,-7.723569,35.84571,.,20.8,22.5,18,4.5,730,0,5680,155,1126,1943,1249
94979,.,-8.183202,35.538921,.,18.5,20.1,16.3,3.9,921,0,4877,376,562,1867,1025
94980,.,-7.836488,35.747698,.,20.1,21.7,17.2,4.5,770,0,5416,210,912,1912,1196
94981,.,-7.836488,35.747698,.,20.1,21.7,17.2,4.5,770,0,5416,210,912,1912,1196
94982,.,-7.986398,35.838212,.,18.3,19.8,16.3,3.5,990,0,4785,407,504,1823,952
94983,.,-7.977792,35.64317,.,19.3,21.1,16.6,4.4,809,0,5163,278,738,1894,1153
94984,.,-7.977792,35.64317,.,19.3,21.1,16.6,4.4,809,0,5163,278,738,1894,1153
94985,.,-7.986398,35.838212,.,18.3,19.8,16.3,3.5,990,0,4785,407,504,1823,952
94986,.,-7.986398,35.838212,.,18.3,19.8,16.3,3.5,990,0,4785,407,504,1823,952
94987,.,-7.502538,36.01797,.,20.4,22,18.2,3.8,803,0,5553,175,1007,1909,1164
94988,.,-7.56685,36.108497,.,20.7,22.1,18.3,3.7,913,0,5631,161,1083,1957,1099
94989,.,-7.502538,36.01797,.,20.4,22,18.2,3.8,803,0,5553,175,1007,1909,1164
94990,.,-7.502538,36.01797,.,20.4,22,18.2,3.8,803,0,5553,175,1007,1909,1164
94991,.,-7.885584,35.683488,.,19.7,21.4,17,4.5,777,0,5304,238,833,1906,1191
94992,.,-8.078299,35.82748,.,18.3,19.8,16.3,3.4,1052,0,4786,407,505,1818,911
94993,.,-8.183202,35.538921,.,18.5,20.1,16.3,3.9,921,0,4877,376,562,1867,1025
94994,.,-8.117395,35.669847,.,18.7,20.3,16.3,4,898,0,4941,352,599,1861,1045
94995,.,-8.117395,35.669847,.,18.7,20.3,16.3,4,898,0,4941,352,599,1861,1045
94996,.,-7.723569,35.84571,.,20.8,22.5,18,4.5,730,0,5680,155,1126,1943,1249
94997,.,-7.723569,35.84571,.,20.8,22.5,18,4.5,730,0,5680,155,1126,1943,1249
94998,.,-7.885584,35.683488,.,19.7,21.4,17,4.5,777,0,5304,238,833,1906,1191
94999,.,-7.836488,35.747698,.,20.1,21.7,17.2,4.5,770,0,5416,210,912,1912,1196
95000,.,-7.836488,35.747698,.,20.1,21.7,17.2,4.5,770,0,5416,210,912,1912,1196
95001,.,-8.117395,35.669847,.,18.7,20.3,16.3,4,898,0,4941,352,599,1861,1045
95002,.,-8.117395,35.669847,.,18.7,20.3,16.3,4,898,0,4941,352,599,1861,1045
95003,.,-7.502538,36.01797,.,20.4,22,18.2,3.8,803,0,5553,175,1007,1909,1164
95004,.,-7.502538,36.01797,.,20.4,22,18.2,3.8,803,0,5553,175,1007,1909,1164
95005,.,-7.502538,36.01797,.,20.4,22,18.2,3.8,803,0,5553,175,1007,1909,1164
95006,.,-7.502538,36.01797,.,20.4,22,18.2,3.8,803,0,5553,175,1007,1909,1164
95007,.,-7.502538,36.01797,.,20.4,22,18.2,3.8,803,0,5553,175,1007,1909,1164
95008,.,-7.502538,36.01797,.,20.4,22,18.2,3.8,803,0,5553,175,1007,1909,1164
95009,.,-7.502538,36.01797,.,20.4,22,18.2,3.8,803,0,5553,175,1007,1909,1164
95010,.,-7.502538,36.01797,.,20.4,22,18.2,3.8,803,0,5553,175,1007,1909,1164
95011,.,-7.502538,36.01797,.,20.4,22,18.2,3.8,803,0,5553,175,1007,1909,1164
95012,.,-7.502538,36.01797,.,20.4,22,18.2,3.8,803,0,5553,175,1007,1909,1164
95013,.,-7.502538,36.01797,.,20.4,22,18.2,3.8,803,0,5553,175,1007,1909,1164
95014,.,-7.502538,36.01797,.,20.4,22,18.2,3.8,803,0,5553,175,1007,1909,1164
95015,.,-7.502538,36.01797,.,20.4,22,18.2,3.8,803,0,5553,175,1007,1909,1164
95016,.,-7.502538,36.01797,.,20.4,22,18.2,3.8,803,0,5553,175,1007,1909,1164
95017,.,-7.502538,36.01797,.,20.4,22,18.2,3.8,803,0,5553,175,1007,1909,1164
95018,.,-7.502538,36.01797,.,20.4,22,18.2,3.8,803,0,5553,175,1007,1909,1164
95019,.,-7.502538,36.01797,.,20.4,22,18.2,3.8,803,0,5553,175,1007,1909,1164
95020,.,-7.502538,36.01797,.,20.4,22,18.2,3.8,803,0,5553,175,1007,1909,1164
95021,.,-7.502538,36.01797,.,20.4,22,18.2,3.8,803,0,5553,175,1007,1909,1164
95022,.,-7.502538,36.01797,.,20.4,22,18.2,3.8,803,0,5553,175,1007,1909,1164
95023,.,-7.502538,36.01797,.,20.4,22,18.2,3.8,803,0,5553,175,1007,1909,1164
95024,.,-7.502538,36.01797,.,20.4,22,18.2,3.8,803,0,5553,175,1007,1909,1164
95025,.,-7.502538,36.01797,.,20.4,22,18.2,3.8,803,0,5553,175,1007,1909,1164
95026,.,-7.502538,36.01797,.,20.4,22,18.2,3.8,803,0,5553,175,1007,1909,1164
95027,.,-7.885584,35.683488,.,19.7,21.4,17,4.5,777,0,5304,238,833,1906,1191
95028,.,-7.885584,35.683488,.,19.7,21.4,17,4.5,777,0,5304,238,833,1906,1191
95029,.,-7.885584,35.683488,.,19.7,21.4,17,4.5,777,0,5304,238,833,1906,1191
95030,.,-7.885584,35.683488,.,19.7,21.4,17,4.5,777,0,5304,238,833,1906,1191
95031,.,-7.885584,35.683488,.,19.7,21.4,17,4.5,777,0,5304,238,833,1906,1191
95032,.,-7.885584,35.683488,.,19.7,21.4,17,4.5,777,0,5304,238,833,1906,1191
95033,.,-7.885584,35.683488,.,19.7,21.4,17,4.5,777,0,5304,238,833,1906,1191
95034,.,-7.885584,35.683488,.,19.7,21.4,17,4.5,777,0,5304,238,833,1906,1191
95035,.,-7.885584,35.683488,.,19.7,21.4,17,4.5,777,0,5304,238,833,1906,1191
95036,.,-7.885584,35.683488,.,19.7,21.4,17,4.5,777,0,5304,238,833,1906,1191
95037,.,-7.885584,35.683488,.,19.7,21.4,17,4.5,777,0,5304,238,833,1906,1191
95038,.,-7.885584,35.683488,.,19.7,21.4,17,4.5,777,0,5304,238,833,1906,1191
95039,.,-7.885584,35.683488,.,19.7,21.4,17,4.5,777,0,5304,238,833,1906,1191
95040,.,-7.885584,35.683488,.,19.7,21.4,17,4.5,777,0,5304,238,833,1906,1191
95041,.,-7.885584,35.683488,.,19.7,21.4,17,4.5,777,0,5304,238,833,1906,1191
95042,.,-7.885584,35.683488,.,19.7,21.4,17,4.5,777,0,5304,238,833,1906,1191
95043,.,-7.885584,35.683488,.,19.7,21.4,17,4.5,777,0,5304,238,833,1906,1191
95044,.,-7.885584,35.683488,.,19.7,21.4,17,4.5,777,0,5304,238,833,1906,1191
95045,.,-7.885584,35.683488,.,19.7,21.4,17,4.5,777,0,5304,238,833,1906,1191
95046,.,-7.885584,35.683488,.,19.7,21.4,17,4.5,777,0,5304,238,833,1906,1191
95047,.,-7.885584,35.683488,.,19.7,21.4,17,4.5,777,0,5304,238,833,1906,1191
95048,.,-7.49404,36.11473,.,20,21.4,18,3.3,976,0,5402,205,892,1904,1021
95049,.,-7.49404,36.11473,.,20,21.4,18,3.3,976,0,5402,205,892,1904,1021
95050,.,-7.49404,36.11473,.,20,21.4,18,3.3,976,0,5402,205,892,1904,1021
95051,.,-7.49404,36.11473,.,20,21.4,18,3.3,976,0,5402,205,892,1904,1021
95052,.,-7.49404,36.11473,.,20,21.4,18,3.3,976,0,5402,205,892,1904,1021
95053,.,-7.49404,36.11473,.,20,21.4,18,3.3,976,0,5402,205,892,1904,1021
95054,.,-7.49404,36.11473,.,20,21.4,18,3.3,976,0,5402,205,892,1904,1021
95055,.,-7.49404,36.11473,.,20,21.4,18,3.3,976,0,5402,205,892,1904,1021
95056,.,-7.49404,36.11473,.,20,21.4,18,3.3,976,0,5402,205,892,1904,1021
95057,.,-7.49404,36.11473,.,20,21.4,18,3.3,976,0,5402,205,892,1904,1021
95058,.,-7.49404,36.11473,.,20,21.4,18,3.3,976,0,5402,205,892,1904,1021
95059,.,-7.723569,35.84571,.,20.8,22.5,18,4.5,730,0,5680,155,1126,1943,1249
95060,.,-7.723569,35.84571,.,20.8,22.5,18,4.5,730,0,5680,155,1126,1943,1249
95061,.,-7.723569,35.84571,.,20.8,22.5,18,4.5,730,0,5680,155,1126,1943,1249
95062,.,-7.723569,35.84571,.,20.8,22.5,18,4.5,730,0,5680,155,1126,1943,1249
95063,.,-7.986398,35.838212,.,18.3,19.8,16.3,3.5,990,0,4785,407,504,1823,952
95064,.,-7.986398,35.838212,.,18.3,19.8,16.3,3.5,990,0,4785,407,504,1823,952
95065,.,-7.986398,35.838212,.,18.3,19.8,16.3,3.5,990,0,4785,407,504,1823,952
95066,.,-7.986398,35.838212,.,18.3,19.8,16.3,3.5,990,0,4785,407,504,1823,952
95067,.,-7.986398,35.838212,.,18.3,19.8,16.3,3.5,990,0,4785,407,504,1823,952
95068,.,-7.986398,35.838212,.,18.3,19.8,16.3,3.5,990,0,4785,407,504,1823,952
95069,.,-7.986398,35.838212,.,18.3,19.8,16.3,3.5,990,0,4785,407,504,1823,952
95070,.,-7.986398,35.838212,.,18.3,19.8,16.3,3.5,990,0,4785,407,504,1823,952
95071,.,-7.986398,35.838212,.,18.3,19.8,16.3,3.5,990,0,4785,407,504,1823,952
95072,.,-7.986398,35.838212,.,18.3,19.8,16.3,3.5,990,0,4785,407,504,1823,952
95073,.,-7.986398,35.838212,.,18.3,19.8,16.3,3.5,990,0,4785,407,504,1823,952
95074,.,-7.986398,35.838212,.,18.3,19.8,16.3,3.5,990,0,4785,407,504,1823,952
95075,.,-7.986398,35.838212,.,18.3,19.8,16.3,3.5,990,0,4785,407,504,1823,952
95076,.,-7.986398,35.838212,.,18.3,19.8,16.3,3.5,990,0,4785,407,504,1823,952
95077,.,-7.986398,35.838212,.,18.3,19.8,16.3,3.5,990,0,4785,407,504,1823,952
95078,.,-7.986398,35.838212,.,18.3,19.8,16.3,3.5,990,0,4785,407,504,1823,952
95079,.,-7.986398,35.838212,.,18.3,19.8,16.3,3.5,990,0,4785,407,504,1823,952
95080,.,-7.986398,35.838212,.,18.3,19.8,16.3,3.5,990,0,4785,407,504,1823,952
95081,.,-7.986398,35.838212,.,18.3,19.8,16.3,3.5,990,0,4785,407,504,1823,952
95082,.,-7.986398,35.838212,.,18.3,19.8,16.3,3.5,990,0,4785,407,504,1823,952
95083,.,-7.986398,35.838212,.,18.3,19.8,16.3,3.5,990,0,4785,407,504,1823,952
95084,.,-8.078299,35.82748,.,18.3,19.8,16.3,3.4,1052,0,4786,407,505,1818,911
95085,.,-8.078299,35.82748,.,18.3,19.8,16.3,3.4,1052,0,4786,407,505,1818,911
95086,.,-8.078299,35.82748,.,18.3,19.8,16.3,3.4,1052,0,4786,407,505,1818,911
95087,.,-8.078299,35.82748,.,18.3,19.8,16.3,3.4,1052,0,4786,407,505,1818,911
95088,.,-8.078299,35.82748,.,18.3,19.8,16.3,3.4,1052,0,4786,407,505,1818,911
95089,.,-8.078299,35.82748,.,18.3,19.8,16.3,3.4,1052,0,4786,407,505,1818,911
95090,.,-8.078299,35.82748,.,18.3,19.8,16.3,3.4,1052,0,4786,407,505,1818,911
95091,.,-8.078299,35.82748,.,18.3,19.8,16.3,3.4,1052,0,4786,407,505,1818,911
95092,.,-8.078299,35.82748,.,18.3,19.8,16.3,3.4,1052,0,4786,407,505,1818,911
95093,.,-8.078299,35.82748,.,18.3,19.8,16.3,3.4,1052,0,4786,407,505,1818,911
95094,.,-8.078299,35.82748,.,18.3,19.8,16.3,3.4,1052,0,4786,407,505,1818,911
95095,.,-8.078299,35.82748,.,18.3,19.8,16.3,3.4,1052,0,4786,407,505,1818,911
95096,.,-8.078299,35.82748,.,18.3,19.8,16.3,3.4,1052,0,4786,407,505,1818,911
95097,.,-8.078299,35.82748,.,18.3,19.8,16.3,3.4,1052,0,4786,407,505,1818,911
95098,.,-8.078299,35.82748,.,18.3,19.8,16.3,3.4,1052,0,4786,407,505,1818,911
95099,.,-8.078299,35.82748,.,18.3,19.8,16.3,3.4,1052,0,4786,407,505,1818,911
95100,.,-8.078299,35.82748,.,18.3,19.8,16.3,3.4,1052,0,4786,407,505,1818,911
95101,.,-8.078299,35.82748,.,18.3,19.8,16.3,3.4,1052,0,4786,407,505,1818,911
95102,.,-8.078299,35.82748,.,18.3,19.8,16.3,3.4,1052,0,4786,407,505,1818,911
95103,.,-8.078299,35.82748,.,18.3,19.8,16.3,3.4,1052,0,4786,407,505,1818,911
95104,.,-8.078299,35.82748,.,18.3,19.8,16.3,3.4,1052,0,4786,407,505,1818,911
95105,.,-8.078299,35.82748,.,18.3,19.8,16.3,3.4,1052,0,4786,407,505,1818,911
95106,.,-8.078299,35.82748,.,18.3,19.8,16.3,3.4,1052,0,4786,407,505,1818,911
95107,.,-8.078299,35.82748,.,18.3,19.8,16.3,3.4,1052,0,4786,407,505,1818,911
95108,.,-8.078299,35.82748,.,18.3,19.8,16.3,3.4,1052,0,4786,407,505,1818,911
95109,.,-8.078299,35.82748,.,18.3,19.8,16.3,3.4,1052,0,4786,407,505,1818,911
95110,.,-8.078299,35.82748,.,18.3,19.8,16.3,3.4,1052,0,4786,407,505,1818,911
95111,.,-8.078299,35.82748,.,18.3,19.8,16.3,3.4,1052,0,4786,407,505,1818,911
95112,.,-8.078299,35.82748,.,18.3,19.8,16.3,3.4,1052,0,4786,407,505,1818,911
95113,.,-8.078299,35.82748,.,18.3,19.8,16.3,3.4,1052,0,4786,407,505,1818,911
95114,.,-8.078299,35.82748,.,18.3,19.8,16.3,3.4,1052,0,4786,407,505,1818,911
95115,.,-8.029015,35.674895,.,19,20.6,16.4,4.2,839,0,5031,320,654,1870,1104
95116,.,-8.029015,35.674895,.,19,20.6,16.4,4.2,839,0,5031,320,654,1870,1104
95117,.,-8.029015,35.674895,.,19,20.6,16.4,4.2,839,0,5031,320,654,1870,1104
95118,.,-8.029015,35.674895,.,19,20.6,16.4,4.2,839,0,5031,320,654,1870,1104
95119,.,-8.029015,35.674895,.,19,20.6,16.4,4.2,839,0,5031,320,654,1870,1104
95120,.,-7.977792,35.64317,.,19.3,21.1,16.6,4.4,809,0,5163,278,738,1894,1153
95121,.,-8.029015,35.674895,.,19,20.6,16.4,4.2,839,0,5031,320,654,1870,1104
95122,.,-8.029015,35.674895,.,19,20.6,16.4,4.2,839,0,5031,320,654,1870,1104
95123,.,-8.029015,35.674895,.,19,20.6,16.4,4.2,839,0,5031,320,654,1870,1104
95124,.,-7.977792,35.64317,.,19.3,21.1,16.6,4.4,809,0,5163,278,738,1894,1153
95125,.,-7.977792,35.64317,.,19.3,21.1,16.6,4.4,809,0,5163,278,738,1894,1153
95126,.,-7.977792,35.64317,.,19.3,21.1,16.6,4.4,809,0,5163,278,738,1894,1153
95127,.,-7.977792,35.64317,.,19.3,21.1,16.6,4.4,809,0,5163,278,738,1894,1153
95128,.,-7.977792,35.64317,.,19.3,21.1,16.6,4.4,809,0,5163,278,738,1894,1153
95129,.,-7.977792,35.64317,.,19.3,21.1,16.6,4.4,809,0,5163,278,738,1894,1153
95130,.,-8.029015,35.674895,.,19,20.6,16.4,4.2,839,0,5031,320,654,1870,1104
95131,.,-8.029015,35.674895,.,19,20.6,16.4,4.2,839,0,5031,320,654,1870,1104
95132,.,-7.977792,35.64317,.,19.3,21.1,16.6,4.4,809,0,5163,278,738,1894,1153
95133,.,-7.977792,35.64317,.,19.3,21.1,16.6,4.4,809,0,5163,278,738,1894,1153
95134,.,-7.977792,35.64317,.,19.3,21.1,16.6,4.4,809,0,5163,278,738,1894,1153
95135,.,-7.977792,35.64317,.,19.3,21.1,16.6,4.4,809,0,5163,278,738,1894,1153
95136,.,-7.977792,35.64317,.,19.3,21.1,16.6,4.4,809,0,5163,278,738,1894,1153
95137,.,-7.977792,35.64317,.,19.3,21.1,16.6,4.4,809,0,5163,278,738,1894,1153
95138,.,-7.977792,35.64317,.,19.3,21.1,16.6,4.4,809,0,5163,278,738,1894,1153
95139,.,-7.977792,35.64317,.,19.3,21.1,16.6,4.4,809,0,5163,278,738,1894,1153
95140,.,-7.977792,35.64317,.,19.3,21.1,16.6,4.4,809,0,5163,278,738,1894,1153
95141,.,-7.977792,35.64317,.,19.3,21.1,16.6,4.4,809,0,5163,278,738,1894,1153
95142,.,-7.957083,35.597148,.,19.6,21.3,17,4.4,804,0,5240,255,788,1901,1164
95143,.,-7.957083,35.597148,.,19.6,21.3,17,4.4,804,0,5240,255,788,1901,1164
95144,.,-7.957083,35.597148,.,19.6,21.3,17,4.4,804,0,5240,255,788,1901,1164
95145,.,-7.957083,35.597148,.,19.6,21.3,17,4.4,804,0,5240,255,788,1901,1164
95146,.,-7.957083,35.597148,.,19.6,21.3,17,4.4,804,0,5240,255,788,1901,1164
95147,.,-8.117395,35.669847,.,18.7,20.3,16.3,4,898,0,4941,352,599,1861,1045
95148,.,-8.061102,35.690533,.,19.1,20.6,16.5,4.1,854,0,5057,312,671,1882,1102
95149,.,-8.104418,35.724822,.,18.7,20.3,16.4,4,900,0,4948,348,602,1863,1043
95150,.,-8.117395,35.669847,.,18.7,20.3,16.3,4,898,0,4941,352,599,1861,1045
95151,.,-8.02113,35.592765,.,19.1,20.9,16.6,4.3,834,0,5085,303,688,1884,1123
95152,.,-8.02113,35.592765,.,19.1,20.9,16.6,4.3,834,0,5085,303,688,1884,1123
95153,.,-8.02113,35.592765,.,19.1,20.9,16.6,4.3,834,0,5085,303,688,1884,1123
95154,.,-8.02113,35.592765,.,19.1,20.9,16.6,4.3,834,0,5085,303,688,1884,1123
95155,.,-8.02113,35.592765,.,19.1,20.9,16.6,4.3,834,0,5085,303,688,1884,1123
95156,.,-8.02113,35.592765,.,19.1,20.9,16.6,4.3,834,0,5085,303,688,1884,1123
95157,.,-8.02113,35.592765,.,19.1,20.9,16.6,4.3,834,0,5085,303,688,1884,1123
95158,.,-8.02113,35.592765,.,19.1,20.9,16.6,4.3,834,0,5085,303,688,1884,1123
95159,.,-8.02113,35.592765,.,19.1,20.9,16.6,4.3,834,0,5085,303,688,1884,1123
95160,.,-8.02113,35.592765,.,19.1,20.9,16.6,4.3,834,0,5085,303,688,1884,1123
95161,.,-8.02113,35.592765,.,19.1,20.9,16.6,4.3,834,0,5085,303,688,1884,1123
95162,.,-8.02113,35.592765,.,19.1,20.9,16.6,4.3,834,0,5085,303,688,1884,1123
95163,.,-8.02113,35.592765,.,19.1,20.9,16.6,4.3,834,0,5085,303,688,1884,1123
95164,.,-8.02113,35.592765,.,19.1,20.9,16.6,4.3,834,0,5085,303,688,1884,1123
95165,.,-8.02113,35.592765,.,19.1,20.9,16.6,4.3,834,0,5085,303,688,1884,1123
95166,.,-8.02113,35.592765,.,19.1,20.9,16.6,4.3,834,0,5085,303,688,1884,1123
95167,.,-8.02113,35.592765,.,19.1,20.9,16.6,4.3,834,0,5085,303,688,1884,1123
95168,.,-8.02113,35.592765,.,19.1,20.9,16.6,4.3,834,0,5085,303,688,1884,1123
95169,.,-8.02113,35.592765,.,19.1,20.9,16.6,4.3,834,0,5085,303,688,1884,1123
95170,.,-8.02113,35.592765,.,19.1,20.9,16.6,4.3,834,0,5085,303,688,1884,1123
95171,.,-8.02113,35.592765,.,19.1,20.9,16.6,4.3,834,0,5085,303,688,1884,1123
95172,.,-8.02113,35.592765,.,19.1,20.9,16.6,4.3,834,0,5085,303,688,1884,1123
95173,.,-8.02113,35.592765,.,19.1,20.9,16.6,4.3,834,0,5085,303,688,1884,1123
95174,.,-8.02113,35.592765,.,19.1,20.9,16.6,4.3,834,0,5085,303,688,1884,1123
95175,.,-8.02113,35.592765,.,19.1,20.9,16.6,4.3,834,0,5085,303,688,1884,1123
95176,.,-8.02113,35.592765,.,19.1,20.9,16.6,4.3,834,0,5085,303,688,1884,1123
95177,.,-8.02113,35.592765,.,19.1,20.9,16.6,4.3,834,0,5085,303,688,1884,1123
95178,.,-7.867316,35.728932,.,20,21.6,17.1,4.4,769,0,5379,220,887,1916,1202
95179,.,-7.867316,35.728932,.,20,21.6,17.1,4.4,769,0,5379,220,887,1916,1202
95180,.,-7.867316,35.728932,.,20,21.6,17.1,4.4,769,0,5379,220,887,1916,1202
95181,.,-7.867316,35.728932,.,20,21.6,17.1,4.4,769,0,5379,220,887,1916,1202
95182,.,-7.867316,35.728932,.,20,21.6,17.1,4.4,769,0,5379,220,887,1916,1202
95183,.,-7.867316,35.728932,.,20,21.6,17.1,4.4,769,0,5379,220,887,1916,1202
95184,.,-7.867316,35.728932,.,20,21.6,17.1,4.4,769,0,5379,220,887,1916,1202
95185,.,-7.867316,35.728932,.,20,21.6,17.1,4.4,769,0,5379,220,887,1916,1202
95186,.,-7.867316,35.728932,.,20,21.6,17.1,4.4,769,0,5379,220,887,1916,1202
95187,.,-7.867316,35.728932,.,20,21.6,17.1,4.4,769,0,5379,220,887,1916,1202
95188,.,-7.867316,35.728932,.,20,21.6,17.1,4.4,769,0,5379,220,887,1916,1202
95189,.,-7.867316,35.728932,.,20,21.6,17.1,4.4,769,0,5379,220,887,1916,1202
95190,.,-7.867316,35.728932,.,20,21.6,17.1,4.4,769,0,5379,220,887,1916,1202
95191,.,-7.867316,35.728932,.,20,21.6,17.1,4.4,769,0,5379,220,887,1916,1202
95192,.,-7.836488,35.747698,.,20.1,21.7,17.2,4.5,770,0,5416,210,912,1912,1196
95193,.,-7.836488,35.747698,.,20.1,21.7,17.2,4.5,770,0,5416,210,912,1912,1196
95194,.,-7.836488,35.747698,.,20.1,21.7,17.2,4.5,770,0,5416,210,912,1912,1196
95195,.,-7.836488,35.747698,.,20.1,21.7,17.2,4.5,770,0,5416,210,912,1912,1196
95196,.,-7.836488,35.747698,.,20.1,21.7,17.2,4.5,770,0,5416,210,912,1912,1196
95197,.,-7.836488,35.747698,.,20.1,21.7,17.2,4.5,770,0,5416,210,912,1912,1196
95198,.,-7.836488,35.747698,.,20.1,21.7,17.2,4.5,770,0,5416,210,912,1912,1196
95199,.,-7.836488,35.747698,.,20.1,21.7,17.2,4.5,770,0,5416,210,912,1912,1196
95200,.,-7.836488,35.747698,.,20.1,21.7,17.2,4.5,770,0,5416,210,912,1912,1196
95201,.,-7.836488,35.747698,.,20.1,21.7,17.2,4.5,770,0,5416,210,912,1912,1196
95202,.,-7.836488,35.747698,.,20.1,21.7,17.2,4.5,770,0,5416,210,912,1912,1196
95203,.,-7.836488,35.747698,.,20.1,21.7,17.2,4.5,770,0,5416,210,912,1912,1196
95204,.,-7.836488,35.747698,.,20.1,21.7,17.2,4.5,770,0,5416,210,912,1912,1196
95205,.,-7.836488,35.747698,.,20.1,21.7,17.2,4.5,770,0,5416,210,912,1912,1196
95206,.,-7.836488,35.747698,.,20.1,21.7,17.2,4.5,770,0,5416,210,912,1912,1196
95207,.,-7.836488,35.747698,.,20.1,21.7,17.2,4.5,770,0,5416,210,912,1912,1196
95208,.,-7.836488,35.747698,.,20.1,21.7,17.2,4.5,770,0,5416,210,912,1912,1196
95209,.,-7.836488,35.747698,.,20.1,21.7,17.2,4.5,770,0,5416,210,912,1912,1196
95210,.,-7.836488,35.747698,.,20.1,21.7,17.2,4.5,770,0,5416,210,912,1912,1196
95211,.,-7.836488,35.747698,.,20.1,21.7,17.2,4.5,770,0,5416,210,912,1912,1196
95212,.,-7.836488,35.747698,.,20.1,21.7,17.2,4.5,770,0,5416,210,912,1912,1196
95213,.,-7.56685,36.108497,.,20.7,22.1,18.3,3.7,913,0,5631,161,1083,1957,1099
95214,.,-8.183202,35.538921,.,18.5,20.1,16.3,3.9,921,0,4877,376,562,1867,1025
95215,.,-8.183202,35.538921,.,18.5,20.1,16.3,3.9,921,0,4877,376,562,1867,1025
95216,.,-8.183202,35.538921,.,18.5,20.1,16.3,3.9,921,0,4877,376,562,1867,1025
95217,.,-8.183202,35.538921,.,18.5,20.1,16.3,3.9,921,0,4877,376,562,1867,1025
95218,.,-8.183202,35.538921,.,18.5,20.1,16.3,3.9,921,0,4877,376,562,1867,1025
95219,.,-8.183202,35.538921,.,18.5,20.1,16.3,3.9,921,0,4877,376,562,1867,1025
95220,.,-8.183202,35.538921,.,18.5,20.1,16.3,3.9,921,0,4877,376,562,1867,1025
95221,.,-8.183202,35.538921,.,18.5,20.1,16.3,3.9,921,0,4877,376,562,1867,1025
95222,.,-8.183202,35.538921,.,18.5,20.1,16.3,3.9,921,0,4877,376,562,1867,1025
95223,.,-8.183202,35.538921,.,18.5,20.1,16.3,3.9,921,0,4877,376,562,1867,1025
95224,.,-8.183202,35.538921,.,18.5,20.1,16.3,3.9,921,0,4877,376,562,1867,1025
95225,.,-8.183202,35.538921,.,18.5,20.1,16.3,3.9,921,0,4877,376,562,1867,1025
95226,.,-8.183202,35.538921,.,18.5,20.1,16.3,3.9,921,0,4877,376,562,1867,1025
95227,.,-8.183202,35.538921,.,18.5,20.1,16.3,3.9,921,0,4877,376,562,1867,1025
95228,.,-8.183202,35.538921,.,18.5,20.1,16.3,3.9,921,0,4877,376,562,1867,1025
95229,.,-8.183202,35.538921,.,18.5,20.1,16.3,3.9,921,0,4877,376,562,1867,1025
95230,.,-8.183202,35.538921,.,18.5,20.1,16.3,3.9,921,0,4877,376,562,1867,1025
95231,.,-8.183202,35.538921,.,18.5,20.1,16.3,3.9,921,0,4877,376,562,1867,1025
95232,.,-8.183202,35.538921,.,18.5,20.1,16.3,3.9,921,0,4877,376,562,1867,1025
95233,.,-7.56685,36.108497,.,20.7,22.1,18.3,3.7,913,0,5631,161,1083,1957,1099
95234,.,-7.56685,36.108497,.,20.7,22.1,18.3,3.7,913,0,5631,161,1083,1957,1099
95235,.,-7.56685,36.108497,.,20.7,22.1,18.3,3.7,913,0,5631,161,1083,1957,1099
95236,.,-7.56685,36.108497,.,20.7,22.1,18.3,3.7,913,0,5631,161,1083,1957,1099
95237,.,-7.56685,36.108497,.,20.7,22.1,18.3,3.7,913,0,5631,161,1083,1957,1099
95238,.,-7.56685,36.108497,.,20.7,22.1,18.3,3.7,913,0,5631,161,1083,1957,1099
95239,.,-7.56685,36.108497,.,20.7,22.1,18.3,3.7,913,0,5631,161,1083,1957,1099
95240,.,-7.56685,36.108497,.,20.7,22.1,18.3,3.7,913,0,5631,161,1083,1957,1099
95241,.,-7.56685,36.108497,.,20.7,22.1,18.3,3.7,913,0,5631,161,1083,1957,1099
95242,.,-7.56685,36.108497,.,20.7,22.1,18.3,3.7,913,0,5631,161,1083,1957,1099
95243,.,-7.56685,36.108497,.,20.7,22.1,18.3,3.7,913,0,5631,161,1083,1957,1099
95244,.,-7.56685,36.108497,.,20.7,22.1,18.3,3.7,913,0,5631,161,1083,1957,1099
95245,.,-7.56685,36.108497,.,20.7,22.1,18.3,3.7,913,0,5631,161,1083,1957,1099
95246,.,-7.56685,36.108497,.,20.7,22.1,18.3,3.7,913,0,5631,161,1083,1957,1099
95247,.,-7.56685,36.108497,.,20.7,22.1,18.3,3.7,913,0,5631,161,1083,1957,1099
95248,.,-7.56685,36.108497,.,20.7,22.1,18.3,3.7,913,0,5631,161,1083,1957,1099
95249,.,-7.56685,36.108497,.,20.7,22.1,18.3,3.7,913,0,5631,161,1083,1957,1099
95250,.,-7.56685,36.108497,.,20.7,22.1,18.3,3.7,913,0,5631,161,1083,1957,1099
95251,.,-7.56685,36.108497,.,20.7,22.1,18.3,3.7,913,0,5631,161,1083,1957,1099
95252,.,-8.104418,35.724822,.,18.7,20.3,16.4,4,900,0,4948,348,602,1863,1043
95253,.,-7.973689,35.791713,.,18.8,20.4,16.5,3.9,893,0,4982,334,620,1862,1047
95254,.,-8.104418,35.724822,.,18.7,20.3,16.4,4,900,0,4948,348,602,1863,1043
95255,.,-8.104418,35.724822,.,18.7,20.3,16.4,4,900,0,4948,348,602,1863,1043
95256,.,-7.973689,35.791713,.,18.8,20.4,16.5,3.9,893,0,4982,334,620,1862,1047
95257,.,-7.973689,35.791713,.,18.8,20.4,16.5,3.9,893,0,4982,334,620,1862,1047
95258,.,-7.973689,35.791713,.,18.8,20.4,16.5,3.9,893,0,4982,334,620,1862,1047
95259,.,-7.973689,35.791713,.,18.8,20.4,16.5,3.9,893,0,4982,334,620,1862,1047
95260,.,-7.973689,35.791713,.,18.8,20.4,16.5,3.9,893,0,4982,334,620,1862,1047
95261,.,-7.973689,35.791713,.,18.8,20.4,16.5,3.9,893,0,4982,334,620,1862,1047
95262,.,-7.973689,35.791713,.,18.8,20.4,16.5,3.9,893,0,4982,334,620,1862,1047
95263,.,-7.821247,35.794958,.,20,21.7,17.3,4.3,804,0,5407,211,904,1912,1159
95264,.,-7.821247,35.794958,.,20,21.7,17.3,4.3,804,0,5407,211,904,1912,1159
95265,.,-7.821247,35.794958,.,20,21.7,17.3,4.3,804,0,5407,211,904,1912,1159
95266,.,-7.821247,35.794958,.,20,21.7,17.3,4.3,804,0,5407,211,904,1912,1159
95267,.,-7.867316,35.728932,.,20,21.6,17.1,4.4,769,0,5379,220,887,1916,1202
95268,.,-8.02113,35.592765,.,19.1,20.9,16.6,4.3,834,0,5085,303,688,1884,1123
95269,.,-7.49404,36.11473,.,20,21.4,18,3.3,976,0,5402,205,892,1904,1021
95270,.,-7.49404,36.11473,.,20,21.4,18,3.3,976,0,5402,205,892,1904,1021
95271,.,-7.836488,35.747698,.,20.1,21.7,17.2,4.5,770,0,5416,210,912,1912,1196
95272,.,-7.836488,35.747698,.,20.1,21.7,17.2,4.5,770,0,5416,210,912,1912,1196
95273,.,-7.867316,35.728932,.,20,21.6,17.1,4.4,769,0,5379,220,887,1916,1202
95274,.,-7.867316,35.728932,.,20,21.6,17.1,4.4,769,0,5379,220,887,1916,1202
95275,.,-7.986398,35.838212,.,18.3,19.8,16.3,3.5,990,0,4785,407,504,1823,952
95276,.,-7.986398,35.838212,.,18.3,19.8,16.3,3.5,990,0,4785,407,504,1823,952
95277,.,-8.02113,35.592765,.,19.1,20.9,16.6,4.3,834,0,5085,303,688,1884,1123
95278,.,-7.867316,35.728932,.,20,21.6,17.1,4.4,769,0,5379,220,887,1916,1202
95279,.,-7.867316,35.728932,.,20,21.6,17.1,4.4,769,0,5379,220,887,1916,1202
95280,.,-8.078299,35.82748,.,18.3,19.8,16.3,3.4,1052,0,4786,407,505,1818,911
95281,.,-7.821247,35.794958,.,20,21.7,17.3,4.3,804,0,5407,211,904,1912,1159
95282,.,-7.977792,35.64317,.,19.3,21.1,16.6,4.4,809,0,5163,278,738,1894,1153
95283,.,-7.977792,35.64317,.,19.3,21.1,16.6,4.4,809,0,5163,278,738,1894,1153
95284,.,-7.723569,35.84571,.,20.8,22.5,18,4.5,730,0,5680,155,1126,1943,1249
95285,.,-7.502538,36.01797,.,20.4,22,18.2,3.8,803,0,5553,175,1007,1909,1164
95286,.,-7.502538,36.01797,.,20.4,22,18.2,3.8,803,0,5553,175,1007,1909,1164
95287,.,-7.502538,36.01797,.,20.4,22,18.2,3.8,803,0,5553,175,1007,1909,1164
95288,.,-7.502538,36.01797,.,20.4,22,18.2,3.8,803,0,5553,175,1007,1909,1164
95289,.,-7.867316,35.728932,.,20,21.6,17.1,4.4,769,0,5379,220,887,1916,1202
95290,.,-7.49404,36.11473,.,20,21.4,18,3.3,976,0,5402,205,892,1904,1021
95291,.,-7.867316,35.728932,.,20,21.6,17.1,4.4,769,0,5379,220,887,1916,1202
95292,.,-7.56685,36.108497,.,20.7,22.1,18.3,3.7,913,0,5631,161,1083,1957,1099
95293,.,-7.867316,35.728932,.,20,21.6,17.1,4.4,769,0,5379,220,887,1916,1202
95294,.,-7.867316,35.728932,.,20,21.6,17.1,4.4,769,0,5379,220,887,1916,1202
95295,.,-8.02113,35.592765,.,19.1,20.9,16.6,4.3,834,0,5085,303,688,1884,1123
95296,.,-8.02113,35.592765,.,19.1,20.9,16.6,4.3,834,0,5085,303,688,1884,1123
95297,.,-7.821247,35.794958,.,20,21.7,17.3,4.3,804,0,5407,211,904,1912,1159
95298,.,-7.885584,35.683488,.,19.7,21.4,17,4.5,777,0,5304,238,833,1906,1191
95299,.,-7.885584,35.683488,.,19.7,21.4,17,4.5,777,0,5304,238,833,1906,1191
95300,.,-7.821247,35.794958,.,20,21.7,17.3,4.3,804,0,5407,211,904,1912,1159
95301,.,-8.029015,35.674895,.,19,20.6,16.4,4.2,839,0,5031,320,654,1870,1104
95302,.,-8.029015,35.674895,.,19,20.6,16.4,4.2,839,0,5031,320,654,1870,1104
95303,.,-8.029015,35.674895,.,19,20.6,16.4,4.2,839,0,5031,320,654,1870,1104
95304,.,-7.885584,35.683488,.,19.7,21.4,17,4.5,777,0,5304,238,833,1906,1191
95305,.,-7.986398,35.838212,.,18.3,19.8,16.3,3.5,990,0,4785,407,504,1823,952
95306,.,-7.986398,35.838212,.,18.3,19.8,16.3,3.5,990,0,4785,407,504,1823,952
95307,.,-8.078299,35.82748,.,18.3,19.8,16.3,3.4,1052,0,4786,407,505,1818,911
95308,.,-7.502538,36.01797,.,20.4,22,18.2,3.8,803,0,5553,175,1007,1909,1164
95309,.,-8.183202,35.538921,.,18.5,20.1,16.3,3.9,921,0,4877,376,562,1867,1025
95310,.,-8.183202,35.538921,.,18.5,20.1,16.3,3.9,921,0,4877,376,562,1867,1025
95311,.,-7.977792,35.64317,.,19.3,21.1,16.6,4.4,809,0,5163,278,738,1894,1153
95312,.,-7.502538,36.01797,.,20.4,22,18.2,3.8,803,0,5553,175,1007,1909,1164
95313,.,-8.078299,35.82748,.,18.3,19.8,16.3,3.4,1052,0,4786,407,505,1818,911
95314,.,-7.49404,36.11473,.,20,21.4,18,3.3,976,0,5402,205,892,1904,1021
95315,.,-7.49404,36.11473,.,20,21.4,18,3.3,976,0,5402,205,892,1904,1021
95316,.,-7.986398,35.838212,.,18.3,19.8,16.3,3.5,990,0,4785,407,504,1823,952
95317,.,-7.885584,35.683488,.,19.7,21.4,17,4.5,777,0,5304,238,833,1906,1191
95318,.,-7.867316,35.728932,.,20,21.6,17.1,4.4,769,0,5379,220,887,1916,1202
95319,.,-7.867316,35.728932,.,20,21.6,17.1,4.4,769,0,5379,220,887,1916,1202
95320,.,-8.078299,35.82748,.,18.3,19.8,16.3,3.4,1052,0,4786,407,505,1818,911
95321,.,-8.078299,35.82748,.,18.3,19.8,16.3,3.4,1052,0,4786,407,505,1818,911
95322,.,-8.02113,35.592765,.,19.1,20.9,16.6,4.3,834,0,5085,303,688,1884,1123
95323,.,-8.02113,35.592765,.,19.1,20.9,16.6,4.3,834,0,5085,303,688,1884,1123
95324,.,-7.977792,35.64317,.,19.3,21.1,16.6,4.4,809,0,5163,278,738,1894,1153
95325,.,-7.977792,35.64317,.,19.3,21.1,16.6,4.4,809,0,5163,278,738,1894,1153
95326,.,-7.977792,35.64317,.,19.3,21.1,16.6,4.4,809,0,5163,278,738,1894,1153
95327,.,-7.977792,35.64317,.,19.3,21.1,16.6,4.4,809,0,5163,278,738,1894,1153
95328,.,-8.061102,35.690533,.,19.1,20.6,16.5,4.1,854,0,5057,312,671,1882,1102
95329,.,-8.061102,35.690533,.,19.1,20.6,16.5,4.1,854,0,5057,312,671,1882,1102
95330,.,-8.183202,35.538921,.,18.5,20.1,16.3,3.9,921,0,4877,376,562,1867,1025
95331,.,-8.183202,35.538921,.,18.5,20.1,16.3,3.9,921,0,4877,376,562,1867,1025
95332,.,-7.56685,36.108497,.,20.7,22.1,18.3,3.7,913,0,5631,161,1083,1957,1099
95333,.,-8.078299,35.82748,.,18.3,19.8,16.3,3.4,1052,0,4786,407,505,1818,911
95334,.,-8.078299,35.82748,.,18.3,19.8,16.3,3.4,1052,0,4786,407,505,1818,911
95335,.,-7.821247,35.794958,.,20,21.7,17.3,4.3,804,0,5407,211,904,1912,1159
95336,.,-7.986398,35.838212,.,18.3,19.8,16.3,3.5,990,0,4785,407,504,1823,952
95337,.,-8.02113,35.592765,.,19.1,20.9,16.6,4.3,834,0,5085,303,688,1884,1123
95338,.,-7.977792,35.64317,.,19.3,21.1,16.6,4.4,809,0,5163,278,738,1894,1153
95339,.,-7.977792,35.64317,.,19.3,21.1,16.6,4.4,809,0,5163,278,738,1894,1153
95340,.,-8.02113,35.592765,.,19.1,20.9,16.6,4.3,834,0,5085,303,688,1884,1123
95341,.,-8.183202,35.538921,.,18.5,20.1,16.3,3.9,921,0,4877,376,562,1867,1025
95342,.,-8.183202,35.538921,.,18.5,20.1,16.3,3.9,921,0,4877,376,562,1867,1025
95343,.,-7.959004,35.740936,.,19.3,20.8,16.6,4.2,821,0,5130,288,716,1886,1132
95344,.,-7.959004,35.740936,.,19.3,20.8,16.6,4.2,821,0,5130,288,716,1886,1132
95345,.,-7.836488,35.747698,.,20.1,21.7,17.2,4.5,770,0,5416,210,912,1912,1196
95346,.,-7.836488,35.747698,.,20.1,21.7,17.2,4.5,770,0,5416,210,912,1912,1196
95347,.,-8.029015,35.674895,.,19,20.6,16.4,4.2,839,0,5031,320,654,1870,1104
95348,.,-8.029015,35.674895,.,19,20.6,16.4,4.2,839,0,5031,320,654,1870,1104
95349,.,-8.02113,35.592765,.,19.1,20.9,16.6,4.3,834,0,5085,303,688,1884,1123
95350,.,-8.02113,35.592765,.,19.1,20.9,16.6,4.3,834,0,5085,303,688,1884,1123
95351,.,-7.49404,36.11473,.,20,21.4,18,3.3,976,0,5402,205,892,1904,1021
95352,.,-7.49404,36.11473,.,20,21.4,18,3.3,976,0,5402,205,892,1904,1021
95353,.,-7.56685,36.108497,.,20.7,22.1,18.3,3.7,913,0,5631,161,1083,1957,1099
95354,.,-7.502538,36.01797,.,20.4,22,18.2,3.8,803,0,5553,175,1007,1909,1164
95355,.,-7.502538,36.01797,.,20.4,22,18.2,3.8,803,0,5553,175,1007,1909,1164
95356,.,-7.977792,35.64317,.,19.3,21.1,16.6,4.4,809,0,5163,278,738,1894,1153
95357,.,-7.977792,35.64317,.,19.3,21.1,16.6,4.4,809,0,5163,278,738,1894,1153
95358,.,-7.502538,36.01797,.,20.4,22,18.2,3.8,803,0,5553,175,1007,1909,1164
95359,.,-7.502538,36.01797,.,20.4,22,18.2,3.8,803,0,5553,175,1007,1909,1164
95360,.,-8.02113,35.592765,.,19.1,20.9,16.6,4.3,834,0,5085,303,688,1884,1123
95361,.,-7.885584,35.683488,.,19.7,21.4,17,4.5,777,0,5304,238,833,1906,1191
95362,.,-7.885584,35.683488,.,19.7,21.4,17,4.5,777,0,5304,238,833,1906,1191
95363,.,-8.029015,35.674895,.,19,20.6,16.4,4.2,839,0,5031,320,654,1870,1104
95364,.,-8.029015,35.674895,.,19,20.6,16.4,4.2,839,0,5031,320,654,1870,1104
95365,.,-8.078299,35.82748,.,18.3,19.8,16.3,3.4,1052,0,4786,407,505,1818,911
95366,.,-7.49404,36.11473,.,20,21.4,18,3.3,976,0,5402,205,892,1904,1021
95367,.,-7.49404,36.11473,.,20,21.4,18,3.3,976,0,5402,205,892,1904,1021
95368,.,-8.02113,35.592765,.,19.1,20.9,16.6,4.3,834,0,5085,303,688,1884,1123
95369,.,-7.977792,35.64317,.,19.3,21.1,16.6,4.4,809,0,5163,278,738,1894,1153
95370,.,-7.977792,35.64317,.,19.3,21.1,16.6,4.4,809,0,5163,278,738,1894,1153
95371,.,-7.885584,35.683488,.,19.7,21.4,17,4.5,777,0,5304,238,833,1906,1191
95372,.,-7.885584,35.683488,.,19.7,21.4,17,4.5,777,0,5304,238,833,1906,1191
95373,.,-7.977792,35.64317,.,19.3,21.1,16.6,4.4,809,0,5163,278,738,1894,1153
95374,.,-8.117395,35.669847,.,18.7,20.3,16.3,4,898,0,4941,352,599,1861,1045
95375,.,-8.117395,35.669847,.,18.7,20.3,16.3,4,898,0,4941,352,599,1861,1045
95376,.,-7.723569,35.84571,.,20.8,22.5,18,4.5,730,0,5680,155,1126,1943,1249
95377,.,-8.183202,35.538921,.,18.5,20.1,16.3,3.9,921,0,4877,376,562,1867,1025
95378,.,-7.977792,35.64317,.,19.3,21.1,16.6,4.4,809,0,5163,278,738,1894,1153
95379,.,-7.977792,35.64317,.,19.3,21.1,16.6,4.4,809,0,5163,278,738,1894,1153
95380,.,-8.078299,35.82748,.,18.3,19.8,16.3,3.4,1052,0,4786,407,505,1818,911
95381,.,-7.885584,35.683488,.,19.7,21.4,17,4.5,777,0,5304,238,833,1906,1191
95382,.,-8.078299,35.82748,.,18.3,19.8,16.3,3.4,1052,0,4786,407,505,1818,911
99106,.,-1.805319,30.32798,.,20.3,21.3,19.3,2.1,1119,0,5508,178,969,1895,775
99107,.,-2.14863,29.506425,.,18.6,20.1,17.7,2.3,1323,0,4888,362,549,1818,492
99108,.,-2.19447,29.495653,.,18.4,19.9,17.6,2.3,1337,0,4841,384,524,1809,477
99109,.,-2.155771,29.276488,.,20.3,22.5,19.4,3.1,1318,0,5528,181,995,1876,552
99110,.,-1.951641,29.339573,.,20,21.7,19.1,2.6,1248,0,5404,204,894,1812,558
99111,.,-2.010244,29.395067,.,19.3,20.9,18.3,2.6,1289,0,5142,276,710,1804,506
99112,.,-2.215219,29.324772,.,18,20.1,16.9,3.2,1429,0,4689,461,455,1762,387
99113,.,-2.198526,29.435015,.,17.4,19.3,16.3,3,1391,0,4478,564,356,1758,404
99114,.,-2.617842,29.022874,.,22.5,23.7,21.4,2.3,1288,0,6284,71,1656,2013,721
99115,.,-1.698216,30.444291,.,21.1,22.3,20.2,2.1,1096,0,5814,124,1235,1941,845
99116,.,-1.871331,29.363499,.,17.9,19.6,16.8,2.8,1348,0,4639,480,427,1724,428
99117,.,-2.212605,29.505841,.,18.9,20.4,18,2.4,1322,0,5014,319,626,1839,511
99118,.,-1.698216,30.444291,.,21.1,22.3,20.2,2.1,1096,0,5814,124,1235,1941,845
99119,.,-2.509012,29.702129,.,19.4,20.7,18.1,2.6,1249,0,5173,270,733,1884,615
99120,.,-2.121157,29.385249,.,18.4,20.3,17.4,2.9,1354,0,4835,390,525,1786,447
99121,.,-2.241956,29.203203,.,20.3,22.3,19.3,3.1,1310,0,5502,187,974,1880,565
99122,.,-2.105642,29.46715,.,18,19.7,16.9,2.7,1354,0,4677,457,442,1788,445
99123,.,-1.959748,29.371088,.,18.9,20.6,18,2.7,1298,0,5022,316,634,1773,471
99124,.,-2.545446,28.955563,.,18.7,20.3,17.6,2.7,1400,0,4954,340,590,1829,497
99125,.,-2.215219,29.324772,.,18,20.1,16.9,3.2,1429,0,4689,461,455,1762,387
99126,.,-2.119589,29.334491,.,19.4,21.4,18.4,3,1347,0,5177,268,734,1822,479
99127,.,-2.155771,29.276488,.,20.3,22.5,19.4,3.1,1318,0,5528,181,995,1876,552
99128,.,-2.367652,29.911272,.,21,22.3,20,2.3,1133,0,5775,131,1203,1961,798
99129,.,-1.691895,30.425765,.,21.1,22.3,20.2,2.1,1100,0,5795,127,1219,1941,842
99130,.,-2.512327,29.013833,.,19.4,21,18.4,2.6,1334,0,5202,256,747,1862,551
99131,.,-1.79012,29.281076,.,20.3,21.9,19.4,2.5,1239,0,5500,181,964,1823,580
99132,.,-2.155191,30.497815,.,21.2,22.6,20.1,2.5,1078,0,5829,123,1250,1934,828
99133,.,-1.91794,29.332728,.,19.6,21.3,18.7,2.6,1258,0,5255,243,787,1787,522
99134,.,-2.260911,29.32733,.,16.9,18.9,15.6,3.3,1421,0,4307,672,295,1715,359
99135,.,-1.805319,30.32798,.,20.3,21.3,19.3,2.1,1119,0,5508,178,969,1895,775
99136,.,-1.691895,30.425765,.,21.1,22.3,20.2,2.1,1100,0,5795,127,1219,1941,842
99137,.,-2.216666,29.363379,.,16.9,18.9,15.7,3.2,1408,0,4298,675,291,1717,370
99138,.,-2.660127,29.038349,.,22.7,24,21.5,2.5,1303,0,6369,64,1754,2030,739
99139,.,-2.304952,29.939739,.,21.2,22.5,20.2,2.3,1123,0,5843,121,1262,1969,814
99140,.,-2.155191,30.497815,.,21.2,22.6,20.1,2.5,1078,0,5829,123,1250,1934,828
99141,.,-1.624752,30.324339,.,20.7,21.8,19.7,2.1,1129,0,5645,152,1085,1924,796
99142,.,-1.79012,29.281076,.,20.3,21.9,19.4,2.5,1239,0,5500,181,964,1823,580
99143,.,-2.367652,29.911272,.,21,22.3,20,2.3,1133,0,5775,131,1203,1961,798
99144,.,-1.866799,29.435356,.,15.2,17,13.8,3.2,1398,1,3684,1128,136,1641,362
99145,.,-2.261796,29.250225,.,19.1,21.2,18.1,3.1,1418,0,5070,307,668,1811,419
99146,.,-2.121157,29.385249,.,18.4,20.3,17.4,2.9,1354,0,4835,390,525,1786,447
99147,.,-2.273777,29.402729,.,17.3,19.1,16.3,2.8,1408,0,4437,586,338,1752,390
99148,.,-1.652162,30.383208,.,20.6,21.7,19.6,2.1,1105,0,5622,156,1066,1909,805
99149,.,-2.15737,29.294115,.,19.9,22,19,3.1,1348,0,5353,221,861,1850,500
99150,.,-1.922671,29.355782,.,19.1,20.8,18.1,2.7,1277,0,5093,293,680,1778,493
99151,.,-1.83984,30.381845,.,20.7,21.9,19.8,2.1,1100,0,5668,147,1102,1929,824
99152,.,-2.278404,29.227296,.,19.8,21.9,18.8,3.1,1383,0,5322,230,837,1852,464
99153,.,-2.786178,29.600855,.,18.9,20.4,17.8,2.6,1257,0,5025,322,640,1874,600
99154,.,-1.801274,29.369163,.,16.9,18.7,15.7,3,1363,0,4299,671,289,1697,413
99155,.,-1.79012,29.281076,.,20.3,21.9,19.4,2.5,1239,0,5500,181,964,1823,580
99156,.,-1.807905,30.352841,.,20.5,21.5,19.5,2,1108,0,5580,163,1025,1909,798
99157,.,-2.39552,29.870008,.,20.7,21.9,19.6,2.3,1157,0,5647,153,1080,1933,748
99158,.,-1.91794,29.332728,.,19.6,21.3,18.7,2.6,1258,0,5255,243,787,1787,522
99159,.,-2.497478,29.021332,.,19.4,21,18.3,2.6,1319,0,5200,257,745,1854,551
99160,.,-2.283984,29.420489,.,17.7,19.3,16.7,2.6,1399,0,4570,514,393,1771,410
99161,.,-2.288785,29.933325,.,21.2,22.4,20.1,2.3,1128,0,5816,124,1238,1962,802
99162,.,-1.91794,29.332728,.,19.6,21.3,18.7,2.6,1258,0,5255,243,787,1787,522
99163,.,-2.273777,29.402729,.,17.3,19.1,16.3,2.8,1408,0,4437,586,338,1752,390
99164,.,-1.951641,29.339573,.,20,21.7,19.1,2.6,1248,0,5404,204,894,1812,558
99165,.,-2.215219,29.324772,.,18,20.1,16.9,3.2,1429,0,4689,461,455,1762,387
99166,.,-2.465943,29.46624,.,17.3,18.8,16,2.8,1358,0,4426,597,337,1769,438
99167,.,-2.337093,29.935391,.,21.3,22.5,20.2,2.3,1123,0,5852,120,1270,1975,820
99168,.,-1.922671,29.355782,.,19.1,20.8,18.1,2.7,1277,0,5093,293,680,1778,493
99169,.,-2.402118,29.277974,.,15.9,18,14.4,3.5,1405,0,3960,911,194,1682,359
99170,.,-1.83984,30.381845,.,20.7,21.9,19.8,2.1,1100,0,5668,147,1102,1929,824
99171,.,-2.241956,29.203203,.,20.3,22.3,19.3,3.1,1310,0,5502,187,974,1880,565
99172,.,-1.905528,29.313364,.,19.7,21.4,18.9,2.5,1248,0,5297,230,815,1780,526
99173,.,-1.801274,29.369163,.,16.9,18.7,15.7,3,1363,0,4299,671,289,1697,413
99174,.,-1.681769,30.382718,.,20.7,21.9,19.8,2.1,1110,0,5670,148,1105,1922,814
99175,.,-2.367652,29.911272,.,21,22.3,20,2.3,1133,0,5775,131,1203,1961,798
99176,.,-2.419527,28.911584,.,20.2,21.8,19.3,2.5,1350,0,5489,185,955,1926,602
99177,.,-2.465943,29.46624,.,17.3,18.8,16,2.8,1358,0,4426,597,337,1769,438
99178,.,-2.155771,29.276488,.,20.3,22.5,19.4,3.1,1318,0,5528,181,995,1876,552
99179,.,-2.241956,29.203203,.,20.3,22.3,19.3,3.1,1310,0,5502,187,974,1880,565
99180,.,-2.526457,29.031318,.,20,21.5,19,2.5,1325,0,5393,206,883,1889,580
99181,.,-2.241956,29.203203,.,20.3,22.3,19.3,3.1,1310,0,5502,187,974,1880,565
99182,.,-2.205352,29.27589,.,19.6,21.8,18.7,3.1,1390,0,5269,245,801,1836,456
99183,.,-2.526457,29.031318,.,20,21.5,19,2.5,1325,0,5393,206,883,1889,580
99184,.,-1.951641,29.339573,.,20,21.7,19.1,2.6,1248,0,5404,204,894,1812,558
99185,.,-1.905528,29.313364,.,19.7,21.4,18.9,2.5,1248,0,5297,230,815,1780,526
99186,.,-1.751045,29.409511,.,15.7,17.5,14.4,3.2,1365,0,3874,967,172,1670,387
99187,.,-2.216666,29.363379,.,16.9,18.9,15.7,3.2,1408,0,4298,675,291,1717,370
99188,.,-2.198526,29.435015,.,17.4,19.3,16.3,3,1391,0,4478,564,356,1758,404
99189,.,-2.203448,29.236491,.,20,22.2,19,3.1,1325,0,5411,207,905,1861,533
99190,.,-2.560385,29.466416,.,17.1,18.6,15.7,2.9,1356,0,4368,629,312,1772,439
99191,.,-2.216666,29.363379,.,16.9,18.9,15.7,3.2,1408,0,4298,675,291,1717,370
99192,.,-2.540884,28.943734,.,18.7,20.3,17.5,2.8,1400,0,4955,340,592,1830,498
99193,.,-1.807905,30.352841,.,20.5,21.5,19.5,2,1108,0,5580,163,1025,1909,798
99194,.,-2.216666,29.363379,.,16.9,18.9,15.7,3.2,1408,0,4298,675,291,1717,370
99195,.,-2.169912,30.628754,.,20.6,22,19.5,2.5,1087,0,5620,158,1064,1902,788
99196,.,-2.367652,29.911272,.,21,22.3,20,2.3,1133,0,5775,131,1203,1961,798
99197,.,-1.79012,29.281076,.,20.3,21.9,19.4,2.5,1239,0,5500,181,964,1823,580
99198,.,-1.959748,29.371088,.,18.9,20.6,18,2.7,1298,0,5022,316,634,1773,471
99199,.,-2.27077,29.348647,.,16.6,18.4,15.3,3.1,1385,0,4177,751,250,1703,368
99200,.,-2.304952,29.939739,.,21.2,22.5,20.2,2.3,1123,0,5843,121,1262,1969,814
99201,.,-2.150092,29.307264,.,19.7,21.8,18.8,3,1355,0,5281,240,807,1840,487
99202,.,-2.465943,29.46624,.,17.3,18.8,16,2.8,1358,0,4426,597,337,1769,438
99203,.,-1.959748,29.371088,.,18.9,20.6,18,2.7,1298,0,5022,316,634,1773,471
99204,.,-2.169912,30.628754,.,20.6,22,19.5,2.5,1087,0,5620,158,1064,1902,788
99205,.,-1.691895,30.425765,.,21.1,22.3,20.2,2.1,1100,0,5795,127,1219,1941,842
99206,.,-1.775763,29.300807,.,19.4,21.1,18.4,2.6,1264,0,5181,263,736,1787,518
99207,.,-2.155191,30.497815,.,21.2,22.6,20.1,2.5,1078,0,5829,123,1250,1934,828
99208,.,-1.905528,29.313364,.,19.7,21.4,18.9,2.5,1248,0,5297,230,815,1780,526
99209,.,-1.698216,30.444291,.,21.1,22.3,20.2,2.1,1096,0,5814,124,1235,1941,845
99210,.,-2.449163,28.945629,.,19.5,21.1,18.4,2.8,1354,0,5216,253,758,1865,542
99211,.,-2.512327,29.013833,.,19.4,21,18.4,2.6,1334,0,5202,256,747,1862,551
99212,.,-2.464643,29.519388,.,17.8,19.3,16.5,2.8,1362,0,4616,496,418,1803,459
99213,.,-1.775763,29.300807,.,19.4,21.1,18.4,2.6,1264,0,5181,263,736,1787,518
99214,.,-2.155191,30.497815,.,21.2,22.6,20.1,2.5,1078,0,5829,123,1250,1934,828
99215,.,-2.367652,29.911272,.,21,22.3,20,2.3,1133,0,5775,131,1203,1961,798
99216,.,-2.449163,28.945629,.,19.5,21.1,18.4,2.8,1354,0,5216,253,758,1865,542
99217,.,-2.109378,29.263193,.,20.8,22.8,19.8,3,1250,0,5680,149,1122,1899,644
99218,.,-1.922671,29.355782,.,19.1,20.8,18.1,2.7,1277,0,5093,293,680,1778,493
99219,.,-2.419527,28.911584,.,20.2,21.8,19.3,2.5,1350,0,5489,185,955,1926,602
99220,.,-2.155191,30.497815,.,21.2,22.6,20.1,2.5,1078,0,5829,123,1250,1934,828
99221,.,-2.367652,29.911272,.,21,22.3,20,2.3,1133,0,5775,131,1203,1961,798
99222,.,-1.902497,29.378303,.,18,19.7,17,2.8,1344,0,4702,449,456,1739,437
99223,.,-2.461284,29.823219,.,20.6,21.9,19.5,2.5,1174,0,5618,160,1059,1935,736
99224,.,-2.087454,29.335564,.,20,22,19.2,2.9,1298,0,5401,207,893,1855,549
99225,.,-2.216666,29.363379,.,16.9,18.9,15.7,3.2,1408,0,4298,675,291,1717,370
99226,.,-2.27077,29.348647,.,16.6,18.4,15.3,3.1,1385,0,4177,751,250,1703,368
99227,.,-2.119589,29.334491,.,19.4,21.4,18.4,3,1347,0,5177,268,734,1822,479
99228,.,-1.79012,29.281076,.,20.3,21.9,19.4,2.5,1239,0,5500,181,964,1823,580
99229,.,-2.119589,29.334491,.,19.4,21.4,18.4,3,1347,0,5177,268,734,1822,479
99230,.,-2.155191,30.497815,.,21.2,22.6,20.1,2.5,1078,0,5829,123,1250,1934,828
99231,.,-2.241956,29.203203,.,20.3,22.3,19.3,3.1,1310,0,5502,187,974,1880,565
99232,.,-2.288785,29.933325,.,21.2,22.4,20.1,2.3,1128,0,5816,124,1238,1962,802
99233,.,-2.150092,29.307264,.,19.7,21.8,18.8,3,1355,0,5281,240,807,1840,487
99234,.,-1.851691,30.345696,.,20.7,21.8,19.8,2,1107,0,5657,149,1094,1923,810
99235,.,-2.542302,28.899461,.,19.6,21,18.5,2.5,1386,0,5253,242,783,1878,541
99236,.,-2.540884,28.943734,.,18.7,20.3,17.5,2.8,1400,0,4955,340,592,1830,498
99237,.,-2.119589,29.334491,.,19.4,21.4,18.4,3,1347,0,5177,268,734,1822,479
99238,.,-2.119589,29.334491,.,19.4,21.4,18.4,3,1347,0,5177,268,734,1822,479
99239,.,-2.337093,29.935391,.,21.3,22.5,20.2,2.3,1123,0,5852,120,1270,1975,820
99240,.,-1.851691,30.345696,.,20.7,21.8,19.8,2,1107,0,5657,149,1094,1923,810
99241,.,-2.57965,29.075186,.,20.6,22,19.5,2.5,1331,0,5620,158,1058,1907,592
99242,.,-2.180866,29.386705,.,16.9,18.8,15.6,3.2,1380,0,4285,682,286,1719,390
99243,.,-2.275903,29.373209,.,16.7,18.5,15.5,3,1394,0,4231,714,266,1718,371
99244,.,-1.691895,30.425765,.,21.1,22.3,20.2,2.1,1100,0,5795,127,1219,1941,842
99245,.,-2.150092,29.307264,.,19.7,21.8,18.8,3,1355,0,5281,240,807,1840,487
99246,.,-1.775763,29.300807,.,19.4,21.1,18.4,2.6,1264,0,5181,263,736,1787,518
99247,.,-1.801274,29.369163,.,16.9,18.7,15.7,3,1363,0,4299,671,289,1697,413
99248,.,-2.119589,29.334491,.,19.4,21.4,18.4,3,1347,0,5177,268,734,1822,479
99249,.,-2.54471,29.087964,.,19.7,21.2,18.6,2.7,1356,0,5290,233,810,1862,526
99250,.,-2.540884,28.943734,.,18.7,20.3,17.5,2.8,1400,0,4955,340,592,1830,498
99251,.,-2.15737,29.294115,.,19.9,22,19,3.1,1348,0,5353,221,861,1850,500
99252,.,-1.805319,30.32798,.,20.3,21.3,19.3,2.1,1119,0,5508,178,969,1895,775
99253,.,-2.216666,29.363379,.,16.9,18.9,15.7,3.2,1408,0,4298,675,291,1717,370
99254,.,-2.169912,30.628754,.,20.6,22,19.5,2.5,1087,0,5620,158,1064,1902,788
99255,.,-1.851691,30.345696,.,20.7,21.8,19.8,2,1107,0,5657,149,1094,1923,810
99256,.,-2.216666,29.363379,.,16.9,18.9,15.7,3.2,1408,0,4298,675,291,1717,370
99257,.,-2.119589,29.334491,.,19.4,21.4,18.4,3,1347,0,5177,268,734,1822,479
99258,.,-2.216666,29.363379,.,16.9,18.9,15.7,3.2,1408,0,4298,675,291,1717,370
99259,.,-1.594008,30.35578,.,21,22.2,20.1,2.2,1100,0,5774,130,1202,1944,842
99260,.,-2.312194,29.296078,.,16.6,18.6,15.2,3.4,1445,0,4187,752,257,1703,347
99261,.,-2.155191,30.497815,.,21.2,22.6,20.1,2.5,1078,0,5829,123,1250,1934,828
99262,.,-2.15737,29.294115,.,19.9,22,19,3.1,1348,0,5353,221,861,1850,500
99263,.,-2.501688,28.925765,.,19.1,20.6,17.8,2.8,1380,0,5079,297,668,1849,515
99264,.,-2.473346,28.938988,.,19.1,20.7,17.9,2.8,1365,0,5089,293,674,1846,518
99265,.,-1.905528,29.313364,.,19.7,21.4,18.9,2.5,1248,0,5297,230,815,1780,526
99266,.,-1.944263,29.464893,.,16,17.9,14.9,3,1454,0,3985,885,197,1695,380
99267,.,-2.241956,29.203203,.,20.3,22.3,19.3,3.1,1310,0,5502,187,974,1880,565
99268,.,-2.288785,29.933325,.,21.2,22.4,20.1,2.3,1128,0,5816,124,1238,1962,802
99269,.,-1.775763,29.300807,.,19.4,21.1,18.4,2.6,1264,0,5181,263,736,1787,518
99270,.,-2.150092,29.307264,.,19.7,21.8,18.8,3,1355,0,5281,240,807,1840,487
99271,.,-2.278404,29.227296,.,19.8,21.9,18.8,3.1,1383,0,5322,230,837,1852,464
99272,.,-2.633743,28.956475,.,20.4,21.6,19.2,2.4,1367,0,5529,175,988,1893,558
99273,.,-1.681769,30.382718,.,20.7,21.9,19.8,2.1,1110,0,5670,148,1105,1922,814
99274,.,-2.216666,29.363379,.,16.9,18.9,15.7,3.2,1408,0,4298,675,291,1717,370
99275,.,-2.216666,29.363379,.,16.9,18.9,15.7,3.2,1408,0,4298,675,291,1717,370
99276,.,-2.386181,29.201698,.,18.8,20.8,17.6,3.2,1456,0,4981,337,613,1799,389
99277,.,-1.801274,29.369163,.,16.9,18.7,15.7,3,1363,0,4299,671,289,1697,413
99278,.,-2.526457,29.031318,.,20,21.5,19,2.5,1325,0,5393,206,883,1889,580
99279,.,-2.278404,29.227296,.,19.8,21.9,18.8,3.1,1383,0,5322,230,837,1852,464
99280,.,-2.349504,29.023777,.,20.3,22.1,19.5,2.6,1295,0,5525,176,984,1890,592
99281,.,-2.419527,28.911584,.,20.2,21.8,19.3,2.5,1350,0,5489,185,955,1926,602
99282,.,-2.130149,29.264261,.,20.7,22.8,19.7,3.1,1270,0,5650,156,1099,1896,621
99283,.,-2.275903,29.373209,.,16.7,18.5,15.5,3,1394,0,4231,714,266,1718,371
99284,.,-1.860699,29.299314,.,19.8,21.5,18.9,2.6,1243,0,5346,218,851,1796,548
99285,.,-2.130149,29.264261,.,20.7,22.8,19.7,3.1,1270,0,5650,156,1099,1896,621
99286,.,-2.331875,29.278102,.,16.8,18.8,15.4,3.4,1444,0,4255,708,279,1709,350
99287,.,-2.304952,29.939739,.,21.2,22.5,20.2,2.3,1123,0,5843,121,1262,1969,814
99288,.,-2.119589,29.334491,.,19.4,21.4,18.4,3,1347,0,5177,268,734,1822,479
99289,.,-2.391938,29.922466,.,21.2,22.4,20.1,2.3,1127,0,5828,123,1250,1974,816
99290,.,-2.288785,29.933325,.,21.2,22.4,20.1,2.3,1128,0,5816,124,1238,1962,802
99291,.,-2.216666,29.363379,.,16.9,18.9,15.7,3.2,1408,0,4298,675,291,1717,370
99292,.,-1.91794,29.332728,.,19.6,21.3,18.7,2.6,1258,0,5255,243,787,1787,522
99293,.,-2.215219,29.324772,.,18,20.1,16.9,3.2,1429,0,4689,461,455,1762,387
99294,.,-2.402118,29.277974,.,15.9,18,14.4,3.5,1405,0,3960,911,194,1682,359
99295,.,-2.155191,30.497815,.,21.2,22.6,20.1,2.5,1078,0,5829,123,1250,1934,828
99296,.,-1.624752,30.324339,.,20.7,21.8,19.7,2.1,1129,0,5645,152,1085,1924,796
99297,.,-2.337093,29.935391,.,21.3,22.5,20.2,2.3,1123,0,5852,120,1270,1975,820
99298,.,-2.337093,29.935391,.,21.3,22.5,20.2,2.3,1123,0,5852,120,1270,1975,820
99299,.,-1.775763,29.300807,.,19.4,21.1,18.4,2.6,1264,0,5181,263,736,1787,518
99300,.,-2.240725,29.419404,.,17.8,19.5,16.8,2.7,1397,0,4604,496,409,1773,412
99301,.,-1.801274,29.369163,.,16.9,18.7,15.7,3,1363,0,4299,671,289,1697,413
99302,.,-2.57965,29.075186,.,20.6,22,19.5,2.5,1331,0,5620,158,1058,1907,592
99303,.,-1.922671,29.355782,.,19.1,20.8,18.1,2.7,1277,0,5093,293,680,1778,493
99304,.,-2.220549,29.205805,.,20.3,22.4,19.3,3.1,1294,0,5515,184,985,1881,583
99305,.,-1.951641,29.339573,.,20,21.7,19.1,2.6,1248,0,5404,204,894,1812,558
99306,.,-2.402118,29.277974,.,15.9,18,14.4,3.5,1405,0,3960,911,194,1682,359
99307,.,-2.402118,29.277974,.,15.9,18,14.4,3.5,1405,0,3960,911,194,1682,359
99308,.,-2.241956,29.203203,.,20.3,22.3,19.3,3.1,1310,0,5502,187,974,1880,565
99309,.,-2.14863,29.506425,.,18.6,20.1,17.7,2.3,1323,0,4888,362,549,1818,492
99310,.,-2.119589,29.334491,.,19.4,21.4,18.4,3,1347,0,5177,268,734,1822,479
99311,.,-2.576348,28.978458,.,19.5,20.9,18.4,2.5,1383,0,5217,252,758,1860,527
99312,.,-2.205352,29.27589,.,19.6,21.8,18.7,3.1,1390,0,5269,245,801,1836,456
99313,.,-2.449438,29.037304,.,19.5,21.2,18.4,2.8,1322,0,5231,249,768,1847,541
99314,.,-2.507168,29.083158,.,19,20.6,17.8,2.8,1371,0,5055,304,653,1828,485
99315,.,-2.545446,28.955563,.,18.7,20.3,17.6,2.7,1400,0,4954,340,590,1829,497
99316,.,-2.220549,29.205805,.,20.3,22.4,19.3,3.1,1294,0,5515,184,985,1881,583
99317,.,-1.775763,29.300807,.,19.4,21.1,18.4,2.6,1264,0,5181,263,736,1787,518
99318,.,-1.230314,30.316666,.,21.1,22.1,20.1,2,1131,0,5800,125,1221,1949,826
99319,.,-1.56833,30.504755,.,21.4,22.6,20.4,2.2,1091,0,5920,109,1326,1960,873
99320,.,-1.374756,30.24839,.,20.9,22,19.9,2.1,1145,0,5732,137,1156,1952,815
99321,.,-2.460009,29.575758,.,18.5,20,17.3,2.7,1326,0,4874,380,551,1845,513
99322,.,-2.055082,29.400984,.,19.5,21.3,18.6,2.7,1295,0,5237,248,775,1838,533
99323,.,-1.691895,30.425765,.,21.1,22.3,20.2,2.1,1100,0,5795,127,1219,1941,842
99324,.,-2.395354,29.452267,.,17.2,18.9,16,2.8,1370,0,4408,607,329,1760,424
99325,.,-1.762952,29.317392,.,18.7,20.5,17.7,2.8,1281,0,4948,344,589,1765,482
99326,.,-1.390426,30.302614,.,21,22,19.9,2.2,1126,0,5757,133,1186,1957,837
99327,.,-1.762952,29.317392,.,18.7,20.5,17.7,2.8,1281,0,4948,344,589,1765,482
99328,.,-1.374756,30.24839,.,20.9,22,19.9,2.1,1145,0,5732,137,1156,1952,815
99329,.,-2.423585,29.922699,.,21.2,22.5,20.1,2.4,1129,0,5833,122,1254,1974,813
99330,.,-2.423585,29.922699,.,21.2,22.5,20.1,2.4,1129,0,5833,122,1254,1974,813
99331,.,-2.660127,29.038349,.,22.7,24,21.5,2.5,1303,0,6369,64,1754,2030,739
99332,.,-1.56833,30.504755,.,21.4,22.6,20.4,2.2,1091,0,5920,109,1326,1960,873
99333,.,-1.762952,29.317392,.,18.7,20.5,17.7,2.8,1281,0,4948,344,589,1765,482
99334,.,-1.681769,30.382718,.,20.7,21.9,19.8,2.1,1110,0,5670,148,1105,1922,814
99335,.,-2.407392,29.231279,.,17.5,19.4,16.1,3.3,1446,0,4519,549,376,1741,361
99336,.,-2.212605,29.505841,.,18.9,20.4,18,2.4,1322,0,5014,319,626,1839,511
99337,.,-1.56833,30.504755,.,21.4,22.6,20.4,2.2,1091,0,5920,109,1326,1960,873
99338,.,-1.421029,30.293965,.,21,22.1,20,2.1,1122,0,5768,131,1196,1961,843
99339,.,-1.79012,29.281076,.,20.3,21.9,19.4,2.5,1239,0,5500,181,964,1823,580
99340,.,-1.795746,29.300162,.,19.5,21.1,18.5,2.6,1263,0,5212,254,757,1786,518
99341,.,-2.366416,29.129074,.,19.9,21.8,19,2.8,1374,0,5359,217,860,1848,474
99342,.,-1.390426,30.302614,.,21,22,19.9,2.2,1126,0,5757,133,1186,1957,837
99343,.,-1.775763,29.300807,.,19.4,21.1,18.4,2.6,1264,0,5181,263,736,1787,518
99344,.,-2.463238,29.663751,.,19.4,20.8,18.2,2.5,1271,0,5185,268,743,1890,599
99345,.,-2.463238,29.663751,.,19.4,20.8,18.2,2.5,1271,0,5185,268,743,1890,599
99346,.,-2.528927,29.860934,.,20.7,22,19.6,2.4,1159,0,5661,152,1095,1942,755
99347,.,-2.407392,29.231279,.,17.5,19.4,16.1,3.3,1446,0,4519,549,376,1741,361
99348,.,-2.181692,30.591866,.,20.9,22.3,19.8,2.6,1070,0,5728,139,1164,1914,810
99349,.,-1.762952,29.317392,.,18.7,20.5,17.7,2.8,1281,0,4948,344,589,1765,482
99350,.,-1.795746,29.300162,.,19.5,21.1,18.5,2.6,1263,0,5212,254,757,1786,518
99351,.,-2.367544,29.840123,.,20.5,21.7,19.3,2.4,1172,0,5572,167,1021,1918,720
99352,.,-2.541473,29.738355,.,19.4,20.8,18,2.8,1214,0,5190,266,746,1886,650
99353,.,-1.361508,30.314022,.,21,22.1,19.8,2.2,1124,0,5774,130,1200,1955,837
99354,.,-1.652162,30.383208,.,20.6,21.7,19.6,2.1,1105,0,5622,156,1066,1909,805
99355,.,-2.692191,29.009944,.,23.1,24.4,22,2.4,1350,0,6510,54,1890,2060,760
99356,.,-1.58187,30.319276,.,20.9,22,19.9,2.1,1119,0,5719,140,1153,1949,831
99357,.,-1.554477,30.651865,.,20.7,21.8,19.7,2.1,1152,0,5651,150,1088,1888,771
99358,.,-1.772398,29.337346,.,18,19.7,16.9,2.9,1309,0,4683,458,447,1735,448
99359,.,-2.775763,29.680363,.,19.8,21.3,18.6,2.7,1229,0,5323,231,842,1922,668
99360,.,-1.775763,29.300807,.,19.4,21.1,18.4,2.6,1264,0,5181,263,736,1787,518
99361,.,-1.942984,30.492704,.,20.7,22,19.4,2.5,1108,0,5655,151,1094,1920,804
99362,.,-1.56833,30.504755,.,21.4,22.6,20.4,2.2,1091,0,5920,109,1326,1960,873
99363,.,-1.268348,30.393235,.,21,22,19.9,2.1,1138,0,5768,130,1184,1921,795
99364,.,-2.252655,29.960625,.,21.2,22.4,20.2,2.3,1125,0,5841,121,1259,1969,812
99365,.,-2.407392,29.231279,.,17.5,19.4,16.1,3.3,1446,0,4519,549,376,1741,361
99366,.,-2.500503,29.912313,.,21.2,22.5,20.1,2.4,1136,0,5818,125,1242,1975,807
99367,.,-2.040669,30.525018,.,21,22.3,19.8,2.5,1097,0,5766,132,1195,1932,824
99368,.,-2.034435,30.561443,.,20.7,22,19.5,2.5,1102,0,5651,152,1096,1903,794
99369,.,-1.421029,30.293965,.,21,22.1,20,2.1,1122,0,5768,131,1196,1961,843
99370,.,-1.268797,30.358768,.,21.2,22.2,20,2.2,1130,0,5820,123,1239,1948,826
99371,.,-2.617702,29.004031,.,21.8,23.1,20.8,2.3,1314,0,6052,94,1444,1976,659
99372,.,-1.361508,30.314022,.,21,22.1,19.8,2.2,1124,0,5774,130,1200,1955,837
99373,.,-2.298851,29.760384,.,19.3,20.6,18,2.7,1186,0,5154,272,717,1867,659
99374,.,-2.362626,29.191142,.,18.9,20.9,17.7,3.2,1457,0,4995,332,621,1795,391
99375,.,-1.58187,30.319276,.,20.9,22,19.9,2.1,1119,0,5719,140,1153,1949,831
99376,.,-2.424939,29.214901,.,17.7,19.6,16.4,3.3,1446,0,4587,512,405,1753,362
99377,.,-2.39552,29.870008,.,20.7,21.9,19.6,2.3,1157,0,5647,153,1080,1933,748
99378,.,-1.56833,30.504755,.,21.4,22.6,20.4,2.2,1091,0,5920,109,1326,1960,873
99379,.,-1.938355,30.62019,.,21.3,22.6,20.3,2.2,1120,0,5871,115,1284,1937,821
99380,.,-1.382473,30.271984,.,21.1,22.1,20,2.1,1130,0,5779,129,1205,1962,838
99381,.,-1.554477,30.651865,.,20.7,21.8,19.7,2.1,1152,0,5651,150,1088,1888,771
99382,.,-1.79012,29.281076,.,20.3,21.9,19.4,2.5,1239,0,5500,181,964,1823,580
99383,.,-1.56833,30.504755,.,21.4,22.6,20.4,2.2,1091,0,5920,109,1326,1960,873
99384,.,-2.11892,29.600201,.,19.7,21,18.7,2.3,1243,0,5287,231,805,1888,629
99385,.,-1.902497,29.378303,.,18,19.7,17,2.8,1344,0,4702,449,456,1739,437
99386,.,-2.155191,30.497815,.,21.2,22.6,20.1,2.5,1078,0,5829,123,1250,1934,828
99387,.,-1.762952,29.317392,.,18.7,20.5,17.7,2.8,1281,0,4948,344,589,1765,482
99388,.,-2.362626,29.191142,.,18.9,20.9,17.7,3.2,1457,0,4995,332,621,1795,391
99389,.,-1.698216,30.444291,.,21.1,22.3,20.2,2.1,1096,0,5814,124,1235,1941,845
99390,.,-2.660127,29.038349,.,22.7,24,21.5,2.5,1303,0,6369,64,1754,2030,739
99391,.,-2.660127,29.038349,.,22.7,24,21.5,2.5,1303,0,6369,64,1754,2030,739
99392,.,-1.755245,29.338848,.,18.1,19.8,16.9,2.9,1301,0,4717,442,464,1747,457
99393,.,-1.795746,29.300162,.,19.5,21.1,18.5,2.6,1263,0,5212,254,757,1786,518
99394,.,-1.659416,30.412282,.,20.8,21.9,19.9,2.1,1099,0,5704,141,1132,1923,825
99395,.,-1.382473,30.271984,.,21.1,22.1,20,2.1,1130,0,5779,129,1205,1962,838
99396,.,-2.395354,29.452267,.,17.2,18.9,16,2.8,1370,0,4408,607,329,1760,424
99397,.,-1.268348,30.393235,.,21,22,19.9,2.1,1138,0,5768,130,1184,1921,795
99398,.,-2.056744,30.600274,.,20.6,22,19.5,2.4,1113,0,5635,154,1076,1891,785
99399,.,-1.56833,30.504755,.,21.4,22.6,20.4,2.2,1091,0,5920,109,1326,1960,873
99400,.,-2.407392,29.231279,.,17.5,19.4,16.1,3.3,1446,0,4519,549,376,1741,361
99401,.,-1.762952,29.317392,.,18.7,20.5,17.7,2.8,1281,0,4948,344,589,1765,482
99402,.,-2.182105,30.522805,.,20.8,22.2,19.7,2.4,1074,0,5694,144,1134,1911,803
99403,.,-1.698216,30.444291,.,21.1,22.3,20.2,2.1,1096,0,5814,124,1235,1941,845
99404,.,-1.58187,30.319276,.,20.9,22,19.9,2.1,1119,0,5719,140,1153,1949,831
99405,.,-1.659416,30.412282,.,20.8,21.9,19.9,2.1,1099,0,5704,141,1132,1923,825
99406,.,-1.985503,30.548929,.,20.8,22,19.6,2.4,1106,0,5674,147,1114,1910,797
99407,.,-1.382473,30.271984,.,21.1,22.1,20,2.1,1130,0,5779,129,1205,1962,838
99408,.,-2.155191,30.497815,.,21.2,22.6,20.1,2.5,1078,0,5829,123,1250,1934,828
99409,.,-1.58187,30.319276,.,20.9,22,19.9,2.1,1119,0,5719,140,1153,1949,831
99410,.,-2.126985,29.546842,.,18.7,20.1,17.9,2.3,1291,0,4948,338,583,1828,528
99411,.,-1.228522,30.430619,.,21.3,22.3,20.2,2.2,1155,0,5856,117,1268,1932,795
99412,.,-1.58187,30.319276,.,20.9,22,19.9,2.1,1119,0,5719,140,1153,1949,831
99413,.,-1.985503,30.548929,.,20.8,22,19.6,2.4,1106,0,5674,147,1114,1910,797
99414,.,-1.652162,30.383208,.,20.6,21.7,19.6,2.1,1105,0,5622,156,1066,1909,805
99415,.,-1.775763,29.300807,.,19.4,21.1,18.4,2.6,1264,0,5181,263,736,1787,518
99416,.,-1.938355,30.62019,.,21.3,22.6,20.3,2.2,1120,0,5871,115,1284,1937,821
99417,.,-2.355086,29.395743,.,16.3,18.2,15,3.1,1413,0,4067,826,220,1710,350
99418,.,-1.762952,29.317392,.,18.7,20.5,17.7,2.8,1281,0,4948,344,589,1765,482
99419,.,-2.225199,29.488218,.,18.7,20.2,17.7,2.5,1350,0,4941,346,582,1823,482
99420,.,-2.676572,29.855366,.,20.4,21.8,19.3,2.5,1128,0,5539,175,997,1927,770
99421,.,-1.938355,30.62019,.,21.3,22.6,20.3,2.2,1120,0,5871,115,1284,1937,821
99422,.,-2.056744,30.600274,.,20.6,22,19.5,2.4,1113,0,5635,154,1076,1891,785
99423,.,-1.691895,30.425765,.,21.1,22.3,20.2,2.1,1100,0,5795,127,1219,1941,842
99424,.,-2.225199,29.488218,.,18.7,20.2,17.7,2.5,1350,0,4941,346,582,1823,482
99425,.,-2.424939,29.214901,.,17.7,19.6,16.4,3.3,1446,0,4587,512,405,1753,362
99426,.,-1.594008,30.35578,.,21,22.2,20.1,2.2,1100,0,5774,130,1202,1944,842
99427,.,-1.938355,30.62019,.,21.3,22.6,20.3,2.2,1120,0,5871,115,1284,1937,821
99428,.,-1.698216,30.444291,.,21.1,22.3,20.2,2.1,1096,0,5814,124,1235,1941,845
99429,.,-2.155191,30.497815,.,21.2,22.6,20.1,2.5,1078,0,5829,123,1250,1934,828
99430,.,-1.938355,30.62019,.,21.3,22.6,20.3,2.2,1120,0,5871,115,1284,1937,821
99431,.,-1.228522,30.430619,.,21.3,22.3,20.2,2.2,1155,0,5856,117,1268,1932,795
99432,.,-2.39552,29.870008,.,20.7,21.9,19.6,2.3,1157,0,5647,153,1080,1933,748
99433,.,-1.762952,29.317392,.,18.7,20.5,17.7,2.8,1281,0,4948,344,589,1765,482
99434,.,-1.56833,30.504755,.,21.4,22.6,20.4,2.2,1091,0,5920,109,1326,1960,873
99435,.,-2.083403,29.576325,.,18.8,20.2,17.9,2.3,1290,0,4986,324,605,1836,535
99436,.,-1.985503,30.548929,.,20.8,22,19.6,2.4,1106,0,5674,147,1114,1910,797
99437,.,-2.512327,29.013833,.,19.4,21,18.4,2.6,1334,0,5202,256,747,1862,551
99438,.,-1.698216,30.444291,.,21.1,22.3,20.2,2.1,1096,0,5814,124,1235,1941,845
99439,.,-1.938355,30.62019,.,21.3,22.6,20.3,2.2,1120,0,5871,115,1284,1937,821
99440,.,-2.252655,29.960625,.,21.2,22.4,20.2,2.3,1125,0,5841,121,1259,1969,812
99441,.,-1.938355,30.62019,.,21.3,22.6,20.3,2.2,1120,0,5871,115,1284,1937,821
99442,.,-1.79012,29.281076,.,20.3,21.9,19.4,2.5,1239,0,5500,181,964,1823,580
99443,.,-1.421029,30.293965,.,21,22.1,20,2.1,1122,0,5768,131,1196,1961,843
99444,.,-2.692191,29.009944,.,23.1,24.4,22,2.4,1350,0,6510,54,1890,2060,760
99445,.,-1.554477,30.651865,.,20.7,21.8,19.7,2.1,1152,0,5651,150,1088,1888,771
99446,.,-1.659416,30.412282,.,20.8,21.9,19.9,2.1,1099,0,5704,141,1132,1923,825
99447,.,-2.040669,30.525018,.,21,22.3,19.8,2.5,1097,0,5766,132,1195,1932,824
99448,.,-1.554477,30.651865,.,20.7,21.8,19.7,2.1,1152,0,5651,150,1088,1888,771
99449,.,-1.652162,30.383208,.,20.6,21.7,19.6,2.1,1105,0,5622,156,1066,1909,805
99450,.,-1.554477,30.651865,.,20.7,21.8,19.7,2.1,1152,0,5651,150,1088,1888,771
99451,.,-2.39552,29.870008,.,20.7,21.9,19.6,2.3,1157,0,5647,153,1080,1933,748
99452,.,-2.212605,29.505841,.,18.9,20.4,18,2.4,1322,0,5014,319,626,1839,511
99453,.,-2.252655,29.960625,.,21.2,22.4,20.2,2.3,1125,0,5841,121,1259,1969,812
99454,.,-2.692191,29.009944,.,23.1,24.4,22,2.4,1350,0,6510,54,1890,2060,760
99455,.,-1.942984,30.492704,.,20.7,22,19.4,2.5,1108,0,5655,151,1094,1920,804
99456,.,-2.11892,29.600201,.,19.7,21,18.7,2.3,1243,0,5287,231,805,1888,629
99457,.,-1.390426,30.302614,.,21,22,19.9,2.2,1126,0,5757,133,1186,1957,837
99458,.,-1.374756,30.24839,.,20.9,22,19.9,2.1,1145,0,5732,137,1156,1952,815
99459,.,-2.306946,29.701644,.,19.2,20.5,17.8,2.7,1216,0,5106,289,687,1874,638
99460,.,-2.056744,30.600274,.,20.6,22,19.5,2.4,1113,0,5635,154,1076,1891,785
99461,.,-2.288785,29.933325,.,21.2,22.4,20.1,2.3,1128,0,5816,124,1238,1962,802
99462,.,-2.660127,29.038349,.,22.7,24,21.5,2.5,1303,0,6369,64,1754,2030,739
99463,.,-1.795746,29.300162,.,19.5,21.1,18.5,2.6,1263,0,5212,254,757,1786,518
99464,.,-2.083403,29.576325,.,18.8,20.2,17.9,2.3,1290,0,4986,324,605,1836,535
99465,.,-1.775763,29.300807,.,19.4,21.1,18.4,2.6,1264,0,5181,263,736,1787,518
99466,.,-2.512327,29.013833,.,19.4,21,18.4,2.6,1334,0,5202,256,747,1862,551
99467,.,-2.407392,29.231279,.,17.5,19.4,16.1,3.3,1446,0,4519,549,376,1741,361
99468,.,-1.594008,30.35578,.,21,22.2,20.1,2.2,1100,0,5774,130,1202,1944,842
99469,.,-2.39552,29.870008,.,20.7,21.9,19.6,2.3,1157,0,5647,153,1080,1933,748
99470,.,-1.942984,30.492704,.,20.7,22,19.4,2.5,1108,0,5655,151,1094,1920,804
99471,.,-2.423585,29.922699,.,21.2,22.5,20.1,2.4,1129,0,5833,122,1254,1974,813
99472,.,-1.382473,30.271984,.,21.1,22.1,20,2.1,1130,0,5779,129,1205,1962,838
99473,.,-1.56833,30.504755,.,21.4,22.6,20.4,2.2,1091,0,5920,109,1326,1960,873
99474,.,-1.691895,30.425765,.,21.1,22.3,20.2,2.1,1100,0,5795,127,1219,1941,842
99475,.,-1.268348,30.393235,.,21,22,19.9,2.1,1138,0,5768,130,1184,1921,795
99476,.,-1.58187,30.319276,.,20.9,22,19.9,2.1,1119,0,5719,140,1153,1949,831
99477,.,-2.106417,30.478211,.,21.5,22.9,20.4,2.5,1082,0,5937,108,1344,1959,858
99478,.,-1.902497,29.378303,.,18,19.7,17,2.8,1344,0,4702,449,456,1739,437
99479,.,-2.212605,29.505841,.,18.9,20.4,18,2.4,1322,0,5014,319,626,1839,511
99480,.,-1.347578,30.251537,.,21,22,19.9,2.1,1144,0,5746,134,1167,1951,816
99481,.,-2.11892,29.600201,.,19.7,21,18.7,2.3,1243,0,5287,231,805,1888,629
99482,.,-2.423585,29.922699,.,21.2,22.5,20.1,2.4,1129,0,5833,122,1254,1974,813
99483,.,-1.795746,29.300162,.,19.5,21.1,18.5,2.6,1263,0,5212,254,757,1786,518
99484,.,-1.56833,30.504755,.,21.4,22.6,20.4,2.2,1091,0,5920,109,1326,1960,873
99485,.,-1.421029,30.293965,.,21,22.1,20,2.1,1122,0,5768,131,1196,1961,843
99486,.,-2.386181,29.201698,.,18.8,20.8,17.6,3.2,1456,0,4981,337,613,1799,389
99487,.,-1.79012,29.281076,.,20.3,21.9,19.4,2.5,1239,0,5500,181,964,1823,580
99488,.,-1.775763,29.300807,.,19.4,21.1,18.4,2.6,1264,0,5181,263,736,1787,518
99489,.,-1.762952,29.317392,.,18.7,20.5,17.7,2.8,1281,0,4948,344,589,1765,482
99490,.,-2.45511,29.107864,.,18.4,20.1,17.1,3,1406,0,4835,390,524,1782,424
99491,.,-2.182105,30.522805,.,20.8,22.2,19.7,2.4,1074,0,5694,144,1134,1911,803
99492,.,-1.79012,29.281076,.,20.3,21.9,19.4,2.5,1239,0,5500,181,964,1823,580
99493,.,-1.938355,30.62019,.,21.3,22.6,20.3,2.2,1120,0,5871,115,1284,1937,821
99494,.,-2.500503,29.912313,.,21.2,22.5,20.1,2.4,1136,0,5818,125,1242,1975,807
99495,.,-2.47754,29.801853,.,20.3,21.6,19.1,2.5,1181,0,5518,180,982,1921,715
99496,.,-1.230314,30.316666,.,21.1,22.1,20.1,2,1131,0,5800,125,1221,1949,826
99497,.,-2.526457,29.031318,.,20,21.5,19,2.5,1325,0,5393,206,883,1889,580
99498,.,-1.812803,30.487035,.,20.5,21.7,19.4,2.3,1097,0,5593,162,1035,1901,805
99499,.,-1.347578,30.251537,.,21,22,19.9,2.1,1144,0,5746,134,1167,1951,816
99500,.,-1.56833,30.504755,.,21.4,22.6,20.4,2.2,1091,0,5920,109,1326,1960,873
99501,.,-1.390426,30.302614,.,21,22,19.9,2.2,1126,0,5757,133,1186,1957,837
99502,.,-1.716138,30.49926,.,21.1,22.3,20.1,2.2,1091,0,5802,126,1225,1933,839
99503,.,-2.288785,29.933325,.,21.2,22.4,20.1,2.3,1128,0,5816,124,1238,1962,802
99504,.,-1.795746,29.300162,.,19.5,21.1,18.5,2.6,1263,0,5212,254,757,1786,518
99505,.,-2.47754,29.801853,.,20.3,21.6,19.1,2.5,1181,0,5518,180,982,1921,715
99506,.,-1.56833,30.504755,.,21.4,22.6,20.4,2.2,1091,0,5920,109,1326,1960,873
99507,.,-1.268797,30.358768,.,21.2,22.2,20,2.2,1130,0,5820,123,1239,1948,826
100959,.,-1.5817,30.267561,.,20.6,21.7,19.6,2,1159,0,5602,161,1044,1926,770
100960,.,-1.5817,30.267561,.,20.6,21.7,19.6,2,1159,0,5602,161,1044,1926,770
100961,.,-2.05107,30.278927,.,20.8,22.1,19.7,2.4,1118,0,5697,143,1135,1928,794
100962,.,-2.482915,29.048744,.,19.1,20.6,17.9,2.7,1336,0,5082,294,668,1828,509
100963,.,-2.540517,29.391536,.,15.9,17.7,14.6,3.1,1369,0,3958,903,190,1711,393
100964,.,-2.443513,28.916658,.,20,21.6,18.9,2.6,1354,0,5397,206,887,1906,580
100965,.,-1.92605,29.301744,.,20.4,22.1,19.6,2.5,1224,0,5548,171,1004,1818,588
100966,.,-2.05107,30.278927,.,20.8,22.1,19.7,2.4,1118,0,5697,143,1135,1928,794
100967,.,-2.071758,30.538426,.,20.9,22.2,19.8,2.5,1093,0,5737,137,1171,1919,813
100968,.,-2.17268,29.338491,.,18.2,20.3,17,3.2,1413,0,4754,430,486,1767,406
100969,.,-2.078765,30.623542,.,20.6,22,19.6,2.3,1117,0,5630,154,1071,1895,783
100970,.,-1.993151,29.491127,.,16.2,18,15,3,1458,0,4039,845,211,1709,376
100971,.,-2.029987,29.527601,.,16.7,18.4,15.7,2.7,1451,0,4225,712,261,1735,387
100972,.,-1.92605,29.301744,.,20.4,22.1,19.6,2.5,1224,0,5548,171,1004,1818,588
100973,.,-2.540517,29.391536,.,15.9,17.7,14.6,3.1,1369,0,3958,903,190,1711,393
100974,.,-1.5817,30.267561,.,20.6,21.7,19.6,2,1159,0,5602,161,1044,1926,770
100975,.,-2.075848,30.292976,.,21.2,22.5,20.2,2.2,1113,0,5836,121,1254,1955,824
100976,.,-2.482915,29.048744,.,19.1,20.6,17.9,2.7,1336,0,5082,294,668,1828,509
100977,.,-2.376127,29.646268,.,19.1,20.5,18,2.5,1271,0,5081,299,672,1871,581
100978,.,-2.540884,28.943734,.,18.7,20.3,17.5,2.8,1400,0,4955,340,592,1830,498
100979,.,-1.92605,29.301744,.,20.4,22.1,19.6,2.5,1224,0,5548,171,1004,1818,588
100980,.,-2.05107,30.278927,.,20.8,22.1,19.7,2.4,1118,0,5697,143,1135,1928,794
100981,.,-2.369913,29.044649,.,20.3,22.1,19.5,2.7,1300,0,5520,178,982,1890,590
100982,.,-2.078765,30.623542,.,20.6,22,19.6,2.3,1117,0,5630,154,1071,1895,783
100983,.,-2.369913,29.044649,.,20.3,22.1,19.5,2.7,1300,0,5520,178,982,1890,590
100984,.,-2.026881,30.624446,.,20.7,22,19.7,2.2,1126,0,5641,152,1080,1898,782
100985,.,-2.540884,28.943734,.,18.7,20.3,17.5,2.8,1400,0,4955,340,592,1830,498
100986,.,-1.627895,30.40329,.,20.7,21.8,19.7,2.1,1096,0,5661,149,1097,1912,817
100987,.,-2.051091,29.4503,.,18.1,19.8,17,2.8,1345,0,4733,433,471,1786,445
100988,.,-2.369913,29.044649,.,20.3,22.1,19.5,2.7,1300,0,5520,178,982,1890,590
100989,.,-2.369913,29.044649,.,20.3,22.1,19.5,2.7,1300,0,5520,178,982,1890,590
100990,.,-2.376127,29.646268,.,19.1,20.5,18,2.5,1271,0,5081,299,672,1871,581
100991,.,-2.17268,29.338491,.,18.2,20.3,17,3.2,1413,0,4754,430,486,1767,406
100992,.,-2.235323,29.377697,.,17.2,19.1,16.1,3,1403,0,4388,617,321,1737,383
100993,.,-2.369913,29.044649,.,20.3,22.1,19.5,2.7,1300,0,5520,178,982,1890,590
100994,.,-2.029987,29.527601,.,16.7,18.4,15.7,2.7,1451,0,4225,712,261,1735,387
100995,.,-2.369913,29.044649,.,20.3,22.1,19.5,2.7,1300,0,5520,178,982,1890,590
100996,.,-1.960857,30.318869,.,20.4,21.6,19.2,2.4,1119,0,5538,173,993,1897,770
100997,.,-2.078765,30.623542,.,20.6,22,19.6,2.3,1117,0,5630,154,1071,1895,783
100998,.,-2.369913,29.044649,.,20.3,22.1,19.5,2.7,1300,0,5520,178,982,1890,590
100999,.,-2.482915,29.048744,.,19.1,20.6,17.9,2.7,1336,0,5082,294,668,1828,509
101000,.,-2.076959,30.343942,.,21.5,22.7,20.6,2.2,1093,0,5922,109,1329,1964,856
101001,.,-1.5817,30.267561,.,20.6,21.7,19.6,2,1159,0,5602,161,1044,1926,770
101002,.,-2.369913,29.044649,.,20.3,22.1,19.5,2.7,1300,0,5520,178,982,1890,590
101003,.,-1.993151,29.491127,.,16.2,18,15,3,1458,0,4039,845,211,1709,376
101004,.,-2.078765,30.623542,.,20.6,22,19.6,2.3,1117,0,5630,154,1071,1895,783
101005,.,-1.582144,30.465413,.,21.3,22.4,20.3,2.1,1092,0,5858,117,1273,1943,855
101006,.,-2.369913,29.044649,.,20.3,22.1,19.5,2.7,1300,0,5520,178,982,1890,590
101007,.,-1.993151,29.491127,.,16.2,18,15,3,1458,0,4039,845,211,1709,376
101008,.,-2.369913,29.044649,.,20.3,22.1,19.5,2.7,1300,0,5520,178,982,1890,590
101009,.,-2.078765,30.623542,.,20.6,22,19.6,2.3,1117,0,5630,154,1071,1895,783
101010,.,-2.071758,30.538426,.,20.9,22.2,19.8,2.5,1093,0,5737,137,1171,1919,813
101011,.,-1.986565,30.662696,.,21.1,22.4,20.2,2.2,1131,0,5799,126,1222,1919,797
101012,.,-1.652162,30.383208,.,20.6,21.7,19.6,2.1,1105,0,5622,156,1066,1909,805
101013,.,-2.523349,28.969093,.,18.3,20,17.1,2.9,1407,0,4804,401,506,1811,479
101014,.,-2.369913,29.044649,.,20.3,22.1,19.5,2.7,1300,0,5520,178,982,1890,590
101015,.,-1.5817,30.267561,.,20.6,21.7,19.6,2,1159,0,5602,161,1044,1926,770
101016,.,-2.05107,30.278927,.,20.8,22.1,19.7,2.4,1118,0,5697,143,1135,1928,794
101017,.,-1.677808,30.275372,.,19.7,20.8,18.5,2.3,1165,0,5293,231,811,1866,709
101018,.,-2.026216,30.330333,.,20.9,22.1,19.8,2.3,1111,0,5716,140,1152,1921,799
101019,.,-2.078765,30.623542,.,20.6,22,19.6,2.3,1117,0,5630,154,1071,1895,783
101020,.,-2.073601,29.48053,.,17.3,18.9,16.1,2.8,1375,0,4429,589,335,1758,416
101021,.,-2.540517,29.391536,.,15.9,17.7,14.6,3.1,1369,0,3958,903,190,1711,393
101022,.,-2.443513,28.916658,.,20,21.6,18.9,2.6,1354,0,5397,206,887,1906,580
101023,.,-2.533623,29.465487,.,17,18.5,15.6,3,1356,0,4317,661,295,1759,431
101024,.,-1.5817,30.267561,.,20.6,21.7,19.6,2,1159,0,5602,161,1044,1926,770
101025,.,-1.582144,30.465413,.,21.3,22.4,20.3,2.1,1092,0,5858,117,1273,1943,855
101026,.,-2.369913,29.044649,.,20.3,22.1,19.5,2.7,1300,0,5520,178,982,1890,590
101027,.,-1.993151,29.491127,.,16.2,18,15,3,1458,0,4039,845,211,1709,376
101028,.,-2.369913,29.044649,.,20.3,22.1,19.5,2.7,1300,0,5520,178,982,1890,590
101029,.,-2.235323,29.377697,.,17.2,19.1,16.1,3,1403,0,4388,617,321,1737,383
101030,.,-2.078765,30.623542,.,20.6,22,19.6,2.3,1117,0,5630,154,1071,1895,783
101031,.,-2.417652,28.940916,.,20.1,21.8,19.1,2.6,1348,0,5422,199,904,1902,580
101032,.,-1.986565,30.662696,.,21.1,22.4,20.2,2.2,1131,0,5799,126,1222,1919,797
101033,.,-2.099972,30.636883,.,20.5,21.8,19.5,2.3,1122,0,5578,164,1022,1890,774
101034,.,-2.540517,29.391536,.,15.9,17.7,14.6,3.1,1369,0,3958,903,190,1711,393
101035,.,-2.235323,29.377697,.,17.2,19.1,16.1,3,1403,0,4388,617,321,1737,383
101036,.,-2.369913,29.044649,.,20.3,22.1,19.5,2.7,1300,0,5520,178,982,1890,590
101037,.,-1.5817,30.267561,.,20.6,21.7,19.6,2,1159,0,5602,161,1044,1926,770
101038,.,-2.482915,29.048744,.,19.1,20.6,17.9,2.7,1336,0,5082,294,668,1828,509
101039,.,-1.633194,30.271799,.,20.1,21.2,19.1,2.1,1163,0,5448,192,925,1893,734
101040,.,-2.443513,28.916658,.,20,21.6,18.9,2.6,1354,0,5397,206,887,1906,580
101041,.,-1.652162,30.383208,.,20.6,21.7,19.6,2.1,1105,0,5622,156,1066,1909,805
101042,.,-1.966104,30.356954,.,20.7,21.9,19.8,2.2,1118,0,5657,149,1092,1909,785
101043,.,-2.443513,28.916658,.,20,21.6,18.9,2.6,1354,0,5397,206,887,1906,580
101044,.,-2.417652,28.940916,.,20.1,21.8,19.1,2.6,1348,0,5422,199,904,1902,580
101045,.,-1.986565,30.662696,.,21.1,22.4,20.2,2.2,1131,0,5799,126,1222,1919,797
101046,.,-2.075848,30.292976,.,21.2,22.5,20.2,2.2,1113,0,5836,121,1254,1955,824
101047,.,-1.5817,30.267561,.,20.6,21.7,19.6,2,1159,0,5602,161,1044,1926,770
101048,.,-2.17268,29.338491,.,18.2,20.3,17,3.2,1413,0,4754,430,486,1767,406
101049,.,-2.026216,30.330333,.,20.9,22.1,19.8,2.3,1111,0,5716,140,1152,1921,799
101050,.,-1.92605,29.301744,.,20.4,22.1,19.6,2.5,1224,0,5548,171,1004,1818,588
101051,.,-2.099972,30.636883,.,20.5,21.8,19.5,2.3,1122,0,5578,164,1022,1890,774
101052,.,-1.5817,30.267561,.,20.6,21.7,19.6,2,1159,0,5602,161,1044,1926,770
101053,.,-2.078765,30.623542,.,20.6,22,19.6,2.3,1117,0,5630,154,1071,1895,783
101054,.,-2.639986,28.92516,.,19.9,21.1,18.8,2.4,1384,0,5375,210,872,1877,535
101055,.,-1.92605,29.301744,.,20.4,22.1,19.6,2.5,1224,0,5548,171,1004,1818,588
101056,.,-1.92605,29.301744,.,20.4,22.1,19.6,2.5,1224,0,5548,171,1004,1818,588
101057,.,-2.376127,29.646268,.,19.1,20.5,18,2.5,1271,0,5081,299,672,1871,581
101058,.,-2.482915,29.048744,.,19.1,20.6,17.9,2.7,1336,0,5082,294,668,1828,509
101059,.,-2.05107,30.278927,.,20.8,22.1,19.7,2.4,1118,0,5697,143,1135,1928,794
101060,.,-2.075848,30.292976,.,21.2,22.5,20.2,2.2,1113,0,5836,121,1254,1955,824
101061,.,-2.369913,29.044649,.,20.3,22.1,19.5,2.7,1300,0,5520,178,982,1890,590
101062,.,-1.5817,30.267561,.,20.6,21.7,19.6,2,1159,0,5602,161,1044,1926,770
101063,.,-2.540517,29.391536,.,15.9,17.7,14.6,3.1,1369,0,3958,903,190,1711,393
101064,.,-2.415219,29.688053,.,19.6,21,18.4,2.6,1243,0,5264,244,797,1906,642
101065,.,-1.960857,30.318869,.,20.4,21.6,19.2,2.4,1119,0,5538,173,993,1897,770
101066,.,-1.986565,30.662696,.,21.1,22.4,20.2,2.2,1131,0,5799,126,1222,1919,797
101067,.,-2.078765,30.623542,.,20.6,22,19.6,2.3,1117,0,5630,154,1071,1895,783
101068,.,-1.993151,29.491127,.,16.2,18,15,3,1458,0,4039,845,211,1709,376
101069,.,-2.399466,29.155937,.,19.1,21,18,3.1,1451,0,5078,300,670,1808,406
101070,.,-2.369913,29.044649,.,20.3,22.1,19.5,2.7,1300,0,5520,178,982,1890,590
101071,.,-2.480929,28.998874,.,18.7,20.3,17.5,2.8,1335,0,4953,339,589,1818,507
101072,.,-2.639986,28.92516,.,19.9,21.1,18.8,2.4,1384,0,5375,210,872,1877,535
101073,.,-1.960857,30.318869,.,20.4,21.6,19.2,2.4,1119,0,5538,173,993,1897,770
101074,.,-1.996982,30.365231,.,20.9,22.1,20,2.1,1113,0,5731,136,1163,1921,799
101075,.,-2.369913,29.044649,.,20.3,22.1,19.5,2.7,1300,0,5520,178,982,1890,590
101076,.,-2.369913,29.044649,.,20.3,22.1,19.5,2.7,1300,0,5520,178,982,1890,590
101077,.,-2.523349,28.969093,.,18.3,20,17.1,2.9,1407,0,4804,401,506,1811,479
101078,.,-2.523349,28.969093,.,18.3,20,17.1,2.9,1407,0,4804,401,506,1811,479
101079,.,-2.523349,28.969093,.,18.3,20,17.1,2.9,1407,0,4804,401,506,1811,479
101080,.,-2.369913,29.044649,.,20.3,22.1,19.5,2.7,1300,0,5520,178,982,1890,590
101081,.,-2.443513,28.916658,.,20,21.6,18.9,2.6,1354,0,5397,206,887,1906,580
101082,.,-2.417652,28.940916,.,20.1,21.8,19.1,2.6,1348,0,5422,199,904,1902,580
101083,.,-2.241956,29.203203,.,20.3,22.3,19.3,3.1,1310,0,5502,187,974,1880,565
101084,.,-2.367652,29.911272,.,21,22.3,20,2.3,1133,0,5775,131,1203,1961,798
101085,.,-2.417652,28.940916,.,20.1,21.8,19.1,2.6,1348,0,5422,199,904,1902,580
101086,.,-2.681075,29.573559,.,18.6,20.1,17.4,2.8,1313,0,4910,367,573,1862,538
101087,.,-2.417652,28.940916,.,20.1,21.8,19.1,2.6,1348,0,5422,199,904,1902,580
101088,.,-2.443513,28.916658,.,20,21.6,18.9,2.6,1354,0,5397,206,887,1906,580
101089,.,-2.180646,29.409983,.,16.9,18.8,15.7,3.1,1375,0,4304,669,291,1729,397
101090,.,-1.742615,30.39695,.,20.8,22,19.9,2.1,1104,0,5703,142,1138,1930,824
101091,.,-2.367652,29.911272,.,21,22.3,20,2.3,1133,0,5775,131,1203,1961,798
101092,.,-1.742615,30.39695,.,20.8,22,19.9,2.1,1104,0,5703,142,1138,1930,824
101093,.,-2.417652,28.940916,.,20.1,21.8,19.1,2.6,1348,0,5422,199,904,1902,580
101094,.,-2.417652,28.940916,.,20.1,21.8,19.1,2.6,1348,0,5422,199,904,1902,580
101095,.,-1.652162,30.383208,.,20.6,21.7,19.6,2.1,1105,0,5622,156,1066,1909,805
101096,.,-2.417652,28.940916,.,20.1,21.8,19.1,2.6,1348,0,5422,199,904,1902,580
101097,.,-2.241956,29.203203,.,20.3,22.3,19.3,3.1,1310,0,5502,187,974,1880,565
101098,.,-2.417652,28.940916,.,20.1,21.8,19.1,2.6,1348,0,5422,199,904,1902,580
101099,.,-2.241956,29.203203,.,20.3,22.3,19.3,3.1,1310,0,5502,187,974,1880,565
101100,.,-1.582144,30.465413,.,21.3,22.4,20.3,2.1,1092,0,5858,117,1273,1943,855
101101,.,-2.215117,30.489108,.,21.4,22.8,20.3,2.4,1074,0,5885,115,1298,1949,836
101102,.,-2.323712,29.03155,.,20.6,22.4,19.7,2.7,1292,0,5615,159,1057,1904,610
101103,.,-2.618487,29.857741,.,20.4,21.8,19.3,2.6,1149,0,5557,171,1011,1923,745
101104,.,-1.742615,30.39695,.,20.8,22,19.9,2.1,1104,0,5703,142,1138,1930,824
101105,.,-2.323712,29.03155,.,20.6,22.4,19.7,2.7,1292,0,5615,159,1057,1904,610
101106,.,-2.313177,29.656785,.,19.5,20.8,18.2,2.6,1243,0,5209,258,756,1903,640
101107,.,-2.235323,29.377697,.,17.2,19.1,16.1,3,1403,0,4388,617,321,1737,383
101108,.,-2.367652,29.911272,.,21,22.3,20,2.3,1133,0,5775,131,1203,1961,798
101109,.,-2.180646,29.409983,.,16.9,18.8,15.7,3.1,1375,0,4304,669,291,1729,397
101110,.,-1.582144,30.465413,.,21.3,22.4,20.3,2.1,1092,0,5858,117,1273,1943,855
101111,.,-2.417652,28.940916,.,20.1,21.8,19.1,2.6,1348,0,5422,199,904,1902,580
101112,.,-2.415219,29.688053,.,19.6,21,18.4,2.6,1243,0,5264,244,797,1906,642
101113,.,-1.594008,30.35578,.,21,22.2,20.1,2.2,1100,0,5774,130,1202,1944,842
101114,.,-1.986565,30.662696,.,21.1,22.4,20.2,2.2,1131,0,5799,126,1222,1919,797
101115,.,-1.986565,30.662696,.,21.1,22.4,20.2,2.2,1131,0,5799,126,1222,1919,797
106163,.,-3.342123,29.680414,.,18.8,20.3,17.7,2.6,1244,0,4983,334,612,1847,622
106164,.,-3.415065,29.680096,.,18.4,19.9,17.3,2.7,1255,0,4845,389,534,1829,607
106165,.,-3.256188,29.72957,.,19.2,20.7,18.1,2.5,1227,0,5125,286,702,1881,641
106166,.,-3.335263,29.949808,.,20.3,21.8,19.1,2.7,1129,0,5500,185,968,1942,777
106167,.,-3.211152,29.736542,.,19.2,20.6,18,2.6,1223,0,5116,289,696,1883,645
106168,.,-3.313408,29.681921,.,19,20.4,18,2.4,1240,0,5045,311,649,1856,626
106169,.,-3.063468,29.658298,.,19.3,20.6,18.2,2.4,1229,0,5143,278,710,1875,640
106170,.,-3.337977,29.628271,.,18.2,19.8,17.1,2.7,1288,0,4752,429,482,1808,576
106171,.,-3.259902,29.729773,.,19.2,20.7,18.2,2.5,1226,0,5136,282,709,1883,642
106172,.,-3.212821,29.720709,.,19.1,20.5,18,2.6,1230,0,5086,298,676,1875,635
106173,.,-3.494272,29.748075,.,19,20.5,17.9,2.6,1199,0,5063,307,663,1881,675
106174,.,-3.183039,29.73871,.,19.4,20.8,18.2,2.6,1217,0,5177,269,736,1898,659
106175,.,-3.210149,29.778067,.,19.5,21,18.3,2.7,1195,0,5209,260,759,1904,682
106176,.,-3.212627,29.79089,.,19.7,21.2,18.5,2.7,1185,0,5281,240,808,1917,705
106177,.,-3.338772,29.629171,.,18.2,19.8,17.1,2.7,1288,0,4757,426,485,1809,577
106178,.,-3.255036,29.733364,.,19.3,20.7,18.2,2.5,1223,0,5143,280,714,1885,646
106179,.,-3.260538,29.727493,.,19.2,20.7,18.2,2.5,1227,0,5133,283,707,1882,641
106180,.,-3.282028,29.662649,.,19,20.4,17.9,2.5,1253,0,5033,315,642,1852,617
106181,.,-3.337977,29.628271,.,18.2,19.8,17.1,2.7,1288,0,4752,429,482,1808,576
106182,.,-3.345783,29.601292,.,17.7,19.3,16.5,2.8,1308,0,4568,519,396,1778,552
106183,.,-3.349747,29.755316,.,19.1,20.6,18,2.6,1194,0,5100,294,685,1883,673
106184,.,-3.505793,29.740217,.,18.9,20.4,17.8,2.6,1211,0,5019,322,635,1872,661
106185,.,-3.21793,29.688618,.,18.9,20.3,17.8,2.6,1237,0,5008,324,626,1854,619
106186,.,-3.092073,29.611099,.,18.4,20,17.2,2.8,1277,0,4819,398,517,1833,597
106187,.,-3.230698,29.970993,.,20.2,21.6,18.9,2.7,1123,0,5462,192,939,1927,766
106188,.,-3.174744,29.644072,.,18.9,20.3,17.8,2.5,1255,0,5001,325,621,1851,614
106189,.,-3.214183,29.901672,.,20.3,21.8,19,2.8,1143,0,5513,183,979,1956,779
106190,.,-3.170986,29.739756,.,19.5,21,18.3,2.6,1214,0,5218,257,764,1904,667
106191,.,-3.492909,29.758459,.,19.3,20.7,18.2,2.6,1184,0,5141,282,714,1897,700
106192,.,-3.14758,29.728756,.,19.7,21.2,18.6,2.5,1216,0,5301,234,822,1918,680
106193,.,-3.257588,29.84346,.,20.2,21.6,19.1,2.5,1149,0,5463,193,941,1952,773
106194,.,-3.286359,29.828283,.,20.1,21.5,19,2.5,1155,0,5427,202,914,1947,763
106195,.,-3.465854,29.736425,.,18.7,20.2,17.6,2.7,1216,0,4954,347,597,1859,647
106196,.,-3.060813,29.649524,.,19.2,20.6,18.2,2.3,1231,0,5129,282,701,1870,636
106197,.,-3.263682,29.646639,.,18.8,20.3,17.8,2.5,1261,0,4986,332,613,1840,607
106198,.,-3.33905,29.629734,.,18.2,19.8,17.1,2.7,1287,0,4761,424,487,1809,577
106199,.,-3.234342,29.716639,.,19,20.4,17.8,2.6,1233,0,5040,314,647,1863,626
106200,.,-3.204718,29.75456,.,19.3,20.8,18.1,2.7,1211,0,5149,278,718,1892,659
106201,.,-3.222431,29.733408,.,19.1,20.5,17.9,2.6,1227,0,5085,299,676,1875,637
106202,.,-3.597923,30.001545,.,19.5,21.1,18.1,2.9,1148,0,5232,255,776,1892,720
106203,.,-3.249551,29.77858,.,19.8,21.3,18.7,2.6,1185,0,5336,225,849,1929,718
106204,.,-3.519242,29.740313,.,19,20.4,17.9,2.6,1210,0,5040,314,648,1876,665
106205,.,-3.223886,29.779545,.,19.5,21,18.4,2.7,1193,0,5238,252,779,1908,689
106206,.,-3.237129,29.603312,.,18.5,20.1,17.4,2.7,1275,0,4856,383,538,1830,599
106207,.,-3.211875,29.780796,.,19.5,21,18.3,2.7,1193,0,5226,255,770,1907,687
106208,.,-3.279391,29.636024,.,18.7,20.2,17.6,2.6,1269,0,4928,354,578,1833,600
106209,.,-3.247662,29.808558,.,20.1,21.6,19,2.6,1168,0,5441,199,925,1949,753
106210,.,-3.249151,29.67431,.,18.9,20.4,17.9,2.5,1243,0,5019,320,633,1852,619
106211,.,-3.240069,29.961029,.,20.1,21.5,18.8,2.7,1127,0,5425,202,912,1922,758
106212,.,-3.327605,29.644228,.,18.5,20,17.4,2.6,1276,0,4868,378,544,1826,593
106213,.,-3.203973,29.987267,.,20.4,21.8,19.3,2.6,1123,0,5555,172,1009,1945,783
106214,.,-3.249726,29.580446,.,18,19.6,16.7,3,1287,0,4680,465,449,1794,567
106215,.,-3.510549,29.744066,.,19,20.5,17.9,2.6,1205,0,5054,310,657,1879,670
106216,.,-3.306775,29.681896,.,19,20.4,18,2.4,1240,0,5058,306,657,1858,627
106217,.,-3.267322,29.646259,.,18.8,20.3,17.8,2.5,1262,0,4992,330,616,1841,607
106218,.,-3.170957,29.739679,.,19.5,21,18.3,2.6,1214,0,5218,257,764,1905,667
106219,.,-3.202785,29.724087,.,19.2,20.7,18.1,2.6,1227,0,5121,287,698,1884,642
106220,.,-3.249454,29.984442,.,20.1,21.5,18.9,2.6,1121,0,5448,196,928,1925,766
106221,.,-3.417538,29.734339,.,18.8,20.3,17.6,2.7,1215,0,4967,342,605,1859,645
106222,.,-3.283839,29.806362,.,20,21.5,18.9,2.6,1165,0,5413,206,904,1946,753
106223,.,-3.249501,29.778547,.,19.8,21.3,18.7,2.6,1185,0,5336,226,848,1929,718
106224,.,-3.280848,29.683641,.,19.2,20.7,18.2,2.5,1237,0,5118,287,697,1870,634
106225,.,-3.278715,29.660152,.,19,20.4,17.9,2.5,1254,0,5031,316,640,1851,616
106226,.,-3.52228,29.730648,.,18.8,20.3,17.7,2.6,1224,0,4979,336,610,1863,647
106227,.,-3.277531,29.659626,.,19,20.4,17.9,2.5,1254,0,5032,316,641,1851,616
106228,.,-3.249151,29.67431,.,18.9,20.4,17.9,2.5,1243,0,5019,320,633,1852,619
106229,.,-3.195912,29.734261,.,19.3,20.7,18.1,2.6,1221,0,5145,279,715,1891,650
106230,.,-3.128914,29.750292,.,19.8,21.3,18.7,2.6,1197,0,5328,227,842,1924,701
106231,.,-3.204876,29.917614,.,20.3,21.8,18.9,2.8,1138,0,5508,184,976,1950,777
106232,.,-3.222272,29.734512,.,19.1,20.6,17.9,2.6,1226,0,5088,298,678,1876,639
106233,.,-3.263124,29.86067,.,20.2,21.6,19,2.6,1143,0,5460,194,938,1951,777
106234,.,-3.072834,29.615517,.,18.6,20.1,17.5,2.7,1266,0,4903,363,563,1843,608
106235,.,-3.287363,29.67407,.,19.1,20.5,18,2.4,1245,0,5066,304,663,1859,625
106236,.,-3.520781,29.735537,.,18.9,20.4,17.8,2.6,1217,0,5010,325,629,1869,656
106237,.,-3.260667,29.72753,.,19.2,20.7,18.2,2.5,1227,0,5133,283,707,1882,641
106238,.,-3.199364,29.737783,.,19.3,20.7,18.1,2.6,1220,0,5140,281,712,1889,651
106239,.,-3.072862,29.615719,.,18.6,20.1,17.5,2.7,1265,0,4904,362,564,1843,608
106240,.,-3.193887,29.736,.,19.3,20.8,18.1,2.6,1220,0,5150,278,718,1892,652
106241,.,-3.217025,29.985779,.,20.4,21.8,19.2,2.6,1121,0,5536,176,995,1941,781
106242,.,-3.072006,29.616964,.,18.6,20.1,17.5,2.6,1264,0,4914,358,570,1844,609
106243,.,-3.090925,29.617073,.,18.4,20,17.3,2.7,1271,0,4850,385,534,1835,600
106244,.,-3.230554,29.77276,.,19.5,21,18.3,2.6,1197,0,5211,260,760,1903,679
106245,.,-3.209677,29.693714,.,19,20.5,17.9,2.6,1235,0,5057,307,657,1865,627
106246,.,-3.360002,29.919315,.,20,21.5,18.8,2.8,1136,0,5413,205,904,1932,762
106247,.,-3.233446,29.830616,.,20.2,21.7,19.1,2.6,1157,0,5484,189,957,1955,769
106248,.,-3.356344,29.925167,.,20,21.5,18.8,2.7,1135,0,5399,208,893,1926,757
106249,.,-3.210612,29.659813,.,18.9,20.3,17.8,2.5,1248,0,5007,324,625,1850,616
106250,.,-3.603945,29.989538,.,19.5,21,18,3,1146,0,5213,261,764,1889,721
106251,.,-3.072218,29.616793,.,18.6,20.1,17.5,2.6,1264,0,4912,359,569,1844,609
106252,.,-3.266812,29.867544,.,20.2,21.6,19,2.6,1141,0,5460,194,938,1950,778
106253,.,-3.357421,29.92412,.,20,21.5,18.8,2.7,1135,0,5402,208,895,1927,758
106254,.,-3.253084,29.73307,.,19.2,20.7,18.2,2.5,1224,0,5136,282,709,1883,645
106255,.,-3.249151,29.67431,.,18.9,20.4,17.9,2.5,1243,0,5019,320,633,1852,619
106256,.,-3.601924,29.964565,.,19.5,21.1,18.1,3,1147,0,5242,252,783,1899,729
106257,.,-3.205459,29.983063,.,20.4,21.8,19.2,2.6,1123,0,5539,175,996,1942,780
106258,.,-3.238177,29.979319,.,20.1,21.6,18.9,2.6,1121,0,5450,195,929,1925,766
106259,.,-3.347786,29.784725,.,19.3,20.8,18.2,2.6,1171,0,5168,272,730,1899,704
106260,.,-3.500564,29.761307,.,19.3,20.8,18.3,2.5,1180,0,5170,273,733,1903,709
106261,.,-3.341281,29.686391,.,18.9,20.3,17.8,2.5,1239,0,5004,327,625,1851,627
106262,.,-3.263124,29.86067,.,20.2,21.6,19,2.6,1143,0,5460,194,938,1951,777
106263,.,-3.215111,29.981516,.,20.3,21.7,19.2,2.6,1122,0,5519,180,981,1938,777
106264,.,-3.244248,29.693026,.,19,20.4,17.9,2.5,1235,0,5032,316,641,1857,623
106265,.,-3.244248,29.693026,.,19,20.4,17.9,2.5,1235,0,5032,316,641,1857,623
106266,.,-3.323196,29.627308,.,18.2,19.8,17.1,2.7,1285,0,4759,425,486,1809,579
106267,.,-3.181006,29.690994,.,19.4,20.8,18.3,2.5,1233,0,5178,269,737,1889,644
106268,.,-3.244248,29.693026,.,19,20.4,17.9,2.5,1235,0,5032,316,641,1857,623
106269,.,-3.202976,29.740833,.,19.2,20.7,18.1,2.6,1219,0,5136,282,709,1888,651
106270,.,-3.494215,29.745098,.,19,20.5,17.9,2.6,1204,0,5040,315,649,1876,669
106271,.,-3.193766,29.77129,.,19.3,20.8,18,2.8,1201,0,5158,276,724,1895,669
106272,.,-3.337592,29.672794,.,18.8,20.2,17.7,2.6,1251,0,4966,340,601,1843,616
106273,.,-3.326982,29.64352,.,18.5,20,17.4,2.6,1276,0,4864,380,542,1825,592
106274,.,-3.301551,29.800823,.,19.9,21.3,18.8,2.6,1165,0,5358,219,863,1935,743
106275,.,-3.525138,29.732489,.,18.9,20.3,17.7,2.6,1220,0,4996,330,620,1867,652
106276,.,-3.06819,29.606333,.,18.5,20.1,17.3,2.7,1272,0,4867,378,543,1840,604
106277,.,-3.218456,29.743483,.,19.2,20.7,18,2.6,1219,0,5117,288,697,1883,648
106278,.,-3.340375,29.68232,.,18.8,20.3,17.7,2.5,1242,0,4993,331,618,1849,624
106279,.,-3.506357,29.736456,.,18.8,20.3,17.7,2.6,1216,0,4993,331,619,1866,654
106280,.,-3.246224,29.846898,.,20.2,21.7,19.1,2.5,1147,0,5485,189,957,1955,778
106281,.,-3.245118,29.968811,.,20,21.5,18.8,2.7,1125,0,5419,203,907,1921,758
106282,.,-3.248322,29.870466,.,20.2,21.7,19,2.7,1142,0,5489,188,960,1955,781
106283,.,-3.320441,29.639574,.,18.4,20,17.3,2.6,1277,0,4842,389,530,1822,590
106284,.,-3.247201,29.832428,.,20.2,21.6,19.1,2.6,1155,0,5472,192,948,1954,769
106285,.,-3.241783,29.98082,.,20.1,21.5,18.9,2.6,1121,0,5447,196,927,1925,765
106286,.,-3.055907,29.613008,.,18.7,20.2,17.5,2.6,1262,0,4934,351,581,1847,612
106287,.,-3.289043,29.67519,.,19.1,20.5,18,2.4,1244,0,5067,304,663,1860,626
106288,.,-3.186302,29.743227,.,19.3,20.8,18.1,2.7,1215,0,5165,273,728,1896,659
106289,.,-3.249948,29.778664,.,19.8,21.3,18.7,2.6,1184,0,5339,225,850,1929,718
106290,.,-3.355955,29.756763,.,19.1,20.5,17.9,2.6,1193,0,5075,302,670,1878,670
106291,.,-3.524535,29.736141,.,18.9,20.4,17.8,2.6,1215,0,5019,321,635,1872,659
106292,.,-3.205096,29.762581,.,19.3,20.8,18.1,2.7,1206,0,5158,276,724,1894,664
106293,.,-3.34524,29.745249,.,19.2,20.7,18.1,2.6,1201,0,5120,288,699,1887,671
106294,.,-3.214955,29.981632,.,20.3,21.7,19.2,2.6,1122,0,5519,179,981,1938,777
106295,.,-3.258591,29.698458,.,19.2,20.6,18.1,2.5,1233,0,5102,293,686,1871,633
106296,.,-3.339745,29.590239,.,17.6,19.3,16.4,3,1312,0,4560,526,393,1772,546
106297,.,-3.220652,29.742533,.,19.2,20.6,18,2.6,1220,0,5112,290,693,1881,647
106298,.,-3.134936,29.736542,.,19.8,21.3,18.7,2.6,1209,0,5317,230,834,1922,689
106299,.,-3.255622,29.603062,.,18.4,20,17.3,2.7,1277,0,4833,393,525,1824,593
106300,.,-3.462863,29.732397,.,18.7,20.2,17.5,2.7,1221,0,4926,358,580,1853,640
106301,.,-3.060813,29.649524,.,19.2,20.6,18.2,2.3,1231,0,5129,282,701,1870,636
106302,.,-3.215687,29.722496,.,19.1,20.5,17.9,2.6,1230,0,5080,300,672,1873,634
106303,.,-3.21159,29.75676,.,19.3,20.8,18.1,2.7,1210,0,5150,278,718,1891,660
106304,.,-3.248676,29.870598,.,20.2,21.7,19,2.7,1142,0,5488,188,960,1954,781
106305,.,-3.229366,29.691696,.,18.8,20.2,17.6,2.6,1237,0,4960,342,597,1844,612
106306,.,-3.275186,29.869448,.,20.2,21.6,19,2.7,1140,0,5462,194,940,1951,779
106307,.,-3.215206,29.725111,.,19.1,20.5,18,2.6,1230,0,5086,298,676,1875,636
106308,.,-3.08869,29.644251,.,18.8,20.2,17.7,2.5,1245,0,4983,332,609,1845,614
106309,.,-3.459416,29.729773,.,18.6,20.1,17.4,2.7,1225,0,4909,365,571,1850,635
106310,.,-3.211023,29.753754,.,19.3,20.8,18.1,2.7,1212,0,5145,280,715,1890,658
106311,.,-3.265514,29.657333,.,18.9,20.4,17.9,2.5,1254,0,5026,318,637,1849,615
106312,.,-3.248393,29.870518,.,20.2,21.7,19,2.7,1142,0,5489,188,960,1955,781
106313,.,-3.254746,29.604136,.,18.4,20,17.3,2.7,1276,0,4841,389,530,1826,595
106314,.,-3.335196,29.688074,.,18.9,20.4,17.8,2.5,1237,0,5023,320,636,1854,629
106315,.,-3.356455,29.914331,.,20,21.6,18.8,2.8,1136,0,5418,204,908,1934,764
106316,.,-3.273716,29.634867,.,18.7,20.2,17.6,2.6,1268,0,4941,349,586,1834,602
106317,.,-3.112356,29.656469,.,18.8,20.3,17.7,2.6,1244,0,4984,332,610,1848,616
106318,.,-3.250292,29.73732,.,19.3,20.7,18.2,2.6,1220,0,5149,278,718,1887,650
106319,.,-3.086362,29.63199,.,18.7,20.2,17.6,2.6,1255,0,4936,350,582,1843,609
106320,.,-3.249579,29.778622,.,19.8,21.3,18.7,2.6,1185,0,5337,225,849,1929,718
106321,.,-3.184862,29.735109,.,19.4,20.8,18.2,2.6,1219,0,5173,271,733,1897,656
106322,.,-3.414611,29.729084,.,18.7,20.2,17.6,2.7,1221,0,4954,347,597,1855,639
106323,.,-3.523045,29.733526,.,18.9,20.3,17.8,2.6,1219,0,4999,328,622,1867,653
106324,.,-3.263124,29.86067,.,20.2,21.6,19,2.6,1143,0,5460,194,938,1951,777
106325,.,-3.248931,29.606256,.,18.5,20.1,17.4,2.7,1275,0,4854,384,536,1828,597
106326,.,-3.178339,29.893879,.,20.5,21.9,19.2,2.8,1140,0,5567,172,1020,1970,796
106327,.,-3.352088,29.817892,.,19.8,21.3,18.6,2.7,1148,0,5315,230,833,1931,755
106328,.,-3.170988,29.739655,.,19.5,21,18.3,2.6,1214,0,5218,257,764,1904,667
106329,.,-3.071005,29.593537,.,18,19.7,16.8,2.9,1276,0,4703,451,459,1820,585
106330,.,-3.207843,29.731506,.,19.2,20.6,18,2.6,1225,0,5116,289,695,1883,643
106331,.,-3.182026,29.749424,.,19.4,20.9,18.2,2.7,1211,0,5177,270,736,1898,664
106332,.,-3.416101,29.738356,.,18.8,20.3,17.6,2.7,1211,0,4981,337,613,1862,650
106333,.,-3.250345,29.865812,.,20.2,21.7,19.1,2.6,1142,0,5485,189,957,1954,781
106334,.,-3.284785,29.683634,.,19.2,20.6,18.2,2.5,1237,0,5110,290,691,1868,633
106335,.,-3.127627,29.751732,.,19.8,21.3,18.7,2.6,1195,0,5331,226,844,1924,703
106336,.,-3.497251,29.750782,.,19.1,20.6,18,2.6,1195,0,5087,299,678,1886,682
106337,.,-3.082501,29.634552,.,18.8,20.2,17.7,2.5,1251,0,4965,338,599,1846,613
106338,.,-3.236851,29.60346,.,18.5,20.1,17.4,2.7,1275,0,4857,382,539,1830,599
106339,.,-3.494522,29.748224,.,19,20.5,17.9,2.6,1199,0,5064,307,664,1881,675
106340,.,-3.214327,29.707298,.,19,20.5,17.9,2.6,1233,0,5058,307,658,1867,629
106341,.,-3.282847,29.678438,.,19.1,20.6,18.1,2.5,1241,0,5094,295,680,1865,630
106342,.,-3.090112,29.613552,.,18.4,20,17.2,2.7,1274,0,4836,390,526,1835,599
106343,.,-3.224971,29.821522,.,20.2,21.6,19,2.6,1163,0,5459,195,938,1951,759
106344,.,-3.249832,29.778709,.,19.8,21.3,18.7,2.6,1184,0,5338,225,850,1929,718
106345,.,-3.128605,29.749842,.,19.8,21.3,18.7,2.6,1197,0,5329,227,842,1924,700
106346,.,-3.323196,29.627308,.,18.2,19.8,17.1,2.7,1285,0,4759,425,486,1809,579
106347,.,-3.254303,29.82476,.,20.2,21.6,19.1,2.6,1159,0,5461,195,939,1953,765
106348,.,-3.276374,29.63203,.,18.6,20.2,17.6,2.6,1269,0,4920,357,573,1832,599
106349,.,-3.205162,29.884789,.,20.3,21.8,19.1,2.7,1144,0,5526,180,989,1962,785
106350,.,-3.355941,29.926619,.,20,21.5,18.8,2.7,1134,0,5396,209,891,1924,756
106351,.,-3.228746,29.717134,.,18.9,20.4,17.8,2.6,1234,0,5026,318,638,1861,624
106352,.,-3.472424,29.708178,.,18.5,20,17.3,2.7,1241,0,4867,382,547,1838,621
106353,.,-3.21526,29.993073,.,20.5,21.9,19.3,2.6,1120,0,5572,169,1022,1946,787
106354,.,-3.054629,29.614614,.,18.7,20.2,17.6,2.6,1260,0,4945,346,587,1848,613
106355,.,-3.349664,29.597992,.,17.6,19.3,16.4,2.9,1311,0,4557,526,391,1775,549
106356,.,-3.249555,29.778816,.,19.8,21.3,18.7,2.6,1184,0,5337,225,849,1929,718
106357,.,-3.295519,29.611473,.,18.1,19.8,17,2.7,1284,0,4743,432,478,1807,579
106358,.,-3.437445,29.733528,.,18.7,20.2,17.5,2.7,1217,0,4947,350,593,1858,644
106359,.,-3.417018,29.738214,.,18.8,20.3,17.6,2.7,1211,0,4981,337,613,1862,650
106360,.,-3.263124,29.86067,.,20.2,21.6,19,2.6,1143,0,5460,194,938,1951,777
106361,.,-3.255597,29.824259,.,20.2,21.6,19.1,2.6,1159,0,5460,195,939,1952,764
106362,.,-3.100233,29.611897,.,18.3,19.9,17.1,2.8,1280,0,4797,407,505,1830,593
106363,.,-3.216136,29.786901,.,19.6,21.1,18.4,2.7,1188,0,5267,244,799,1914,699
106364,.,-3.212362,29.790855,.,19.7,21.2,18.5,2.7,1185,0,5280,240,808,1917,705
106365,.,-3.236616,29.808397,.,20.1,21.6,19,2.6,1170,0,5435,201,921,1947,749
106366,.,-3.24948,29.77882,.,19.8,21.3,18.7,2.6,1184,0,5337,225,849,1929,718
106367,.,-3.556283,29.956104,.,19.7,21.4,18.3,3.1,1151,0,5307,234,829,1915,733
106368,.,-3.099038,29.611942,.,18.3,19.9,17.1,2.8,1279,0,4801,406,507,1830,594
106369,.,-3.206398,29.719042,.,19.2,20.6,18,2.6,1229,0,5104,292,687,1879,638
106370,.,-3.347662,29.734652,.,19.2,20.6,18.1,2.6,1209,0,5111,290,693,1885,663
106371,.,-3.249477,29.778809,.,19.8,21.3,18.7,2.6,1185,0,5337,225,849,1929,718
106372,.,-3.279129,29.629648,.,18.6,20.1,17.5,2.6,1271,0,4900,365,562,1829,597
106373,.,-3.259,29.56814,.,17.7,19.4,16.4,3.1,1295,0,4596,509,411,1774,551
106374,.,-3.33375,29.649919,.,18.6,20.1,17.5,2.6,1272,0,4891,369,557,1830,597
106375,.,-3.381877,29.68329,.,18.6,20.1,17.5,2.6,1246,0,4921,358,576,1841,620
106376,.,-3.248276,29.87064,.,20.2,21.7,19,2.7,1142,0,5489,188,960,1955,781
106377,.,-3.244248,29.693026,.,19,20.4,17.9,2.5,1235,0,5032,316,641,1857,623
106378,.,-3.227039,29.972071,.,20.2,21.6,19,2.6,1123,0,5473,190,947,1929,768
106379,.,-3.253698,29.725773,.,19.2,20.6,18.1,2.5,1228,0,5113,290,694,1878,638
106380,.,-3.249761,29.778662,.,19.8,21.3,18.7,2.6,1184,0,5338,225,849,1929,718
106381,.,-3.218265,29.743101,.,19.2,20.7,18,2.6,1220,0,5117,288,696,1883,648
106382,.,-3.602344,29.971241,.,19.5,21,18,3,1145,0,5221,259,769,1893,725
106383,.,-3.229431,29.969675,.,20.2,21.6,18.9,2.7,1124,0,5463,192,939,1928,766
106384,.,-3.329483,29.682131,.,18.9,20.3,17.8,2.5,1241,0,5014,323,630,1852,625
106385,.,-3.340744,29.587257,.,17.6,19.3,16.3,3,1314,0,4554,530,391,1769,544
106386,.,-3.338309,29.63287,.,18.3,19.8,17.2,2.7,1285,0,4784,414,499,1813,581
106387,.,-3.211069,29.792507,.,19.7,21.2,18.5,2.7,1184,0,5285,239,812,1918,707
106388,.,-3.554811,29.967932,.,19.6,21.2,18.1,3.1,1148,0,5268,245,802,1903,725
106389,.,-3.2123,29.790777,.,19.7,21.2,18.5,2.7,1185,0,5279,240,807,1917,704
106390,.,-3.226906,29.773108,.,19.4,20.9,18.3,2.7,1197,0,5203,262,754,1901,677
106391,.,-3.473564,29.715353,.,18.5,20,17.3,2.7,1236,0,4876,378,552,1841,625
106392,.,-3.407712,29.737289,.,18.8,20.3,17.6,2.7,1212,0,4981,337,613,1861,648
106393,.,-3.36621,29.795715,.,19.5,20.9,18.3,2.6,1162,0,5211,260,760,1910,722
106394,.,-3.511335,29.736303,.,18.9,20.3,17.7,2.6,1216,0,5000,329,623,1867,655
106395,.,-3.552856,29.973897,.,19.6,21.2,18.1,3.1,1147,0,5251,250,791,1897,722
106396,.,-3.548876,29.932968,.,19.9,21.6,18.5,3.1,1157,0,5373,217,876,1937,746
106397,.,-3.157956,29.747444,.,19.6,21.1,18.4,2.7,1207,0,5259,246,793,1911,679
106398,.,-3.328874,29.685568,.,18.9,20.4,17.9,2.5,1238,0,5028,318,639,1854,628
106399,.,-3.195377,29.736504,.,19.3,20.7,18.1,2.6,1220,0,5147,278,716,1891,651
106400,.,-3.512591,29.736828,.,18.9,20.3,17.8,2.6,1215,0,5005,327,626,1869,656
106401,.,-3.216079,29.777781,.,19.5,21,18.3,2.7,1195,0,5216,258,764,1905,683
106402,.,-3.234618,29.618231,.,18.6,20.1,17.5,2.6,1268,0,4889,369,556,1833,602
106403,.,-3.260495,29.727329,.,19.2,20.7,18.2,2.5,1227,0,5133,283,707,1882,641
106404,.,-3.195222,29.777718,.,19.4,20.9,18.1,2.8,1196,0,5186,267,743,1900,678
106405,.,-3.270478,29.778065,.,20.1,21.6,19,2.6,1177,0,5435,202,921,1950,747
106406,.,-3.442501,29.73867,.,18.8,20.3,17.6,2.7,1211,0,4977,339,611,1864,653
106407,.,-3.231347,29.961674,.,20.1,21.5,18.8,2.7,1127,0,5443,197,925,1925,761
106408,.,-3.601924,29.964565,.,19.5,21.1,18.1,3,1147,0,5242,252,783,1899,729
106409,.,-3.225055,29.776899,.,19.5,21,18.3,2.7,1195,0,5224,256,769,1906,684
106410,.,-3.270676,29.793741,.,20.1,21.6,19,2.6,1171,0,5444,199,928,1951,753
106411,.,-3.239783,29.962833,.,20.1,21.5,18.8,2.7,1126,0,5428,201,913,1922,759
106412,.,-3.435849,29.731344,.,18.7,20.2,17.5,2.7,1220,0,4936,354,587,1855,640
106413,.,-3.240854,29.608097,.,18.5,20.1,17.4,2.7,1273,0,4866,378,543,1831,599
106414,.,-3.178339,29.893879,.,20.5,21.9,19.2,2.8,1140,0,5567,172,1020,1970,796
106415,.,-3.216873,29.697325,.,19,20.4,17.8,2.6,1235,0,5030,317,640,1859,623
106416,.,-3.202556,29.723541,.,19.2,20.7,18.1,2.6,1227,0,5121,287,699,1883,642
106417,.,-3.423309,29.685579,.,18.4,20,17.3,2.7,1250,0,4849,388,536,1830,608
106418,.,-3.201937,29.873377,.,20.3,21.8,19.1,2.7,1143,0,5512,183,978,1959,784
106419,.,-3.252123,29.662703,.,18.9,20.3,17.8,2.5,1249,0,5003,326,623,1847,615
106420,.,-3.3564,29.594925,.,17.6,19.3,16.4,2.9,1315,0,4547,532,387,1772,547
106421,.,-3.510775,29.74951,.,19.1,20.6,18,2.6,1197,0,5094,296,682,1887,683
106422,.,-3.419637,29.743111,.,18.9,20.4,17.7,2.7,1205,0,4998,331,623,1867,657
106423,.,-3.259724,29.653486,.,18.9,20.3,17.8,2.5,1256,0,4999,327,621,1844,611
106424,.,-3.356512,29.926699,.,20,21.5,18.8,2.7,1134,0,5397,209,891,1924,756
106425,.,-3.216913,29.760197,.,19.3,20.8,18.1,2.7,1207,0,5156,276,722,1892,663
106426,.,-3.243178,30.001348,.,20.5,22,19.4,2.5,1116,0,5594,164,1039,1949,793
106427,.,-3.223118,29.91634,.,20.2,21.6,18.8,2.8,1140,0,5464,194,942,1939,765
106428,.,-3.297462,29.612543,.,18.1,19.8,17,2.7,1284,0,4740,434,477,1807,579
106429,.,-3.204027,29.671415,.,19,20.5,17.9,2.5,1243,0,5052,309,653,1861,623
106430,.,-3.20497,29.762325,.,19.3,20.8,18.1,2.7,1206,0,5158,276,724,1894,664
106431,.,-3.153571,29.739193,.,19.6,21.1,18.5,2.6,1211,0,5277,240,805,1914,679
106432,.,-3.114137,29.66123,.,18.9,20.4,17.8,2.6,1241,0,5018,320,631,1855,622
106433,.,-3.247036,29.686642,.,19,20.4,17.9,2.5,1236,0,5034,315,643,1856,623
106434,.,-3.202175,29.734457,.,19.2,20.7,18.1,2.6,1222,0,5132,283,706,1887,647
106435,.,-3.22762,29.977131,.,20.2,21.6,19,2.6,1121,0,5482,188,953,1931,771
106436,.,-3.415634,29.680195,.,18.4,19.9,17.3,2.7,1255,0,4845,390,534,1829,606
106437,.,-3.249541,29.778639,.,19.8,21.3,18.7,2.6,1185,0,5337,225,849,1929,718
106438,.,-3.343984,29.653217,.,18.6,20.1,17.5,2.6,1271,0,4894,368,559,1830,598
106439,.,-3.199731,29.716572,.,19.2,20.7,18.1,2.6,1228,0,5123,286,700,1883,641
106440,.,-3.067669,29.617355,.,18.7,20.2,17.6,2.6,1262,0,4931,352,579,1847,611
106441,.,-3.283238,29.812092,.,20,21.5,18.9,2.6,1163,0,5419,204,908,1946,756
106442,.,-3.199127,29.724234,.,19.2,20.7,18.1,2.6,1226,0,5131,283,706,1886,644
106443,.,-3.207465,29.753164,.,19.3,20.8,18.1,2.7,1212,0,5146,279,716,1891,658
106444,.,-3.314598,29.682203,.,19,20.4,18,2.4,1240,0,5044,311,648,1856,626
106445,.,-3.239757,29.862354,.,20.3,21.7,19.1,2.6,1143,0,5503,185,971,1957,783
106446,.,-3.303493,29.800402,.,19.9,21.3,18.7,2.6,1165,0,5352,221,859,1934,742
106447,.,-3.321522,29.684242,.,19,20.4,17.9,2.5,1239,0,5038,314,645,1855,627
106448,.,-3.197192,29.734419,.,19.3,20.7,18.1,2.6,1221,0,5143,280,713,1890,650
106449,.,-3.271433,29.65584,.,19,20.4,17.9,2.5,1256,0,5032,316,641,1850,615
106450,.,-3.238658,29.612347,.,18.5,20.1,17.4,2.7,1271,0,4876,374,549,1832,601
106451,.,-3.246828,29.986622,.,20.2,21.6,19,2.6,1120,0,5474,190,947,1929,770
106452,.,-3.601924,29.964565,.,19.5,21.1,18.1,3,1147,0,5242,252,783,1899,729
106453,.,-3.248492,29.98423,.,20.1,21.6,18.9,2.6,1121,0,5450,195,929,1925,766
106454,.,-3.26114,29.567749,.,17.7,19.4,16.3,3.1,1296,0,4594,510,410,1773,550
106455,.,-3.34059,29.629591,.,18.2,19.8,17.1,2.7,1288,0,4759,425,486,1809,577
106456,.,-3.283917,29.76228,.,19.8,21.3,18.8,2.5,1186,0,5347,223,856,1932,720
106457,.,-3.543933,29.957792,.,19.8,21.4,18.3,3.1,1152,0,5316,232,836,1916,731
106458,.,-3.206422,29.670773,.,19,20.4,17.9,2.5,1243,0,5040,313,646,1858,622
106459,.,-3.259509,29.562569,.,17.6,19.4,16.2,3.1,1299,0,4560,529,395,1767,545
106460,.,-3.602616,30.005346,.,19.5,21.1,18.2,2.9,1150,0,5239,252,781,1894,719
106461,.,-3.05835,29.646013,.,19.2,20.5,18.2,2.3,1232,0,5123,283,697,1869,634
106462,.,-3.49587,29.706659,.,18.5,20,17.3,2.7,1246,0,4860,384,543,1838,620
106463,.,-3.053933,29.659115,.,19.3,20.6,18.3,2.4,1228,0,5154,274,718,1878,642
106464,.,-3.597923,30.001545,.,19.5,21.1,18.1,2.9,1148,0,5232,255,776,1892,720
106465,.,-3.513166,29.74177,.,19,20.4,17.9,2.6,1208,0,5042,314,649,1876,666
106466,.,-3.323196,29.627308,.,18.2,19.8,17.1,2.7,1285,0,4759,425,486,1809,579
106467,.,-3.440374,29.734148,.,18.7,20.2,17.5,2.7,1216,0,4950,349,595,1858,645
106468,.,-3.190895,29.702461,.,19.3,20.7,18.2,2.6,1231,0,5149,278,717,1886,643
106469,.,-3.295596,29.817835,.,20,21.4,18.9,2.5,1159,0,5395,210,890,1942,754
106470,.,-3.328327,29.61722,.,18,19.6,16.8,2.8,1292,0,4686,459,450,1798,569
106471,.,-3.354979,29.819063,.,19.8,21.3,18.6,2.7,1148,0,5322,229,838,1933,757
106472,.,-3.208606,29.75345,.,19.3,20.8,18.1,2.7,1212,0,5146,279,716,1890,658
106473,.,-3.192686,29.70767,.,19.3,20.7,18.2,2.6,1230,0,5144,279,714,1886,643
106474,.,-3.283875,29.803865,.,20,21.5,18.9,2.6,1166,0,5412,206,903,1945,752
106475,.,-3.205123,29.66231,.,19,20.4,17.9,2.5,1247,0,5032,315,641,1856,620
106476,.,-3.297265,29.8237,.,20,21.4,18.9,2.6,1156,0,5403,208,896,1943,758
106477,.,-3.23997,29.616428,.,18.5,20.1,17.5,2.7,1269,0,4884,371,553,1832,601
106478,.,-3.425172,29.736235,.,18.8,20.3,17.6,2.7,1213,0,4970,341,606,1861,648
106479,.,-3.26938,29.647114,.,18.9,20.3,17.8,2.5,1262,0,4998,327,620,1842,608
106480,.,-3.338143,29.622839,.,18.1,19.7,16.9,2.7,1291,0,4714,446,463,1802,571
106481,.,-3.341281,29.686391,.,18.9,20.3,17.8,2.5,1239,0,5004,327,625,1851,627
106482,.,-3.244248,29.693026,.,19,20.4,17.9,2.5,1235,0,5032,316,641,1857,623
106483,.,-3.157152,29.736021,.,19.6,21.1,18.5,2.6,1213,0,5266,243,797,1912,676
106484,.,-3.233408,29.6092,.,18.5,20.1,17.4,2.7,1272,0,4875,375,548,1833,601
106485,.,-3.341281,29.686391,.,18.9,20.3,17.8,2.5,1239,0,5004,327,625,1851,627
106486,.,-3.339672,29.710678,.,19.1,20.5,18,2.5,1224,0,5081,300,674,1873,648
106487,.,-3.44073,29.734982,.,18.7,20.2,17.6,2.7,1215,0,4955,347,597,1860,646
106488,.,-3.290504,29.675703,.,19.1,20.5,18,2.4,1244,0,5066,304,663,1860,626
106489,.,-3.440205,29.740253,.,18.8,20.3,17.6,2.7,1208,0,4987,335,617,1867,656
106490,.,-3.248288,29.870584,.,20.2,21.7,19,2.7,1142,0,5489,188,960,1955,781
106491,.,-3.434866,29.740206,.,18.8,20.3,17.6,2.7,1208,0,4987,335,617,1866,655
106492,.,-3.475244,29.729856,.,18.6,20.1,17.4,2.7,1226,0,4898,369,564,1847,634
106493,.,-3.087183,29.621195,.,18.5,20.1,17.4,2.7,1266,0,4882,371,551,1839,604
106494,.,-3.267019,29.867607,.,20.2,21.6,19,2.6,1141,0,5460,194,938,1950,778
106495,.,-3.443557,29.729849,.,18.6,20.2,17.4,2.7,1223,0,4921,360,578,1852,637
106496,.,-3.505477,29.742396,.,19,20.4,17.9,2.6,1207,0,5035,316,645,1875,666
106497,.,-3.441194,29.729248,.,18.6,20.1,17.4,2.7,1223,0,4919,361,577,1852,636
106498,.,-3.249151,29.67431,.,18.9,20.4,17.9,2.5,1243,0,5019,320,633,1852,619
106499,.,-3.295862,29.612608,.,18.2,19.8,17,2.7,1284,0,4748,430,480,1808,580
106500,.,-3.280434,29.699084,.,19.3,20.7,18.3,2.5,1231,0,5145,279,715,1878,641
106501,.,-3.542154,29.936581,.,19.9,21.6,18.5,3.1,1157,0,5380,216,882,1938,747
106502,.,-3.522273,29.741163,.,19,20.5,17.9,2.6,1209,0,5050,310,654,1878,668
106503,.,-3.286842,29.830357,.,20.1,21.5,19,2.5,1154,0,5429,202,915,1947,764
106504,.,-3.520139,29.734089,.,18.9,20.3,17.7,2.6,1219,0,4999,329,622,1867,653
106505,.,-3.526573,29.728283,.,18.8,20.3,17.7,2.6,1225,0,4971,339,605,1862,646
106506,.,-3.280434,29.699084,.,19.3,20.7,18.3,2.5,1231,0,5145,279,715,1878,641
106507,.,-3.524366,29.73395,.,18.9,20.3,17.8,2.6,1218,0,5004,327,625,1869,655
106508,.,-3.216354,29.735283,.,19.2,20.6,18,2.6,1225,0,5103,293,687,1880,642
106509,.,-3.230639,29.8685,.,20.3,21.8,19.1,2.6,1143,0,5515,182,981,1959,784
106510,.,-3.205389,29.7603,.,19.3,20.8,18.1,2.7,1207,0,5155,277,722,1893,663
106511,.,-3.249151,29.67431,.,18.9,20.4,17.9,2.5,1243,0,5019,320,633,1852,619
106512,.,-3.346379,29.596823,.,17.6,19.3,16.4,2.9,1310,0,4560,524,393,1775,549
106513,.,-3.22121,29.899857,.,20.3,21.8,19,2.8,1144,0,5503,185,972,1953,776
106514,.,-3.479688,29.70797,.,18.5,20,17.3,2.7,1242,0,4866,382,547,1838,621
106515,.,-3.597923,30.001545,.,19.5,21.1,18.1,2.9,1148,0,5232,255,776,1892,720
106516,.,-3.264941,29.652826,.,18.9,20.4,17.8,2.5,1257,0,5009,324,627,1845,612
106517,.,-3.178339,29.893879,.,20.5,21.9,19.2,2.8,1140,0,5567,172,1020,1970,796
106518,.,-3.30729,29.607897,.,17.9,19.6,16.8,2.8,1290,0,4669,468,442,1796,570
106519,.,-3.291494,29.812876,.,20,21.4,18.9,2.6,1162,0,5396,210,892,1942,753
106520,.,-3.280434,29.699084,.,19.3,20.7,18.3,2.5,1231,0,5145,279,715,1878,641
106521,.,-3.081104,29.625486,.,18.7,20.2,17.5,2.6,1259,0,4926,354,576,1844,609
106522,.,-3.448894,29.737555,.,18.8,20.3,17.6,2.7,1213,0,4968,342,605,1862,651
106523,.,-3.252211,29.567007,.,17.7,19.4,16.3,3.1,1294,0,4587,514,407,1774,550
106524,.,-3.260001,29.72472,.,19.2,20.7,18.2,2.5,1227,0,5129,284,705,1880,640
106525,.,-3.297837,29.777824,.,19.9,21.3,18.8,2.6,1173,0,5351,221,859,1935,735
106526,.,-3.410508,29.73716,.,18.8,20.3,17.6,2.7,1212,0,4980,337,612,1861,648
106527,.,-3.216347,29.696764,.,19,20.4,17.8,2.6,1235,0,5031,316,641,1860,623
106528,.,-3.220651,29.783474,.,19.6,21.1,18.4,2.7,1190,0,5256,247,791,1912,695
106529,.,-3.216274,29.734819,.,19.2,20.6,18,2.6,1225,0,5102,293,687,1879,641
106530,.,-3.210559,29.75565,.,19.3,20.8,18.1,2.7,1210,0,5148,279,717,1891,659
106531,.,-3.355918,29.756166,.,19.1,20.5,17.9,2.6,1194,0,5075,302,670,1878,670
106532,.,-3.087745,29.639824,.,18.8,20.2,17.7,2.5,1248,0,4967,338,600,1844,612
106533,.,-3.26433,29.573298,.,17.8,19.5,16.5,3,1294,0,4631,490,426,1780,556
106534,.,-3.136042,29.733061,.,19.8,21.2,18.7,2.6,1212,0,5315,230,832,1921,687
106535,.,-3.342746,29.647057,.,18.5,20,17.4,2.6,1277,0,4875,375,549,1827,593
106536,.,-3.56006,29.964314,.,19.6,21.3,18.2,3.1,1148,0,5273,244,805,1905,728
106537,.,-3.248402,29.870577,.,20.2,21.7,19,2.7,1142,0,5489,188,960,1955,781
106538,.,-3.244248,29.693026,.,19,20.4,17.9,2.5,1235,0,5032,316,641,1857,623
106539,.,-3.289127,29.822079,.,20,21.5,18.9,2.5,1158,0,5415,205,905,1945,759
106540,.,-3.261448,29.821346,.,20.1,21.6,19,2.6,1160,0,5455,196,936,1952,763
106541,.,-3.072408,29.610416,.,18.5,20.1,17.4,2.7,1270,0,4877,373,549,1841,605
106542,.,-3.249522,29.778484,.,19.8,21.3,18.7,2.6,1185,0,5336,226,848,1929,718
106543,.,-3.259151,29.67725,.,19.1,20.5,18,2.5,1241,0,5066,304,663,1860,625
106544,.,-3.227599,29.97397,.,20.2,21.6,19,2.6,1123,0,5476,189,949,1930,769
106545,.,-3.353926,29.809408,.,19.6,21.1,18.5,2.7,1151,0,5266,244,798,1922,744
106546,.,-3.548221,29.934177,.,19.9,21.6,18.5,3.1,1157,0,5374,217,877,1937,746
106547,.,-3.233148,29.8755,.,20.3,21.8,19.1,2.7,1143,0,5507,184,975,1957,781
106548,.,-3.228746,29.717134,.,18.9,20.4,17.8,2.6,1234,0,5026,318,638,1861,624
106549,.,-3.253733,29.823419,.,20.2,21.6,19.1,2.6,1160,0,5460,195,939,1953,764
106550,.,-3.281212,29.848492,.,20.1,21.6,19,2.5,1146,0,5445,197,927,1949,773
106551,.,-3.269992,29.648096,.,18.9,20.4,17.8,2.5,1261,0,5003,326,623,1843,609
106552,.,-3.361706,29.624439,.,18,19.6,16.9,2.8,1297,0,4700,453,457,1800,568
106553,.,-3.178515,29.641296,.,18.9,20.3,17.8,2.5,1257,0,4996,326,618,1850,614
106554,.,-3.113425,29.668249,.,19.1,20.5,18,2.5,1236,0,5067,303,662,1865,630
106555,.,-3.248372,29.870531,.,20.2,21.7,19,2.7,1142,0,5489,188,960,1955,781
106556,.,-3.358987,29.917124,.,20,21.6,18.8,2.8,1136,0,5416,205,906,1933,763
106557,.,-3.214578,29.721375,.,19.1,20.5,17.9,2.6,1230,0,5081,300,673,1874,634
106558,.,-3.411946,29.743423,.,18.9,20.4,17.7,2.7,1206,0,4996,331,622,1865,655
106559,.,-3.175642,29.643406,.,18.9,20.3,17.8,2.5,1256,0,5000,325,620,1851,614
106560,.,-3.215248,29.720787,.,19.1,20.5,17.9,2.6,1230,0,5078,301,671,1873,634
106561,.,-3.249474,29.778643,.,19.8,21.3,18.7,2.6,1185,0,5336,225,848,1929,718
106562,.,-3.244248,29.693026,.,19,20.4,17.9,2.5,1235,0,5032,316,641,1857,623
106563,.,-3.357116,29.626917,.,18.1,19.7,17,2.7,1294,0,4723,442,468,1803,571
106564,.,-3.279182,29.637106,.,18.7,20.2,17.6,2.6,1268,0,4934,352,582,1833,601
106565,.,-3.254143,29.832561,.,20.2,21.6,19.1,2.6,1155,0,5464,193,942,1953,769
106566,.,-3.178339,29.893879,.,20.5,21.9,19.2,2.8,1140,0,5567,172,1020,1970,796
106567,.,-3.289889,29.673412,.,19,20.5,18,2.5,1245,0,5058,307,658,1858,624
106568,.,-3.253733,29.823419,.,20.2,21.6,19.1,2.6,1160,0,5460,195,939,1953,764
106569,.,-3.543999,29.93194,.,19.9,21.6,18.5,3.1,1158,0,5377,217,879,1938,747
106570,.,-3.365377,29.752764,.,19,20.5,17.9,2.6,1197,0,5057,308,659,1875,666
106571,.,-3.262021,29.882637,.,20.2,21.7,19,2.8,1138,0,5479,190,953,1953,782
106572,.,-3.205689,29.905302,.,20.3,21.8,19,2.8,1141,0,5524,181,988,1958,782
106573,.,-3.175361,29.643431,.,18.9,20.3,17.8,2.5,1256,0,5000,325,619,1850,614
106574,.,-3.249686,29.778585,.,19.8,21.3,18.7,2.6,1185,0,5337,225,849,1929,718
106575,.,-3.458105,29.729025,.,18.6,20.1,17.4,2.7,1225,0,4906,366,569,1849,634
106576,.,-3.323305,29.63571,.,18.3,19.9,17.3,2.6,1280,0,4814,401,515,1817,586
106577,.,-3.249606,29.778597,.,19.8,21.3,18.7,2.6,1185,0,5337,225,849,1929,718
106578,.,-3.183578,29.644085,.,19,20.4,17.9,2.4,1255,0,5036,312,642,1856,618
106579,.,-3.176381,29.746733,.,19.4,20.9,18.2,2.7,1211,0,5197,264,750,1901,666
106580,.,-3.221263,29.73984,.,19.2,20.6,18,2.6,1222,0,5104,293,688,1880,644
106581,.,-3.289,29.813177,.,20,21.5,18.9,2.6,1162,0,5404,208,897,1944,754
106582,.,-3.21534,29.736246,.,19.2,20.6,18,2.6,1224,0,5107,291,690,1881,643
106583,.,-3.195386,29.712248,.,19.2,20.7,18.1,2.6,1229,0,5136,282,708,1885,643
106584,.,-3.342663,29.686193,.,18.9,20.3,17.7,2.5,1239,0,5000,328,623,1850,627
106585,.,-3.209125,29.797787,.,19.7,21.2,18.6,2.7,1180,0,5307,233,827,1922,715
106586,.,-3.249531,29.778547,.,19.8,21.3,18.7,2.6,1185,0,5336,225,848,1929,718
106587,.,-3.17097,29.739407,.,19.5,21,18.3,2.6,1214,0,5218,257,764,1905,667
106588,.,-3.333193,29.654562,.,18.6,20.1,17.5,2.6,1268,0,4908,362,567,1833,601
106589,.,-3.26024,29.728434,.,19.2,20.7,18.2,2.5,1226,0,5133,283,707,1882,641
106590,.,-3.260683,29.564259,.,17.7,19.4,16.3,3.1,1298,0,4571,523,400,1769,546
106591,.,-3.112508,29.662416,.,18.9,20.4,17.8,2.6,1240,0,5025,317,636,1857,623
106592,.,-3.259125,29.678442,.,19.1,20.5,18,2.5,1240,0,5069,303,665,1861,626
106593,.,-3.283916,29.676559,.,19.1,20.5,18.1,2.5,1242,0,5084,298,674,1863,628
106594,.,-3.268617,29.656206,.,19,20.4,17.9,2.5,1255,0,5030,316,639,1849,615
106595,.,-3.597923,30.001545,.,19.5,21.1,18.1,2.9,1148,0,5232,255,776,1892,720
106596,.,-3.241981,29.609892,.,18.5,20.1,17.4,2.7,1273,0,4869,377,545,1830,599
106597,.,-3.285229,29.684729,.,19.2,20.6,18.2,2.5,1236,0,5114,289,694,1869,634
106598,.,-3.277905,29.688612,.,19.3,20.7,18.3,2.5,1234,0,5140,280,711,1875,638
106599,.,-3.391812,29.691629,.,18.7,20.1,17.6,2.6,1239,0,4933,354,583,1845,626
106600,.,-3.249151,29.67431,.,18.9,20.4,17.9,2.5,1243,0,5019,320,633,1852,619
106601,.,-3.285064,29.682846,.,19.2,20.6,18.1,2.5,1238,0,5106,291,689,1868,633
106602,.,-3.218781,29.715408,.,19,20.5,17.9,2.6,1232,0,5057,308,657,1867,630
106603,.,-3.356901,29.926105,.,20,21.5,18.8,2.7,1134,0,5398,209,892,1925,756
106604,.,-3.419371,29.737543,.,18.8,20.3,17.6,2.7,1212,0,4977,338,611,1862,649
106605,.,-3.222904,29.776999,.,19.5,21,18.3,2.7,1195,0,5222,257,767,1905,684
106606,.,-3.280853,29.683565,.,19.2,20.7,18.2,2.5,1237,0,5118,287,696,1870,634
106607,.,-3.224328,29.885593,.,20.3,21.8,19.1,2.7,1144,0,5509,184,976,1956,779
106608,.,-3.345255,29.706896,.,19,20.5,17.9,2.6,1227,0,5055,309,657,1867,643
106609,.,-3.347079,29.637537,.,18.3,19.9,17.2,2.7,1284,0,4810,403,513,1817,583
106610,.,-3.307394,29.610596,.,18,19.6,16.8,2.8,1289,0,4685,460,449,1798,572
106611,.,-3.20407,29.986919,.,20.4,21.8,19.3,2.6,1123,0,5554,172,1008,1945,783
106612,.,-3.249227,29.820801,.,20.2,21.6,19.1,2.6,1161,0,5462,194,940,1953,763
106613,.,-3.232594,29.883209,.,20.3,21.8,19.1,2.7,1144,0,5504,185,972,1955,779
106614,.,-3.327463,29.644165,.,18.5,20,17.4,2.6,1276,0,4868,378,544,1826,593
106615,.,-3.34508,29.652914,.,18.6,20.1,17.5,2.6,1272,0,4892,369,558,1830,598
106616,.,-3.283714,29.684298,.,19.2,20.6,18.2,2.5,1237,0,5115,288,694,1869,634
106617,.,-3.241129,29.612337,.,18.5,20.1,17.4,2.7,1271,0,4875,375,548,1831,600
106618,.,-3.203728,29.982229,.,20.4,21.8,19.2,2.6,1124,0,5538,176,996,1942,779
106619,.,-3.300017,29.810497,.,19.9,21.4,18.8,2.6,1162,0,5370,216,872,1937,748
106620,.,-3.282669,29.678547,.,19.1,20.6,18.1,2.5,1241,0,5094,295,681,1865,630
106621,.,-3.500779,29.744143,.,19,20.5,17.9,2.6,1205,0,5041,314,649,1876,668
106622,.,-3.270967,29.831066,.,20.1,21.6,19,2.5,1155,0,5447,197,928,1951,766
106623,.,-3.233625,29.876179,.,20.3,21.8,19.1,2.7,1143,0,5507,184,974,1957,781
106624,.,-3.276624,29.663126,.,19,20.4,18,2.5,1252,0,5048,310,651,1854,619
106625,.,-3.226062,29.703402,.,18.9,20.3,17.7,2.6,1235,0,5003,327,623,1854,620
106626,.,-3.601924,29.964565,.,19.5,21.1,18.1,3,1147,0,5242,252,783,1899,729
106627,.,-3.210074,29.723864,.,19.1,20.6,18,2.6,1229,0,5099,294,684,1878,638
106628,.,-3.205123,29.66231,.,19,20.4,17.9,2.5,1247,0,5032,315,641,1856,620
106629,.,-3.24958,29.778631,.,19.8,21.3,18.7,2.6,1185,0,5337,225,849,1929,718
106630,.,-3.24393,29.851164,.,20.2,21.7,19.1,2.6,1145,0,5493,187,963,1957,781
106631,.,-3.087303,29.643812,.,18.8,20.2,17.7,2.5,1244,0,4988,330,612,1846,615
106632,.,-3.357116,29.626917,.,18.1,19.7,17,2.7,1294,0,4723,442,468,1803,571
106633,.,-3.24835,29.870584,.,20.2,21.7,19,2.7,1142,0,5489,188,960,1955,781
106634,.,-3.355399,29.594423,.,17.6,19.3,16.4,2.9,1315,0,4546,533,387,1771,546
106635,.,-3.337597,29.624704,.,18.1,19.7,17,2.7,1290,0,4727,440,470,1804,573
106636,.,-3.465659,29.736454,.,18.7,20.2,17.6,2.7,1216,0,4954,347,597,1859,647
106637,.,-3.327791,29.689419,.,19,20.4,17.9,2.5,1235,0,5044,312,649,1858,631
106638,.,-3.249495,29.77862,.,19.8,21.3,18.7,2.6,1185,0,5336,225,848,1929,718
106639,.,-3.304972,29.80014,.,19.8,21.3,18.7,2.6,1165,0,5347,222,856,1933,742
106640,.,-3.411177,29.68354,.,18.5,20,17.4,2.6,1250,0,4867,380,546,1833,612
106641,.,-3.080287,29.642419,.,18.9,20.3,17.8,2.5,1243,0,5015,320,628,1851,619
106642,.,-3.237344,29.611797,.,18.5,20.1,17.4,2.7,1271,0,4876,374,549,1832,601
106643,.,-3.351903,29.817884,.,19.8,21.3,18.6,2.7,1148,0,5315,230,833,1932,755
106644,.,-3.378969,29.678986,.,18.6,20.1,17.5,2.6,1251,0,4907,364,568,1838,615
106645,.,-3.262057,29.565998,.,17.7,19.4,16.3,3.1,1297,0,4583,516,406,1771,548
106646,.,-3.201257,29.799873,.,19.7,21.2,18.5,2.7,1178,0,5295,236,818,1920,714
106647,.,-3.249472,29.778833,.,19.8,21.3,18.7,2.6,1184,0,5337,225,849,1929,718
106648,.,-3.275958,29.663252,.,19,20.5,18,2.5,1251,0,5050,310,652,1854,619
106649,.,-3.309703,29.614801,.,18,19.7,16.9,2.8,1288,0,4701,452,457,1800,574
106650,.,-3.254717,29.562061,.,17.6,19.4,16.2,3.1,1297,0,4562,528,396,1768,545
106651,.,-3.249497,29.778637,.,19.8,21.3,18.7,2.6,1185,0,5336,225,849,1929,718
106652,.,-3.59473,29.963076,.,19.6,21.2,18.1,3,1147,0,5251,250,790,1901,729
106653,.,-3.273753,29.869171,.,20.2,21.6,19,2.7,1140,0,5460,194,938,1950,779
106654,.,-3.504423,29.744091,.,19,20.5,17.9,2.6,1205,0,5046,313,652,1877,669
106655,.,-3.184151,29.651731,.,19.1,20.5,18,2.4,1251,0,5069,301,663,1862,623
106656,.,-3.204632,29.785307,.,19.5,21,18.3,2.7,1189,0,5236,253,777,1909,692
106657,.,-3.192663,29.899876,.,20.4,21.9,19.1,2.8,1142,0,5558,174,1014,1968,792
106658,.,-3.197542,29.701626,.,19.2,20.7,18.1,2.6,1232,0,5120,287,698,1880,638
106659,.,-3.605375,29.993086,.,19.5,21,18,3,1148,0,5220,258,768,1891,720
106660,.,-3.207766,29.750513,.,19.3,20.7,18.1,2.7,1213,0,5142,281,713,1890,656
106661,.,-3.287145,29.674009,.,19.1,20.5,18,2.4,1245,0,5067,304,663,1860,625
106662,.,-3.260087,29.72414,.,19.2,20.7,18.2,2.5,1227,0,5129,284,704,1880,640
106663,.,-3.281663,29.643583,.,18.7,20.2,17.7,2.6,1266,0,4957,343,595,1836,603
106664,.,-3.235093,29.874435,.,20.3,21.8,19.1,2.7,1143,0,5506,184,973,1957,781
106665,.,-3.597923,30.001545,.,19.5,21.1,18.1,2.9,1148,0,5232,255,776,1892,720
106666,.,-3.114137,29.66123,.,18.9,20.4,17.8,2.6,1241,0,5018,320,631,1855,622
106667,.,-3.054445,29.614565,.,18.7,20.2,17.6,2.6,1260,0,4945,346,587,1848,613
106668,.,-3.215945,29.706194,.,19,20.4,17.9,2.6,1233,0,5050,310,653,1865,627
106669,.,-3.217577,29.97374,.,20.3,21.7,19,2.6,1124,0,5495,185,963,1934,772
106670,.,-3.341281,29.686391,.,18.9,20.3,17.8,2.5,1239,0,5004,327,625,1851,627
106671,.,-3.118963,29.68286,.,19.4,20.8,18.3,2.5,1228,0,5177,268,735,1888,649
106672,.,-3.503297,29.740803,.,18.9,20.4,17.8,2.6,1210,0,5020,322,636,1872,662
106673,.,-3.228859,29.818026,.,20.2,21.7,19.1,2.6,1165,0,5466,194,944,1952,759
106674,.,-3.368496,29.925404,.,20,21.6,18.8,2.8,1136,0,5414,205,904,1932,761
106675,.,-3.42366,29.677946,.,18.4,19.9,17.2,2.7,1259,0,4823,399,522,1825,602
106676,.,-3.249397,29.778511,.,19.8,21.3,18.7,2.6,1185,0,5335,226,848,1929,717
106677,.,-3.352254,29.631933,.,18.2,19.8,17.1,2.7,1289,0,4766,422,490,1810,577
106678,.,-3.32791,29.688391,.,19,20.4,17.9,2.5,1236,0,5040,313,647,1857,630
106679,.,-3.151082,29.740265,.,19.7,21.2,18.6,2.6,1210,0,5285,238,811,1915,681
106680,.,-3.360838,29.623219,.,18,19.6,16.9,2.8,1297,0,4693,456,454,1799,567
106681,.,-3.339134,29.633018,.,18.3,19.8,17.2,2.7,1285,0,4784,414,499,1813,581
106682,.,-3.23397,29.614637,.,18.5,20.1,17.5,2.7,1270,0,4883,371,553,1833,602
106683,.,-3.563587,29.974762,.,19.5,21.1,18,3.1,1144,0,5231,256,777,1894,722
106684,.,-3.225864,29.60817,.,18.5,20.1,17.4,2.7,1273,0,4867,378,544,1833,601
106685,.,-3.26835,29.647879,.,18.9,20.3,17.8,2.5,1261,0,4999,327,620,1842,608
106686,.,-3.403254,29.737452,.,18.8,20.3,17.6,2.7,1212,0,4983,336,614,1861,648
106687,.,-3.339377,29.950962,.,20.3,21.8,19.1,2.7,1129,0,5503,184,970,1942,777
106688,.,-3.238318,29.890076,.,20.3,21.8,19,2.8,1143,0,5497,187,967,1954,778
106689,.,-3.284378,29.7705,.,20,21.4,18.9,2.6,1178,0,5387,213,886,1941,738
106690,.,-3.370162,29.812674,.,19.8,21.3,18.7,2.6,1149,0,5329,227,843,1935,759
106691,.,-3.353069,29.805174,.,19.6,21,18.4,2.6,1155,0,5247,249,785,1918,736
106692,.,-3.258575,29.795746,.,20,21.5,18.9,2.6,1173,0,5417,205,908,1945,745
106693,.,-3.242956,29.99375,.,20.4,21.8,19.2,2.6,1118,0,5538,176,996,1940,783
106694,.,-3.244248,29.693026,.,19,20.4,17.9,2.5,1235,0,5032,316,641,1857,623
106695,.,-3.205123,29.66231,.,19,20.4,17.9,2.5,1247,0,5032,315,641,1856,620
106696,.,-3.289181,29.674009,.,19,20.5,18,2.4,1245,0,5062,305,660,1859,625
106697,.,-3.349857,29.747644,.,19.2,20.6,18,2.6,1199,0,5101,294,686,1883,669
106698,.,-3.192435,29.772598,.,19.3,20.8,18.1,2.8,1200,0,5162,275,727,1896,671
106699,.,-3.069059,29.617214,.,18.7,20.2,17.5,2.6,1262,0,4926,354,576,1846,611
106700,.,-3.216159,29.983835,.,20.3,21.8,19.2,2.6,1122,0,5528,178,988,1939,779
106701,.,-3.34963,29.734816,.,19.2,20.6,18.1,2.6,1209,0,5104,293,689,1884,662
106702,.,-3.114137,29.66123,.,18.9,20.4,17.8,2.6,1241,0,5018,320,631,1855,622
106703,.,-3.249631,29.778601,.,19.8,21.3,18.7,2.6,1185,0,5337,225,849,1929,718
106704,.,-3.17946,29.642168,.,18.9,20.3,17.8,2.5,1256,0,5006,323,623,1852,615
106705,.,-3.426831,29.738392,.,18.8,20.3,17.6,2.7,1211,0,4979,338,612,1863,651
106706,.,-3.253733,29.823419,.,20.2,21.6,19.1,2.6,1160,0,5460,195,939,1953,764
106707,.,-3.342629,29.643936,.,18.5,20,17.4,2.6,1279,0,4858,382,539,1824,590
106708,.,-3.273926,29.654333,.,18.9,20.4,17.9,2.5,1258,0,5020,320,634,1847,613
106709,.,-3.390273,29.689985,.,18.7,20.1,17.6,2.6,1240,0,4933,354,583,1845,626
106710,.,-3.354565,29.745197,.,19.1,20.6,18,2.6,1202,0,5083,300,675,1880,665
106711,.,-3.18351,29.915586,.,20.4,21.9,19.1,2.8,1137,0,5551,175,1008,1962,790
106712,.,-3.232172,29.870598,.,20.3,21.8,19.1,2.7,1143,0,5512,183,978,1958,783
106713,.,-3.334521,29.686026,.,18.9,20.3,17.8,2.5,1238,0,5017,322,633,1853,627
106714,.,-3.066218,29.65819,.,19.2,20.6,18.2,2.4,1230,0,5132,281,704,1873,638
106715,.,-3.278546,29.658545,.,18.9,20.4,17.9,2.5,1255,0,5025,318,637,1850,615
106716,.,-3.2476,29.564236,.,17.6,19.4,16.2,3.1,1295,0,4566,525,398,1771,548
106717,.,-3.408828,29.691843,.,18.6,20.1,17.4,2.6,1242,0,4898,368,563,1839,620
106718,.,-3.192885,29.902323,.,20.4,21.9,19.1,2.8,1141,0,5555,175,1011,1966,791
106719,.,-3.182129,29.650974,.,19,20.4,18,2.4,1251,0,5060,304,657,1860,622
106720,.,-3.494267,29.750177,.,19.1,20.6,18,2.6,1196,0,5079,302,673,1884,680
106721,.,-3.597923,30.001545,.,19.5,21.1,18.1,2.9,1148,0,5232,255,776,1892,720
106722,.,-3.178339,29.893879,.,20.5,21.9,19.2,2.8,1140,0,5567,172,1020,1970,796
106723,.,-3.089321,29.617031,.,18.5,20,17.3,2.7,1271,0,4855,382,536,1836,601
106724,.,-3.118963,29.68286,.,19.4,20.8,18.3,2.5,1228,0,5177,268,735,1888,649
106725,.,-3.196138,29.771053,.,19.3,20.8,18.1,2.8,1201,0,5160,276,725,1896,669
106726,.,-3.241637,29.614462,.,18.5,20.1,17.5,2.7,1271,0,4879,373,550,1831,600
106727,.,-3.597923,30.001545,.,19.5,21.1,18.1,2.9,1148,0,5232,255,776,1892,720
106728,.,-3.188999,29.894897,.,20.5,22,19.1,2.8,1142,0,5566,172,1020,1971,795
106729,.,-3.561986,29.968256,.,19.6,21.2,18.1,3.1,1146,0,5256,248,794,1901,726
106730,.,-3.32034,29.6791,.,18.9,20.3,17.9,2.5,1243,0,5020,320,633,1852,623
106731,.,-3.292591,29.780602,.,19.9,21.4,18.8,2.6,1173,0,5369,217,872,1938,739
106732,.,-3.247538,29.829706,.,20.2,21.6,19.1,2.6,1157,0,5469,192,946,1954,768
106733,.,-3.177506,29.753996,.,19.4,20.9,18.2,2.7,1208,0,5190,266,745,1900,668
106734,.,-3.495195,29.744848,.,19,20.5,17.9,2.6,1204,0,5039,315,648,1876,668
106735,.,-3.419188,29.735821,.,18.8,20.3,17.6,2.7,1214,0,4971,341,607,1860,647
106736,.,-3.280434,29.699084,.,19.3,20.7,18.3,2.5,1231,0,5145,279,715,1878,641
106737,.,-3.405895,29.75057,.,18.9,20.4,17.7,2.7,1199,0,5007,327,628,1868,661
106738,.,-3.195995,29.780708,.,19.4,20.9,18.2,2.8,1194,0,5200,263,752,1903,682
106739,.,-3.210868,29.789816,.,19.6,21.1,18.4,2.7,1186,0,5271,243,801,1915,702
106740,.,-3.255251,29.825558,.,20.2,21.6,19.1,2.6,1158,0,5460,195,939,1953,765
106741,.,-3.259764,29.560699,.,17.7,19.4,16.3,3.1,1299,0,4582,517,405,1769,546
106742,.,-3.214431,29.790581,.,19.7,21.2,18.5,2.7,1185,0,5283,239,810,1917,705
106743,.,-3.345183,29.745375,.,19.2,20.7,18.1,2.6,1201,0,5120,288,699,1887,671
106744,.,-3.087326,29.612099,.,18.4,20,17.3,2.7,1274,0,4839,389,528,1835,599
106745,.,-3.230418,29.9716,.,20.2,21.6,18.9,2.6,1123,0,5464,192,940,1928,766
106746,.,-3.260286,29.567564,.,17.7,19.4,16.3,3.1,1296,0,4593,511,410,1773,550
106747,.,-3.253733,29.823419,.,20.2,21.6,19.1,2.6,1160,0,5460,195,939,1953,764
106748,.,-3.366947,29.754751,.,19,20.5,17.9,2.6,1195,0,5054,310,657,1875,667
106749,.,-3.249521,29.778431,.,19.8,21.3,18.7,2.6,1185,0,5336,226,848,1929,718
106750,.,-3.200248,29.88825,.,20.4,21.9,19.1,2.8,1143,0,5536,178,997,1964,788
106751,.,-3.083894,29.61557,.,18.5,20,17.3,2.7,1270,0,4867,378,543,1838,602
106752,.,-3.238359,29.889956,.,20.3,21.8,19,2.8,1143,0,5497,187,967,1954,778
106753,.,-3.349482,29.68082,.,18.8,20.2,17.6,2.6,1245,0,4970,339,604,1845,621
106754,.,-3.232026,29.882618,.,20.3,21.8,19.1,2.7,1144,0,5504,185,973,1955,779
106755,.,-3.222616,29.783579,.,19.6,21.1,18.4,2.7,1190,0,5260,246,794,1913,696
106756,.,-3.28698,29.832344,.,20.1,21.5,19,2.5,1153,0,5431,201,916,1947,765
106757,.,-3.249616,29.580362,.,18,19.6,16.7,3,1287,0,4680,465,449,1794,567
106758,.,-3.268151,29.647638,.,18.9,20.3,17.8,2.5,1261,0,4998,327,620,1842,608
106759,.,-3.249467,29.778656,.,19.8,21.3,18.7,2.6,1185,0,5336,225,848,1929,718
106760,.,-3.246224,29.846898,.,20.2,21.7,19.1,2.5,1147,0,5485,189,957,1955,778
106761,.,-3.302154,29.804827,.,19.9,21.3,18.8,2.6,1163,0,5360,219,865,1936,745
106762,.,-3.204942,29.919819,.,20.3,21.8,18.9,2.9,1137,0,5505,185,973,1949,776
106763,.,-3.359049,29.625086,.,18,19.7,16.9,2.7,1296,0,4707,449,460,1801,569
106764,.,-3.352444,29.632355,.,18.2,19.8,17.1,2.7,1289,0,4768,421,491,1810,577
106765,.,-3.320221,29.678867,.,18.9,20.3,17.9,2.5,1243,0,5019,320,633,1852,623
106766,.,-3.291223,29.826576,.,20,21.5,18.9,2.5,1155,0,5418,204,907,1945,761
106767,.,-3.19993,29.925955,.,20.3,21.8,18.9,2.9,1135,0,5510,184,977,1948,777
106768,.,-3.210869,29.790092,.,19.6,21.1,18.4,2.7,1186,0,5272,242,802,1916,703
106769,.,-3.281451,29.663033,.,19,20.4,17.9,2.5,1252,0,5036,314,643,1852,618
106770,.,-3.104835,29.61162,.,18.3,19.9,17.1,2.8,1282,0,4783,413,498,1828,591
106771,.,-3.178854,29.753082,.,19.4,20.9,18.2,2.7,1208,0,5186,267,743,1900,667
106772,.,-3.555135,29.954906,.,19.7,21.4,18.3,3.1,1152,0,5312,233,833,1916,733
106773,.,-3.192809,29.781754,.,19.4,20.9,18.2,2.8,1193,0,5198,264,751,1903,683
106774,.,-3.281104,29.657738,.,18.9,20.4,17.9,2.5,1256,0,5016,321,631,1848,614
106775,.,-3.180008,29.750622,.,19.4,20.9,18.2,2.7,1210,0,5183,268,741,1899,665
106776,.,-3.242499,29.999622,.,20.5,21.9,19.4,2.6,1116,0,5583,167,1030,1947,791
106777,.,-3.179477,29.652111,.,19,20.4,18,2.5,1251,0,5055,306,654,1860,621
106778,.,-3.22025,29.594584,.,18.2,19.8,17,2.8,1279,0,4754,428,484,1815,585
106779,.,-3.251557,29.723204,.,19.2,20.6,18.1,2.5,1229,0,5104,292,688,1876,637
106780,.,-3.329278,29.681929,.,18.9,20.3,17.8,2.5,1242,0,5013,323,630,1852,624
106781,.,-3.344215,29.655666,.,18.6,20.1,17.5,2.6,1269,0,4901,365,564,1832,600
106782,.,-3.231361,29.867298,.,20.3,21.8,19.1,2.6,1143,0,5515,182,980,1959,784
106783,.,-3.337977,29.628271,.,18.2,19.8,17.1,2.7,1288,0,4752,429,482,1808,576
106784,.,-3.354457,29.59281,.,17.6,19.3,16.3,2.9,1316,0,4542,535,385,1770,545
106785,.,-3.1871,29.699821,.,19.3,20.8,18.2,2.6,1231,0,5164,273,728,1889,644
106786,.,-3.200131,29.717466,.,19.2,20.7,18.1,2.6,1228,0,5123,286,700,1883,641
106787,.,-3.249536,29.77865,.,19.8,21.3,18.7,2.6,1185,0,5337,225,849,1929,718
106788,.,-3.282822,29.678415,.,19.1,20.6,18.1,2.5,1241,0,5093,295,680,1865,630
106789,.,-3.264774,29.700304,.,19.2,20.7,18.2,2.5,1232,0,5130,284,705,1876,637
106790,.,-3.344168,29.601944,.,17.7,19.3,16.5,2.8,1307,0,4572,517,397,1779,552
106791,.,-3.356812,29.914824,.,20,21.6,18.8,2.8,1136,0,5418,204,907,1934,764
106792,.,-3.564144,29.972761,.,19.5,21.2,18,3.1,1145,0,5238,254,781,1896,723
106793,.,-3.378673,29.683895,.,18.7,20.1,17.5,2.6,1245,0,4929,355,581,1842,621
106794,.,-3.33696,29.678368,.,18.8,20.3,17.7,2.5,1246,0,4986,333,613,1847,621
106795,.,-3.198121,29.751369,.,19.3,20.8,18.1,2.7,1212,0,5150,278,718,1892,658
106796,.,-3.292738,29.7733,.,19.9,21.3,18.8,2.6,1175,0,5364,218,868,1937,736
106797,.,-3.207374,29.886963,.,20.3,21.8,19.1,2.8,1144,0,5527,180,989,1961,785
106798,.,-3.207378,29.790405,.,19.6,21.1,18.4,2.7,1185,0,5266,244,798,1914,702
106799,.,-3.246224,29.846898,.,20.2,21.7,19.1,2.5,1147,0,5485,189,957,1955,778
106800,.,-3.184143,29.912266,.,20.4,21.9,19.1,2.8,1137,0,5555,174,1011,1963,791
106801,.,-3.226104,29.717592,.,19,20.4,17.8,2.6,1233,0,5036,315,645,1863,626
106802,.,-3.24959,29.77858,.,19.8,21.3,18.7,2.6,1185,0,5337,225,849,1929,718
106803,.,-3.244248,29.693026,.,19,20.4,17.9,2.5,1235,0,5032,316,641,1857,623
106804,.,-3.249712,29.778582,.,19.8,21.3,18.7,2.6,1185,0,5337,225,849,1929,718
106805,.,-3.280617,29.640739,.,18.7,20.2,17.6,2.6,1267,0,4946,347,589,1835,602
106806,.,-3.249616,29.778597,.,19.8,21.3,18.7,2.6,1185,0,5337,225,849,1929,718
106807,.,-3.224428,29.743486,.,19.2,20.6,18,2.6,1220,0,5109,291,691,1880,646
106808,.,-3.512526,29.736492,.,18.9,20.3,17.8,2.6,1216,0,5003,327,625,1868,656
106809,.,-3.520282,29.740726,.,19,20.5,17.9,2.6,1210,0,5045,312,650,1877,666
106810,.,-3.277731,29.638081,.,18.7,20.2,17.6,2.6,1267,0,4943,348,587,1835,602
106811,.,-3.52127,29.741549,.,19,20.5,17.9,2.6,1208,0,5052,310,655,1878,668
106812,.,-3.253856,29.732437,.,19.2,20.7,18.2,2.5,1224,0,5134,283,708,1883,644
106813,.,-3.201621,29.734068,.,19.2,20.7,18.1,2.6,1223,0,5133,283,707,1887,647
106814,.,-3.20873,29.72065,.,19.1,20.6,18,2.6,1229,0,5098,294,684,1878,638
106815,.,-3.123124,29.679312,.,19.3,20.7,18.2,2.5,1231,0,5157,274,721,1883,645
106816,.,-3.249546,29.778578,.,19.8,21.3,18.7,2.6,1185,0,5336,225,849,1929,718
106817,.,-3.248296,29.870678,.,20.2,21.7,19,2.7,1142,0,5489,188,960,1955,781
106818,.,-3.471198,29.710215,.,18.5,20,17.3,2.7,1240,0,4870,381,549,1839,622
106819,.,-3.098053,29.612364,.,18.3,19.9,17.2,2.8,1278,0,4806,404,510,1831,594
106820,.,-3.205123,29.66231,.,19,20.4,17.9,2.5,1247,0,5032,315,641,1856,620
106821,.,-3.566521,29.966921,.,19.6,21.2,18.1,3.1,1147,0,5257,248,794,1901,727
106822,.,-3.339359,29.63315,.,18.3,19.8,17.2,2.7,1285,0,4785,414,499,1813,581
106823,.,-3.215722,29.734501,.,19.2,20.6,18,2.6,1225,0,5103,293,687,1880,641
106824,.,-3.230276,29.60862,.,18.5,20.1,17.4,2.7,1272,0,4877,374,549,1833,602
106825,.,-3.597923,30.001545,.,19.5,21.1,18.1,2.9,1148,0,5232,255,776,1892,720
106826,.,-3.191633,29.902746,.,20.4,21.9,19.1,2.8,1141,0,5557,174,1013,1967,792
106827,.,-3.25755,29.850304,.,20.2,21.6,19.1,2.5,1146,0,5465,193,942,1952,776
106828,.,-3.266712,29.70303,.,19.3,20.7,18.2,2.5,1231,0,5139,281,711,1878,639
106829,.,-3.248226,29.870531,.,20.2,21.7,19,2.7,1142,0,5489,188,960,1955,781
106830,.,-3.32888,29.924486,.,20.2,21.8,19,2.8,1134,0,5488,188,960,1948,779
106831,.,-3.229366,29.691696,.,18.8,20.2,17.6,2.6,1237,0,4960,342,597,1844,612
106832,.,-3.113434,29.668232,.,19.1,20.5,17.9,2.5,1236,0,5066,303,662,1865,630
106833,.,-3.206652,29.992462,.,20.5,21.9,19.3,2.6,1121,0,5572,169,1022,1947,786
106834,.,-3.215368,29.993608,.,20.5,21.9,19.3,2.6,1119,0,5575,168,1024,1947,788
106835,.,-3.250878,29.869686,.,20.2,21.7,19,2.7,1141,0,5485,189,957,1954,781
106836,.,-3.221013,29.70352,.,18.9,20.4,17.8,2.6,1234,0,5024,319,636,1859,623
106837,.,-3.242869,29.60795,.,18.5,20.1,17.4,2.7,1273,0,4864,379,542,1830,599
106838,.,-3.263971,29.840679,.,20.1,21.6,19,2.5,1151,0,5453,196,933,1951,770
106839,.,-3.079439,29.64035,.,18.9,20.3,17.8,2.5,1245,0,5008,323,624,1851,618
106840,.,-3.425386,29.738678,.,18.8,20.3,17.6,2.7,1210,0,4980,337,613,1863,652
106841,.,-3.354176,29.930122,.,20,21.4,18.8,2.7,1133,0,5387,211,884,1920,752
106842,.,-3.203036,29.982891,.,20.4,21.8,19.2,2.6,1124,0,5541,175,998,1943,780
106843,.,-3.370298,29.811398,.,19.8,21.3,18.7,2.6,1150,0,5321,229,837,1934,757
106844,.,-3.437796,29.735209,.,18.7,20.3,17.6,2.7,1215,0,4957,346,599,1860,647
106845,.,-3.203285,29.740736,.,19.2,20.7,18.1,2.6,1219,0,5136,282,709,1888,651
106846,.,-3.595567,29.997681,.,19.5,21.1,18.1,3,1147,0,5226,256,772,1891,720
106847,.,-3.263707,29.660015,.,19,20.4,17.9,2.5,1252,0,5030,316,639,1850,616
106848,.,-3.595318,29.996517,.,19.5,21,18.1,3,1146,0,5224,257,771,1891,720
106849,.,-3.217098,29.982824,.,20.3,21.7,19.2,2.6,1122,0,5522,179,983,1938,778
106850,.,-3.419685,29.743114,.,18.9,20.4,17.7,2.7,1205,0,4998,331,623,1867,657
106851,.,-3.341281,29.686391,.,18.9,20.3,17.8,2.5,1239,0,5004,327,625,1851,627
106852,.,-3.255037,29.842304,.,20.2,21.6,19.1,2.5,1150,0,5467,193,944,1953,773
106853,.,-3.428485,29.702333,.,18.5,20,17.3,2.7,1239,0,4876,378,551,1838,618
106854,.,-3.462733,29.732267,.,18.7,20.2,17.5,2.7,1221,0,4925,359,580,1853,639
106855,.,-3.179624,29.707762,.,19.4,20.8,18.3,2.5,1228,0,5186,266,742,1894,650
106856,.,-3.419954,29.744474,.,18.9,20.4,17.7,2.7,1204,0,5003,329,626,1868,659
106857,.,-3.285161,29.815193,.,20,21.5,18.9,2.6,1161,0,5416,205,906,1946,756
106858,.,-3.213487,29.72204,.,19.1,20.5,18,2.6,1230,0,5086,298,676,1875,635
106859,.,-3.26496,29.793928,.,20.1,21.5,19,2.6,1172,0,5429,202,917,1948,749
106860,.,-3.273658,29.869102,.,20.2,21.6,19,2.7,1140,0,5459,194,938,1950,779
106861,.,-3.361981,29.624245,.,18,19.6,16.9,2.8,1297,0,4698,454,456,1800,568
106862,.,-3.552856,29.973897,.,19.6,21.2,18.1,3.1,1147,0,5251,250,791,1897,722
106863,.,-3.114137,29.66123,.,18.9,20.4,17.8,2.6,1241,0,5018,320,631,1855,622
106864,.,-3.445689,29.730431,.,18.7,20.2,17.5,2.7,1222,0,4923,359,579,1853,638
106865,.,-3.51272,29.747717,.,19.1,20.6,18,2.6,1200,0,5083,300,675,1885,679
106866,.,-3.235079,29.604895,.,18.5,20.1,17.4,2.7,1274,0,4866,379,543,1832,600
106867,.,-3.519799,29.734617,.,18.9,20.3,17.8,2.6,1219,0,5002,328,624,1868,654
106868,.,-3.18506,29.741026,.,19.3,20.8,18.2,2.7,1216,0,5170,272,731,1897,659
106869,.,-3.248289,29.870556,.,20.2,21.7,19,2.7,1142,0,5489,188,960,1955,781
106870,.,-3.330316,29.68218,.,18.9,20.3,17.8,2.5,1241,0,5012,323,629,1851,625
106871,.,-3.253944,29.730141,.,19.2,20.7,18.1,2.5,1226,0,5123,287,700,1880,641
106872,.,-3.180313,29.752411,.,19.4,20.9,18.2,2.7,1209,0,5181,268,739,1899,666
106873,.,-3.341281,29.686391,.,18.9,20.3,17.8,2.5,1239,0,5004,327,625,1851,627
106874,.,-3.512137,29.742985,.,19,20.5,17.9,2.6,1207,0,5049,311,653,1878,669
106875,.,-3.291505,29.81278,.,20,21.4,18.9,2.6,1162,0,5396,210,891,1942,753
106876,.,-3.264407,29.702419,.,19.2,20.7,18.2,2.5,1231,0,5129,284,704,1876,638
106877,.,-3.417294,29.738018,.,18.8,20.3,17.6,2.7,1211,0,4980,337,612,1862,650
106878,.,-3.216042,29.706324,.,19,20.4,17.9,2.6,1233,0,5050,310,653,1865,627
106879,.,-3.114749,29.679438,.,19.3,20.7,18.2,2.5,1230,0,5147,277,715,1881,644
106880,.,-3.091385,29.611515,.,18.4,20,17.2,2.8,1277,0,4823,396,519,1834,597
106881,.,-3.279138,29.630032,.,18.6,20.1,17.5,2.6,1271,0,4901,364,563,1829,597
106882,.,-3.263124,29.86067,.,20.2,21.6,19,2.6,1143,0,5460,194,938,1951,777
106883,.,-3.248558,29.870295,.,20.2,21.7,19,2.7,1142,0,5489,188,960,1955,781
106884,.,-3.249542,29.778582,.,19.8,21.3,18.7,2.6,1185,0,5336,225,849,1929,718
106885,.,-3.284478,29.684889,.,19.2,20.6,18.2,2.5,1236,0,5116,288,695,1870,634
106886,.,-3.254598,29.605207,.,18.4,20,17.4,2.7,1276,0,4844,387,531,1826,595
106887,.,-3.492728,29.759708,.,19.3,20.8,18.2,2.6,1182,0,5151,279,720,1899,703
106888,.,-3.2447,29.969032,.,20,21.5,18.8,2.7,1125,0,5420,203,907,1921,758
106889,.,-3.304888,29.771194,.,19.8,21.2,18.7,2.6,1174,0,5323,229,839,1930,730
106890,.,-3.216615,29.75362,.,19.3,20.7,18.1,2.7,1212,0,5142,281,713,1889,657
106891,.,-3.277988,29.808506,.,20.1,21.5,19,2.6,1165,0,5431,202,918,1949,756
106892,.,-3.404688,29.748556,.,18.9,20.4,17.7,2.7,1201,0,5002,329,625,1866,658
106893,.,-3.240031,29.961626,.,20.1,21.5,18.8,2.7,1127,0,5426,201,912,1922,758
106894,.,-3.39708,29.678244,.,18.5,20,17.4,2.6,1254,0,4868,380,546,1833,611
106895,.,-3.280341,29.659756,.,18.9,20.4,17.9,2.5,1255,0,5026,318,637,1850,615
106896,.,-3.287638,29.830629,.,20.1,21.5,19,2.5,1154,0,5428,202,914,1947,764
106897,.,-3.249474,29.778658,.,19.8,21.3,18.7,2.6,1185,0,5336,225,848,1929,718
106898,.,-3.397679,29.687601,.,18.6,20.1,17.5,2.6,1242,0,4917,360,574,1842,623
106899,.,-3.510328,29.736147,.,18.9,20.3,17.7,2.6,1217,0,4997,330,621,1867,655
106900,.,-3.417681,29.734411,.,18.8,20.3,17.6,2.7,1215,0,4967,342,605,1859,645
106901,.,-3.460201,29.732338,.,18.7,20.2,17.5,2.7,1221,0,4927,358,581,1853,640
106902,.,-3.249531,29.778637,.,19.8,21.3,18.7,2.6,1185,0,5336,225,849,1929,718
106903,.,-3.210784,29.79109,.,19.6,21.1,18.5,2.7,1185,0,5277,241,806,1917,704
106904,.,-3.273517,29.654167,.,18.9,20.4,17.9,2.5,1258,0,5021,320,634,1847,613
106905,.,-3.304024,29.808661,.,19.9,21.3,18.8,2.6,1162,0,5357,219,863,1935,746
106906,.,-3.563511,29.974573,.,19.5,21.1,18,3.1,1144,0,5232,255,777,1894,722
106907,.,-3.248278,29.87059,.,20.2,21.7,19,2.7,1142,0,5489,188,960,1955,781
106908,.,-3.497169,29.751917,.,19.1,20.6,18,2.6,1193,0,5096,296,684,1888,685
106909,.,-3.249151,29.67431,.,18.9,20.4,17.9,2.5,1243,0,5019,320,633,1852,619
106910,.,-3.214929,29.698736,.,19,20.4,17.9,2.6,1235,0,5041,313,647,1862,625
106911,.,-3.472353,29.706961,.,18.5,20,17.3,2.7,1242,0,4865,382,546,1838,620
106912,.,-3.198707,29.909525,.,20.4,21.9,19,2.8,1140,0,5534,179,995,1959,785
106913,.,-3.217364,29.986115,.,20.4,21.8,19.2,2.6,1121,0,5538,176,996,1941,781
106914,.,-3.249439,29.778524,.,19.8,21.3,18.7,2.6,1185,0,5336,226,848,1929,717
106915,.,-3.084405,29.640793,.,18.8,20.3,17.7,2.5,1246,0,4987,330,612,1847,615
106916,.,-3.357341,29.924614,.,20,21.5,18.8,2.7,1135,0,5401,208,895,1927,758
106917,.,-3.214336,29.723497,.,19.1,20.5,18,2.6,1230,0,5086,298,676,1875,635
106918,.,-3.597923,30.001545,.,19.5,21.1,18.1,2.9,1148,0,5232,255,776,1892,720
106919,.,-3.072766,29.63789,.,18.9,20.3,17.9,2.5,1244,0,5026,316,635,1855,621
106920,.,-3.254793,29.730249,.,19.2,20.7,18.1,2.5,1226,0,5125,286,702,1881,641
106921,.,-3.518512,29.73345,.,18.8,20.3,17.7,2.6,1220,0,4991,331,617,1865,652
106922,.,-3.248402,29.870512,.,20.2,21.7,19,2.7,1142,0,5489,188,960,1955,781
106923,.,-3.290195,29.821041,.,20,21.5,18.9,2.5,1158,0,5412,206,903,1944,758
106924,.,-3.24734,29.986368,.,20.2,21.6,19,2.6,1120,0,5470,190,944,1929,770
106925,.,-3.229728,29.592125,.,18.2,19.9,17.1,2.8,1279,0,4777,418,496,1816,586
106926,.,-3.259751,29.834375,.,20.2,21.6,19.1,2.5,1154,0,5458,195,937,1952,769
106927,.,-3.248314,29.8706,.,20.2,21.7,19,2.7,1142,0,5489,188,960,1955,781
106928,.,-3.252316,29.56053,.,17.7,19.4,16.3,3.1,1298,0,4577,520,403,1770,546
106929,.,-3.196857,29.881594,.,20.3,21.8,19.1,2.7,1143,0,5528,180,990,1963,787
106930,.,-3.604298,29.968904,.,19.5,21.1,18,3,1146,0,5227,257,773,1895,726
106931,.,-3.342533,29.643845,.,18.5,20,17.4,2.6,1279,0,4858,382,539,1824,590
106932,.,-3.165042,29.736626,.,19.5,21,18.4,2.6,1214,0,5239,251,778,1908,670
106933,.,-3.561018,29.965227,.,19.6,21.3,18.1,3.1,1148,0,5268,245,802,1904,727
106934,.,-3.252139,29.733156,.,19.2,20.7,18.2,2.5,1224,0,5133,283,707,1883,645
106935,.,-3.168471,29.739958,.,19.5,21,18.4,2.6,1213,0,5226,255,770,1906,669
106936,.,-3.051529,29.651741,.,19.3,20.6,18.2,2.4,1230,0,5139,279,708,1873,638
106937,.,-3.601924,29.964565,.,19.5,21.1,18.1,3,1147,0,5242,252,783,1899,729
106938,.,-3.259768,29.568653,.,17.7,19.5,16.4,3.1,1295,0,4600,507,413,1775,551
106939,.,-3.249297,29.778774,.,19.8,21.3,18.7,2.6,1185,0,5336,226,848,1929,718
106940,.,-3.554895,29.968184,.,19.6,21.2,18.1,3.1,1148,0,5267,245,802,1902,725
106941,.,-3.233408,29.6092,.,18.5,20.1,17.4,2.7,1272,0,4875,375,548,1833,601
106942,.,-3.2372,29.887589,.,20.3,21.8,19,2.8,1143,0,5498,186,968,1954,778
106943,.,-3.354688,29.915813,.,20,21.5,18.8,2.8,1136,0,5414,205,905,1932,763
106944,.,-3.191802,29.770851,.,19.3,20.8,18,2.8,1202,0,5154,277,722,1895,668
106945,.,-3.417114,29.677963,.,18.4,19.9,17.3,2.7,1258,0,4834,395,528,1827,604
106946,.,-3.520625,29.743448,.,19,20.5,18,2.5,1206,0,5064,306,662,1881,672
106947,.,-3.286482,29.828398,.,20.1,21.5,19,2.5,1155,0,5427,202,914,1947,763
106948,.,-3.241222,29.812805,.,20.1,21.6,19.1,2.6,1167,0,5457,196,937,1952,757
106949,.,-3.411208,29.688747,.,18.6,20,17.4,2.6,1244,0,4887,372,557,1837,617
106950,.,-3.23212,29.882627,.,20.3,21.8,19.1,2.7,1144,0,5504,185,973,1955,779
106951,.,-3.22104,29.686695,.,18.8,20.3,17.7,2.5,1237,0,4989,331,615,1850,616
106952,.,-3.114137,29.66123,.,18.9,20.4,17.8,2.6,1241,0,5018,320,631,1855,622
106953,.,-3.260253,29.568512,.,17.7,19.5,16.4,3.1,1296,0,4599,507,412,1775,551
106954,.,-3.248274,29.57966,.,18,19.6,16.7,3,1287,0,4675,467,447,1793,567
106955,.,-3.353964,29.80978,.,19.6,21.1,18.5,2.7,1151,0,5268,243,800,1923,745
106956,.,-3.218923,29.697947,.,18.9,20.4,17.8,2.6,1235,0,5022,320,635,1858,622
106957,.,-3.165293,29.738029,.,19.5,21,18.4,2.6,1214,0,5238,251,777,1908,670
106958,.,-3.071151,29.649551,.,19.1,20.5,18.1,2.4,1235,0,5088,295,675,1863,630
106959,.,-3.34267,29.68594,.,18.9,20.3,17.7,2.6,1239,0,5000,328,622,1850,626
106960,.,-3.307086,29.681822,.,19,20.4,18,2.4,1240,0,5057,307,657,1858,627
106961,.,-3.346009,29.744345,.,19.2,20.7,18.1,2.6,1202,0,5117,289,697,1886,670
106962,.,-3.522304,29.730602,.,18.8,20.3,17.7,2.6,1224,0,4978,336,609,1863,647
106963,.,-3.114402,29.656662,.,18.8,20.3,17.7,2.6,1244,0,4985,331,611,1849,616
106964,.,-3.513514,29.742075,.,19,20.5,17.9,2.6,1208,0,5044,313,650,1877,667
106965,.,-3.349793,29.748062,.,19.2,20.6,18,2.6,1199,0,5101,294,686,1883,669
106966,.,-3.518161,29.735111,.,18.9,20.3,17.8,2.6,1218,0,5002,327,624,1868,655
106967,.,-3.083627,29.637522,.,18.8,20.2,17.7,2.5,1249,0,4975,335,604,1847,614
106968,.,-3.247927,29.68124,.,18.9,20.4,17.9,2.5,1239,0,5028,317,639,1854,621
106969,.,-3.303226,29.673779,.,19,20.4,17.9,2.5,1246,0,5031,316,640,1853,622
106970,.,-3.336812,29.653664,.,18.6,20.1,17.5,2.6,1269,0,4901,365,563,1832,600
106971,.,-3.249469,29.778582,.,19.8,21.3,18.7,2.6,1185,0,5336,226,848,1929,718
106972,.,-3.562615,29.972477,.,19.5,21.2,18,3.1,1145,0,5240,253,783,1896,723
106973,.,-3.24788,29.799849,.,20,21.5,18.9,2.6,1173,0,5408,207,901,1943,742
106974,.,-3.405122,29.749676,.,18.9,20.4,17.7,2.7,1200,0,5004,328,627,1867,660
106975,.,-3.299241,29.773596,.,19.8,21.3,18.7,2.6,1174,0,5343,223,853,1933,733
106976,.,-3.494143,29.747871,.,19,20.5,17.9,2.6,1199,0,5061,308,662,1880,674
106977,.,-3.087122,29.621477,.,18.5,20.1,17.4,2.7,1266,0,4883,371,552,1839,604
106978,.,-3.253733,29.823419,.,20.2,21.6,19.1,2.6,1160,0,5460,195,939,1953,764
106979,.,-3.25809,29.700411,.,19.2,20.6,18.1,2.5,1232,0,5102,293,686,1871,634
106980,.,-3.54189,29.933619,.,19.9,21.6,18.5,3.1,1157,0,5379,216,881,1939,748
106981,.,-3.217405,29.782551,.,19.6,21.1,18.4,2.7,1191,0,5245,250,783,1910,692
106982,.,-3.245402,29.847149,.,20.2,21.7,19.1,2.5,1147,0,5487,188,958,1956,779
106983,.,-3.502379,29.744684,.,19,20.5,17.9,2.6,1204,0,5048,312,653,1878,670
106984,.,-3.247183,29.832489,.,20.2,21.6,19.1,2.6,1155,0,5472,192,948,1954,769
106985,.,-3.258387,29.822453,.,20.1,21.6,19.1,2.6,1160,0,5457,195,937,1952,764
106986,.,-3.133229,29.734266,.,19.8,21.3,18.7,2.6,1210,0,5318,229,835,1922,689
106987,.,-3.341281,29.686391,.,18.9,20.3,17.8,2.5,1239,0,5004,327,625,1851,627
106988,.,-3.526319,29.728291,.,18.8,20.3,17.7,2.6,1225,0,4971,339,605,1862,645
106989,.,-3.113026,29.660099,.,18.9,20.3,17.8,2.6,1242,0,5009,323,626,1853,620
106990,.,-3.118963,29.68286,.,19.4,20.8,18.3,2.5,1228,0,5177,268,735,1888,649
106991,.,-3.290507,29.773226,.,19.9,21.4,18.8,2.6,1176,0,5371,217,874,1938,737
106992,.,-3.280492,29.659473,.,18.9,20.4,17.9,2.5,1255,0,5024,318,636,1850,615
106993,.,-3.5205,29.734053,.,18.9,20.3,17.8,2.6,1219,0,4999,328,622,1867,653
106994,.,-3.35709,29.622288,.,18,19.6,16.9,2.7,1297,0,4691,457,452,1799,566
106995,.,-3.302397,29.810163,.,19.9,21.3,18.8,2.6,1162,0,5363,218,867,1936,747
106996,.,-3.231455,29.615358,.,18.5,20.1,17.5,2.7,1269,0,4885,371,554,1833,602
106997,.,-3.276425,29.649849,.,18.9,20.3,17.8,2.5,1261,0,4997,328,619,1843,609
106998,.,-3.151035,29.740175,.,19.7,21.2,18.6,2.6,1210,0,5285,238,811,1915,681
106999,.,-3.559827,29.965542,.,19.6,21.3,18.1,3.1,1148,0,5269,245,803,1904,727
107000,.,-3.10018,29.612024,.,18.3,19.9,17.1,2.8,1280,0,4797,407,506,1830,593
107001,.,-3.215966,29.708595,.,19,20.5,17.9,2.6,1233,0,5054,309,655,1866,628
107002,.,-3.565367,29.96459,.,19.6,21.2,18.1,3.1,1148,0,5266,245,801,1904,728
107003,.,-3.548403,29.973042,.,19.6,21.2,18.1,3.1,1148,0,5262,247,798,1899,722
107004,.,-3.2047,29.902617,.,20.4,21.9,19,2.8,1142,0,5531,180,993,1960,784
107005,.,-3.559465,29.964773,.,19.6,21.3,18.2,3.1,1148,0,5272,244,805,1905,727
107006,.,-3.287701,29.763655,.,19.8,21.3,18.8,2.5,1184,0,5345,223,855,1932,722
107007,.,-3.240347,29.861752,.,20.3,21.7,19.1,2.6,1143,0,5502,185,970,1957,783
107008,.,-3.564342,29.972546,.,19.5,21.2,18,3.1,1145,0,5239,253,782,1896,723
107009,.,-3.566975,29.966791,.,19.6,21.2,18.1,3.1,1147,0,5258,248,795,1902,727
107010,.,-3.504358,29.741329,.,18.9,20.4,17.8,2.6,1209,0,5026,320,639,1873,663
107011,.,-3.257545,29.563034,.,17.6,19.4,16.2,3.1,1298,0,4562,528,396,1768,545
107012,.,-3.297162,29.61211,.,18.1,19.8,17,2.8,1284,0,4739,434,476,1806,579
107013,.,-3.321208,29.634392,.,18.3,19.9,17.2,2.6,1280,0,4807,404,511,1816,586
107014,.,-3.24831,29.569239,.,17.7,19.4,16.4,3.1,1292,0,4601,506,413,1778,554
107015,.,-3.495851,29.752703,.,19.1,20.6,18,2.6,1192,0,5100,295,687,1889,687
107016,.,-3.200715,29.884514,.,20.4,21.8,19.1,2.7,1143,0,5530,180,992,1963,786
107017,.,-3.225234,29.78232,.,19.6,21.1,18.4,2.7,1191,0,5258,246,792,1912,694
107018,.,-3.501928,29.743492,.,19,20.4,17.9,2.6,1206,0,5038,316,647,1876,667
107019,.,-3.249474,29.778631,.,19.8,21.3,18.7,2.6,1185,0,5336,225,848,1929,718
107020,.,-3.226572,29.610918,.,18.5,20.1,17.4,2.7,1271,0,4874,375,548,1833,602
107021,.,-3.552856,29.973897,.,19.6,21.2,18.1,3.1,1147,0,5251,250,791,1897,722
107022,.,-3.419601,29.743208,.,18.9,20.4,17.7,2.7,1205,0,4998,331,623,1867,657
107023,.,-3.199615,29.735405,.,19.3,20.7,18.1,2.6,1221,0,5138,281,710,1889,649
107024,.,-3.078127,29.640566,.,18.9,20.3,17.8,2.5,1244,0,5015,320,629,1852,619
107025,.,-3.134629,29.736443,.,19.8,21.3,18.7,2.6,1209,0,5317,230,834,1922,689
107026,.,-3.25571,29.561985,.,17.6,19.4,16.2,3.1,1298,0,4563,527,397,1768,545
107027,.,-3.249706,29.778851,.,19.8,21.3,18.7,2.6,1184,0,5338,225,850,1929,718
107028,.,-3.21482,29.981838,.,20.3,21.7,19.2,2.6,1122,0,5521,179,982,1938,777
107029,.,-3.249769,29.778667,.,19.8,21.3,18.7,2.6,1184,0,5338,225,850,1929,718
107030,.,-3.472457,29.708128,.,18.5,20,17.3,2.7,1241,0,4867,382,547,1838,621
107031,.,-3.34072,29.626963,.,18.1,19.7,17,2.7,1290,0,4740,434,477,1806,574
107032,.,-3.249561,29.778608,.,19.8,21.3,18.7,2.6,1185,0,5337,225,849,1929,718
107033,.,-3.252618,29.777931,.,19.8,21.3,18.7,2.6,1184,0,5349,222,858,1932,721
107034,.,-3.521038,29.741306,.,19,20.5,17.9,2.6,1209,0,5050,311,653,1878,668
107035,.,-3.090347,29.616634,.,18.4,20,17.3,2.7,1271,0,4850,385,534,1836,600
107036,.,-3.287017,29.804562,.,20,21.5,18.9,2.6,1165,0,5403,208,897,1944,751
107037,.,-3.349912,29.593052,.,17.6,19.3,16.4,2.9,1314,0,4549,531,388,1771,546
107038,.,-3.249485,29.778505,.,19.8,21.3,18.7,2.6,1185,0,5336,226,848,1929,718
107039,.,-3.207713,29.733242,.,19.2,20.6,18,2.6,1224,0,5118,288,697,1884,644
107040,.,-3.221767,29.760607,.,19.3,20.8,18.1,2.7,1207,0,5157,276,723,1892,663
107041,.,-3.254783,29.562164,.,17.6,19.4,16.2,3.1,1297,0,4561,529,396,1768,545
107042,.,-3.282791,29.678362,.,19.1,20.6,18.1,2.5,1241,0,5093,295,680,1865,630
107043,.,-3.266712,29.70303,.,19.3,20.7,18.2,2.5,1231,0,5139,281,711,1878,639
107044,.,-3.258072,29.839764,.,20.2,21.6,19.1,2.5,1151,0,5462,194,940,1952,771
107045,.,-3.331309,29.684759,.,18.9,20.3,17.8,2.5,1239,0,5020,321,634,1853,627
107046,.,-3.274408,29.63925,.,18.8,20.3,17.7,2.6,1266,0,4958,342,596,1837,603
107047,.,-3.374227,29.682478,.,18.7,20.1,17.5,2.6,1246,0,4931,355,582,1841,620
107048,.,-3.234348,29.870552,.,20.3,21.8,19.1,2.7,1143,0,5509,184,975,1957,783
107049,.,-3.283857,29.644104,.,18.7,20.2,17.7,2.6,1266,0,4953,344,593,1836,603
107050,.,-3.240855,29.608009,.,18.5,20.1,17.4,2.7,1273,0,4866,379,543,1831,599
107051,.,-3.246224,29.846898,.,20.2,21.7,19.1,2.5,1147,0,5485,189,957,1955,778
107052,.,-3.178072,29.745804,.,19.4,20.9,18.2,2.7,1212,0,5191,265,746,1900,665
107053,.,-3.225951,29.71833,.,19,20.4,17.8,2.6,1233,0,5039,314,646,1863,627
107054,.,-3.328191,29.643675,.,18.5,20,17.4,2.6,1276,0,4864,380,542,1825,592
107055,.,-3.359583,29.624269,.,18,19.6,16.9,2.7,1296,0,4701,452,457,1800,568
107056,.,-3.601924,29.964565,.,19.5,21.1,18.1,3,1147,0,5242,252,783,1899,729
107057,.,-3.249542,29.778597,.,19.8,21.3,18.7,2.6,1185,0,5336,225,849,1929,718
107058,.,-3.193707,29.775913,.,19.4,20.9,18.1,2.8,1198,0,5177,270,737,1899,675
107059,.,-3.223271,29.590591,.,18.1,19.8,16.9,2.9,1280,0,4734,437,475,1810,581
107060,.,-3.597923,30.001545,.,19.5,21.1,18.1,2.9,1148,0,5232,255,776,1892,720
107061,.,-3.601924,29.964565,.,19.5,21.1,18.1,3,1147,0,5242,252,783,1899,729
107062,.,-3.359109,29.920897,.,20,21.5,18.8,2.8,1136,0,5410,206,901,1930,761
107063,.,-3.295552,29.613161,.,18.2,19.8,17.1,2.7,1283,0,4752,428,483,1808,580
107064,.,-3.179072,29.643738,.,18.9,20.3,17.9,2.5,1255,0,5016,319,629,1853,616
107065,.,-3.415426,29.729813,.,18.7,20.2,17.6,2.7,1220,0,4955,347,597,1856,639
107066,.,-3.114137,29.66123,.,18.9,20.4,17.8,2.6,1241,0,5018,320,631,1855,622
107067,.,-3.473632,29.715345,.,18.5,20,17.3,2.7,1236,0,4876,378,552,1841,625
107068,.,-3.235022,29.829542,.,20.2,21.7,19.1,2.6,1157,0,5481,190,955,1955,768
107069,.,-3.233746,29.879728,.,20.3,21.8,19.1,2.7,1143,0,5505,185,973,1956,780
107070,.,-3.524904,29.730055,.,18.8,20.3,17.7,2.6,1224,0,4979,336,610,1863,647
107071,.,-3.207649,29.991699,.,20.5,21.9,19.3,2.6,1121,0,5569,169,1020,1946,786
107072,.,-3.335033,29.918148,.,20.2,21.7,18.9,2.8,1135,0,5474,192,950,1946,777
107073,.,-3.100916,29.612247,.,18.3,19.9,17.1,2.8,1280,0,4796,408,505,1830,593
107074,.,-3.250707,29.576725,.,17.9,19.6,16.6,3,1289,0,4654,478,437,1788,562
107075,.,-3.204842,29.731649,.,19.2,20.7,18.1,2.6,1225,0,5123,286,700,1885,644
107076,.,-3.262214,29.800936,.,20.1,21.6,19,2.6,1170,0,5435,201,921,1949,751
107077,.,-3.235883,29.972166,.,20.1,21.5,18.9,2.6,1123,0,5448,196,928,1925,764
107078,.,-3.313339,29.675573,.,18.9,20.3,17.9,2.4,1245,0,5017,321,632,1851,621
107079,.,-3.276839,29.640957,.,18.8,20.3,17.7,2.6,1266,0,4958,342,596,1837,603
107080,.,-3.556087,29.942289,.,19.9,21.5,18.4,3.1,1155,0,5354,222,863,1930,741
107081,.,-3.245151,29.968771,.,20,21.5,18.8,2.7,1125,0,5419,203,906,1921,758
107082,.,-3.601924,29.964565,.,19.5,21.1,18.1,3,1147,0,5242,252,783,1899,729
107083,.,-3.354151,29.743063,.,19.1,20.6,18,2.6,1204,0,5085,299,676,1880,664
107084,.,-3.296452,29.823795,.,20,21.5,18.9,2.6,1156,0,5404,207,897,1943,758
107085,.,-3.199224,29.735615,.,19.3,20.7,18.1,2.6,1221,0,5139,281,711,1889,649
107086,.,-3.270302,29.798347,.,20.1,21.6,19,2.6,1169,0,5446,199,929,1952,755
107087,.,-3.248243,29.870562,.,20.2,21.7,19,2.7,1142,0,5489,188,960,1955,781
107088,.,-3.060727,29.617527,.,18.7,20.2,17.6,2.6,1259,0,4953,343,592,1850,614
107089,.,-3.217412,29.740492,.,19.2,20.6,18,2.6,1221,0,5112,290,693,1882,646
107090,.,-3.249658,29.778566,.,19.8,21.3,18.7,2.6,1185,0,5337,225,849,1929,718
107091,.,-3.293551,29.613447,.,18.2,19.8,17.1,2.7,1283,0,4762,424,488,1810,582
107092,.,-3.253072,29.733246,.,19.3,20.7,18.2,2.5,1224,0,5136,282,710,1884,645
107093,.,-3.249199,29.778666,.,19.8,21.3,18.7,2.6,1185,0,5335,226,848,1929,717
107094,.,-3.194184,29.777334,.,19.4,20.9,18.1,2.8,1196,0,5183,268,741,1900,677
107095,.,-3.331865,29.6194,.,18,19.6,16.9,2.7,1292,0,4697,454,455,1799,570
107096,.,-3.275151,29.869436,.,20.2,21.6,19,2.7,1140,0,5462,194,940,1951,779
107097,.,-3.345783,29.601292,.,17.7,19.3,16.5,2.8,1308,0,4568,519,396,1778,552
107098,.,-3.227878,29.975368,.,20.2,21.6,19,2.6,1122,0,5478,189,950,1930,770
107099,.,-3.249472,29.778736,.,19.8,21.3,18.7,2.6,1185,0,5337,225,849,1929,718
107100,.,-3.071005,29.593537,.,18,19.7,16.8,2.9,1276,0,4703,451,459,1820,585
107101,.,-3.209018,29.751354,.,19.3,20.7,18.1,2.7,1213,0,5142,280,713,1890,657
107102,.,-3.248965,29.564007,.,17.6,19.4,16.2,3.1,1295,0,4565,526,397,1771,547
107103,.,-3.247995,29.854792,.,20.2,21.7,19.1,2.6,1143,0,5487,188,959,1956,782
107104,.,-3.250779,29.562559,.,17.6,19.3,16.2,3.1,1296,0,4555,531,393,1768,545
107105,.,-3.525416,29.735586,.,18.9,20.4,17.8,2.6,1216,0,5017,322,633,1871,658
107106,.,-3.405145,29.749872,.,18.9,20.4,17.7,2.7,1200,0,5005,328,627,1867,660
107107,.,-3.088769,29.632923,.,18.7,20.1,17.6,2.6,1255,0,4930,352,578,1842,608
107108,.,-3.22953,29.830843,.,20.2,21.7,19.1,2.6,1157,0,5488,188,960,1956,769
107109,.,-3.205123,29.66231,.,19,20.4,17.9,2.5,1247,0,5032,315,641,1856,620
107110,.,-3.356376,29.925333,.,20,21.5,18.8,2.7,1135,0,5399,208,893,1925,757
107111,.,-3.309083,29.614471,.,18,19.7,16.9,2.8,1288,0,4701,452,457,1800,574
107112,.,-3.052109,29.618528,.,18.8,20.2,17.7,2.6,1256,0,4971,336,603,1851,616
107113,.,-3.601924,29.964565,.,19.5,21.1,18.1,3,1147,0,5242,252,783,1899,729
107114,.,-3.114137,29.66123,.,18.9,20.4,17.8,2.6,1241,0,5018,320,631,1855,622
107115,.,-3.260483,29.79744,.,20.1,21.5,19,2.6,1172,0,5425,203,913,1947,748
107116,.,-3.204642,29.72979,.,19.2,20.7,18.1,2.6,1226,0,5121,287,699,1884,643
107117,.,-3.057876,29.610191,.,18.6,20.1,17.5,2.7,1265,0,4914,358,570,1845,609
107118,.,-3.085819,29.636261,.,18.8,20.2,17.7,2.6,1251,0,4959,341,595,1845,612
107119,.,-3.240185,29.979021,.,20.1,21.5,18.9,2.6,1122,0,5441,197,923,1924,764
107120,.,-3.263124,29.86067,.,20.2,21.6,19,2.6,1143,0,5460,194,938,1951,777
107121,.,-3.557459,29.964043,.,19.6,21.3,18.2,3.1,1149,0,5278,242,809,1906,728
107122,.,-3.172849,29.748199,.,19.5,20.9,18.3,2.7,1210,0,5208,260,757,1903,669
107123,.,-3.323196,29.627308,.,18.2,19.8,17.1,2.7,1285,0,4759,425,486,1809,579
107124,.,-3.3639,29.752298,.,19,20.5,17.9,2.6,1197,0,5061,307,661,1876,666
107125,.,-3.435125,29.736868,.,18.8,20.3,17.6,2.7,1213,0,4968,342,606,1862,650
107126,.,-3.209927,29.754145,.,19.3,20.8,18.1,2.7,1211,0,5146,279,716,1890,658
107127,.,-3.248971,29.984297,.,20.1,21.5,18.9,2.6,1121,0,5449,195,928,1925,766
107128,.,-3.235261,29.980492,.,20.2,21.6,19,2.6,1121,0,5469,191,943,1928,769
107129,.,-3.280828,29.683641,.,19.2,20.7,18.2,2.5,1237,0,5118,287,697,1870,634
107130,.,-3.597923,30.001545,.,19.5,21.1,18.1,2.9,1148,0,5232,255,776,1892,720
107131,.,-3.29345,29.6134,.,18.2,19.8,17.1,2.7,1283,0,4762,423,488,1810,582
107132,.,-3.087427,29.610939,.,18.4,20,17.2,2.7,1276,0,4833,392,525,1835,598
107133,.,-3.249508,29.77878,.,19.8,21.3,18.7,2.6,1185,0,5337,225,849,1929,718
107134,.,-3.231907,29.831087,.,20.2,21.7,19.1,2.6,1157,0,5486,189,959,1956,769
107135,.,-3.225923,29.783762,.,19.6,21.1,18.5,2.6,1190,0,5268,244,799,1914,697
107136,.,-3.597923,30.001545,.,19.5,21.1,18.1,2.9,1148,0,5232,255,776,1892,720
107137,.,-3.28706,29.80442,.,20,21.5,18.9,2.6,1165,0,5403,208,897,1944,751
107138,.,-3.601924,29.964565,.,19.5,21.1,18.1,3,1147,0,5242,252,783,1899,729
107139,.,-3.264755,29.653011,.,18.9,20.4,17.8,2.5,1257,0,5009,323,627,1845,612
107140,.,-3.244248,29.693026,.,19,20.4,17.9,2.5,1235,0,5032,316,641,1857,623
107141,.,-3.278448,29.635258,.,18.7,20.2,17.6,2.6,1269,0,4928,354,578,1833,600
107142,.,-3.243829,29.605595,.,18.5,20.1,17.4,2.7,1275,0,4857,382,539,1829,598
107143,.,-3.25749,29.795467,.,20,21.5,18.9,2.6,1173,0,5414,206,905,1945,744
107144,.,-3.277377,29.643995,.,18.8,20.3,17.7,2.6,1265,0,4971,338,603,1838,604
107145,.,-3.213591,29.735764,.,19.2,20.6,18,2.6,1224,0,5110,291,692,1881,643
107146,.,-3.215586,29.687666,.,18.9,20.4,17.8,2.5,1237,0,5018,321,633,1856,620
107147,.,-3.199352,29.73777,.,19.3,20.7,18.1,2.6,1220,0,5140,281,712,1889,651
107148,.,-3.205123,29.66231,.,19,20.4,17.9,2.5,1247,0,5032,315,641,1856,620
107149,.,-3.549075,29.93421,.,19.9,21.6,18.5,3.1,1157,0,5374,217,877,1937,746
107150,.,-3.207865,29.75053,.,19.3,20.7,18.1,2.7,1213,0,5142,281,713,1890,656
107151,.,-3.206939,29.912445,.,20.3,21.8,18.9,2.8,1139,0,5511,184,978,1952,778
107152,.,-3.249532,29.778584,.,19.8,21.3,18.7,2.6,1185,0,5336,225,848,1929,718
107153,.,-3.114137,29.66123,.,18.9,20.4,17.8,2.6,1241,0,5018,320,631,1855,622
107154,.,-3.226804,29.582998,.,18,19.7,16.7,2.9,1283,0,4691,459,454,1801,573
107155,.,-3.193324,29.744558,.,19.3,20.8,18.1,2.7,1215,0,5152,277,720,1893,656
107156,.,-3.429218,29.684086,.,18.4,19.9,17.2,2.7,1253,0,4832,396,527,1827,604
107157,.,-3.248353,29.870592,.,20.2,21.7,19,2.7,1142,0,5489,188,960,1955,781
107158,.,-3.358897,29.923357,.,20,21.5,18.8,2.7,1135,0,5405,207,898,1928,759
107159,.,-3.246224,29.846898,.,20.2,21.7,19.1,2.5,1147,0,5485,189,957,1955,778
107160,.,-3.471602,29.707308,.,18.5,20,17.3,2.7,1242,0,4866,382,547,1838,620
107161,.,-3.118963,29.68286,.,19.4,20.8,18.3,2.5,1228,0,5177,268,735,1888,649
107162,.,-3.280374,29.660496,.,18.9,20.4,17.9,2.5,1254,0,5028,317,639,1851,616
107163,.,-3.563303,29.972795,.,19.5,21.2,18,3.1,1145,0,5238,254,781,1896,723
107164,.,-3.341281,29.686391,.,18.9,20.3,17.8,2.5,1239,0,5004,327,625,1851,627
107165,.,-3.266778,29.867527,.,20.2,21.6,19,2.6,1141,0,5460,194,938,1950,778
107166,.,-3.23995,29.988249,.,20.3,21.7,19.1,2.6,1119,0,5507,182,972,1935,776
107167,.,-3.212052,29.668068,.,18.9,20.3,17.8,2.5,1245,0,5012,322,628,1852,618
107168,.,-3.236154,29.717421,.,19,20.4,17.9,2.6,1232,0,5048,311,652,1864,628
107169,.,-3.255448,29.795206,.,20,21.5,18.9,2.6,1174,0,5409,207,901,1943,742
107170,.,-3.232788,29.973675,.,20.2,21.6,18.9,2.6,1123,0,5460,193,937,1927,766
107171,.,-3.281362,29.664577,.,19,20.4,17.9,2.5,1251,0,5042,312,647,1854,619
107172,.,-3.309952,29.679853,.,19,20.4,18,2.4,1241,0,5043,312,648,1856,625
107173,.,-3.249469,29.778633,.,19.8,21.3,18.7,2.6,1185,0,5336,225,848,1929,718
107174,.,-3.47843,29.731216,.,18.6,20.1,17.4,2.7,1225,0,4907,365,569,1849,636
107175,.,-3.318182,29.684263,.,19,20.4,17.9,2.5,1238,0,5045,311,649,1856,628
107176,.,-3.328836,29.683964,.,18.9,20.3,17.8,2.5,1240,0,5022,320,635,1853,626
107177,.,-3.211352,29.726452,.,19.1,20.6,18,2.6,1228,0,5099,294,684,1879,638
107178,.,-3.263402,29.650112,.,18.9,20.3,17.8,2.5,1259,0,4997,328,619,1843,610
107179,.,-3.205123,29.66231,.,19,20.4,17.9,2.5,1247,0,5032,315,641,1856,620
107180,.,-3.08683,29.621336,.,18.5,20.1,17.4,2.7,1266,0,4884,370,552,1839,604
107181,.,-3.17286,29.749119,.,19.4,20.9,18.3,2.7,1209,0,5208,260,757,1903,669
107182,.,-3.211047,29.791492,.,19.7,21.2,18.5,2.7,1184,0,5280,240,808,1917,705
107183,.,-3.235431,29.819714,.,20.2,21.7,19.1,2.6,1163,0,5467,193,944,1953,761
107184,.,-3.233315,29.872274,.,20.3,21.8,19.1,2.7,1143,0,5509,184,976,1957,782
107185,.,-3.114137,29.66123,.,18.9,20.4,17.8,2.6,1241,0,5018,320,631,1855,622
107186,.,-3.206376,29.756475,.,19.3,20.8,18.1,2.7,1210,0,5151,278,719,1892,660
107187,.,-3.249606,29.778519,.,19.8,21.3,18.7,2.6,1185,0,5336,225,849,1929,718
107188,.,-3.231415,29.818075,.,20.2,21.7,19.1,2.6,1165,0,5466,194,944,1953,759
107189,.,-3.193737,29.708559,.,19.3,20.7,18.1,2.6,1229,0,5140,281,711,1885,643
107190,.,-3.265037,29.646547,.,18.8,20.3,17.8,2.5,1261,0,4989,331,614,1840,607
107191,.,-3.403029,29.678766,.,18.5,20,17.4,2.6,1254,0,4860,383,542,1832,610
107192,.,-3.443884,29.734692,.,18.7,20.2,17.5,2.7,1216,0,4951,348,596,1859,646
107193,.,-3.215079,29.790949,.,19.7,21.2,18.5,2.7,1185,0,5287,238,813,1918,706
107194,.,-3.218107,29.740967,.,19.2,20.6,18,2.6,1221,0,5112,290,693,1882,646
107195,.,-3.610543,29.999517,.,19.5,21.1,18.1,2.9,1151,0,5237,253,779,1894,719
107196,.,-3.365252,29.753315,.,19,20.5,17.9,2.6,1196,0,5058,308,659,1875,666
107197,.,-3.518176,29.735125,.,18.9,20.3,17.8,2.6,1218,0,5003,327,624,1868,655
107198,.,-3.247241,29.986065,.,20.2,21.6,19,2.6,1120,0,5468,191,943,1928,769
107199,.,-3.257394,29.849981,.,20.2,21.6,19.1,2.5,1146,0,5466,193,942,1952,776
107200,.,-3.236289,29.868328,.,20.3,21.7,19.1,2.6,1143,0,5507,184,974,1957,783
107201,.,-3.114137,29.66123,.,18.9,20.4,17.8,2.6,1241,0,5018,320,631,1855,622
107202,.,-3.407819,29.737803,.,18.8,20.3,17.6,2.7,1212,0,4982,336,613,1861,648
107203,.,-3.293604,29.613852,.,18.2,19.8,17.1,2.7,1282,0,4764,423,489,1810,582
107204,.,-3.227795,29.963348,.,20.1,21.6,18.9,2.7,1126,0,5454,195,933,1926,763
107205,.,-3.471878,29.709499,.,18.5,20,17.3,2.7,1240,0,4869,381,548,1839,622
107206,.,-3.219876,29.777838,.,19.5,21,18.3,2.7,1194,0,5222,256,768,1906,684
107207,.,-3.255564,29.735432,.,19.3,20.8,18.2,2.5,1221,0,5155,276,722,1888,650
107208,.,-3.47687,29.713167,.,18.5,20,17.3,2.7,1238,0,4872,380,550,1840,624
107209,.,-3.251537,29.849041,.,20.2,21.6,19.1,2.5,1146,0,5477,190,951,1954,778
107210,.,-3.128664,29.750462,.,19.8,21.3,18.7,2.6,1197,0,5329,227,842,1924,701
107211,.,-3.323296,29.636768,.,18.4,19.9,17.3,2.6,1279,0,4821,398,519,1819,587
107212,.,-3.228793,29.831375,.,20.2,21.7,19.1,2.6,1157,0,5489,188,960,1956,770
107213,.,-3.299007,29.803085,.,19.9,21.4,18.8,2.6,1164,0,5367,217,870,1937,745
107214,.,-3.280844,29.810862,.,20.1,21.5,19,2.6,1163,0,5425,203,913,1948,756
107215,.,-3.350392,29.597528,.,17.6,19.3,16.4,2.9,1311,0,4556,527,391,1774,548
107216,.,-3.483802,29.709461,.,18.5,20,17.3,2.7,1242,0,4868,381,548,1839,622
107217,.,-3.269248,29.795528,.,20.1,21.6,19,2.6,1171,0,5442,200,926,1951,753
107218,.,-3.597923,30.001545,.,19.5,21.1,18.1,2.9,1148,0,5232,255,776,1892,720
107219,.,-3.07016,29.604189,.,18.4,20,17.3,2.8,1275,0,4849,385,534,1838,602
107220,.,-3.239627,29.962818,.,20.1,21.5,18.8,2.7,1126,0,5428,201,914,1922,759
107221,.,-3.541911,29.936436,.,19.9,21.6,18.5,3.1,1157,0,5380,216,882,1938,747
107222,.,-3.127527,29.751554,.,19.8,21.3,18.7,2.6,1196,0,5331,226,844,1924,703
107223,.,-3.077597,29.606256,.,18.4,20,17.3,2.8,1276,0,4839,389,528,1837,600
107224,.,-3.246452,29.856419,.,20.2,21.7,19.1,2.6,1143,0,5491,187,961,1956,782
107225,.,-3.20438,29.784288,.,19.5,21,18.3,2.7,1190,0,5230,254,773,1908,690
107226,.,-3.253985,29.575876,.,17.9,19.6,16.6,3,1290,0,4648,481,434,1786,561
107227,.,-3.118963,29.68286,.,19.4,20.8,18.3,2.5,1228,0,5177,268,735,1888,649
107228,.,-3.099688,29.617538,.,18.4,19.9,17.2,2.7,1274,0,4821,397,518,1831,596
107229,.,-3.11271,29.683455,.,19.4,20.8,18.3,2.5,1227,0,5172,270,732,1887,649
107230,.,-3.2559,29.56163,.,17.7,19.4,16.2,3.1,1298,0,4568,525,399,1768,545
107231,.,-3.356179,29.914742,.,20,21.6,18.8,2.8,1136,0,5417,205,907,1934,764
107232,.,-3.278295,29.809124,.,20.1,21.5,19,2.6,1164,0,5431,202,917,1949,757
107233,.,-3.597923,30.001545,.,19.5,21.1,18.1,2.9,1148,0,5232,255,776,1892,720
107234,.,-3.253628,29.839428,.,20.2,21.6,19.1,2.5,1151,0,5468,192,945,1953,772
107235,.,-3.248366,29.870554,.,20.2,21.7,19,2.7,1142,0,5489,188,960,1955,781
107236,.,-3.273869,29.661787,.,19,20.5,18,2.5,1252,0,5049,310,652,1854,619
107237,.,-3.260533,29.727461,.,19.2,20.7,18.2,2.5,1227,0,5133,283,707,1882,641
107238,.,-3.191763,29.719017,.,19.3,20.8,18.2,2.6,1226,0,5151,277,719,1890,647
107239,.,-3.288832,29.813589,.,20,21.5,18.9,2.6,1162,0,5405,208,898,1944,754
107240,.,-3.240307,29.980513,.,20.1,21.6,18.9,2.6,1121,0,5451,195,930,1925,766
107241,.,-3.199578,29.879042,.,20.3,21.8,19.1,2.7,1143,0,5522,181,985,1961,785
107242,.,-3.113519,29.658459,.,18.9,20.3,17.7,2.6,1243,0,4998,327,619,1851,618
107243,.,-3.129508,29.750881,.,19.8,21.3,18.7,2.6,1197,0,5327,227,841,1924,701
107244,.,-3.601924,29.964565,.,19.5,21.1,18.1,3,1147,0,5242,252,783,1899,729
107245,.,-3.282952,29.65872,.,18.9,20.4,17.9,2.5,1256,0,5015,322,631,1848,614
107246,.,-3.246254,29.846682,.,20.2,21.7,19.1,2.5,1147,0,5485,189,957,1955,778
107247,.,-3.479094,29.707779,.,18.5,20,17.3,2.7,1242,0,4866,382,547,1838,621
107248,.,-3.498721,29.757553,.,19.3,20.7,18.2,2.6,1185,0,5140,282,713,1897,699
107249,.,-3.453321,29.716751,.,18.5,20.1,17.4,2.7,1233,0,4886,374,558,1843,626
107250,.,-3.299267,29.773584,.,19.8,21.3,18.7,2.6,1174,0,5343,224,853,1933,733
107251,.,-3.278724,29.809351,.,20.1,21.5,19,2.6,1164,0,5430,202,917,1949,756
107252,.,-3.210779,29.790344,.,19.6,21.1,18.5,2.7,1185,0,5274,242,803,1916,703
107253,.,-3.170921,29.739712,.,19.5,21,18.3,2.6,1214,0,5218,257,764,1905,667
107254,.,-3.507284,29.740395,.,18.9,20.4,17.8,2.6,1210,0,5023,321,637,1872,662
107255,.,-3.260363,29.568256,.,17.7,19.4,16.4,3.1,1296,0,4598,508,412,1774,550
107256,.,-3.155221,29.728012,.,19.6,21.1,18.5,2.6,1218,0,5274,241,803,1914,674
107257,.,-3.195256,29.711491,.,19.2,20.7,18.1,2.6,1229,0,5136,282,708,1885,642
107258,.,-3.07008,29.603951,.,18.4,20,17.3,2.8,1275,0,4846,386,532,1838,601
107259,.,-3.211175,29.79364,.,19.7,21.2,18.5,2.7,1183,0,5292,237,816,1919,709
107260,.,-3.26062,29.725822,.,19.2,20.7,18.2,2.5,1227,0,5132,284,706,1881,641
107261,.,-3.34216,29.680422,.,18.8,20.3,17.7,2.6,1244,0,4983,334,612,1847,622
107262,.,-3.195396,29.770578,.,19.3,20.8,18,2.8,1202,0,5158,276,724,1895,669
107263,.,-3.444643,29.735332,.,18.7,20.2,17.6,2.7,1215,0,4955,347,598,1860,647
107264,.,-3.273745,29.634241,.,18.7,20.2,17.6,2.6,1268,0,4938,350,584,1834,601
107265,.,-3.435014,29.728966,.,18.7,20.2,17.5,2.7,1223,0,4925,359,580,1853,636
107266,.,-3.244248,29.693026,.,19,20.4,17.9,2.5,1235,0,5032,316,641,1857,623
107267,.,-3.341281,29.686391,.,18.9,20.3,17.8,2.5,1239,0,5004,327,625,1851,627
107268,.,-3.282785,29.678457,.,19.1,20.6,18.1,2.5,1241,0,5094,295,681,1865,630
107269,.,-3.226596,29.611031,.,18.5,20.1,17.4,2.7,1271,0,4874,375,548,1833,602
107270,.,-3.249556,29.778536,.,19.8,21.3,18.7,2.6,1185,0,5336,225,848,1929,718
107271,.,-3.556792,29.941919,.,19.9,21.5,18.4,3.1,1155,0,5355,222,863,1930,741
107272,.,-3.557808,29.938187,.,19.9,21.5,18.5,3.1,1156,0,5367,219,872,1934,743
107273,.,-3.069982,29.607035,.,18.5,20.1,17.3,2.7,1272,0,4865,378,542,1840,604
107274,.,-3.496135,29.750206,.,19.1,20.6,18,2.6,1196,0,5081,301,675,1885,681
107275,.,-3.447227,29.739393,.,18.8,20.3,17.6,2.7,1210,0,4980,338,613,1865,654
107276,.,-3.597923,30.001545,.,19.5,21.1,18.1,2.9,1148,0,5232,255,776,1892,720
107277,.,-3.292854,29.615622,.,18.2,19.8,17.1,2.7,1281,0,4777,417,495,1812,583
107278,.,-3.440448,29.729113,.,18.6,20.1,17.4,2.7,1223,0,4919,361,577,1852,636
107279,.,-3.095407,29.61694,.,18.4,20,17.2,2.7,1273,0,4834,391,525,1833,598
107280,.,-3.223177,29.775534,.,19.5,21,18.3,2.7,1196,0,5213,259,761,1904,681
107281,.,-3.240198,29.984461,.,20.2,21.6,19,2.6,1120,0,5479,188,951,1930,771
107282,.,-3.221903,29.593702,.,18.2,19.8,17,2.8,1279,0,4754,428,484,1814,584
107283,.,-3.304313,29.813602,.,19.9,21.3,18.8,2.6,1160,0,5363,218,867,1936,748
107284,.,-3.37948,29.68128,.,18.6,20.1,17.5,2.6,1248,0,4916,360,573,1840,618
107285,.,-3.595321,29.958796,.,19.6,21.2,18.2,3,1148,0,5264,246,799,1905,731
107286,.,-3.274995,29.63895,.,18.7,20.2,17.7,2.6,1266,0,4955,343,594,1836,603
107287,.,-3.235238,29.617777,.,18.6,20.1,17.5,2.6,1268,0,4888,369,555,1833,602
107288,.,-3.413328,29.732788,.,18.8,20.3,17.6,2.7,1217,0,4966,342,604,1858,643
107289,.,-3.100262,29.614315,.,18.3,19.9,17.2,2.8,1277,0,4806,403,510,1830,594
107290,.,-3.266712,29.70303,.,19.3,20.7,18.2,2.5,1231,0,5139,281,711,1878,639
107291,.,-3.470027,29.73354,.,18.7,20.2,17.5,2.7,1220,0,4930,356,583,1854,641
107292,.,-3.22748,29.58342,.,18,19.7,16.8,2.9,1283,0,4699,455,457,1802,574
107293,.,-3.521143,29.742287,.,19,20.5,17.9,2.5,1207,0,5057,308,658,1879,669
107294,.,-3.118963,29.68286,.,19.4,20.8,18.3,2.5,1228,0,5177,268,735,1888,649
107295,.,-3.205123,29.66231,.,19,20.4,17.9,2.5,1247,0,5032,315,641,1856,620
107296,.,-3.21578,29.736057,.,19.2,20.6,18,2.6,1224,0,5106,292,689,1880,643
107297,.,-3.348861,29.804983,.,19.6,21.1,18.4,2.6,1155,0,5255,247,790,1919,737
107298,.,-3.424457,29.696474,.,18.5,20,17.3,2.7,1243,0,4872,379,549,1836,615
107299,.,-3.287195,29.769121,.,19.9,21.4,18.8,2.6,1179,0,5372,217,874,1938,734
107300,.,-3.222781,29.915569,.,20.2,21.6,18.8,2.8,1140,0,5466,193,944,1940,765
107301,.,-3.201908,29.787998,.,19.5,21.1,18.3,2.7,1188,0,5242,251,782,1910,695
107302,.,-3.440593,29.722969,.,18.6,20.1,17.4,2.7,1227,0,4905,367,568,1848,631
107303,.,-3.24112,29.953011,.,20,21.5,18.7,2.8,1129,0,5417,204,906,1921,755
107304,.,-3.289889,29.820665,.,20,21.5,18.9,2.5,1158,0,5412,206,903,1945,758
107305,.,-3.493887,29.744823,.,19,20.5,17.9,2.6,1204,0,5037,316,647,1876,668
107306,.,-3.311408,29.676567,.,18.9,20.3,17.9,2.4,1244,0,5025,318,637,1853,622
107307,.,-3.557877,29.938173,.,19.9,21.5,18.5,3.1,1156,0,5367,219,872,1934,743
107308,.,-3.553545,29.965216,.,19.7,21.3,18.2,3.1,1149,0,5279,242,810,1906,727
107309,.,-3.378367,29.683506,.,18.7,20.1,17.5,2.6,1245,0,4928,356,580,1842,621
107310,.,-3.453913,29.730307,.,18.6,20.1,17.4,2.7,1223,0,4917,362,575,1851,636
107311,.,-3.23416,29.830069,.,20.2,21.7,19.1,2.6,1157,0,5483,190,956,1955,769
107312,.,-3.236141,29.953234,.,20.1,21.5,18.7,2.8,1129,0,5423,203,910,1922,756
107313,.,-3.391841,29.68989,.,18.7,20.1,17.6,2.6,1240,0,4931,355,582,1844,625
107314,.,-3.225699,29.722868,.,19,20.4,17.8,2.6,1232,0,5050,310,653,1866,629
107315,.,-3.322441,29.636431,.,18.4,19.9,17.3,2.6,1279,0,4820,398,518,1818,587
107316,.,-3.209943,29.709314,.,19.1,20.5,18,2.6,1232,0,5078,300,671,1872,633
107317,.,-3.341281,29.686391,.,18.9,20.3,17.8,2.5,1239,0,5004,327,625,1851,627
107318,.,-3.503506,29.770983,.,19.5,21,18.5,2.5,1166,0,5243,251,783,1919,733
107319,.,-3.072146,29.616995,.,18.6,20.1,17.5,2.6,1264,0,4914,358,569,1844,609
107320,.,-3.471416,29.708666,.,18.5,20,17.3,2.7,1241,0,4868,381,548,1838,621
107321,.,-3.165319,29.741858,.,19.5,21,18.4,2.6,1212,0,5236,252,777,1907,672
107322,.,-3.559269,29.964695,.,19.6,21.3,18.2,3.1,1148,0,5273,244,805,1905,728
107323,.,-3.492449,29.754747,.,19.2,20.7,18.1,2.6,1189,0,5112,291,695,1891,691
107324,.,-3.416044,29.731428,.,18.8,20.2,17.6,2.7,1219,0,4959,345,600,1857,641
107325,.,-3.288338,29.821054,.,20,21.5,18.9,2.5,1158,0,5415,205,905,1945,758
107326,.,-3.323196,29.627308,.,18.2,19.8,17.1,2.7,1285,0,4759,425,486,1809,579
107327,.,-3.503255,29.770468,.,19.5,21,18.5,2.5,1166,0,5240,252,781,1918,732
107328,.,-3.442788,29.720171,.,18.6,20.1,17.4,2.7,1230,0,4897,369,564,1846,629
107329,.,-3.069752,29.606064,.,18.5,20.1,17.3,2.7,1273,0,4861,380,540,1839,603
107330,.,-3.225303,29.723211,.,19,20.4,17.8,2.6,1232,0,5052,310,655,1867,629
107331,.,-3.290967,29.618317,.,18.3,19.9,17.2,2.7,1279,0,4799,407,507,1815,586
107332,.,-3.280434,29.699084,.,19.3,20.7,18.3,2.5,1231,0,5145,279,715,1878,641
107333,.,-3.244248,29.693026,.,19,20.4,17.9,2.5,1235,0,5032,316,641,1857,623
107334,.,-3.55901,29.944593,.,19.8,21.5,18.4,3.1,1154,0,5344,224,855,1927,739
107335,.,-3.194228,29.712086,.,19.3,20.7,18.1,2.6,1229,0,5140,281,711,1886,643
107336,.,-3.266053,29.656803,.,18.9,20.4,17.9,2.5,1255,0,5025,318,637,1849,615
107337,.,-3.257041,29.576885,.,17.9,19.6,16.6,3,1290,0,4655,478,437,1787,561
107338,.,-3.214257,29.73893,.,19.2,20.6,18,2.6,1222,0,5114,289,695,1882,646
107339,.,-3.235338,29.604828,.,18.5,20.1,17.4,2.7,1274,0,4866,379,543,1832,600
107340,.,-3.520052,29.734289,.,18.9,20.3,17.8,2.6,1219,0,5000,328,623,1867,654
107341,.,-3.203129,29.878298,.,20.3,21.8,19.1,2.7,1143,0,5519,182,984,1961,785
107342,.,-3.214206,29.787327,.,19.6,21.1,18.4,2.7,1187,0,5265,244,797,1914,699
107343,.,-3.294322,29.618088,.,18.3,19.9,17.2,2.7,1281,0,4784,414,499,1813,584
107344,.,-3.357441,29.924055,.,20,21.5,18.8,2.7,1135,0,5402,208,895,1927,758
107345,.,-3.270833,29.655928,.,19,20.4,17.9,2.5,1256,0,5034,315,642,1850,615
107346,.,-3.184963,29.742794,.,19.3,20.8,18.2,2.7,1215,0,5169,272,731,1897,659
107347,.,-3.286627,29.770567,.,19.9,21.4,18.8,2.6,1177,0,5380,214,881,1940,737
107348,.,-3.27885,29.801346,.,20.1,21.5,19,2.6,1167,0,5425,203,913,1948,753
107349,.,-3.476799,29.713154,.,18.5,20,17.3,2.7,1238,0,4872,380,550,1840,624
107350,.,-3.35079,29.746916,.,19.1,20.6,18,2.6,1200,0,5097,295,684,1882,668
